# https://github.com/mikedh/trimesh
v -0.31250000 -0.28750000 -0.61250000
v -0.31250000 -0.28750000 -0.58750000
v -0.31250000 -0.26250000 -0.61250000
v -0.31250000 -0.26250000 -0.58750000
v -0.28750000 -0.28750000 -0.61250000
v -0.28750000 -0.28750000 -0.58750000
v -0.28750000 -0.26250000 -0.61250000
v -0.31250000 -0.28750000 -0.56250000
v -0.31250000 -0.26250000 -0.56250000
v -0.28750000 -0.28750000 -0.56250000
v -0.28750000 -0.26250000 -0.58750000
v -0.28750000 -0.26250000 -0.56250000
v -0.31250000 -0.28750000 -0.53750000
v -0.31250000 -0.26250000 -0.53750000
v -0.28750000 -0.28750000 -0.53750000
v -0.28750000 -0.26250000 -0.53750000
v -0.31250000 -0.28750000 -0.51250000
v -0.31250000 -0.26250000 -0.51250000
v -0.28750000 -0.28750000 -0.51250000
v -0.28750000 -0.26250000 -0.51250000
v -0.31250000 -0.28750000 -0.48750000
v -0.31250000 -0.26250000 -0.48750000
v -0.28750000 -0.28750000 -0.48750000
v -0.28750000 -0.26250000 -0.48750000
v -0.31250000 -0.28750000 -0.46250000
v -0.31250000 -0.26250000 -0.46250000
v -0.28750000 -0.28750000 -0.46250000
v -0.28750000 -0.26250000 -0.46250000
v -0.31250000 -0.28750000 -0.43750000
v -0.31250000 -0.26250000 -0.43750000
v -0.28750000 -0.28750000 -0.43750000
v -0.28750000 -0.26250000 -0.43750000
v -0.31250000 -0.28750000 -0.41250000
v -0.31250000 -0.26250000 -0.41250000
v -0.28750000 -0.28750000 -0.41250000
v -0.28750000 -0.26250000 -0.41250000
v -0.31250000 -0.28750000 -0.38750000
v -0.31250000 -0.26250000 -0.38750000
v -0.28750000 -0.28750000 -0.38750000
v -0.28750000 -0.26250000 -0.38750000
v -0.31250000 -0.28750000 -0.36250000
v -0.31250000 -0.26250000 -0.36250000
v -0.28750000 -0.28750000 -0.36250000
v -0.28750000 -0.26250000 -0.36250000
v -0.31250000 -0.28750000 -0.33750000
v -0.31250000 -0.26250000 -0.33750000
v -0.28750000 -0.28750000 -0.33750000
v -0.28750000 -0.26250000 -0.33750000
v -0.31250000 -0.28750000 -0.31250000
v -0.31250000 -0.26250000 -0.31250000
v -0.28750000 -0.28750000 -0.31250000
v -0.28750000 -0.26250000 -0.31250000
v -0.31250000 -0.28750000 -0.28750000
v -0.31250000 -0.26250000 -0.28750000
v -0.28750000 -0.28750000 -0.28750000
v -0.28750000 -0.26250000 -0.28750000
v -0.31250000 -0.28750000 -0.26250000
v -0.31250000 -0.26250000 -0.26250000
v -0.28750000 -0.28750000 -0.26250000
v -0.28750000 -0.26250000 -0.26250000
v -0.31250000 -0.28750000 -0.23750000
v -0.31250000 -0.26250000 -0.23750000
v -0.28750000 -0.28750000 -0.23750000
v -0.28750000 -0.26250000 -0.23750000
v -0.31250000 -0.28750000 -0.21250000
v -0.31250000 -0.26250000 -0.21250000
v -0.28750000 -0.28750000 -0.21250000
v -0.28750000 -0.26250000 -0.21250000
v -0.31250000 -0.28750000 -0.18750000
v -0.31250000 -0.26250000 -0.18750000
v -0.28750000 -0.28750000 -0.18750000
v -0.28750000 -0.26250000 -0.18750000
v -0.31250000 -0.28750000 -0.16250000
v -0.31250000 -0.26250000 -0.16250000
v -0.28750000 -0.28750000 -0.16250000
v -0.28750000 -0.26250000 -0.16250000
v -0.31250000 -0.28750000 -0.13750000
v -0.31250000 -0.26250000 -0.13750000
v -0.28750000 -0.28750000 -0.13750000
v -0.28750000 -0.26250000 -0.13750000
v -0.31250000 -0.28750000 -0.11250000
v -0.31250000 -0.26250000 -0.11250000
v -0.28750000 -0.28750000 -0.11250000
v -0.28750000 -0.26250000 -0.11250000
v -0.31250000 -0.28750000 -0.08750000
v -0.31250000 -0.26250000 -0.08750000
v -0.28750000 -0.28750000 -0.08750000
v -0.28750000 -0.26250000 -0.08750000
v -0.31250000 -0.28750000 -0.06250000
v -0.31250000 -0.26250000 -0.06250000
v -0.28750000 -0.28750000 -0.06250000
v -0.28750000 -0.26250000 -0.06250000
v -0.31250000 -0.28750000 -0.03750000
v -0.31250000 -0.26250000 -0.03750000
v -0.28750000 -0.28750000 -0.03750000
v -0.28750000 -0.26250000 -0.03750000
v -0.31250000 -0.28750000 -0.01250000
v -0.31250000 -0.26250000 -0.01250000
v -0.28750000 -0.28750000 -0.01250000
v -0.28750000 -0.26250000 -0.01250000
v -0.31250000 -0.28750000 0.01250000
v -0.31250000 -0.26250000 0.01250000
v -0.28750000 -0.28750000 0.01250000
v -0.28750000 -0.26250000 0.01250000
v -0.31250000 -0.28750000 0.03750000
v -0.31250000 -0.26250000 0.03750000
v -0.28750000 -0.28750000 0.03750000
v -0.28750000 -0.26250000 0.03750000
v -0.31250000 -0.28750000 0.06250000
v -0.31250000 -0.26250000 0.06250000
v -0.28750000 -0.28750000 0.06250000
v -0.28750000 -0.26250000 0.06250000
v -0.31250000 -0.28750000 0.08750000
v -0.31250000 -0.26250000 0.08750000
v -0.28750000 -0.28750000 0.08750000
v -0.28750000 -0.26250000 0.08750000
v -0.31250000 -0.28750000 0.11250000
v -0.31250000 -0.26250000 0.11250000
v -0.28750000 -0.28750000 0.11250000
v -0.28750000 -0.26250000 0.11250000
v -0.31250000 -0.28750000 0.13750000
v -0.31250000 -0.26250000 0.13750000
v -0.28750000 -0.28750000 0.13750000
v -0.28750000 -0.26250000 0.13750000
v -0.31250000 -0.28750000 0.16250000
v -0.31250000 -0.26250000 0.16250000
v -0.28750000 -0.28750000 0.16250000
v -0.28750000 -0.26250000 0.16250000
v -0.31250000 -0.28750000 0.18750000
v -0.31250000 -0.26250000 0.18750000
v -0.28750000 -0.28750000 0.18750000
v -0.28750000 -0.26250000 0.18750000
v -0.31250000 -0.28750000 0.21250000
v -0.31250000 -0.26250000 0.21250000
v -0.28750000 -0.28750000 0.21250000
v -0.28750000 -0.26250000 0.21250000
v -0.31250000 -0.28750000 0.23750000
v -0.31250000 -0.26250000 0.23750000
v -0.28750000 -0.28750000 0.23750000
v -0.28750000 -0.26250000 0.23750000
v -0.31250000 -0.28750000 0.26250000
v -0.31250000 -0.26250000 0.26250000
v -0.28750000 -0.28750000 0.26250000
v -0.28750000 -0.26250000 0.26250000
v -0.31250000 -0.28750000 0.28750000
v -0.31250000 -0.26250000 0.28750000
v -0.28750000 -0.28750000 0.28750000
v -0.28750000 -0.26250000 0.28750000
v -0.31250000 -0.28750000 0.31250000
v -0.31250000 -0.26250000 0.31250000
v -0.28750000 -0.28750000 0.31250000
v -0.28750000 -0.26250000 0.31250000
v -0.31250000 -0.28750000 0.33750000
v -0.31250000 -0.26250000 0.33750000
v -0.28750000 -0.28750000 0.33750000
v -0.28750000 -0.26250000 0.33750000
v -0.31250000 -0.28750000 0.36250000
v -0.31250000 -0.26250000 0.36250000
v -0.28750000 -0.28750000 0.36250000
v -0.28750000 -0.26250000 0.36250000
v -0.31250000 -0.28750000 0.38750000
v -0.31250000 -0.26250000 0.38750000
v -0.28750000 -0.28750000 0.38750000
v -0.28750000 -0.26250000 0.38750000
v -0.31250000 -0.28750000 0.41250000
v -0.31250000 -0.26250000 0.41250000
v -0.28750000 -0.28750000 0.41250000
v -0.28750000 -0.26250000 0.41250000
v -0.31250000 -0.28750000 0.43750000
v -0.31250000 -0.26250000 0.43750000
v -0.28750000 -0.28750000 0.43750000
v -0.28750000 -0.26250000 0.43750000
v -0.31250000 -0.28750000 0.46250000
v -0.31250000 -0.26250000 0.46250000
v -0.28750000 -0.28750000 0.46250000
v -0.28750000 -0.26250000 0.46250000
v -0.31250000 -0.28750000 0.48750000
v -0.31250000 -0.26250000 0.48750000
v -0.28750000 -0.28750000 0.48750000
v -0.28750000 -0.26250000 0.48750000
v -0.31250000 -0.28750000 0.51250000
v -0.31250000 -0.26250000 0.51250000
v -0.28750000 -0.28750000 0.51250000
v -0.28750000 -0.26250000 0.51250000
v -0.31250000 -0.28750000 0.53750000
v -0.31250000 -0.26250000 0.53750000
v -0.28750000 -0.28750000 0.53750000
v -0.28750000 -0.26250000 0.53750000
v -0.31250000 -0.28750000 0.56250000
v -0.31250000 -0.26250000 0.56250000
v -0.28750000 -0.28750000 0.56250000
v -0.28750000 -0.26250000 0.56250000
v -0.31250000 -0.28750000 0.58750000
v -0.31250000 -0.26250000 0.58750000
v -0.28750000 -0.28750000 0.58750000
v -0.28750000 -0.26250000 0.58750000
v -0.31250000 -0.28750000 0.61250000
v -0.31250000 -0.26250000 0.61250000
v -0.28750000 -0.28750000 0.61250000
v -0.28750000 -0.26250000 0.61250000
v -0.31250000 -0.23750000 -0.61250000
v -0.31250000 -0.23750000 -0.58750000
v -0.28750000 -0.23750000 -0.61250000
v -0.31250000 -0.23750000 -0.56250000
v -0.28750000 -0.23750000 -0.58750000
v -0.28750000 -0.23750000 -0.56250000
v -0.31250000 -0.23750000 -0.53750000
v -0.28750000 -0.23750000 -0.53750000
v -0.31250000 -0.23750000 -0.51250000
v -0.28750000 -0.23750000 -0.51250000
v -0.31250000 -0.23750000 -0.48750000
v -0.28750000 -0.23750000 -0.48750000
v -0.31250000 -0.23750000 -0.46250000
v -0.28750000 -0.23750000 -0.46250000
v -0.31250000 -0.23750000 -0.43750000
v -0.28750000 -0.23750000 -0.43750000
v -0.31250000 -0.23750000 -0.41250000
v -0.28750000 -0.23750000 -0.41250000
v -0.31250000 -0.23750000 -0.38750000
v -0.28750000 -0.23750000 -0.38750000
v -0.31250000 -0.23750000 -0.36250000
v -0.28750000 -0.23750000 -0.36250000
v -0.31250000 -0.23750000 -0.33750000
v -0.28750000 -0.23750000 -0.33750000
v -0.31250000 -0.23750000 -0.31250000
v -0.28750000 -0.23750000 -0.31250000
v -0.31250000 -0.23750000 -0.28750000
v -0.28750000 -0.23750000 -0.28750000
v -0.31250000 -0.23750000 -0.26250000
v -0.28750000 -0.23750000 -0.26250000
v -0.31250000 -0.23750000 -0.23750000
v -0.28750000 -0.23750000 -0.23750000
v -0.31250000 -0.23750000 -0.21250000
v -0.28750000 -0.23750000 -0.21250000
v -0.31250000 -0.23750000 -0.18750000
v -0.28750000 -0.23750000 -0.18750000
v -0.31250000 -0.23750000 -0.16250000
v -0.28750000 -0.23750000 -0.16250000
v -0.31250000 -0.23750000 -0.13750000
v -0.28750000 -0.23750000 -0.13750000
v -0.31250000 -0.23750000 -0.11250000
v -0.28750000 -0.23750000 -0.11250000
v -0.31250000 -0.23750000 -0.08750000
v -0.28750000 -0.23750000 -0.08750000
v -0.31250000 -0.23750000 -0.06250000
v -0.28750000 -0.23750000 -0.06250000
v -0.31250000 -0.23750000 -0.03750000
v -0.28750000 -0.23750000 -0.03750000
v -0.31250000 -0.23750000 -0.01250000
v -0.28750000 -0.23750000 -0.01250000
v -0.31250000 -0.23750000 0.01250000
v -0.28750000 -0.23750000 0.01250000
v -0.31250000 -0.23750000 0.03750000
v -0.28750000 -0.23750000 0.03750000
v -0.31250000 -0.23750000 0.06250000
v -0.28750000 -0.23750000 0.06250000
v -0.31250000 -0.23750000 0.08750000
v -0.28750000 -0.23750000 0.08750000
v -0.31250000 -0.23750000 0.11250000
v -0.28750000 -0.23750000 0.11250000
v -0.31250000 -0.23750000 0.13750000
v -0.28750000 -0.23750000 0.13750000
v -0.31250000 -0.23750000 0.16250000
v -0.28750000 -0.23750000 0.16250000
v -0.31250000 -0.23750000 0.18750000
v -0.28750000 -0.23750000 0.18750000
v -0.31250000 -0.23750000 0.21250000
v -0.28750000 -0.23750000 0.21250000
v -0.31250000 -0.23750000 0.23750000
v -0.28750000 -0.23750000 0.23750000
v -0.31250000 -0.23750000 0.26250000
v -0.28750000 -0.23750000 0.26250000
v -0.31250000 -0.23750000 0.28750000
v -0.28750000 -0.23750000 0.28750000
v -0.31250000 -0.23750000 0.31250000
v -0.28750000 -0.23750000 0.31250000
v -0.31250000 -0.23750000 0.33750000
v -0.28750000 -0.23750000 0.33750000
v -0.31250000 -0.23750000 0.36250000
v -0.28750000 -0.23750000 0.36250000
v -0.31250000 -0.23750000 0.38750000
v -0.28750000 -0.23750000 0.38750000
v -0.31250000 -0.23750000 0.41250000
v -0.28750000 -0.23750000 0.41250000
v -0.31250000 -0.23750000 0.43750000
v -0.28750000 -0.23750000 0.43750000
v -0.31250000 -0.23750000 0.46250000
v -0.28750000 -0.23750000 0.46250000
v -0.31250000 -0.23750000 0.48750000
v -0.28750000 -0.23750000 0.48750000
v -0.31250000 -0.23750000 0.51250000
v -0.28750000 -0.23750000 0.51250000
v -0.31250000 -0.23750000 0.53750000
v -0.28750000 -0.23750000 0.53750000
v -0.31250000 -0.23750000 0.56250000
v -0.28750000 -0.23750000 0.56250000
v -0.31250000 -0.23750000 0.58750000
v -0.28750000 -0.23750000 0.58750000
v -0.31250000 -0.23750000 0.61250000
v -0.28750000 -0.23750000 0.61250000
v -0.31250000 -0.21250000 -0.61250000
v -0.31250000 -0.21250000 -0.58750000
v -0.28750000 -0.21250000 -0.61250000
v -0.31250000 -0.21250000 -0.56250000
v -0.28750000 -0.21250000 -0.58750000
v -0.28750000 -0.21250000 -0.56250000
v -0.31250000 -0.21250000 -0.53750000
v -0.28750000 -0.21250000 -0.53750000
v -0.31250000 -0.21250000 -0.51250000
v -0.28750000 -0.21250000 -0.51250000
v -0.31250000 -0.21250000 -0.48750000
v -0.28750000 -0.21250000 -0.48750000
v -0.31250000 -0.21250000 -0.46250000
v -0.28750000 -0.21250000 -0.46250000
v -0.31250000 -0.21250000 -0.43750000
v -0.28750000 -0.21250000 -0.43750000
v -0.31250000 -0.21250000 -0.41250000
v -0.28750000 -0.21250000 -0.41250000
v -0.31250000 -0.21250000 -0.38750000
v -0.28750000 -0.21250000 -0.38750000
v -0.31250000 -0.21250000 -0.36250000
v -0.28750000 -0.21250000 -0.36250000
v -0.31250000 -0.21250000 -0.33750000
v -0.28750000 -0.21250000 -0.33750000
v -0.31250000 -0.21250000 -0.31250000
v -0.28750000 -0.21250000 -0.31250000
v -0.31250000 -0.21250000 -0.28750000
v -0.28750000 -0.21250000 -0.28750000
v -0.31250000 -0.21250000 -0.26250000
v -0.28750000 -0.21250000 -0.26250000
v -0.31250000 -0.21250000 -0.23750000
v -0.28750000 -0.21250000 -0.23750000
v -0.31250000 -0.21250000 -0.21250000
v -0.28750000 -0.21250000 -0.21250000
v -0.31250000 -0.21250000 -0.18750000
v -0.28750000 -0.21250000 -0.18750000
v -0.31250000 -0.21250000 -0.16250000
v -0.28750000 -0.21250000 -0.16250000
v -0.31250000 -0.21250000 -0.13750000
v -0.28750000 -0.21250000 -0.13750000
v -0.31250000 -0.21250000 -0.11250000
v -0.28750000 -0.21250000 -0.11250000
v -0.31250000 -0.21250000 -0.08750000
v -0.28750000 -0.21250000 -0.08750000
v -0.31250000 -0.21250000 -0.06250000
v -0.28750000 -0.21250000 -0.06250000
v -0.31250000 -0.21250000 -0.03750000
v -0.28750000 -0.21250000 -0.03750000
v -0.31250000 -0.21250000 -0.01250000
v -0.28750000 -0.21250000 -0.01250000
v -0.31250000 -0.21250000 0.01250000
v -0.28750000 -0.21250000 0.01250000
v -0.31250000 -0.21250000 0.03750000
v -0.28750000 -0.21250000 0.03750000
v -0.31250000 -0.21250000 0.06250000
v -0.28750000 -0.21250000 0.06250000
v -0.31250000 -0.21250000 0.08750000
v -0.28750000 -0.21250000 0.08750000
v -0.31250000 -0.21250000 0.11250000
v -0.28750000 -0.21250000 0.11250000
v -0.31250000 -0.21250000 0.13750000
v -0.28750000 -0.21250000 0.13750000
v -0.31250000 -0.21250000 0.16250000
v -0.28750000 -0.21250000 0.16250000
v -0.31250000 -0.21250000 0.18750000
v -0.28750000 -0.21250000 0.18750000
v -0.31250000 -0.21250000 0.21250000
v -0.28750000 -0.21250000 0.21250000
v -0.31250000 -0.21250000 0.23750000
v -0.28750000 -0.21250000 0.23750000
v -0.31250000 -0.21250000 0.26250000
v -0.28750000 -0.21250000 0.26250000
v -0.31250000 -0.21250000 0.28750000
v -0.28750000 -0.21250000 0.28750000
v -0.31250000 -0.21250000 0.31250000
v -0.28750000 -0.21250000 0.31250000
v -0.31250000 -0.21250000 0.33750000
v -0.28750000 -0.21250000 0.33750000
v -0.31250000 -0.21250000 0.36250000
v -0.28750000 -0.21250000 0.36250000
v -0.31250000 -0.21250000 0.38750000
v -0.28750000 -0.21250000 0.38750000
v -0.31250000 -0.21250000 0.41250000
v -0.28750000 -0.21250000 0.41250000
v -0.31250000 -0.21250000 0.43750000
v -0.28750000 -0.21250000 0.43750000
v -0.31250000 -0.21250000 0.46250000
v -0.28750000 -0.21250000 0.46250000
v -0.31250000 -0.21250000 0.48750000
v -0.28750000 -0.21250000 0.48750000
v -0.31250000 -0.21250000 0.51250000
v -0.28750000 -0.21250000 0.51250000
v -0.31250000 -0.21250000 0.53750000
v -0.28750000 -0.21250000 0.53750000
v -0.31250000 -0.21250000 0.56250000
v -0.28750000 -0.21250000 0.56250000
v -0.31250000 -0.21250000 0.58750000
v -0.28750000 -0.21250000 0.58750000
v -0.31250000 -0.21250000 0.61250000
v -0.28750000 -0.21250000 0.61250000
v -0.31250000 -0.18750000 -0.61250000
v -0.31250000 -0.18750000 -0.58750000
v -0.28750000 -0.18750000 -0.61250000
v -0.31250000 -0.18750000 -0.56250000
v -0.28750000 -0.18750000 -0.58750000
v -0.28750000 -0.18750000 -0.56250000
v -0.31250000 -0.18750000 -0.53750000
v -0.28750000 -0.18750000 -0.53750000
v -0.31250000 -0.18750000 -0.51250000
v -0.28750000 -0.18750000 -0.51250000
v -0.31250000 -0.18750000 -0.48750000
v -0.28750000 -0.18750000 -0.48750000
v -0.31250000 -0.18750000 -0.46250000
v -0.28750000 -0.18750000 -0.46250000
v -0.31250000 -0.18750000 -0.43750000
v -0.28750000 -0.18750000 -0.43750000
v -0.31250000 -0.18750000 -0.41250000
v -0.28750000 -0.18750000 -0.41250000
v -0.31250000 -0.18750000 -0.38750000
v -0.28750000 -0.18750000 -0.38750000
v -0.31250000 -0.18750000 -0.36250000
v -0.28750000 -0.18750000 -0.36250000
v -0.31250000 -0.18750000 -0.33750000
v -0.28750000 -0.18750000 -0.33750000
v -0.31250000 -0.18750000 -0.31250000
v -0.28750000 -0.18750000 -0.31250000
v -0.31250000 -0.18750000 -0.28750000
v -0.28750000 -0.18750000 -0.28750000
v -0.31250000 -0.18750000 -0.26250000
v -0.28750000 -0.18750000 -0.26250000
v -0.31250000 -0.18750000 -0.23750000
v -0.28750000 -0.18750000 -0.23750000
v -0.31250000 -0.18750000 -0.21250000
v -0.28750000 -0.18750000 -0.21250000
v -0.31250000 -0.18750000 -0.18750000
v -0.28750000 -0.18750000 -0.18750000
v -0.31250000 -0.18750000 -0.16250000
v -0.28750000 -0.18750000 -0.16250000
v -0.31250000 -0.18750000 -0.13750000
v -0.28750000 -0.18750000 -0.13750000
v -0.31250000 -0.18750000 -0.11250000
v -0.28750000 -0.18750000 -0.11250000
v -0.31250000 -0.18750000 -0.08750000
v -0.28750000 -0.18750000 -0.08750000
v -0.31250000 -0.18750000 -0.06250000
v -0.28750000 -0.18750000 -0.06250000
v -0.31250000 -0.18750000 -0.03750000
v -0.28750000 -0.18750000 -0.03750000
v -0.31250000 -0.18750000 -0.01250000
v -0.28750000 -0.18750000 -0.01250000
v -0.31250000 -0.18750000 0.01250000
v -0.28750000 -0.18750000 0.01250000
v -0.31250000 -0.18750000 0.03750000
v -0.28750000 -0.18750000 0.03750000
v -0.31250000 -0.18750000 0.06250000
v -0.28750000 -0.18750000 0.06250000
v -0.31250000 -0.18750000 0.08750000
v -0.28750000 -0.18750000 0.08750000
v -0.31250000 -0.18750000 0.11250000
v -0.28750000 -0.18750000 0.11250000
v -0.31250000 -0.18750000 0.13750000
v -0.28750000 -0.18750000 0.13750000
v -0.31250000 -0.18750000 0.16250000
v -0.28750000 -0.18750000 0.16250000
v -0.31250000 -0.18750000 0.18750000
v -0.28750000 -0.18750000 0.18750000
v -0.31250000 -0.18750000 0.21250000
v -0.28750000 -0.18750000 0.21250000
v -0.31250000 -0.18750000 0.23750000
v -0.28750000 -0.18750000 0.23750000
v -0.31250000 -0.18750000 0.26250000
v -0.28750000 -0.18750000 0.26250000
v -0.31250000 -0.18750000 0.28750000
v -0.28750000 -0.18750000 0.28750000
v -0.31250000 -0.18750000 0.31250000
v -0.28750000 -0.18750000 0.31250000
v -0.31250000 -0.18750000 0.33750000
v -0.28750000 -0.18750000 0.33750000
v -0.31250000 -0.18750000 0.36250000
v -0.28750000 -0.18750000 0.36250000
v -0.31250000 -0.18750000 0.38750000
v -0.28750000 -0.18750000 0.38750000
v -0.31250000 -0.18750000 0.41250000
v -0.28750000 -0.18750000 0.41250000
v -0.31250000 -0.18750000 0.43750000
v -0.28750000 -0.18750000 0.43750000
v -0.31250000 -0.18750000 0.46250000
v -0.28750000 -0.18750000 0.46250000
v -0.31250000 -0.18750000 0.48750000
v -0.28750000 -0.18750000 0.48750000
v -0.31250000 -0.18750000 0.51250000
v -0.28750000 -0.18750000 0.51250000
v -0.31250000 -0.18750000 0.53750000
v -0.28750000 -0.18750000 0.53750000
v -0.31250000 -0.18750000 0.56250000
v -0.28750000 -0.18750000 0.56250000
v -0.31250000 -0.18750000 0.58750000
v -0.28750000 -0.18750000 0.58750000
v -0.31250000 -0.18750000 0.61250000
v -0.28750000 -0.18750000 0.61250000
v -0.31250000 -0.16250000 -0.61250000
v -0.31250000 -0.16250000 -0.58750000
v -0.28750000 -0.16250000 -0.61250000
v -0.31250000 -0.16250000 -0.56250000
v -0.28750000 -0.16250000 -0.58750000
v -0.28750000 -0.16250000 -0.56250000
v -0.31250000 -0.16250000 -0.53750000
v -0.28750000 -0.16250000 -0.53750000
v -0.31250000 -0.16250000 -0.51250000
v -0.28750000 -0.16250000 -0.51250000
v -0.31250000 -0.16250000 -0.48750000
v -0.28750000 -0.16250000 -0.48750000
v -0.31250000 -0.16250000 -0.46250000
v -0.28750000 -0.16250000 -0.46250000
v -0.31250000 -0.16250000 -0.43750000
v -0.28750000 -0.16250000 -0.43750000
v -0.31250000 -0.16250000 -0.41250000
v -0.28750000 -0.16250000 -0.41250000
v -0.31250000 -0.16250000 -0.38750000
v -0.28750000 -0.16250000 -0.38750000
v -0.31250000 -0.16250000 -0.36250000
v -0.28750000 -0.16250000 -0.36250000
v -0.31250000 -0.16250000 -0.33750000
v -0.28750000 -0.16250000 -0.33750000
v -0.31250000 -0.16250000 -0.31250000
v -0.28750000 -0.16250000 -0.31250000
v -0.31250000 -0.16250000 -0.28750000
v -0.28750000 -0.16250000 -0.28750000
v -0.31250000 -0.16250000 -0.26250000
v -0.28750000 -0.16250000 -0.26250000
v -0.31250000 -0.16250000 -0.23750000
v -0.28750000 -0.16250000 -0.23750000
v -0.31250000 -0.16250000 -0.21250000
v -0.28750000 -0.16250000 -0.21250000
v -0.31250000 -0.16250000 -0.18750000
v -0.28750000 -0.16250000 -0.18750000
v -0.31250000 -0.16250000 -0.16250000
v -0.28750000 -0.16250000 -0.16250000
v -0.31250000 -0.16250000 -0.13750000
v -0.28750000 -0.16250000 -0.13750000
v -0.31250000 -0.16250000 -0.11250000
v -0.28750000 -0.16250000 -0.11250000
v -0.31250000 -0.16250000 -0.08750000
v -0.28750000 -0.16250000 -0.08750000
v -0.31250000 -0.16250000 -0.06250000
v -0.28750000 -0.16250000 -0.06250000
v -0.31250000 -0.16250000 -0.03750000
v -0.28750000 -0.16250000 -0.03750000
v -0.31250000 -0.16250000 -0.01250000
v -0.28750000 -0.16250000 -0.01250000
v -0.31250000 -0.16250000 0.01250000
v -0.28750000 -0.16250000 0.01250000
v -0.31250000 -0.16250000 0.03750000
v -0.28750000 -0.16250000 0.03750000
v -0.31250000 -0.16250000 0.06250000
v -0.28750000 -0.16250000 0.06250000
v -0.31250000 -0.16250000 0.08750000
v -0.28750000 -0.16250000 0.08750000
v -0.31250000 -0.16250000 0.11250000
v -0.28750000 -0.16250000 0.11250000
v -0.31250000 -0.16250000 0.13750000
v -0.28750000 -0.16250000 0.13750000
v -0.31250000 -0.16250000 0.16250000
v -0.28750000 -0.16250000 0.16250000
v -0.31250000 -0.16250000 0.18750000
v -0.28750000 -0.16250000 0.18750000
v -0.31250000 -0.16250000 0.21250000
v -0.28750000 -0.16250000 0.21250000
v -0.31250000 -0.16250000 0.23750000
v -0.28750000 -0.16250000 0.23750000
v -0.31250000 -0.16250000 0.26250000
v -0.28750000 -0.16250000 0.26250000
v -0.31250000 -0.16250000 0.28750000
v -0.28750000 -0.16250000 0.28750000
v -0.31250000 -0.16250000 0.31250000
v -0.28750000 -0.16250000 0.31250000
v -0.31250000 -0.16250000 0.33750000
v -0.28750000 -0.16250000 0.33750000
v -0.31250000 -0.16250000 0.36250000
v -0.28750000 -0.16250000 0.36250000
v -0.31250000 -0.16250000 0.38750000
v -0.28750000 -0.16250000 0.38750000
v -0.31250000 -0.16250000 0.41250000
v -0.28750000 -0.16250000 0.41250000
v -0.31250000 -0.16250000 0.43750000
v -0.28750000 -0.16250000 0.43750000
v -0.31250000 -0.16250000 0.46250000
v -0.28750000 -0.16250000 0.46250000
v -0.31250000 -0.16250000 0.48750000
v -0.28750000 -0.16250000 0.48750000
v -0.31250000 -0.16250000 0.51250000
v -0.28750000 -0.16250000 0.51250000
v -0.31250000 -0.16250000 0.53750000
v -0.28750000 -0.16250000 0.53750000
v -0.31250000 -0.16250000 0.56250000
v -0.28750000 -0.16250000 0.56250000
v -0.31250000 -0.16250000 0.58750000
v -0.28750000 -0.16250000 0.58750000
v -0.31250000 -0.16250000 0.61250000
v -0.28750000 -0.16250000 0.61250000
v -0.31250000 -0.13750000 -0.61250000
v -0.31250000 -0.13750000 -0.58750000
v -0.28750000 -0.13750000 -0.61250000
v -0.31250000 -0.13750000 -0.56250000
v -0.28750000 -0.13750000 -0.58750000
v -0.28750000 -0.13750000 -0.56250000
v -0.31250000 -0.13750000 -0.53750000
v -0.28750000 -0.13750000 -0.53750000
v -0.31250000 -0.13750000 -0.51250000
v -0.28750000 -0.13750000 -0.51250000
v -0.31250000 -0.13750000 -0.48750000
v -0.28750000 -0.13750000 -0.48750000
v -0.31250000 -0.13750000 -0.46250000
v -0.28750000 -0.13750000 -0.46250000
v -0.31250000 -0.13750000 -0.43750000
v -0.28750000 -0.13750000 -0.43750000
v -0.31250000 -0.13750000 -0.41250000
v -0.28750000 -0.13750000 -0.41250000
v -0.31250000 -0.13750000 -0.38750000
v -0.28750000 -0.13750000 -0.38750000
v -0.31250000 -0.13750000 -0.36250000
v -0.28750000 -0.13750000 -0.36250000
v -0.31250000 -0.13750000 -0.33750000
v -0.28750000 -0.13750000 -0.33750000
v -0.31250000 -0.13750000 -0.31250000
v -0.28750000 -0.13750000 -0.31250000
v -0.31250000 -0.13750000 -0.28750000
v -0.28750000 -0.13750000 -0.28750000
v -0.31250000 -0.13750000 -0.26250000
v -0.28750000 -0.13750000 -0.26250000
v -0.31250000 -0.13750000 -0.23750000
v -0.28750000 -0.13750000 -0.23750000
v -0.31250000 -0.13750000 -0.21250000
v -0.28750000 -0.13750000 -0.21250000
v -0.31250000 -0.13750000 -0.18750000
v -0.28750000 -0.13750000 -0.18750000
v -0.31250000 -0.13750000 -0.16250000
v -0.28750000 -0.13750000 -0.16250000
v -0.31250000 -0.13750000 -0.13750000
v -0.28750000 -0.13750000 -0.13750000
v -0.31250000 -0.13750000 -0.11250000
v -0.28750000 -0.13750000 -0.11250000
v -0.31250000 -0.13750000 -0.08750000
v -0.28750000 -0.13750000 -0.08750000
v -0.31250000 -0.13750000 -0.06250000
v -0.28750000 -0.13750000 -0.06250000
v -0.31250000 -0.13750000 -0.03750000
v -0.28750000 -0.13750000 -0.03750000
v -0.31250000 -0.13750000 -0.01250000
v -0.28750000 -0.13750000 -0.01250000
v -0.31250000 -0.13750000 0.01250000
v -0.28750000 -0.13750000 0.01250000
v -0.31250000 -0.13750000 0.03750000
v -0.28750000 -0.13750000 0.03750000
v -0.31250000 -0.13750000 0.06250000
v -0.28750000 -0.13750000 0.06250000
v -0.31250000 -0.13750000 0.08750000
v -0.28750000 -0.13750000 0.08750000
v -0.31250000 -0.13750000 0.11250000
v -0.28750000 -0.13750000 0.11250000
v -0.31250000 -0.13750000 0.13750000
v -0.28750000 -0.13750000 0.13750000
v -0.31250000 -0.13750000 0.16250000
v -0.28750000 -0.13750000 0.16250000
v -0.31250000 -0.13750000 0.18750000
v -0.28750000 -0.13750000 0.18750000
v -0.31250000 -0.13750000 0.21250000
v -0.28750000 -0.13750000 0.21250000
v -0.31250000 -0.13750000 0.23750000
v -0.28750000 -0.13750000 0.23750000
v -0.31250000 -0.13750000 0.26250000
v -0.28750000 -0.13750000 0.26250000
v -0.31250000 -0.13750000 0.28750000
v -0.28750000 -0.13750000 0.28750000
v -0.31250000 -0.13750000 0.31250000
v -0.28750000 -0.13750000 0.31250000
v -0.31250000 -0.13750000 0.33750000
v -0.28750000 -0.13750000 0.33750000
v -0.31250000 -0.13750000 0.36250000
v -0.28750000 -0.13750000 0.36250000
v -0.31250000 -0.13750000 0.38750000
v -0.28750000 -0.13750000 0.38750000
v -0.31250000 -0.13750000 0.41250000
v -0.28750000 -0.13750000 0.41250000
v -0.31250000 -0.13750000 0.43750000
v -0.28750000 -0.13750000 0.43750000
v -0.31250000 -0.13750000 0.46250000
v -0.28750000 -0.13750000 0.46250000
v -0.31250000 -0.13750000 0.48750000
v -0.28750000 -0.13750000 0.48750000
v -0.31250000 -0.13750000 0.51250000
v -0.28750000 -0.13750000 0.51250000
v -0.31250000 -0.13750000 0.53750000
v -0.28750000 -0.13750000 0.53750000
v -0.31250000 -0.13750000 0.56250000
v -0.28750000 -0.13750000 0.56250000
v -0.31250000 -0.13750000 0.58750000
v -0.28750000 -0.13750000 0.58750000
v -0.31250000 -0.13750000 0.61250000
v -0.28750000 -0.13750000 0.61250000
v -0.31250000 -0.11250000 -0.61250000
v -0.31250000 -0.11250000 -0.58750000
v -0.28750000 -0.11250000 -0.61250000
v -0.31250000 -0.11250000 -0.56250000
v -0.28750000 -0.11250000 -0.58750000
v -0.28750000 -0.11250000 -0.56250000
v -0.31250000 -0.11250000 -0.53750000
v -0.28750000 -0.11250000 -0.53750000
v -0.31250000 -0.11250000 -0.51250000
v -0.28750000 -0.11250000 -0.51250000
v -0.31250000 -0.11250000 -0.48750000
v -0.28750000 -0.11250000 -0.48750000
v -0.31250000 -0.11250000 -0.46250000
v -0.28750000 -0.11250000 -0.46250000
v -0.31250000 -0.11250000 -0.43750000
v -0.28750000 -0.11250000 -0.43750000
v -0.31250000 -0.11250000 -0.41250000
v -0.28750000 -0.11250000 -0.41250000
v -0.31250000 -0.11250000 -0.38750000
v -0.28750000 -0.11250000 -0.38750000
v -0.31250000 -0.11250000 -0.36250000
v -0.28750000 -0.11250000 -0.36250000
v -0.31250000 -0.11250000 -0.33750000
v -0.28750000 -0.11250000 -0.33750000
v -0.31250000 -0.11250000 -0.31250000
v -0.28750000 -0.11250000 -0.31250000
v -0.31250000 -0.11250000 -0.28750000
v -0.28750000 -0.11250000 -0.28750000
v -0.31250000 -0.11250000 -0.26250000
v -0.28750000 -0.11250000 -0.26250000
v -0.31250000 -0.11250000 -0.23750000
v -0.28750000 -0.11250000 -0.23750000
v -0.31250000 -0.11250000 -0.21250000
v -0.28750000 -0.11250000 -0.21250000
v -0.31250000 -0.11250000 -0.18750000
v -0.28750000 -0.11250000 -0.18750000
v -0.31250000 -0.11250000 -0.16250000
v -0.28750000 -0.11250000 -0.16250000
v -0.31250000 -0.11250000 -0.13750000
v -0.28750000 -0.11250000 -0.13750000
v -0.31250000 -0.11250000 -0.11250000
v -0.28750000 -0.11250000 -0.11250000
v -0.31250000 -0.11250000 -0.08750000
v -0.28750000 -0.11250000 -0.08750000
v -0.31250000 -0.11250000 -0.06250000
v -0.28750000 -0.11250000 -0.06250000
v -0.31250000 -0.11250000 -0.03750000
v -0.28750000 -0.11250000 -0.03750000
v -0.31250000 -0.11250000 -0.01250000
v -0.28750000 -0.11250000 -0.01250000
v -0.31250000 -0.11250000 0.01250000
v -0.28750000 -0.11250000 0.01250000
v -0.31250000 -0.11250000 0.03750000
v -0.28750000 -0.11250000 0.03750000
v -0.31250000 -0.11250000 0.06250000
v -0.28750000 -0.11250000 0.06250000
v -0.31250000 -0.11250000 0.08750000
v -0.28750000 -0.11250000 0.08750000
v -0.31250000 -0.11250000 0.11250000
v -0.28750000 -0.11250000 0.11250000
v -0.31250000 -0.11250000 0.13750000
v -0.28750000 -0.11250000 0.13750000
v -0.31250000 -0.11250000 0.16250000
v -0.28750000 -0.11250000 0.16250000
v -0.31250000 -0.11250000 0.18750000
v -0.28750000 -0.11250000 0.18750000
v -0.31250000 -0.11250000 0.21250000
v -0.28750000 -0.11250000 0.21250000
v -0.31250000 -0.11250000 0.23750000
v -0.28750000 -0.11250000 0.23750000
v -0.31250000 -0.11250000 0.26250000
v -0.28750000 -0.11250000 0.26250000
v -0.31250000 -0.11250000 0.28750000
v -0.28750000 -0.11250000 0.28750000
v -0.31250000 -0.11250000 0.31250000
v -0.28750000 -0.11250000 0.31250000
v -0.31250000 -0.11250000 0.33750000
v -0.28750000 -0.11250000 0.33750000
v -0.31250000 -0.11250000 0.36250000
v -0.28750000 -0.11250000 0.36250000
v -0.31250000 -0.11250000 0.38750000
v -0.28750000 -0.11250000 0.38750000
v -0.31250000 -0.11250000 0.41250000
v -0.28750000 -0.11250000 0.41250000
v -0.31250000 -0.11250000 0.43750000
v -0.28750000 -0.11250000 0.43750000
v -0.31250000 -0.11250000 0.46250000
v -0.28750000 -0.11250000 0.46250000
v -0.31250000 -0.11250000 0.48750000
v -0.28750000 -0.11250000 0.48750000
v -0.31250000 -0.11250000 0.51250000
v -0.28750000 -0.11250000 0.51250000
v -0.31250000 -0.11250000 0.53750000
v -0.28750000 -0.11250000 0.53750000
v -0.31250000 -0.11250000 0.56250000
v -0.28750000 -0.11250000 0.56250000
v -0.31250000 -0.11250000 0.58750000
v -0.28750000 -0.11250000 0.58750000
v -0.31250000 -0.11250000 0.61250000
v -0.28750000 -0.11250000 0.61250000
v -0.31250000 -0.08750000 -0.61250000
v -0.31250000 -0.08750000 -0.58750000
v -0.28750000 -0.08750000 -0.61250000
v -0.31250000 -0.08750000 -0.56250000
v -0.28750000 -0.08750000 -0.58750000
v -0.28750000 -0.08750000 -0.56250000
v -0.31250000 -0.08750000 -0.53750000
v -0.28750000 -0.08750000 -0.53750000
v -0.31250000 -0.08750000 -0.51250000
v -0.28750000 -0.08750000 -0.51250000
v -0.31250000 -0.08750000 -0.48750000
v -0.28750000 -0.08750000 -0.48750000
v -0.31250000 -0.08750000 -0.46250000
v -0.28750000 -0.08750000 -0.46250000
v -0.31250000 -0.08750000 -0.43750000
v -0.28750000 -0.08750000 -0.43750000
v -0.31250000 -0.08750000 -0.41250000
v -0.28750000 -0.08750000 -0.41250000
v -0.31250000 -0.08750000 -0.38750000
v -0.28750000 -0.08750000 -0.38750000
v -0.31250000 -0.08750000 -0.36250000
v -0.28750000 -0.08750000 -0.36250000
v -0.31250000 -0.08750000 -0.33750000
v -0.28750000 -0.08750000 -0.33750000
v -0.31250000 -0.08750000 -0.31250000
v -0.28750000 -0.08750000 -0.31250000
v -0.31250000 -0.08750000 -0.28750000
v -0.28750000 -0.08750000 -0.28750000
v -0.31250000 -0.08750000 -0.26250000
v -0.28750000 -0.08750000 -0.26250000
v -0.31250000 -0.08750000 -0.23750000
v -0.28750000 -0.08750000 -0.23750000
v -0.31250000 -0.08750000 -0.21250000
v -0.28750000 -0.08750000 -0.21250000
v -0.31250000 -0.08750000 -0.18750000
v -0.28750000 -0.08750000 -0.18750000
v -0.31250000 -0.08750000 -0.16250000
v -0.28750000 -0.08750000 -0.16250000
v -0.31250000 -0.08750000 -0.13750000
v -0.28750000 -0.08750000 -0.13750000
v -0.31250000 -0.08750000 -0.11250000
v -0.28750000 -0.08750000 -0.11250000
v -0.31250000 -0.08750000 -0.08750000
v -0.28750000 -0.08750000 -0.08750000
v -0.31250000 -0.08750000 -0.06250000
v -0.28750000 -0.08750000 -0.06250000
v -0.31250000 -0.08750000 -0.03750000
v -0.28750000 -0.08750000 -0.03750000
v -0.31250000 -0.08750000 -0.01250000
v -0.28750000 -0.08750000 -0.01250000
v -0.31250000 -0.08750000 0.01250000
v -0.28750000 -0.08750000 0.01250000
v -0.31250000 -0.08750000 0.03750000
v -0.28750000 -0.08750000 0.03750000
v -0.31250000 -0.08750000 0.06250000
v -0.28750000 -0.08750000 0.06250000
v -0.31250000 -0.08750000 0.08750000
v -0.28750000 -0.08750000 0.08750000
v -0.31250000 -0.08750000 0.11250000
v -0.28750000 -0.08750000 0.11250000
v -0.31250000 -0.08750000 0.13750000
v -0.28750000 -0.08750000 0.13750000
v -0.31250000 -0.08750000 0.16250000
v -0.28750000 -0.08750000 0.16250000
v -0.31250000 -0.08750000 0.18750000
v -0.28750000 -0.08750000 0.18750000
v -0.31250000 -0.08750000 0.21250000
v -0.28750000 -0.08750000 0.21250000
v -0.31250000 -0.08750000 0.23750000
v -0.28750000 -0.08750000 0.23750000
v -0.31250000 -0.08750000 0.26250000
v -0.28750000 -0.08750000 0.26250000
v -0.31250000 -0.08750000 0.28750000
v -0.28750000 -0.08750000 0.28750000
v -0.31250000 -0.08750000 0.31250000
v -0.28750000 -0.08750000 0.31250000
v -0.31250000 -0.08750000 0.33750000
v -0.28750000 -0.08750000 0.33750000
v -0.31250000 -0.08750000 0.36250000
v -0.28750000 -0.08750000 0.36250000
v -0.31250000 -0.08750000 0.38750000
v -0.28750000 -0.08750000 0.38750000
v -0.31250000 -0.08750000 0.41250000
v -0.28750000 -0.08750000 0.41250000
v -0.31250000 -0.08750000 0.43750000
v -0.28750000 -0.08750000 0.43750000
v -0.31250000 -0.08750000 0.46250000
v -0.28750000 -0.08750000 0.46250000
v -0.31250000 -0.08750000 0.48750000
v -0.28750000 -0.08750000 0.48750000
v -0.31250000 -0.08750000 0.51250000
v -0.28750000 -0.08750000 0.51250000
v -0.31250000 -0.08750000 0.53750000
v -0.28750000 -0.08750000 0.53750000
v -0.31250000 -0.08750000 0.56250000
v -0.28750000 -0.08750000 0.56250000
v -0.31250000 -0.08750000 0.58750000
v -0.28750000 -0.08750000 0.58750000
v -0.31250000 -0.08750000 0.61250000
v -0.28750000 -0.08750000 0.61250000
v -0.31250000 -0.06250000 -0.61250000
v -0.31250000 -0.06250000 -0.58750000
v -0.28750000 -0.06250000 -0.61250000
v -0.31250000 -0.06250000 -0.56250000
v -0.28750000 -0.06250000 -0.58750000
v -0.28750000 -0.06250000 -0.56250000
v -0.31250000 -0.06250000 -0.53750000
v -0.28750000 -0.06250000 -0.53750000
v -0.31250000 -0.06250000 -0.51250000
v -0.28750000 -0.06250000 -0.51250000
v -0.31250000 -0.06250000 -0.48750000
v -0.28750000 -0.06250000 -0.48750000
v -0.31250000 -0.06250000 -0.46250000
v -0.28750000 -0.06250000 -0.46250000
v -0.31250000 -0.06250000 -0.43750000
v -0.28750000 -0.06250000 -0.43750000
v -0.31250000 -0.06250000 -0.41250000
v -0.28750000 -0.06250000 -0.41250000
v -0.31250000 -0.06250000 -0.38750000
v -0.28750000 -0.06250000 -0.38750000
v -0.31250000 -0.06250000 -0.36250000
v -0.28750000 -0.06250000 -0.36250000
v -0.31250000 -0.06250000 -0.33750000
v -0.28750000 -0.06250000 -0.33750000
v -0.31250000 -0.06250000 -0.31250000
v -0.28750000 -0.06250000 -0.31250000
v -0.31250000 -0.06250000 -0.28750000
v -0.28750000 -0.06250000 -0.28750000
v -0.31250000 -0.06250000 -0.26250000
v -0.28750000 -0.06250000 -0.26250000
v -0.31250000 -0.06250000 -0.23750000
v -0.28750000 -0.06250000 -0.23750000
v -0.31250000 -0.06250000 -0.21250000
v -0.28750000 -0.06250000 -0.21250000
v -0.31250000 -0.06250000 -0.18750000
v -0.28750000 -0.06250000 -0.18750000
v -0.31250000 -0.06250000 -0.16250000
v -0.28750000 -0.06250000 -0.16250000
v -0.31250000 -0.06250000 -0.13750000
v -0.28750000 -0.06250000 -0.13750000
v -0.31250000 -0.06250000 -0.11250000
v -0.28750000 -0.06250000 -0.11250000
v -0.31250000 -0.06250000 -0.08750000
v -0.28750000 -0.06250000 -0.08750000
v -0.31250000 -0.06250000 -0.06250000
v -0.28750000 -0.06250000 -0.06250000
v -0.31250000 -0.06250000 -0.03750000
v -0.28750000 -0.06250000 -0.03750000
v -0.31250000 -0.06250000 -0.01250000
v -0.28750000 -0.06250000 -0.01250000
v -0.31250000 -0.06250000 0.01250000
v -0.28750000 -0.06250000 0.01250000
v -0.31250000 -0.06250000 0.03750000
v -0.28750000 -0.06250000 0.03750000
v -0.31250000 -0.06250000 0.06250000
v -0.28750000 -0.06250000 0.06250000
v -0.31250000 -0.06250000 0.08750000
v -0.28750000 -0.06250000 0.08750000
v -0.31250000 -0.06250000 0.11250000
v -0.28750000 -0.06250000 0.11250000
v -0.31250000 -0.06250000 0.13750000
v -0.28750000 -0.06250000 0.13750000
v -0.31250000 -0.06250000 0.16250000
v -0.28750000 -0.06250000 0.16250000
v -0.31250000 -0.06250000 0.18750000
v -0.28750000 -0.06250000 0.18750000
v -0.31250000 -0.06250000 0.21250000
v -0.28750000 -0.06250000 0.21250000
v -0.31250000 -0.06250000 0.23750000
v -0.28750000 -0.06250000 0.23750000
v -0.31250000 -0.06250000 0.26250000
v -0.28750000 -0.06250000 0.26250000
v -0.31250000 -0.06250000 0.28750000
v -0.28750000 -0.06250000 0.28750000
v -0.31250000 -0.06250000 0.31250000
v -0.28750000 -0.06250000 0.31250000
v -0.31250000 -0.06250000 0.33750000
v -0.28750000 -0.06250000 0.33750000
v -0.31250000 -0.06250000 0.36250000
v -0.28750000 -0.06250000 0.36250000
v -0.31250000 -0.06250000 0.38750000
v -0.28750000 -0.06250000 0.38750000
v -0.31250000 -0.06250000 0.41250000
v -0.28750000 -0.06250000 0.41250000
v -0.31250000 -0.06250000 0.43750000
v -0.28750000 -0.06250000 0.43750000
v -0.31250000 -0.06250000 0.46250000
v -0.28750000 -0.06250000 0.46250000
v -0.31250000 -0.06250000 0.48750000
v -0.28750000 -0.06250000 0.48750000
v -0.31250000 -0.06250000 0.51250000
v -0.28750000 -0.06250000 0.51250000
v -0.31250000 -0.06250000 0.53750000
v -0.28750000 -0.06250000 0.53750000
v -0.31250000 -0.06250000 0.56250000
v -0.28750000 -0.06250000 0.56250000
v -0.31250000 -0.06250000 0.58750000
v -0.28750000 -0.06250000 0.58750000
v -0.31250000 -0.06250000 0.61250000
v -0.28750000 -0.06250000 0.61250000
v -0.31250000 -0.03750000 -0.61250000
v -0.31250000 -0.03750000 -0.58750000
v -0.28750000 -0.03750000 -0.61250000
v -0.31250000 -0.03750000 -0.56250000
v -0.28750000 -0.03750000 -0.58750000
v -0.28750000 -0.03750000 -0.56250000
v -0.31250000 -0.03750000 -0.53750000
v -0.28750000 -0.03750000 -0.53750000
v -0.31250000 -0.03750000 -0.51250000
v -0.28750000 -0.03750000 -0.51250000
v -0.31250000 -0.03750000 -0.48750000
v -0.28750000 -0.03750000 -0.48750000
v -0.31250000 -0.03750000 -0.46250000
v -0.28750000 -0.03750000 -0.46250000
v -0.31250000 -0.03750000 -0.43750000
v -0.28750000 -0.03750000 -0.43750000
v -0.31250000 -0.03750000 -0.41250000
v -0.28750000 -0.03750000 -0.41250000
v -0.31250000 -0.03750000 -0.38750000
v -0.28750000 -0.03750000 -0.38750000
v -0.31250000 -0.03750000 -0.36250000
v -0.28750000 -0.03750000 -0.36250000
v -0.31250000 -0.03750000 -0.33750000
v -0.28750000 -0.03750000 -0.33750000
v -0.31250000 -0.03750000 -0.31250000
v -0.28750000 -0.03750000 -0.31250000
v -0.31250000 -0.03750000 -0.28750000
v -0.28750000 -0.03750000 -0.28750000
v -0.31250000 -0.03750000 -0.26250000
v -0.28750000 -0.03750000 -0.26250000
v -0.31250000 -0.03750000 -0.23750000
v -0.28750000 -0.03750000 -0.23750000
v -0.31250000 -0.03750000 -0.21250000
v -0.28750000 -0.03750000 -0.21250000
v -0.31250000 -0.03750000 -0.18750000
v -0.28750000 -0.03750000 -0.18750000
v -0.31250000 -0.03750000 -0.16250000
v -0.28750000 -0.03750000 -0.16250000
v -0.31250000 -0.03750000 -0.13750000
v -0.28750000 -0.03750000 -0.13750000
v -0.31250000 -0.03750000 -0.11250000
v -0.28750000 -0.03750000 -0.11250000
v -0.31250000 -0.03750000 -0.08750000
v -0.28750000 -0.03750000 -0.08750000
v -0.31250000 -0.03750000 -0.06250000
v -0.28750000 -0.03750000 -0.06250000
v -0.31250000 -0.03750000 -0.03750000
v -0.28750000 -0.03750000 -0.03750000
v -0.31250000 -0.03750000 -0.01250000
v -0.28750000 -0.03750000 -0.01250000
v -0.31250000 -0.03750000 0.01250000
v -0.28750000 -0.03750000 0.01250000
v -0.31250000 -0.03750000 0.03750000
v -0.28750000 -0.03750000 0.03750000
v -0.31250000 -0.03750000 0.06250000
v -0.28750000 -0.03750000 0.06250000
v -0.31250000 -0.03750000 0.08750000
v -0.28750000 -0.03750000 0.08750000
v -0.31250000 -0.03750000 0.11250000
v -0.28750000 -0.03750000 0.11250000
v -0.31250000 -0.03750000 0.13750000
v -0.28750000 -0.03750000 0.13750000
v -0.31250000 -0.03750000 0.16250000
v -0.28750000 -0.03750000 0.16250000
v -0.31250000 -0.03750000 0.18750000
v -0.28750000 -0.03750000 0.18750000
v -0.31250000 -0.03750000 0.21250000
v -0.28750000 -0.03750000 0.21250000
v -0.31250000 -0.03750000 0.23750000
v -0.28750000 -0.03750000 0.23750000
v -0.31250000 -0.03750000 0.26250000
v -0.28750000 -0.03750000 0.26250000
v -0.31250000 -0.03750000 0.28750000
v -0.28750000 -0.03750000 0.28750000
v -0.31250000 -0.03750000 0.31250000
v -0.28750000 -0.03750000 0.31250000
v -0.31250000 -0.03750000 0.33750000
v -0.28750000 -0.03750000 0.33750000
v -0.31250000 -0.03750000 0.36250000
v -0.28750000 -0.03750000 0.36250000
v -0.31250000 -0.03750000 0.38750000
v -0.28750000 -0.03750000 0.38750000
v -0.31250000 -0.03750000 0.41250000
v -0.28750000 -0.03750000 0.41250000
v -0.31250000 -0.03750000 0.43750000
v -0.28750000 -0.03750000 0.43750000
v -0.31250000 -0.03750000 0.46250000
v -0.28750000 -0.03750000 0.46250000
v -0.31250000 -0.03750000 0.48750000
v -0.28750000 -0.03750000 0.48750000
v -0.31250000 -0.03750000 0.51250000
v -0.28750000 -0.03750000 0.51250000
v -0.31250000 -0.03750000 0.53750000
v -0.28750000 -0.03750000 0.53750000
v -0.31250000 -0.03750000 0.56250000
v -0.28750000 -0.03750000 0.56250000
v -0.31250000 -0.03750000 0.58750000
v -0.28750000 -0.03750000 0.58750000
v -0.31250000 -0.03750000 0.61250000
v -0.28750000 -0.03750000 0.61250000
v -0.31250000 -0.01250000 -0.61250000
v -0.31250000 -0.01250000 -0.58750000
v -0.28750000 -0.01250000 -0.61250000
v -0.31250000 -0.01250000 -0.56250000
v -0.28750000 -0.01250000 -0.58750000
v -0.28750000 -0.01250000 -0.56250000
v -0.31250000 -0.01250000 -0.53750000
v -0.28750000 -0.01250000 -0.53750000
v -0.31250000 -0.01250000 -0.51250000
v -0.28750000 -0.01250000 -0.51250000
v -0.31250000 -0.01250000 -0.48750000
v -0.28750000 -0.01250000 -0.48750000
v -0.31250000 -0.01250000 -0.46250000
v -0.28750000 -0.01250000 -0.46250000
v -0.31250000 -0.01250000 -0.43750000
v -0.28750000 -0.01250000 -0.43750000
v -0.31250000 -0.01250000 -0.41250000
v -0.28750000 -0.01250000 -0.41250000
v -0.31250000 -0.01250000 -0.38750000
v -0.28750000 -0.01250000 -0.38750000
v -0.31250000 -0.01250000 -0.36250000
v -0.28750000 -0.01250000 -0.36250000
v -0.31250000 -0.01250000 -0.33750000
v -0.28750000 -0.01250000 -0.33750000
v -0.31250000 -0.01250000 -0.31250000
v -0.28750000 -0.01250000 -0.31250000
v -0.31250000 -0.01250000 -0.28750000
v -0.28750000 -0.01250000 -0.28750000
v -0.31250000 -0.01250000 -0.26250000
v -0.28750000 -0.01250000 -0.26250000
v -0.31250000 -0.01250000 -0.23750000
v -0.28750000 -0.01250000 -0.23750000
v -0.31250000 -0.01250000 -0.21250000
v -0.28750000 -0.01250000 -0.21250000
v -0.31250000 -0.01250000 -0.18750000
v -0.28750000 -0.01250000 -0.18750000
v -0.31250000 -0.01250000 -0.16250000
v -0.28750000 -0.01250000 -0.16250000
v -0.31250000 -0.01250000 -0.13750000
v -0.28750000 -0.01250000 -0.13750000
v -0.31250000 -0.01250000 -0.11250000
v -0.28750000 -0.01250000 -0.11250000
v -0.31250000 -0.01250000 -0.08750000
v -0.28750000 -0.01250000 -0.08750000
v -0.31250000 -0.01250000 -0.06250000
v -0.28750000 -0.01250000 -0.06250000
v -0.31250000 -0.01250000 -0.03750000
v -0.28750000 -0.01250000 -0.03750000
v -0.31250000 -0.01250000 -0.01250000
v -0.28750000 -0.01250000 -0.01250000
v -0.31250000 -0.01250000 0.01250000
v -0.28750000 -0.01250000 0.01250000
v -0.31250000 -0.01250000 0.03750000
v -0.28750000 -0.01250000 0.03750000
v -0.31250000 -0.01250000 0.06250000
v -0.28750000 -0.01250000 0.06250000
v -0.31250000 -0.01250000 0.08750000
v -0.28750000 -0.01250000 0.08750000
v -0.31250000 -0.01250000 0.11250000
v -0.28750000 -0.01250000 0.11250000
v -0.31250000 -0.01250000 0.13750000
v -0.28750000 -0.01250000 0.13750000
v -0.31250000 -0.01250000 0.16250000
v -0.28750000 -0.01250000 0.16250000
v -0.31250000 -0.01250000 0.18750000
v -0.28750000 -0.01250000 0.18750000
v -0.31250000 -0.01250000 0.21250000
v -0.28750000 -0.01250000 0.21250000
v -0.31250000 -0.01250000 0.23750000
v -0.28750000 -0.01250000 0.23750000
v -0.31250000 -0.01250000 0.26250000
v -0.28750000 -0.01250000 0.26250000
v -0.31250000 -0.01250000 0.28750000
v -0.28750000 -0.01250000 0.28750000
v -0.31250000 -0.01250000 0.31250000
v -0.28750000 -0.01250000 0.31250000
v -0.31250000 -0.01250000 0.33750000
v -0.28750000 -0.01250000 0.33750000
v -0.31250000 -0.01250000 0.36250000
v -0.28750000 -0.01250000 0.36250000
v -0.31250000 -0.01250000 0.38750000
v -0.28750000 -0.01250000 0.38750000
v -0.31250000 -0.01250000 0.41250000
v -0.28750000 -0.01250000 0.41250000
v -0.31250000 -0.01250000 0.43750000
v -0.28750000 -0.01250000 0.43750000
v -0.31250000 -0.01250000 0.46250000
v -0.28750000 -0.01250000 0.46250000
v -0.31250000 -0.01250000 0.48750000
v -0.28750000 -0.01250000 0.48750000
v -0.31250000 -0.01250000 0.51250000
v -0.28750000 -0.01250000 0.51250000
v -0.31250000 -0.01250000 0.53750000
v -0.28750000 -0.01250000 0.53750000
v -0.31250000 -0.01250000 0.56250000
v -0.28750000 -0.01250000 0.56250000
v -0.31250000 -0.01250000 0.58750000
v -0.28750000 -0.01250000 0.58750000
v -0.31250000 -0.01250000 0.61250000
v -0.28750000 -0.01250000 0.61250000
v -0.31250000 0.01250000 -0.61250000
v -0.31250000 0.01250000 -0.58750000
v -0.28750000 0.01250000 -0.61250000
v -0.31250000 0.01250000 -0.56250000
v -0.28750000 0.01250000 -0.58750000
v -0.28750000 0.01250000 -0.56250000
v -0.31250000 0.01250000 -0.53750000
v -0.28750000 0.01250000 -0.53750000
v -0.31250000 0.01250000 -0.51250000
v -0.28750000 0.01250000 -0.51250000
v -0.31250000 0.01250000 -0.48750000
v -0.28750000 0.01250000 -0.48750000
v -0.31250000 0.01250000 -0.46250000
v -0.28750000 0.01250000 -0.46250000
v -0.31250000 0.01250000 -0.43750000
v -0.28750000 0.01250000 -0.43750000
v -0.31250000 0.01250000 -0.41250000
v -0.28750000 0.01250000 -0.41250000
v -0.31250000 0.01250000 -0.38750000
v -0.28750000 0.01250000 -0.38750000
v -0.31250000 0.01250000 -0.36250000
v -0.28750000 0.01250000 -0.36250000
v -0.31250000 0.01250000 -0.33750000
v -0.28750000 0.01250000 -0.33750000
v -0.31250000 0.01250000 -0.31250000
v -0.28750000 0.01250000 -0.31250000
v -0.31250000 0.01250000 -0.28750000
v -0.28750000 0.01250000 -0.28750000
v -0.31250000 0.01250000 -0.26250000
v -0.28750000 0.01250000 -0.26250000
v -0.31250000 0.01250000 -0.23750000
v -0.28750000 0.01250000 -0.23750000
v -0.31250000 0.01250000 -0.21250000
v -0.28750000 0.01250000 -0.21250000
v -0.31250000 0.01250000 -0.18750000
v -0.28750000 0.01250000 -0.18750000
v -0.31250000 0.01250000 -0.16250000
v -0.28750000 0.01250000 -0.16250000
v -0.31250000 0.01250000 -0.13750000
v -0.28750000 0.01250000 -0.13750000
v -0.31250000 0.01250000 -0.11250000
v -0.28750000 0.01250000 -0.11250000
v -0.31250000 0.01250000 -0.08750000
v -0.28750000 0.01250000 -0.08750000
v -0.31250000 0.01250000 -0.06250000
v -0.28750000 0.01250000 -0.06250000
v -0.31250000 0.01250000 -0.03750000
v -0.28750000 0.01250000 -0.03750000
v -0.31250000 0.01250000 -0.01250000
v -0.28750000 0.01250000 -0.01250000
v -0.31250000 0.01250000 0.01250000
v -0.28750000 0.01250000 0.01250000
v -0.31250000 0.01250000 0.03750000
v -0.28750000 0.01250000 0.03750000
v -0.31250000 0.01250000 0.06250000
v -0.28750000 0.01250000 0.06250000
v -0.31250000 0.01250000 0.08750000
v -0.28750000 0.01250000 0.08750000
v -0.31250000 0.01250000 0.11250000
v -0.28750000 0.01250000 0.11250000
v -0.31250000 0.01250000 0.13750000
v -0.28750000 0.01250000 0.13750000
v -0.31250000 0.01250000 0.16250000
v -0.28750000 0.01250000 0.16250000
v -0.31250000 0.01250000 0.18750000
v -0.28750000 0.01250000 0.18750000
v -0.31250000 0.01250000 0.21250000
v -0.28750000 0.01250000 0.21250000
v -0.31250000 0.01250000 0.23750000
v -0.28750000 0.01250000 0.23750000
v -0.31250000 0.01250000 0.26250000
v -0.28750000 0.01250000 0.26250000
v -0.31250000 0.01250000 0.28750000
v -0.28750000 0.01250000 0.28750000
v -0.31250000 0.01250000 0.31250000
v -0.28750000 0.01250000 0.31250000
v -0.31250000 0.01250000 0.33750000
v -0.28750000 0.01250000 0.33750000
v -0.31250000 0.01250000 0.36250000
v -0.28750000 0.01250000 0.36250000
v -0.31250000 0.01250000 0.38750000
v -0.28750000 0.01250000 0.38750000
v -0.31250000 0.01250000 0.41250000
v -0.28750000 0.01250000 0.41250000
v -0.31250000 0.01250000 0.43750000
v -0.28750000 0.01250000 0.43750000
v -0.31250000 0.01250000 0.46250000
v -0.28750000 0.01250000 0.46250000
v -0.31250000 0.01250000 0.48750000
v -0.28750000 0.01250000 0.48750000
v -0.31250000 0.01250000 0.51250000
v -0.28750000 0.01250000 0.51250000
v -0.31250000 0.01250000 0.53750000
v -0.28750000 0.01250000 0.53750000
v -0.31250000 0.01250000 0.56250000
v -0.28750000 0.01250000 0.56250000
v -0.31250000 0.01250000 0.58750000
v -0.28750000 0.01250000 0.58750000
v -0.31250000 0.01250000 0.61250000
v -0.28750000 0.01250000 0.61250000
v -0.31250000 0.03750000 -0.61250000
v -0.31250000 0.03750000 -0.58750000
v -0.28750000 0.03750000 -0.61250000
v -0.31250000 0.03750000 -0.56250000
v -0.28750000 0.03750000 -0.58750000
v -0.28750000 0.03750000 -0.56250000
v -0.31250000 0.03750000 -0.53750000
v -0.28750000 0.03750000 -0.53750000
v -0.31250000 0.03750000 -0.51250000
v -0.28750000 0.03750000 -0.51250000
v -0.31250000 0.03750000 -0.48750000
v -0.28750000 0.03750000 -0.48750000
v -0.31250000 0.03750000 -0.46250000
v -0.28750000 0.03750000 -0.46250000
v -0.31250000 0.03750000 -0.43750000
v -0.28750000 0.03750000 -0.43750000
v -0.31250000 0.03750000 -0.41250000
v -0.28750000 0.03750000 -0.41250000
v -0.31250000 0.03750000 -0.38750000
v -0.28750000 0.03750000 -0.38750000
v -0.31250000 0.03750000 -0.36250000
v -0.28750000 0.03750000 -0.36250000
v -0.31250000 0.03750000 -0.33750000
v -0.28750000 0.03750000 -0.33750000
v -0.31250000 0.03750000 -0.31250000
v -0.28750000 0.03750000 -0.31250000
v -0.31250000 0.03750000 -0.28750000
v -0.28750000 0.03750000 -0.28750000
v -0.31250000 0.03750000 -0.26250000
v -0.28750000 0.03750000 -0.26250000
v -0.31250000 0.03750000 -0.23750000
v -0.28750000 0.03750000 -0.23750000
v -0.31250000 0.03750000 -0.21250000
v -0.28750000 0.03750000 -0.21250000
v -0.31250000 0.03750000 -0.18750000
v -0.28750000 0.03750000 -0.18750000
v -0.31250000 0.03750000 -0.16250000
v -0.28750000 0.03750000 -0.16250000
v -0.31250000 0.03750000 -0.13750000
v -0.28750000 0.03750000 -0.13750000
v -0.31250000 0.03750000 -0.11250000
v -0.28750000 0.03750000 -0.11250000
v -0.31250000 0.03750000 -0.08750000
v -0.28750000 0.03750000 -0.08750000
v -0.31250000 0.03750000 -0.06250000
v -0.28750000 0.03750000 -0.06250000
v -0.31250000 0.03750000 -0.03750000
v -0.28750000 0.03750000 -0.03750000
v -0.31250000 0.03750000 -0.01250000
v -0.28750000 0.03750000 -0.01250000
v -0.31250000 0.03750000 0.01250000
v -0.28750000 0.03750000 0.01250000
v -0.31250000 0.03750000 0.03750000
v -0.28750000 0.03750000 0.03750000
v -0.31250000 0.03750000 0.06250000
v -0.28750000 0.03750000 0.06250000
v -0.31250000 0.03750000 0.08750000
v -0.28750000 0.03750000 0.08750000
v -0.31250000 0.03750000 0.11250000
v -0.28750000 0.03750000 0.11250000
v -0.31250000 0.03750000 0.13750000
v -0.28750000 0.03750000 0.13750000
v -0.31250000 0.03750000 0.16250000
v -0.28750000 0.03750000 0.16250000
v -0.31250000 0.03750000 0.18750000
v -0.28750000 0.03750000 0.18750000
v -0.31250000 0.03750000 0.21250000
v -0.28750000 0.03750000 0.21250000
v -0.31250000 0.03750000 0.23750000
v -0.28750000 0.03750000 0.23750000
v -0.31250000 0.03750000 0.26250000
v -0.28750000 0.03750000 0.26250000
v -0.31250000 0.03750000 0.28750000
v -0.28750000 0.03750000 0.28750000
v -0.31250000 0.03750000 0.31250000
v -0.28750000 0.03750000 0.31250000
v -0.31250000 0.03750000 0.33750000
v -0.28750000 0.03750000 0.33750000
v -0.31250000 0.03750000 0.36250000
v -0.28750000 0.03750000 0.36250000
v -0.31250000 0.03750000 0.38750000
v -0.28750000 0.03750000 0.38750000
v -0.31250000 0.03750000 0.41250000
v -0.28750000 0.03750000 0.41250000
v -0.31250000 0.03750000 0.43750000
v -0.28750000 0.03750000 0.43750000
v -0.31250000 0.03750000 0.46250000
v -0.28750000 0.03750000 0.46250000
v -0.31250000 0.03750000 0.48750000
v -0.28750000 0.03750000 0.48750000
v -0.31250000 0.03750000 0.51250000
v -0.28750000 0.03750000 0.51250000
v -0.31250000 0.03750000 0.53750000
v -0.28750000 0.03750000 0.53750000
v -0.31250000 0.03750000 0.56250000
v -0.28750000 0.03750000 0.56250000
v -0.31250000 0.03750000 0.58750000
v -0.28750000 0.03750000 0.58750000
v -0.31250000 0.03750000 0.61250000
v -0.28750000 0.03750000 0.61250000
v -0.31250000 0.06250000 -0.61250000
v -0.31250000 0.06250000 -0.58750000
v -0.28750000 0.06250000 -0.61250000
v -0.31250000 0.06250000 -0.56250000
v -0.28750000 0.06250000 -0.58750000
v -0.28750000 0.06250000 -0.56250000
v -0.31250000 0.06250000 -0.53750000
v -0.28750000 0.06250000 -0.53750000
v -0.31250000 0.06250000 -0.51250000
v -0.28750000 0.06250000 -0.51250000
v -0.31250000 0.06250000 -0.48750000
v -0.28750000 0.06250000 -0.48750000
v -0.31250000 0.06250000 -0.46250000
v -0.28750000 0.06250000 -0.46250000
v -0.31250000 0.06250000 -0.43750000
v -0.28750000 0.06250000 -0.43750000
v -0.31250000 0.06250000 -0.41250000
v -0.28750000 0.06250000 -0.41250000
v -0.31250000 0.06250000 -0.38750000
v -0.28750000 0.06250000 -0.38750000
v -0.31250000 0.06250000 -0.36250000
v -0.28750000 0.06250000 -0.36250000
v -0.31250000 0.06250000 -0.33750000
v -0.28750000 0.06250000 -0.33750000
v -0.31250000 0.06250000 -0.31250000
v -0.28750000 0.06250000 -0.31250000
v -0.31250000 0.06250000 -0.28750000
v -0.28750000 0.06250000 -0.28750000
v -0.31250000 0.06250000 -0.26250000
v -0.28750000 0.06250000 -0.26250000
v -0.31250000 0.06250000 -0.23750000
v -0.28750000 0.06250000 -0.23750000
v -0.31250000 0.06250000 -0.21250000
v -0.28750000 0.06250000 -0.21250000
v -0.31250000 0.06250000 -0.18750000
v -0.28750000 0.06250000 -0.18750000
v -0.31250000 0.06250000 -0.16250000
v -0.28750000 0.06250000 -0.16250000
v -0.31250000 0.06250000 -0.13750000
v -0.28750000 0.06250000 -0.13750000
v -0.31250000 0.06250000 -0.11250000
v -0.28750000 0.06250000 -0.11250000
v -0.31250000 0.06250000 -0.08750000
v -0.28750000 0.06250000 -0.08750000
v -0.31250000 0.06250000 -0.06250000
v -0.28750000 0.06250000 -0.06250000
v -0.31250000 0.06250000 -0.03750000
v -0.28750000 0.06250000 -0.03750000
v -0.31250000 0.06250000 -0.01250000
v -0.28750000 0.06250000 -0.01250000
v -0.31250000 0.06250000 0.01250000
v -0.28750000 0.06250000 0.01250000
v -0.31250000 0.06250000 0.03750000
v -0.28750000 0.06250000 0.03750000
v -0.31250000 0.06250000 0.06250000
v -0.28750000 0.06250000 0.06250000
v -0.31250000 0.06250000 0.08750000
v -0.28750000 0.06250000 0.08750000
v -0.31250000 0.06250000 0.11250000
v -0.28750000 0.06250000 0.11250000
v -0.31250000 0.06250000 0.13750000
v -0.28750000 0.06250000 0.13750000
v -0.31250000 0.06250000 0.16250000
v -0.28750000 0.06250000 0.16250000
v -0.31250000 0.06250000 0.18750000
v -0.28750000 0.06250000 0.18750000
v -0.31250000 0.06250000 0.21250000
v -0.28750000 0.06250000 0.21250000
v -0.31250000 0.06250000 0.23750000
v -0.28750000 0.06250000 0.23750000
v -0.31250000 0.06250000 0.26250000
v -0.28750000 0.06250000 0.26250000
v -0.31250000 0.06250000 0.28750000
v -0.28750000 0.06250000 0.28750000
v -0.31250000 0.06250000 0.31250000
v -0.28750000 0.06250000 0.31250000
v -0.31250000 0.06250000 0.33750000
v -0.28750000 0.06250000 0.33750000
v -0.31250000 0.06250000 0.36250000
v -0.28750000 0.06250000 0.36250000
v -0.31250000 0.06250000 0.38750000
v -0.28750000 0.06250000 0.38750000
v -0.31250000 0.06250000 0.41250000
v -0.28750000 0.06250000 0.41250000
v -0.31250000 0.06250000 0.43750000
v -0.28750000 0.06250000 0.43750000
v -0.31250000 0.06250000 0.46250000
v -0.28750000 0.06250000 0.46250000
v -0.31250000 0.06250000 0.48750000
v -0.28750000 0.06250000 0.48750000
v -0.31250000 0.06250000 0.51250000
v -0.28750000 0.06250000 0.51250000
v -0.31250000 0.06250000 0.53750000
v -0.28750000 0.06250000 0.53750000
v -0.31250000 0.06250000 0.56250000
v -0.28750000 0.06250000 0.56250000
v -0.31250000 0.06250000 0.58750000
v -0.28750000 0.06250000 0.58750000
v -0.31250000 0.06250000 0.61250000
v -0.28750000 0.06250000 0.61250000
v -0.31250000 0.08750000 -0.61250000
v -0.31250000 0.08750000 -0.58750000
v -0.28750000 0.08750000 -0.61250000
v -0.31250000 0.08750000 -0.56250000
v -0.28750000 0.08750000 -0.58750000
v -0.28750000 0.08750000 -0.56250000
v -0.31250000 0.08750000 -0.53750000
v -0.28750000 0.08750000 -0.53750000
v -0.31250000 0.08750000 -0.51250000
v -0.28750000 0.08750000 -0.51250000
v -0.31250000 0.08750000 -0.48750000
v -0.28750000 0.08750000 -0.48750000
v -0.31250000 0.08750000 -0.46250000
v -0.28750000 0.08750000 -0.46250000
v -0.31250000 0.08750000 -0.43750000
v -0.28750000 0.08750000 -0.43750000
v -0.31250000 0.08750000 -0.41250000
v -0.28750000 0.08750000 -0.41250000
v -0.31250000 0.08750000 -0.38750000
v -0.28750000 0.08750000 -0.38750000
v -0.31250000 0.08750000 -0.36250000
v -0.28750000 0.08750000 -0.36250000
v -0.31250000 0.08750000 -0.33750000
v -0.28750000 0.08750000 -0.33750000
v -0.31250000 0.08750000 -0.31250000
v -0.28750000 0.08750000 -0.31250000
v -0.31250000 0.08750000 -0.28750000
v -0.28750000 0.08750000 -0.28750000
v -0.31250000 0.08750000 -0.26250000
v -0.28750000 0.08750000 -0.26250000
v -0.31250000 0.08750000 -0.23750000
v -0.28750000 0.08750000 -0.23750000
v -0.31250000 0.08750000 -0.21250000
v -0.28750000 0.08750000 -0.21250000
v -0.31250000 0.08750000 -0.18750000
v -0.28750000 0.08750000 -0.18750000
v -0.31250000 0.08750000 -0.16250000
v -0.28750000 0.08750000 -0.16250000
v -0.31250000 0.08750000 -0.13750000
v -0.28750000 0.08750000 -0.13750000
v -0.31250000 0.08750000 -0.11250000
v -0.28750000 0.08750000 -0.11250000
v -0.31250000 0.08750000 -0.08750000
v -0.28750000 0.08750000 -0.08750000
v -0.31250000 0.08750000 -0.06250000
v -0.28750000 0.08750000 -0.06250000
v -0.31250000 0.08750000 -0.03750000
v -0.28750000 0.08750000 -0.03750000
v -0.31250000 0.08750000 -0.01250000
v -0.28750000 0.08750000 -0.01250000
v -0.31250000 0.08750000 0.01250000
v -0.28750000 0.08750000 0.01250000
v -0.31250000 0.08750000 0.03750000
v -0.28750000 0.08750000 0.03750000
v -0.31250000 0.08750000 0.06250000
v -0.28750000 0.08750000 0.06250000
v -0.31250000 0.08750000 0.08750000
v -0.28750000 0.08750000 0.08750000
v -0.31250000 0.08750000 0.11250000
v -0.28750000 0.08750000 0.11250000
v -0.31250000 0.08750000 0.13750000
v -0.28750000 0.08750000 0.13750000
v -0.31250000 0.08750000 0.16250000
v -0.28750000 0.08750000 0.16250000
v -0.31250000 0.08750000 0.18750000
v -0.28750000 0.08750000 0.18750000
v -0.31250000 0.08750000 0.21250000
v -0.28750000 0.08750000 0.21250000
v -0.31250000 0.08750000 0.23750000
v -0.28750000 0.08750000 0.23750000
v -0.31250000 0.08750000 0.26250000
v -0.28750000 0.08750000 0.26250000
v -0.31250000 0.08750000 0.28750000
v -0.28750000 0.08750000 0.28750000
v -0.31250000 0.08750000 0.31250000
v -0.28750000 0.08750000 0.31250000
v -0.31250000 0.08750000 0.33750000
v -0.28750000 0.08750000 0.33750000
v -0.31250000 0.08750000 0.36250000
v -0.28750000 0.08750000 0.36250000
v -0.31250000 0.08750000 0.38750000
v -0.28750000 0.08750000 0.38750000
v -0.31250000 0.08750000 0.41250000
v -0.28750000 0.08750000 0.41250000
v -0.31250000 0.08750000 0.43750000
v -0.28750000 0.08750000 0.43750000
v -0.31250000 0.08750000 0.46250000
v -0.28750000 0.08750000 0.46250000
v -0.31250000 0.08750000 0.48750000
v -0.28750000 0.08750000 0.48750000
v -0.31250000 0.08750000 0.51250000
v -0.28750000 0.08750000 0.51250000
v -0.31250000 0.08750000 0.53750000
v -0.28750000 0.08750000 0.53750000
v -0.31250000 0.08750000 0.56250000
v -0.28750000 0.08750000 0.56250000
v -0.31250000 0.08750000 0.58750000
v -0.28750000 0.08750000 0.58750000
v -0.31250000 0.08750000 0.61250000
v -0.28750000 0.08750000 0.61250000
v -0.31250000 0.11250000 -0.61250000
v -0.31250000 0.11250000 -0.58750000
v -0.28750000 0.11250000 -0.61250000
v -0.31250000 0.11250000 -0.56250000
v -0.28750000 0.11250000 -0.58750000
v -0.28750000 0.11250000 -0.56250000
v -0.31250000 0.11250000 -0.53750000
v -0.28750000 0.11250000 -0.53750000
v -0.31250000 0.11250000 -0.51250000
v -0.28750000 0.11250000 -0.51250000
v -0.31250000 0.11250000 -0.48750000
v -0.28750000 0.11250000 -0.48750000
v -0.31250000 0.11250000 -0.46250000
v -0.28750000 0.11250000 -0.46250000
v -0.31250000 0.11250000 -0.43750000
v -0.28750000 0.11250000 -0.43750000
v -0.31250000 0.11250000 -0.41250000
v -0.28750000 0.11250000 -0.41250000
v -0.31250000 0.11250000 -0.38750000
v -0.28750000 0.11250000 -0.38750000
v -0.31250000 0.11250000 -0.36250000
v -0.28750000 0.11250000 -0.36250000
v -0.31250000 0.11250000 -0.33750000
v -0.28750000 0.11250000 -0.33750000
v -0.31250000 0.11250000 -0.31250000
v -0.28750000 0.11250000 -0.31250000
v -0.31250000 0.11250000 -0.28750000
v -0.28750000 0.11250000 -0.28750000
v -0.31250000 0.11250000 -0.26250000
v -0.28750000 0.11250000 -0.26250000
v -0.31250000 0.11250000 -0.23750000
v -0.28750000 0.11250000 -0.23750000
v -0.31250000 0.11250000 -0.21250000
v -0.28750000 0.11250000 -0.21250000
v -0.31250000 0.11250000 -0.18750000
v -0.28750000 0.11250000 -0.18750000
v -0.31250000 0.11250000 -0.16250000
v -0.28750000 0.11250000 -0.16250000
v -0.31250000 0.11250000 -0.13750000
v -0.28750000 0.11250000 -0.13750000
v -0.31250000 0.11250000 -0.11250000
v -0.28750000 0.11250000 -0.11250000
v -0.31250000 0.11250000 -0.08750000
v -0.28750000 0.11250000 -0.08750000
v -0.31250000 0.11250000 -0.06250000
v -0.28750000 0.11250000 -0.06250000
v -0.31250000 0.11250000 -0.03750000
v -0.28750000 0.11250000 -0.03750000
v -0.31250000 0.11250000 -0.01250000
v -0.28750000 0.11250000 -0.01250000
v -0.31250000 0.11250000 0.01250000
v -0.28750000 0.11250000 0.01250000
v -0.31250000 0.11250000 0.03750000
v -0.28750000 0.11250000 0.03750000
v -0.31250000 0.11250000 0.06250000
v -0.28750000 0.11250000 0.06250000
v -0.31250000 0.11250000 0.08750000
v -0.28750000 0.11250000 0.08750000
v -0.31250000 0.11250000 0.11250000
v -0.28750000 0.11250000 0.11250000
v -0.31250000 0.11250000 0.13750000
v -0.28750000 0.11250000 0.13750000
v -0.31250000 0.11250000 0.16250000
v -0.28750000 0.11250000 0.16250000
v -0.31250000 0.11250000 0.18750000
v -0.28750000 0.11250000 0.18750000
v -0.31250000 0.11250000 0.21250000
v -0.28750000 0.11250000 0.21250000
v -0.31250000 0.11250000 0.23750000
v -0.28750000 0.11250000 0.23750000
v -0.31250000 0.11250000 0.26250000
v -0.28750000 0.11250000 0.26250000
v -0.31250000 0.11250000 0.28750000
v -0.28750000 0.11250000 0.28750000
v -0.31250000 0.11250000 0.31250000
v -0.28750000 0.11250000 0.31250000
v -0.31250000 0.11250000 0.33750000
v -0.28750000 0.11250000 0.33750000
v -0.31250000 0.11250000 0.36250000
v -0.28750000 0.11250000 0.36250000
v -0.31250000 0.11250000 0.38750000
v -0.28750000 0.11250000 0.38750000
v -0.31250000 0.11250000 0.41250000
v -0.28750000 0.11250000 0.41250000
v -0.31250000 0.11250000 0.43750000
v -0.28750000 0.11250000 0.43750000
v -0.31250000 0.11250000 0.46250000
v -0.28750000 0.11250000 0.46250000
v -0.31250000 0.11250000 0.48750000
v -0.28750000 0.11250000 0.48750000
v -0.31250000 0.11250000 0.51250000
v -0.28750000 0.11250000 0.51250000
v -0.31250000 0.11250000 0.53750000
v -0.28750000 0.11250000 0.53750000
v -0.31250000 0.11250000 0.56250000
v -0.28750000 0.11250000 0.56250000
v -0.31250000 0.11250000 0.58750000
v -0.28750000 0.11250000 0.58750000
v -0.31250000 0.11250000 0.61250000
v -0.28750000 0.11250000 0.61250000
v -0.31250000 0.13750000 -0.61250000
v -0.31250000 0.13750000 -0.58750000
v -0.28750000 0.13750000 -0.61250000
v -0.31250000 0.13750000 -0.56250000
v -0.28750000 0.13750000 -0.58750000
v -0.28750000 0.13750000 -0.56250000
v -0.31250000 0.13750000 -0.53750000
v -0.28750000 0.13750000 -0.53750000
v -0.31250000 0.13750000 -0.51250000
v -0.28750000 0.13750000 -0.51250000
v -0.31250000 0.13750000 -0.48750000
v -0.28750000 0.13750000 -0.48750000
v -0.31250000 0.13750000 -0.46250000
v -0.28750000 0.13750000 -0.46250000
v -0.31250000 0.13750000 -0.43750000
v -0.28750000 0.13750000 -0.43750000
v -0.31250000 0.13750000 -0.41250000
v -0.28750000 0.13750000 -0.41250000
v -0.31250000 0.13750000 -0.38750000
v -0.28750000 0.13750000 -0.38750000
v -0.31250000 0.13750000 -0.36250000
v -0.28750000 0.13750000 -0.36250000
v -0.31250000 0.13750000 -0.33750000
v -0.28750000 0.13750000 -0.33750000
v -0.31250000 0.13750000 -0.31250000
v -0.28750000 0.13750000 -0.31250000
v -0.31250000 0.13750000 -0.28750000
v -0.28750000 0.13750000 -0.28750000
v -0.31250000 0.13750000 -0.26250000
v -0.28750000 0.13750000 -0.26250000
v -0.31250000 0.13750000 -0.23750000
v -0.28750000 0.13750000 -0.23750000
v -0.31250000 0.13750000 -0.21250000
v -0.28750000 0.13750000 -0.21250000
v -0.31250000 0.13750000 -0.18750000
v -0.28750000 0.13750000 -0.18750000
v -0.31250000 0.13750000 -0.16250000
v -0.28750000 0.13750000 -0.16250000
v -0.31250000 0.13750000 -0.13750000
v -0.28750000 0.13750000 -0.13750000
v -0.31250000 0.13750000 -0.11250000
v -0.28750000 0.13750000 -0.11250000
v -0.31250000 0.13750000 -0.08750000
v -0.28750000 0.13750000 -0.08750000
v -0.31250000 0.13750000 -0.06250000
v -0.28750000 0.13750000 -0.06250000
v -0.31250000 0.13750000 -0.03750000
v -0.28750000 0.13750000 -0.03750000
v -0.31250000 0.13750000 -0.01250000
v -0.28750000 0.13750000 -0.01250000
v -0.31250000 0.13750000 0.01250000
v -0.28750000 0.13750000 0.01250000
v -0.31250000 0.13750000 0.03750000
v -0.28750000 0.13750000 0.03750000
v -0.31250000 0.13750000 0.06250000
v -0.28750000 0.13750000 0.06250000
v -0.31250000 0.13750000 0.08750000
v -0.28750000 0.13750000 0.08750000
v -0.31250000 0.13750000 0.11250000
v -0.28750000 0.13750000 0.11250000
v -0.31250000 0.13750000 0.13750000
v -0.28750000 0.13750000 0.13750000
v -0.31250000 0.13750000 0.16250000
v -0.28750000 0.13750000 0.16250000
v -0.31250000 0.13750000 0.18750000
v -0.28750000 0.13750000 0.18750000
v -0.31250000 0.13750000 0.21250000
v -0.28750000 0.13750000 0.21250000
v -0.31250000 0.13750000 0.23750000
v -0.28750000 0.13750000 0.23750000
v -0.31250000 0.13750000 0.26250000
v -0.28750000 0.13750000 0.26250000
v -0.31250000 0.13750000 0.28750000
v -0.28750000 0.13750000 0.28750000
v -0.31250000 0.13750000 0.31250000
v -0.28750000 0.13750000 0.31250000
v -0.31250000 0.13750000 0.33750000
v -0.28750000 0.13750000 0.33750000
v -0.31250000 0.13750000 0.36250000
v -0.28750000 0.13750000 0.36250000
v -0.31250000 0.13750000 0.38750000
v -0.28750000 0.13750000 0.38750000
v -0.31250000 0.13750000 0.41250000
v -0.28750000 0.13750000 0.41250000
v -0.31250000 0.13750000 0.43750000
v -0.28750000 0.13750000 0.43750000
v -0.31250000 0.13750000 0.46250000
v -0.28750000 0.13750000 0.46250000
v -0.31250000 0.13750000 0.48750000
v -0.28750000 0.13750000 0.48750000
v -0.31250000 0.13750000 0.51250000
v -0.28750000 0.13750000 0.51250000
v -0.31250000 0.13750000 0.53750000
v -0.28750000 0.13750000 0.53750000
v -0.31250000 0.13750000 0.56250000
v -0.28750000 0.13750000 0.56250000
v -0.31250000 0.13750000 0.58750000
v -0.28750000 0.13750000 0.58750000
v -0.31250000 0.13750000 0.61250000
v -0.28750000 0.13750000 0.61250000
v -0.31250000 0.16250000 -0.61250000
v -0.31250000 0.16250000 -0.58750000
v -0.28750000 0.16250000 -0.61250000
v -0.31250000 0.16250000 -0.56250000
v -0.28750000 0.16250000 -0.58750000
v -0.28750000 0.16250000 -0.56250000
v -0.31250000 0.16250000 -0.53750000
v -0.28750000 0.16250000 -0.53750000
v -0.31250000 0.16250000 -0.51250000
v -0.28750000 0.16250000 -0.51250000
v -0.31250000 0.16250000 -0.48750000
v -0.28750000 0.16250000 -0.48750000
v -0.31250000 0.16250000 -0.46250000
v -0.28750000 0.16250000 -0.46250000
v -0.31250000 0.16250000 -0.43750000
v -0.28750000 0.16250000 -0.43750000
v -0.31250000 0.16250000 -0.41250000
v -0.28750000 0.16250000 -0.41250000
v -0.31250000 0.16250000 -0.38750000
v -0.28750000 0.16250000 -0.38750000
v -0.31250000 0.16250000 -0.36250000
v -0.28750000 0.16250000 -0.36250000
v -0.31250000 0.16250000 -0.33750000
v -0.28750000 0.16250000 -0.33750000
v -0.31250000 0.16250000 -0.31250000
v -0.28750000 0.16250000 -0.31250000
v -0.31250000 0.16250000 -0.28750000
v -0.28750000 0.16250000 -0.28750000
v -0.31250000 0.16250000 -0.26250000
v -0.28750000 0.16250000 -0.26250000
v -0.31250000 0.16250000 -0.23750000
v -0.28750000 0.16250000 -0.23750000
v -0.31250000 0.16250000 -0.21250000
v -0.28750000 0.16250000 -0.21250000
v -0.31250000 0.16250000 -0.18750000
v -0.28750000 0.16250000 -0.18750000
v -0.31250000 0.16250000 -0.16250000
v -0.28750000 0.16250000 -0.16250000
v -0.31250000 0.16250000 -0.13750000
v -0.28750000 0.16250000 -0.13750000
v -0.31250000 0.16250000 -0.11250000
v -0.28750000 0.16250000 -0.11250000
v -0.31250000 0.16250000 -0.08750000
v -0.28750000 0.16250000 -0.08750000
v -0.31250000 0.16250000 -0.06250000
v -0.28750000 0.16250000 -0.06250000
v -0.31250000 0.16250000 -0.03750000
v -0.28750000 0.16250000 -0.03750000
v -0.31250000 0.16250000 -0.01250000
v -0.28750000 0.16250000 -0.01250000
v -0.31250000 0.16250000 0.01250000
v -0.28750000 0.16250000 0.01250000
v -0.31250000 0.16250000 0.03750000
v -0.28750000 0.16250000 0.03750000
v -0.31250000 0.16250000 0.06250000
v -0.28750000 0.16250000 0.06250000
v -0.31250000 0.16250000 0.08750000
v -0.28750000 0.16250000 0.08750000
v -0.31250000 0.16250000 0.11250000
v -0.28750000 0.16250000 0.11250000
v -0.31250000 0.16250000 0.13750000
v -0.28750000 0.16250000 0.13750000
v -0.31250000 0.16250000 0.16250000
v -0.28750000 0.16250000 0.16250000
v -0.31250000 0.16250000 0.18750000
v -0.28750000 0.16250000 0.18750000
v -0.31250000 0.16250000 0.21250000
v -0.28750000 0.16250000 0.21250000
v -0.31250000 0.16250000 0.23750000
v -0.28750000 0.16250000 0.23750000
v -0.31250000 0.16250000 0.26250000
v -0.28750000 0.16250000 0.26250000
v -0.31250000 0.16250000 0.28750000
v -0.28750000 0.16250000 0.28750000
v -0.31250000 0.16250000 0.31250000
v -0.28750000 0.16250000 0.31250000
v -0.31250000 0.16250000 0.33750000
v -0.28750000 0.16250000 0.33750000
v -0.31250000 0.16250000 0.36250000
v -0.28750000 0.16250000 0.36250000
v -0.31250000 0.16250000 0.38750000
v -0.28750000 0.16250000 0.38750000
v -0.31250000 0.16250000 0.41250000
v -0.28750000 0.16250000 0.41250000
v -0.31250000 0.16250000 0.43750000
v -0.28750000 0.16250000 0.43750000
v -0.31250000 0.16250000 0.46250000
v -0.28750000 0.16250000 0.46250000
v -0.31250000 0.16250000 0.48750000
v -0.28750000 0.16250000 0.48750000
v -0.31250000 0.16250000 0.51250000
v -0.28750000 0.16250000 0.51250000
v -0.31250000 0.16250000 0.53750000
v -0.28750000 0.16250000 0.53750000
v -0.31250000 0.16250000 0.56250000
v -0.28750000 0.16250000 0.56250000
v -0.31250000 0.16250000 0.58750000
v -0.28750000 0.16250000 0.58750000
v -0.31250000 0.16250000 0.61250000
v -0.28750000 0.16250000 0.61250000
v -0.31250000 0.18750000 -0.61250000
v -0.31250000 0.18750000 -0.58750000
v -0.28750000 0.18750000 -0.61250000
v -0.31250000 0.18750000 -0.56250000
v -0.28750000 0.18750000 -0.58750000
v -0.28750000 0.18750000 -0.56250000
v -0.31250000 0.18750000 -0.53750000
v -0.28750000 0.18750000 -0.53750000
v -0.31250000 0.18750000 -0.51250000
v -0.28750000 0.18750000 -0.51250000
v -0.31250000 0.18750000 -0.48750000
v -0.28750000 0.18750000 -0.48750000
v -0.31250000 0.18750000 -0.46250000
v -0.28750000 0.18750000 -0.46250000
v -0.31250000 0.18750000 -0.43750000
v -0.28750000 0.18750000 -0.43750000
v -0.31250000 0.18750000 -0.41250000
v -0.28750000 0.18750000 -0.41250000
v -0.31250000 0.18750000 -0.38750000
v -0.28750000 0.18750000 -0.38750000
v -0.31250000 0.18750000 -0.36250000
v -0.28750000 0.18750000 -0.36250000
v -0.31250000 0.18750000 -0.33750000
v -0.28750000 0.18750000 -0.33750000
v -0.31250000 0.18750000 -0.31250000
v -0.28750000 0.18750000 -0.31250000
v -0.31250000 0.18750000 -0.28750000
v -0.28750000 0.18750000 -0.28750000
v -0.31250000 0.18750000 -0.26250000
v -0.28750000 0.18750000 -0.26250000
v -0.31250000 0.18750000 -0.23750000
v -0.28750000 0.18750000 -0.23750000
v -0.31250000 0.18750000 -0.21250000
v -0.28750000 0.18750000 -0.21250000
v -0.31250000 0.18750000 -0.18750000
v -0.28750000 0.18750000 -0.18750000
v -0.31250000 0.18750000 -0.16250000
v -0.28750000 0.18750000 -0.16250000
v -0.31250000 0.18750000 -0.13750000
v -0.28750000 0.18750000 -0.13750000
v -0.31250000 0.18750000 -0.11250000
v -0.28750000 0.18750000 -0.11250000
v -0.31250000 0.18750000 -0.08750000
v -0.28750000 0.18750000 -0.08750000
v -0.31250000 0.18750000 -0.06250000
v -0.28750000 0.18750000 -0.06250000
v -0.31250000 0.18750000 -0.03750000
v -0.28750000 0.18750000 -0.03750000
v -0.31250000 0.18750000 -0.01250000
v -0.28750000 0.18750000 -0.01250000
v -0.31250000 0.18750000 0.01250000
v -0.28750000 0.18750000 0.01250000
v -0.31250000 0.18750000 0.03750000
v -0.28750000 0.18750000 0.03750000
v -0.31250000 0.18750000 0.06250000
v -0.28750000 0.18750000 0.06250000
v -0.31250000 0.18750000 0.08750000
v -0.28750000 0.18750000 0.08750000
v -0.31250000 0.18750000 0.11250000
v -0.28750000 0.18750000 0.11250000
v -0.31250000 0.18750000 0.13750000
v -0.28750000 0.18750000 0.13750000
v -0.31250000 0.18750000 0.16250000
v -0.28750000 0.18750000 0.16250000
v -0.31250000 0.18750000 0.18750000
v -0.28750000 0.18750000 0.18750000
v -0.31250000 0.18750000 0.21250000
v -0.28750000 0.18750000 0.21250000
v -0.31250000 0.18750000 0.23750000
v -0.28750000 0.18750000 0.23750000
v -0.31250000 0.18750000 0.26250000
v -0.28750000 0.18750000 0.26250000
v -0.31250000 0.18750000 0.28750000
v -0.28750000 0.18750000 0.28750000
v -0.31250000 0.18750000 0.31250000
v -0.28750000 0.18750000 0.31250000
v -0.31250000 0.18750000 0.33750000
v -0.28750000 0.18750000 0.33750000
v -0.31250000 0.18750000 0.36250000
v -0.28750000 0.18750000 0.36250000
v -0.31250000 0.18750000 0.38750000
v -0.28750000 0.18750000 0.38750000
v -0.31250000 0.18750000 0.41250000
v -0.28750000 0.18750000 0.41250000
v -0.31250000 0.18750000 0.43750000
v -0.28750000 0.18750000 0.43750000
v -0.31250000 0.18750000 0.46250000
v -0.28750000 0.18750000 0.46250000
v -0.31250000 0.18750000 0.48750000
v -0.28750000 0.18750000 0.48750000
v -0.31250000 0.18750000 0.51250000
v -0.28750000 0.18750000 0.51250000
v -0.31250000 0.18750000 0.53750000
v -0.28750000 0.18750000 0.53750000
v -0.31250000 0.18750000 0.56250000
v -0.28750000 0.18750000 0.56250000
v -0.31250000 0.18750000 0.58750000
v -0.28750000 0.18750000 0.58750000
v -0.31250000 0.18750000 0.61250000
v -0.28750000 0.18750000 0.61250000
v -0.31250000 0.21250000 -0.61250000
v -0.31250000 0.21250000 -0.58750000
v -0.28750000 0.21250000 -0.61250000
v -0.31250000 0.21250000 -0.56250000
v -0.28750000 0.21250000 -0.58750000
v -0.28750000 0.21250000 -0.56250000
v -0.31250000 0.21250000 -0.53750000
v -0.28750000 0.21250000 -0.53750000
v -0.31250000 0.21250000 -0.51250000
v -0.28750000 0.21250000 -0.51250000
v -0.31250000 0.21250000 -0.48750000
v -0.28750000 0.21250000 -0.48750000
v -0.31250000 0.21250000 -0.46250000
v -0.28750000 0.21250000 -0.46250000
v -0.31250000 0.21250000 -0.43750000
v -0.28750000 0.21250000 -0.43750000
v -0.31250000 0.21250000 -0.41250000
v -0.28750000 0.21250000 -0.41250000
v -0.31250000 0.21250000 -0.38750000
v -0.28750000 0.21250000 -0.38750000
v -0.31250000 0.21250000 -0.36250000
v -0.28750000 0.21250000 -0.36250000
v -0.31250000 0.21250000 -0.33750000
v -0.28750000 0.21250000 -0.33750000
v -0.31250000 0.21250000 -0.31250000
v -0.28750000 0.21250000 -0.31250000
v -0.31250000 0.21250000 -0.28750000
v -0.28750000 0.21250000 -0.28750000
v -0.31250000 0.21250000 -0.26250000
v -0.28750000 0.21250000 -0.26250000
v -0.31250000 0.21250000 -0.23750000
v -0.28750000 0.21250000 -0.23750000
v -0.31250000 0.21250000 -0.21250000
v -0.28750000 0.21250000 -0.21250000
v -0.31250000 0.21250000 -0.18750000
v -0.28750000 0.21250000 -0.18750000
v -0.31250000 0.21250000 -0.16250000
v -0.28750000 0.21250000 -0.16250000
v -0.31250000 0.21250000 -0.13750000
v -0.28750000 0.21250000 -0.13750000
v -0.31250000 0.21250000 -0.11250000
v -0.28750000 0.21250000 -0.11250000
v -0.31250000 0.21250000 -0.08750000
v -0.28750000 0.21250000 -0.08750000
v -0.31250000 0.21250000 -0.06250000
v -0.28750000 0.21250000 -0.06250000
v -0.31250000 0.21250000 -0.03750000
v -0.28750000 0.21250000 -0.03750000
v -0.31250000 0.21250000 -0.01250000
v -0.28750000 0.21250000 -0.01250000
v -0.31250000 0.21250000 0.01250000
v -0.28750000 0.21250000 0.01250000
v -0.31250000 0.21250000 0.03750000
v -0.28750000 0.21250000 0.03750000
v -0.31250000 0.21250000 0.06250000
v -0.28750000 0.21250000 0.06250000
v -0.31250000 0.21250000 0.08750000
v -0.28750000 0.21250000 0.08750000
v -0.31250000 0.21250000 0.11250000
v -0.28750000 0.21250000 0.11250000
v -0.31250000 0.21250000 0.13750000
v -0.28750000 0.21250000 0.13750000
v -0.31250000 0.21250000 0.16250000
v -0.28750000 0.21250000 0.16250000
v -0.31250000 0.21250000 0.18750000
v -0.28750000 0.21250000 0.18750000
v -0.31250000 0.21250000 0.21250000
v -0.28750000 0.21250000 0.21250000
v -0.31250000 0.21250000 0.23750000
v -0.28750000 0.21250000 0.23750000
v -0.31250000 0.21250000 0.26250000
v -0.28750000 0.21250000 0.26250000
v -0.31250000 0.21250000 0.28750000
v -0.28750000 0.21250000 0.28750000
v -0.31250000 0.21250000 0.31250000
v -0.28750000 0.21250000 0.31250000
v -0.31250000 0.21250000 0.33750000
v -0.28750000 0.21250000 0.33750000
v -0.31250000 0.21250000 0.36250000
v -0.28750000 0.21250000 0.36250000
v -0.31250000 0.21250000 0.38750000
v -0.28750000 0.21250000 0.38750000
v -0.31250000 0.21250000 0.41250000
v -0.28750000 0.21250000 0.41250000
v -0.31250000 0.21250000 0.43750000
v -0.28750000 0.21250000 0.43750000
v -0.31250000 0.21250000 0.46250000
v -0.28750000 0.21250000 0.46250000
v -0.31250000 0.21250000 0.48750000
v -0.28750000 0.21250000 0.48750000
v -0.31250000 0.21250000 0.51250000
v -0.28750000 0.21250000 0.51250000
v -0.31250000 0.21250000 0.53750000
v -0.28750000 0.21250000 0.53750000
v -0.31250000 0.21250000 0.56250000
v -0.28750000 0.21250000 0.56250000
v -0.31250000 0.21250000 0.58750000
v -0.28750000 0.21250000 0.58750000
v -0.31250000 0.21250000 0.61250000
v -0.28750000 0.21250000 0.61250000
v -0.31250000 0.23750000 -0.61250000
v -0.31250000 0.23750000 -0.58750000
v -0.28750000 0.23750000 -0.61250000
v -0.31250000 0.23750000 -0.56250000
v -0.28750000 0.23750000 -0.58750000
v -0.28750000 0.23750000 -0.56250000
v -0.31250000 0.23750000 -0.53750000
v -0.28750000 0.23750000 -0.53750000
v -0.31250000 0.23750000 -0.51250000
v -0.28750000 0.23750000 -0.51250000
v -0.31250000 0.23750000 -0.48750000
v -0.28750000 0.23750000 -0.48750000
v -0.31250000 0.23750000 -0.46250000
v -0.28750000 0.23750000 -0.46250000
v -0.31250000 0.23750000 -0.43750000
v -0.28750000 0.23750000 -0.43750000
v -0.31250000 0.23750000 -0.41250000
v -0.28750000 0.23750000 -0.41250000
v -0.31250000 0.23750000 -0.38750000
v -0.28750000 0.23750000 -0.38750000
v -0.31250000 0.23750000 -0.36250000
v -0.28750000 0.23750000 -0.36250000
v -0.31250000 0.23750000 -0.33750000
v -0.28750000 0.23750000 -0.33750000
v -0.31250000 0.23750000 -0.31250000
v -0.28750000 0.23750000 -0.31250000
v -0.31250000 0.23750000 -0.28750000
v -0.28750000 0.23750000 -0.28750000
v -0.31250000 0.23750000 -0.26250000
v -0.28750000 0.23750000 -0.26250000
v -0.31250000 0.23750000 -0.23750000
v -0.28750000 0.23750000 -0.23750000
v -0.31250000 0.23750000 -0.21250000
v -0.28750000 0.23750000 -0.21250000
v -0.31250000 0.23750000 -0.18750000
v -0.28750000 0.23750000 -0.18750000
v -0.31250000 0.23750000 -0.16250000
v -0.28750000 0.23750000 -0.16250000
v -0.31250000 0.23750000 -0.13750000
v -0.28750000 0.23750000 -0.13750000
v -0.31250000 0.23750000 -0.11250000
v -0.28750000 0.23750000 -0.11250000
v -0.31250000 0.23750000 -0.08750000
v -0.28750000 0.23750000 -0.08750000
v -0.31250000 0.23750000 -0.06250000
v -0.28750000 0.23750000 -0.06250000
v -0.31250000 0.23750000 -0.03750000
v -0.28750000 0.23750000 -0.03750000
v -0.31250000 0.23750000 -0.01250000
v -0.28750000 0.23750000 -0.01250000
v -0.31250000 0.23750000 0.01250000
v -0.28750000 0.23750000 0.01250000
v -0.31250000 0.23750000 0.03750000
v -0.28750000 0.23750000 0.03750000
v -0.31250000 0.23750000 0.06250000
v -0.28750000 0.23750000 0.06250000
v -0.31250000 0.23750000 0.08750000
v -0.28750000 0.23750000 0.08750000
v -0.31250000 0.23750000 0.11250000
v -0.28750000 0.23750000 0.11250000
v -0.31250000 0.23750000 0.13750000
v -0.28750000 0.23750000 0.13750000
v -0.31250000 0.23750000 0.16250000
v -0.28750000 0.23750000 0.16250000
v -0.31250000 0.23750000 0.18750000
v -0.28750000 0.23750000 0.18750000
v -0.31250000 0.23750000 0.21250000
v -0.28750000 0.23750000 0.21250000
v -0.31250000 0.23750000 0.23750000
v -0.28750000 0.23750000 0.23750000
v -0.31250000 0.23750000 0.26250000
v -0.28750000 0.23750000 0.26250000
v -0.31250000 0.23750000 0.28750000
v -0.28750000 0.23750000 0.28750000
v -0.31250000 0.23750000 0.31250000
v -0.28750000 0.23750000 0.31250000
v -0.31250000 0.23750000 0.33750000
v -0.28750000 0.23750000 0.33750000
v -0.31250000 0.23750000 0.36250000
v -0.28750000 0.23750000 0.36250000
v -0.31250000 0.23750000 0.38750000
v -0.28750000 0.23750000 0.38750000
v -0.31250000 0.23750000 0.41250000
v -0.28750000 0.23750000 0.41250000
v -0.31250000 0.23750000 0.43750000
v -0.28750000 0.23750000 0.43750000
v -0.31250000 0.23750000 0.46250000
v -0.28750000 0.23750000 0.46250000
v -0.31250000 0.23750000 0.48750000
v -0.28750000 0.23750000 0.48750000
v -0.31250000 0.23750000 0.51250000
v -0.28750000 0.23750000 0.51250000
v -0.31250000 0.23750000 0.53750000
v -0.28750000 0.23750000 0.53750000
v -0.31250000 0.23750000 0.56250000
v -0.28750000 0.23750000 0.56250000
v -0.31250000 0.23750000 0.58750000
v -0.28750000 0.23750000 0.58750000
v -0.31250000 0.23750000 0.61250000
v -0.28750000 0.23750000 0.61250000
v -0.31250000 0.26250000 -0.61250000
v -0.31250000 0.26250000 -0.58750000
v -0.28750000 0.26250000 -0.61250000
v -0.31250000 0.26250000 -0.56250000
v -0.28750000 0.26250000 -0.58750000
v -0.28750000 0.26250000 -0.56250000
v -0.31250000 0.26250000 -0.53750000
v -0.28750000 0.26250000 -0.53750000
v -0.31250000 0.26250000 -0.51250000
v -0.28750000 0.26250000 -0.51250000
v -0.31250000 0.26250000 -0.48750000
v -0.28750000 0.26250000 -0.48750000
v -0.31250000 0.26250000 -0.46250000
v -0.28750000 0.26250000 -0.46250000
v -0.31250000 0.26250000 -0.43750000
v -0.28750000 0.26250000 -0.43750000
v -0.31250000 0.26250000 -0.41250000
v -0.28750000 0.26250000 -0.41250000
v -0.31250000 0.26250000 -0.38750000
v -0.28750000 0.26250000 -0.38750000
v -0.31250000 0.26250000 -0.36250000
v -0.28750000 0.26250000 -0.36250000
v -0.31250000 0.26250000 -0.33750000
v -0.28750000 0.26250000 -0.33750000
v -0.31250000 0.26250000 -0.31250000
v -0.28750000 0.26250000 -0.31250000
v -0.31250000 0.26250000 -0.28750000
v -0.28750000 0.26250000 -0.28750000
v -0.31250000 0.26250000 -0.26250000
v -0.28750000 0.26250000 -0.26250000
v -0.31250000 0.26250000 -0.23750000
v -0.28750000 0.26250000 -0.23750000
v -0.31250000 0.26250000 -0.21250000
v -0.28750000 0.26250000 -0.21250000
v -0.31250000 0.26250000 -0.18750000
v -0.28750000 0.26250000 -0.18750000
v -0.31250000 0.26250000 -0.16250000
v -0.28750000 0.26250000 -0.16250000
v -0.31250000 0.26250000 -0.13750000
v -0.28750000 0.26250000 -0.13750000
v -0.31250000 0.26250000 -0.11250000
v -0.28750000 0.26250000 -0.11250000
v -0.31250000 0.26250000 -0.08750000
v -0.28750000 0.26250000 -0.08750000
v -0.31250000 0.26250000 -0.06250000
v -0.28750000 0.26250000 -0.06250000
v -0.31250000 0.26250000 -0.03750000
v -0.28750000 0.26250000 -0.03750000
v -0.31250000 0.26250000 -0.01250000
v -0.28750000 0.26250000 -0.01250000
v -0.31250000 0.26250000 0.01250000
v -0.28750000 0.26250000 0.01250000
v -0.31250000 0.26250000 0.03750000
v -0.28750000 0.26250000 0.03750000
v -0.31250000 0.26250000 0.06250000
v -0.28750000 0.26250000 0.06250000
v -0.31250000 0.26250000 0.08750000
v -0.28750000 0.26250000 0.08750000
v -0.31250000 0.26250000 0.11250000
v -0.28750000 0.26250000 0.11250000
v -0.31250000 0.26250000 0.13750000
v -0.28750000 0.26250000 0.13750000
v -0.31250000 0.26250000 0.16250000
v -0.28750000 0.26250000 0.16250000
v -0.31250000 0.26250000 0.18750000
v -0.28750000 0.26250000 0.18750000
v -0.31250000 0.26250000 0.21250000
v -0.28750000 0.26250000 0.21250000
v -0.31250000 0.26250000 0.23750000
v -0.28750000 0.26250000 0.23750000
v -0.31250000 0.26250000 0.26250000
v -0.28750000 0.26250000 0.26250000
v -0.31250000 0.26250000 0.28750000
v -0.28750000 0.26250000 0.28750000
v -0.31250000 0.26250000 0.31250000
v -0.28750000 0.26250000 0.31250000
v -0.31250000 0.26250000 0.33750000
v -0.28750000 0.26250000 0.33750000
v -0.31250000 0.26250000 0.36250000
v -0.28750000 0.26250000 0.36250000
v -0.31250000 0.26250000 0.38750000
v -0.28750000 0.26250000 0.38750000
v -0.31250000 0.26250000 0.41250000
v -0.28750000 0.26250000 0.41250000
v -0.31250000 0.26250000 0.43750000
v -0.28750000 0.26250000 0.43750000
v -0.31250000 0.26250000 0.46250000
v -0.28750000 0.26250000 0.46250000
v -0.31250000 0.26250000 0.48750000
v -0.28750000 0.26250000 0.48750000
v -0.31250000 0.26250000 0.51250000
v -0.28750000 0.26250000 0.51250000
v -0.31250000 0.26250000 0.53750000
v -0.28750000 0.26250000 0.53750000
v -0.31250000 0.26250000 0.56250000
v -0.28750000 0.26250000 0.56250000
v -0.31250000 0.26250000 0.58750000
v -0.28750000 0.26250000 0.58750000
v -0.31250000 0.26250000 0.61250000
v -0.28750000 0.26250000 0.61250000
v -0.31250000 0.28750000 -0.61250000
v -0.31250000 0.28750000 -0.58750000
v -0.28750000 0.28750000 -0.61250000
v -0.28750000 0.28750000 -0.58750000
v -0.31250000 0.28750000 -0.56250000
v -0.28750000 0.28750000 -0.56250000
v -0.31250000 0.28750000 -0.53750000
v -0.28750000 0.28750000 -0.53750000
v -0.31250000 0.28750000 -0.51250000
v -0.28750000 0.28750000 -0.51250000
v -0.31250000 0.28750000 -0.48750000
v -0.28750000 0.28750000 -0.48750000
v -0.31250000 0.28750000 -0.46250000
v -0.28750000 0.28750000 -0.46250000
v -0.31250000 0.28750000 -0.43750000
v -0.28750000 0.28750000 -0.43750000
v -0.31250000 0.28750000 -0.41250000
v -0.28750000 0.28750000 -0.41250000
v -0.31250000 0.28750000 -0.38750000
v -0.28750000 0.28750000 -0.38750000
v -0.31250000 0.28750000 -0.36250000
v -0.28750000 0.28750000 -0.36250000
v -0.31250000 0.28750000 -0.33750000
v -0.28750000 0.28750000 -0.33750000
v -0.31250000 0.28750000 -0.31250000
v -0.28750000 0.28750000 -0.31250000
v -0.31250000 0.28750000 -0.28750000
v -0.28750000 0.28750000 -0.28750000
v -0.31250000 0.28750000 -0.26250000
v -0.28750000 0.28750000 -0.26250000
v -0.31250000 0.28750000 -0.23750000
v -0.28750000 0.28750000 -0.23750000
v -0.31250000 0.28750000 -0.21250000
v -0.28750000 0.28750000 -0.21250000
v -0.31250000 0.28750000 -0.18750000
v -0.28750000 0.28750000 -0.18750000
v -0.31250000 0.28750000 -0.16250000
v -0.28750000 0.28750000 -0.16250000
v -0.31250000 0.28750000 -0.13750000
v -0.28750000 0.28750000 -0.13750000
v -0.31250000 0.28750000 -0.11250000
v -0.28750000 0.28750000 -0.11250000
v -0.31250000 0.28750000 -0.08750000
v -0.28750000 0.28750000 -0.08750000
v -0.31250000 0.28750000 -0.06250000
v -0.28750000 0.28750000 -0.06250000
v -0.31250000 0.28750000 -0.03750000
v -0.28750000 0.28750000 -0.03750000
v -0.31250000 0.28750000 -0.01250000
v -0.28750000 0.28750000 -0.01250000
v -0.31250000 0.28750000 0.01250000
v -0.28750000 0.28750000 0.01250000
v -0.31250000 0.28750000 0.03750000
v -0.28750000 0.28750000 0.03750000
v -0.31250000 0.28750000 0.06250000
v -0.28750000 0.28750000 0.06250000
v -0.31250000 0.28750000 0.08750000
v -0.28750000 0.28750000 0.08750000
v -0.31250000 0.28750000 0.11250000
v -0.28750000 0.28750000 0.11250000
v -0.31250000 0.28750000 0.13750000
v -0.28750000 0.28750000 0.13750000
v -0.31250000 0.28750000 0.16250000
v -0.28750000 0.28750000 0.16250000
v -0.31250000 0.28750000 0.18750000
v -0.28750000 0.28750000 0.18750000
v -0.31250000 0.28750000 0.21250000
v -0.28750000 0.28750000 0.21250000
v -0.31250000 0.28750000 0.23750000
v -0.28750000 0.28750000 0.23750000
v -0.31250000 0.28750000 0.26250000
v -0.28750000 0.28750000 0.26250000
v -0.31250000 0.28750000 0.28750000
v -0.28750000 0.28750000 0.28750000
v -0.31250000 0.28750000 0.31250000
v -0.28750000 0.28750000 0.31250000
v -0.31250000 0.28750000 0.33750000
v -0.28750000 0.28750000 0.33750000
v -0.31250000 0.28750000 0.36250000
v -0.28750000 0.28750000 0.36250000
v -0.31250000 0.28750000 0.38750000
v -0.28750000 0.28750000 0.38750000
v -0.31250000 0.28750000 0.41250000
v -0.28750000 0.28750000 0.41250000
v -0.31250000 0.28750000 0.43750000
v -0.28750000 0.28750000 0.43750000
v -0.31250000 0.28750000 0.46250000
v -0.28750000 0.28750000 0.46250000
v -0.31250000 0.28750000 0.48750000
v -0.28750000 0.28750000 0.48750000
v -0.31250000 0.28750000 0.51250000
v -0.28750000 0.28750000 0.51250000
v -0.31250000 0.28750000 0.53750000
v -0.28750000 0.28750000 0.53750000
v -0.31250000 0.28750000 0.56250000
v -0.28750000 0.28750000 0.56250000
v -0.31250000 0.28750000 0.58750000
v -0.28750000 0.28750000 0.58750000
v -0.31250000 0.28750000 0.61250000
v -0.28750000 0.28750000 0.61250000
v -0.26250000 -0.28750000 -0.61250000
v -0.26250000 -0.28750000 -0.58750000
v -0.26250000 -0.26250000 -0.61250000
v -0.26250000 -0.26250000 -0.58750000
v -0.26250000 -0.28750000 0.58750000
v -0.26250000 -0.28750000 0.61250000
v -0.26250000 -0.26250000 0.58750000
v -0.26250000 -0.26250000 0.61250000
v -0.26250000 -0.23750000 -0.61250000
v -0.26250000 -0.23750000 -0.58750000
v -0.26250000 -0.23750000 0.58750000
v -0.26250000 -0.23750000 0.61250000
v -0.26250000 -0.21250000 -0.61250000
v -0.26250000 -0.21250000 -0.58750000
v -0.26250000 -0.21250000 0.58750000
v -0.26250000 -0.21250000 0.61250000
v -0.26250000 -0.18750000 -0.61250000
v -0.26250000 -0.18750000 -0.58750000
v -0.26250000 -0.18750000 0.58750000
v -0.26250000 -0.18750000 0.61250000
v -0.26250000 -0.16250000 -0.61250000
v -0.26250000 -0.16250000 -0.58750000
v -0.26250000 -0.16250000 0.58750000
v -0.26250000 -0.16250000 0.61250000
v -0.26250000 -0.13750000 -0.61250000
v -0.26250000 -0.13750000 -0.58750000
v -0.26250000 -0.13750000 0.58750000
v -0.26250000 -0.13750000 0.61250000
v -0.26250000 -0.11250000 -0.61250000
v -0.26250000 -0.11250000 -0.58750000
v -0.26250000 -0.11250000 0.58750000
v -0.26250000 -0.11250000 0.61250000
v -0.26250000 -0.08750000 -0.61250000
v -0.26250000 -0.08750000 -0.58750000
v -0.26250000 -0.08750000 0.58750000
v -0.26250000 -0.08750000 0.61250000
v -0.26250000 -0.06250000 -0.61250000
v -0.26250000 -0.06250000 -0.58750000
v -0.26250000 -0.06250000 0.58750000
v -0.26250000 -0.06250000 0.61250000
v -0.26250000 -0.03750000 -0.61250000
v -0.26250000 -0.03750000 -0.58750000
v -0.26250000 -0.03750000 0.58750000
v -0.26250000 -0.03750000 0.61250000
v -0.26250000 -0.01250000 -0.61250000
v -0.26250000 -0.01250000 -0.58750000
v -0.26250000 -0.01250000 0.58750000
v -0.26250000 -0.01250000 0.61250000
v -0.26250000 0.01250000 -0.61250000
v -0.26250000 0.01250000 -0.58750000
v -0.26250000 0.01250000 0.58750000
v -0.26250000 0.01250000 0.61250000
v -0.26250000 0.03750000 -0.61250000
v -0.26250000 0.03750000 -0.58750000
v -0.26250000 0.03750000 0.58750000
v -0.26250000 0.03750000 0.61250000
v -0.26250000 0.06250000 -0.61250000
v -0.26250000 0.06250000 -0.58750000
v -0.26250000 0.06250000 0.58750000
v -0.26250000 0.06250000 0.61250000
v -0.26250000 0.08750000 -0.61250000
v -0.26250000 0.08750000 -0.58750000
v -0.26250000 0.08750000 0.58750000
v -0.26250000 0.08750000 0.61250000
v -0.26250000 0.11250000 -0.61250000
v -0.26250000 0.11250000 -0.58750000
v -0.26250000 0.11250000 0.58750000
v -0.26250000 0.11250000 0.61250000
v -0.26250000 0.13750000 -0.61250000
v -0.26250000 0.13750000 -0.58750000
v -0.26250000 0.13750000 0.58750000
v -0.26250000 0.13750000 0.61250000
v -0.26250000 0.16250000 -0.61250000
v -0.26250000 0.16250000 -0.58750000
v -0.26250000 0.16250000 0.58750000
v -0.26250000 0.16250000 0.61250000
v -0.26250000 0.18750000 -0.61250000
v -0.26250000 0.18750000 -0.58750000
v -0.26250000 0.18750000 0.58750000
v -0.26250000 0.18750000 0.61250000
v -0.26250000 0.21250000 -0.61250000
v -0.26250000 0.21250000 -0.58750000
v -0.26250000 0.21250000 0.58750000
v -0.26250000 0.21250000 0.61250000
v -0.26250000 0.23750000 -0.61250000
v -0.26250000 0.23750000 -0.58750000
v -0.26250000 0.23750000 0.58750000
v -0.26250000 0.23750000 0.61250000
v -0.26250000 0.26250000 -0.61250000
v -0.26250000 0.26250000 -0.58750000
v -0.26250000 0.26250000 0.58750000
v -0.26250000 0.26250000 0.61250000
v -0.26250000 0.28750000 -0.61250000
v -0.26250000 0.28750000 -0.58750000
v -0.26250000 0.28750000 0.58750000
v -0.26250000 0.28750000 0.61250000
v -0.28750000 0.31250000 -0.61250000
v -0.28750000 0.31250000 -0.58750000
v -0.26250000 0.31250000 -0.61250000
v -0.26250000 0.31250000 -0.58750000
v -0.28750000 0.31250000 -0.56250000
v -0.26250000 0.28750000 -0.56250000
v -0.26250000 0.31250000 -0.56250000
v -0.28750000 0.31250000 -0.53750000
v -0.26250000 0.28750000 -0.53750000
v -0.26250000 0.31250000 -0.53750000
v -0.28750000 0.31250000 -0.51250000
v -0.26250000 0.28750000 -0.51250000
v -0.26250000 0.31250000 -0.51250000
v -0.28750000 0.31250000 -0.48750000
v -0.26250000 0.28750000 -0.48750000
v -0.26250000 0.31250000 -0.48750000
v -0.28750000 0.31250000 -0.46250000
v -0.26250000 0.28750000 -0.46250000
v -0.26250000 0.31250000 -0.46250000
v -0.28750000 0.31250000 -0.43750000
v -0.26250000 0.28750000 -0.43750000
v -0.26250000 0.31250000 -0.43750000
v -0.28750000 0.31250000 -0.41250000
v -0.26250000 0.28750000 -0.41250000
v -0.26250000 0.31250000 -0.41250000
v -0.28750000 0.31250000 -0.38750000
v -0.26250000 0.28750000 -0.38750000
v -0.26250000 0.31250000 -0.38750000
v -0.28750000 0.31250000 -0.36250000
v -0.26250000 0.28750000 -0.36250000
v -0.26250000 0.31250000 -0.36250000
v -0.28750000 0.31250000 -0.33750000
v -0.26250000 0.28750000 -0.33750000
v -0.26250000 0.31250000 -0.33750000
v -0.28750000 0.31250000 -0.31250000
v -0.26250000 0.28750000 -0.31250000
v -0.26250000 0.31250000 -0.31250000
v -0.28750000 0.31250000 -0.28750000
v -0.26250000 0.28750000 -0.28750000
v -0.26250000 0.31250000 -0.28750000
v -0.28750000 0.31250000 -0.26250000
v -0.26250000 0.28750000 -0.26250000
v -0.26250000 0.31250000 -0.26250000
v -0.28750000 0.31250000 -0.23750000
v -0.26250000 0.28750000 -0.23750000
v -0.26250000 0.31250000 -0.23750000
v -0.28750000 0.31250000 -0.21250000
v -0.26250000 0.28750000 -0.21250000
v -0.26250000 0.31250000 -0.21250000
v -0.28750000 0.31250000 -0.18750000
v -0.26250000 0.28750000 -0.18750000
v -0.26250000 0.31250000 -0.18750000
v -0.28750000 0.31250000 -0.16250000
v -0.26250000 0.28750000 -0.16250000
v -0.26250000 0.31250000 -0.16250000
v -0.28750000 0.31250000 -0.13750000
v -0.26250000 0.28750000 -0.13750000
v -0.26250000 0.31250000 -0.13750000
v -0.28750000 0.31250000 -0.11250000
v -0.26250000 0.28750000 -0.11250000
v -0.26250000 0.31250000 -0.11250000
v -0.28750000 0.31250000 -0.08750000
v -0.26250000 0.28750000 -0.08750000
v -0.26250000 0.31250000 -0.08750000
v -0.28750000 0.31250000 -0.06250000
v -0.26250000 0.28750000 -0.06250000
v -0.26250000 0.31250000 -0.06250000
v -0.28750000 0.31250000 -0.03750000
v -0.26250000 0.28750000 -0.03750000
v -0.26250000 0.31250000 -0.03750000
v -0.28750000 0.31250000 -0.01250000
v -0.26250000 0.28750000 -0.01250000
v -0.26250000 0.31250000 -0.01250000
v -0.28750000 0.31250000 0.01250000
v -0.26250000 0.28750000 0.01250000
v -0.26250000 0.31250000 0.01250000
v -0.28750000 0.31250000 0.03750000
v -0.26250000 0.28750000 0.03750000
v -0.26250000 0.31250000 0.03750000
v -0.28750000 0.31250000 0.06250000
v -0.26250000 0.28750000 0.06250000
v -0.26250000 0.31250000 0.06250000
v -0.28750000 0.31250000 0.08750000
v -0.26250000 0.28750000 0.08750000
v -0.26250000 0.31250000 0.08750000
v -0.28750000 0.31250000 0.11250000
v -0.26250000 0.28750000 0.11250000
v -0.26250000 0.31250000 0.11250000
v -0.28750000 0.31250000 0.13750000
v -0.26250000 0.28750000 0.13750000
v -0.26250000 0.31250000 0.13750000
v -0.28750000 0.31250000 0.16250000
v -0.26250000 0.28750000 0.16250000
v -0.26250000 0.31250000 0.16250000
v -0.28750000 0.31250000 0.18750000
v -0.26250000 0.28750000 0.18750000
v -0.26250000 0.31250000 0.18750000
v -0.28750000 0.31250000 0.21250000
v -0.26250000 0.28750000 0.21250000
v -0.26250000 0.31250000 0.21250000
v -0.28750000 0.31250000 0.23750000
v -0.26250000 0.28750000 0.23750000
v -0.26250000 0.31250000 0.23750000
v -0.28750000 0.31250000 0.26250000
v -0.26250000 0.28750000 0.26250000
v -0.26250000 0.31250000 0.26250000
v -0.28750000 0.31250000 0.28750000
v -0.26250000 0.28750000 0.28750000
v -0.26250000 0.31250000 0.28750000
v -0.28750000 0.31250000 0.31250000
v -0.26250000 0.28750000 0.31250000
v -0.26250000 0.31250000 0.31250000
v -0.28750000 0.31250000 0.33750000
v -0.26250000 0.28750000 0.33750000
v -0.26250000 0.31250000 0.33750000
v -0.28750000 0.31250000 0.36250000
v -0.26250000 0.28750000 0.36250000
v -0.26250000 0.31250000 0.36250000
v -0.28750000 0.31250000 0.38750000
v -0.26250000 0.28750000 0.38750000
v -0.26250000 0.31250000 0.38750000
v -0.28750000 0.31250000 0.41250000
v -0.26250000 0.28750000 0.41250000
v -0.26250000 0.31250000 0.41250000
v -0.28750000 0.31250000 0.43750000
v -0.26250000 0.28750000 0.43750000
v -0.26250000 0.31250000 0.43750000
v -0.28750000 0.31250000 0.46250000
v -0.26250000 0.28750000 0.46250000
v -0.26250000 0.31250000 0.46250000
v -0.28750000 0.31250000 0.48750000
v -0.26250000 0.28750000 0.48750000
v -0.26250000 0.31250000 0.48750000
v -0.28750000 0.31250000 0.51250000
v -0.26250000 0.28750000 0.51250000
v -0.26250000 0.31250000 0.51250000
v -0.28750000 0.31250000 0.53750000
v -0.26250000 0.28750000 0.53750000
v -0.26250000 0.31250000 0.53750000
v -0.28750000 0.31250000 0.56250000
v -0.26250000 0.28750000 0.56250000
v -0.26250000 0.31250000 0.56250000
v -0.28750000 0.31250000 0.58750000
v -0.26250000 0.31250000 0.58750000
v -0.28750000 0.31250000 0.61250000
v -0.26250000 0.31250000 0.61250000
v -0.23750000 -0.28750000 -0.61250000
v -0.23750000 -0.28750000 -0.58750000
v -0.23750000 -0.26250000 -0.61250000
v -0.23750000 -0.26250000 -0.58750000
v -0.23750000 -0.28750000 0.58750000
v -0.23750000 -0.28750000 0.61250000
v -0.23750000 -0.26250000 0.58750000
v -0.23750000 -0.26250000 0.61250000
v -0.23750000 -0.23750000 -0.61250000
v -0.23750000 -0.23750000 -0.58750000
v -0.23750000 -0.23750000 0.58750000
v -0.23750000 -0.23750000 0.61250000
v -0.23750000 -0.21250000 -0.61250000
v -0.23750000 -0.21250000 -0.58750000
v -0.23750000 -0.21250000 0.58750000
v -0.23750000 -0.21250000 0.61250000
v -0.23750000 -0.18750000 -0.61250000
v -0.23750000 -0.18750000 -0.58750000
v -0.23750000 -0.18750000 0.58750000
v -0.23750000 -0.18750000 0.61250000
v -0.23750000 -0.16250000 -0.61250000
v -0.23750000 -0.16250000 -0.58750000
v -0.23750000 -0.16250000 0.58750000
v -0.23750000 -0.16250000 0.61250000
v -0.23750000 -0.13750000 -0.61250000
v -0.23750000 -0.13750000 -0.58750000
v -0.23750000 -0.13750000 0.58750000
v -0.23750000 -0.13750000 0.61250000
v -0.23750000 -0.11250000 -0.61250000
v -0.23750000 -0.11250000 -0.58750000
v -0.23750000 -0.11250000 0.58750000
v -0.23750000 -0.11250000 0.61250000
v -0.23750000 -0.08750000 -0.61250000
v -0.23750000 -0.08750000 -0.58750000
v -0.23750000 -0.08750000 0.58750000
v -0.23750000 -0.08750000 0.61250000
v -0.23750000 -0.06250000 -0.61250000
v -0.23750000 -0.06250000 -0.58750000
v -0.23750000 -0.06250000 0.58750000
v -0.23750000 -0.06250000 0.61250000
v -0.23750000 -0.03750000 -0.61250000
v -0.23750000 -0.03750000 -0.58750000
v -0.23750000 -0.03750000 0.58750000
v -0.23750000 -0.03750000 0.61250000
v -0.23750000 -0.01250000 -0.61250000
v -0.23750000 -0.01250000 -0.58750000
v -0.23750000 -0.01250000 0.58750000
v -0.23750000 -0.01250000 0.61250000
v -0.23750000 0.01250000 -0.61250000
v -0.23750000 0.01250000 -0.58750000
v -0.23750000 0.01250000 0.58750000
v -0.23750000 0.01250000 0.61250000
v -0.23750000 0.03750000 -0.61250000
v -0.23750000 0.03750000 -0.58750000
v -0.23750000 0.03750000 0.58750000
v -0.23750000 0.03750000 0.61250000
v -0.23750000 0.06250000 -0.61250000
v -0.23750000 0.06250000 -0.58750000
v -0.23750000 0.06250000 0.58750000
v -0.23750000 0.06250000 0.61250000
v -0.23750000 0.08750000 -0.61250000
v -0.23750000 0.08750000 -0.58750000
v -0.23750000 0.08750000 0.58750000
v -0.23750000 0.08750000 0.61250000
v -0.23750000 0.11250000 -0.61250000
v -0.23750000 0.11250000 -0.58750000
v -0.23750000 0.11250000 0.58750000
v -0.23750000 0.11250000 0.61250000
v -0.23750000 0.13750000 -0.61250000
v -0.23750000 0.13750000 -0.58750000
v -0.23750000 0.13750000 0.58750000
v -0.23750000 0.13750000 0.61250000
v -0.23750000 0.16250000 -0.61250000
v -0.23750000 0.16250000 -0.58750000
v -0.23750000 0.16250000 0.58750000
v -0.23750000 0.16250000 0.61250000
v -0.23750000 0.18750000 -0.61250000
v -0.23750000 0.18750000 -0.58750000
v -0.23750000 0.18750000 0.58750000
v -0.23750000 0.18750000 0.61250000
v -0.23750000 0.21250000 -0.61250000
v -0.23750000 0.21250000 -0.58750000
v -0.23750000 0.21250000 0.58750000
v -0.23750000 0.21250000 0.61250000
v -0.23750000 0.23750000 -0.61250000
v -0.23750000 0.23750000 -0.58750000
v -0.23750000 0.23750000 0.58750000
v -0.23750000 0.23750000 0.61250000
v -0.23750000 0.26250000 -0.61250000
v -0.23750000 0.26250000 -0.58750000
v -0.23750000 0.26250000 0.58750000
v -0.23750000 0.26250000 0.61250000
v -0.23750000 0.28750000 -0.61250000
v -0.23750000 0.28750000 -0.58750000
v -0.23750000 0.28750000 0.58750000
v -0.23750000 0.28750000 0.61250000
v -0.23750000 0.31250000 -0.61250000
v -0.23750000 0.31250000 -0.58750000
v -0.23750000 0.28750000 -0.56250000
v -0.23750000 0.31250000 -0.56250000
v -0.23750000 0.28750000 -0.53750000
v -0.23750000 0.31250000 -0.53750000
v -0.23750000 0.28750000 -0.51250000
v -0.23750000 0.31250000 -0.51250000
v -0.23750000 0.28750000 -0.48750000
v -0.23750000 0.31250000 -0.48750000
v -0.23750000 0.28750000 -0.46250000
v -0.23750000 0.31250000 -0.46250000
v -0.23750000 0.28750000 -0.43750000
v -0.23750000 0.31250000 -0.43750000
v -0.23750000 0.28750000 -0.41250000
v -0.23750000 0.31250000 -0.41250000
v -0.23750000 0.28750000 -0.38750000
v -0.23750000 0.31250000 -0.38750000
v -0.23750000 0.28750000 -0.36250000
v -0.23750000 0.31250000 -0.36250000
v -0.23750000 0.28750000 -0.33750000
v -0.23750000 0.31250000 -0.33750000
v -0.23750000 0.28750000 -0.31250000
v -0.23750000 0.31250000 -0.31250000
v -0.23750000 0.28750000 -0.28750000
v -0.23750000 0.31250000 -0.28750000
v -0.23750000 0.28750000 -0.26250000
v -0.23750000 0.31250000 -0.26250000
v -0.23750000 0.28750000 -0.23750000
v -0.23750000 0.31250000 -0.23750000
v -0.23750000 0.28750000 -0.21250000
v -0.23750000 0.31250000 -0.21250000
v -0.23750000 0.28750000 -0.18750000
v -0.23750000 0.31250000 -0.18750000
v -0.23750000 0.28750000 -0.16250000
v -0.23750000 0.31250000 -0.16250000
v -0.23750000 0.28750000 -0.13750000
v -0.23750000 0.31250000 -0.13750000
v -0.23750000 0.28750000 -0.11250000
v -0.23750000 0.31250000 -0.11250000
v -0.23750000 0.28750000 -0.08750000
v -0.23750000 0.31250000 -0.08750000
v -0.23750000 0.28750000 -0.06250000
v -0.23750000 0.31250000 -0.06250000
v -0.23750000 0.28750000 -0.03750000
v -0.23750000 0.31250000 -0.03750000
v -0.23750000 0.28750000 -0.01250000
v -0.23750000 0.31250000 -0.01250000
v -0.23750000 0.28750000 0.01250000
v -0.23750000 0.31250000 0.01250000
v -0.23750000 0.28750000 0.03750000
v -0.23750000 0.31250000 0.03750000
v -0.23750000 0.28750000 0.06250000
v -0.23750000 0.31250000 0.06250000
v -0.23750000 0.28750000 0.08750000
v -0.23750000 0.31250000 0.08750000
v -0.23750000 0.28750000 0.11250000
v -0.23750000 0.31250000 0.11250000
v -0.23750000 0.28750000 0.13750000
v -0.23750000 0.31250000 0.13750000
v -0.23750000 0.28750000 0.16250000
v -0.23750000 0.31250000 0.16250000
v -0.23750000 0.28750000 0.18750000
v -0.23750000 0.31250000 0.18750000
v -0.23750000 0.28750000 0.21250000
v -0.23750000 0.31250000 0.21250000
v -0.23750000 0.28750000 0.23750000
v -0.23750000 0.31250000 0.23750000
v -0.23750000 0.28750000 0.26250000
v -0.23750000 0.31250000 0.26250000
v -0.23750000 0.28750000 0.28750000
v -0.23750000 0.31250000 0.28750000
v -0.23750000 0.28750000 0.31250000
v -0.23750000 0.31250000 0.31250000
v -0.23750000 0.28750000 0.33750000
v -0.23750000 0.31250000 0.33750000
v -0.23750000 0.28750000 0.36250000
v -0.23750000 0.31250000 0.36250000
v -0.23750000 0.28750000 0.38750000
v -0.23750000 0.31250000 0.38750000
v -0.23750000 0.28750000 0.41250000
v -0.23750000 0.31250000 0.41250000
v -0.23750000 0.28750000 0.43750000
v -0.23750000 0.31250000 0.43750000
v -0.23750000 0.28750000 0.46250000
v -0.23750000 0.31250000 0.46250000
v -0.23750000 0.28750000 0.48750000
v -0.23750000 0.31250000 0.48750000
v -0.23750000 0.28750000 0.51250000
v -0.23750000 0.31250000 0.51250000
v -0.23750000 0.28750000 0.53750000
v -0.23750000 0.31250000 0.53750000
v -0.23750000 0.28750000 0.56250000
v -0.23750000 0.31250000 0.56250000
v -0.23750000 0.31250000 0.58750000
v -0.23750000 0.31250000 0.61250000
v -0.21250000 -0.28750000 -0.61250000
v -0.21250000 -0.28750000 -0.58750000
v -0.21250000 -0.26250000 -0.61250000
v -0.21250000 -0.26250000 -0.58750000
v -0.21250000 -0.28750000 0.58750000
v -0.21250000 -0.28750000 0.61250000
v -0.21250000 -0.26250000 0.58750000
v -0.21250000 -0.26250000 0.61250000
v -0.21250000 -0.23750000 -0.61250000
v -0.21250000 -0.23750000 -0.58750000
v -0.21250000 -0.23750000 0.58750000
v -0.21250000 -0.23750000 0.61250000
v -0.21250000 -0.21250000 -0.61250000
v -0.21250000 -0.21250000 -0.58750000
v -0.21250000 -0.21250000 0.58750000
v -0.21250000 -0.21250000 0.61250000
v -0.21250000 -0.18750000 -0.61250000
v -0.21250000 -0.18750000 -0.58750000
v -0.21250000 -0.18750000 0.58750000
v -0.21250000 -0.18750000 0.61250000
v -0.21250000 -0.16250000 -0.61250000
v -0.21250000 -0.16250000 -0.58750000
v -0.21250000 -0.16250000 0.58750000
v -0.21250000 -0.16250000 0.61250000
v -0.21250000 -0.13750000 -0.61250000
v -0.21250000 -0.13750000 -0.58750000
v -0.21250000 -0.13750000 0.58750000
v -0.21250000 -0.13750000 0.61250000
v -0.21250000 -0.11250000 -0.61250000
v -0.21250000 -0.11250000 -0.58750000
v -0.21250000 -0.11250000 0.58750000
v -0.21250000 -0.11250000 0.61250000
v -0.21250000 -0.08750000 -0.61250000
v -0.21250000 -0.08750000 -0.58750000
v -0.21250000 -0.08750000 0.58750000
v -0.21250000 -0.08750000 0.61250000
v -0.21250000 -0.06250000 -0.61250000
v -0.21250000 -0.06250000 -0.58750000
v -0.21250000 -0.06250000 0.58750000
v -0.21250000 -0.06250000 0.61250000
v -0.21250000 -0.03750000 -0.61250000
v -0.21250000 -0.03750000 -0.58750000
v -0.21250000 -0.03750000 0.58750000
v -0.21250000 -0.03750000 0.61250000
v -0.21250000 -0.01250000 -0.61250000
v -0.21250000 -0.01250000 -0.58750000
v -0.21250000 -0.01250000 0.58750000
v -0.21250000 -0.01250000 0.61250000
v -0.21250000 0.01250000 -0.61250000
v -0.21250000 0.01250000 -0.58750000
v -0.21250000 0.01250000 0.58750000
v -0.21250000 0.01250000 0.61250000
v -0.21250000 0.03750000 -0.61250000
v -0.21250000 0.03750000 -0.58750000
v -0.21250000 0.03750000 0.58750000
v -0.21250000 0.03750000 0.61250000
v -0.21250000 0.06250000 -0.61250000
v -0.21250000 0.06250000 -0.58750000
v -0.21250000 0.06250000 0.58750000
v -0.21250000 0.06250000 0.61250000
v -0.21250000 0.08750000 -0.61250000
v -0.21250000 0.08750000 -0.58750000
v -0.21250000 0.08750000 0.58750000
v -0.21250000 0.08750000 0.61250000
v -0.21250000 0.11250000 -0.61250000
v -0.21250000 0.11250000 -0.58750000
v -0.21250000 0.11250000 0.58750000
v -0.21250000 0.11250000 0.61250000
v -0.21250000 0.13750000 -0.61250000
v -0.21250000 0.13750000 -0.58750000
v -0.21250000 0.13750000 0.58750000
v -0.21250000 0.13750000 0.61250000
v -0.21250000 0.16250000 -0.61250000
v -0.21250000 0.16250000 -0.58750000
v -0.21250000 0.16250000 0.58750000
v -0.21250000 0.16250000 0.61250000
v -0.21250000 0.18750000 -0.61250000
v -0.21250000 0.18750000 -0.58750000
v -0.21250000 0.18750000 0.58750000
v -0.21250000 0.18750000 0.61250000
v -0.21250000 0.21250000 -0.61250000
v -0.21250000 0.21250000 -0.58750000
v -0.21250000 0.21250000 0.58750000
v -0.21250000 0.21250000 0.61250000
v -0.21250000 0.23750000 -0.61250000
v -0.21250000 0.23750000 -0.58750000
v -0.21250000 0.23750000 0.58750000
v -0.21250000 0.23750000 0.61250000
v -0.21250000 0.26250000 -0.61250000
v -0.21250000 0.26250000 -0.58750000
v -0.21250000 0.26250000 0.58750000
v -0.21250000 0.26250000 0.61250000
v -0.21250000 0.28750000 -0.61250000
v -0.21250000 0.28750000 -0.58750000
v -0.21250000 0.28750000 0.58750000
v -0.21250000 0.28750000 0.61250000
v -0.21250000 0.31250000 -0.61250000
v -0.21250000 0.31250000 -0.58750000
v -0.21250000 0.28750000 -0.56250000
v -0.21250000 0.31250000 -0.56250000
v -0.21250000 0.28750000 -0.53750000
v -0.21250000 0.31250000 -0.53750000
v -0.21250000 0.28750000 -0.51250000
v -0.21250000 0.31250000 -0.51250000
v -0.21250000 0.28750000 -0.48750000
v -0.21250000 0.31250000 -0.48750000
v -0.21250000 0.28750000 -0.46250000
v -0.21250000 0.31250000 -0.46250000
v -0.21250000 0.28750000 -0.43750000
v -0.21250000 0.31250000 -0.43750000
v -0.21250000 0.28750000 -0.41250000
v -0.21250000 0.31250000 -0.41250000
v -0.21250000 0.28750000 -0.38750000
v -0.21250000 0.31250000 -0.38750000
v -0.21250000 0.28750000 -0.36250000
v -0.21250000 0.31250000 -0.36250000
v -0.21250000 0.28750000 -0.33750000
v -0.21250000 0.31250000 -0.33750000
v -0.21250000 0.28750000 -0.31250000
v -0.21250000 0.31250000 -0.31250000
v -0.21250000 0.28750000 -0.28750000
v -0.21250000 0.31250000 -0.28750000
v -0.21250000 0.28750000 -0.26250000
v -0.21250000 0.31250000 -0.26250000
v -0.21250000 0.28750000 -0.23750000
v -0.21250000 0.31250000 -0.23750000
v -0.21250000 0.28750000 -0.21250000
v -0.21250000 0.31250000 -0.21250000
v -0.21250000 0.28750000 -0.18750000
v -0.21250000 0.31250000 -0.18750000
v -0.21250000 0.28750000 -0.16250000
v -0.21250000 0.31250000 -0.16250000
v -0.21250000 0.28750000 -0.13750000
v -0.21250000 0.31250000 -0.13750000
v -0.21250000 0.28750000 -0.11250000
v -0.21250000 0.31250000 -0.11250000
v -0.21250000 0.28750000 -0.08750000
v -0.21250000 0.31250000 -0.08750000
v -0.21250000 0.28750000 -0.06250000
v -0.21250000 0.31250000 -0.06250000
v -0.21250000 0.28750000 -0.03750000
v -0.21250000 0.31250000 -0.03750000
v -0.21250000 0.28750000 -0.01250000
v -0.21250000 0.31250000 -0.01250000
v -0.21250000 0.28750000 0.01250000
v -0.21250000 0.31250000 0.01250000
v -0.21250000 0.28750000 0.03750000
v -0.21250000 0.31250000 0.03750000
v -0.21250000 0.28750000 0.06250000
v -0.21250000 0.31250000 0.06250000
v -0.21250000 0.28750000 0.08750000
v -0.21250000 0.31250000 0.08750000
v -0.21250000 0.28750000 0.11250000
v -0.21250000 0.31250000 0.11250000
v -0.21250000 0.28750000 0.13750000
v -0.21250000 0.31250000 0.13750000
v -0.21250000 0.28750000 0.16250000
v -0.21250000 0.31250000 0.16250000
v -0.21250000 0.28750000 0.18750000
v -0.21250000 0.31250000 0.18750000
v -0.21250000 0.28750000 0.21250000
v -0.21250000 0.31250000 0.21250000
v -0.21250000 0.28750000 0.23750000
v -0.21250000 0.31250000 0.23750000
v -0.21250000 0.28750000 0.26250000
v -0.21250000 0.31250000 0.26250000
v -0.21250000 0.28750000 0.28750000
v -0.21250000 0.31250000 0.28750000
v -0.21250000 0.28750000 0.31250000
v -0.21250000 0.31250000 0.31250000
v -0.21250000 0.28750000 0.33750000
v -0.21250000 0.31250000 0.33750000
v -0.21250000 0.28750000 0.36250000
v -0.21250000 0.31250000 0.36250000
v -0.21250000 0.28750000 0.38750000
v -0.21250000 0.31250000 0.38750000
v -0.21250000 0.28750000 0.41250000
v -0.21250000 0.31250000 0.41250000
v -0.21250000 0.28750000 0.43750000
v -0.21250000 0.31250000 0.43750000
v -0.21250000 0.28750000 0.46250000
v -0.21250000 0.31250000 0.46250000
v -0.21250000 0.28750000 0.48750000
v -0.21250000 0.31250000 0.48750000
v -0.21250000 0.28750000 0.51250000
v -0.21250000 0.31250000 0.51250000
v -0.21250000 0.28750000 0.53750000
v -0.21250000 0.31250000 0.53750000
v -0.21250000 0.28750000 0.56250000
v -0.21250000 0.31250000 0.56250000
v -0.21250000 0.31250000 0.58750000
v -0.21250000 0.31250000 0.61250000
v -0.18750000 -0.28750000 -0.61250000
v -0.18750000 -0.28750000 -0.58750000
v -0.18750000 -0.26250000 -0.61250000
v -0.18750000 -0.26250000 -0.58750000
v -0.18750000 -0.28750000 0.58750000
v -0.18750000 -0.28750000 0.61250000
v -0.18750000 -0.26250000 0.58750000
v -0.18750000 -0.26250000 0.61250000
v -0.18750000 -0.23750000 -0.61250000
v -0.18750000 -0.23750000 -0.58750000
v -0.18750000 -0.23750000 0.58750000
v -0.18750000 -0.23750000 0.61250000
v -0.18750000 -0.21250000 -0.61250000
v -0.18750000 -0.21250000 -0.58750000
v -0.18750000 -0.21250000 0.58750000
v -0.18750000 -0.21250000 0.61250000
v -0.18750000 -0.18750000 -0.61250000
v -0.18750000 -0.18750000 -0.58750000
v -0.18750000 -0.18750000 0.58750000
v -0.18750000 -0.18750000 0.61250000
v -0.18750000 -0.16250000 -0.61250000
v -0.18750000 -0.16250000 -0.58750000
v -0.18750000 -0.16250000 0.58750000
v -0.18750000 -0.16250000 0.61250000
v -0.18750000 -0.13750000 -0.61250000
v -0.18750000 -0.13750000 -0.58750000
v -0.18750000 -0.13750000 0.58750000
v -0.18750000 -0.13750000 0.61250000
v -0.18750000 -0.11250000 -0.61250000
v -0.18750000 -0.11250000 -0.58750000
v -0.18750000 -0.11250000 0.58750000
v -0.18750000 -0.11250000 0.61250000
v -0.18750000 -0.08750000 -0.61250000
v -0.18750000 -0.08750000 -0.58750000
v -0.18750000 -0.08750000 0.58750000
v -0.18750000 -0.08750000 0.61250000
v -0.18750000 -0.06250000 -0.61250000
v -0.18750000 -0.06250000 -0.58750000
v -0.18750000 -0.06250000 0.58750000
v -0.18750000 -0.06250000 0.61250000
v -0.18750000 -0.03750000 -0.61250000
v -0.18750000 -0.03750000 -0.58750000
v -0.18750000 -0.03750000 0.58750000
v -0.18750000 -0.03750000 0.61250000
v -0.18750000 -0.01250000 -0.61250000
v -0.18750000 -0.01250000 -0.58750000
v -0.18750000 -0.01250000 0.58750000
v -0.18750000 -0.01250000 0.61250000
v -0.18750000 0.01250000 -0.61250000
v -0.18750000 0.01250000 -0.58750000
v -0.18750000 0.01250000 0.58750000
v -0.18750000 0.01250000 0.61250000
v -0.18750000 0.03750000 -0.61250000
v -0.18750000 0.03750000 -0.58750000
v -0.18750000 0.03750000 0.58750000
v -0.18750000 0.03750000 0.61250000
v -0.18750000 0.06250000 -0.61250000
v -0.18750000 0.06250000 -0.58750000
v -0.18750000 0.06250000 0.58750000
v -0.18750000 0.06250000 0.61250000
v -0.18750000 0.08750000 -0.61250000
v -0.18750000 0.08750000 -0.58750000
v -0.18750000 0.08750000 0.58750000
v -0.18750000 0.08750000 0.61250000
v -0.18750000 0.11250000 -0.61250000
v -0.18750000 0.11250000 -0.58750000
v -0.18750000 0.11250000 0.58750000
v -0.18750000 0.11250000 0.61250000
v -0.18750000 0.13750000 -0.61250000
v -0.18750000 0.13750000 -0.58750000
v -0.18750000 0.13750000 0.58750000
v -0.18750000 0.13750000 0.61250000
v -0.18750000 0.16250000 -0.61250000
v -0.18750000 0.16250000 -0.58750000
v -0.18750000 0.16250000 0.58750000
v -0.18750000 0.16250000 0.61250000
v -0.18750000 0.18750000 -0.61250000
v -0.18750000 0.18750000 -0.58750000
v -0.18750000 0.18750000 0.58750000
v -0.18750000 0.18750000 0.61250000
v -0.18750000 0.21250000 -0.61250000
v -0.18750000 0.21250000 -0.58750000
v -0.18750000 0.21250000 0.58750000
v -0.18750000 0.21250000 0.61250000
v -0.18750000 0.23750000 -0.61250000
v -0.18750000 0.23750000 -0.58750000
v -0.18750000 0.23750000 0.58750000
v -0.18750000 0.23750000 0.61250000
v -0.18750000 0.26250000 -0.61250000
v -0.18750000 0.26250000 -0.58750000
v -0.18750000 0.26250000 0.58750000
v -0.18750000 0.26250000 0.61250000
v -0.18750000 0.28750000 -0.61250000
v -0.18750000 0.28750000 -0.58750000
v -0.18750000 0.28750000 0.58750000
v -0.18750000 0.28750000 0.61250000
v -0.18750000 0.31250000 -0.61250000
v -0.18750000 0.31250000 -0.58750000
v -0.18750000 0.28750000 -0.56250000
v -0.18750000 0.31250000 -0.56250000
v -0.18750000 0.28750000 -0.53750000
v -0.18750000 0.31250000 -0.53750000
v -0.18750000 0.28750000 -0.51250000
v -0.18750000 0.31250000 -0.51250000
v -0.18750000 0.28750000 -0.48750000
v -0.18750000 0.31250000 -0.48750000
v -0.18750000 0.28750000 -0.46250000
v -0.18750000 0.31250000 -0.46250000
v -0.18750000 0.28750000 -0.43750000
v -0.18750000 0.31250000 -0.43750000
v -0.18750000 0.28750000 -0.41250000
v -0.18750000 0.31250000 -0.41250000
v -0.18750000 0.28750000 -0.38750000
v -0.18750000 0.31250000 -0.38750000
v -0.18750000 0.28750000 -0.36250000
v -0.18750000 0.31250000 -0.36250000
v -0.18750000 0.28750000 -0.33750000
v -0.18750000 0.31250000 -0.33750000
v -0.18750000 0.28750000 -0.31250000
v -0.18750000 0.31250000 -0.31250000
v -0.18750000 0.28750000 -0.28750000
v -0.18750000 0.31250000 -0.28750000
v -0.18750000 0.28750000 -0.26250000
v -0.18750000 0.31250000 -0.26250000
v -0.18750000 0.28750000 -0.23750000
v -0.18750000 0.31250000 -0.23750000
v -0.18750000 0.28750000 -0.21250000
v -0.18750000 0.31250000 -0.21250000
v -0.18750000 0.28750000 -0.18750000
v -0.18750000 0.31250000 -0.18750000
v -0.18750000 0.28750000 -0.16250000
v -0.18750000 0.31250000 -0.16250000
v -0.18750000 0.28750000 -0.13750000
v -0.18750000 0.31250000 -0.13750000
v -0.18750000 0.28750000 -0.11250000
v -0.18750000 0.31250000 -0.11250000
v -0.18750000 0.28750000 -0.08750000
v -0.18750000 0.31250000 -0.08750000
v -0.18750000 0.28750000 -0.06250000
v -0.18750000 0.31250000 -0.06250000
v -0.18750000 0.28750000 -0.03750000
v -0.18750000 0.31250000 -0.03750000
v -0.18750000 0.28750000 -0.01250000
v -0.18750000 0.31250000 -0.01250000
v -0.18750000 0.28750000 0.01250000
v -0.18750000 0.31250000 0.01250000
v -0.18750000 0.28750000 0.03750000
v -0.18750000 0.31250000 0.03750000
v -0.18750000 0.28750000 0.06250000
v -0.18750000 0.31250000 0.06250000
v -0.18750000 0.28750000 0.08750000
v -0.18750000 0.31250000 0.08750000
v -0.18750000 0.28750000 0.11250000
v -0.18750000 0.31250000 0.11250000
v -0.18750000 0.28750000 0.13750000
v -0.18750000 0.31250000 0.13750000
v -0.18750000 0.28750000 0.16250000
v -0.18750000 0.31250000 0.16250000
v -0.18750000 0.28750000 0.18750000
v -0.18750000 0.31250000 0.18750000
v -0.18750000 0.28750000 0.21250000
v -0.18750000 0.31250000 0.21250000
v -0.18750000 0.28750000 0.23750000
v -0.18750000 0.31250000 0.23750000
v -0.18750000 0.28750000 0.26250000
v -0.18750000 0.31250000 0.26250000
v -0.18750000 0.28750000 0.28750000
v -0.18750000 0.31250000 0.28750000
v -0.18750000 0.28750000 0.31250000
v -0.18750000 0.31250000 0.31250000
v -0.18750000 0.28750000 0.33750000
v -0.18750000 0.31250000 0.33750000
v -0.18750000 0.28750000 0.36250000
v -0.18750000 0.31250000 0.36250000
v -0.18750000 0.28750000 0.38750000
v -0.18750000 0.31250000 0.38750000
v -0.18750000 0.28750000 0.41250000
v -0.18750000 0.31250000 0.41250000
v -0.18750000 0.28750000 0.43750000
v -0.18750000 0.31250000 0.43750000
v -0.18750000 0.28750000 0.46250000
v -0.18750000 0.31250000 0.46250000
v -0.18750000 0.28750000 0.48750000
v -0.18750000 0.31250000 0.48750000
v -0.18750000 0.28750000 0.51250000
v -0.18750000 0.31250000 0.51250000
v -0.18750000 0.28750000 0.53750000
v -0.18750000 0.31250000 0.53750000
v -0.18750000 0.28750000 0.56250000
v -0.18750000 0.31250000 0.56250000
v -0.18750000 0.31250000 0.58750000
v -0.18750000 0.31250000 0.61250000
v -0.16250000 -0.28750000 -0.61250000
v -0.16250000 -0.28750000 -0.58750000
v -0.16250000 -0.26250000 -0.61250000
v -0.16250000 -0.26250000 -0.58750000
v -0.16250000 -0.28750000 0.58750000
v -0.16250000 -0.28750000 0.61250000
v -0.16250000 -0.26250000 0.58750000
v -0.16250000 -0.26250000 0.61250000
v -0.16250000 -0.23750000 -0.61250000
v -0.16250000 -0.23750000 -0.58750000
v -0.16250000 -0.23750000 0.58750000
v -0.16250000 -0.23750000 0.61250000
v -0.16250000 -0.21250000 -0.61250000
v -0.16250000 -0.21250000 -0.58750000
v -0.16250000 -0.21250000 0.58750000
v -0.16250000 -0.21250000 0.61250000
v -0.16250000 -0.18750000 -0.61250000
v -0.16250000 -0.18750000 -0.58750000
v -0.16250000 -0.18750000 0.58750000
v -0.16250000 -0.18750000 0.61250000
v -0.16250000 -0.16250000 -0.61250000
v -0.16250000 -0.16250000 -0.58750000
v -0.16250000 -0.16250000 0.58750000
v -0.16250000 -0.16250000 0.61250000
v -0.16250000 -0.13750000 -0.61250000
v -0.16250000 -0.13750000 -0.58750000
v -0.16250000 -0.13750000 0.58750000
v -0.16250000 -0.13750000 0.61250000
v -0.16250000 -0.11250000 -0.61250000
v -0.16250000 -0.11250000 -0.58750000
v -0.16250000 -0.11250000 0.58750000
v -0.16250000 -0.11250000 0.61250000
v -0.16250000 -0.08750000 -0.61250000
v -0.16250000 -0.08750000 -0.58750000
v -0.16250000 -0.08750000 0.58750000
v -0.16250000 -0.08750000 0.61250000
v -0.16250000 -0.06250000 -0.61250000
v -0.16250000 -0.06250000 -0.58750000
v -0.16250000 -0.06250000 0.58750000
v -0.16250000 -0.06250000 0.61250000
v -0.16250000 -0.03750000 -0.61250000
v -0.16250000 -0.03750000 -0.58750000
v -0.16250000 -0.03750000 0.58750000
v -0.16250000 -0.03750000 0.61250000
v -0.16250000 -0.01250000 -0.61250000
v -0.16250000 -0.01250000 -0.58750000
v -0.16250000 -0.01250000 0.58750000
v -0.16250000 -0.01250000 0.61250000
v -0.16250000 0.01250000 -0.61250000
v -0.16250000 0.01250000 -0.58750000
v -0.16250000 0.01250000 0.58750000
v -0.16250000 0.01250000 0.61250000
v -0.16250000 0.03750000 -0.61250000
v -0.16250000 0.03750000 -0.58750000
v -0.16250000 0.03750000 0.58750000
v -0.16250000 0.03750000 0.61250000
v -0.16250000 0.06250000 -0.61250000
v -0.16250000 0.06250000 -0.58750000
v -0.16250000 0.06250000 0.58750000
v -0.16250000 0.06250000 0.61250000
v -0.16250000 0.08750000 -0.61250000
v -0.16250000 0.08750000 -0.58750000
v -0.16250000 0.08750000 0.58750000
v -0.16250000 0.08750000 0.61250000
v -0.16250000 0.11250000 -0.61250000
v -0.16250000 0.11250000 -0.58750000
v -0.16250000 0.11250000 0.58750000
v -0.16250000 0.11250000 0.61250000
v -0.16250000 0.13750000 -0.61250000
v -0.16250000 0.13750000 -0.58750000
v -0.16250000 0.13750000 0.58750000
v -0.16250000 0.13750000 0.61250000
v -0.16250000 0.16250000 -0.61250000
v -0.16250000 0.16250000 -0.58750000
v -0.16250000 0.16250000 0.58750000
v -0.16250000 0.16250000 0.61250000
v -0.16250000 0.18750000 -0.61250000
v -0.16250000 0.18750000 -0.58750000
v -0.16250000 0.18750000 0.58750000
v -0.16250000 0.18750000 0.61250000
v -0.16250000 0.21250000 -0.61250000
v -0.16250000 0.21250000 -0.58750000
v -0.16250000 0.21250000 0.58750000
v -0.16250000 0.21250000 0.61250000
v -0.16250000 0.23750000 -0.61250000
v -0.16250000 0.23750000 -0.58750000
v -0.16250000 0.23750000 0.58750000
v -0.16250000 0.23750000 0.61250000
v -0.16250000 0.26250000 -0.61250000
v -0.16250000 0.26250000 -0.58750000
v -0.16250000 0.26250000 0.58750000
v -0.16250000 0.26250000 0.61250000
v -0.16250000 0.28750000 -0.61250000
v -0.16250000 0.28750000 -0.58750000
v -0.16250000 0.28750000 0.58750000
v -0.16250000 0.28750000 0.61250000
v -0.16250000 0.31250000 -0.61250000
v -0.16250000 0.31250000 -0.58750000
v -0.16250000 0.28750000 -0.56250000
v -0.16250000 0.31250000 -0.56250000
v -0.16250000 0.28750000 -0.53750000
v -0.16250000 0.31250000 -0.53750000
v -0.16250000 0.28750000 -0.51250000
v -0.16250000 0.31250000 -0.51250000
v -0.16250000 0.28750000 -0.48750000
v -0.16250000 0.31250000 -0.48750000
v -0.16250000 0.28750000 -0.46250000
v -0.16250000 0.31250000 -0.46250000
v -0.16250000 0.28750000 -0.43750000
v -0.16250000 0.31250000 -0.43750000
v -0.16250000 0.28750000 -0.41250000
v -0.16250000 0.31250000 -0.41250000
v -0.16250000 0.28750000 -0.38750000
v -0.16250000 0.31250000 -0.38750000
v -0.16250000 0.28750000 -0.36250000
v -0.16250000 0.31250000 -0.36250000
v -0.16250000 0.28750000 -0.33750000
v -0.16250000 0.31250000 -0.33750000
v -0.16250000 0.28750000 -0.31250000
v -0.16250000 0.31250000 -0.31250000
v -0.16250000 0.28750000 -0.28750000
v -0.16250000 0.31250000 -0.28750000
v -0.16250000 0.28750000 -0.26250000
v -0.16250000 0.31250000 -0.26250000
v -0.16250000 0.28750000 -0.23750000
v -0.16250000 0.31250000 -0.23750000
v -0.16250000 0.28750000 -0.21250000
v -0.16250000 0.31250000 -0.21250000
v -0.16250000 0.28750000 -0.18750000
v -0.16250000 0.31250000 -0.18750000
v -0.16250000 0.28750000 -0.16250000
v -0.16250000 0.31250000 -0.16250000
v -0.16250000 0.28750000 -0.13750000
v -0.16250000 0.31250000 -0.13750000
v -0.16250000 0.28750000 -0.11250000
v -0.16250000 0.31250000 -0.11250000
v -0.16250000 0.28750000 -0.08750000
v -0.16250000 0.31250000 -0.08750000
v -0.16250000 0.28750000 -0.06250000
v -0.16250000 0.31250000 -0.06250000
v -0.16250000 0.28750000 -0.03750000
v -0.16250000 0.31250000 -0.03750000
v -0.16250000 0.28750000 -0.01250000
v -0.16250000 0.31250000 -0.01250000
v -0.16250000 0.28750000 0.01250000
v -0.16250000 0.31250000 0.01250000
v -0.16250000 0.28750000 0.03750000
v -0.16250000 0.31250000 0.03750000
v -0.16250000 0.28750000 0.06250000
v -0.16250000 0.31250000 0.06250000
v -0.16250000 0.28750000 0.08750000
v -0.16250000 0.31250000 0.08750000
v -0.16250000 0.28750000 0.11250000
v -0.16250000 0.31250000 0.11250000
v -0.16250000 0.28750000 0.13750000
v -0.16250000 0.31250000 0.13750000
v -0.16250000 0.28750000 0.16250000
v -0.16250000 0.31250000 0.16250000
v -0.16250000 0.28750000 0.18750000
v -0.16250000 0.31250000 0.18750000
v -0.16250000 0.28750000 0.21250000
v -0.16250000 0.31250000 0.21250000
v -0.16250000 0.28750000 0.23750000
v -0.16250000 0.31250000 0.23750000
v -0.16250000 0.28750000 0.26250000
v -0.16250000 0.31250000 0.26250000
v -0.16250000 0.28750000 0.28750000
v -0.16250000 0.31250000 0.28750000
v -0.16250000 0.28750000 0.31250000
v -0.16250000 0.31250000 0.31250000
v -0.16250000 0.28750000 0.33750000
v -0.16250000 0.31250000 0.33750000
v -0.16250000 0.28750000 0.36250000
v -0.16250000 0.31250000 0.36250000
v -0.16250000 0.28750000 0.38750000
v -0.16250000 0.31250000 0.38750000
v -0.16250000 0.28750000 0.41250000
v -0.16250000 0.31250000 0.41250000
v -0.16250000 0.28750000 0.43750000
v -0.16250000 0.31250000 0.43750000
v -0.16250000 0.28750000 0.46250000
v -0.16250000 0.31250000 0.46250000
v -0.16250000 0.28750000 0.48750000
v -0.16250000 0.31250000 0.48750000
v -0.16250000 0.28750000 0.51250000
v -0.16250000 0.31250000 0.51250000
v -0.16250000 0.28750000 0.53750000
v -0.16250000 0.31250000 0.53750000
v -0.16250000 0.28750000 0.56250000
v -0.16250000 0.31250000 0.56250000
v -0.16250000 0.31250000 0.58750000
v -0.16250000 0.31250000 0.61250000
v -0.13750000 -0.28750000 -0.61250000
v -0.13750000 -0.28750000 -0.58750000
v -0.13750000 -0.26250000 -0.61250000
v -0.13750000 -0.26250000 -0.58750000
v -0.13750000 -0.28750000 0.58750000
v -0.13750000 -0.28750000 0.61250000
v -0.13750000 -0.26250000 0.58750000
v -0.13750000 -0.26250000 0.61250000
v -0.13750000 -0.23750000 -0.61250000
v -0.13750000 -0.23750000 -0.58750000
v -0.13750000 -0.23750000 0.58750000
v -0.13750000 -0.23750000 0.61250000
v -0.13750000 -0.21250000 -0.61250000
v -0.13750000 -0.21250000 -0.58750000
v -0.13750000 -0.21250000 0.58750000
v -0.13750000 -0.21250000 0.61250000
v -0.13750000 -0.18750000 -0.61250000
v -0.13750000 -0.18750000 -0.58750000
v -0.13750000 -0.18750000 0.58750000
v -0.13750000 -0.18750000 0.61250000
v -0.13750000 -0.16250000 -0.61250000
v -0.13750000 -0.16250000 -0.58750000
v -0.13750000 -0.16250000 0.58750000
v -0.13750000 -0.16250000 0.61250000
v -0.13750000 -0.13750000 -0.61250000
v -0.13750000 -0.13750000 -0.58750000
v -0.13750000 -0.13750000 0.58750000
v -0.13750000 -0.13750000 0.61250000
v -0.13750000 -0.11250000 -0.61250000
v -0.13750000 -0.11250000 -0.58750000
v -0.13750000 -0.11250000 0.58750000
v -0.13750000 -0.11250000 0.61250000
v -0.13750000 -0.08750000 -0.61250000
v -0.13750000 -0.08750000 -0.58750000
v -0.13750000 -0.08750000 0.58750000
v -0.13750000 -0.08750000 0.61250000
v -0.13750000 -0.06250000 -0.61250000
v -0.13750000 -0.06250000 -0.58750000
v -0.13750000 -0.06250000 0.58750000
v -0.13750000 -0.06250000 0.61250000
v -0.13750000 -0.03750000 -0.61250000
v -0.13750000 -0.03750000 -0.58750000
v -0.13750000 -0.03750000 0.58750000
v -0.13750000 -0.03750000 0.61250000
v -0.13750000 -0.01250000 -0.61250000
v -0.13750000 -0.01250000 -0.58750000
v -0.13750000 -0.01250000 0.58750000
v -0.13750000 -0.01250000 0.61250000
v -0.13750000 0.01250000 -0.61250000
v -0.13750000 0.01250000 -0.58750000
v -0.13750000 0.01250000 0.58750000
v -0.13750000 0.01250000 0.61250000
v -0.13750000 0.03750000 -0.61250000
v -0.13750000 0.03750000 -0.58750000
v -0.13750000 0.03750000 0.58750000
v -0.13750000 0.03750000 0.61250000
v -0.13750000 0.06250000 -0.61250000
v -0.13750000 0.06250000 -0.58750000
v -0.13750000 0.06250000 0.58750000
v -0.13750000 0.06250000 0.61250000
v -0.13750000 0.08750000 -0.61250000
v -0.13750000 0.08750000 -0.58750000
v -0.13750000 0.08750000 0.58750000
v -0.13750000 0.08750000 0.61250000
v -0.13750000 0.11250000 -0.61250000
v -0.13750000 0.11250000 -0.58750000
v -0.13750000 0.11250000 0.58750000
v -0.13750000 0.11250000 0.61250000
v -0.13750000 0.13750000 -0.61250000
v -0.13750000 0.13750000 -0.58750000
v -0.13750000 0.13750000 0.58750000
v -0.13750000 0.13750000 0.61250000
v -0.13750000 0.16250000 -0.61250000
v -0.13750000 0.16250000 -0.58750000
v -0.13750000 0.16250000 0.58750000
v -0.13750000 0.16250000 0.61250000
v -0.13750000 0.18750000 -0.61250000
v -0.13750000 0.18750000 -0.58750000
v -0.13750000 0.18750000 0.58750000
v -0.13750000 0.18750000 0.61250000
v -0.13750000 0.21250000 -0.61250000
v -0.13750000 0.21250000 -0.58750000
v -0.13750000 0.21250000 0.58750000
v -0.13750000 0.21250000 0.61250000
v -0.13750000 0.23750000 -0.61250000
v -0.13750000 0.23750000 -0.58750000
v -0.13750000 0.23750000 0.58750000
v -0.13750000 0.23750000 0.61250000
v -0.13750000 0.26250000 -0.61250000
v -0.13750000 0.26250000 -0.58750000
v -0.13750000 0.26250000 0.58750000
v -0.13750000 0.26250000 0.61250000
v -0.13750000 0.28750000 -0.61250000
v -0.13750000 0.28750000 -0.58750000
v -0.13750000 0.28750000 0.58750000
v -0.13750000 0.28750000 0.61250000
v -0.13750000 0.31250000 -0.61250000
v -0.13750000 0.31250000 -0.58750000
v -0.13750000 0.28750000 -0.56250000
v -0.13750000 0.31250000 -0.56250000
v -0.13750000 0.28750000 -0.53750000
v -0.13750000 0.31250000 -0.53750000
v -0.13750000 0.28750000 -0.51250000
v -0.13750000 0.31250000 -0.51250000
v -0.13750000 0.28750000 -0.48750000
v -0.13750000 0.31250000 -0.48750000
v -0.13750000 0.28750000 -0.46250000
v -0.13750000 0.31250000 -0.46250000
v -0.13750000 0.28750000 -0.43750000
v -0.13750000 0.31250000 -0.43750000
v -0.13750000 0.28750000 -0.41250000
v -0.13750000 0.31250000 -0.41250000
v -0.13750000 0.28750000 -0.38750000
v -0.13750000 0.31250000 -0.38750000
v -0.13750000 0.28750000 -0.36250000
v -0.13750000 0.31250000 -0.36250000
v -0.13750000 0.28750000 -0.33750000
v -0.13750000 0.31250000 -0.33750000
v -0.13750000 0.28750000 -0.31250000
v -0.13750000 0.31250000 -0.31250000
v -0.13750000 0.28750000 -0.28750000
v -0.13750000 0.31250000 -0.28750000
v -0.13750000 0.28750000 -0.26250000
v -0.13750000 0.31250000 -0.26250000
v -0.13750000 0.28750000 -0.23750000
v -0.13750000 0.31250000 -0.23750000
v -0.13750000 0.28750000 -0.21250000
v -0.13750000 0.31250000 -0.21250000
v -0.13750000 0.28750000 -0.18750000
v -0.13750000 0.31250000 -0.18750000
v -0.13750000 0.28750000 -0.16250000
v -0.13750000 0.31250000 -0.16250000
v -0.13750000 0.28750000 -0.13750000
v -0.13750000 0.31250000 -0.13750000
v -0.13750000 0.28750000 -0.11250000
v -0.13750000 0.31250000 -0.11250000
v -0.13750000 0.28750000 -0.08750000
v -0.13750000 0.31250000 -0.08750000
v -0.13750000 0.28750000 -0.06250000
v -0.13750000 0.31250000 -0.06250000
v -0.13750000 0.28750000 -0.03750000
v -0.13750000 0.31250000 -0.03750000
v -0.13750000 0.28750000 -0.01250000
v -0.13750000 0.31250000 -0.01250000
v -0.13750000 0.28750000 0.01250000
v -0.13750000 0.31250000 0.01250000
v -0.13750000 0.28750000 0.03750000
v -0.13750000 0.31250000 0.03750000
v -0.13750000 0.28750000 0.06250000
v -0.13750000 0.31250000 0.06250000
v -0.13750000 0.28750000 0.08750000
v -0.13750000 0.31250000 0.08750000
v -0.13750000 0.28750000 0.11250000
v -0.13750000 0.31250000 0.11250000
v -0.13750000 0.28750000 0.13750000
v -0.13750000 0.31250000 0.13750000
v -0.13750000 0.28750000 0.16250000
v -0.13750000 0.31250000 0.16250000
v -0.13750000 0.28750000 0.18750000
v -0.13750000 0.31250000 0.18750000
v -0.13750000 0.28750000 0.21250000
v -0.13750000 0.31250000 0.21250000
v -0.13750000 0.28750000 0.23750000
v -0.13750000 0.31250000 0.23750000
v -0.13750000 0.28750000 0.26250000
v -0.13750000 0.31250000 0.26250000
v -0.13750000 0.28750000 0.28750000
v -0.13750000 0.31250000 0.28750000
v -0.13750000 0.28750000 0.31250000
v -0.13750000 0.31250000 0.31250000
v -0.13750000 0.28750000 0.33750000
v -0.13750000 0.31250000 0.33750000
v -0.13750000 0.28750000 0.36250000
v -0.13750000 0.31250000 0.36250000
v -0.13750000 0.28750000 0.38750000
v -0.13750000 0.31250000 0.38750000
v -0.13750000 0.28750000 0.41250000
v -0.13750000 0.31250000 0.41250000
v -0.13750000 0.28750000 0.43750000
v -0.13750000 0.31250000 0.43750000
v -0.13750000 0.28750000 0.46250000
v -0.13750000 0.31250000 0.46250000
v -0.13750000 0.28750000 0.48750000
v -0.13750000 0.31250000 0.48750000
v -0.13750000 0.28750000 0.51250000
v -0.13750000 0.31250000 0.51250000
v -0.13750000 0.28750000 0.53750000
v -0.13750000 0.31250000 0.53750000
v -0.13750000 0.28750000 0.56250000
v -0.13750000 0.31250000 0.56250000
v -0.13750000 0.31250000 0.58750000
v -0.13750000 0.31250000 0.61250000
v -0.11250000 -0.28750000 -0.61250000
v -0.11250000 -0.28750000 -0.58750000
v -0.11250000 -0.26250000 -0.61250000
v -0.11250000 -0.26250000 -0.58750000
v -0.11250000 -0.28750000 0.58750000
v -0.11250000 -0.28750000 0.61250000
v -0.11250000 -0.26250000 0.58750000
v -0.11250000 -0.26250000 0.61250000
v -0.11250000 -0.23750000 -0.61250000
v -0.11250000 -0.23750000 -0.58750000
v -0.11250000 -0.23750000 0.58750000
v -0.11250000 -0.23750000 0.61250000
v -0.11250000 -0.21250000 -0.61250000
v -0.11250000 -0.21250000 -0.58750000
v -0.11250000 -0.21250000 0.58750000
v -0.11250000 -0.21250000 0.61250000
v -0.11250000 -0.18750000 -0.61250000
v -0.11250000 -0.18750000 -0.58750000
v -0.11250000 -0.18750000 0.58750000
v -0.11250000 -0.18750000 0.61250000
v -0.11250000 -0.16250000 -0.61250000
v -0.11250000 -0.16250000 -0.58750000
v -0.11250000 -0.16250000 0.58750000
v -0.11250000 -0.16250000 0.61250000
v -0.11250000 -0.13750000 -0.61250000
v -0.11250000 -0.13750000 -0.58750000
v -0.11250000 -0.13750000 0.58750000
v -0.11250000 -0.13750000 0.61250000
v -0.11250000 -0.11250000 -0.61250000
v -0.11250000 -0.11250000 -0.58750000
v -0.11250000 -0.11250000 0.58750000
v -0.11250000 -0.11250000 0.61250000
v -0.11250000 -0.08750000 -0.61250000
v -0.11250000 -0.08750000 -0.58750000
v -0.11250000 -0.08750000 0.58750000
v -0.11250000 -0.08750000 0.61250000
v -0.11250000 -0.06250000 -0.61250000
v -0.11250000 -0.06250000 -0.58750000
v -0.11250000 -0.06250000 0.58750000
v -0.11250000 -0.06250000 0.61250000
v -0.11250000 -0.03750000 -0.61250000
v -0.11250000 -0.03750000 -0.58750000
v -0.11250000 -0.03750000 0.58750000
v -0.11250000 -0.03750000 0.61250000
v -0.11250000 -0.01250000 -0.61250000
v -0.11250000 -0.01250000 -0.58750000
v -0.11250000 -0.01250000 0.58750000
v -0.11250000 -0.01250000 0.61250000
v -0.11250000 0.01250000 -0.61250000
v -0.11250000 0.01250000 -0.58750000
v -0.11250000 0.01250000 0.58750000
v -0.11250000 0.01250000 0.61250000
v -0.11250000 0.03750000 -0.61250000
v -0.11250000 0.03750000 -0.58750000
v -0.11250000 0.03750000 0.58750000
v -0.11250000 0.03750000 0.61250000
v -0.11250000 0.06250000 -0.61250000
v -0.11250000 0.06250000 -0.58750000
v -0.11250000 0.06250000 0.58750000
v -0.11250000 0.06250000 0.61250000
v -0.11250000 0.08750000 -0.61250000
v -0.11250000 0.08750000 -0.58750000
v -0.11250000 0.08750000 0.58750000
v -0.11250000 0.08750000 0.61250000
v -0.11250000 0.11250000 -0.61250000
v -0.11250000 0.11250000 -0.58750000
v -0.11250000 0.11250000 0.58750000
v -0.11250000 0.11250000 0.61250000
v -0.11250000 0.13750000 -0.61250000
v -0.11250000 0.13750000 -0.58750000
v -0.11250000 0.13750000 0.58750000
v -0.11250000 0.13750000 0.61250000
v -0.11250000 0.16250000 -0.61250000
v -0.11250000 0.16250000 -0.58750000
v -0.11250000 0.16250000 0.58750000
v -0.11250000 0.16250000 0.61250000
v -0.11250000 0.18750000 -0.61250000
v -0.11250000 0.18750000 -0.58750000
v -0.11250000 0.18750000 0.58750000
v -0.11250000 0.18750000 0.61250000
v -0.11250000 0.21250000 -0.61250000
v -0.11250000 0.21250000 -0.58750000
v -0.11250000 0.21250000 0.58750000
v -0.11250000 0.21250000 0.61250000
v -0.11250000 0.23750000 -0.61250000
v -0.11250000 0.23750000 -0.58750000
v -0.11250000 0.23750000 0.58750000
v -0.11250000 0.23750000 0.61250000
v -0.11250000 0.26250000 -0.61250000
v -0.11250000 0.26250000 -0.58750000
v -0.11250000 0.26250000 0.58750000
v -0.11250000 0.26250000 0.61250000
v -0.11250000 0.28750000 -0.61250000
v -0.11250000 0.28750000 -0.58750000
v -0.11250000 0.28750000 0.58750000
v -0.11250000 0.28750000 0.61250000
v -0.11250000 0.31250000 -0.61250000
v -0.11250000 0.31250000 -0.58750000
v -0.11250000 0.28750000 -0.56250000
v -0.11250000 0.31250000 -0.56250000
v -0.11250000 0.28750000 -0.53750000
v -0.11250000 0.31250000 -0.53750000
v -0.11250000 0.28750000 -0.51250000
v -0.11250000 0.31250000 -0.51250000
v -0.11250000 0.28750000 -0.48750000
v -0.11250000 0.31250000 -0.48750000
v -0.11250000 0.28750000 -0.46250000
v -0.11250000 0.31250000 -0.46250000
v -0.11250000 0.28750000 -0.43750000
v -0.11250000 0.31250000 -0.43750000
v -0.11250000 0.28750000 -0.41250000
v -0.11250000 0.31250000 -0.41250000
v -0.11250000 0.28750000 -0.38750000
v -0.11250000 0.31250000 -0.38750000
v -0.11250000 0.28750000 -0.36250000
v -0.11250000 0.31250000 -0.36250000
v -0.11250000 0.28750000 -0.33750000
v -0.11250000 0.31250000 -0.33750000
v -0.11250000 0.28750000 -0.31250000
v -0.11250000 0.31250000 -0.31250000
v -0.11250000 0.28750000 -0.28750000
v -0.11250000 0.31250000 -0.28750000
v -0.11250000 0.28750000 -0.26250000
v -0.11250000 0.31250000 -0.26250000
v -0.11250000 0.28750000 -0.23750000
v -0.11250000 0.31250000 -0.23750000
v -0.11250000 0.28750000 -0.21250000
v -0.11250000 0.31250000 -0.21250000
v -0.11250000 0.28750000 -0.18750000
v -0.11250000 0.31250000 -0.18750000
v -0.11250000 0.28750000 -0.16250000
v -0.11250000 0.31250000 -0.16250000
v -0.11250000 0.28750000 -0.13750000
v -0.11250000 0.31250000 -0.13750000
v -0.11250000 0.28750000 -0.11250000
v -0.11250000 0.31250000 -0.11250000
v -0.11250000 0.28750000 -0.08750000
v -0.11250000 0.31250000 -0.08750000
v -0.11250000 0.28750000 -0.06250000
v -0.11250000 0.31250000 -0.06250000
v -0.11250000 0.28750000 -0.03750000
v -0.11250000 0.31250000 -0.03750000
v -0.11250000 0.28750000 -0.01250000
v -0.11250000 0.31250000 -0.01250000
v -0.11250000 0.28750000 0.01250000
v -0.11250000 0.31250000 0.01250000
v -0.11250000 0.28750000 0.03750000
v -0.11250000 0.31250000 0.03750000
v -0.11250000 0.28750000 0.06250000
v -0.11250000 0.31250000 0.06250000
v -0.11250000 0.28750000 0.08750000
v -0.11250000 0.31250000 0.08750000
v -0.11250000 0.28750000 0.11250000
v -0.11250000 0.31250000 0.11250000
v -0.11250000 0.28750000 0.13750000
v -0.11250000 0.31250000 0.13750000
v -0.11250000 0.28750000 0.16250000
v -0.11250000 0.31250000 0.16250000
v -0.11250000 0.28750000 0.18750000
v -0.11250000 0.31250000 0.18750000
v -0.11250000 0.28750000 0.21250000
v -0.11250000 0.31250000 0.21250000
v -0.11250000 0.28750000 0.23750000
v -0.11250000 0.31250000 0.23750000
v -0.11250000 0.28750000 0.26250000
v -0.11250000 0.31250000 0.26250000
v -0.11250000 0.28750000 0.28750000
v -0.11250000 0.31250000 0.28750000
v -0.11250000 0.28750000 0.31250000
v -0.11250000 0.31250000 0.31250000
v -0.11250000 0.28750000 0.33750000
v -0.11250000 0.31250000 0.33750000
v -0.11250000 0.28750000 0.36250000
v -0.11250000 0.31250000 0.36250000
v -0.11250000 0.28750000 0.38750000
v -0.11250000 0.31250000 0.38750000
v -0.11250000 0.28750000 0.41250000
v -0.11250000 0.31250000 0.41250000
v -0.11250000 0.28750000 0.43750000
v -0.11250000 0.31250000 0.43750000
v -0.11250000 0.28750000 0.46250000
v -0.11250000 0.31250000 0.46250000
v -0.11250000 0.28750000 0.48750000
v -0.11250000 0.31250000 0.48750000
v -0.11250000 0.28750000 0.51250000
v -0.11250000 0.31250000 0.51250000
v -0.11250000 0.28750000 0.53750000
v -0.11250000 0.31250000 0.53750000
v -0.11250000 0.28750000 0.56250000
v -0.11250000 0.31250000 0.56250000
v -0.11250000 0.31250000 0.58750000
v -0.11250000 0.31250000 0.61250000
v -0.08750000 -0.28750000 -0.61250000
v -0.08750000 -0.28750000 -0.58750000
v -0.08750000 -0.26250000 -0.61250000
v -0.08750000 -0.26250000 -0.58750000
v -0.08750000 -0.28750000 0.58750000
v -0.08750000 -0.28750000 0.61250000
v -0.08750000 -0.26250000 0.58750000
v -0.08750000 -0.26250000 0.61250000
v -0.08750000 -0.23750000 -0.61250000
v -0.08750000 -0.23750000 -0.58750000
v -0.08750000 -0.23750000 0.58750000
v -0.08750000 -0.23750000 0.61250000
v -0.08750000 -0.21250000 -0.61250000
v -0.08750000 -0.21250000 -0.58750000
v -0.08750000 -0.21250000 0.58750000
v -0.08750000 -0.21250000 0.61250000
v -0.08750000 -0.18750000 -0.61250000
v -0.08750000 -0.18750000 -0.58750000
v -0.08750000 -0.18750000 0.58750000
v -0.08750000 -0.18750000 0.61250000
v -0.08750000 -0.16250000 -0.61250000
v -0.08750000 -0.16250000 -0.58750000
v -0.08750000 -0.16250000 0.58750000
v -0.08750000 -0.16250000 0.61250000
v -0.08750000 -0.13750000 -0.61250000
v -0.08750000 -0.13750000 -0.58750000
v -0.08750000 -0.13750000 0.58750000
v -0.08750000 -0.13750000 0.61250000
v -0.08750000 -0.11250000 -0.61250000
v -0.08750000 -0.11250000 -0.58750000
v -0.08750000 -0.11250000 0.58750000
v -0.08750000 -0.11250000 0.61250000
v -0.08750000 -0.08750000 -0.61250000
v -0.08750000 -0.08750000 -0.58750000
v -0.08750000 -0.08750000 0.58750000
v -0.08750000 -0.08750000 0.61250000
v -0.08750000 -0.06250000 -0.61250000
v -0.08750000 -0.06250000 -0.58750000
v -0.08750000 -0.06250000 0.58750000
v -0.08750000 -0.06250000 0.61250000
v -0.08750000 -0.03750000 -0.61250000
v -0.08750000 -0.03750000 -0.58750000
v -0.08750000 -0.03750000 0.58750000
v -0.08750000 -0.03750000 0.61250000
v -0.08750000 -0.01250000 -0.61250000
v -0.08750000 -0.01250000 -0.58750000
v -0.08750000 -0.01250000 0.58750000
v -0.08750000 -0.01250000 0.61250000
v -0.08750000 0.01250000 -0.61250000
v -0.08750000 0.01250000 -0.58750000
v -0.08750000 0.01250000 0.58750000
v -0.08750000 0.01250000 0.61250000
v -0.08750000 0.03750000 -0.61250000
v -0.08750000 0.03750000 -0.58750000
v -0.08750000 0.03750000 0.58750000
v -0.08750000 0.03750000 0.61250000
v -0.08750000 0.06250000 -0.61250000
v -0.08750000 0.06250000 -0.58750000
v -0.08750000 0.06250000 0.58750000
v -0.08750000 0.06250000 0.61250000
v -0.08750000 0.08750000 -0.61250000
v -0.08750000 0.08750000 -0.58750000
v -0.08750000 0.08750000 0.58750000
v -0.08750000 0.08750000 0.61250000
v -0.08750000 0.11250000 -0.61250000
v -0.08750000 0.11250000 -0.58750000
v -0.08750000 0.11250000 0.58750000
v -0.08750000 0.11250000 0.61250000
v -0.08750000 0.13750000 -0.61250000
v -0.08750000 0.13750000 -0.58750000
v -0.08750000 0.13750000 0.58750000
v -0.08750000 0.13750000 0.61250000
v -0.08750000 0.16250000 -0.61250000
v -0.08750000 0.16250000 -0.58750000
v -0.08750000 0.16250000 0.58750000
v -0.08750000 0.16250000 0.61250000
v -0.08750000 0.18750000 -0.61250000
v -0.08750000 0.18750000 -0.58750000
v -0.08750000 0.18750000 0.58750000
v -0.08750000 0.18750000 0.61250000
v -0.08750000 0.21250000 -0.61250000
v -0.08750000 0.21250000 -0.58750000
v -0.08750000 0.21250000 0.58750000
v -0.08750000 0.21250000 0.61250000
v -0.08750000 0.23750000 -0.61250000
v -0.08750000 0.23750000 -0.58750000
v -0.08750000 0.23750000 0.58750000
v -0.08750000 0.23750000 0.61250000
v -0.08750000 0.26250000 -0.61250000
v -0.08750000 0.26250000 -0.58750000
v -0.08750000 0.26250000 0.58750000
v -0.08750000 0.26250000 0.61250000
v -0.08750000 0.28750000 -0.61250000
v -0.08750000 0.28750000 -0.58750000
v -0.08750000 0.28750000 0.58750000
v -0.08750000 0.28750000 0.61250000
v -0.08750000 0.31250000 -0.61250000
v -0.08750000 0.31250000 -0.58750000
v -0.08750000 0.28750000 -0.56250000
v -0.08750000 0.31250000 -0.56250000
v -0.08750000 0.28750000 -0.53750000
v -0.08750000 0.31250000 -0.53750000
v -0.08750000 0.28750000 -0.51250000
v -0.08750000 0.31250000 -0.51250000
v -0.08750000 0.28750000 -0.48750000
v -0.08750000 0.31250000 -0.48750000
v -0.08750000 0.28750000 -0.46250000
v -0.08750000 0.31250000 -0.46250000
v -0.08750000 0.28750000 -0.43750000
v -0.08750000 0.31250000 -0.43750000
v -0.08750000 0.28750000 -0.41250000
v -0.08750000 0.31250000 -0.41250000
v -0.08750000 0.28750000 -0.38750000
v -0.08750000 0.31250000 -0.38750000
v -0.08750000 0.28750000 -0.36250000
v -0.08750000 0.31250000 -0.36250000
v -0.08750000 0.28750000 -0.33750000
v -0.08750000 0.31250000 -0.33750000
v -0.08750000 0.28750000 -0.31250000
v -0.08750000 0.31250000 -0.31250000
v -0.08750000 0.28750000 -0.28750000
v -0.08750000 0.31250000 -0.28750000
v -0.08750000 0.28750000 -0.26250000
v -0.08750000 0.31250000 -0.26250000
v -0.08750000 0.28750000 -0.23750000
v -0.08750000 0.31250000 -0.23750000
v -0.08750000 0.28750000 -0.21250000
v -0.08750000 0.31250000 -0.21250000
v -0.08750000 0.28750000 -0.18750000
v -0.08750000 0.31250000 -0.18750000
v -0.08750000 0.28750000 -0.16250000
v -0.08750000 0.31250000 -0.16250000
v -0.08750000 0.28750000 -0.13750000
v -0.08750000 0.31250000 -0.13750000
v -0.08750000 0.28750000 -0.11250000
v -0.08750000 0.31250000 -0.11250000
v -0.08750000 0.28750000 -0.08750000
v -0.08750000 0.31250000 -0.08750000
v -0.08750000 0.28750000 -0.06250000
v -0.08750000 0.31250000 -0.06250000
v -0.08750000 0.28750000 -0.03750000
v -0.08750000 0.31250000 -0.03750000
v -0.08750000 0.28750000 -0.01250000
v -0.08750000 0.31250000 -0.01250000
v -0.08750000 0.28750000 0.01250000
v -0.08750000 0.31250000 0.01250000
v -0.08750000 0.28750000 0.03750000
v -0.08750000 0.31250000 0.03750000
v -0.08750000 0.28750000 0.06250000
v -0.08750000 0.31250000 0.06250000
v -0.08750000 0.28750000 0.08750000
v -0.08750000 0.31250000 0.08750000
v -0.08750000 0.28750000 0.11250000
v -0.08750000 0.31250000 0.11250000
v -0.08750000 0.28750000 0.13750000
v -0.08750000 0.31250000 0.13750000
v -0.08750000 0.28750000 0.16250000
v -0.08750000 0.31250000 0.16250000
v -0.08750000 0.28750000 0.18750000
v -0.08750000 0.31250000 0.18750000
v -0.08750000 0.28750000 0.21250000
v -0.08750000 0.31250000 0.21250000
v -0.08750000 0.28750000 0.23750000
v -0.08750000 0.31250000 0.23750000
v -0.08750000 0.28750000 0.26250000
v -0.08750000 0.31250000 0.26250000
v -0.08750000 0.28750000 0.28750000
v -0.08750000 0.31250000 0.28750000
v -0.08750000 0.28750000 0.31250000
v -0.08750000 0.31250000 0.31250000
v -0.08750000 0.28750000 0.33750000
v -0.08750000 0.31250000 0.33750000
v -0.08750000 0.28750000 0.36250000
v -0.08750000 0.31250000 0.36250000
v -0.08750000 0.28750000 0.38750000
v -0.08750000 0.31250000 0.38750000
v -0.08750000 0.28750000 0.41250000
v -0.08750000 0.31250000 0.41250000
v -0.08750000 0.28750000 0.43750000
v -0.08750000 0.31250000 0.43750000
v -0.08750000 0.28750000 0.46250000
v -0.08750000 0.31250000 0.46250000
v -0.08750000 0.28750000 0.48750000
v -0.08750000 0.31250000 0.48750000
v -0.08750000 0.28750000 0.51250000
v -0.08750000 0.31250000 0.51250000
v -0.08750000 0.28750000 0.53750000
v -0.08750000 0.31250000 0.53750000
v -0.08750000 0.28750000 0.56250000
v -0.08750000 0.31250000 0.56250000
v -0.08750000 0.31250000 0.58750000
v -0.08750000 0.31250000 0.61250000
v -0.06250000 -0.28750000 -0.61250000
v -0.06250000 -0.28750000 -0.58750000
v -0.06250000 -0.26250000 -0.61250000
v -0.06250000 -0.26250000 -0.58750000
v -0.06250000 -0.28750000 0.58750000
v -0.06250000 -0.28750000 0.61250000
v -0.06250000 -0.26250000 0.58750000
v -0.06250000 -0.26250000 0.61250000
v -0.06250000 -0.23750000 -0.61250000
v -0.06250000 -0.23750000 -0.58750000
v -0.06250000 -0.23750000 0.58750000
v -0.06250000 -0.23750000 0.61250000
v -0.06250000 -0.21250000 -0.61250000
v -0.06250000 -0.21250000 -0.58750000
v -0.06250000 -0.21250000 0.58750000
v -0.06250000 -0.21250000 0.61250000
v -0.06250000 -0.18750000 -0.61250000
v -0.06250000 -0.18750000 -0.58750000
v -0.06250000 -0.18750000 0.58750000
v -0.06250000 -0.18750000 0.61250000
v -0.06250000 -0.16250000 -0.61250000
v -0.06250000 -0.16250000 -0.58750000
v -0.06250000 -0.16250000 0.58750000
v -0.06250000 -0.16250000 0.61250000
v -0.06250000 -0.13750000 -0.61250000
v -0.06250000 -0.13750000 -0.58750000
v -0.06250000 -0.13750000 0.58750000
v -0.06250000 -0.13750000 0.61250000
v -0.06250000 -0.11250000 -0.61250000
v -0.06250000 -0.11250000 -0.58750000
v -0.06250000 -0.11250000 0.58750000
v -0.06250000 -0.11250000 0.61250000
v -0.06250000 -0.08750000 -0.61250000
v -0.06250000 -0.08750000 -0.58750000
v -0.06250000 -0.08750000 0.58750000
v -0.06250000 -0.08750000 0.61250000
v -0.06250000 -0.06250000 -0.61250000
v -0.06250000 -0.06250000 -0.58750000
v -0.06250000 -0.06250000 0.58750000
v -0.06250000 -0.06250000 0.61250000
v -0.06250000 -0.03750000 -0.61250000
v -0.06250000 -0.03750000 -0.58750000
v -0.06250000 -0.03750000 0.58750000
v -0.06250000 -0.03750000 0.61250000
v -0.06250000 -0.01250000 -0.61250000
v -0.06250000 -0.01250000 -0.58750000
v -0.06250000 -0.01250000 0.58750000
v -0.06250000 -0.01250000 0.61250000
v -0.06250000 0.01250000 -0.61250000
v -0.06250000 0.01250000 -0.58750000
v -0.06250000 0.01250000 0.58750000
v -0.06250000 0.01250000 0.61250000
v -0.06250000 0.03750000 -0.61250000
v -0.06250000 0.03750000 -0.58750000
v -0.06250000 0.03750000 0.58750000
v -0.06250000 0.03750000 0.61250000
v -0.06250000 0.06250000 -0.61250000
v -0.06250000 0.06250000 -0.58750000
v -0.06250000 0.06250000 0.58750000
v -0.06250000 0.06250000 0.61250000
v -0.06250000 0.08750000 -0.61250000
v -0.06250000 0.08750000 -0.58750000
v -0.06250000 0.08750000 0.58750000
v -0.06250000 0.08750000 0.61250000
v -0.06250000 0.11250000 -0.61250000
v -0.06250000 0.11250000 -0.58750000
v -0.06250000 0.11250000 0.58750000
v -0.06250000 0.11250000 0.61250000
v -0.06250000 0.13750000 -0.61250000
v -0.06250000 0.13750000 -0.58750000
v -0.06250000 0.13750000 0.58750000
v -0.06250000 0.13750000 0.61250000
v -0.06250000 0.16250000 -0.61250000
v -0.06250000 0.16250000 -0.58750000
v -0.06250000 0.16250000 0.58750000
v -0.06250000 0.16250000 0.61250000
v -0.06250000 0.18750000 -0.61250000
v -0.06250000 0.18750000 -0.58750000
v -0.06250000 0.18750000 0.58750000
v -0.06250000 0.18750000 0.61250000
v -0.06250000 0.21250000 -0.61250000
v -0.06250000 0.21250000 -0.58750000
v -0.06250000 0.21250000 0.58750000
v -0.06250000 0.21250000 0.61250000
v -0.06250000 0.23750000 -0.61250000
v -0.06250000 0.23750000 -0.58750000
v -0.06250000 0.23750000 0.58750000
v -0.06250000 0.23750000 0.61250000
v -0.06250000 0.26250000 -0.61250000
v -0.06250000 0.26250000 -0.58750000
v -0.06250000 0.26250000 0.58750000
v -0.06250000 0.26250000 0.61250000
v -0.06250000 0.28750000 -0.61250000
v -0.06250000 0.28750000 -0.58750000
v -0.06250000 0.28750000 0.58750000
v -0.06250000 0.28750000 0.61250000
v -0.06250000 0.31250000 -0.61250000
v -0.06250000 0.31250000 -0.58750000
v -0.06250000 0.28750000 -0.56250000
v -0.06250000 0.31250000 -0.56250000
v -0.06250000 0.28750000 -0.53750000
v -0.06250000 0.31250000 -0.53750000
v -0.06250000 0.28750000 -0.51250000
v -0.06250000 0.31250000 -0.51250000
v -0.06250000 0.28750000 -0.48750000
v -0.06250000 0.31250000 -0.48750000
v -0.06250000 0.28750000 -0.46250000
v -0.06250000 0.31250000 -0.46250000
v -0.06250000 0.28750000 -0.43750000
v -0.06250000 0.31250000 -0.43750000
v -0.06250000 0.28750000 -0.41250000
v -0.06250000 0.31250000 -0.41250000
v -0.06250000 0.28750000 -0.38750000
v -0.06250000 0.31250000 -0.38750000
v -0.06250000 0.28750000 -0.36250000
v -0.06250000 0.31250000 -0.36250000
v -0.06250000 0.28750000 -0.33750000
v -0.06250000 0.31250000 -0.33750000
v -0.06250000 0.28750000 -0.31250000
v -0.06250000 0.31250000 -0.31250000
v -0.06250000 0.28750000 -0.28750000
v -0.06250000 0.31250000 -0.28750000
v -0.06250000 0.28750000 -0.26250000
v -0.06250000 0.31250000 -0.26250000
v -0.06250000 0.28750000 -0.23750000
v -0.06250000 0.31250000 -0.23750000
v -0.06250000 0.28750000 -0.21250000
v -0.06250000 0.31250000 -0.21250000
v -0.06250000 0.28750000 -0.18750000
v -0.06250000 0.31250000 -0.18750000
v -0.06250000 0.28750000 -0.16250000
v -0.06250000 0.31250000 -0.16250000
v -0.06250000 0.28750000 -0.13750000
v -0.06250000 0.31250000 -0.13750000
v -0.06250000 0.28750000 -0.11250000
v -0.06250000 0.31250000 -0.11250000
v -0.06250000 0.28750000 -0.08750000
v -0.06250000 0.31250000 -0.08750000
v -0.06250000 0.28750000 -0.06250000
v -0.06250000 0.31250000 -0.06250000
v -0.06250000 0.28750000 -0.03750000
v -0.06250000 0.31250000 -0.03750000
v -0.06250000 0.28750000 -0.01250000
v -0.06250000 0.31250000 -0.01250000
v -0.06250000 0.28750000 0.01250000
v -0.06250000 0.31250000 0.01250000
v -0.06250000 0.28750000 0.03750000
v -0.06250000 0.31250000 0.03750000
v -0.06250000 0.28750000 0.06250000
v -0.06250000 0.31250000 0.06250000
v -0.06250000 0.28750000 0.08750000
v -0.06250000 0.31250000 0.08750000
v -0.06250000 0.28750000 0.11250000
v -0.06250000 0.31250000 0.11250000
v -0.06250000 0.28750000 0.13750000
v -0.06250000 0.31250000 0.13750000
v -0.06250000 0.28750000 0.16250000
v -0.06250000 0.31250000 0.16250000
v -0.06250000 0.28750000 0.18750000
v -0.06250000 0.31250000 0.18750000
v -0.06250000 0.28750000 0.21250000
v -0.06250000 0.31250000 0.21250000
v -0.06250000 0.28750000 0.23750000
v -0.06250000 0.31250000 0.23750000
v -0.06250000 0.28750000 0.26250000
v -0.06250000 0.31250000 0.26250000
v -0.06250000 0.28750000 0.28750000
v -0.06250000 0.31250000 0.28750000
v -0.06250000 0.28750000 0.31250000
v -0.06250000 0.31250000 0.31250000
v -0.06250000 0.28750000 0.33750000
v -0.06250000 0.31250000 0.33750000
v -0.06250000 0.28750000 0.36250000
v -0.06250000 0.31250000 0.36250000
v -0.06250000 0.28750000 0.38750000
v -0.06250000 0.31250000 0.38750000
v -0.06250000 0.28750000 0.41250000
v -0.06250000 0.31250000 0.41250000
v -0.06250000 0.28750000 0.43750000
v -0.06250000 0.31250000 0.43750000
v -0.06250000 0.28750000 0.46250000
v -0.06250000 0.31250000 0.46250000
v -0.06250000 0.28750000 0.48750000
v -0.06250000 0.31250000 0.48750000
v -0.06250000 0.28750000 0.51250000
v -0.06250000 0.31250000 0.51250000
v -0.06250000 0.28750000 0.53750000
v -0.06250000 0.31250000 0.53750000
v -0.06250000 0.28750000 0.56250000
v -0.06250000 0.31250000 0.56250000
v -0.06250000 0.31250000 0.58750000
v -0.06250000 0.31250000 0.61250000
v -0.03750000 -0.28750000 -0.61250000
v -0.03750000 -0.28750000 -0.58750000
v -0.03750000 -0.26250000 -0.61250000
v -0.03750000 -0.26250000 -0.58750000
v -0.03750000 -0.28750000 0.58750000
v -0.03750000 -0.28750000 0.61250000
v -0.03750000 -0.26250000 0.58750000
v -0.03750000 -0.26250000 0.61250000
v -0.03750000 -0.23750000 -0.61250000
v -0.03750000 -0.23750000 -0.58750000
v -0.03750000 -0.23750000 0.58750000
v -0.03750000 -0.23750000 0.61250000
v -0.03750000 -0.21250000 -0.61250000
v -0.03750000 -0.21250000 -0.58750000
v -0.03750000 -0.21250000 0.58750000
v -0.03750000 -0.21250000 0.61250000
v -0.03750000 -0.18750000 -0.61250000
v -0.03750000 -0.18750000 -0.58750000
v -0.03750000 -0.18750000 0.58750000
v -0.03750000 -0.18750000 0.61250000
v -0.03750000 -0.16250000 -0.61250000
v -0.03750000 -0.16250000 -0.58750000
v -0.03750000 -0.16250000 0.58750000
v -0.03750000 -0.16250000 0.61250000
v -0.03750000 -0.13750000 -0.61250000
v -0.03750000 -0.13750000 -0.58750000
v -0.03750000 -0.13750000 0.58750000
v -0.03750000 -0.13750000 0.61250000
v -0.03750000 -0.11250000 -0.61250000
v -0.03750000 -0.11250000 -0.58750000
v -0.03750000 -0.11250000 0.58750000
v -0.03750000 -0.11250000 0.61250000
v -0.03750000 -0.08750000 -0.61250000
v -0.03750000 -0.08750000 -0.58750000
v -0.03750000 -0.08750000 0.58750000
v -0.03750000 -0.08750000 0.61250000
v -0.03750000 -0.06250000 -0.61250000
v -0.03750000 -0.06250000 -0.58750000
v -0.03750000 -0.06250000 0.58750000
v -0.03750000 -0.06250000 0.61250000
v -0.03750000 -0.03750000 -0.61250000
v -0.03750000 -0.03750000 -0.58750000
v -0.03750000 -0.03750000 0.58750000
v -0.03750000 -0.03750000 0.61250000
v -0.03750000 -0.01250000 -0.61250000
v -0.03750000 -0.01250000 -0.58750000
v -0.03750000 -0.01250000 0.58750000
v -0.03750000 -0.01250000 0.61250000
v -0.03750000 0.01250000 -0.61250000
v -0.03750000 0.01250000 -0.58750000
v -0.03750000 0.01250000 0.58750000
v -0.03750000 0.01250000 0.61250000
v -0.03750000 0.03750000 -0.61250000
v -0.03750000 0.03750000 -0.58750000
v -0.03750000 0.03750000 0.58750000
v -0.03750000 0.03750000 0.61250000
v -0.03750000 0.06250000 -0.61250000
v -0.03750000 0.06250000 -0.58750000
v -0.03750000 0.06250000 0.58750000
v -0.03750000 0.06250000 0.61250000
v -0.03750000 0.08750000 -0.61250000
v -0.03750000 0.08750000 -0.58750000
v -0.03750000 0.08750000 0.58750000
v -0.03750000 0.08750000 0.61250000
v -0.03750000 0.11250000 -0.61250000
v -0.03750000 0.11250000 -0.58750000
v -0.03750000 0.11250000 0.58750000
v -0.03750000 0.11250000 0.61250000
v -0.03750000 0.13750000 -0.61250000
v -0.03750000 0.13750000 -0.58750000
v -0.03750000 0.13750000 0.58750000
v -0.03750000 0.13750000 0.61250000
v -0.03750000 0.16250000 -0.61250000
v -0.03750000 0.16250000 -0.58750000
v -0.03750000 0.16250000 0.58750000
v -0.03750000 0.16250000 0.61250000
v -0.03750000 0.18750000 -0.61250000
v -0.03750000 0.18750000 -0.58750000
v -0.03750000 0.18750000 0.58750000
v -0.03750000 0.18750000 0.61250000
v -0.03750000 0.21250000 -0.61250000
v -0.03750000 0.21250000 -0.58750000
v -0.03750000 0.21250000 0.58750000
v -0.03750000 0.21250000 0.61250000
v -0.03750000 0.23750000 -0.61250000
v -0.03750000 0.23750000 -0.58750000
v -0.03750000 0.23750000 0.58750000
v -0.03750000 0.23750000 0.61250000
v -0.03750000 0.26250000 -0.61250000
v -0.03750000 0.26250000 -0.58750000
v -0.03750000 0.26250000 0.58750000
v -0.03750000 0.26250000 0.61250000
v -0.03750000 0.28750000 -0.61250000
v -0.03750000 0.28750000 -0.58750000
v -0.03750000 0.28750000 0.58750000
v -0.03750000 0.28750000 0.61250000
v -0.03750000 0.31250000 -0.61250000
v -0.03750000 0.31250000 -0.58750000
v -0.03750000 0.28750000 -0.56250000
v -0.03750000 0.31250000 -0.56250000
v -0.03750000 0.28750000 -0.53750000
v -0.03750000 0.31250000 -0.53750000
v -0.03750000 0.28750000 -0.51250000
v -0.03750000 0.31250000 -0.51250000
v -0.03750000 0.28750000 -0.48750000
v -0.03750000 0.31250000 -0.48750000
v -0.03750000 0.28750000 -0.46250000
v -0.03750000 0.31250000 -0.46250000
v -0.03750000 0.28750000 -0.43750000
v -0.03750000 0.31250000 -0.43750000
v -0.03750000 0.28750000 -0.41250000
v -0.03750000 0.31250000 -0.41250000
v -0.03750000 0.28750000 -0.38750000
v -0.03750000 0.31250000 -0.38750000
v -0.03750000 0.28750000 -0.36250000
v -0.03750000 0.31250000 -0.36250000
v -0.03750000 0.28750000 -0.33750000
v -0.03750000 0.31250000 -0.33750000
v -0.03750000 0.28750000 -0.31250000
v -0.03750000 0.31250000 -0.31250000
v -0.03750000 0.28750000 -0.28750000
v -0.03750000 0.31250000 -0.28750000
v -0.03750000 0.28750000 -0.26250000
v -0.03750000 0.31250000 -0.26250000
v -0.03750000 0.28750000 -0.23750000
v -0.03750000 0.31250000 -0.23750000
v -0.03750000 0.28750000 -0.21250000
v -0.03750000 0.31250000 -0.21250000
v -0.03750000 0.28750000 -0.18750000
v -0.03750000 0.31250000 -0.18750000
v -0.03750000 0.28750000 -0.16250000
v -0.03750000 0.31250000 -0.16250000
v -0.03750000 0.28750000 -0.13750000
v -0.03750000 0.31250000 -0.13750000
v -0.03750000 0.28750000 -0.11250000
v -0.03750000 0.31250000 -0.11250000
v -0.03750000 0.28750000 -0.08750000
v -0.03750000 0.31250000 -0.08750000
v -0.03750000 0.28750000 -0.06250000
v -0.03750000 0.31250000 -0.06250000
v -0.03750000 0.28750000 -0.03750000
v -0.03750000 0.31250000 -0.03750000
v -0.03750000 0.28750000 -0.01250000
v -0.03750000 0.31250000 -0.01250000
v -0.03750000 0.28750000 0.01250000
v -0.03750000 0.31250000 0.01250000
v -0.03750000 0.28750000 0.03750000
v -0.03750000 0.31250000 0.03750000
v -0.03750000 0.28750000 0.06250000
v -0.03750000 0.31250000 0.06250000
v -0.03750000 0.28750000 0.08750000
v -0.03750000 0.31250000 0.08750000
v -0.03750000 0.28750000 0.11250000
v -0.03750000 0.31250000 0.11250000
v -0.03750000 0.28750000 0.13750000
v -0.03750000 0.31250000 0.13750000
v -0.03750000 0.28750000 0.16250000
v -0.03750000 0.31250000 0.16250000
v -0.03750000 0.28750000 0.18750000
v -0.03750000 0.31250000 0.18750000
v -0.03750000 0.28750000 0.21250000
v -0.03750000 0.31250000 0.21250000
v -0.03750000 0.28750000 0.23750000
v -0.03750000 0.31250000 0.23750000
v -0.03750000 0.28750000 0.26250000
v -0.03750000 0.31250000 0.26250000
v -0.03750000 0.28750000 0.28750000
v -0.03750000 0.31250000 0.28750000
v -0.03750000 0.28750000 0.31250000
v -0.03750000 0.31250000 0.31250000
v -0.03750000 0.28750000 0.33750000
v -0.03750000 0.31250000 0.33750000
v -0.03750000 0.28750000 0.36250000
v -0.03750000 0.31250000 0.36250000
v -0.03750000 0.28750000 0.38750000
v -0.03750000 0.31250000 0.38750000
v -0.03750000 0.28750000 0.41250000
v -0.03750000 0.31250000 0.41250000
v -0.03750000 0.28750000 0.43750000
v -0.03750000 0.31250000 0.43750000
v -0.03750000 0.28750000 0.46250000
v -0.03750000 0.31250000 0.46250000
v -0.03750000 0.28750000 0.48750000
v -0.03750000 0.31250000 0.48750000
v -0.03750000 0.28750000 0.51250000
v -0.03750000 0.31250000 0.51250000
v -0.03750000 0.28750000 0.53750000
v -0.03750000 0.31250000 0.53750000
v -0.03750000 0.28750000 0.56250000
v -0.03750000 0.31250000 0.56250000
v -0.03750000 0.31250000 0.58750000
v -0.03750000 0.31250000 0.61250000
v -0.01250000 -0.28750000 -0.61250000
v -0.01250000 -0.28750000 -0.58750000
v -0.01250000 -0.26250000 -0.61250000
v -0.01250000 -0.26250000 -0.58750000
v -0.01250000 -0.28750000 0.58750000
v -0.01250000 -0.28750000 0.61250000
v -0.01250000 -0.26250000 0.58750000
v -0.01250000 -0.26250000 0.61250000
v -0.01250000 -0.23750000 -0.61250000
v -0.01250000 -0.23750000 -0.58750000
v -0.01250000 -0.23750000 0.58750000
v -0.01250000 -0.23750000 0.61250000
v -0.01250000 -0.21250000 -0.61250000
v -0.01250000 -0.21250000 -0.58750000
v -0.01250000 -0.21250000 0.58750000
v -0.01250000 -0.21250000 0.61250000
v -0.01250000 -0.18750000 -0.61250000
v -0.01250000 -0.18750000 -0.58750000
v -0.01250000 -0.18750000 0.58750000
v -0.01250000 -0.18750000 0.61250000
v -0.01250000 -0.16250000 -0.61250000
v -0.01250000 -0.16250000 -0.58750000
v -0.01250000 -0.16250000 0.58750000
v -0.01250000 -0.16250000 0.61250000
v -0.01250000 -0.13750000 -0.61250000
v -0.01250000 -0.13750000 -0.58750000
v -0.01250000 -0.13750000 0.58750000
v -0.01250000 -0.13750000 0.61250000
v -0.01250000 -0.11250000 -0.61250000
v -0.01250000 -0.11250000 -0.58750000
v -0.01250000 -0.11250000 0.58750000
v -0.01250000 -0.11250000 0.61250000
v -0.01250000 -0.08750000 -0.61250000
v -0.01250000 -0.08750000 -0.58750000
v -0.01250000 -0.08750000 0.58750000
v -0.01250000 -0.08750000 0.61250000
v -0.01250000 -0.06250000 -0.61250000
v -0.01250000 -0.06250000 -0.58750000
v -0.01250000 -0.06250000 0.58750000
v -0.01250000 -0.06250000 0.61250000
v -0.01250000 -0.03750000 -0.61250000
v -0.01250000 -0.03750000 -0.58750000
v -0.01250000 -0.03750000 0.58750000
v -0.01250000 -0.03750000 0.61250000
v -0.01250000 -0.01250000 -0.61250000
v -0.01250000 -0.01250000 -0.58750000
v -0.01250000 -0.01250000 0.58750000
v -0.01250000 -0.01250000 0.61250000
v -0.01250000 0.01250000 -0.61250000
v -0.01250000 0.01250000 -0.58750000
v -0.01250000 0.01250000 0.58750000
v -0.01250000 0.01250000 0.61250000
v -0.01250000 0.03750000 -0.61250000
v -0.01250000 0.03750000 -0.58750000
v -0.01250000 0.03750000 0.58750000
v -0.01250000 0.03750000 0.61250000
v -0.01250000 0.06250000 -0.61250000
v -0.01250000 0.06250000 -0.58750000
v -0.01250000 0.06250000 0.58750000
v -0.01250000 0.06250000 0.61250000
v -0.01250000 0.08750000 -0.61250000
v -0.01250000 0.08750000 -0.58750000
v -0.01250000 0.08750000 0.58750000
v -0.01250000 0.08750000 0.61250000
v -0.01250000 0.11250000 -0.61250000
v -0.01250000 0.11250000 -0.58750000
v -0.01250000 0.11250000 0.58750000
v -0.01250000 0.11250000 0.61250000
v -0.01250000 0.13750000 -0.61250000
v -0.01250000 0.13750000 -0.58750000
v -0.01250000 0.13750000 0.58750000
v -0.01250000 0.13750000 0.61250000
v -0.01250000 0.16250000 -0.61250000
v -0.01250000 0.16250000 -0.58750000
v -0.01250000 0.16250000 0.58750000
v -0.01250000 0.16250000 0.61250000
v -0.01250000 0.18750000 -0.61250000
v -0.01250000 0.18750000 -0.58750000
v -0.01250000 0.18750000 0.58750000
v -0.01250000 0.18750000 0.61250000
v -0.01250000 0.21250000 -0.61250000
v -0.01250000 0.21250000 -0.58750000
v -0.01250000 0.21250000 0.58750000
v -0.01250000 0.21250000 0.61250000
v -0.01250000 0.23750000 -0.61250000
v -0.01250000 0.23750000 -0.58750000
v -0.01250000 0.23750000 0.58750000
v -0.01250000 0.23750000 0.61250000
v -0.01250000 0.26250000 -0.61250000
v -0.01250000 0.26250000 -0.58750000
v -0.01250000 0.26250000 0.58750000
v -0.01250000 0.26250000 0.61250000
v -0.01250000 0.28750000 -0.61250000
v -0.01250000 0.28750000 -0.58750000
v -0.01250000 0.28750000 0.58750000
v -0.01250000 0.28750000 0.61250000
v -0.01250000 0.31250000 -0.61250000
v -0.01250000 0.31250000 -0.58750000
v -0.01250000 0.28750000 -0.56250000
v -0.01250000 0.31250000 -0.56250000
v -0.01250000 0.28750000 -0.53750000
v -0.01250000 0.31250000 -0.53750000
v -0.01250000 0.28750000 -0.51250000
v -0.01250000 0.31250000 -0.51250000
v -0.01250000 0.28750000 -0.48750000
v -0.01250000 0.31250000 -0.48750000
v -0.01250000 0.28750000 -0.46250000
v -0.01250000 0.31250000 -0.46250000
v -0.01250000 0.28750000 -0.43750000
v -0.01250000 0.31250000 -0.43750000
v -0.01250000 0.28750000 -0.41250000
v -0.01250000 0.31250000 -0.41250000
v -0.01250000 0.28750000 -0.38750000
v -0.01250000 0.31250000 -0.38750000
v -0.01250000 0.28750000 -0.36250000
v -0.01250000 0.31250000 -0.36250000
v -0.01250000 0.28750000 -0.33750000
v -0.01250000 0.31250000 -0.33750000
v -0.01250000 0.28750000 -0.31250000
v -0.01250000 0.31250000 -0.31250000
v -0.01250000 0.28750000 -0.28750000
v -0.01250000 0.31250000 -0.28750000
v -0.01250000 0.28750000 -0.26250000
v -0.01250000 0.31250000 -0.26250000
v -0.01250000 0.28750000 -0.23750000
v -0.01250000 0.31250000 -0.23750000
v -0.01250000 0.28750000 -0.21250000
v -0.01250000 0.31250000 -0.21250000
v -0.01250000 0.28750000 -0.18750000
v -0.01250000 0.31250000 -0.18750000
v -0.01250000 0.28750000 -0.16250000
v -0.01250000 0.31250000 -0.16250000
v -0.01250000 0.28750000 -0.13750000
v -0.01250000 0.31250000 -0.13750000
v -0.01250000 0.28750000 -0.11250000
v -0.01250000 0.31250000 -0.11250000
v -0.01250000 0.28750000 -0.08750000
v -0.01250000 0.31250000 -0.08750000
v -0.01250000 0.28750000 -0.06250000
v -0.01250000 0.31250000 -0.06250000
v -0.01250000 0.28750000 -0.03750000
v -0.01250000 0.31250000 -0.03750000
v -0.01250000 0.28750000 -0.01250000
v -0.01250000 0.31250000 -0.01250000
v -0.01250000 0.28750000 0.01250000
v -0.01250000 0.31250000 0.01250000
v -0.01250000 0.28750000 0.03750000
v -0.01250000 0.31250000 0.03750000
v -0.01250000 0.28750000 0.06250000
v -0.01250000 0.31250000 0.06250000
v -0.01250000 0.28750000 0.08750000
v -0.01250000 0.31250000 0.08750000
v -0.01250000 0.28750000 0.11250000
v -0.01250000 0.31250000 0.11250000
v -0.01250000 0.28750000 0.13750000
v -0.01250000 0.31250000 0.13750000
v -0.01250000 0.28750000 0.16250000
v -0.01250000 0.31250000 0.16250000
v -0.01250000 0.28750000 0.18750000
v -0.01250000 0.31250000 0.18750000
v -0.01250000 0.28750000 0.21250000
v -0.01250000 0.31250000 0.21250000
v -0.01250000 0.28750000 0.23750000
v -0.01250000 0.31250000 0.23750000
v -0.01250000 0.28750000 0.26250000
v -0.01250000 0.31250000 0.26250000
v -0.01250000 0.28750000 0.28750000
v -0.01250000 0.31250000 0.28750000
v -0.01250000 0.28750000 0.31250000
v -0.01250000 0.31250000 0.31250000
v -0.01250000 0.28750000 0.33750000
v -0.01250000 0.31250000 0.33750000
v -0.01250000 0.28750000 0.36250000
v -0.01250000 0.31250000 0.36250000
v -0.01250000 0.28750000 0.38750000
v -0.01250000 0.31250000 0.38750000
v -0.01250000 0.28750000 0.41250000
v -0.01250000 0.31250000 0.41250000
v -0.01250000 0.28750000 0.43750000
v -0.01250000 0.31250000 0.43750000
v -0.01250000 0.28750000 0.46250000
v -0.01250000 0.31250000 0.46250000
v -0.01250000 0.28750000 0.48750000
v -0.01250000 0.31250000 0.48750000
v -0.01250000 0.28750000 0.51250000
v -0.01250000 0.31250000 0.51250000
v -0.01250000 0.28750000 0.53750000
v -0.01250000 0.31250000 0.53750000
v -0.01250000 0.28750000 0.56250000
v -0.01250000 0.31250000 0.56250000
v -0.01250000 0.31250000 0.58750000
v -0.01250000 0.31250000 0.61250000
v 0.01250000 -0.28750000 -0.61250000
v 0.01250000 -0.28750000 -0.58750000
v 0.01250000 -0.26250000 -0.61250000
v 0.01250000 -0.26250000 -0.58750000
v 0.01250000 -0.28750000 0.58750000
v 0.01250000 -0.28750000 0.61250000
v 0.01250000 -0.26250000 0.58750000
v 0.01250000 -0.26250000 0.61250000
v 0.01250000 -0.23750000 -0.61250000
v 0.01250000 -0.23750000 -0.58750000
v 0.01250000 -0.23750000 0.58750000
v 0.01250000 -0.23750000 0.61250000
v 0.01250000 -0.21250000 -0.61250000
v 0.01250000 -0.21250000 -0.58750000
v 0.01250000 -0.21250000 0.58750000
v 0.01250000 -0.21250000 0.61250000
v 0.01250000 -0.18750000 -0.61250000
v 0.01250000 -0.18750000 -0.58750000
v 0.01250000 -0.18750000 0.58750000
v 0.01250000 -0.18750000 0.61250000
v 0.01250000 -0.16250000 -0.61250000
v 0.01250000 -0.16250000 -0.58750000
v 0.01250000 -0.16250000 0.58750000
v 0.01250000 -0.16250000 0.61250000
v 0.01250000 -0.13750000 -0.61250000
v 0.01250000 -0.13750000 -0.58750000
v 0.01250000 -0.13750000 0.58750000
v 0.01250000 -0.13750000 0.61250000
v 0.01250000 -0.11250000 -0.61250000
v 0.01250000 -0.11250000 -0.58750000
v 0.01250000 -0.11250000 0.58750000
v 0.01250000 -0.11250000 0.61250000
v 0.01250000 -0.08750000 -0.61250000
v 0.01250000 -0.08750000 -0.58750000
v 0.01250000 -0.08750000 0.58750000
v 0.01250000 -0.08750000 0.61250000
v 0.01250000 -0.06250000 -0.61250000
v 0.01250000 -0.06250000 -0.58750000
v 0.01250000 -0.06250000 0.58750000
v 0.01250000 -0.06250000 0.61250000
v 0.01250000 -0.03750000 -0.61250000
v 0.01250000 -0.03750000 -0.58750000
v 0.01250000 -0.03750000 0.58750000
v 0.01250000 -0.03750000 0.61250000
v 0.01250000 -0.01250000 -0.61250000
v 0.01250000 -0.01250000 -0.58750000
v 0.01250000 -0.01250000 0.58750000
v 0.01250000 -0.01250000 0.61250000
v 0.01250000 0.01250000 -0.61250000
v 0.01250000 0.01250000 -0.58750000
v 0.01250000 0.01250000 0.58750000
v 0.01250000 0.01250000 0.61250000
v 0.01250000 0.03750000 -0.61250000
v 0.01250000 0.03750000 -0.58750000
v 0.01250000 0.03750000 0.58750000
v 0.01250000 0.03750000 0.61250000
v 0.01250000 0.06250000 -0.61250000
v 0.01250000 0.06250000 -0.58750000
v 0.01250000 0.06250000 0.58750000
v 0.01250000 0.06250000 0.61250000
v 0.01250000 0.08750000 -0.61250000
v 0.01250000 0.08750000 -0.58750000
v 0.01250000 0.08750000 0.58750000
v 0.01250000 0.08750000 0.61250000
v 0.01250000 0.11250000 -0.61250000
v 0.01250000 0.11250000 -0.58750000
v 0.01250000 0.11250000 0.58750000
v 0.01250000 0.11250000 0.61250000
v 0.01250000 0.13750000 -0.61250000
v 0.01250000 0.13750000 -0.58750000
v 0.01250000 0.13750000 0.58750000
v 0.01250000 0.13750000 0.61250000
v 0.01250000 0.16250000 -0.61250000
v 0.01250000 0.16250000 -0.58750000
v 0.01250000 0.16250000 0.58750000
v 0.01250000 0.16250000 0.61250000
v 0.01250000 0.18750000 -0.61250000
v 0.01250000 0.18750000 -0.58750000
v 0.01250000 0.18750000 0.58750000
v 0.01250000 0.18750000 0.61250000
v 0.01250000 0.21250000 -0.61250000
v 0.01250000 0.21250000 -0.58750000
v 0.01250000 0.21250000 0.58750000
v 0.01250000 0.21250000 0.61250000
v 0.01250000 0.23750000 -0.61250000
v 0.01250000 0.23750000 -0.58750000
v 0.01250000 0.23750000 0.58750000
v 0.01250000 0.23750000 0.61250000
v 0.01250000 0.26250000 -0.61250000
v 0.01250000 0.26250000 -0.58750000
v 0.01250000 0.26250000 0.58750000
v 0.01250000 0.26250000 0.61250000
v 0.01250000 0.28750000 -0.61250000
v 0.01250000 0.28750000 -0.58750000
v 0.01250000 0.28750000 0.58750000
v 0.01250000 0.28750000 0.61250000
v 0.01250000 0.31250000 -0.61250000
v 0.01250000 0.31250000 -0.58750000
v 0.01250000 0.28750000 -0.56250000
v 0.01250000 0.31250000 -0.56250000
v 0.01250000 0.28750000 -0.53750000
v 0.01250000 0.31250000 -0.53750000
v 0.01250000 0.28750000 -0.51250000
v 0.01250000 0.31250000 -0.51250000
v 0.01250000 0.28750000 -0.48750000
v 0.01250000 0.31250000 -0.48750000
v 0.01250000 0.28750000 -0.46250000
v 0.01250000 0.31250000 -0.46250000
v 0.01250000 0.28750000 -0.43750000
v 0.01250000 0.31250000 -0.43750000
v 0.01250000 0.28750000 -0.41250000
v 0.01250000 0.31250000 -0.41250000
v 0.01250000 0.28750000 -0.38750000
v 0.01250000 0.31250000 -0.38750000
v 0.01250000 0.28750000 -0.36250000
v 0.01250000 0.31250000 -0.36250000
v 0.01250000 0.28750000 -0.33750000
v 0.01250000 0.31250000 -0.33750000
v 0.01250000 0.28750000 -0.31250000
v 0.01250000 0.31250000 -0.31250000
v 0.01250000 0.28750000 -0.28750000
v 0.01250000 0.31250000 -0.28750000
v 0.01250000 0.28750000 -0.26250000
v 0.01250000 0.31250000 -0.26250000
v 0.01250000 0.28750000 -0.23750000
v 0.01250000 0.31250000 -0.23750000
v 0.01250000 0.28750000 -0.21250000
v 0.01250000 0.31250000 -0.21250000
v 0.01250000 0.28750000 -0.18750000
v 0.01250000 0.31250000 -0.18750000
v 0.01250000 0.28750000 -0.16250000
v 0.01250000 0.31250000 -0.16250000
v 0.01250000 0.28750000 -0.13750000
v 0.01250000 0.31250000 -0.13750000
v 0.01250000 0.28750000 -0.11250000
v 0.01250000 0.31250000 -0.11250000
v 0.01250000 0.28750000 -0.08750000
v 0.01250000 0.31250000 -0.08750000
v 0.01250000 0.28750000 -0.06250000
v 0.01250000 0.31250000 -0.06250000
v 0.01250000 0.28750000 -0.03750000
v 0.01250000 0.31250000 -0.03750000
v 0.01250000 0.28750000 -0.01250000
v 0.01250000 0.31250000 -0.01250000
v 0.01250000 0.28750000 0.01250000
v 0.01250000 0.31250000 0.01250000
v 0.01250000 0.28750000 0.03750000
v 0.01250000 0.31250000 0.03750000
v 0.01250000 0.28750000 0.06250000
v 0.01250000 0.31250000 0.06250000
v 0.01250000 0.28750000 0.08750000
v 0.01250000 0.31250000 0.08750000
v 0.01250000 0.28750000 0.11250000
v 0.01250000 0.31250000 0.11250000
v 0.01250000 0.28750000 0.13750000
v 0.01250000 0.31250000 0.13750000
v 0.01250000 0.28750000 0.16250000
v 0.01250000 0.31250000 0.16250000
v 0.01250000 0.28750000 0.18750000
v 0.01250000 0.31250000 0.18750000
v 0.01250000 0.28750000 0.21250000
v 0.01250000 0.31250000 0.21250000
v 0.01250000 0.28750000 0.23750000
v 0.01250000 0.31250000 0.23750000
v 0.01250000 0.28750000 0.26250000
v 0.01250000 0.31250000 0.26250000
v 0.01250000 0.28750000 0.28750000
v 0.01250000 0.31250000 0.28750000
v 0.01250000 0.28750000 0.31250000
v 0.01250000 0.31250000 0.31250000
v 0.01250000 0.28750000 0.33750000
v 0.01250000 0.31250000 0.33750000
v 0.01250000 0.28750000 0.36250000
v 0.01250000 0.31250000 0.36250000
v 0.01250000 0.28750000 0.38750000
v 0.01250000 0.31250000 0.38750000
v 0.01250000 0.28750000 0.41250000
v 0.01250000 0.31250000 0.41250000
v 0.01250000 0.28750000 0.43750000
v 0.01250000 0.31250000 0.43750000
v 0.01250000 0.28750000 0.46250000
v 0.01250000 0.31250000 0.46250000
v 0.01250000 0.28750000 0.48750000
v 0.01250000 0.31250000 0.48750000
v 0.01250000 0.28750000 0.51250000
v 0.01250000 0.31250000 0.51250000
v 0.01250000 0.28750000 0.53750000
v 0.01250000 0.31250000 0.53750000
v 0.01250000 0.28750000 0.56250000
v 0.01250000 0.31250000 0.56250000
v 0.01250000 0.31250000 0.58750000
v 0.01250000 0.31250000 0.61250000
v 0.03750000 -0.28750000 -0.61250000
v 0.03750000 -0.28750000 -0.58750000
v 0.03750000 -0.26250000 -0.61250000
v 0.03750000 -0.26250000 -0.58750000
v 0.03750000 -0.28750000 0.58750000
v 0.03750000 -0.28750000 0.61250000
v 0.03750000 -0.26250000 0.58750000
v 0.03750000 -0.26250000 0.61250000
v 0.03750000 -0.23750000 -0.61250000
v 0.03750000 -0.23750000 -0.58750000
v 0.03750000 -0.23750000 0.58750000
v 0.03750000 -0.23750000 0.61250000
v 0.03750000 -0.21250000 -0.61250000
v 0.03750000 -0.21250000 -0.58750000
v 0.03750000 -0.21250000 0.58750000
v 0.03750000 -0.21250000 0.61250000
v 0.03750000 -0.18750000 -0.61250000
v 0.03750000 -0.18750000 -0.58750000
v 0.03750000 -0.18750000 0.58750000
v 0.03750000 -0.18750000 0.61250000
v 0.03750000 -0.16250000 -0.61250000
v 0.03750000 -0.16250000 -0.58750000
v 0.03750000 -0.16250000 0.58750000
v 0.03750000 -0.16250000 0.61250000
v 0.03750000 -0.13750000 -0.61250000
v 0.03750000 -0.13750000 -0.58750000
v 0.03750000 -0.13750000 0.58750000
v 0.03750000 -0.13750000 0.61250000
v 0.03750000 -0.11250000 -0.61250000
v 0.03750000 -0.11250000 -0.58750000
v 0.03750000 -0.11250000 0.58750000
v 0.03750000 -0.11250000 0.61250000
v 0.03750000 -0.08750000 -0.61250000
v 0.03750000 -0.08750000 -0.58750000
v 0.03750000 -0.08750000 0.58750000
v 0.03750000 -0.08750000 0.61250000
v 0.03750000 -0.06250000 -0.61250000
v 0.03750000 -0.06250000 -0.58750000
v 0.03750000 -0.06250000 0.58750000
v 0.03750000 -0.06250000 0.61250000
v 0.03750000 -0.03750000 -0.61250000
v 0.03750000 -0.03750000 -0.58750000
v 0.03750000 -0.03750000 0.58750000
v 0.03750000 -0.03750000 0.61250000
v 0.03750000 -0.01250000 -0.61250000
v 0.03750000 -0.01250000 -0.58750000
v 0.03750000 -0.01250000 0.58750000
v 0.03750000 -0.01250000 0.61250000
v 0.03750000 0.01250000 -0.61250000
v 0.03750000 0.01250000 -0.58750000
v 0.03750000 0.01250000 0.58750000
v 0.03750000 0.01250000 0.61250000
v 0.03750000 0.03750000 -0.61250000
v 0.03750000 0.03750000 -0.58750000
v 0.03750000 0.03750000 0.58750000
v 0.03750000 0.03750000 0.61250000
v 0.03750000 0.06250000 -0.61250000
v 0.03750000 0.06250000 -0.58750000
v 0.03750000 0.06250000 0.58750000
v 0.03750000 0.06250000 0.61250000
v 0.03750000 0.08750000 -0.61250000
v 0.03750000 0.08750000 -0.58750000
v 0.03750000 0.08750000 0.58750000
v 0.03750000 0.08750000 0.61250000
v 0.03750000 0.11250000 -0.61250000
v 0.03750000 0.11250000 -0.58750000
v 0.03750000 0.11250000 0.58750000
v 0.03750000 0.11250000 0.61250000
v 0.03750000 0.13750000 -0.61250000
v 0.03750000 0.13750000 -0.58750000
v 0.03750000 0.13750000 0.58750000
v 0.03750000 0.13750000 0.61250000
v 0.03750000 0.16250000 -0.61250000
v 0.03750000 0.16250000 -0.58750000
v 0.03750000 0.16250000 0.58750000
v 0.03750000 0.16250000 0.61250000
v 0.03750000 0.18750000 -0.61250000
v 0.03750000 0.18750000 -0.58750000
v 0.03750000 0.18750000 0.58750000
v 0.03750000 0.18750000 0.61250000
v 0.03750000 0.21250000 -0.61250000
v 0.03750000 0.21250000 -0.58750000
v 0.03750000 0.21250000 0.58750000
v 0.03750000 0.21250000 0.61250000
v 0.03750000 0.23750000 -0.61250000
v 0.03750000 0.23750000 -0.58750000
v 0.03750000 0.23750000 0.58750000
v 0.03750000 0.23750000 0.61250000
v 0.03750000 0.26250000 -0.61250000
v 0.03750000 0.26250000 -0.58750000
v 0.03750000 0.26250000 0.58750000
v 0.03750000 0.26250000 0.61250000
v 0.03750000 0.28750000 -0.61250000
v 0.03750000 0.28750000 -0.58750000
v 0.03750000 0.28750000 0.58750000
v 0.03750000 0.28750000 0.61250000
v 0.03750000 0.31250000 -0.61250000
v 0.03750000 0.31250000 -0.58750000
v 0.03750000 0.28750000 -0.56250000
v 0.03750000 0.31250000 -0.56250000
v 0.03750000 0.28750000 -0.53750000
v 0.03750000 0.31250000 -0.53750000
v 0.03750000 0.28750000 -0.51250000
v 0.03750000 0.31250000 -0.51250000
v 0.03750000 0.28750000 -0.48750000
v 0.03750000 0.31250000 -0.48750000
v 0.03750000 0.28750000 -0.46250000
v 0.03750000 0.31250000 -0.46250000
v 0.03750000 0.28750000 -0.43750000
v 0.03750000 0.31250000 -0.43750000
v 0.03750000 0.28750000 -0.41250000
v 0.03750000 0.31250000 -0.41250000
v 0.03750000 0.28750000 -0.38750000
v 0.03750000 0.31250000 -0.38750000
v 0.03750000 0.28750000 -0.36250000
v 0.03750000 0.31250000 -0.36250000
v 0.03750000 0.28750000 -0.33750000
v 0.03750000 0.31250000 -0.33750000
v 0.03750000 0.28750000 -0.31250000
v 0.03750000 0.31250000 -0.31250000
v 0.03750000 0.28750000 -0.28750000
v 0.03750000 0.31250000 -0.28750000
v 0.03750000 0.28750000 -0.26250000
v 0.03750000 0.31250000 -0.26250000
v 0.03750000 0.28750000 -0.23750000
v 0.03750000 0.31250000 -0.23750000
v 0.03750000 0.28750000 -0.21250000
v 0.03750000 0.31250000 -0.21250000
v 0.03750000 0.28750000 -0.18750000
v 0.03750000 0.31250000 -0.18750000
v 0.03750000 0.28750000 -0.16250000
v 0.03750000 0.31250000 -0.16250000
v 0.03750000 0.28750000 -0.13750000
v 0.03750000 0.31250000 -0.13750000
v 0.03750000 0.28750000 -0.11250000
v 0.03750000 0.31250000 -0.11250000
v 0.03750000 0.28750000 -0.08750000
v 0.03750000 0.31250000 -0.08750000
v 0.03750000 0.28750000 -0.06250000
v 0.03750000 0.31250000 -0.06250000
v 0.03750000 0.28750000 -0.03750000
v 0.03750000 0.31250000 -0.03750000
v 0.03750000 0.28750000 -0.01250000
v 0.03750000 0.31250000 -0.01250000
v 0.03750000 0.28750000 0.01250000
v 0.03750000 0.31250000 0.01250000
v 0.03750000 0.28750000 0.03750000
v 0.03750000 0.31250000 0.03750000
v 0.03750000 0.28750000 0.06250000
v 0.03750000 0.31250000 0.06250000
v 0.03750000 0.28750000 0.08750000
v 0.03750000 0.31250000 0.08750000
v 0.03750000 0.28750000 0.11250000
v 0.03750000 0.31250000 0.11250000
v 0.03750000 0.28750000 0.13750000
v 0.03750000 0.31250000 0.13750000
v 0.03750000 0.28750000 0.16250000
v 0.03750000 0.31250000 0.16250000
v 0.03750000 0.28750000 0.18750000
v 0.03750000 0.31250000 0.18750000
v 0.03750000 0.28750000 0.21250000
v 0.03750000 0.31250000 0.21250000
v 0.03750000 0.28750000 0.23750000
v 0.03750000 0.31250000 0.23750000
v 0.03750000 0.28750000 0.26250000
v 0.03750000 0.31250000 0.26250000
v 0.03750000 0.28750000 0.28750000
v 0.03750000 0.31250000 0.28750000
v 0.03750000 0.28750000 0.31250000
v 0.03750000 0.31250000 0.31250000
v 0.03750000 0.28750000 0.33750000
v 0.03750000 0.31250000 0.33750000
v 0.03750000 0.28750000 0.36250000
v 0.03750000 0.31250000 0.36250000
v 0.03750000 0.28750000 0.38750000
v 0.03750000 0.31250000 0.38750000
v 0.03750000 0.28750000 0.41250000
v 0.03750000 0.31250000 0.41250000
v 0.03750000 0.28750000 0.43750000
v 0.03750000 0.31250000 0.43750000
v 0.03750000 0.28750000 0.46250000
v 0.03750000 0.31250000 0.46250000
v 0.03750000 0.28750000 0.48750000
v 0.03750000 0.31250000 0.48750000
v 0.03750000 0.28750000 0.51250000
v 0.03750000 0.31250000 0.51250000
v 0.03750000 0.28750000 0.53750000
v 0.03750000 0.31250000 0.53750000
v 0.03750000 0.28750000 0.56250000
v 0.03750000 0.31250000 0.56250000
v 0.03750000 0.31250000 0.58750000
v 0.03750000 0.31250000 0.61250000
v 0.06250000 -0.28750000 -0.61250000
v 0.06250000 -0.28750000 -0.58750000
v 0.06250000 -0.26250000 -0.61250000
v 0.06250000 -0.26250000 -0.58750000
v 0.06250000 -0.28750000 0.58750000
v 0.06250000 -0.28750000 0.61250000
v 0.06250000 -0.26250000 0.58750000
v 0.06250000 -0.26250000 0.61250000
v 0.06250000 -0.23750000 -0.61250000
v 0.06250000 -0.23750000 -0.58750000
v 0.06250000 -0.23750000 0.58750000
v 0.06250000 -0.23750000 0.61250000
v 0.06250000 -0.21250000 -0.61250000
v 0.06250000 -0.21250000 -0.58750000
v 0.06250000 -0.21250000 0.58750000
v 0.06250000 -0.21250000 0.61250000
v 0.06250000 -0.18750000 -0.61250000
v 0.06250000 -0.18750000 -0.58750000
v 0.06250000 -0.18750000 0.58750000
v 0.06250000 -0.18750000 0.61250000
v 0.06250000 -0.16250000 -0.61250000
v 0.06250000 -0.16250000 -0.58750000
v 0.06250000 -0.16250000 0.58750000
v 0.06250000 -0.16250000 0.61250000
v 0.06250000 -0.13750000 -0.61250000
v 0.06250000 -0.13750000 -0.58750000
v 0.06250000 -0.13750000 0.58750000
v 0.06250000 -0.13750000 0.61250000
v 0.06250000 -0.11250000 -0.61250000
v 0.06250000 -0.11250000 -0.58750000
v 0.06250000 -0.11250000 0.58750000
v 0.06250000 -0.11250000 0.61250000
v 0.06250000 -0.08750000 -0.61250000
v 0.06250000 -0.08750000 -0.58750000
v 0.06250000 -0.08750000 0.58750000
v 0.06250000 -0.08750000 0.61250000
v 0.06250000 -0.06250000 -0.61250000
v 0.06250000 -0.06250000 -0.58750000
v 0.06250000 -0.06250000 0.58750000
v 0.06250000 -0.06250000 0.61250000
v 0.06250000 -0.03750000 -0.61250000
v 0.06250000 -0.03750000 -0.58750000
v 0.06250000 -0.03750000 0.58750000
v 0.06250000 -0.03750000 0.61250000
v 0.06250000 -0.01250000 -0.61250000
v 0.06250000 -0.01250000 -0.58750000
v 0.06250000 -0.01250000 0.58750000
v 0.06250000 -0.01250000 0.61250000
v 0.06250000 0.01250000 -0.61250000
v 0.06250000 0.01250000 -0.58750000
v 0.06250000 0.01250000 0.58750000
v 0.06250000 0.01250000 0.61250000
v 0.06250000 0.03750000 -0.61250000
v 0.06250000 0.03750000 -0.58750000
v 0.06250000 0.03750000 0.58750000
v 0.06250000 0.03750000 0.61250000
v 0.06250000 0.06250000 -0.61250000
v 0.06250000 0.06250000 -0.58750000
v 0.06250000 0.06250000 0.58750000
v 0.06250000 0.06250000 0.61250000
v 0.06250000 0.08750000 -0.61250000
v 0.06250000 0.08750000 -0.58750000
v 0.06250000 0.08750000 0.58750000
v 0.06250000 0.08750000 0.61250000
v 0.06250000 0.11250000 -0.61250000
v 0.06250000 0.11250000 -0.58750000
v 0.06250000 0.11250000 0.58750000
v 0.06250000 0.11250000 0.61250000
v 0.06250000 0.13750000 -0.61250000
v 0.06250000 0.13750000 -0.58750000
v 0.06250000 0.13750000 0.58750000
v 0.06250000 0.13750000 0.61250000
v 0.06250000 0.16250000 -0.61250000
v 0.06250000 0.16250000 -0.58750000
v 0.06250000 0.16250000 0.58750000
v 0.06250000 0.16250000 0.61250000
v 0.06250000 0.18750000 -0.61250000
v 0.06250000 0.18750000 -0.58750000
v 0.06250000 0.18750000 0.58750000
v 0.06250000 0.18750000 0.61250000
v 0.06250000 0.21250000 -0.61250000
v 0.06250000 0.21250000 -0.58750000
v 0.06250000 0.21250000 0.58750000
v 0.06250000 0.21250000 0.61250000
v 0.06250000 0.23750000 -0.61250000
v 0.06250000 0.23750000 -0.58750000
v 0.06250000 0.23750000 0.58750000
v 0.06250000 0.23750000 0.61250000
v 0.06250000 0.26250000 -0.61250000
v 0.06250000 0.26250000 -0.58750000
v 0.06250000 0.26250000 0.58750000
v 0.06250000 0.26250000 0.61250000
v 0.06250000 0.28750000 -0.61250000
v 0.06250000 0.28750000 -0.58750000
v 0.06250000 0.28750000 0.58750000
v 0.06250000 0.28750000 0.61250000
v 0.06250000 0.31250000 -0.61250000
v 0.06250000 0.31250000 -0.58750000
v 0.06250000 0.28750000 -0.56250000
v 0.06250000 0.31250000 -0.56250000
v 0.06250000 0.28750000 -0.53750000
v 0.06250000 0.31250000 -0.53750000
v 0.06250000 0.28750000 -0.51250000
v 0.06250000 0.31250000 -0.51250000
v 0.06250000 0.28750000 -0.48750000
v 0.06250000 0.31250000 -0.48750000
v 0.06250000 0.28750000 -0.46250000
v 0.06250000 0.31250000 -0.46250000
v 0.06250000 0.28750000 -0.43750000
v 0.06250000 0.31250000 -0.43750000
v 0.06250000 0.28750000 -0.41250000
v 0.06250000 0.31250000 -0.41250000
v 0.06250000 0.28750000 -0.38750000
v 0.06250000 0.31250000 -0.38750000
v 0.06250000 0.28750000 -0.36250000
v 0.06250000 0.31250000 -0.36250000
v 0.06250000 0.28750000 -0.33750000
v 0.06250000 0.31250000 -0.33750000
v 0.06250000 0.28750000 -0.31250000
v 0.06250000 0.31250000 -0.31250000
v 0.06250000 0.28750000 -0.28750000
v 0.06250000 0.31250000 -0.28750000
v 0.06250000 0.28750000 -0.26250000
v 0.06250000 0.31250000 -0.26250000
v 0.06250000 0.28750000 -0.23750000
v 0.06250000 0.31250000 -0.23750000
v 0.06250000 0.28750000 -0.21250000
v 0.06250000 0.31250000 -0.21250000
v 0.06250000 0.28750000 -0.18750000
v 0.06250000 0.31250000 -0.18750000
v 0.06250000 0.28750000 -0.16250000
v 0.06250000 0.31250000 -0.16250000
v 0.06250000 0.28750000 -0.13750000
v 0.06250000 0.31250000 -0.13750000
v 0.06250000 0.28750000 -0.11250000
v 0.06250000 0.31250000 -0.11250000
v 0.06250000 0.28750000 -0.08750000
v 0.06250000 0.31250000 -0.08750000
v 0.06250000 0.28750000 -0.06250000
v 0.06250000 0.31250000 -0.06250000
v 0.06250000 0.28750000 -0.03750000
v 0.06250000 0.31250000 -0.03750000
v 0.06250000 0.28750000 -0.01250000
v 0.06250000 0.31250000 -0.01250000
v 0.06250000 0.28750000 0.01250000
v 0.06250000 0.31250000 0.01250000
v 0.06250000 0.28750000 0.03750000
v 0.06250000 0.31250000 0.03750000
v 0.06250000 0.28750000 0.06250000
v 0.06250000 0.31250000 0.06250000
v 0.06250000 0.28750000 0.08750000
v 0.06250000 0.31250000 0.08750000
v 0.06250000 0.28750000 0.11250000
v 0.06250000 0.31250000 0.11250000
v 0.06250000 0.28750000 0.13750000
v 0.06250000 0.31250000 0.13750000
v 0.06250000 0.28750000 0.16250000
v 0.06250000 0.31250000 0.16250000
v 0.06250000 0.28750000 0.18750000
v 0.06250000 0.31250000 0.18750000
v 0.06250000 0.28750000 0.21250000
v 0.06250000 0.31250000 0.21250000
v 0.06250000 0.28750000 0.23750000
v 0.06250000 0.31250000 0.23750000
v 0.06250000 0.28750000 0.26250000
v 0.06250000 0.31250000 0.26250000
v 0.06250000 0.28750000 0.28750000
v 0.06250000 0.31250000 0.28750000
v 0.06250000 0.28750000 0.31250000
v 0.06250000 0.31250000 0.31250000
v 0.06250000 0.28750000 0.33750000
v 0.06250000 0.31250000 0.33750000
v 0.06250000 0.28750000 0.36250000
v 0.06250000 0.31250000 0.36250000
v 0.06250000 0.28750000 0.38750000
v 0.06250000 0.31250000 0.38750000
v 0.06250000 0.28750000 0.41250000
v 0.06250000 0.31250000 0.41250000
v 0.06250000 0.28750000 0.43750000
v 0.06250000 0.31250000 0.43750000
v 0.06250000 0.28750000 0.46250000
v 0.06250000 0.31250000 0.46250000
v 0.06250000 0.28750000 0.48750000
v 0.06250000 0.31250000 0.48750000
v 0.06250000 0.28750000 0.51250000
v 0.06250000 0.31250000 0.51250000
v 0.06250000 0.28750000 0.53750000
v 0.06250000 0.31250000 0.53750000
v 0.06250000 0.28750000 0.56250000
v 0.06250000 0.31250000 0.56250000
v 0.06250000 0.31250000 0.58750000
v 0.06250000 0.31250000 0.61250000
v 0.08750000 -0.28750000 -0.61250000
v 0.08750000 -0.28750000 -0.58750000
v 0.08750000 -0.26250000 -0.61250000
v 0.08750000 -0.26250000 -0.58750000
v 0.08750000 -0.28750000 0.58750000
v 0.08750000 -0.28750000 0.61250000
v 0.08750000 -0.26250000 0.58750000
v 0.08750000 -0.26250000 0.61250000
v 0.08750000 -0.23750000 -0.61250000
v 0.08750000 -0.23750000 -0.58750000
v 0.08750000 -0.23750000 0.58750000
v 0.08750000 -0.23750000 0.61250000
v 0.08750000 -0.21250000 -0.61250000
v 0.08750000 -0.21250000 -0.58750000
v 0.08750000 -0.21250000 0.58750000
v 0.08750000 -0.21250000 0.61250000
v 0.08750000 -0.18750000 -0.61250000
v 0.08750000 -0.18750000 -0.58750000
v 0.08750000 -0.18750000 0.58750000
v 0.08750000 -0.18750000 0.61250000
v 0.08750000 -0.16250000 -0.61250000
v 0.08750000 -0.16250000 -0.58750000
v 0.08750000 -0.16250000 0.58750000
v 0.08750000 -0.16250000 0.61250000
v 0.08750000 -0.13750000 -0.61250000
v 0.08750000 -0.13750000 -0.58750000
v 0.08750000 -0.13750000 0.58750000
v 0.08750000 -0.13750000 0.61250000
v 0.08750000 -0.11250000 -0.61250000
v 0.08750000 -0.11250000 -0.58750000
v 0.08750000 -0.11250000 0.58750000
v 0.08750000 -0.11250000 0.61250000
v 0.08750000 -0.08750000 -0.61250000
v 0.08750000 -0.08750000 -0.58750000
v 0.08750000 -0.08750000 0.58750000
v 0.08750000 -0.08750000 0.61250000
v 0.08750000 -0.06250000 -0.61250000
v 0.08750000 -0.06250000 -0.58750000
v 0.08750000 -0.06250000 0.58750000
v 0.08750000 -0.06250000 0.61250000
v 0.08750000 -0.03750000 -0.61250000
v 0.08750000 -0.03750000 -0.58750000
v 0.08750000 -0.03750000 0.58750000
v 0.08750000 -0.03750000 0.61250000
v 0.08750000 -0.01250000 -0.61250000
v 0.08750000 -0.01250000 -0.58750000
v 0.08750000 -0.01250000 0.58750000
v 0.08750000 -0.01250000 0.61250000
v 0.08750000 0.01250000 -0.61250000
v 0.08750000 0.01250000 -0.58750000
v 0.08750000 0.01250000 0.58750000
v 0.08750000 0.01250000 0.61250000
v 0.08750000 0.03750000 -0.61250000
v 0.08750000 0.03750000 -0.58750000
v 0.08750000 0.03750000 0.58750000
v 0.08750000 0.03750000 0.61250000
v 0.08750000 0.06250000 -0.61250000
v 0.08750000 0.06250000 -0.58750000
v 0.08750000 0.06250000 0.58750000
v 0.08750000 0.06250000 0.61250000
v 0.08750000 0.08750000 -0.61250000
v 0.08750000 0.08750000 -0.58750000
v 0.08750000 0.08750000 0.58750000
v 0.08750000 0.08750000 0.61250000
v 0.08750000 0.11250000 -0.61250000
v 0.08750000 0.11250000 -0.58750000
v 0.08750000 0.11250000 0.58750000
v 0.08750000 0.11250000 0.61250000
v 0.08750000 0.13750000 -0.61250000
v 0.08750000 0.13750000 -0.58750000
v 0.08750000 0.13750000 0.58750000
v 0.08750000 0.13750000 0.61250000
v 0.08750000 0.16250000 -0.61250000
v 0.08750000 0.16250000 -0.58750000
v 0.08750000 0.16250000 0.58750000
v 0.08750000 0.16250000 0.61250000
v 0.08750000 0.18750000 -0.61250000
v 0.08750000 0.18750000 -0.58750000
v 0.08750000 0.18750000 0.58750000
v 0.08750000 0.18750000 0.61250000
v 0.08750000 0.21250000 -0.61250000
v 0.08750000 0.21250000 -0.58750000
v 0.08750000 0.21250000 0.58750000
v 0.08750000 0.21250000 0.61250000
v 0.08750000 0.23750000 -0.61250000
v 0.08750000 0.23750000 -0.58750000
v 0.08750000 0.23750000 0.58750000
v 0.08750000 0.23750000 0.61250000
v 0.08750000 0.26250000 -0.61250000
v 0.08750000 0.26250000 -0.58750000
v 0.08750000 0.26250000 0.58750000
v 0.08750000 0.26250000 0.61250000
v 0.08750000 0.28750000 -0.61250000
v 0.08750000 0.28750000 -0.58750000
v 0.08750000 0.28750000 0.58750000
v 0.08750000 0.28750000 0.61250000
v 0.08750000 0.31250000 -0.61250000
v 0.08750000 0.31250000 -0.58750000
v 0.08750000 0.28750000 -0.56250000
v 0.08750000 0.31250000 -0.56250000
v 0.08750000 0.28750000 -0.53750000
v 0.08750000 0.31250000 -0.53750000
v 0.08750000 0.28750000 -0.51250000
v 0.08750000 0.31250000 -0.51250000
v 0.08750000 0.28750000 -0.48750000
v 0.08750000 0.31250000 -0.48750000
v 0.08750000 0.28750000 -0.46250000
v 0.08750000 0.31250000 -0.46250000
v 0.08750000 0.28750000 -0.43750000
v 0.08750000 0.31250000 -0.43750000
v 0.08750000 0.28750000 -0.41250000
v 0.08750000 0.31250000 -0.41250000
v 0.08750000 0.28750000 -0.38750000
v 0.08750000 0.31250000 -0.38750000
v 0.08750000 0.28750000 -0.36250000
v 0.08750000 0.31250000 -0.36250000
v 0.08750000 0.28750000 -0.33750000
v 0.08750000 0.31250000 -0.33750000
v 0.08750000 0.28750000 -0.31250000
v 0.08750000 0.31250000 -0.31250000
v 0.08750000 0.28750000 -0.28750000
v 0.08750000 0.31250000 -0.28750000
v 0.08750000 0.28750000 -0.26250000
v 0.08750000 0.31250000 -0.26250000
v 0.08750000 0.28750000 -0.23750000
v 0.08750000 0.31250000 -0.23750000
v 0.08750000 0.28750000 -0.21250000
v 0.08750000 0.31250000 -0.21250000
v 0.08750000 0.28750000 -0.18750000
v 0.08750000 0.31250000 -0.18750000
v 0.08750000 0.28750000 -0.16250000
v 0.08750000 0.31250000 -0.16250000
v 0.08750000 0.28750000 -0.13750000
v 0.08750000 0.31250000 -0.13750000
v 0.08750000 0.28750000 -0.11250000
v 0.08750000 0.31250000 -0.11250000
v 0.08750000 0.28750000 -0.08750000
v 0.08750000 0.31250000 -0.08750000
v 0.08750000 0.28750000 -0.06250000
v 0.08750000 0.31250000 -0.06250000
v 0.08750000 0.28750000 -0.03750000
v 0.08750000 0.31250000 -0.03750000
v 0.08750000 0.28750000 -0.01250000
v 0.08750000 0.31250000 -0.01250000
v 0.08750000 0.28750000 0.01250000
v 0.08750000 0.31250000 0.01250000
v 0.08750000 0.28750000 0.03750000
v 0.08750000 0.31250000 0.03750000
v 0.08750000 0.28750000 0.06250000
v 0.08750000 0.31250000 0.06250000
v 0.08750000 0.28750000 0.08750000
v 0.08750000 0.31250000 0.08750000
v 0.08750000 0.28750000 0.11250000
v 0.08750000 0.31250000 0.11250000
v 0.08750000 0.28750000 0.13750000
v 0.08750000 0.31250000 0.13750000
v 0.08750000 0.28750000 0.16250000
v 0.08750000 0.31250000 0.16250000
v 0.08750000 0.28750000 0.18750000
v 0.08750000 0.31250000 0.18750000
v 0.08750000 0.28750000 0.21250000
v 0.08750000 0.31250000 0.21250000
v 0.08750000 0.28750000 0.23750000
v 0.08750000 0.31250000 0.23750000
v 0.08750000 0.28750000 0.26250000
v 0.08750000 0.31250000 0.26250000
v 0.08750000 0.28750000 0.28750000
v 0.08750000 0.31250000 0.28750000
v 0.08750000 0.28750000 0.31250000
v 0.08750000 0.31250000 0.31250000
v 0.08750000 0.28750000 0.33750000
v 0.08750000 0.31250000 0.33750000
v 0.08750000 0.28750000 0.36250000
v 0.08750000 0.31250000 0.36250000
v 0.08750000 0.28750000 0.38750000
v 0.08750000 0.31250000 0.38750000
v 0.08750000 0.28750000 0.41250000
v 0.08750000 0.31250000 0.41250000
v 0.08750000 0.28750000 0.43750000
v 0.08750000 0.31250000 0.43750000
v 0.08750000 0.28750000 0.46250000
v 0.08750000 0.31250000 0.46250000
v 0.08750000 0.28750000 0.48750000
v 0.08750000 0.31250000 0.48750000
v 0.08750000 0.28750000 0.51250000
v 0.08750000 0.31250000 0.51250000
v 0.08750000 0.28750000 0.53750000
v 0.08750000 0.31250000 0.53750000
v 0.08750000 0.28750000 0.56250000
v 0.08750000 0.31250000 0.56250000
v 0.08750000 0.31250000 0.58750000
v 0.08750000 0.31250000 0.61250000
v 0.11250000 -0.28750000 -0.61250000
v 0.11250000 -0.28750000 -0.58750000
v 0.11250000 -0.26250000 -0.61250000
v 0.11250000 -0.26250000 -0.58750000
v 0.11250000 -0.28750000 0.58750000
v 0.11250000 -0.28750000 0.61250000
v 0.11250000 -0.26250000 0.58750000
v 0.11250000 -0.26250000 0.61250000
v 0.11250000 -0.23750000 -0.61250000
v 0.11250000 -0.23750000 -0.58750000
v 0.11250000 -0.23750000 0.58750000
v 0.11250000 -0.23750000 0.61250000
v 0.11250000 -0.21250000 -0.61250000
v 0.11250000 -0.21250000 -0.58750000
v 0.11250000 -0.21250000 0.58750000
v 0.11250000 -0.21250000 0.61250000
v 0.11250000 -0.18750000 -0.61250000
v 0.11250000 -0.18750000 -0.58750000
v 0.11250000 -0.18750000 0.58750000
v 0.11250000 -0.18750000 0.61250000
v 0.11250000 -0.16250000 -0.61250000
v 0.11250000 -0.16250000 -0.58750000
v 0.11250000 -0.16250000 0.58750000
v 0.11250000 -0.16250000 0.61250000
v 0.11250000 -0.13750000 -0.61250000
v 0.11250000 -0.13750000 -0.58750000
v 0.11250000 -0.13750000 0.58750000
v 0.11250000 -0.13750000 0.61250000
v 0.11250000 -0.11250000 -0.61250000
v 0.11250000 -0.11250000 -0.58750000
v 0.11250000 -0.11250000 0.58750000
v 0.11250000 -0.11250000 0.61250000
v 0.11250000 -0.08750000 -0.61250000
v 0.11250000 -0.08750000 -0.58750000
v 0.11250000 -0.08750000 0.58750000
v 0.11250000 -0.08750000 0.61250000
v 0.11250000 -0.06250000 -0.61250000
v 0.11250000 -0.06250000 -0.58750000
v 0.11250000 -0.06250000 0.58750000
v 0.11250000 -0.06250000 0.61250000
v 0.11250000 -0.03750000 -0.61250000
v 0.11250000 -0.03750000 -0.58750000
v 0.11250000 -0.03750000 0.58750000
v 0.11250000 -0.03750000 0.61250000
v 0.11250000 -0.01250000 -0.61250000
v 0.11250000 -0.01250000 -0.58750000
v 0.11250000 -0.01250000 0.58750000
v 0.11250000 -0.01250000 0.61250000
v 0.11250000 0.01250000 -0.61250000
v 0.11250000 0.01250000 -0.58750000
v 0.11250000 0.01250000 0.58750000
v 0.11250000 0.01250000 0.61250000
v 0.11250000 0.03750000 -0.61250000
v 0.11250000 0.03750000 -0.58750000
v 0.11250000 0.03750000 0.58750000
v 0.11250000 0.03750000 0.61250000
v 0.11250000 0.06250000 -0.61250000
v 0.11250000 0.06250000 -0.58750000
v 0.11250000 0.06250000 0.58750000
v 0.11250000 0.06250000 0.61250000
v 0.11250000 0.08750000 -0.61250000
v 0.11250000 0.08750000 -0.58750000
v 0.11250000 0.08750000 0.58750000
v 0.11250000 0.08750000 0.61250000
v 0.11250000 0.11250000 -0.61250000
v 0.11250000 0.11250000 -0.58750000
v 0.11250000 0.11250000 0.58750000
v 0.11250000 0.11250000 0.61250000
v 0.11250000 0.13750000 -0.61250000
v 0.11250000 0.13750000 -0.58750000
v 0.11250000 0.13750000 0.58750000
v 0.11250000 0.13750000 0.61250000
v 0.11250000 0.16250000 -0.61250000
v 0.11250000 0.16250000 -0.58750000
v 0.11250000 0.16250000 0.58750000
v 0.11250000 0.16250000 0.61250000
v 0.11250000 0.18750000 -0.61250000
v 0.11250000 0.18750000 -0.58750000
v 0.11250000 0.18750000 0.58750000
v 0.11250000 0.18750000 0.61250000
v 0.11250000 0.21250000 -0.61250000
v 0.11250000 0.21250000 -0.58750000
v 0.11250000 0.21250000 0.58750000
v 0.11250000 0.21250000 0.61250000
v 0.11250000 0.23750000 -0.61250000
v 0.11250000 0.23750000 -0.58750000
v 0.11250000 0.23750000 0.58750000
v 0.11250000 0.23750000 0.61250000
v 0.11250000 0.26250000 -0.61250000
v 0.11250000 0.26250000 -0.58750000
v 0.11250000 0.26250000 0.58750000
v 0.11250000 0.26250000 0.61250000
v 0.11250000 0.28750000 -0.61250000
v 0.11250000 0.28750000 -0.58750000
v 0.11250000 0.28750000 0.58750000
v 0.11250000 0.28750000 0.61250000
v 0.11250000 0.31250000 -0.61250000
v 0.11250000 0.31250000 -0.58750000
v 0.11250000 0.28750000 -0.56250000
v 0.11250000 0.31250000 -0.56250000
v 0.11250000 0.28750000 -0.53750000
v 0.11250000 0.31250000 -0.53750000
v 0.11250000 0.28750000 -0.51250000
v 0.11250000 0.31250000 -0.51250000
v 0.11250000 0.28750000 -0.48750000
v 0.11250000 0.31250000 -0.48750000
v 0.11250000 0.28750000 -0.46250000
v 0.11250000 0.31250000 -0.46250000
v 0.11250000 0.28750000 -0.43750000
v 0.11250000 0.31250000 -0.43750000
v 0.11250000 0.28750000 -0.41250000
v 0.11250000 0.31250000 -0.41250000
v 0.11250000 0.28750000 -0.38750000
v 0.11250000 0.31250000 -0.38750000
v 0.11250000 0.28750000 -0.36250000
v 0.11250000 0.31250000 -0.36250000
v 0.11250000 0.28750000 -0.33750000
v 0.11250000 0.31250000 -0.33750000
v 0.11250000 0.28750000 -0.31250000
v 0.11250000 0.31250000 -0.31250000
v 0.11250000 0.28750000 -0.28750000
v 0.11250000 0.31250000 -0.28750000
v 0.11250000 0.28750000 -0.26250000
v 0.11250000 0.31250000 -0.26250000
v 0.11250000 0.28750000 -0.23750000
v 0.11250000 0.31250000 -0.23750000
v 0.11250000 0.28750000 -0.21250000
v 0.11250000 0.31250000 -0.21250000
v 0.11250000 0.28750000 -0.18750000
v 0.11250000 0.31250000 -0.18750000
v 0.11250000 0.28750000 -0.16250000
v 0.11250000 0.31250000 -0.16250000
v 0.11250000 0.28750000 -0.13750000
v 0.11250000 0.31250000 -0.13750000
v 0.11250000 0.28750000 -0.11250000
v 0.11250000 0.31250000 -0.11250000
v 0.11250000 0.28750000 -0.08750000
v 0.11250000 0.31250000 -0.08750000
v 0.11250000 0.28750000 -0.06250000
v 0.11250000 0.31250000 -0.06250000
v 0.11250000 0.28750000 -0.03750000
v 0.11250000 0.31250000 -0.03750000
v 0.11250000 0.28750000 -0.01250000
v 0.11250000 0.31250000 -0.01250000
v 0.11250000 0.28750000 0.01250000
v 0.11250000 0.31250000 0.01250000
v 0.11250000 0.28750000 0.03750000
v 0.11250000 0.31250000 0.03750000
v 0.11250000 0.28750000 0.06250000
v 0.11250000 0.31250000 0.06250000
v 0.11250000 0.28750000 0.08750000
v 0.11250000 0.31250000 0.08750000
v 0.11250000 0.28750000 0.11250000
v 0.11250000 0.31250000 0.11250000
v 0.11250000 0.28750000 0.13750000
v 0.11250000 0.31250000 0.13750000
v 0.11250000 0.28750000 0.16250000
v 0.11250000 0.31250000 0.16250000
v 0.11250000 0.28750000 0.18750000
v 0.11250000 0.31250000 0.18750000
v 0.11250000 0.28750000 0.21250000
v 0.11250000 0.31250000 0.21250000
v 0.11250000 0.28750000 0.23750000
v 0.11250000 0.31250000 0.23750000
v 0.11250000 0.28750000 0.26250000
v 0.11250000 0.31250000 0.26250000
v 0.11250000 0.28750000 0.28750000
v 0.11250000 0.31250000 0.28750000
v 0.11250000 0.28750000 0.31250000
v 0.11250000 0.31250000 0.31250000
v 0.11250000 0.28750000 0.33750000
v 0.11250000 0.31250000 0.33750000
v 0.11250000 0.28750000 0.36250000
v 0.11250000 0.31250000 0.36250000
v 0.11250000 0.28750000 0.38750000
v 0.11250000 0.31250000 0.38750000
v 0.11250000 0.28750000 0.41250000
v 0.11250000 0.31250000 0.41250000
v 0.11250000 0.28750000 0.43750000
v 0.11250000 0.31250000 0.43750000
v 0.11250000 0.28750000 0.46250000
v 0.11250000 0.31250000 0.46250000
v 0.11250000 0.28750000 0.48750000
v 0.11250000 0.31250000 0.48750000
v 0.11250000 0.28750000 0.51250000
v 0.11250000 0.31250000 0.51250000
v 0.11250000 0.28750000 0.53750000
v 0.11250000 0.31250000 0.53750000
v 0.11250000 0.28750000 0.56250000
v 0.11250000 0.31250000 0.56250000
v 0.11250000 0.31250000 0.58750000
v 0.11250000 0.31250000 0.61250000
v 0.13750000 -0.28750000 -0.61250000
v 0.13750000 -0.28750000 -0.58750000
v 0.13750000 -0.26250000 -0.61250000
v 0.13750000 -0.26250000 -0.58750000
v 0.13750000 -0.28750000 0.58750000
v 0.13750000 -0.28750000 0.61250000
v 0.13750000 -0.26250000 0.58750000
v 0.13750000 -0.26250000 0.61250000
v 0.13750000 -0.23750000 -0.61250000
v 0.13750000 -0.23750000 -0.58750000
v 0.13750000 -0.23750000 0.58750000
v 0.13750000 -0.23750000 0.61250000
v 0.13750000 -0.21250000 -0.61250000
v 0.13750000 -0.21250000 -0.58750000
v 0.13750000 -0.21250000 0.58750000
v 0.13750000 -0.21250000 0.61250000
v 0.13750000 -0.18750000 -0.61250000
v 0.13750000 -0.18750000 -0.58750000
v 0.13750000 -0.18750000 0.58750000
v 0.13750000 -0.18750000 0.61250000
v 0.13750000 -0.16250000 -0.61250000
v 0.13750000 -0.16250000 -0.58750000
v 0.13750000 -0.16250000 0.58750000
v 0.13750000 -0.16250000 0.61250000
v 0.13750000 -0.13750000 -0.61250000
v 0.13750000 -0.13750000 -0.58750000
v 0.13750000 -0.13750000 0.58750000
v 0.13750000 -0.13750000 0.61250000
v 0.13750000 -0.11250000 -0.61250000
v 0.13750000 -0.11250000 -0.58750000
v 0.13750000 -0.11250000 0.58750000
v 0.13750000 -0.11250000 0.61250000
v 0.13750000 -0.08750000 -0.61250000
v 0.13750000 -0.08750000 -0.58750000
v 0.13750000 -0.08750000 0.58750000
v 0.13750000 -0.08750000 0.61250000
v 0.13750000 -0.06250000 -0.61250000
v 0.13750000 -0.06250000 -0.58750000
v 0.13750000 -0.06250000 0.58750000
v 0.13750000 -0.06250000 0.61250000
v 0.13750000 -0.03750000 -0.61250000
v 0.13750000 -0.03750000 -0.58750000
v 0.13750000 -0.03750000 0.58750000
v 0.13750000 -0.03750000 0.61250000
v 0.13750000 -0.01250000 -0.61250000
v 0.13750000 -0.01250000 -0.58750000
v 0.13750000 -0.01250000 0.58750000
v 0.13750000 -0.01250000 0.61250000
v 0.13750000 0.01250000 -0.61250000
v 0.13750000 0.01250000 -0.58750000
v 0.13750000 0.01250000 0.58750000
v 0.13750000 0.01250000 0.61250000
v 0.13750000 0.03750000 -0.61250000
v 0.13750000 0.03750000 -0.58750000
v 0.13750000 0.03750000 0.58750000
v 0.13750000 0.03750000 0.61250000
v 0.13750000 0.06250000 -0.61250000
v 0.13750000 0.06250000 -0.58750000
v 0.13750000 0.06250000 0.58750000
v 0.13750000 0.06250000 0.61250000
v 0.13750000 0.08750000 -0.61250000
v 0.13750000 0.08750000 -0.58750000
v 0.13750000 0.08750000 0.58750000
v 0.13750000 0.08750000 0.61250000
v 0.13750000 0.11250000 -0.61250000
v 0.13750000 0.11250000 -0.58750000
v 0.13750000 0.11250000 0.58750000
v 0.13750000 0.11250000 0.61250000
v 0.13750000 0.13750000 -0.61250000
v 0.13750000 0.13750000 -0.58750000
v 0.13750000 0.13750000 0.58750000
v 0.13750000 0.13750000 0.61250000
v 0.13750000 0.16250000 -0.61250000
v 0.13750000 0.16250000 -0.58750000
v 0.13750000 0.16250000 0.58750000
v 0.13750000 0.16250000 0.61250000
v 0.13750000 0.18750000 -0.61250000
v 0.13750000 0.18750000 -0.58750000
v 0.13750000 0.18750000 0.58750000
v 0.13750000 0.18750000 0.61250000
v 0.13750000 0.21250000 -0.61250000
v 0.13750000 0.21250000 -0.58750000
v 0.13750000 0.21250000 0.58750000
v 0.13750000 0.21250000 0.61250000
v 0.13750000 0.23750000 -0.61250000
v 0.13750000 0.23750000 -0.58750000
v 0.13750000 0.23750000 0.58750000
v 0.13750000 0.23750000 0.61250000
v 0.13750000 0.26250000 -0.61250000
v 0.13750000 0.26250000 -0.58750000
v 0.13750000 0.26250000 0.58750000
v 0.13750000 0.26250000 0.61250000
v 0.13750000 0.28750000 -0.61250000
v 0.13750000 0.28750000 -0.58750000
v 0.13750000 0.28750000 0.58750000
v 0.13750000 0.28750000 0.61250000
v 0.13750000 0.31250000 -0.61250000
v 0.13750000 0.31250000 -0.58750000
v 0.13750000 0.28750000 -0.56250000
v 0.13750000 0.31250000 -0.56250000
v 0.13750000 0.28750000 -0.53750000
v 0.13750000 0.31250000 -0.53750000
v 0.13750000 0.28750000 -0.51250000
v 0.13750000 0.31250000 -0.51250000
v 0.13750000 0.28750000 -0.48750000
v 0.13750000 0.31250000 -0.48750000
v 0.13750000 0.28750000 -0.46250000
v 0.13750000 0.31250000 -0.46250000
v 0.13750000 0.28750000 -0.43750000
v 0.13750000 0.31250000 -0.43750000
v 0.13750000 0.28750000 -0.41250000
v 0.13750000 0.31250000 -0.41250000
v 0.13750000 0.28750000 -0.38750000
v 0.13750000 0.31250000 -0.38750000
v 0.13750000 0.28750000 -0.36250000
v 0.13750000 0.31250000 -0.36250000
v 0.13750000 0.28750000 -0.33750000
v 0.13750000 0.31250000 -0.33750000
v 0.13750000 0.28750000 -0.31250000
v 0.13750000 0.31250000 -0.31250000
v 0.13750000 0.28750000 -0.28750000
v 0.13750000 0.31250000 -0.28750000
v 0.13750000 0.28750000 -0.26250000
v 0.13750000 0.31250000 -0.26250000
v 0.13750000 0.28750000 -0.23750000
v 0.13750000 0.31250000 -0.23750000
v 0.13750000 0.28750000 -0.21250000
v 0.13750000 0.31250000 -0.21250000
v 0.13750000 0.28750000 -0.18750000
v 0.13750000 0.31250000 -0.18750000
v 0.13750000 0.28750000 -0.16250000
v 0.13750000 0.31250000 -0.16250000
v 0.13750000 0.28750000 -0.13750000
v 0.13750000 0.31250000 -0.13750000
v 0.13750000 0.28750000 -0.11250000
v 0.13750000 0.31250000 -0.11250000
v 0.13750000 0.28750000 -0.08750000
v 0.13750000 0.31250000 -0.08750000
v 0.13750000 0.28750000 -0.06250000
v 0.13750000 0.31250000 -0.06250000
v 0.13750000 0.28750000 -0.03750000
v 0.13750000 0.31250000 -0.03750000
v 0.13750000 0.28750000 -0.01250000
v 0.13750000 0.31250000 -0.01250000
v 0.13750000 0.28750000 0.01250000
v 0.13750000 0.31250000 0.01250000
v 0.13750000 0.28750000 0.03750000
v 0.13750000 0.31250000 0.03750000
v 0.13750000 0.28750000 0.06250000
v 0.13750000 0.31250000 0.06250000
v 0.13750000 0.28750000 0.08750000
v 0.13750000 0.31250000 0.08750000
v 0.13750000 0.28750000 0.11250000
v 0.13750000 0.31250000 0.11250000
v 0.13750000 0.28750000 0.13750000
v 0.13750000 0.31250000 0.13750000
v 0.13750000 0.28750000 0.16250000
v 0.13750000 0.31250000 0.16250000
v 0.13750000 0.28750000 0.18750000
v 0.13750000 0.31250000 0.18750000
v 0.13750000 0.28750000 0.21250000
v 0.13750000 0.31250000 0.21250000
v 0.13750000 0.28750000 0.23750000
v 0.13750000 0.31250000 0.23750000
v 0.13750000 0.28750000 0.26250000
v 0.13750000 0.31250000 0.26250000
v 0.13750000 0.28750000 0.28750000
v 0.13750000 0.31250000 0.28750000
v 0.13750000 0.28750000 0.31250000
v 0.13750000 0.31250000 0.31250000
v 0.13750000 0.28750000 0.33750000
v 0.13750000 0.31250000 0.33750000
v 0.13750000 0.28750000 0.36250000
v 0.13750000 0.31250000 0.36250000
v 0.13750000 0.28750000 0.38750000
v 0.13750000 0.31250000 0.38750000
v 0.13750000 0.28750000 0.41250000
v 0.13750000 0.31250000 0.41250000
v 0.13750000 0.28750000 0.43750000
v 0.13750000 0.31250000 0.43750000
v 0.13750000 0.28750000 0.46250000
v 0.13750000 0.31250000 0.46250000
v 0.13750000 0.28750000 0.48750000
v 0.13750000 0.31250000 0.48750000
v 0.13750000 0.28750000 0.51250000
v 0.13750000 0.31250000 0.51250000
v 0.13750000 0.28750000 0.53750000
v 0.13750000 0.31250000 0.53750000
v 0.13750000 0.28750000 0.56250000
v 0.13750000 0.31250000 0.56250000
v 0.13750000 0.31250000 0.58750000
v 0.13750000 0.31250000 0.61250000
v 0.16250000 -0.28750000 -0.61250000
v 0.16250000 -0.28750000 -0.58750000
v 0.16250000 -0.26250000 -0.61250000
v 0.16250000 -0.26250000 -0.58750000
v 0.16250000 -0.28750000 0.58750000
v 0.16250000 -0.28750000 0.61250000
v 0.16250000 -0.26250000 0.58750000
v 0.16250000 -0.26250000 0.61250000
v 0.16250000 -0.23750000 -0.61250000
v 0.16250000 -0.23750000 -0.58750000
v 0.16250000 -0.23750000 0.58750000
v 0.16250000 -0.23750000 0.61250000
v 0.16250000 -0.21250000 -0.61250000
v 0.16250000 -0.21250000 -0.58750000
v 0.16250000 -0.21250000 0.58750000
v 0.16250000 -0.21250000 0.61250000
v 0.16250000 -0.18750000 -0.61250000
v 0.16250000 -0.18750000 -0.58750000
v 0.16250000 -0.18750000 0.58750000
v 0.16250000 -0.18750000 0.61250000
v 0.16250000 -0.16250000 -0.61250000
v 0.16250000 -0.16250000 -0.58750000
v 0.16250000 -0.16250000 0.58750000
v 0.16250000 -0.16250000 0.61250000
v 0.16250000 -0.13750000 -0.61250000
v 0.16250000 -0.13750000 -0.58750000
v 0.16250000 -0.13750000 0.58750000
v 0.16250000 -0.13750000 0.61250000
v 0.16250000 -0.11250000 -0.61250000
v 0.16250000 -0.11250000 -0.58750000
v 0.16250000 -0.11250000 0.58750000
v 0.16250000 -0.11250000 0.61250000
v 0.16250000 -0.08750000 -0.61250000
v 0.16250000 -0.08750000 -0.58750000
v 0.16250000 -0.08750000 0.58750000
v 0.16250000 -0.08750000 0.61250000
v 0.16250000 -0.06250000 -0.61250000
v 0.16250000 -0.06250000 -0.58750000
v 0.16250000 -0.06250000 0.58750000
v 0.16250000 -0.06250000 0.61250000
v 0.16250000 -0.03750000 -0.61250000
v 0.16250000 -0.03750000 -0.58750000
v 0.16250000 -0.03750000 0.58750000
v 0.16250000 -0.03750000 0.61250000
v 0.16250000 -0.01250000 -0.61250000
v 0.16250000 -0.01250000 -0.58750000
v 0.16250000 -0.01250000 0.58750000
v 0.16250000 -0.01250000 0.61250000
v 0.16250000 0.01250000 -0.61250000
v 0.16250000 0.01250000 -0.58750000
v 0.16250000 0.01250000 0.58750000
v 0.16250000 0.01250000 0.61250000
v 0.16250000 0.03750000 -0.61250000
v 0.16250000 0.03750000 -0.58750000
v 0.16250000 0.03750000 0.58750000
v 0.16250000 0.03750000 0.61250000
v 0.16250000 0.06250000 -0.61250000
v 0.16250000 0.06250000 -0.58750000
v 0.16250000 0.06250000 0.58750000
v 0.16250000 0.06250000 0.61250000
v 0.16250000 0.08750000 -0.61250000
v 0.16250000 0.08750000 -0.58750000
v 0.16250000 0.08750000 0.58750000
v 0.16250000 0.08750000 0.61250000
v 0.16250000 0.11250000 -0.61250000
v 0.16250000 0.11250000 -0.58750000
v 0.16250000 0.11250000 0.58750000
v 0.16250000 0.11250000 0.61250000
v 0.16250000 0.13750000 -0.61250000
v 0.16250000 0.13750000 -0.58750000
v 0.16250000 0.13750000 0.58750000
v 0.16250000 0.13750000 0.61250000
v 0.16250000 0.16250000 -0.61250000
v 0.16250000 0.16250000 -0.58750000
v 0.16250000 0.16250000 0.58750000
v 0.16250000 0.16250000 0.61250000
v 0.16250000 0.18750000 -0.61250000
v 0.16250000 0.18750000 -0.58750000
v 0.16250000 0.18750000 0.58750000
v 0.16250000 0.18750000 0.61250000
v 0.16250000 0.21250000 -0.61250000
v 0.16250000 0.21250000 -0.58750000
v 0.16250000 0.21250000 0.58750000
v 0.16250000 0.21250000 0.61250000
v 0.16250000 0.23750000 -0.61250000
v 0.16250000 0.23750000 -0.58750000
v 0.16250000 0.23750000 0.58750000
v 0.16250000 0.23750000 0.61250000
v 0.16250000 0.26250000 -0.61250000
v 0.16250000 0.26250000 -0.58750000
v 0.16250000 0.26250000 0.58750000
v 0.16250000 0.26250000 0.61250000
v 0.16250000 0.28750000 -0.61250000
v 0.16250000 0.28750000 -0.58750000
v 0.16250000 0.28750000 0.58750000
v 0.16250000 0.28750000 0.61250000
v 0.16250000 0.31250000 -0.61250000
v 0.16250000 0.31250000 -0.58750000
v 0.16250000 0.28750000 -0.56250000
v 0.16250000 0.31250000 -0.56250000
v 0.16250000 0.28750000 -0.53750000
v 0.16250000 0.31250000 -0.53750000
v 0.16250000 0.28750000 -0.51250000
v 0.16250000 0.31250000 -0.51250000
v 0.16250000 0.28750000 -0.48750000
v 0.16250000 0.31250000 -0.48750000
v 0.16250000 0.28750000 -0.46250000
v 0.16250000 0.31250000 -0.46250000
v 0.16250000 0.28750000 -0.43750000
v 0.16250000 0.31250000 -0.43750000
v 0.16250000 0.28750000 -0.41250000
v 0.16250000 0.31250000 -0.41250000
v 0.16250000 0.28750000 -0.38750000
v 0.16250000 0.31250000 -0.38750000
v 0.16250000 0.28750000 -0.36250000
v 0.16250000 0.31250000 -0.36250000
v 0.16250000 0.28750000 -0.33750000
v 0.16250000 0.31250000 -0.33750000
v 0.16250000 0.28750000 -0.31250000
v 0.16250000 0.31250000 -0.31250000
v 0.16250000 0.28750000 -0.28750000
v 0.16250000 0.31250000 -0.28750000
v 0.16250000 0.28750000 -0.26250000
v 0.16250000 0.31250000 -0.26250000
v 0.16250000 0.28750000 -0.23750000
v 0.16250000 0.31250000 -0.23750000
v 0.16250000 0.28750000 -0.21250000
v 0.16250000 0.31250000 -0.21250000
v 0.16250000 0.28750000 -0.18750000
v 0.16250000 0.31250000 -0.18750000
v 0.16250000 0.28750000 -0.16250000
v 0.16250000 0.31250000 -0.16250000
v 0.16250000 0.28750000 -0.13750000
v 0.16250000 0.31250000 -0.13750000
v 0.16250000 0.28750000 -0.11250000
v 0.16250000 0.31250000 -0.11250000
v 0.16250000 0.28750000 -0.08750000
v 0.16250000 0.31250000 -0.08750000
v 0.16250000 0.28750000 -0.06250000
v 0.16250000 0.31250000 -0.06250000
v 0.16250000 0.28750000 -0.03750000
v 0.16250000 0.31250000 -0.03750000
v 0.16250000 0.28750000 -0.01250000
v 0.16250000 0.31250000 -0.01250000
v 0.16250000 0.28750000 0.01250000
v 0.16250000 0.31250000 0.01250000
v 0.16250000 0.28750000 0.03750000
v 0.16250000 0.31250000 0.03750000
v 0.16250000 0.28750000 0.06250000
v 0.16250000 0.31250000 0.06250000
v 0.16250000 0.28750000 0.08750000
v 0.16250000 0.31250000 0.08750000
v 0.16250000 0.28750000 0.11250000
v 0.16250000 0.31250000 0.11250000
v 0.16250000 0.28750000 0.13750000
v 0.16250000 0.31250000 0.13750000
v 0.16250000 0.28750000 0.16250000
v 0.16250000 0.31250000 0.16250000
v 0.16250000 0.28750000 0.18750000
v 0.16250000 0.31250000 0.18750000
v 0.16250000 0.28750000 0.21250000
v 0.16250000 0.31250000 0.21250000
v 0.16250000 0.28750000 0.23750000
v 0.16250000 0.31250000 0.23750000
v 0.16250000 0.28750000 0.26250000
v 0.16250000 0.31250000 0.26250000
v 0.16250000 0.28750000 0.28750000
v 0.16250000 0.31250000 0.28750000
v 0.16250000 0.28750000 0.31250000
v 0.16250000 0.31250000 0.31250000
v 0.16250000 0.28750000 0.33750000
v 0.16250000 0.31250000 0.33750000
v 0.16250000 0.28750000 0.36250000
v 0.16250000 0.31250000 0.36250000
v 0.16250000 0.28750000 0.38750000
v 0.16250000 0.31250000 0.38750000
v 0.16250000 0.28750000 0.41250000
v 0.16250000 0.31250000 0.41250000
v 0.16250000 0.28750000 0.43750000
v 0.16250000 0.31250000 0.43750000
v 0.16250000 0.28750000 0.46250000
v 0.16250000 0.31250000 0.46250000
v 0.16250000 0.28750000 0.48750000
v 0.16250000 0.31250000 0.48750000
v 0.16250000 0.28750000 0.51250000
v 0.16250000 0.31250000 0.51250000
v 0.16250000 0.28750000 0.53750000
v 0.16250000 0.31250000 0.53750000
v 0.16250000 0.28750000 0.56250000
v 0.16250000 0.31250000 0.56250000
v 0.16250000 0.31250000 0.58750000
v 0.16250000 0.31250000 0.61250000
v 0.18750000 -0.28750000 -0.61250000
v 0.18750000 -0.28750000 -0.58750000
v 0.18750000 -0.26250000 -0.61250000
v 0.18750000 -0.26250000 -0.58750000
v 0.18750000 -0.28750000 0.58750000
v 0.18750000 -0.28750000 0.61250000
v 0.18750000 -0.26250000 0.58750000
v 0.18750000 -0.26250000 0.61250000
v 0.18750000 -0.23750000 -0.61250000
v 0.18750000 -0.23750000 -0.58750000
v 0.18750000 -0.23750000 0.58750000
v 0.18750000 -0.23750000 0.61250000
v 0.18750000 -0.21250000 -0.61250000
v 0.18750000 -0.21250000 -0.58750000
v 0.18750000 -0.21250000 0.58750000
v 0.18750000 -0.21250000 0.61250000
v 0.18750000 -0.18750000 -0.61250000
v 0.18750000 -0.18750000 -0.58750000
v 0.18750000 -0.18750000 0.58750000
v 0.18750000 -0.18750000 0.61250000
v 0.18750000 -0.16250000 -0.61250000
v 0.18750000 -0.16250000 -0.58750000
v 0.18750000 -0.16250000 0.58750000
v 0.18750000 -0.16250000 0.61250000
v 0.18750000 -0.13750000 -0.61250000
v 0.18750000 -0.13750000 -0.58750000
v 0.18750000 -0.13750000 0.58750000
v 0.18750000 -0.13750000 0.61250000
v 0.18750000 -0.11250000 -0.61250000
v 0.18750000 -0.11250000 -0.58750000
v 0.18750000 -0.11250000 0.58750000
v 0.18750000 -0.11250000 0.61250000
v 0.18750000 -0.08750000 -0.61250000
v 0.18750000 -0.08750000 -0.58750000
v 0.18750000 -0.08750000 0.58750000
v 0.18750000 -0.08750000 0.61250000
v 0.18750000 -0.06250000 -0.61250000
v 0.18750000 -0.06250000 -0.58750000
v 0.18750000 -0.06250000 0.58750000
v 0.18750000 -0.06250000 0.61250000
v 0.18750000 -0.03750000 -0.61250000
v 0.18750000 -0.03750000 -0.58750000
v 0.18750000 -0.03750000 0.58750000
v 0.18750000 -0.03750000 0.61250000
v 0.18750000 -0.01250000 -0.61250000
v 0.18750000 -0.01250000 -0.58750000
v 0.18750000 -0.01250000 0.58750000
v 0.18750000 -0.01250000 0.61250000
v 0.18750000 0.01250000 -0.61250000
v 0.18750000 0.01250000 -0.58750000
v 0.18750000 0.01250000 0.58750000
v 0.18750000 0.01250000 0.61250000
v 0.18750000 0.03750000 -0.61250000
v 0.18750000 0.03750000 -0.58750000
v 0.18750000 0.03750000 0.58750000
v 0.18750000 0.03750000 0.61250000
v 0.18750000 0.06250000 -0.61250000
v 0.18750000 0.06250000 -0.58750000
v 0.18750000 0.06250000 0.58750000
v 0.18750000 0.06250000 0.61250000
v 0.18750000 0.08750000 -0.61250000
v 0.18750000 0.08750000 -0.58750000
v 0.18750000 0.08750000 0.58750000
v 0.18750000 0.08750000 0.61250000
v 0.18750000 0.11250000 -0.61250000
v 0.18750000 0.11250000 -0.58750000
v 0.18750000 0.11250000 0.58750000
v 0.18750000 0.11250000 0.61250000
v 0.18750000 0.13750000 -0.61250000
v 0.18750000 0.13750000 -0.58750000
v 0.18750000 0.13750000 0.58750000
v 0.18750000 0.13750000 0.61250000
v 0.18750000 0.16250000 -0.61250000
v 0.18750000 0.16250000 -0.58750000
v 0.18750000 0.16250000 0.58750000
v 0.18750000 0.16250000 0.61250000
v 0.18750000 0.18750000 -0.61250000
v 0.18750000 0.18750000 -0.58750000
v 0.18750000 0.18750000 0.58750000
v 0.18750000 0.18750000 0.61250000
v 0.18750000 0.21250000 -0.61250000
v 0.18750000 0.21250000 -0.58750000
v 0.18750000 0.21250000 0.58750000
v 0.18750000 0.21250000 0.61250000
v 0.18750000 0.23750000 -0.61250000
v 0.18750000 0.23750000 -0.58750000
v 0.18750000 0.23750000 0.58750000
v 0.18750000 0.23750000 0.61250000
v 0.18750000 0.26250000 -0.61250000
v 0.18750000 0.26250000 -0.58750000
v 0.18750000 0.26250000 0.58750000
v 0.18750000 0.26250000 0.61250000
v 0.18750000 0.28750000 -0.61250000
v 0.18750000 0.28750000 -0.58750000
v 0.18750000 0.28750000 0.58750000
v 0.18750000 0.28750000 0.61250000
v 0.18750000 0.31250000 -0.61250000
v 0.18750000 0.31250000 -0.58750000
v 0.18750000 0.28750000 -0.56250000
v 0.18750000 0.31250000 -0.56250000
v 0.18750000 0.28750000 -0.53750000
v 0.18750000 0.31250000 -0.53750000
v 0.18750000 0.28750000 -0.51250000
v 0.18750000 0.31250000 -0.51250000
v 0.18750000 0.28750000 -0.48750000
v 0.18750000 0.31250000 -0.48750000
v 0.18750000 0.28750000 -0.46250000
v 0.18750000 0.31250000 -0.46250000
v 0.18750000 0.28750000 -0.43750000
v 0.18750000 0.31250000 -0.43750000
v 0.18750000 0.28750000 -0.41250000
v 0.18750000 0.31250000 -0.41250000
v 0.18750000 0.28750000 -0.38750000
v 0.18750000 0.31250000 -0.38750000
v 0.18750000 0.28750000 -0.36250000
v 0.18750000 0.31250000 -0.36250000
v 0.18750000 0.28750000 -0.33750000
v 0.18750000 0.31250000 -0.33750000
v 0.18750000 0.28750000 -0.31250000
v 0.18750000 0.31250000 -0.31250000
v 0.18750000 0.28750000 -0.28750000
v 0.18750000 0.31250000 -0.28750000
v 0.18750000 0.28750000 -0.26250000
v 0.18750000 0.31250000 -0.26250000
v 0.18750000 0.28750000 -0.23750000
v 0.18750000 0.31250000 -0.23750000
v 0.18750000 0.28750000 -0.21250000
v 0.18750000 0.31250000 -0.21250000
v 0.18750000 0.28750000 -0.18750000
v 0.18750000 0.31250000 -0.18750000
v 0.18750000 0.28750000 -0.16250000
v 0.18750000 0.31250000 -0.16250000
v 0.18750000 0.28750000 -0.13750000
v 0.18750000 0.31250000 -0.13750000
v 0.18750000 0.28750000 -0.11250000
v 0.18750000 0.31250000 -0.11250000
v 0.18750000 0.28750000 -0.08750000
v 0.18750000 0.31250000 -0.08750000
v 0.18750000 0.28750000 -0.06250000
v 0.18750000 0.31250000 -0.06250000
v 0.18750000 0.28750000 -0.03750000
v 0.18750000 0.31250000 -0.03750000
v 0.18750000 0.28750000 -0.01250000
v 0.18750000 0.31250000 -0.01250000
v 0.18750000 0.28750000 0.01250000
v 0.18750000 0.31250000 0.01250000
v 0.18750000 0.28750000 0.03750000
v 0.18750000 0.31250000 0.03750000
v 0.18750000 0.28750000 0.06250000
v 0.18750000 0.31250000 0.06250000
v 0.18750000 0.28750000 0.08750000
v 0.18750000 0.31250000 0.08750000
v 0.18750000 0.28750000 0.11250000
v 0.18750000 0.31250000 0.11250000
v 0.18750000 0.28750000 0.13750000
v 0.18750000 0.31250000 0.13750000
v 0.18750000 0.28750000 0.16250000
v 0.18750000 0.31250000 0.16250000
v 0.18750000 0.28750000 0.18750000
v 0.18750000 0.31250000 0.18750000
v 0.18750000 0.28750000 0.21250000
v 0.18750000 0.31250000 0.21250000
v 0.18750000 0.28750000 0.23750000
v 0.18750000 0.31250000 0.23750000
v 0.18750000 0.28750000 0.26250000
v 0.18750000 0.31250000 0.26250000
v 0.18750000 0.28750000 0.28750000
v 0.18750000 0.31250000 0.28750000
v 0.18750000 0.28750000 0.31250000
v 0.18750000 0.31250000 0.31250000
v 0.18750000 0.28750000 0.33750000
v 0.18750000 0.31250000 0.33750000
v 0.18750000 0.28750000 0.36250000
v 0.18750000 0.31250000 0.36250000
v 0.18750000 0.28750000 0.38750000
v 0.18750000 0.31250000 0.38750000
v 0.18750000 0.28750000 0.41250000
v 0.18750000 0.31250000 0.41250000
v 0.18750000 0.28750000 0.43750000
v 0.18750000 0.31250000 0.43750000
v 0.18750000 0.28750000 0.46250000
v 0.18750000 0.31250000 0.46250000
v 0.18750000 0.28750000 0.48750000
v 0.18750000 0.31250000 0.48750000
v 0.18750000 0.28750000 0.51250000
v 0.18750000 0.31250000 0.51250000
v 0.18750000 0.28750000 0.53750000
v 0.18750000 0.31250000 0.53750000
v 0.18750000 0.28750000 0.56250000
v 0.18750000 0.31250000 0.56250000
v 0.18750000 0.31250000 0.58750000
v 0.18750000 0.31250000 0.61250000
v 0.21250000 -0.28750000 -0.61250000
v 0.21250000 -0.28750000 -0.58750000
v 0.21250000 -0.26250000 -0.61250000
v 0.21250000 -0.26250000 -0.58750000
v 0.21250000 -0.28750000 0.58750000
v 0.21250000 -0.28750000 0.61250000
v 0.21250000 -0.26250000 0.58750000
v 0.21250000 -0.26250000 0.61250000
v 0.21250000 -0.23750000 -0.61250000
v 0.21250000 -0.23750000 -0.58750000
v 0.21250000 -0.23750000 0.58750000
v 0.21250000 -0.23750000 0.61250000
v 0.21250000 -0.21250000 -0.61250000
v 0.21250000 -0.21250000 -0.58750000
v 0.21250000 -0.21250000 0.58750000
v 0.21250000 -0.21250000 0.61250000
v 0.21250000 -0.18750000 -0.61250000
v 0.21250000 -0.18750000 -0.58750000
v 0.21250000 -0.18750000 0.58750000
v 0.21250000 -0.18750000 0.61250000
v 0.21250000 -0.16250000 -0.61250000
v 0.21250000 -0.16250000 -0.58750000
v 0.21250000 -0.16250000 0.58750000
v 0.21250000 -0.16250000 0.61250000
v 0.21250000 -0.13750000 -0.61250000
v 0.21250000 -0.13750000 -0.58750000
v 0.21250000 -0.13750000 0.58750000
v 0.21250000 -0.13750000 0.61250000
v 0.21250000 -0.11250000 -0.61250000
v 0.21250000 -0.11250000 -0.58750000
v 0.21250000 -0.11250000 0.58750000
v 0.21250000 -0.11250000 0.61250000
v 0.21250000 -0.08750000 -0.61250000
v 0.21250000 -0.08750000 -0.58750000
v 0.21250000 -0.08750000 0.58750000
v 0.21250000 -0.08750000 0.61250000
v 0.21250000 -0.06250000 -0.61250000
v 0.21250000 -0.06250000 -0.58750000
v 0.21250000 -0.06250000 0.58750000
v 0.21250000 -0.06250000 0.61250000
v 0.21250000 -0.03750000 -0.61250000
v 0.21250000 -0.03750000 -0.58750000
v 0.21250000 -0.03750000 0.58750000
v 0.21250000 -0.03750000 0.61250000
v 0.21250000 -0.01250000 -0.61250000
v 0.21250000 -0.01250000 -0.58750000
v 0.21250000 -0.01250000 0.58750000
v 0.21250000 -0.01250000 0.61250000
v 0.21250000 0.01250000 -0.61250000
v 0.21250000 0.01250000 -0.58750000
v 0.21250000 0.01250000 0.58750000
v 0.21250000 0.01250000 0.61250000
v 0.21250000 0.03750000 -0.61250000
v 0.21250000 0.03750000 -0.58750000
v 0.21250000 0.03750000 0.58750000
v 0.21250000 0.03750000 0.61250000
v 0.21250000 0.06250000 -0.61250000
v 0.21250000 0.06250000 -0.58750000
v 0.21250000 0.06250000 0.58750000
v 0.21250000 0.06250000 0.61250000
v 0.21250000 0.08750000 -0.61250000
v 0.21250000 0.08750000 -0.58750000
v 0.21250000 0.08750000 0.58750000
v 0.21250000 0.08750000 0.61250000
v 0.21250000 0.11250000 -0.61250000
v 0.21250000 0.11250000 -0.58750000
v 0.21250000 0.11250000 0.58750000
v 0.21250000 0.11250000 0.61250000
v 0.21250000 0.13750000 -0.61250000
v 0.21250000 0.13750000 -0.58750000
v 0.21250000 0.13750000 0.58750000
v 0.21250000 0.13750000 0.61250000
v 0.21250000 0.16250000 -0.61250000
v 0.21250000 0.16250000 -0.58750000
v 0.21250000 0.16250000 0.58750000
v 0.21250000 0.16250000 0.61250000
v 0.21250000 0.18750000 -0.61250000
v 0.21250000 0.18750000 -0.58750000
v 0.21250000 0.18750000 0.58750000
v 0.21250000 0.18750000 0.61250000
v 0.21250000 0.21250000 -0.61250000
v 0.21250000 0.21250000 -0.58750000
v 0.21250000 0.21250000 0.58750000
v 0.21250000 0.21250000 0.61250000
v 0.21250000 0.23750000 -0.61250000
v 0.21250000 0.23750000 -0.58750000
v 0.21250000 0.23750000 0.58750000
v 0.21250000 0.23750000 0.61250000
v 0.21250000 0.26250000 -0.61250000
v 0.21250000 0.26250000 -0.58750000
v 0.21250000 0.26250000 0.58750000
v 0.21250000 0.26250000 0.61250000
v 0.21250000 0.28750000 -0.61250000
v 0.21250000 0.28750000 -0.58750000
v 0.21250000 0.28750000 0.58750000
v 0.21250000 0.28750000 0.61250000
v 0.21250000 0.31250000 -0.61250000
v 0.21250000 0.31250000 -0.58750000
v 0.21250000 0.28750000 -0.56250000
v 0.21250000 0.31250000 -0.56250000
v 0.21250000 0.28750000 -0.53750000
v 0.21250000 0.31250000 -0.53750000
v 0.21250000 0.28750000 -0.51250000
v 0.21250000 0.31250000 -0.51250000
v 0.21250000 0.28750000 -0.48750000
v 0.21250000 0.31250000 -0.48750000
v 0.21250000 0.28750000 -0.46250000
v 0.21250000 0.31250000 -0.46250000
v 0.21250000 0.28750000 -0.43750000
v 0.21250000 0.31250000 -0.43750000
v 0.21250000 0.28750000 -0.41250000
v 0.21250000 0.31250000 -0.41250000
v 0.21250000 0.28750000 -0.38750000
v 0.21250000 0.31250000 -0.38750000
v 0.21250000 0.28750000 -0.36250000
v 0.21250000 0.31250000 -0.36250000
v 0.21250000 0.28750000 -0.33750000
v 0.21250000 0.31250000 -0.33750000
v 0.21250000 0.28750000 -0.31250000
v 0.21250000 0.31250000 -0.31250000
v 0.21250000 0.28750000 -0.28750000
v 0.21250000 0.31250000 -0.28750000
v 0.21250000 0.28750000 -0.26250000
v 0.21250000 0.31250000 -0.26250000
v 0.21250000 0.28750000 -0.23750000
v 0.21250000 0.31250000 -0.23750000
v 0.21250000 0.28750000 -0.21250000
v 0.21250000 0.31250000 -0.21250000
v 0.21250000 0.28750000 -0.18750000
v 0.21250000 0.31250000 -0.18750000
v 0.21250000 0.28750000 -0.16250000
v 0.21250000 0.31250000 -0.16250000
v 0.21250000 0.28750000 -0.13750000
v 0.21250000 0.31250000 -0.13750000
v 0.21250000 0.28750000 -0.11250000
v 0.21250000 0.31250000 -0.11250000
v 0.21250000 0.28750000 -0.08750000
v 0.21250000 0.31250000 -0.08750000
v 0.21250000 0.28750000 -0.06250000
v 0.21250000 0.31250000 -0.06250000
v 0.21250000 0.28750000 -0.03750000
v 0.21250000 0.31250000 -0.03750000
v 0.21250000 0.28750000 -0.01250000
v 0.21250000 0.31250000 -0.01250000
v 0.21250000 0.28750000 0.01250000
v 0.21250000 0.31250000 0.01250000
v 0.21250000 0.28750000 0.03750000
v 0.21250000 0.31250000 0.03750000
v 0.21250000 0.28750000 0.06250000
v 0.21250000 0.31250000 0.06250000
v 0.21250000 0.28750000 0.08750000
v 0.21250000 0.31250000 0.08750000
v 0.21250000 0.28750000 0.11250000
v 0.21250000 0.31250000 0.11250000
v 0.21250000 0.28750000 0.13750000
v 0.21250000 0.31250000 0.13750000
v 0.21250000 0.28750000 0.16250000
v 0.21250000 0.31250000 0.16250000
v 0.21250000 0.28750000 0.18750000
v 0.21250000 0.31250000 0.18750000
v 0.21250000 0.28750000 0.21250000
v 0.21250000 0.31250000 0.21250000
v 0.21250000 0.28750000 0.23750000
v 0.21250000 0.31250000 0.23750000
v 0.21250000 0.28750000 0.26250000
v 0.21250000 0.31250000 0.26250000
v 0.21250000 0.28750000 0.28750000
v 0.21250000 0.31250000 0.28750000
v 0.21250000 0.28750000 0.31250000
v 0.21250000 0.31250000 0.31250000
v 0.21250000 0.28750000 0.33750000
v 0.21250000 0.31250000 0.33750000
v 0.21250000 0.28750000 0.36250000
v 0.21250000 0.31250000 0.36250000
v 0.21250000 0.28750000 0.38750000
v 0.21250000 0.31250000 0.38750000
v 0.21250000 0.28750000 0.41250000
v 0.21250000 0.31250000 0.41250000
v 0.21250000 0.28750000 0.43750000
v 0.21250000 0.31250000 0.43750000
v 0.21250000 0.28750000 0.46250000
v 0.21250000 0.31250000 0.46250000
v 0.21250000 0.28750000 0.48750000
v 0.21250000 0.31250000 0.48750000
v 0.21250000 0.28750000 0.51250000
v 0.21250000 0.31250000 0.51250000
v 0.21250000 0.28750000 0.53750000
v 0.21250000 0.31250000 0.53750000
v 0.21250000 0.28750000 0.56250000
v 0.21250000 0.31250000 0.56250000
v 0.21250000 0.31250000 0.58750000
v 0.21250000 0.31250000 0.61250000
v 0.23750000 -0.28750000 -0.61250000
v 0.23750000 -0.28750000 -0.58750000
v 0.23750000 -0.26250000 -0.61250000
v 0.23750000 -0.26250000 -0.58750000
v 0.23750000 -0.28750000 0.58750000
v 0.23750000 -0.28750000 0.61250000
v 0.23750000 -0.26250000 0.58750000
v 0.23750000 -0.26250000 0.61250000
v 0.23750000 -0.23750000 -0.61250000
v 0.23750000 -0.23750000 -0.58750000
v 0.23750000 -0.23750000 0.58750000
v 0.23750000 -0.23750000 0.61250000
v 0.23750000 -0.21250000 -0.61250000
v 0.23750000 -0.21250000 -0.58750000
v 0.23750000 -0.21250000 0.58750000
v 0.23750000 -0.21250000 0.61250000
v 0.23750000 -0.18750000 -0.61250000
v 0.23750000 -0.18750000 -0.58750000
v 0.23750000 -0.18750000 0.58750000
v 0.23750000 -0.18750000 0.61250000
v 0.23750000 -0.16250000 -0.61250000
v 0.23750000 -0.16250000 -0.58750000
v 0.23750000 -0.16250000 0.58750000
v 0.23750000 -0.16250000 0.61250000
v 0.23750000 -0.13750000 -0.61250000
v 0.23750000 -0.13750000 -0.58750000
v 0.23750000 -0.13750000 0.58750000
v 0.23750000 -0.13750000 0.61250000
v 0.23750000 -0.11250000 -0.61250000
v 0.23750000 -0.11250000 -0.58750000
v 0.23750000 -0.11250000 0.58750000
v 0.23750000 -0.11250000 0.61250000
v 0.23750000 -0.08750000 -0.61250000
v 0.23750000 -0.08750000 -0.58750000
v 0.23750000 -0.08750000 0.58750000
v 0.23750000 -0.08750000 0.61250000
v 0.23750000 -0.06250000 -0.61250000
v 0.23750000 -0.06250000 -0.58750000
v 0.23750000 -0.06250000 0.58750000
v 0.23750000 -0.06250000 0.61250000
v 0.23750000 -0.03750000 -0.61250000
v 0.23750000 -0.03750000 -0.58750000
v 0.23750000 -0.03750000 0.58750000
v 0.23750000 -0.03750000 0.61250000
v 0.23750000 -0.01250000 -0.61250000
v 0.23750000 -0.01250000 -0.58750000
v 0.23750000 -0.01250000 0.58750000
v 0.23750000 -0.01250000 0.61250000
v 0.23750000 0.01250000 -0.61250000
v 0.23750000 0.01250000 -0.58750000
v 0.23750000 0.01250000 0.58750000
v 0.23750000 0.01250000 0.61250000
v 0.23750000 0.03750000 -0.61250000
v 0.23750000 0.03750000 -0.58750000
v 0.23750000 0.03750000 0.58750000
v 0.23750000 0.03750000 0.61250000
v 0.23750000 0.06250000 -0.61250000
v 0.23750000 0.06250000 -0.58750000
v 0.23750000 0.06250000 0.58750000
v 0.23750000 0.06250000 0.61250000
v 0.23750000 0.08750000 -0.61250000
v 0.23750000 0.08750000 -0.58750000
v 0.23750000 0.08750000 0.58750000
v 0.23750000 0.08750000 0.61250000
v 0.23750000 0.11250000 -0.61250000
v 0.23750000 0.11250000 -0.58750000
v 0.23750000 0.11250000 0.58750000
v 0.23750000 0.11250000 0.61250000
v 0.23750000 0.13750000 -0.61250000
v 0.23750000 0.13750000 -0.58750000
v 0.23750000 0.13750000 0.58750000
v 0.23750000 0.13750000 0.61250000
v 0.23750000 0.16250000 -0.61250000
v 0.23750000 0.16250000 -0.58750000
v 0.23750000 0.16250000 0.58750000
v 0.23750000 0.16250000 0.61250000
v 0.23750000 0.18750000 -0.61250000
v 0.23750000 0.18750000 -0.58750000
v 0.23750000 0.18750000 0.58750000
v 0.23750000 0.18750000 0.61250000
v 0.23750000 0.21250000 -0.61250000
v 0.23750000 0.21250000 -0.58750000
v 0.23750000 0.21250000 0.58750000
v 0.23750000 0.21250000 0.61250000
v 0.23750000 0.23750000 -0.61250000
v 0.23750000 0.23750000 -0.58750000
v 0.23750000 0.23750000 0.58750000
v 0.23750000 0.23750000 0.61250000
v 0.23750000 0.26250000 -0.61250000
v 0.23750000 0.26250000 -0.58750000
v 0.23750000 0.26250000 0.58750000
v 0.23750000 0.26250000 0.61250000
v 0.23750000 0.28750000 -0.61250000
v 0.23750000 0.28750000 -0.58750000
v 0.23750000 0.28750000 0.58750000
v 0.23750000 0.28750000 0.61250000
v 0.23750000 0.31250000 -0.61250000
v 0.23750000 0.31250000 -0.58750000
v 0.23750000 0.28750000 -0.56250000
v 0.23750000 0.31250000 -0.56250000
v 0.23750000 0.28750000 -0.53750000
v 0.23750000 0.31250000 -0.53750000
v 0.23750000 0.28750000 -0.51250000
v 0.23750000 0.31250000 -0.51250000
v 0.23750000 0.28750000 -0.48750000
v 0.23750000 0.31250000 -0.48750000
v 0.23750000 0.28750000 -0.46250000
v 0.23750000 0.31250000 -0.46250000
v 0.23750000 0.28750000 -0.43750000
v 0.23750000 0.31250000 -0.43750000
v 0.23750000 0.28750000 -0.41250000
v 0.23750000 0.31250000 -0.41250000
v 0.23750000 0.28750000 -0.38750000
v 0.23750000 0.31250000 -0.38750000
v 0.23750000 0.28750000 -0.36250000
v 0.23750000 0.31250000 -0.36250000
v 0.23750000 0.28750000 -0.33750000
v 0.23750000 0.31250000 -0.33750000
v 0.23750000 0.28750000 -0.31250000
v 0.23750000 0.31250000 -0.31250000
v 0.23750000 0.28750000 -0.28750000
v 0.23750000 0.31250000 -0.28750000
v 0.23750000 0.28750000 -0.26250000
v 0.23750000 0.31250000 -0.26250000
v 0.23750000 0.28750000 -0.23750000
v 0.23750000 0.31250000 -0.23750000
v 0.23750000 0.28750000 -0.21250000
v 0.23750000 0.31250000 -0.21250000
v 0.23750000 0.28750000 -0.18750000
v 0.23750000 0.31250000 -0.18750000
v 0.23750000 0.28750000 -0.16250000
v 0.23750000 0.31250000 -0.16250000
v 0.23750000 0.28750000 -0.13750000
v 0.23750000 0.31250000 -0.13750000
v 0.23750000 0.28750000 -0.11250000
v 0.23750000 0.31250000 -0.11250000
v 0.23750000 0.28750000 -0.08750000
v 0.23750000 0.31250000 -0.08750000
v 0.23750000 0.28750000 -0.06250000
v 0.23750000 0.31250000 -0.06250000
v 0.23750000 0.28750000 -0.03750000
v 0.23750000 0.31250000 -0.03750000
v 0.23750000 0.28750000 -0.01250000
v 0.23750000 0.31250000 -0.01250000
v 0.23750000 0.28750000 0.01250000
v 0.23750000 0.31250000 0.01250000
v 0.23750000 0.28750000 0.03750000
v 0.23750000 0.31250000 0.03750000
v 0.23750000 0.28750000 0.06250000
v 0.23750000 0.31250000 0.06250000
v 0.23750000 0.28750000 0.08750000
v 0.23750000 0.31250000 0.08750000
v 0.23750000 0.28750000 0.11250000
v 0.23750000 0.31250000 0.11250000
v 0.23750000 0.28750000 0.13750000
v 0.23750000 0.31250000 0.13750000
v 0.23750000 0.28750000 0.16250000
v 0.23750000 0.31250000 0.16250000
v 0.23750000 0.28750000 0.18750000
v 0.23750000 0.31250000 0.18750000
v 0.23750000 0.28750000 0.21250000
v 0.23750000 0.31250000 0.21250000
v 0.23750000 0.28750000 0.23750000
v 0.23750000 0.31250000 0.23750000
v 0.23750000 0.28750000 0.26250000
v 0.23750000 0.31250000 0.26250000
v 0.23750000 0.28750000 0.28750000
v 0.23750000 0.31250000 0.28750000
v 0.23750000 0.28750000 0.31250000
v 0.23750000 0.31250000 0.31250000
v 0.23750000 0.28750000 0.33750000
v 0.23750000 0.31250000 0.33750000
v 0.23750000 0.28750000 0.36250000
v 0.23750000 0.31250000 0.36250000
v 0.23750000 0.28750000 0.38750000
v 0.23750000 0.31250000 0.38750000
v 0.23750000 0.28750000 0.41250000
v 0.23750000 0.31250000 0.41250000
v 0.23750000 0.28750000 0.43750000
v 0.23750000 0.31250000 0.43750000
v 0.23750000 0.28750000 0.46250000
v 0.23750000 0.31250000 0.46250000
v 0.23750000 0.28750000 0.48750000
v 0.23750000 0.31250000 0.48750000
v 0.23750000 0.28750000 0.51250000
v 0.23750000 0.31250000 0.51250000
v 0.23750000 0.28750000 0.53750000
v 0.23750000 0.31250000 0.53750000
v 0.23750000 0.28750000 0.56250000
v 0.23750000 0.31250000 0.56250000
v 0.23750000 0.31250000 0.58750000
v 0.23750000 0.31250000 0.61250000
v 0.26250000 -0.28750000 -0.61250000
v 0.26250000 -0.28750000 -0.58750000
v 0.26250000 -0.26250000 -0.61250000
v 0.26250000 -0.26250000 -0.58750000
v 0.26250000 -0.28750000 0.58750000
v 0.26250000 -0.28750000 0.61250000
v 0.26250000 -0.26250000 0.58750000
v 0.26250000 -0.26250000 0.61250000
v 0.26250000 -0.23750000 -0.61250000
v 0.26250000 -0.23750000 -0.58750000
v 0.26250000 -0.23750000 0.58750000
v 0.26250000 -0.23750000 0.61250000
v 0.26250000 -0.21250000 -0.61250000
v 0.26250000 -0.21250000 -0.58750000
v 0.26250000 -0.21250000 0.58750000
v 0.26250000 -0.21250000 0.61250000
v 0.26250000 -0.18750000 -0.61250000
v 0.26250000 -0.18750000 -0.58750000
v 0.26250000 -0.18750000 0.58750000
v 0.26250000 -0.18750000 0.61250000
v 0.26250000 -0.16250000 -0.61250000
v 0.26250000 -0.16250000 -0.58750000
v 0.26250000 -0.16250000 0.58750000
v 0.26250000 -0.16250000 0.61250000
v 0.26250000 -0.13750000 -0.61250000
v 0.26250000 -0.13750000 -0.58750000
v 0.26250000 -0.13750000 0.58750000
v 0.26250000 -0.13750000 0.61250000
v 0.26250000 -0.11250000 -0.61250000
v 0.26250000 -0.11250000 -0.58750000
v 0.26250000 -0.11250000 0.58750000
v 0.26250000 -0.11250000 0.61250000
v 0.26250000 -0.08750000 -0.61250000
v 0.26250000 -0.08750000 -0.58750000
v 0.26250000 -0.08750000 0.58750000
v 0.26250000 -0.08750000 0.61250000
v 0.26250000 -0.06250000 -0.61250000
v 0.26250000 -0.06250000 -0.58750000
v 0.26250000 -0.06250000 0.58750000
v 0.26250000 -0.06250000 0.61250000
v 0.26250000 -0.03750000 -0.61250000
v 0.26250000 -0.03750000 -0.58750000
v 0.26250000 -0.03750000 0.58750000
v 0.26250000 -0.03750000 0.61250000
v 0.26250000 -0.01250000 -0.61250000
v 0.26250000 -0.01250000 -0.58750000
v 0.26250000 -0.01250000 0.58750000
v 0.26250000 -0.01250000 0.61250000
v 0.26250000 0.01250000 -0.61250000
v 0.26250000 0.01250000 -0.58750000
v 0.26250000 0.01250000 0.58750000
v 0.26250000 0.01250000 0.61250000
v 0.26250000 0.03750000 -0.61250000
v 0.26250000 0.03750000 -0.58750000
v 0.26250000 0.03750000 0.58750000
v 0.26250000 0.03750000 0.61250000
v 0.26250000 0.06250000 -0.61250000
v 0.26250000 0.06250000 -0.58750000
v 0.26250000 0.06250000 0.58750000
v 0.26250000 0.06250000 0.61250000
v 0.26250000 0.08750000 -0.61250000
v 0.26250000 0.08750000 -0.58750000
v 0.26250000 0.08750000 0.58750000
v 0.26250000 0.08750000 0.61250000
v 0.26250000 0.11250000 -0.61250000
v 0.26250000 0.11250000 -0.58750000
v 0.26250000 0.11250000 0.58750000
v 0.26250000 0.11250000 0.61250000
v 0.26250000 0.13750000 -0.61250000
v 0.26250000 0.13750000 -0.58750000
v 0.26250000 0.13750000 0.58750000
v 0.26250000 0.13750000 0.61250000
v 0.26250000 0.16250000 -0.61250000
v 0.26250000 0.16250000 -0.58750000
v 0.26250000 0.16250000 0.58750000
v 0.26250000 0.16250000 0.61250000
v 0.26250000 0.18750000 -0.61250000
v 0.26250000 0.18750000 -0.58750000
v 0.26250000 0.18750000 0.58750000
v 0.26250000 0.18750000 0.61250000
v 0.26250000 0.21250000 -0.61250000
v 0.26250000 0.21250000 -0.58750000
v 0.26250000 0.21250000 0.58750000
v 0.26250000 0.21250000 0.61250000
v 0.26250000 0.23750000 -0.61250000
v 0.26250000 0.23750000 -0.58750000
v 0.26250000 0.23750000 0.58750000
v 0.26250000 0.23750000 0.61250000
v 0.26250000 0.26250000 -0.61250000
v 0.26250000 0.26250000 -0.58750000
v 0.26250000 0.26250000 0.58750000
v 0.26250000 0.26250000 0.61250000
v 0.26250000 0.28750000 -0.61250000
v 0.26250000 0.28750000 -0.58750000
v 0.26250000 0.28750000 0.58750000
v 0.26250000 0.28750000 0.61250000
v 0.26250000 0.31250000 -0.61250000
v 0.26250000 0.31250000 -0.58750000
v 0.26250000 0.28750000 -0.56250000
v 0.26250000 0.31250000 -0.56250000
v 0.26250000 0.28750000 -0.53750000
v 0.26250000 0.31250000 -0.53750000
v 0.26250000 0.28750000 -0.51250000
v 0.26250000 0.31250000 -0.51250000
v 0.26250000 0.28750000 -0.48750000
v 0.26250000 0.31250000 -0.48750000
v 0.26250000 0.28750000 -0.46250000
v 0.26250000 0.31250000 -0.46250000
v 0.26250000 0.28750000 -0.43750000
v 0.26250000 0.31250000 -0.43750000
v 0.26250000 0.28750000 -0.41250000
v 0.26250000 0.31250000 -0.41250000
v 0.26250000 0.28750000 -0.38750000
v 0.26250000 0.31250000 -0.38750000
v 0.26250000 0.28750000 -0.36250000
v 0.26250000 0.31250000 -0.36250000
v 0.26250000 0.28750000 -0.33750000
v 0.26250000 0.31250000 -0.33750000
v 0.26250000 0.28750000 -0.31250000
v 0.26250000 0.31250000 -0.31250000
v 0.26250000 0.28750000 -0.28750000
v 0.26250000 0.31250000 -0.28750000
v 0.26250000 0.28750000 -0.26250000
v 0.26250000 0.31250000 -0.26250000
v 0.26250000 0.28750000 -0.23750000
v 0.26250000 0.31250000 -0.23750000
v 0.26250000 0.28750000 -0.21250000
v 0.26250000 0.31250000 -0.21250000
v 0.26250000 0.28750000 -0.18750000
v 0.26250000 0.31250000 -0.18750000
v 0.26250000 0.28750000 -0.16250000
v 0.26250000 0.31250000 -0.16250000
v 0.26250000 0.28750000 -0.13750000
v 0.26250000 0.31250000 -0.13750000
v 0.26250000 0.28750000 -0.11250000
v 0.26250000 0.31250000 -0.11250000
v 0.26250000 0.28750000 -0.08750000
v 0.26250000 0.31250000 -0.08750000
v 0.26250000 0.28750000 -0.06250000
v 0.26250000 0.31250000 -0.06250000
v 0.26250000 0.28750000 -0.03750000
v 0.26250000 0.31250000 -0.03750000
v 0.26250000 0.28750000 -0.01250000
v 0.26250000 0.31250000 -0.01250000
v 0.26250000 0.28750000 0.01250000
v 0.26250000 0.31250000 0.01250000
v 0.26250000 0.28750000 0.03750000
v 0.26250000 0.31250000 0.03750000
v 0.26250000 0.28750000 0.06250000
v 0.26250000 0.31250000 0.06250000
v 0.26250000 0.28750000 0.08750000
v 0.26250000 0.31250000 0.08750000
v 0.26250000 0.28750000 0.11250000
v 0.26250000 0.31250000 0.11250000
v 0.26250000 0.28750000 0.13750000
v 0.26250000 0.31250000 0.13750000
v 0.26250000 0.28750000 0.16250000
v 0.26250000 0.31250000 0.16250000
v 0.26250000 0.28750000 0.18750000
v 0.26250000 0.31250000 0.18750000
v 0.26250000 0.28750000 0.21250000
v 0.26250000 0.31250000 0.21250000
v 0.26250000 0.28750000 0.23750000
v 0.26250000 0.31250000 0.23750000
v 0.26250000 0.28750000 0.26250000
v 0.26250000 0.31250000 0.26250000
v 0.26250000 0.28750000 0.28750000
v 0.26250000 0.31250000 0.28750000
v 0.26250000 0.28750000 0.31250000
v 0.26250000 0.31250000 0.31250000
v 0.26250000 0.28750000 0.33750000
v 0.26250000 0.31250000 0.33750000
v 0.26250000 0.28750000 0.36250000
v 0.26250000 0.31250000 0.36250000
v 0.26250000 0.28750000 0.38750000
v 0.26250000 0.31250000 0.38750000
v 0.26250000 0.28750000 0.41250000
v 0.26250000 0.31250000 0.41250000
v 0.26250000 0.28750000 0.43750000
v 0.26250000 0.31250000 0.43750000
v 0.26250000 0.28750000 0.46250000
v 0.26250000 0.31250000 0.46250000
v 0.26250000 0.28750000 0.48750000
v 0.26250000 0.31250000 0.48750000
v 0.26250000 0.28750000 0.51250000
v 0.26250000 0.31250000 0.51250000
v 0.26250000 0.28750000 0.53750000
v 0.26250000 0.31250000 0.53750000
v 0.26250000 0.28750000 0.56250000
v 0.26250000 0.31250000 0.56250000
v 0.26250000 0.31250000 0.58750000
v 0.26250000 0.31250000 0.61250000
v 0.28750000 -0.28750000 -0.61250000
v 0.28750000 -0.28750000 -0.58750000
v 0.28750000 -0.26250000 -0.61250000
v 0.28750000 -0.26250000 -0.58750000
v 0.28750000 -0.28750000 0.58750000
v 0.28750000 -0.28750000 0.61250000
v 0.28750000 -0.26250000 0.58750000
v 0.28750000 -0.26250000 0.61250000
v 0.28750000 -0.23750000 -0.61250000
v 0.28750000 -0.23750000 -0.58750000
v 0.28750000 -0.23750000 0.58750000
v 0.28750000 -0.23750000 0.61250000
v 0.28750000 -0.21250000 -0.61250000
v 0.28750000 -0.21250000 -0.58750000
v 0.28750000 -0.21250000 0.58750000
v 0.28750000 -0.21250000 0.61250000
v 0.28750000 -0.18750000 -0.61250000
v 0.28750000 -0.18750000 -0.58750000
v 0.28750000 -0.18750000 0.58750000
v 0.28750000 -0.18750000 0.61250000
v 0.28750000 -0.16250000 -0.61250000
v 0.28750000 -0.16250000 -0.58750000
v 0.28750000 -0.16250000 0.58750000
v 0.28750000 -0.16250000 0.61250000
v 0.28750000 -0.13750000 -0.61250000
v 0.28750000 -0.13750000 -0.58750000
v 0.28750000 -0.13750000 0.58750000
v 0.28750000 -0.13750000 0.61250000
v 0.28750000 -0.11250000 -0.61250000
v 0.28750000 -0.11250000 -0.58750000
v 0.28750000 -0.11250000 0.58750000
v 0.28750000 -0.11250000 0.61250000
v 0.28750000 -0.08750000 -0.61250000
v 0.28750000 -0.08750000 -0.58750000
v 0.28750000 -0.08750000 0.58750000
v 0.28750000 -0.08750000 0.61250000
v 0.28750000 -0.06250000 -0.61250000
v 0.28750000 -0.06250000 -0.58750000
v 0.28750000 -0.06250000 0.58750000
v 0.28750000 -0.06250000 0.61250000
v 0.28750000 -0.03750000 -0.61250000
v 0.28750000 -0.03750000 -0.58750000
v 0.28750000 -0.03750000 0.58750000
v 0.28750000 -0.03750000 0.61250000
v 0.28750000 -0.01250000 -0.61250000
v 0.28750000 -0.01250000 -0.58750000
v 0.28750000 -0.01250000 0.58750000
v 0.28750000 -0.01250000 0.61250000
v 0.28750000 0.01250000 -0.61250000
v 0.28750000 0.01250000 -0.58750000
v 0.28750000 0.01250000 0.58750000
v 0.28750000 0.01250000 0.61250000
v 0.28750000 0.03750000 -0.61250000
v 0.28750000 0.03750000 -0.58750000
v 0.28750000 0.03750000 0.58750000
v 0.28750000 0.03750000 0.61250000
v 0.28750000 0.06250000 -0.61250000
v 0.28750000 0.06250000 -0.58750000
v 0.28750000 0.06250000 0.58750000
v 0.28750000 0.06250000 0.61250000
v 0.28750000 0.08750000 -0.61250000
v 0.28750000 0.08750000 -0.58750000
v 0.28750000 0.08750000 0.58750000
v 0.28750000 0.08750000 0.61250000
v 0.28750000 0.11250000 -0.61250000
v 0.28750000 0.11250000 -0.58750000
v 0.28750000 0.11250000 0.58750000
v 0.28750000 0.11250000 0.61250000
v 0.28750000 0.13750000 -0.61250000
v 0.28750000 0.13750000 -0.58750000
v 0.28750000 0.13750000 0.58750000
v 0.28750000 0.13750000 0.61250000
v 0.28750000 0.16250000 -0.61250000
v 0.28750000 0.16250000 -0.58750000
v 0.28750000 0.16250000 0.58750000
v 0.28750000 0.16250000 0.61250000
v 0.28750000 0.18750000 -0.61250000
v 0.28750000 0.18750000 -0.58750000
v 0.28750000 0.18750000 0.58750000
v 0.28750000 0.18750000 0.61250000
v 0.28750000 0.21250000 -0.61250000
v 0.28750000 0.21250000 -0.58750000
v 0.28750000 0.21250000 0.58750000
v 0.28750000 0.21250000 0.61250000
v 0.28750000 0.23750000 -0.61250000
v 0.28750000 0.23750000 -0.58750000
v 0.28750000 0.23750000 0.58750000
v 0.28750000 0.23750000 0.61250000
v 0.28750000 0.26250000 -0.61250000
v 0.28750000 0.26250000 -0.58750000
v 0.28750000 0.26250000 0.58750000
v 0.28750000 0.26250000 0.61250000
v 0.28750000 0.28750000 -0.61250000
v 0.28750000 0.28750000 -0.58750000
v 0.28750000 0.28750000 0.58750000
v 0.28750000 0.28750000 0.61250000
v 0.28750000 0.31250000 -0.61250000
v 0.28750000 0.31250000 -0.58750000
v 0.28750000 0.28750000 -0.56250000
v 0.28750000 0.31250000 -0.56250000
v 0.28750000 0.28750000 -0.53750000
v 0.28750000 0.31250000 -0.53750000
v 0.28750000 0.28750000 -0.51250000
v 0.28750000 0.31250000 -0.51250000
v 0.28750000 0.28750000 -0.48750000
v 0.28750000 0.31250000 -0.48750000
v 0.28750000 0.28750000 -0.46250000
v 0.28750000 0.31250000 -0.46250000
v 0.28750000 0.28750000 -0.43750000
v 0.28750000 0.31250000 -0.43750000
v 0.28750000 0.28750000 -0.41250000
v 0.28750000 0.31250000 -0.41250000
v 0.28750000 0.28750000 -0.38750000
v 0.28750000 0.31250000 -0.38750000
v 0.28750000 0.28750000 -0.36250000
v 0.28750000 0.31250000 -0.36250000
v 0.28750000 0.28750000 -0.33750000
v 0.28750000 0.31250000 -0.33750000
v 0.28750000 0.28750000 -0.31250000
v 0.28750000 0.31250000 -0.31250000
v 0.28750000 0.28750000 -0.28750000
v 0.28750000 0.31250000 -0.28750000
v 0.28750000 0.28750000 -0.26250000
v 0.28750000 0.31250000 -0.26250000
v 0.28750000 0.28750000 -0.23750000
v 0.28750000 0.31250000 -0.23750000
v 0.28750000 0.28750000 -0.21250000
v 0.28750000 0.31250000 -0.21250000
v 0.28750000 0.28750000 -0.18750000
v 0.28750000 0.31250000 -0.18750000
v 0.28750000 0.28750000 -0.16250000
v 0.28750000 0.31250000 -0.16250000
v 0.28750000 0.28750000 -0.13750000
v 0.28750000 0.31250000 -0.13750000
v 0.28750000 0.28750000 -0.11250000
v 0.28750000 0.31250000 -0.11250000
v 0.28750000 0.28750000 -0.08750000
v 0.28750000 0.31250000 -0.08750000
v 0.28750000 0.28750000 -0.06250000
v 0.28750000 0.31250000 -0.06250000
v 0.28750000 0.28750000 -0.03750000
v 0.28750000 0.31250000 -0.03750000
v 0.28750000 0.28750000 -0.01250000
v 0.28750000 0.31250000 -0.01250000
v 0.28750000 0.28750000 0.01250000
v 0.28750000 0.31250000 0.01250000
v 0.28750000 0.28750000 0.03750000
v 0.28750000 0.31250000 0.03750000
v 0.28750000 0.28750000 0.06250000
v 0.28750000 0.31250000 0.06250000
v 0.28750000 0.28750000 0.08750000
v 0.28750000 0.31250000 0.08750000
v 0.28750000 0.28750000 0.11250000
v 0.28750000 0.31250000 0.11250000
v 0.28750000 0.28750000 0.13750000
v 0.28750000 0.31250000 0.13750000
v 0.28750000 0.28750000 0.16250000
v 0.28750000 0.31250000 0.16250000
v 0.28750000 0.28750000 0.18750000
v 0.28750000 0.31250000 0.18750000
v 0.28750000 0.28750000 0.21250000
v 0.28750000 0.31250000 0.21250000
v 0.28750000 0.28750000 0.23750000
v 0.28750000 0.31250000 0.23750000
v 0.28750000 0.28750000 0.26250000
v 0.28750000 0.31250000 0.26250000
v 0.28750000 0.28750000 0.28750000
v 0.28750000 0.31250000 0.28750000
v 0.28750000 0.28750000 0.31250000
v 0.28750000 0.31250000 0.31250000
v 0.28750000 0.28750000 0.33750000
v 0.28750000 0.31250000 0.33750000
v 0.28750000 0.28750000 0.36250000
v 0.28750000 0.31250000 0.36250000
v 0.28750000 0.28750000 0.38750000
v 0.28750000 0.31250000 0.38750000
v 0.28750000 0.28750000 0.41250000
v 0.28750000 0.31250000 0.41250000
v 0.28750000 0.28750000 0.43750000
v 0.28750000 0.31250000 0.43750000
v 0.28750000 0.28750000 0.46250000
v 0.28750000 0.31250000 0.46250000
v 0.28750000 0.28750000 0.48750000
v 0.28750000 0.31250000 0.48750000
v 0.28750000 0.28750000 0.51250000
v 0.28750000 0.31250000 0.51250000
v 0.28750000 0.28750000 0.53750000
v 0.28750000 0.31250000 0.53750000
v 0.28750000 0.28750000 0.56250000
v 0.28750000 0.31250000 0.56250000
v 0.28750000 0.31250000 0.58750000
v 0.28750000 0.31250000 0.61250000
v 0.31250000 -0.28750000 -0.61250000
v 0.31250000 -0.28750000 -0.58750000
v 0.31250000 -0.26250000 -0.61250000
v 0.31250000 -0.26250000 -0.58750000
v 0.28750000 -0.28750000 -0.56250000
v 0.28750000 -0.26250000 -0.56250000
v 0.31250000 -0.28750000 -0.56250000
v 0.31250000 -0.26250000 -0.56250000
v 0.28750000 -0.28750000 -0.53750000
v 0.28750000 -0.26250000 -0.53750000
v 0.31250000 -0.28750000 -0.53750000
v 0.31250000 -0.26250000 -0.53750000
v 0.28750000 -0.28750000 -0.51250000
v 0.28750000 -0.26250000 -0.51250000
v 0.31250000 -0.28750000 -0.51250000
v 0.31250000 -0.26250000 -0.51250000
v 0.28750000 -0.28750000 -0.48750000
v 0.28750000 -0.26250000 -0.48750000
v 0.31250000 -0.28750000 -0.48750000
v 0.31250000 -0.26250000 -0.48750000
v 0.28750000 -0.28750000 -0.46250000
v 0.28750000 -0.26250000 -0.46250000
v 0.31250000 -0.28750000 -0.46250000
v 0.31250000 -0.26250000 -0.46250000
v 0.28750000 -0.28750000 -0.43750000
v 0.28750000 -0.26250000 -0.43750000
v 0.31250000 -0.28750000 -0.43750000
v 0.31250000 -0.26250000 -0.43750000
v 0.28750000 -0.28750000 -0.41250000
v 0.28750000 -0.26250000 -0.41250000
v 0.31250000 -0.28750000 -0.41250000
v 0.31250000 -0.26250000 -0.41250000
v 0.28750000 -0.28750000 -0.38750000
v 0.28750000 -0.26250000 -0.38750000
v 0.31250000 -0.28750000 -0.38750000
v 0.31250000 -0.26250000 -0.38750000
v 0.28750000 -0.28750000 -0.36250000
v 0.28750000 -0.26250000 -0.36250000
v 0.31250000 -0.28750000 -0.36250000
v 0.31250000 -0.26250000 -0.36250000
v 0.28750000 -0.28750000 -0.33750000
v 0.28750000 -0.26250000 -0.33750000
v 0.31250000 -0.28750000 -0.33750000
v 0.31250000 -0.26250000 -0.33750000
v 0.28750000 -0.28750000 -0.31250000
v 0.28750000 -0.26250000 -0.31250000
v 0.31250000 -0.28750000 -0.31250000
v 0.31250000 -0.26250000 -0.31250000
v 0.28750000 -0.28750000 -0.28750000
v 0.28750000 -0.26250000 -0.28750000
v 0.31250000 -0.28750000 -0.28750000
v 0.31250000 -0.26250000 -0.28750000
v 0.28750000 -0.28750000 -0.26250000
v 0.28750000 -0.26250000 -0.26250000
v 0.31250000 -0.28750000 -0.26250000
v 0.31250000 -0.26250000 -0.26250000
v 0.28750000 -0.28750000 -0.23750000
v 0.28750000 -0.26250000 -0.23750000
v 0.31250000 -0.28750000 -0.23750000
v 0.31250000 -0.26250000 -0.23750000
v 0.28750000 -0.28750000 -0.21250000
v 0.28750000 -0.26250000 -0.21250000
v 0.31250000 -0.28750000 -0.21250000
v 0.31250000 -0.26250000 -0.21250000
v 0.28750000 -0.28750000 -0.18750000
v 0.28750000 -0.26250000 -0.18750000
v 0.31250000 -0.28750000 -0.18750000
v 0.31250000 -0.26250000 -0.18750000
v 0.28750000 -0.28750000 -0.16250000
v 0.28750000 -0.26250000 -0.16250000
v 0.31250000 -0.28750000 -0.16250000
v 0.31250000 -0.26250000 -0.16250000
v 0.28750000 -0.28750000 -0.13750000
v 0.28750000 -0.26250000 -0.13750000
v 0.31250000 -0.28750000 -0.13750000
v 0.31250000 -0.26250000 -0.13750000
v 0.28750000 -0.28750000 -0.11250000
v 0.28750000 -0.26250000 -0.11250000
v 0.31250000 -0.28750000 -0.11250000
v 0.31250000 -0.26250000 -0.11250000
v 0.28750000 -0.28750000 -0.08750000
v 0.28750000 -0.26250000 -0.08750000
v 0.31250000 -0.28750000 -0.08750000
v 0.31250000 -0.26250000 -0.08750000
v 0.28750000 -0.28750000 -0.06250000
v 0.28750000 -0.26250000 -0.06250000
v 0.31250000 -0.28750000 -0.06250000
v 0.31250000 -0.26250000 -0.06250000
v 0.28750000 -0.28750000 -0.03750000
v 0.28750000 -0.26250000 -0.03750000
v 0.31250000 -0.28750000 -0.03750000
v 0.31250000 -0.26250000 -0.03750000
v 0.28750000 -0.28750000 -0.01250000
v 0.28750000 -0.26250000 -0.01250000
v 0.31250000 -0.28750000 -0.01250000
v 0.31250000 -0.26250000 -0.01250000
v 0.28750000 -0.28750000 0.01250000
v 0.28750000 -0.26250000 0.01250000
v 0.31250000 -0.28750000 0.01250000
v 0.31250000 -0.26250000 0.01250000
v 0.28750000 -0.28750000 0.03750000
v 0.28750000 -0.26250000 0.03750000
v 0.31250000 -0.28750000 0.03750000
v 0.31250000 -0.26250000 0.03750000
v 0.28750000 -0.28750000 0.06250000
v 0.28750000 -0.26250000 0.06250000
v 0.31250000 -0.28750000 0.06250000
v 0.31250000 -0.26250000 0.06250000
v 0.28750000 -0.28750000 0.08750000
v 0.28750000 -0.26250000 0.08750000
v 0.31250000 -0.28750000 0.08750000
v 0.31250000 -0.26250000 0.08750000
v 0.28750000 -0.28750000 0.11250000
v 0.28750000 -0.26250000 0.11250000
v 0.31250000 -0.28750000 0.11250000
v 0.31250000 -0.26250000 0.11250000
v 0.28750000 -0.28750000 0.13750000
v 0.28750000 -0.26250000 0.13750000
v 0.31250000 -0.28750000 0.13750000
v 0.31250000 -0.26250000 0.13750000
v 0.28750000 -0.28750000 0.16250000
v 0.28750000 -0.26250000 0.16250000
v 0.31250000 -0.28750000 0.16250000
v 0.31250000 -0.26250000 0.16250000
v 0.28750000 -0.28750000 0.18750000
v 0.28750000 -0.26250000 0.18750000
v 0.31250000 -0.28750000 0.18750000
v 0.31250000 -0.26250000 0.18750000
v 0.28750000 -0.28750000 0.21250000
v 0.28750000 -0.26250000 0.21250000
v 0.31250000 -0.28750000 0.21250000
v 0.31250000 -0.26250000 0.21250000
v 0.28750000 -0.28750000 0.23750000
v 0.28750000 -0.26250000 0.23750000
v 0.31250000 -0.28750000 0.23750000
v 0.31250000 -0.26250000 0.23750000
v 0.28750000 -0.28750000 0.26250000
v 0.28750000 -0.26250000 0.26250000
v 0.31250000 -0.28750000 0.26250000
v 0.31250000 -0.26250000 0.26250000
v 0.28750000 -0.28750000 0.28750000
v 0.28750000 -0.26250000 0.28750000
v 0.31250000 -0.28750000 0.28750000
v 0.31250000 -0.26250000 0.28750000
v 0.28750000 -0.28750000 0.31250000
v 0.28750000 -0.26250000 0.31250000
v 0.31250000 -0.28750000 0.31250000
v 0.31250000 -0.26250000 0.31250000
v 0.28750000 -0.28750000 0.33750000
v 0.28750000 -0.26250000 0.33750000
v 0.31250000 -0.28750000 0.33750000
v 0.31250000 -0.26250000 0.33750000
v 0.28750000 -0.28750000 0.36250000
v 0.28750000 -0.26250000 0.36250000
v 0.31250000 -0.28750000 0.36250000
v 0.31250000 -0.26250000 0.36250000
v 0.28750000 -0.28750000 0.38750000
v 0.28750000 -0.26250000 0.38750000
v 0.31250000 -0.28750000 0.38750000
v 0.31250000 -0.26250000 0.38750000
v 0.28750000 -0.28750000 0.41250000
v 0.28750000 -0.26250000 0.41250000
v 0.31250000 -0.28750000 0.41250000
v 0.31250000 -0.26250000 0.41250000
v 0.28750000 -0.28750000 0.43750000
v 0.28750000 -0.26250000 0.43750000
v 0.31250000 -0.28750000 0.43750000
v 0.31250000 -0.26250000 0.43750000
v 0.28750000 -0.28750000 0.46250000
v 0.28750000 -0.26250000 0.46250000
v 0.31250000 -0.28750000 0.46250000
v 0.31250000 -0.26250000 0.46250000
v 0.28750000 -0.28750000 0.48750000
v 0.28750000 -0.26250000 0.48750000
v 0.31250000 -0.28750000 0.48750000
v 0.31250000 -0.26250000 0.48750000
v 0.28750000 -0.28750000 0.51250000
v 0.28750000 -0.26250000 0.51250000
v 0.31250000 -0.28750000 0.51250000
v 0.31250000 -0.26250000 0.51250000
v 0.28750000 -0.28750000 0.53750000
v 0.28750000 -0.26250000 0.53750000
v 0.31250000 -0.28750000 0.53750000
v 0.31250000 -0.26250000 0.53750000
v 0.28750000 -0.28750000 0.56250000
v 0.28750000 -0.26250000 0.56250000
v 0.31250000 -0.28750000 0.56250000
v 0.31250000 -0.26250000 0.56250000
v 0.31250000 -0.28750000 0.58750000
v 0.31250000 -0.26250000 0.58750000
v 0.31250000 -0.28750000 0.61250000
v 0.31250000 -0.26250000 0.61250000
v 0.31250000 -0.23750000 -0.61250000
v 0.31250000 -0.23750000 -0.58750000
v 0.28750000 -0.23750000 -0.56250000
v 0.31250000 -0.23750000 -0.56250000
v 0.28750000 -0.23750000 -0.53750000
v 0.31250000 -0.23750000 -0.53750000
v 0.28750000 -0.23750000 -0.51250000
v 0.31250000 -0.23750000 -0.51250000
v 0.28750000 -0.23750000 -0.48750000
v 0.31250000 -0.23750000 -0.48750000
v 0.28750000 -0.23750000 -0.46250000
v 0.31250000 -0.23750000 -0.46250000
v 0.28750000 -0.23750000 -0.43750000
v 0.31250000 -0.23750000 -0.43750000
v 0.28750000 -0.23750000 -0.41250000
v 0.31250000 -0.23750000 -0.41250000
v 0.28750000 -0.23750000 -0.38750000
v 0.31250000 -0.23750000 -0.38750000
v 0.28750000 -0.23750000 -0.36250000
v 0.31250000 -0.23750000 -0.36250000
v 0.28750000 -0.23750000 -0.33750000
v 0.31250000 -0.23750000 -0.33750000
v 0.28750000 -0.23750000 -0.31250000
v 0.31250000 -0.23750000 -0.31250000
v 0.28750000 -0.23750000 -0.28750000
v 0.31250000 -0.23750000 -0.28750000
v 0.28750000 -0.23750000 -0.26250000
v 0.31250000 -0.23750000 -0.26250000
v 0.28750000 -0.23750000 -0.23750000
v 0.31250000 -0.23750000 -0.23750000
v 0.28750000 -0.23750000 -0.21250000
v 0.31250000 -0.23750000 -0.21250000
v 0.28750000 -0.23750000 -0.18750000
v 0.31250000 -0.23750000 -0.18750000
v 0.28750000 -0.23750000 -0.16250000
v 0.31250000 -0.23750000 -0.16250000
v 0.28750000 -0.23750000 -0.13750000
v 0.31250000 -0.23750000 -0.13750000
v 0.28750000 -0.23750000 -0.11250000
v 0.31250000 -0.23750000 -0.11250000
v 0.28750000 -0.23750000 -0.08750000
v 0.31250000 -0.23750000 -0.08750000
v 0.28750000 -0.23750000 -0.06250000
v 0.31250000 -0.23750000 -0.06250000
v 0.28750000 -0.23750000 -0.03750000
v 0.31250000 -0.23750000 -0.03750000
v 0.28750000 -0.23750000 -0.01250000
v 0.31250000 -0.23750000 -0.01250000
v 0.28750000 -0.23750000 0.01250000
v 0.31250000 -0.23750000 0.01250000
v 0.28750000 -0.23750000 0.03750000
v 0.31250000 -0.23750000 0.03750000
v 0.28750000 -0.23750000 0.06250000
v 0.31250000 -0.23750000 0.06250000
v 0.28750000 -0.23750000 0.08750000
v 0.31250000 -0.23750000 0.08750000
v 0.28750000 -0.23750000 0.11250000
v 0.31250000 -0.23750000 0.11250000
v 0.28750000 -0.23750000 0.13750000
v 0.31250000 -0.23750000 0.13750000
v 0.28750000 -0.23750000 0.16250000
v 0.31250000 -0.23750000 0.16250000
v 0.28750000 -0.23750000 0.18750000
v 0.31250000 -0.23750000 0.18750000
v 0.28750000 -0.23750000 0.21250000
v 0.31250000 -0.23750000 0.21250000
v 0.28750000 -0.23750000 0.23750000
v 0.31250000 -0.23750000 0.23750000
v 0.28750000 -0.23750000 0.26250000
v 0.31250000 -0.23750000 0.26250000
v 0.28750000 -0.23750000 0.28750000
v 0.31250000 -0.23750000 0.28750000
v 0.28750000 -0.23750000 0.31250000
v 0.31250000 -0.23750000 0.31250000
v 0.28750000 -0.23750000 0.33750000
v 0.31250000 -0.23750000 0.33750000
v 0.28750000 -0.23750000 0.36250000
v 0.31250000 -0.23750000 0.36250000
v 0.28750000 -0.23750000 0.38750000
v 0.31250000 -0.23750000 0.38750000
v 0.28750000 -0.23750000 0.41250000
v 0.31250000 -0.23750000 0.41250000
v 0.28750000 -0.23750000 0.43750000
v 0.31250000 -0.23750000 0.43750000
v 0.28750000 -0.23750000 0.46250000
v 0.31250000 -0.23750000 0.46250000
v 0.28750000 -0.23750000 0.48750000
v 0.31250000 -0.23750000 0.48750000
v 0.28750000 -0.23750000 0.51250000
v 0.31250000 -0.23750000 0.51250000
v 0.28750000 -0.23750000 0.53750000
v 0.31250000 -0.23750000 0.53750000
v 0.28750000 -0.23750000 0.56250000
v 0.31250000 -0.23750000 0.56250000
v 0.31250000 -0.23750000 0.58750000
v 0.31250000 -0.23750000 0.61250000
v 0.31250000 -0.21250000 -0.61250000
v 0.31250000 -0.21250000 -0.58750000
v 0.28750000 -0.21250000 -0.56250000
v 0.31250000 -0.21250000 -0.56250000
v 0.28750000 -0.21250000 -0.53750000
v 0.31250000 -0.21250000 -0.53750000
v 0.28750000 -0.21250000 -0.51250000
v 0.31250000 -0.21250000 -0.51250000
v 0.28750000 -0.21250000 -0.48750000
v 0.31250000 -0.21250000 -0.48750000
v 0.28750000 -0.21250000 -0.46250000
v 0.31250000 -0.21250000 -0.46250000
v 0.28750000 -0.21250000 -0.43750000
v 0.31250000 -0.21250000 -0.43750000
v 0.28750000 -0.21250000 -0.41250000
v 0.31250000 -0.21250000 -0.41250000
v 0.28750000 -0.21250000 -0.38750000
v 0.31250000 -0.21250000 -0.38750000
v 0.28750000 -0.21250000 -0.36250000
v 0.31250000 -0.21250000 -0.36250000
v 0.28750000 -0.21250000 -0.33750000
v 0.31250000 -0.21250000 -0.33750000
v 0.28750000 -0.21250000 -0.31250000
v 0.31250000 -0.21250000 -0.31250000
v 0.28750000 -0.21250000 -0.28750000
v 0.31250000 -0.21250000 -0.28750000
v 0.28750000 -0.21250000 -0.26250000
v 0.31250000 -0.21250000 -0.26250000
v 0.28750000 -0.21250000 -0.23750000
v 0.31250000 -0.21250000 -0.23750000
v 0.28750000 -0.21250000 -0.21250000
v 0.31250000 -0.21250000 -0.21250000
v 0.28750000 -0.21250000 -0.18750000
v 0.31250000 -0.21250000 -0.18750000
v 0.28750000 -0.21250000 -0.16250000
v 0.31250000 -0.21250000 -0.16250000
v 0.28750000 -0.21250000 -0.13750000
v 0.31250000 -0.21250000 -0.13750000
v 0.28750000 -0.21250000 -0.11250000
v 0.31250000 -0.21250000 -0.11250000
v 0.28750000 -0.21250000 -0.08750000
v 0.31250000 -0.21250000 -0.08750000
v 0.28750000 -0.21250000 -0.06250000
v 0.31250000 -0.21250000 -0.06250000
v 0.28750000 -0.21250000 -0.03750000
v 0.31250000 -0.21250000 -0.03750000
v 0.28750000 -0.21250000 -0.01250000
v 0.31250000 -0.21250000 -0.01250000
v 0.28750000 -0.21250000 0.01250000
v 0.31250000 -0.21250000 0.01250000
v 0.28750000 -0.21250000 0.03750000
v 0.31250000 -0.21250000 0.03750000
v 0.28750000 -0.21250000 0.06250000
v 0.31250000 -0.21250000 0.06250000
v 0.28750000 -0.21250000 0.08750000
v 0.31250000 -0.21250000 0.08750000
v 0.28750000 -0.21250000 0.11250000
v 0.31250000 -0.21250000 0.11250000
v 0.28750000 -0.21250000 0.13750000
v 0.31250000 -0.21250000 0.13750000
v 0.28750000 -0.21250000 0.16250000
v 0.31250000 -0.21250000 0.16250000
v 0.28750000 -0.21250000 0.18750000
v 0.31250000 -0.21250000 0.18750000
v 0.28750000 -0.21250000 0.21250000
v 0.31250000 -0.21250000 0.21250000
v 0.28750000 -0.21250000 0.23750000
v 0.31250000 -0.21250000 0.23750000
v 0.28750000 -0.21250000 0.26250000
v 0.31250000 -0.21250000 0.26250000
v 0.28750000 -0.21250000 0.28750000
v 0.31250000 -0.21250000 0.28750000
v 0.28750000 -0.21250000 0.31250000
v 0.31250000 -0.21250000 0.31250000
v 0.28750000 -0.21250000 0.33750000
v 0.31250000 -0.21250000 0.33750000
v 0.28750000 -0.21250000 0.36250000
v 0.31250000 -0.21250000 0.36250000
v 0.28750000 -0.21250000 0.38750000
v 0.31250000 -0.21250000 0.38750000
v 0.28750000 -0.21250000 0.41250000
v 0.31250000 -0.21250000 0.41250000
v 0.28750000 -0.21250000 0.43750000
v 0.31250000 -0.21250000 0.43750000
v 0.28750000 -0.21250000 0.46250000
v 0.31250000 -0.21250000 0.46250000
v 0.28750000 -0.21250000 0.48750000
v 0.31250000 -0.21250000 0.48750000
v 0.28750000 -0.21250000 0.51250000
v 0.31250000 -0.21250000 0.51250000
v 0.28750000 -0.21250000 0.53750000
v 0.31250000 -0.21250000 0.53750000
v 0.28750000 -0.21250000 0.56250000
v 0.31250000 -0.21250000 0.56250000
v 0.31250000 -0.21250000 0.58750000
v 0.31250000 -0.21250000 0.61250000
v 0.31250000 -0.18750000 -0.61250000
v 0.31250000 -0.18750000 -0.58750000
v 0.28750000 -0.18750000 -0.56250000
v 0.31250000 -0.18750000 -0.56250000
v 0.28750000 -0.18750000 -0.53750000
v 0.31250000 -0.18750000 -0.53750000
v 0.28750000 -0.18750000 -0.51250000
v 0.31250000 -0.18750000 -0.51250000
v 0.28750000 -0.18750000 -0.48750000
v 0.31250000 -0.18750000 -0.48750000
v 0.28750000 -0.18750000 -0.46250000
v 0.31250000 -0.18750000 -0.46250000
v 0.28750000 -0.18750000 -0.43750000
v 0.31250000 -0.18750000 -0.43750000
v 0.28750000 -0.18750000 -0.41250000
v 0.31250000 -0.18750000 -0.41250000
v 0.28750000 -0.18750000 -0.38750000
v 0.31250000 -0.18750000 -0.38750000
v 0.28750000 -0.18750000 -0.36250000
v 0.31250000 -0.18750000 -0.36250000
v 0.28750000 -0.18750000 -0.33750000
v 0.31250000 -0.18750000 -0.33750000
v 0.28750000 -0.18750000 -0.31250000
v 0.31250000 -0.18750000 -0.31250000
v 0.28750000 -0.18750000 -0.28750000
v 0.31250000 -0.18750000 -0.28750000
v 0.28750000 -0.18750000 -0.26250000
v 0.31250000 -0.18750000 -0.26250000
v 0.28750000 -0.18750000 -0.23750000
v 0.31250000 -0.18750000 -0.23750000
v 0.28750000 -0.18750000 -0.21250000
v 0.31250000 -0.18750000 -0.21250000
v 0.28750000 -0.18750000 -0.18750000
v 0.31250000 -0.18750000 -0.18750000
v 0.28750000 -0.18750000 -0.16250000
v 0.31250000 -0.18750000 -0.16250000
v 0.28750000 -0.18750000 -0.13750000
v 0.31250000 -0.18750000 -0.13750000
v 0.28750000 -0.18750000 -0.11250000
v 0.31250000 -0.18750000 -0.11250000
v 0.28750000 -0.18750000 -0.08750000
v 0.31250000 -0.18750000 -0.08750000
v 0.28750000 -0.18750000 -0.06250000
v 0.31250000 -0.18750000 -0.06250000
v 0.28750000 -0.18750000 -0.03750000
v 0.31250000 -0.18750000 -0.03750000
v 0.28750000 -0.18750000 -0.01250000
v 0.31250000 -0.18750000 -0.01250000
v 0.28750000 -0.18750000 0.01250000
v 0.31250000 -0.18750000 0.01250000
v 0.28750000 -0.18750000 0.03750000
v 0.31250000 -0.18750000 0.03750000
v 0.28750000 -0.18750000 0.06250000
v 0.31250000 -0.18750000 0.06250000
v 0.28750000 -0.18750000 0.08750000
v 0.31250000 -0.18750000 0.08750000
v 0.28750000 -0.18750000 0.11250000
v 0.31250000 -0.18750000 0.11250000
v 0.28750000 -0.18750000 0.13750000
v 0.31250000 -0.18750000 0.13750000
v 0.28750000 -0.18750000 0.16250000
v 0.31250000 -0.18750000 0.16250000
v 0.28750000 -0.18750000 0.18750000
v 0.31250000 -0.18750000 0.18750000
v 0.28750000 -0.18750000 0.21250000
v 0.31250000 -0.18750000 0.21250000
v 0.28750000 -0.18750000 0.23750000
v 0.31250000 -0.18750000 0.23750000
v 0.28750000 -0.18750000 0.26250000
v 0.31250000 -0.18750000 0.26250000
v 0.28750000 -0.18750000 0.28750000
v 0.31250000 -0.18750000 0.28750000
v 0.28750000 -0.18750000 0.31250000
v 0.31250000 -0.18750000 0.31250000
v 0.28750000 -0.18750000 0.33750000
v 0.31250000 -0.18750000 0.33750000
v 0.28750000 -0.18750000 0.36250000
v 0.31250000 -0.18750000 0.36250000
v 0.28750000 -0.18750000 0.38750000
v 0.31250000 -0.18750000 0.38750000
v 0.28750000 -0.18750000 0.41250000
v 0.31250000 -0.18750000 0.41250000
v 0.28750000 -0.18750000 0.43750000
v 0.31250000 -0.18750000 0.43750000
v 0.28750000 -0.18750000 0.46250000
v 0.31250000 -0.18750000 0.46250000
v 0.28750000 -0.18750000 0.48750000
v 0.31250000 -0.18750000 0.48750000
v 0.28750000 -0.18750000 0.51250000
v 0.31250000 -0.18750000 0.51250000
v 0.28750000 -0.18750000 0.53750000
v 0.31250000 -0.18750000 0.53750000
v 0.28750000 -0.18750000 0.56250000
v 0.31250000 -0.18750000 0.56250000
v 0.31250000 -0.18750000 0.58750000
v 0.31250000 -0.18750000 0.61250000
v 0.31250000 -0.16250000 -0.61250000
v 0.31250000 -0.16250000 -0.58750000
v 0.28750000 -0.16250000 -0.56250000
v 0.31250000 -0.16250000 -0.56250000
v 0.28750000 -0.16250000 -0.53750000
v 0.31250000 -0.16250000 -0.53750000
v 0.28750000 -0.16250000 -0.51250000
v 0.31250000 -0.16250000 -0.51250000
v 0.28750000 -0.16250000 -0.48750000
v 0.31250000 -0.16250000 -0.48750000
v 0.28750000 -0.16250000 -0.46250000
v 0.31250000 -0.16250000 -0.46250000
v 0.28750000 -0.16250000 -0.43750000
v 0.31250000 -0.16250000 -0.43750000
v 0.28750000 -0.16250000 -0.41250000
v 0.31250000 -0.16250000 -0.41250000
v 0.28750000 -0.16250000 -0.38750000
v 0.31250000 -0.16250000 -0.38750000
v 0.28750000 -0.16250000 -0.36250000
v 0.31250000 -0.16250000 -0.36250000
v 0.28750000 -0.16250000 -0.33750000
v 0.31250000 -0.16250000 -0.33750000
v 0.28750000 -0.16250000 -0.31250000
v 0.31250000 -0.16250000 -0.31250000
v 0.28750000 -0.16250000 -0.28750000
v 0.31250000 -0.16250000 -0.28750000
v 0.28750000 -0.16250000 -0.26250000
v 0.31250000 -0.16250000 -0.26250000
v 0.28750000 -0.16250000 -0.23750000
v 0.31250000 -0.16250000 -0.23750000
v 0.28750000 -0.16250000 -0.21250000
v 0.31250000 -0.16250000 -0.21250000
v 0.28750000 -0.16250000 -0.18750000
v 0.31250000 -0.16250000 -0.18750000
v 0.28750000 -0.16250000 -0.16250000
v 0.31250000 -0.16250000 -0.16250000
v 0.28750000 -0.16250000 -0.13750000
v 0.31250000 -0.16250000 -0.13750000
v 0.28750000 -0.16250000 -0.11250000
v 0.31250000 -0.16250000 -0.11250000
v 0.28750000 -0.16250000 -0.08750000
v 0.31250000 -0.16250000 -0.08750000
v 0.28750000 -0.16250000 -0.06250000
v 0.31250000 -0.16250000 -0.06250000
v 0.28750000 -0.16250000 -0.03750000
v 0.31250000 -0.16250000 -0.03750000
v 0.28750000 -0.16250000 -0.01250000
v 0.31250000 -0.16250000 -0.01250000
v 0.28750000 -0.16250000 0.01250000
v 0.31250000 -0.16250000 0.01250000
v 0.28750000 -0.16250000 0.03750000
v 0.31250000 -0.16250000 0.03750000
v 0.28750000 -0.16250000 0.06250000
v 0.31250000 -0.16250000 0.06250000
v 0.28750000 -0.16250000 0.08750000
v 0.31250000 -0.16250000 0.08750000
v 0.28750000 -0.16250000 0.11250000
v 0.31250000 -0.16250000 0.11250000
v 0.28750000 -0.16250000 0.13750000
v 0.31250000 -0.16250000 0.13750000
v 0.28750000 -0.16250000 0.16250000
v 0.31250000 -0.16250000 0.16250000
v 0.28750000 -0.16250000 0.18750000
v 0.31250000 -0.16250000 0.18750000
v 0.28750000 -0.16250000 0.21250000
v 0.31250000 -0.16250000 0.21250000
v 0.28750000 -0.16250000 0.23750000
v 0.31250000 -0.16250000 0.23750000
v 0.28750000 -0.16250000 0.26250000
v 0.31250000 -0.16250000 0.26250000
v 0.28750000 -0.16250000 0.28750000
v 0.31250000 -0.16250000 0.28750000
v 0.28750000 -0.16250000 0.31250000
v 0.31250000 -0.16250000 0.31250000
v 0.28750000 -0.16250000 0.33750000
v 0.31250000 -0.16250000 0.33750000
v 0.28750000 -0.16250000 0.36250000
v 0.31250000 -0.16250000 0.36250000
v 0.28750000 -0.16250000 0.38750000
v 0.31250000 -0.16250000 0.38750000
v 0.28750000 -0.16250000 0.41250000
v 0.31250000 -0.16250000 0.41250000
v 0.28750000 -0.16250000 0.43750000
v 0.31250000 -0.16250000 0.43750000
v 0.28750000 -0.16250000 0.46250000
v 0.31250000 -0.16250000 0.46250000
v 0.28750000 -0.16250000 0.48750000
v 0.31250000 -0.16250000 0.48750000
v 0.28750000 -0.16250000 0.51250000
v 0.31250000 -0.16250000 0.51250000
v 0.28750000 -0.16250000 0.53750000
v 0.31250000 -0.16250000 0.53750000
v 0.28750000 -0.16250000 0.56250000
v 0.31250000 -0.16250000 0.56250000
v 0.31250000 -0.16250000 0.58750000
v 0.31250000 -0.16250000 0.61250000
v 0.31250000 -0.13750000 -0.61250000
v 0.31250000 -0.13750000 -0.58750000
v 0.28750000 -0.13750000 -0.56250000
v 0.31250000 -0.13750000 -0.56250000
v 0.28750000 -0.13750000 -0.53750000
v 0.31250000 -0.13750000 -0.53750000
v 0.28750000 -0.13750000 -0.51250000
v 0.31250000 -0.13750000 -0.51250000
v 0.28750000 -0.13750000 -0.48750000
v 0.31250000 -0.13750000 -0.48750000
v 0.28750000 -0.13750000 -0.46250000
v 0.31250000 -0.13750000 -0.46250000
v 0.28750000 -0.13750000 -0.43750000
v 0.31250000 -0.13750000 -0.43750000
v 0.28750000 -0.13750000 -0.41250000
v 0.31250000 -0.13750000 -0.41250000
v 0.28750000 -0.13750000 -0.38750000
v 0.31250000 -0.13750000 -0.38750000
v 0.28750000 -0.13750000 -0.36250000
v 0.31250000 -0.13750000 -0.36250000
v 0.28750000 -0.13750000 -0.33750000
v 0.31250000 -0.13750000 -0.33750000
v 0.28750000 -0.13750000 -0.31250000
v 0.31250000 -0.13750000 -0.31250000
v 0.28750000 -0.13750000 -0.28750000
v 0.31250000 -0.13750000 -0.28750000
v 0.28750000 -0.13750000 -0.26250000
v 0.31250000 -0.13750000 -0.26250000
v 0.28750000 -0.13750000 -0.23750000
v 0.31250000 -0.13750000 -0.23750000
v 0.28750000 -0.13750000 -0.21250000
v 0.31250000 -0.13750000 -0.21250000
v 0.28750000 -0.13750000 -0.18750000
v 0.31250000 -0.13750000 -0.18750000
v 0.28750000 -0.13750000 -0.16250000
v 0.31250000 -0.13750000 -0.16250000
v 0.28750000 -0.13750000 -0.13750000
v 0.31250000 -0.13750000 -0.13750000
v 0.28750000 -0.13750000 -0.11250000
v 0.31250000 -0.13750000 -0.11250000
v 0.28750000 -0.13750000 -0.08750000
v 0.31250000 -0.13750000 -0.08750000
v 0.28750000 -0.13750000 -0.06250000
v 0.31250000 -0.13750000 -0.06250000
v 0.28750000 -0.13750000 -0.03750000
v 0.31250000 -0.13750000 -0.03750000
v 0.28750000 -0.13750000 -0.01250000
v 0.31250000 -0.13750000 -0.01250000
v 0.28750000 -0.13750000 0.01250000
v 0.31250000 -0.13750000 0.01250000
v 0.28750000 -0.13750000 0.03750000
v 0.31250000 -0.13750000 0.03750000
v 0.28750000 -0.13750000 0.06250000
v 0.31250000 -0.13750000 0.06250000
v 0.28750000 -0.13750000 0.08750000
v 0.31250000 -0.13750000 0.08750000
v 0.28750000 -0.13750000 0.11250000
v 0.31250000 -0.13750000 0.11250000
v 0.28750000 -0.13750000 0.13750000
v 0.31250000 -0.13750000 0.13750000
v 0.28750000 -0.13750000 0.16250000
v 0.31250000 -0.13750000 0.16250000
v 0.28750000 -0.13750000 0.18750000
v 0.31250000 -0.13750000 0.18750000
v 0.28750000 -0.13750000 0.21250000
v 0.31250000 -0.13750000 0.21250000
v 0.28750000 -0.13750000 0.23750000
v 0.31250000 -0.13750000 0.23750000
v 0.28750000 -0.13750000 0.26250000
v 0.31250000 -0.13750000 0.26250000
v 0.28750000 -0.13750000 0.28750000
v 0.31250000 -0.13750000 0.28750000
v 0.28750000 -0.13750000 0.31250000
v 0.31250000 -0.13750000 0.31250000
v 0.28750000 -0.13750000 0.33750000
v 0.31250000 -0.13750000 0.33750000
v 0.28750000 -0.13750000 0.36250000
v 0.31250000 -0.13750000 0.36250000
v 0.28750000 -0.13750000 0.38750000
v 0.31250000 -0.13750000 0.38750000
v 0.28750000 -0.13750000 0.41250000
v 0.31250000 -0.13750000 0.41250000
v 0.28750000 -0.13750000 0.43750000
v 0.31250000 -0.13750000 0.43750000
v 0.28750000 -0.13750000 0.46250000
v 0.31250000 -0.13750000 0.46250000
v 0.28750000 -0.13750000 0.48750000
v 0.31250000 -0.13750000 0.48750000
v 0.28750000 -0.13750000 0.51250000
v 0.31250000 -0.13750000 0.51250000
v 0.28750000 -0.13750000 0.53750000
v 0.31250000 -0.13750000 0.53750000
v 0.28750000 -0.13750000 0.56250000
v 0.31250000 -0.13750000 0.56250000
v 0.31250000 -0.13750000 0.58750000
v 0.31250000 -0.13750000 0.61250000
v 0.31250000 -0.11250000 -0.61250000
v 0.31250000 -0.11250000 -0.58750000
v 0.28750000 -0.11250000 -0.56250000
v 0.31250000 -0.11250000 -0.56250000
v 0.28750000 -0.11250000 -0.53750000
v 0.31250000 -0.11250000 -0.53750000
v 0.28750000 -0.11250000 -0.51250000
v 0.31250000 -0.11250000 -0.51250000
v 0.28750000 -0.11250000 -0.48750000
v 0.31250000 -0.11250000 -0.48750000
v 0.28750000 -0.11250000 -0.46250000
v 0.31250000 -0.11250000 -0.46250000
v 0.28750000 -0.11250000 -0.43750000
v 0.31250000 -0.11250000 -0.43750000
v 0.28750000 -0.11250000 -0.41250000
v 0.31250000 -0.11250000 -0.41250000
v 0.28750000 -0.11250000 -0.38750000
v 0.31250000 -0.11250000 -0.38750000
v 0.28750000 -0.11250000 -0.36250000
v 0.31250000 -0.11250000 -0.36250000
v 0.28750000 -0.11250000 -0.33750000
v 0.31250000 -0.11250000 -0.33750000
v 0.28750000 -0.11250000 -0.31250000
v 0.31250000 -0.11250000 -0.31250000
v 0.28750000 -0.11250000 -0.28750000
v 0.31250000 -0.11250000 -0.28750000
v 0.28750000 -0.11250000 -0.26250000
v 0.31250000 -0.11250000 -0.26250000
v 0.28750000 -0.11250000 -0.23750000
v 0.31250000 -0.11250000 -0.23750000
v 0.28750000 -0.11250000 -0.21250000
v 0.31250000 -0.11250000 -0.21250000
v 0.28750000 -0.11250000 -0.18750000
v 0.31250000 -0.11250000 -0.18750000
v 0.28750000 -0.11250000 -0.16250000
v 0.31250000 -0.11250000 -0.16250000
v 0.28750000 -0.11250000 -0.13750000
v 0.31250000 -0.11250000 -0.13750000
v 0.28750000 -0.11250000 -0.11250000
v 0.31250000 -0.11250000 -0.11250000
v 0.28750000 -0.11250000 -0.08750000
v 0.31250000 -0.11250000 -0.08750000
v 0.28750000 -0.11250000 -0.06250000
v 0.31250000 -0.11250000 -0.06250000
v 0.28750000 -0.11250000 -0.03750000
v 0.31250000 -0.11250000 -0.03750000
v 0.28750000 -0.11250000 -0.01250000
v 0.31250000 -0.11250000 -0.01250000
v 0.28750000 -0.11250000 0.01250000
v 0.31250000 -0.11250000 0.01250000
v 0.28750000 -0.11250000 0.03750000
v 0.31250000 -0.11250000 0.03750000
v 0.28750000 -0.11250000 0.06250000
v 0.31250000 -0.11250000 0.06250000
v 0.28750000 -0.11250000 0.08750000
v 0.31250000 -0.11250000 0.08750000
v 0.28750000 -0.11250000 0.11250000
v 0.31250000 -0.11250000 0.11250000
v 0.28750000 -0.11250000 0.13750000
v 0.31250000 -0.11250000 0.13750000
v 0.28750000 -0.11250000 0.16250000
v 0.31250000 -0.11250000 0.16250000
v 0.28750000 -0.11250000 0.18750000
v 0.31250000 -0.11250000 0.18750000
v 0.28750000 -0.11250000 0.21250000
v 0.31250000 -0.11250000 0.21250000
v 0.28750000 -0.11250000 0.23750000
v 0.31250000 -0.11250000 0.23750000
v 0.28750000 -0.11250000 0.26250000
v 0.31250000 -0.11250000 0.26250000
v 0.28750000 -0.11250000 0.28750000
v 0.31250000 -0.11250000 0.28750000
v 0.28750000 -0.11250000 0.31250000
v 0.31250000 -0.11250000 0.31250000
v 0.28750000 -0.11250000 0.33750000
v 0.31250000 -0.11250000 0.33750000
v 0.28750000 -0.11250000 0.36250000
v 0.31250000 -0.11250000 0.36250000
v 0.28750000 -0.11250000 0.38750000
v 0.31250000 -0.11250000 0.38750000
v 0.28750000 -0.11250000 0.41250000
v 0.31250000 -0.11250000 0.41250000
v 0.28750000 -0.11250000 0.43750000
v 0.31250000 -0.11250000 0.43750000
v 0.28750000 -0.11250000 0.46250000
v 0.31250000 -0.11250000 0.46250000
v 0.28750000 -0.11250000 0.48750000
v 0.31250000 -0.11250000 0.48750000
v 0.28750000 -0.11250000 0.51250000
v 0.31250000 -0.11250000 0.51250000
v 0.28750000 -0.11250000 0.53750000
v 0.31250000 -0.11250000 0.53750000
v 0.28750000 -0.11250000 0.56250000
v 0.31250000 -0.11250000 0.56250000
v 0.31250000 -0.11250000 0.58750000
v 0.31250000 -0.11250000 0.61250000
v 0.31250000 -0.08750000 -0.61250000
v 0.31250000 -0.08750000 -0.58750000
v 0.28750000 -0.08750000 -0.56250000
v 0.31250000 -0.08750000 -0.56250000
v 0.28750000 -0.08750000 -0.53750000
v 0.31250000 -0.08750000 -0.53750000
v 0.28750000 -0.08750000 -0.51250000
v 0.31250000 -0.08750000 -0.51250000
v 0.28750000 -0.08750000 -0.48750000
v 0.31250000 -0.08750000 -0.48750000
v 0.28750000 -0.08750000 -0.46250000
v 0.31250000 -0.08750000 -0.46250000
v 0.28750000 -0.08750000 -0.43750000
v 0.31250000 -0.08750000 -0.43750000
v 0.28750000 -0.08750000 -0.41250000
v 0.31250000 -0.08750000 -0.41250000
v 0.28750000 -0.08750000 -0.38750000
v 0.31250000 -0.08750000 -0.38750000
v 0.28750000 -0.08750000 -0.36250000
v 0.31250000 -0.08750000 -0.36250000
v 0.28750000 -0.08750000 -0.33750000
v 0.31250000 -0.08750000 -0.33750000
v 0.28750000 -0.08750000 -0.31250000
v 0.31250000 -0.08750000 -0.31250000
v 0.28750000 -0.08750000 -0.28750000
v 0.31250000 -0.08750000 -0.28750000
v 0.28750000 -0.08750000 -0.26250000
v 0.31250000 -0.08750000 -0.26250000
v 0.28750000 -0.08750000 -0.23750000
v 0.31250000 -0.08750000 -0.23750000
v 0.28750000 -0.08750000 -0.21250000
v 0.31250000 -0.08750000 -0.21250000
v 0.28750000 -0.08750000 -0.18750000
v 0.31250000 -0.08750000 -0.18750000
v 0.28750000 -0.08750000 -0.16250000
v 0.31250000 -0.08750000 -0.16250000
v 0.28750000 -0.08750000 -0.13750000
v 0.31250000 -0.08750000 -0.13750000
v 0.28750000 -0.08750000 -0.11250000
v 0.31250000 -0.08750000 -0.11250000
v 0.28750000 -0.08750000 -0.08750000
v 0.31250000 -0.08750000 -0.08750000
v 0.28750000 -0.08750000 -0.06250000
v 0.31250000 -0.08750000 -0.06250000
v 0.28750000 -0.08750000 -0.03750000
v 0.31250000 -0.08750000 -0.03750000
v 0.28750000 -0.08750000 -0.01250000
v 0.31250000 -0.08750000 -0.01250000
v 0.28750000 -0.08750000 0.01250000
v 0.31250000 -0.08750000 0.01250000
v 0.28750000 -0.08750000 0.03750000
v 0.31250000 -0.08750000 0.03750000
v 0.28750000 -0.08750000 0.06250000
v 0.31250000 -0.08750000 0.06250000
v 0.28750000 -0.08750000 0.08750000
v 0.31250000 -0.08750000 0.08750000
v 0.28750000 -0.08750000 0.11250000
v 0.31250000 -0.08750000 0.11250000
v 0.28750000 -0.08750000 0.13750000
v 0.31250000 -0.08750000 0.13750000
v 0.28750000 -0.08750000 0.16250000
v 0.31250000 -0.08750000 0.16250000
v 0.28750000 -0.08750000 0.18750000
v 0.31250000 -0.08750000 0.18750000
v 0.28750000 -0.08750000 0.21250000
v 0.31250000 -0.08750000 0.21250000
v 0.28750000 -0.08750000 0.23750000
v 0.31250000 -0.08750000 0.23750000
v 0.28750000 -0.08750000 0.26250000
v 0.31250000 -0.08750000 0.26250000
v 0.28750000 -0.08750000 0.28750000
v 0.31250000 -0.08750000 0.28750000
v 0.28750000 -0.08750000 0.31250000
v 0.31250000 -0.08750000 0.31250000
v 0.28750000 -0.08750000 0.33750000
v 0.31250000 -0.08750000 0.33750000
v 0.28750000 -0.08750000 0.36250000
v 0.31250000 -0.08750000 0.36250000
v 0.28750000 -0.08750000 0.38750000
v 0.31250000 -0.08750000 0.38750000
v 0.28750000 -0.08750000 0.41250000
v 0.31250000 -0.08750000 0.41250000
v 0.28750000 -0.08750000 0.43750000
v 0.31250000 -0.08750000 0.43750000
v 0.28750000 -0.08750000 0.46250000
v 0.31250000 -0.08750000 0.46250000
v 0.28750000 -0.08750000 0.48750000
v 0.31250000 -0.08750000 0.48750000
v 0.28750000 -0.08750000 0.51250000
v 0.31250000 -0.08750000 0.51250000
v 0.28750000 -0.08750000 0.53750000
v 0.31250000 -0.08750000 0.53750000
v 0.28750000 -0.08750000 0.56250000
v 0.31250000 -0.08750000 0.56250000
v 0.31250000 -0.08750000 0.58750000
v 0.31250000 -0.08750000 0.61250000
v 0.31250000 -0.06250000 -0.61250000
v 0.31250000 -0.06250000 -0.58750000
v 0.28750000 -0.06250000 -0.56250000
v 0.31250000 -0.06250000 -0.56250000
v 0.28750000 -0.06250000 -0.53750000
v 0.31250000 -0.06250000 -0.53750000
v 0.28750000 -0.06250000 -0.51250000
v 0.31250000 -0.06250000 -0.51250000
v 0.28750000 -0.06250000 -0.48750000
v 0.31250000 -0.06250000 -0.48750000
v 0.28750000 -0.06250000 -0.46250000
v 0.31250000 -0.06250000 -0.46250000
v 0.28750000 -0.06250000 -0.43750000
v 0.31250000 -0.06250000 -0.43750000
v 0.28750000 -0.06250000 -0.41250000
v 0.31250000 -0.06250000 -0.41250000
v 0.28750000 -0.06250000 -0.38750000
v 0.31250000 -0.06250000 -0.38750000
v 0.28750000 -0.06250000 -0.36250000
v 0.31250000 -0.06250000 -0.36250000
v 0.28750000 -0.06250000 -0.33750000
v 0.31250000 -0.06250000 -0.33750000
v 0.28750000 -0.06250000 -0.31250000
v 0.31250000 -0.06250000 -0.31250000
v 0.28750000 -0.06250000 -0.28750000
v 0.31250000 -0.06250000 -0.28750000
v 0.28750000 -0.06250000 -0.26250000
v 0.31250000 -0.06250000 -0.26250000
v 0.28750000 -0.06250000 -0.23750000
v 0.31250000 -0.06250000 -0.23750000
v 0.28750000 -0.06250000 -0.21250000
v 0.31250000 -0.06250000 -0.21250000
v 0.28750000 -0.06250000 -0.18750000
v 0.31250000 -0.06250000 -0.18750000
v 0.28750000 -0.06250000 -0.16250000
v 0.31250000 -0.06250000 -0.16250000
v 0.28750000 -0.06250000 -0.13750000
v 0.31250000 -0.06250000 -0.13750000
v 0.28750000 -0.06250000 -0.11250000
v 0.31250000 -0.06250000 -0.11250000
v 0.28750000 -0.06250000 -0.08750000
v 0.31250000 -0.06250000 -0.08750000
v 0.28750000 -0.06250000 -0.06250000
v 0.31250000 -0.06250000 -0.06250000
v 0.28750000 -0.06250000 -0.03750000
v 0.31250000 -0.06250000 -0.03750000
v 0.28750000 -0.06250000 -0.01250000
v 0.31250000 -0.06250000 -0.01250000
v 0.28750000 -0.06250000 0.01250000
v 0.31250000 -0.06250000 0.01250000
v 0.28750000 -0.06250000 0.03750000
v 0.31250000 -0.06250000 0.03750000
v 0.28750000 -0.06250000 0.06250000
v 0.31250000 -0.06250000 0.06250000
v 0.28750000 -0.06250000 0.08750000
v 0.31250000 -0.06250000 0.08750000
v 0.28750000 -0.06250000 0.11250000
v 0.31250000 -0.06250000 0.11250000
v 0.28750000 -0.06250000 0.13750000
v 0.31250000 -0.06250000 0.13750000
v 0.28750000 -0.06250000 0.16250000
v 0.31250000 -0.06250000 0.16250000
v 0.28750000 -0.06250000 0.18750000
v 0.31250000 -0.06250000 0.18750000
v 0.28750000 -0.06250000 0.21250000
v 0.31250000 -0.06250000 0.21250000
v 0.28750000 -0.06250000 0.23750000
v 0.31250000 -0.06250000 0.23750000
v 0.28750000 -0.06250000 0.26250000
v 0.31250000 -0.06250000 0.26250000
v 0.28750000 -0.06250000 0.28750000
v 0.31250000 -0.06250000 0.28750000
v 0.28750000 -0.06250000 0.31250000
v 0.31250000 -0.06250000 0.31250000
v 0.28750000 -0.06250000 0.33750000
v 0.31250000 -0.06250000 0.33750000
v 0.28750000 -0.06250000 0.36250000
v 0.31250000 -0.06250000 0.36250000
v 0.28750000 -0.06250000 0.38750000
v 0.31250000 -0.06250000 0.38750000
v 0.28750000 -0.06250000 0.41250000
v 0.31250000 -0.06250000 0.41250000
v 0.28750000 -0.06250000 0.43750000
v 0.31250000 -0.06250000 0.43750000
v 0.28750000 -0.06250000 0.46250000
v 0.31250000 -0.06250000 0.46250000
v 0.28750000 -0.06250000 0.48750000
v 0.31250000 -0.06250000 0.48750000
v 0.28750000 -0.06250000 0.51250000
v 0.31250000 -0.06250000 0.51250000
v 0.28750000 -0.06250000 0.53750000
v 0.31250000 -0.06250000 0.53750000
v 0.28750000 -0.06250000 0.56250000
v 0.31250000 -0.06250000 0.56250000
v 0.31250000 -0.06250000 0.58750000
v 0.31250000 -0.06250000 0.61250000
v 0.31250000 -0.03750000 -0.61250000
v 0.31250000 -0.03750000 -0.58750000
v 0.28750000 -0.03750000 -0.56250000
v 0.31250000 -0.03750000 -0.56250000
v 0.28750000 -0.03750000 -0.53750000
v 0.31250000 -0.03750000 -0.53750000
v 0.28750000 -0.03750000 -0.51250000
v 0.31250000 -0.03750000 -0.51250000
v 0.28750000 -0.03750000 -0.48750000
v 0.31250000 -0.03750000 -0.48750000
v 0.28750000 -0.03750000 -0.46250000
v 0.31250000 -0.03750000 -0.46250000
v 0.28750000 -0.03750000 -0.43750000
v 0.31250000 -0.03750000 -0.43750000
v 0.28750000 -0.03750000 -0.41250000
v 0.31250000 -0.03750000 -0.41250000
v 0.28750000 -0.03750000 -0.38750000
v 0.31250000 -0.03750000 -0.38750000
v 0.28750000 -0.03750000 -0.36250000
v 0.31250000 -0.03750000 -0.36250000
v 0.28750000 -0.03750000 -0.33750000
v 0.31250000 -0.03750000 -0.33750000
v 0.28750000 -0.03750000 -0.31250000
v 0.31250000 -0.03750000 -0.31250000
v 0.28750000 -0.03750000 -0.28750000
v 0.31250000 -0.03750000 -0.28750000
v 0.28750000 -0.03750000 -0.26250000
v 0.31250000 -0.03750000 -0.26250000
v 0.28750000 -0.03750000 -0.23750000
v 0.31250000 -0.03750000 -0.23750000
v 0.28750000 -0.03750000 -0.21250000
v 0.31250000 -0.03750000 -0.21250000
v 0.28750000 -0.03750000 -0.18750000
v 0.31250000 -0.03750000 -0.18750000
v 0.28750000 -0.03750000 -0.16250000
v 0.31250000 -0.03750000 -0.16250000
v 0.28750000 -0.03750000 -0.13750000
v 0.31250000 -0.03750000 -0.13750000
v 0.28750000 -0.03750000 -0.11250000
v 0.31250000 -0.03750000 -0.11250000
v 0.28750000 -0.03750000 -0.08750000
v 0.31250000 -0.03750000 -0.08750000
v 0.28750000 -0.03750000 -0.06250000
v 0.31250000 -0.03750000 -0.06250000
v 0.28750000 -0.03750000 -0.03750000
v 0.31250000 -0.03750000 -0.03750000
v 0.28750000 -0.03750000 -0.01250000
v 0.31250000 -0.03750000 -0.01250000
v 0.28750000 -0.03750000 0.01250000
v 0.31250000 -0.03750000 0.01250000
v 0.28750000 -0.03750000 0.03750000
v 0.31250000 -0.03750000 0.03750000
v 0.28750000 -0.03750000 0.06250000
v 0.31250000 -0.03750000 0.06250000
v 0.28750000 -0.03750000 0.08750000
v 0.31250000 -0.03750000 0.08750000
v 0.28750000 -0.03750000 0.11250000
v 0.31250000 -0.03750000 0.11250000
v 0.28750000 -0.03750000 0.13750000
v 0.31250000 -0.03750000 0.13750000
v 0.28750000 -0.03750000 0.16250000
v 0.31250000 -0.03750000 0.16250000
v 0.28750000 -0.03750000 0.18750000
v 0.31250000 -0.03750000 0.18750000
v 0.28750000 -0.03750000 0.21250000
v 0.31250000 -0.03750000 0.21250000
v 0.28750000 -0.03750000 0.23750000
v 0.31250000 -0.03750000 0.23750000
v 0.28750000 -0.03750000 0.26250000
v 0.31250000 -0.03750000 0.26250000
v 0.28750000 -0.03750000 0.28750000
v 0.31250000 -0.03750000 0.28750000
v 0.28750000 -0.03750000 0.31250000
v 0.31250000 -0.03750000 0.31250000
v 0.28750000 -0.03750000 0.33750000
v 0.31250000 -0.03750000 0.33750000
v 0.28750000 -0.03750000 0.36250000
v 0.31250000 -0.03750000 0.36250000
v 0.28750000 -0.03750000 0.38750000
v 0.31250000 -0.03750000 0.38750000
v 0.28750000 -0.03750000 0.41250000
v 0.31250000 -0.03750000 0.41250000
v 0.28750000 -0.03750000 0.43750000
v 0.31250000 -0.03750000 0.43750000
v 0.28750000 -0.03750000 0.46250000
v 0.31250000 -0.03750000 0.46250000
v 0.28750000 -0.03750000 0.48750000
v 0.31250000 -0.03750000 0.48750000
v 0.28750000 -0.03750000 0.51250000
v 0.31250000 -0.03750000 0.51250000
v 0.28750000 -0.03750000 0.53750000
v 0.31250000 -0.03750000 0.53750000
v 0.28750000 -0.03750000 0.56250000
v 0.31250000 -0.03750000 0.56250000
v 0.31250000 -0.03750000 0.58750000
v 0.31250000 -0.03750000 0.61250000
v 0.31250000 -0.01250000 -0.61250000
v 0.31250000 -0.01250000 -0.58750000
v 0.28750000 -0.01250000 -0.56250000
v 0.31250000 -0.01250000 -0.56250000
v 0.28750000 -0.01250000 -0.53750000
v 0.31250000 -0.01250000 -0.53750000
v 0.28750000 -0.01250000 -0.51250000
v 0.31250000 -0.01250000 -0.51250000
v 0.28750000 -0.01250000 -0.48750000
v 0.31250000 -0.01250000 -0.48750000
v 0.28750000 -0.01250000 -0.46250000
v 0.31250000 -0.01250000 -0.46250000
v 0.28750000 -0.01250000 -0.43750000
v 0.31250000 -0.01250000 -0.43750000
v 0.28750000 -0.01250000 -0.41250000
v 0.31250000 -0.01250000 -0.41250000
v 0.28750000 -0.01250000 -0.38750000
v 0.31250000 -0.01250000 -0.38750000
v 0.28750000 -0.01250000 -0.36250000
v 0.31250000 -0.01250000 -0.36250000
v 0.28750000 -0.01250000 -0.33750000
v 0.31250000 -0.01250000 -0.33750000
v 0.28750000 -0.01250000 -0.31250000
v 0.31250000 -0.01250000 -0.31250000
v 0.28750000 -0.01250000 -0.28750000
v 0.31250000 -0.01250000 -0.28750000
v 0.28750000 -0.01250000 -0.26250000
v 0.31250000 -0.01250000 -0.26250000
v 0.28750000 -0.01250000 -0.23750000
v 0.31250000 -0.01250000 -0.23750000
v 0.28750000 -0.01250000 -0.21250000
v 0.31250000 -0.01250000 -0.21250000
v 0.28750000 -0.01250000 -0.18750000
v 0.31250000 -0.01250000 -0.18750000
v 0.28750000 -0.01250000 -0.16250000
v 0.31250000 -0.01250000 -0.16250000
v 0.28750000 -0.01250000 -0.13750000
v 0.31250000 -0.01250000 -0.13750000
v 0.28750000 -0.01250000 -0.11250000
v 0.31250000 -0.01250000 -0.11250000
v 0.28750000 -0.01250000 -0.08750000
v 0.31250000 -0.01250000 -0.08750000
v 0.28750000 -0.01250000 -0.06250000
v 0.31250000 -0.01250000 -0.06250000
v 0.28750000 -0.01250000 -0.03750000
v 0.31250000 -0.01250000 -0.03750000
v 0.28750000 -0.01250000 -0.01250000
v 0.31250000 -0.01250000 -0.01250000
v 0.28750000 -0.01250000 0.01250000
v 0.31250000 -0.01250000 0.01250000
v 0.28750000 -0.01250000 0.03750000
v 0.31250000 -0.01250000 0.03750000
v 0.28750000 -0.01250000 0.06250000
v 0.31250000 -0.01250000 0.06250000
v 0.28750000 -0.01250000 0.08750000
v 0.31250000 -0.01250000 0.08750000
v 0.28750000 -0.01250000 0.11250000
v 0.31250000 -0.01250000 0.11250000
v 0.28750000 -0.01250000 0.13750000
v 0.31250000 -0.01250000 0.13750000
v 0.28750000 -0.01250000 0.16250000
v 0.31250000 -0.01250000 0.16250000
v 0.28750000 -0.01250000 0.18750000
v 0.31250000 -0.01250000 0.18750000
v 0.28750000 -0.01250000 0.21250000
v 0.31250000 -0.01250000 0.21250000
v 0.28750000 -0.01250000 0.23750000
v 0.31250000 -0.01250000 0.23750000
v 0.28750000 -0.01250000 0.26250000
v 0.31250000 -0.01250000 0.26250000
v 0.28750000 -0.01250000 0.28750000
v 0.31250000 -0.01250000 0.28750000
v 0.28750000 -0.01250000 0.31250000
v 0.31250000 -0.01250000 0.31250000
v 0.28750000 -0.01250000 0.33750000
v 0.31250000 -0.01250000 0.33750000
v 0.28750000 -0.01250000 0.36250000
v 0.31250000 -0.01250000 0.36250000
v 0.28750000 -0.01250000 0.38750000
v 0.31250000 -0.01250000 0.38750000
v 0.28750000 -0.01250000 0.41250000
v 0.31250000 -0.01250000 0.41250000
v 0.28750000 -0.01250000 0.43750000
v 0.31250000 -0.01250000 0.43750000
v 0.28750000 -0.01250000 0.46250000
v 0.31250000 -0.01250000 0.46250000
v 0.28750000 -0.01250000 0.48750000
v 0.31250000 -0.01250000 0.48750000
v 0.28750000 -0.01250000 0.51250000
v 0.31250000 -0.01250000 0.51250000
v 0.28750000 -0.01250000 0.53750000
v 0.31250000 -0.01250000 0.53750000
v 0.28750000 -0.01250000 0.56250000
v 0.31250000 -0.01250000 0.56250000
v 0.31250000 -0.01250000 0.58750000
v 0.31250000 -0.01250000 0.61250000
v 0.31250000 0.01250000 -0.61250000
v 0.31250000 0.01250000 -0.58750000
v 0.28750000 0.01250000 -0.56250000
v 0.31250000 0.01250000 -0.56250000
v 0.28750000 0.01250000 -0.53750000
v 0.31250000 0.01250000 -0.53750000
v 0.28750000 0.01250000 -0.51250000
v 0.31250000 0.01250000 -0.51250000
v 0.28750000 0.01250000 -0.48750000
v 0.31250000 0.01250000 -0.48750000
v 0.28750000 0.01250000 -0.46250000
v 0.31250000 0.01250000 -0.46250000
v 0.28750000 0.01250000 -0.43750000
v 0.31250000 0.01250000 -0.43750000
v 0.28750000 0.01250000 -0.41250000
v 0.31250000 0.01250000 -0.41250000
v 0.28750000 0.01250000 -0.38750000
v 0.31250000 0.01250000 -0.38750000
v 0.28750000 0.01250000 -0.36250000
v 0.31250000 0.01250000 -0.36250000
v 0.28750000 0.01250000 -0.33750000
v 0.31250000 0.01250000 -0.33750000
v 0.28750000 0.01250000 -0.31250000
v 0.31250000 0.01250000 -0.31250000
v 0.28750000 0.01250000 -0.28750000
v 0.31250000 0.01250000 -0.28750000
v 0.28750000 0.01250000 -0.26250000
v 0.31250000 0.01250000 -0.26250000
v 0.28750000 0.01250000 -0.23750000
v 0.31250000 0.01250000 -0.23750000
v 0.28750000 0.01250000 -0.21250000
v 0.31250000 0.01250000 -0.21250000
v 0.28750000 0.01250000 -0.18750000
v 0.31250000 0.01250000 -0.18750000
v 0.28750000 0.01250000 -0.16250000
v 0.31250000 0.01250000 -0.16250000
v 0.28750000 0.01250000 -0.13750000
v 0.31250000 0.01250000 -0.13750000
v 0.28750000 0.01250000 -0.11250000
v 0.31250000 0.01250000 -0.11250000
v 0.28750000 0.01250000 -0.08750000
v 0.31250000 0.01250000 -0.08750000
v 0.28750000 0.01250000 -0.06250000
v 0.31250000 0.01250000 -0.06250000
v 0.28750000 0.01250000 -0.03750000
v 0.31250000 0.01250000 -0.03750000
v 0.28750000 0.01250000 -0.01250000
v 0.31250000 0.01250000 -0.01250000
v 0.28750000 0.01250000 0.01250000
v 0.31250000 0.01250000 0.01250000
v 0.28750000 0.01250000 0.03750000
v 0.31250000 0.01250000 0.03750000
v 0.28750000 0.01250000 0.06250000
v 0.31250000 0.01250000 0.06250000
v 0.28750000 0.01250000 0.08750000
v 0.31250000 0.01250000 0.08750000
v 0.28750000 0.01250000 0.11250000
v 0.31250000 0.01250000 0.11250000
v 0.28750000 0.01250000 0.13750000
v 0.31250000 0.01250000 0.13750000
v 0.28750000 0.01250000 0.16250000
v 0.31250000 0.01250000 0.16250000
v 0.28750000 0.01250000 0.18750000
v 0.31250000 0.01250000 0.18750000
v 0.28750000 0.01250000 0.21250000
v 0.31250000 0.01250000 0.21250000
v 0.28750000 0.01250000 0.23750000
v 0.31250000 0.01250000 0.23750000
v 0.28750000 0.01250000 0.26250000
v 0.31250000 0.01250000 0.26250000
v 0.28750000 0.01250000 0.28750000
v 0.31250000 0.01250000 0.28750000
v 0.28750000 0.01250000 0.31250000
v 0.31250000 0.01250000 0.31250000
v 0.28750000 0.01250000 0.33750000
v 0.31250000 0.01250000 0.33750000
v 0.28750000 0.01250000 0.36250000
v 0.31250000 0.01250000 0.36250000
v 0.28750000 0.01250000 0.38750000
v 0.31250000 0.01250000 0.38750000
v 0.28750000 0.01250000 0.41250000
v 0.31250000 0.01250000 0.41250000
v 0.28750000 0.01250000 0.43750000
v 0.31250000 0.01250000 0.43750000
v 0.28750000 0.01250000 0.46250000
v 0.31250000 0.01250000 0.46250000
v 0.28750000 0.01250000 0.48750000
v 0.31250000 0.01250000 0.48750000
v 0.28750000 0.01250000 0.51250000
v 0.31250000 0.01250000 0.51250000
v 0.28750000 0.01250000 0.53750000
v 0.31250000 0.01250000 0.53750000
v 0.28750000 0.01250000 0.56250000
v 0.31250000 0.01250000 0.56250000
v 0.31250000 0.01250000 0.58750000
v 0.31250000 0.01250000 0.61250000
v 0.31250000 0.03750000 -0.61250000
v 0.31250000 0.03750000 -0.58750000
v 0.28750000 0.03750000 -0.56250000
v 0.31250000 0.03750000 -0.56250000
v 0.28750000 0.03750000 -0.53750000
v 0.31250000 0.03750000 -0.53750000
v 0.28750000 0.03750000 -0.51250000
v 0.31250000 0.03750000 -0.51250000
v 0.28750000 0.03750000 -0.48750000
v 0.31250000 0.03750000 -0.48750000
v 0.28750000 0.03750000 -0.46250000
v 0.31250000 0.03750000 -0.46250000
v 0.28750000 0.03750000 -0.43750000
v 0.31250000 0.03750000 -0.43750000
v 0.28750000 0.03750000 -0.41250000
v 0.31250000 0.03750000 -0.41250000
v 0.28750000 0.03750000 -0.38750000
v 0.31250000 0.03750000 -0.38750000
v 0.28750000 0.03750000 -0.36250000
v 0.31250000 0.03750000 -0.36250000
v 0.28750000 0.03750000 -0.33750000
v 0.31250000 0.03750000 -0.33750000
v 0.28750000 0.03750000 -0.31250000
v 0.31250000 0.03750000 -0.31250000
v 0.28750000 0.03750000 -0.28750000
v 0.31250000 0.03750000 -0.28750000
v 0.28750000 0.03750000 -0.26250000
v 0.31250000 0.03750000 -0.26250000
v 0.28750000 0.03750000 -0.23750000
v 0.31250000 0.03750000 -0.23750000
v 0.28750000 0.03750000 -0.21250000
v 0.31250000 0.03750000 -0.21250000
v 0.28750000 0.03750000 -0.18750000
v 0.31250000 0.03750000 -0.18750000
v 0.28750000 0.03750000 -0.16250000
v 0.31250000 0.03750000 -0.16250000
v 0.28750000 0.03750000 -0.13750000
v 0.31250000 0.03750000 -0.13750000
v 0.28750000 0.03750000 -0.11250000
v 0.31250000 0.03750000 -0.11250000
v 0.28750000 0.03750000 -0.08750000
v 0.31250000 0.03750000 -0.08750000
v 0.28750000 0.03750000 -0.06250000
v 0.31250000 0.03750000 -0.06250000
v 0.28750000 0.03750000 -0.03750000
v 0.31250000 0.03750000 -0.03750000
v 0.28750000 0.03750000 -0.01250000
v 0.31250000 0.03750000 -0.01250000
v 0.28750000 0.03750000 0.01250000
v 0.31250000 0.03750000 0.01250000
v 0.28750000 0.03750000 0.03750000
v 0.31250000 0.03750000 0.03750000
v 0.28750000 0.03750000 0.06250000
v 0.31250000 0.03750000 0.06250000
v 0.28750000 0.03750000 0.08750000
v 0.31250000 0.03750000 0.08750000
v 0.28750000 0.03750000 0.11250000
v 0.31250000 0.03750000 0.11250000
v 0.28750000 0.03750000 0.13750000
v 0.31250000 0.03750000 0.13750000
v 0.28750000 0.03750000 0.16250000
v 0.31250000 0.03750000 0.16250000
v 0.28750000 0.03750000 0.18750000
v 0.31250000 0.03750000 0.18750000
v 0.28750000 0.03750000 0.21250000
v 0.31250000 0.03750000 0.21250000
v 0.28750000 0.03750000 0.23750000
v 0.31250000 0.03750000 0.23750000
v 0.28750000 0.03750000 0.26250000
v 0.31250000 0.03750000 0.26250000
v 0.28750000 0.03750000 0.28750000
v 0.31250000 0.03750000 0.28750000
v 0.28750000 0.03750000 0.31250000
v 0.31250000 0.03750000 0.31250000
v 0.28750000 0.03750000 0.33750000
v 0.31250000 0.03750000 0.33750000
v 0.28750000 0.03750000 0.36250000
v 0.31250000 0.03750000 0.36250000
v 0.28750000 0.03750000 0.38750000
v 0.31250000 0.03750000 0.38750000
v 0.28750000 0.03750000 0.41250000
v 0.31250000 0.03750000 0.41250000
v 0.28750000 0.03750000 0.43750000
v 0.31250000 0.03750000 0.43750000
v 0.28750000 0.03750000 0.46250000
v 0.31250000 0.03750000 0.46250000
v 0.28750000 0.03750000 0.48750000
v 0.31250000 0.03750000 0.48750000
v 0.28750000 0.03750000 0.51250000
v 0.31250000 0.03750000 0.51250000
v 0.28750000 0.03750000 0.53750000
v 0.31250000 0.03750000 0.53750000
v 0.28750000 0.03750000 0.56250000
v 0.31250000 0.03750000 0.56250000
v 0.31250000 0.03750000 0.58750000
v 0.31250000 0.03750000 0.61250000
v 0.31250000 0.06250000 -0.61250000
v 0.31250000 0.06250000 -0.58750000
v 0.28750000 0.06250000 -0.56250000
v 0.31250000 0.06250000 -0.56250000
v 0.28750000 0.06250000 -0.53750000
v 0.31250000 0.06250000 -0.53750000
v 0.28750000 0.06250000 -0.51250000
v 0.31250000 0.06250000 -0.51250000
v 0.28750000 0.06250000 -0.48750000
v 0.31250000 0.06250000 -0.48750000
v 0.28750000 0.06250000 -0.46250000
v 0.31250000 0.06250000 -0.46250000
v 0.28750000 0.06250000 -0.43750000
v 0.31250000 0.06250000 -0.43750000
v 0.28750000 0.06250000 -0.41250000
v 0.31250000 0.06250000 -0.41250000
v 0.28750000 0.06250000 -0.38750000
v 0.31250000 0.06250000 -0.38750000
v 0.28750000 0.06250000 -0.36250000
v 0.31250000 0.06250000 -0.36250000
v 0.28750000 0.06250000 -0.33750000
v 0.31250000 0.06250000 -0.33750000
v 0.28750000 0.06250000 -0.31250000
v 0.31250000 0.06250000 -0.31250000
v 0.28750000 0.06250000 -0.28750000
v 0.31250000 0.06250000 -0.28750000
v 0.28750000 0.06250000 -0.26250000
v 0.31250000 0.06250000 -0.26250000
v 0.28750000 0.06250000 -0.23750000
v 0.31250000 0.06250000 -0.23750000
v 0.28750000 0.06250000 -0.21250000
v 0.31250000 0.06250000 -0.21250000
v 0.28750000 0.06250000 -0.18750000
v 0.31250000 0.06250000 -0.18750000
v 0.28750000 0.06250000 -0.16250000
v 0.31250000 0.06250000 -0.16250000
v 0.28750000 0.06250000 -0.13750000
v 0.31250000 0.06250000 -0.13750000
v 0.28750000 0.06250000 -0.11250000
v 0.31250000 0.06250000 -0.11250000
v 0.28750000 0.06250000 -0.08750000
v 0.31250000 0.06250000 -0.08750000
v 0.28750000 0.06250000 -0.06250000
v 0.31250000 0.06250000 -0.06250000
v 0.28750000 0.06250000 -0.03750000
v 0.31250000 0.06250000 -0.03750000
v 0.28750000 0.06250000 -0.01250000
v 0.31250000 0.06250000 -0.01250000
v 0.28750000 0.06250000 0.01250000
v 0.31250000 0.06250000 0.01250000
v 0.28750000 0.06250000 0.03750000
v 0.31250000 0.06250000 0.03750000
v 0.28750000 0.06250000 0.06250000
v 0.31250000 0.06250000 0.06250000
v 0.28750000 0.06250000 0.08750000
v 0.31250000 0.06250000 0.08750000
v 0.28750000 0.06250000 0.11250000
v 0.31250000 0.06250000 0.11250000
v 0.28750000 0.06250000 0.13750000
v 0.31250000 0.06250000 0.13750000
v 0.28750000 0.06250000 0.16250000
v 0.31250000 0.06250000 0.16250000
v 0.28750000 0.06250000 0.18750000
v 0.31250000 0.06250000 0.18750000
v 0.28750000 0.06250000 0.21250000
v 0.31250000 0.06250000 0.21250000
v 0.28750000 0.06250000 0.23750000
v 0.31250000 0.06250000 0.23750000
v 0.28750000 0.06250000 0.26250000
v 0.31250000 0.06250000 0.26250000
v 0.28750000 0.06250000 0.28750000
v 0.31250000 0.06250000 0.28750000
v 0.28750000 0.06250000 0.31250000
v 0.31250000 0.06250000 0.31250000
v 0.28750000 0.06250000 0.33750000
v 0.31250000 0.06250000 0.33750000
v 0.28750000 0.06250000 0.36250000
v 0.31250000 0.06250000 0.36250000
v 0.28750000 0.06250000 0.38750000
v 0.31250000 0.06250000 0.38750000
v 0.28750000 0.06250000 0.41250000
v 0.31250000 0.06250000 0.41250000
v 0.28750000 0.06250000 0.43750000
v 0.31250000 0.06250000 0.43750000
v 0.28750000 0.06250000 0.46250000
v 0.31250000 0.06250000 0.46250000
v 0.28750000 0.06250000 0.48750000
v 0.31250000 0.06250000 0.48750000
v 0.28750000 0.06250000 0.51250000
v 0.31250000 0.06250000 0.51250000
v 0.28750000 0.06250000 0.53750000
v 0.31250000 0.06250000 0.53750000
v 0.28750000 0.06250000 0.56250000
v 0.31250000 0.06250000 0.56250000
v 0.31250000 0.06250000 0.58750000
v 0.31250000 0.06250000 0.61250000
v 0.31250000 0.08750000 -0.61250000
v 0.31250000 0.08750000 -0.58750000
v 0.28750000 0.08750000 -0.56250000
v 0.31250000 0.08750000 -0.56250000
v 0.28750000 0.08750000 -0.53750000
v 0.31250000 0.08750000 -0.53750000
v 0.28750000 0.08750000 -0.51250000
v 0.31250000 0.08750000 -0.51250000
v 0.28750000 0.08750000 -0.48750000
v 0.31250000 0.08750000 -0.48750000
v 0.28750000 0.08750000 -0.46250000
v 0.31250000 0.08750000 -0.46250000
v 0.28750000 0.08750000 -0.43750000
v 0.31250000 0.08750000 -0.43750000
v 0.28750000 0.08750000 -0.41250000
v 0.31250000 0.08750000 -0.41250000
v 0.28750000 0.08750000 -0.38750000
v 0.31250000 0.08750000 -0.38750000
v 0.28750000 0.08750000 -0.36250000
v 0.31250000 0.08750000 -0.36250000
v 0.28750000 0.08750000 -0.33750000
v 0.31250000 0.08750000 -0.33750000
v 0.28750000 0.08750000 -0.31250000
v 0.31250000 0.08750000 -0.31250000
v 0.28750000 0.08750000 -0.28750000
v 0.31250000 0.08750000 -0.28750000
v 0.28750000 0.08750000 -0.26250000
v 0.31250000 0.08750000 -0.26250000
v 0.28750000 0.08750000 -0.23750000
v 0.31250000 0.08750000 -0.23750000
v 0.28750000 0.08750000 -0.21250000
v 0.31250000 0.08750000 -0.21250000
v 0.28750000 0.08750000 -0.18750000
v 0.31250000 0.08750000 -0.18750000
v 0.28750000 0.08750000 -0.16250000
v 0.31250000 0.08750000 -0.16250000
v 0.28750000 0.08750000 -0.13750000
v 0.31250000 0.08750000 -0.13750000
v 0.28750000 0.08750000 -0.11250000
v 0.31250000 0.08750000 -0.11250000
v 0.28750000 0.08750000 -0.08750000
v 0.31250000 0.08750000 -0.08750000
v 0.28750000 0.08750000 -0.06250000
v 0.31250000 0.08750000 -0.06250000
v 0.28750000 0.08750000 -0.03750000
v 0.31250000 0.08750000 -0.03750000
v 0.28750000 0.08750000 -0.01250000
v 0.31250000 0.08750000 -0.01250000
v 0.28750000 0.08750000 0.01250000
v 0.31250000 0.08750000 0.01250000
v 0.28750000 0.08750000 0.03750000
v 0.31250000 0.08750000 0.03750000
v 0.28750000 0.08750000 0.06250000
v 0.31250000 0.08750000 0.06250000
v 0.28750000 0.08750000 0.08750000
v 0.31250000 0.08750000 0.08750000
v 0.28750000 0.08750000 0.11250000
v 0.31250000 0.08750000 0.11250000
v 0.28750000 0.08750000 0.13750000
v 0.31250000 0.08750000 0.13750000
v 0.28750000 0.08750000 0.16250000
v 0.31250000 0.08750000 0.16250000
v 0.28750000 0.08750000 0.18750000
v 0.31250000 0.08750000 0.18750000
v 0.28750000 0.08750000 0.21250000
v 0.31250000 0.08750000 0.21250000
v 0.28750000 0.08750000 0.23750000
v 0.31250000 0.08750000 0.23750000
v 0.28750000 0.08750000 0.26250000
v 0.31250000 0.08750000 0.26250000
v 0.28750000 0.08750000 0.28750000
v 0.31250000 0.08750000 0.28750000
v 0.28750000 0.08750000 0.31250000
v 0.31250000 0.08750000 0.31250000
v 0.28750000 0.08750000 0.33750000
v 0.31250000 0.08750000 0.33750000
v 0.28750000 0.08750000 0.36250000
v 0.31250000 0.08750000 0.36250000
v 0.28750000 0.08750000 0.38750000
v 0.31250000 0.08750000 0.38750000
v 0.28750000 0.08750000 0.41250000
v 0.31250000 0.08750000 0.41250000
v 0.28750000 0.08750000 0.43750000
v 0.31250000 0.08750000 0.43750000
v 0.28750000 0.08750000 0.46250000
v 0.31250000 0.08750000 0.46250000
v 0.28750000 0.08750000 0.48750000
v 0.31250000 0.08750000 0.48750000
v 0.28750000 0.08750000 0.51250000
v 0.31250000 0.08750000 0.51250000
v 0.28750000 0.08750000 0.53750000
v 0.31250000 0.08750000 0.53750000
v 0.28750000 0.08750000 0.56250000
v 0.31250000 0.08750000 0.56250000
v 0.31250000 0.08750000 0.58750000
v 0.31250000 0.08750000 0.61250000
v 0.31250000 0.11250000 -0.61250000
v 0.31250000 0.11250000 -0.58750000
v 0.28750000 0.11250000 -0.56250000
v 0.31250000 0.11250000 -0.56250000
v 0.28750000 0.11250000 -0.53750000
v 0.31250000 0.11250000 -0.53750000
v 0.28750000 0.11250000 -0.51250000
v 0.31250000 0.11250000 -0.51250000
v 0.28750000 0.11250000 -0.48750000
v 0.31250000 0.11250000 -0.48750000
v 0.28750000 0.11250000 -0.46250000
v 0.31250000 0.11250000 -0.46250000
v 0.28750000 0.11250000 -0.43750000
v 0.31250000 0.11250000 -0.43750000
v 0.28750000 0.11250000 -0.41250000
v 0.31250000 0.11250000 -0.41250000
v 0.28750000 0.11250000 -0.38750000
v 0.31250000 0.11250000 -0.38750000
v 0.28750000 0.11250000 -0.36250000
v 0.31250000 0.11250000 -0.36250000
v 0.28750000 0.11250000 -0.33750000
v 0.31250000 0.11250000 -0.33750000
v 0.28750000 0.11250000 -0.31250000
v 0.31250000 0.11250000 -0.31250000
v 0.28750000 0.11250000 -0.28750000
v 0.31250000 0.11250000 -0.28750000
v 0.28750000 0.11250000 -0.26250000
v 0.31250000 0.11250000 -0.26250000
v 0.28750000 0.11250000 -0.23750000
v 0.31250000 0.11250000 -0.23750000
v 0.28750000 0.11250000 -0.21250000
v 0.31250000 0.11250000 -0.21250000
v 0.28750000 0.11250000 -0.18750000
v 0.31250000 0.11250000 -0.18750000
v 0.28750000 0.11250000 -0.16250000
v 0.31250000 0.11250000 -0.16250000
v 0.28750000 0.11250000 -0.13750000
v 0.31250000 0.11250000 -0.13750000
v 0.28750000 0.11250000 -0.11250000
v 0.31250000 0.11250000 -0.11250000
v 0.28750000 0.11250000 -0.08750000
v 0.31250000 0.11250000 -0.08750000
v 0.28750000 0.11250000 -0.06250000
v 0.31250000 0.11250000 -0.06250000
v 0.28750000 0.11250000 -0.03750000
v 0.31250000 0.11250000 -0.03750000
v 0.28750000 0.11250000 -0.01250000
v 0.31250000 0.11250000 -0.01250000
v 0.28750000 0.11250000 0.01250000
v 0.31250000 0.11250000 0.01250000
v 0.28750000 0.11250000 0.03750000
v 0.31250000 0.11250000 0.03750000
v 0.28750000 0.11250000 0.06250000
v 0.31250000 0.11250000 0.06250000
v 0.28750000 0.11250000 0.08750000
v 0.31250000 0.11250000 0.08750000
v 0.28750000 0.11250000 0.11250000
v 0.31250000 0.11250000 0.11250000
v 0.28750000 0.11250000 0.13750000
v 0.31250000 0.11250000 0.13750000
v 0.28750000 0.11250000 0.16250000
v 0.31250000 0.11250000 0.16250000
v 0.28750000 0.11250000 0.18750000
v 0.31250000 0.11250000 0.18750000
v 0.28750000 0.11250000 0.21250000
v 0.31250000 0.11250000 0.21250000
v 0.28750000 0.11250000 0.23750000
v 0.31250000 0.11250000 0.23750000
v 0.28750000 0.11250000 0.26250000
v 0.31250000 0.11250000 0.26250000
v 0.28750000 0.11250000 0.28750000
v 0.31250000 0.11250000 0.28750000
v 0.28750000 0.11250000 0.31250000
v 0.31250000 0.11250000 0.31250000
v 0.28750000 0.11250000 0.33750000
v 0.31250000 0.11250000 0.33750000
v 0.28750000 0.11250000 0.36250000
v 0.31250000 0.11250000 0.36250000
v 0.28750000 0.11250000 0.38750000
v 0.31250000 0.11250000 0.38750000
v 0.28750000 0.11250000 0.41250000
v 0.31250000 0.11250000 0.41250000
v 0.28750000 0.11250000 0.43750000
v 0.31250000 0.11250000 0.43750000
v 0.28750000 0.11250000 0.46250000
v 0.31250000 0.11250000 0.46250000
v 0.28750000 0.11250000 0.48750000
v 0.31250000 0.11250000 0.48750000
v 0.28750000 0.11250000 0.51250000
v 0.31250000 0.11250000 0.51250000
v 0.28750000 0.11250000 0.53750000
v 0.31250000 0.11250000 0.53750000
v 0.28750000 0.11250000 0.56250000
v 0.31250000 0.11250000 0.56250000
v 0.31250000 0.11250000 0.58750000
v 0.31250000 0.11250000 0.61250000
v 0.31250000 0.13750000 -0.61250000
v 0.31250000 0.13750000 -0.58750000
v 0.28750000 0.13750000 -0.56250000
v 0.31250000 0.13750000 -0.56250000
v 0.28750000 0.13750000 -0.53750000
v 0.31250000 0.13750000 -0.53750000
v 0.28750000 0.13750000 -0.51250000
v 0.31250000 0.13750000 -0.51250000
v 0.28750000 0.13750000 -0.48750000
v 0.31250000 0.13750000 -0.48750000
v 0.28750000 0.13750000 -0.46250000
v 0.31250000 0.13750000 -0.46250000
v 0.28750000 0.13750000 -0.43750000
v 0.31250000 0.13750000 -0.43750000
v 0.28750000 0.13750000 -0.41250000
v 0.31250000 0.13750000 -0.41250000
v 0.28750000 0.13750000 -0.38750000
v 0.31250000 0.13750000 -0.38750000
v 0.28750000 0.13750000 -0.36250000
v 0.31250000 0.13750000 -0.36250000
v 0.28750000 0.13750000 -0.33750000
v 0.31250000 0.13750000 -0.33750000
v 0.28750000 0.13750000 -0.31250000
v 0.31250000 0.13750000 -0.31250000
v 0.28750000 0.13750000 -0.28750000
v 0.31250000 0.13750000 -0.28750000
v 0.28750000 0.13750000 -0.26250000
v 0.31250000 0.13750000 -0.26250000
v 0.28750000 0.13750000 -0.23750000
v 0.31250000 0.13750000 -0.23750000
v 0.28750000 0.13750000 -0.21250000
v 0.31250000 0.13750000 -0.21250000
v 0.28750000 0.13750000 -0.18750000
v 0.31250000 0.13750000 -0.18750000
v 0.28750000 0.13750000 -0.16250000
v 0.31250000 0.13750000 -0.16250000
v 0.28750000 0.13750000 -0.13750000
v 0.31250000 0.13750000 -0.13750000
v 0.28750000 0.13750000 -0.11250000
v 0.31250000 0.13750000 -0.11250000
v 0.28750000 0.13750000 -0.08750000
v 0.31250000 0.13750000 -0.08750000
v 0.28750000 0.13750000 -0.06250000
v 0.31250000 0.13750000 -0.06250000
v 0.28750000 0.13750000 -0.03750000
v 0.31250000 0.13750000 -0.03750000
v 0.28750000 0.13750000 -0.01250000
v 0.31250000 0.13750000 -0.01250000
v 0.28750000 0.13750000 0.01250000
v 0.31250000 0.13750000 0.01250000
v 0.28750000 0.13750000 0.03750000
v 0.31250000 0.13750000 0.03750000
v 0.28750000 0.13750000 0.06250000
v 0.31250000 0.13750000 0.06250000
v 0.28750000 0.13750000 0.08750000
v 0.31250000 0.13750000 0.08750000
v 0.28750000 0.13750000 0.11250000
v 0.31250000 0.13750000 0.11250000
v 0.28750000 0.13750000 0.13750000
v 0.31250000 0.13750000 0.13750000
v 0.28750000 0.13750000 0.16250000
v 0.31250000 0.13750000 0.16250000
v 0.28750000 0.13750000 0.18750000
v 0.31250000 0.13750000 0.18750000
v 0.28750000 0.13750000 0.21250000
v 0.31250000 0.13750000 0.21250000
v 0.28750000 0.13750000 0.23750000
v 0.31250000 0.13750000 0.23750000
v 0.28750000 0.13750000 0.26250000
v 0.31250000 0.13750000 0.26250000
v 0.28750000 0.13750000 0.28750000
v 0.31250000 0.13750000 0.28750000
v 0.28750000 0.13750000 0.31250000
v 0.31250000 0.13750000 0.31250000
v 0.28750000 0.13750000 0.33750000
v 0.31250000 0.13750000 0.33750000
v 0.28750000 0.13750000 0.36250000
v 0.31250000 0.13750000 0.36250000
v 0.28750000 0.13750000 0.38750000
v 0.31250000 0.13750000 0.38750000
v 0.28750000 0.13750000 0.41250000
v 0.31250000 0.13750000 0.41250000
v 0.28750000 0.13750000 0.43750000
v 0.31250000 0.13750000 0.43750000
v 0.28750000 0.13750000 0.46250000
v 0.31250000 0.13750000 0.46250000
v 0.28750000 0.13750000 0.48750000
v 0.31250000 0.13750000 0.48750000
v 0.28750000 0.13750000 0.51250000
v 0.31250000 0.13750000 0.51250000
v 0.28750000 0.13750000 0.53750000
v 0.31250000 0.13750000 0.53750000
v 0.28750000 0.13750000 0.56250000
v 0.31250000 0.13750000 0.56250000
v 0.31250000 0.13750000 0.58750000
v 0.31250000 0.13750000 0.61250000
v 0.31250000 0.16250000 -0.61250000
v 0.31250000 0.16250000 -0.58750000
v 0.28750000 0.16250000 -0.56250000
v 0.31250000 0.16250000 -0.56250000
v 0.28750000 0.16250000 -0.53750000
v 0.31250000 0.16250000 -0.53750000
v 0.28750000 0.16250000 -0.51250000
v 0.31250000 0.16250000 -0.51250000
v 0.28750000 0.16250000 -0.48750000
v 0.31250000 0.16250000 -0.48750000
v 0.28750000 0.16250000 -0.46250000
v 0.31250000 0.16250000 -0.46250000
v 0.28750000 0.16250000 -0.43750000
v 0.31250000 0.16250000 -0.43750000
v 0.28750000 0.16250000 -0.41250000
v 0.31250000 0.16250000 -0.41250000
v 0.28750000 0.16250000 -0.38750000
v 0.31250000 0.16250000 -0.38750000
v 0.28750000 0.16250000 -0.36250000
v 0.31250000 0.16250000 -0.36250000
v 0.28750000 0.16250000 -0.33750000
v 0.31250000 0.16250000 -0.33750000
v 0.28750000 0.16250000 -0.31250000
v 0.31250000 0.16250000 -0.31250000
v 0.28750000 0.16250000 -0.28750000
v 0.31250000 0.16250000 -0.28750000
v 0.28750000 0.16250000 -0.26250000
v 0.31250000 0.16250000 -0.26250000
v 0.28750000 0.16250000 -0.23750000
v 0.31250000 0.16250000 -0.23750000
v 0.28750000 0.16250000 -0.21250000
v 0.31250000 0.16250000 -0.21250000
v 0.28750000 0.16250000 -0.18750000
v 0.31250000 0.16250000 -0.18750000
v 0.28750000 0.16250000 -0.16250000
v 0.31250000 0.16250000 -0.16250000
v 0.28750000 0.16250000 -0.13750000
v 0.31250000 0.16250000 -0.13750000
v 0.28750000 0.16250000 -0.11250000
v 0.31250000 0.16250000 -0.11250000
v 0.28750000 0.16250000 -0.08750000
v 0.31250000 0.16250000 -0.08750000
v 0.28750000 0.16250000 -0.06250000
v 0.31250000 0.16250000 -0.06250000
v 0.28750000 0.16250000 -0.03750000
v 0.31250000 0.16250000 -0.03750000
v 0.28750000 0.16250000 -0.01250000
v 0.31250000 0.16250000 -0.01250000
v 0.28750000 0.16250000 0.01250000
v 0.31250000 0.16250000 0.01250000
v 0.28750000 0.16250000 0.03750000
v 0.31250000 0.16250000 0.03750000
v 0.28750000 0.16250000 0.06250000
v 0.31250000 0.16250000 0.06250000
v 0.28750000 0.16250000 0.08750000
v 0.31250000 0.16250000 0.08750000
v 0.28750000 0.16250000 0.11250000
v 0.31250000 0.16250000 0.11250000
v 0.28750000 0.16250000 0.13750000
v 0.31250000 0.16250000 0.13750000
v 0.28750000 0.16250000 0.16250000
v 0.31250000 0.16250000 0.16250000
v 0.28750000 0.16250000 0.18750000
v 0.31250000 0.16250000 0.18750000
v 0.28750000 0.16250000 0.21250000
v 0.31250000 0.16250000 0.21250000
v 0.28750000 0.16250000 0.23750000
v 0.31250000 0.16250000 0.23750000
v 0.28750000 0.16250000 0.26250000
v 0.31250000 0.16250000 0.26250000
v 0.28750000 0.16250000 0.28750000
v 0.31250000 0.16250000 0.28750000
v 0.28750000 0.16250000 0.31250000
v 0.31250000 0.16250000 0.31250000
v 0.28750000 0.16250000 0.33750000
v 0.31250000 0.16250000 0.33750000
v 0.28750000 0.16250000 0.36250000
v 0.31250000 0.16250000 0.36250000
v 0.28750000 0.16250000 0.38750000
v 0.31250000 0.16250000 0.38750000
v 0.28750000 0.16250000 0.41250000
v 0.31250000 0.16250000 0.41250000
v 0.28750000 0.16250000 0.43750000
v 0.31250000 0.16250000 0.43750000
v 0.28750000 0.16250000 0.46250000
v 0.31250000 0.16250000 0.46250000
v 0.28750000 0.16250000 0.48750000
v 0.31250000 0.16250000 0.48750000
v 0.28750000 0.16250000 0.51250000
v 0.31250000 0.16250000 0.51250000
v 0.28750000 0.16250000 0.53750000
v 0.31250000 0.16250000 0.53750000
v 0.28750000 0.16250000 0.56250000
v 0.31250000 0.16250000 0.56250000
v 0.31250000 0.16250000 0.58750000
v 0.31250000 0.16250000 0.61250000
v 0.31250000 0.18750000 -0.61250000
v 0.31250000 0.18750000 -0.58750000
v 0.28750000 0.18750000 -0.56250000
v 0.31250000 0.18750000 -0.56250000
v 0.28750000 0.18750000 -0.53750000
v 0.31250000 0.18750000 -0.53750000
v 0.28750000 0.18750000 -0.51250000
v 0.31250000 0.18750000 -0.51250000
v 0.28750000 0.18750000 -0.48750000
v 0.31250000 0.18750000 -0.48750000
v 0.28750000 0.18750000 -0.46250000
v 0.31250000 0.18750000 -0.46250000
v 0.28750000 0.18750000 -0.43750000
v 0.31250000 0.18750000 -0.43750000
v 0.28750000 0.18750000 -0.41250000
v 0.31250000 0.18750000 -0.41250000
v 0.28750000 0.18750000 -0.38750000
v 0.31250000 0.18750000 -0.38750000
v 0.28750000 0.18750000 -0.36250000
v 0.31250000 0.18750000 -0.36250000
v 0.28750000 0.18750000 -0.33750000
v 0.31250000 0.18750000 -0.33750000
v 0.28750000 0.18750000 -0.31250000
v 0.31250000 0.18750000 -0.31250000
v 0.28750000 0.18750000 -0.28750000
v 0.31250000 0.18750000 -0.28750000
v 0.28750000 0.18750000 -0.26250000
v 0.31250000 0.18750000 -0.26250000
v 0.28750000 0.18750000 -0.23750000
v 0.31250000 0.18750000 -0.23750000
v 0.28750000 0.18750000 -0.21250000
v 0.31250000 0.18750000 -0.21250000
v 0.28750000 0.18750000 -0.18750000
v 0.31250000 0.18750000 -0.18750000
v 0.28750000 0.18750000 -0.16250000
v 0.31250000 0.18750000 -0.16250000
v 0.28750000 0.18750000 -0.13750000
v 0.31250000 0.18750000 -0.13750000
v 0.28750000 0.18750000 -0.11250000
v 0.31250000 0.18750000 -0.11250000
v 0.28750000 0.18750000 -0.08750000
v 0.31250000 0.18750000 -0.08750000
v 0.28750000 0.18750000 -0.06250000
v 0.31250000 0.18750000 -0.06250000
v 0.28750000 0.18750000 -0.03750000
v 0.31250000 0.18750000 -0.03750000
v 0.28750000 0.18750000 -0.01250000
v 0.31250000 0.18750000 -0.01250000
v 0.28750000 0.18750000 0.01250000
v 0.31250000 0.18750000 0.01250000
v 0.28750000 0.18750000 0.03750000
v 0.31250000 0.18750000 0.03750000
v 0.28750000 0.18750000 0.06250000
v 0.31250000 0.18750000 0.06250000
v 0.28750000 0.18750000 0.08750000
v 0.31250000 0.18750000 0.08750000
v 0.28750000 0.18750000 0.11250000
v 0.31250000 0.18750000 0.11250000
v 0.28750000 0.18750000 0.13750000
v 0.31250000 0.18750000 0.13750000
v 0.28750000 0.18750000 0.16250000
v 0.31250000 0.18750000 0.16250000
v 0.28750000 0.18750000 0.18750000
v 0.31250000 0.18750000 0.18750000
v 0.28750000 0.18750000 0.21250000
v 0.31250000 0.18750000 0.21250000
v 0.28750000 0.18750000 0.23750000
v 0.31250000 0.18750000 0.23750000
v 0.28750000 0.18750000 0.26250000
v 0.31250000 0.18750000 0.26250000
v 0.28750000 0.18750000 0.28750000
v 0.31250000 0.18750000 0.28750000
v 0.28750000 0.18750000 0.31250000
v 0.31250000 0.18750000 0.31250000
v 0.28750000 0.18750000 0.33750000
v 0.31250000 0.18750000 0.33750000
v 0.28750000 0.18750000 0.36250000
v 0.31250000 0.18750000 0.36250000
v 0.28750000 0.18750000 0.38750000
v 0.31250000 0.18750000 0.38750000
v 0.28750000 0.18750000 0.41250000
v 0.31250000 0.18750000 0.41250000
v 0.28750000 0.18750000 0.43750000
v 0.31250000 0.18750000 0.43750000
v 0.28750000 0.18750000 0.46250000
v 0.31250000 0.18750000 0.46250000
v 0.28750000 0.18750000 0.48750000
v 0.31250000 0.18750000 0.48750000
v 0.28750000 0.18750000 0.51250000
v 0.31250000 0.18750000 0.51250000
v 0.28750000 0.18750000 0.53750000
v 0.31250000 0.18750000 0.53750000
v 0.28750000 0.18750000 0.56250000
v 0.31250000 0.18750000 0.56250000
v 0.31250000 0.18750000 0.58750000
v 0.31250000 0.18750000 0.61250000
v 0.31250000 0.21250000 -0.61250000
v 0.31250000 0.21250000 -0.58750000
v 0.28750000 0.21250000 -0.56250000
v 0.31250000 0.21250000 -0.56250000
v 0.28750000 0.21250000 -0.53750000
v 0.31250000 0.21250000 -0.53750000
v 0.28750000 0.21250000 -0.51250000
v 0.31250000 0.21250000 -0.51250000
v 0.28750000 0.21250000 -0.48750000
v 0.31250000 0.21250000 -0.48750000
v 0.28750000 0.21250000 -0.46250000
v 0.31250000 0.21250000 -0.46250000
v 0.28750000 0.21250000 -0.43750000
v 0.31250000 0.21250000 -0.43750000
v 0.28750000 0.21250000 -0.41250000
v 0.31250000 0.21250000 -0.41250000
v 0.28750000 0.21250000 -0.38750000
v 0.31250000 0.21250000 -0.38750000
v 0.28750000 0.21250000 -0.36250000
v 0.31250000 0.21250000 -0.36250000
v 0.28750000 0.21250000 -0.33750000
v 0.31250000 0.21250000 -0.33750000
v 0.28750000 0.21250000 -0.31250000
v 0.31250000 0.21250000 -0.31250000
v 0.28750000 0.21250000 -0.28750000
v 0.31250000 0.21250000 -0.28750000
v 0.28750000 0.21250000 -0.26250000
v 0.31250000 0.21250000 -0.26250000
v 0.28750000 0.21250000 -0.23750000
v 0.31250000 0.21250000 -0.23750000
v 0.28750000 0.21250000 -0.21250000
v 0.31250000 0.21250000 -0.21250000
v 0.28750000 0.21250000 -0.18750000
v 0.31250000 0.21250000 -0.18750000
v 0.28750000 0.21250000 -0.16250000
v 0.31250000 0.21250000 -0.16250000
v 0.28750000 0.21250000 -0.13750000
v 0.31250000 0.21250000 -0.13750000
v 0.28750000 0.21250000 -0.11250000
v 0.31250000 0.21250000 -0.11250000
v 0.28750000 0.21250000 -0.08750000
v 0.31250000 0.21250000 -0.08750000
v 0.28750000 0.21250000 -0.06250000
v 0.31250000 0.21250000 -0.06250000
v 0.28750000 0.21250000 -0.03750000
v 0.31250000 0.21250000 -0.03750000
v 0.28750000 0.21250000 -0.01250000
v 0.31250000 0.21250000 -0.01250000
v 0.28750000 0.21250000 0.01250000
v 0.31250000 0.21250000 0.01250000
v 0.28750000 0.21250000 0.03750000
v 0.31250000 0.21250000 0.03750000
v 0.28750000 0.21250000 0.06250000
v 0.31250000 0.21250000 0.06250000
v 0.28750000 0.21250000 0.08750000
v 0.31250000 0.21250000 0.08750000
v 0.28750000 0.21250000 0.11250000
v 0.31250000 0.21250000 0.11250000
v 0.28750000 0.21250000 0.13750000
v 0.31250000 0.21250000 0.13750000
v 0.28750000 0.21250000 0.16250000
v 0.31250000 0.21250000 0.16250000
v 0.28750000 0.21250000 0.18750000
v 0.31250000 0.21250000 0.18750000
v 0.28750000 0.21250000 0.21250000
v 0.31250000 0.21250000 0.21250000
v 0.28750000 0.21250000 0.23750000
v 0.31250000 0.21250000 0.23750000
v 0.28750000 0.21250000 0.26250000
v 0.31250000 0.21250000 0.26250000
v 0.28750000 0.21250000 0.28750000
v 0.31250000 0.21250000 0.28750000
v 0.28750000 0.21250000 0.31250000
v 0.31250000 0.21250000 0.31250000
v 0.28750000 0.21250000 0.33750000
v 0.31250000 0.21250000 0.33750000
v 0.28750000 0.21250000 0.36250000
v 0.31250000 0.21250000 0.36250000
v 0.28750000 0.21250000 0.38750000
v 0.31250000 0.21250000 0.38750000
v 0.28750000 0.21250000 0.41250000
v 0.31250000 0.21250000 0.41250000
v 0.28750000 0.21250000 0.43750000
v 0.31250000 0.21250000 0.43750000
v 0.28750000 0.21250000 0.46250000
v 0.31250000 0.21250000 0.46250000
v 0.28750000 0.21250000 0.48750000
v 0.31250000 0.21250000 0.48750000
v 0.28750000 0.21250000 0.51250000
v 0.31250000 0.21250000 0.51250000
v 0.28750000 0.21250000 0.53750000
v 0.31250000 0.21250000 0.53750000
v 0.28750000 0.21250000 0.56250000
v 0.31250000 0.21250000 0.56250000
v 0.31250000 0.21250000 0.58750000
v 0.31250000 0.21250000 0.61250000
v 0.31250000 0.23750000 -0.61250000
v 0.31250000 0.23750000 -0.58750000
v 0.28750000 0.23750000 -0.56250000
v 0.31250000 0.23750000 -0.56250000
v 0.28750000 0.23750000 -0.53750000
v 0.31250000 0.23750000 -0.53750000
v 0.28750000 0.23750000 -0.51250000
v 0.31250000 0.23750000 -0.51250000
v 0.28750000 0.23750000 -0.48750000
v 0.31250000 0.23750000 -0.48750000
v 0.28750000 0.23750000 -0.46250000
v 0.31250000 0.23750000 -0.46250000
v 0.28750000 0.23750000 -0.43750000
v 0.31250000 0.23750000 -0.43750000
v 0.28750000 0.23750000 -0.41250000
v 0.31250000 0.23750000 -0.41250000
v 0.28750000 0.23750000 -0.38750000
v 0.31250000 0.23750000 -0.38750000
v 0.28750000 0.23750000 -0.36250000
v 0.31250000 0.23750000 -0.36250000
v 0.28750000 0.23750000 -0.33750000
v 0.31250000 0.23750000 -0.33750000
v 0.28750000 0.23750000 -0.31250000
v 0.31250000 0.23750000 -0.31250000
v 0.28750000 0.23750000 -0.28750000
v 0.31250000 0.23750000 -0.28750000
v 0.28750000 0.23750000 -0.26250000
v 0.31250000 0.23750000 -0.26250000
v 0.28750000 0.23750000 -0.23750000
v 0.31250000 0.23750000 -0.23750000
v 0.28750000 0.23750000 -0.21250000
v 0.31250000 0.23750000 -0.21250000
v 0.28750000 0.23750000 -0.18750000
v 0.31250000 0.23750000 -0.18750000
v 0.28750000 0.23750000 -0.16250000
v 0.31250000 0.23750000 -0.16250000
v 0.28750000 0.23750000 -0.13750000
v 0.31250000 0.23750000 -0.13750000
v 0.28750000 0.23750000 -0.11250000
v 0.31250000 0.23750000 -0.11250000
v 0.28750000 0.23750000 -0.08750000
v 0.31250000 0.23750000 -0.08750000
v 0.28750000 0.23750000 -0.06250000
v 0.31250000 0.23750000 -0.06250000
v 0.28750000 0.23750000 -0.03750000
v 0.31250000 0.23750000 -0.03750000
v 0.28750000 0.23750000 -0.01250000
v 0.31250000 0.23750000 -0.01250000
v 0.28750000 0.23750000 0.01250000
v 0.31250000 0.23750000 0.01250000
v 0.28750000 0.23750000 0.03750000
v 0.31250000 0.23750000 0.03750000
v 0.28750000 0.23750000 0.06250000
v 0.31250000 0.23750000 0.06250000
v 0.28750000 0.23750000 0.08750000
v 0.31250000 0.23750000 0.08750000
v 0.28750000 0.23750000 0.11250000
v 0.31250000 0.23750000 0.11250000
v 0.28750000 0.23750000 0.13750000
v 0.31250000 0.23750000 0.13750000
v 0.28750000 0.23750000 0.16250000
v 0.31250000 0.23750000 0.16250000
v 0.28750000 0.23750000 0.18750000
v 0.31250000 0.23750000 0.18750000
v 0.28750000 0.23750000 0.21250000
v 0.31250000 0.23750000 0.21250000
v 0.28750000 0.23750000 0.23750000
v 0.31250000 0.23750000 0.23750000
v 0.28750000 0.23750000 0.26250000
v 0.31250000 0.23750000 0.26250000
v 0.28750000 0.23750000 0.28750000
v 0.31250000 0.23750000 0.28750000
v 0.28750000 0.23750000 0.31250000
v 0.31250000 0.23750000 0.31250000
v 0.28750000 0.23750000 0.33750000
v 0.31250000 0.23750000 0.33750000
v 0.28750000 0.23750000 0.36250000
v 0.31250000 0.23750000 0.36250000
v 0.28750000 0.23750000 0.38750000
v 0.31250000 0.23750000 0.38750000
v 0.28750000 0.23750000 0.41250000
v 0.31250000 0.23750000 0.41250000
v 0.28750000 0.23750000 0.43750000
v 0.31250000 0.23750000 0.43750000
v 0.28750000 0.23750000 0.46250000
v 0.31250000 0.23750000 0.46250000
v 0.28750000 0.23750000 0.48750000
v 0.31250000 0.23750000 0.48750000
v 0.28750000 0.23750000 0.51250000
v 0.31250000 0.23750000 0.51250000
v 0.28750000 0.23750000 0.53750000
v 0.31250000 0.23750000 0.53750000
v 0.28750000 0.23750000 0.56250000
v 0.31250000 0.23750000 0.56250000
v 0.31250000 0.23750000 0.58750000
v 0.31250000 0.23750000 0.61250000
v 0.31250000 0.26250000 -0.61250000
v 0.31250000 0.26250000 -0.58750000
v 0.28750000 0.26250000 -0.56250000
v 0.31250000 0.26250000 -0.56250000
v 0.28750000 0.26250000 -0.53750000
v 0.31250000 0.26250000 -0.53750000
v 0.28750000 0.26250000 -0.51250000
v 0.31250000 0.26250000 -0.51250000
v 0.28750000 0.26250000 -0.48750000
v 0.31250000 0.26250000 -0.48750000
v 0.28750000 0.26250000 -0.46250000
v 0.31250000 0.26250000 -0.46250000
v 0.28750000 0.26250000 -0.43750000
v 0.31250000 0.26250000 -0.43750000
v 0.28750000 0.26250000 -0.41250000
v 0.31250000 0.26250000 -0.41250000
v 0.28750000 0.26250000 -0.38750000
v 0.31250000 0.26250000 -0.38750000
v 0.28750000 0.26250000 -0.36250000
v 0.31250000 0.26250000 -0.36250000
v 0.28750000 0.26250000 -0.33750000
v 0.31250000 0.26250000 -0.33750000
v 0.28750000 0.26250000 -0.31250000
v 0.31250000 0.26250000 -0.31250000
v 0.28750000 0.26250000 -0.28750000
v 0.31250000 0.26250000 -0.28750000
v 0.28750000 0.26250000 -0.26250000
v 0.31250000 0.26250000 -0.26250000
v 0.28750000 0.26250000 -0.23750000
v 0.31250000 0.26250000 -0.23750000
v 0.28750000 0.26250000 -0.21250000
v 0.31250000 0.26250000 -0.21250000
v 0.28750000 0.26250000 -0.18750000
v 0.31250000 0.26250000 -0.18750000
v 0.28750000 0.26250000 -0.16250000
v 0.31250000 0.26250000 -0.16250000
v 0.28750000 0.26250000 -0.13750000
v 0.31250000 0.26250000 -0.13750000
v 0.28750000 0.26250000 -0.11250000
v 0.31250000 0.26250000 -0.11250000
v 0.28750000 0.26250000 -0.08750000
v 0.31250000 0.26250000 -0.08750000
v 0.28750000 0.26250000 -0.06250000
v 0.31250000 0.26250000 -0.06250000
v 0.28750000 0.26250000 -0.03750000
v 0.31250000 0.26250000 -0.03750000
v 0.28750000 0.26250000 -0.01250000
v 0.31250000 0.26250000 -0.01250000
v 0.28750000 0.26250000 0.01250000
v 0.31250000 0.26250000 0.01250000
v 0.28750000 0.26250000 0.03750000
v 0.31250000 0.26250000 0.03750000
v 0.28750000 0.26250000 0.06250000
v 0.31250000 0.26250000 0.06250000
v 0.28750000 0.26250000 0.08750000
v 0.31250000 0.26250000 0.08750000
v 0.28750000 0.26250000 0.11250000
v 0.31250000 0.26250000 0.11250000
v 0.28750000 0.26250000 0.13750000
v 0.31250000 0.26250000 0.13750000
v 0.28750000 0.26250000 0.16250000
v 0.31250000 0.26250000 0.16250000
v 0.28750000 0.26250000 0.18750000
v 0.31250000 0.26250000 0.18750000
v 0.28750000 0.26250000 0.21250000
v 0.31250000 0.26250000 0.21250000
v 0.28750000 0.26250000 0.23750000
v 0.31250000 0.26250000 0.23750000
v 0.28750000 0.26250000 0.26250000
v 0.31250000 0.26250000 0.26250000
v 0.28750000 0.26250000 0.28750000
v 0.31250000 0.26250000 0.28750000
v 0.28750000 0.26250000 0.31250000
v 0.31250000 0.26250000 0.31250000
v 0.28750000 0.26250000 0.33750000
v 0.31250000 0.26250000 0.33750000
v 0.28750000 0.26250000 0.36250000
v 0.31250000 0.26250000 0.36250000
v 0.28750000 0.26250000 0.38750000
v 0.31250000 0.26250000 0.38750000
v 0.28750000 0.26250000 0.41250000
v 0.31250000 0.26250000 0.41250000
v 0.28750000 0.26250000 0.43750000
v 0.31250000 0.26250000 0.43750000
v 0.28750000 0.26250000 0.46250000
v 0.31250000 0.26250000 0.46250000
v 0.28750000 0.26250000 0.48750000
v 0.31250000 0.26250000 0.48750000
v 0.28750000 0.26250000 0.51250000
v 0.31250000 0.26250000 0.51250000
v 0.28750000 0.26250000 0.53750000
v 0.31250000 0.26250000 0.53750000
v 0.28750000 0.26250000 0.56250000
v 0.31250000 0.26250000 0.56250000
v 0.31250000 0.26250000 0.58750000
v 0.31250000 0.26250000 0.61250000
v 0.31250000 0.28750000 -0.61250000
v 0.31250000 0.28750000 -0.58750000
v 0.31250000 0.28750000 -0.56250000
v 0.31250000 0.28750000 -0.53750000
v 0.31250000 0.28750000 -0.51250000
v 0.31250000 0.28750000 -0.48750000
v 0.31250000 0.28750000 -0.46250000
v 0.31250000 0.28750000 -0.43750000
v 0.31250000 0.28750000 -0.41250000
v 0.31250000 0.28750000 -0.38750000
v 0.31250000 0.28750000 -0.36250000
v 0.31250000 0.28750000 -0.33750000
v 0.31250000 0.28750000 -0.31250000
v 0.31250000 0.28750000 -0.28750000
v 0.31250000 0.28750000 -0.26250000
v 0.31250000 0.28750000 -0.23750000
v 0.31250000 0.28750000 -0.21250000
v 0.31250000 0.28750000 -0.18750000
v 0.31250000 0.28750000 -0.16250000
v 0.31250000 0.28750000 -0.13750000
v 0.31250000 0.28750000 -0.11250000
v 0.31250000 0.28750000 -0.08750000
v 0.31250000 0.28750000 -0.06250000
v 0.31250000 0.28750000 -0.03750000
v 0.31250000 0.28750000 -0.01250000
v 0.31250000 0.28750000 0.01250000
v 0.31250000 0.28750000 0.03750000
v 0.31250000 0.28750000 0.06250000
v 0.31250000 0.28750000 0.08750000
v 0.31250000 0.28750000 0.11250000
v 0.31250000 0.28750000 0.13750000
v 0.31250000 0.28750000 0.16250000
v 0.31250000 0.28750000 0.18750000
v 0.31250000 0.28750000 0.21250000
v 0.31250000 0.28750000 0.23750000
v 0.31250000 0.28750000 0.26250000
v 0.31250000 0.28750000 0.28750000
v 0.31250000 0.28750000 0.31250000
v 0.31250000 0.28750000 0.33750000
v 0.31250000 0.28750000 0.36250000
v 0.31250000 0.28750000 0.38750000
v 0.31250000 0.28750000 0.41250000
v 0.31250000 0.28750000 0.43750000
v 0.31250000 0.28750000 0.46250000
v 0.31250000 0.28750000 0.48750000
v 0.31250000 0.28750000 0.51250000
v 0.31250000 0.28750000 0.53750000
v 0.31250000 0.28750000 0.56250000
v 0.31250000 0.28750000 0.58750000
v 0.31250000 0.28750000 0.61250000
v 0.31250000 0.31250000 -0.58750000
v 0.31250000 0.31250000 -0.56250000
v 0.31250000 0.31250000 -0.53750000
v 0.31250000 0.31250000 -0.51250000
v 0.31250000 0.31250000 -0.48750000
v 0.31250000 0.31250000 -0.46250000
v 0.31250000 0.31250000 -0.43750000
v 0.31250000 0.31250000 -0.41250000
v 0.31250000 0.31250000 -0.38750000
v 0.31250000 0.31250000 -0.36250000
v 0.31250000 0.31250000 -0.33750000
v 0.31250000 0.31250000 -0.31250000
v 0.31250000 0.31250000 -0.28750000
v 0.31250000 0.31250000 -0.26250000
v 0.31250000 0.31250000 -0.23750000
v 0.31250000 0.31250000 -0.21250000
v 0.31250000 0.31250000 -0.18750000
v 0.31250000 0.31250000 -0.16250000
v 0.31250000 0.31250000 -0.13750000
v 0.31250000 0.31250000 -0.11250000
v 0.31250000 0.31250000 -0.08750000
v 0.31250000 0.31250000 -0.06250000
v 0.31250000 0.31250000 -0.03750000
v 0.31250000 0.31250000 -0.01250000
v 0.31250000 0.31250000 0.01250000
v 0.31250000 0.31250000 0.03750000
v 0.31250000 0.31250000 0.06250000
v 0.31250000 0.31250000 0.08750000
v 0.31250000 0.31250000 0.11250000
v 0.31250000 0.31250000 0.13750000
v 0.31250000 0.31250000 0.16250000
v 0.31250000 0.31250000 0.18750000
v 0.31250000 0.31250000 0.21250000
v 0.31250000 0.31250000 0.23750000
v 0.31250000 0.31250000 0.26250000
v 0.31250000 0.31250000 0.28750000
v 0.31250000 0.31250000 0.31250000
v 0.31250000 0.31250000 0.33750000
v 0.31250000 0.31250000 0.36250000
v 0.31250000 0.31250000 0.38750000
v 0.31250000 0.31250000 0.41250000
v 0.31250000 0.31250000 0.43750000
v 0.31250000 0.31250000 0.46250000
v 0.31250000 0.31250000 0.48750000
v 0.31250000 0.31250000 0.51250000
v 0.31250000 0.31250000 0.53750000
v 0.31250000 0.31250000 0.56250000
v 0.31250000 0.31250000 0.58750000
v 0.31250000 0.31250000 0.61250000
f 2 4 1
f 5 2 1
f 1 4 3
f 3 5 1
f 6 2 5
f 7 5 3
f 8 9 2
f 6 8 2
f 2 9 4
f 10 8 6
f 11 10 6
f 12 10 11
f 13 14 8
f 10 13 8
f 8 14 9
f 15 13 10
f 12 15 10
f 16 15 12
f 17 18 13
f 15 17 13
f 13 18 14
f 19 17 15
f 16 19 15
f 20 19 16
f 21 22 17
f 19 21 17
f 17 22 18
f 23 21 19
f 20 23 19
f 24 23 20
f 25 26 21
f 23 25 21
f 21 26 22
f 27 25 23
f 24 27 23
f 28 27 24
f 29 30 25
f 27 29 25
f 25 30 26
f 31 29 27
f 28 31 27
f 32 31 28
f 33 34 29
f 31 33 29
f 29 34 30
f 35 33 31
f 32 35 31
f 36 35 32
f 37 38 33
f 35 37 33
f 33 38 34
f 39 37 35
f 36 39 35
f 40 39 36
f 41 42 37
f 39 41 37
f 37 42 38
f 43 41 39
f 40 43 39
f 44 43 40
f 45 46 41
f 43 45 41
f 41 46 42
f 47 45 43
f 44 47 43
f 48 47 44
f 49 50 45
f 47 49 45
f 45 50 46
f 51 49 47
f 48 51 47
f 52 51 48
f 53 54 49
f 51 53 49
f 49 54 50
f 55 53 51
f 52 55 51
f 56 55 52
f 57 58 53
f 55 57 53
f 53 58 54
f 59 57 55
f 56 59 55
f 60 59 56
f 61 62 57
f 59 61 57
f 57 62 58
f 63 61 59
f 60 63 59
f 64 63 60
f 65 66 61
f 63 65 61
f 61 66 62
f 67 65 63
f 64 67 63
f 68 67 64
f 69 70 65
f 67 69 65
f 65 70 66
f 71 69 67
f 68 71 67
f 72 71 68
f 73 74 69
f 71 73 69
f 69 74 70
f 75 73 71
f 72 75 71
f 76 75 72
f 77 78 73
f 75 77 73
f 73 78 74
f 79 77 75
f 76 79 75
f 80 79 76
f 81 82 77
f 79 81 77
f 77 82 78
f 83 81 79
f 80 83 79
f 84 83 80
f 85 86 81
f 83 85 81
f 81 86 82
f 87 85 83
f 84 87 83
f 88 87 84
f 89 90 85
f 87 89 85
f 85 90 86
f 91 89 87
f 88 91 87
f 92 91 88
f 93 94 89
f 91 93 89
f 89 94 90
f 95 93 91
f 92 95 91
f 96 95 92
f 97 98 93
f 95 97 93
f 93 98 94
f 99 97 95
f 96 99 95
f 100 99 96
f 101 102 97
f 99 101 97
f 97 102 98
f 103 101 99
f 100 103 99
f 104 103 100
f 105 106 101
f 103 105 101
f 101 106 102
f 107 105 103
f 104 107 103
f 108 107 104
f 109 110 105
f 107 109 105
f 105 110 106
f 111 109 107
f 108 111 107
f 112 111 108
f 113 114 109
f 111 113 109
f 109 114 110
f 115 113 111
f 112 115 111
f 116 115 112
f 117 118 113
f 115 117 113
f 113 118 114
f 119 117 115
f 116 119 115
f 120 119 116
f 121 122 117
f 119 121 117
f 117 122 118
f 123 121 119
f 120 123 119
f 124 123 120
f 125 126 121
f 123 125 121
f 121 126 122
f 127 125 123
f 124 127 123
f 128 127 124
f 129 130 125
f 127 129 125
f 125 130 126
f 131 129 127
f 128 131 127
f 132 131 128
f 133 134 129
f 131 133 129
f 129 134 130
f 135 133 131
f 132 135 131
f 136 135 132
f 137 138 133
f 135 137 133
f 133 138 134
f 139 137 135
f 136 139 135
f 140 139 136
f 141 142 137
f 139 141 137
f 137 142 138
f 143 141 139
f 140 143 139
f 144 143 140
f 145 146 141
f 143 145 141
f 141 146 142
f 147 145 143
f 144 147 143
f 148 147 144
f 149 150 145
f 147 149 145
f 145 150 146
f 151 149 147
f 148 151 147
f 152 151 148
f 153 154 149
f 151 153 149
f 149 154 150
f 155 153 151
f 152 155 151
f 156 155 152
f 157 158 153
f 155 157 153
f 153 158 154
f 159 157 155
f 156 159 155
f 160 159 156
f 161 162 157
f 159 161 157
f 157 162 158
f 163 161 159
f 160 163 159
f 164 163 160
f 165 166 161
f 163 165 161
f 161 166 162
f 167 165 163
f 164 167 163
f 168 167 164
f 169 170 165
f 167 169 165
f 165 170 166
f 171 169 167
f 168 171 167
f 172 171 168
f 173 174 169
f 171 173 169
f 169 174 170
f 175 173 171
f 172 175 171
f 176 175 172
f 177 178 173
f 175 177 173
f 173 178 174
f 179 177 175
f 176 179 175
f 180 179 176
f 181 182 177
f 179 181 177
f 177 182 178
f 183 181 179
f 180 183 179
f 184 183 180
f 185 186 181
f 183 185 181
f 181 186 182
f 187 185 183
f 184 187 183
f 188 187 184
f 189 190 185
f 187 189 185
f 185 190 186
f 191 189 187
f 188 191 187
f 192 191 188
f 193 194 189
f 191 193 189
f 189 194 190
f 195 193 191
f 192 195 191
f 196 195 192
f 197 198 193
f 195 197 193
f 193 198 194
f 197 200 198
f 199 197 195
f 199 200 197
f 4 202 3
f 3 202 201
f 201 7 3
f 203 7 201
f 9 204 4
f 4 204 202
f 205 12 11
f 206 12 205
f 14 207 9
f 9 207 204
f 206 16 12
f 208 16 206
f 18 209 14
f 14 209 207
f 208 20 16
f 210 20 208
f 22 211 18
f 18 211 209
f 210 24 20
f 212 24 210
f 26 213 22
f 22 213 211
f 212 28 24
f 214 28 212
f 30 215 26
f 26 215 213
f 214 32 28
f 216 32 214
f 34 217 30
f 30 217 215
f 216 36 32
f 218 36 216
f 38 219 34
f 34 219 217
f 218 40 36
f 220 40 218
f 42 221 38
f 38 221 219
f 220 44 40
f 222 44 220
f 46 223 42
f 42 223 221
f 222 48 44
f 224 48 222
f 50 225 46
f 46 225 223
f 224 52 48
f 226 52 224
f 54 227 50
f 50 227 225
f 226 56 52
f 228 56 226
f 58 229 54
f 54 229 227
f 228 60 56
f 230 60 228
f 62 231 58
f 58 231 229
f 230 64 60
f 232 64 230
f 66 233 62
f 62 233 231
f 232 68 64
f 234 68 232
f 70 235 66
f 66 235 233
f 234 72 68
f 236 72 234
f 74 237 70
f 70 237 235
f 236 76 72
f 238 76 236
f 78 239 74
f 74 239 237
f 238 80 76
f 240 80 238
f 82 241 78
f 78 241 239
f 240 84 80
f 242 84 240
f 86 243 82
f 82 243 241
f 242 88 84
f 244 88 242
f 90 245 86
f 86 245 243
f 244 92 88
f 246 92 244
f 94 247 90
f 90 247 245
f 246 96 92
f 248 96 246
f 98 249 94
f 94 249 247
f 248 100 96
f 250 100 248
f 102 251 98
f 98 251 249
f 250 104 100
f 252 104 250
f 106 253 102
f 102 253 251
f 252 108 104
f 254 108 252
f 110 255 106
f 106 255 253
f 254 112 108
f 256 112 254
f 114 257 110
f 110 257 255
f 256 116 112
f 258 116 256
f 118 259 114
f 114 259 257
f 258 120 116
f 260 120 258
f 122 261 118
f 118 261 259
f 260 124 120
f 262 124 260
f 126 263 122
f 122 263 261
f 262 128 124
f 264 128 262
f 130 265 126
f 126 265 263
f 264 132 128
f 266 132 264
f 134 267 130
f 130 267 265
f 266 136 132
f 268 136 266
f 138 269 134
f 134 269 267
f 268 140 136
f 270 140 268
f 142 271 138
f 138 271 269
f 270 144 140
f 272 144 270
f 146 273 142
f 142 273 271
f 272 148 144
f 274 148 272
f 150 275 146
f 146 275 273
f 274 152 148
f 276 152 274
f 154 277 150
f 150 277 275
f 276 156 152
f 278 156 276
f 158 279 154
f 154 279 277
f 278 160 156
f 280 160 278
f 162 281 158
f 158 281 279
f 280 164 160
f 282 164 280
f 166 283 162
f 162 283 281
f 282 168 164
f 284 168 282
f 170 285 166
f 166 285 283
f 284 172 168
f 286 172 284
f 174 287 170
f 170 287 285
f 286 176 172
f 288 176 286
f 178 289 174
f 174 289 287
f 288 180 176
f 290 180 288
f 182 291 178
f 178 291 289
f 290 184 180
f 292 184 290
f 186 293 182
f 182 293 291
f 292 188 184
f 294 188 292
f 190 295 186
f 186 295 293
f 294 192 188
f 296 192 294
f 194 297 190
f 190 297 295
f 296 196 192
f 298 196 296
f 198 299 194
f 194 299 297
f 198 300 299
f 200 300 198
f 202 302 201
f 201 302 301
f 301 203 201
f 303 203 301
f 204 304 202
f 202 304 302
f 305 206 205
f 306 206 305
f 207 307 204
f 204 307 304
f 306 208 206
f 308 208 306
f 209 309 207
f 207 309 307
f 308 210 208
f 310 210 308
f 211 311 209
f 209 311 309
f 310 212 210
f 312 212 310
f 213 313 211
f 211 313 311
f 312 214 212
f 314 214 312
f 215 315 213
f 213 315 313
f 314 216 214
f 316 216 314
f 217 317 215
f 215 317 315
f 316 218 216
f 318 218 316
f 219 319 217
f 217 319 317
f 318 220 218
f 320 220 318
f 221 321 219
f 219 321 319
f 320 222 220
f 322 222 320
f 223 323 221
f 221 323 321
f 322 224 222
f 324 224 322
f 225 325 223
f 223 325 323
f 324 226 224
f 326 226 324
f 227 327 225
f 225 327 325
f 326 228 226
f 328 228 326
f 229 329 227
f 227 329 327
f 328 230 228
f 330 230 328
f 231 331 229
f 229 331 329
f 330 232 230
f 332 232 330
f 233 333 231
f 231 333 331
f 332 234 232
f 334 234 332
f 235 335 233
f 233 335 333
f 334 236 234
f 336 236 334
f 237 337 235
f 235 337 335
f 336 238 236
f 338 238 336
f 239 339 237
f 237 339 337
f 338 240 238
f 340 240 338
f 241 341 239
f 239 341 339
f 340 242 240
f 342 242 340
f 243 343 241
f 241 343 341
f 342 244 242
f 344 244 342
f 245 345 243
f 243 345 343
f 344 246 244
f 346 246 344
f 247 347 245
f 245 347 345
f 346 248 246
f 348 248 346
f 249 349 247
f 247 349 347
f 348 250 248
f 350 250 348
f 251 351 249
f 249 351 349
f 350 252 250
f 352 252 350
f 253 353 251
f 251 353 351
f 352 254 252
f 354 254 352
f 255 355 253
f 253 355 353
f 354 256 254
f 356 256 354
f 257 357 255
f 255 357 355
f 356 258 256
f 358 258 356
f 259 359 257
f 257 359 357
f 358 260 258
f 360 260 358
f 261 361 259
f 259 361 359
f 360 262 260
f 362 262 360
f 263 363 261
f 261 363 361
f 362 264 262
f 364 264 362
f 265 365 263
f 263 365 363
f 364 266 264
f 366 266 364
f 267 367 265
f 265 367 365
f 366 268 266
f 368 268 366
f 269 369 267
f 267 369 367
f 368 270 268
f 370 270 368
f 271 371 269
f 269 371 369
f 370 272 270
f 372 272 370
f 273 373 271
f 271 373 371
f 372 274 272
f 374 274 372
f 275 375 273
f 273 375 373
f 374 276 274
f 376 276 374
f 277 377 275
f 275 377 375
f 376 278 276
f 378 278 376
f 279 379 277
f 277 379 377
f 378 280 278
f 380 280 378
f 281 381 279
f 279 381 379
f 380 282 280
f 382 282 380
f 283 383 281
f 281 383 381
f 382 284 282
f 384 284 382
f 285 385 283
f 283 385 383
f 384 286 284
f 386 286 384
f 287 387 285
f 285 387 385
f 386 288 286
f 388 288 386
f 289 389 287
f 287 389 387
f 388 290 288
f 390 290 388
f 291 391 289
f 289 391 389
f 390 292 290
f 392 292 390
f 293 393 291
f 291 393 391
f 392 294 292
f 394 294 392
f 295 395 293
f 293 395 393
f 394 296 294
f 396 296 394
f 297 397 295
f 295 397 395
f 396 298 296
f 398 298 396
f 299 399 297
f 297 399 397
f 299 400 399
f 300 400 299
f 302 402 301
f 301 402 401
f 401 303 301
f 403 303 401
f 304 404 302
f 302 404 402
f 405 306 305
f 406 306 405
f 307 407 304
f 304 407 404
f 406 308 306
f 408 308 406
f 309 409 307
f 307 409 407
f 408 310 308
f 410 310 408
f 311 411 309
f 309 411 409
f 410 312 310
f 412 312 410
f 313 413 311
f 311 413 411
f 412 314 312
f 414 314 412
f 315 415 313
f 313 415 413
f 414 316 314
f 416 316 414
f 317 417 315
f 315 417 415
f 416 318 316
f 418 318 416
f 319 419 317
f 317 419 417
f 418 320 318
f 420 320 418
f 321 421 319
f 319 421 419
f 420 322 320
f 422 322 420
f 323 423 321
f 321 423 421
f 422 324 322
f 424 324 422
f 325 425 323
f 323 425 423
f 424 326 324
f 426 326 424
f 327 427 325
f 325 427 425
f 426 328 326
f 428 328 426
f 329 429 327
f 327 429 427
f 428 330 328
f 430 330 428
f 331 431 329
f 329 431 429
f 430 332 330
f 432 332 430
f 333 433 331
f 331 433 431
f 432 334 332
f 434 334 432
f 335 435 333
f 333 435 433
f 434 336 334
f 436 336 434
f 337 437 335
f 335 437 435
f 436 338 336
f 438 338 436
f 339 439 337
f 337 439 437
f 438 340 338
f 440 340 438
f 341 441 339
f 339 441 439
f 440 342 340
f 442 342 440
f 343 443 341
f 341 443 441
f 442 344 342
f 444 344 442
f 345 445 343
f 343 445 443
f 444 346 344
f 446 346 444
f 347 447 345
f 345 447 445
f 446 348 346
f 448 348 446
f 349 449 347
f 347 449 447
f 448 350 348
f 450 350 448
f 351 451 349
f 349 451 449
f 450 352 350
f 452 352 450
f 353 453 351
f 351 453 451
f 452 354 352
f 454 354 452
f 355 455 353
f 353 455 453
f 454 356 354
f 456 356 454
f 357 457 355
f 355 457 455
f 456 358 356
f 458 358 456
f 359 459 357
f 357 459 457
f 458 360 358
f 460 360 458
f 361 461 359
f 359 461 459
f 460 362 360
f 462 362 460
f 363 463 361
f 361 463 461
f 462 364 362
f 464 364 462
f 365 465 363
f 363 465 463
f 464 366 364
f 466 366 464
f 367 467 365
f 365 467 465
f 466 368 366
f 468 368 466
f 369 469 367
f 367 469 467
f 468 370 368
f 470 370 468
f 371 471 369
f 369 471 469
f 470 372 370
f 472 372 470
f 373 473 371
f 371 473 471
f 472 374 372
f 474 374 472
f 375 475 373
f 373 475 473
f 474 376 374
f 476 376 474
f 377 477 375
f 375 477 475
f 476 378 376
f 478 378 476
f 379 479 377
f 377 479 477
f 478 380 378
f 480 380 478
f 381 481 379
f 379 481 479
f 480 382 380
f 482 382 480
f 383 483 381
f 381 483 481
f 482 384 382
f 484 384 482
f 385 485 383
f 383 485 483
f 484 386 384
f 486 386 484
f 387 487 385
f 385 487 485
f 486 388 386
f 488 388 486
f 389 489 387
f 387 489 487
f 488 390 388
f 490 390 488
f 391 491 389
f 389 491 489
f 490 392 390
f 492 392 490
f 393 493 391
f 391 493 491
f 492 394 392
f 494 394 492
f 395 495 393
f 393 495 493
f 494 396 394
f 496 396 494
f 397 497 395
f 395 497 495
f 496 398 396
f 498 398 496
f 399 499 397
f 397 499 497
f 399 500 499
f 400 500 399
f 402 502 401
f 401 502 501
f 501 403 401
f 503 403 501
f 404 504 402
f 402 504 502
f 505 406 405
f 506 406 505
f 407 507 404
f 404 507 504
f 506 408 406
f 508 408 506
f 409 509 407
f 407 509 507
f 508 410 408
f 510 410 508
f 411 511 409
f 409 511 509
f 510 412 410
f 512 412 510
f 413 513 411
f 411 513 511
f 512 414 412
f 514 414 512
f 415 515 413
f 413 515 513
f 514 416 414
f 516 416 514
f 417 517 415
f 415 517 515
f 516 418 416
f 518 418 516
f 419 519 417
f 417 519 517
f 518 420 418
f 520 420 518
f 421 521 419
f 419 521 519
f 520 422 420
f 522 422 520
f 423 523 421
f 421 523 521
f 522 424 422
f 524 424 522
f 425 525 423
f 423 525 523
f 524 426 424
f 526 426 524
f 427 527 425
f 425 527 525
f 526 428 426
f 528 428 526
f 429 529 427
f 427 529 527
f 528 430 428
f 530 430 528
f 431 531 429
f 429 531 529
f 530 432 430
f 532 432 530
f 433 533 431
f 431 533 531
f 532 434 432
f 534 434 532
f 435 535 433
f 433 535 533
f 534 436 434
f 536 436 534
f 437 537 435
f 435 537 535
f 536 438 436
f 538 438 536
f 439 539 437
f 437 539 537
f 538 440 438
f 540 440 538
f 441 541 439
f 439 541 539
f 540 442 440
f 542 442 540
f 443 543 441
f 441 543 541
f 542 444 442
f 544 444 542
f 445 545 443
f 443 545 543
f 544 446 444
f 546 446 544
f 447 547 445
f 445 547 545
f 546 448 446
f 548 448 546
f 449 549 447
f 447 549 547
f 548 450 448
f 550 450 548
f 451 551 449
f 449 551 549
f 550 452 450
f 552 452 550
f 453 553 451
f 451 553 551
f 552 454 452
f 554 454 552
f 455 555 453
f 453 555 553
f 554 456 454
f 556 456 554
f 457 557 455
f 455 557 555
f 556 458 456
f 558 458 556
f 459 559 457
f 457 559 557
f 558 460 458
f 560 460 558
f 461 561 459
f 459 561 559
f 560 462 460
f 562 462 560
f 463 563 461
f 461 563 561
f 562 464 462
f 564 464 562
f 465 565 463
f 463 565 563
f 564 466 464
f 566 466 564
f 467 567 465
f 465 567 565
f 566 468 466
f 568 468 566
f 469 569 467
f 467 569 567
f 568 470 468
f 570 470 568
f 471 571 469
f 469 571 569
f 570 472 470
f 572 472 570
f 473 573 471
f 471 573 571
f 572 474 472
f 574 474 572
f 475 575 473
f 473 575 573
f 574 476 474
f 576 476 574
f 477 577 475
f 475 577 575
f 576 478 476
f 578 478 576
f 479 579 477
f 477 579 577
f 578 480 478
f 580 480 578
f 481 581 479
f 479 581 579
f 580 482 480
f 582 482 580
f 483 583 481
f 481 583 581
f 582 484 482
f 584 484 582
f 485 585 483
f 483 585 583
f 584 486 484
f 586 486 584
f 487 587 485
f 485 587 585
f 586 488 486
f 588 488 586
f 489 589 487
f 487 589 587
f 588 490 488
f 590 490 588
f 491 591 489
f 489 591 589
f 590 492 490
f 592 492 590
f 493 593 491
f 491 593 591
f 592 494 492
f 594 494 592
f 495 595 493
f 493 595 593
f 594 496 494
f 596 496 594
f 497 597 495
f 495 597 595
f 596 498 496
f 598 498 596
f 499 599 497
f 497 599 597
f 499 600 599
f 500 600 499
f 502 602 501
f 501 602 601
f 601 503 501
f 603 503 601
f 504 604 502
f 502 604 602
f 605 506 505
f 606 506 605
f 507 607 504
f 504 607 604
f 606 508 506
f 608 508 606
f 509 609 507
f 507 609 607
f 608 510 508
f 610 510 608
f 511 611 509
f 509 611 609
f 610 512 510
f 612 512 610
f 513 613 511
f 511 613 611
f 612 514 512
f 614 514 612
f 515 615 513
f 513 615 613
f 614 516 514
f 616 516 614
f 517 617 515
f 515 617 615
f 616 518 516
f 618 518 616
f 519 619 517
f 517 619 617
f 618 520 518
f 620 520 618
f 521 621 519
f 519 621 619
f 620 522 520
f 622 522 620
f 523 623 521
f 521 623 621
f 622 524 522
f 624 524 622
f 525 625 523
f 523 625 623
f 624 526 524
f 626 526 624
f 527 627 525
f 525 627 625
f 626 528 526
f 628 528 626
f 529 629 527
f 527 629 627
f 628 530 528
f 630 530 628
f 531 631 529
f 529 631 629
f 630 532 530
f 632 532 630
f 533 633 531
f 531 633 631
f 632 534 532
f 634 534 632
f 535 635 533
f 533 635 633
f 634 536 534
f 636 536 634
f 537 637 535
f 535 637 635
f 636 538 536
f 638 538 636
f 539 639 537
f 537 639 637
f 638 540 538
f 640 540 638
f 541 641 539
f 539 641 639
f 640 542 540
f 642 542 640
f 543 643 541
f 541 643 641
f 642 544 542
f 644 544 642
f 545 645 543
f 543 645 643
f 644 546 544
f 646 546 644
f 547 647 545
f 545 647 645
f 646 548 546
f 648 548 646
f 549 649 547
f 547 649 647
f 648 550 548
f 650 550 648
f 551 651 549
f 549 651 649
f 650 552 550
f 652 552 650
f 553 653 551
f 551 653 651
f 652 554 552
f 654 554 652
f 555 655 553
f 553 655 653
f 654 556 554
f 656 556 654
f 557 657 555
f 555 657 655
f 656 558 556
f 658 558 656
f 559 659 557
f 557 659 657
f 658 560 558
f 660 560 658
f 561 661 559
f 559 661 659
f 660 562 560
f 662 562 660
f 563 663 561
f 561 663 661
f 662 564 562
f 664 564 662
f 565 665 563
f 563 665 663
f 664 566 564
f 666 566 664
f 567 667 565
f 565 667 665
f 666 568 566
f 668 568 666
f 569 669 567
f 567 669 667
f 668 570 568
f 670 570 668
f 571 671 569
f 569 671 669
f 670 572 570
f 672 572 670
f 573 673 571
f 571 673 671
f 672 574 572
f 674 574 672
f 575 675 573
f 573 675 673
f 674 576 574
f 676 576 674
f 577 677 575
f 575 677 675
f 676 578 576
f 678 578 676
f 579 679 577
f 577 679 677
f 678 580 578
f 680 580 678
f 581 681 579
f 579 681 679
f 680 582 580
f 682 582 680
f 583 683 581
f 581 683 681
f 682 584 582
f 684 584 682
f 585 685 583
f 583 685 683
f 684 586 584
f 686 586 684
f 587 687 585
f 585 687 685
f 686 588 586
f 688 588 686
f 589 689 587
f 587 689 687
f 688 590 588
f 690 590 688
f 591 691 589
f 589 691 689
f 690 592 590
f 692 592 690
f 593 693 591
f 591 693 691
f 692 594 592
f 694 594 692
f 595 695 593
f 593 695 693
f 694 596 594
f 696 596 694
f 597 697 595
f 595 697 695
f 696 598 596
f 698 598 696
f 599 699 597
f 597 699 697
f 599 700 699
f 600 700 599
f 602 702 601
f 601 702 701
f 701 603 601
f 703 603 701
f 604 704 602
f 602 704 702
f 705 606 605
f 706 606 705
f 607 707 604
f 604 707 704
f 706 608 606
f 708 608 706
f 609 709 607
f 607 709 707
f 708 610 608
f 710 610 708
f 611 711 609
f 609 711 709
f 710 612 610
f 712 612 710
f 613 713 611
f 611 713 711
f 712 614 612
f 714 614 712
f 615 715 613
f 613 715 713
f 714 616 614
f 716 616 714
f 617 717 615
f 615 717 715
f 716 618 616
f 718 618 716
f 619 719 617
f 617 719 717
f 718 620 618
f 720 620 718
f 621 721 619
f 619 721 719
f 720 622 620
f 722 622 720
f 623 723 621
f 621 723 721
f 722 624 622
f 724 624 722
f 625 725 623
f 623 725 723
f 724 626 624
f 726 626 724
f 627 727 625
f 625 727 725
f 726 628 626
f 728 628 726
f 629 729 627
f 627 729 727
f 728 630 628
f 730 630 728
f 631 731 629
f 629 731 729
f 730 632 630
f 732 632 730
f 633 733 631
f 631 733 731
f 732 634 632
f 734 634 732
f 635 735 633
f 633 735 733
f 734 636 634
f 736 636 734
f 637 737 635
f 635 737 735
f 736 638 636
f 738 638 736
f 639 739 637
f 637 739 737
f 738 640 638
f 740 640 738
f 641 741 639
f 639 741 739
f 740 642 640
f 742 642 740
f 643 743 641
f 641 743 741
f 742 644 642
f 744 644 742
f 645 745 643
f 643 745 743
f 744 646 644
f 746 646 744
f 647 747 645
f 645 747 745
f 746 648 646
f 748 648 746
f 649 749 647
f 647 749 747
f 748 650 648
f 750 650 748
f 651 751 649
f 649 751 749
f 750 652 650
f 752 652 750
f 653 753 651
f 651 753 751
f 752 654 652
f 754 654 752
f 655 755 653
f 653 755 753
f 754 656 654
f 756 656 754
f 657 757 655
f 655 757 755
f 756 658 656
f 758 658 756
f 659 759 657
f 657 759 757
f 758 660 658
f 760 660 758
f 661 761 659
f 659 761 759
f 760 662 660
f 762 662 760
f 663 763 661
f 661 763 761
f 762 664 662
f 764 664 762
f 665 765 663
f 663 765 763
f 764 666 664
f 766 666 764
f 667 767 665
f 665 767 765
f 766 668 666
f 768 668 766
f 669 769 667
f 667 769 767
f 768 670 668
f 770 670 768
f 671 771 669
f 669 771 769
f 770 672 670
f 772 672 770
f 673 773 671
f 671 773 771
f 772 674 672
f 774 674 772
f 675 775 673
f 673 775 773
f 774 676 674
f 776 676 774
f 677 777 675
f 675 777 775
f 776 678 676
f 778 678 776
f 679 779 677
f 677 779 777
f 778 680 678
f 780 680 778
f 681 781 679
f 679 781 779
f 780 682 680
f 782 682 780
f 683 783 681
f 681 783 781
f 782 684 682
f 784 684 782
f 685 785 683
f 683 785 783
f 784 686 684
f 786 686 784
f 687 787 685
f 685 787 785
f 786 688 686
f 788 688 786
f 689 789 687
f 687 789 787
f 788 690 688
f 790 690 788
f 691 791 689
f 689 791 789
f 790 692 690
f 792 692 790
f 693 793 691
f 691 793 791
f 792 694 692
f 794 694 792
f 695 795 693
f 693 795 793
f 794 696 694
f 796 696 794
f 697 797 695
f 695 797 795
f 796 698 696
f 798 698 796
f 699 799 697
f 697 799 797
f 699 800 799
f 700 800 699
f 702 802 701
f 701 802 801
f 801 703 701
f 803 703 801
f 704 804 702
f 702 804 802
f 805 706 705
f 806 706 805
f 707 807 704
f 704 807 804
f 806 708 706
f 808 708 806
f 709 809 707
f 707 809 807
f 808 710 708
f 810 710 808
f 711 811 709
f 709 811 809
f 810 712 710
f 812 712 810
f 713 813 711
f 711 813 811
f 812 714 712
f 814 714 812
f 715 815 713
f 713 815 813
f 814 716 714
f 816 716 814
f 717 817 715
f 715 817 815
f 816 718 716
f 818 718 816
f 719 819 717
f 717 819 817
f 818 720 718
f 820 720 818
f 721 821 719
f 719 821 819
f 820 722 720
f 822 722 820
f 723 823 721
f 721 823 821
f 822 724 722
f 824 724 822
f 725 825 723
f 723 825 823
f 824 726 724
f 826 726 824
f 727 827 725
f 725 827 825
f 826 728 726
f 828 728 826
f 729 829 727
f 727 829 827
f 828 730 728
f 830 730 828
f 731 831 729
f 729 831 829
f 830 732 730
f 832 732 830
f 733 833 731
f 731 833 831
f 832 734 732
f 834 734 832
f 735 835 733
f 733 835 833
f 834 736 734
f 836 736 834
f 737 837 735
f 735 837 835
f 836 738 736
f 838 738 836
f 739 839 737
f 737 839 837
f 838 740 738
f 840 740 838
f 741 841 739
f 739 841 839
f 840 742 740
f 842 742 840
f 743 843 741
f 741 843 841
f 842 744 742
f 844 744 842
f 745 845 743
f 743 845 843
f 844 746 744
f 846 746 844
f 747 847 745
f 745 847 845
f 846 748 746
f 848 748 846
f 749 849 747
f 747 849 847
f 848 750 748
f 850 750 848
f 751 851 749
f 749 851 849
f 850 752 750
f 852 752 850
f 753 853 751
f 751 853 851
f 852 754 752
f 854 754 852
f 755 855 753
f 753 855 853
f 854 756 754
f 856 756 854
f 757 857 755
f 755 857 855
f 856 758 756
f 858 758 856
f 759 859 757
f 757 859 857
f 858 760 758
f 860 760 858
f 761 861 759
f 759 861 859
f 860 762 760
f 862 762 860
f 763 863 761
f 761 863 861
f 862 764 762
f 864 764 862
f 765 865 763
f 763 865 863
f 864 766 764
f 866 766 864
f 767 867 765
f 765 867 865
f 866 768 766
f 868 768 866
f 769 869 767
f 767 869 867
f 868 770 768
f 870 770 868
f 771 871 769
f 769 871 869
f 870 772 770
f 872 772 870
f 773 873 771
f 771 873 871
f 872 774 772
f 874 774 872
f 775 875 773
f 773 875 873
f 874 776 774
f 876 776 874
f 777 877 775
f 775 877 875
f 876 778 776
f 878 778 876
f 779 879 777
f 777 879 877
f 878 780 778
f 880 780 878
f 781 881 779
f 779 881 879
f 880 782 780
f 882 782 880
f 783 883 781
f 781 883 881
f 882 784 782
f 884 784 882
f 785 885 783
f 783 885 883
f 884 786 784
f 886 786 884
f 787 887 785
f 785 887 885
f 886 788 786
f 888 788 886
f 789 889 787
f 787 889 887
f 888 790 788
f 890 790 888
f 791 891 789
f 789 891 889
f 890 792 790
f 892 792 890
f 793 893 791
f 791 893 891
f 892 794 792
f 894 794 892
f 795 895 793
f 793 895 893
f 894 796 794
f 896 796 894
f 797 897 795
f 795 897 895
f 896 798 796
f 898 798 896
f 799 899 797
f 797 899 897
f 799 900 899
f 800 900 799
f 802 902 801
f 801 902 901
f 901 803 801
f 903 803 901
f 804 904 802
f 802 904 902
f 905 806 805
f 906 806 905
f 807 907 804
f 804 907 904
f 906 808 806
f 908 808 906
f 809 909 807
f 807 909 907
f 908 810 808
f 910 810 908
f 811 911 809
f 809 911 909
f 910 812 810
f 912 812 910
f 813 913 811
f 811 913 911
f 912 814 812
f 914 814 912
f 815 915 813
f 813 915 913
f 914 816 814
f 916 816 914
f 817 917 815
f 815 917 915
f 916 818 816
f 918 818 916
f 819 919 817
f 817 919 917
f 918 820 818
f 920 820 918
f 821 921 819
f 819 921 919
f 920 822 820
f 922 822 920
f 823 923 821
f 821 923 921
f 922 824 822
f 924 824 922
f 825 925 823
f 823 925 923
f 924 826 824
f 926 826 924
f 827 927 825
f 825 927 925
f 926 828 826
f 928 828 926
f 829 929 827
f 827 929 927
f 928 830 828
f 930 830 928
f 831 931 829
f 829 931 929
f 930 832 830
f 932 832 930
f 833 933 831
f 831 933 931
f 932 834 832
f 934 834 932
f 835 935 833
f 833 935 933
f 934 836 834
f 936 836 934
f 837 937 835
f 835 937 935
f 936 838 836
f 938 838 936
f 839 939 837
f 837 939 937
f 938 840 838
f 940 840 938
f 841 941 839
f 839 941 939
f 940 842 840
f 942 842 940
f 843 943 841
f 841 943 941
f 942 844 842
f 944 844 942
f 845 945 843
f 843 945 943
f 944 846 844
f 946 846 944
f 847 947 845
f 845 947 945
f 946 848 846
f 948 848 946
f 849 949 847
f 847 949 947
f 948 850 848
f 950 850 948
f 851 951 849
f 849 951 949
f 950 852 850
f 952 852 950
f 853 953 851
f 851 953 951
f 952 854 852
f 954 854 952
f 855 955 853
f 853 955 953
f 954 856 854
f 956 856 954
f 857 957 855
f 855 957 955
f 956 858 856
f 958 858 956
f 859 959 857
f 857 959 957
f 958 860 858
f 960 860 958
f 861 961 859
f 859 961 959
f 960 862 860
f 962 862 960
f 863 963 861
f 861 963 961
f 962 864 862
f 964 864 962
f 865 965 863
f 863 965 963
f 964 866 864
f 966 866 964
f 867 967 865
f 865 967 965
f 966 868 866
f 968 868 966
f 869 969 867
f 867 969 967
f 968 870 868
f 970 870 968
f 871 971 869
f 869 971 969
f 970 872 870
f 972 872 970
f 873 973 871
f 871 973 971
f 972 874 872
f 974 874 972
f 875 975 873
f 873 975 973
f 974 876 874
f 976 876 974
f 877 977 875
f 875 977 975
f 976 878 876
f 978 878 976
f 879 979 877
f 877 979 977
f 978 880 878
f 980 880 978
f 881 981 879
f 879 981 979
f 980 882 880
f 982 882 980
f 883 983 881
f 881 983 981
f 982 884 882
f 984 884 982
f 885 985 883
f 883 985 983
f 984 886 884
f 986 886 984
f 887 987 885
f 885 987 985
f 986 888 886
f 988 888 986
f 889 989 887
f 887 989 987
f 988 890 888
f 990 890 988
f 891 991 889
f 889 991 989
f 990 892 890
f 992 892 990
f 893 993 891
f 891 993 991
f 992 894 892
f 994 894 992
f 895 995 893
f 893 995 993
f 994 896 894
f 996 896 994
f 897 997 895
f 895 997 995
f 996 898 896
f 998 898 996
f 899 999 897
f 897 999 997
f 899 1000 999
f 900 1000 899
f 902 1002 901
f 901 1002 1001
f 1001 903 901
f 1003 903 1001
f 904 1004 902
f 902 1004 1002
f 1005 906 905
f 1006 906 1005
f 907 1007 904
f 904 1007 1004
f 1006 908 906
f 1008 908 1006
f 909 1009 907
f 907 1009 1007
f 1008 910 908
f 1010 910 1008
f 911 1011 909
f 909 1011 1009
f 1010 912 910
f 1012 912 1010
f 913 1013 911
f 911 1013 1011
f 1012 914 912
f 1014 914 1012
f 915 1015 913
f 913 1015 1013
f 1014 916 914
f 1016 916 1014
f 917 1017 915
f 915 1017 1015
f 1016 918 916
f 1018 918 1016
f 919 1019 917
f 917 1019 1017
f 1018 920 918
f 1020 920 1018
f 921 1021 919
f 919 1021 1019
f 1020 922 920
f 1022 922 1020
f 923 1023 921
f 921 1023 1021
f 1022 924 922
f 1024 924 1022
f 925 1025 923
f 923 1025 1023
f 1024 926 924
f 1026 926 1024
f 927 1027 925
f 925 1027 1025
f 1026 928 926
f 1028 928 1026
f 929 1029 927
f 927 1029 1027
f 1028 930 928
f 1030 930 1028
f 931 1031 929
f 929 1031 1029
f 1030 932 930
f 1032 932 1030
f 933 1033 931
f 931 1033 1031
f 1032 934 932
f 1034 934 1032
f 935 1035 933
f 933 1035 1033
f 1034 936 934
f 1036 936 1034
f 937 1037 935
f 935 1037 1035
f 1036 938 936
f 1038 938 1036
f 939 1039 937
f 937 1039 1037
f 1038 940 938
f 1040 940 1038
f 941 1041 939
f 939 1041 1039
f 1040 942 940
f 1042 942 1040
f 943 1043 941
f 941 1043 1041
f 1042 944 942
f 1044 944 1042
f 945 1045 943
f 943 1045 1043
f 1044 946 944
f 1046 946 1044
f 947 1047 945
f 945 1047 1045
f 1046 948 946
f 1048 948 1046
f 949 1049 947
f 947 1049 1047
f 1048 950 948
f 1050 950 1048
f 951 1051 949
f 949 1051 1049
f 1050 952 950
f 1052 952 1050
f 953 1053 951
f 951 1053 1051
f 1052 954 952
f 1054 954 1052
f 955 1055 953
f 953 1055 1053
f 1054 956 954
f 1056 956 1054
f 957 1057 955
f 955 1057 1055
f 1056 958 956
f 1058 958 1056
f 959 1059 957
f 957 1059 1057
f 1058 960 958
f 1060 960 1058
f 961 1061 959
f 959 1061 1059
f 1060 962 960
f 1062 962 1060
f 963 1063 961
f 961 1063 1061
f 1062 964 962
f 1064 964 1062
f 965 1065 963
f 963 1065 1063
f 1064 966 964
f 1066 966 1064
f 967 1067 965
f 965 1067 1065
f 1066 968 966
f 1068 968 1066
f 969 1069 967
f 967 1069 1067
f 1068 970 968
f 1070 970 1068
f 971 1071 969
f 969 1071 1069
f 1070 972 970
f 1072 972 1070
f 973 1073 971
f 971 1073 1071
f 1072 974 972
f 1074 974 1072
f 975 1075 973
f 973 1075 1073
f 1074 976 974
f 1076 976 1074
f 977 1077 975
f 975 1077 1075
f 1076 978 976
f 1078 978 1076
f 979 1079 977
f 977 1079 1077
f 1078 980 978
f 1080 980 1078
f 981 1081 979
f 979 1081 1079
f 1080 982 980
f 1082 982 1080
f 983 1083 981
f 981 1083 1081
f 1082 984 982
f 1084 984 1082
f 985 1085 983
f 983 1085 1083
f 1084 986 984
f 1086 986 1084
f 987 1087 985
f 985 1087 1085
f 1086 988 986
f 1088 988 1086
f 989 1089 987
f 987 1089 1087
f 1088 990 988
f 1090 990 1088
f 991 1091 989
f 989 1091 1089
f 1090 992 990
f 1092 992 1090
f 993 1093 991
f 991 1093 1091
f 1092 994 992
f 1094 994 1092
f 995 1095 993
f 993 1095 1093
f 1094 996 994
f 1096 996 1094
f 997 1097 995
f 995 1097 1095
f 1096 998 996
f 1098 998 1096
f 999 1099 997
f 997 1099 1097
f 999 1100 1099
f 1000 1100 999
f 1002 1102 1001
f 1001 1102 1101
f 1101 1003 1001
f 1103 1003 1101
f 1004 1104 1002
f 1002 1104 1102
f 1105 1006 1005
f 1106 1006 1105
f 1007 1107 1004
f 1004 1107 1104
f 1106 1008 1006
f 1108 1008 1106
f 1009 1109 1007
f 1007 1109 1107
f 1108 1010 1008
f 1110 1010 1108
f 1011 1111 1009
f 1009 1111 1109
f 1110 1012 1010
f 1112 1012 1110
f 1013 1113 1011
f 1011 1113 1111
f 1112 1014 1012
f 1114 1014 1112
f 1015 1115 1013
f 1013 1115 1113
f 1114 1016 1014
f 1116 1016 1114
f 1017 1117 1015
f 1015 1117 1115
f 1116 1018 1016
f 1118 1018 1116
f 1019 1119 1017
f 1017 1119 1117
f 1118 1020 1018
f 1120 1020 1118
f 1021 1121 1019
f 1019 1121 1119
f 1120 1022 1020
f 1122 1022 1120
f 1023 1123 1021
f 1021 1123 1121
f 1122 1024 1022
f 1124 1024 1122
f 1025 1125 1023
f 1023 1125 1123
f 1124 1026 1024
f 1126 1026 1124
f 1027 1127 1025
f 1025 1127 1125
f 1126 1028 1026
f 1128 1028 1126
f 1029 1129 1027
f 1027 1129 1127
f 1128 1030 1028
f 1130 1030 1128
f 1031 1131 1029
f 1029 1131 1129
f 1130 1032 1030
f 1132 1032 1130
f 1033 1133 1031
f 1031 1133 1131
f 1132 1034 1032
f 1134 1034 1132
f 1035 1135 1033
f 1033 1135 1133
f 1134 1036 1034
f 1136 1036 1134
f 1037 1137 1035
f 1035 1137 1135
f 1136 1038 1036
f 1138 1038 1136
f 1039 1139 1037
f 1037 1139 1137
f 1138 1040 1038
f 1140 1040 1138
f 1041 1141 1039
f 1039 1141 1139
f 1140 1042 1040
f 1142 1042 1140
f 1043 1143 1041
f 1041 1143 1141
f 1142 1044 1042
f 1144 1044 1142
f 1045 1145 1043
f 1043 1145 1143
f 1144 1046 1044
f 1146 1046 1144
f 1047 1147 1045
f 1045 1147 1145
f 1146 1048 1046
f 1148 1048 1146
f 1049 1149 1047
f 1047 1149 1147
f 1148 1050 1048
f 1150 1050 1148
f 1051 1151 1049
f 1049 1151 1149
f 1150 1052 1050
f 1152 1052 1150
f 1053 1153 1051
f 1051 1153 1151
f 1152 1054 1052
f 1154 1054 1152
f 1055 1155 1053
f 1053 1155 1153
f 1154 1056 1054
f 1156 1056 1154
f 1057 1157 1055
f 1055 1157 1155
f 1156 1058 1056
f 1158 1058 1156
f 1059 1159 1057
f 1057 1159 1157
f 1158 1060 1058
f 1160 1060 1158
f 1061 1161 1059
f 1059 1161 1159
f 1160 1062 1060
f 1162 1062 1160
f 1063 1163 1061
f 1061 1163 1161
f 1162 1064 1062
f 1164 1064 1162
f 1065 1165 1063
f 1063 1165 1163
f 1164 1066 1064
f 1166 1066 1164
f 1067 1167 1065
f 1065 1167 1165
f 1166 1068 1066
f 1168 1068 1166
f 1069 1169 1067
f 1067 1169 1167
f 1168 1070 1068
f 1170 1070 1168
f 1071 1171 1069
f 1069 1171 1169
f 1170 1072 1070
f 1172 1072 1170
f 1073 1173 1071
f 1071 1173 1171
f 1172 1074 1072
f 1174 1074 1172
f 1075 1175 1073
f 1073 1175 1173
f 1174 1076 1074
f 1176 1076 1174
f 1077 1177 1075
f 1075 1177 1175
f 1176 1078 1076
f 1178 1078 1176
f 1079 1179 1077
f 1077 1179 1177
f 1178 1080 1078
f 1180 1080 1178
f 1081 1181 1079
f 1079 1181 1179
f 1180 1082 1080
f 1182 1082 1180
f 1083 1183 1081
f 1081 1183 1181
f 1182 1084 1082
f 1184 1084 1182
f 1085 1185 1083
f 1083 1185 1183
f 1184 1086 1084
f 1186 1086 1184
f 1087 1187 1085
f 1085 1187 1185
f 1186 1088 1086
f 1188 1088 1186
f 1089 1189 1087
f 1087 1189 1187
f 1188 1090 1088
f 1190 1090 1188
f 1091 1191 1089
f 1089 1191 1189
f 1190 1092 1090
f 1192 1092 1190
f 1093 1193 1091
f 1091 1193 1191
f 1192 1094 1092
f 1194 1094 1192
f 1095 1195 1093
f 1093 1195 1193
f 1194 1096 1094
f 1196 1096 1194
f 1097 1197 1095
f 1095 1197 1195
f 1196 1098 1096
f 1198 1098 1196
f 1099 1199 1097
f 1097 1199 1197
f 1099 1200 1199
f 1100 1200 1099
f 1102 1202 1101
f 1101 1202 1201
f 1201 1103 1101
f 1203 1103 1201
f 1104 1204 1102
f 1102 1204 1202
f 1205 1106 1105
f 1206 1106 1205
f 1107 1207 1104
f 1104 1207 1204
f 1206 1108 1106
f 1208 1108 1206
f 1109 1209 1107
f 1107 1209 1207
f 1208 1110 1108
f 1210 1110 1208
f 1111 1211 1109
f 1109 1211 1209
f 1210 1112 1110
f 1212 1112 1210
f 1113 1213 1111
f 1111 1213 1211
f 1212 1114 1112
f 1214 1114 1212
f 1115 1215 1113
f 1113 1215 1213
f 1214 1116 1114
f 1216 1116 1214
f 1117 1217 1115
f 1115 1217 1215
f 1216 1118 1116
f 1218 1118 1216
f 1119 1219 1117
f 1117 1219 1217
f 1218 1120 1118
f 1220 1120 1218
f 1121 1221 1119
f 1119 1221 1219
f 1220 1122 1120
f 1222 1122 1220
f 1123 1223 1121
f 1121 1223 1221
f 1222 1124 1122
f 1224 1124 1222
f 1125 1225 1123
f 1123 1225 1223
f 1224 1126 1124
f 1226 1126 1224
f 1127 1227 1125
f 1125 1227 1225
f 1226 1128 1126
f 1228 1128 1226
f 1129 1229 1127
f 1127 1229 1227
f 1228 1130 1128
f 1230 1130 1228
f 1131 1231 1129
f 1129 1231 1229
f 1230 1132 1130
f 1232 1132 1230
f 1133 1233 1131
f 1131 1233 1231
f 1232 1134 1132
f 1234 1134 1232
f 1135 1235 1133
f 1133 1235 1233
f 1234 1136 1134
f 1236 1136 1234
f 1137 1237 1135
f 1135 1237 1235
f 1236 1138 1136
f 1238 1138 1236
f 1139 1239 1137
f 1137 1239 1237
f 1238 1140 1138
f 1240 1140 1238
f 1141 1241 1139
f 1139 1241 1239
f 1240 1142 1140
f 1242 1142 1240
f 1143 1243 1141
f 1141 1243 1241
f 1242 1144 1142
f 1244 1144 1242
f 1145 1245 1143
f 1143 1245 1243
f 1244 1146 1144
f 1246 1146 1244
f 1147 1247 1145
f 1145 1247 1245
f 1246 1148 1146
f 1248 1148 1246
f 1149 1249 1147
f 1147 1249 1247
f 1248 1150 1148
f 1250 1150 1248
f 1151 1251 1149
f 1149 1251 1249
f 1250 1152 1150
f 1252 1152 1250
f 1153 1253 1151
f 1151 1253 1251
f 1252 1154 1152
f 1254 1154 1252
f 1155 1255 1153
f 1153 1255 1253
f 1254 1156 1154
f 1256 1156 1254
f 1157 1257 1155
f 1155 1257 1255
f 1256 1158 1156
f 1258 1158 1256
f 1159 1259 1157
f 1157 1259 1257
f 1258 1160 1158
f 1260 1160 1258
f 1161 1261 1159
f 1159 1261 1259
f 1260 1162 1160
f 1262 1162 1260
f 1163 1263 1161
f 1161 1263 1261
f 1262 1164 1162
f 1264 1164 1262
f 1165 1265 1163
f 1163 1265 1263
f 1264 1166 1164
f 1266 1166 1264
f 1167 1267 1165
f 1165 1267 1265
f 1266 1168 1166
f 1268 1168 1266
f 1169 1269 1167
f 1167 1269 1267
f 1268 1170 1168
f 1270 1170 1268
f 1171 1271 1169
f 1169 1271 1269
f 1270 1172 1170
f 1272 1172 1270
f 1173 1273 1171
f 1171 1273 1271
f 1272 1174 1172
f 1274 1174 1272
f 1175 1275 1173
f 1173 1275 1273
f 1274 1176 1174
f 1276 1176 1274
f 1177 1277 1175
f 1175 1277 1275
f 1276 1178 1176
f 1278 1178 1276
f 1179 1279 1177
f 1177 1279 1277
f 1278 1180 1178
f 1280 1180 1278
f 1181 1281 1179
f 1179 1281 1279
f 1280 1182 1180
f 1282 1182 1280
f 1183 1283 1181
f 1181 1283 1281
f 1282 1184 1182
f 1284 1184 1282
f 1185 1285 1183
f 1183 1285 1283
f 1284 1186 1184
f 1286 1186 1284
f 1187 1287 1185
f 1185 1287 1285
f 1286 1188 1186
f 1288 1188 1286
f 1189 1289 1187
f 1187 1289 1287
f 1288 1190 1188
f 1290 1190 1288
f 1191 1291 1189
f 1189 1291 1289
f 1290 1192 1190
f 1292 1192 1290
f 1193 1293 1191
f 1191 1293 1291
f 1292 1194 1192
f 1294 1194 1292
f 1195 1295 1193
f 1193 1295 1293
f 1294 1196 1194
f 1296 1196 1294
f 1197 1297 1195
f 1195 1297 1295
f 1296 1198 1196
f 1298 1198 1296
f 1199 1299 1197
f 1197 1299 1297
f 1199 1300 1299
f 1200 1300 1199
f 1202 1302 1201
f 1201 1302 1301
f 1301 1203 1201
f 1303 1203 1301
f 1204 1304 1202
f 1202 1304 1302
f 1305 1206 1205
f 1306 1206 1305
f 1207 1307 1204
f 1204 1307 1304
f 1306 1208 1206
f 1308 1208 1306
f 1209 1309 1207
f 1207 1309 1307
f 1308 1210 1208
f 1310 1210 1308
f 1211 1311 1209
f 1209 1311 1309
f 1310 1212 1210
f 1312 1212 1310
f 1213 1313 1211
f 1211 1313 1311
f 1312 1214 1212
f 1314 1214 1312
f 1215 1315 1213
f 1213 1315 1313
f 1314 1216 1214
f 1316 1216 1314
f 1217 1317 1215
f 1215 1317 1315
f 1316 1218 1216
f 1318 1218 1316
f 1219 1319 1217
f 1217 1319 1317
f 1318 1220 1218
f 1320 1220 1318
f 1221 1321 1219
f 1219 1321 1319
f 1320 1222 1220
f 1322 1222 1320
f 1223 1323 1221
f 1221 1323 1321
f 1322 1224 1222
f 1324 1224 1322
f 1225 1325 1223
f 1223 1325 1323
f 1324 1226 1224
f 1326 1226 1324
f 1227 1327 1225
f 1225 1327 1325
f 1326 1228 1226
f 1328 1228 1326
f 1229 1329 1227
f 1227 1329 1327
f 1328 1230 1228
f 1330 1230 1328
f 1231 1331 1229
f 1229 1331 1329
f 1330 1232 1230
f 1332 1232 1330
f 1233 1333 1231
f 1231 1333 1331
f 1332 1234 1232
f 1334 1234 1332
f 1235 1335 1233
f 1233 1335 1333
f 1334 1236 1234
f 1336 1236 1334
f 1237 1337 1235
f 1235 1337 1335
f 1336 1238 1236
f 1338 1238 1336
f 1239 1339 1237
f 1237 1339 1337
f 1338 1240 1238
f 1340 1240 1338
f 1241 1341 1239
f 1239 1341 1339
f 1340 1242 1240
f 1342 1242 1340
f 1243 1343 1241
f 1241 1343 1341
f 1342 1244 1242
f 1344 1244 1342
f 1245 1345 1243
f 1243 1345 1343
f 1344 1246 1244
f 1346 1246 1344
f 1247 1347 1245
f 1245 1347 1345
f 1346 1248 1246
f 1348 1248 1346
f 1249 1349 1247
f 1247 1349 1347
f 1348 1250 1248
f 1350 1250 1348
f 1251 1351 1249
f 1249 1351 1349
f 1350 1252 1250
f 1352 1252 1350
f 1253 1353 1251
f 1251 1353 1351
f 1352 1254 1252
f 1354 1254 1352
f 1255 1355 1253
f 1253 1355 1353
f 1354 1256 1254
f 1356 1256 1354
f 1257 1357 1255
f 1255 1357 1355
f 1356 1258 1256
f 1358 1258 1356
f 1259 1359 1257
f 1257 1359 1357
f 1358 1260 1258
f 1360 1260 1358
f 1261 1361 1259
f 1259 1361 1359
f 1360 1262 1260
f 1362 1262 1360
f 1263 1363 1261
f 1261 1363 1361
f 1362 1264 1262
f 1364 1264 1362
f 1265 1365 1263
f 1263 1365 1363
f 1364 1266 1264
f 1366 1266 1364
f 1267 1367 1265
f 1265 1367 1365
f 1366 1268 1266
f 1368 1268 1366
f 1269 1369 1267
f 1267 1369 1367
f 1368 1270 1268
f 1370 1270 1368
f 1271 1371 1269
f 1269 1371 1369
f 1370 1272 1270
f 1372 1272 1370
f 1273 1373 1271
f 1271 1373 1371
f 1372 1274 1272
f 1374 1274 1372
f 1275 1375 1273
f 1273 1375 1373
f 1374 1276 1274
f 1376 1276 1374
f 1277 1377 1275
f 1275 1377 1375
f 1376 1278 1276
f 1378 1278 1376
f 1279 1379 1277
f 1277 1379 1377
f 1378 1280 1278
f 1380 1280 1378
f 1281 1381 1279
f 1279 1381 1379
f 1380 1282 1280
f 1382 1282 1380
f 1283 1383 1281
f 1281 1383 1381
f 1382 1284 1282
f 1384 1284 1382
f 1285 1385 1283
f 1283 1385 1383
f 1384 1286 1284
f 1386 1286 1384
f 1287 1387 1285
f 1285 1387 1385
f 1386 1288 1286
f 1388 1288 1386
f 1289 1389 1287
f 1287 1389 1387
f 1388 1290 1288
f 1390 1290 1388
f 1291 1391 1289
f 1289 1391 1389
f 1390 1292 1290
f 1392 1292 1390
f 1293 1393 1291
f 1291 1393 1391
f 1392 1294 1292
f 1394 1294 1392
f 1295 1395 1293
f 1293 1395 1393
f 1394 1296 1294
f 1396 1296 1394
f 1297 1397 1295
f 1295 1397 1395
f 1396 1298 1296
f 1398 1298 1396
f 1299 1399 1297
f 1297 1399 1397
f 1299 1400 1399
f 1300 1400 1299
f 1302 1402 1301
f 1301 1402 1401
f 1401 1303 1301
f 1403 1303 1401
f 1304 1404 1302
f 1302 1404 1402
f 1405 1306 1305
f 1406 1306 1405
f 1307 1407 1304
f 1304 1407 1404
f 1406 1308 1306
f 1408 1308 1406
f 1309 1409 1307
f 1307 1409 1407
f 1408 1310 1308
f 1410 1310 1408
f 1311 1411 1309
f 1309 1411 1409
f 1410 1312 1310
f 1412 1312 1410
f 1313 1413 1311
f 1311 1413 1411
f 1412 1314 1312
f 1414 1314 1412
f 1315 1415 1313
f 1313 1415 1413
f 1414 1316 1314
f 1416 1316 1414
f 1317 1417 1315
f 1315 1417 1415
f 1416 1318 1316
f 1418 1318 1416
f 1319 1419 1317
f 1317 1419 1417
f 1418 1320 1318
f 1420 1320 1418
f 1321 1421 1319
f 1319 1421 1419
f 1420 1322 1320
f 1422 1322 1420
f 1323 1423 1321
f 1321 1423 1421
f 1422 1324 1322
f 1424 1324 1422
f 1325 1425 1323
f 1323 1425 1423
f 1424 1326 1324
f 1426 1326 1424
f 1327 1427 1325
f 1325 1427 1425
f 1426 1328 1326
f 1428 1328 1426
f 1329 1429 1327
f 1327 1429 1427
f 1428 1330 1328
f 1430 1330 1428
f 1331 1431 1329
f 1329 1431 1429
f 1430 1332 1330
f 1432 1332 1430
f 1333 1433 1331
f 1331 1433 1431
f 1432 1334 1332
f 1434 1334 1432
f 1335 1435 1333
f 1333 1435 1433
f 1434 1336 1334
f 1436 1336 1434
f 1337 1437 1335
f 1335 1437 1435
f 1436 1338 1336
f 1438 1338 1436
f 1339 1439 1337
f 1337 1439 1437
f 1438 1340 1338
f 1440 1340 1438
f 1341 1441 1339
f 1339 1441 1439
f 1440 1342 1340
f 1442 1342 1440
f 1343 1443 1341
f 1341 1443 1441
f 1442 1344 1342
f 1444 1344 1442
f 1345 1445 1343
f 1343 1445 1443
f 1444 1346 1344
f 1446 1346 1444
f 1347 1447 1345
f 1345 1447 1445
f 1446 1348 1346
f 1448 1348 1446
f 1349 1449 1347
f 1347 1449 1447
f 1448 1350 1348
f 1450 1350 1448
f 1351 1451 1349
f 1349 1451 1449
f 1450 1352 1350
f 1452 1352 1450
f 1353 1453 1351
f 1351 1453 1451
f 1452 1354 1352
f 1454 1354 1452
f 1355 1455 1353
f 1353 1455 1453
f 1454 1356 1354
f 1456 1356 1454
f 1357 1457 1355
f 1355 1457 1455
f 1456 1358 1356
f 1458 1358 1456
f 1359 1459 1357
f 1357 1459 1457
f 1458 1360 1358
f 1460 1360 1458
f 1361 1461 1359
f 1359 1461 1459
f 1460 1362 1360
f 1462 1362 1460
f 1363 1463 1361
f 1361 1463 1461
f 1462 1364 1362
f 1464 1364 1462
f 1365 1465 1363
f 1363 1465 1463
f 1464 1366 1364
f 1466 1366 1464
f 1367 1467 1365
f 1365 1467 1465
f 1466 1368 1366
f 1468 1368 1466
f 1369 1469 1367
f 1367 1469 1467
f 1468 1370 1368
f 1470 1370 1468
f 1371 1471 1369
f 1369 1471 1469
f 1470 1372 1370
f 1472 1372 1470
f 1373 1473 1371
f 1371 1473 1471
f 1472 1374 1372
f 1474 1374 1472
f 1375 1475 1373
f 1373 1475 1473
f 1474 1376 1374
f 1476 1376 1474
f 1377 1477 1375
f 1375 1477 1475
f 1476 1378 1376
f 1478 1378 1476
f 1379 1479 1377
f 1377 1479 1477
f 1478 1380 1378
f 1480 1380 1478
f 1381 1481 1379
f 1379 1481 1479
f 1480 1382 1380
f 1482 1382 1480
f 1383 1483 1381
f 1381 1483 1481
f 1482 1384 1382
f 1484 1384 1482
f 1385 1485 1383
f 1383 1485 1483
f 1484 1386 1384
f 1486 1386 1484
f 1387 1487 1385
f 1385 1487 1485
f 1486 1388 1386
f 1488 1388 1486
f 1389 1489 1387
f 1387 1489 1487
f 1488 1390 1388
f 1490 1390 1488
f 1391 1491 1389
f 1389 1491 1489
f 1490 1392 1390
f 1492 1392 1490
f 1393 1493 1391
f 1391 1493 1491
f 1492 1394 1392
f 1494 1394 1492
f 1395 1495 1393
f 1393 1495 1493
f 1494 1396 1394
f 1496 1396 1494
f 1397 1497 1395
f 1395 1497 1495
f 1496 1398 1396
f 1498 1398 1496
f 1399 1499 1397
f 1397 1499 1497
f 1399 1500 1499
f 1400 1500 1399
f 1402 1502 1401
f 1401 1502 1501
f 1501 1403 1401
f 1503 1403 1501
f 1404 1504 1402
f 1402 1504 1502
f 1505 1406 1405
f 1506 1406 1505
f 1407 1507 1404
f 1404 1507 1504
f 1506 1408 1406
f 1508 1408 1506
f 1409 1509 1407
f 1407 1509 1507
f 1508 1410 1408
f 1510 1410 1508
f 1411 1511 1409
f 1409 1511 1509
f 1510 1412 1410
f 1512 1412 1510
f 1413 1513 1411
f 1411 1513 1511
f 1512 1414 1412
f 1514 1414 1512
f 1415 1515 1413
f 1413 1515 1513
f 1514 1416 1414
f 1516 1416 1514
f 1417 1517 1415
f 1415 1517 1515
f 1516 1418 1416
f 1518 1418 1516
f 1419 1519 1417
f 1417 1519 1517
f 1518 1420 1418
f 1520 1420 1518
f 1421 1521 1419
f 1419 1521 1519
f 1520 1422 1420
f 1522 1422 1520
f 1423 1523 1421
f 1421 1523 1521
f 1522 1424 1422
f 1524 1424 1522
f 1425 1525 1423
f 1423 1525 1523
f 1524 1426 1424
f 1526 1426 1524
f 1427 1527 1425
f 1425 1527 1525
f 1526 1428 1426
f 1528 1428 1526
f 1429 1529 1427
f 1427 1529 1527
f 1528 1430 1428
f 1530 1430 1528
f 1431 1531 1429
f 1429 1531 1529
f 1530 1432 1430
f 1532 1432 1530
f 1433 1533 1431
f 1431 1533 1531
f 1532 1434 1432
f 1534 1434 1532
f 1435 1535 1433
f 1433 1535 1533
f 1534 1436 1434
f 1536 1436 1534
f 1437 1537 1435
f 1435 1537 1535
f 1536 1438 1436
f 1538 1438 1536
f 1439 1539 1437
f 1437 1539 1537
f 1538 1440 1438
f 1540 1440 1538
f 1441 1541 1439
f 1439 1541 1539
f 1540 1442 1440
f 1542 1442 1540
f 1443 1543 1441
f 1441 1543 1541
f 1542 1444 1442
f 1544 1444 1542
f 1445 1545 1443
f 1443 1545 1543
f 1544 1446 1444
f 1546 1446 1544
f 1447 1547 1445
f 1445 1547 1545
f 1546 1448 1446
f 1548 1448 1546
f 1449 1549 1447
f 1447 1549 1547
f 1548 1450 1448
f 1550 1450 1548
f 1451 1551 1449
f 1449 1551 1549
f 1550 1452 1450
f 1552 1452 1550
f 1453 1553 1451
f 1451 1553 1551
f 1552 1454 1452
f 1554 1454 1552
f 1455 1555 1453
f 1453 1555 1553
f 1554 1456 1454
f 1556 1456 1554
f 1457 1557 1455
f 1455 1557 1555
f 1556 1458 1456
f 1558 1458 1556
f 1459 1559 1457
f 1457 1559 1557
f 1558 1460 1458
f 1560 1460 1558
f 1461 1561 1459
f 1459 1561 1559
f 1560 1462 1460
f 1562 1462 1560
f 1463 1563 1461
f 1461 1563 1561
f 1562 1464 1462
f 1564 1464 1562
f 1465 1565 1463
f 1463 1565 1563
f 1564 1466 1464
f 1566 1466 1564
f 1467 1567 1465
f 1465 1567 1565
f 1566 1468 1466
f 1568 1468 1566
f 1469 1569 1467
f 1467 1569 1567
f 1568 1470 1468
f 1570 1470 1568
f 1471 1571 1469
f 1469 1571 1569
f 1570 1472 1470
f 1572 1472 1570
f 1473 1573 1471
f 1471 1573 1571
f 1572 1474 1472
f 1574 1474 1572
f 1475 1575 1473
f 1473 1575 1573
f 1574 1476 1474
f 1576 1476 1574
f 1477 1577 1475
f 1475 1577 1575
f 1576 1478 1476
f 1578 1478 1576
f 1479 1579 1477
f 1477 1579 1577
f 1578 1480 1478
f 1580 1480 1578
f 1481 1581 1479
f 1479 1581 1579
f 1580 1482 1480
f 1582 1482 1580
f 1483 1583 1481
f 1481 1583 1581
f 1582 1484 1482
f 1584 1484 1582
f 1485 1585 1483
f 1483 1585 1583
f 1584 1486 1484
f 1586 1486 1584
f 1487 1587 1485
f 1485 1587 1585
f 1586 1488 1486
f 1588 1488 1586
f 1489 1589 1487
f 1487 1589 1587
f 1588 1490 1488
f 1590 1490 1588
f 1491 1591 1489
f 1489 1591 1589
f 1590 1492 1490
f 1592 1492 1590
f 1493 1593 1491
f 1491 1593 1591
f 1592 1494 1492
f 1594 1494 1592
f 1495 1595 1493
f 1493 1595 1593
f 1594 1496 1494
f 1596 1496 1594
f 1497 1597 1495
f 1495 1597 1595
f 1596 1498 1496
f 1598 1498 1596
f 1499 1599 1497
f 1497 1599 1597
f 1499 1600 1599
f 1500 1600 1499
f 1502 1602 1501
f 1501 1602 1601
f 1601 1503 1501
f 1603 1503 1601
f 1504 1604 1502
f 1502 1604 1602
f 1605 1506 1505
f 1606 1506 1605
f 1507 1607 1504
f 1504 1607 1604
f 1606 1508 1506
f 1608 1508 1606
f 1509 1609 1507
f 1507 1609 1607
f 1608 1510 1508
f 1610 1510 1608
f 1511 1611 1509
f 1509 1611 1609
f 1610 1512 1510
f 1612 1512 1610
f 1513 1613 1511
f 1511 1613 1611
f 1612 1514 1512
f 1614 1514 1612
f 1515 1615 1513
f 1513 1615 1613
f 1614 1516 1514
f 1616 1516 1614
f 1517 1617 1515
f 1515 1617 1615
f 1616 1518 1516
f 1618 1518 1616
f 1519 1619 1517
f 1517 1619 1617
f 1618 1520 1518
f 1620 1520 1618
f 1521 1621 1519
f 1519 1621 1619
f 1620 1522 1520
f 1622 1522 1620
f 1523 1623 1521
f 1521 1623 1621
f 1622 1524 1522
f 1624 1524 1622
f 1525 1625 1523
f 1523 1625 1623
f 1624 1526 1524
f 1626 1526 1624
f 1527 1627 1525
f 1525 1627 1625
f 1626 1528 1526
f 1628 1528 1626
f 1529 1629 1527
f 1527 1629 1627
f 1628 1530 1528
f 1630 1530 1628
f 1531 1631 1529
f 1529 1631 1629
f 1630 1532 1530
f 1632 1532 1630
f 1533 1633 1531
f 1531 1633 1631
f 1632 1534 1532
f 1634 1534 1632
f 1535 1635 1533
f 1533 1635 1633
f 1634 1536 1534
f 1636 1536 1634
f 1537 1637 1535
f 1535 1637 1635
f 1636 1538 1536
f 1638 1538 1636
f 1539 1639 1537
f 1537 1639 1637
f 1638 1540 1538
f 1640 1540 1638
f 1541 1641 1539
f 1539 1641 1639
f 1640 1542 1540
f 1642 1542 1640
f 1543 1643 1541
f 1541 1643 1641
f 1642 1544 1542
f 1644 1544 1642
f 1545 1645 1543
f 1543 1645 1643
f 1644 1546 1544
f 1646 1546 1644
f 1547 1647 1545
f 1545 1647 1645
f 1646 1548 1546
f 1648 1548 1646
f 1549 1649 1547
f 1547 1649 1647
f 1648 1550 1548
f 1650 1550 1648
f 1551 1651 1549
f 1549 1651 1649
f 1650 1552 1550
f 1652 1552 1650
f 1553 1653 1551
f 1551 1653 1651
f 1652 1554 1552
f 1654 1554 1652
f 1555 1655 1553
f 1553 1655 1653
f 1654 1556 1554
f 1656 1556 1654
f 1557 1657 1555
f 1555 1657 1655
f 1656 1558 1556
f 1658 1558 1656
f 1559 1659 1557
f 1557 1659 1657
f 1658 1560 1558
f 1660 1560 1658
f 1561 1661 1559
f 1559 1661 1659
f 1660 1562 1560
f 1662 1562 1660
f 1563 1663 1561
f 1561 1663 1661
f 1662 1564 1562
f 1664 1564 1662
f 1565 1665 1563
f 1563 1665 1663
f 1664 1566 1564
f 1666 1566 1664
f 1567 1667 1565
f 1565 1667 1665
f 1666 1568 1566
f 1668 1568 1666
f 1569 1669 1567
f 1567 1669 1667
f 1668 1570 1568
f 1670 1570 1668
f 1571 1671 1569
f 1569 1671 1669
f 1670 1572 1570
f 1672 1572 1670
f 1573 1673 1571
f 1571 1673 1671
f 1672 1574 1572
f 1674 1574 1672
f 1575 1675 1573
f 1573 1675 1673
f 1674 1576 1574
f 1676 1576 1674
f 1577 1677 1575
f 1575 1677 1675
f 1676 1578 1576
f 1678 1578 1676
f 1579 1679 1577
f 1577 1679 1677
f 1678 1580 1578
f 1680 1580 1678
f 1581 1681 1579
f 1579 1681 1679
f 1680 1582 1580
f 1682 1582 1680
f 1583 1683 1581
f 1581 1683 1681
f 1682 1584 1582
f 1684 1584 1682
f 1585 1685 1583
f 1583 1685 1683
f 1684 1586 1584
f 1686 1586 1684
f 1587 1687 1585
f 1585 1687 1685
f 1686 1588 1586
f 1688 1588 1686
f 1589 1689 1587
f 1587 1689 1687
f 1688 1590 1588
f 1690 1590 1688
f 1591 1691 1589
f 1589 1691 1689
f 1690 1592 1590
f 1692 1592 1690
f 1593 1693 1591
f 1591 1693 1691
f 1692 1594 1592
f 1694 1594 1692
f 1595 1695 1593
f 1593 1695 1693
f 1694 1596 1594
f 1696 1596 1694
f 1597 1697 1595
f 1595 1697 1695
f 1696 1598 1596
f 1698 1598 1696
f 1599 1699 1597
f 1597 1699 1697
f 1599 1700 1699
f 1600 1700 1599
f 1602 1702 1601
f 1601 1702 1701
f 1701 1603 1601
f 1703 1603 1701
f 1604 1704 1602
f 1602 1704 1702
f 1705 1606 1605
f 1706 1606 1705
f 1607 1707 1604
f 1604 1707 1704
f 1706 1608 1606
f 1708 1608 1706
f 1609 1709 1607
f 1607 1709 1707
f 1708 1610 1608
f 1710 1610 1708
f 1611 1711 1609
f 1609 1711 1709
f 1710 1612 1610
f 1712 1612 1710
f 1613 1713 1611
f 1611 1713 1711
f 1712 1614 1612
f 1714 1614 1712
f 1615 1715 1613
f 1613 1715 1713
f 1714 1616 1614
f 1716 1616 1714
f 1617 1717 1615
f 1615 1717 1715
f 1716 1618 1616
f 1718 1618 1716
f 1619 1719 1617
f 1617 1719 1717
f 1718 1620 1618
f 1720 1620 1718
f 1621 1721 1619
f 1619 1721 1719
f 1720 1622 1620
f 1722 1622 1720
f 1623 1723 1621
f 1621 1723 1721
f 1722 1624 1622
f 1724 1624 1722
f 1625 1725 1623
f 1623 1725 1723
f 1724 1626 1624
f 1726 1626 1724
f 1627 1727 1625
f 1625 1727 1725
f 1726 1628 1626
f 1728 1628 1726
f 1629 1729 1627
f 1627 1729 1727
f 1728 1630 1628
f 1730 1630 1728
f 1631 1731 1629
f 1629 1731 1729
f 1730 1632 1630
f 1732 1632 1730
f 1633 1733 1631
f 1631 1733 1731
f 1732 1634 1632
f 1734 1634 1732
f 1635 1735 1633
f 1633 1735 1733
f 1734 1636 1634
f 1736 1636 1734
f 1637 1737 1635
f 1635 1737 1735
f 1736 1638 1636
f 1738 1638 1736
f 1639 1739 1637
f 1637 1739 1737
f 1738 1640 1638
f 1740 1640 1738
f 1641 1741 1639
f 1639 1741 1739
f 1740 1642 1640
f 1742 1642 1740
f 1643 1743 1641
f 1641 1743 1741
f 1742 1644 1642
f 1744 1644 1742
f 1645 1745 1643
f 1643 1745 1743
f 1744 1646 1644
f 1746 1646 1744
f 1647 1747 1645
f 1645 1747 1745
f 1746 1648 1646
f 1748 1648 1746
f 1649 1749 1647
f 1647 1749 1747
f 1748 1650 1648
f 1750 1650 1748
f 1651 1751 1649
f 1649 1751 1749
f 1750 1652 1650
f 1752 1652 1750
f 1653 1753 1651
f 1651 1753 1751
f 1752 1654 1652
f 1754 1654 1752
f 1655 1755 1653
f 1653 1755 1753
f 1754 1656 1654
f 1756 1656 1754
f 1657 1757 1655
f 1655 1757 1755
f 1756 1658 1656
f 1758 1658 1756
f 1659 1759 1657
f 1657 1759 1757
f 1758 1660 1658
f 1760 1660 1758
f 1661 1761 1659
f 1659 1761 1759
f 1760 1662 1660
f 1762 1662 1760
f 1663 1763 1661
f 1661 1763 1761
f 1762 1664 1662
f 1764 1664 1762
f 1665 1765 1663
f 1663 1765 1763
f 1764 1666 1664
f 1766 1666 1764
f 1667 1767 1665
f 1665 1767 1765
f 1766 1668 1666
f 1768 1668 1766
f 1669 1769 1667
f 1667 1769 1767
f 1768 1670 1668
f 1770 1670 1768
f 1671 1771 1669
f 1669 1771 1769
f 1770 1672 1670
f 1772 1672 1770
f 1673 1773 1671
f 1671 1773 1771
f 1772 1674 1672
f 1774 1674 1772
f 1675 1775 1673
f 1673 1775 1773
f 1774 1676 1674
f 1776 1676 1774
f 1677 1777 1675
f 1675 1777 1775
f 1776 1678 1676
f 1778 1678 1776
f 1679 1779 1677
f 1677 1779 1777
f 1778 1680 1678
f 1780 1680 1778
f 1681 1781 1679
f 1679 1781 1779
f 1780 1682 1680
f 1782 1682 1780
f 1683 1783 1681
f 1681 1783 1781
f 1782 1684 1682
f 1784 1684 1782
f 1685 1785 1683
f 1683 1785 1783
f 1784 1686 1684
f 1786 1686 1784
f 1687 1787 1685
f 1685 1787 1785
f 1786 1688 1686
f 1788 1688 1786
f 1689 1789 1687
f 1687 1789 1787
f 1788 1690 1688
f 1790 1690 1788
f 1691 1791 1689
f 1689 1791 1789
f 1790 1692 1690
f 1792 1692 1790
f 1693 1793 1691
f 1691 1793 1791
f 1792 1694 1692
f 1794 1694 1792
f 1695 1795 1693
f 1693 1795 1793
f 1794 1696 1694
f 1796 1696 1794
f 1697 1797 1695
f 1695 1797 1795
f 1796 1698 1696
f 1798 1698 1796
f 1699 1799 1697
f 1697 1799 1797
f 1699 1800 1799
f 1700 1800 1699
f 1702 1802 1701
f 1701 1802 1801
f 1801 1703 1701
f 1803 1703 1801
f 1704 1804 1702
f 1702 1804 1802
f 1805 1706 1705
f 1806 1706 1805
f 1707 1807 1704
f 1704 1807 1804
f 1806 1708 1706
f 1808 1708 1806
f 1709 1809 1707
f 1707 1809 1807
f 1808 1710 1708
f 1810 1710 1808
f 1711 1811 1709
f 1709 1811 1809
f 1810 1712 1710
f 1812 1712 1810
f 1713 1813 1711
f 1711 1813 1811
f 1812 1714 1712
f 1814 1714 1812
f 1715 1815 1713
f 1713 1815 1813
f 1814 1716 1714
f 1816 1716 1814
f 1717 1817 1715
f 1715 1817 1815
f 1816 1718 1716
f 1818 1718 1816
f 1719 1819 1717
f 1717 1819 1817
f 1818 1720 1718
f 1820 1720 1818
f 1721 1821 1719
f 1719 1821 1819
f 1820 1722 1720
f 1822 1722 1820
f 1723 1823 1721
f 1721 1823 1821
f 1822 1724 1722
f 1824 1724 1822
f 1725 1825 1723
f 1723 1825 1823
f 1824 1726 1724
f 1826 1726 1824
f 1727 1827 1725
f 1725 1827 1825
f 1826 1728 1726
f 1828 1728 1826
f 1729 1829 1727
f 1727 1829 1827
f 1828 1730 1728
f 1830 1730 1828
f 1731 1831 1729
f 1729 1831 1829
f 1830 1732 1730
f 1832 1732 1830
f 1733 1833 1731
f 1731 1833 1831
f 1832 1734 1732
f 1834 1734 1832
f 1735 1835 1733
f 1733 1835 1833
f 1834 1736 1734
f 1836 1736 1834
f 1737 1837 1735
f 1735 1837 1835
f 1836 1738 1736
f 1838 1738 1836
f 1739 1839 1737
f 1737 1839 1837
f 1838 1740 1738
f 1840 1740 1838
f 1741 1841 1739
f 1739 1841 1839
f 1840 1742 1740
f 1842 1742 1840
f 1743 1843 1741
f 1741 1843 1841
f 1842 1744 1742
f 1844 1744 1842
f 1745 1845 1743
f 1743 1845 1843
f 1844 1746 1744
f 1846 1746 1844
f 1747 1847 1745
f 1745 1847 1845
f 1846 1748 1746
f 1848 1748 1846
f 1749 1849 1747
f 1747 1849 1847
f 1848 1750 1748
f 1850 1750 1848
f 1751 1851 1749
f 1749 1851 1849
f 1850 1752 1750
f 1852 1752 1850
f 1753 1853 1751
f 1751 1853 1851
f 1852 1754 1752
f 1854 1754 1852
f 1755 1855 1753
f 1753 1855 1853
f 1854 1756 1754
f 1856 1756 1854
f 1757 1857 1755
f 1755 1857 1855
f 1856 1758 1756
f 1858 1758 1856
f 1759 1859 1757
f 1757 1859 1857
f 1858 1760 1758
f 1860 1760 1858
f 1761 1861 1759
f 1759 1861 1859
f 1860 1762 1760
f 1862 1762 1860
f 1763 1863 1761
f 1761 1863 1861
f 1862 1764 1762
f 1864 1764 1862
f 1765 1865 1763
f 1763 1865 1863
f 1864 1766 1764
f 1866 1766 1864
f 1767 1867 1765
f 1765 1867 1865
f 1866 1768 1766
f 1868 1768 1866
f 1769 1869 1767
f 1767 1869 1867
f 1868 1770 1768
f 1870 1770 1868
f 1771 1871 1769
f 1769 1871 1869
f 1870 1772 1770
f 1872 1772 1870
f 1773 1873 1771
f 1771 1873 1871
f 1872 1774 1772
f 1874 1774 1872
f 1775 1875 1773
f 1773 1875 1873
f 1874 1776 1774
f 1876 1776 1874
f 1777 1877 1775
f 1775 1877 1875
f 1876 1778 1776
f 1878 1778 1876
f 1779 1879 1777
f 1777 1879 1877
f 1878 1780 1778
f 1880 1780 1878
f 1781 1881 1779
f 1779 1881 1879
f 1880 1782 1780
f 1882 1782 1880
f 1783 1883 1781
f 1781 1883 1881
f 1882 1784 1782
f 1884 1784 1882
f 1785 1885 1783
f 1783 1885 1883
f 1884 1786 1784
f 1886 1786 1884
f 1787 1887 1785
f 1785 1887 1885
f 1886 1788 1786
f 1888 1788 1886
f 1789 1889 1787
f 1787 1889 1887
f 1888 1790 1788
f 1890 1790 1888
f 1791 1891 1789
f 1789 1891 1889
f 1890 1792 1790
f 1892 1792 1890
f 1793 1893 1791
f 1791 1893 1891
f 1892 1794 1792
f 1894 1794 1892
f 1795 1895 1793
f 1793 1895 1893
f 1894 1796 1794
f 1896 1796 1894
f 1797 1897 1795
f 1795 1897 1895
f 1896 1798 1796
f 1898 1798 1896
f 1799 1899 1797
f 1797 1899 1897
f 1799 1900 1899
f 1800 1900 1799
f 1802 1902 1801
f 1801 1902 1901
f 1901 1803 1801
f 1903 1803 1901
f 1804 1904 1802
f 1802 1904 1902
f 1905 1806 1805
f 1906 1806 1905
f 1807 1907 1804
f 1804 1907 1904
f 1906 1808 1806
f 1908 1808 1906
f 1809 1909 1807
f 1807 1909 1907
f 1908 1810 1808
f 1910 1810 1908
f 1811 1911 1809
f 1809 1911 1909
f 1910 1812 1810
f 1912 1812 1910
f 1813 1913 1811
f 1811 1913 1911
f 1912 1814 1812
f 1914 1814 1912
f 1815 1915 1813
f 1813 1915 1913
f 1914 1816 1814
f 1916 1816 1914
f 1817 1917 1815
f 1815 1917 1915
f 1916 1818 1816
f 1918 1818 1916
f 1819 1919 1817
f 1817 1919 1917
f 1918 1820 1818
f 1920 1820 1918
f 1821 1921 1819
f 1819 1921 1919
f 1920 1822 1820
f 1922 1822 1920
f 1823 1923 1821
f 1821 1923 1921
f 1922 1824 1822
f 1924 1824 1922
f 1825 1925 1823
f 1823 1925 1923
f 1924 1826 1824
f 1926 1826 1924
f 1827 1927 1825
f 1825 1927 1925
f 1926 1828 1826
f 1928 1828 1926
f 1829 1929 1827
f 1827 1929 1927
f 1928 1830 1828
f 1930 1830 1928
f 1831 1931 1829
f 1829 1931 1929
f 1930 1832 1830
f 1932 1832 1930
f 1833 1933 1831
f 1831 1933 1931
f 1932 1834 1832
f 1934 1834 1932
f 1835 1935 1833
f 1833 1935 1933
f 1934 1836 1834
f 1936 1836 1934
f 1837 1937 1835
f 1835 1937 1935
f 1936 1838 1836
f 1938 1838 1936
f 1839 1939 1837
f 1837 1939 1937
f 1938 1840 1838
f 1940 1840 1938
f 1841 1941 1839
f 1839 1941 1939
f 1940 1842 1840
f 1942 1842 1940
f 1843 1943 1841
f 1841 1943 1941
f 1942 1844 1842
f 1944 1844 1942
f 1845 1945 1843
f 1843 1945 1943
f 1944 1846 1844
f 1946 1846 1944
f 1847 1947 1845
f 1845 1947 1945
f 1946 1848 1846
f 1948 1848 1946
f 1849 1949 1847
f 1847 1949 1947
f 1948 1850 1848
f 1950 1850 1948
f 1851 1951 1849
f 1849 1951 1949
f 1950 1852 1850
f 1952 1852 1950
f 1853 1953 1851
f 1851 1953 1951
f 1952 1854 1852
f 1954 1854 1952
f 1855 1955 1853
f 1853 1955 1953
f 1954 1856 1854
f 1956 1856 1954
f 1857 1957 1855
f 1855 1957 1955
f 1956 1858 1856
f 1958 1858 1956
f 1859 1959 1857
f 1857 1959 1957
f 1958 1860 1858
f 1960 1860 1958
f 1861 1961 1859
f 1859 1961 1959
f 1960 1862 1860
f 1962 1862 1960
f 1863 1963 1861
f 1861 1963 1961
f 1962 1864 1862
f 1964 1864 1962
f 1865 1965 1863
f 1863 1965 1963
f 1964 1866 1864
f 1966 1866 1964
f 1867 1967 1865
f 1865 1967 1965
f 1966 1868 1866
f 1968 1868 1966
f 1869 1969 1867
f 1867 1969 1967
f 1968 1870 1868
f 1970 1870 1968
f 1871 1971 1869
f 1869 1971 1969
f 1970 1872 1870
f 1972 1872 1970
f 1873 1973 1871
f 1871 1973 1971
f 1972 1874 1872
f 1974 1874 1972
f 1875 1975 1873
f 1873 1975 1973
f 1974 1876 1874
f 1976 1876 1974
f 1877 1977 1875
f 1875 1977 1975
f 1976 1878 1876
f 1978 1878 1976
f 1879 1979 1877
f 1877 1979 1977
f 1978 1880 1878
f 1980 1880 1978
f 1881 1981 1879
f 1879 1981 1979
f 1980 1882 1880
f 1982 1882 1980
f 1883 1983 1881
f 1881 1983 1981
f 1982 1884 1882
f 1984 1884 1982
f 1885 1985 1883
f 1883 1985 1983
f 1984 1886 1884
f 1986 1886 1984
f 1887 1987 1885
f 1885 1987 1985
f 1986 1888 1886
f 1988 1888 1986
f 1889 1989 1887
f 1887 1989 1987
f 1988 1890 1888
f 1990 1890 1988
f 1891 1991 1889
f 1889 1991 1989
f 1990 1892 1890
f 1992 1892 1990
f 1893 1993 1891
f 1891 1993 1991
f 1992 1894 1892
f 1994 1894 1992
f 1895 1995 1893
f 1893 1995 1993
f 1994 1896 1894
f 1996 1896 1994
f 1897 1997 1895
f 1895 1997 1995
f 1996 1898 1896
f 1998 1898 1996
f 1899 1999 1897
f 1897 1999 1997
f 1899 2000 1999
f 1900 2000 1899
f 1902 2002 1901
f 1901 2002 2001
f 2001 1903 1901
f 2003 1903 2001
f 1904 2004 1902
f 1902 2004 2002
f 2005 1906 1905
f 2006 1906 2005
f 1907 2007 1904
f 1904 2007 2004
f 2006 1908 1906
f 2008 1908 2006
f 1909 2009 1907
f 1907 2009 2007
f 2008 1910 1908
f 2010 1910 2008
f 1911 2011 1909
f 1909 2011 2009
f 2010 1912 1910
f 2012 1912 2010
f 1913 2013 1911
f 1911 2013 2011
f 2012 1914 1912
f 2014 1914 2012
f 1915 2015 1913
f 1913 2015 2013
f 2014 1916 1914
f 2016 1916 2014
f 1917 2017 1915
f 1915 2017 2015
f 2016 1918 1916
f 2018 1918 2016
f 1919 2019 1917
f 1917 2019 2017
f 2018 1920 1918
f 2020 1920 2018
f 1921 2021 1919
f 1919 2021 2019
f 2020 1922 1920
f 2022 1922 2020
f 1923 2023 1921
f 1921 2023 2021
f 2022 1924 1922
f 2024 1924 2022
f 1925 2025 1923
f 1923 2025 2023
f 2024 1926 1924
f 2026 1926 2024
f 1927 2027 1925
f 1925 2027 2025
f 2026 1928 1926
f 2028 1928 2026
f 1929 2029 1927
f 1927 2029 2027
f 2028 1930 1928
f 2030 1930 2028
f 1931 2031 1929
f 1929 2031 2029
f 2030 1932 1930
f 2032 1932 2030
f 1933 2033 1931
f 1931 2033 2031
f 2032 1934 1932
f 2034 1934 2032
f 1935 2035 1933
f 1933 2035 2033
f 2034 1936 1934
f 2036 1936 2034
f 1937 2037 1935
f 1935 2037 2035
f 2036 1938 1936
f 2038 1938 2036
f 1939 2039 1937
f 1937 2039 2037
f 2038 1940 1938
f 2040 1940 2038
f 1941 2041 1939
f 1939 2041 2039
f 2040 1942 1940
f 2042 1942 2040
f 1943 2043 1941
f 1941 2043 2041
f 2042 1944 1942
f 2044 1944 2042
f 1945 2045 1943
f 1943 2045 2043
f 2044 1946 1944
f 2046 1946 2044
f 1947 2047 1945
f 1945 2047 2045
f 2046 1948 1946
f 2048 1948 2046
f 1949 2049 1947
f 1947 2049 2047
f 2048 1950 1948
f 2050 1950 2048
f 1951 2051 1949
f 1949 2051 2049
f 2050 1952 1950
f 2052 1952 2050
f 1953 2053 1951
f 1951 2053 2051
f 2052 1954 1952
f 2054 1954 2052
f 1955 2055 1953
f 1953 2055 2053
f 2054 1956 1954
f 2056 1956 2054
f 1957 2057 1955
f 1955 2057 2055
f 2056 1958 1956
f 2058 1958 2056
f 1959 2059 1957
f 1957 2059 2057
f 2058 1960 1958
f 2060 1960 2058
f 1961 2061 1959
f 1959 2061 2059
f 2060 1962 1960
f 2062 1962 2060
f 1963 2063 1961
f 1961 2063 2061
f 2062 1964 1962
f 2064 1964 2062
f 1965 2065 1963
f 1963 2065 2063
f 2064 1966 1964
f 2066 1966 2064
f 1967 2067 1965
f 1965 2067 2065
f 2066 1968 1966
f 2068 1968 2066
f 1969 2069 1967
f 1967 2069 2067
f 2068 1970 1968
f 2070 1970 2068
f 1971 2071 1969
f 1969 2071 2069
f 2070 1972 1970
f 2072 1972 2070
f 1973 2073 1971
f 1971 2073 2071
f 2072 1974 1972
f 2074 1974 2072
f 1975 2075 1973
f 1973 2075 2073
f 2074 1976 1974
f 2076 1976 2074
f 1977 2077 1975
f 1975 2077 2075
f 2076 1978 1976
f 2078 1978 2076
f 1979 2079 1977
f 1977 2079 2077
f 2078 1980 1978
f 2080 1980 2078
f 1981 2081 1979
f 1979 2081 2079
f 2080 1982 1980
f 2082 1982 2080
f 1983 2083 1981
f 1981 2083 2081
f 2082 1984 1982
f 2084 1984 2082
f 1985 2085 1983
f 1983 2085 2083
f 2084 1986 1984
f 2086 1986 2084
f 1987 2087 1985
f 1985 2087 2085
f 2086 1988 1986
f 2088 1988 2086
f 1989 2089 1987
f 1987 2089 2087
f 2088 1990 1988
f 2090 1990 2088
f 1991 2091 1989
f 1989 2091 2089
f 2090 1992 1990
f 2092 1992 2090
f 1993 2093 1991
f 1991 2093 2091
f 2092 1994 1992
f 2094 1994 2092
f 1995 2095 1993
f 1993 2095 2093
f 2094 1996 1994
f 2096 1996 2094
f 1997 2097 1995
f 1995 2097 2095
f 2096 1998 1996
f 2098 1998 2096
f 1999 2099 1997
f 1997 2099 2097
f 1999 2100 2099
f 2000 2100 1999
f 2002 2102 2001
f 2001 2102 2101
f 2101 2003 2001
f 2103 2003 2101
f 2004 2104 2002
f 2002 2104 2102
f 2105 2006 2005
f 2106 2006 2105
f 2007 2107 2004
f 2004 2107 2104
f 2106 2008 2006
f 2108 2008 2106
f 2009 2109 2007
f 2007 2109 2107
f 2108 2010 2008
f 2110 2010 2108
f 2011 2111 2009
f 2009 2111 2109
f 2110 2012 2010
f 2112 2012 2110
f 2013 2113 2011
f 2011 2113 2111
f 2112 2014 2012
f 2114 2014 2112
f 2015 2115 2013
f 2013 2115 2113
f 2114 2016 2014
f 2116 2016 2114
f 2017 2117 2015
f 2015 2117 2115
f 2116 2018 2016
f 2118 2018 2116
f 2019 2119 2017
f 2017 2119 2117
f 2118 2020 2018
f 2120 2020 2118
f 2021 2121 2019
f 2019 2121 2119
f 2120 2022 2020
f 2122 2022 2120
f 2023 2123 2021
f 2021 2123 2121
f 2122 2024 2022
f 2124 2024 2122
f 2025 2125 2023
f 2023 2125 2123
f 2124 2026 2024
f 2126 2026 2124
f 2027 2127 2025
f 2025 2127 2125
f 2126 2028 2026
f 2128 2028 2126
f 2029 2129 2027
f 2027 2129 2127
f 2128 2030 2028
f 2130 2030 2128
f 2031 2131 2029
f 2029 2131 2129
f 2130 2032 2030
f 2132 2032 2130
f 2033 2133 2031
f 2031 2133 2131
f 2132 2034 2032
f 2134 2034 2132
f 2035 2135 2033
f 2033 2135 2133
f 2134 2036 2034
f 2136 2036 2134
f 2037 2137 2035
f 2035 2137 2135
f 2136 2038 2036
f 2138 2038 2136
f 2039 2139 2037
f 2037 2139 2137
f 2138 2040 2038
f 2140 2040 2138
f 2041 2141 2039
f 2039 2141 2139
f 2140 2042 2040
f 2142 2042 2140
f 2043 2143 2041
f 2041 2143 2141
f 2142 2044 2042
f 2144 2044 2142
f 2045 2145 2043
f 2043 2145 2143
f 2144 2046 2044
f 2146 2046 2144
f 2047 2147 2045
f 2045 2147 2145
f 2146 2048 2046
f 2148 2048 2146
f 2049 2149 2047
f 2047 2149 2147
f 2148 2050 2048
f 2150 2050 2148
f 2051 2151 2049
f 2049 2151 2149
f 2150 2052 2050
f 2152 2052 2150
f 2053 2153 2051
f 2051 2153 2151
f 2152 2054 2052
f 2154 2054 2152
f 2055 2155 2053
f 2053 2155 2153
f 2154 2056 2054
f 2156 2056 2154
f 2057 2157 2055
f 2055 2157 2155
f 2156 2058 2056
f 2158 2058 2156
f 2059 2159 2057
f 2057 2159 2157
f 2158 2060 2058
f 2160 2060 2158
f 2061 2161 2059
f 2059 2161 2159
f 2160 2062 2060
f 2162 2062 2160
f 2063 2163 2061
f 2061 2163 2161
f 2162 2064 2062
f 2164 2064 2162
f 2065 2165 2063
f 2063 2165 2163
f 2164 2066 2064
f 2166 2066 2164
f 2067 2167 2065
f 2065 2167 2165
f 2166 2068 2066
f 2168 2068 2166
f 2069 2169 2067
f 2067 2169 2167
f 2168 2070 2068
f 2170 2070 2168
f 2071 2171 2069
f 2069 2171 2169
f 2170 2072 2070
f 2172 2072 2170
f 2073 2173 2071
f 2071 2173 2171
f 2172 2074 2072
f 2174 2074 2172
f 2075 2175 2073
f 2073 2175 2173
f 2174 2076 2074
f 2176 2076 2174
f 2077 2177 2075
f 2075 2177 2175
f 2176 2078 2076
f 2178 2078 2176
f 2079 2179 2077
f 2077 2179 2177
f 2178 2080 2078
f 2180 2080 2178
f 2081 2181 2079
f 2079 2181 2179
f 2180 2082 2080
f 2182 2082 2180
f 2083 2183 2081
f 2081 2183 2181
f 2182 2084 2082
f 2184 2084 2182
f 2085 2185 2083
f 2083 2185 2183
f 2184 2086 2084
f 2186 2086 2184
f 2087 2187 2085
f 2085 2187 2185
f 2186 2088 2086
f 2188 2088 2186
f 2089 2189 2087
f 2087 2189 2187
f 2188 2090 2088
f 2190 2090 2188
f 2091 2191 2089
f 2089 2191 2189
f 2190 2092 2090
f 2192 2092 2190
f 2093 2193 2091
f 2091 2193 2191
f 2192 2094 2092
f 2194 2094 2192
f 2095 2195 2093
f 2093 2195 2193
f 2194 2096 2094
f 2196 2096 2194
f 2097 2197 2095
f 2095 2197 2195
f 2196 2098 2096
f 2198 2098 2196
f 2099 2199 2097
f 2097 2199 2197
f 2099 2200 2199
f 2100 2200 2099
f 2102 2202 2101
f 2101 2202 2201
f 2201 2103 2101
f 2203 2103 2201
f 2104 2204 2102
f 2102 2204 2202
f 2205 2106 2105
f 2206 2106 2205
f 2107 2207 2104
f 2104 2207 2204
f 2206 2108 2106
f 2208 2108 2206
f 2109 2209 2107
f 2107 2209 2207
f 2208 2110 2108
f 2210 2110 2208
f 2111 2211 2109
f 2109 2211 2209
f 2210 2112 2110
f 2212 2112 2210
f 2113 2213 2111
f 2111 2213 2211
f 2212 2114 2112
f 2214 2114 2212
f 2115 2215 2113
f 2113 2215 2213
f 2214 2116 2114
f 2216 2116 2214
f 2117 2217 2115
f 2115 2217 2215
f 2216 2118 2116
f 2218 2118 2216
f 2119 2219 2117
f 2117 2219 2217
f 2218 2120 2118
f 2220 2120 2218
f 2121 2221 2119
f 2119 2221 2219
f 2220 2122 2120
f 2222 2122 2220
f 2123 2223 2121
f 2121 2223 2221
f 2222 2124 2122
f 2224 2124 2222
f 2125 2225 2123
f 2123 2225 2223
f 2224 2126 2124
f 2226 2126 2224
f 2127 2227 2125
f 2125 2227 2225
f 2226 2128 2126
f 2228 2128 2226
f 2129 2229 2127
f 2127 2229 2227
f 2228 2130 2128
f 2230 2130 2228
f 2131 2231 2129
f 2129 2231 2229
f 2230 2132 2130
f 2232 2132 2230
f 2133 2233 2131
f 2131 2233 2231
f 2232 2134 2132
f 2234 2134 2232
f 2135 2235 2133
f 2133 2235 2233
f 2234 2136 2134
f 2236 2136 2234
f 2137 2237 2135
f 2135 2237 2235
f 2236 2138 2136
f 2238 2138 2236
f 2139 2239 2137
f 2137 2239 2237
f 2238 2140 2138
f 2240 2140 2238
f 2141 2241 2139
f 2139 2241 2239
f 2240 2142 2140
f 2242 2142 2240
f 2143 2243 2141
f 2141 2243 2241
f 2242 2144 2142
f 2244 2144 2242
f 2145 2245 2143
f 2143 2245 2243
f 2244 2146 2144
f 2246 2146 2244
f 2147 2247 2145
f 2145 2247 2245
f 2246 2148 2146
f 2248 2148 2246
f 2149 2249 2147
f 2147 2249 2247
f 2248 2150 2148
f 2250 2150 2248
f 2151 2251 2149
f 2149 2251 2249
f 2250 2152 2150
f 2252 2152 2250
f 2153 2253 2151
f 2151 2253 2251
f 2252 2154 2152
f 2254 2154 2252
f 2155 2255 2153
f 2153 2255 2253
f 2254 2156 2154
f 2256 2156 2254
f 2157 2257 2155
f 2155 2257 2255
f 2256 2158 2156
f 2258 2158 2256
f 2159 2259 2157
f 2157 2259 2257
f 2258 2160 2158
f 2260 2160 2258
f 2161 2261 2159
f 2159 2261 2259
f 2260 2162 2160
f 2262 2162 2260
f 2163 2263 2161
f 2161 2263 2261
f 2262 2164 2162
f 2264 2164 2262
f 2165 2265 2163
f 2163 2265 2263
f 2264 2166 2164
f 2266 2166 2264
f 2167 2267 2165
f 2165 2267 2265
f 2266 2168 2166
f 2268 2168 2266
f 2169 2269 2167
f 2167 2269 2267
f 2268 2170 2168
f 2270 2170 2268
f 2171 2271 2169
f 2169 2271 2269
f 2270 2172 2170
f 2272 2172 2270
f 2173 2273 2171
f 2171 2273 2271
f 2272 2174 2172
f 2274 2174 2272
f 2175 2275 2173
f 2173 2275 2273
f 2274 2176 2174
f 2276 2176 2274
f 2177 2277 2175
f 2175 2277 2275
f 2276 2178 2176
f 2278 2178 2276
f 2179 2279 2177
f 2177 2279 2277
f 2278 2180 2178
f 2280 2180 2278
f 2181 2281 2179
f 2179 2281 2279
f 2280 2182 2180
f 2282 2182 2280
f 2183 2283 2181
f 2181 2283 2281
f 2282 2184 2182
f 2284 2184 2282
f 2185 2285 2183
f 2183 2285 2283
f 2284 2186 2184
f 2286 2186 2284
f 2187 2287 2185
f 2185 2287 2285
f 2286 2188 2186
f 2288 2188 2286
f 2189 2289 2187
f 2187 2289 2287
f 2288 2190 2188
f 2290 2190 2288
f 2191 2291 2189
f 2189 2291 2289
f 2290 2192 2190
f 2292 2192 2290
f 2193 2293 2191
f 2191 2293 2291
f 2292 2194 2192
f 2294 2194 2292
f 2195 2295 2193
f 2193 2295 2293
f 2294 2196 2194
f 2296 2196 2294
f 2197 2297 2195
f 2195 2297 2295
f 2296 2198 2196
f 2298 2198 2296
f 2199 2299 2197
f 2197 2299 2297
f 2199 2300 2299
f 2200 2300 2199
f 2202 2302 2201
f 2201 2302 2301
f 2301 2203 2201
f 2302 2304 2301
f 2303 2203 2301
f 2301 2304 2303
f 2204 2305 2202
f 2202 2305 2302
f 2305 2306 2302
f 2302 2306 2304
f 2304 2206 2205
f 2306 2206 2304
f 2207 2307 2204
f 2204 2307 2305
f 2307 2308 2305
f 2305 2308 2306
f 2306 2208 2206
f 2308 2208 2306
f 2209 2309 2207
f 2207 2309 2307
f 2309 2310 2307
f 2307 2310 2308
f 2308 2210 2208
f 2310 2210 2308
f 2211 2311 2209
f 2209 2311 2309
f 2311 2312 2309
f 2309 2312 2310
f 2310 2212 2210
f 2312 2212 2310
f 2213 2313 2211
f 2211 2313 2311
f 2313 2314 2311
f 2311 2314 2312
f 2312 2214 2212
f 2314 2214 2312
f 2215 2315 2213
f 2213 2315 2313
f 2315 2316 2313
f 2313 2316 2314
f 2314 2216 2214
f 2316 2216 2314
f 2217 2317 2215
f 2215 2317 2315
f 2317 2318 2315
f 2315 2318 2316
f 2316 2218 2216
f 2318 2218 2316
f 2219 2319 2217
f 2217 2319 2317
f 2319 2320 2317
f 2317 2320 2318
f 2318 2220 2218
f 2320 2220 2318
f 2221 2321 2219
f 2219 2321 2319
f 2321 2322 2319
f 2319 2322 2320
f 2320 2222 2220
f 2322 2222 2320
f 2223 2323 2221
f 2221 2323 2321
f 2323 2324 2321
f 2321 2324 2322
f 2322 2224 2222
f 2324 2224 2322
f 2225 2325 2223
f 2223 2325 2323
f 2325 2326 2323
f 2323 2326 2324
f 2324 2226 2224
f 2326 2226 2324
f 2227 2327 2225
f 2225 2327 2325
f 2327 2328 2325
f 2325 2328 2326
f 2326 2228 2226
f 2328 2228 2326
f 2229 2329 2227
f 2227 2329 2327
f 2329 2330 2327
f 2327 2330 2328
f 2328 2230 2228
f 2330 2230 2328
f 2231 2331 2229
f 2229 2331 2329
f 2331 2332 2329
f 2329 2332 2330
f 2330 2232 2230
f 2332 2232 2330
f 2233 2333 2231
f 2231 2333 2331
f 2333 2334 2331
f 2331 2334 2332
f 2332 2234 2232
f 2334 2234 2332
f 2235 2335 2233
f 2233 2335 2333
f 2335 2336 2333
f 2333 2336 2334
f 2334 2236 2234
f 2336 2236 2334
f 2237 2337 2235
f 2235 2337 2335
f 2337 2338 2335
f 2335 2338 2336
f 2336 2238 2236
f 2338 2238 2336
f 2239 2339 2237
f 2237 2339 2337
f 2339 2340 2337
f 2337 2340 2338
f 2338 2240 2238
f 2340 2240 2338
f 2241 2341 2239
f 2239 2341 2339
f 2341 2342 2339
f 2339 2342 2340
f 2340 2242 2240
f 2342 2242 2340
f 2243 2343 2241
f 2241 2343 2341
f 2343 2344 2341
f 2341 2344 2342
f 2342 2244 2242
f 2344 2244 2342
f 2245 2345 2243
f 2243 2345 2343
f 2345 2346 2343
f 2343 2346 2344
f 2344 2246 2244
f 2346 2246 2344
f 2247 2347 2245
f 2245 2347 2345
f 2347 2348 2345
f 2345 2348 2346
f 2346 2248 2246
f 2348 2248 2346
f 2249 2349 2247
f 2247 2349 2347
f 2349 2350 2347
f 2347 2350 2348
f 2348 2250 2248
f 2350 2250 2348
f 2251 2351 2249
f 2249 2351 2349
f 2351 2352 2349
f 2349 2352 2350
f 2350 2252 2250
f 2352 2252 2350
f 2253 2353 2251
f 2251 2353 2351
f 2353 2354 2351
f 2351 2354 2352
f 2352 2254 2252
f 2354 2254 2352
f 2255 2355 2253
f 2253 2355 2353
f 2355 2356 2353
f 2353 2356 2354
f 2354 2256 2254
f 2356 2256 2354
f 2257 2357 2255
f 2255 2357 2355
f 2357 2358 2355
f 2355 2358 2356
f 2356 2258 2256
f 2358 2258 2356
f 2259 2359 2257
f 2257 2359 2357
f 2359 2360 2357
f 2357 2360 2358
f 2358 2260 2258
f 2360 2260 2358
f 2261 2361 2259
f 2259 2361 2359
f 2361 2362 2359
f 2359 2362 2360
f 2360 2262 2260
f 2362 2262 2360
f 2263 2363 2261
f 2261 2363 2361
f 2363 2364 2361
f 2361 2364 2362
f 2362 2264 2262
f 2364 2264 2362
f 2265 2365 2263
f 2263 2365 2363
f 2365 2366 2363
f 2363 2366 2364
f 2364 2266 2264
f 2366 2266 2364
f 2267 2367 2265
f 2265 2367 2365
f 2367 2368 2365
f 2365 2368 2366
f 2366 2268 2266
f 2368 2268 2366
f 2269 2369 2267
f 2267 2369 2367
f 2369 2370 2367
f 2367 2370 2368
f 2368 2270 2268
f 2370 2270 2368
f 2271 2371 2269
f 2269 2371 2369
f 2371 2372 2369
f 2369 2372 2370
f 2370 2272 2270
f 2372 2272 2370
f 2273 2373 2271
f 2271 2373 2371
f 2373 2374 2371
f 2371 2374 2372
f 2372 2274 2272
f 2374 2274 2372
f 2275 2375 2273
f 2273 2375 2373
f 2375 2376 2373
f 2373 2376 2374
f 2374 2276 2274
f 2376 2276 2374
f 2277 2377 2275
f 2275 2377 2375
f 2377 2378 2375
f 2375 2378 2376
f 2376 2278 2276
f 2378 2278 2376
f 2279 2379 2277
f 2277 2379 2377
f 2379 2380 2377
f 2377 2380 2378
f 2378 2280 2278
f 2380 2280 2378
f 2281 2381 2279
f 2279 2381 2379
f 2381 2382 2379
f 2379 2382 2380
f 2380 2282 2280
f 2382 2282 2380
f 2283 2383 2281
f 2281 2383 2381
f 2383 2384 2381
f 2381 2384 2382
f 2382 2284 2282
f 2384 2284 2382
f 2285 2385 2283
f 2283 2385 2383
f 2385 2386 2383
f 2383 2386 2384
f 2384 2286 2284
f 2386 2286 2384
f 2287 2387 2285
f 2285 2387 2385
f 2387 2388 2385
f 2385 2388 2386
f 2386 2288 2286
f 2388 2288 2386
f 2289 2389 2287
f 2287 2389 2387
f 2389 2390 2387
f 2387 2390 2388
f 2388 2290 2288
f 2390 2290 2388
f 2291 2391 2289
f 2289 2391 2389
f 2391 2392 2389
f 2389 2392 2390
f 2390 2292 2290
f 2392 2292 2390
f 2293 2393 2291
f 2291 2393 2391
f 2393 2394 2391
f 2391 2394 2392
f 2392 2294 2292
f 2394 2294 2392
f 2295 2395 2293
f 2293 2395 2393
f 2395 2396 2393
f 2393 2396 2394
f 2394 2296 2294
f 2396 2296 2394
f 2297 2397 2295
f 2295 2397 2395
f 2397 2398 2395
f 2395 2398 2396
f 2396 2298 2296
f 2398 2298 2396
f 2299 2399 2297
f 2297 2399 2397
f 2299 2400 2399
f 2300 2400 2299
f 2399 2400 2397
f 2397 2400 2398
f 2401 6 5
f 7 2401 5
f 6 2404 11
f 2402 6 2401
f 2402 2404 6
f 2403 2401 7
f 2405 199 195
f 196 2405 195
f 199 2408 200
f 2406 199 2405
f 2406 2408 199
f 2407 2405 196
f 203 2403 7
f 11 2410 205
f 2404 2410 11
f 2409 2403 203
f 298 2407 196
f 200 2412 300
f 2408 2412 200
f 2411 2407 298
f 303 2409 203
f 205 2414 305
f 2410 2414 205
f 2413 2409 303
f 398 2411 298
f 300 2416 400
f 2412 2416 300
f 2415 2411 398
f 403 2413 303
f 305 2418 405
f 2414 2418 305
f 2417 2413 403
f 498 2415 398
f 400 2420 500
f 2416 2420 400
f 2419 2415 498
f 503 2417 403
f 405 2422 505
f 2418 2422 405
f 2421 2417 503
f 598 2419 498
f 500 2424 600
f 2420 2424 500
f 2423 2419 598
f 603 2421 503
f 505 2426 605
f 2422 2426 505
f 2425 2421 603
f 698 2423 598
f 600 2428 700
f 2424 2428 600
f 2427 2423 698
f 703 2425 603
f 605 2430 705
f 2426 2430 605
f 2429 2425 703
f 798 2427 698
f 700 2432 800
f 2428 2432 700
f 2431 2427 798
f 803 2429 703
f 705 2434 805
f 2430 2434 705
f 2433 2429 803
f 898 2431 798
f 800 2436 900
f 2432 2436 800
f 2435 2431 898
f 903 2433 803
f 805 2438 905
f 2434 2438 805
f 2437 2433 903
f 998 2435 898
f 900 2440 1000
f 2436 2440 900
f 2439 2435 998
f 1003 2437 903
f 905 2442 1005
f 2438 2442 905
f 2441 2437 1003
f 1098 2439 998
f 1000 2444 1100
f 2440 2444 1000
f 2443 2439 1098
f 1103 2441 1003
f 1005 2446 1105
f 2442 2446 1005
f 2445 2441 1103
f 1198 2443 1098
f 1100 2448 1200
f 2444 2448 1100
f 2447 2443 1198
f 1203 2445 1103
f 1105 2450 1205
f 2446 2450 1105
f 2449 2445 1203
f 1298 2447 1198
f 1200 2452 1300
f 2448 2452 1200
f 2451 2447 1298
f 1303 2449 1203
f 1205 2454 1305
f 2450 2454 1205
f 2453 2449 1303
f 1398 2451 1298
f 1300 2456 1400
f 2452 2456 1300
f 2455 2451 1398
f 1403 2453 1303
f 1305 2458 1405
f 2454 2458 1305
f 2457 2453 1403
f 1498 2455 1398
f 1400 2460 1500
f 2456 2460 1400
f 2459 2455 1498
f 1503 2457 1403
f 1405 2462 1505
f 2458 2462 1405
f 2461 2457 1503
f 1598 2459 1498
f 1500 2464 1600
f 2460 2464 1500
f 2463 2459 1598
f 1603 2461 1503
f 1505 2466 1605
f 2462 2466 1505
f 2465 2461 1603
f 1698 2463 1598
f 1600 2468 1700
f 2464 2468 1600
f 2467 2463 1698
f 1703 2465 1603
f 1605 2470 1705
f 2466 2470 1605
f 2469 2465 1703
f 1798 2467 1698
f 1700 2472 1800
f 2468 2472 1700
f 2471 2467 1798
f 1803 2469 1703
f 1705 2474 1805
f 2470 2474 1705
f 2473 2469 1803
f 1898 2471 1798
f 1800 2476 1900
f 2472 2476 1800
f 2475 2471 1898
f 1903 2473 1803
f 1805 2478 1905
f 2474 2478 1805
f 2477 2473 1903
f 1998 2475 1898
f 1900 2480 2000
f 2476 2480 1900
f 2479 2475 1998
f 2003 2477 1903
f 1905 2482 2005
f 2478 2482 1905
f 2481 2477 2003
f 2098 2479 1998
f 2000 2484 2100
f 2480 2484 2000
f 2483 2479 2098
f 2103 2481 2003
f 2005 2486 2105
f 2482 2486 2005
f 2485 2481 2103
f 2198 2483 2098
f 2100 2488 2200
f 2484 2488 2100
f 2487 2483 2198
f 2203 2485 2103
f 2105 2490 2205
f 2486 2490 2105
f 2489 2485 2203
f 2298 2487 2198
f 2200 2492 2300
f 2488 2492 2200
f 2491 2487 2298
f 2303 2489 2203
f 2205 2494 2304
f 2490 2494 2205
f 2493 2489 2303
f 2398 2491 2298
f 2300 2496 2400
f 2492 2496 2300
f 2495 2491 2398
f 2304 2498 2303
f 2303 2498 2497
f 2497 2493 2303
f 2498 2500 2497
f 2499 2493 2497
f 2497 2500 2499
f 2306 2501 2304
f 2494 2306 2304
f 2304 2501 2498
f 2502 2306 2494
f 2501 2503 2498
f 2498 2503 2500
f 2308 2504 2306
f 2502 2308 2306
f 2306 2504 2501
f 2505 2308 2502
f 2504 2506 2501
f 2501 2506 2503
f 2310 2507 2308
f 2505 2310 2308
f 2308 2507 2504
f 2508 2310 2505
f 2507 2509 2504
f 2504 2509 2506
f 2312 2510 2310
f 2508 2312 2310
f 2310 2510 2507
f 2511 2312 2508
f 2510 2512 2507
f 2507 2512 2509
f 2314 2513 2312
f 2511 2314 2312
f 2312 2513 2510
f 2514 2314 2511
f 2513 2515 2510
f 2510 2515 2512
f 2316 2516 2314
f 2514 2316 2314
f 2314 2516 2513
f 2517 2316 2514
f 2516 2518 2513
f 2513 2518 2515
f 2318 2519 2316
f 2517 2318 2316
f 2316 2519 2516
f 2520 2318 2517
f 2519 2521 2516
f 2516 2521 2518
f 2320 2522 2318
f 2520 2320 2318
f 2318 2522 2519
f 2523 2320 2520
f 2522 2524 2519
f 2519 2524 2521
f 2322 2525 2320
f 2523 2322 2320
f 2320 2525 2522
f 2526 2322 2523
f 2525 2527 2522
f 2522 2527 2524
f 2324 2528 2322
f 2526 2324 2322
f 2322 2528 2525
f 2529 2324 2526
f 2528 2530 2525
f 2525 2530 2527
f 2326 2531 2324
f 2529 2326 2324
f 2324 2531 2528
f 2532 2326 2529
f 2531 2533 2528
f 2528 2533 2530
f 2328 2534 2326
f 2532 2328 2326
f 2326 2534 2531
f 2535 2328 2532
f 2534 2536 2531
f 2531 2536 2533
f 2330 2537 2328
f 2535 2330 2328
f 2328 2537 2534
f 2538 2330 2535
f 2537 2539 2534
f 2534 2539 2536
f 2332 2540 2330
f 2538 2332 2330
f 2330 2540 2537
f 2541 2332 2538
f 2540 2542 2537
f 2537 2542 2539
f 2334 2543 2332
f 2541 2334 2332
f 2332 2543 2540
f 2544 2334 2541
f 2543 2545 2540
f 2540 2545 2542
f 2336 2546 2334
f 2544 2336 2334
f 2334 2546 2543
f 2547 2336 2544
f 2546 2548 2543
f 2543 2548 2545
f 2338 2549 2336
f 2547 2338 2336
f 2336 2549 2546
f 2550 2338 2547
f 2549 2551 2546
f 2546 2551 2548
f 2340 2552 2338
f 2550 2340 2338
f 2338 2552 2549
f 2553 2340 2550
f 2552 2554 2549
f 2549 2554 2551
f 2342 2555 2340
f 2553 2342 2340
f 2340 2555 2552
f 2556 2342 2553
f 2555 2557 2552
f 2552 2557 2554
f 2344 2558 2342
f 2556 2344 2342
f 2342 2558 2555
f 2559 2344 2556
f 2558 2560 2555
f 2555 2560 2557
f 2346 2561 2344
f 2559 2346 2344
f 2344 2561 2558
f 2562 2346 2559
f 2561 2563 2558
f 2558 2563 2560
f 2348 2564 2346
f 2562 2348 2346
f 2346 2564 2561
f 2565 2348 2562
f 2564 2566 2561
f 2561 2566 2563
f 2350 2567 2348
f 2565 2350 2348
f 2348 2567 2564
f 2568 2350 2565
f 2567 2569 2564
f 2564 2569 2566
f 2352 2570 2350
f 2568 2352 2350
f 2350 2570 2567
f 2571 2352 2568
f 2570 2572 2567
f 2567 2572 2569
f 2354 2573 2352
f 2571 2354 2352
f 2352 2573 2570
f 2574 2354 2571
f 2573 2575 2570
f 2570 2575 2572
f 2356 2576 2354
f 2574 2356 2354
f 2354 2576 2573
f 2577 2356 2574
f 2576 2578 2573
f 2573 2578 2575
f 2358 2579 2356
f 2577 2358 2356
f 2356 2579 2576
f 2580 2358 2577
f 2579 2581 2576
f 2576 2581 2578
f 2360 2582 2358
f 2580 2360 2358
f 2358 2582 2579
f 2583 2360 2580
f 2582 2584 2579
f 2579 2584 2581
f 2362 2585 2360
f 2583 2362 2360
f 2360 2585 2582
f 2586 2362 2583
f 2585 2587 2582
f 2582 2587 2584
f 2364 2588 2362
f 2586 2364 2362
f 2362 2588 2585
f 2589 2364 2586
f 2588 2590 2585
f 2585 2590 2587
f 2366 2591 2364
f 2589 2366 2364
f 2364 2591 2588
f 2592 2366 2589
f 2591 2593 2588
f 2588 2593 2590
f 2368 2594 2366
f 2592 2368 2366
f 2366 2594 2591
f 2595 2368 2592
f 2594 2596 2591
f 2591 2596 2593
f 2370 2597 2368
f 2595 2370 2368
f 2368 2597 2594
f 2598 2370 2595
f 2597 2599 2594
f 2594 2599 2596
f 2372 2600 2370
f 2598 2372 2370
f 2370 2600 2597
f 2601 2372 2598
f 2600 2602 2597
f 2597 2602 2599
f 2374 2603 2372
f 2601 2374 2372
f 2372 2603 2600
f 2604 2374 2601
f 2603 2605 2600
f 2600 2605 2602
f 2376 2606 2374
f 2604 2376 2374
f 2374 2606 2603
f 2607 2376 2604
f 2606 2608 2603
f 2603 2608 2605
f 2378 2609 2376
f 2607 2378 2376
f 2376 2609 2606
f 2610 2378 2607
f 2609 2611 2606
f 2606 2611 2608
f 2380 2612 2378
f 2610 2380 2378
f 2378 2612 2609
f 2613 2380 2610
f 2612 2614 2609
f 2609 2614 2611
f 2382 2615 2380
f 2613 2382 2380
f 2380 2615 2612
f 2616 2382 2613
f 2615 2617 2612
f 2612 2617 2614
f 2384 2618 2382
f 2616 2384 2382
f 2382 2618 2615
f 2619 2384 2616
f 2618 2620 2615
f 2615 2620 2617
f 2386 2621 2384
f 2619 2386 2384
f 2384 2621 2618
f 2622 2386 2619
f 2621 2623 2618
f 2618 2623 2620
f 2388 2624 2386
f 2622 2388 2386
f 2386 2624 2621
f 2625 2388 2622
f 2624 2626 2621
f 2621 2626 2623
f 2390 2627 2388
f 2625 2390 2388
f 2388 2627 2624
f 2628 2390 2625
f 2627 2629 2624
f 2624 2629 2626
f 2392 2630 2390
f 2628 2392 2390
f 2390 2630 2627
f 2631 2392 2628
f 2630 2632 2627
f 2627 2632 2629
f 2394 2633 2392
f 2631 2394 2392
f 2392 2633 2630
f 2634 2394 2631
f 2633 2635 2630
f 2630 2635 2632
f 2396 2636 2394
f 2634 2396 2394
f 2394 2636 2633
f 2637 2396 2634
f 2636 2638 2633
f 2633 2638 2635
f 2398 2639 2396
f 2637 2398 2396
f 2396 2639 2636
f 2495 2398 2637
f 2639 2640 2636
f 2636 2640 2638
f 2400 2641 2398
f 2398 2641 2639
f 2400 2642 2641
f 2496 2642 2400
f 2641 2642 2639
f 2639 2642 2640
f 2643 2402 2401
f 2403 2643 2401
f 2402 2646 2404
f 2644 2402 2643
f 2644 2646 2402
f 2645 2643 2403
f 2647 2406 2405
f 2407 2647 2405
f 2406 2650 2408
f 2648 2406 2647
f 2648 2650 2406
f 2649 2647 2407
f 2409 2645 2403
f 2404 2652 2410
f 2646 2652 2404
f 2651 2645 2409
f 2411 2649 2407
f 2408 2654 2412
f 2650 2654 2408
f 2653 2649 2411
f 2413 2651 2409
f 2410 2656 2414
f 2652 2656 2410
f 2655 2651 2413
f 2415 2653 2411
f 2412 2658 2416
f 2654 2658 2412
f 2657 2653 2415
f 2417 2655 2413
f 2414 2660 2418
f 2656 2660 2414
f 2659 2655 2417
f 2419 2657 2415
f 2416 2662 2420
f 2658 2662 2416
f 2661 2657 2419
f 2421 2659 2417
f 2418 2664 2422
f 2660 2664 2418
f 2663 2659 2421
f 2423 2661 2419
f 2420 2666 2424
f 2662 2666 2420
f 2665 2661 2423
f 2425 2663 2421
f 2422 2668 2426
f 2664 2668 2422
f 2667 2663 2425
f 2427 2665 2423
f 2424 2670 2428
f 2666 2670 2424
f 2669 2665 2427
f 2429 2667 2425
f 2426 2672 2430
f 2668 2672 2426
f 2671 2667 2429
f 2431 2669 2427
f 2428 2674 2432
f 2670 2674 2428
f 2673 2669 2431
f 2433 2671 2429
f 2430 2676 2434
f 2672 2676 2430
f 2675 2671 2433
f 2435 2673 2431
f 2432 2678 2436
f 2674 2678 2432
f 2677 2673 2435
f 2437 2675 2433
f 2434 2680 2438
f 2676 2680 2434
f 2679 2675 2437
f 2439 2677 2435
f 2436 2682 2440
f 2678 2682 2436
f 2681 2677 2439
f 2441 2679 2437
f 2438 2684 2442
f 2680 2684 2438
f 2683 2679 2441
f 2443 2681 2439
f 2440 2686 2444
f 2682 2686 2440
f 2685 2681 2443
f 2445 2683 2441
f 2442 2688 2446
f 2684 2688 2442
f 2687 2683 2445
f 2447 2685 2443
f 2444 2690 2448
f 2686 2690 2444
f 2689 2685 2447
f 2449 2687 2445
f 2446 2692 2450
f 2688 2692 2446
f 2691 2687 2449
f 2451 2689 2447
f 2448 2694 2452
f 2690 2694 2448
f 2693 2689 2451
f 2453 2691 2449
f 2450 2696 2454
f 2692 2696 2450
f 2695 2691 2453
f 2455 2693 2451
f 2452 2698 2456
f 2694 2698 2452
f 2697 2693 2455
f 2457 2695 2453
f 2454 2700 2458
f 2696 2700 2454
f 2699 2695 2457
f 2459 2697 2455
f 2456 2702 2460
f 2698 2702 2456
f 2701 2697 2459
f 2461 2699 2457
f 2458 2704 2462
f 2700 2704 2458
f 2703 2699 2461
f 2463 2701 2459
f 2460 2706 2464
f 2702 2706 2460
f 2705 2701 2463
f 2465 2703 2461
f 2462 2708 2466
f 2704 2708 2462
f 2707 2703 2465
f 2467 2705 2463
f 2464 2710 2468
f 2706 2710 2464
f 2709 2705 2467
f 2469 2707 2465
f 2466 2712 2470
f 2708 2712 2466
f 2711 2707 2469
f 2471 2709 2467
f 2468 2714 2472
f 2710 2714 2468
f 2713 2709 2471
f 2473 2711 2469
f 2470 2716 2474
f 2712 2716 2470
f 2715 2711 2473
f 2475 2713 2471
f 2472 2718 2476
f 2714 2718 2472
f 2717 2713 2475
f 2477 2715 2473
f 2474 2720 2478
f 2716 2720 2474
f 2719 2715 2477
f 2479 2717 2475
f 2476 2722 2480
f 2718 2722 2476
f 2721 2717 2479
f 2481 2719 2477
f 2478 2724 2482
f 2720 2724 2478
f 2723 2719 2481
f 2483 2721 2479
f 2480 2726 2484
f 2722 2726 2480
f 2725 2721 2483
f 2485 2723 2481
f 2482 2728 2486
f 2724 2728 2482
f 2727 2723 2485
f 2487 2725 2483
f 2484 2730 2488
f 2726 2730 2484
f 2729 2725 2487
f 2489 2727 2485
f 2486 2732 2490
f 2728 2732 2486
f 2731 2727 2489
f 2491 2729 2487
f 2488 2734 2492
f 2730 2734 2488
f 2733 2729 2491
f 2493 2731 2489
f 2490 2736 2494
f 2732 2736 2490
f 2735 2731 2493
f 2495 2733 2491
f 2492 2738 2496
f 2734 2738 2492
f 2737 2733 2495
f 2499 2735 2493
f 2500 2740 2499
f 2739 2735 2499
f 2499 2740 2739
f 2736 2502 2494
f 2741 2502 2736
f 2503 2742 2500
f 2500 2742 2740
f 2741 2505 2502
f 2743 2505 2741
f 2506 2744 2503
f 2503 2744 2742
f 2743 2508 2505
f 2745 2508 2743
f 2509 2746 2506
f 2506 2746 2744
f 2745 2511 2508
f 2747 2511 2745
f 2512 2748 2509
f 2509 2748 2746
f 2747 2514 2511
f 2749 2514 2747
f 2515 2750 2512
f 2512 2750 2748
f 2749 2517 2514
f 2751 2517 2749
f 2518 2752 2515
f 2515 2752 2750
f 2751 2520 2517
f 2753 2520 2751
f 2521 2754 2518
f 2518 2754 2752
f 2753 2523 2520
f 2755 2523 2753
f 2524 2756 2521
f 2521 2756 2754
f 2755 2526 2523
f 2757 2526 2755
f 2527 2758 2524
f 2524 2758 2756
f 2757 2529 2526
f 2759 2529 2757
f 2530 2760 2527
f 2527 2760 2758
f 2759 2532 2529
f 2761 2532 2759
f 2533 2762 2530
f 2530 2762 2760
f 2761 2535 2532
f 2763 2535 2761
f 2536 2764 2533
f 2533 2764 2762
f 2763 2538 2535
f 2765 2538 2763
f 2539 2766 2536
f 2536 2766 2764
f 2765 2541 2538
f 2767 2541 2765
f 2542 2768 2539
f 2539 2768 2766
f 2767 2544 2541
f 2769 2544 2767
f 2545 2770 2542
f 2542 2770 2768
f 2769 2547 2544
f 2771 2547 2769
f 2548 2772 2545
f 2545 2772 2770
f 2771 2550 2547
f 2773 2550 2771
f 2551 2774 2548
f 2548 2774 2772
f 2773 2553 2550
f 2775 2553 2773
f 2554 2776 2551
f 2551 2776 2774
f 2775 2556 2553
f 2777 2556 2775
f 2557 2778 2554
f 2554 2778 2776
f 2777 2559 2556
f 2779 2559 2777
f 2560 2780 2557
f 2557 2780 2778
f 2779 2562 2559
f 2781 2562 2779
f 2563 2782 2560
f 2560 2782 2780
f 2781 2565 2562
f 2783 2565 2781
f 2566 2784 2563
f 2563 2784 2782
f 2783 2568 2565
f 2785 2568 2783
f 2569 2786 2566
f 2566 2786 2784
f 2785 2571 2568
f 2787 2571 2785
f 2572 2788 2569
f 2569 2788 2786
f 2787 2574 2571
f 2789 2574 2787
f 2575 2790 2572
f 2572 2790 2788
f 2789 2577 2574
f 2791 2577 2789
f 2578 2792 2575
f 2575 2792 2790
f 2791 2580 2577
f 2793 2580 2791
f 2581 2794 2578
f 2578 2794 2792
f 2793 2583 2580
f 2795 2583 2793
f 2584 2796 2581
f 2581 2796 2794
f 2795 2586 2583
f 2797 2586 2795
f 2587 2798 2584
f 2584 2798 2796
f 2797 2589 2586
f 2799 2589 2797
f 2590 2800 2587
f 2587 2800 2798
f 2799 2592 2589
f 2801 2592 2799
f 2593 2802 2590
f 2590 2802 2800
f 2801 2595 2592
f 2803 2595 2801
f 2596 2804 2593
f 2593 2804 2802
f 2803 2598 2595
f 2805 2598 2803
f 2599 2806 2596
f 2596 2806 2804
f 2805 2601 2598
f 2807 2601 2805
f 2602 2808 2599
f 2599 2808 2806
f 2807 2604 2601
f 2809 2604 2807
f 2605 2810 2602
f 2602 2810 2808
f 2809 2607 2604
f 2811 2607 2809
f 2608 2812 2605
f 2605 2812 2810
f 2811 2610 2607
f 2813 2610 2811
f 2611 2814 2608
f 2608 2814 2812
f 2813 2613 2610
f 2815 2613 2813
f 2614 2816 2611
f 2611 2816 2814
f 2815 2616 2613
f 2817 2616 2815
f 2617 2818 2614
f 2614 2818 2816
f 2817 2619 2616
f 2819 2619 2817
f 2620 2820 2617
f 2617 2820 2818
f 2819 2622 2619
f 2821 2622 2819
f 2623 2822 2620
f 2620 2822 2820
f 2821 2625 2622
f 2823 2625 2821
f 2626 2824 2623
f 2623 2824 2822
f 2823 2628 2625
f 2825 2628 2823
f 2629 2826 2626
f 2626 2826 2824
f 2825 2631 2628
f 2827 2631 2825
f 2632 2828 2629
f 2629 2828 2826
f 2827 2634 2631
f 2829 2634 2827
f 2635 2830 2632
f 2632 2830 2828
f 2829 2637 2634
f 2831 2637 2829
f 2638 2832 2635
f 2635 2832 2830
f 2831 2495 2637
f 2737 2495 2831
f 2640 2833 2638
f 2638 2833 2832
f 2496 2834 2642
f 2738 2834 2496
f 2642 2834 2640
f 2640 2834 2833
f 2835 2644 2643
f 2645 2835 2643
f 2644 2838 2646
f 2836 2644 2835
f 2836 2838 2644
f 2837 2835 2645
f 2839 2648 2647
f 2649 2839 2647
f 2648 2842 2650
f 2840 2648 2839
f 2840 2842 2648
f 2841 2839 2649
f 2651 2837 2645
f 2646 2844 2652
f 2838 2844 2646
f 2843 2837 2651
f 2653 2841 2649
f 2650 2846 2654
f 2842 2846 2650
f 2845 2841 2653
f 2655 2843 2651
f 2652 2848 2656
f 2844 2848 2652
f 2847 2843 2655
f 2657 2845 2653
f 2654 2850 2658
f 2846 2850 2654
f 2849 2845 2657
f 2659 2847 2655
f 2656 2852 2660
f 2848 2852 2656
f 2851 2847 2659
f 2661 2849 2657
f 2658 2854 2662
f 2850 2854 2658
f 2853 2849 2661
f 2663 2851 2659
f 2660 2856 2664
f 2852 2856 2660
f 2855 2851 2663
f 2665 2853 2661
f 2662 2858 2666
f 2854 2858 2662
f 2857 2853 2665
f 2667 2855 2663
f 2664 2860 2668
f 2856 2860 2664
f 2859 2855 2667
f 2669 2857 2665
f 2666 2862 2670
f 2858 2862 2666
f 2861 2857 2669
f 2671 2859 2667
f 2668 2864 2672
f 2860 2864 2668
f 2863 2859 2671
f 2673 2861 2669
f 2670 2866 2674
f 2862 2866 2670
f 2865 2861 2673
f 2675 2863 2671
f 2672 2868 2676
f 2864 2868 2672
f 2867 2863 2675
f 2677 2865 2673
f 2674 2870 2678
f 2866 2870 2674
f 2869 2865 2677
f 2679 2867 2675
f 2676 2872 2680
f 2868 2872 2676
f 2871 2867 2679
f 2681 2869 2677
f 2678 2874 2682
f 2870 2874 2678
f 2873 2869 2681
f 2683 2871 2679
f 2680 2876 2684
f 2872 2876 2680
f 2875 2871 2683
f 2685 2873 2681
f 2682 2878 2686
f 2874 2878 2682
f 2877 2873 2685
f 2687 2875 2683
f 2684 2880 2688
f 2876 2880 2684
f 2879 2875 2687
f 2689 2877 2685
f 2686 2882 2690
f 2878 2882 2686
f 2881 2877 2689
f 2691 2879 2687
f 2688 2884 2692
f 2880 2884 2688
f 2883 2879 2691
f 2693 2881 2689
f 2690 2886 2694
f 2882 2886 2690
f 2885 2881 2693
f 2695 2883 2691
f 2692 2888 2696
f 2884 2888 2692
f 2887 2883 2695
f 2697 2885 2693
f 2694 2890 2698
f 2886 2890 2694
f 2889 2885 2697
f 2699 2887 2695
f 2696 2892 2700
f 2888 2892 2696
f 2891 2887 2699
f 2701 2889 2697
f 2698 2894 2702
f 2890 2894 2698
f 2893 2889 2701
f 2703 2891 2699
f 2700 2896 2704
f 2892 2896 2700
f 2895 2891 2703
f 2705 2893 2701
f 2702 2898 2706
f 2894 2898 2702
f 2897 2893 2705
f 2707 2895 2703
f 2704 2900 2708
f 2896 2900 2704
f 2899 2895 2707
f 2709 2897 2705
f 2706 2902 2710
f 2898 2902 2706
f 2901 2897 2709
f 2711 2899 2707
f 2708 2904 2712
f 2900 2904 2708
f 2903 2899 2711
f 2713 2901 2709
f 2710 2906 2714
f 2902 2906 2710
f 2905 2901 2713
f 2715 2903 2711
f 2712 2908 2716
f 2904 2908 2712
f 2907 2903 2715
f 2717 2905 2713
f 2714 2910 2718
f 2906 2910 2714
f 2909 2905 2717
f 2719 2907 2715
f 2716 2912 2720
f 2908 2912 2716
f 2911 2907 2719
f 2721 2909 2717
f 2718 2914 2722
f 2910 2914 2718
f 2913 2909 2721
f 2723 2911 2719
f 2720 2916 2724
f 2912 2916 2720
f 2915 2911 2723
f 2725 2913 2721
f 2722 2918 2726
f 2914 2918 2722
f 2917 2913 2725
f 2727 2915 2723
f 2724 2920 2728
f 2916 2920 2724
f 2919 2915 2727
f 2729 2917 2725
f 2726 2922 2730
f 2918 2922 2726
f 2921 2917 2729
f 2731 2919 2727
f 2728 2924 2732
f 2920 2924 2728
f 2923 2919 2731
f 2733 2921 2729
f 2730 2926 2734
f 2922 2926 2730
f 2925 2921 2733
f 2735 2923 2731
f 2732 2928 2736
f 2924 2928 2732
f 2927 2923 2735
f 2737 2925 2733
f 2734 2930 2738
f 2926 2930 2734
f 2929 2925 2737
f 2739 2927 2735
f 2740 2932 2739
f 2931 2927 2739
f 2739 2932 2931
f 2928 2741 2736
f 2933 2741 2928
f 2742 2934 2740
f 2740 2934 2932
f 2933 2743 2741
f 2935 2743 2933
f 2744 2936 2742
f 2742 2936 2934
f 2935 2745 2743
f 2937 2745 2935
f 2746 2938 2744
f 2744 2938 2936
f 2937 2747 2745
f 2939 2747 2937
f 2748 2940 2746
f 2746 2940 2938
f 2939 2749 2747
f 2941 2749 2939
f 2750 2942 2748
f 2748 2942 2940
f 2941 2751 2749
f 2943 2751 2941
f 2752 2944 2750
f 2750 2944 2942
f 2943 2753 2751
f 2945 2753 2943
f 2754 2946 2752
f 2752 2946 2944
f 2945 2755 2753
f 2947 2755 2945
f 2756 2948 2754
f 2754 2948 2946
f 2947 2757 2755
f 2949 2757 2947
f 2758 2950 2756
f 2756 2950 2948
f 2949 2759 2757
f 2951 2759 2949
f 2760 2952 2758
f 2758 2952 2950
f 2951 2761 2759
f 2953 2761 2951
f 2762 2954 2760
f 2760 2954 2952
f 2953 2763 2761
f 2955 2763 2953
f 2764 2956 2762
f 2762 2956 2954
f 2955 2765 2763
f 2957 2765 2955
f 2766 2958 2764
f 2764 2958 2956
f 2957 2767 2765
f 2959 2767 2957
f 2768 2960 2766
f 2766 2960 2958
f 2959 2769 2767
f 2961 2769 2959
f 2770 2962 2768
f 2768 2962 2960
f 2961 2771 2769
f 2963 2771 2961
f 2772 2964 2770
f 2770 2964 2962
f 2963 2773 2771
f 2965 2773 2963
f 2774 2966 2772
f 2772 2966 2964
f 2965 2775 2773
f 2967 2775 2965
f 2776 2968 2774
f 2774 2968 2966
f 2967 2777 2775
f 2969 2777 2967
f 2778 2970 2776
f 2776 2970 2968
f 2969 2779 2777
f 2971 2779 2969
f 2780 2972 2778
f 2778 2972 2970
f 2971 2781 2779
f 2973 2781 2971
f 2782 2974 2780
f 2780 2974 2972
f 2973 2783 2781
f 2975 2783 2973
f 2784 2976 2782
f 2782 2976 2974
f 2975 2785 2783
f 2977 2785 2975
f 2786 2978 2784
f 2784 2978 2976
f 2977 2787 2785
f 2979 2787 2977
f 2788 2980 2786
f 2786 2980 2978
f 2979 2789 2787
f 2981 2789 2979
f 2790 2982 2788
f 2788 2982 2980
f 2981 2791 2789
f 2983 2791 2981
f 2792 2984 2790
f 2790 2984 2982
f 2983 2793 2791
f 2985 2793 2983
f 2794 2986 2792
f 2792 2986 2984
f 2985 2795 2793
f 2987 2795 2985
f 2796 2988 2794
f 2794 2988 2986
f 2987 2797 2795
f 2989 2797 2987
f 2798 2990 2796
f 2796 2990 2988
f 2989 2799 2797
f 2991 2799 2989
f 2800 2992 2798
f 2798 2992 2990
f 2991 2801 2799
f 2993 2801 2991
f 2802 2994 2800
f 2800 2994 2992
f 2993 2803 2801
f 2995 2803 2993
f 2804 2996 2802
f 2802 2996 2994
f 2995 2805 2803
f 2997 2805 2995
f 2806 2998 2804
f 2804 2998 2996
f 2997 2807 2805
f 2999 2807 2997
f 2808 3000 2806
f 2806 3000 2998
f 2999 2809 2807
f 3001 2809 2999
f 2810 3002 2808
f 2808 3002 3000
f 3001 2811 2809
f 3003 2811 3001
f 2812 3004 2810
f 2810 3004 3002
f 3003 2813 2811
f 3005 2813 3003
f 2814 3006 2812
f 2812 3006 3004
f 3005 2815 2813
f 3007 2815 3005
f 2816 3008 2814
f 2814 3008 3006
f 3007 2817 2815
f 3009 2817 3007
f 2818 3010 2816
f 2816 3010 3008
f 3009 2819 2817
f 3011 2819 3009
f 2820 3012 2818
f 2818 3012 3010
f 3011 2821 2819
f 3013 2821 3011
f 2822 3014 2820
f 2820 3014 3012
f 3013 2823 2821
f 3015 2823 3013
f 2824 3016 2822
f 2822 3016 3014
f 3015 2825 2823
f 3017 2825 3015
f 2826 3018 2824
f 2824 3018 3016
f 3017 2827 2825
f 3019 2827 3017
f 2828 3020 2826
f 2826 3020 3018
f 3019 2829 2827
f 3021 2829 3019
f 2830 3022 2828
f 2828 3022 3020
f 3021 2831 2829
f 3023 2831 3021
f 2832 3024 2830
f 2830 3024 3022
f 3023 2737 2831
f 2929 2737 3023
f 2833 3025 2832
f 2832 3025 3024
f 2738 3026 2834
f 2930 3026 2738
f 2834 3026 2833
f 2833 3026 3025
f 3027 2836 2835
f 2837 3027 2835
f 2836 3030 2838
f 3028 2836 3027
f 3028 3030 2836
f 3029 3027 2837
f 3031 2840 2839
f 2841 3031 2839
f 2840 3034 2842
f 3032 2840 3031
f 3032 3034 2840
f 3033 3031 2841
f 2843 3029 2837
f 2838 3036 2844
f 3030 3036 2838
f 3035 3029 2843
f 2845 3033 2841
f 2842 3038 2846
f 3034 3038 2842
f 3037 3033 2845
f 2847 3035 2843
f 2844 3040 2848
f 3036 3040 2844
f 3039 3035 2847
f 2849 3037 2845
f 2846 3042 2850
f 3038 3042 2846
f 3041 3037 2849
f 2851 3039 2847
f 2848 3044 2852
f 3040 3044 2848
f 3043 3039 2851
f 2853 3041 2849
f 2850 3046 2854
f 3042 3046 2850
f 3045 3041 2853
f 2855 3043 2851
f 2852 3048 2856
f 3044 3048 2852
f 3047 3043 2855
f 2857 3045 2853
f 2854 3050 2858
f 3046 3050 2854
f 3049 3045 2857
f 2859 3047 2855
f 2856 3052 2860
f 3048 3052 2856
f 3051 3047 2859
f 2861 3049 2857
f 2858 3054 2862
f 3050 3054 2858
f 3053 3049 2861
f 2863 3051 2859
f 2860 3056 2864
f 3052 3056 2860
f 3055 3051 2863
f 2865 3053 2861
f 2862 3058 2866
f 3054 3058 2862
f 3057 3053 2865
f 2867 3055 2863
f 2864 3060 2868
f 3056 3060 2864
f 3059 3055 2867
f 2869 3057 2865
f 2866 3062 2870
f 3058 3062 2866
f 3061 3057 2869
f 2871 3059 2867
f 2868 3064 2872
f 3060 3064 2868
f 3063 3059 2871
f 2873 3061 2869
f 2870 3066 2874
f 3062 3066 2870
f 3065 3061 2873
f 2875 3063 2871
f 2872 3068 2876
f 3064 3068 2872
f 3067 3063 2875
f 2877 3065 2873
f 2874 3070 2878
f 3066 3070 2874
f 3069 3065 2877
f 2879 3067 2875
f 2876 3072 2880
f 3068 3072 2876
f 3071 3067 2879
f 2881 3069 2877
f 2878 3074 2882
f 3070 3074 2878
f 3073 3069 2881
f 2883 3071 2879
f 2880 3076 2884
f 3072 3076 2880
f 3075 3071 2883
f 2885 3073 2881
f 2882 3078 2886
f 3074 3078 2882
f 3077 3073 2885
f 2887 3075 2883
f 2884 3080 2888
f 3076 3080 2884
f 3079 3075 2887
f 2889 3077 2885
f 2886 3082 2890
f 3078 3082 2886
f 3081 3077 2889
f 2891 3079 2887
f 2888 3084 2892
f 3080 3084 2888
f 3083 3079 2891
f 2893 3081 2889
f 2890 3086 2894
f 3082 3086 2890
f 3085 3081 2893
f 2895 3083 2891
f 2892 3088 2896
f 3084 3088 2892
f 3087 3083 2895
f 2897 3085 2893
f 2894 3090 2898
f 3086 3090 2894
f 3089 3085 2897
f 2899 3087 2895
f 2896 3092 2900
f 3088 3092 2896
f 3091 3087 2899
f 2901 3089 2897
f 2898 3094 2902
f 3090 3094 2898
f 3093 3089 2901
f 2903 3091 2899
f 2900 3096 2904
f 3092 3096 2900
f 3095 3091 2903
f 2905 3093 2901
f 2902 3098 2906
f 3094 3098 2902
f 3097 3093 2905
f 2907 3095 2903
f 2904 3100 2908
f 3096 3100 2904
f 3099 3095 2907
f 2909 3097 2905
f 2906 3102 2910
f 3098 3102 2906
f 3101 3097 2909
f 2911 3099 2907
f 2908 3104 2912
f 3100 3104 2908
f 3103 3099 2911
f 2913 3101 2909
f 2910 3106 2914
f 3102 3106 2910
f 3105 3101 2913
f 2915 3103 2911
f 2912 3108 2916
f 3104 3108 2912
f 3107 3103 2915
f 2917 3105 2913
f 2914 3110 2918
f 3106 3110 2914
f 3109 3105 2917
f 2919 3107 2915
f 2916 3112 2920
f 3108 3112 2916
f 3111 3107 2919
f 2921 3109 2917
f 2918 3114 2922
f 3110 3114 2918
f 3113 3109 2921
f 2923 3111 2919
f 2920 3116 2924
f 3112 3116 2920
f 3115 3111 2923
f 2925 3113 2921
f 2922 3118 2926
f 3114 3118 2922
f 3117 3113 2925
f 2927 3115 2923
f 2924 3120 2928
f 3116 3120 2924
f 3119 3115 2927
f 2929 3117 2925
f 2926 3122 2930
f 3118 3122 2926
f 3121 3117 2929
f 2931 3119 2927
f 2932 3124 2931
f 3123 3119 2931
f 2931 3124 3123
f 3120 2933 2928
f 3125 2933 3120
f 2934 3126 2932
f 2932 3126 3124
f 3125 2935 2933
f 3127 2935 3125
f 2936 3128 2934
f 2934 3128 3126
f 3127 2937 2935
f 3129 2937 3127
f 2938 3130 2936
f 2936 3130 3128
f 3129 2939 2937
f 3131 2939 3129
f 2940 3132 2938
f 2938 3132 3130
f 3131 2941 2939
f 3133 2941 3131
f 2942 3134 2940
f 2940 3134 3132
f 3133 2943 2941
f 3135 2943 3133
f 2944 3136 2942
f 2942 3136 3134
f 3135 2945 2943
f 3137 2945 3135
f 2946 3138 2944
f 2944 3138 3136
f 3137 2947 2945
f 3139 2947 3137
f 2948 3140 2946
f 2946 3140 3138
f 3139 2949 2947
f 3141 2949 3139
f 2950 3142 2948
f 2948 3142 3140
f 3141 2951 2949
f 3143 2951 3141
f 2952 3144 2950
f 2950 3144 3142
f 3143 2953 2951
f 3145 2953 3143
f 2954 3146 2952
f 2952 3146 3144
f 3145 2955 2953
f 3147 2955 3145
f 2956 3148 2954
f 2954 3148 3146
f 3147 2957 2955
f 3149 2957 3147
f 2958 3150 2956
f 2956 3150 3148
f 3149 2959 2957
f 3151 2959 3149
f 2960 3152 2958
f 2958 3152 3150
f 3151 2961 2959
f 3153 2961 3151
f 2962 3154 2960
f 2960 3154 3152
f 3153 2963 2961
f 3155 2963 3153
f 2964 3156 2962
f 2962 3156 3154
f 3155 2965 2963
f 3157 2965 3155
f 2966 3158 2964
f 2964 3158 3156
f 3157 2967 2965
f 3159 2967 3157
f 2968 3160 2966
f 2966 3160 3158
f 3159 2969 2967
f 3161 2969 3159
f 2970 3162 2968
f 2968 3162 3160
f 3161 2971 2969
f 3163 2971 3161
f 2972 3164 2970
f 2970 3164 3162
f 3163 2973 2971
f 3165 2973 3163
f 2974 3166 2972
f 2972 3166 3164
f 3165 2975 2973
f 3167 2975 3165
f 2976 3168 2974
f 2974 3168 3166
f 3167 2977 2975
f 3169 2977 3167
f 2978 3170 2976
f 2976 3170 3168
f 3169 2979 2977
f 3171 2979 3169
f 2980 3172 2978
f 2978 3172 3170
f 3171 2981 2979
f 3173 2981 3171
f 2982 3174 2980
f 2980 3174 3172
f 3173 2983 2981
f 3175 2983 3173
f 2984 3176 2982
f 2982 3176 3174
f 3175 2985 2983
f 3177 2985 3175
f 2986 3178 2984
f 2984 3178 3176
f 3177 2987 2985
f 3179 2987 3177
f 2988 3180 2986
f 2986 3180 3178
f 3179 2989 2987
f 3181 2989 3179
f 2990 3182 2988
f 2988 3182 3180
f 3181 2991 2989
f 3183 2991 3181
f 2992 3184 2990
f 2990 3184 3182
f 3183 2993 2991
f 3185 2993 3183
f 2994 3186 2992
f 2992 3186 3184
f 3185 2995 2993
f 3187 2995 3185
f 2996 3188 2994
f 2994 3188 3186
f 3187 2997 2995
f 3189 2997 3187
f 2998 3190 2996
f 2996 3190 3188
f 3189 2999 2997
f 3191 2999 3189
f 3000 3192 2998
f 2998 3192 3190
f 3191 3001 2999
f 3193 3001 3191
f 3002 3194 3000
f 3000 3194 3192
f 3193 3003 3001
f 3195 3003 3193
f 3004 3196 3002
f 3002 3196 3194
f 3195 3005 3003
f 3197 3005 3195
f 3006 3198 3004
f 3004 3198 3196
f 3197 3007 3005
f 3199 3007 3197
f 3008 3200 3006
f 3006 3200 3198
f 3199 3009 3007
f 3201 3009 3199
f 3010 3202 3008
f 3008 3202 3200
f 3201 3011 3009
f 3203 3011 3201
f 3012 3204 3010
f 3010 3204 3202
f 3203 3013 3011
f 3205 3013 3203
f 3014 3206 3012
f 3012 3206 3204
f 3205 3015 3013
f 3207 3015 3205
f 3016 3208 3014
f 3014 3208 3206
f 3207 3017 3015
f 3209 3017 3207
f 3018 3210 3016
f 3016 3210 3208
f 3209 3019 3017
f 3211 3019 3209
f 3020 3212 3018
f 3018 3212 3210
f 3211 3021 3019
f 3213 3021 3211
f 3022 3214 3020
f 3020 3214 3212
f 3213 3023 3021
f 3215 3023 3213
f 3024 3216 3022
f 3022 3216 3214
f 3215 2929 3023
f 3121 2929 3215
f 3025 3217 3024
f 3024 3217 3216
f 2930 3218 3026
f 3122 3218 2930
f 3026 3218 3025
f 3025 3218 3217
f 3219 3028 3027
f 3029 3219 3027
f 3028 3222 3030
f 3220 3028 3219
f 3220 3222 3028
f 3221 3219 3029
f 3223 3032 3031
f 3033 3223 3031
f 3032 3226 3034
f 3224 3032 3223
f 3224 3226 3032
f 3225 3223 3033
f 3035 3221 3029
f 3030 3228 3036
f 3222 3228 3030
f 3227 3221 3035
f 3037 3225 3033
f 3034 3230 3038
f 3226 3230 3034
f 3229 3225 3037
f 3039 3227 3035
f 3036 3232 3040
f 3228 3232 3036
f 3231 3227 3039
f 3041 3229 3037
f 3038 3234 3042
f 3230 3234 3038
f 3233 3229 3041
f 3043 3231 3039
f 3040 3236 3044
f 3232 3236 3040
f 3235 3231 3043
f 3045 3233 3041
f 3042 3238 3046
f 3234 3238 3042
f 3237 3233 3045
f 3047 3235 3043
f 3044 3240 3048
f 3236 3240 3044
f 3239 3235 3047
f 3049 3237 3045
f 3046 3242 3050
f 3238 3242 3046
f 3241 3237 3049
f 3051 3239 3047
f 3048 3244 3052
f 3240 3244 3048
f 3243 3239 3051
f 3053 3241 3049
f 3050 3246 3054
f 3242 3246 3050
f 3245 3241 3053
f 3055 3243 3051
f 3052 3248 3056
f 3244 3248 3052
f 3247 3243 3055
f 3057 3245 3053
f 3054 3250 3058
f 3246 3250 3054
f 3249 3245 3057
f 3059 3247 3055
f 3056 3252 3060
f 3248 3252 3056
f 3251 3247 3059
f 3061 3249 3057
f 3058 3254 3062
f 3250 3254 3058
f 3253 3249 3061
f 3063 3251 3059
f 3060 3256 3064
f 3252 3256 3060
f 3255 3251 3063
f 3065 3253 3061
f 3062 3258 3066
f 3254 3258 3062
f 3257 3253 3065
f 3067 3255 3063
f 3064 3260 3068
f 3256 3260 3064
f 3259 3255 3067
f 3069 3257 3065
f 3066 3262 3070
f 3258 3262 3066
f 3261 3257 3069
f 3071 3259 3067
f 3068 3264 3072
f 3260 3264 3068
f 3263 3259 3071
f 3073 3261 3069
f 3070 3266 3074
f 3262 3266 3070
f 3265 3261 3073
f 3075 3263 3071
f 3072 3268 3076
f 3264 3268 3072
f 3267 3263 3075
f 3077 3265 3073
f 3074 3270 3078
f 3266 3270 3074
f 3269 3265 3077
f 3079 3267 3075
f 3076 3272 3080
f 3268 3272 3076
f 3271 3267 3079
f 3081 3269 3077
f 3078 3274 3082
f 3270 3274 3078
f 3273 3269 3081
f 3083 3271 3079
f 3080 3276 3084
f 3272 3276 3080
f 3275 3271 3083
f 3085 3273 3081
f 3082 3278 3086
f 3274 3278 3082
f 3277 3273 3085
f 3087 3275 3083
f 3084 3280 3088
f 3276 3280 3084
f 3279 3275 3087
f 3089 3277 3085
f 3086 3282 3090
f 3278 3282 3086
f 3281 3277 3089
f 3091 3279 3087
f 3088 3284 3092
f 3280 3284 3088
f 3283 3279 3091
f 3093 3281 3089
f 3090 3286 3094
f 3282 3286 3090
f 3285 3281 3093
f 3095 3283 3091
f 3092 3288 3096
f 3284 3288 3092
f 3287 3283 3095
f 3097 3285 3093
f 3094 3290 3098
f 3286 3290 3094
f 3289 3285 3097
f 3099 3287 3095
f 3096 3292 3100
f 3288 3292 3096
f 3291 3287 3099
f 3101 3289 3097
f 3098 3294 3102
f 3290 3294 3098
f 3293 3289 3101
f 3103 3291 3099
f 3100 3296 3104
f 3292 3296 3100
f 3295 3291 3103
f 3105 3293 3101
f 3102 3298 3106
f 3294 3298 3102
f 3297 3293 3105
f 3107 3295 3103
f 3104 3300 3108
f 3296 3300 3104
f 3299 3295 3107
f 3109 3297 3105
f 3106 3302 3110
f 3298 3302 3106
f 3301 3297 3109
f 3111 3299 3107
f 3108 3304 3112
f 3300 3304 3108
f 3303 3299 3111
f 3113 3301 3109
f 3110 3306 3114
f 3302 3306 3110
f 3305 3301 3113
f 3115 3303 3111
f 3112 3308 3116
f 3304 3308 3112
f 3307 3303 3115
f 3117 3305 3113
f 3114 3310 3118
f 3306 3310 3114
f 3309 3305 3117
f 3119 3307 3115
f 3116 3312 3120
f 3308 3312 3116
f 3311 3307 3119
f 3121 3309 3117
f 3118 3314 3122
f 3310 3314 3118
f 3313 3309 3121
f 3123 3311 3119
f 3124 3316 3123
f 3315 3311 3123
f 3123 3316 3315
f 3312 3125 3120
f 3317 3125 3312
f 3126 3318 3124
f 3124 3318 3316
f 3317 3127 3125
f 3319 3127 3317
f 3128 3320 3126
f 3126 3320 3318
f 3319 3129 3127
f 3321 3129 3319
f 3130 3322 3128
f 3128 3322 3320
f 3321 3131 3129
f 3323 3131 3321
f 3132 3324 3130
f 3130 3324 3322
f 3323 3133 3131
f 3325 3133 3323
f 3134 3326 3132
f 3132 3326 3324
f 3325 3135 3133
f 3327 3135 3325
f 3136 3328 3134
f 3134 3328 3326
f 3327 3137 3135
f 3329 3137 3327
f 3138 3330 3136
f 3136 3330 3328
f 3329 3139 3137
f 3331 3139 3329
f 3140 3332 3138
f 3138 3332 3330
f 3331 3141 3139
f 3333 3141 3331
f 3142 3334 3140
f 3140 3334 3332
f 3333 3143 3141
f 3335 3143 3333
f 3144 3336 3142
f 3142 3336 3334
f 3335 3145 3143
f 3337 3145 3335
f 3146 3338 3144
f 3144 3338 3336
f 3337 3147 3145
f 3339 3147 3337
f 3148 3340 3146
f 3146 3340 3338
f 3339 3149 3147
f 3341 3149 3339
f 3150 3342 3148
f 3148 3342 3340
f 3341 3151 3149
f 3343 3151 3341
f 3152 3344 3150
f 3150 3344 3342
f 3343 3153 3151
f 3345 3153 3343
f 3154 3346 3152
f 3152 3346 3344
f 3345 3155 3153
f 3347 3155 3345
f 3156 3348 3154
f 3154 3348 3346
f 3347 3157 3155
f 3349 3157 3347
f 3158 3350 3156
f 3156 3350 3348
f 3349 3159 3157
f 3351 3159 3349
f 3160 3352 3158
f 3158 3352 3350
f 3351 3161 3159
f 3353 3161 3351
f 3162 3354 3160
f 3160 3354 3352
f 3353 3163 3161
f 3355 3163 3353
f 3164 3356 3162
f 3162 3356 3354
f 3355 3165 3163
f 3357 3165 3355
f 3166 3358 3164
f 3164 3358 3356
f 3357 3167 3165
f 3359 3167 3357
f 3168 3360 3166
f 3166 3360 3358
f 3359 3169 3167
f 3361 3169 3359
f 3170 3362 3168
f 3168 3362 3360
f 3361 3171 3169
f 3363 3171 3361
f 3172 3364 3170
f 3170 3364 3362
f 3363 3173 3171
f 3365 3173 3363
f 3174 3366 3172
f 3172 3366 3364
f 3365 3175 3173
f 3367 3175 3365
f 3176 3368 3174
f 3174 3368 3366
f 3367 3177 3175
f 3369 3177 3367
f 3178 3370 3176
f 3176 3370 3368
f 3369 3179 3177
f 3371 3179 3369
f 3180 3372 3178
f 3178 3372 3370
f 3371 3181 3179
f 3373 3181 3371
f 3182 3374 3180
f 3180 3374 3372
f 3373 3183 3181
f 3375 3183 3373
f 3184 3376 3182
f 3182 3376 3374
f 3375 3185 3183
f 3377 3185 3375
f 3186 3378 3184
f 3184 3378 3376
f 3377 3187 3185
f 3379 3187 3377
f 3188 3380 3186
f 3186 3380 3378
f 3379 3189 3187
f 3381 3189 3379
f 3190 3382 3188
f 3188 3382 3380
f 3381 3191 3189
f 3383 3191 3381
f 3192 3384 3190
f 3190 3384 3382
f 3383 3193 3191
f 3385 3193 3383
f 3194 3386 3192
f 3192 3386 3384
f 3385 3195 3193
f 3387 3195 3385
f 3196 3388 3194
f 3194 3388 3386
f 3387 3197 3195
f 3389 3197 3387
f 3198 3390 3196
f 3196 3390 3388
f 3389 3199 3197
f 3391 3199 3389
f 3200 3392 3198
f 3198 3392 3390
f 3391 3201 3199
f 3393 3201 3391
f 3202 3394 3200
f 3200 3394 3392
f 3393 3203 3201
f 3395 3203 3393
f 3204 3396 3202
f 3202 3396 3394
f 3395 3205 3203
f 3397 3205 3395
f 3206 3398 3204
f 3204 3398 3396
f 3397 3207 3205
f 3399 3207 3397
f 3208 3400 3206
f 3206 3400 3398
f 3399 3209 3207
f 3401 3209 3399
f 3210 3402 3208
f 3208 3402 3400
f 3401 3211 3209
f 3403 3211 3401
f 3212 3404 3210
f 3210 3404 3402
f 3403 3213 3211
f 3405 3213 3403
f 3214 3406 3212
f 3212 3406 3404
f 3405 3215 3213
f 3407 3215 3405
f 3216 3408 3214
f 3214 3408 3406
f 3407 3121 3215
f 3313 3121 3407
f 3217 3409 3216
f 3216 3409 3408
f 3122 3410 3218
f 3314 3410 3122
f 3218 3410 3217
f 3217 3410 3409
f 3411 3220 3219
f 3221 3411 3219
f 3220 3414 3222
f 3412 3220 3411
f 3412 3414 3220
f 3413 3411 3221
f 3415 3224 3223
f 3225 3415 3223
f 3224 3418 3226
f 3416 3224 3415
f 3416 3418 3224
f 3417 3415 3225
f 3227 3413 3221
f 3222 3420 3228
f 3414 3420 3222
f 3419 3413 3227
f 3229 3417 3225
f 3226 3422 3230
f 3418 3422 3226
f 3421 3417 3229
f 3231 3419 3227
f 3228 3424 3232
f 3420 3424 3228
f 3423 3419 3231
f 3233 3421 3229
f 3230 3426 3234
f 3422 3426 3230
f 3425 3421 3233
f 3235 3423 3231
f 3232 3428 3236
f 3424 3428 3232
f 3427 3423 3235
f 3237 3425 3233
f 3234 3430 3238
f 3426 3430 3234
f 3429 3425 3237
f 3239 3427 3235
f 3236 3432 3240
f 3428 3432 3236
f 3431 3427 3239
f 3241 3429 3237
f 3238 3434 3242
f 3430 3434 3238
f 3433 3429 3241
f 3243 3431 3239
f 3240 3436 3244
f 3432 3436 3240
f 3435 3431 3243
f 3245 3433 3241
f 3242 3438 3246
f 3434 3438 3242
f 3437 3433 3245
f 3247 3435 3243
f 3244 3440 3248
f 3436 3440 3244
f 3439 3435 3247
f 3249 3437 3245
f 3246 3442 3250
f 3438 3442 3246
f 3441 3437 3249
f 3251 3439 3247
f 3248 3444 3252
f 3440 3444 3248
f 3443 3439 3251
f 3253 3441 3249
f 3250 3446 3254
f 3442 3446 3250
f 3445 3441 3253
f 3255 3443 3251
f 3252 3448 3256
f 3444 3448 3252
f 3447 3443 3255
f 3257 3445 3253
f 3254 3450 3258
f 3446 3450 3254
f 3449 3445 3257
f 3259 3447 3255
f 3256 3452 3260
f 3448 3452 3256
f 3451 3447 3259
f 3261 3449 3257
f 3258 3454 3262
f 3450 3454 3258
f 3453 3449 3261
f 3263 3451 3259
f 3260 3456 3264
f 3452 3456 3260
f 3455 3451 3263
f 3265 3453 3261
f 3262 3458 3266
f 3454 3458 3262
f 3457 3453 3265
f 3267 3455 3263
f 3264 3460 3268
f 3456 3460 3264
f 3459 3455 3267
f 3269 3457 3265
f 3266 3462 3270
f 3458 3462 3266
f 3461 3457 3269
f 3271 3459 3267
f 3268 3464 3272
f 3460 3464 3268
f 3463 3459 3271
f 3273 3461 3269
f 3270 3466 3274
f 3462 3466 3270
f 3465 3461 3273
f 3275 3463 3271
f 3272 3468 3276
f 3464 3468 3272
f 3467 3463 3275
f 3277 3465 3273
f 3274 3470 3278
f 3466 3470 3274
f 3469 3465 3277
f 3279 3467 3275
f 3276 3472 3280
f 3468 3472 3276
f 3471 3467 3279
f 3281 3469 3277
f 3278 3474 3282
f 3470 3474 3278
f 3473 3469 3281
f 3283 3471 3279
f 3280 3476 3284
f 3472 3476 3280
f 3475 3471 3283
f 3285 3473 3281
f 3282 3478 3286
f 3474 3478 3282
f 3477 3473 3285
f 3287 3475 3283
f 3284 3480 3288
f 3476 3480 3284
f 3479 3475 3287
f 3289 3477 3285
f 3286 3482 3290
f 3478 3482 3286
f 3481 3477 3289
f 3291 3479 3287
f 3288 3484 3292
f 3480 3484 3288
f 3483 3479 3291
f 3293 3481 3289
f 3290 3486 3294
f 3482 3486 3290
f 3485 3481 3293
f 3295 3483 3291
f 3292 3488 3296
f 3484 3488 3292
f 3487 3483 3295
f 3297 3485 3293
f 3294 3490 3298
f 3486 3490 3294
f 3489 3485 3297
f 3299 3487 3295
f 3296 3492 3300
f 3488 3492 3296
f 3491 3487 3299
f 3301 3489 3297
f 3298 3494 3302
f 3490 3494 3298
f 3493 3489 3301
f 3303 3491 3299
f 3300 3496 3304
f 3492 3496 3300
f 3495 3491 3303
f 3305 3493 3301
f 3302 3498 3306
f 3494 3498 3302
f 3497 3493 3305
f 3307 3495 3303
f 3304 3500 3308
f 3496 3500 3304
f 3499 3495 3307
f 3309 3497 3305
f 3306 3502 3310
f 3498 3502 3306
f 3501 3497 3309
f 3311 3499 3307
f 3308 3504 3312
f 3500 3504 3308
f 3503 3499 3311
f 3313 3501 3309
f 3310 3506 3314
f 3502 3506 3310
f 3505 3501 3313
f 3315 3503 3311
f 3316 3508 3315
f 3507 3503 3315
f 3315 3508 3507
f 3504 3317 3312
f 3509 3317 3504
f 3318 3510 3316
f 3316 3510 3508
f 3509 3319 3317
f 3511 3319 3509
f 3320 3512 3318
f 3318 3512 3510
f 3511 3321 3319
f 3513 3321 3511
f 3322 3514 3320
f 3320 3514 3512
f 3513 3323 3321
f 3515 3323 3513
f 3324 3516 3322
f 3322 3516 3514
f 3515 3325 3323
f 3517 3325 3515
f 3326 3518 3324
f 3324 3518 3516
f 3517 3327 3325
f 3519 3327 3517
f 3328 3520 3326
f 3326 3520 3518
f 3519 3329 3327
f 3521 3329 3519
f 3330 3522 3328
f 3328 3522 3520
f 3521 3331 3329
f 3523 3331 3521
f 3332 3524 3330
f 3330 3524 3522
f 3523 3333 3331
f 3525 3333 3523
f 3334 3526 3332
f 3332 3526 3524
f 3525 3335 3333
f 3527 3335 3525
f 3336 3528 3334
f 3334 3528 3526
f 3527 3337 3335
f 3529 3337 3527
f 3338 3530 3336
f 3336 3530 3528
f 3529 3339 3337
f 3531 3339 3529
f 3340 3532 3338
f 3338 3532 3530
f 3531 3341 3339
f 3533 3341 3531
f 3342 3534 3340
f 3340 3534 3532
f 3533 3343 3341
f 3535 3343 3533
f 3344 3536 3342
f 3342 3536 3534
f 3535 3345 3343
f 3537 3345 3535
f 3346 3538 3344
f 3344 3538 3536
f 3537 3347 3345
f 3539 3347 3537
f 3348 3540 3346
f 3346 3540 3538
f 3539 3349 3347
f 3541 3349 3539
f 3350 3542 3348
f 3348 3542 3540
f 3541 3351 3349
f 3543 3351 3541
f 3352 3544 3350
f 3350 3544 3542
f 3543 3353 3351
f 3545 3353 3543
f 3354 3546 3352
f 3352 3546 3544
f 3545 3355 3353
f 3547 3355 3545
f 3356 3548 3354
f 3354 3548 3546
f 3547 3357 3355
f 3549 3357 3547
f 3358 3550 3356
f 3356 3550 3548
f 3549 3359 3357
f 3551 3359 3549
f 3360 3552 3358
f 3358 3552 3550
f 3551 3361 3359
f 3553 3361 3551
f 3362 3554 3360
f 3360 3554 3552
f 3553 3363 3361
f 3555 3363 3553
f 3364 3556 3362
f 3362 3556 3554
f 3555 3365 3363
f 3557 3365 3555
f 3366 3558 3364
f 3364 3558 3556
f 3557 3367 3365
f 3559 3367 3557
f 3368 3560 3366
f 3366 3560 3558
f 3559 3369 3367
f 3561 3369 3559
f 3370 3562 3368
f 3368 3562 3560
f 3561 3371 3369
f 3563 3371 3561
f 3372 3564 3370
f 3370 3564 3562
f 3563 3373 3371
f 3565 3373 3563
f 3374 3566 3372
f 3372 3566 3564
f 3565 3375 3373
f 3567 3375 3565
f 3376 3568 3374
f 3374 3568 3566
f 3567 3377 3375
f 3569 3377 3567
f 3378 3570 3376
f 3376 3570 3568
f 3569 3379 3377
f 3571 3379 3569
f 3380 3572 3378
f 3378 3572 3570
f 3571 3381 3379
f 3573 3381 3571
f 3382 3574 3380
f 3380 3574 3572
f 3573 3383 3381
f 3575 3383 3573
f 3384 3576 3382
f 3382 3576 3574
f 3575 3385 3383
f 3577 3385 3575
f 3386 3578 3384
f 3384 3578 3576
f 3577 3387 3385
f 3579 3387 3577
f 3388 3580 3386
f 3386 3580 3578
f 3579 3389 3387
f 3581 3389 3579
f 3390 3582 3388
f 3388 3582 3580
f 3581 3391 3389
f 3583 3391 3581
f 3392 3584 3390
f 3390 3584 3582
f 3583 3393 3391
f 3585 3393 3583
f 3394 3586 3392
f 3392 3586 3584
f 3585 3395 3393
f 3587 3395 3585
f 3396 3588 3394
f 3394 3588 3586
f 3587 3397 3395
f 3589 3397 3587
f 3398 3590 3396
f 3396 3590 3588
f 3589 3399 3397
f 3591 3399 3589
f 3400 3592 3398
f 3398 3592 3590
f 3591 3401 3399
f 3593 3401 3591
f 3402 3594 3400
f 3400 3594 3592
f 3593 3403 3401
f 3595 3403 3593
f 3404 3596 3402
f 3402 3596 3594
f 3595 3405 3403
f 3597 3405 3595
f 3406 3598 3404
f 3404 3598 3596
f 3597 3407 3405
f 3599 3407 3597
f 3408 3600 3406
f 3406 3600 3598
f 3599 3313 3407
f 3505 3313 3599
f 3409 3601 3408
f 3408 3601 3600
f 3314 3602 3410
f 3506 3602 3314
f 3410 3602 3409
f 3409 3602 3601
f 3603 3412 3411
f 3413 3603 3411
f 3412 3606 3414
f 3604 3412 3603
f 3604 3606 3412
f 3605 3603 3413
f 3607 3416 3415
f 3417 3607 3415
f 3416 3610 3418
f 3608 3416 3607
f 3608 3610 3416
f 3609 3607 3417
f 3419 3605 3413
f 3414 3612 3420
f 3606 3612 3414
f 3611 3605 3419
f 3421 3609 3417
f 3418 3614 3422
f 3610 3614 3418
f 3613 3609 3421
f 3423 3611 3419
f 3420 3616 3424
f 3612 3616 3420
f 3615 3611 3423
f 3425 3613 3421
f 3422 3618 3426
f 3614 3618 3422
f 3617 3613 3425
f 3427 3615 3423
f 3424 3620 3428
f 3616 3620 3424
f 3619 3615 3427
f 3429 3617 3425
f 3426 3622 3430
f 3618 3622 3426
f 3621 3617 3429
f 3431 3619 3427
f 3428 3624 3432
f 3620 3624 3428
f 3623 3619 3431
f 3433 3621 3429
f 3430 3626 3434
f 3622 3626 3430
f 3625 3621 3433
f 3435 3623 3431
f 3432 3628 3436
f 3624 3628 3432
f 3627 3623 3435
f 3437 3625 3433
f 3434 3630 3438
f 3626 3630 3434
f 3629 3625 3437
f 3439 3627 3435
f 3436 3632 3440
f 3628 3632 3436
f 3631 3627 3439
f 3441 3629 3437
f 3438 3634 3442
f 3630 3634 3438
f 3633 3629 3441
f 3443 3631 3439
f 3440 3636 3444
f 3632 3636 3440
f 3635 3631 3443
f 3445 3633 3441
f 3442 3638 3446
f 3634 3638 3442
f 3637 3633 3445
f 3447 3635 3443
f 3444 3640 3448
f 3636 3640 3444
f 3639 3635 3447
f 3449 3637 3445
f 3446 3642 3450
f 3638 3642 3446
f 3641 3637 3449
f 3451 3639 3447
f 3448 3644 3452
f 3640 3644 3448
f 3643 3639 3451
f 3453 3641 3449
f 3450 3646 3454
f 3642 3646 3450
f 3645 3641 3453
f 3455 3643 3451
f 3452 3648 3456
f 3644 3648 3452
f 3647 3643 3455
f 3457 3645 3453
f 3454 3650 3458
f 3646 3650 3454
f 3649 3645 3457
f 3459 3647 3455
f 3456 3652 3460
f 3648 3652 3456
f 3651 3647 3459
f 3461 3649 3457
f 3458 3654 3462
f 3650 3654 3458
f 3653 3649 3461
f 3463 3651 3459
f 3460 3656 3464
f 3652 3656 3460
f 3655 3651 3463
f 3465 3653 3461
f 3462 3658 3466
f 3654 3658 3462
f 3657 3653 3465
f 3467 3655 3463
f 3464 3660 3468
f 3656 3660 3464
f 3659 3655 3467
f 3469 3657 3465
f 3466 3662 3470
f 3658 3662 3466
f 3661 3657 3469
f 3471 3659 3467
f 3468 3664 3472
f 3660 3664 3468
f 3663 3659 3471
f 3473 3661 3469
f 3470 3666 3474
f 3662 3666 3470
f 3665 3661 3473
f 3475 3663 3471
f 3472 3668 3476
f 3664 3668 3472
f 3667 3663 3475
f 3477 3665 3473
f 3474 3670 3478
f 3666 3670 3474
f 3669 3665 3477
f 3479 3667 3475
f 3476 3672 3480
f 3668 3672 3476
f 3671 3667 3479
f 3481 3669 3477
f 3478 3674 3482
f 3670 3674 3478
f 3673 3669 3481
f 3483 3671 3479
f 3480 3676 3484
f 3672 3676 3480
f 3675 3671 3483
f 3485 3673 3481
f 3482 3678 3486
f 3674 3678 3482
f 3677 3673 3485
f 3487 3675 3483
f 3484 3680 3488
f 3676 3680 3484
f 3679 3675 3487
f 3489 3677 3485
f 3486 3682 3490
f 3678 3682 3486
f 3681 3677 3489
f 3491 3679 3487
f 3488 3684 3492
f 3680 3684 3488
f 3683 3679 3491
f 3493 3681 3489
f 3490 3686 3494
f 3682 3686 3490
f 3685 3681 3493
f 3495 3683 3491
f 3492 3688 3496
f 3684 3688 3492
f 3687 3683 3495
f 3497 3685 3493
f 3494 3690 3498
f 3686 3690 3494
f 3689 3685 3497
f 3499 3687 3495
f 3496 3692 3500
f 3688 3692 3496
f 3691 3687 3499
f 3501 3689 3497
f 3498 3694 3502
f 3690 3694 3498
f 3693 3689 3501
f 3503 3691 3499
f 3500 3696 3504
f 3692 3696 3500
f 3695 3691 3503
f 3505 3693 3501
f 3502 3698 3506
f 3694 3698 3502
f 3697 3693 3505
f 3507 3695 3503
f 3508 3700 3507
f 3699 3695 3507
f 3507 3700 3699
f 3696 3509 3504
f 3701 3509 3696
f 3510 3702 3508
f 3508 3702 3700
f 3701 3511 3509
f 3703 3511 3701
f 3512 3704 3510
f 3510 3704 3702
f 3703 3513 3511
f 3705 3513 3703
f 3514 3706 3512
f 3512 3706 3704
f 3705 3515 3513
f 3707 3515 3705
f 3516 3708 3514
f 3514 3708 3706
f 3707 3517 3515
f 3709 3517 3707
f 3518 3710 3516
f 3516 3710 3708
f 3709 3519 3517
f 3711 3519 3709
f 3520 3712 3518
f 3518 3712 3710
f 3711 3521 3519
f 3713 3521 3711
f 3522 3714 3520
f 3520 3714 3712
f 3713 3523 3521
f 3715 3523 3713
f 3524 3716 3522
f 3522 3716 3714
f 3715 3525 3523
f 3717 3525 3715
f 3526 3718 3524
f 3524 3718 3716
f 3717 3527 3525
f 3719 3527 3717
f 3528 3720 3526
f 3526 3720 3718
f 3719 3529 3527
f 3721 3529 3719
f 3530 3722 3528
f 3528 3722 3720
f 3721 3531 3529
f 3723 3531 3721
f 3532 3724 3530
f 3530 3724 3722
f 3723 3533 3531
f 3725 3533 3723
f 3534 3726 3532
f 3532 3726 3724
f 3725 3535 3533
f 3727 3535 3725
f 3536 3728 3534
f 3534 3728 3726
f 3727 3537 3535
f 3729 3537 3727
f 3538 3730 3536
f 3536 3730 3728
f 3729 3539 3537
f 3731 3539 3729
f 3540 3732 3538
f 3538 3732 3730
f 3731 3541 3539
f 3733 3541 3731
f 3542 3734 3540
f 3540 3734 3732
f 3733 3543 3541
f 3735 3543 3733
f 3544 3736 3542
f 3542 3736 3734
f 3735 3545 3543
f 3737 3545 3735
f 3546 3738 3544
f 3544 3738 3736
f 3737 3547 3545
f 3739 3547 3737
f 3548 3740 3546
f 3546 3740 3738
f 3739 3549 3547
f 3741 3549 3739
f 3550 3742 3548
f 3548 3742 3740
f 3741 3551 3549
f 3743 3551 3741
f 3552 3744 3550
f 3550 3744 3742
f 3743 3553 3551
f 3745 3553 3743
f 3554 3746 3552
f 3552 3746 3744
f 3745 3555 3553
f 3747 3555 3745
f 3556 3748 3554
f 3554 3748 3746
f 3747 3557 3555
f 3749 3557 3747
f 3558 3750 3556
f 3556 3750 3748
f 3749 3559 3557
f 3751 3559 3749
f 3560 3752 3558
f 3558 3752 3750
f 3751 3561 3559
f 3753 3561 3751
f 3562 3754 3560
f 3560 3754 3752
f 3753 3563 3561
f 3755 3563 3753
f 3564 3756 3562
f 3562 3756 3754
f 3755 3565 3563
f 3757 3565 3755
f 3566 3758 3564
f 3564 3758 3756
f 3757 3567 3565
f 3759 3567 3757
f 3568 3760 3566
f 3566 3760 3758
f 3759 3569 3567
f 3761 3569 3759
f 3570 3762 3568
f 3568 3762 3760
f 3761 3571 3569
f 3763 3571 3761
f 3572 3764 3570
f 3570 3764 3762
f 3763 3573 3571
f 3765 3573 3763
f 3574 3766 3572
f 3572 3766 3764
f 3765 3575 3573
f 3767 3575 3765
f 3576 3768 3574
f 3574 3768 3766
f 3767 3577 3575
f 3769 3577 3767
f 3578 3770 3576
f 3576 3770 3768
f 3769 3579 3577
f 3771 3579 3769
f 3580 3772 3578
f 3578 3772 3770
f 3771 3581 3579
f 3773 3581 3771
f 3582 3774 3580
f 3580 3774 3772
f 3773 3583 3581
f 3775 3583 3773
f 3584 3776 3582
f 3582 3776 3774
f 3775 3585 3583
f 3777 3585 3775
f 3586 3778 3584
f 3584 3778 3776
f 3777 3587 3585
f 3779 3587 3777
f 3588 3780 3586
f 3586 3780 3778
f 3779 3589 3587
f 3781 3589 3779
f 3590 3782 3588
f 3588 3782 3780
f 3781 3591 3589
f 3783 3591 3781
f 3592 3784 3590
f 3590 3784 3782
f 3783 3593 3591
f 3785 3593 3783
f 3594 3786 3592
f 3592 3786 3784
f 3785 3595 3593
f 3787 3595 3785
f 3596 3788 3594
f 3594 3788 3786
f 3787 3597 3595
f 3789 3597 3787
f 3598 3790 3596
f 3596 3790 3788
f 3789 3599 3597
f 3791 3599 3789
f 3600 3792 3598
f 3598 3792 3790
f 3791 3505 3599
f 3697 3505 3791
f 3601 3793 3600
f 3600 3793 3792
f 3506 3794 3602
f 3698 3794 3506
f 3602 3794 3601
f 3601 3794 3793
f 3795 3604 3603
f 3605 3795 3603
f 3604 3798 3606
f 3796 3604 3795
f 3796 3798 3604
f 3797 3795 3605
f 3799 3608 3607
f 3609 3799 3607
f 3608 3802 3610
f 3800 3608 3799
f 3800 3802 3608
f 3801 3799 3609
f 3611 3797 3605
f 3606 3804 3612
f 3798 3804 3606
f 3803 3797 3611
f 3613 3801 3609
f 3610 3806 3614
f 3802 3806 3610
f 3805 3801 3613
f 3615 3803 3611
f 3612 3808 3616
f 3804 3808 3612
f 3807 3803 3615
f 3617 3805 3613
f 3614 3810 3618
f 3806 3810 3614
f 3809 3805 3617
f 3619 3807 3615
f 3616 3812 3620
f 3808 3812 3616
f 3811 3807 3619
f 3621 3809 3617
f 3618 3814 3622
f 3810 3814 3618
f 3813 3809 3621
f 3623 3811 3619
f 3620 3816 3624
f 3812 3816 3620
f 3815 3811 3623
f 3625 3813 3621
f 3622 3818 3626
f 3814 3818 3622
f 3817 3813 3625
f 3627 3815 3623
f 3624 3820 3628
f 3816 3820 3624
f 3819 3815 3627
f 3629 3817 3625
f 3626 3822 3630
f 3818 3822 3626
f 3821 3817 3629
f 3631 3819 3627
f 3628 3824 3632
f 3820 3824 3628
f 3823 3819 3631
f 3633 3821 3629
f 3630 3826 3634
f 3822 3826 3630
f 3825 3821 3633
f 3635 3823 3631
f 3632 3828 3636
f 3824 3828 3632
f 3827 3823 3635
f 3637 3825 3633
f 3634 3830 3638
f 3826 3830 3634
f 3829 3825 3637
f 3639 3827 3635
f 3636 3832 3640
f 3828 3832 3636
f 3831 3827 3639
f 3641 3829 3637
f 3638 3834 3642
f 3830 3834 3638
f 3833 3829 3641
f 3643 3831 3639
f 3640 3836 3644
f 3832 3836 3640
f 3835 3831 3643
f 3645 3833 3641
f 3642 3838 3646
f 3834 3838 3642
f 3837 3833 3645
f 3647 3835 3643
f 3644 3840 3648
f 3836 3840 3644
f 3839 3835 3647
f 3649 3837 3645
f 3646 3842 3650
f 3838 3842 3646
f 3841 3837 3649
f 3651 3839 3647
f 3648 3844 3652
f 3840 3844 3648
f 3843 3839 3651
f 3653 3841 3649
f 3650 3846 3654
f 3842 3846 3650
f 3845 3841 3653
f 3655 3843 3651
f 3652 3848 3656
f 3844 3848 3652
f 3847 3843 3655
f 3657 3845 3653
f 3654 3850 3658
f 3846 3850 3654
f 3849 3845 3657
f 3659 3847 3655
f 3656 3852 3660
f 3848 3852 3656
f 3851 3847 3659
f 3661 3849 3657
f 3658 3854 3662
f 3850 3854 3658
f 3853 3849 3661
f 3663 3851 3659
f 3660 3856 3664
f 3852 3856 3660
f 3855 3851 3663
f 3665 3853 3661
f 3662 3858 3666
f 3854 3858 3662
f 3857 3853 3665
f 3667 3855 3663
f 3664 3860 3668
f 3856 3860 3664
f 3859 3855 3667
f 3669 3857 3665
f 3666 3862 3670
f 3858 3862 3666
f 3861 3857 3669
f 3671 3859 3667
f 3668 3864 3672
f 3860 3864 3668
f 3863 3859 3671
f 3673 3861 3669
f 3670 3866 3674
f 3862 3866 3670
f 3865 3861 3673
f 3675 3863 3671
f 3672 3868 3676
f 3864 3868 3672
f 3867 3863 3675
f 3677 3865 3673
f 3674 3870 3678
f 3866 3870 3674
f 3869 3865 3677
f 3679 3867 3675
f 3676 3872 3680
f 3868 3872 3676
f 3871 3867 3679
f 3681 3869 3677
f 3678 3874 3682
f 3870 3874 3678
f 3873 3869 3681
f 3683 3871 3679
f 3680 3876 3684
f 3872 3876 3680
f 3875 3871 3683
f 3685 3873 3681
f 3682 3878 3686
f 3874 3878 3682
f 3877 3873 3685
f 3687 3875 3683
f 3684 3880 3688
f 3876 3880 3684
f 3879 3875 3687
f 3689 3877 3685
f 3686 3882 3690
f 3878 3882 3686
f 3881 3877 3689
f 3691 3879 3687
f 3688 3884 3692
f 3880 3884 3688
f 3883 3879 3691
f 3693 3881 3689
f 3690 3886 3694
f 3882 3886 3690
f 3885 3881 3693
f 3695 3883 3691
f 3692 3888 3696
f 3884 3888 3692
f 3887 3883 3695
f 3697 3885 3693
f 3694 3890 3698
f 3886 3890 3694
f 3889 3885 3697
f 3699 3887 3695
f 3700 3892 3699
f 3891 3887 3699
f 3699 3892 3891
f 3888 3701 3696
f 3893 3701 3888
f 3702 3894 3700
f 3700 3894 3892
f 3893 3703 3701
f 3895 3703 3893
f 3704 3896 3702
f 3702 3896 3894
f 3895 3705 3703
f 3897 3705 3895
f 3706 3898 3704
f 3704 3898 3896
f 3897 3707 3705
f 3899 3707 3897
f 3708 3900 3706
f 3706 3900 3898
f 3899 3709 3707
f 3901 3709 3899
f 3710 3902 3708
f 3708 3902 3900
f 3901 3711 3709
f 3903 3711 3901
f 3712 3904 3710
f 3710 3904 3902
f 3903 3713 3711
f 3905 3713 3903
f 3714 3906 3712
f 3712 3906 3904
f 3905 3715 3713
f 3907 3715 3905
f 3716 3908 3714
f 3714 3908 3906
f 3907 3717 3715
f 3909 3717 3907
f 3718 3910 3716
f 3716 3910 3908
f 3909 3719 3717
f 3911 3719 3909
f 3720 3912 3718
f 3718 3912 3910
f 3911 3721 3719
f 3913 3721 3911
f 3722 3914 3720
f 3720 3914 3912
f 3913 3723 3721
f 3915 3723 3913
f 3724 3916 3722
f 3722 3916 3914
f 3915 3725 3723
f 3917 3725 3915
f 3726 3918 3724
f 3724 3918 3916
f 3917 3727 3725
f 3919 3727 3917
f 3728 3920 3726
f 3726 3920 3918
f 3919 3729 3727
f 3921 3729 3919
f 3730 3922 3728
f 3728 3922 3920
f 3921 3731 3729
f 3923 3731 3921
f 3732 3924 3730
f 3730 3924 3922
f 3923 3733 3731
f 3925 3733 3923
f 3734 3926 3732
f 3732 3926 3924
f 3925 3735 3733
f 3927 3735 3925
f 3736 3928 3734
f 3734 3928 3926
f 3927 3737 3735
f 3929 3737 3927
f 3738 3930 3736
f 3736 3930 3928
f 3929 3739 3737
f 3931 3739 3929
f 3740 3932 3738
f 3738 3932 3930
f 3931 3741 3739
f 3933 3741 3931
f 3742 3934 3740
f 3740 3934 3932
f 3933 3743 3741
f 3935 3743 3933
f 3744 3936 3742
f 3742 3936 3934
f 3935 3745 3743
f 3937 3745 3935
f 3746 3938 3744
f 3744 3938 3936
f 3937 3747 3745
f 3939 3747 3937
f 3748 3940 3746
f 3746 3940 3938
f 3939 3749 3747
f 3941 3749 3939
f 3750 3942 3748
f 3748 3942 3940
f 3941 3751 3749
f 3943 3751 3941
f 3752 3944 3750
f 3750 3944 3942
f 3943 3753 3751
f 3945 3753 3943
f 3754 3946 3752
f 3752 3946 3944
f 3945 3755 3753
f 3947 3755 3945
f 3756 3948 3754
f 3754 3948 3946
f 3947 3757 3755
f 3949 3757 3947
f 3758 3950 3756
f 3756 3950 3948
f 3949 3759 3757
f 3951 3759 3949
f 3760 3952 3758
f 3758 3952 3950
f 3951 3761 3759
f 3953 3761 3951
f 3762 3954 3760
f 3760 3954 3952
f 3953 3763 3761
f 3955 3763 3953
f 3764 3956 3762
f 3762 3956 3954
f 3955 3765 3763
f 3957 3765 3955
f 3766 3958 3764
f 3764 3958 3956
f 3957 3767 3765
f 3959 3767 3957
f 3768 3960 3766
f 3766 3960 3958
f 3959 3769 3767
f 3961 3769 3959
f 3770 3962 3768
f 3768 3962 3960
f 3961 3771 3769
f 3963 3771 3961
f 3772 3964 3770
f 3770 3964 3962
f 3963 3773 3771
f 3965 3773 3963
f 3774 3966 3772
f 3772 3966 3964
f 3965 3775 3773
f 3967 3775 3965
f 3776 3968 3774
f 3774 3968 3966
f 3967 3777 3775
f 3969 3777 3967
f 3778 3970 3776
f 3776 3970 3968
f 3969 3779 3777
f 3971 3779 3969
f 3780 3972 3778
f 3778 3972 3970
f 3971 3781 3779
f 3973 3781 3971
f 3782 3974 3780
f 3780 3974 3972
f 3973 3783 3781
f 3975 3783 3973
f 3784 3976 3782
f 3782 3976 3974
f 3975 3785 3783
f 3977 3785 3975
f 3786 3978 3784
f 3784 3978 3976
f 3977 3787 3785
f 3979 3787 3977
f 3788 3980 3786
f 3786 3980 3978
f 3979 3789 3787
f 3981 3789 3979
f 3790 3982 3788
f 3788 3982 3980
f 3981 3791 3789
f 3983 3791 3981
f 3792 3984 3790
f 3790 3984 3982
f 3983 3697 3791
f 3889 3697 3983
f 3793 3985 3792
f 3792 3985 3984
f 3698 3986 3794
f 3890 3986 3698
f 3794 3986 3793
f 3793 3986 3985
f 3987 3796 3795
f 3797 3987 3795
f 3796 3990 3798
f 3988 3796 3987
f 3988 3990 3796
f 3989 3987 3797
f 3991 3800 3799
f 3801 3991 3799
f 3800 3994 3802
f 3992 3800 3991
f 3992 3994 3800
f 3993 3991 3801
f 3803 3989 3797
f 3798 3996 3804
f 3990 3996 3798
f 3995 3989 3803
f 3805 3993 3801
f 3802 3998 3806
f 3994 3998 3802
f 3997 3993 3805
f 3807 3995 3803
f 3804 4000 3808
f 3996 4000 3804
f 3999 3995 3807
f 3809 3997 3805
f 3806 4002 3810
f 3998 4002 3806
f 4001 3997 3809
f 3811 3999 3807
f 3808 4004 3812
f 4000 4004 3808
f 4003 3999 3811
f 3813 4001 3809
f 3810 4006 3814
f 4002 4006 3810
f 4005 4001 3813
f 3815 4003 3811
f 3812 4008 3816
f 4004 4008 3812
f 4007 4003 3815
f 3817 4005 3813
f 3814 4010 3818
f 4006 4010 3814
f 4009 4005 3817
f 3819 4007 3815
f 3816 4012 3820
f 4008 4012 3816
f 4011 4007 3819
f 3821 4009 3817
f 3818 4014 3822
f 4010 4014 3818
f 4013 4009 3821
f 3823 4011 3819
f 3820 4016 3824
f 4012 4016 3820
f 4015 4011 3823
f 3825 4013 3821
f 3822 4018 3826
f 4014 4018 3822
f 4017 4013 3825
f 3827 4015 3823
f 3824 4020 3828
f 4016 4020 3824
f 4019 4015 3827
f 3829 4017 3825
f 3826 4022 3830
f 4018 4022 3826
f 4021 4017 3829
f 3831 4019 3827
f 3828 4024 3832
f 4020 4024 3828
f 4023 4019 3831
f 3833 4021 3829
f 3830 4026 3834
f 4022 4026 3830
f 4025 4021 3833
f 3835 4023 3831
f 3832 4028 3836
f 4024 4028 3832
f 4027 4023 3835
f 3837 4025 3833
f 3834 4030 3838
f 4026 4030 3834
f 4029 4025 3837
f 3839 4027 3835
f 3836 4032 3840
f 4028 4032 3836
f 4031 4027 3839
f 3841 4029 3837
f 3838 4034 3842
f 4030 4034 3838
f 4033 4029 3841
f 3843 4031 3839
f 3840 4036 3844
f 4032 4036 3840
f 4035 4031 3843
f 3845 4033 3841
f 3842 4038 3846
f 4034 4038 3842
f 4037 4033 3845
f 3847 4035 3843
f 3844 4040 3848
f 4036 4040 3844
f 4039 4035 3847
f 3849 4037 3845
f 3846 4042 3850
f 4038 4042 3846
f 4041 4037 3849
f 3851 4039 3847
f 3848 4044 3852
f 4040 4044 3848
f 4043 4039 3851
f 3853 4041 3849
f 3850 4046 3854
f 4042 4046 3850
f 4045 4041 3853
f 3855 4043 3851
f 3852 4048 3856
f 4044 4048 3852
f 4047 4043 3855
f 3857 4045 3853
f 3854 4050 3858
f 4046 4050 3854
f 4049 4045 3857
f 3859 4047 3855
f 3856 4052 3860
f 4048 4052 3856
f 4051 4047 3859
f 3861 4049 3857
f 3858 4054 3862
f 4050 4054 3858
f 4053 4049 3861
f 3863 4051 3859
f 3860 4056 3864
f 4052 4056 3860
f 4055 4051 3863
f 3865 4053 3861
f 3862 4058 3866
f 4054 4058 3862
f 4057 4053 3865
f 3867 4055 3863
f 3864 4060 3868
f 4056 4060 3864
f 4059 4055 3867
f 3869 4057 3865
f 3866 4062 3870
f 4058 4062 3866
f 4061 4057 3869
f 3871 4059 3867
f 3868 4064 3872
f 4060 4064 3868
f 4063 4059 3871
f 3873 4061 3869
f 3870 4066 3874
f 4062 4066 3870
f 4065 4061 3873
f 3875 4063 3871
f 3872 4068 3876
f 4064 4068 3872
f 4067 4063 3875
f 3877 4065 3873
f 3874 4070 3878
f 4066 4070 3874
f 4069 4065 3877
f 3879 4067 3875
f 3876 4072 3880
f 4068 4072 3876
f 4071 4067 3879
f 3881 4069 3877
f 3878 4074 3882
f 4070 4074 3878
f 4073 4069 3881
f 3883 4071 3879
f 3880 4076 3884
f 4072 4076 3880
f 4075 4071 3883
f 3885 4073 3881
f 3882 4078 3886
f 4074 4078 3882
f 4077 4073 3885
f 3887 4075 3883
f 3884 4080 3888
f 4076 4080 3884
f 4079 4075 3887
f 3889 4077 3885
f 3886 4082 3890
f 4078 4082 3886
f 4081 4077 3889
f 3891 4079 3887
f 3892 4084 3891
f 4083 4079 3891
f 3891 4084 4083
f 4080 3893 3888
f 4085 3893 4080
f 3894 4086 3892
f 3892 4086 4084
f 4085 3895 3893
f 4087 3895 4085
f 3896 4088 3894
f 3894 4088 4086
f 4087 3897 3895
f 4089 3897 4087
f 3898 4090 3896
f 3896 4090 4088
f 4089 3899 3897
f 4091 3899 4089
f 3900 4092 3898
f 3898 4092 4090
f 4091 3901 3899
f 4093 3901 4091
f 3902 4094 3900
f 3900 4094 4092
f 4093 3903 3901
f 4095 3903 4093
f 3904 4096 3902
f 3902 4096 4094
f 4095 3905 3903
f 4097 3905 4095
f 3906 4098 3904
f 3904 4098 4096
f 4097 3907 3905
f 4099 3907 4097
f 3908 4100 3906
f 3906 4100 4098
f 4099 3909 3907
f 4101 3909 4099
f 3910 4102 3908
f 3908 4102 4100
f 4101 3911 3909
f 4103 3911 4101
f 3912 4104 3910
f 3910 4104 4102
f 4103 3913 3911
f 4105 3913 4103
f 3914 4106 3912
f 3912 4106 4104
f 4105 3915 3913
f 4107 3915 4105
f 3916 4108 3914
f 3914 4108 4106
f 4107 3917 3915
f 4109 3917 4107
f 3918 4110 3916
f 3916 4110 4108
f 4109 3919 3917
f 4111 3919 4109
f 3920 4112 3918
f 3918 4112 4110
f 4111 3921 3919
f 4113 3921 4111
f 3922 4114 3920
f 3920 4114 4112
f 4113 3923 3921
f 4115 3923 4113
f 3924 4116 3922
f 3922 4116 4114
f 4115 3925 3923
f 4117 3925 4115
f 3926 4118 3924
f 3924 4118 4116
f 4117 3927 3925
f 4119 3927 4117
f 3928 4120 3926
f 3926 4120 4118
f 4119 3929 3927
f 4121 3929 4119
f 3930 4122 3928
f 3928 4122 4120
f 4121 3931 3929
f 4123 3931 4121
f 3932 4124 3930
f 3930 4124 4122
f 4123 3933 3931
f 4125 3933 4123
f 3934 4126 3932
f 3932 4126 4124
f 4125 3935 3933
f 4127 3935 4125
f 3936 4128 3934
f 3934 4128 4126
f 4127 3937 3935
f 4129 3937 4127
f 3938 4130 3936
f 3936 4130 4128
f 4129 3939 3937
f 4131 3939 4129
f 3940 4132 3938
f 3938 4132 4130
f 4131 3941 3939
f 4133 3941 4131
f 3942 4134 3940
f 3940 4134 4132
f 4133 3943 3941
f 4135 3943 4133
f 3944 4136 3942
f 3942 4136 4134
f 4135 3945 3943
f 4137 3945 4135
f 3946 4138 3944
f 3944 4138 4136
f 4137 3947 3945
f 4139 3947 4137
f 3948 4140 3946
f 3946 4140 4138
f 4139 3949 3947
f 4141 3949 4139
f 3950 4142 3948
f 3948 4142 4140
f 4141 3951 3949
f 4143 3951 4141
f 3952 4144 3950
f 3950 4144 4142
f 4143 3953 3951
f 4145 3953 4143
f 3954 4146 3952
f 3952 4146 4144
f 4145 3955 3953
f 4147 3955 4145
f 3956 4148 3954
f 3954 4148 4146
f 4147 3957 3955
f 4149 3957 4147
f 3958 4150 3956
f 3956 4150 4148
f 4149 3959 3957
f 4151 3959 4149
f 3960 4152 3958
f 3958 4152 4150
f 4151 3961 3959
f 4153 3961 4151
f 3962 4154 3960
f 3960 4154 4152
f 4153 3963 3961
f 4155 3963 4153
f 3964 4156 3962
f 3962 4156 4154
f 4155 3965 3963
f 4157 3965 4155
f 3966 4158 3964
f 3964 4158 4156
f 4157 3967 3965
f 4159 3967 4157
f 3968 4160 3966
f 3966 4160 4158
f 4159 3969 3967
f 4161 3969 4159
f 3970 4162 3968
f 3968 4162 4160
f 4161 3971 3969
f 4163 3971 4161
f 3972 4164 3970
f 3970 4164 4162
f 4163 3973 3971
f 4165 3973 4163
f 3974 4166 3972
f 3972 4166 4164
f 4165 3975 3973
f 4167 3975 4165
f 3976 4168 3974
f 3974 4168 4166
f 4167 3977 3975
f 4169 3977 4167
f 3978 4170 3976
f 3976 4170 4168
f 4169 3979 3977
f 4171 3979 4169
f 3980 4172 3978
f 3978 4172 4170
f 4171 3981 3979
f 4173 3981 4171
f 3982 4174 3980
f 3980 4174 4172
f 4173 3983 3981
f 4175 3983 4173
f 3984 4176 3982
f 3982 4176 4174
f 4175 3889 3983
f 4081 3889 4175
f 3985 4177 3984
f 3984 4177 4176
f 3890 4178 3986
f 4082 4178 3890
f 3986 4178 3985
f 3985 4178 4177
f 4179 3988 3987
f 3989 4179 3987
f 3988 4182 3990
f 4180 3988 4179
f 4180 4182 3988
f 4181 4179 3989
f 4183 3992 3991
f 3993 4183 3991
f 3992 4186 3994
f 4184 3992 4183
f 4184 4186 3992
f 4185 4183 3993
f 3995 4181 3989
f 3990 4188 3996
f 4182 4188 3990
f 4187 4181 3995
f 3997 4185 3993
f 3994 4190 3998
f 4186 4190 3994
f 4189 4185 3997
f 3999 4187 3995
f 3996 4192 4000
f 4188 4192 3996
f 4191 4187 3999
f 4001 4189 3997
f 3998 4194 4002
f 4190 4194 3998
f 4193 4189 4001
f 4003 4191 3999
f 4000 4196 4004
f 4192 4196 4000
f 4195 4191 4003
f 4005 4193 4001
f 4002 4198 4006
f 4194 4198 4002
f 4197 4193 4005
f 4007 4195 4003
f 4004 4200 4008
f 4196 4200 4004
f 4199 4195 4007
f 4009 4197 4005
f 4006 4202 4010
f 4198 4202 4006
f 4201 4197 4009
f 4011 4199 4007
f 4008 4204 4012
f 4200 4204 4008
f 4203 4199 4011
f 4013 4201 4009
f 4010 4206 4014
f 4202 4206 4010
f 4205 4201 4013
f 4015 4203 4011
f 4012 4208 4016
f 4204 4208 4012
f 4207 4203 4015
f 4017 4205 4013
f 4014 4210 4018
f 4206 4210 4014
f 4209 4205 4017
f 4019 4207 4015
f 4016 4212 4020
f 4208 4212 4016
f 4211 4207 4019
f 4021 4209 4017
f 4018 4214 4022
f 4210 4214 4018
f 4213 4209 4021
f 4023 4211 4019
f 4020 4216 4024
f 4212 4216 4020
f 4215 4211 4023
f 4025 4213 4021
f 4022 4218 4026
f 4214 4218 4022
f 4217 4213 4025
f 4027 4215 4023
f 4024 4220 4028
f 4216 4220 4024
f 4219 4215 4027
f 4029 4217 4025
f 4026 4222 4030
f 4218 4222 4026
f 4221 4217 4029
f 4031 4219 4027
f 4028 4224 4032
f 4220 4224 4028
f 4223 4219 4031
f 4033 4221 4029
f 4030 4226 4034
f 4222 4226 4030
f 4225 4221 4033
f 4035 4223 4031
f 4032 4228 4036
f 4224 4228 4032
f 4227 4223 4035
f 4037 4225 4033
f 4034 4230 4038
f 4226 4230 4034
f 4229 4225 4037
f 4039 4227 4035
f 4036 4232 4040
f 4228 4232 4036
f 4231 4227 4039
f 4041 4229 4037
f 4038 4234 4042
f 4230 4234 4038
f 4233 4229 4041
f 4043 4231 4039
f 4040 4236 4044
f 4232 4236 4040
f 4235 4231 4043
f 4045 4233 4041
f 4042 4238 4046
f 4234 4238 4042
f 4237 4233 4045
f 4047 4235 4043
f 4044 4240 4048
f 4236 4240 4044
f 4239 4235 4047
f 4049 4237 4045
f 4046 4242 4050
f 4238 4242 4046
f 4241 4237 4049
f 4051 4239 4047
f 4048 4244 4052
f 4240 4244 4048
f 4243 4239 4051
f 4053 4241 4049
f 4050 4246 4054
f 4242 4246 4050
f 4245 4241 4053
f 4055 4243 4051
f 4052 4248 4056
f 4244 4248 4052
f 4247 4243 4055
f 4057 4245 4053
f 4054 4250 4058
f 4246 4250 4054
f 4249 4245 4057
f 4059 4247 4055
f 4056 4252 4060
f 4248 4252 4056
f 4251 4247 4059
f 4061 4249 4057
f 4058 4254 4062
f 4250 4254 4058
f 4253 4249 4061
f 4063 4251 4059
f 4060 4256 4064
f 4252 4256 4060
f 4255 4251 4063
f 4065 4253 4061
f 4062 4258 4066
f 4254 4258 4062
f 4257 4253 4065
f 4067 4255 4063
f 4064 4260 4068
f 4256 4260 4064
f 4259 4255 4067
f 4069 4257 4065
f 4066 4262 4070
f 4258 4262 4066
f 4261 4257 4069
f 4071 4259 4067
f 4068 4264 4072
f 4260 4264 4068
f 4263 4259 4071
f 4073 4261 4069
f 4070 4266 4074
f 4262 4266 4070
f 4265 4261 4073
f 4075 4263 4071
f 4072 4268 4076
f 4264 4268 4072
f 4267 4263 4075
f 4077 4265 4073
f 4074 4270 4078
f 4266 4270 4074
f 4269 4265 4077
f 4079 4267 4075
f 4076 4272 4080
f 4268 4272 4076
f 4271 4267 4079
f 4081 4269 4077
f 4078 4274 4082
f 4270 4274 4078
f 4273 4269 4081
f 4083 4271 4079
f 4084 4276 4083
f 4275 4271 4083
f 4083 4276 4275
f 4272 4085 4080
f 4277 4085 4272
f 4086 4278 4084
f 4084 4278 4276
f 4277 4087 4085
f 4279 4087 4277
f 4088 4280 4086
f 4086 4280 4278
f 4279 4089 4087
f 4281 4089 4279
f 4090 4282 4088
f 4088 4282 4280
f 4281 4091 4089
f 4283 4091 4281
f 4092 4284 4090
f 4090 4284 4282
f 4283 4093 4091
f 4285 4093 4283
f 4094 4286 4092
f 4092 4286 4284
f 4285 4095 4093
f 4287 4095 4285
f 4096 4288 4094
f 4094 4288 4286
f 4287 4097 4095
f 4289 4097 4287
f 4098 4290 4096
f 4096 4290 4288
f 4289 4099 4097
f 4291 4099 4289
f 4100 4292 4098
f 4098 4292 4290
f 4291 4101 4099
f 4293 4101 4291
f 4102 4294 4100
f 4100 4294 4292
f 4293 4103 4101
f 4295 4103 4293
f 4104 4296 4102
f 4102 4296 4294
f 4295 4105 4103
f 4297 4105 4295
f 4106 4298 4104
f 4104 4298 4296
f 4297 4107 4105
f 4299 4107 4297
f 4108 4300 4106
f 4106 4300 4298
f 4299 4109 4107
f 4301 4109 4299
f 4110 4302 4108
f 4108 4302 4300
f 4301 4111 4109
f 4303 4111 4301
f 4112 4304 4110
f 4110 4304 4302
f 4303 4113 4111
f 4305 4113 4303
f 4114 4306 4112
f 4112 4306 4304
f 4305 4115 4113
f 4307 4115 4305
f 4116 4308 4114
f 4114 4308 4306
f 4307 4117 4115
f 4309 4117 4307
f 4118 4310 4116
f 4116 4310 4308
f 4309 4119 4117
f 4311 4119 4309
f 4120 4312 4118
f 4118 4312 4310
f 4311 4121 4119
f 4313 4121 4311
f 4122 4314 4120
f 4120 4314 4312
f 4313 4123 4121
f 4315 4123 4313
f 4124 4316 4122
f 4122 4316 4314
f 4315 4125 4123
f 4317 4125 4315
f 4126 4318 4124
f 4124 4318 4316
f 4317 4127 4125
f 4319 4127 4317
f 4128 4320 4126
f 4126 4320 4318
f 4319 4129 4127
f 4321 4129 4319
f 4130 4322 4128
f 4128 4322 4320
f 4321 4131 4129
f 4323 4131 4321
f 4132 4324 4130
f 4130 4324 4322
f 4323 4133 4131
f 4325 4133 4323
f 4134 4326 4132
f 4132 4326 4324
f 4325 4135 4133
f 4327 4135 4325
f 4136 4328 4134
f 4134 4328 4326
f 4327 4137 4135
f 4329 4137 4327
f 4138 4330 4136
f 4136 4330 4328
f 4329 4139 4137
f 4331 4139 4329
f 4140 4332 4138
f 4138 4332 4330
f 4331 4141 4139
f 4333 4141 4331
f 4142 4334 4140
f 4140 4334 4332
f 4333 4143 4141
f 4335 4143 4333
f 4144 4336 4142
f 4142 4336 4334
f 4335 4145 4143
f 4337 4145 4335
f 4146 4338 4144
f 4144 4338 4336
f 4337 4147 4145
f 4339 4147 4337
f 4148 4340 4146
f 4146 4340 4338
f 4339 4149 4147
f 4341 4149 4339
f 4150 4342 4148
f 4148 4342 4340
f 4341 4151 4149
f 4343 4151 4341
f 4152 4344 4150
f 4150 4344 4342
f 4343 4153 4151
f 4345 4153 4343
f 4154 4346 4152
f 4152 4346 4344
f 4345 4155 4153
f 4347 4155 4345
f 4156 4348 4154
f 4154 4348 4346
f 4347 4157 4155
f 4349 4157 4347
f 4158 4350 4156
f 4156 4350 4348
f 4349 4159 4157
f 4351 4159 4349
f 4160 4352 4158
f 4158 4352 4350
f 4351 4161 4159
f 4353 4161 4351
f 4162 4354 4160
f 4160 4354 4352
f 4353 4163 4161
f 4355 4163 4353
f 4164 4356 4162
f 4162 4356 4354
f 4355 4165 4163
f 4357 4165 4355
f 4166 4358 4164
f 4164 4358 4356
f 4357 4167 4165
f 4359 4167 4357
f 4168 4360 4166
f 4166 4360 4358
f 4359 4169 4167
f 4361 4169 4359
f 4170 4362 4168
f 4168 4362 4360
f 4361 4171 4169
f 4363 4171 4361
f 4172 4364 4170
f 4170 4364 4362
f 4363 4173 4171
f 4365 4173 4363
f 4174 4366 4172
f 4172 4366 4364
f 4365 4175 4173
f 4367 4175 4365
f 4176 4368 4174
f 4174 4368 4366
f 4367 4081 4175
f 4273 4081 4367
f 4177 4369 4176
f 4176 4369 4368
f 4082 4370 4178
f 4274 4370 4082
f 4178 4370 4177
f 4177 4370 4369
f 4371 4180 4179
f 4181 4371 4179
f 4180 4374 4182
f 4372 4180 4371
f 4372 4374 4180
f 4373 4371 4181
f 4375 4184 4183
f 4185 4375 4183
f 4184 4378 4186
f 4376 4184 4375
f 4376 4378 4184
f 4377 4375 4185
f 4187 4373 4181
f 4182 4380 4188
f 4374 4380 4182
f 4379 4373 4187
f 4189 4377 4185
f 4186 4382 4190
f 4378 4382 4186
f 4381 4377 4189
f 4191 4379 4187
f 4188 4384 4192
f 4380 4384 4188
f 4383 4379 4191
f 4193 4381 4189
f 4190 4386 4194
f 4382 4386 4190
f 4385 4381 4193
f 4195 4383 4191
f 4192 4388 4196
f 4384 4388 4192
f 4387 4383 4195
f 4197 4385 4193
f 4194 4390 4198
f 4386 4390 4194
f 4389 4385 4197
f 4199 4387 4195
f 4196 4392 4200
f 4388 4392 4196
f 4391 4387 4199
f 4201 4389 4197
f 4198 4394 4202
f 4390 4394 4198
f 4393 4389 4201
f 4203 4391 4199
f 4200 4396 4204
f 4392 4396 4200
f 4395 4391 4203
f 4205 4393 4201
f 4202 4398 4206
f 4394 4398 4202
f 4397 4393 4205
f 4207 4395 4203
f 4204 4400 4208
f 4396 4400 4204
f 4399 4395 4207
f 4209 4397 4205
f 4206 4402 4210
f 4398 4402 4206
f 4401 4397 4209
f 4211 4399 4207
f 4208 4404 4212
f 4400 4404 4208
f 4403 4399 4211
f 4213 4401 4209
f 4210 4406 4214
f 4402 4406 4210
f 4405 4401 4213
f 4215 4403 4211
f 4212 4408 4216
f 4404 4408 4212
f 4407 4403 4215
f 4217 4405 4213
f 4214 4410 4218
f 4406 4410 4214
f 4409 4405 4217
f 4219 4407 4215
f 4216 4412 4220
f 4408 4412 4216
f 4411 4407 4219
f 4221 4409 4217
f 4218 4414 4222
f 4410 4414 4218
f 4413 4409 4221
f 4223 4411 4219
f 4220 4416 4224
f 4412 4416 4220
f 4415 4411 4223
f 4225 4413 4221
f 4222 4418 4226
f 4414 4418 4222
f 4417 4413 4225
f 4227 4415 4223
f 4224 4420 4228
f 4416 4420 4224
f 4419 4415 4227
f 4229 4417 4225
f 4226 4422 4230
f 4418 4422 4226
f 4421 4417 4229
f 4231 4419 4227
f 4228 4424 4232
f 4420 4424 4228
f 4423 4419 4231
f 4233 4421 4229
f 4230 4426 4234
f 4422 4426 4230
f 4425 4421 4233
f 4235 4423 4231
f 4232 4428 4236
f 4424 4428 4232
f 4427 4423 4235
f 4237 4425 4233
f 4234 4430 4238
f 4426 4430 4234
f 4429 4425 4237
f 4239 4427 4235
f 4236 4432 4240
f 4428 4432 4236
f 4431 4427 4239
f 4241 4429 4237
f 4238 4434 4242
f 4430 4434 4238
f 4433 4429 4241
f 4243 4431 4239
f 4240 4436 4244
f 4432 4436 4240
f 4435 4431 4243
f 4245 4433 4241
f 4242 4438 4246
f 4434 4438 4242
f 4437 4433 4245
f 4247 4435 4243
f 4244 4440 4248
f 4436 4440 4244
f 4439 4435 4247
f 4249 4437 4245
f 4246 4442 4250
f 4438 4442 4246
f 4441 4437 4249
f 4251 4439 4247
f 4248 4444 4252
f 4440 4444 4248
f 4443 4439 4251
f 4253 4441 4249
f 4250 4446 4254
f 4442 4446 4250
f 4445 4441 4253
f 4255 4443 4251
f 4252 4448 4256
f 4444 4448 4252
f 4447 4443 4255
f 4257 4445 4253
f 4254 4450 4258
f 4446 4450 4254
f 4449 4445 4257
f 4259 4447 4255
f 4256 4452 4260
f 4448 4452 4256
f 4451 4447 4259
f 4261 4449 4257
f 4258 4454 4262
f 4450 4454 4258
f 4453 4449 4261
f 4263 4451 4259
f 4260 4456 4264
f 4452 4456 4260
f 4455 4451 4263
f 4265 4453 4261
f 4262 4458 4266
f 4454 4458 4262
f 4457 4453 4265
f 4267 4455 4263
f 4264 4460 4268
f 4456 4460 4264
f 4459 4455 4267
f 4269 4457 4265
f 4266 4462 4270
f 4458 4462 4266
f 4461 4457 4269
f 4271 4459 4267
f 4268 4464 4272
f 4460 4464 4268
f 4463 4459 4271
f 4273 4461 4269
f 4270 4466 4274
f 4462 4466 4270
f 4465 4461 4273
f 4275 4463 4271
f 4276 4468 4275
f 4467 4463 4275
f 4275 4468 4467
f 4464 4277 4272
f 4469 4277 4464
f 4278 4470 4276
f 4276 4470 4468
f 4469 4279 4277
f 4471 4279 4469
f 4280 4472 4278
f 4278 4472 4470
f 4471 4281 4279
f 4473 4281 4471
f 4282 4474 4280
f 4280 4474 4472
f 4473 4283 4281
f 4475 4283 4473
f 4284 4476 4282
f 4282 4476 4474
f 4475 4285 4283
f 4477 4285 4475
f 4286 4478 4284
f 4284 4478 4476
f 4477 4287 4285
f 4479 4287 4477
f 4288 4480 4286
f 4286 4480 4478
f 4479 4289 4287
f 4481 4289 4479
f 4290 4482 4288
f 4288 4482 4480
f 4481 4291 4289
f 4483 4291 4481
f 4292 4484 4290
f 4290 4484 4482
f 4483 4293 4291
f 4485 4293 4483
f 4294 4486 4292
f 4292 4486 4484
f 4485 4295 4293
f 4487 4295 4485
f 4296 4488 4294
f 4294 4488 4486
f 4487 4297 4295
f 4489 4297 4487
f 4298 4490 4296
f 4296 4490 4488
f 4489 4299 4297
f 4491 4299 4489
f 4300 4492 4298
f 4298 4492 4490
f 4491 4301 4299
f 4493 4301 4491
f 4302 4494 4300
f 4300 4494 4492
f 4493 4303 4301
f 4495 4303 4493
f 4304 4496 4302
f 4302 4496 4494
f 4495 4305 4303
f 4497 4305 4495
f 4306 4498 4304
f 4304 4498 4496
f 4497 4307 4305
f 4499 4307 4497
f 4308 4500 4306
f 4306 4500 4498
f 4499 4309 4307
f 4501 4309 4499
f 4310 4502 4308
f 4308 4502 4500
f 4501 4311 4309
f 4503 4311 4501
f 4312 4504 4310
f 4310 4504 4502
f 4503 4313 4311
f 4505 4313 4503
f 4314 4506 4312
f 4312 4506 4504
f 4505 4315 4313
f 4507 4315 4505
f 4316 4508 4314
f 4314 4508 4506
f 4507 4317 4315
f 4509 4317 4507
f 4318 4510 4316
f 4316 4510 4508
f 4509 4319 4317
f 4511 4319 4509
f 4320 4512 4318
f 4318 4512 4510
f 4511 4321 4319
f 4513 4321 4511
f 4322 4514 4320
f 4320 4514 4512
f 4513 4323 4321
f 4515 4323 4513
f 4324 4516 4322
f 4322 4516 4514
f 4515 4325 4323
f 4517 4325 4515
f 4326 4518 4324
f 4324 4518 4516
f 4517 4327 4325
f 4519 4327 4517
f 4328 4520 4326
f 4326 4520 4518
f 4519 4329 4327
f 4521 4329 4519
f 4330 4522 4328
f 4328 4522 4520
f 4521 4331 4329
f 4523 4331 4521
f 4332 4524 4330
f 4330 4524 4522
f 4523 4333 4331
f 4525 4333 4523
f 4334 4526 4332
f 4332 4526 4524
f 4525 4335 4333
f 4527 4335 4525
f 4336 4528 4334
f 4334 4528 4526
f 4527 4337 4335
f 4529 4337 4527
f 4338 4530 4336
f 4336 4530 4528
f 4529 4339 4337
f 4531 4339 4529
f 4340 4532 4338
f 4338 4532 4530
f 4531 4341 4339
f 4533 4341 4531
f 4342 4534 4340
f 4340 4534 4532
f 4533 4343 4341
f 4535 4343 4533
f 4344 4536 4342
f 4342 4536 4534
f 4535 4345 4343
f 4537 4345 4535
f 4346 4538 4344
f 4344 4538 4536
f 4537 4347 4345
f 4539 4347 4537
f 4348 4540 4346
f 4346 4540 4538
f 4539 4349 4347
f 4541 4349 4539
f 4350 4542 4348
f 4348 4542 4540
f 4541 4351 4349
f 4543 4351 4541
f 4352 4544 4350
f 4350 4544 4542
f 4543 4353 4351
f 4545 4353 4543
f 4354 4546 4352
f 4352 4546 4544
f 4545 4355 4353
f 4547 4355 4545
f 4356 4548 4354
f 4354 4548 4546
f 4547 4357 4355
f 4549 4357 4547
f 4358 4550 4356
f 4356 4550 4548
f 4549 4359 4357
f 4551 4359 4549
f 4360 4552 4358
f 4358 4552 4550
f 4551 4361 4359
f 4553 4361 4551
f 4362 4554 4360
f 4360 4554 4552
f 4553 4363 4361
f 4555 4363 4553
f 4364 4556 4362
f 4362 4556 4554
f 4555 4365 4363
f 4557 4365 4555
f 4366 4558 4364
f 4364 4558 4556
f 4557 4367 4365
f 4559 4367 4557
f 4368 4560 4366
f 4366 4560 4558
f 4559 4273 4367
f 4465 4273 4559
f 4369 4561 4368
f 4368 4561 4560
f 4274 4562 4370
f 4466 4562 4274
f 4370 4562 4369
f 4369 4562 4561
f 4563 4372 4371
f 4373 4563 4371
f 4372 4566 4374
f 4564 4372 4563
f 4564 4566 4372
f 4565 4563 4373
f 4567 4376 4375
f 4377 4567 4375
f 4376 4570 4378
f 4568 4376 4567
f 4568 4570 4376
f 4569 4567 4377
f 4379 4565 4373
f 4374 4572 4380
f 4566 4572 4374
f 4571 4565 4379
f 4381 4569 4377
f 4378 4574 4382
f 4570 4574 4378
f 4573 4569 4381
f 4383 4571 4379
f 4380 4576 4384
f 4572 4576 4380
f 4575 4571 4383
f 4385 4573 4381
f 4382 4578 4386
f 4574 4578 4382
f 4577 4573 4385
f 4387 4575 4383
f 4384 4580 4388
f 4576 4580 4384
f 4579 4575 4387
f 4389 4577 4385
f 4386 4582 4390
f 4578 4582 4386
f 4581 4577 4389
f 4391 4579 4387
f 4388 4584 4392
f 4580 4584 4388
f 4583 4579 4391
f 4393 4581 4389
f 4390 4586 4394
f 4582 4586 4390
f 4585 4581 4393
f 4395 4583 4391
f 4392 4588 4396
f 4584 4588 4392
f 4587 4583 4395
f 4397 4585 4393
f 4394 4590 4398
f 4586 4590 4394
f 4589 4585 4397
f 4399 4587 4395
f 4396 4592 4400
f 4588 4592 4396
f 4591 4587 4399
f 4401 4589 4397
f 4398 4594 4402
f 4590 4594 4398
f 4593 4589 4401
f 4403 4591 4399
f 4400 4596 4404
f 4592 4596 4400
f 4595 4591 4403
f 4405 4593 4401
f 4402 4598 4406
f 4594 4598 4402
f 4597 4593 4405
f 4407 4595 4403
f 4404 4600 4408
f 4596 4600 4404
f 4599 4595 4407
f 4409 4597 4405
f 4406 4602 4410
f 4598 4602 4406
f 4601 4597 4409
f 4411 4599 4407
f 4408 4604 4412
f 4600 4604 4408
f 4603 4599 4411
f 4413 4601 4409
f 4410 4606 4414
f 4602 4606 4410
f 4605 4601 4413
f 4415 4603 4411
f 4412 4608 4416
f 4604 4608 4412
f 4607 4603 4415
f 4417 4605 4413
f 4414 4610 4418
f 4606 4610 4414
f 4609 4605 4417
f 4419 4607 4415
f 4416 4612 4420
f 4608 4612 4416
f 4611 4607 4419
f 4421 4609 4417
f 4418 4614 4422
f 4610 4614 4418
f 4613 4609 4421
f 4423 4611 4419
f 4420 4616 4424
f 4612 4616 4420
f 4615 4611 4423
f 4425 4613 4421
f 4422 4618 4426
f 4614 4618 4422
f 4617 4613 4425
f 4427 4615 4423
f 4424 4620 4428
f 4616 4620 4424
f 4619 4615 4427
f 4429 4617 4425
f 4426 4622 4430
f 4618 4622 4426
f 4621 4617 4429
f 4431 4619 4427
f 4428 4624 4432
f 4620 4624 4428
f 4623 4619 4431
f 4433 4621 4429
f 4430 4626 4434
f 4622 4626 4430
f 4625 4621 4433
f 4435 4623 4431
f 4432 4628 4436
f 4624 4628 4432
f 4627 4623 4435
f 4437 4625 4433
f 4434 4630 4438
f 4626 4630 4434
f 4629 4625 4437
f 4439 4627 4435
f 4436 4632 4440
f 4628 4632 4436
f 4631 4627 4439
f 4441 4629 4437
f 4438 4634 4442
f 4630 4634 4438
f 4633 4629 4441
f 4443 4631 4439
f 4440 4636 4444
f 4632 4636 4440
f 4635 4631 4443
f 4445 4633 4441
f 4442 4638 4446
f 4634 4638 4442
f 4637 4633 4445
f 4447 4635 4443
f 4444 4640 4448
f 4636 4640 4444
f 4639 4635 4447
f 4449 4637 4445
f 4446 4642 4450
f 4638 4642 4446
f 4641 4637 4449
f 4451 4639 4447
f 4448 4644 4452
f 4640 4644 4448
f 4643 4639 4451
f 4453 4641 4449
f 4450 4646 4454
f 4642 4646 4450
f 4645 4641 4453
f 4455 4643 4451
f 4452 4648 4456
f 4644 4648 4452
f 4647 4643 4455
f 4457 4645 4453
f 4454 4650 4458
f 4646 4650 4454
f 4649 4645 4457
f 4459 4647 4455
f 4456 4652 4460
f 4648 4652 4456
f 4651 4647 4459
f 4461 4649 4457
f 4458 4654 4462
f 4650 4654 4458
f 4653 4649 4461
f 4463 4651 4459
f 4460 4656 4464
f 4652 4656 4460
f 4655 4651 4463
f 4465 4653 4461
f 4462 4658 4466
f 4654 4658 4462
f 4657 4653 4465
f 4467 4655 4463
f 4468 4660 4467
f 4659 4655 4467
f 4467 4660 4659
f 4656 4469 4464
f 4661 4469 4656
f 4470 4662 4468
f 4468 4662 4660
f 4661 4471 4469
f 4663 4471 4661
f 4472 4664 4470
f 4470 4664 4662
f 4663 4473 4471
f 4665 4473 4663
f 4474 4666 4472
f 4472 4666 4664
f 4665 4475 4473
f 4667 4475 4665
f 4476 4668 4474
f 4474 4668 4666
f 4667 4477 4475
f 4669 4477 4667
f 4478 4670 4476
f 4476 4670 4668
f 4669 4479 4477
f 4671 4479 4669
f 4480 4672 4478
f 4478 4672 4670
f 4671 4481 4479
f 4673 4481 4671
f 4482 4674 4480
f 4480 4674 4672
f 4673 4483 4481
f 4675 4483 4673
f 4484 4676 4482
f 4482 4676 4674
f 4675 4485 4483
f 4677 4485 4675
f 4486 4678 4484
f 4484 4678 4676
f 4677 4487 4485
f 4679 4487 4677
f 4488 4680 4486
f 4486 4680 4678
f 4679 4489 4487
f 4681 4489 4679
f 4490 4682 4488
f 4488 4682 4680
f 4681 4491 4489
f 4683 4491 4681
f 4492 4684 4490
f 4490 4684 4682
f 4683 4493 4491
f 4685 4493 4683
f 4494 4686 4492
f 4492 4686 4684
f 4685 4495 4493
f 4687 4495 4685
f 4496 4688 4494
f 4494 4688 4686
f 4687 4497 4495
f 4689 4497 4687
f 4498 4690 4496
f 4496 4690 4688
f 4689 4499 4497
f 4691 4499 4689
f 4500 4692 4498
f 4498 4692 4690
f 4691 4501 4499
f 4693 4501 4691
f 4502 4694 4500
f 4500 4694 4692
f 4693 4503 4501
f 4695 4503 4693
f 4504 4696 4502
f 4502 4696 4694
f 4695 4505 4503
f 4697 4505 4695
f 4506 4698 4504
f 4504 4698 4696
f 4697 4507 4505
f 4699 4507 4697
f 4508 4700 4506
f 4506 4700 4698
f 4699 4509 4507
f 4701 4509 4699
f 4510 4702 4508
f 4508 4702 4700
f 4701 4511 4509
f 4703 4511 4701
f 4512 4704 4510
f 4510 4704 4702
f 4703 4513 4511
f 4705 4513 4703
f 4514 4706 4512
f 4512 4706 4704
f 4705 4515 4513
f 4707 4515 4705
f 4516 4708 4514
f 4514 4708 4706
f 4707 4517 4515
f 4709 4517 4707
f 4518 4710 4516
f 4516 4710 4708
f 4709 4519 4517
f 4711 4519 4709
f 4520 4712 4518
f 4518 4712 4710
f 4711 4521 4519
f 4713 4521 4711
f 4522 4714 4520
f 4520 4714 4712
f 4713 4523 4521
f 4715 4523 4713
f 4524 4716 4522
f 4522 4716 4714
f 4715 4525 4523
f 4717 4525 4715
f 4526 4718 4524
f 4524 4718 4716
f 4717 4527 4525
f 4719 4527 4717
f 4528 4720 4526
f 4526 4720 4718
f 4719 4529 4527
f 4721 4529 4719
f 4530 4722 4528
f 4528 4722 4720
f 4721 4531 4529
f 4723 4531 4721
f 4532 4724 4530
f 4530 4724 4722
f 4723 4533 4531
f 4725 4533 4723
f 4534 4726 4532
f 4532 4726 4724
f 4725 4535 4533
f 4727 4535 4725
f 4536 4728 4534
f 4534 4728 4726
f 4727 4537 4535
f 4729 4537 4727
f 4538 4730 4536
f 4536 4730 4728
f 4729 4539 4537
f 4731 4539 4729
f 4540 4732 4538
f 4538 4732 4730
f 4731 4541 4539
f 4733 4541 4731
f 4542 4734 4540
f 4540 4734 4732
f 4733 4543 4541
f 4735 4543 4733
f 4544 4736 4542
f 4542 4736 4734
f 4735 4545 4543
f 4737 4545 4735
f 4546 4738 4544
f 4544 4738 4736
f 4737 4547 4545
f 4739 4547 4737
f 4548 4740 4546
f 4546 4740 4738
f 4739 4549 4547
f 4741 4549 4739
f 4550 4742 4548
f 4548 4742 4740
f 4741 4551 4549
f 4743 4551 4741
f 4552 4744 4550
f 4550 4744 4742
f 4743 4553 4551
f 4745 4553 4743
f 4554 4746 4552
f 4552 4746 4744
f 4745 4555 4553
f 4747 4555 4745
f 4556 4748 4554
f 4554 4748 4746
f 4747 4557 4555
f 4749 4557 4747
f 4558 4750 4556
f 4556 4750 4748
f 4749 4559 4557
f 4751 4559 4749
f 4560 4752 4558
f 4558 4752 4750
f 4751 4465 4559
f 4657 4465 4751
f 4561 4753 4560
f 4560 4753 4752
f 4466 4754 4562
f 4658 4754 4466
f 4562 4754 4561
f 4561 4754 4753
f 4755 4564 4563
f 4565 4755 4563
f 4564 4758 4566
f 4756 4564 4755
f 4756 4758 4564
f 4757 4755 4565
f 4759 4568 4567
f 4569 4759 4567
f 4568 4762 4570
f 4760 4568 4759
f 4760 4762 4568
f 4761 4759 4569
f 4571 4757 4565
f 4566 4764 4572
f 4758 4764 4566
f 4763 4757 4571
f 4573 4761 4569
f 4570 4766 4574
f 4762 4766 4570
f 4765 4761 4573
f 4575 4763 4571
f 4572 4768 4576
f 4764 4768 4572
f 4767 4763 4575
f 4577 4765 4573
f 4574 4770 4578
f 4766 4770 4574
f 4769 4765 4577
f 4579 4767 4575
f 4576 4772 4580
f 4768 4772 4576
f 4771 4767 4579
f 4581 4769 4577
f 4578 4774 4582
f 4770 4774 4578
f 4773 4769 4581
f 4583 4771 4579
f 4580 4776 4584
f 4772 4776 4580
f 4775 4771 4583
f 4585 4773 4581
f 4582 4778 4586
f 4774 4778 4582
f 4777 4773 4585
f 4587 4775 4583
f 4584 4780 4588
f 4776 4780 4584
f 4779 4775 4587
f 4589 4777 4585
f 4586 4782 4590
f 4778 4782 4586
f 4781 4777 4589
f 4591 4779 4587
f 4588 4784 4592
f 4780 4784 4588
f 4783 4779 4591
f 4593 4781 4589
f 4590 4786 4594
f 4782 4786 4590
f 4785 4781 4593
f 4595 4783 4591
f 4592 4788 4596
f 4784 4788 4592
f 4787 4783 4595
f 4597 4785 4593
f 4594 4790 4598
f 4786 4790 4594
f 4789 4785 4597
f 4599 4787 4595
f 4596 4792 4600
f 4788 4792 4596
f 4791 4787 4599
f 4601 4789 4597
f 4598 4794 4602
f 4790 4794 4598
f 4793 4789 4601
f 4603 4791 4599
f 4600 4796 4604
f 4792 4796 4600
f 4795 4791 4603
f 4605 4793 4601
f 4602 4798 4606
f 4794 4798 4602
f 4797 4793 4605
f 4607 4795 4603
f 4604 4800 4608
f 4796 4800 4604
f 4799 4795 4607
f 4609 4797 4605
f 4606 4802 4610
f 4798 4802 4606
f 4801 4797 4609
f 4611 4799 4607
f 4608 4804 4612
f 4800 4804 4608
f 4803 4799 4611
f 4613 4801 4609
f 4610 4806 4614
f 4802 4806 4610
f 4805 4801 4613
f 4615 4803 4611
f 4612 4808 4616
f 4804 4808 4612
f 4807 4803 4615
f 4617 4805 4613
f 4614 4810 4618
f 4806 4810 4614
f 4809 4805 4617
f 4619 4807 4615
f 4616 4812 4620
f 4808 4812 4616
f 4811 4807 4619
f 4621 4809 4617
f 4618 4814 4622
f 4810 4814 4618
f 4813 4809 4621
f 4623 4811 4619
f 4620 4816 4624
f 4812 4816 4620
f 4815 4811 4623
f 4625 4813 4621
f 4622 4818 4626
f 4814 4818 4622
f 4817 4813 4625
f 4627 4815 4623
f 4624 4820 4628
f 4816 4820 4624
f 4819 4815 4627
f 4629 4817 4625
f 4626 4822 4630
f 4818 4822 4626
f 4821 4817 4629
f 4631 4819 4627
f 4628 4824 4632
f 4820 4824 4628
f 4823 4819 4631
f 4633 4821 4629
f 4630 4826 4634
f 4822 4826 4630
f 4825 4821 4633
f 4635 4823 4631
f 4632 4828 4636
f 4824 4828 4632
f 4827 4823 4635
f 4637 4825 4633
f 4634 4830 4638
f 4826 4830 4634
f 4829 4825 4637
f 4639 4827 4635
f 4636 4832 4640
f 4828 4832 4636
f 4831 4827 4639
f 4641 4829 4637
f 4638 4834 4642
f 4830 4834 4638
f 4833 4829 4641
f 4643 4831 4639
f 4640 4836 4644
f 4832 4836 4640
f 4835 4831 4643
f 4645 4833 4641
f 4642 4838 4646
f 4834 4838 4642
f 4837 4833 4645
f 4647 4835 4643
f 4644 4840 4648
f 4836 4840 4644
f 4839 4835 4647
f 4649 4837 4645
f 4646 4842 4650
f 4838 4842 4646
f 4841 4837 4649
f 4651 4839 4647
f 4648 4844 4652
f 4840 4844 4648
f 4843 4839 4651
f 4653 4841 4649
f 4650 4846 4654
f 4842 4846 4650
f 4845 4841 4653
f 4655 4843 4651
f 4652 4848 4656
f 4844 4848 4652
f 4847 4843 4655
f 4657 4845 4653
f 4654 4850 4658
f 4846 4850 4654
f 4849 4845 4657
f 4659 4847 4655
f 4660 4852 4659
f 4851 4847 4659
f 4659 4852 4851
f 4848 4661 4656
f 4853 4661 4848
f 4662 4854 4660
f 4660 4854 4852
f 4853 4663 4661
f 4855 4663 4853
f 4664 4856 4662
f 4662 4856 4854
f 4855 4665 4663
f 4857 4665 4855
f 4666 4858 4664
f 4664 4858 4856
f 4857 4667 4665
f 4859 4667 4857
f 4668 4860 4666
f 4666 4860 4858
f 4859 4669 4667
f 4861 4669 4859
f 4670 4862 4668
f 4668 4862 4860
f 4861 4671 4669
f 4863 4671 4861
f 4672 4864 4670
f 4670 4864 4862
f 4863 4673 4671
f 4865 4673 4863
f 4674 4866 4672
f 4672 4866 4864
f 4865 4675 4673
f 4867 4675 4865
f 4676 4868 4674
f 4674 4868 4866
f 4867 4677 4675
f 4869 4677 4867
f 4678 4870 4676
f 4676 4870 4868
f 4869 4679 4677
f 4871 4679 4869
f 4680 4872 4678
f 4678 4872 4870
f 4871 4681 4679
f 4873 4681 4871
f 4682 4874 4680
f 4680 4874 4872
f 4873 4683 4681
f 4875 4683 4873
f 4684 4876 4682
f 4682 4876 4874
f 4875 4685 4683
f 4877 4685 4875
f 4686 4878 4684
f 4684 4878 4876
f 4877 4687 4685
f 4879 4687 4877
f 4688 4880 4686
f 4686 4880 4878
f 4879 4689 4687
f 4881 4689 4879
f 4690 4882 4688
f 4688 4882 4880
f 4881 4691 4689
f 4883 4691 4881
f 4692 4884 4690
f 4690 4884 4882
f 4883 4693 4691
f 4885 4693 4883
f 4694 4886 4692
f 4692 4886 4884
f 4885 4695 4693
f 4887 4695 4885
f 4696 4888 4694
f 4694 4888 4886
f 4887 4697 4695
f 4889 4697 4887
f 4698 4890 4696
f 4696 4890 4888
f 4889 4699 4697
f 4891 4699 4889
f 4700 4892 4698
f 4698 4892 4890
f 4891 4701 4699
f 4893 4701 4891
f 4702 4894 4700
f 4700 4894 4892
f 4893 4703 4701
f 4895 4703 4893
f 4704 4896 4702
f 4702 4896 4894
f 4895 4705 4703
f 4897 4705 4895
f 4706 4898 4704
f 4704 4898 4896
f 4897 4707 4705
f 4899 4707 4897
f 4708 4900 4706
f 4706 4900 4898
f 4899 4709 4707
f 4901 4709 4899
f 4710 4902 4708
f 4708 4902 4900
f 4901 4711 4709
f 4903 4711 4901
f 4712 4904 4710
f 4710 4904 4902
f 4903 4713 4711
f 4905 4713 4903
f 4714 4906 4712
f 4712 4906 4904
f 4905 4715 4713
f 4907 4715 4905
f 4716 4908 4714
f 4714 4908 4906
f 4907 4717 4715
f 4909 4717 4907
f 4718 4910 4716
f 4716 4910 4908
f 4909 4719 4717
f 4911 4719 4909
f 4720 4912 4718
f 4718 4912 4910
f 4911 4721 4719
f 4913 4721 4911
f 4722 4914 4720
f 4720 4914 4912
f 4913 4723 4721
f 4915 4723 4913
f 4724 4916 4722
f 4722 4916 4914
f 4915 4725 4723
f 4917 4725 4915
f 4726 4918 4724
f 4724 4918 4916
f 4917 4727 4725
f 4919 4727 4917
f 4728 4920 4726
f 4726 4920 4918
f 4919 4729 4727
f 4921 4729 4919
f 4730 4922 4728
f 4728 4922 4920
f 4921 4731 4729
f 4923 4731 4921
f 4732 4924 4730
f 4730 4924 4922
f 4923 4733 4731
f 4925 4733 4923
f 4734 4926 4732
f 4732 4926 4924
f 4925 4735 4733
f 4927 4735 4925
f 4736 4928 4734
f 4734 4928 4926
f 4927 4737 4735
f 4929 4737 4927
f 4738 4930 4736
f 4736 4930 4928
f 4929 4739 4737
f 4931 4739 4929
f 4740 4932 4738
f 4738 4932 4930
f 4931 4741 4739
f 4933 4741 4931
f 4742 4934 4740
f 4740 4934 4932
f 4933 4743 4741
f 4935 4743 4933
f 4744 4936 4742
f 4742 4936 4934
f 4935 4745 4743
f 4937 4745 4935
f 4746 4938 4744
f 4744 4938 4936
f 4937 4747 4745
f 4939 4747 4937
f 4748 4940 4746
f 4746 4940 4938
f 4939 4749 4747
f 4941 4749 4939
f 4750 4942 4748
f 4748 4942 4940
f 4941 4751 4749
f 4943 4751 4941
f 4752 4944 4750
f 4750 4944 4942
f 4943 4657 4751
f 4849 4657 4943
f 4753 4945 4752
f 4752 4945 4944
f 4658 4946 4754
f 4850 4946 4658
f 4754 4946 4753
f 4753 4946 4945
f 4947 4756 4755
f 4757 4947 4755
f 4756 4950 4758
f 4948 4756 4947
f 4948 4950 4756
f 4949 4947 4757
f 4951 4760 4759
f 4761 4951 4759
f 4760 4954 4762
f 4952 4760 4951
f 4952 4954 4760
f 4953 4951 4761
f 4763 4949 4757
f 4758 4956 4764
f 4950 4956 4758
f 4955 4949 4763
f 4765 4953 4761
f 4762 4958 4766
f 4954 4958 4762
f 4957 4953 4765
f 4767 4955 4763
f 4764 4960 4768
f 4956 4960 4764
f 4959 4955 4767
f 4769 4957 4765
f 4766 4962 4770
f 4958 4962 4766
f 4961 4957 4769
f 4771 4959 4767
f 4768 4964 4772
f 4960 4964 4768
f 4963 4959 4771
f 4773 4961 4769
f 4770 4966 4774
f 4962 4966 4770
f 4965 4961 4773
f 4775 4963 4771
f 4772 4968 4776
f 4964 4968 4772
f 4967 4963 4775
f 4777 4965 4773
f 4774 4970 4778
f 4966 4970 4774
f 4969 4965 4777
f 4779 4967 4775
f 4776 4972 4780
f 4968 4972 4776
f 4971 4967 4779
f 4781 4969 4777
f 4778 4974 4782
f 4970 4974 4778
f 4973 4969 4781
f 4783 4971 4779
f 4780 4976 4784
f 4972 4976 4780
f 4975 4971 4783
f 4785 4973 4781
f 4782 4978 4786
f 4974 4978 4782
f 4977 4973 4785
f 4787 4975 4783
f 4784 4980 4788
f 4976 4980 4784
f 4979 4975 4787
f 4789 4977 4785
f 4786 4982 4790
f 4978 4982 4786
f 4981 4977 4789
f 4791 4979 4787
f 4788 4984 4792
f 4980 4984 4788
f 4983 4979 4791
f 4793 4981 4789
f 4790 4986 4794
f 4982 4986 4790
f 4985 4981 4793
f 4795 4983 4791
f 4792 4988 4796
f 4984 4988 4792
f 4987 4983 4795
f 4797 4985 4793
f 4794 4990 4798
f 4986 4990 4794
f 4989 4985 4797
f 4799 4987 4795
f 4796 4992 4800
f 4988 4992 4796
f 4991 4987 4799
f 4801 4989 4797
f 4798 4994 4802
f 4990 4994 4798
f 4993 4989 4801
f 4803 4991 4799
f 4800 4996 4804
f 4992 4996 4800
f 4995 4991 4803
f 4805 4993 4801
f 4802 4998 4806
f 4994 4998 4802
f 4997 4993 4805
f 4807 4995 4803
f 4804 5000 4808
f 4996 5000 4804
f 4999 4995 4807
f 4809 4997 4805
f 4806 5002 4810
f 4998 5002 4806
f 5001 4997 4809
f 4811 4999 4807
f 4808 5004 4812
f 5000 5004 4808
f 5003 4999 4811
f 4813 5001 4809
f 4810 5006 4814
f 5002 5006 4810
f 5005 5001 4813
f 4815 5003 4811
f 4812 5008 4816
f 5004 5008 4812
f 5007 5003 4815
f 4817 5005 4813
f 4814 5010 4818
f 5006 5010 4814
f 5009 5005 4817
f 4819 5007 4815
f 4816 5012 4820
f 5008 5012 4816
f 5011 5007 4819
f 4821 5009 4817
f 4818 5014 4822
f 5010 5014 4818
f 5013 5009 4821
f 4823 5011 4819
f 4820 5016 4824
f 5012 5016 4820
f 5015 5011 4823
f 4825 5013 4821
f 4822 5018 4826
f 5014 5018 4822
f 5017 5013 4825
f 4827 5015 4823
f 4824 5020 4828
f 5016 5020 4824
f 5019 5015 4827
f 4829 5017 4825
f 4826 5022 4830
f 5018 5022 4826
f 5021 5017 4829
f 4831 5019 4827
f 4828 5024 4832
f 5020 5024 4828
f 5023 5019 4831
f 4833 5021 4829
f 4830 5026 4834
f 5022 5026 4830
f 5025 5021 4833
f 4835 5023 4831
f 4832 5028 4836
f 5024 5028 4832
f 5027 5023 4835
f 4837 5025 4833
f 4834 5030 4838
f 5026 5030 4834
f 5029 5025 4837
f 4839 5027 4835
f 4836 5032 4840
f 5028 5032 4836
f 5031 5027 4839
f 4841 5029 4837
f 4838 5034 4842
f 5030 5034 4838
f 5033 5029 4841
f 4843 5031 4839
f 4840 5036 4844
f 5032 5036 4840
f 5035 5031 4843
f 4845 5033 4841
f 4842 5038 4846
f 5034 5038 4842
f 5037 5033 4845
f 4847 5035 4843
f 4844 5040 4848
f 5036 5040 4844
f 5039 5035 4847
f 4849 5037 4845
f 4846 5042 4850
f 5038 5042 4846
f 5041 5037 4849
f 4851 5039 4847
f 4852 5044 4851
f 5043 5039 4851
f 4851 5044 5043
f 5040 4853 4848
f 5045 4853 5040
f 4854 5046 4852
f 4852 5046 5044
f 5045 4855 4853
f 5047 4855 5045
f 4856 5048 4854
f 4854 5048 5046
f 5047 4857 4855
f 5049 4857 5047
f 4858 5050 4856
f 4856 5050 5048
f 5049 4859 4857
f 5051 4859 5049
f 4860 5052 4858
f 4858 5052 5050
f 5051 4861 4859
f 5053 4861 5051
f 4862 5054 4860
f 4860 5054 5052
f 5053 4863 4861
f 5055 4863 5053
f 4864 5056 4862
f 4862 5056 5054
f 5055 4865 4863
f 5057 4865 5055
f 4866 5058 4864
f 4864 5058 5056
f 5057 4867 4865
f 5059 4867 5057
f 4868 5060 4866
f 4866 5060 5058
f 5059 4869 4867
f 5061 4869 5059
f 4870 5062 4868
f 4868 5062 5060
f 5061 4871 4869
f 5063 4871 5061
f 4872 5064 4870
f 4870 5064 5062
f 5063 4873 4871
f 5065 4873 5063
f 4874 5066 4872
f 4872 5066 5064
f 5065 4875 4873
f 5067 4875 5065
f 4876 5068 4874
f 4874 5068 5066
f 5067 4877 4875
f 5069 4877 5067
f 4878 5070 4876
f 4876 5070 5068
f 5069 4879 4877
f 5071 4879 5069
f 4880 5072 4878
f 4878 5072 5070
f 5071 4881 4879
f 5073 4881 5071
f 4882 5074 4880
f 4880 5074 5072
f 5073 4883 4881
f 5075 4883 5073
f 4884 5076 4882
f 4882 5076 5074
f 5075 4885 4883
f 5077 4885 5075
f 4886 5078 4884
f 4884 5078 5076
f 5077 4887 4885
f 5079 4887 5077
f 4888 5080 4886
f 4886 5080 5078
f 5079 4889 4887
f 5081 4889 5079
f 4890 5082 4888
f 4888 5082 5080
f 5081 4891 4889
f 5083 4891 5081
f 4892 5084 4890
f 4890 5084 5082
f 5083 4893 4891
f 5085 4893 5083
f 4894 5086 4892
f 4892 5086 5084
f 5085 4895 4893
f 5087 4895 5085
f 4896 5088 4894
f 4894 5088 5086
f 5087 4897 4895
f 5089 4897 5087
f 4898 5090 4896
f 4896 5090 5088
f 5089 4899 4897
f 5091 4899 5089
f 4900 5092 4898
f 4898 5092 5090
f 5091 4901 4899
f 5093 4901 5091
f 4902 5094 4900
f 4900 5094 5092
f 5093 4903 4901
f 5095 4903 5093
f 4904 5096 4902
f 4902 5096 5094
f 5095 4905 4903
f 5097 4905 5095
f 4906 5098 4904
f 4904 5098 5096
f 5097 4907 4905
f 5099 4907 5097
f 4908 5100 4906
f 4906 5100 5098
f 5099 4909 4907
f 5101 4909 5099
f 4910 5102 4908
f 4908 5102 5100
f 5101 4911 4909
f 5103 4911 5101
f 4912 5104 4910
f 4910 5104 5102
f 5103 4913 4911
f 5105 4913 5103
f 4914 5106 4912
f 4912 5106 5104
f 5105 4915 4913
f 5107 4915 5105
f 4916 5108 4914
f 4914 5108 5106
f 5107 4917 4915
f 5109 4917 5107
f 4918 5110 4916
f 4916 5110 5108
f 5109 4919 4917
f 5111 4919 5109
f 4920 5112 4918
f 4918 5112 5110
f 5111 4921 4919
f 5113 4921 5111
f 4922 5114 4920
f 4920 5114 5112
f 5113 4923 4921
f 5115 4923 5113
f 4924 5116 4922
f 4922 5116 5114
f 5115 4925 4923
f 5117 4925 5115
f 4926 5118 4924
f 4924 5118 5116
f 5117 4927 4925
f 5119 4927 5117
f 4928 5120 4926
f 4926 5120 5118
f 5119 4929 4927
f 5121 4929 5119
f 4930 5122 4928
f 4928 5122 5120
f 5121 4931 4929
f 5123 4931 5121
f 4932 5124 4930
f 4930 5124 5122
f 5123 4933 4931
f 5125 4933 5123
f 4934 5126 4932
f 4932 5126 5124
f 5125 4935 4933
f 5127 4935 5125
f 4936 5128 4934
f 4934 5128 5126
f 5127 4937 4935
f 5129 4937 5127
f 4938 5130 4936
f 4936 5130 5128
f 5129 4939 4937
f 5131 4939 5129
f 4940 5132 4938
f 4938 5132 5130
f 5131 4941 4939
f 5133 4941 5131
f 4942 5134 4940
f 4940 5134 5132
f 5133 4943 4941
f 5135 4943 5133
f 4944 5136 4942
f 4942 5136 5134
f 5135 4849 4943
f 5041 4849 5135
f 4945 5137 4944
f 4944 5137 5136
f 4850 5138 4946
f 5042 5138 4850
f 4946 5138 4945
f 4945 5138 5137
f 5139 4948 4947
f 4949 5139 4947
f 4948 5142 4950
f 5140 4948 5139
f 5140 5142 4948
f 5141 5139 4949
f 5143 4952 4951
f 4953 5143 4951
f 4952 5146 4954
f 5144 4952 5143
f 5144 5146 4952
f 5145 5143 4953
f 4955 5141 4949
f 4950 5148 4956
f 5142 5148 4950
f 5147 5141 4955
f 4957 5145 4953
f 4954 5150 4958
f 5146 5150 4954
f 5149 5145 4957
f 4959 5147 4955
f 4956 5152 4960
f 5148 5152 4956
f 5151 5147 4959
f 4961 5149 4957
f 4958 5154 4962
f 5150 5154 4958
f 5153 5149 4961
f 4963 5151 4959
f 4960 5156 4964
f 5152 5156 4960
f 5155 5151 4963
f 4965 5153 4961
f 4962 5158 4966
f 5154 5158 4962
f 5157 5153 4965
f 4967 5155 4963
f 4964 5160 4968
f 5156 5160 4964
f 5159 5155 4967
f 4969 5157 4965
f 4966 5162 4970
f 5158 5162 4966
f 5161 5157 4969
f 4971 5159 4967
f 4968 5164 4972
f 5160 5164 4968
f 5163 5159 4971
f 4973 5161 4969
f 4970 5166 4974
f 5162 5166 4970
f 5165 5161 4973
f 4975 5163 4971
f 4972 5168 4976
f 5164 5168 4972
f 5167 5163 4975
f 4977 5165 4973
f 4974 5170 4978
f 5166 5170 4974
f 5169 5165 4977
f 4979 5167 4975
f 4976 5172 4980
f 5168 5172 4976
f 5171 5167 4979
f 4981 5169 4977
f 4978 5174 4982
f 5170 5174 4978
f 5173 5169 4981
f 4983 5171 4979
f 4980 5176 4984
f 5172 5176 4980
f 5175 5171 4983
f 4985 5173 4981
f 4982 5178 4986
f 5174 5178 4982
f 5177 5173 4985
f 4987 5175 4983
f 4984 5180 4988
f 5176 5180 4984
f 5179 5175 4987
f 4989 5177 4985
f 4986 5182 4990
f 5178 5182 4986
f 5181 5177 4989
f 4991 5179 4987
f 4988 5184 4992
f 5180 5184 4988
f 5183 5179 4991
f 4993 5181 4989
f 4990 5186 4994
f 5182 5186 4990
f 5185 5181 4993
f 4995 5183 4991
f 4992 5188 4996
f 5184 5188 4992
f 5187 5183 4995
f 4997 5185 4993
f 4994 5190 4998
f 5186 5190 4994
f 5189 5185 4997
f 4999 5187 4995
f 4996 5192 5000
f 5188 5192 4996
f 5191 5187 4999
f 5001 5189 4997
f 4998 5194 5002
f 5190 5194 4998
f 5193 5189 5001
f 5003 5191 4999
f 5000 5196 5004
f 5192 5196 5000
f 5195 5191 5003
f 5005 5193 5001
f 5002 5198 5006
f 5194 5198 5002
f 5197 5193 5005
f 5007 5195 5003
f 5004 5200 5008
f 5196 5200 5004
f 5199 5195 5007
f 5009 5197 5005
f 5006 5202 5010
f 5198 5202 5006
f 5201 5197 5009
f 5011 5199 5007
f 5008 5204 5012
f 5200 5204 5008
f 5203 5199 5011
f 5013 5201 5009
f 5010 5206 5014
f 5202 5206 5010
f 5205 5201 5013
f 5015 5203 5011
f 5012 5208 5016
f 5204 5208 5012
f 5207 5203 5015
f 5017 5205 5013
f 5014 5210 5018
f 5206 5210 5014
f 5209 5205 5017
f 5019 5207 5015
f 5016 5212 5020
f 5208 5212 5016
f 5211 5207 5019
f 5021 5209 5017
f 5018 5214 5022
f 5210 5214 5018
f 5213 5209 5021
f 5023 5211 5019
f 5020 5216 5024
f 5212 5216 5020
f 5215 5211 5023
f 5025 5213 5021
f 5022 5218 5026
f 5214 5218 5022
f 5217 5213 5025
f 5027 5215 5023
f 5024 5220 5028
f 5216 5220 5024
f 5219 5215 5027
f 5029 5217 5025
f 5026 5222 5030
f 5218 5222 5026
f 5221 5217 5029
f 5031 5219 5027
f 5028 5224 5032
f 5220 5224 5028
f 5223 5219 5031
f 5033 5221 5029
f 5030 5226 5034
f 5222 5226 5030
f 5225 5221 5033
f 5035 5223 5031
f 5032 5228 5036
f 5224 5228 5032
f 5227 5223 5035
f 5037 5225 5033
f 5034 5230 5038
f 5226 5230 5034
f 5229 5225 5037
f 5039 5227 5035
f 5036 5232 5040
f 5228 5232 5036
f 5231 5227 5039
f 5041 5229 5037
f 5038 5234 5042
f 5230 5234 5038
f 5233 5229 5041
f 5043 5231 5039
f 5044 5236 5043
f 5235 5231 5043
f 5043 5236 5235
f 5232 5045 5040
f 5237 5045 5232
f 5046 5238 5044
f 5044 5238 5236
f 5237 5047 5045
f 5239 5047 5237
f 5048 5240 5046
f 5046 5240 5238
f 5239 5049 5047
f 5241 5049 5239
f 5050 5242 5048
f 5048 5242 5240
f 5241 5051 5049
f 5243 5051 5241
f 5052 5244 5050
f 5050 5244 5242
f 5243 5053 5051
f 5245 5053 5243
f 5054 5246 5052
f 5052 5246 5244
f 5245 5055 5053
f 5247 5055 5245
f 5056 5248 5054
f 5054 5248 5246
f 5247 5057 5055
f 5249 5057 5247
f 5058 5250 5056
f 5056 5250 5248
f 5249 5059 5057
f 5251 5059 5249
f 5060 5252 5058
f 5058 5252 5250
f 5251 5061 5059
f 5253 5061 5251
f 5062 5254 5060
f 5060 5254 5252
f 5253 5063 5061
f 5255 5063 5253
f 5064 5256 5062
f 5062 5256 5254
f 5255 5065 5063
f 5257 5065 5255
f 5066 5258 5064
f 5064 5258 5256
f 5257 5067 5065
f 5259 5067 5257
f 5068 5260 5066
f 5066 5260 5258
f 5259 5069 5067
f 5261 5069 5259
f 5070 5262 5068
f 5068 5262 5260
f 5261 5071 5069
f 5263 5071 5261
f 5072 5264 5070
f 5070 5264 5262
f 5263 5073 5071
f 5265 5073 5263
f 5074 5266 5072
f 5072 5266 5264
f 5265 5075 5073
f 5267 5075 5265
f 5076 5268 5074
f 5074 5268 5266
f 5267 5077 5075
f 5269 5077 5267
f 5078 5270 5076
f 5076 5270 5268
f 5269 5079 5077
f 5271 5079 5269
f 5080 5272 5078
f 5078 5272 5270
f 5271 5081 5079
f 5273 5081 5271
f 5082 5274 5080
f 5080 5274 5272
f 5273 5083 5081
f 5275 5083 5273
f 5084 5276 5082
f 5082 5276 5274
f 5275 5085 5083
f 5277 5085 5275
f 5086 5278 5084
f 5084 5278 5276
f 5277 5087 5085
f 5279 5087 5277
f 5088 5280 5086
f 5086 5280 5278
f 5279 5089 5087
f 5281 5089 5279
f 5090 5282 5088
f 5088 5282 5280
f 5281 5091 5089
f 5283 5091 5281
f 5092 5284 5090
f 5090 5284 5282
f 5283 5093 5091
f 5285 5093 5283
f 5094 5286 5092
f 5092 5286 5284
f 5285 5095 5093
f 5287 5095 5285
f 5096 5288 5094
f 5094 5288 5286
f 5287 5097 5095
f 5289 5097 5287
f 5098 5290 5096
f 5096 5290 5288
f 5289 5099 5097
f 5291 5099 5289
f 5100 5292 5098
f 5098 5292 5290
f 5291 5101 5099
f 5293 5101 5291
f 5102 5294 5100
f 5100 5294 5292
f 5293 5103 5101
f 5295 5103 5293
f 5104 5296 5102
f 5102 5296 5294
f 5295 5105 5103
f 5297 5105 5295
f 5106 5298 5104
f 5104 5298 5296
f 5297 5107 5105
f 5299 5107 5297
f 5108 5300 5106
f 5106 5300 5298
f 5299 5109 5107
f 5301 5109 5299
f 5110 5302 5108
f 5108 5302 5300
f 5301 5111 5109
f 5303 5111 5301
f 5112 5304 5110
f 5110 5304 5302
f 5303 5113 5111
f 5305 5113 5303
f 5114 5306 5112
f 5112 5306 5304
f 5305 5115 5113
f 5307 5115 5305
f 5116 5308 5114
f 5114 5308 5306
f 5307 5117 5115
f 5309 5117 5307
f 5118 5310 5116
f 5116 5310 5308
f 5309 5119 5117
f 5311 5119 5309
f 5120 5312 5118
f 5118 5312 5310
f 5311 5121 5119
f 5313 5121 5311
f 5122 5314 5120
f 5120 5314 5312
f 5313 5123 5121
f 5315 5123 5313
f 5124 5316 5122
f 5122 5316 5314
f 5315 5125 5123
f 5317 5125 5315
f 5126 5318 5124
f 5124 5318 5316
f 5317 5127 5125
f 5319 5127 5317
f 5128 5320 5126
f 5126 5320 5318
f 5319 5129 5127
f 5321 5129 5319
f 5130 5322 5128
f 5128 5322 5320
f 5321 5131 5129
f 5323 5131 5321
f 5132 5324 5130
f 5130 5324 5322
f 5323 5133 5131
f 5325 5133 5323
f 5134 5326 5132
f 5132 5326 5324
f 5325 5135 5133
f 5327 5135 5325
f 5136 5328 5134
f 5134 5328 5326
f 5327 5041 5135
f 5233 5041 5327
f 5137 5329 5136
f 5136 5329 5328
f 5042 5330 5138
f 5234 5330 5042
f 5138 5330 5137
f 5137 5330 5329
f 5331 5140 5139
f 5141 5331 5139
f 5140 5334 5142
f 5332 5140 5331
f 5332 5334 5140
f 5333 5331 5141
f 5335 5144 5143
f 5145 5335 5143
f 5144 5338 5146
f 5336 5144 5335
f 5336 5338 5144
f 5337 5335 5145
f 5147 5333 5141
f 5142 5340 5148
f 5334 5340 5142
f 5339 5333 5147
f 5149 5337 5145
f 5146 5342 5150
f 5338 5342 5146
f 5341 5337 5149
f 5151 5339 5147
f 5148 5344 5152
f 5340 5344 5148
f 5343 5339 5151
f 5153 5341 5149
f 5150 5346 5154
f 5342 5346 5150
f 5345 5341 5153
f 5155 5343 5151
f 5152 5348 5156
f 5344 5348 5152
f 5347 5343 5155
f 5157 5345 5153
f 5154 5350 5158
f 5346 5350 5154
f 5349 5345 5157
f 5159 5347 5155
f 5156 5352 5160
f 5348 5352 5156
f 5351 5347 5159
f 5161 5349 5157
f 5158 5354 5162
f 5350 5354 5158
f 5353 5349 5161
f 5163 5351 5159
f 5160 5356 5164
f 5352 5356 5160
f 5355 5351 5163
f 5165 5353 5161
f 5162 5358 5166
f 5354 5358 5162
f 5357 5353 5165
f 5167 5355 5163
f 5164 5360 5168
f 5356 5360 5164
f 5359 5355 5167
f 5169 5357 5165
f 5166 5362 5170
f 5358 5362 5166
f 5361 5357 5169
f 5171 5359 5167
f 5168 5364 5172
f 5360 5364 5168
f 5363 5359 5171
f 5173 5361 5169
f 5170 5366 5174
f 5362 5366 5170
f 5365 5361 5173
f 5175 5363 5171
f 5172 5368 5176
f 5364 5368 5172
f 5367 5363 5175
f 5177 5365 5173
f 5174 5370 5178
f 5366 5370 5174
f 5369 5365 5177
f 5179 5367 5175
f 5176 5372 5180
f 5368 5372 5176
f 5371 5367 5179
f 5181 5369 5177
f 5178 5374 5182
f 5370 5374 5178
f 5373 5369 5181
f 5183 5371 5179
f 5180 5376 5184
f 5372 5376 5180
f 5375 5371 5183
f 5185 5373 5181
f 5182 5378 5186
f 5374 5378 5182
f 5377 5373 5185
f 5187 5375 5183
f 5184 5380 5188
f 5376 5380 5184
f 5379 5375 5187
f 5189 5377 5185
f 5186 5382 5190
f 5378 5382 5186
f 5381 5377 5189
f 5191 5379 5187
f 5188 5384 5192
f 5380 5384 5188
f 5383 5379 5191
f 5193 5381 5189
f 5190 5386 5194
f 5382 5386 5190
f 5385 5381 5193
f 5195 5383 5191
f 5192 5388 5196
f 5384 5388 5192
f 5387 5383 5195
f 5197 5385 5193
f 5194 5390 5198
f 5386 5390 5194
f 5389 5385 5197
f 5199 5387 5195
f 5196 5392 5200
f 5388 5392 5196
f 5391 5387 5199
f 5201 5389 5197
f 5198 5394 5202
f 5390 5394 5198
f 5393 5389 5201
f 5203 5391 5199
f 5200 5396 5204
f 5392 5396 5200
f 5395 5391 5203
f 5205 5393 5201
f 5202 5398 5206
f 5394 5398 5202
f 5397 5393 5205
f 5207 5395 5203
f 5204 5400 5208
f 5396 5400 5204
f 5399 5395 5207
f 5209 5397 5205
f 5206 5402 5210
f 5398 5402 5206
f 5401 5397 5209
f 5211 5399 5207
f 5208 5404 5212
f 5400 5404 5208
f 5403 5399 5211
f 5213 5401 5209
f 5210 5406 5214
f 5402 5406 5210
f 5405 5401 5213
f 5215 5403 5211
f 5212 5408 5216
f 5404 5408 5212
f 5407 5403 5215
f 5217 5405 5213
f 5214 5410 5218
f 5406 5410 5214
f 5409 5405 5217
f 5219 5407 5215
f 5216 5412 5220
f 5408 5412 5216
f 5411 5407 5219
f 5221 5409 5217
f 5218 5414 5222
f 5410 5414 5218
f 5413 5409 5221
f 5223 5411 5219
f 5220 5416 5224
f 5412 5416 5220
f 5415 5411 5223
f 5225 5413 5221
f 5222 5418 5226
f 5414 5418 5222
f 5417 5413 5225
f 5227 5415 5223
f 5224 5420 5228
f 5416 5420 5224
f 5419 5415 5227
f 5229 5417 5225
f 5226 5422 5230
f 5418 5422 5226
f 5421 5417 5229
f 5231 5419 5227
f 5228 5424 5232
f 5420 5424 5228
f 5423 5419 5231
f 5233 5421 5229
f 5230 5426 5234
f 5422 5426 5230
f 5425 5421 5233
f 5235 5423 5231
f 5236 5428 5235
f 5427 5423 5235
f 5235 5428 5427
f 5424 5237 5232
f 5429 5237 5424
f 5238 5430 5236
f 5236 5430 5428
f 5429 5239 5237
f 5431 5239 5429
f 5240 5432 5238
f 5238 5432 5430
f 5431 5241 5239
f 5433 5241 5431
f 5242 5434 5240
f 5240 5434 5432
f 5433 5243 5241
f 5435 5243 5433
f 5244 5436 5242
f 5242 5436 5434
f 5435 5245 5243
f 5437 5245 5435
f 5246 5438 5244
f 5244 5438 5436
f 5437 5247 5245
f 5439 5247 5437
f 5248 5440 5246
f 5246 5440 5438
f 5439 5249 5247
f 5441 5249 5439
f 5250 5442 5248
f 5248 5442 5440
f 5441 5251 5249
f 5443 5251 5441
f 5252 5444 5250
f 5250 5444 5442
f 5443 5253 5251
f 5445 5253 5443
f 5254 5446 5252
f 5252 5446 5444
f 5445 5255 5253
f 5447 5255 5445
f 5256 5448 5254
f 5254 5448 5446
f 5447 5257 5255
f 5449 5257 5447
f 5258 5450 5256
f 5256 5450 5448
f 5449 5259 5257
f 5451 5259 5449
f 5260 5452 5258
f 5258 5452 5450
f 5451 5261 5259
f 5453 5261 5451
f 5262 5454 5260
f 5260 5454 5452
f 5453 5263 5261
f 5455 5263 5453
f 5264 5456 5262
f 5262 5456 5454
f 5455 5265 5263
f 5457 5265 5455
f 5266 5458 5264
f 5264 5458 5456
f 5457 5267 5265
f 5459 5267 5457
f 5268 5460 5266
f 5266 5460 5458
f 5459 5269 5267
f 5461 5269 5459
f 5270 5462 5268
f 5268 5462 5460
f 5461 5271 5269
f 5463 5271 5461
f 5272 5464 5270
f 5270 5464 5462
f 5463 5273 5271
f 5465 5273 5463
f 5274 5466 5272
f 5272 5466 5464
f 5465 5275 5273
f 5467 5275 5465
f 5276 5468 5274
f 5274 5468 5466
f 5467 5277 5275
f 5469 5277 5467
f 5278 5470 5276
f 5276 5470 5468
f 5469 5279 5277
f 5471 5279 5469
f 5280 5472 5278
f 5278 5472 5470
f 5471 5281 5279
f 5473 5281 5471
f 5282 5474 5280
f 5280 5474 5472
f 5473 5283 5281
f 5475 5283 5473
f 5284 5476 5282
f 5282 5476 5474
f 5475 5285 5283
f 5477 5285 5475
f 5286 5478 5284
f 5284 5478 5476
f 5477 5287 5285
f 5479 5287 5477
f 5288 5480 5286
f 5286 5480 5478
f 5479 5289 5287
f 5481 5289 5479
f 5290 5482 5288
f 5288 5482 5480
f 5481 5291 5289
f 5483 5291 5481
f 5292 5484 5290
f 5290 5484 5482
f 5483 5293 5291
f 5485 5293 5483
f 5294 5486 5292
f 5292 5486 5484
f 5485 5295 5293
f 5487 5295 5485
f 5296 5488 5294
f 5294 5488 5486
f 5487 5297 5295
f 5489 5297 5487
f 5298 5490 5296
f 5296 5490 5488
f 5489 5299 5297
f 5491 5299 5489
f 5300 5492 5298
f 5298 5492 5490
f 5491 5301 5299
f 5493 5301 5491
f 5302 5494 5300
f 5300 5494 5492
f 5493 5303 5301
f 5495 5303 5493
f 5304 5496 5302
f 5302 5496 5494
f 5495 5305 5303
f 5497 5305 5495
f 5306 5498 5304
f 5304 5498 5496
f 5497 5307 5305
f 5499 5307 5497
f 5308 5500 5306
f 5306 5500 5498
f 5499 5309 5307
f 5501 5309 5499
f 5310 5502 5308
f 5308 5502 5500
f 5501 5311 5309
f 5503 5311 5501
f 5312 5504 5310
f 5310 5504 5502
f 5503 5313 5311
f 5505 5313 5503
f 5314 5506 5312
f 5312 5506 5504
f 5505 5315 5313
f 5507 5315 5505
f 5316 5508 5314
f 5314 5508 5506
f 5507 5317 5315
f 5509 5317 5507
f 5318 5510 5316
f 5316 5510 5508
f 5509 5319 5317
f 5511 5319 5509
f 5320 5512 5318
f 5318 5512 5510
f 5511 5321 5319
f 5513 5321 5511
f 5322 5514 5320
f 5320 5514 5512
f 5513 5323 5321
f 5515 5323 5513
f 5324 5516 5322
f 5322 5516 5514
f 5515 5325 5323
f 5517 5325 5515
f 5326 5518 5324
f 5324 5518 5516
f 5517 5327 5325
f 5519 5327 5517
f 5328 5520 5326
f 5326 5520 5518
f 5519 5233 5327
f 5425 5233 5519
f 5329 5521 5328
f 5328 5521 5520
f 5234 5522 5330
f 5426 5522 5234
f 5330 5522 5329
f 5329 5522 5521
f 5523 5332 5331
f 5333 5523 5331
f 5332 5526 5334
f 5524 5332 5523
f 5524 5526 5332
f 5525 5523 5333
f 5527 5336 5335
f 5337 5527 5335
f 5336 5530 5338
f 5528 5336 5527
f 5528 5530 5336
f 5529 5527 5337
f 5339 5525 5333
f 5334 5532 5340
f 5526 5532 5334
f 5531 5525 5339
f 5341 5529 5337
f 5338 5534 5342
f 5530 5534 5338
f 5533 5529 5341
f 5343 5531 5339
f 5340 5536 5344
f 5532 5536 5340
f 5535 5531 5343
f 5345 5533 5341
f 5342 5538 5346
f 5534 5538 5342
f 5537 5533 5345
f 5347 5535 5343
f 5344 5540 5348
f 5536 5540 5344
f 5539 5535 5347
f 5349 5537 5345
f 5346 5542 5350
f 5538 5542 5346
f 5541 5537 5349
f 5351 5539 5347
f 5348 5544 5352
f 5540 5544 5348
f 5543 5539 5351
f 5353 5541 5349
f 5350 5546 5354
f 5542 5546 5350
f 5545 5541 5353
f 5355 5543 5351
f 5352 5548 5356
f 5544 5548 5352
f 5547 5543 5355
f 5357 5545 5353
f 5354 5550 5358
f 5546 5550 5354
f 5549 5545 5357
f 5359 5547 5355
f 5356 5552 5360
f 5548 5552 5356
f 5551 5547 5359
f 5361 5549 5357
f 5358 5554 5362
f 5550 5554 5358
f 5553 5549 5361
f 5363 5551 5359
f 5360 5556 5364
f 5552 5556 5360
f 5555 5551 5363
f 5365 5553 5361
f 5362 5558 5366
f 5554 5558 5362
f 5557 5553 5365
f 5367 5555 5363
f 5364 5560 5368
f 5556 5560 5364
f 5559 5555 5367
f 5369 5557 5365
f 5366 5562 5370
f 5558 5562 5366
f 5561 5557 5369
f 5371 5559 5367
f 5368 5564 5372
f 5560 5564 5368
f 5563 5559 5371
f 5373 5561 5369
f 5370 5566 5374
f 5562 5566 5370
f 5565 5561 5373
f 5375 5563 5371
f 5372 5568 5376
f 5564 5568 5372
f 5567 5563 5375
f 5377 5565 5373
f 5374 5570 5378
f 5566 5570 5374
f 5569 5565 5377
f 5379 5567 5375
f 5376 5572 5380
f 5568 5572 5376
f 5571 5567 5379
f 5381 5569 5377
f 5378 5574 5382
f 5570 5574 5378
f 5573 5569 5381
f 5383 5571 5379
f 5380 5576 5384
f 5572 5576 5380
f 5575 5571 5383
f 5385 5573 5381
f 5382 5578 5386
f 5574 5578 5382
f 5577 5573 5385
f 5387 5575 5383
f 5384 5580 5388
f 5576 5580 5384
f 5579 5575 5387
f 5389 5577 5385
f 5386 5582 5390
f 5578 5582 5386
f 5581 5577 5389
f 5391 5579 5387
f 5388 5584 5392
f 5580 5584 5388
f 5583 5579 5391
f 5393 5581 5389
f 5390 5586 5394
f 5582 5586 5390
f 5585 5581 5393
f 5395 5583 5391
f 5392 5588 5396
f 5584 5588 5392
f 5587 5583 5395
f 5397 5585 5393
f 5394 5590 5398
f 5586 5590 5394
f 5589 5585 5397
f 5399 5587 5395
f 5396 5592 5400
f 5588 5592 5396
f 5591 5587 5399
f 5401 5589 5397
f 5398 5594 5402
f 5590 5594 5398
f 5593 5589 5401
f 5403 5591 5399
f 5400 5596 5404
f 5592 5596 5400
f 5595 5591 5403
f 5405 5593 5401
f 5402 5598 5406
f 5594 5598 5402
f 5597 5593 5405
f 5407 5595 5403
f 5404 5600 5408
f 5596 5600 5404
f 5599 5595 5407
f 5409 5597 5405
f 5406 5602 5410
f 5598 5602 5406
f 5601 5597 5409
f 5411 5599 5407
f 5408 5604 5412
f 5600 5604 5408
f 5603 5599 5411
f 5413 5601 5409
f 5410 5606 5414
f 5602 5606 5410
f 5605 5601 5413
f 5415 5603 5411
f 5412 5608 5416
f 5604 5608 5412
f 5607 5603 5415
f 5417 5605 5413
f 5414 5610 5418
f 5606 5610 5414
f 5609 5605 5417
f 5419 5607 5415
f 5416 5612 5420
f 5608 5612 5416
f 5611 5607 5419
f 5421 5609 5417
f 5418 5614 5422
f 5610 5614 5418
f 5613 5609 5421
f 5423 5611 5419
f 5420 5616 5424
f 5612 5616 5420
f 5615 5611 5423
f 5425 5613 5421
f 5422 5618 5426
f 5614 5618 5422
f 5617 5613 5425
f 5427 5615 5423
f 5428 5620 5427
f 5619 5615 5427
f 5427 5620 5619
f 5616 5429 5424
f 5621 5429 5616
f 5430 5622 5428
f 5428 5622 5620
f 5621 5431 5429
f 5623 5431 5621
f 5432 5624 5430
f 5430 5624 5622
f 5623 5433 5431
f 5625 5433 5623
f 5434 5626 5432
f 5432 5626 5624
f 5625 5435 5433
f 5627 5435 5625
f 5436 5628 5434
f 5434 5628 5626
f 5627 5437 5435
f 5629 5437 5627
f 5438 5630 5436
f 5436 5630 5628
f 5629 5439 5437
f 5631 5439 5629
f 5440 5632 5438
f 5438 5632 5630
f 5631 5441 5439
f 5633 5441 5631
f 5442 5634 5440
f 5440 5634 5632
f 5633 5443 5441
f 5635 5443 5633
f 5444 5636 5442
f 5442 5636 5634
f 5635 5445 5443
f 5637 5445 5635
f 5446 5638 5444
f 5444 5638 5636
f 5637 5447 5445
f 5639 5447 5637
f 5448 5640 5446
f 5446 5640 5638
f 5639 5449 5447
f 5641 5449 5639
f 5450 5642 5448
f 5448 5642 5640
f 5641 5451 5449
f 5643 5451 5641
f 5452 5644 5450
f 5450 5644 5642
f 5643 5453 5451
f 5645 5453 5643
f 5454 5646 5452
f 5452 5646 5644
f 5645 5455 5453
f 5647 5455 5645
f 5456 5648 5454
f 5454 5648 5646
f 5647 5457 5455
f 5649 5457 5647
f 5458 5650 5456
f 5456 5650 5648
f 5649 5459 5457
f 5651 5459 5649
f 5460 5652 5458
f 5458 5652 5650
f 5651 5461 5459
f 5653 5461 5651
f 5462 5654 5460
f 5460 5654 5652
f 5653 5463 5461
f 5655 5463 5653
f 5464 5656 5462
f 5462 5656 5654
f 5655 5465 5463
f 5657 5465 5655
f 5466 5658 5464
f 5464 5658 5656
f 5657 5467 5465
f 5659 5467 5657
f 5468 5660 5466
f 5466 5660 5658
f 5659 5469 5467
f 5661 5469 5659
f 5470 5662 5468
f 5468 5662 5660
f 5661 5471 5469
f 5663 5471 5661
f 5472 5664 5470
f 5470 5664 5662
f 5663 5473 5471
f 5665 5473 5663
f 5474 5666 5472
f 5472 5666 5664
f 5665 5475 5473
f 5667 5475 5665
f 5476 5668 5474
f 5474 5668 5666
f 5667 5477 5475
f 5669 5477 5667
f 5478 5670 5476
f 5476 5670 5668
f 5669 5479 5477
f 5671 5479 5669
f 5480 5672 5478
f 5478 5672 5670
f 5671 5481 5479
f 5673 5481 5671
f 5482 5674 5480
f 5480 5674 5672
f 5673 5483 5481
f 5675 5483 5673
f 5484 5676 5482
f 5482 5676 5674
f 5675 5485 5483
f 5677 5485 5675
f 5486 5678 5484
f 5484 5678 5676
f 5677 5487 5485
f 5679 5487 5677
f 5488 5680 5486
f 5486 5680 5678
f 5679 5489 5487
f 5681 5489 5679
f 5490 5682 5488
f 5488 5682 5680
f 5681 5491 5489
f 5683 5491 5681
f 5492 5684 5490
f 5490 5684 5682
f 5683 5493 5491
f 5685 5493 5683
f 5494 5686 5492
f 5492 5686 5684
f 5685 5495 5493
f 5687 5495 5685
f 5496 5688 5494
f 5494 5688 5686
f 5687 5497 5495
f 5689 5497 5687
f 5498 5690 5496
f 5496 5690 5688
f 5689 5499 5497
f 5691 5499 5689
f 5500 5692 5498
f 5498 5692 5690
f 5691 5501 5499
f 5693 5501 5691
f 5502 5694 5500
f 5500 5694 5692
f 5693 5503 5501
f 5695 5503 5693
f 5504 5696 5502
f 5502 5696 5694
f 5695 5505 5503
f 5697 5505 5695
f 5506 5698 5504
f 5504 5698 5696
f 5697 5507 5505
f 5699 5507 5697
f 5508 5700 5506
f 5506 5700 5698
f 5699 5509 5507
f 5701 5509 5699
f 5510 5702 5508
f 5508 5702 5700
f 5701 5511 5509
f 5703 5511 5701
f 5512 5704 5510
f 5510 5704 5702
f 5703 5513 5511
f 5705 5513 5703
f 5514 5706 5512
f 5512 5706 5704
f 5705 5515 5513
f 5707 5515 5705
f 5516 5708 5514
f 5514 5708 5706
f 5707 5517 5515
f 5709 5517 5707
f 5518 5710 5516
f 5516 5710 5708
f 5709 5519 5517
f 5711 5519 5709
f 5520 5712 5518
f 5518 5712 5710
f 5711 5425 5519
f 5617 5425 5711
f 5521 5713 5520
f 5520 5713 5712
f 5426 5714 5522
f 5618 5714 5426
f 5522 5714 5521
f 5521 5714 5713
f 5715 5524 5523
f 5525 5715 5523
f 5524 5718 5526
f 5716 5524 5715
f 5716 5718 5524
f 5717 5715 5525
f 5719 5528 5527
f 5529 5719 5527
f 5528 5722 5530
f 5720 5528 5719
f 5720 5722 5528
f 5721 5719 5529
f 5531 5717 5525
f 5526 5724 5532
f 5718 5724 5526
f 5723 5717 5531
f 5533 5721 5529
f 5530 5726 5534
f 5722 5726 5530
f 5725 5721 5533
f 5535 5723 5531
f 5532 5728 5536
f 5724 5728 5532
f 5727 5723 5535
f 5537 5725 5533
f 5534 5730 5538
f 5726 5730 5534
f 5729 5725 5537
f 5539 5727 5535
f 5536 5732 5540
f 5728 5732 5536
f 5731 5727 5539
f 5541 5729 5537
f 5538 5734 5542
f 5730 5734 5538
f 5733 5729 5541
f 5543 5731 5539
f 5540 5736 5544
f 5732 5736 5540
f 5735 5731 5543
f 5545 5733 5541
f 5542 5738 5546
f 5734 5738 5542
f 5737 5733 5545
f 5547 5735 5543
f 5544 5740 5548
f 5736 5740 5544
f 5739 5735 5547
f 5549 5737 5545
f 5546 5742 5550
f 5738 5742 5546
f 5741 5737 5549
f 5551 5739 5547
f 5548 5744 5552
f 5740 5744 5548
f 5743 5739 5551
f 5553 5741 5549
f 5550 5746 5554
f 5742 5746 5550
f 5745 5741 5553
f 5555 5743 5551
f 5552 5748 5556
f 5744 5748 5552
f 5747 5743 5555
f 5557 5745 5553
f 5554 5750 5558
f 5746 5750 5554
f 5749 5745 5557
f 5559 5747 5555
f 5556 5752 5560
f 5748 5752 5556
f 5751 5747 5559
f 5561 5749 5557
f 5558 5754 5562
f 5750 5754 5558
f 5753 5749 5561
f 5563 5751 5559
f 5560 5756 5564
f 5752 5756 5560
f 5755 5751 5563
f 5565 5753 5561
f 5562 5758 5566
f 5754 5758 5562
f 5757 5753 5565
f 5567 5755 5563
f 5564 5760 5568
f 5756 5760 5564
f 5759 5755 5567
f 5569 5757 5565
f 5566 5762 5570
f 5758 5762 5566
f 5761 5757 5569
f 5571 5759 5567
f 5568 5764 5572
f 5760 5764 5568
f 5763 5759 5571
f 5573 5761 5569
f 5570 5766 5574
f 5762 5766 5570
f 5765 5761 5573
f 5575 5763 5571
f 5572 5768 5576
f 5764 5768 5572
f 5767 5763 5575
f 5577 5765 5573
f 5574 5770 5578
f 5766 5770 5574
f 5769 5765 5577
f 5579 5767 5575
f 5576 5772 5580
f 5768 5772 5576
f 5771 5767 5579
f 5581 5769 5577
f 5578 5774 5582
f 5770 5774 5578
f 5773 5769 5581
f 5583 5771 5579
f 5580 5776 5584
f 5772 5776 5580
f 5775 5771 5583
f 5585 5773 5581
f 5582 5778 5586
f 5774 5778 5582
f 5777 5773 5585
f 5587 5775 5583
f 5584 5780 5588
f 5776 5780 5584
f 5779 5775 5587
f 5589 5777 5585
f 5586 5782 5590
f 5778 5782 5586
f 5781 5777 5589
f 5591 5779 5587
f 5588 5784 5592
f 5780 5784 5588
f 5783 5779 5591
f 5593 5781 5589
f 5590 5786 5594
f 5782 5786 5590
f 5785 5781 5593
f 5595 5783 5591
f 5592 5788 5596
f 5784 5788 5592
f 5787 5783 5595
f 5597 5785 5593
f 5594 5790 5598
f 5786 5790 5594
f 5789 5785 5597
f 5599 5787 5595
f 5596 5792 5600
f 5788 5792 5596
f 5791 5787 5599
f 5601 5789 5597
f 5598 5794 5602
f 5790 5794 5598
f 5793 5789 5601
f 5603 5791 5599
f 5600 5796 5604
f 5792 5796 5600
f 5795 5791 5603
f 5605 5793 5601
f 5602 5798 5606
f 5794 5798 5602
f 5797 5793 5605
f 5607 5795 5603
f 5604 5800 5608
f 5796 5800 5604
f 5799 5795 5607
f 5609 5797 5605
f 5606 5802 5610
f 5798 5802 5606
f 5801 5797 5609
f 5611 5799 5607
f 5608 5804 5612
f 5800 5804 5608
f 5803 5799 5611
f 5613 5801 5609
f 5610 5806 5614
f 5802 5806 5610
f 5805 5801 5613
f 5615 5803 5611
f 5612 5808 5616
f 5804 5808 5612
f 5807 5803 5615
f 5617 5805 5613
f 5614 5810 5618
f 5806 5810 5614
f 5809 5805 5617
f 5619 5807 5615
f 5620 5812 5619
f 5811 5807 5619
f 5619 5812 5811
f 5808 5621 5616
f 5813 5621 5808
f 5622 5814 5620
f 5620 5814 5812
f 5813 5623 5621
f 5815 5623 5813
f 5624 5816 5622
f 5622 5816 5814
f 5815 5625 5623
f 5817 5625 5815
f 5626 5818 5624
f 5624 5818 5816
f 5817 5627 5625
f 5819 5627 5817
f 5628 5820 5626
f 5626 5820 5818
f 5819 5629 5627
f 5821 5629 5819
f 5630 5822 5628
f 5628 5822 5820
f 5821 5631 5629
f 5823 5631 5821
f 5632 5824 5630
f 5630 5824 5822
f 5823 5633 5631
f 5825 5633 5823
f 5634 5826 5632
f 5632 5826 5824
f 5825 5635 5633
f 5827 5635 5825
f 5636 5828 5634
f 5634 5828 5826
f 5827 5637 5635
f 5829 5637 5827
f 5638 5830 5636
f 5636 5830 5828
f 5829 5639 5637
f 5831 5639 5829
f 5640 5832 5638
f 5638 5832 5830
f 5831 5641 5639
f 5833 5641 5831
f 5642 5834 5640
f 5640 5834 5832
f 5833 5643 5641
f 5835 5643 5833
f 5644 5836 5642
f 5642 5836 5834
f 5835 5645 5643
f 5837 5645 5835
f 5646 5838 5644
f 5644 5838 5836
f 5837 5647 5645
f 5839 5647 5837
f 5648 5840 5646
f 5646 5840 5838
f 5839 5649 5647
f 5841 5649 5839
f 5650 5842 5648
f 5648 5842 5840
f 5841 5651 5649
f 5843 5651 5841
f 5652 5844 5650
f 5650 5844 5842
f 5843 5653 5651
f 5845 5653 5843
f 5654 5846 5652
f 5652 5846 5844
f 5845 5655 5653
f 5847 5655 5845
f 5656 5848 5654
f 5654 5848 5846
f 5847 5657 5655
f 5849 5657 5847
f 5658 5850 5656
f 5656 5850 5848
f 5849 5659 5657
f 5851 5659 5849
f 5660 5852 5658
f 5658 5852 5850
f 5851 5661 5659
f 5853 5661 5851
f 5662 5854 5660
f 5660 5854 5852
f 5853 5663 5661
f 5855 5663 5853
f 5664 5856 5662
f 5662 5856 5854
f 5855 5665 5663
f 5857 5665 5855
f 5666 5858 5664
f 5664 5858 5856
f 5857 5667 5665
f 5859 5667 5857
f 5668 5860 5666
f 5666 5860 5858
f 5859 5669 5667
f 5861 5669 5859
f 5670 5862 5668
f 5668 5862 5860
f 5861 5671 5669
f 5863 5671 5861
f 5672 5864 5670
f 5670 5864 5862
f 5863 5673 5671
f 5865 5673 5863
f 5674 5866 5672
f 5672 5866 5864
f 5865 5675 5673
f 5867 5675 5865
f 5676 5868 5674
f 5674 5868 5866
f 5867 5677 5675
f 5869 5677 5867
f 5678 5870 5676
f 5676 5870 5868
f 5869 5679 5677
f 5871 5679 5869
f 5680 5872 5678
f 5678 5872 5870
f 5871 5681 5679
f 5873 5681 5871
f 5682 5874 5680
f 5680 5874 5872
f 5873 5683 5681
f 5875 5683 5873
f 5684 5876 5682
f 5682 5876 5874
f 5875 5685 5683
f 5877 5685 5875
f 5686 5878 5684
f 5684 5878 5876
f 5877 5687 5685
f 5879 5687 5877
f 5688 5880 5686
f 5686 5880 5878
f 5879 5689 5687
f 5881 5689 5879
f 5690 5882 5688
f 5688 5882 5880
f 5881 5691 5689
f 5883 5691 5881
f 5692 5884 5690
f 5690 5884 5882
f 5883 5693 5691
f 5885 5693 5883
f 5694 5886 5692
f 5692 5886 5884
f 5885 5695 5693
f 5887 5695 5885
f 5696 5888 5694
f 5694 5888 5886
f 5887 5697 5695
f 5889 5697 5887
f 5698 5890 5696
f 5696 5890 5888
f 5889 5699 5697
f 5891 5699 5889
f 5700 5892 5698
f 5698 5892 5890
f 5891 5701 5699
f 5893 5701 5891
f 5702 5894 5700
f 5700 5894 5892
f 5893 5703 5701
f 5895 5703 5893
f 5704 5896 5702
f 5702 5896 5894
f 5895 5705 5703
f 5897 5705 5895
f 5706 5898 5704
f 5704 5898 5896
f 5897 5707 5705
f 5899 5707 5897
f 5708 5900 5706
f 5706 5900 5898
f 5899 5709 5707
f 5901 5709 5899
f 5710 5902 5708
f 5708 5902 5900
f 5901 5711 5709
f 5903 5711 5901
f 5712 5904 5710
f 5710 5904 5902
f 5903 5617 5711
f 5809 5617 5903
f 5713 5905 5712
f 5712 5905 5904
f 5618 5906 5714
f 5810 5906 5618
f 5714 5906 5713
f 5713 5906 5905
f 5907 5716 5715
f 5717 5907 5715
f 5716 5910 5718
f 5908 5716 5907
f 5908 5910 5716
f 5909 5907 5717
f 5911 5720 5719
f 5721 5911 5719
f 5720 5914 5722
f 5912 5720 5911
f 5912 5914 5720
f 5913 5911 5721
f 5723 5909 5717
f 5718 5916 5724
f 5910 5916 5718
f 5915 5909 5723
f 5725 5913 5721
f 5722 5918 5726
f 5914 5918 5722
f 5917 5913 5725
f 5727 5915 5723
f 5724 5920 5728
f 5916 5920 5724
f 5919 5915 5727
f 5729 5917 5725
f 5726 5922 5730
f 5918 5922 5726
f 5921 5917 5729
f 5731 5919 5727
f 5728 5924 5732
f 5920 5924 5728
f 5923 5919 5731
f 5733 5921 5729
f 5730 5926 5734
f 5922 5926 5730
f 5925 5921 5733
f 5735 5923 5731
f 5732 5928 5736
f 5924 5928 5732
f 5927 5923 5735
f 5737 5925 5733
f 5734 5930 5738
f 5926 5930 5734
f 5929 5925 5737
f 5739 5927 5735
f 5736 5932 5740
f 5928 5932 5736
f 5931 5927 5739
f 5741 5929 5737
f 5738 5934 5742
f 5930 5934 5738
f 5933 5929 5741
f 5743 5931 5739
f 5740 5936 5744
f 5932 5936 5740
f 5935 5931 5743
f 5745 5933 5741
f 5742 5938 5746
f 5934 5938 5742
f 5937 5933 5745
f 5747 5935 5743
f 5744 5940 5748
f 5936 5940 5744
f 5939 5935 5747
f 5749 5937 5745
f 5746 5942 5750
f 5938 5942 5746
f 5941 5937 5749
f 5751 5939 5747
f 5748 5944 5752
f 5940 5944 5748
f 5943 5939 5751
f 5753 5941 5749
f 5750 5946 5754
f 5942 5946 5750
f 5945 5941 5753
f 5755 5943 5751
f 5752 5948 5756
f 5944 5948 5752
f 5947 5943 5755
f 5757 5945 5753
f 5754 5950 5758
f 5946 5950 5754
f 5949 5945 5757
f 5759 5947 5755
f 5756 5952 5760
f 5948 5952 5756
f 5951 5947 5759
f 5761 5949 5757
f 5758 5954 5762
f 5950 5954 5758
f 5953 5949 5761
f 5763 5951 5759
f 5760 5956 5764
f 5952 5956 5760
f 5955 5951 5763
f 5765 5953 5761
f 5762 5958 5766
f 5954 5958 5762
f 5957 5953 5765
f 5767 5955 5763
f 5764 5960 5768
f 5956 5960 5764
f 5959 5955 5767
f 5769 5957 5765
f 5766 5962 5770
f 5958 5962 5766
f 5961 5957 5769
f 5771 5959 5767
f 5768 5964 5772
f 5960 5964 5768
f 5963 5959 5771
f 5773 5961 5769
f 5770 5966 5774
f 5962 5966 5770
f 5965 5961 5773
f 5775 5963 5771
f 5772 5968 5776
f 5964 5968 5772
f 5967 5963 5775
f 5777 5965 5773
f 5774 5970 5778
f 5966 5970 5774
f 5969 5965 5777
f 5779 5967 5775
f 5776 5972 5780
f 5968 5972 5776
f 5971 5967 5779
f 5781 5969 5777
f 5778 5974 5782
f 5970 5974 5778
f 5973 5969 5781
f 5783 5971 5779
f 5780 5976 5784
f 5972 5976 5780
f 5975 5971 5783
f 5785 5973 5781
f 5782 5978 5786
f 5974 5978 5782
f 5977 5973 5785
f 5787 5975 5783
f 5784 5980 5788
f 5976 5980 5784
f 5979 5975 5787
f 5789 5977 5785
f 5786 5982 5790
f 5978 5982 5786
f 5981 5977 5789
f 5791 5979 5787
f 5788 5984 5792
f 5980 5984 5788
f 5983 5979 5791
f 5793 5981 5789
f 5790 5986 5794
f 5982 5986 5790
f 5985 5981 5793
f 5795 5983 5791
f 5792 5988 5796
f 5984 5988 5792
f 5987 5983 5795
f 5797 5985 5793
f 5794 5990 5798
f 5986 5990 5794
f 5989 5985 5797
f 5799 5987 5795
f 5796 5992 5800
f 5988 5992 5796
f 5991 5987 5799
f 5801 5989 5797
f 5798 5994 5802
f 5990 5994 5798
f 5993 5989 5801
f 5803 5991 5799
f 5800 5996 5804
f 5992 5996 5800
f 5995 5991 5803
f 5805 5993 5801
f 5802 5998 5806
f 5994 5998 5802
f 5997 5993 5805
f 5807 5995 5803
f 5804 6000 5808
f 5996 6000 5804
f 5999 5995 5807
f 5809 5997 5805
f 5806 6002 5810
f 5998 6002 5806
f 6001 5997 5809
f 5811 5999 5807
f 5812 6004 5811
f 6003 5999 5811
f 5811 6004 6003
f 6000 5813 5808
f 6005 5813 6000
f 5814 6006 5812
f 5812 6006 6004
f 6005 5815 5813
f 6007 5815 6005
f 5816 6008 5814
f 5814 6008 6006
f 6007 5817 5815
f 6009 5817 6007
f 5818 6010 5816
f 5816 6010 6008
f 6009 5819 5817
f 6011 5819 6009
f 5820 6012 5818
f 5818 6012 6010
f 6011 5821 5819
f 6013 5821 6011
f 5822 6014 5820
f 5820 6014 6012
f 6013 5823 5821
f 6015 5823 6013
f 5824 6016 5822
f 5822 6016 6014
f 6015 5825 5823
f 6017 5825 6015
f 5826 6018 5824
f 5824 6018 6016
f 6017 5827 5825
f 6019 5827 6017
f 5828 6020 5826
f 5826 6020 6018
f 6019 5829 5827
f 6021 5829 6019
f 5830 6022 5828
f 5828 6022 6020
f 6021 5831 5829
f 6023 5831 6021
f 5832 6024 5830
f 5830 6024 6022
f 6023 5833 5831
f 6025 5833 6023
f 5834 6026 5832
f 5832 6026 6024
f 6025 5835 5833
f 6027 5835 6025
f 5836 6028 5834
f 5834 6028 6026
f 6027 5837 5835
f 6029 5837 6027
f 5838 6030 5836
f 5836 6030 6028
f 6029 5839 5837
f 6031 5839 6029
f 5840 6032 5838
f 5838 6032 6030
f 6031 5841 5839
f 6033 5841 6031
f 5842 6034 5840
f 5840 6034 6032
f 6033 5843 5841
f 6035 5843 6033
f 5844 6036 5842
f 5842 6036 6034
f 6035 5845 5843
f 6037 5845 6035
f 5846 6038 5844
f 5844 6038 6036
f 6037 5847 5845
f 6039 5847 6037
f 5848 6040 5846
f 5846 6040 6038
f 6039 5849 5847
f 6041 5849 6039
f 5850 6042 5848
f 5848 6042 6040
f 6041 5851 5849
f 6043 5851 6041
f 5852 6044 5850
f 5850 6044 6042
f 6043 5853 5851
f 6045 5853 6043
f 5854 6046 5852
f 5852 6046 6044
f 6045 5855 5853
f 6047 5855 6045
f 5856 6048 5854
f 5854 6048 6046
f 6047 5857 5855
f 6049 5857 6047
f 5858 6050 5856
f 5856 6050 6048
f 6049 5859 5857
f 6051 5859 6049
f 5860 6052 5858
f 5858 6052 6050
f 6051 5861 5859
f 6053 5861 6051
f 5862 6054 5860
f 5860 6054 6052
f 6053 5863 5861
f 6055 5863 6053
f 5864 6056 5862
f 5862 6056 6054
f 6055 5865 5863
f 6057 5865 6055
f 5866 6058 5864
f 5864 6058 6056
f 6057 5867 5865
f 6059 5867 6057
f 5868 6060 5866
f 5866 6060 6058
f 6059 5869 5867
f 6061 5869 6059
f 5870 6062 5868
f 5868 6062 6060
f 6061 5871 5869
f 6063 5871 6061
f 5872 6064 5870
f 5870 6064 6062
f 6063 5873 5871
f 6065 5873 6063
f 5874 6066 5872
f 5872 6066 6064
f 6065 5875 5873
f 6067 5875 6065
f 5876 6068 5874
f 5874 6068 6066
f 6067 5877 5875
f 6069 5877 6067
f 5878 6070 5876
f 5876 6070 6068
f 6069 5879 5877
f 6071 5879 6069
f 5880 6072 5878
f 5878 6072 6070
f 6071 5881 5879
f 6073 5881 6071
f 5882 6074 5880
f 5880 6074 6072
f 6073 5883 5881
f 6075 5883 6073
f 5884 6076 5882
f 5882 6076 6074
f 6075 5885 5883
f 6077 5885 6075
f 5886 6078 5884
f 5884 6078 6076
f 6077 5887 5885
f 6079 5887 6077
f 5888 6080 5886
f 5886 6080 6078
f 6079 5889 5887
f 6081 5889 6079
f 5890 6082 5888
f 5888 6082 6080
f 6081 5891 5889
f 6083 5891 6081
f 5892 6084 5890
f 5890 6084 6082
f 6083 5893 5891
f 6085 5893 6083
f 5894 6086 5892
f 5892 6086 6084
f 6085 5895 5893
f 6087 5895 6085
f 5896 6088 5894
f 5894 6088 6086
f 6087 5897 5895
f 6089 5897 6087
f 5898 6090 5896
f 5896 6090 6088
f 6089 5899 5897
f 6091 5899 6089
f 5900 6092 5898
f 5898 6092 6090
f 6091 5901 5899
f 6093 5901 6091
f 5902 6094 5900
f 5900 6094 6092
f 6093 5903 5901
f 6095 5903 6093
f 5904 6096 5902
f 5902 6096 6094
f 6095 5809 5903
f 6001 5809 6095
f 5905 6097 5904
f 5904 6097 6096
f 5810 6098 5906
f 6002 6098 5810
f 5906 6098 5905
f 5905 6098 6097
f 6099 5908 5907
f 5909 6099 5907
f 5908 6102 5910
f 6100 5908 6099
f 6100 6102 5908
f 6101 6099 5909
f 6103 5912 5911
f 5913 6103 5911
f 5912 6106 5914
f 6104 5912 6103
f 6104 6106 5912
f 6105 6103 5913
f 5915 6101 5909
f 5910 6108 5916
f 6102 6108 5910
f 6107 6101 5915
f 5917 6105 5913
f 5914 6110 5918
f 6106 6110 5914
f 6109 6105 5917
f 5919 6107 5915
f 5916 6112 5920
f 6108 6112 5916
f 6111 6107 5919
f 5921 6109 5917
f 5918 6114 5922
f 6110 6114 5918
f 6113 6109 5921
f 5923 6111 5919
f 5920 6116 5924
f 6112 6116 5920
f 6115 6111 5923
f 5925 6113 5921
f 5922 6118 5926
f 6114 6118 5922
f 6117 6113 5925
f 5927 6115 5923
f 5924 6120 5928
f 6116 6120 5924
f 6119 6115 5927
f 5929 6117 5925
f 5926 6122 5930
f 6118 6122 5926
f 6121 6117 5929
f 5931 6119 5927
f 5928 6124 5932
f 6120 6124 5928
f 6123 6119 5931
f 5933 6121 5929
f 5930 6126 5934
f 6122 6126 5930
f 6125 6121 5933
f 5935 6123 5931
f 5932 6128 5936
f 6124 6128 5932
f 6127 6123 5935
f 5937 6125 5933
f 5934 6130 5938
f 6126 6130 5934
f 6129 6125 5937
f 5939 6127 5935
f 5936 6132 5940
f 6128 6132 5936
f 6131 6127 5939
f 5941 6129 5937
f 5938 6134 5942
f 6130 6134 5938
f 6133 6129 5941
f 5943 6131 5939
f 5940 6136 5944
f 6132 6136 5940
f 6135 6131 5943
f 5945 6133 5941
f 5942 6138 5946
f 6134 6138 5942
f 6137 6133 5945
f 5947 6135 5943
f 5944 6140 5948
f 6136 6140 5944
f 6139 6135 5947
f 5949 6137 5945
f 5946 6142 5950
f 6138 6142 5946
f 6141 6137 5949
f 5951 6139 5947
f 5948 6144 5952
f 6140 6144 5948
f 6143 6139 5951
f 5953 6141 5949
f 5950 6146 5954
f 6142 6146 5950
f 6145 6141 5953
f 5955 6143 5951
f 5952 6148 5956
f 6144 6148 5952
f 6147 6143 5955
f 5957 6145 5953
f 5954 6150 5958
f 6146 6150 5954
f 6149 6145 5957
f 5959 6147 5955
f 5956 6152 5960
f 6148 6152 5956
f 6151 6147 5959
f 5961 6149 5957
f 5958 6154 5962
f 6150 6154 5958
f 6153 6149 5961
f 5963 6151 5959
f 5960 6156 5964
f 6152 6156 5960
f 6155 6151 5963
f 5965 6153 5961
f 5962 6158 5966
f 6154 6158 5962
f 6157 6153 5965
f 5967 6155 5963
f 5964 6160 5968
f 6156 6160 5964
f 6159 6155 5967
f 5969 6157 5965
f 5966 6162 5970
f 6158 6162 5966
f 6161 6157 5969
f 5971 6159 5967
f 5968 6164 5972
f 6160 6164 5968
f 6163 6159 5971
f 5973 6161 5969
f 5970 6166 5974
f 6162 6166 5970
f 6165 6161 5973
f 5975 6163 5971
f 5972 6168 5976
f 6164 6168 5972
f 6167 6163 5975
f 5977 6165 5973
f 5974 6170 5978
f 6166 6170 5974
f 6169 6165 5977
f 5979 6167 5975
f 5976 6172 5980
f 6168 6172 5976
f 6171 6167 5979
f 5981 6169 5977
f 5978 6174 5982
f 6170 6174 5978
f 6173 6169 5981
f 5983 6171 5979
f 5980 6176 5984
f 6172 6176 5980
f 6175 6171 5983
f 5985 6173 5981
f 5982 6178 5986
f 6174 6178 5982
f 6177 6173 5985
f 5987 6175 5983
f 5984 6180 5988
f 6176 6180 5984
f 6179 6175 5987
f 5989 6177 5985
f 5986 6182 5990
f 6178 6182 5986
f 6181 6177 5989
f 5991 6179 5987
f 5988 6184 5992
f 6180 6184 5988
f 6183 6179 5991
f 5993 6181 5989
f 5990 6186 5994
f 6182 6186 5990
f 6185 6181 5993
f 5995 6183 5991
f 5992 6188 5996
f 6184 6188 5992
f 6187 6183 5995
f 5997 6185 5993
f 5994 6190 5998
f 6186 6190 5994
f 6189 6185 5997
f 5999 6187 5995
f 5996 6192 6000
f 6188 6192 5996
f 6191 6187 5999
f 6001 6189 5997
f 5998 6194 6002
f 6190 6194 5998
f 6193 6189 6001
f 6003 6191 5999
f 6004 6196 6003
f 6195 6191 6003
f 6003 6196 6195
f 6192 6005 6000
f 6197 6005 6192
f 6006 6198 6004
f 6004 6198 6196
f 6197 6007 6005
f 6199 6007 6197
f 6008 6200 6006
f 6006 6200 6198
f 6199 6009 6007
f 6201 6009 6199
f 6010 6202 6008
f 6008 6202 6200
f 6201 6011 6009
f 6203 6011 6201
f 6012 6204 6010
f 6010 6204 6202
f 6203 6013 6011
f 6205 6013 6203
f 6014 6206 6012
f 6012 6206 6204
f 6205 6015 6013
f 6207 6015 6205
f 6016 6208 6014
f 6014 6208 6206
f 6207 6017 6015
f 6209 6017 6207
f 6018 6210 6016
f 6016 6210 6208
f 6209 6019 6017
f 6211 6019 6209
f 6020 6212 6018
f 6018 6212 6210
f 6211 6021 6019
f 6213 6021 6211
f 6022 6214 6020
f 6020 6214 6212
f 6213 6023 6021
f 6215 6023 6213
f 6024 6216 6022
f 6022 6216 6214
f 6215 6025 6023
f 6217 6025 6215
f 6026 6218 6024
f 6024 6218 6216
f 6217 6027 6025
f 6219 6027 6217
f 6028 6220 6026
f 6026 6220 6218
f 6219 6029 6027
f 6221 6029 6219
f 6030 6222 6028
f 6028 6222 6220
f 6221 6031 6029
f 6223 6031 6221
f 6032 6224 6030
f 6030 6224 6222
f 6223 6033 6031
f 6225 6033 6223
f 6034 6226 6032
f 6032 6226 6224
f 6225 6035 6033
f 6227 6035 6225
f 6036 6228 6034
f 6034 6228 6226
f 6227 6037 6035
f 6229 6037 6227
f 6038 6230 6036
f 6036 6230 6228
f 6229 6039 6037
f 6231 6039 6229
f 6040 6232 6038
f 6038 6232 6230
f 6231 6041 6039
f 6233 6041 6231
f 6042 6234 6040
f 6040 6234 6232
f 6233 6043 6041
f 6235 6043 6233
f 6044 6236 6042
f 6042 6236 6234
f 6235 6045 6043
f 6237 6045 6235
f 6046 6238 6044
f 6044 6238 6236
f 6237 6047 6045
f 6239 6047 6237
f 6048 6240 6046
f 6046 6240 6238
f 6239 6049 6047
f 6241 6049 6239
f 6050 6242 6048
f 6048 6242 6240
f 6241 6051 6049
f 6243 6051 6241
f 6052 6244 6050
f 6050 6244 6242
f 6243 6053 6051
f 6245 6053 6243
f 6054 6246 6052
f 6052 6246 6244
f 6245 6055 6053
f 6247 6055 6245
f 6056 6248 6054
f 6054 6248 6246
f 6247 6057 6055
f 6249 6057 6247
f 6058 6250 6056
f 6056 6250 6248
f 6249 6059 6057
f 6251 6059 6249
f 6060 6252 6058
f 6058 6252 6250
f 6251 6061 6059
f 6253 6061 6251
f 6062 6254 6060
f 6060 6254 6252
f 6253 6063 6061
f 6255 6063 6253
f 6064 6256 6062
f 6062 6256 6254
f 6255 6065 6063
f 6257 6065 6255
f 6066 6258 6064
f 6064 6258 6256
f 6257 6067 6065
f 6259 6067 6257
f 6068 6260 6066
f 6066 6260 6258
f 6259 6069 6067
f 6261 6069 6259
f 6070 6262 6068
f 6068 6262 6260
f 6261 6071 6069
f 6263 6071 6261
f 6072 6264 6070
f 6070 6264 6262
f 6263 6073 6071
f 6265 6073 6263
f 6074 6266 6072
f 6072 6266 6264
f 6265 6075 6073
f 6267 6075 6265
f 6076 6268 6074
f 6074 6268 6266
f 6267 6077 6075
f 6269 6077 6267
f 6078 6270 6076
f 6076 6270 6268
f 6269 6079 6077
f 6271 6079 6269
f 6080 6272 6078
f 6078 6272 6270
f 6271 6081 6079
f 6273 6081 6271
f 6082 6274 6080
f 6080 6274 6272
f 6273 6083 6081
f 6275 6083 6273
f 6084 6276 6082
f 6082 6276 6274
f 6275 6085 6083
f 6277 6085 6275
f 6086 6278 6084
f 6084 6278 6276
f 6277 6087 6085
f 6279 6087 6277
f 6088 6280 6086
f 6086 6280 6278
f 6279 6089 6087
f 6281 6089 6279
f 6090 6282 6088
f 6088 6282 6280
f 6281 6091 6089
f 6283 6091 6281
f 6092 6284 6090
f 6090 6284 6282
f 6283 6093 6091
f 6285 6093 6283
f 6094 6286 6092
f 6092 6286 6284
f 6285 6095 6093
f 6287 6095 6285
f 6096 6288 6094
f 6094 6288 6286
f 6287 6001 6095
f 6193 6001 6287
f 6097 6289 6096
f 6096 6289 6288
f 6002 6290 6098
f 6194 6290 6002
f 6098 6290 6097
f 6097 6290 6289
f 6291 6100 6099
f 6101 6291 6099
f 6100 6294 6102
f 6292 6100 6291
f 6292 6294 6100
f 6293 6291 6101
f 6295 6104 6103
f 6105 6295 6103
f 6104 6298 6106
f 6296 6104 6295
f 6296 6298 6104
f 6297 6295 6105
f 6107 6293 6101
f 6102 6300 6108
f 6294 6300 6102
f 6299 6293 6107
f 6109 6297 6105
f 6106 6302 6110
f 6298 6302 6106
f 6301 6297 6109
f 6111 6299 6107
f 6108 6304 6112
f 6300 6304 6108
f 6303 6299 6111
f 6113 6301 6109
f 6110 6306 6114
f 6302 6306 6110
f 6305 6301 6113
f 6115 6303 6111
f 6112 6308 6116
f 6304 6308 6112
f 6307 6303 6115
f 6117 6305 6113
f 6114 6310 6118
f 6306 6310 6114
f 6309 6305 6117
f 6119 6307 6115
f 6116 6312 6120
f 6308 6312 6116
f 6311 6307 6119
f 6121 6309 6117
f 6118 6314 6122
f 6310 6314 6118
f 6313 6309 6121
f 6123 6311 6119
f 6120 6316 6124
f 6312 6316 6120
f 6315 6311 6123
f 6125 6313 6121
f 6122 6318 6126
f 6314 6318 6122
f 6317 6313 6125
f 6127 6315 6123
f 6124 6320 6128
f 6316 6320 6124
f 6319 6315 6127
f 6129 6317 6125
f 6126 6322 6130
f 6318 6322 6126
f 6321 6317 6129
f 6131 6319 6127
f 6128 6324 6132
f 6320 6324 6128
f 6323 6319 6131
f 6133 6321 6129
f 6130 6326 6134
f 6322 6326 6130
f 6325 6321 6133
f 6135 6323 6131
f 6132 6328 6136
f 6324 6328 6132
f 6327 6323 6135
f 6137 6325 6133
f 6134 6330 6138
f 6326 6330 6134
f 6329 6325 6137
f 6139 6327 6135
f 6136 6332 6140
f 6328 6332 6136
f 6331 6327 6139
f 6141 6329 6137
f 6138 6334 6142
f 6330 6334 6138
f 6333 6329 6141
f 6143 6331 6139
f 6140 6336 6144
f 6332 6336 6140
f 6335 6331 6143
f 6145 6333 6141
f 6142 6338 6146
f 6334 6338 6142
f 6337 6333 6145
f 6147 6335 6143
f 6144 6340 6148
f 6336 6340 6144
f 6339 6335 6147
f 6149 6337 6145
f 6146 6342 6150
f 6338 6342 6146
f 6341 6337 6149
f 6151 6339 6147
f 6148 6344 6152
f 6340 6344 6148
f 6343 6339 6151
f 6153 6341 6149
f 6150 6346 6154
f 6342 6346 6150
f 6345 6341 6153
f 6155 6343 6151
f 6152 6348 6156
f 6344 6348 6152
f 6347 6343 6155
f 6157 6345 6153
f 6154 6350 6158
f 6346 6350 6154
f 6349 6345 6157
f 6159 6347 6155
f 6156 6352 6160
f 6348 6352 6156
f 6351 6347 6159
f 6161 6349 6157
f 6158 6354 6162
f 6350 6354 6158
f 6353 6349 6161
f 6163 6351 6159
f 6160 6356 6164
f 6352 6356 6160
f 6355 6351 6163
f 6165 6353 6161
f 6162 6358 6166
f 6354 6358 6162
f 6357 6353 6165
f 6167 6355 6163
f 6164 6360 6168
f 6356 6360 6164
f 6359 6355 6167
f 6169 6357 6165
f 6166 6362 6170
f 6358 6362 6166
f 6361 6357 6169
f 6171 6359 6167
f 6168 6364 6172
f 6360 6364 6168
f 6363 6359 6171
f 6173 6361 6169
f 6170 6366 6174
f 6362 6366 6170
f 6365 6361 6173
f 6175 6363 6171
f 6172 6368 6176
f 6364 6368 6172
f 6367 6363 6175
f 6177 6365 6173
f 6174 6370 6178
f 6366 6370 6174
f 6369 6365 6177
f 6179 6367 6175
f 6176 6372 6180
f 6368 6372 6176
f 6371 6367 6179
f 6181 6369 6177
f 6178 6374 6182
f 6370 6374 6178
f 6373 6369 6181
f 6183 6371 6179
f 6180 6376 6184
f 6372 6376 6180
f 6375 6371 6183
f 6185 6373 6181
f 6182 6378 6186
f 6374 6378 6182
f 6377 6373 6185
f 6187 6375 6183
f 6184 6380 6188
f 6376 6380 6184
f 6379 6375 6187
f 6189 6377 6185
f 6186 6382 6190
f 6378 6382 6186
f 6381 6377 6189
f 6191 6379 6187
f 6188 6384 6192
f 6380 6384 6188
f 6383 6379 6191
f 6193 6381 6189
f 6190 6386 6194
f 6382 6386 6190
f 6385 6381 6193
f 6195 6383 6191
f 6196 6388 6195
f 6387 6383 6195
f 6195 6388 6387
f 6384 6197 6192
f 6389 6197 6384
f 6198 6390 6196
f 6196 6390 6388
f 6389 6199 6197
f 6391 6199 6389
f 6200 6392 6198
f 6198 6392 6390
f 6391 6201 6199
f 6393 6201 6391
f 6202 6394 6200
f 6200 6394 6392
f 6393 6203 6201
f 6395 6203 6393
f 6204 6396 6202
f 6202 6396 6394
f 6395 6205 6203
f 6397 6205 6395
f 6206 6398 6204
f 6204 6398 6396
f 6397 6207 6205
f 6399 6207 6397
f 6208 6400 6206
f 6206 6400 6398
f 6399 6209 6207
f 6401 6209 6399
f 6210 6402 6208
f 6208 6402 6400
f 6401 6211 6209
f 6403 6211 6401
f 6212 6404 6210
f 6210 6404 6402
f 6403 6213 6211
f 6405 6213 6403
f 6214 6406 6212
f 6212 6406 6404
f 6405 6215 6213
f 6407 6215 6405
f 6216 6408 6214
f 6214 6408 6406
f 6407 6217 6215
f 6409 6217 6407
f 6218 6410 6216
f 6216 6410 6408
f 6409 6219 6217
f 6411 6219 6409
f 6220 6412 6218
f 6218 6412 6410
f 6411 6221 6219
f 6413 6221 6411
f 6222 6414 6220
f 6220 6414 6412
f 6413 6223 6221
f 6415 6223 6413
f 6224 6416 6222
f 6222 6416 6414
f 6415 6225 6223
f 6417 6225 6415
f 6226 6418 6224
f 6224 6418 6416
f 6417 6227 6225
f 6419 6227 6417
f 6228 6420 6226
f 6226 6420 6418
f 6419 6229 6227
f 6421 6229 6419
f 6230 6422 6228
f 6228 6422 6420
f 6421 6231 6229
f 6423 6231 6421
f 6232 6424 6230
f 6230 6424 6422
f 6423 6233 6231
f 6425 6233 6423
f 6234 6426 6232
f 6232 6426 6424
f 6425 6235 6233
f 6427 6235 6425
f 6236 6428 6234
f 6234 6428 6426
f 6427 6237 6235
f 6429 6237 6427
f 6238 6430 6236
f 6236 6430 6428
f 6429 6239 6237
f 6431 6239 6429
f 6240 6432 6238
f 6238 6432 6430
f 6431 6241 6239
f 6433 6241 6431
f 6242 6434 6240
f 6240 6434 6432
f 6433 6243 6241
f 6435 6243 6433
f 6244 6436 6242
f 6242 6436 6434
f 6435 6245 6243
f 6437 6245 6435
f 6246 6438 6244
f 6244 6438 6436
f 6437 6247 6245
f 6439 6247 6437
f 6248 6440 6246
f 6246 6440 6438
f 6439 6249 6247
f 6441 6249 6439
f 6250 6442 6248
f 6248 6442 6440
f 6441 6251 6249
f 6443 6251 6441
f 6252 6444 6250
f 6250 6444 6442
f 6443 6253 6251
f 6445 6253 6443
f 6254 6446 6252
f 6252 6446 6444
f 6445 6255 6253
f 6447 6255 6445
f 6256 6448 6254
f 6254 6448 6446
f 6447 6257 6255
f 6449 6257 6447
f 6258 6450 6256
f 6256 6450 6448
f 6449 6259 6257
f 6451 6259 6449
f 6260 6452 6258
f 6258 6452 6450
f 6451 6261 6259
f 6453 6261 6451
f 6262 6454 6260
f 6260 6454 6452
f 6453 6263 6261
f 6455 6263 6453
f 6264 6456 6262
f 6262 6456 6454
f 6455 6265 6263
f 6457 6265 6455
f 6266 6458 6264
f 6264 6458 6456
f 6457 6267 6265
f 6459 6267 6457
f 6268 6460 6266
f 6266 6460 6458
f 6459 6269 6267
f 6461 6269 6459
f 6270 6462 6268
f 6268 6462 6460
f 6461 6271 6269
f 6463 6271 6461
f 6272 6464 6270
f 6270 6464 6462
f 6463 6273 6271
f 6465 6273 6463
f 6274 6466 6272
f 6272 6466 6464
f 6465 6275 6273
f 6467 6275 6465
f 6276 6468 6274
f 6274 6468 6466
f 6467 6277 6275
f 6469 6277 6467
f 6278 6470 6276
f 6276 6470 6468
f 6469 6279 6277
f 6471 6279 6469
f 6280 6472 6278
f 6278 6472 6470
f 6471 6281 6279
f 6473 6281 6471
f 6282 6474 6280
f 6280 6474 6472
f 6473 6283 6281
f 6475 6283 6473
f 6284 6476 6282
f 6282 6476 6474
f 6475 6285 6283
f 6477 6285 6475
f 6286 6478 6284
f 6284 6478 6476
f 6477 6287 6285
f 6479 6287 6477
f 6288 6480 6286
f 6286 6480 6478
f 6479 6193 6287
f 6385 6193 6479
f 6289 6481 6288
f 6288 6481 6480
f 6194 6482 6290
f 6386 6482 6194
f 6290 6482 6289
f 6289 6482 6481
f 6483 6292 6291
f 6293 6483 6291
f 6292 6486 6294
f 6484 6292 6483
f 6484 6486 6292
f 6485 6483 6293
f 6487 6296 6295
f 6297 6487 6295
f 6296 6490 6298
f 6488 6296 6487
f 6488 6490 6296
f 6489 6487 6297
f 6299 6485 6293
f 6294 6492 6300
f 6486 6492 6294
f 6491 6485 6299
f 6301 6489 6297
f 6298 6494 6302
f 6490 6494 6298
f 6493 6489 6301
f 6303 6491 6299
f 6300 6496 6304
f 6492 6496 6300
f 6495 6491 6303
f 6305 6493 6301
f 6302 6498 6306
f 6494 6498 6302
f 6497 6493 6305
f 6307 6495 6303
f 6304 6500 6308
f 6496 6500 6304
f 6499 6495 6307
f 6309 6497 6305
f 6306 6502 6310
f 6498 6502 6306
f 6501 6497 6309
f 6311 6499 6307
f 6308 6504 6312
f 6500 6504 6308
f 6503 6499 6311
f 6313 6501 6309
f 6310 6506 6314
f 6502 6506 6310
f 6505 6501 6313
f 6315 6503 6311
f 6312 6508 6316
f 6504 6508 6312
f 6507 6503 6315
f 6317 6505 6313
f 6314 6510 6318
f 6506 6510 6314
f 6509 6505 6317
f 6319 6507 6315
f 6316 6512 6320
f 6508 6512 6316
f 6511 6507 6319
f 6321 6509 6317
f 6318 6514 6322
f 6510 6514 6318
f 6513 6509 6321
f 6323 6511 6319
f 6320 6516 6324
f 6512 6516 6320
f 6515 6511 6323
f 6325 6513 6321
f 6322 6518 6326
f 6514 6518 6322
f 6517 6513 6325
f 6327 6515 6323
f 6324 6520 6328
f 6516 6520 6324
f 6519 6515 6327
f 6329 6517 6325
f 6326 6522 6330
f 6518 6522 6326
f 6521 6517 6329
f 6331 6519 6327
f 6328 6524 6332
f 6520 6524 6328
f 6523 6519 6331
f 6333 6521 6329
f 6330 6526 6334
f 6522 6526 6330
f 6525 6521 6333
f 6335 6523 6331
f 6332 6528 6336
f 6524 6528 6332
f 6527 6523 6335
f 6337 6525 6333
f 6334 6530 6338
f 6526 6530 6334
f 6529 6525 6337
f 6339 6527 6335
f 6336 6532 6340
f 6528 6532 6336
f 6531 6527 6339
f 6341 6529 6337
f 6338 6534 6342
f 6530 6534 6338
f 6533 6529 6341
f 6343 6531 6339
f 6340 6536 6344
f 6532 6536 6340
f 6535 6531 6343
f 6345 6533 6341
f 6342 6538 6346
f 6534 6538 6342
f 6537 6533 6345
f 6347 6535 6343
f 6344 6540 6348
f 6536 6540 6344
f 6539 6535 6347
f 6349 6537 6345
f 6346 6542 6350
f 6538 6542 6346
f 6541 6537 6349
f 6351 6539 6347
f 6348 6544 6352
f 6540 6544 6348
f 6543 6539 6351
f 6353 6541 6349
f 6350 6546 6354
f 6542 6546 6350
f 6545 6541 6353
f 6355 6543 6351
f 6352 6548 6356
f 6544 6548 6352
f 6547 6543 6355
f 6357 6545 6353
f 6354 6550 6358
f 6546 6550 6354
f 6549 6545 6357
f 6359 6547 6355
f 6356 6552 6360
f 6548 6552 6356
f 6551 6547 6359
f 6361 6549 6357
f 6358 6554 6362
f 6550 6554 6358
f 6553 6549 6361
f 6363 6551 6359
f 6360 6556 6364
f 6552 6556 6360
f 6555 6551 6363
f 6365 6553 6361
f 6362 6558 6366
f 6554 6558 6362
f 6557 6553 6365
f 6367 6555 6363
f 6364 6560 6368
f 6556 6560 6364
f 6559 6555 6367
f 6369 6557 6365
f 6366 6562 6370
f 6558 6562 6366
f 6561 6557 6369
f 6371 6559 6367
f 6368 6564 6372
f 6560 6564 6368
f 6563 6559 6371
f 6373 6561 6369
f 6370 6566 6374
f 6562 6566 6370
f 6565 6561 6373
f 6375 6563 6371
f 6372 6568 6376
f 6564 6568 6372
f 6567 6563 6375
f 6377 6565 6373
f 6374 6570 6378
f 6566 6570 6374
f 6569 6565 6377
f 6379 6567 6375
f 6376 6572 6380
f 6568 6572 6376
f 6571 6567 6379
f 6381 6569 6377
f 6378 6574 6382
f 6570 6574 6378
f 6573 6569 6381
f 6383 6571 6379
f 6380 6576 6384
f 6572 6576 6380
f 6575 6571 6383
f 6385 6573 6381
f 6382 6578 6386
f 6574 6578 6382
f 6577 6573 6385
f 6387 6575 6383
f 6388 6580 6387
f 6579 6575 6387
f 6387 6580 6579
f 6576 6389 6384
f 6581 6389 6576
f 6390 6582 6388
f 6388 6582 6580
f 6581 6391 6389
f 6583 6391 6581
f 6392 6584 6390
f 6390 6584 6582
f 6583 6393 6391
f 6585 6393 6583
f 6394 6586 6392
f 6392 6586 6584
f 6585 6395 6393
f 6587 6395 6585
f 6396 6588 6394
f 6394 6588 6586
f 6587 6397 6395
f 6589 6397 6587
f 6398 6590 6396
f 6396 6590 6588
f 6589 6399 6397
f 6591 6399 6589
f 6400 6592 6398
f 6398 6592 6590
f 6591 6401 6399
f 6593 6401 6591
f 6402 6594 6400
f 6400 6594 6592
f 6593 6403 6401
f 6595 6403 6593
f 6404 6596 6402
f 6402 6596 6594
f 6595 6405 6403
f 6597 6405 6595
f 6406 6598 6404
f 6404 6598 6596
f 6597 6407 6405
f 6599 6407 6597
f 6408 6600 6406
f 6406 6600 6598
f 6599 6409 6407
f 6601 6409 6599
f 6410 6602 6408
f 6408 6602 6600
f 6601 6411 6409
f 6603 6411 6601
f 6412 6604 6410
f 6410 6604 6602
f 6603 6413 6411
f 6605 6413 6603
f 6414 6606 6412
f 6412 6606 6604
f 6605 6415 6413
f 6607 6415 6605
f 6416 6608 6414
f 6414 6608 6606
f 6607 6417 6415
f 6609 6417 6607
f 6418 6610 6416
f 6416 6610 6608
f 6609 6419 6417
f 6611 6419 6609
f 6420 6612 6418
f 6418 6612 6610
f 6611 6421 6419
f 6613 6421 6611
f 6422 6614 6420
f 6420 6614 6612
f 6613 6423 6421
f 6615 6423 6613
f 6424 6616 6422
f 6422 6616 6614
f 6615 6425 6423
f 6617 6425 6615
f 6426 6618 6424
f 6424 6618 6616
f 6617 6427 6425
f 6619 6427 6617
f 6428 6620 6426
f 6426 6620 6618
f 6619 6429 6427
f 6621 6429 6619
f 6430 6622 6428
f 6428 6622 6620
f 6621 6431 6429
f 6623 6431 6621
f 6432 6624 6430
f 6430 6624 6622
f 6623 6433 6431
f 6625 6433 6623
f 6434 6626 6432
f 6432 6626 6624
f 6625 6435 6433
f 6627 6435 6625
f 6436 6628 6434
f 6434 6628 6626
f 6627 6437 6435
f 6629 6437 6627
f 6438 6630 6436
f 6436 6630 6628
f 6629 6439 6437
f 6631 6439 6629
f 6440 6632 6438
f 6438 6632 6630
f 6631 6441 6439
f 6633 6441 6631
f 6442 6634 6440
f 6440 6634 6632
f 6633 6443 6441
f 6635 6443 6633
f 6444 6636 6442
f 6442 6636 6634
f 6635 6445 6443
f 6637 6445 6635
f 6446 6638 6444
f 6444 6638 6636
f 6637 6447 6445
f 6639 6447 6637
f 6448 6640 6446
f 6446 6640 6638
f 6639 6449 6447
f 6641 6449 6639
f 6450 6642 6448
f 6448 6642 6640
f 6641 6451 6449
f 6643 6451 6641
f 6452 6644 6450
f 6450 6644 6642
f 6643 6453 6451
f 6645 6453 6643
f 6454 6646 6452
f 6452 6646 6644
f 6645 6455 6453
f 6647 6455 6645
f 6456 6648 6454
f 6454 6648 6646
f 6647 6457 6455
f 6649 6457 6647
f 6458 6650 6456
f 6456 6650 6648
f 6649 6459 6457
f 6651 6459 6649
f 6460 6652 6458
f 6458 6652 6650
f 6651 6461 6459
f 6653 6461 6651
f 6462 6654 6460
f 6460 6654 6652
f 6653 6463 6461
f 6655 6463 6653
f 6464 6656 6462
f 6462 6656 6654
f 6655 6465 6463
f 6657 6465 6655
f 6466 6658 6464
f 6464 6658 6656
f 6657 6467 6465
f 6659 6467 6657
f 6468 6660 6466
f 6466 6660 6658
f 6659 6469 6467
f 6661 6469 6659
f 6470 6662 6468
f 6468 6662 6660
f 6661 6471 6469
f 6663 6471 6661
f 6472 6664 6470
f 6470 6664 6662
f 6663 6473 6471
f 6665 6473 6663
f 6474 6666 6472
f 6472 6666 6664
f 6665 6475 6473
f 6667 6475 6665
f 6476 6668 6474
f 6474 6668 6666
f 6667 6477 6475
f 6669 6477 6667
f 6478 6670 6476
f 6476 6670 6668
f 6669 6479 6477
f 6671 6479 6669
f 6480 6672 6478
f 6478 6672 6670
f 6671 6385 6479
f 6577 6385 6671
f 6481 6673 6480
f 6480 6673 6672
f 6386 6674 6482
f 6578 6674 6386
f 6482 6674 6481
f 6481 6674 6673
f 6675 6484 6483
f 6485 6675 6483
f 6484 6678 6486
f 6676 6484 6675
f 6676 6678 6484
f 6677 6675 6485
f 6679 6488 6487
f 6489 6679 6487
f 6488 6682 6490
f 6680 6488 6679
f 6680 6682 6488
f 6681 6679 6489
f 6491 6677 6485
f 6486 6684 6492
f 6678 6684 6486
f 6683 6677 6491
f 6493 6681 6489
f 6490 6686 6494
f 6682 6686 6490
f 6685 6681 6493
f 6495 6683 6491
f 6492 6688 6496
f 6684 6688 6492
f 6687 6683 6495
f 6497 6685 6493
f 6494 6690 6498
f 6686 6690 6494
f 6689 6685 6497
f 6499 6687 6495
f 6496 6692 6500
f 6688 6692 6496
f 6691 6687 6499
f 6501 6689 6497
f 6498 6694 6502
f 6690 6694 6498
f 6693 6689 6501
f 6503 6691 6499
f 6500 6696 6504
f 6692 6696 6500
f 6695 6691 6503
f 6505 6693 6501
f 6502 6698 6506
f 6694 6698 6502
f 6697 6693 6505
f 6507 6695 6503
f 6504 6700 6508
f 6696 6700 6504
f 6699 6695 6507
f 6509 6697 6505
f 6506 6702 6510
f 6698 6702 6506
f 6701 6697 6509
f 6511 6699 6507
f 6508 6704 6512
f 6700 6704 6508
f 6703 6699 6511
f 6513 6701 6509
f 6510 6706 6514
f 6702 6706 6510
f 6705 6701 6513
f 6515 6703 6511
f 6512 6708 6516
f 6704 6708 6512
f 6707 6703 6515
f 6517 6705 6513
f 6514 6710 6518
f 6706 6710 6514
f 6709 6705 6517
f 6519 6707 6515
f 6516 6712 6520
f 6708 6712 6516
f 6711 6707 6519
f 6521 6709 6517
f 6518 6714 6522
f 6710 6714 6518
f 6713 6709 6521
f 6523 6711 6519
f 6520 6716 6524
f 6712 6716 6520
f 6715 6711 6523
f 6525 6713 6521
f 6522 6718 6526
f 6714 6718 6522
f 6717 6713 6525
f 6527 6715 6523
f 6524 6720 6528
f 6716 6720 6524
f 6719 6715 6527
f 6529 6717 6525
f 6526 6722 6530
f 6718 6722 6526
f 6721 6717 6529
f 6531 6719 6527
f 6528 6724 6532
f 6720 6724 6528
f 6723 6719 6531
f 6533 6721 6529
f 6530 6726 6534
f 6722 6726 6530
f 6725 6721 6533
f 6535 6723 6531
f 6532 6728 6536
f 6724 6728 6532
f 6727 6723 6535
f 6537 6725 6533
f 6534 6730 6538
f 6726 6730 6534
f 6729 6725 6537
f 6539 6727 6535
f 6536 6732 6540
f 6728 6732 6536
f 6731 6727 6539
f 6541 6729 6537
f 6538 6734 6542
f 6730 6734 6538
f 6733 6729 6541
f 6543 6731 6539
f 6540 6736 6544
f 6732 6736 6540
f 6735 6731 6543
f 6545 6733 6541
f 6542 6738 6546
f 6734 6738 6542
f 6737 6733 6545
f 6547 6735 6543
f 6544 6740 6548
f 6736 6740 6544
f 6739 6735 6547
f 6549 6737 6545
f 6546 6742 6550
f 6738 6742 6546
f 6741 6737 6549
f 6551 6739 6547
f 6548 6744 6552
f 6740 6744 6548
f 6743 6739 6551
f 6553 6741 6549
f 6550 6746 6554
f 6742 6746 6550
f 6745 6741 6553
f 6555 6743 6551
f 6552 6748 6556
f 6744 6748 6552
f 6747 6743 6555
f 6557 6745 6553
f 6554 6750 6558
f 6746 6750 6554
f 6749 6745 6557
f 6559 6747 6555
f 6556 6752 6560
f 6748 6752 6556
f 6751 6747 6559
f 6561 6749 6557
f 6558 6754 6562
f 6750 6754 6558
f 6753 6749 6561
f 6563 6751 6559
f 6560 6756 6564
f 6752 6756 6560
f 6755 6751 6563
f 6565 6753 6561
f 6562 6758 6566
f 6754 6758 6562
f 6757 6753 6565
f 6567 6755 6563
f 6564 6760 6568
f 6756 6760 6564
f 6759 6755 6567
f 6569 6757 6565
f 6566 6762 6570
f 6758 6762 6566
f 6761 6757 6569
f 6571 6759 6567
f 6568 6764 6572
f 6760 6764 6568
f 6763 6759 6571
f 6573 6761 6569
f 6570 6766 6574
f 6762 6766 6570
f 6765 6761 6573
f 6575 6763 6571
f 6572 6768 6576
f 6764 6768 6572
f 6767 6763 6575
f 6577 6765 6573
f 6574 6770 6578
f 6766 6770 6574
f 6769 6765 6577
f 6579 6767 6575
f 6580 6772 6579
f 6771 6767 6579
f 6579 6772 6771
f 6771 6768 6767
f 6772 6768 6771
f 6768 6581 6576
f 6773 6581 6768
f 6582 6774 6580
f 6580 6774 6772
f 6773 6583 6581
f 6775 6583 6773
f 6584 6776 6582
f 6582 6776 6774
f 6775 6585 6583
f 6777 6585 6775
f 6586 6778 6584
f 6584 6778 6776
f 6777 6587 6585
f 6779 6587 6777
f 6588 6780 6586
f 6586 6780 6778
f 6779 6589 6587
f 6781 6589 6779
f 6590 6782 6588
f 6588 6782 6780
f 6781 6591 6589
f 6783 6591 6781
f 6592 6784 6590
f 6590 6784 6782
f 6783 6593 6591
f 6785 6593 6783
f 6594 6786 6592
f 6592 6786 6784
f 6785 6595 6593
f 6787 6595 6785
f 6596 6788 6594
f 6594 6788 6786
f 6787 6597 6595
f 6789 6597 6787
f 6598 6790 6596
f 6596 6790 6788
f 6789 6599 6597
f 6791 6599 6789
f 6600 6792 6598
f 6598 6792 6790
f 6791 6601 6599
f 6793 6601 6791
f 6602 6794 6600
f 6600 6794 6792
f 6793 6603 6601
f 6795 6603 6793
f 6604 6796 6602
f 6602 6796 6794
f 6795 6605 6603
f 6797 6605 6795
f 6606 6798 6604
f 6604 6798 6796
f 6797 6607 6605
f 6799 6607 6797
f 6608 6800 6606
f 6606 6800 6798
f 6799 6609 6607
f 6801 6609 6799
f 6610 6802 6608
f 6608 6802 6800
f 6801 6611 6609
f 6803 6611 6801
f 6612 6804 6610
f 6610 6804 6802
f 6803 6613 6611
f 6805 6613 6803
f 6614 6806 6612
f 6612 6806 6804
f 6805 6615 6613
f 6807 6615 6805
f 6616 6808 6614
f 6614 6808 6806
f 6807 6617 6615
f 6809 6617 6807
f 6618 6810 6616
f 6616 6810 6808
f 6809 6619 6617
f 6811 6619 6809
f 6620 6812 6618
f 6618 6812 6810
f 6811 6621 6619
f 6813 6621 6811
f 6622 6814 6620
f 6620 6814 6812
f 6813 6623 6621
f 6815 6623 6813
f 6624 6816 6622
f 6622 6816 6814
f 6815 6625 6623
f 6817 6625 6815
f 6626 6818 6624
f 6624 6818 6816
f 6817 6627 6625
f 6819 6627 6817
f 6628 6820 6626
f 6626 6820 6818
f 6818 6819 6817
f 6820 6819 6818
f 6819 6629 6627
f 6821 6629 6819
f 6630 6822 6628
f 6628 6822 6820
f 6821 6631 6629
f 6823 6631 6821
f 6632 6824 6630
f 6630 6824 6822
f 6823 6633 6631
f 6825 6633 6823
f 6634 6826 6632
f 6632 6826 6824
f 6825 6635 6633
f 6827 6635 6825
f 6636 6828 6634
f 6634 6828 6826
f 6827 6637 6635
f 6829 6637 6827
f 6638 6830 6636
f 6636 6830 6828
f 6829 6639 6637
f 6831 6639 6829
f 6640 6832 6638
f 6638 6832 6830
f 6831 6641 6639
f 6833 6641 6831
f 6642 6834 6640
f 6640 6834 6832
f 6833 6643 6641
f 6835 6643 6833
f 6644 6836 6642
f 6642 6836 6834
f 6835 6645 6643
f 6837 6645 6835
f 6646 6838 6644
f 6644 6838 6836
f 6837 6647 6645
f 6839 6647 6837
f 6648 6840 6646
f 6646 6840 6838
f 6839 6649 6647
f 6841 6649 6839
f 6650 6842 6648
f 6648 6842 6840
f 6841 6651 6649
f 6843 6651 6841
f 6652 6844 6650
f 6650 6844 6842
f 6843 6653 6651
f 6845 6653 6843
f 6654 6846 6652
f 6652 6846 6844
f 6845 6655 6653
f 6847 6655 6845
f 6656 6848 6654
f 6654 6848 6846
f 6847 6657 6655
f 6849 6657 6847
f 6658 6850 6656
f 6656 6850 6848
f 6849 6659 6657
f 6851 6659 6849
f 6660 6852 6658
f 6658 6852 6850
f 6851 6661 6659
f 6853 6661 6851
f 6662 6854 6660
f 6660 6854 6852
f 6853 6663 6661
f 6855 6663 6853
f 6664 6856 6662
f 6662 6856 6854
f 6855 6665 6663
f 6857 6665 6855
f 6666 6858 6664
f 6664 6858 6856
f 6857 6667 6665
f 6859 6667 6857
f 6668 6860 6666
f 6666 6860 6858
f 6859 6669 6667
f 6861 6669 6859
f 6670 6862 6668
f 6668 6862 6860
f 6861 6671 6669
f 6863 6671 6861
f 6672 6864 6670
f 6670 6864 6862
f 6863 6577 6671
f 6769 6577 6863
f 6673 6865 6672
f 6672 6865 6864
f 6578 6866 6674
f 6770 6866 6578
f 6674 6866 6673
f 6673 6866 6865
f 6867 6676 6675
f 6677 6867 6675
f 6868 6676 6867
f 6869 6867 6677
f 6869 6868 6867
f 6870 6868 6869
f 6871 6872 6676
f 6868 6871 6676
f 6676 6872 6678
f 6873 6871 6868
f 6870 6873 6868
f 6874 6873 6870
f 6875 6876 6871
f 6873 6875 6871
f 6871 6876 6872
f 6877 6875 6873
f 6874 6877 6873
f 6878 6877 6874
f 6879 6880 6875
f 6877 6879 6875
f 6875 6880 6876
f 6881 6879 6877
f 6878 6881 6877
f 6882 6881 6878
f 6883 6884 6879
f 6881 6883 6879
f 6879 6884 6880
f 6885 6883 6881
f 6882 6885 6881
f 6886 6885 6882
f 6887 6888 6883
f 6885 6887 6883
f 6883 6888 6884
f 6889 6887 6885
f 6886 6889 6885
f 6890 6889 6886
f 6891 6892 6887
f 6889 6891 6887
f 6887 6892 6888
f 6893 6891 6889
f 6890 6893 6889
f 6894 6893 6890
f 6895 6896 6891
f 6893 6895 6891
f 6891 6896 6892
f 6897 6895 6893
f 6894 6897 6893
f 6898 6897 6894
f 6899 6900 6895
f 6897 6899 6895
f 6895 6900 6896
f 6901 6899 6897
f 6898 6901 6897
f 6902 6901 6898
f 6903 6904 6899
f 6901 6903 6899
f 6899 6904 6900
f 6905 6903 6901
f 6902 6905 6901
f 6906 6905 6902
f 6907 6908 6903
f 6905 6907 6903
f 6903 6908 6904
f 6909 6907 6905
f 6906 6909 6905
f 6910 6909 6906
f 6911 6912 6907
f 6909 6911 6907
f 6907 6912 6908
f 6913 6911 6909
f 6910 6913 6909
f 6914 6913 6910
f 6915 6916 6911
f 6913 6915 6911
f 6911 6916 6912
f 6917 6915 6913
f 6914 6917 6913
f 6918 6917 6914
f 6919 6920 6915
f 6917 6919 6915
f 6915 6920 6916
f 6921 6919 6917
f 6918 6921 6917
f 6922 6921 6918
f 6923 6924 6919
f 6921 6923 6919
f 6919 6924 6920
f 6925 6923 6921
f 6922 6925 6921
f 6926 6925 6922
f 6927 6928 6923
f 6925 6927 6923
f 6923 6928 6924
f 6929 6927 6925
f 6926 6929 6925
f 6930 6929 6926
f 6931 6932 6927
f 6929 6931 6927
f 6927 6932 6928
f 6933 6931 6929
f 6930 6933 6929
f 6934 6933 6930
f 6935 6936 6931
f 6933 6935 6931
f 6931 6936 6932
f 6937 6935 6933
f 6934 6937 6933
f 6938 6937 6934
f 6939 6940 6935
f 6937 6939 6935
f 6935 6940 6936
f 6941 6939 6937
f 6938 6941 6937
f 6942 6941 6938
f 6943 6944 6939
f 6941 6943 6939
f 6939 6944 6940
f 6945 6943 6941
f 6942 6945 6941
f 6946 6945 6942
f 6947 6948 6943
f 6945 6947 6943
f 6943 6948 6944
f 6949 6947 6945
f 6946 6949 6945
f 6950 6949 6946
f 6951 6952 6947
f 6949 6951 6947
f 6947 6952 6948
f 6953 6951 6949
f 6950 6953 6949
f 6954 6953 6950
f 6955 6956 6951
f 6953 6955 6951
f 6951 6956 6952
f 6957 6955 6953
f 6954 6957 6953
f 6958 6957 6954
f 6959 6960 6955
f 6957 6959 6955
f 6955 6960 6956
f 6961 6959 6957
f 6958 6961 6957
f 6962 6961 6958
f 6963 6964 6959
f 6961 6963 6959
f 6959 6964 6960
f 6965 6963 6961
f 6962 6965 6961
f 6966 6965 6962
f 6967 6968 6963
f 6965 6967 6963
f 6963 6968 6964
f 6969 6967 6965
f 6966 6969 6965
f 6970 6969 6966
f 6971 6972 6967
f 6969 6971 6967
f 6967 6972 6968
f 6973 6971 6969
f 6970 6973 6969
f 6974 6973 6970
f 6975 6976 6971
f 6973 6975 6971
f 6971 6976 6972
f 6977 6975 6973
f 6974 6977 6973
f 6978 6977 6974
f 6979 6980 6975
f 6977 6979 6975
f 6975 6980 6976
f 6981 6979 6977
f 6978 6981 6977
f 6982 6981 6978
f 6983 6984 6979
f 6981 6983 6979
f 6979 6984 6980
f 6985 6983 6981
f 6982 6985 6981
f 6986 6985 6982
f 6987 6988 6983
f 6985 6987 6983
f 6983 6988 6984
f 6989 6987 6985
f 6986 6989 6985
f 6990 6989 6986
f 6991 6992 6987
f 6989 6991 6987
f 6987 6992 6988
f 6993 6991 6989
f 6990 6993 6989
f 6994 6993 6990
f 6995 6996 6991
f 6993 6995 6991
f 6991 6996 6992
f 6997 6995 6993
f 6994 6997 6993
f 6998 6997 6994
f 6999 7000 6995
f 6997 6999 6995
f 6995 7000 6996
f 7001 6999 6997
f 6998 7001 6997
f 7002 7001 6998
f 7003 7004 6999
f 7001 7003 6999
f 6999 7004 7000
f 7005 7003 7001
f 7002 7005 7001
f 7006 7005 7002
f 7007 7008 7003
f 7005 7007 7003
f 7003 7008 7004
f 7009 7007 7005
f 7006 7009 7005
f 7010 7009 7006
f 7011 7012 7007
f 7009 7011 7007
f 7007 7012 7008
f 7013 7011 7009
f 7010 7013 7009
f 7014 7013 7010
f 7015 7016 7011
f 7013 7015 7011
f 7011 7016 7012
f 7017 7015 7013
f 7014 7017 7013
f 7018 7017 7014
f 7019 7020 7015
f 7017 7019 7015
f 7015 7020 7016
f 7021 7019 7017
f 7018 7021 7017
f 7022 7021 7018
f 7023 7024 7019
f 7021 7023 7019
f 7019 7024 7020
f 7025 7023 7021
f 7022 7025 7021
f 7026 7025 7022
f 7027 7028 7023
f 7025 7027 7023
f 7023 7028 7024
f 7029 7027 7025
f 7026 7029 7025
f 7030 7029 7026
f 7031 7032 7027
f 7029 7031 7027
f 7027 7032 7028
f 7033 7031 7029
f 7030 7033 7029
f 7034 7033 7030
f 7035 7036 7031
f 7033 7035 7031
f 7031 7036 7032
f 7037 7035 7033
f 7034 7037 7033
f 7038 7037 7034
f 7039 7040 7035
f 7037 7039 7035
f 7035 7040 7036
f 7041 7039 7037
f 7038 7041 7037
f 7042 7041 7038
f 7043 7044 7039
f 7041 7043 7039
f 7039 7044 7040
f 7045 7043 7041
f 7042 7045 7041
f 7046 7045 7042
f 7047 7048 7043
f 7045 7047 7043
f 7043 7048 7044
f 7049 7047 7045
f 7046 7049 7045
f 7050 7049 7046
f 7051 7052 7047
f 7049 7051 7047
f 7047 7052 7048
f 7053 7051 7049
f 7050 7053 7049
f 7054 7053 7050
f 6679 6681 7051
f 7053 6679 7051
f 7051 6681 7052
f 7055 6679 7053
f 7054 7055 7053
f 7056 7055 7054
f 7055 6680 6679
f 6680 7058 6682
f 7057 6680 7055
f 7057 7058 6680
f 7056 7057 7055
f 7058 7057 7056
f 6683 6869 6677
f 7059 6869 6683
f 7059 6870 6869
f 7060 6870 7059
f 6872 7061 6678
f 6678 7061 6684
f 7060 6874 6870
f 7062 6874 7060
f 6876 7063 6872
f 6872 7063 7061
f 7062 6878 6874
f 7064 6878 7062
f 6880 7065 6876
f 6876 7065 7063
f 7064 6882 6878
f 7066 6882 7064
f 6884 7067 6880
f 6880 7067 7065
f 7066 6886 6882
f 7068 6886 7066
f 6888 7069 6884
f 6884 7069 7067
f 7068 6890 6886
f 7070 6890 7068
f 6892 7071 6888
f 6888 7071 7069
f 7070 6894 6890
f 7072 6894 7070
f 6896 7073 6892
f 6892 7073 7071
f 7072 6898 6894
f 7074 6898 7072
f 6900 7075 6896
f 6896 7075 7073
f 7074 6902 6898
f 7076 6902 7074
f 6904 7077 6900
f 6900 7077 7075
f 7076 6906 6902
f 7078 6906 7076
f 6908 7079 6904
f 6904 7079 7077
f 7078 6910 6906
f 7080 6910 7078
f 6912 7081 6908
f 6908 7081 7079
f 7080 6914 6910
f 7082 6914 7080
f 6916 7083 6912
f 6912 7083 7081
f 7082 6918 6914
f 7084 6918 7082
f 6920 7085 6916
f 6916 7085 7083
f 7084 6922 6918
f 7086 6922 7084
f 6924 7087 6920
f 6920 7087 7085
f 7086 6926 6922
f 7088 6926 7086
f 6928 7089 6924
f 6924 7089 7087
f 7088 6930 6926
f 7090 6930 7088
f 6932 7091 6928
f 6928 7091 7089
f 7090 6934 6930
f 7092 6934 7090
f 6936 7093 6932
f 6932 7093 7091
f 7092 6938 6934
f 7094 6938 7092
f 6940 7095 6936
f 6936 7095 7093
f 7094 6942 6938
f 7096 6942 7094
f 6944 7097 6940
f 6940 7097 7095
f 7096 6946 6942
f 7098 6946 7096
f 6948 7099 6944
f 6944 7099 7097
f 7098 6950 6946
f 7100 6950 7098
f 6952 7101 6948
f 6948 7101 7099
f 7100 6954 6950
f 7102 6954 7100
f 6956 7103 6952
f 6952 7103 7101
f 7102 6958 6954
f 7104 6958 7102
f 6960 7105 6956
f 6956 7105 7103
f 7104 6962 6958
f 7106 6962 7104
f 6964 7107 6960
f 6960 7107 7105
f 7106 6966 6962
f 7108 6966 7106
f 6968 7109 6964
f 6964 7109 7107
f 7108 6970 6966
f 7110 6970 7108
f 6972 7111 6968
f 6968 7111 7109
f 7110 6974 6970
f 7112 6974 7110
f 6976 7113 6972
f 6972 7113 7111
f 7112 6978 6974
f 7114 6978 7112
f 6980 7115 6976
f 6976 7115 7113
f 7114 6982 6978
f 7116 6982 7114
f 6984 7117 6980
f 6980 7117 7115
f 7116 6986 6982
f 7118 6986 7116
f 6988 7119 6984
f 6984 7119 7117
f 7118 6990 6986
f 7120 6990 7118
f 6992 7121 6988
f 6988 7121 7119
f 7120 6994 6990
f 7122 6994 7120
f 6996 7123 6992
f 6992 7123 7121
f 7122 6998 6994
f 7124 6998 7122
f 7000 7125 6996
f 6996 7125 7123
f 7124 7002 6998
f 7126 7002 7124
f 7004 7127 7000
f 7000 7127 7125
f 7126 7006 7002
f 7128 7006 7126
f 7008 7129 7004
f 7004 7129 7127
f 7128 7010 7006
f 7130 7010 7128
f 7012 7131 7008
f 7008 7131 7129
f 7130 7014 7010
f 7132 7014 7130
f 7016 7133 7012
f 7012 7133 7131
f 7132 7018 7014
f 7134 7018 7132
f 7020 7135 7016
f 7016 7135 7133
f 7134 7022 7018
f 7136 7022 7134
f 7024 7137 7020
f 7020 7137 7135
f 7136 7026 7022
f 7138 7026 7136
f 7028 7139 7024
f 7024 7139 7137
f 7138 7030 7026
f 7140 7030 7138
f 7032 7141 7028
f 7028 7141 7139
f 7140 7034 7030
f 7142 7034 7140
f 7036 7143 7032
f 7032 7143 7141
f 7142 7038 7034
f 7144 7038 7142
f 7040 7145 7036
f 7036 7145 7143
f 7144 7042 7038
f 7146 7042 7144
f 7044 7147 7040
f 7040 7147 7145
f 7146 7046 7042
f 7148 7046 7146
f 7048 7149 7044
f 7044 7149 7147
f 7148 7050 7046
f 7150 7050 7148
f 7052 7151 7048
f 7048 7151 7149
f 7150 7054 7050
f 7152 7054 7150
f 6681 6685 7052
f 7052 6685 7151
f 7152 7056 7054
f 7153 7056 7152
f 6682 7154 6686
f 7058 7154 6682
f 7153 7058 7056
f 7154 7058 7153
f 6687 7059 6683
f 7155 7059 6687
f 7155 7060 7059
f 7156 7060 7155
f 7061 7157 6684
f 6684 7157 6688
f 7156 7062 7060
f 7158 7062 7156
f 7063 7159 7061
f 7061 7159 7157
f 7158 7064 7062
f 7160 7064 7158
f 7065 7161 7063
f 7063 7161 7159
f 7160 7066 7064
f 7162 7066 7160
f 7067 7163 7065
f 7065 7163 7161
f 7162 7068 7066
f 7164 7068 7162
f 7069 7165 7067
f 7067 7165 7163
f 7164 7070 7068
f 7166 7070 7164
f 7071 7167 7069
f 7069 7167 7165
f 7166 7072 7070
f 7168 7072 7166
f 7073 7169 7071
f 7071 7169 7167
f 7168 7074 7072
f 7170 7074 7168
f 7075 7171 7073
f 7073 7171 7169
f 7170 7076 7074
f 7172 7076 7170
f 7077 7173 7075
f 7075 7173 7171
f 7172 7078 7076
f 7174 7078 7172
f 7079 7175 7077
f 7077 7175 7173
f 7174 7080 7078
f 7176 7080 7174
f 7081 7177 7079
f 7079 7177 7175
f 7176 7082 7080
f 7178 7082 7176
f 7083 7179 7081
f 7081 7179 7177
f 7178 7084 7082
f 7180 7084 7178
f 7085 7181 7083
f 7083 7181 7179
f 7180 7086 7084
f 7182 7086 7180
f 7087 7183 7085
f 7085 7183 7181
f 7182 7088 7086
f 7184 7088 7182
f 7089 7185 7087
f 7087 7185 7183
f 7184 7090 7088
f 7186 7090 7184
f 7091 7187 7089
f 7089 7187 7185
f 7186 7092 7090
f 7188 7092 7186
f 7093 7189 7091
f 7091 7189 7187
f 7188 7094 7092
f 7190 7094 7188
f 7095 7191 7093
f 7093 7191 7189
f 7190 7096 7094
f 7192 7096 7190
f 7097 7193 7095
f 7095 7193 7191
f 7192 7098 7096
f 7194 7098 7192
f 7099 7195 7097
f 7097 7195 7193
f 7194 7100 7098
f 7196 7100 7194
f 7101 7197 7099
f 7099 7197 7195
f 7196 7102 7100
f 7198 7102 7196
f 7103 7199 7101
f 7101 7199 7197
f 7198 7104 7102
f 7200 7104 7198
f 7105 7201 7103
f 7103 7201 7199
f 7200 7106 7104
f 7202 7106 7200
f 7107 7203 7105
f 7105 7203 7201
f 7202 7108 7106
f 7204 7108 7202
f 7109 7205 7107
f 7107 7205 7203
f 7204 7110 7108
f 7206 7110 7204
f 7111 7207 7109
f 7109 7207 7205
f 7206 7112 7110
f 7208 7112 7206
f 7113 7209 7111
f 7111 7209 7207
f 7208 7114 7112
f 7210 7114 7208
f 7115 7211 7113
f 7113 7211 7209
f 7210 7116 7114
f 7212 7116 7210
f 7117 7213 7115
f 7115 7213 7211
f 7212 7118 7116
f 7214 7118 7212
f 7119 7215 7117
f 7117 7215 7213
f 7214 7120 7118
f 7216 7120 7214
f 7121 7217 7119
f 7119 7217 7215
f 7216 7122 7120
f 7218 7122 7216
f 7123 7219 7121
f 7121 7219 7217
f 7218 7124 7122
f 7220 7124 7218
f 7125 7221 7123
f 7123 7221 7219
f 7220 7126 7124
f 7222 7126 7220
f 7127 7223 7125
f 7125 7223 7221
f 7222 7128 7126
f 7224 7128 7222
f 7129 7225 7127
f 7127 7225 7223
f 7224 7130 7128
f 7226 7130 7224
f 7131 7227 7129
f 7129 7227 7225
f 7226 7132 7130
f 7228 7132 7226
f 7133 7229 7131
f 7131 7229 7227
f 7228 7134 7132
f 7230 7134 7228
f 7135 7231 7133
f 7133 7231 7229
f 7230 7136 7134
f 7232 7136 7230
f 7137 7233 7135
f 7135 7233 7231
f 7232 7138 7136
f 7234 7138 7232
f 7139 7235 7137
f 7137 7235 7233
f 7234 7140 7138
f 7236 7140 7234
f 7141 7237 7139
f 7139 7237 7235
f 7236 7142 7140
f 7238 7142 7236
f 7143 7239 7141
f 7141 7239 7237
f 7238 7144 7142
f 7240 7144 7238
f 7145 7241 7143
f 7143 7241 7239
f 7240 7146 7144
f 7242 7146 7240
f 7147 7243 7145
f 7145 7243 7241
f 7242 7148 7146
f 7244 7148 7242
f 7149 7245 7147
f 7147 7245 7243
f 7244 7150 7148
f 7246 7150 7244
f 7151 7247 7149
f 7149 7247 7245
f 7246 7152 7150
f 7248 7152 7246
f 6685 6689 7151
f 7151 6689 7247
f 7248 7153 7152
f 7249 7153 7248
f 6686 7250 6690
f 7154 7250 6686
f 7249 7154 7153
f 7250 7154 7249
f 6691 7155 6687
f 7251 7155 6691
f 7251 7156 7155
f 7252 7156 7251
f 7157 7253 6688
f 6688 7253 6692
f 7252 7158 7156
f 7254 7158 7252
f 7159 7255 7157
f 7157 7255 7253
f 7254 7160 7158
f 7256 7160 7254
f 7161 7257 7159
f 7159 7257 7255
f 7256 7162 7160
f 7258 7162 7256
f 7163 7259 7161
f 7161 7259 7257
f 7258 7164 7162
f 7260 7164 7258
f 7165 7261 7163
f 7163 7261 7259
f 7260 7166 7164
f 7262 7166 7260
f 7167 7263 7165
f 7165 7263 7261
f 7262 7168 7166
f 7264 7168 7262
f 7169 7265 7167
f 7167 7265 7263
f 7264 7170 7168
f 7266 7170 7264
f 7171 7267 7169
f 7169 7267 7265
f 7266 7172 7170
f 7268 7172 7266
f 7173 7269 7171
f 7171 7269 7267
f 7268 7174 7172
f 7270 7174 7268
f 7175 7271 7173
f 7173 7271 7269
f 7270 7176 7174
f 7272 7176 7270
f 7177 7273 7175
f 7175 7273 7271
f 7272 7178 7176
f 7274 7178 7272
f 7179 7275 7177
f 7177 7275 7273
f 7274 7180 7178
f 7276 7180 7274
f 7181 7277 7179
f 7179 7277 7275
f 7276 7182 7180
f 7278 7182 7276
f 7183 7279 7181
f 7181 7279 7277
f 7278 7184 7182
f 7280 7184 7278
f 7185 7281 7183
f 7183 7281 7279
f 7280 7186 7184
f 7282 7186 7280
f 7187 7283 7185
f 7185 7283 7281
f 7282 7188 7186
f 7284 7188 7282
f 7189 7285 7187
f 7187 7285 7283
f 7284 7190 7188
f 7286 7190 7284
f 7191 7287 7189
f 7189 7287 7285
f 7286 7192 7190
f 7288 7192 7286
f 7193 7289 7191
f 7191 7289 7287
f 7288 7194 7192
f 7290 7194 7288
f 7195 7291 7193
f 7193 7291 7289
f 7290 7196 7194
f 7292 7196 7290
f 7197 7293 7195
f 7195 7293 7291
f 7292 7198 7196
f 7294 7198 7292
f 7199 7295 7197
f 7197 7295 7293
f 7294 7200 7198
f 7296 7200 7294
f 7201 7297 7199
f 7199 7297 7295
f 7296 7202 7200
f 7298 7202 7296
f 7203 7299 7201
f 7201 7299 7297
f 7298 7204 7202
f 7300 7204 7298
f 7205 7301 7203
f 7203 7301 7299
f 7300 7206 7204
f 7302 7206 7300
f 7207 7303 7205
f 7205 7303 7301
f 7302 7208 7206
f 7304 7208 7302
f 7209 7305 7207
f 7207 7305 7303
f 7304 7210 7208
f 7306 7210 7304
f 7211 7307 7209
f 7209 7307 7305
f 7306 7212 7210
f 7308 7212 7306
f 7213 7309 7211
f 7211 7309 7307
f 7308 7214 7212
f 7310 7214 7308
f 7215 7311 7213
f 7213 7311 7309
f 7310 7216 7214
f 7312 7216 7310
f 7217 7313 7215
f 7215 7313 7311
f 7312 7218 7216
f 7314 7218 7312
f 7219 7315 7217
f 7217 7315 7313
f 7314 7220 7218
f 7316 7220 7314
f 7221 7317 7219
f 7219 7317 7315
f 7316 7222 7220
f 7318 7222 7316
f 7223 7319 7221
f 7221 7319 7317
f 7318 7224 7222
f 7320 7224 7318
f 7225 7321 7223
f 7223 7321 7319
f 7320 7226 7224
f 7322 7226 7320
f 7227 7323 7225
f 7225 7323 7321
f 7322 7228 7226
f 7324 7228 7322
f 7229 7325 7227
f 7227 7325 7323
f 7324 7230 7228
f 7326 7230 7324
f 7231 7327 7229
f 7229 7327 7325
f 7326 7232 7230
f 7328 7232 7326
f 7233 7329 7231
f 7231 7329 7327
f 7328 7234 7232
f 7330 7234 7328
f 7235 7331 7233
f 7233 7331 7329
f 7330 7236 7234
f 7332 7236 7330
f 7237 7333 7235
f 7235 7333 7331
f 7332 7238 7236
f 7334 7238 7332
f 7239 7335 7237
f 7237 7335 7333
f 7334 7240 7238
f 7336 7240 7334
f 7241 7337 7239
f 7239 7337 7335
f 7336 7242 7240
f 7338 7242 7336
f 7243 7339 7241
f 7241 7339 7337
f 7338 7244 7242
f 7340 7244 7338
f 7245 7341 7243
f 7243 7341 7339
f 7340 7246 7244
f 7342 7246 7340
f 7247 7343 7245
f 7245 7343 7341
f 7342 7248 7246
f 7344 7248 7342
f 6689 6693 7247
f 7247 6693 7343
f 7344 7249 7248
f 7345 7249 7344
f 6690 7346 6694
f 7250 7346 6690
f 7345 7250 7249
f 7346 7250 7345
f 6695 7251 6691
f 7347 7251 6695
f 7347 7252 7251
f 7348 7252 7347
f 7253 7349 6692
f 6692 7349 6696
f 7348 7254 7252
f 7350 7254 7348
f 7255 7351 7253
f 7253 7351 7349
f 7350 7256 7254
f 7352 7256 7350
f 7257 7353 7255
f 7255 7353 7351
f 7352 7258 7256
f 7354 7258 7352
f 7259 7355 7257
f 7257 7355 7353
f 7354 7260 7258
f 7356 7260 7354
f 7261 7357 7259
f 7259 7357 7355
f 7356 7262 7260
f 7358 7262 7356
f 7263 7359 7261
f 7261 7359 7357
f 7358 7264 7262
f 7360 7264 7358
f 7265 7361 7263
f 7263 7361 7359
f 7360 7266 7264
f 7362 7266 7360
f 7267 7363 7265
f 7265 7363 7361
f 7362 7268 7266
f 7364 7268 7362
f 7269 7365 7267
f 7267 7365 7363
f 7364 7270 7268
f 7366 7270 7364
f 7271 7367 7269
f 7269 7367 7365
f 7366 7272 7270
f 7368 7272 7366
f 7273 7369 7271
f 7271 7369 7367
f 7368 7274 7272
f 7370 7274 7368
f 7275 7371 7273
f 7273 7371 7369
f 7370 7276 7274
f 7372 7276 7370
f 7277 7373 7275
f 7275 7373 7371
f 7372 7278 7276
f 7374 7278 7372
f 7279 7375 7277
f 7277 7375 7373
f 7374 7280 7278
f 7376 7280 7374
f 7281 7377 7279
f 7279 7377 7375
f 7376 7282 7280
f 7378 7282 7376
f 7283 7379 7281
f 7281 7379 7377
f 7378 7284 7282
f 7380 7284 7378
f 7285 7381 7283
f 7283 7381 7379
f 7380 7286 7284
f 7382 7286 7380
f 7287 7383 7285
f 7285 7383 7381
f 7382 7288 7286
f 7384 7288 7382
f 7289 7385 7287
f 7287 7385 7383
f 7384 7290 7288
f 7386 7290 7384
f 7291 7387 7289
f 7289 7387 7385
f 7386 7292 7290
f 7388 7292 7386
f 7293 7389 7291
f 7291 7389 7387
f 7388 7294 7292
f 7390 7294 7388
f 7295 7391 7293
f 7293 7391 7389
f 7390 7296 7294
f 7392 7296 7390
f 7297 7393 7295
f 7295 7393 7391
f 7392 7298 7296
f 7394 7298 7392
f 7299 7395 7297
f 7297 7395 7393
f 7394 7300 7298
f 7396 7300 7394
f 7301 7397 7299
f 7299 7397 7395
f 7396 7302 7300
f 7398 7302 7396
f 7303 7399 7301
f 7301 7399 7397
f 7398 7304 7302
f 7400 7304 7398
f 7305 7401 7303
f 7303 7401 7399
f 7400 7306 7304
f 7402 7306 7400
f 7307 7403 7305
f 7305 7403 7401
f 7402 7308 7306
f 7404 7308 7402
f 7309 7405 7307
f 7307 7405 7403
f 7404 7310 7308
f 7406 7310 7404
f 7311 7407 7309
f 7309 7407 7405
f 7406 7312 7310
f 7408 7312 7406
f 7313 7409 7311
f 7311 7409 7407
f 7408 7314 7312
f 7410 7314 7408
f 7315 7411 7313
f 7313 7411 7409
f 7410 7316 7314
f 7412 7316 7410
f 7317 7413 7315
f 7315 7413 7411
f 7412 7318 7316
f 7414 7318 7412
f 7319 7415 7317
f 7317 7415 7413
f 7414 7320 7318
f 7416 7320 7414
f 7321 7417 7319
f 7319 7417 7415
f 7416 7322 7320
f 7418 7322 7416
f 7323 7419 7321
f 7321 7419 7417
f 7418 7324 7322
f 7420 7324 7418
f 7325 7421 7323
f 7323 7421 7419
f 7420 7326 7324
f 7422 7326 7420
f 7327 7423 7325
f 7325 7423 7421
f 7422 7328 7326
f 7424 7328 7422
f 7329 7425 7327
f 7327 7425 7423
f 7424 7330 7328
f 7426 7330 7424
f 7331 7427 7329
f 7329 7427 7425
f 7426 7332 7330
f 7428 7332 7426
f 7333 7429 7331
f 7331 7429 7427
f 7428 7334 7332
f 7430 7334 7428
f 7335 7431 7333
f 7333 7431 7429
f 7430 7336 7334
f 7432 7336 7430
f 7337 7433 7335
f 7335 7433 7431
f 7432 7338 7336
f 7434 7338 7432
f 7339 7435 7337
f 7337 7435 7433
f 7434 7340 7338
f 7436 7340 7434
f 7341 7437 7339
f 7339 7437 7435
f 7436 7342 7340
f 7438 7342 7436
f 7343 7439 7341
f 7341 7439 7437
f 7438 7344 7342
f 7440 7344 7438
f 6693 6697 7343
f 7343 6697 7439
f 7440 7345 7344
f 7441 7345 7440
f 6694 7442 6698
f 7346 7442 6694
f 7441 7346 7345
f 7442 7346 7441
f 6699 7347 6695
f 7443 7347 6699
f 7443 7348 7347
f 7444 7348 7443
f 7349 7445 6696
f 6696 7445 6700
f 7444 7350 7348
f 7446 7350 7444
f 7351 7447 7349
f 7349 7447 7445
f 7446 7352 7350
f 7448 7352 7446
f 7353 7449 7351
f 7351 7449 7447
f 7448 7354 7352
f 7450 7354 7448
f 7355 7451 7353
f 7353 7451 7449
f 7450 7356 7354
f 7452 7356 7450
f 7357 7453 7355
f 7355 7453 7451
f 7452 7358 7356
f 7454 7358 7452
f 7359 7455 7357
f 7357 7455 7453
f 7454 7360 7358
f 7456 7360 7454
f 7361 7457 7359
f 7359 7457 7455
f 7456 7362 7360
f 7458 7362 7456
f 7363 7459 7361
f 7361 7459 7457
f 7458 7364 7362
f 7460 7364 7458
f 7365 7461 7363
f 7363 7461 7459
f 7460 7366 7364
f 7462 7366 7460
f 7367 7463 7365
f 7365 7463 7461
f 7462 7368 7366
f 7464 7368 7462
f 7369 7465 7367
f 7367 7465 7463
f 7464 7370 7368
f 7466 7370 7464
f 7371 7467 7369
f 7369 7467 7465
f 7466 7372 7370
f 7468 7372 7466
f 7373 7469 7371
f 7371 7469 7467
f 7468 7374 7372
f 7470 7374 7468
f 7375 7471 7373
f 7373 7471 7469
f 7470 7376 7374
f 7472 7376 7470
f 7377 7473 7375
f 7375 7473 7471
f 7472 7378 7376
f 7474 7378 7472
f 7379 7475 7377
f 7377 7475 7473
f 7474 7380 7378
f 7476 7380 7474
f 7381 7477 7379
f 7379 7477 7475
f 7476 7382 7380
f 7478 7382 7476
f 7383 7479 7381
f 7381 7479 7477
f 7478 7384 7382
f 7480 7384 7478
f 7385 7481 7383
f 7383 7481 7479
f 7480 7386 7384
f 7482 7386 7480
f 7387 7483 7385
f 7385 7483 7481
f 7482 7388 7386
f 7484 7388 7482
f 7389 7485 7387
f 7387 7485 7483
f 7484 7390 7388
f 7486 7390 7484
f 7391 7487 7389
f 7389 7487 7485
f 7486 7392 7390
f 7488 7392 7486
f 7393 7489 7391
f 7391 7489 7487
f 7488 7394 7392
f 7490 7394 7488
f 7395 7491 7393
f 7393 7491 7489
f 7490 7396 7394
f 7492 7396 7490
f 7397 7493 7395
f 7395 7493 7491
f 7492 7398 7396
f 7494 7398 7492
f 7399 7495 7397
f 7397 7495 7493
f 7494 7400 7398
f 7496 7400 7494
f 7401 7497 7399
f 7399 7497 7495
f 7496 7402 7400
f 7498 7402 7496
f 7403 7499 7401
f 7401 7499 7497
f 7498 7404 7402
f 7500 7404 7498
f 7405 7501 7403
f 7403 7501 7499
f 7500 7406 7404
f 7502 7406 7500
f 7407 7503 7405
f 7405 7503 7501
f 7502 7408 7406
f 7504 7408 7502
f 7409 7505 7407
f 7407 7505 7503
f 7504 7410 7408
f 7506 7410 7504
f 7411 7507 7409
f 7409 7507 7505
f 7506 7412 7410
f 7508 7412 7506
f 7413 7509 7411
f 7411 7509 7507
f 7508 7414 7412
f 7510 7414 7508
f 7415 7511 7413
f 7413 7511 7509
f 7510 7416 7414
f 7512 7416 7510
f 7417 7513 7415
f 7415 7513 7511
f 7512 7418 7416
f 7514 7418 7512
f 7419 7515 7417
f 7417 7515 7513
f 7514 7420 7418
f 7516 7420 7514
f 7421 7517 7419
f 7419 7517 7515
f 7516 7422 7420
f 7518 7422 7516
f 7423 7519 7421
f 7421 7519 7517
f 7518 7424 7422
f 7520 7424 7518
f 7425 7521 7423
f 7423 7521 7519
f 7520 7426 7424
f 7522 7426 7520
f 7427 7523 7425
f 7425 7523 7521
f 7522 7428 7426
f 7524 7428 7522
f 7429 7525 7427
f 7427 7525 7523
f 7524 7430 7428
f 7526 7430 7524
f 7431 7527 7429
f 7429 7527 7525
f 7526 7432 7430
f 7528 7432 7526
f 7433 7529 7431
f 7431 7529 7527
f 7528 7434 7432
f 7530 7434 7528
f 7435 7531 7433
f 7433 7531 7529
f 7530 7436 7434
f 7532 7436 7530
f 7437 7533 7435
f 7435 7533 7531
f 7532 7438 7436
f 7534 7438 7532
f 7439 7535 7437
f 7437 7535 7533
f 7534 7440 7438
f 7536 7440 7534
f 6697 6701 7439
f 7439 6701 7535
f 7536 7441 7440
f 7537 7441 7536
f 6698 7538 6702
f 7442 7538 6698
f 7537 7442 7441
f 7538 7442 7537
f 6703 7443 6699
f 7539 7443 6703
f 7539 7444 7443
f 7540 7444 7539
f 7445 7541 6700
f 6700 7541 6704
f 7540 7446 7444
f 7542 7446 7540
f 7447 7543 7445
f 7445 7543 7541
f 7542 7448 7446
f 7544 7448 7542
f 7449 7545 7447
f 7447 7545 7543
f 7544 7450 7448
f 7546 7450 7544
f 7451 7547 7449
f 7449 7547 7545
f 7546 7452 7450
f 7548 7452 7546
f 7453 7549 7451
f 7451 7549 7547
f 7548 7454 7452
f 7550 7454 7548
f 7455 7551 7453
f 7453 7551 7549
f 7550 7456 7454
f 7552 7456 7550
f 7457 7553 7455
f 7455 7553 7551
f 7552 7458 7456
f 7554 7458 7552
f 7459 7555 7457
f 7457 7555 7553
f 7554 7460 7458
f 7556 7460 7554
f 7461 7557 7459
f 7459 7557 7555
f 7556 7462 7460
f 7558 7462 7556
f 7463 7559 7461
f 7461 7559 7557
f 7558 7464 7462
f 7560 7464 7558
f 7465 7561 7463
f 7463 7561 7559
f 7560 7466 7464
f 7562 7466 7560
f 7467 7563 7465
f 7465 7563 7561
f 7562 7468 7466
f 7564 7468 7562
f 7469 7565 7467
f 7467 7565 7563
f 7564 7470 7468
f 7566 7470 7564
f 7471 7567 7469
f 7469 7567 7565
f 7566 7472 7470
f 7568 7472 7566
f 7473 7569 7471
f 7471 7569 7567
f 7568 7474 7472
f 7570 7474 7568
f 7475 7571 7473
f 7473 7571 7569
f 7570 7476 7474
f 7572 7476 7570
f 7477 7573 7475
f 7475 7573 7571
f 7572 7478 7476
f 7574 7478 7572
f 7479 7575 7477
f 7477 7575 7573
f 7574 7480 7478
f 7576 7480 7574
f 7481 7577 7479
f 7479 7577 7575
f 7576 7482 7480
f 7578 7482 7576
f 7483 7579 7481
f 7481 7579 7577
f 7578 7484 7482
f 7580 7484 7578
f 7485 7581 7483
f 7483 7581 7579
f 7580 7486 7484
f 7582 7486 7580
f 7487 7583 7485
f 7485 7583 7581
f 7582 7488 7486
f 7584 7488 7582
f 7489 7585 7487
f 7487 7585 7583
f 7584 7490 7488
f 7586 7490 7584
f 7491 7587 7489
f 7489 7587 7585
f 7586 7492 7490
f 7588 7492 7586
f 7493 7589 7491
f 7491 7589 7587
f 7588 7494 7492
f 7590 7494 7588
f 7495 7591 7493
f 7493 7591 7589
f 7590 7496 7494
f 7592 7496 7590
f 7497 7593 7495
f 7495 7593 7591
f 7592 7498 7496
f 7594 7498 7592
f 7499 7595 7497
f 7497 7595 7593
f 7594 7500 7498
f 7596 7500 7594
f 7501 7597 7499
f 7499 7597 7595
f 7596 7502 7500
f 7598 7502 7596
f 7503 7599 7501
f 7501 7599 7597
f 7598 7504 7502
f 7600 7504 7598
f 7505 7601 7503
f 7503 7601 7599
f 7600 7506 7504
f 7602 7506 7600
f 7507 7603 7505
f 7505 7603 7601
f 7602 7508 7506
f 7604 7508 7602
f 7509 7605 7507
f 7507 7605 7603
f 7604 7510 7508
f 7606 7510 7604
f 7511 7607 7509
f 7509 7607 7605
f 7606 7512 7510
f 7608 7512 7606
f 7513 7609 7511
f 7511 7609 7607
f 7608 7514 7512
f 7610 7514 7608
f 7515 7611 7513
f 7513 7611 7609
f 7610 7516 7514
f 7612 7516 7610
f 7517 7613 7515
f 7515 7613 7611
f 7612 7518 7516
f 7614 7518 7612
f 7519 7615 7517
f 7517 7615 7613
f 7614 7520 7518
f 7616 7520 7614
f 7521 7617 7519
f 7519 7617 7615
f 7616 7522 7520
f 7618 7522 7616
f 7523 7619 7521
f 7521 7619 7617
f 7618 7524 7522
f 7620 7524 7618
f 7525 7621 7523
f 7523 7621 7619
f 7620 7526 7524
f 7622 7526 7620
f 7527 7623 7525
f 7525 7623 7621
f 7622 7528 7526
f 7624 7528 7622
f 7529 7625 7527
f 7527 7625 7623
f 7624 7530 7528
f 7626 7530 7624
f 7531 7627 7529
f 7529 7627 7625
f 7626 7532 7530
f 7628 7532 7626
f 7533 7629 7531
f 7531 7629 7627
f 7628 7534 7532
f 7630 7534 7628
f 7535 7631 7533
f 7533 7631 7629
f 7630 7536 7534
f 7632 7536 7630
f 6701 6705 7535
f 7535 6705 7631
f 7632 7537 7536
f 7633 7537 7632
f 6702 7634 6706
f 7538 7634 6702
f 7633 7538 7537
f 7634 7538 7633
f 6707 7539 6703
f 7635 7539 6707
f 7635 7540 7539
f 7636 7540 7635
f 7541 7637 6704
f 6704 7637 6708
f 7636 7542 7540
f 7638 7542 7636
f 7543 7639 7541
f 7541 7639 7637
f 7638 7544 7542
f 7640 7544 7638
f 7545 7641 7543
f 7543 7641 7639
f 7640 7546 7544
f 7642 7546 7640
f 7547 7643 7545
f 7545 7643 7641
f 7642 7548 7546
f 7644 7548 7642
f 7549 7645 7547
f 7547 7645 7643
f 7644 7550 7548
f 7646 7550 7644
f 7551 7647 7549
f 7549 7647 7645
f 7646 7552 7550
f 7648 7552 7646
f 7553 7649 7551
f 7551 7649 7647
f 7648 7554 7552
f 7650 7554 7648
f 7555 7651 7553
f 7553 7651 7649
f 7650 7556 7554
f 7652 7556 7650
f 7557 7653 7555
f 7555 7653 7651
f 7652 7558 7556
f 7654 7558 7652
f 7559 7655 7557
f 7557 7655 7653
f 7654 7560 7558
f 7656 7560 7654
f 7561 7657 7559
f 7559 7657 7655
f 7656 7562 7560
f 7658 7562 7656
f 7563 7659 7561
f 7561 7659 7657
f 7658 7564 7562
f 7660 7564 7658
f 7565 7661 7563
f 7563 7661 7659
f 7660 7566 7564
f 7662 7566 7660
f 7567 7663 7565
f 7565 7663 7661
f 7662 7568 7566
f 7664 7568 7662
f 7569 7665 7567
f 7567 7665 7663
f 7664 7570 7568
f 7666 7570 7664
f 7571 7667 7569
f 7569 7667 7665
f 7666 7572 7570
f 7668 7572 7666
f 7573 7669 7571
f 7571 7669 7667
f 7668 7574 7572
f 7670 7574 7668
f 7575 7671 7573
f 7573 7671 7669
f 7670 7576 7574
f 7672 7576 7670
f 7577 7673 7575
f 7575 7673 7671
f 7672 7578 7576
f 7674 7578 7672
f 7579 7675 7577
f 7577 7675 7673
f 7674 7580 7578
f 7676 7580 7674
f 7581 7677 7579
f 7579 7677 7675
f 7676 7582 7580
f 7678 7582 7676
f 7583 7679 7581
f 7581 7679 7677
f 7678 7584 7582
f 7680 7584 7678
f 7585 7681 7583
f 7583 7681 7679
f 7680 7586 7584
f 7682 7586 7680
f 7587 7683 7585
f 7585 7683 7681
f 7682 7588 7586
f 7684 7588 7682
f 7589 7685 7587
f 7587 7685 7683
f 7684 7590 7588
f 7686 7590 7684
f 7591 7687 7589
f 7589 7687 7685
f 7686 7592 7590
f 7688 7592 7686
f 7593 7689 7591
f 7591 7689 7687
f 7688 7594 7592
f 7690 7594 7688
f 7595 7691 7593
f 7593 7691 7689
f 7690 7596 7594
f 7692 7596 7690
f 7597 7693 7595
f 7595 7693 7691
f 7692 7598 7596
f 7694 7598 7692
f 7599 7695 7597
f 7597 7695 7693
f 7694 7600 7598
f 7696 7600 7694
f 7601 7697 7599
f 7599 7697 7695
f 7696 7602 7600
f 7698 7602 7696
f 7603 7699 7601
f 7601 7699 7697
f 7698 7604 7602
f 7700 7604 7698
f 7605 7701 7603
f 7603 7701 7699
f 7700 7606 7604
f 7702 7606 7700
f 7607 7703 7605
f 7605 7703 7701
f 7702 7608 7606
f 7704 7608 7702
f 7609 7705 7607
f 7607 7705 7703
f 7704 7610 7608
f 7706 7610 7704
f 7611 7707 7609
f 7609 7707 7705
f 7706 7612 7610
f 7708 7612 7706
f 7613 7709 7611
f 7611 7709 7707
f 7708 7614 7612
f 7710 7614 7708
f 7615 7711 7613
f 7613 7711 7709
f 7710 7616 7614
f 7712 7616 7710
f 7617 7713 7615
f 7615 7713 7711
f 7712 7618 7616
f 7714 7618 7712
f 7619 7715 7617
f 7617 7715 7713
f 7714 7620 7618
f 7716 7620 7714
f 7621 7717 7619
f 7619 7717 7715
f 7716 7622 7620
f 7718 7622 7716
f 7623 7719 7621
f 7621 7719 7717
f 7718 7624 7622
f 7720 7624 7718
f 7625 7721 7623
f 7623 7721 7719
f 7720 7626 7624
f 7722 7626 7720
f 7627 7723 7625
f 7625 7723 7721
f 7722 7628 7626
f 7724 7628 7722
f 7629 7725 7627
f 7627 7725 7723
f 7724 7630 7628
f 7726 7630 7724
f 7631 7727 7629
f 7629 7727 7725
f 7726 7632 7630
f 7728 7632 7726
f 6705 6709 7631
f 7631 6709 7727
f 7728 7633 7632
f 7729 7633 7728
f 6706 7730 6710
f 7634 7730 6706
f 7729 7634 7633
f 7730 7634 7729
f 6711 7635 6707
f 7731 7635 6711
f 7731 7636 7635
f 7732 7636 7731
f 7637 7733 6708
f 6708 7733 6712
f 7732 7638 7636
f 7734 7638 7732
f 7639 7735 7637
f 7637 7735 7733
f 7734 7640 7638
f 7736 7640 7734
f 7641 7737 7639
f 7639 7737 7735
f 7736 7642 7640
f 7738 7642 7736
f 7643 7739 7641
f 7641 7739 7737
f 7738 7644 7642
f 7740 7644 7738
f 7645 7741 7643
f 7643 7741 7739
f 7740 7646 7644
f 7742 7646 7740
f 7647 7743 7645
f 7645 7743 7741
f 7742 7648 7646
f 7744 7648 7742
f 7649 7745 7647
f 7647 7745 7743
f 7744 7650 7648
f 7746 7650 7744
f 7651 7747 7649
f 7649 7747 7745
f 7746 7652 7650
f 7748 7652 7746
f 7653 7749 7651
f 7651 7749 7747
f 7748 7654 7652
f 7750 7654 7748
f 7655 7751 7653
f 7653 7751 7749
f 7750 7656 7654
f 7752 7656 7750
f 7657 7753 7655
f 7655 7753 7751
f 7752 7658 7656
f 7754 7658 7752
f 7659 7755 7657
f 7657 7755 7753
f 7754 7660 7658
f 7756 7660 7754
f 7661 7757 7659
f 7659 7757 7755
f 7756 7662 7660
f 7758 7662 7756
f 7663 7759 7661
f 7661 7759 7757
f 7758 7664 7662
f 7760 7664 7758
f 7665 7761 7663
f 7663 7761 7759
f 7760 7666 7664
f 7762 7666 7760
f 7667 7763 7665
f 7665 7763 7761
f 7762 7668 7666
f 7764 7668 7762
f 7669 7765 7667
f 7667 7765 7763
f 7764 7670 7668
f 7766 7670 7764
f 7671 7767 7669
f 7669 7767 7765
f 7766 7672 7670
f 7768 7672 7766
f 7673 7769 7671
f 7671 7769 7767
f 7768 7674 7672
f 7770 7674 7768
f 7675 7771 7673
f 7673 7771 7769
f 7770 7676 7674
f 7772 7676 7770
f 7677 7773 7675
f 7675 7773 7771
f 7772 7678 7676
f 7774 7678 7772
f 7679 7775 7677
f 7677 7775 7773
f 7774 7680 7678
f 7776 7680 7774
f 7681 7777 7679
f 7679 7777 7775
f 7776 7682 7680
f 7778 7682 7776
f 7683 7779 7681
f 7681 7779 7777
f 7778 7684 7682
f 7780 7684 7778
f 7685 7781 7683
f 7683 7781 7779
f 7780 7686 7684
f 7782 7686 7780
f 7687 7783 7685
f 7685 7783 7781
f 7782 7688 7686
f 7784 7688 7782
f 7689 7785 7687
f 7687 7785 7783
f 7784 7690 7688
f 7786 7690 7784
f 7691 7787 7689
f 7689 7787 7785
f 7786 7692 7690
f 7788 7692 7786
f 7693 7789 7691
f 7691 7789 7787
f 7788 7694 7692
f 7790 7694 7788
f 7695 7791 7693
f 7693 7791 7789
f 7790 7696 7694
f 7792 7696 7790
f 7697 7793 7695
f 7695 7793 7791
f 7792 7698 7696
f 7794 7698 7792
f 7699 7795 7697
f 7697 7795 7793
f 7794 7700 7698
f 7796 7700 7794
f 7701 7797 7699
f 7699 7797 7795
f 7796 7702 7700
f 7798 7702 7796
f 7703 7799 7701
f 7701 7799 7797
f 7798 7704 7702
f 7800 7704 7798
f 7705 7801 7703
f 7703 7801 7799
f 7800 7706 7704
f 7802 7706 7800
f 7707 7803 7705
f 7705 7803 7801
f 7802 7708 7706
f 7804 7708 7802
f 7709 7805 7707
f 7707 7805 7803
f 7804 7710 7708
f 7806 7710 7804
f 7711 7807 7709
f 7709 7807 7805
f 7806 7712 7710
f 7808 7712 7806
f 7713 7809 7711
f 7711 7809 7807
f 7808 7714 7712
f 7810 7714 7808
f 7715 7811 7713
f 7713 7811 7809
f 7810 7716 7714
f 7812 7716 7810
f 7717 7813 7715
f 7715 7813 7811
f 7812 7718 7716
f 7814 7718 7812
f 7719 7815 7717
f 7717 7815 7813
f 7814 7720 7718
f 7816 7720 7814
f 7721 7817 7719
f 7719 7817 7815
f 7816 7722 7720
f 7818 7722 7816
f 7723 7819 7721
f 7721 7819 7817
f 7818 7724 7722
f 7820 7724 7818
f 7725 7821 7723
f 7723 7821 7819
f 7820 7726 7724
f 7822 7726 7820
f 7727 7823 7725
f 7725 7823 7821
f 7822 7728 7726
f 7824 7728 7822
f 6709 6713 7727
f 7727 6713 7823
f 7824 7729 7728
f 7825 7729 7824
f 6710 7826 6714
f 7730 7826 6710
f 7825 7730 7729
f 7826 7730 7825
f 6715 7731 6711
f 7827 7731 6715
f 7827 7732 7731
f 7828 7732 7827
f 7733 7829 6712
f 6712 7829 6716
f 7828 7734 7732
f 7830 7734 7828
f 7735 7831 7733
f 7733 7831 7829
f 7830 7736 7734
f 7832 7736 7830
f 7737 7833 7735
f 7735 7833 7831
f 7832 7738 7736
f 7834 7738 7832
f 7739 7835 7737
f 7737 7835 7833
f 7834 7740 7738
f 7836 7740 7834
f 7741 7837 7739
f 7739 7837 7835
f 7836 7742 7740
f 7838 7742 7836
f 7743 7839 7741
f 7741 7839 7837
f 7838 7744 7742
f 7840 7744 7838
f 7745 7841 7743
f 7743 7841 7839
f 7840 7746 7744
f 7842 7746 7840
f 7747 7843 7745
f 7745 7843 7841
f 7842 7748 7746
f 7844 7748 7842
f 7749 7845 7747
f 7747 7845 7843
f 7844 7750 7748
f 7846 7750 7844
f 7751 7847 7749
f 7749 7847 7845
f 7846 7752 7750
f 7848 7752 7846
f 7753 7849 7751
f 7751 7849 7847
f 7848 7754 7752
f 7850 7754 7848
f 7755 7851 7753
f 7753 7851 7849
f 7850 7756 7754
f 7852 7756 7850
f 7757 7853 7755
f 7755 7853 7851
f 7852 7758 7756
f 7854 7758 7852
f 7759 7855 7757
f 7757 7855 7853
f 7854 7760 7758
f 7856 7760 7854
f 7761 7857 7759
f 7759 7857 7855
f 7856 7762 7760
f 7858 7762 7856
f 7763 7859 7761
f 7761 7859 7857
f 7858 7764 7762
f 7860 7764 7858
f 7765 7861 7763
f 7763 7861 7859
f 7860 7766 7764
f 7862 7766 7860
f 7767 7863 7765
f 7765 7863 7861
f 7862 7768 7766
f 7864 7768 7862
f 7769 7865 7767
f 7767 7865 7863
f 7864 7770 7768
f 7866 7770 7864
f 7771 7867 7769
f 7769 7867 7865
f 7866 7772 7770
f 7868 7772 7866
f 7773 7869 7771
f 7771 7869 7867
f 7868 7774 7772
f 7870 7774 7868
f 7775 7871 7773
f 7773 7871 7869
f 7870 7776 7774
f 7872 7776 7870
f 7777 7873 7775
f 7775 7873 7871
f 7872 7778 7776
f 7874 7778 7872
f 7779 7875 7777
f 7777 7875 7873
f 7874 7780 7778
f 7876 7780 7874
f 7781 7877 7779
f 7779 7877 7875
f 7876 7782 7780
f 7878 7782 7876
f 7783 7879 7781
f 7781 7879 7877
f 7878 7784 7782
f 7880 7784 7878
f 7785 7881 7783
f 7783 7881 7879
f 7880 7786 7784
f 7882 7786 7880
f 7787 7883 7785
f 7785 7883 7881
f 7882 7788 7786
f 7884 7788 7882
f 7789 7885 7787
f 7787 7885 7883
f 7884 7790 7788
f 7886 7790 7884
f 7791 7887 7789
f 7789 7887 7885
f 7886 7792 7790
f 7888 7792 7886
f 7793 7889 7791
f 7791 7889 7887
f 7888 7794 7792
f 7890 7794 7888
f 7795 7891 7793
f 7793 7891 7889
f 7890 7796 7794
f 7892 7796 7890
f 7797 7893 7795
f 7795 7893 7891
f 7892 7798 7796
f 7894 7798 7892
f 7799 7895 7797
f 7797 7895 7893
f 7894 7800 7798
f 7896 7800 7894
f 7801 7897 7799
f 7799 7897 7895
f 7896 7802 7800
f 7898 7802 7896
f 7803 7899 7801
f 7801 7899 7897
f 7898 7804 7802
f 7900 7804 7898
f 7805 7901 7803
f 7803 7901 7899
f 7900 7806 7804
f 7902 7806 7900
f 7807 7903 7805
f 7805 7903 7901
f 7902 7808 7806
f 7904 7808 7902
f 7809 7905 7807
f 7807 7905 7903
f 7904 7810 7808
f 7906 7810 7904
f 7811 7907 7809
f 7809 7907 7905
f 7906 7812 7810
f 7908 7812 7906
f 7813 7909 7811
f 7811 7909 7907
f 7908 7814 7812
f 7910 7814 7908
f 7815 7911 7813
f 7813 7911 7909
f 7910 7816 7814
f 7912 7816 7910
f 7817 7913 7815
f 7815 7913 7911
f 7912 7818 7816
f 7914 7818 7912
f 7819 7915 7817
f 7817 7915 7913
f 7914 7820 7818
f 7916 7820 7914
f 7821 7917 7819
f 7819 7917 7915
f 7916 7822 7820
f 7918 7822 7916
f 7823 7919 7821
f 7821 7919 7917
f 7918 7824 7822
f 7920 7824 7918
f 6713 6717 7823
f 7823 6717 7919
f 7920 7825 7824
f 7921 7825 7920
f 6714 7922 6718
f 7826 7922 6714
f 7921 7826 7825
f 7922 7826 7921
f 6719 7827 6715
f 7923 7827 6719
f 7923 7828 7827
f 7924 7828 7923
f 7829 7925 6716
f 6716 7925 6720
f 7924 7830 7828
f 7926 7830 7924
f 7831 7927 7829
f 7829 7927 7925
f 7926 7832 7830
f 7928 7832 7926
f 7833 7929 7831
f 7831 7929 7927
f 7928 7834 7832
f 7930 7834 7928
f 7835 7931 7833
f 7833 7931 7929
f 7930 7836 7834
f 7932 7836 7930
f 7837 7933 7835
f 7835 7933 7931
f 7932 7838 7836
f 7934 7838 7932
f 7839 7935 7837
f 7837 7935 7933
f 7934 7840 7838
f 7936 7840 7934
f 7841 7937 7839
f 7839 7937 7935
f 7936 7842 7840
f 7938 7842 7936
f 7843 7939 7841
f 7841 7939 7937
f 7938 7844 7842
f 7940 7844 7938
f 7845 7941 7843
f 7843 7941 7939
f 7940 7846 7844
f 7942 7846 7940
f 7847 7943 7845
f 7845 7943 7941
f 7942 7848 7846
f 7944 7848 7942
f 7849 7945 7847
f 7847 7945 7943
f 7944 7850 7848
f 7946 7850 7944
f 7851 7947 7849
f 7849 7947 7945
f 7946 7852 7850
f 7948 7852 7946
f 7853 7949 7851
f 7851 7949 7947
f 7948 7854 7852
f 7950 7854 7948
f 7855 7951 7853
f 7853 7951 7949
f 7950 7856 7854
f 7952 7856 7950
f 7857 7953 7855
f 7855 7953 7951
f 7952 7858 7856
f 7954 7858 7952
f 7859 7955 7857
f 7857 7955 7953
f 7954 7860 7858
f 7956 7860 7954
f 7861 7957 7859
f 7859 7957 7955
f 7956 7862 7860
f 7958 7862 7956
f 7863 7959 7861
f 7861 7959 7957
f 7958 7864 7862
f 7960 7864 7958
f 7865 7961 7863
f 7863 7961 7959
f 7960 7866 7864
f 7962 7866 7960
f 7867 7963 7865
f 7865 7963 7961
f 7962 7868 7866
f 7964 7868 7962
f 7869 7965 7867
f 7867 7965 7963
f 7964 7870 7868
f 7966 7870 7964
f 7871 7967 7869
f 7869 7967 7965
f 7966 7872 7870
f 7968 7872 7966
f 7873 7969 7871
f 7871 7969 7967
f 7968 7874 7872
f 7970 7874 7968
f 7875 7971 7873
f 7873 7971 7969
f 7970 7876 7874
f 7972 7876 7970
f 7877 7973 7875
f 7875 7973 7971
f 7972 7878 7876
f 7974 7878 7972
f 7879 7975 7877
f 7877 7975 7973
f 7974 7880 7878
f 7976 7880 7974
f 7881 7977 7879
f 7879 7977 7975
f 7976 7882 7880
f 7978 7882 7976
f 7883 7979 7881
f 7881 7979 7977
f 7978 7884 7882
f 7980 7884 7978
f 7885 7981 7883
f 7883 7981 7979
f 7980 7886 7884
f 7982 7886 7980
f 7887 7983 7885
f 7885 7983 7981
f 7982 7888 7886
f 7984 7888 7982
f 7889 7985 7887
f 7887 7985 7983
f 7984 7890 7888
f 7986 7890 7984
f 7891 7987 7889
f 7889 7987 7985
f 7986 7892 7890
f 7988 7892 7986
f 7893 7989 7891
f 7891 7989 7987
f 7988 7894 7892
f 7990 7894 7988
f 7895 7991 7893
f 7893 7991 7989
f 7990 7896 7894
f 7992 7896 7990
f 7897 7993 7895
f 7895 7993 7991
f 7992 7898 7896
f 7994 7898 7992
f 7899 7995 7897
f 7897 7995 7993
f 7994 7900 7898
f 7996 7900 7994
f 7901 7997 7899
f 7899 7997 7995
f 7996 7902 7900
f 7998 7902 7996
f 7903 7999 7901
f 7901 7999 7997
f 7998 7904 7902
f 8000 7904 7998
f 7905 8001 7903
f 7903 8001 7999
f 8000 7906 7904
f 8002 7906 8000
f 7907 8003 7905
f 7905 8003 8001
f 8002 7908 7906
f 8004 7908 8002
f 7909 8005 7907
f 7907 8005 8003
f 8004 7910 7908
f 8006 7910 8004
f 7911 8007 7909
f 7909 8007 8005
f 8006 7912 7910
f 8008 7912 8006
f 7913 8009 7911
f 7911 8009 8007
f 8008 7914 7912
f 8010 7914 8008
f 7915 8011 7913
f 7913 8011 8009
f 8010 7916 7914
f 8012 7916 8010
f 7917 8013 7915
f 7915 8013 8011
f 8012 7918 7916
f 8014 7918 8012
f 7919 8015 7917
f 7917 8015 8013
f 8014 7920 7918
f 8016 7920 8014
f 6717 6721 7919
f 7919 6721 8015
f 8016 7921 7920
f 8017 7921 8016
f 6718 8018 6722
f 7922 8018 6718
f 8017 7922 7921
f 8018 7922 8017
f 6723 7923 6719
f 8019 7923 6723
f 8019 7924 7923
f 8020 7924 8019
f 7925 8021 6720
f 6720 8021 6724
f 8020 7926 7924
f 8022 7926 8020
f 7927 8023 7925
f 7925 8023 8021
f 8022 7928 7926
f 8024 7928 8022
f 7929 8025 7927
f 7927 8025 8023
f 8024 7930 7928
f 8026 7930 8024
f 7931 8027 7929
f 7929 8027 8025
f 8026 7932 7930
f 8028 7932 8026
f 7933 8029 7931
f 7931 8029 8027
f 8028 7934 7932
f 8030 7934 8028
f 7935 8031 7933
f 7933 8031 8029
f 8030 7936 7934
f 8032 7936 8030
f 7937 8033 7935
f 7935 8033 8031
f 8032 7938 7936
f 8034 7938 8032
f 7939 8035 7937
f 7937 8035 8033
f 8034 7940 7938
f 8036 7940 8034
f 7941 8037 7939
f 7939 8037 8035
f 8036 7942 7940
f 8038 7942 8036
f 7943 8039 7941
f 7941 8039 8037
f 8038 7944 7942
f 8040 7944 8038
f 7945 8041 7943
f 7943 8041 8039
f 8040 7946 7944
f 8042 7946 8040
f 7947 8043 7945
f 7945 8043 8041
f 8042 7948 7946
f 8044 7948 8042
f 7949 8045 7947
f 7947 8045 8043
f 8044 7950 7948
f 8046 7950 8044
f 7951 8047 7949
f 7949 8047 8045
f 8046 7952 7950
f 8048 7952 8046
f 7953 8049 7951
f 7951 8049 8047
f 8048 7954 7952
f 8050 7954 8048
f 7955 8051 7953
f 7953 8051 8049
f 8050 7956 7954
f 8052 7956 8050
f 7957 8053 7955
f 7955 8053 8051
f 8052 7958 7956
f 8054 7958 8052
f 7959 8055 7957
f 7957 8055 8053
f 8054 7960 7958
f 8056 7960 8054
f 7961 8057 7959
f 7959 8057 8055
f 8056 7962 7960
f 8058 7962 8056
f 7963 8059 7961
f 7961 8059 8057
f 8058 7964 7962
f 8060 7964 8058
f 7965 8061 7963
f 7963 8061 8059
f 8060 7966 7964
f 8062 7966 8060
f 7967 8063 7965
f 7965 8063 8061
f 8062 7968 7966
f 8064 7968 8062
f 7969 8065 7967
f 7967 8065 8063
f 8064 7970 7968
f 8066 7970 8064
f 7971 8067 7969
f 7969 8067 8065
f 8066 7972 7970
f 8068 7972 8066
f 7973 8069 7971
f 7971 8069 8067
f 8068 7974 7972
f 8070 7974 8068
f 7975 8071 7973
f 7973 8071 8069
f 8070 7976 7974
f 8072 7976 8070
f 7977 8073 7975
f 7975 8073 8071
f 8072 7978 7976
f 8074 7978 8072
f 7979 8075 7977
f 7977 8075 8073
f 8074 7980 7978
f 8076 7980 8074
f 7981 8077 7979
f 7979 8077 8075
f 8076 7982 7980
f 8078 7982 8076
f 7983 8079 7981
f 7981 8079 8077
f 8078 7984 7982
f 8080 7984 8078
f 7985 8081 7983
f 7983 8081 8079
f 8080 7986 7984
f 8082 7986 8080
f 7987 8083 7985
f 7985 8083 8081
f 8082 7988 7986
f 8084 7988 8082
f 7989 8085 7987
f 7987 8085 8083
f 8084 7990 7988
f 8086 7990 8084
f 7991 8087 7989
f 7989 8087 8085
f 8086 7992 7990
f 8088 7992 8086
f 7993 8089 7991
f 7991 8089 8087
f 8088 7994 7992
f 8090 7994 8088
f 7995 8091 7993
f 7993 8091 8089
f 8090 7996 7994
f 8092 7996 8090
f 7997 8093 7995
f 7995 8093 8091
f 8092 7998 7996
f 8094 7998 8092
f 7999 8095 7997
f 7997 8095 8093
f 8094 8000 7998
f 8096 8000 8094
f 8001 8097 7999
f 7999 8097 8095
f 8096 8002 8000
f 8098 8002 8096
f 8003 8099 8001
f 8001 8099 8097
f 8098 8004 8002
f 8100 8004 8098
f 8005 8101 8003
f 8003 8101 8099
f 8100 8006 8004
f 8102 8006 8100
f 8007 8103 8005
f 8005 8103 8101
f 8102 8008 8006
f 8104 8008 8102
f 8009 8105 8007
f 8007 8105 8103
f 8104 8010 8008
f 8106 8010 8104
f 8011 8107 8009
f 8009 8107 8105
f 8106 8012 8010
f 8108 8012 8106
f 8013 8109 8011
f 8011 8109 8107
f 8108 8014 8012
f 8110 8014 8108
f 8015 8111 8013
f 8013 8111 8109
f 8110 8016 8014
f 8112 8016 8110
f 6721 6725 8015
f 8015 6725 8111
f 8112 8017 8016
f 8113 8017 8112
f 6722 8114 6726
f 8018 8114 6722
f 8113 8018 8017
f 8114 8018 8113
f 6727 8019 6723
f 8115 8019 6727
f 8115 8020 8019
f 8116 8020 8115
f 8021 8117 6724
f 6724 8117 6728
f 8116 8022 8020
f 8118 8022 8116
f 8023 8119 8021
f 8021 8119 8117
f 8118 8024 8022
f 8120 8024 8118
f 8025 8121 8023
f 8023 8121 8119
f 8120 8026 8024
f 8122 8026 8120
f 8027 8123 8025
f 8025 8123 8121
f 8122 8028 8026
f 8124 8028 8122
f 8029 8125 8027
f 8027 8125 8123
f 8124 8030 8028
f 8126 8030 8124
f 8031 8127 8029
f 8029 8127 8125
f 8126 8032 8030
f 8128 8032 8126
f 8033 8129 8031
f 8031 8129 8127
f 8128 8034 8032
f 8130 8034 8128
f 8035 8131 8033
f 8033 8131 8129
f 8130 8036 8034
f 8132 8036 8130
f 8037 8133 8035
f 8035 8133 8131
f 8132 8038 8036
f 8134 8038 8132
f 8039 8135 8037
f 8037 8135 8133
f 8134 8040 8038
f 8136 8040 8134
f 8041 8137 8039
f 8039 8137 8135
f 8136 8042 8040
f 8138 8042 8136
f 8043 8139 8041
f 8041 8139 8137
f 8138 8044 8042
f 8140 8044 8138
f 8045 8141 8043
f 8043 8141 8139
f 8140 8046 8044
f 8142 8046 8140
f 8047 8143 8045
f 8045 8143 8141
f 8142 8048 8046
f 8144 8048 8142
f 8049 8145 8047
f 8047 8145 8143
f 8144 8050 8048
f 8146 8050 8144
f 8051 8147 8049
f 8049 8147 8145
f 8146 8052 8050
f 8148 8052 8146
f 8053 8149 8051
f 8051 8149 8147
f 8148 8054 8052
f 8150 8054 8148
f 8055 8151 8053
f 8053 8151 8149
f 8150 8056 8054
f 8152 8056 8150
f 8057 8153 8055
f 8055 8153 8151
f 8152 8058 8056
f 8154 8058 8152
f 8059 8155 8057
f 8057 8155 8153
f 8154 8060 8058
f 8156 8060 8154
f 8061 8157 8059
f 8059 8157 8155
f 8156 8062 8060
f 8158 8062 8156
f 8063 8159 8061
f 8061 8159 8157
f 8158 8064 8062
f 8160 8064 8158
f 8065 8161 8063
f 8063 8161 8159
f 8160 8066 8064
f 8162 8066 8160
f 8067 8163 8065
f 8065 8163 8161
f 8162 8068 8066
f 8164 8068 8162
f 8069 8165 8067
f 8067 8165 8163
f 8164 8070 8068
f 8166 8070 8164
f 8071 8167 8069
f 8069 8167 8165
f 8166 8072 8070
f 8168 8072 8166
f 8073 8169 8071
f 8071 8169 8167
f 8168 8074 8072
f 8170 8074 8168
f 8075 8171 8073
f 8073 8171 8169
f 8170 8076 8074
f 8172 8076 8170
f 8077 8173 8075
f 8075 8173 8171
f 8172 8078 8076
f 8174 8078 8172
f 8079 8175 8077
f 8077 8175 8173
f 8174 8080 8078
f 8176 8080 8174
f 8081 8177 8079
f 8079 8177 8175
f 8176 8082 8080
f 8178 8082 8176
f 8083 8179 8081
f 8081 8179 8177
f 8178 8084 8082
f 8180 8084 8178
f 8085 8181 8083
f 8083 8181 8179
f 8180 8086 8084
f 8182 8086 8180
f 8087 8183 8085
f 8085 8183 8181
f 8182 8088 8086
f 8184 8088 8182
f 8089 8185 8087
f 8087 8185 8183
f 8184 8090 8088
f 8186 8090 8184
f 8091 8187 8089
f 8089 8187 8185
f 8186 8092 8090
f 8188 8092 8186
f 8093 8189 8091
f 8091 8189 8187
f 8188 8094 8092
f 8190 8094 8188
f 8095 8191 8093
f 8093 8191 8189
f 8190 8096 8094
f 8192 8096 8190
f 8097 8193 8095
f 8095 8193 8191
f 8192 8098 8096
f 8194 8098 8192
f 8099 8195 8097
f 8097 8195 8193
f 8194 8100 8098
f 8196 8100 8194
f 8101 8197 8099
f 8099 8197 8195
f 8196 8102 8100
f 8198 8102 8196
f 8103 8199 8101
f 8101 8199 8197
f 8198 8104 8102
f 8200 8104 8198
f 8105 8201 8103
f 8103 8201 8199
f 8200 8106 8104
f 8202 8106 8200
f 8107 8203 8105
f 8105 8203 8201
f 8202 8108 8106
f 8204 8108 8202
f 8109 8205 8107
f 8107 8205 8203
f 8204 8110 8108
f 8206 8110 8204
f 8111 8207 8109
f 8109 8207 8205
f 8206 8112 8110
f 8208 8112 8206
f 6725 6729 8111
f 8111 6729 8207
f 8208 8113 8112
f 8209 8113 8208
f 6726 8210 6730
f 8114 8210 6726
f 8209 8114 8113
f 8210 8114 8209
f 6731 8115 6727
f 8211 8115 6731
f 8211 8116 8115
f 8212 8116 8211
f 8117 8213 6728
f 6728 8213 6732
f 8212 8118 8116
f 8214 8118 8212
f 8119 8215 8117
f 8117 8215 8213
f 8214 8120 8118
f 8216 8120 8214
f 8121 8217 8119
f 8119 8217 8215
f 8216 8122 8120
f 8218 8122 8216
f 8123 8219 8121
f 8121 8219 8217
f 8218 8124 8122
f 8220 8124 8218
f 8125 8221 8123
f 8123 8221 8219
f 8220 8126 8124
f 8222 8126 8220
f 8127 8223 8125
f 8125 8223 8221
f 8222 8128 8126
f 8224 8128 8222
f 8129 8225 8127
f 8127 8225 8223
f 8224 8130 8128
f 8226 8130 8224
f 8131 8227 8129
f 8129 8227 8225
f 8226 8132 8130
f 8228 8132 8226
f 8133 8229 8131
f 8131 8229 8227
f 8228 8134 8132
f 8230 8134 8228
f 8135 8231 8133
f 8133 8231 8229
f 8230 8136 8134
f 8232 8136 8230
f 8137 8233 8135
f 8135 8233 8231
f 8232 8138 8136
f 8234 8138 8232
f 8139 8235 8137
f 8137 8235 8233
f 8234 8140 8138
f 8236 8140 8234
f 8141 8237 8139
f 8139 8237 8235
f 8236 8142 8140
f 8238 8142 8236
f 8143 8239 8141
f 8141 8239 8237
f 8238 8144 8142
f 8240 8144 8238
f 8145 8241 8143
f 8143 8241 8239
f 8240 8146 8144
f 8242 8146 8240
f 8147 8243 8145
f 8145 8243 8241
f 8242 8148 8146
f 8244 8148 8242
f 8149 8245 8147
f 8147 8245 8243
f 8244 8150 8148
f 8246 8150 8244
f 8151 8247 8149
f 8149 8247 8245
f 8246 8152 8150
f 8248 8152 8246
f 8153 8249 8151
f 8151 8249 8247
f 8248 8154 8152
f 8250 8154 8248
f 8155 8251 8153
f 8153 8251 8249
f 8250 8156 8154
f 8252 8156 8250
f 8157 8253 8155
f 8155 8253 8251
f 8252 8158 8156
f 8254 8158 8252
f 8159 8255 8157
f 8157 8255 8253
f 8254 8160 8158
f 8256 8160 8254
f 8161 8257 8159
f 8159 8257 8255
f 8256 8162 8160
f 8258 8162 8256
f 8163 8259 8161
f 8161 8259 8257
f 8258 8164 8162
f 8260 8164 8258
f 8165 8261 8163
f 8163 8261 8259
f 8260 8166 8164
f 8262 8166 8260
f 8167 8263 8165
f 8165 8263 8261
f 8262 8168 8166
f 8264 8168 8262
f 8169 8265 8167
f 8167 8265 8263
f 8264 8170 8168
f 8266 8170 8264
f 8171 8267 8169
f 8169 8267 8265
f 8266 8172 8170
f 8268 8172 8266
f 8173 8269 8171
f 8171 8269 8267
f 8268 8174 8172
f 8270 8174 8268
f 8175 8271 8173
f 8173 8271 8269
f 8270 8176 8174
f 8272 8176 8270
f 8177 8273 8175
f 8175 8273 8271
f 8272 8178 8176
f 8274 8178 8272
f 8179 8275 8177
f 8177 8275 8273
f 8274 8180 8178
f 8276 8180 8274
f 8181 8277 8179
f 8179 8277 8275
f 8276 8182 8180
f 8278 8182 8276
f 8183 8279 8181
f 8181 8279 8277
f 8278 8184 8182
f 8280 8184 8278
f 8185 8281 8183
f 8183 8281 8279
f 8280 8186 8184
f 8282 8186 8280
f 8187 8283 8185
f 8185 8283 8281
f 8282 8188 8186
f 8284 8188 8282
f 8189 8285 8187
f 8187 8285 8283
f 8284 8190 8188
f 8286 8190 8284
f 8191 8287 8189
f 8189 8287 8285
f 8286 8192 8190
f 8288 8192 8286
f 8193 8289 8191
f 8191 8289 8287
f 8288 8194 8192
f 8290 8194 8288
f 8195 8291 8193
f 8193 8291 8289
f 8290 8196 8194
f 8292 8196 8290
f 8197 8293 8195
f 8195 8293 8291
f 8292 8198 8196
f 8294 8198 8292
f 8199 8295 8197
f 8197 8295 8293
f 8294 8200 8198
f 8296 8200 8294
f 8201 8297 8199
f 8199 8297 8295
f 8296 8202 8200
f 8298 8202 8296
f 8203 8299 8201
f 8201 8299 8297
f 8298 8204 8202
f 8300 8204 8298
f 8205 8301 8203
f 8203 8301 8299
f 8300 8206 8204
f 8302 8206 8300
f 8207 8303 8205
f 8205 8303 8301
f 8302 8208 8206
f 8304 8208 8302
f 6729 6733 8207
f 8207 6733 8303
f 8304 8209 8208
f 8305 8209 8304
f 6730 8306 6734
f 8210 8306 6730
f 8305 8210 8209
f 8306 8210 8305
f 6735 8211 6731
f 8307 8211 6735
f 8307 8212 8211
f 8308 8212 8307
f 8213 8309 6732
f 6732 8309 6736
f 8308 8214 8212
f 8310 8214 8308
f 8215 8311 8213
f 8213 8311 8309
f 8310 8216 8214
f 8312 8216 8310
f 8217 8313 8215
f 8215 8313 8311
f 8312 8218 8216
f 8314 8218 8312
f 8219 8315 8217
f 8217 8315 8313
f 8314 8220 8218
f 8316 8220 8314
f 8221 8317 8219
f 8219 8317 8315
f 8316 8222 8220
f 8318 8222 8316
f 8223 8319 8221
f 8221 8319 8317
f 8318 8224 8222
f 8320 8224 8318
f 8225 8321 8223
f 8223 8321 8319
f 8320 8226 8224
f 8322 8226 8320
f 8227 8323 8225
f 8225 8323 8321
f 8322 8228 8226
f 8324 8228 8322
f 8229 8325 8227
f 8227 8325 8323
f 8324 8230 8228
f 8326 8230 8324
f 8231 8327 8229
f 8229 8327 8325
f 8326 8232 8230
f 8328 8232 8326
f 8233 8329 8231
f 8231 8329 8327
f 8328 8234 8232
f 8330 8234 8328
f 8235 8331 8233
f 8233 8331 8329
f 8330 8236 8234
f 8332 8236 8330
f 8237 8333 8235
f 8235 8333 8331
f 8332 8238 8236
f 8334 8238 8332
f 8239 8335 8237
f 8237 8335 8333
f 8334 8240 8238
f 8336 8240 8334
f 8241 8337 8239
f 8239 8337 8335
f 8336 8242 8240
f 8338 8242 8336
f 8243 8339 8241
f 8241 8339 8337
f 8338 8244 8242
f 8340 8244 8338
f 8245 8341 8243
f 8243 8341 8339
f 8340 8246 8244
f 8342 8246 8340
f 8247 8343 8245
f 8245 8343 8341
f 8342 8248 8246
f 8344 8248 8342
f 8249 8345 8247
f 8247 8345 8343
f 8344 8250 8248
f 8346 8250 8344
f 8251 8347 8249
f 8249 8347 8345
f 8346 8252 8250
f 8348 8252 8346
f 8253 8349 8251
f 8251 8349 8347
f 8348 8254 8252
f 8350 8254 8348
f 8255 8351 8253
f 8253 8351 8349
f 8350 8256 8254
f 8352 8256 8350
f 8257 8353 8255
f 8255 8353 8351
f 8352 8258 8256
f 8354 8258 8352
f 8259 8355 8257
f 8257 8355 8353
f 8354 8260 8258
f 8356 8260 8354
f 8261 8357 8259
f 8259 8357 8355
f 8356 8262 8260
f 8358 8262 8356
f 8263 8359 8261
f 8261 8359 8357
f 8358 8264 8262
f 8360 8264 8358
f 8265 8361 8263
f 8263 8361 8359
f 8360 8266 8264
f 8362 8266 8360
f 8267 8363 8265
f 8265 8363 8361
f 8362 8268 8266
f 8364 8268 8362
f 8269 8365 8267
f 8267 8365 8363
f 8364 8270 8268
f 8366 8270 8364
f 8271 8367 8269
f 8269 8367 8365
f 8366 8272 8270
f 8368 8272 8366
f 8273 8369 8271
f 8271 8369 8367
f 8368 8274 8272
f 8370 8274 8368
f 8275 8371 8273
f 8273 8371 8369
f 8370 8276 8274
f 8372 8276 8370
f 8277 8373 8275
f 8275 8373 8371
f 8372 8278 8276
f 8374 8278 8372
f 8279 8375 8277
f 8277 8375 8373
f 8374 8280 8278
f 8376 8280 8374
f 8281 8377 8279
f 8279 8377 8375
f 8376 8282 8280
f 8378 8282 8376
f 8283 8379 8281
f 8281 8379 8377
f 8378 8284 8282
f 8380 8284 8378
f 8285 8381 8283
f 8283 8381 8379
f 8380 8286 8284
f 8382 8286 8380
f 8287 8383 8285
f 8285 8383 8381
f 8382 8288 8286
f 8384 8288 8382
f 8289 8385 8287
f 8287 8385 8383
f 8384 8290 8288
f 8386 8290 8384
f 8291 8387 8289
f 8289 8387 8385
f 8386 8292 8290
f 8388 8292 8386
f 8293 8389 8291
f 8291 8389 8387
f 8388 8294 8292
f 8390 8294 8388
f 8295 8391 8293
f 8293 8391 8389
f 8390 8296 8294
f 8392 8296 8390
f 8297 8393 8295
f 8295 8393 8391
f 8392 8298 8296
f 8394 8298 8392
f 8299 8395 8297
f 8297 8395 8393
f 8394 8300 8298
f 8396 8300 8394
f 8301 8397 8299
f 8299 8397 8395
f 8396 8302 8300
f 8398 8302 8396
f 8303 8399 8301
f 8301 8399 8397
f 8398 8304 8302
f 8400 8304 8398
f 6733 6737 8303
f 8303 6737 8399
f 8400 8305 8304
f 8401 8305 8400
f 6734 8402 6738
f 8306 8402 6734
f 8401 8306 8305
f 8402 8306 8401
f 6739 8307 6735
f 8403 8307 6739
f 8403 8308 8307
f 8404 8308 8403
f 8309 8405 6736
f 6736 8405 6740
f 8404 8310 8308
f 8406 8310 8404
f 8311 8407 8309
f 8309 8407 8405
f 8406 8312 8310
f 8408 8312 8406
f 8313 8409 8311
f 8311 8409 8407
f 8408 8314 8312
f 8410 8314 8408
f 8315 8411 8313
f 8313 8411 8409
f 8410 8316 8314
f 8412 8316 8410
f 8317 8413 8315
f 8315 8413 8411
f 8412 8318 8316
f 8414 8318 8412
f 8319 8415 8317
f 8317 8415 8413
f 8414 8320 8318
f 8416 8320 8414
f 8321 8417 8319
f 8319 8417 8415
f 8416 8322 8320
f 8418 8322 8416
f 8323 8419 8321
f 8321 8419 8417
f 8418 8324 8322
f 8420 8324 8418
f 8325 8421 8323
f 8323 8421 8419
f 8420 8326 8324
f 8422 8326 8420
f 8327 8423 8325
f 8325 8423 8421
f 8422 8328 8326
f 8424 8328 8422
f 8329 8425 8327
f 8327 8425 8423
f 8424 8330 8328
f 8426 8330 8424
f 8331 8427 8329
f 8329 8427 8425
f 8426 8332 8330
f 8428 8332 8426
f 8333 8429 8331
f 8331 8429 8427
f 8428 8334 8332
f 8430 8334 8428
f 8335 8431 8333
f 8333 8431 8429
f 8430 8336 8334
f 8432 8336 8430
f 8337 8433 8335
f 8335 8433 8431
f 8432 8338 8336
f 8434 8338 8432
f 8339 8435 8337
f 8337 8435 8433
f 8434 8340 8338
f 8436 8340 8434
f 8341 8437 8339
f 8339 8437 8435
f 8436 8342 8340
f 8438 8342 8436
f 8343 8439 8341
f 8341 8439 8437
f 8438 8344 8342
f 8440 8344 8438
f 8345 8441 8343
f 8343 8441 8439
f 8440 8346 8344
f 8442 8346 8440
f 8347 8443 8345
f 8345 8443 8441
f 8442 8348 8346
f 8444 8348 8442
f 8349 8445 8347
f 8347 8445 8443
f 8444 8350 8348
f 8446 8350 8444
f 8351 8447 8349
f 8349 8447 8445
f 8446 8352 8350
f 8448 8352 8446
f 8353 8449 8351
f 8351 8449 8447
f 8448 8354 8352
f 8450 8354 8448
f 8355 8451 8353
f 8353 8451 8449
f 8450 8356 8354
f 8452 8356 8450
f 8357 8453 8355
f 8355 8453 8451
f 8452 8358 8356
f 8454 8358 8452
f 8359 8455 8357
f 8357 8455 8453
f 8454 8360 8358
f 8456 8360 8454
f 8361 8457 8359
f 8359 8457 8455
f 8456 8362 8360
f 8458 8362 8456
f 8363 8459 8361
f 8361 8459 8457
f 8458 8364 8362
f 8460 8364 8458
f 8365 8461 8363
f 8363 8461 8459
f 8460 8366 8364
f 8462 8366 8460
f 8367 8463 8365
f 8365 8463 8461
f 8462 8368 8366
f 8464 8368 8462
f 8369 8465 8367
f 8367 8465 8463
f 8464 8370 8368
f 8466 8370 8464
f 8371 8467 8369
f 8369 8467 8465
f 8466 8372 8370
f 8468 8372 8466
f 8373 8469 8371
f 8371 8469 8467
f 8468 8374 8372
f 8470 8374 8468
f 8375 8471 8373
f 8373 8471 8469
f 8470 8376 8374
f 8472 8376 8470
f 8377 8473 8375
f 8375 8473 8471
f 8472 8378 8376
f 8474 8378 8472
f 8379 8475 8377
f 8377 8475 8473
f 8474 8380 8378
f 8476 8380 8474
f 8381 8477 8379
f 8379 8477 8475
f 8476 8382 8380
f 8478 8382 8476
f 8383 8479 8381
f 8381 8479 8477
f 8478 8384 8382
f 8480 8384 8478
f 8385 8481 8383
f 8383 8481 8479
f 8480 8386 8384
f 8482 8386 8480
f 8387 8483 8385
f 8385 8483 8481
f 8482 8388 8386
f 8484 8388 8482
f 8389 8485 8387
f 8387 8485 8483
f 8484 8390 8388
f 8486 8390 8484
f 8391 8487 8389
f 8389 8487 8485
f 8486 8392 8390
f 8488 8392 8486
f 8393 8489 8391
f 8391 8489 8487
f 8488 8394 8392
f 8490 8394 8488
f 8395 8491 8393
f 8393 8491 8489
f 8490 8396 8394
f 8492 8396 8490
f 8397 8493 8395
f 8395 8493 8491
f 8492 8398 8396
f 8494 8398 8492
f 8399 8495 8397
f 8397 8495 8493
f 8494 8400 8398
f 8496 8400 8494
f 6737 6741 8399
f 8399 6741 8495
f 8496 8401 8400
f 8497 8401 8496
f 6738 8498 6742
f 8402 8498 6738
f 8497 8402 8401
f 8498 8402 8497
f 6743 8403 6739
f 8499 8403 6743
f 8499 8404 8403
f 8500 8404 8499
f 8405 8501 6740
f 6740 8501 6744
f 8500 8406 8404
f 8502 8406 8500
f 8407 8503 8405
f 8405 8503 8501
f 8502 8408 8406
f 8504 8408 8502
f 8409 8505 8407
f 8407 8505 8503
f 8504 8410 8408
f 8506 8410 8504
f 8411 8507 8409
f 8409 8507 8505
f 8506 8412 8410
f 8508 8412 8506
f 8413 8509 8411
f 8411 8509 8507
f 8508 8414 8412
f 8510 8414 8508
f 8415 8511 8413
f 8413 8511 8509
f 8510 8416 8414
f 8512 8416 8510
f 8417 8513 8415
f 8415 8513 8511
f 8512 8418 8416
f 8514 8418 8512
f 8419 8515 8417
f 8417 8515 8513
f 8514 8420 8418
f 8516 8420 8514
f 8421 8517 8419
f 8419 8517 8515
f 8516 8422 8420
f 8518 8422 8516
f 8423 8519 8421
f 8421 8519 8517
f 8518 8424 8422
f 8520 8424 8518
f 8425 8521 8423
f 8423 8521 8519
f 8520 8426 8424
f 8522 8426 8520
f 8427 8523 8425
f 8425 8523 8521
f 8522 8428 8426
f 8524 8428 8522
f 8429 8525 8427
f 8427 8525 8523
f 8524 8430 8428
f 8526 8430 8524
f 8431 8527 8429
f 8429 8527 8525
f 8526 8432 8430
f 8528 8432 8526
f 8433 8529 8431
f 8431 8529 8527
f 8528 8434 8432
f 8530 8434 8528
f 8435 8531 8433
f 8433 8531 8529
f 8530 8436 8434
f 8532 8436 8530
f 8437 8533 8435
f 8435 8533 8531
f 8532 8438 8436
f 8534 8438 8532
f 8439 8535 8437
f 8437 8535 8533
f 8534 8440 8438
f 8536 8440 8534
f 8441 8537 8439
f 8439 8537 8535
f 8536 8442 8440
f 8538 8442 8536
f 8443 8539 8441
f 8441 8539 8537
f 8538 8444 8442
f 8540 8444 8538
f 8445 8541 8443
f 8443 8541 8539
f 8540 8446 8444
f 8542 8446 8540
f 8447 8543 8445
f 8445 8543 8541
f 8542 8448 8446
f 8544 8448 8542
f 8449 8545 8447
f 8447 8545 8543
f 8544 8450 8448
f 8546 8450 8544
f 8451 8547 8449
f 8449 8547 8545
f 8546 8452 8450
f 8548 8452 8546
f 8453 8549 8451
f 8451 8549 8547
f 8548 8454 8452
f 8550 8454 8548
f 8455 8551 8453
f 8453 8551 8549
f 8550 8456 8454
f 8552 8456 8550
f 8457 8553 8455
f 8455 8553 8551
f 8552 8458 8456
f 8554 8458 8552
f 8459 8555 8457
f 8457 8555 8553
f 8554 8460 8458
f 8556 8460 8554
f 8461 8557 8459
f 8459 8557 8555
f 8556 8462 8460
f 8558 8462 8556
f 8463 8559 8461
f 8461 8559 8557
f 8558 8464 8462
f 8560 8464 8558
f 8465 8561 8463
f 8463 8561 8559
f 8560 8466 8464
f 8562 8466 8560
f 8467 8563 8465
f 8465 8563 8561
f 8562 8468 8466
f 8564 8468 8562
f 8469 8565 8467
f 8467 8565 8563
f 8564 8470 8468
f 8566 8470 8564
f 8471 8567 8469
f 8469 8567 8565
f 8566 8472 8470
f 8568 8472 8566
f 8473 8569 8471
f 8471 8569 8567
f 8568 8474 8472
f 8570 8474 8568
f 8475 8571 8473
f 8473 8571 8569
f 8570 8476 8474
f 8572 8476 8570
f 8477 8573 8475
f 8475 8573 8571
f 8572 8478 8476
f 8574 8478 8572
f 8479 8575 8477
f 8477 8575 8573
f 8574 8480 8478
f 8576 8480 8574
f 8481 8577 8479
f 8479 8577 8575
f 8576 8482 8480
f 8578 8482 8576
f 8483 8579 8481
f 8481 8579 8577
f 8578 8484 8482
f 8580 8484 8578
f 8485 8581 8483
f 8483 8581 8579
f 8580 8486 8484
f 8582 8486 8580
f 8487 8583 8485
f 8485 8583 8581
f 8582 8488 8486
f 8584 8488 8582
f 8489 8585 8487
f 8487 8585 8583
f 8584 8490 8488
f 8586 8490 8584
f 8491 8587 8489
f 8489 8587 8585
f 8586 8492 8490
f 8588 8492 8586
f 8493 8589 8491
f 8491 8589 8587
f 8588 8494 8492
f 8590 8494 8588
f 8495 8591 8493
f 8493 8591 8589
f 8590 8496 8494
f 8592 8496 8590
f 6741 6745 8495
f 8495 6745 8591
f 8592 8497 8496
f 8593 8497 8592
f 6742 8594 6746
f 8498 8594 6742
f 8593 8498 8497
f 8594 8498 8593
f 6747 8499 6743
f 8595 8499 6747
f 8595 8500 8499
f 8596 8500 8595
f 8501 8597 6744
f 6744 8597 6748
f 8596 8502 8500
f 8598 8502 8596
f 8503 8599 8501
f 8501 8599 8597
f 8598 8504 8502
f 8600 8504 8598
f 8505 8601 8503
f 8503 8601 8599
f 8600 8506 8504
f 8602 8506 8600
f 8507 8603 8505
f 8505 8603 8601
f 8602 8508 8506
f 8604 8508 8602
f 8509 8605 8507
f 8507 8605 8603
f 8604 8510 8508
f 8606 8510 8604
f 8511 8607 8509
f 8509 8607 8605
f 8606 8512 8510
f 8608 8512 8606
f 8513 8609 8511
f 8511 8609 8607
f 8608 8514 8512
f 8610 8514 8608
f 8515 8611 8513
f 8513 8611 8609
f 8610 8516 8514
f 8612 8516 8610
f 8517 8613 8515
f 8515 8613 8611
f 8612 8518 8516
f 8614 8518 8612
f 8519 8615 8517
f 8517 8615 8613
f 8614 8520 8518
f 8616 8520 8614
f 8521 8617 8519
f 8519 8617 8615
f 8616 8522 8520
f 8618 8522 8616
f 8523 8619 8521
f 8521 8619 8617
f 8618 8524 8522
f 8620 8524 8618
f 8525 8621 8523
f 8523 8621 8619
f 8620 8526 8524
f 8622 8526 8620
f 8527 8623 8525
f 8525 8623 8621
f 8622 8528 8526
f 8624 8528 8622
f 8529 8625 8527
f 8527 8625 8623
f 8624 8530 8528
f 8626 8530 8624
f 8531 8627 8529
f 8529 8627 8625
f 8626 8532 8530
f 8628 8532 8626
f 8533 8629 8531
f 8531 8629 8627
f 8628 8534 8532
f 8630 8534 8628
f 8535 8631 8533
f 8533 8631 8629
f 8630 8536 8534
f 8632 8536 8630
f 8537 8633 8535
f 8535 8633 8631
f 8632 8538 8536
f 8634 8538 8632
f 8539 8635 8537
f 8537 8635 8633
f 8634 8540 8538
f 8636 8540 8634
f 8541 8637 8539
f 8539 8637 8635
f 8636 8542 8540
f 8638 8542 8636
f 8543 8639 8541
f 8541 8639 8637
f 8638 8544 8542
f 8640 8544 8638
f 8545 8641 8543
f 8543 8641 8639
f 8640 8546 8544
f 8642 8546 8640
f 8547 8643 8545
f 8545 8643 8641
f 8642 8548 8546
f 8644 8548 8642
f 8549 8645 8547
f 8547 8645 8643
f 8644 8550 8548
f 8646 8550 8644
f 8551 8647 8549
f 8549 8647 8645
f 8646 8552 8550
f 8648 8552 8646
f 8553 8649 8551
f 8551 8649 8647
f 8648 8554 8552
f 8650 8554 8648
f 8555 8651 8553
f 8553 8651 8649
f 8650 8556 8554
f 8652 8556 8650
f 8557 8653 8555
f 8555 8653 8651
f 8652 8558 8556
f 8654 8558 8652
f 8559 8655 8557
f 8557 8655 8653
f 8654 8560 8558
f 8656 8560 8654
f 8561 8657 8559
f 8559 8657 8655
f 8656 8562 8560
f 8658 8562 8656
f 8563 8659 8561
f 8561 8659 8657
f 8658 8564 8562
f 8660 8564 8658
f 8565 8661 8563
f 8563 8661 8659
f 8660 8566 8564
f 8662 8566 8660
f 8567 8663 8565
f 8565 8663 8661
f 8662 8568 8566
f 8664 8568 8662
f 8569 8665 8567
f 8567 8665 8663
f 8664 8570 8568
f 8666 8570 8664
f 8571 8667 8569
f 8569 8667 8665
f 8666 8572 8570
f 8668 8572 8666
f 8573 8669 8571
f 8571 8669 8667
f 8668 8574 8572
f 8670 8574 8668
f 8575 8671 8573
f 8573 8671 8669
f 8670 8576 8574
f 8672 8576 8670
f 8577 8673 8575
f 8575 8673 8671
f 8672 8578 8576
f 8674 8578 8672
f 8579 8675 8577
f 8577 8675 8673
f 8674 8580 8578
f 8676 8580 8674
f 8581 8677 8579
f 8579 8677 8675
f 8676 8582 8580
f 8678 8582 8676
f 8583 8679 8581
f 8581 8679 8677
f 8678 8584 8582
f 8680 8584 8678
f 8585 8681 8583
f 8583 8681 8679
f 8680 8586 8584
f 8682 8586 8680
f 8587 8683 8585
f 8585 8683 8681
f 8682 8588 8586
f 8684 8588 8682
f 8589 8685 8587
f 8587 8685 8683
f 8684 8590 8588
f 8686 8590 8684
f 8591 8687 8589
f 8589 8687 8685
f 8686 8592 8590
f 8688 8592 8686
f 6745 6749 8591
f 8591 6749 8687
f 8688 8593 8592
f 8689 8593 8688
f 6746 8690 6750
f 8594 8690 6746
f 8689 8594 8593
f 8690 8594 8689
f 6751 8595 6747
f 8691 8595 6751
f 8691 8596 8595
f 8692 8596 8691
f 8597 8693 6748
f 6748 8693 6752
f 8692 8598 8596
f 8694 8598 8692
f 8599 8695 8597
f 8597 8695 8693
f 8694 8600 8598
f 8696 8600 8694
f 8601 8697 8599
f 8599 8697 8695
f 8696 8602 8600
f 8698 8602 8696
f 8603 8699 8601
f 8601 8699 8697
f 8698 8604 8602
f 8700 8604 8698
f 8605 8701 8603
f 8603 8701 8699
f 8700 8606 8604
f 8702 8606 8700
f 8607 8703 8605
f 8605 8703 8701
f 8702 8608 8606
f 8704 8608 8702
f 8609 8705 8607
f 8607 8705 8703
f 8704 8610 8608
f 8706 8610 8704
f 8611 8707 8609
f 8609 8707 8705
f 8706 8612 8610
f 8708 8612 8706
f 8613 8709 8611
f 8611 8709 8707
f 8708 8614 8612
f 8710 8614 8708
f 8615 8711 8613
f 8613 8711 8709
f 8710 8616 8614
f 8712 8616 8710
f 8617 8713 8615
f 8615 8713 8711
f 8712 8618 8616
f 8714 8618 8712
f 8619 8715 8617
f 8617 8715 8713
f 8714 8620 8618
f 8716 8620 8714
f 8621 8717 8619
f 8619 8717 8715
f 8716 8622 8620
f 8718 8622 8716
f 8623 8719 8621
f 8621 8719 8717
f 8718 8624 8622
f 8720 8624 8718
f 8625 8721 8623
f 8623 8721 8719
f 8720 8626 8624
f 8722 8626 8720
f 8627 8723 8625
f 8625 8723 8721
f 8722 8628 8626
f 8724 8628 8722
f 8629 8725 8627
f 8627 8725 8723
f 8724 8630 8628
f 8726 8630 8724
f 8631 8727 8629
f 8629 8727 8725
f 8726 8632 8630
f 8728 8632 8726
f 8633 8729 8631
f 8631 8729 8727
f 8728 8634 8632
f 8730 8634 8728
f 8635 8731 8633
f 8633 8731 8729
f 8730 8636 8634
f 8732 8636 8730
f 8637 8733 8635
f 8635 8733 8731
f 8732 8638 8636
f 8734 8638 8732
f 8639 8735 8637
f 8637 8735 8733
f 8734 8640 8638
f 8736 8640 8734
f 8641 8737 8639
f 8639 8737 8735
f 8736 8642 8640
f 8738 8642 8736
f 8643 8739 8641
f 8641 8739 8737
f 8738 8644 8642
f 8740 8644 8738
f 8645 8741 8643
f 8643 8741 8739
f 8740 8646 8644
f 8742 8646 8740
f 8647 8743 8645
f 8645 8743 8741
f 8742 8648 8646
f 8744 8648 8742
f 8649 8745 8647
f 8647 8745 8743
f 8744 8650 8648
f 8746 8650 8744
f 8651 8747 8649
f 8649 8747 8745
f 8746 8652 8650
f 8748 8652 8746
f 8653 8749 8651
f 8651 8749 8747
f 8748 8654 8652
f 8750 8654 8748
f 8655 8751 8653
f 8653 8751 8749
f 8750 8656 8654
f 8752 8656 8750
f 8657 8753 8655
f 8655 8753 8751
f 8752 8658 8656
f 8754 8658 8752
f 8659 8755 8657
f 8657 8755 8753
f 8754 8660 8658
f 8756 8660 8754
f 8661 8757 8659
f 8659 8757 8755
f 8756 8662 8660
f 8758 8662 8756
f 8663 8759 8661
f 8661 8759 8757
f 8758 8664 8662
f 8760 8664 8758
f 8665 8761 8663
f 8663 8761 8759
f 8760 8666 8664
f 8762 8666 8760
f 8667 8763 8665
f 8665 8763 8761
f 8762 8668 8666
f 8764 8668 8762
f 8669 8765 8667
f 8667 8765 8763
f 8764 8670 8668
f 8766 8670 8764
f 8671 8767 8669
f 8669 8767 8765
f 8766 8672 8670
f 8768 8672 8766
f 8673 8769 8671
f 8671 8769 8767
f 8768 8674 8672
f 8770 8674 8768
f 8675 8771 8673
f 8673 8771 8769
f 8770 8676 8674
f 8772 8676 8770
f 8677 8773 8675
f 8675 8773 8771
f 8772 8678 8676
f 8774 8678 8772
f 8679 8775 8677
f 8677 8775 8773
f 8774 8680 8678
f 8776 8680 8774
f 8681 8777 8679
f 8679 8777 8775
f 8776 8682 8680
f 8778 8682 8776
f 8683 8779 8681
f 8681 8779 8777
f 8778 8684 8682
f 8780 8684 8778
f 8685 8781 8683
f 8683 8781 8779
f 8780 8686 8684
f 8782 8686 8780
f 8687 8783 8685
f 8685 8783 8781
f 8782 8688 8686
f 8784 8688 8782
f 6749 6753 8687
f 8687 6753 8783
f 8784 8689 8688
f 8785 8689 8784
f 6750 8786 6754
f 8690 8786 6750
f 8785 8690 8689
f 8786 8690 8785
f 6755 8691 6751
f 8787 8691 6755
f 8787 8692 8691
f 8788 8692 8787
f 8693 8789 6752
f 6752 8789 6756
f 8788 8694 8692
f 8790 8694 8788
f 8695 8791 8693
f 8693 8791 8789
f 8790 8696 8694
f 8792 8696 8790
f 8697 8793 8695
f 8695 8793 8791
f 8792 8698 8696
f 8794 8698 8792
f 8699 8795 8697
f 8697 8795 8793
f 8794 8700 8698
f 8796 8700 8794
f 8701 8797 8699
f 8699 8797 8795
f 8796 8702 8700
f 8798 8702 8796
f 8703 8799 8701
f 8701 8799 8797
f 8798 8704 8702
f 8800 8704 8798
f 8705 8801 8703
f 8703 8801 8799
f 8800 8706 8704
f 8802 8706 8800
f 8707 8803 8705
f 8705 8803 8801
f 8802 8708 8706
f 8804 8708 8802
f 8709 8805 8707
f 8707 8805 8803
f 8804 8710 8708
f 8806 8710 8804
f 8711 8807 8709
f 8709 8807 8805
f 8806 8712 8710
f 8808 8712 8806
f 8713 8809 8711
f 8711 8809 8807
f 8808 8714 8712
f 8810 8714 8808
f 8715 8811 8713
f 8713 8811 8809
f 8810 8716 8714
f 8812 8716 8810
f 8717 8813 8715
f 8715 8813 8811
f 8812 8718 8716
f 8814 8718 8812
f 8719 8815 8717
f 8717 8815 8813
f 8814 8720 8718
f 8816 8720 8814
f 8721 8817 8719
f 8719 8817 8815
f 8816 8722 8720
f 8818 8722 8816
f 8723 8819 8721
f 8721 8819 8817
f 8818 8724 8722
f 8820 8724 8818
f 8725 8821 8723
f 8723 8821 8819
f 8820 8726 8724
f 8822 8726 8820
f 8727 8823 8725
f 8725 8823 8821
f 8822 8728 8726
f 8824 8728 8822
f 8729 8825 8727
f 8727 8825 8823
f 8824 8730 8728
f 8826 8730 8824
f 8731 8827 8729
f 8729 8827 8825
f 8826 8732 8730
f 8828 8732 8826
f 8733 8829 8731
f 8731 8829 8827
f 8828 8734 8732
f 8830 8734 8828
f 8735 8831 8733
f 8733 8831 8829
f 8830 8736 8734
f 8832 8736 8830
f 8737 8833 8735
f 8735 8833 8831
f 8832 8738 8736
f 8834 8738 8832
f 8739 8835 8737
f 8737 8835 8833
f 8834 8740 8738
f 8836 8740 8834
f 8741 8837 8739
f 8739 8837 8835
f 8836 8742 8740
f 8838 8742 8836
f 8743 8839 8741
f 8741 8839 8837
f 8838 8744 8742
f 8840 8744 8838
f 8745 8841 8743
f 8743 8841 8839
f 8840 8746 8744
f 8842 8746 8840
f 8747 8843 8745
f 8745 8843 8841
f 8842 8748 8746
f 8844 8748 8842
f 8749 8845 8747
f 8747 8845 8843
f 8844 8750 8748
f 8846 8750 8844
f 8751 8847 8749
f 8749 8847 8845
f 8846 8752 8750
f 8848 8752 8846
f 8753 8849 8751
f 8751 8849 8847
f 8848 8754 8752
f 8850 8754 8848
f 8755 8851 8753
f 8753 8851 8849
f 8850 8756 8754
f 8852 8756 8850
f 8757 8853 8755
f 8755 8853 8851
f 8852 8758 8756
f 8854 8758 8852
f 8759 8855 8757
f 8757 8855 8853
f 8854 8760 8758
f 8856 8760 8854
f 8761 8857 8759
f 8759 8857 8855
f 8856 8762 8760
f 8858 8762 8856
f 8763 8859 8761
f 8761 8859 8857
f 8858 8764 8762
f 8860 8764 8858
f 8765 8861 8763
f 8763 8861 8859
f 8860 8766 8764
f 8862 8766 8860
f 8767 8863 8765
f 8765 8863 8861
f 8862 8768 8766
f 8864 8768 8862
f 8769 8865 8767
f 8767 8865 8863
f 8864 8770 8768
f 8866 8770 8864
f 8771 8867 8769
f 8769 8867 8865
f 8866 8772 8770
f 8868 8772 8866
f 8773 8869 8771
f 8771 8869 8867
f 8868 8774 8772
f 8870 8774 8868
f 8775 8871 8773
f 8773 8871 8869
f 8870 8776 8774
f 8872 8776 8870
f 8777 8873 8775
f 8775 8873 8871
f 8872 8778 8776
f 8874 8778 8872
f 8779 8875 8777
f 8777 8875 8873
f 8874 8780 8778
f 8876 8780 8874
f 8781 8877 8779
f 8779 8877 8875
f 8876 8782 8780
f 8878 8782 8876
f 8783 8879 8781
f 8781 8879 8877
f 8878 8784 8782
f 8880 8784 8878
f 6753 6757 8783
f 8783 6757 8879
f 8880 8785 8784
f 8881 8785 8880
f 6754 8882 6758
f 8786 8882 6754
f 8881 8786 8785
f 8882 8786 8881
f 6759 8787 6755
f 8883 8787 6759
f 8883 8788 8787
f 8884 8788 8883
f 8789 8885 6756
f 6756 8885 6760
f 8884 8790 8788
f 8886 8790 8884
f 8791 8887 8789
f 8789 8887 8885
f 8886 8792 8790
f 8888 8792 8886
f 8793 8889 8791
f 8791 8889 8887
f 8888 8794 8792
f 8890 8794 8888
f 8795 8891 8793
f 8793 8891 8889
f 8890 8796 8794
f 8892 8796 8890
f 8797 8893 8795
f 8795 8893 8891
f 8892 8798 8796
f 8894 8798 8892
f 8799 8895 8797
f 8797 8895 8893
f 8894 8800 8798
f 8896 8800 8894
f 8801 8897 8799
f 8799 8897 8895
f 8896 8802 8800
f 8898 8802 8896
f 8803 8899 8801
f 8801 8899 8897
f 8898 8804 8802
f 8900 8804 8898
f 8805 8901 8803
f 8803 8901 8899
f 8900 8806 8804
f 8902 8806 8900
f 8807 8903 8805
f 8805 8903 8901
f 8902 8808 8806
f 8904 8808 8902
f 8809 8905 8807
f 8807 8905 8903
f 8904 8810 8808
f 8906 8810 8904
f 8811 8907 8809
f 8809 8907 8905
f 8906 8812 8810
f 8908 8812 8906
f 8813 8909 8811
f 8811 8909 8907
f 8908 8814 8812
f 8910 8814 8908
f 8815 8911 8813
f 8813 8911 8909
f 8910 8816 8814
f 8912 8816 8910
f 8817 8913 8815
f 8815 8913 8911
f 8912 8818 8816
f 8914 8818 8912
f 8819 8915 8817
f 8817 8915 8913
f 8914 8820 8818
f 8916 8820 8914
f 8821 8917 8819
f 8819 8917 8915
f 8916 8822 8820
f 8918 8822 8916
f 8823 8919 8821
f 8821 8919 8917
f 8918 8824 8822
f 8920 8824 8918
f 8825 8921 8823
f 8823 8921 8919
f 8920 8826 8824
f 8922 8826 8920
f 8827 8923 8825
f 8825 8923 8921
f 8922 8828 8826
f 8924 8828 8922
f 8829 8925 8827
f 8827 8925 8923
f 8924 8830 8828
f 8926 8830 8924
f 8831 8927 8829
f 8829 8927 8925
f 8926 8832 8830
f 8928 8832 8926
f 8833 8929 8831
f 8831 8929 8927
f 8928 8834 8832
f 8930 8834 8928
f 8835 8931 8833
f 8833 8931 8929
f 8930 8836 8834
f 8932 8836 8930
f 8837 8933 8835
f 8835 8933 8931
f 8932 8838 8836
f 8934 8838 8932
f 8839 8935 8837
f 8837 8935 8933
f 8934 8840 8838
f 8936 8840 8934
f 8841 8937 8839
f 8839 8937 8935
f 8936 8842 8840
f 8938 8842 8936
f 8843 8939 8841
f 8841 8939 8937
f 8938 8844 8842
f 8940 8844 8938
f 8845 8941 8843
f 8843 8941 8939
f 8940 8846 8844
f 8942 8846 8940
f 8847 8943 8845
f 8845 8943 8941
f 8942 8848 8846
f 8944 8848 8942
f 8849 8945 8847
f 8847 8945 8943
f 8944 8850 8848
f 8946 8850 8944
f 8851 8947 8849
f 8849 8947 8945
f 8946 8852 8850
f 8948 8852 8946
f 8853 8949 8851
f 8851 8949 8947
f 8948 8854 8852
f 8950 8854 8948
f 8855 8951 8853
f 8853 8951 8949
f 8950 8856 8854
f 8952 8856 8950
f 8857 8953 8855
f 8855 8953 8951
f 8952 8858 8856
f 8954 8858 8952
f 8859 8955 8857
f 8857 8955 8953
f 8954 8860 8858
f 8956 8860 8954
f 8861 8957 8859
f 8859 8957 8955
f 8956 8862 8860
f 8958 8862 8956
f 8863 8959 8861
f 8861 8959 8957
f 8958 8864 8862
f 8960 8864 8958
f 8865 8961 8863
f 8863 8961 8959
f 8960 8866 8864
f 8962 8866 8960
f 8867 8963 8865
f 8865 8963 8961
f 8962 8868 8866
f 8964 8868 8962
f 8869 8965 8867
f 8867 8965 8963
f 8964 8870 8868
f 8966 8870 8964
f 8871 8967 8869
f 8869 8967 8965
f 8966 8872 8870
f 8968 8872 8966
f 8873 8969 8871
f 8871 8969 8967
f 8968 8874 8872
f 8970 8874 8968
f 8875 8971 8873
f 8873 8971 8969
f 8970 8876 8874
f 8972 8876 8970
f 8877 8973 8875
f 8875 8973 8971
f 8972 8878 8876
f 8974 8878 8972
f 8879 8975 8877
f 8877 8975 8973
f 8974 8880 8878
f 8976 8880 8974
f 6757 6761 8879
f 8879 6761 8975
f 8976 8881 8880
f 8977 8881 8976
f 6758 8978 6762
f 8882 8978 6758
f 8977 8882 8881
f 8978 8882 8977
f 6763 8883 6759
f 8979 8883 6763
f 8979 8884 8883
f 8980 8884 8979
f 8885 8981 6760
f 6760 8981 6764
f 8980 8886 8884
f 8982 8886 8980
f 8887 8983 8885
f 8885 8983 8981
f 8982 8888 8886
f 8984 8888 8982
f 8889 8985 8887
f 8887 8985 8983
f 8984 8890 8888
f 8986 8890 8984
f 8891 8987 8889
f 8889 8987 8985
f 8986 8892 8890
f 8988 8892 8986
f 8893 8989 8891
f 8891 8989 8987
f 8988 8894 8892
f 8990 8894 8988
f 8895 8991 8893
f 8893 8991 8989
f 8990 8896 8894
f 8992 8896 8990
f 8897 8993 8895
f 8895 8993 8991
f 8992 8898 8896
f 8994 8898 8992
f 8899 8995 8897
f 8897 8995 8993
f 8994 8900 8898
f 8996 8900 8994
f 8901 8997 8899
f 8899 8997 8995
f 8996 8902 8900
f 8998 8902 8996
f 8903 8999 8901
f 8901 8999 8997
f 8998 8904 8902
f 9000 8904 8998
f 8905 9001 8903
f 8903 9001 8999
f 9000 8906 8904
f 9002 8906 9000
f 8907 9003 8905
f 8905 9003 9001
f 9002 8908 8906
f 9004 8908 9002
f 8909 9005 8907
f 8907 9005 9003
f 9004 8910 8908
f 9006 8910 9004
f 8911 9007 8909
f 8909 9007 9005
f 9006 8912 8910
f 9008 8912 9006
f 8913 9009 8911
f 8911 9009 9007
f 9008 8914 8912
f 9010 8914 9008
f 8915 9011 8913
f 8913 9011 9009
f 9010 8916 8914
f 9012 8916 9010
f 8917 9013 8915
f 8915 9013 9011
f 9012 8918 8916
f 9014 8918 9012
f 8919 9015 8917
f 8917 9015 9013
f 9014 8920 8918
f 9016 8920 9014
f 8921 9017 8919
f 8919 9017 9015
f 9016 8922 8920
f 9018 8922 9016
f 8923 9019 8921
f 8921 9019 9017
f 9018 8924 8922
f 9020 8924 9018
f 8925 9021 8923
f 8923 9021 9019
f 9020 8926 8924
f 9022 8926 9020
f 8927 9023 8925
f 8925 9023 9021
f 9022 8928 8926
f 9024 8928 9022
f 8929 9025 8927
f 8927 9025 9023
f 9024 8930 8928
f 9026 8930 9024
f 8931 9027 8929
f 8929 9027 9025
f 9026 8932 8930
f 9028 8932 9026
f 8933 9029 8931
f 8931 9029 9027
f 9028 8934 8932
f 9030 8934 9028
f 8935 9031 8933
f 8933 9031 9029
f 9030 8936 8934
f 9032 8936 9030
f 8937 9033 8935
f 8935 9033 9031
f 9032 8938 8936
f 9034 8938 9032
f 8939 9035 8937
f 8937 9035 9033
f 9034 8940 8938
f 9036 8940 9034
f 8941 9037 8939
f 8939 9037 9035
f 9036 8942 8940
f 9038 8942 9036
f 8943 9039 8941
f 8941 9039 9037
f 9038 8944 8942
f 9040 8944 9038
f 8945 9041 8943
f 8943 9041 9039
f 9040 8946 8944
f 9042 8946 9040
f 8947 9043 8945
f 8945 9043 9041
f 9042 8948 8946
f 9044 8948 9042
f 8949 9045 8947
f 8947 9045 9043
f 9044 8950 8948
f 9046 8950 9044
f 8951 9047 8949
f 8949 9047 9045
f 9046 8952 8950
f 9048 8952 9046
f 8953 9049 8951
f 8951 9049 9047
f 9048 8954 8952
f 9050 8954 9048
f 8955 9051 8953
f 8953 9051 9049
f 9050 8956 8954
f 9052 8956 9050
f 8957 9053 8955
f 8955 9053 9051
f 9052 8958 8956
f 9054 8958 9052
f 8959 9055 8957
f 8957 9055 9053
f 9054 8960 8958
f 9056 8960 9054
f 8961 9057 8959
f 8959 9057 9055
f 9056 8962 8960
f 9058 8962 9056
f 8963 9059 8961
f 8961 9059 9057
f 9058 8964 8962
f 9060 8964 9058
f 8965 9061 8963
f 8963 9061 9059
f 9060 8966 8964
f 9062 8966 9060
f 8967 9063 8965
f 8965 9063 9061
f 9062 8968 8966
f 9064 8968 9062
f 8969 9065 8967
f 8967 9065 9063
f 9064 8970 8968
f 9066 8970 9064
f 8971 9067 8969
f 8969 9067 9065
f 9066 8972 8970
f 9068 8972 9066
f 8973 9069 8971
f 8971 9069 9067
f 9068 8974 8972
f 9070 8974 9068
f 8975 9071 8973
f 8973 9071 9069
f 9070 8976 8974
f 9072 8976 9070
f 6761 6765 8975
f 8975 6765 9071
f 9072 8977 8976
f 9073 8977 9072
f 6762 9074 6766
f 8978 9074 6762
f 9073 8978 8977
f 9074 8978 9073
f 6767 8979 6763
f 6768 9076 6767
f 9075 8979 6767
f 6767 9076 9075
f 9075 8980 8979
f 9076 8980 9075
f 8981 6773 6764
f 6764 6773 6768
f 9076 8982 8980
f 9077 8982 9076
f 8983 6775 8981
f 8981 6775 6773
f 9077 8984 8982
f 9078 8984 9077
f 8985 6777 8983
f 8983 6777 6775
f 9078 8986 8984
f 9079 8986 9078
f 8987 6779 8985
f 8985 6779 6777
f 9079 8988 8986
f 9080 8988 9079
f 8989 6781 8987
f 8987 6781 6779
f 9080 8990 8988
f 9081 8990 9080
f 8991 6783 8989
f 8989 6783 6781
f 9081 8992 8990
f 9082 8992 9081
f 8993 6785 8991
f 8991 6785 6783
f 9082 8994 8992
f 9083 8994 9082
f 8995 6787 8993
f 8993 6787 6785
f 9083 8996 8994
f 9084 8996 9083
f 8997 6789 8995
f 8995 6789 6787
f 9084 8998 8996
f 9085 8998 9084
f 8999 6791 8997
f 8997 6791 6789
f 9085 9000 8998
f 9086 9000 9085
f 9001 6793 8999
f 8999 6793 6791
f 9086 9002 9000
f 9087 9002 9086
f 9003 6795 9001
f 9001 6795 6793
f 9087 9004 9002
f 9088 9004 9087
f 9005 6797 9003
f 9003 6797 6795
f 9088 9006 9004
f 9089 9006 9088
f 9007 6799 9005
f 9005 6799 6797
f 9089 9008 9006
f 9090 9008 9089
f 9009 6801 9007
f 9007 6801 6799
f 9090 9010 9008
f 9091 9010 9090
f 9011 6803 9009
f 9009 6803 6801
f 9091 9012 9010
f 9092 9012 9091
f 9013 6805 9011
f 9011 6805 6803
f 9092 9014 9012
f 9093 9014 9092
f 9015 6807 9013
f 9013 6807 6805
f 9093 9016 9014
f 9094 9016 9093
f 9017 6809 9015
f 9015 6809 6807
f 9094 9018 9016
f 9095 9018 9094
f 9019 6811 9017
f 9017 6811 6809
f 9095 9020 9018
f 9096 9020 9095
f 9021 6813 9019
f 9019 6813 6811
f 9096 9022 9020
f 9097 9022 9096
f 9023 6815 9021
f 9021 6815 6813
f 9097 9024 9022
f 9098 9024 9097
f 9025 6817 9023
f 9023 6817 6815
f 9098 9026 9024
f 9099 9026 9098
f 9027 6819 9025
f 9025 6819 6817
f 6819 9100 6817
f 6817 9100 9099
f 9099 9028 9026
f 9100 9028 9099
f 9029 6821 9027
f 9027 6821 6819
f 9100 9030 9028
f 9101 9030 9100
f 9031 6823 9029
f 9029 6823 6821
f 9101 9032 9030
f 9102 9032 9101
f 9033 6825 9031
f 9031 6825 6823
f 9102 9034 9032
f 9103 9034 9102
f 9035 6827 9033
f 9033 6827 6825
f 9103 9036 9034
f 9104 9036 9103
f 9037 6829 9035
f 9035 6829 6827
f 9104 9038 9036
f 9105 9038 9104
f 9039 6831 9037
f 9037 6831 6829
f 9105 9040 9038
f 9106 9040 9105
f 9041 6833 9039
f 9039 6833 6831
f 9106 9042 9040
f 9107 9042 9106
f 9043 6835 9041
f 9041 6835 6833
f 9107 9044 9042
f 9108 9044 9107
f 9045 6837 9043
f 9043 6837 6835
f 9108 9046 9044
f 9109 9046 9108
f 9047 6839 9045
f 9045 6839 6837
f 9109 9048 9046
f 9110 9048 9109
f 9049 6841 9047
f 9047 6841 6839
f 9110 9050 9048
f 9111 9050 9110
f 9051 6843 9049
f 9049 6843 6841
f 9111 9052 9050
f 9112 9052 9111
f 9053 6845 9051
f 9051 6845 6843
f 9112 9054 9052
f 9113 9054 9112
f 9055 6847 9053
f 9053 6847 6845
f 9113 9056 9054
f 9114 9056 9113
f 9057 6849 9055
f 9055 6849 6847
f 9114 9058 9056
f 9115 9058 9114
f 9059 6851 9057
f 9057 6851 6849
f 9115 9060 9058
f 9116 9060 9115
f 9061 6853 9059
f 9059 6853 6851
f 9116 9062 9060
f 9117 9062 9116
f 9063 6855 9061
f 9061 6855 6853
f 9117 9064 9062
f 9118 9064 9117
f 9065 6857 9063
f 9063 6857 6855
f 9118 9066 9064
f 9119 9066 9118
f 9067 6859 9065
f 9065 6859 6857
f 9119 9068 9066
f 9120 9068 9119
f 9069 6861 9067
f 9067 6861 6859
f 9120 9070 9068
f 9121 9070 9120
f 9071 6863 9069
f 9069 6863 6861
f 9121 9072 9070
f 9122 9072 9121
f 6765 6769 9071
f 9071 6769 6863
f 9122 9073 9072
f 9123 9073 9122
f 6766 9124 6770
f 9074 9124 6766
f 9123 9074 9073
f 9124 9074 9123
f 6772 9076 6768
f 6774 9126 6772
f 9125 9076 6772
f 6772 9126 9125
f 9125 9077 9076
f 9126 9077 9125
f 6776 9127 6774
f 6774 9127 9126
f 9126 9078 9077
f 9127 9078 9126
f 6778 9128 6776
f 6776 9128 9127
f 9127 9079 9078
f 9128 9079 9127
f 6780 9129 6778
f 6778 9129 9128
f 9128 9080 9079
f 9129 9080 9128
f 6782 9130 6780
f 6780 9130 9129
f 9129 9081 9080
f 9130 9081 9129
f 6784 9131 6782
f 6782 9131 9130
f 9130 9082 9081
f 9131 9082 9130
f 6786 9132 6784
f 6784 9132 9131
f 9131 9083 9082
f 9132 9083 9131
f 6788 9133 6786
f 6786 9133 9132
f 9132 9084 9083
f 9133 9084 9132
f 6790 9134 6788
f 6788 9134 9133
f 9133 9085 9084
f 9134 9085 9133
f 6792 9135 6790
f 6790 9135 9134
f 9134 9086 9085
f 9135 9086 9134
f 6794 9136 6792
f 6792 9136 9135
f 9135 9087 9086
f 9136 9087 9135
f 6796 9137 6794
f 6794 9137 9136
f 9136 9088 9087
f 9137 9088 9136
f 6798 9138 6796
f 6796 9138 9137
f 9137 9089 9088
f 9138 9089 9137
f 6800 9139 6798
f 6798 9139 9138
f 9138 9090 9089
f 9139 9090 9138
f 6802 9140 6800
f 6800 9140 9139
f 9139 9091 9090
f 9140 9091 9139
f 6804 9141 6802
f 6802 9141 9140
f 9140 9092 9091
f 9141 9092 9140
f 6806 9142 6804
f 6804 9142 9141
f 9141 9093 9092
f 9142 9093 9141
f 6808 9143 6806
f 6806 9143 9142
f 9142 9094 9093
f 9143 9094 9142
f 6810 9144 6808
f 6808 9144 9143
f 9143 9095 9094
f 9144 9095 9143
f 6812 9145 6810
f 6810 9145 9144
f 9144 9096 9095
f 9145 9096 9144
f 6814 9146 6812
f 6812 9146 9145
f 9145 9097 9096
f 9146 9097 9145
f 6816 9147 6814
f 6814 9147 9146
f 9146 9098 9097
f 9147 9098 9146
f 6817 9148 6818
f 9099 9148 6817
f 6818 9148 6816
f 6816 9148 9147
f 9147 9099 9098
f 9148 9099 9147
f 6820 9100 6819
f 6822 9150 6820
f 9149 9100 6820
f 6820 9150 9149
f 9149 9101 9100
f 9150 9101 9149
f 6824 9151 6822
f 6822 9151 9150
f 9150 9102 9101
f 9151 9102 9150
f 6826 9152 6824
f 6824 9152 9151
f 9151 9103 9102
f 9152 9103 9151
f 6828 9153 6826
f 6826 9153 9152
f 9152 9104 9103
f 9153 9104 9152
f 6830 9154 6828
f 6828 9154 9153
f 9153 9105 9104
f 9154 9105 9153
f 6832 9155 6830
f 6830 9155 9154
f 9154 9106 9105
f 9155 9106 9154
f 6834 9156 6832
f 6832 9156 9155
f 9155 9107 9106
f 9156 9107 9155
f 6836 9157 6834
f 6834 9157 9156
f 9156 9108 9107
f 9157 9108 9156
f 6838 9158 6836
f 6836 9158 9157
f 9157 9109 9108
f 9158 9109 9157
f 6840 9159 6838
f 6838 9159 9158
f 9158 9110 9109
f 9159 9110 9158
f 6842 9160 6840
f 6840 9160 9159
f 9159 9111 9110
f 9160 9111 9159
f 6844 9161 6842
f 6842 9161 9160
f 9160 9112 9111
f 9161 9112 9160
f 6846 9162 6844
f 6844 9162 9161
f 9161 9113 9112
f 9162 9113 9161
f 6848 9163 6846
f 6846 9163 9162
f 9162 9114 9113
f 9163 9114 9162
f 6850 9164 6848
f 6848 9164 9163
f 9163 9115 9114
f 9164 9115 9163
f 6852 9165 6850
f 6850 9165 9164
f 9164 9116 9115
f 9165 9116 9164
f 6854 9166 6852
f 6852 9166 9165
f 9165 9117 9116
f 9166 9117 9165
f 6856 9167 6854
f 6854 9167 9166
f 9166 9118 9117
f 9167 9118 9166
f 6858 9168 6856
f 6856 9168 9167
f 9167 9119 9118
f 9168 9119 9167
f 6860 9169 6858
f 6858 9169 9168
f 9168 9120 9119
f 9169 9120 9168
f 6862 9170 6860
f 6860 9170 9169
f 9169 9121 9120
f 9170 9121 9169
f 6864 9171 6862
f 6862 9171 9170
f 9170 9122 9121
f 9171 9122 9170
f 6865 9172 6864
f 6864 9172 9171
f 9171 9123 9122
f 9172 9123 9171
f 6770 9173 6866
f 9124 9173 6770
f 6866 9173 6865
f 6865 9173 9172
f 9172 9124 9123
f 9173 9124 9172

