# https://github.com/mikedh/trimesh
v -0.49749974 0.25573076 0.04745900
v -0.48186345 0.20791239 0.03983445
v -0.48186345 0.19707394 0.03981401
v -0.48186401 0.18612139 0.03981401
v -0.48186401 0.17516940 0.03981401
v -0.49749803 0.25572792 0.05832470
v -0.49989043 0.25002399 0.05470375
v -0.49999716 0.24086771 0.05470034
v -0.49739130 0.25557293 0.06534917
v -0.49977064 0.25002796 0.06298005
v -0.49145744 0.25757757 0.06307770
v -0.49987624 0.24086544 0.06297607
v -0.48186117 0.25777741 0.06307429
v -0.49999773 0.22993048 0.05469977
v -0.49999659 0.21898644 0.05471397
v -0.49987680 0.22992821 0.06297607
v -0.49987680 0.21897679 0.06297607
v -0.49623314 0.25459588 0.06807652
v -0.49139442 0.25556953 0.06785056
v -0.49139669 0.24997800 0.06897466
v -0.49737143 0.24997630 0.06780231
v -0.49142678 0.24088645 0.06900816
v -0.49747078 0.24088304 0.06778982
v -0.48186969 0.25571373 0.06788463
v -0.48186345 0.25001547 0.06910751
v -0.48185323 0.24088588 0.06919607
v -0.49143019 0.22994184 0.06900816
v -0.49747135 0.22993729 0.06778925
v -0.49143019 0.21898985 0.06900816
v -0.49747135 0.21898587 0.06778925
v -0.48185663 0.22994865 0.06919607
v -0.48185663 0.21899666 0.06919607
v -0.49999546 0.20803615 0.05473384
v -0.49999489 0.19707735 0.05473895
v -0.49987680 0.20802480 0.06297607
v -0.49987680 0.19707338 0.06297607
v -0.49999489 0.18612536 0.05473895
v -0.49999489 0.17517394 0.05473895
v -0.49987680 0.18612139 0.06297607
v -0.49987680 0.17516996 0.06297607
v -0.49143019 0.20803842 0.06900816
v -0.49747135 0.20803388 0.06778925
v -0.49143019 0.19708643 0.06900816
v -0.49747135 0.19708246 0.06778925
v -0.48185663 0.20804524 0.06919607
v -0.48185663 0.19709325 0.06919607
v -0.49143019 0.18613501 0.06900816
v -0.49747135 0.18613047 0.06778925
v -0.49143019 0.17518302 0.06900816
v -0.49747135 0.17517905 0.06778925
v -0.48185663 0.18614182 0.06919607
v -0.48185663 0.17518983 0.06919607
v -0.47043967 0.21860209 0.03731545
v -0.44899896 0.21872812 0.03724733
v -0.43804299 0.21872983 0.03724619
v -0.47090010 0.20791409 0.03983388
v -0.47090067 0.19707394 0.03981401
v -0.45994868 0.20791409 0.03983388
v -0.45994925 0.19707394 0.03981401
v -0.47090067 0.18612139 0.03981401
v -0.47090067 0.17516940 0.03981401
v -0.45994925 0.18612139 0.03981401
v -0.45994925 0.17516940 0.03981401
v -0.44899612 0.20791466 0.03983388
v -0.44899726 0.19707394 0.03981401
v -0.43804526 0.20791523 0.03983332
v -0.43804526 0.19707394 0.03981401
v -0.44899726 0.18612139 0.03981401
v -0.44899726 0.17516940 0.03981401
v -0.43804526 0.18612139 0.03981401
v -0.43804526 0.17516940 0.03981401
v -0.47090407 0.25777741 0.06307429
v -0.45995208 0.25777741 0.06307429
v -0.47090918 0.25571203 0.06788633
v -0.47091429 0.25001320 0.06910921
v -0.47091600 0.24088247 0.06919607
v -0.45995719 0.25571203 0.06788633
v -0.45996230 0.25001263 0.06910921
v -0.45996457 0.24088247 0.06919607
v -0.47091600 0.22994354 0.06919664
v -0.47091600 0.21899212 0.06919664
v -0.45996457 0.22994354 0.06919664
v -0.45996457 0.21899212 0.06919664
v -0.44900066 0.25777741 0.06307429
v -0.43804867 0.25777741 0.06307429
v -0.44900577 0.25571203 0.06788633
v -0.44901088 0.25001263 0.06910921
v -0.44901258 0.24088247 0.06919607
v -0.43805378 0.25571203 0.06788633
v -0.43805889 0.25001263 0.06910921
v -0.43806116 0.24088247 0.06919607
v -0.44901258 0.22994354 0.06919664
v -0.44901258 0.21899212 0.06919664
v -0.43806116 0.22994354 0.06919664
v -0.43806116 0.21899212 0.06919664
v -0.47091600 0.20804013 0.06919664
v -0.47091600 0.19708870 0.06919664
v -0.45996457 0.20804013 0.06919664
v -0.45996457 0.19708870 0.06919664
v -0.47091600 0.18613671 0.06919664
v -0.47091600 0.17518529 0.06919664
v -0.45996457 0.18613671 0.06919664
v -0.45996457 0.17518529 0.06919664
v -0.44901258 0.20804013 0.06919664
v -0.44901258 0.19708870 0.06919664
v -0.43806116 0.20804013 0.06919664
v -0.43806116 0.19708870 0.06919664
v -0.44901258 0.18613671 0.06919664
v -0.44901258 0.17518529 0.06919664
v -0.43806116 0.18613671 0.06919664
v -0.43806116 0.17518529 0.06919664
v -0.42709100 0.21872926 0.03724619
v -0.41613958 0.21872926 0.03724619
v -0.40518759 0.21872926 0.03724619
v -0.39423617 0.21872926 0.03724619
v -0.42709327 0.20791523 0.03983332
v -0.42709384 0.19707394 0.03981401
v -0.41614185 0.20791523 0.03983332
v -0.41614185 0.19707394 0.03981401
v -0.42709384 0.18612139 0.03981401
v -0.42709384 0.17516940 0.03981401
v -0.41614185 0.18612139 0.03981401
v -0.41614185 0.17516940 0.03981401
v -0.40518986 0.20791523 0.03983332
v -0.40519043 0.19707394 0.03981401
v -0.39423844 0.20791523 0.03983332
v -0.39423844 0.19707394 0.03981401
v -0.40519043 0.18612139 0.03981401
v -0.40519043 0.17516940 0.03981401
v -0.39423844 0.18612139 0.03981401
v -0.39423844 0.17516940 0.03981401
v -0.42709725 0.25777741 0.06307429
v -0.41614526 0.25777741 0.06307429
v -0.42710236 0.25571203 0.06788633
v -0.42710747 0.25001263 0.06910921
v -0.42710917 0.24088247 0.06919607
v -0.41615037 0.25571203 0.06788633
v -0.41615548 0.25001263 0.06910921
v -0.41615775 0.24088247 0.06919607
v -0.42710917 0.22994354 0.06919664
v -0.42710917 0.21899212 0.06919664
v -0.41615775 0.22994354 0.06919664
v -0.41615775 0.21899212 0.06919664
v -0.40519384 0.25777741 0.06307429
v -0.39424185 0.25777741 0.06307429
v -0.40519838 0.25571203 0.06788633
v -0.40520349 0.25001263 0.06910921
v -0.40520576 0.24088247 0.06919607
v -0.39424695 0.25571203 0.06788633
v -0.39425206 0.25001263 0.06910921
v -0.39425377 0.24088247 0.06919607
v -0.40520576 0.22994354 0.06919664
v -0.40520576 0.21899212 0.06919664
v -0.39425377 0.22994354 0.06919664
v -0.39425377 0.21899212 0.06919664
v -0.42710917 0.20804013 0.06919664
v -0.42710917 0.19708870 0.06919664
v -0.41615775 0.20804013 0.06919664
v -0.41615775 0.19708870 0.06919664
v -0.42710917 0.18613671 0.06919664
v -0.42710917 0.17518529 0.06919664
v -0.41615775 0.18613671 0.06919664
v -0.41615775 0.17518529 0.06919664
v -0.40520576 0.20804013 0.06919664
v -0.40520576 0.19708870 0.06919664
v -0.39425377 0.20804013 0.06919664
v -0.39425377 0.19708870 0.06919664
v -0.40520576 0.18613671 0.06919664
v -0.40520576 0.17518529 0.06919664
v -0.39425377 0.18613671 0.06919664
v -0.39425377 0.17518529 0.06919664
v -0.38328702 0.21872585 0.03724789
v -0.37212497 0.21863048 0.03711050
v -0.36011587 0.21857143 0.03694530
v -0.34875909 0.21859812 0.03692316
v -0.38328645 0.20791523 0.03983332
v -0.38328702 0.19707394 0.03981401
v -0.37233730 0.20791125 0.03983502
v -0.37233503 0.19707394 0.03981401
v -0.38328702 0.18612139 0.03981401
v -0.38328702 0.17516940 0.03981401
v -0.37233503 0.18612139 0.03981401
v -0.37233503 0.17516940 0.03981401
v -0.36138531 0.20790501 0.03983729
v -0.36138360 0.19707394 0.03981401
v -0.35043105 0.20790217 0.03983843
v -0.35043161 0.19707394 0.03981401
v -0.36138360 0.18612139 0.03981401
v -0.36138360 0.17516940 0.03981401
v -0.35043161 0.18612139 0.03981401
v -0.35043161 0.17516940 0.03981401
v -0.38329042 0.25777741 0.06307429
v -0.37233843 0.25777741 0.06307429
v -0.38329496 0.25571203 0.06788633
v -0.38330007 0.25001263 0.06910921
v -0.38330234 0.24088247 0.06919607
v -0.37234354 0.25571203 0.06788633
v -0.37234865 0.25001263 0.06910921
v -0.37235035 0.24088247 0.06919607
v -0.38330234 0.22994354 0.06919664
v -0.38330234 0.21899212 0.06919664
v -0.37235035 0.22994354 0.06919664
v -0.37235035 0.21899212 0.06919664
v -0.36138644 0.25777741 0.06307429
v -0.35043502 0.25777741 0.06307429
v -0.36139155 0.25571203 0.06788633
v -0.36139666 0.25001263 0.06910921
v -0.36139893 0.24088247 0.06919607
v -0.35044013 0.25571203 0.06788633
v -0.35044524 0.25001263 0.06910921
v -0.35044694 0.24088247 0.06919607
v -0.36139893 0.22994354 0.06919664
v -0.36139893 0.21899212 0.06919664
v -0.35044694 0.22994354 0.06919664
v -0.35044694 0.21899212 0.06919664
v -0.38330234 0.20804013 0.06919664
v -0.38330234 0.19708870 0.06919664
v -0.37235035 0.20804013 0.06919664
v -0.37235035 0.19708870 0.06919664
v -0.38330234 0.18613671 0.06919664
v -0.38330234 0.17518529 0.06919664
v -0.37235035 0.18613671 0.06919664
v -0.37235035 0.17518529 0.06919664
v -0.36139893 0.20804013 0.06919664
v -0.36139893 0.19708870 0.06919664
v -0.35044694 0.20804013 0.06919664
v -0.35044694 0.19708870 0.06919664
v -0.36139893 0.18613671 0.06919664
v -0.36139893 0.17518529 0.06919664
v -0.35044694 0.18613671 0.06919664
v -0.35044694 0.17518529 0.06919664
v -0.48186401 0.16421797 0.03981401
v -0.48186401 0.15326598 0.03981401
v -0.48186401 0.14231456 0.03981401
v -0.48186401 0.13136257 0.03981401
v -0.48186401 0.12041115 0.03981401
v -0.48186401 0.10945916 0.03981401
v -0.48186401 0.09850773 0.03981401
v -0.48186401 0.08755574 0.03981401
v -0.49999489 0.16422195 0.05473895
v -0.49999489 0.15326996 0.05473895
v -0.49987680 0.16421797 0.06297607
v -0.49987680 0.15326655 0.06297607
v -0.49999489 0.14231853 0.05473895
v -0.49999489 0.13136654 0.05473895
v -0.49987680 0.14231456 0.06297607
v -0.49987680 0.13136257 0.06297607
v -0.49143019 0.16423160 0.06900816
v -0.49747135 0.16422706 0.06778925
v -0.49143019 0.15327961 0.06900816
v -0.49747135 0.15327563 0.06778925
v -0.48185663 0.16423841 0.06919607
v -0.48185663 0.15328642 0.06919607
v -0.49143019 0.14232819 0.06900816
v -0.49747135 0.14232364 0.06778925
v -0.49143019 0.13137619 0.06900816
v -0.49747135 0.13137222 0.06778925
v -0.48185663 0.14233500 0.06919607
v -0.48185663 0.13138301 0.06919607
v -0.49999489 0.12041512 0.05473895
v -0.49999489 0.10946313 0.05473895
v -0.49987680 0.12041115 0.06297607
v -0.49987680 0.10945916 0.06297607
v -0.49999489 0.09851171 0.05473895
v -0.49999489 0.08755972 0.05473895
v -0.49987680 0.09850773 0.06297607
v -0.49987680 0.08755574 0.06297607
v -0.49143019 0.12042477 0.06900816
v -0.49747135 0.12042023 0.06778925
v -0.49143019 0.10947278 0.06900816
v -0.49747135 0.10946824 0.06778925
v -0.48185663 0.12043158 0.06919607
v -0.48185663 0.10947959 0.06919607
v -0.49143019 0.09852136 0.06900816
v -0.49747135 0.09851682 0.06778925
v -0.49143019 0.08756937 0.06900816
v -0.49747135 0.08756483 0.06778925
v -0.48185663 0.09852760 0.06919607
v -0.48185663 0.08757618 0.06919607
v -0.47090067 0.16421797 0.03981401
v -0.47090067 0.15326598 0.03981401
v -0.45994925 0.16421797 0.03981401
v -0.45994925 0.15326598 0.03981401
v -0.47090067 0.14231456 0.03981401
v -0.47090067 0.13136257 0.03981401
v -0.45994925 0.14231456 0.03981401
v -0.45994925 0.13136257 0.03981401
v -0.44899726 0.16421797 0.03981401
v -0.44899726 0.15326598 0.03981401
v -0.43804526 0.16421797 0.03981401
v -0.43804526 0.15326598 0.03981401
v -0.44899726 0.14231456 0.03981401
v -0.44899726 0.13136257 0.03981401
v -0.43804526 0.14231456 0.03981401
v -0.43804526 0.13136257 0.03981401
v -0.47090067 0.12041115 0.03981401
v -0.47090067 0.10945916 0.03981401
v -0.45994925 0.12041115 0.03981401
v -0.45994925 0.10945916 0.03981401
v -0.47090067 0.09850773 0.03981401
v -0.47090067 0.08755574 0.03981401
v -0.45994925 0.09850773 0.03981401
v -0.45994925 0.08755574 0.03981401
v -0.44899726 0.12041115 0.03981401
v -0.44899726 0.10945916 0.03981401
v -0.43804526 0.12041115 0.03981401
v -0.43804526 0.10945916 0.03981401
v -0.44899726 0.09850773 0.03981401
v -0.44899726 0.08755574 0.03981401
v -0.43804526 0.09850773 0.03981401
v -0.43804526 0.08755574 0.03981401
v -0.47091600 0.16423330 0.06919664
v -0.47091600 0.15328188 0.06919664
v -0.45996457 0.16423330 0.06919664
v -0.45996457 0.15328188 0.06919664
v -0.47091600 0.14232989 0.06919664
v -0.47091600 0.13137790 0.06919664
v -0.45996457 0.14232989 0.06919664
v -0.45996457 0.13137790 0.06919664
v -0.44901258 0.16423330 0.06919664
v -0.44901258 0.15328188 0.06919664
v -0.43806116 0.16423330 0.06919664
v -0.43806116 0.15328188 0.06919664
v -0.44901258 0.14232989 0.06919664
v -0.44901258 0.13137790 0.06919664
v -0.43806116 0.14232989 0.06919664
v -0.43806116 0.13137790 0.06919664
v -0.47091600 0.12042648 0.06919664
v -0.47091600 0.10947449 0.06919664
v -0.45996457 0.12042648 0.06919664
v -0.45996457 0.10947449 0.06919664
v -0.47091600 0.09852306 0.06919664
v -0.47091600 0.08757107 0.06919664
v -0.45996457 0.09852306 0.06919664
v -0.45996457 0.08757107 0.06919664
v -0.44901258 0.12042648 0.06919664
v -0.44901258 0.10947449 0.06919664
v -0.43806116 0.12042648 0.06919664
v -0.43806116 0.10947449 0.06919664
v -0.44901258 0.09852306 0.06919664
v -0.44901258 0.08757107 0.06919664
v -0.43806116 0.09852306 0.06919664
v -0.43806116 0.08757107 0.06919664
v -0.48186401 0.07660432 0.03981401
v -0.48186401 0.06565233 0.03981401
v -0.48186401 0.05470034 0.03981401
v -0.48186401 0.04374892 0.03981401
v -0.48186401 0.03279693 0.03981401
v -0.48186401 0.02184550 0.03981401
v -0.48186401 0.01089351 0.03981401
v -0.48186401 -0.00005791 0.03981401
v -0.49999489 0.07660830 0.05473895
v -0.49999489 0.06565630 0.05473895
v -0.49987680 0.07660432 0.06297607
v -0.49987680 0.06565233 0.06297607
v -0.49999489 0.05470488 0.05473895
v -0.49999489 0.04375289 0.05473895
v -0.49987680 0.05470091 0.06297607
v -0.49987680 0.04374892 0.06297607
v -0.49143019 0.07661738 0.06900816
v -0.49747135 0.07661340 0.06778925
v -0.49143019 0.06566596 0.06900816
v -0.49747135 0.06566141 0.06778925
v -0.48185663 0.07662419 0.06919607
v -0.48185663 0.06567277 0.06919607
v -0.49143019 0.05471397 0.06900816
v -0.49747135 0.05470999 0.06778925
v -0.49143019 0.04376254 0.06900816
v -0.49747135 0.04375800 0.06778925
v -0.48185663 0.05472078 0.06919607
v -0.48185663 0.04376936 0.06919607
v -0.49999489 0.03280090 0.05473895
v -0.49999489 0.02184948 0.05473895
v -0.49987680 0.03279750 0.06297607
v -0.49987680 0.02184550 0.06297607
v -0.49999489 0.01089749 0.05473895
v -0.49999489 -0.00005393 0.05473895
v -0.49987680 0.01089351 0.06297607
v -0.49987680 -0.00005791 0.06297607
v -0.49143019 0.03281055 0.06900816
v -0.49747135 0.03280658 0.06778925
v -0.49143019 0.02185913 0.06900816
v -0.49747135 0.02185459 0.06778925
v -0.48185663 0.03281737 0.06919607
v -0.48185663 0.02186594 0.06919607
v -0.49142451 0.01090146 0.06891335
v -0.49747135 0.01090317 0.06778925
v -0.49141656 -0.00005337 0.06881854
v -0.49747135 -0.00004882 0.06778925
v -0.48184755 0.01090033 0.06900645
v -0.48184301 -0.00005110 0.06891164
v -0.47090067 0.07660432 0.03981401
v -0.47090067 0.06565233 0.03981401
v -0.45994925 0.07660432 0.03981401
v -0.45994925 0.06565233 0.03981401
v -0.47090067 0.05470034 0.03981401
v -0.47090067 0.04374892 0.03981401
v -0.45994925 0.05470034 0.03981401
v -0.45994925 0.04374892 0.03981401
v -0.44899726 0.07660432 0.03981401
v -0.44899726 0.06565233 0.03981401
v -0.43804526 0.07660432 0.03981401
v -0.43804526 0.06565233 0.03981401
v -0.44899726 0.05470034 0.03981401
v -0.44899726 0.04374892 0.03981401
v -0.43804526 0.05470034 0.03981401
v -0.43804526 0.04374892 0.03981401
v -0.47090067 0.03279693 0.03981401
v -0.47090067 0.02184550 0.03981401
v -0.45994925 0.03279693 0.03981401
v -0.45994925 0.02184550 0.03981401
v -0.47090067 0.01089351 0.03981401
v -0.47090067 -0.00005791 0.03981401
v -0.45994925 0.01089351 0.03981401
v -0.45994925 -0.00005791 0.03981401
v -0.44899726 0.03279693 0.03981401
v -0.44899726 0.02184550 0.03981401
v -0.43804526 0.03279693 0.03981401
v -0.43804526 0.02184550 0.03981401
v -0.44899726 0.01089351 0.03981401
v -0.44899726 -0.00005791 0.03981401
v -0.43804526 0.01089351 0.03981401
v -0.43804526 -0.00005791 0.03981401
v -0.47091600 0.07661965 0.06919664
v -0.47091600 0.06566766 0.06919664
v -0.45996457 0.07661965 0.06919664
v -0.45996457 0.06566766 0.06919664
v -0.47091600 0.05471624 0.06919664
v -0.47091600 0.04376425 0.06919664
v -0.45996457 0.05471624 0.06919664
v -0.45996457 0.04376425 0.06919664
v -0.44901258 0.07661965 0.06919664
v -0.44901258 0.06566766 0.06919664
v -0.43806116 0.07661965 0.06919664
v -0.43806116 0.06566766 0.06919664
v -0.44901258 0.05471624 0.06919664
v -0.44901258 0.04376425 0.06919664
v -0.43806116 0.05471624 0.06919664
v -0.43806116 0.04376425 0.06919664
v -0.47091600 0.03281282 0.06919664
v -0.47091600 0.02186083 0.06919664
v -0.45996457 0.03281282 0.06919664
v -0.45996457 0.02186083 0.06919664
v -0.47091032 0.01089408 0.06900702
v -0.47090124 -0.00006245 0.06881740
v -0.45995833 0.01089408 0.06900702
v -0.45995265 -0.00006359 0.06881740
v -0.44901258 0.03281282 0.06919664
v -0.44901258 0.02186083 0.06919664
v -0.43806116 0.03281282 0.06919664
v -0.43806116 0.02186083 0.06919664
v -0.44900691 0.01089408 0.06900702
v -0.44900123 -0.00006359 0.06881740
v -0.43805492 0.01089408 0.06900702
v -0.43804924 -0.00006359 0.06881740
v -0.42709384 0.16421797 0.03981401
v -0.42709384 0.15326598 0.03981401
v -0.41614185 0.16421797 0.03981401
v -0.41614185 0.15326598 0.03981401
v -0.42709384 0.14231456 0.03981401
v -0.42709384 0.13136257 0.03981401
v -0.41614185 0.14231456 0.03981401
v -0.41614185 0.13136257 0.03981401
v -0.40519043 0.16421797 0.03981401
v -0.40519043 0.15326598 0.03981401
v -0.39423844 0.16421797 0.03981401
v -0.39423844 0.15326598 0.03981401
v -0.40519043 0.14231456 0.03981401
v -0.40519043 0.13136257 0.03981401
v -0.39423844 0.14231456 0.03981401
v -0.39423844 0.13136257 0.03981401
v -0.42709384 0.12041115 0.03981401
v -0.42709384 0.10945916 0.03981401
v -0.41614185 0.12041115 0.03981401
v -0.41614185 0.10945916 0.03981401
v -0.42709384 0.09850773 0.03981401
v -0.42709384 0.08755574 0.03981401
v -0.41614185 0.09850773 0.03981401
v -0.41614185 0.08755574 0.03981401
v -0.40519043 0.12041115 0.03981401
v -0.40519043 0.10945916 0.03981401
v -0.39423844 0.12041115 0.03981401
v -0.39423844 0.10945916 0.03981401
v -0.40519043 0.09850773 0.03981401
v -0.40519043 0.08755574 0.03981401
v -0.39423844 0.09850773 0.03981401
v -0.39423844 0.08755574 0.03981401
v -0.42710917 0.16423330 0.06919664
v -0.42710917 0.15328188 0.06919664
v -0.41615775 0.16423330 0.06919664
v -0.41615775 0.15328188 0.06919664
v -0.42710917 0.14232989 0.06919664
v -0.42710917 0.13137790 0.06919664
v -0.41615775 0.14232989 0.06919664
v -0.41615775 0.13137790 0.06919664
v -0.40520576 0.16423330 0.06919664
v -0.40520576 0.15328188 0.06919664
v -0.39425377 0.16423330 0.06919664
v -0.39425377 0.15328188 0.06919664
v -0.40520576 0.14232989 0.06919664
v -0.40520576 0.13137790 0.06919664
v -0.39425377 0.14232989 0.06919664
v -0.39425377 0.13137790 0.06919664
v -0.42710917 0.12042648 0.06919664
v -0.42710917 0.10947449 0.06919664
v -0.41615775 0.12042648 0.06919664
v -0.41615775 0.10947449 0.06919664
v -0.42710917 0.09852306 0.06919664
v -0.42710917 0.08757107 0.06919664
v -0.41615775 0.09852306 0.06919664
v -0.41615775 0.08757107 0.06919664
v -0.40520576 0.12042648 0.06919664
v -0.40520576 0.10947449 0.06919664
v -0.39425377 0.12042648 0.06919664
v -0.39425377 0.10947449 0.06919664
v -0.40520576 0.09852306 0.06919664
v -0.40520576 0.08757107 0.06919664
v -0.39425377 0.09852306 0.06919664
v -0.39425377 0.08757107 0.06919664
v -0.38328702 0.16421797 0.03981401
v -0.38328702 0.15326598 0.03981401
v -0.37233503 0.16421797 0.03981401
v -0.37233503 0.15326598 0.03981401
v -0.38328702 0.14231456 0.03981401
v -0.38328702 0.13136257 0.03981401
v -0.37233503 0.14231456 0.03981401
v -0.37233503 0.13136257 0.03981401
v -0.36138360 0.16421797 0.03981401
v -0.36138360 0.15326598 0.03981401
v -0.35043161 0.16421797 0.03981401
v -0.35043161 0.15326598 0.03981401
v -0.36138360 0.14231456 0.03981401
v -0.36138360 0.13136257 0.03981401
v -0.35043161 0.14231456 0.03981401
v -0.35043161 0.13136257 0.03981401
v -0.38328702 0.12041115 0.03981401
v -0.38328702 0.10945916 0.03981401
v -0.37233503 0.12041115 0.03981401
v -0.37233503 0.10945916 0.03981401
v -0.38328702 0.09850773 0.03981401
v -0.38328702 0.08755574 0.03981401
v -0.37233503 0.09850773 0.03981401
v -0.37233503 0.08755574 0.03981401
v -0.36138360 0.12041115 0.03981401
v -0.36138360 0.10945916 0.03981401
v -0.35043161 0.12041115 0.03981401
v -0.35043161 0.10945916 0.03981401
v -0.36138360 0.09850773 0.03981401
v -0.36138360 0.08755574 0.03981401
v -0.35043161 0.09850773 0.03981401
v -0.35043161 0.08755574 0.03981401
v -0.38330234 0.16423330 0.06919664
v -0.38330234 0.15328188 0.06919664
v -0.37235035 0.16423330 0.06919664
v -0.37235035 0.15328188 0.06919664
v -0.38330234 0.14232989 0.06919664
v -0.38330234 0.13137790 0.06919664
v -0.37235035 0.14232989 0.06919664
v -0.37235035 0.13137790 0.06919664
v -0.36139893 0.16423330 0.06919664
v -0.36139893 0.15328188 0.06919664
v -0.35044694 0.16423330 0.06919664
v -0.35044694 0.15328188 0.06919664
v -0.36139893 0.14232989 0.06919664
v -0.36139893 0.13137790 0.06919664
v -0.35044694 0.14232989 0.06919664
v -0.35044694 0.13137790 0.06919664
v -0.38330234 0.12042648 0.06919664
v -0.38330234 0.10947449 0.06919664
v -0.37235035 0.12042648 0.06919664
v -0.37235035 0.10947449 0.06919664
v -0.38330234 0.09852306 0.06919664
v -0.38330234 0.08757107 0.06919664
v -0.37235035 0.09852306 0.06919664
v -0.37235035 0.08757107 0.06919664
v -0.36139893 0.12042648 0.06919664
v -0.36139893 0.10947449 0.06919664
v -0.35044694 0.12042648 0.06919664
v -0.35044694 0.10947449 0.06919664
v -0.36139893 0.09852306 0.06919664
v -0.36139893 0.08757107 0.06919664
v -0.35044694 0.09852306 0.06919664
v -0.35044694 0.08757107 0.06919664
v -0.42709384 0.07660432 0.03981401
v -0.42709384 0.06565233 0.03981401
v -0.41614185 0.07660432 0.03981401
v -0.41614185 0.06565233 0.03981401
v -0.42709384 0.05470034 0.03981401
v -0.42709384 0.04374892 0.03981401
v -0.41614185 0.05470034 0.03981401
v -0.41614185 0.04374892 0.03981401
v -0.40519043 0.07660432 0.03981401
v -0.40519043 0.06565233 0.03981401
v -0.39423844 0.07660432 0.03981401
v -0.39423844 0.06565233 0.03981401
v -0.40519043 0.05470034 0.03981401
v -0.40519043 0.04374892 0.03981401
v -0.39423844 0.05470034 0.03981401
v -0.39423844 0.04374892 0.03981401
v -0.42709384 0.03279693 0.03981401
v -0.42709384 0.02184550 0.03981401
v -0.41614185 0.03279693 0.03981401
v -0.41614185 0.02184550 0.03981401
v -0.42709384 0.01089351 0.03981401
v -0.42709384 -0.00005791 0.03981401
v -0.41614185 0.01089351 0.03981401
v -0.41614185 -0.00005791 0.03981401
v -0.40519043 0.03279693 0.03981401
v -0.40519043 0.02184550 0.03981401
v -0.39423844 0.03279693 0.03981401
v -0.39423844 0.02184550 0.03981401
v -0.40519043 0.01089351 0.03981401
v -0.40519043 -0.00005791 0.03981401
v -0.39423844 0.01089351 0.03981401
v -0.39423844 -0.00005791 0.03981401
v -0.42710917 0.07661965 0.06919664
v -0.42710917 0.06566766 0.06919664
v -0.41615775 0.07661965 0.06919664
v -0.41615775 0.06566766 0.06919664
v -0.42710917 0.05471624 0.06919664
v -0.42710917 0.04376425 0.06919664
v -0.41615775 0.05471624 0.06919664
v -0.41615775 0.04376425 0.06919664
v -0.40520576 0.07661965 0.06919664
v -0.40520576 0.06566766 0.06919664
v -0.39425377 0.07661965 0.06919664
v -0.39425377 0.06566766 0.06919664
v -0.40520576 0.05471624 0.06919664
v -0.40520576 0.04376425 0.06919664
v -0.39425377 0.05471624 0.06919664
v -0.39425377 0.04376425 0.06919664
v -0.42710917 0.03281282 0.06919664
v -0.42710917 0.02186083 0.06919664
v -0.41615775 0.03281282 0.06919664
v -0.41615775 0.02186083 0.06919664
v -0.42710349 0.01089408 0.06900702
v -0.42709725 -0.00006359 0.06881740
v -0.41615150 0.01089408 0.06900702
v -0.41614583 -0.00006359 0.06881740
v -0.40520576 0.03281282 0.06919664
v -0.40520576 0.02186083 0.06919664
v -0.39425377 0.03281282 0.06919664
v -0.39425377 0.02186083 0.06919664
v -0.40520008 0.01089408 0.06900702
v -0.40519384 -0.00006359 0.06881740
v -0.39424809 0.01089408 0.06900702
v -0.39424241 -0.00006359 0.06881740
v -0.38328702 0.07660432 0.03981401
v -0.38328702 0.06565233 0.03981401
v -0.37233503 0.07660432 0.03981401
v -0.37233503 0.06565233 0.03981401
v -0.38328702 0.05470034 0.03981401
v -0.38328702 0.04374892 0.03981401
v -0.37233503 0.05470034 0.03981401
v -0.37233503 0.04374892 0.03981401
v -0.36138360 0.07660432 0.03981401
v -0.36138360 0.06565233 0.03981401
v -0.35043161 0.07660432 0.03981401
v -0.35043161 0.06565233 0.03981401
v -0.36138360 0.05470034 0.03981401
v -0.36138360 0.04374892 0.03981401
v -0.35043161 0.05470034 0.03981401
v -0.35043161 0.04374892 0.03981401
v -0.38328702 0.03279693 0.03981401
v -0.38328702 0.02184550 0.03981401
v -0.37233503 0.03279693 0.03981401
v -0.37233503 0.02184550 0.03981401
v -0.38328702 0.01089351 0.03981401
v -0.38328702 -0.00005791 0.03981401
v -0.37233503 0.01089351 0.03981401
v -0.37233503 -0.00005791 0.03981401
v -0.36138360 0.03279693 0.03981401
v -0.36138360 0.02184550 0.03981401
v -0.35043161 0.03279693 0.03981401
v -0.35043161 0.02184550 0.03981401
v -0.36138360 0.01089351 0.03981401
v -0.36138360 -0.00005791 0.03981401
v -0.35043161 0.01089351 0.03981401
v -0.35043161 -0.00005791 0.03981401
v -0.38330234 0.07661965 0.06919664
v -0.38330234 0.06566766 0.06919664
v -0.37235035 0.07661965 0.06919664
v -0.37235035 0.06566766 0.06919664
v -0.38330234 0.05471624 0.06919664
v -0.38330234 0.04376425 0.06919664
v -0.37235035 0.05471624 0.06919664
v -0.37235035 0.04376425 0.06919664
v -0.36139893 0.07661965 0.06919664
v -0.36139893 0.06566766 0.06919664
v -0.35044694 0.07661965 0.06919664
v -0.35044694 0.06566766 0.06919664
v -0.36139893 0.05471624 0.06919664
v -0.36139893 0.04376425 0.06919664
v -0.35044694 0.05471624 0.06919664
v -0.35044694 0.04376425 0.06919664
v -0.38330234 0.03281282 0.06919664
v -0.38330234 0.02186083 0.06919664
v -0.37235035 0.03281282 0.06919664
v -0.37235035 0.02186083 0.06919664
v -0.38329667 0.01089408 0.06900702
v -0.38329042 -0.00006359 0.06881740
v -0.37234468 0.01089408 0.06900702
v -0.37233900 -0.00006359 0.06881740
v -0.36139893 0.03281282 0.06919664
v -0.36139893 0.02186083 0.06919664
v -0.35044694 0.03281282 0.06919664
v -0.35044694 0.02186083 0.06919664
v -0.36139325 0.01089408 0.06900702
v -0.36138701 -0.00006359 0.06881740
v -0.35044126 0.01089408 0.06900702
v -0.35043559 -0.00006359 0.06881740
v -0.33780710 0.21859925 0.03692259
v -0.32685511 0.21859982 0.03692259
v -0.31590369 0.21859925 0.03692259
v -0.30495170 0.21859982 0.03692259
v -0.33947962 0.20790160 0.03983843
v -0.33947962 0.19707394 0.03981401
v -0.32852763 0.20790160 0.03983843
v -0.32852820 0.19707394 0.03981401
v -0.33947962 0.18612139 0.03981401
v -0.33947962 0.17516940 0.03981401
v -0.32852820 0.18612139 0.03981401
v -0.32852820 0.17516940 0.03981401
v -0.31757621 0.20790160 0.03983843
v -0.31757621 0.19707394 0.03981401
v -0.30662422 0.20790160 0.03983843
v -0.30662479 0.19707394 0.03981401
v -0.31757621 0.18612139 0.03981401
v -0.31757621 0.17516940 0.03981401
v -0.30662479 0.18612139 0.03981401
v -0.30662479 0.17516940 0.03981401
v -0.33948303 0.25777741 0.06307429
v -0.32853161 0.25777741 0.06307429
v -0.33948814 0.25571203 0.06788633
v -0.33949325 0.25001263 0.06910921
v -0.33949552 0.24088247 0.06919607
v -0.32853672 0.25571203 0.06788633
v -0.32854183 0.25001263 0.06910921
v -0.32854353 0.24088247 0.06919607
v -0.33949552 0.22994354 0.06919664
v -0.33949552 0.21899212 0.06919664
v -0.32854353 0.22994354 0.06919664
v -0.32854353 0.21899212 0.06919664
v -0.31757962 0.25777741 0.06307429
v -0.30662819 0.25777741 0.06307429
v -0.31758473 0.25571203 0.06788633
v -0.31758984 0.25001263 0.06910921
v -0.31759211 0.24088247 0.06919607
v -0.30663330 0.25571203 0.06788633
v -0.30663841 0.25001263 0.06910921
v -0.30664012 0.24088247 0.06919607
v -0.31759211 0.22994354 0.06919664
v -0.31759211 0.21899212 0.06919664
v -0.30664012 0.22994354 0.06919664
v -0.30664012 0.21899212 0.06919664
v -0.33949552 0.20804013 0.06919664
v -0.33949552 0.19708870 0.06919664
v -0.32854353 0.20804013 0.06919664
v -0.32854353 0.19708870 0.06919664
v -0.33949552 0.18613671 0.06919664
v -0.33949552 0.17518529 0.06919664
v -0.32854353 0.18613671 0.06919664
v -0.32854353 0.17518529 0.06919664
v -0.31759211 0.20804013 0.06919664
v -0.31759211 0.19708870 0.06919664
v -0.30664012 0.20804013 0.06919664
v -0.30664012 0.19708870 0.06919664
v -0.31759211 0.18613671 0.06919664
v -0.31759211 0.17518529 0.06919664
v -0.30664012 0.18613671 0.06919664
v -0.30664012 0.17518529 0.06919664
v -0.29399971 0.21859925 0.03692259
v -0.28304829 0.21859982 0.03692259
v -0.27209630 0.21859925 0.03692259
v -0.26114431 0.21859982 0.03692259
v -0.29567280 0.20790160 0.03983843
v -0.29567280 0.19707394 0.03981401
v -0.28472081 0.20790160 0.03983843
v -0.28472137 0.19707394 0.03981401
v -0.29567280 0.18612139 0.03981401
v -0.29567280 0.17516940 0.03981401
v -0.28472137 0.18612139 0.03981401
v -0.28472137 0.17516940 0.03981401
v -0.27376938 0.20790160 0.03983843
v -0.27376938 0.19707394 0.03981401
v -0.26281739 0.20790160 0.03983843
v -0.26281796 0.19707394 0.03981401
v -0.27376938 0.18612139 0.03981401
v -0.27376938 0.17516940 0.03981401
v -0.26281796 0.18612139 0.03981401
v -0.26281796 0.17516940 0.03981401
v -0.29567620 0.25777741 0.06307429
v -0.28472478 0.25777741 0.06307429
v -0.29568131 0.25571203 0.06788633
v -0.29568642 0.25001263 0.06910921
v -0.29568869 0.24088247 0.06919607
v -0.28472932 0.25571203 0.06788633
v -0.28473443 0.25001263 0.06910921
v -0.28473670 0.24088247 0.06919607
v -0.29568869 0.22994354 0.06919664
v -0.29568869 0.21899212 0.06919664
v -0.28473670 0.22994354 0.06919664
v -0.28473670 0.21899212 0.06919664
v -0.27377279 0.25777741 0.06307429
v -0.26282137 0.25777741 0.06307429
v -0.27377790 0.25571203 0.06788633
v -0.27378301 0.25001263 0.06910921
v -0.27378528 0.24088247 0.06919607
v -0.26282591 0.25571203 0.06788633
v -0.26283102 0.25001263 0.06910921
v -0.26283329 0.24088247 0.06919607
v -0.27378528 0.22994354 0.06919664
v -0.27378528 0.21899212 0.06919664
v -0.26283329 0.22994354 0.06919664
v -0.26283329 0.21899212 0.06919664
v -0.29568869 0.20804013 0.06919664
v -0.29568869 0.19708870 0.06919664
v -0.28473670 0.20804013 0.06919664
v -0.28473670 0.19708870 0.06919664
v -0.29568869 0.18613671 0.06919664
v -0.29568869 0.17518529 0.06919664
v -0.28473670 0.18613671 0.06919664
v -0.28473670 0.17518529 0.06919664
v -0.27378528 0.20804013 0.06919664
v -0.27378528 0.19708870 0.06919664
v -0.26283329 0.20804013 0.06919664
v -0.26283329 0.19708870 0.06919664
v -0.27378528 0.18613671 0.06919664
v -0.27378528 0.17518529 0.06919664
v -0.26283329 0.18613671 0.06919664
v -0.26283329 0.17518529 0.06919664
v -0.25019288 0.21859925 0.03692259
v -0.23924089 0.21859982 0.03692259
v -0.22828947 0.21859925 0.03692259
v -0.21733748 0.21859982 0.03692259
v -0.25186597 0.20790160 0.03983843
v -0.25186597 0.19707394 0.03981401
v -0.24091398 0.20790160 0.03983843
v -0.24091455 0.19707394 0.03981401
v -0.25186597 0.18612139 0.03981401
v -0.25186597 0.17516940 0.03981401
v -0.24091455 0.18612139 0.03981401
v -0.24091455 0.17516940 0.03981401
v -0.22996256 0.20790160 0.03983843
v -0.22996256 0.19707394 0.03981401
v -0.21901057 0.20790160 0.03983843
v -0.21901114 0.19707394 0.03981401
v -0.22996256 0.18612139 0.03981401
v -0.22996256 0.17516940 0.03981401
v -0.21901114 0.18612139 0.03981401
v -0.21901114 0.17516940 0.03981401
v -0.25186938 0.25777741 0.06307429
v -0.24091796 0.25777741 0.06307429
v -0.25187449 0.25571203 0.06788633
v -0.25187960 0.25001263 0.06910921
v -0.25188130 0.24088247 0.06919607
v -0.24092250 0.25571203 0.06788633
v -0.24092761 0.25001263 0.06910921
v -0.24092988 0.24088247 0.06919607
v -0.25188130 0.22994354 0.06919664
v -0.25188130 0.21899212 0.06919664
v -0.24092988 0.22994354 0.06919664
v -0.24092988 0.21899212 0.06919664
v -0.22996596 0.25777741 0.06307429
v -0.21901397 0.25777741 0.06307429
v -0.22997107 0.25571203 0.06788633
v -0.22997618 0.25001263 0.06910921
v -0.22997789 0.24088247 0.06919607
v -0.21901908 0.25571203 0.06788633
v -0.21902419 0.25001263 0.06910921
v -0.21902646 0.24088247 0.06919607
v -0.22997789 0.22994354 0.06919664
v -0.22997789 0.21899212 0.06919664
v -0.21902646 0.22994354 0.06919664
v -0.21902646 0.21899212 0.06919664
v -0.25188130 0.20804013 0.06919664
v -0.25188130 0.19708870 0.06919664
v -0.24092988 0.20804013 0.06919664
v -0.24092988 0.19708870 0.06919664
v -0.25188130 0.18613671 0.06919664
v -0.25188130 0.17518529 0.06919664
v -0.24092988 0.18613671 0.06919664
v -0.24092988 0.17518529 0.06919664
v -0.22997789 0.20804013 0.06919664
v -0.22997789 0.19708870 0.06919664
v -0.21902646 0.20804013 0.06919664
v -0.21902646 0.19708870 0.06919664
v -0.22997789 0.18613671 0.06919664
v -0.22997789 0.17518529 0.06919664
v -0.21902646 0.18613671 0.06919664
v -0.21902646 0.17518529 0.06919664
v -0.20638606 0.21859925 0.03692259
v -0.19543407 0.21859982 0.03692259
v -0.18448265 0.21859925 0.03692259
v -0.17353066 0.21859982 0.03692259
v -0.20805858 0.20790160 0.03983843
v -0.20805915 0.19707394 0.03981401
v -0.19710716 0.20790160 0.03983843
v -0.19710716 0.19707394 0.03981401
v -0.20805915 0.18612139 0.03981401
v -0.20805915 0.17516940 0.03981401
v -0.19710716 0.18612139 0.03981401
v -0.19710716 0.17516940 0.03981401
v -0.18615517 0.20790160 0.03983843
v -0.18615573 0.19707394 0.03981401
v -0.17520374 0.20790160 0.03983843
v -0.17520374 0.19707394 0.03981401
v -0.18615573 0.18612139 0.03981401
v -0.18615573 0.17516940 0.03981401
v -0.17520374 0.18612139 0.03981401
v -0.17520374 0.17516940 0.03981401
v -0.20806255 0.25777741 0.06307429
v -0.19711056 0.25777741 0.06307429
v -0.20806766 0.25571203 0.06788633
v -0.20807277 0.25001263 0.06910921
v -0.20807447 0.24088247 0.06919607
v -0.19711567 0.25571203 0.06788633
v -0.19712078 0.25001263 0.06910921
v -0.19712305 0.24088247 0.06919607
v -0.20807447 0.22994354 0.06919664
v -0.20807447 0.21899212 0.06919664
v -0.19712305 0.22994354 0.06919664
v -0.19712305 0.21899212 0.06919664
v -0.18615914 0.25777741 0.06307429
v -0.17520715 0.25777741 0.06307429
v -0.18616425 0.25571203 0.06788633
v -0.18616936 0.25001263 0.06910921
v -0.18617106 0.24088247 0.06919607
v -0.17521226 0.25571203 0.06788633
v -0.17521737 0.25001263 0.06910921
v -0.17521964 0.24088247 0.06919607
v -0.18617106 0.22994354 0.06919664
v -0.18617106 0.21899212 0.06919664
v -0.17521964 0.22994354 0.06919664
v -0.17521964 0.21899212 0.06919664
v -0.20807447 0.20804013 0.06919664
v -0.20807447 0.19708870 0.06919664
v -0.19712305 0.20804013 0.06919664
v -0.19712305 0.19708870 0.06919664
v -0.20807447 0.18613671 0.06919664
v -0.20807447 0.17518529 0.06919664
v -0.19712305 0.18613671 0.06919664
v -0.19712305 0.17518529 0.06919664
v -0.18617106 0.20804013 0.06919664
v -0.18617106 0.19708870 0.06919664
v -0.17521964 0.20804013 0.06919664
v -0.17521964 0.19708870 0.06919664
v -0.18617106 0.18613671 0.06919664
v -0.18617106 0.17518529 0.06919664
v -0.17521964 0.18613671 0.06919664
v -0.17521964 0.17518529 0.06919664
v -0.33948019 0.16421797 0.03981401
v -0.33948019 0.15326598 0.03981401
v -0.32852820 0.16421797 0.03981401
v -0.32852820 0.15326598 0.03981401
v -0.33948019 0.14231456 0.03981401
v -0.33948019 0.13136257 0.03981401
v -0.32852820 0.14231456 0.03981401
v -0.32852820 0.13136257 0.03981401
v -0.31757621 0.16421797 0.03981401
v -0.31757621 0.15326598 0.03981401
v -0.30662479 0.16421797 0.03981401
v -0.30662479 0.15326598 0.03981401
v -0.31757621 0.14231456 0.03981401
v -0.31757678 0.13136257 0.03981401
v -0.30662479 0.14231456 0.03981401
v -0.30662479 0.13136257 0.03981401
v -0.33948019 0.12041115 0.03981401
v -0.33948019 0.10945916 0.03981401
v -0.32852820 0.12041115 0.03981401
v -0.32852820 0.10945916 0.03981401
v -0.33948019 0.09850773 0.03981401
v -0.33948019 0.08755574 0.03981401
v -0.32852820 0.09850773 0.03981401
v -0.32852820 0.08755574 0.03981401
v -0.31757678 0.12041115 0.03981401
v -0.31757678 0.10945916 0.03981401
v -0.30662479 0.12041115 0.03981401
v -0.30662479 0.10945916 0.03981401
v -0.31757678 0.09850773 0.03981401
v -0.31757678 0.08755574 0.03981401
v -0.30662479 0.09850773 0.03981401
v -0.30662479 0.08755574 0.03981401
v -0.33949552 0.16423330 0.06919664
v -0.33949552 0.15328188 0.06919664
v -0.32854353 0.16423330 0.06919664
v -0.32854353 0.15328188 0.06919664
v -0.33949552 0.14232989 0.06919664
v -0.33949552 0.13137790 0.06919664
v -0.32854353 0.14232989 0.06919664
v -0.32854353 0.13137790 0.06919664
v -0.31759211 0.16423330 0.06919664
v -0.31759211 0.15328188 0.06919664
v -0.30664012 0.16423330 0.06919664
v -0.30664012 0.15328188 0.06919664
v -0.31759211 0.14232989 0.06919664
v -0.31759211 0.13137790 0.06919664
v -0.30664012 0.14232989 0.06919664
v -0.30664012 0.13137790 0.06919664
v -0.33949552 0.12042648 0.06919664
v -0.33949552 0.10947449 0.06919664
v -0.32854353 0.12042648 0.06919664
v -0.32854353 0.10947449 0.06919664
v -0.33949552 0.09852306 0.06919664
v -0.33949552 0.08757107 0.06919664
v -0.32854353 0.09852306 0.06919664
v -0.32854353 0.08757107 0.06919664
v -0.31759211 0.12042648 0.06919664
v -0.31759211 0.10947449 0.06919664
v -0.30664012 0.12042648 0.06919664
v -0.30664012 0.10947449 0.06919664
v -0.31759211 0.09852306 0.06919664
v -0.31759211 0.08757107 0.06919664
v -0.30664012 0.09852306 0.06919664
v -0.30664012 0.08757107 0.06919664
v -0.29567280 0.16421797 0.03981401
v -0.29567280 0.15326598 0.03981401
v -0.28472137 0.16421797 0.03981401
v -0.28472137 0.15326598 0.03981401
v -0.29567280 0.14231456 0.03981401
v -0.29567280 0.13136257 0.03981401
v -0.28472137 0.14231456 0.03981401
v -0.28472137 0.13136257 0.03981401
v -0.27376938 0.16421797 0.03981401
v -0.27376938 0.15326598 0.03981401
v -0.26281796 0.16421797 0.03981401
v -0.26281796 0.15326598 0.03981401
v -0.27376938 0.14231456 0.03981401
v -0.27376938 0.13136257 0.03981401
v -0.26281796 0.14231456 0.03981401
v -0.26281796 0.13136257 0.03981401
v -0.29567280 0.12041115 0.03981401
v -0.29567280 0.10945916 0.03981401
v -0.28472137 0.12041115 0.03981401
v -0.28472137 0.10945916 0.03981401
v -0.29567280 0.09850773 0.03981401
v -0.29567280 0.08755574 0.03981401
v -0.28472137 0.09850773 0.03981401
v -0.28472137 0.08755574 0.03981401
v -0.27376938 0.12041115 0.03981401
v -0.27376938 0.10945916 0.03981401
v -0.26281796 0.12041115 0.03981401
v -0.26281796 0.10945916 0.03981401
v -0.27376938 0.09850773 0.03981401
v -0.27376938 0.08755574 0.03981401
v -0.26281796 0.09850773 0.03981401
v -0.26281796 0.08755574 0.03981401
v -0.29568869 0.16423330 0.06919664
v -0.29568869 0.15328188 0.06919664
v -0.28473670 0.16423330 0.06919664
v -0.28473670 0.15328188 0.06919664
v -0.29568869 0.14232989 0.06919664
v -0.29568869 0.13137790 0.06919664
v -0.28473670 0.14232989 0.06919664
v -0.28473670 0.13137790 0.06919664
v -0.27378528 0.16423330 0.06919664
v -0.27378528 0.15328188 0.06919664
v -0.26283329 0.16423330 0.06919664
v -0.26283329 0.15328188 0.06919664
v -0.27378528 0.14232989 0.06919664
v -0.27378528 0.13137790 0.06919664
v -0.26283329 0.14232989 0.06919664
v -0.26283329 0.13137790 0.06919664
v -0.29568869 0.12042648 0.06919664
v -0.29568869 0.10947449 0.06919664
v -0.28473670 0.12042648 0.06919664
v -0.28473670 0.10947449 0.06919664
v -0.29568869 0.09852306 0.06919664
v -0.29568869 0.08757107 0.06919664
v -0.28473670 0.09852306 0.06919664
v -0.28473670 0.08757107 0.06919664
v -0.27378528 0.12042648 0.06919664
v -0.27378528 0.10947449 0.06919664
v -0.26283329 0.12042648 0.06919664
v -0.26283329 0.10947449 0.06919664
v -0.27378528 0.09852306 0.06919664
v -0.27378528 0.08757107 0.06919664
v -0.26283329 0.09852306 0.06919664
v -0.26283329 0.08757107 0.06919664
v -0.33948019 0.07660432 0.03981401
v -0.33948019 0.06565233 0.03981401
v -0.32852820 0.07660432 0.03981401
v -0.32852820 0.06565233 0.03981401
v -0.33948019 0.05470034 0.03981401
v -0.33948019 0.04374892 0.03981401
v -0.32852820 0.05470034 0.03981401
v -0.32852820 0.04374892 0.03981401
v -0.31757678 0.07660432 0.03981401
v -0.31757678 0.06565233 0.03981401
v -0.30662479 0.07660432 0.03981401
v -0.30662479 0.06565233 0.03981401
v -0.31757678 0.05470034 0.03981401
v -0.31757678 0.04374892 0.03981401
v -0.30662479 0.05470034 0.03981401
v -0.30662479 0.04374892 0.03981401
v -0.33948019 0.03279693 0.03981401
v -0.33948019 0.02184550 0.03981401
v -0.32852820 0.03279693 0.03981401
v -0.32852820 0.02184550 0.03981401
v -0.33948019 0.01089351 0.03981401
v -0.33948019 -0.00005791 0.03981401
v -0.32852820 0.01089351 0.03981401
v -0.32852820 -0.00005791 0.03981401
v -0.31757678 0.03279693 0.03981401
v -0.31757678 0.02184550 0.03981401
v -0.30662479 0.03279693 0.03981401
v -0.30662479 0.02184550 0.03981401
v -0.31757678 0.01089351 0.03981401
v -0.31757678 -0.00005791 0.03981401
v -0.30662479 0.01089351 0.03981401
v -0.30662479 -0.00005791 0.03981401
v -0.33949552 0.07661965 0.06919664
v -0.33949552 0.06566766 0.06919664
v -0.32854353 0.07661965 0.06919664
v -0.32854353 0.06566766 0.06919664
v -0.33949552 0.05471624 0.06919664
v -0.33949552 0.04376425 0.06919664
v -0.32854353 0.05471624 0.06919664
v -0.32854353 0.04376425 0.06919664
v -0.31759211 0.07661965 0.06919664
v -0.31759211 0.06566766 0.06919664
v -0.30664012 0.07661965 0.06919664
v -0.30664012 0.06566766 0.06919664
v -0.31759211 0.05471624 0.06919664
v -0.31759211 0.04376425 0.06919664
v -0.30664012 0.05471624 0.06919664
v -0.30664012 0.04376425 0.06919664
v -0.33949552 0.03281282 0.06919664
v -0.33949552 0.02186083 0.06919664
v -0.32854353 0.03281282 0.06919664
v -0.32854353 0.02186083 0.06919664
v -0.33948927 0.01089408 0.06900702
v -0.33948360 -0.00006359 0.06881740
v -0.32853785 0.01089408 0.06900702
v -0.32853217 -0.00006359 0.06881740
v -0.31759211 0.03281282 0.06919664
v -0.31759211 0.02186083 0.06919664
v -0.30664012 0.03281282 0.06919664
v -0.30664012 0.02186083 0.06919664
v -0.31758586 0.01089408 0.06900702
v -0.31758018 -0.00006359 0.06881740
v -0.30663444 0.01089408 0.06900702
v -0.30662819 -0.00006359 0.06881740
v -0.29567280 0.07660432 0.03981401
v -0.29567280 0.06565233 0.03981401
v -0.28472137 0.07660432 0.03981401
v -0.28472137 0.06565233 0.03981401
v -0.29567280 0.05470034 0.03981401
v -0.29567280 0.04374892 0.03981401
v -0.28472137 0.05470034 0.03981401
v -0.28472137 0.04374892 0.03981401
v -0.27376938 0.07660432 0.03981401
v -0.27376938 0.06565233 0.03981401
v -0.26281796 0.07660432 0.03981401
v -0.26281796 0.06565233 0.03981401
v -0.27376938 0.05470034 0.03981401
v -0.27376938 0.04374892 0.03981401
v -0.26281796 0.05470034 0.03981401
v -0.26281796 0.04374892 0.03981401
v -0.29567280 0.03279693 0.03981401
v -0.29567280 0.02184550 0.03981401
v -0.28472137 0.03279693 0.03981401
v -0.28472137 0.02184550 0.03981401
v -0.29567280 0.01089351 0.03981401
v -0.29567280 -0.00005791 0.03981401
v -0.28472137 0.01089351 0.03981401
v -0.28472137 -0.00005791 0.03981401
v -0.27376938 0.03279693 0.03981401
v -0.27376938 0.02184550 0.03981401
v -0.26281796 0.03279693 0.03981401
v -0.26281796 0.02184550 0.03981401
v -0.27376938 0.01089351 0.03981401
v -0.27376938 -0.00005791 0.03981401
v -0.26281796 0.01089351 0.03981401
v -0.26281796 -0.00005791 0.03981401
v -0.29568869 0.07661965 0.06919664
v -0.29568869 0.06566766 0.06919664
v -0.28473670 0.07661965 0.06919664
v -0.28473670 0.06566766 0.06919664
v -0.29568869 0.05471624 0.06919664
v -0.29568869 0.04376425 0.06919664
v -0.28473670 0.05471624 0.06919664
v -0.28473670 0.04376425 0.06919664
v -0.27378528 0.07661965 0.06919664
v -0.27378528 0.06566766 0.06919664
v -0.26283329 0.07661965 0.06919664
v -0.26283329 0.06566766 0.06919664
v -0.27378528 0.05471624 0.06919664
v -0.27378528 0.04376425 0.06919664
v -0.26283329 0.05471624 0.06919664
v -0.26283329 0.04376425 0.06919664
v -0.29568869 0.03281282 0.06919664
v -0.29568869 0.02186083 0.06919664
v -0.28473670 0.03281282 0.06919664
v -0.28473670 0.02186083 0.06919664
v -0.29568245 0.01089408 0.06900702
v -0.29567677 -0.00006359 0.06881740
v -0.28473103 0.01089408 0.06900702
v -0.28472478 -0.00006359 0.06881740
v -0.27378528 0.03281282 0.06919664
v -0.27378528 0.02186083 0.06919664
v -0.26283329 0.03281282 0.06919664
v -0.26283329 0.02186083 0.06919664
v -0.27377904 0.01089408 0.06900702
v -0.27377336 -0.00006359 0.06881740
v -0.26282761 0.01089408 0.06900702
v -0.26282137 -0.00006359 0.06881740
v -0.25186597 0.16421797 0.03981401
v -0.25186597 0.15326598 0.03981401
v -0.24091455 0.16421797 0.03981401
v -0.24091455 0.15326598 0.03981401
v -0.25186597 0.14231456 0.03981401
v -0.25186597 0.13136257 0.03981401
v -0.24091455 0.14231456 0.03981401
v -0.24091455 0.13136257 0.03981401
v -0.22996256 0.16421797 0.03981401
v -0.22996256 0.15326598 0.03981401
v -0.21901114 0.16421797 0.03981401
v -0.21901114 0.15326598 0.03981401
v -0.22996256 0.14231456 0.03981401
v -0.22996256 0.13136257 0.03981401
v -0.21901114 0.14231456 0.03981401
v -0.21901114 0.13136257 0.03981401
v -0.25186597 0.12041115 0.03981401
v -0.25186597 0.10945916 0.03981401
v -0.24091455 0.12041115 0.03981401
v -0.24091455 0.10945916 0.03981401
v -0.25186597 0.09850773 0.03981401
v -0.25186597 0.08755574 0.03981401
v -0.24091455 0.09850773 0.03981401
v -0.24091455 0.08755574 0.03981401
v -0.22996256 0.12041115 0.03981401
v -0.22996256 0.10945916 0.03981401
v -0.21901114 0.12041115 0.03981401
v -0.21901114 0.10945916 0.03981401
v -0.22996256 0.09850773 0.03981401
v -0.22996256 0.08755574 0.03981401
v -0.21901114 0.09850773 0.03981401
v -0.21901114 0.08755574 0.03981401
v -0.25188130 0.16423330 0.06919664
v -0.25188130 0.15328188 0.06919664
v -0.24092988 0.16423330 0.06919664
v -0.24092988 0.15328188 0.06919664
v -0.25188130 0.14232989 0.06919664
v -0.25188130 0.13137790 0.06919664
v -0.24092988 0.14232989 0.06919664
v -0.24092988 0.13137790 0.06919664
v -0.22997789 0.16423330 0.06919664
v -0.22997789 0.15328188 0.06919664
v -0.21902646 0.16423330 0.06919664
v -0.21902646 0.15328188 0.06919664
v -0.22997789 0.14232989 0.06919664
v -0.22997789 0.13137790 0.06919664
v -0.21902646 0.14232989 0.06919664
v -0.21902646 0.13137790 0.06919664
v -0.25188130 0.12042648 0.06919664
v -0.25188130 0.10947449 0.06919664
v -0.24092988 0.12042648 0.06919664
v -0.24092988 0.10947449 0.06919664
v -0.25188130 0.09852306 0.06919664
v -0.25188130 0.08757107 0.06919664
v -0.24092988 0.09852306 0.06919664
v -0.24092988 0.08757107 0.06919664
v -0.22997789 0.12042648 0.06919664
v -0.22997789 0.10947449 0.06919664
v -0.21902646 0.12042648 0.06919664
v -0.21902646 0.10947449 0.06919664
v -0.22997789 0.09852306 0.06919664
v -0.22997789 0.08757107 0.06919664
v -0.21902646 0.09852306 0.06919664
v -0.21902646 0.08757107 0.06919664
v -0.20805915 0.16421797 0.03981401
v -0.20805915 0.15326598 0.03981401
v -0.19710716 0.16421797 0.03981401
v -0.19710716 0.15326598 0.03981401
v -0.20805915 0.14231456 0.03981401
v -0.20805915 0.13136257 0.03981401
v -0.19710716 0.14231456 0.03981401
v -0.19710716 0.13136257 0.03981401
v -0.18615573 0.16421797 0.03981401
v -0.18615573 0.15326598 0.03981401
v -0.17520374 0.16421797 0.03981401
v -0.17520374 0.15326598 0.03981401
v -0.18615573 0.14231456 0.03981401
v -0.18615573 0.13136257 0.03981401
v -0.17520374 0.14231456 0.03981401
v -0.17520374 0.13136257 0.03981401
v -0.20805915 0.12041115 0.03981401
v -0.20805915 0.10945916 0.03981401
v -0.19710716 0.12041115 0.03981401
v -0.19710716 0.10945916 0.03981401
v -0.20805915 0.09850773 0.03981401
v -0.20805915 0.08755574 0.03981401
v -0.19710716 0.09850773 0.03981401
v -0.19710772 0.08755574 0.03981401
v -0.18615573 0.12041115 0.03981401
v -0.18615573 0.10945916 0.03981401
v -0.17520374 0.12041115 0.03981401
v -0.17520374 0.10945916 0.03981401
v -0.18615573 0.09850773 0.03981401
v -0.18615573 0.08755574 0.03981401
v -0.17520374 0.09850773 0.03981401
v -0.17520374 0.08755574 0.03981401
v -0.20807447 0.16423330 0.06919664
v -0.20807447 0.15328188 0.06919664
v -0.19712305 0.16423330 0.06919664
v -0.19712305 0.15328188 0.06919664
v -0.20807447 0.14232989 0.06919664
v -0.20807447 0.13137790 0.06919664
v -0.19712305 0.14232989 0.06919664
v -0.19712305 0.13137790 0.06919664
v -0.18617106 0.16423330 0.06919664
v -0.18617106 0.15328188 0.06919664
v -0.17521964 0.16423330 0.06919664
v -0.17521964 0.15328188 0.06919664
v -0.18617106 0.14232989 0.06919664
v -0.18617106 0.13137790 0.06919664
v -0.17521964 0.14232989 0.06919664
v -0.17521964 0.13137790 0.06919664
v -0.20807447 0.12042648 0.06919664
v -0.20807447 0.10947449 0.06919664
v -0.19712305 0.12042648 0.06919664
v -0.19712305 0.10947449 0.06919664
v -0.20807447 0.09852306 0.06919664
v -0.20807447 0.08757107 0.06919664
v -0.19712305 0.09852306 0.06919664
v -0.19712305 0.08757107 0.06919664
v -0.18617106 0.12042648 0.06919664
v -0.18617106 0.10947449 0.06919664
v -0.17521964 0.12042648 0.06919664
v -0.17521964 0.10947449 0.06919664
v -0.18617106 0.09852306 0.06919664
v -0.18617106 0.08757107 0.06919664
v -0.17521964 0.09852306 0.06919664
v -0.17521964 0.08757107 0.06919664
v -0.25186597 0.07660432 0.03981401
v -0.25186597 0.06565233 0.03981401
v -0.24091455 0.07660432 0.03981401
v -0.24091455 0.06565233 0.03981401
v -0.25186597 0.05470034 0.03981401
v -0.25186597 0.04374892 0.03981401
v -0.24091455 0.05470034 0.03981401
v -0.24091455 0.04374892 0.03981401
v -0.22996256 0.07660432 0.03981401
v -0.22996256 0.06565233 0.03981401
v -0.21901114 0.07660432 0.03981401
v -0.21901114 0.06565233 0.03981401
v -0.22996256 0.05470034 0.03981401
v -0.22996256 0.04374892 0.03981401
v -0.21901114 0.05470034 0.03981401
v -0.21901114 0.04374892 0.03981401
v -0.25186597 0.03279693 0.03981401
v -0.25186597 0.02184550 0.03981401
v -0.24091455 0.03279693 0.03981401
v -0.24091455 0.02184550 0.03981401
v -0.25186597 0.01089351 0.03981401
v -0.25186597 -0.00005791 0.03981401
v -0.24091455 0.01089351 0.03981401
v -0.24091455 -0.00005791 0.03981401
v -0.22996256 0.03279693 0.03981401
v -0.22996256 0.02184550 0.03981401
v -0.21901114 0.03279693 0.03981401
v -0.21901114 0.02184550 0.03981401
v -0.22996256 0.01089351 0.03981401
v -0.22996256 -0.00005791 0.03981401
v -0.21901114 0.01089351 0.03981401
v -0.21901114 -0.00005791 0.03981401
v -0.25188130 0.07661965 0.06919664
v -0.25188130 0.06566766 0.06919664
v -0.24092988 0.07661965 0.06919664
v -0.24092988 0.06566766 0.06919664
v -0.25188130 0.05471624 0.06919664
v -0.25188130 0.04376425 0.06919664
v -0.24092988 0.05471624 0.06919664
v -0.24092988 0.04376425 0.06919664
v -0.22997789 0.07661965 0.06919664
v -0.22997789 0.06566766 0.06919664
v -0.21902646 0.07661965 0.06919664
v -0.21902646 0.06566766 0.06919664
v -0.22997789 0.05471624 0.06919664
v -0.22997789 0.04376425 0.06919664
v -0.21902646 0.05471624 0.06919664
v -0.21902646 0.04376425 0.06919664
v -0.25188130 0.03281282 0.06919664
v -0.25188130 0.02186083 0.06919664
v -0.24092988 0.03281282 0.06919664
v -0.24092988 0.02186083 0.06919664
v -0.25187562 0.01089408 0.06900702
v -0.25186995 -0.00006359 0.06881740
v -0.24092420 0.01089408 0.06900702
v -0.24091796 -0.00006359 0.06881740
v -0.22997789 0.03281282 0.06919664
v -0.22997789 0.02186083 0.06919664
v -0.21902646 0.03281282 0.06919664
v -0.21902646 0.02186083 0.06919664
v -0.22997221 0.01089408 0.06900702
v -0.22996653 -0.00006359 0.06881740
v -0.21902022 0.01089408 0.06900702
v -0.21901454 -0.00006359 0.06881740
v -0.20805915 0.07660432 0.03981401
v -0.20805915 0.06565233 0.03981401
v -0.19710772 0.07660432 0.03981401
v -0.19710772 0.06565233 0.03981401
v -0.20805915 0.05470034 0.03981401
v -0.20805915 0.04374892 0.03981401
v -0.19710772 0.05470034 0.03981401
v -0.19710772 0.04374892 0.03981401
v -0.18615573 0.07660432 0.03981401
v -0.18615573 0.06565233 0.03981401
v -0.17520374 0.07660432 0.03981401
v -0.17520374 0.06565233 0.03981401
v -0.18615573 0.05470034 0.03981401
v -0.18615573 0.04374892 0.03981401
v -0.17520374 0.05470034 0.03981401
v -0.17520374 0.04374892 0.03981401
v -0.20805915 0.03279693 0.03981401
v -0.20805915 0.02184550 0.03981401
v -0.19710772 0.03279693 0.03981401
v -0.19710772 0.02184550 0.03981401
v -0.20805915 0.01089351 0.03981401
v -0.20805915 -0.00005791 0.03981401
v -0.19710772 0.01089351 0.03981401
v -0.19710772 -0.00005791 0.03981401
v -0.18615573 0.03279693 0.03981401
v -0.18615573 0.02184550 0.03981401
v -0.17520374 0.03279693 0.03981401
v -0.17520374 0.02184550 0.03981401
v -0.18615573 0.01089351 0.03981401
v -0.18615573 -0.00005791 0.03981401
v -0.17520374 0.01089351 0.03981401
v -0.17520374 -0.00005791 0.03981401
v -0.20807447 0.07661965 0.06919664
v -0.20807447 0.06566766 0.06919664
v -0.19712305 0.07661965 0.06919664
v -0.19712305 0.06566766 0.06919664
v -0.20807447 0.05471624 0.06919664
v -0.20807447 0.04376425 0.06919664
v -0.19712305 0.05471624 0.06919664
v -0.19712305 0.04376425 0.06919664
v -0.18617106 0.07661965 0.06919664
v -0.18617106 0.06566766 0.06919664
v -0.17521964 0.07661965 0.06919664
v -0.17521964 0.06566766 0.06919664
v -0.18617106 0.05471624 0.06919664
v -0.18617106 0.04376425 0.06919664
v -0.17521964 0.05471624 0.06919664
v -0.17521964 0.04376425 0.06919664
v -0.20807447 0.03281282 0.06919664
v -0.20807447 0.02186083 0.06919664
v -0.19712305 0.03281282 0.06919664
v -0.19712305 0.02186083 0.06919664
v -0.20806880 0.01089408 0.06900702
v -0.20806312 -0.00006359 0.06881740
v -0.19711681 0.01089408 0.06900702
v -0.19711113 -0.00006359 0.06881740
v -0.18617106 0.03281282 0.06919664
v -0.18617106 0.02186083 0.06919664
v -0.17521964 0.03281282 0.06919664
v -0.17521964 0.02186083 0.06919664
v -0.18616538 0.01089408 0.06900702
v -0.18615971 -0.00006359 0.06881740
v -0.17521339 0.01089408 0.06900702
v -0.17520772 -0.00006359 0.06881740
v -0.16257923 0.21859925 0.03692259
v -0.15162724 0.21859982 0.03692259
v -0.14067582 0.21859925 0.03692259
v -0.12972383 0.21859982 0.03692259
v -0.16425175 0.20790160 0.03983843
v -0.16425232 0.19707394 0.03981401
v -0.15330033 0.20790160 0.03983843
v -0.15330033 0.19707394 0.03981401
v -0.16425232 0.18612139 0.03981401
v -0.16425232 0.17516940 0.03981401
v -0.15330033 0.18612139 0.03981401
v -0.15330033 0.17516940 0.03981401
v -0.14234834 0.20790160 0.03983843
v -0.14234891 0.19707394 0.03981401
v -0.13139692 0.20790160 0.03983843
v -0.13139692 0.19707394 0.03981401
v -0.14234891 0.18612139 0.03981401
v -0.14234891 0.17516940 0.03981401
v -0.13139692 0.18612139 0.03981401
v -0.13139692 0.17516940 0.03981401
v -0.16425573 0.25777741 0.06307429
v -0.15330374 0.25777741 0.06307429
v -0.16426084 0.25571203 0.06788633
v -0.16426595 0.25001263 0.06910921
v -0.16426765 0.24088247 0.06919607
v -0.15330885 0.25571203 0.06788633
v -0.15331395 0.25001263 0.06910921
v -0.15331623 0.24088247 0.06919607
v -0.16426765 0.22994354 0.06919664
v -0.16426765 0.21899212 0.06919664
v -0.15331623 0.22994354 0.06919664
v -0.15331623 0.21899212 0.06919664
v -0.14235231 0.25777741 0.06307429
v -0.13140032 0.25777741 0.06307429
v -0.14235686 0.25571203 0.06788633
v -0.14236196 0.25001263 0.06910921
v -0.14236424 0.24088247 0.06919607
v -0.13140543 0.25571203 0.06788633
v -0.13141054 0.25001263 0.06910921
v -0.13141225 0.24088247 0.06919607
v -0.14236424 0.22994354 0.06919664
v -0.14236424 0.21899212 0.06919664
v -0.13141225 0.22994354 0.06919664
v -0.13141225 0.21899212 0.06919664
v -0.16426765 0.20804013 0.06919664
v -0.16426765 0.19708870 0.06919664
v -0.15331623 0.20804013 0.06919664
v -0.15331623 0.19708870 0.06919664
v -0.16426765 0.18613671 0.06919664
v -0.16426765 0.17518529 0.06919664
v -0.15331623 0.18613671 0.06919664
v -0.15331623 0.17518529 0.06919664
v -0.14236424 0.20804013 0.06919664
v -0.14236424 0.19708870 0.06919664
v -0.13141225 0.20804013 0.06919664
v -0.13141225 0.19708870 0.06919664
v -0.14236424 0.18613671 0.06919664
v -0.14236424 0.17518529 0.06919664
v -0.13141225 0.18613671 0.06919664
v -0.13141225 0.17518529 0.06919664
v -0.11877241 0.21859925 0.03692259
v -0.10782042 0.21859982 0.03692259
v -0.09686899 0.21859925 0.03692259
v -0.08591700 0.21859982 0.03692259
v -0.12044493 0.20790160 0.03983843
v -0.12044549 0.19707394 0.03981401
v -0.10949350 0.20790160 0.03983843
v -0.10949350 0.19707394 0.03981401
v -0.12044549 0.18612139 0.03981401
v -0.12044549 0.17516940 0.03981401
v -0.10949350 0.18612139 0.03981401
v -0.10949350 0.17516940 0.03981401
v -0.09854151 0.20790160 0.03983843
v -0.09854208 0.19707394 0.03981401
v -0.08759009 0.20790160 0.03983843
v -0.08759009 0.19707394 0.03981401
v -0.09854208 0.18612139 0.03981401
v -0.09854208 0.17516940 0.03981401
v -0.08759009 0.18612139 0.03981401
v -0.08759009 0.17516940 0.03981401
v -0.12044890 0.25777741 0.06307429
v -0.10949691 0.25777741 0.06307429
v -0.12045344 0.25571203 0.06788633
v -0.12045855 0.25001263 0.06910921
v -0.12046082 0.24088247 0.06919607
v -0.10950202 0.25571203 0.06788633
v -0.10950713 0.25001263 0.06910921
v -0.10950883 0.24088247 0.06919607
v -0.12046082 0.22994354 0.06919664
v -0.12046082 0.21899212 0.06919664
v -0.10950883 0.22994354 0.06919664
v -0.10950883 0.21899212 0.06919664
v -0.09854492 0.25777741 0.06307429
v -0.08759350 0.25777741 0.06307429
v -0.09855003 0.25571203 0.06788633
v -0.09855514 0.25001263 0.06910921
v -0.09855741 0.24088247 0.06919607
v -0.08759861 0.25571203 0.06788633
v -0.08760372 0.25001263 0.06910921
v -0.08760542 0.24088247 0.06919607
v -0.09855741 0.22994354 0.06919664
v -0.09855741 0.21899212 0.06919664
v -0.08760542 0.22994354 0.06919664
v -0.08760542 0.21899212 0.06919664
v -0.12046082 0.20804013 0.06919664
v -0.12046082 0.19708870 0.06919664
v -0.10950883 0.20804013 0.06919664
v -0.10950883 0.19708870 0.06919664
v -0.12046082 0.18613671 0.06919664
v -0.12046082 0.17518529 0.06919664
v -0.10950883 0.18613671 0.06919664
v -0.10950883 0.17518529 0.06919664
v -0.09855741 0.20804013 0.06919664
v -0.09855741 0.19708870 0.06919664
v -0.08760542 0.20804013 0.06919664
v -0.08760542 0.19708870 0.06919664
v -0.09855741 0.18613671 0.06919664
v -0.09855741 0.17518529 0.06919664
v -0.08760542 0.18613671 0.06919664
v -0.08760542 0.17518529 0.06919664
v -0.07496558 0.21859925 0.03692259
v -0.06401359 0.21859982 0.03692259
v -0.05306217 0.21859925 0.03692259
v -0.04211075 0.21859982 0.03692259
v -0.07663810 0.20790160 0.03983843
v -0.07663810 0.19707394 0.03981401
v -0.06568611 0.20790160 0.03983843
v -0.06568668 0.19707394 0.03981401
v -0.07663810 0.18612139 0.03981401
v -0.07663810 0.17516940 0.03981401
v -0.06568668 0.18612139 0.03981401
v -0.06568668 0.17516940 0.03981401
v -0.05473469 0.20790160 0.03983843
v -0.05473469 0.19707394 0.03981401
v -0.04378270 0.20790160 0.03983843
v -0.04378327 0.19707394 0.03981401
v -0.05473469 0.18612139 0.03981401
v -0.05473469 0.17516940 0.03981401
v -0.04378327 0.18612139 0.03981401
v -0.04378327 0.17516940 0.03981401
v -0.07664151 0.25777741 0.06307429
v -0.06569008 0.25777741 0.06307429
v -0.07664662 0.25571203 0.06788633
v -0.07665173 0.25001263 0.06910921
v -0.07665400 0.24088247 0.06919607
v -0.06569519 0.25571203 0.06788633
v -0.06570030 0.25001263 0.06910921
v -0.06570201 0.24088247 0.06919607
v -0.07665400 0.22994354 0.06919664
v -0.07665400 0.21899212 0.06919664
v -0.06570201 0.22994354 0.06919664
v -0.06570201 0.21899212 0.06919664
v -0.05473809 0.25777741 0.06307429
v -0.04378667 0.25777741 0.06307429
v -0.05474320 0.25571203 0.06788633
v -0.05474831 0.25001263 0.06910921
v -0.05475058 0.24088247 0.06919607
v -0.04379178 0.25571203 0.06788633
v -0.04379632 0.25001263 0.06910921
v -0.04379859 0.24088247 0.06919607
v -0.05475058 0.22994354 0.06919664
v -0.05475058 0.21899212 0.06919664
v -0.04379859 0.22994354 0.06919664
v -0.04379859 0.21899212 0.06919664
v -0.07665400 0.20804013 0.06919664
v -0.07665400 0.19708870 0.06919664
v -0.06570201 0.20804013 0.06919664
v -0.06570201 0.19708870 0.06919664
v -0.07665400 0.18613671 0.06919664
v -0.07665400 0.17518529 0.06919664
v -0.06570201 0.18613671 0.06919664
v -0.06570201 0.17518529 0.06919664
v -0.05475058 0.20804013 0.06919664
v -0.05475058 0.19708870 0.06919664
v -0.04379859 0.20804013 0.06919664
v -0.04379859 0.19708870 0.06919664
v -0.05475058 0.18613671 0.06919664
v -0.05475058 0.17518529 0.06919664
v -0.04379859 0.18613671 0.06919664
v -0.04379859 0.17518529 0.06919664
v -0.03116103 0.21859925 0.03692259
v -0.02021698 0.21859925 0.03692259
v -0.00929622 0.21860039 0.03692202
v 0.00152690 0.21856292 0.03695438
v -0.03283127 0.20790160 0.03983843
v -0.03283127 0.19707394 0.03981401
v -0.02187928 0.20790160 0.03983843
v -0.02187985 0.19707394 0.03981401
v -0.03283127 0.18612139 0.03981401
v -0.03283127 0.17516940 0.03981401
v -0.02187985 0.18612139 0.03981401
v -0.02187985 0.17516940 0.03981401
v -0.01092786 0.20790160 0.03983843
v -0.01092786 0.19707394 0.03981401
v 0.00002413 0.20790160 0.03983843
v 0.00002356 0.19707394 0.03981401
v -0.01092786 0.18612139 0.03981401
v -0.01092786 0.17516940 0.03981401
v 0.00002356 0.18612139 0.03981401
v 0.00002356 0.17516940 0.03981401
v -0.03283468 0.25777741 0.06307429
v -0.02188383 0.25777798 0.06307259
v -0.03283979 0.25571203 0.06788633
v -0.03284490 0.25001263 0.06910921
v -0.03284717 0.24088247 0.06919607
v -0.02188837 0.25571259 0.06788576
v -0.02189348 0.25001263 0.06910921
v -0.02189518 0.24088247 0.06919607
v -0.03284717 0.22994354 0.06919664
v -0.03284717 0.21899212 0.06919664
v -0.02189518 0.22994354 0.06919664
v -0.02189518 0.21899212 0.06919664
v -0.01093070 0.25783021 0.06301979
v 0.00001959 0.25783135 0.06301979
v -0.01093638 0.25576653 0.06783353
v -0.01094092 0.25001604 0.06910864
v -0.01094376 0.24088247 0.06919607
v 0.00001504 0.25571714 0.06788179
v 0.00000937 0.25006713 0.06905698
v 0.00000880 0.24088474 0.06919607
v -0.01094376 0.22994354 0.06919664
v -0.01094376 0.21899212 0.06919664
v 0.00000823 0.22994354 0.06919664
v 0.00000823 0.21899212 0.06919664
v -0.03284717 0.20804013 0.06919664
v -0.03284717 0.19708870 0.06919664
v -0.02189518 0.20804013 0.06919664
v -0.02189518 0.19708870 0.06919664
v -0.03284717 0.18613671 0.06919664
v -0.03284717 0.17518529 0.06919664
v -0.02189518 0.18613671 0.06919664
v -0.02189518 0.17518529 0.06919664
v -0.01094376 0.20804013 0.06919664
v -0.01094376 0.19708870 0.06919664
v 0.00000823 0.20804013 0.06919664
v 0.00000823 0.19708870 0.06919664
v -0.01094376 0.18613671 0.06919664
v -0.01094376 0.17518529 0.06919664
v 0.00000823 0.18613671 0.06919664
v 0.00000823 0.17518529 0.06919664
v -0.16425232 0.16421797 0.03981401
v -0.16425232 0.15326598 0.03981401
v -0.15330033 0.16421797 0.03981401
v -0.15330033 0.15326598 0.03981401
v -0.16425232 0.14231456 0.03981401
v -0.16425232 0.13136257 0.03981401
v -0.15330033 0.14231456 0.03981401
v -0.15330033 0.13136257 0.03981401
v -0.14234891 0.16421797 0.03981401
v -0.14234891 0.15326598 0.03981401
v -0.13139692 0.16421797 0.03981401
v -0.13139692 0.15326598 0.03981401
v -0.14234891 0.14231456 0.03981401
v -0.14234891 0.13136257 0.03981401
v -0.13139692 0.14231456 0.03981401
v -0.13139692 0.13136257 0.03981401
v -0.16425232 0.12041115 0.03981401
v -0.16425232 0.10945916 0.03981401
v -0.15330033 0.12041115 0.03981401
v -0.15330033 0.10945916 0.03981401
v -0.16425232 0.09850773 0.03981401
v -0.16425232 0.08755574 0.03981401
v -0.15330033 0.09850773 0.03981401
v -0.15330033 0.08755574 0.03981401
v -0.14234891 0.12041115 0.03981401
v -0.14234891 0.10945916 0.03981401
v -0.13139692 0.12041115 0.03981401
v -0.13139692 0.10945916 0.03981401
v -0.14234891 0.09850773 0.03981401
v -0.14234891 0.08755574 0.03981401
v -0.13139692 0.09850773 0.03981401
v -0.13139692 0.08755574 0.03981401
v -0.16426765 0.16423330 0.06919664
v -0.16426765 0.15328188 0.06919664
v -0.15331623 0.16423330 0.06919664
v -0.15331623 0.15328188 0.06919664
v -0.16426765 0.14232989 0.06919664
v -0.16426765 0.13137790 0.06919664
v -0.15331623 0.14232989 0.06919664
v -0.15331623 0.13137790 0.06919664
v -0.14236424 0.16423330 0.06919664
v -0.14236424 0.15328188 0.06919664
v -0.13141225 0.16423330 0.06919664
v -0.13141225 0.15328188 0.06919664
v -0.14236424 0.14232989 0.06919664
v -0.14236424 0.13137790 0.06919664
v -0.13141225 0.14232989 0.06919664
v -0.13141225 0.13137790 0.06919664
v -0.16426765 0.12042648 0.06919664
v -0.16426765 0.10947449 0.06919664
v -0.15331623 0.12042648 0.06919664
v -0.15331623 0.10947449 0.06919664
v -0.16426765 0.09852306 0.06919664
v -0.16426765 0.08757107 0.06919664
v -0.15331623 0.09852306 0.06919664
v -0.15331623 0.08757107 0.06919664
v -0.14236424 0.12042648 0.06919664
v -0.14236424 0.10947449 0.06919664
v -0.13141225 0.12042648 0.06919664
v -0.13141225 0.10947449 0.06919664
v -0.14236424 0.09852306 0.06919664
v -0.14236424 0.08757107 0.06919664
v -0.13141225 0.09852306 0.06919664
v -0.13141225 0.08757107 0.06919664
v -0.12044549 0.16421797 0.03981401
v -0.12044549 0.15326598 0.03981401
v -0.10949350 0.16421797 0.03981401
v -0.10949350 0.15326598 0.03981401
v -0.12044549 0.14231456 0.03981401
v -0.12044549 0.13136257 0.03981401
v -0.10949350 0.14231456 0.03981401
v -0.10949350 0.13136257 0.03981401
v -0.09854208 0.16421797 0.03981401
v -0.09854208 0.15326598 0.03981401
v -0.08759009 0.16421797 0.03981401
v -0.08759009 0.15326598 0.03981401
v -0.09854208 0.14231456 0.03981401
v -0.09854208 0.13136257 0.03981401
v -0.08759009 0.14231456 0.03981401
v -0.08759009 0.13136257 0.03981401
v -0.12044549 0.12041115 0.03981401
v -0.12044549 0.10945916 0.03981401
v -0.10949350 0.12041115 0.03981401
v -0.10949350 0.10945916 0.03981401
v -0.12044549 0.09850773 0.03981401
v -0.12044549 0.08755574 0.03981401
v -0.10949350 0.09850773 0.03981401
v -0.10949350 0.08755574 0.03981401
v -0.09854208 0.12041115 0.03981401
v -0.09854208 0.10945916 0.03981401
v -0.08759009 0.12041115 0.03981401
v -0.08759009 0.10945916 0.03981401
v -0.09854208 0.09850773 0.03981401
v -0.09854208 0.08755574 0.03981401
v -0.08759009 0.09850773 0.03981401
v -0.08759009 0.08755574 0.03981401
v -0.12046082 0.16423330 0.06919664
v -0.12046082 0.15328188 0.06919664
v -0.10950883 0.16423330 0.06919664
v -0.10950883 0.15328188 0.06919664
v -0.12046082 0.14232989 0.06919664
v -0.12046082 0.13137790 0.06919664
v -0.10950883 0.14232989 0.06919664
v -0.10950883 0.13137790 0.06919664
v -0.09855741 0.16423330 0.06919664
v -0.09855741 0.15328188 0.06919664
v -0.08760542 0.16423330 0.06919664
v -0.08760542 0.15328188 0.06919664
v -0.09855741 0.14232989 0.06919664
v -0.09855741 0.13137790 0.06919664
v -0.08760542 0.14232989 0.06919664
v -0.08760542 0.13137790 0.06919664
v -0.12046082 0.12042648 0.06919664
v -0.12046082 0.10947449 0.06919664
v -0.10950883 0.12042648 0.06919664
v -0.10950883 0.10947449 0.06919664
v -0.12046082 0.09852306 0.06919664
v -0.12046082 0.08757107 0.06919664
v -0.10950883 0.09852306 0.06919664
v -0.10950883 0.08757107 0.06919664
v -0.09855741 0.12042648 0.06919664
v -0.09855741 0.10947449 0.06919664
v -0.08760542 0.12042648 0.06919664
v -0.08760542 0.10947449 0.06919664
v -0.09855741 0.09852306 0.06919664
v -0.09855741 0.08757107 0.06919664
v -0.08760542 0.09852306 0.06919664
v -0.08760542 0.08757107 0.06919664
v -0.16425232 0.07660432 0.03981401
v -0.16425232 0.06565233 0.03981401
v -0.15330033 0.07660432 0.03981401
v -0.15330033 0.06565233 0.03981401
v -0.16425232 0.05470034 0.03981401
v -0.16425232 0.04374892 0.03981401
v -0.15330033 0.05470034 0.03981401
v -0.15330033 0.04374892 0.03981401
v -0.14234891 0.07660432 0.03981401
v -0.14234891 0.06565233 0.03981401
v -0.13139692 0.07660432 0.03981401
v -0.13139692 0.06565233 0.03981401
v -0.14234891 0.05470034 0.03981401
v -0.14234891 0.04374892 0.03981401
v -0.13139692 0.05470034 0.03981401
v -0.13139692 0.04374892 0.03981401
v -0.16425232 0.03279693 0.03981401
v -0.16425232 0.02184550 0.03981401
v -0.15330033 0.03279693 0.03981401
v -0.15330033 0.02184550 0.03981401
v -0.16425232 0.01089351 0.03981401
v -0.16425232 -0.00005791 0.03981401
v -0.15330033 0.01089351 0.03981401
v -0.15330033 -0.00005791 0.03981401
v -0.14234891 0.03279693 0.03981401
v -0.14234891 0.02184550 0.03981401
v -0.13139692 0.03279693 0.03981401
v -0.13139692 0.02184550 0.03981401
v -0.14234891 0.01089351 0.03981401
v -0.14234891 -0.00005791 0.03981401
v -0.13139692 0.01089351 0.03981401
v -0.13139692 -0.00005791 0.03981401
v -0.16426765 0.07661965 0.06919664
v -0.16426765 0.06566766 0.06919664
v -0.15331623 0.07661965 0.06919664
v -0.15331623 0.06566766 0.06919664
v -0.16426765 0.05471624 0.06919664
v -0.16426765 0.04376425 0.06919664
v -0.15331623 0.05471624 0.06919664
v -0.15331623 0.04376425 0.06919664
v -0.14236424 0.07661965 0.06919664
v -0.14236424 0.06566766 0.06919664
v -0.13141225 0.07661965 0.06919664
v -0.13141225 0.06566766 0.06919664
v -0.14236424 0.05471624 0.06919664
v -0.14236424 0.04376425 0.06919664
v -0.13141225 0.05471624 0.06919664
v -0.13141225 0.04376425 0.06919664
v -0.16426765 0.03281282 0.06919664
v -0.16426765 0.02186083 0.06919664
v -0.15331623 0.03281282 0.06919664
v -0.15331623 0.02186083 0.06919664
v -0.16426197 0.01089408 0.06900702
v -0.16425573 -0.00006359 0.06881740
v -0.15330998 0.01089408 0.06900702
v -0.15330430 -0.00006359 0.06881740
v -0.14236424 0.03281282 0.06919664
v -0.14236424 0.02186083 0.06919664
v -0.13141225 0.03281282 0.06919664
v -0.13141225 0.02186083 0.06919664
v -0.14235856 0.01089408 0.06900702
v -0.14235231 -0.00006359 0.06881740
v -0.13140657 0.01089408 0.06900702
v -0.13140089 -0.00006359 0.06881740
v -0.12044549 0.07660432 0.03981401
v -0.12044549 0.06565233 0.03981401
v -0.10949350 0.07660432 0.03981401
v -0.10949350 0.06565233 0.03981401
v -0.12044549 0.05470034 0.03981401
v -0.12044549 0.04374892 0.03981401
v -0.10949350 0.05470034 0.03981401
v -0.10949350 0.04374892 0.03981401
v -0.09854208 0.07660432 0.03981401
v -0.09854208 0.06565233 0.03981401
v -0.08759009 0.07660432 0.03981401
v -0.08759009 0.06565233 0.03981401
v -0.09854208 0.05470034 0.03981401
v -0.09854208 0.04374892 0.03981401
v -0.08759009 0.05470034 0.03981401
v -0.08759009 0.04374892 0.03981401
v -0.12044549 0.03279693 0.03981401
v -0.12044549 0.02184550 0.03981401
v -0.10949350 0.03279693 0.03981401
v -0.10949350 0.02184550 0.03981401
v -0.12044549 0.01089351 0.03981401
v -0.12044549 -0.00005791 0.03981401
v -0.10949350 0.01089351 0.03981401
v -0.10949350 -0.00005791 0.03981401
v -0.09854208 0.03279693 0.03981401
v -0.09854208 0.02184550 0.03981401
v -0.08759009 0.03279693 0.03981401
v -0.08759009 0.02184550 0.03981401
v -0.09854208 0.01089351 0.03981401
v -0.09854208 -0.00005791 0.03981401
v -0.08759009 0.01089351 0.03981401
v -0.08759009 -0.00005791 0.03981401
v -0.12046082 0.07661965 0.06919664
v -0.12046082 0.06566766 0.06919664
v -0.10950883 0.07661965 0.06919664
v -0.10950883 0.06566766 0.06919664
v -0.12046082 0.05471624 0.06919664
v -0.12046082 0.04376425 0.06919664
v -0.10950883 0.05471624 0.06919664
v -0.10950883 0.04376425 0.06919664
v -0.09855741 0.07661965 0.06919664
v -0.09855741 0.06566766 0.06919664
v -0.08760542 0.07661965 0.06919664
v -0.08760542 0.06566766 0.06919664
v -0.09855741 0.05471624 0.06919664
v -0.09855741 0.04376425 0.06919664
v -0.08760542 0.05471624 0.06919664
v -0.08760542 0.04376425 0.06919664
v -0.12046082 0.03281282 0.06919664
v -0.12046082 0.02186083 0.06919664
v -0.10950883 0.03281282 0.06919664
v -0.10950883 0.02186083 0.06919664
v -0.12045515 0.01089408 0.06900702
v -0.12044890 -0.00006359 0.06881740
v -0.10950316 0.01089408 0.06900702
v -0.10949748 -0.00006359 0.06881740
v -0.09855741 0.03281282 0.06919664
v -0.09855741 0.02186083 0.06919664
v -0.08760542 0.03281282 0.06919664
v -0.08760542 0.02186083 0.06919664
v -0.09855173 0.01089408 0.06900702
v -0.09854549 -0.00006359 0.06881740
v -0.08759974 0.01089408 0.06900702
v -0.08759747 -0.00006018 0.06881740
v -0.07663810 0.16421797 0.03981401
v -0.07663810 0.15326598 0.03981401
v -0.06568668 0.16421797 0.03981401
v -0.06568668 0.15326598 0.03981401
v -0.07663810 0.14231456 0.03981401
v -0.07663810 0.13136257 0.03981401
v -0.06568668 0.14231456 0.03981401
v -0.06568668 0.13136257 0.03981401
v -0.05473469 0.16421797 0.03981401
v -0.05473469 0.15326598 0.03981401
v -0.04378327 0.16421797 0.03981401
v -0.04378327 0.15326598 0.03981401
v -0.05473469 0.14231456 0.03981401
v -0.05473469 0.13136257 0.03981401
v -0.04378327 0.14231456 0.03981401
v -0.04378327 0.13136257 0.03981401
v -0.07663810 0.12041115 0.03981401
v -0.07663810 0.10945916 0.03981401
v -0.06568668 0.12041115 0.03981401
v -0.06568668 0.10945916 0.03981401
v -0.07663810 0.09850773 0.03981401
v -0.07663810 0.08755574 0.03981401
v -0.06568668 0.09850773 0.03981401
v -0.06568668 0.08755574 0.03981401
v -0.05473469 0.12041115 0.03981401
v -0.05473469 0.10945916 0.03981401
v -0.04378327 0.12041115 0.03981401
v -0.04378327 0.10945916 0.03981401
v -0.05473469 0.09850773 0.03981401
v -0.05473469 0.08755574 0.03981401
v -0.04378327 0.09850773 0.03981401
v -0.04378327 0.08755574 0.03981401
v -0.07665400 0.16423330 0.06919664
v -0.07665400 0.15328188 0.06919664
v -0.06570201 0.16423330 0.06919664
v -0.06570201 0.15328188 0.06919664
v -0.07665400 0.14232989 0.06919664
v -0.07665400 0.13137790 0.06919664
v -0.06570201 0.14232989 0.06919664
v -0.06570201 0.13137790 0.06919664
v -0.05475058 0.16423330 0.06919664
v -0.05475058 0.15328188 0.06919664
v -0.04379859 0.16423330 0.06919664
v -0.04379859 0.15328188 0.06919664
v -0.05475058 0.14232989 0.06919664
v -0.05475058 0.13137790 0.06919664
v -0.04379859 0.14232989 0.06919664
v -0.04379859 0.13137790 0.06919664
v -0.07665400 0.12042648 0.06919664
v -0.07665400 0.10947449 0.06919664
v -0.06570201 0.12042648 0.06919664
v -0.06570201 0.10947449 0.06919664
v -0.07665400 0.09852306 0.06919664
v -0.07665400 0.08757107 0.06919664
v -0.06570201 0.09852306 0.06919664
v -0.06570201 0.08757107 0.06919664
v -0.05475058 0.12042648 0.06919664
v -0.05475058 0.10947449 0.06919664
v -0.04379859 0.12042648 0.06919664
v -0.04379859 0.10947449 0.06919664
v -0.05475058 0.09852306 0.06919664
v -0.05475058 0.08757107 0.06919664
v -0.04379859 0.09852306 0.06919664
v -0.04379859 0.08757107 0.06919664
v -0.03283127 0.16421797 0.03981401
v -0.03283127 0.15326598 0.03981401
v -0.02187985 0.16421797 0.03981401
v -0.02187985 0.15326598 0.03981401
v -0.03283127 0.14231456 0.03981401
v -0.03283127 0.13136257 0.03981401
v -0.02187985 0.14231456 0.03981401
v -0.02187985 0.13136257 0.03981401
v -0.01092786 0.16421797 0.03981401
v -0.01092786 0.15326598 0.03981401
v 0.00002356 0.16421797 0.03981401
v 0.00002356 0.15326598 0.03981401
v -0.01092786 0.14231456 0.03981401
v -0.01092786 0.13136257 0.03981401
v 0.00002356 0.14231456 0.03981401
v 0.00002356 0.13136257 0.03981401
v -0.03283127 0.12041115 0.03981401
v -0.03283127 0.10945916 0.03981401
v -0.02187985 0.12041115 0.03981401
v -0.02187985 0.10945916 0.03981401
v -0.03283127 0.09850773 0.03981401
v -0.03283127 0.08755574 0.03981401
v -0.02187985 0.09850773 0.03981401
v -0.02187985 0.08755574 0.03981401
v -0.01092786 0.12041115 0.03981401
v -0.01092786 0.10945916 0.03981401
v 0.00002356 0.12041115 0.03981401
v 0.00002356 0.10945916 0.03981401
v -0.01092786 0.09850773 0.03981401
v -0.01092786 0.08755574 0.03981401
v 0.00002356 0.09850773 0.03981401
v 0.00002356 0.08755574 0.03981401
v -0.03284717 0.16423330 0.06919664
v -0.03284717 0.15328188 0.06919664
v -0.02189518 0.16423330 0.06919664
v -0.02189518 0.15328188 0.06919664
v -0.03284717 0.14232989 0.06919664
v -0.03284717 0.13137790 0.06919664
v -0.02189518 0.14232989 0.06919664
v -0.02189518 0.13137790 0.06919664
v -0.01094376 0.16423330 0.06919664
v -0.01094376 0.15328188 0.06919664
v 0.00000823 0.16423330 0.06919664
v 0.00000823 0.15328188 0.06919664
v -0.01094376 0.14232989 0.06919664
v -0.01094376 0.13137790 0.06919664
v 0.00000823 0.14232989 0.06919664
v 0.00000823 0.13137790 0.06919664
v -0.03284717 0.12042648 0.06919664
v -0.03284717 0.10947449 0.06919664
v -0.02189518 0.12042648 0.06919664
v -0.02189518 0.10947449 0.06919664
v -0.03284717 0.09852306 0.06919664
v -0.03284717 0.08757107 0.06919664
v -0.02189518 0.09852306 0.06919664
v -0.02189518 0.08757107 0.06919664
v -0.01094376 0.12042648 0.06919664
v -0.01094376 0.10947449 0.06919664
v 0.00000823 0.12042648 0.06919664
v 0.00000823 0.10947449 0.06919664
v -0.01094376 0.09852306 0.06919664
v -0.01094376 0.08757107 0.06919664
v 0.00000823 0.09852306 0.06919664
v 0.00000823 0.08757107 0.06919664
v -0.07663810 0.07660432 0.03981401
v -0.07663810 0.06565233 0.03981401
v -0.06568668 0.07660432 0.03981401
v -0.06568668 0.06565233 0.03981401
v -0.07663810 0.05470034 0.03981401
v -0.07663810 0.04374892 0.03981401
v -0.06568668 0.05470034 0.03981401
v -0.06568668 0.04374892 0.03981401
v -0.05473469 0.07660432 0.03981401
v -0.05473469 0.06565233 0.03981401
v -0.04378327 0.07660432 0.03981401
v -0.04378327 0.06565233 0.03981401
v -0.05473469 0.05470034 0.03981401
v -0.05473469 0.04374892 0.03981401
v -0.04378327 0.05470034 0.03981401
v -0.04378327 0.04374892 0.03981401
v -0.07663867 0.03279693 0.03981401
v -0.07663867 0.02184550 0.03981401
v -0.06568668 0.03279693 0.03981401
v -0.06568668 0.02184550 0.03981401
v -0.07663867 0.01089351 0.03981401
v -0.07663867 -0.00005791 0.03981401
v -0.06568668 0.01089351 0.03981401
v -0.06568668 -0.00005791 0.03981401
v -0.05473469 0.03279693 0.03981401
v -0.05473469 0.02184550 0.03981401
v -0.04378327 0.03279693 0.03981401
v -0.04378327 0.02184550 0.03981401
v -0.05473469 0.01089351 0.03981401
v -0.05473469 -0.00005791 0.03981401
v -0.04378327 0.01089351 0.03981401
v -0.04378327 -0.00005791 0.03981401
v -0.07665400 0.07661965 0.06919664
v -0.07665400 0.06566766 0.06919664
v -0.06570201 0.07661965 0.06919664
v -0.06570201 0.06566766 0.06919664
v -0.07665400 0.05471624 0.06919664
v -0.07665400 0.04376425 0.06919664
v -0.06570201 0.05471624 0.06919664
v -0.06570201 0.04376425 0.06919664
v -0.05475058 0.07661965 0.06919664
v -0.05475058 0.06566766 0.06919664
v -0.04379859 0.07661965 0.06919664
v -0.04379859 0.06566766 0.06919664
v -0.05475058 0.05471624 0.06919664
v -0.05475058 0.04376425 0.06919664
v -0.04379859 0.05471624 0.06919664
v -0.04379859 0.04376425 0.06919664
v -0.07665400 0.03281282 0.06919664
v -0.07665400 0.02186083 0.06919664
v -0.06570201 0.03281282 0.06919664
v -0.06570201 0.02186083 0.06919664
v -0.07664775 0.01089408 0.06900702
v -0.07664605 -0.00004939 0.06881740
v -0.06569974 0.01089749 0.06900702
v -0.06570144 -0.00004201 0.06881740
v -0.05475058 0.03281282 0.06919664
v -0.05475058 0.02186083 0.06919664
v -0.04379859 0.03281282 0.06919664
v -0.04379859 0.02186083 0.06919664
v -0.05474831 0.01090828 0.06900702
v -0.05475626 -0.00003520 0.06891221
v -0.04380030 0.01091225 0.06900702
v -0.04381108 -0.00002895 0.06900702
v -0.03283127 0.07660432 0.03981401
v -0.03283127 0.06565233 0.03981401
v -0.02187985 0.07660432 0.03981401
v -0.02187985 0.06565233 0.03981401
v -0.03283127 0.05470034 0.03981401
v -0.03283127 0.04374892 0.03981401
v -0.02187985 0.05470034 0.03981401
v -0.02187985 0.04374892 0.03981401
v -0.01092786 0.07660432 0.03981401
v -0.01092786 0.06565233 0.03981401
v 0.00002356 0.07660432 0.03981401
v 0.00002356 0.06565233 0.03981401
v -0.01092786 0.05470034 0.03981401
v -0.01092786 0.04374892 0.03981401
v 0.00002356 0.05470034 0.03981401
v 0.00002356 0.04374892 0.03981401
v -0.03283127 0.03279693 0.03981401
v -0.03283127 0.02184550 0.03981401
v -0.02187985 0.03279693 0.03981401
v -0.02187985 0.02184550 0.03981401
v -0.03283127 0.01089351 0.03981401
v -0.03283127 -0.00005791 0.03981401
v -0.02187985 0.01089351 0.03981401
v -0.02187985 -0.00005791 0.03981401
v -0.01092786 0.03279693 0.03981401
v -0.01092786 0.02184550 0.03981401
v 0.00002356 0.03279693 0.03981401
v 0.00002356 0.02184550 0.03981401
v -0.01092786 0.01089351 0.03981401
v -0.01092786 -0.00005791 0.03981401
v 0.00002356 0.01089351 0.03981401
v 0.00002356 -0.00005791 0.03981401
v -0.03284717 0.07661965 0.06919664
v -0.03284717 0.06566766 0.06919664
v -0.02189518 0.07661965 0.06919664
v -0.02189518 0.06566766 0.06919664
v -0.03284717 0.05471624 0.06919664
v -0.03284717 0.04376425 0.06919664
v -0.02189518 0.05471624 0.06919664
v -0.02189518 0.04376425 0.06919664
v -0.01094376 0.07661965 0.06919664
v -0.01094376 0.06566766 0.06919664
v 0.00000823 0.07661965 0.06919664
v 0.00000823 0.06566766 0.06919664
v -0.01094376 0.05471624 0.06919664
v -0.01094376 0.04376425 0.06919664
v 0.00000823 0.05471624 0.06919664
v 0.00000823 0.04376425 0.06919664
v -0.03284717 0.03281282 0.06919664
v -0.03284717 0.02186083 0.06919664
v -0.02189518 0.03281282 0.06919664
v -0.02189518 0.02186083 0.06919664
v -0.03285853 0.01090544 0.06910183
v -0.03285512 -0.00002839 0.06910126
v -0.02190256 0.01090544 0.06919664
v -0.02190313 -0.00003917 0.06910183
v -0.01094376 0.03281282 0.06919664
v -0.01094376 0.02186083 0.06919664
v 0.00000823 0.03281282 0.06919664
v 0.00000823 0.02186083 0.06919664
v -0.01094376 0.01090884 0.06919664
v -0.01095057 -0.00004655 0.06919664
v 0.00001448 0.01091395 0.06910183
v 0.00001788 -0.00003066 0.06910183
v -0.48186401 -0.01100990 0.03981401
v -0.48186401 -0.02196132 0.03981401
v -0.48186401 -0.03291331 0.03981401
v -0.48186401 -0.04386473 0.03981401
v -0.48186401 -0.05481672 0.03981401
v -0.48186401 -0.06576871 0.03981401
v -0.48186401 -0.07672014 0.03981401
v -0.48186401 -0.08767213 0.03981401
v -0.49999489 -0.01100592 0.05473895
v -0.49999489 -0.02195735 0.05473895
v -0.49987680 -0.01100990 0.06297607
v -0.49987680 -0.02196132 0.06297607
v -0.49999489 -0.03290934 0.05473895
v -0.49999489 -0.04386076 0.05473895
v -0.49987680 -0.03291331 0.06297607
v -0.49987680 -0.04386473 0.06297607
v -0.49141542 -0.01100195 0.06881854
v -0.49747135 -0.01100025 0.06778925
v -0.49141542 -0.02195394 0.06881854
v -0.49747135 -0.02195224 0.06778925
v -0.48183676 -0.01100422 0.06881740
v -0.48183506 -0.02195280 0.06881740
v -0.49141542 -0.03290536 0.06881854
v -0.49747135 -0.03290423 0.06778925
v -0.49141542 -0.04385735 0.06881854
v -0.49747135 -0.04385565 0.06778925
v -0.48183506 -0.03290480 0.06881740
v -0.48183506 -0.04385622 0.06881740
v -0.49999489 -0.05481275 0.05473895
v -0.49999489 -0.06576417 0.05473895
v -0.49987680 -0.05481672 0.06297607
v -0.49987680 -0.06576815 0.06297607
v -0.49999489 -0.07671616 0.05473895
v -0.49999489 -0.08766759 0.05473895
v -0.49987680 -0.07672014 0.06297607
v -0.49987680 -0.08767156 0.06297607
v -0.49141542 -0.05480878 0.06881854
v -0.49747135 -0.05480764 0.06778925
v -0.49141542 -0.06576077 0.06881854
v -0.49747135 -0.06575906 0.06778925
v -0.48183506 -0.05480821 0.06881740
v -0.48183506 -0.06575963 0.06881740
v -0.49141542 -0.07671276 0.06881854
v -0.49747135 -0.07671105 0.06778925
v -0.49141542 -0.08766418 0.06881854
v -0.49747135 -0.08766248 0.06778925
v -0.48183506 -0.07671162 0.06881740
v -0.48183506 -0.08766361 0.06881740
v -0.47090067 -0.01100990 0.03981401
v -0.47090067 -0.02196132 0.03981401
v -0.45994925 -0.01100990 0.03981401
v -0.45994925 -0.02196132 0.03981401
v -0.47090067 -0.03291331 0.03981401
v -0.47090067 -0.04386530 0.03981401
v -0.45994925 -0.03291331 0.03981401
v -0.45994925 -0.04386530 0.03981401
v -0.44899726 -0.01100990 0.03981401
v -0.44899726 -0.02196132 0.03981401
v -0.43804526 -0.01100990 0.03981401
v -0.43804526 -0.02196132 0.03981401
v -0.44899726 -0.03291331 0.03981401
v -0.44899726 -0.04386530 0.03981401
v -0.43804526 -0.03291331 0.03981401
v -0.43804526 -0.04386530 0.03981401
v -0.47090067 -0.05481672 0.03981401
v -0.47090067 -0.06576871 0.03981401
v -0.45994925 -0.05481672 0.03981401
v -0.45994925 -0.06576871 0.03981401
v -0.47090067 -0.07672014 0.03981401
v -0.47090067 -0.08767213 0.03981401
v -0.45994925 -0.07672014 0.03981401
v -0.45994925 -0.08767213 0.03981401
v -0.44899726 -0.05481672 0.03981401
v -0.44899726 -0.06576871 0.03981401
v -0.43804526 -0.05481672 0.03981401
v -0.43804526 -0.06576871 0.03981401
v -0.44899726 -0.07672014 0.03981401
v -0.44899726 -0.08767213 0.03981401
v -0.43804526 -0.07672014 0.03981401
v -0.43804526 -0.08767213 0.03981401
v -0.47089045 -0.01101955 0.06862778
v -0.47088931 -0.02196359 0.06862778
v -0.45994697 -0.01102125 0.06862778
v -0.45994697 -0.02196359 0.06862835
v -0.47088931 -0.03291558 0.06862778
v -0.47088931 -0.04386700 0.06862778
v -0.45994697 -0.03291558 0.06862835
v -0.45994697 -0.04386700 0.06862835
v -0.44899498 -0.01102125 0.06862778
v -0.44899498 -0.02196359 0.06862835
v -0.43804356 -0.01102125 0.06862778
v -0.43804356 -0.02196359 0.06862835
v -0.44899498 -0.03291558 0.06862835
v -0.44899498 -0.04386700 0.06862835
v -0.43804356 -0.03291558 0.06862835
v -0.43804356 -0.04386700 0.06862835
v -0.47088931 -0.05481899 0.06862778
v -0.47088931 -0.06577042 0.06862778
v -0.45994697 -0.05481899 0.06862835
v -0.45994697 -0.06577042 0.06862835
v -0.47088931 -0.07672241 0.06862778
v -0.47088931 -0.08767383 0.06862778
v -0.45994697 -0.07672241 0.06862835
v -0.45994697 -0.08767383 0.06862835
v -0.44899498 -0.05481899 0.06862835
v -0.44899498 -0.06577042 0.06862835
v -0.43804356 -0.05481899 0.06862835
v -0.43804356 -0.06577042 0.06862835
v -0.44899498 -0.07672241 0.06862835
v -0.44899498 -0.08767383 0.06862835
v -0.43804356 -0.07672241 0.06862835
v -0.43804356 -0.08767383 0.06862835
v -0.48186401 -0.09862355 0.03981401
v -0.48186401 -0.10957554 0.03981401
v -0.48186401 -0.12052696 0.03981401
v -0.48186401 -0.13147895 0.03981401
v -0.48186401 -0.14243038 0.03981401
v -0.48186401 -0.15338237 0.03981401
v -0.48186401 -0.16433379 0.03981401
v -0.48186401 -0.17528578 0.03981401
v -0.49999489 -0.09861958 0.05473895
v -0.49999489 -0.10957157 0.05473895
v -0.49987680 -0.09862355 0.06297607
v -0.49987680 -0.10957554 0.06297607
v -0.49999489 -0.12052299 0.05473895
v -0.49999489 -0.13147498 0.05473895
v -0.49987680 -0.12052696 0.06297607
v -0.49987680 -0.13147895 0.06297607
v -0.49141542 -0.09861617 0.06881854
v -0.49747135 -0.09861447 0.06778925
v -0.49141542 -0.10956759 0.06881854
v -0.49747135 -0.10956589 0.06778925
v -0.48183506 -0.09861503 0.06881740
v -0.48183506 -0.10956702 0.06881740
v -0.49141542 -0.12051958 0.06881854
v -0.49747135 -0.12051788 0.06778925
v -0.49141542 -0.13147100 0.06881854
v -0.49747135 -0.13146987 0.06778925
v -0.48183506 -0.12051845 0.06881740
v -0.48183506 -0.13147044 0.06881740
v -0.49999489 -0.14242640 0.05473895
v -0.49999489 -0.15337839 0.05473895
v -0.49987680 -0.14243038 0.06297607
v -0.49987680 -0.15338237 0.06297607
v -0.49999489 -0.16432981 0.05473895
v -0.49999489 -0.17528180 0.05473895
v -0.49987680 -0.16433379 0.06297607
v -0.49987680 -0.17528578 0.06297607
v -0.49141542 -0.14242300 0.06881854
v -0.49747135 -0.14242129 0.06778925
v -0.49141542 -0.15337442 0.06881854
v -0.49747135 -0.15337328 0.06778925
v -0.48183506 -0.14242186 0.06881740
v -0.48183506 -0.15337385 0.06881740
v -0.49141542 -0.16432641 0.06881854
v -0.49747135 -0.16432470 0.06778925
v -0.49141542 -0.17527783 0.06881854
v -0.49747135 -0.17527670 0.06778925
v -0.48183506 -0.16432527 0.06881740
v -0.48183506 -0.17527726 0.06881740
v -0.47090067 -0.09862355 0.03981401
v -0.47090067 -0.10957554 0.03981401
v -0.45994925 -0.09862355 0.03981401
v -0.45994925 -0.10957554 0.03981401
v -0.47090067 -0.12052696 0.03981401
v -0.47090067 -0.13147895 0.03981401
v -0.45994925 -0.12052696 0.03981401
v -0.45994925 -0.13147895 0.03981401
v -0.44899726 -0.09862355 0.03981401
v -0.44899726 -0.10957554 0.03981401
v -0.43804526 -0.09862355 0.03981401
v -0.43804526 -0.10957554 0.03981401
v -0.44899726 -0.12052696 0.03981401
v -0.44899726 -0.13147895 0.03981401
v -0.43804526 -0.12052696 0.03981401
v -0.43804526 -0.13147895 0.03981401
v -0.47090067 -0.14243038 0.03981401
v -0.47090067 -0.15338237 0.03981401
v -0.45994925 -0.14243038 0.03981401
v -0.45994925 -0.15338237 0.03981401
v -0.47090067 -0.16433379 0.03981401
v -0.47090067 -0.17528578 0.03981401
v -0.45994925 -0.16433379 0.03981401
v -0.45994925 -0.17528578 0.03981401
v -0.44899726 -0.14243038 0.03981401
v -0.44899726 -0.15338237 0.03981401
v -0.43804526 -0.14243038 0.03981401
v -0.43804526 -0.15338237 0.03981401
v -0.44899726 -0.16433379 0.03981401
v -0.44899726 -0.17528578 0.03981401
v -0.43804526 -0.16433379 0.03981401
v -0.43804526 -0.17528578 0.03981401
v -0.47088931 -0.09862582 0.06862778
v -0.47088931 -0.10957781 0.06862778
v -0.45994697 -0.09862582 0.06862835
v -0.45994697 -0.10957781 0.06862835
v -0.47088931 -0.12052923 0.06862778
v -0.47088931 -0.13148122 0.06862778
v -0.45994697 -0.12052923 0.06862835
v -0.45994697 -0.13148122 0.06862835
v -0.44899498 -0.09862582 0.06862835
v -0.44899498 -0.10957781 0.06862835
v -0.43804356 -0.09862582 0.06862835
v -0.43804356 -0.10957781 0.06862835
v -0.44899498 -0.12052923 0.06862835
v -0.44899498 -0.13148122 0.06862835
v -0.43804356 -0.12052923 0.06862835
v -0.43804356 -0.13148122 0.06862835
v -0.47088931 -0.14243265 0.06862778
v -0.47088931 -0.15338464 0.06862778
v -0.45994697 -0.14243265 0.06862835
v -0.45994697 -0.15338464 0.06862835
v -0.47088931 -0.16433606 0.06862778
v -0.47088931 -0.17528805 0.06862778
v -0.45994697 -0.16433606 0.06862835
v -0.45994697 -0.17528805 0.06862835
v -0.44899498 -0.14243265 0.06862835
v -0.44899498 -0.15338464 0.06862835
v -0.43804356 -0.14243265 0.06862835
v -0.43804356 -0.15338464 0.06862835
v -0.44899498 -0.16433606 0.06862835
v -0.44899498 -0.17528805 0.06862835
v -0.43804356 -0.16433606 0.06862835
v -0.43804356 -0.17528805 0.06862835
v -0.42709384 -0.01100990 0.03981401
v -0.42709384 -0.02196132 0.03981401
v -0.41614185 -0.01100990 0.03981401
v -0.41614185 -0.02196132 0.03981401
v -0.42709384 -0.03291331 0.03981401
v -0.42709384 -0.04386530 0.03981401
v -0.41614185 -0.03291331 0.03981401
v -0.41614185 -0.04386530 0.03981401
v -0.40519043 -0.01100990 0.03981401
v -0.40519043 -0.02196132 0.03981401
v -0.39423844 -0.01100990 0.03981401
v -0.39423844 -0.02196132 0.03981401
v -0.40519043 -0.03291331 0.03981401
v -0.40519043 -0.04386530 0.03981401
v -0.39423844 -0.03291331 0.03981401
v -0.39423844 -0.04386530 0.03981401
v -0.42709384 -0.05481672 0.03981401
v -0.42709384 -0.06576871 0.03981401
v -0.41614185 -0.05481672 0.03981401
v -0.41614185 -0.06576871 0.03981401
v -0.42709384 -0.07672014 0.03981401
v -0.42709384 -0.08767213 0.03981401
v -0.41614185 -0.07672014 0.03981401
v -0.41614185 -0.08767213 0.03981401
v -0.40519043 -0.05481672 0.03981401
v -0.40519043 -0.06576871 0.03981401
v -0.39423844 -0.05481672 0.03981401
v -0.39423844 -0.06576871 0.03981401
v -0.40519043 -0.07672014 0.03981401
v -0.40519043 -0.08767213 0.03981401
v -0.39423844 -0.07672014 0.03981401
v -0.39423844 -0.08767213 0.03981401
v -0.42709157 -0.01102125 0.06862778
v -0.42709157 -0.02196359 0.06862835
v -0.41614015 -0.01102125 0.06862778
v -0.41614015 -0.02196359 0.06862835
v -0.42709157 -0.03291558 0.06862835
v -0.42709157 -0.04386700 0.06862835
v -0.41614015 -0.03291558 0.06862835
v -0.41614015 -0.04386700 0.06862835
v -0.40518816 -0.01102125 0.06862778
v -0.40518816 -0.02196359 0.06862835
v -0.39423617 -0.01102125 0.06862778
v -0.39423674 -0.02196359 0.06862835
v -0.40518816 -0.03291558 0.06862835
v -0.40518816 -0.04386700 0.06862835
v -0.39423674 -0.03291558 0.06862835
v -0.39423674 -0.04386700 0.06862835
v -0.42709157 -0.05481899 0.06862835
v -0.42709157 -0.06577042 0.06862835
v -0.41614015 -0.05481899 0.06862835
v -0.41614015 -0.06577042 0.06862835
v -0.42709157 -0.07672241 0.06862835
v -0.42709157 -0.08767383 0.06862835
v -0.41614015 -0.07672241 0.06862835
v -0.41614015 -0.08767383 0.06862835
v -0.40518816 -0.05481899 0.06862835
v -0.40518816 -0.06577042 0.06862835
v -0.39423674 -0.05481899 0.06862835
v -0.39423674 -0.06577042 0.06862835
v -0.40518816 -0.07672241 0.06862835
v -0.40518816 -0.08767383 0.06862835
v -0.39423674 -0.07672241 0.06862835
v -0.39423674 -0.08767383 0.06862835
v -0.38328702 -0.01100990 0.03981401
v -0.38328702 -0.02196132 0.03981401
v -0.37233503 -0.01100990 0.03981401
v -0.37233503 -0.02196132 0.03981401
v -0.38328702 -0.03291331 0.03981401
v -0.38328702 -0.04386530 0.03981401
v -0.37233503 -0.03291331 0.03981401
v -0.37233503 -0.04386530 0.03981401
v -0.36138360 -0.01100990 0.03981401
v -0.36138360 -0.02196132 0.03981401
v -0.35043161 -0.01100990 0.03981401
v -0.35043161 -0.02196132 0.03981401
v -0.36138360 -0.03291331 0.03981401
v -0.36138360 -0.04386530 0.03981401
v -0.35043161 -0.03291331 0.03981401
v -0.35043161 -0.04386530 0.03981401
v -0.38328702 -0.05481672 0.03981401
v -0.38328702 -0.06576871 0.03981401
v -0.37233503 -0.05481672 0.03981401
v -0.37233503 -0.06576871 0.03981401
v -0.38328702 -0.07672014 0.03981401
v -0.38328702 -0.08767213 0.03981401
v -0.37233503 -0.07672014 0.03981401
v -0.37233503 -0.08767213 0.03981401
v -0.36138360 -0.05481672 0.03981401
v -0.36138360 -0.06576871 0.03981401
v -0.35043161 -0.05481672 0.03981401
v -0.35043161 -0.06576871 0.03981401
v -0.36138360 -0.07672014 0.03981401
v -0.36138360 -0.08767213 0.03981401
v -0.35043161 -0.07672014 0.03981401
v -0.35043161 -0.08767213 0.03981401
v -0.38328475 -0.01102125 0.06862778
v -0.38328475 -0.02196359 0.06862835
v -0.37233276 -0.01102125 0.06862778
v -0.37233276 -0.02196359 0.06862835
v -0.38328475 -0.03291558 0.06862835
v -0.38328475 -0.04386700 0.06862835
v -0.37233276 -0.03291558 0.06862835
v -0.37233276 -0.04386700 0.06862835
v -0.36138133 -0.01102125 0.06862778
v -0.36138133 -0.02196359 0.06862835
v -0.35042934 -0.01102125 0.06862778
v -0.35042934 -0.02196359 0.06862835
v -0.36138133 -0.03291558 0.06862835
v -0.36138133 -0.04386700 0.06862835
v -0.35042934 -0.03291558 0.06862835
v -0.35042934 -0.04386700 0.06862835
v -0.38328475 -0.05481899 0.06862835
v -0.38328475 -0.06577042 0.06862835
v -0.37233276 -0.05481899 0.06862835
v -0.37233276 -0.06577042 0.06862835
v -0.38328475 -0.07672241 0.06862835
v -0.38328475 -0.08767383 0.06862835
v -0.37233276 -0.07672241 0.06862835
v -0.37233276 -0.08767383 0.06862835
v -0.36138133 -0.05481899 0.06862835
v -0.36138133 -0.06577042 0.06862835
v -0.35042934 -0.05481899 0.06862835
v -0.35042934 -0.06577042 0.06862835
v -0.36138133 -0.07672241 0.06862835
v -0.36138133 -0.08767383 0.06862835
v -0.35042934 -0.07672241 0.06862835
v -0.35042934 -0.08767383 0.06862835
v -0.42709384 -0.09862355 0.03981401
v -0.42709384 -0.10957554 0.03981401
v -0.41614185 -0.09862355 0.03981401
v -0.41614185 -0.10957554 0.03981401
v -0.42709384 -0.12052696 0.03981401
v -0.42709384 -0.13147895 0.03981401
v -0.41614185 -0.12052696 0.03981401
v -0.41614185 -0.13147895 0.03981401
v -0.40519043 -0.09862355 0.03981401
v -0.40519043 -0.10957554 0.03981401
v -0.39423844 -0.09862355 0.03981401
v -0.39423844 -0.10957554 0.03981401
v -0.40519043 -0.12052696 0.03981401
v -0.40519043 -0.13147895 0.03981401
v -0.39423844 -0.12052696 0.03981401
v -0.39423844 -0.13147895 0.03981401
v -0.42709384 -0.14243038 0.03981401
v -0.42709384 -0.15338237 0.03981401
v -0.41614185 -0.14243038 0.03981401
v -0.41614185 -0.15338237 0.03981401
v -0.42709384 -0.16433379 0.03981401
v -0.42709384 -0.17528578 0.03981401
v -0.41614185 -0.16433379 0.03981401
v -0.41614185 -0.17528578 0.03981401
v -0.40519043 -0.14243038 0.03981401
v -0.40519043 -0.15338237 0.03981401
v -0.39423844 -0.14243038 0.03981401
v -0.39423844 -0.15338237 0.03981401
v -0.40519043 -0.16433379 0.03981401
v -0.40519043 -0.17528578 0.03981401
v -0.39423844 -0.16433379 0.03981401
v -0.39423844 -0.17528578 0.03981401
v -0.42709157 -0.09862582 0.06862835
v -0.42709157 -0.10957781 0.06862835
v -0.41614015 -0.09862582 0.06862835
v -0.41614015 -0.10957781 0.06862835
v -0.42709157 -0.12052923 0.06862835
v -0.42709157 -0.13148122 0.06862835
v -0.41614015 -0.12052923 0.06862835
v -0.41614015 -0.13148122 0.06862835
v -0.40518816 -0.09862582 0.06862835
v -0.40518816 -0.10957781 0.06862835
v -0.39423674 -0.09862582 0.06862835
v -0.39423674 -0.10957781 0.06862835
v -0.40518816 -0.12052923 0.06862835
v -0.40518816 -0.13148122 0.06862835
v -0.39423674 -0.12052923 0.06862835
v -0.39423674 -0.13148122 0.06862835
v -0.42709157 -0.14243265 0.06862835
v -0.42709157 -0.15338464 0.06862835
v -0.41614015 -0.14243265 0.06862835
v -0.41614015 -0.15338464 0.06862835
v -0.42709157 -0.16433606 0.06862835
v -0.42709555 -0.17528408 0.06862835
v -0.41614015 -0.16433606 0.06862835
v -0.41614356 -0.17527329 0.06862835
v -0.40518816 -0.14243265 0.06862835
v -0.40518816 -0.15338464 0.06862835
v -0.39423674 -0.14243265 0.06862835
v -0.39424014 -0.15338066 0.06862835
v -0.40519156 -0.16433265 0.06862835
v -0.40519895 -0.17526591 0.06862835
v -0.39425093 -0.16432187 0.06862891
v -0.39426115 -0.17526307 0.06872316
v -0.38328702 -0.09862355 0.03981401
v -0.38328702 -0.10957554 0.03981401
v -0.37233503 -0.09862355 0.03981401
v -0.37233503 -0.10957554 0.03981401
v -0.38328702 -0.12052696 0.03981401
v -0.38328702 -0.13147895 0.03981401
v -0.37233503 -0.12052696 0.03981401
v -0.37233503 -0.13147895 0.03981401
v -0.36138360 -0.09862355 0.03981401
v -0.36138360 -0.10957554 0.03981401
v -0.35043161 -0.09862355 0.03981401
v -0.35043161 -0.10957554 0.03981401
v -0.36138360 -0.12052696 0.03981401
v -0.36138360 -0.13147895 0.03981401
v -0.35043161 -0.12052696 0.03981401
v -0.35043161 -0.13147895 0.03981401
v -0.38328702 -0.14243038 0.03981401
v -0.38328702 -0.15338237 0.03981401
v -0.37233503 -0.14243038 0.03981401
v -0.37233503 -0.15338237 0.03981401
v -0.38328702 -0.16433379 0.03981401
v -0.38328702 -0.17528578 0.03981401
v -0.37233503 -0.16433379 0.03981401
v -0.37233503 -0.17528578 0.03981401
v -0.36138360 -0.14243038 0.03981401
v -0.36138360 -0.15338237 0.03981401
v -0.35043161 -0.14243038 0.03981401
v -0.35043161 -0.15338237 0.03981401
v -0.36138360 -0.16433379 0.03981401
v -0.36138360 -0.17528578 0.03981401
v -0.35043161 -0.16433379 0.03981401
v -0.35043161 -0.17528578 0.03981401
v -0.38328475 -0.09862582 0.06862835
v -0.38328475 -0.10957781 0.06862835
v -0.37233276 -0.09862582 0.06862835
v -0.37233276 -0.10957781 0.06862835
v -0.38328475 -0.12052923 0.06862835
v -0.38328475 -0.13148122 0.06862835
v -0.37233276 -0.12052923 0.06862835
v -0.37233276 -0.13148122 0.06862835
v -0.36138133 -0.09862582 0.06862835
v -0.36138133 -0.10957781 0.06862835
v -0.35042934 -0.09862582 0.06862835
v -0.35042934 -0.10957781 0.06862835
v -0.36138133 -0.12052923 0.06862835
v -0.36138133 -0.13148122 0.06862835
v -0.35042934 -0.12052923 0.06862835
v -0.35043332 -0.13147725 0.06862835
v -0.38328475 -0.14243265 0.06862835
v -0.38328815 -0.15336988 0.06862835
v -0.37233673 -0.14242924 0.06862835
v -0.37234411 -0.15336250 0.06862835
v -0.38330234 -0.16430767 0.06872259
v -0.38331881 -0.17525342 0.06891221
v -0.37235717 -0.16430086 0.06881740
v -0.37235660 -0.17524263 0.06891221
v -0.36138474 -0.14241789 0.06862835
v -0.36139893 -0.15335568 0.06872259
v -0.35044070 -0.14241107 0.06862835
v -0.35045375 -0.15334944 0.06881740
v -0.36140461 -0.16429064 0.06891221
v -0.36141142 -0.17524717 0.06900702
v -0.35045319 -0.16429064 0.06891221
v -0.35045886 -0.17524774 0.06910126
v -0.48186401 -0.18623777 0.03981401
v -0.48186401 -0.19718919 0.03981401
v -0.48185834 -0.20805318 0.03982423
v -0.48304829 -0.21869974 0.03741537
v -0.49999489 -0.18623323 0.05473895
v -0.49999489 -0.19718522 0.05473895
v -0.49987680 -0.18623720 0.06297607
v -0.49987680 -0.19718919 0.06297607
v -0.49999489 -0.20813664 0.05473895
v -0.49999489 -0.21908863 0.05473895
v -0.49987680 -0.20814061 0.06297607
v -0.49987680 -0.21909260 0.06297607
v -0.49141542 -0.18622982 0.06881854
v -0.49747135 -0.18622812 0.06778925
v -0.49141542 -0.19718181 0.06881854
v -0.49747135 -0.19718011 0.06778925
v -0.48183506 -0.18622869 0.06881740
v -0.48183506 -0.19718068 0.06881740
v -0.49141883 -0.20812983 0.06881854
v -0.49747135 -0.20813153 0.06778925
v -0.49142621 -0.21907387 0.06881854
v -0.49747135 -0.21908352 0.06778925
v -0.48183903 -0.20811791 0.06881740
v -0.48185266 -0.21905570 0.06891164
v -0.49999603 -0.23004516 0.05472248
v -0.49999716 -0.24096309 0.05470886
v -0.49987680 -0.23004459 0.06297607
v -0.49987056 -0.24097274 0.06298856
v -0.49989327 -0.25009779 0.05470545
v -0.49749974 -0.25578413 0.05469523
v -0.49145687 -0.25786200 0.05469466
v -0.49983139 -0.25005464 0.06293520
v -0.49751223 -0.25567967 0.06293349
v -0.49145517 -0.25775130 0.06296642
v -0.48186061 -0.25797498 0.05469012
v -0.48185947 -0.25786825 0.06295450
v -0.49142621 -0.23001905 0.06891335
v -0.49747135 -0.23003494 0.06778925
v -0.49142678 -0.24094038 0.06900645
v -0.49746454 -0.24095968 0.06779379
v -0.48186004 -0.23000485 0.06910126
v -0.48185947 -0.24093300 0.06910013
v -0.49143019 -0.25019090 0.06882024
v -0.49749520 -0.25009155 0.06765470
v -0.49441188 -0.25568591 0.06764618
v -0.49802204 -0.25473724 0.06709833
v -0.48184925 -0.25017557 0.06899283
v -0.48550881 -0.25587780 0.06776540
v -0.47090067 -0.18623777 0.03981401
v -0.47090067 -0.19718919 0.03981401
v -0.45994925 -0.18623777 0.03981401
v -0.45994925 -0.19718919 0.03981401
v -0.47088761 -0.20810939 0.03981685
v -0.47201568 -0.21887403 0.03854799
v -0.45994925 -0.20814118 0.03981401
v -0.45990894 -0.21897395 0.03982934
v -0.44899726 -0.18623777 0.03981401
v -0.44899726 -0.19718919 0.03981401
v -0.43804526 -0.18623777 0.03981401
v -0.43804526 -0.19718919 0.03981401
v -0.44899726 -0.20814118 0.03981401
v -0.44899101 -0.21910282 0.03981969
v -0.43804526 -0.20814118 0.03981401
v -0.43804413 -0.21919707 0.03983332
v -0.47336176 -0.22835221 0.03447512
v -0.46099159 -0.22648893 0.03880403
v -0.44885589 -0.22666720 0.04014102
v -0.43750195 -0.22676201 0.04002180
v -0.47088931 -0.18623947 0.06862778
v -0.47089272 -0.19718749 0.06862835
v -0.45994697 -0.18623947 0.06862835
v -0.45995038 -0.19717670 0.06862835
v -0.47090010 -0.20812131 0.06862835
v -0.47091316 -0.21905968 0.06881740
v -0.45996457 -0.20811450 0.06872259
v -0.45997025 -0.21904946 0.06891221
v -0.44899896 -0.18623607 0.06862835
v -0.44900634 -0.19716932 0.06862835
v -0.43804697 -0.18622528 0.06862835
v -0.43806116 -0.19716308 0.06872259
v -0.44901940 -0.20810825 0.06881740
v -0.44901826 -0.21904946 0.06891221
v -0.43806684 -0.20809803 0.06891221
v -0.43807308 -0.21905400 0.06900702
v -0.47085184 -0.25771610 0.05522776
v -0.47090124 -0.25788017 0.06293463
v -0.45990042 -0.25762015 0.05569272
v -0.45995549 -0.25769566 0.06292611
v -0.47091259 -0.23000145 0.06891221
v -0.47091940 -0.24092675 0.06910013
v -0.45997706 -0.23000542 0.06900702
v -0.45997536 -0.24092392 0.06919494
v -0.47091259 -0.25018919 0.06898034
v -0.47456023 -0.25579037 0.06776086
v -0.45996628 -0.25020055 0.06897580
v -0.46360767 -0.25570408 0.06775064
v -0.44901542 -0.25749979 0.05563311
v -0.44901372 -0.25760085 0.06293009
v -0.43806514 -0.25749923 0.05563482
v -0.43806684 -0.25760085 0.06293122
v -0.44902451 -0.23000656 0.06910126
v -0.44901599 -0.24093130 0.06919494
v -0.43807195 -0.23000712 0.06919607
v -0.43806457 -0.24094208 0.06919494
v -0.44901088 -0.25020452 0.06897523
v -0.45266135 -0.25570805 0.06774326
v -0.43805946 -0.25020452 0.06897523
v -0.44171107 -0.25570805 0.06774099
v -0.42709384 -0.18623777 0.03981401
v -0.42709384 -0.19718919 0.03981401
v -0.41614185 -0.18623777 0.03981401
v -0.41614185 -0.19718919 0.03981401
v -0.42709384 -0.20814118 0.03981401
v -0.42710236 -0.21922886 0.03984353
v -0.41614185 -0.20814118 0.03981401
v -0.41615207 -0.21919309 0.03983218
v -0.40519043 -0.18623777 0.03981401
v -0.40519043 -0.19718919 0.03981401
v -0.39423844 -0.18623777 0.03981401
v -0.39423844 -0.19718919 0.03981401
v -0.40519043 -0.20814118 0.03981401
v -0.40520292 -0.21912213 0.03981742
v -0.39423844 -0.20814118 0.03981401
v -0.39424923 -0.21904037 0.03981912
v -0.42624907 -0.22686420 0.04008822
v -0.42710236 -0.18621790 0.06862835
v -0.42711598 -0.19715626 0.06881740
v -0.41615718 -0.18621109 0.06872259
v -0.41616343 -0.19714604 0.06891221
v -0.42711485 -0.20809803 0.06891221
v -0.42712109 -0.21905457 0.06910126
v -0.41616967 -0.20810201 0.06900702
v -0.41616853 -0.21905513 0.06919607
v -0.40521257 -0.18620484 0.06881740
v -0.40521144 -0.19714604 0.06891221
v -0.39426001 -0.18619462 0.06891221
v -0.39426626 -0.19715059 0.06900702
v -0.40521768 -0.20810258 0.06910126
v -0.40520916 -0.21906252 0.06919607
v -0.39426512 -0.20810371 0.06919607
v -0.39425774 -0.21907330 0.06919664
v -0.42711314 -0.25749923 0.05563482
v -0.42711485 -0.25760085 0.06293122
v -0.41616172 -0.25749923 0.05563482
v -0.41616343 -0.25760085 0.06293122
v -0.42711258 -0.23001451 0.06919607
v -0.42710917 -0.24094606 0.06919494
v -0.41616115 -0.23002529 0.06919664
v -0.41615718 -0.24094606 0.06919494
v -0.42710747 -0.25020452 0.06897523
v -0.43075964 -0.25570805 0.06774099
v -0.41615604 -0.25020452 0.06897523
v -0.41980765 -0.25570805 0.06774099
v -0.40520973 -0.25749923 0.05563482
v -0.40521144 -0.25760085 0.06293122
v -0.39425831 -0.25749923 0.05563482
v -0.39426001 -0.25760085 0.06293122
v -0.40520576 -0.23002870 0.06919664
v -0.40520576 -0.24094606 0.06919494
v -0.39425377 -0.23002927 0.06919664
v -0.39425377 -0.24094606 0.06919494
v -0.40520405 -0.25020452 0.06897523
v -0.40885566 -0.25570805 0.06774099
v -0.39425263 -0.25020452 0.06897523
v -0.39790424 -0.25570805 0.06774099
v -0.38328702 -0.18623777 0.03981401
v -0.38328702 -0.19718919 0.03981401
v -0.37233503 -0.18623777 0.03981401
v -0.37233503 -0.19718919 0.03981401
v -0.38328702 -0.20814118 0.03981401
v -0.38328702 -0.21899609 0.03982480
v -0.37233503 -0.20814118 0.03981401
v -0.37233559 -0.21899496 0.03982537
v -0.36138360 -0.18623777 0.03981401
v -0.36138360 -0.19718919 0.03981401
v -0.35043161 -0.18623777 0.03981401
v -0.35043161 -0.19718919 0.03981401
v -0.36138360 -0.20814118 0.03981401
v -0.36138360 -0.21899155 0.03982594
v -0.35043161 -0.20814118 0.03981401
v -0.35042310 -0.21901596 0.03982196
v -0.38331881 -0.18620541 0.06891278
v -0.38331370 -0.19715115 0.06910126
v -0.37236966 -0.18620314 0.06910183
v -0.37236512 -0.19715910 0.06919607
v -0.38330575 -0.20811109 0.06919607
v -0.38330234 -0.21907728 0.06919664
v -0.37235433 -0.20812188 0.06919664
v -0.37235035 -0.21907728 0.06919664
v -0.36140972 -0.18620030 0.06919607
v -0.36140234 -0.19716989 0.06919664
v -0.35045092 -0.18620768 0.06919607
v -0.35044694 -0.19717386 0.06919664
v -0.36139893 -0.20812529 0.06919664
v -0.36139893 -0.21907728 0.06919664
v -0.35044694 -0.20812529 0.06919664
v -0.35044694 -0.21907728 0.06919664
v -0.38330632 -0.25749923 0.05563482
v -0.38330802 -0.25760085 0.06293122
v -0.37235490 -0.25749923 0.05563482
v -0.37235660 -0.25760085 0.06293122
v -0.38330234 -0.23002927 0.06919664
v -0.38330234 -0.24094606 0.06919494
v -0.37235035 -0.23002927 0.06919664
v -0.37235035 -0.24094606 0.06919494
v -0.38330064 -0.25020452 0.06897523
v -0.38695225 -0.25570805 0.06774099
v -0.37234922 -0.25020452 0.06897523
v -0.37600083 -0.25570805 0.06774099
v -0.36140291 -0.25749923 0.05563482
v -0.36140461 -0.25760085 0.06293122
v -0.35045148 -0.25749923 0.05563482
v -0.35045319 -0.25760085 0.06293122
v -0.36139893 -0.23002927 0.06919664
v -0.36139893 -0.24094606 0.06919494
v -0.35044694 -0.23002927 0.06919664
v -0.35044694 -0.24094606 0.06919494
v -0.36139723 -0.25020452 0.06897523
v -0.36504884 -0.25570805 0.06774099
v -0.35044581 -0.25020452 0.06897523
v -0.35409742 -0.25570805 0.06774099
v -0.33948019 -0.01100990 0.03981401
v -0.33948019 -0.02196132 0.03981401
v -0.32852820 -0.01100990 0.03981401
v -0.32852820 -0.02196132 0.03981401
v -0.33948019 -0.03291331 0.03981401
v -0.33948019 -0.04386530 0.03981401
v -0.32852820 -0.03291331 0.03981401
v -0.32852820 -0.04386530 0.03981401
v -0.31757678 -0.01100990 0.03981401
v -0.31757678 -0.02196132 0.03981401
v -0.30662479 -0.01100990 0.03981401
v -0.30662479 -0.02196132 0.03981401
v -0.31757678 -0.03291331 0.03981401
v -0.31757678 -0.04386530 0.03981401
v -0.30662479 -0.03291331 0.03981401
v -0.30662479 -0.04386530 0.03981401
v -0.33948019 -0.05481672 0.03981401
v -0.33948019 -0.06576871 0.03981401
v -0.32852820 -0.05481672 0.03981401
v -0.32852820 -0.06576871 0.03981401
v -0.33948019 -0.07672014 0.03981401
v -0.33948019 -0.08767213 0.03981401
v -0.32852820 -0.07672014 0.03981401
v -0.32852820 -0.08767213 0.03981401
v -0.31757678 -0.05481672 0.03981401
v -0.31757678 -0.06576871 0.03981401
v -0.30662479 -0.05481672 0.03981401
v -0.30662479 -0.06576871 0.03981401
v -0.31757678 -0.07672014 0.03981401
v -0.31757678 -0.08767213 0.03981401
v -0.30662479 -0.07672014 0.03981401
v -0.30662479 -0.08767213 0.03981401
v -0.33947792 -0.01102125 0.06862778
v -0.33947792 -0.02196359 0.06862835
v -0.32852593 -0.01102125 0.06862778
v -0.32852593 -0.02196359 0.06862835
v -0.33947792 -0.03291558 0.06862835
v -0.33947792 -0.04386700 0.06862835
v -0.32852593 -0.03291558 0.06862835
v -0.32852593 -0.04386700 0.06862835
v -0.31757451 -0.01102125 0.06862778
v -0.31757451 -0.02196359 0.06862835
v -0.30662252 -0.01102125 0.06862778
v -0.30662252 -0.02196359 0.06862835
v -0.31757451 -0.03291558 0.06862835
v -0.31757451 -0.04386700 0.06862835
v -0.30662252 -0.03291558 0.06862835
v -0.30662252 -0.04386700 0.06862835
v -0.33947792 -0.05481899 0.06862835
v -0.33947792 -0.06577042 0.06862835
v -0.32852593 -0.05481899 0.06862835
v -0.32852593 -0.06577042 0.06862835
v -0.33947792 -0.07672241 0.06862835
v -0.33947792 -0.08767383 0.06862835
v -0.32852593 -0.07672241 0.06862835
v -0.32852593 -0.08767383 0.06862835
v -0.31757451 -0.05481899 0.06862835
v -0.31757451 -0.06577042 0.06862835
v -0.30662252 -0.05481899 0.06862835
v -0.30662252 -0.06577042 0.06862835
v -0.31757451 -0.07672241 0.06862835
v -0.31757451 -0.08767383 0.06862835
v -0.30662252 -0.07672241 0.06862835
v -0.30662252 -0.08767383 0.06862835
v -0.29567280 -0.01100990 0.03981401
v -0.29567280 -0.02196132 0.03981401
v -0.28472137 -0.01100990 0.03981401
v -0.28472137 -0.02196132 0.03981401
v -0.29567280 -0.03291331 0.03981401
v -0.29567280 -0.04386530 0.03981401
v -0.28472137 -0.03291331 0.03981401
v -0.28472137 -0.04386530 0.03981401
v -0.27376938 -0.01100990 0.03981401
v -0.27376938 -0.02196132 0.03981401
v -0.26281796 -0.01100990 0.03981401
v -0.26281796 -0.02196132 0.03981401
v -0.27376938 -0.03291331 0.03981401
v -0.27376938 -0.04386530 0.03981401
v -0.26281796 -0.03291331 0.03981401
v -0.26281796 -0.04386530 0.03981401
v -0.29567280 -0.05481672 0.03981401
v -0.29567280 -0.06576871 0.03981401
v -0.28472137 -0.05481672 0.03981401
v -0.28472137 -0.06576871 0.03981401
v -0.29567280 -0.07672014 0.03981401
v -0.29567280 -0.08767213 0.03981401
v -0.28472137 -0.07672014 0.03981401
v -0.28472137 -0.08767213 0.03981401
v -0.27376938 -0.05481672 0.03981401
v -0.27376938 -0.06576871 0.03981401
v -0.26281796 -0.05481672 0.03981401
v -0.26281796 -0.06576871 0.03981401
v -0.27376938 -0.07672014 0.03981401
v -0.27376938 -0.08767213 0.03981401
v -0.26281796 -0.07672014 0.03981401
v -0.26281796 -0.08767213 0.03981401
v -0.29567109 -0.01102125 0.06862778
v -0.29567109 -0.02196359 0.06862835
v -0.28471910 -0.01102125 0.06862778
v -0.28471910 -0.02196359 0.06862835
v -0.29567109 -0.03291558 0.06862835
v -0.29567109 -0.04386700 0.06862835
v -0.28471910 -0.03291558 0.06862835
v -0.28471910 -0.04386700 0.06862835
v -0.27376768 -0.01102125 0.06862778
v -0.27376768 -0.02196359 0.06862835
v -0.26281569 -0.01102125 0.06862778
v -0.26281569 -0.02196359 0.06862835
v -0.27376768 -0.03291558 0.06862835
v -0.27376768 -0.04386700 0.06862835
v -0.26281569 -0.03291558 0.06862835
v -0.26281569 -0.04386700 0.06862835
v -0.29567109 -0.05481899 0.06862835
v -0.29567109 -0.06577042 0.06862835
v -0.28471910 -0.05481899 0.06862835
v -0.28471910 -0.06577042 0.06862835
v -0.29567109 -0.07672241 0.06862835
v -0.29567109 -0.08767383 0.06862835
v -0.28471910 -0.07672241 0.06862835
v -0.28471910 -0.08767383 0.06862835
v -0.27376768 -0.05481899 0.06862835
v -0.27376768 -0.06577042 0.06862835
v -0.26281569 -0.05481899 0.06862835
v -0.26281569 -0.06577042 0.06862835
v -0.27376768 -0.07672241 0.06862835
v -0.27376768 -0.08767383 0.06862835
v -0.26281569 -0.07672241 0.06862835
v -0.26281910 -0.08767042 0.06862835
v -0.33948019 -0.09862355 0.03981401
v -0.33948019 -0.10957554 0.03981401
v -0.32852820 -0.09862355 0.03981401
v -0.32852820 -0.10957554 0.03981401
v -0.33948019 -0.12052696 0.03981401
v -0.33948019 -0.13147895 0.03981401
v -0.32852820 -0.12052696 0.03981401
v -0.32852820 -0.13147895 0.03981401
v -0.31757678 -0.09862355 0.03981401
v -0.31757678 -0.10957554 0.03981401
v -0.30662479 -0.09862355 0.03981401
v -0.30662479 -0.10957554 0.03981401
v -0.31757678 -0.12052696 0.03981401
v -0.31757678 -0.13147895 0.03981401
v -0.30662479 -0.12052696 0.03981401
v -0.30662479 -0.13147895 0.03981401
v -0.33948019 -0.14243038 0.03981401
v -0.33948019 -0.15338237 0.03981401
v -0.32852820 -0.14243038 0.03981401
v -0.32852820 -0.15338237 0.03981401
v -0.33948019 -0.16433379 0.03981401
v -0.33948019 -0.17528578 0.03981401
v -0.32852820 -0.16433379 0.03981401
v -0.32852820 -0.17528578 0.03981401
v -0.31757678 -0.14243038 0.03981401
v -0.31757678 -0.15338237 0.03981401
v -0.30662479 -0.14243038 0.03981401
v -0.30662479 -0.15338237 0.03981401
v -0.31757678 -0.16433379 0.03981401
v -0.31757678 -0.17528578 0.03981401
v -0.30662479 -0.16433379 0.03981401
v -0.30662479 -0.17528578 0.03981401
v -0.33947792 -0.09862582 0.06862835
v -0.33947792 -0.10957781 0.06862835
v -0.32852593 -0.09862582 0.06862835
v -0.32852593 -0.10957781 0.06862835
v -0.33947792 -0.12052923 0.06862835
v -0.33948133 -0.13146646 0.06862835
v -0.32852990 -0.12052583 0.06862835
v -0.32853728 -0.13145908 0.06862835
v -0.31757451 -0.09862582 0.06862835
v -0.31757451 -0.10957781 0.06862835
v -0.30662252 -0.09862582 0.06862835
v -0.30662649 -0.10957384 0.06862835
v -0.31757791 -0.12051447 0.06862835
v -0.31759211 -0.13145227 0.06872259
v -0.30663330 -0.12050709 0.06862835
v -0.30664693 -0.13144602 0.06881740
v -0.33949552 -0.14240426 0.06872259
v -0.33950120 -0.15333922 0.06891221
v -0.32855034 -0.14239745 0.06881740
v -0.32854921 -0.15333922 0.06891221
v -0.33950801 -0.16429518 0.06900702
v -0.33950631 -0.17524831 0.06919607
v -0.32855545 -0.16429575 0.06910126
v -0.32854750 -0.17525569 0.06919607
v -0.31759778 -0.14238723 0.06891221
v -0.31760403 -0.15334319 0.06900702
v -0.30664579 -0.14238723 0.06891221
v -0.30665204 -0.15334433 0.06910126
v -0.31760289 -0.16429689 0.06919607
v -0.31759551 -0.17526648 0.06919664
v -0.30664352 -0.16430427 0.06919607
v -0.30664012 -0.17527045 0.06919664
v -0.29567280 -0.09862355 0.03981401
v -0.29567280 -0.10957554 0.03981401
v -0.28472137 -0.09862355 0.03981401
v -0.28472137 -0.10957554 0.03981401
v -0.29567280 -0.12052696 0.03981401
v -0.29567280 -0.13147895 0.03981401
v -0.28472137 -0.12052696 0.03981401
v -0.28472137 -0.13147895 0.03981401
v -0.27376938 -0.09862355 0.03981401
v -0.27376938 -0.10957554 0.03981401
v -0.26281796 -0.09862355 0.03981401
v -0.26281796 -0.10957554 0.03981401
v -0.27376938 -0.12052696 0.03981401
v -0.27376938 -0.13147895 0.03981401
v -0.26281796 -0.12052696 0.03981401
v -0.26281796 -0.13147895 0.03981401
v -0.29567280 -0.14243038 0.03981401
v -0.29567280 -0.15338237 0.03981401
v -0.28472137 -0.14243038 0.03981401
v -0.28472137 -0.15338237 0.03981401
v -0.29567280 -0.16433379 0.03981401
v -0.29567280 -0.17528578 0.03981401
v -0.28472137 -0.16433379 0.03981401
v -0.28472137 -0.17528578 0.03981401
v -0.27376938 -0.14243038 0.03981401
v -0.27376938 -0.15338237 0.03981401
v -0.26281796 -0.14243038 0.03981401
v -0.26281796 -0.15338237 0.03981401
v -0.27376938 -0.16433379 0.03981401
v -0.27376938 -0.17528578 0.03981401
v -0.26281796 -0.16433379 0.03981401
v -0.26281796 -0.17528578 0.03981401
v -0.29567109 -0.09862582 0.06862835
v -0.29567450 -0.10956305 0.06862835
v -0.28472308 -0.09862241 0.06862835
v -0.28472989 -0.10955567 0.06862835
v -0.29568869 -0.12050085 0.06872259
v -0.29569437 -0.13143581 0.06891221
v -0.28474352 -0.12049403 0.06881740
v -0.28474238 -0.13143581 0.06891221
v -0.27377109 -0.09861106 0.06862835
v -0.27378471 -0.10954886 0.06872259
v -0.26282648 -0.09860368 0.06862835
v -0.26283954 -0.10954261 0.06881740
v -0.27379096 -0.12048382 0.06891221
v -0.27379720 -0.13143978 0.06900702
v -0.26283897 -0.12048382 0.06891221
v -0.26284464 -0.13144092 0.06910126
v -0.29570062 -0.14239177 0.06900702
v -0.29569948 -0.15334490 0.06919607
v -0.28474863 -0.14239234 0.06910126
v -0.28474011 -0.15335228 0.06919607
v -0.29569210 -0.16431505 0.06919664
v -0.29568813 -0.17527045 0.06919664
v -0.28473670 -0.16431846 0.06919664
v -0.28473670 -0.17527045 0.06919664
v -0.27379607 -0.14239347 0.06919607
v -0.27378869 -0.15336306 0.06919664
v -0.26283670 -0.14240029 0.06919607
v -0.26283329 -0.15336704 0.06919664
v -0.27378471 -0.16431846 0.06919664
v -0.27378471 -0.17527045 0.06919664
v -0.26283329 -0.16431846 0.06919664
v -0.26283329 -0.17527045 0.06919664
v -0.25186597 -0.01100990 0.03981401
v -0.25186597 -0.02196132 0.03981401
v -0.24091455 -0.01100990 0.03981401
v -0.24091455 -0.02196132 0.03981401
v -0.25186597 -0.03291331 0.03981401
v -0.25186597 -0.04386530 0.03981401
v -0.24091455 -0.03291331 0.03981401
v -0.24091455 -0.04386530 0.03981401
v -0.22996256 -0.01100990 0.03981401
v -0.22996256 -0.02196132 0.03981401
v -0.21901114 -0.01100990 0.03981401
v -0.21901114 -0.02196132 0.03981401
v -0.22996256 -0.03291331 0.03981401
v -0.22996256 -0.04386530 0.03981401
v -0.21901114 -0.03291331 0.03981401
v -0.21901114 -0.04386530 0.03981401
v -0.25186597 -0.05481672 0.03981401
v -0.25186597 -0.06576871 0.03981401
v -0.24091455 -0.05481672 0.03981401
v -0.24091455 -0.06576871 0.03981401
v -0.25186597 -0.07672014 0.03981401
v -0.25186597 -0.08767213 0.03981401
v -0.24091455 -0.07672014 0.03981401
v -0.24091455 -0.08767213 0.03981401
v -0.22996256 -0.05481672 0.03981401
v -0.22996256 -0.06576871 0.03981401
v -0.21901114 -0.05481672 0.03981401
v -0.21901114 -0.06576871 0.03981401
v -0.22996256 -0.07672014 0.03981401
v -0.22996256 -0.08767213 0.03981401
v -0.21901114 -0.07672014 0.03981401
v -0.21901114 -0.08767213 0.03981401
v -0.25186370 -0.01102125 0.06862778
v -0.25186370 -0.02196359 0.06862835
v -0.24091228 -0.01102125 0.06862778
v -0.24091228 -0.02196359 0.06862835
v -0.25186370 -0.03291558 0.06862835
v -0.25186370 -0.04386700 0.06862835
v -0.24091228 -0.03291558 0.06862835
v -0.24091228 -0.04386700 0.06862835
v -0.22996029 -0.01102125 0.06862778
v -0.22996029 -0.02196359 0.06862835
v -0.21900887 -0.01102125 0.06862778
v -0.21900887 -0.02196359 0.06862835
v -0.22996029 -0.03291558 0.06862835
v -0.22996029 -0.04386700 0.06862835
v -0.21900887 -0.03291558 0.06862835
v -0.21900887 -0.04386700 0.06862835
v -0.25186370 -0.05481899 0.06862835
v -0.25186370 -0.06577042 0.06862835
v -0.24091228 -0.05481899 0.06862835
v -0.24091228 -0.06577042 0.06862835
v -0.25186370 -0.07672241 0.06862835
v -0.25186767 -0.08765964 0.06862835
v -0.24091568 -0.07671843 0.06862835
v -0.24092306 -0.08765226 0.06862835
v -0.22996029 -0.05481899 0.06862835
v -0.22996029 -0.06577042 0.06862835
v -0.21900887 -0.05481899 0.06862835
v -0.21901227 -0.06576701 0.06862835
v -0.22996426 -0.07670765 0.06862835
v -0.22997789 -0.08764544 0.06872259
v -0.21901965 -0.07670027 0.06862835
v -0.21903271 -0.08763920 0.06881740
v -0.20805915 -0.01100990 0.03981401
v -0.20805915 -0.02196132 0.03981401
v -0.19710772 -0.01100990 0.03981401
v -0.19710772 -0.02196132 0.03981401
v -0.20805915 -0.03291331 0.03981401
v -0.20805915 -0.04386530 0.03981401
v -0.19710772 -0.03291331 0.03981401
v -0.19710772 -0.04386530 0.03981401
v -0.18615573 -0.01100990 0.03981401
v -0.18615573 -0.02196132 0.03981401
v -0.17520374 -0.01100990 0.03981401
v -0.17520374 -0.02196132 0.03981401
v -0.18615573 -0.03291331 0.03981401
v -0.18615573 -0.04386530 0.03981401
v -0.17520374 -0.03291331 0.03981401
v -0.17520374 -0.04386530 0.03981401
v -0.20805915 -0.05481672 0.03981401
v -0.20805915 -0.06576871 0.03981401
v -0.19710772 -0.05481672 0.03981401
v -0.19710772 -0.06576871 0.03981401
v -0.20805915 -0.07672014 0.03981401
v -0.20805915 -0.08767213 0.03981401
v -0.19710772 -0.07672014 0.03981401
v -0.19710772 -0.08767213 0.03981401
v -0.18615573 -0.05481672 0.03981401
v -0.18615573 -0.06576871 0.03981401
v -0.17520374 -0.05481672 0.03981401
v -0.17520374 -0.06576871 0.03981401
v -0.18615573 -0.07672014 0.03981401
v -0.18615573 -0.08767213 0.03981401
v -0.17520374 -0.07672014 0.03981401
v -0.17520374 -0.08767213 0.03981401
v -0.20805687 -0.01102125 0.06862778
v -0.20805687 -0.02196359 0.06862835
v -0.19710545 -0.01102125 0.06862778
v -0.19710545 -0.02196359 0.06862835
v -0.20805687 -0.03291558 0.06862835
v -0.20805687 -0.04386700 0.06862835
v -0.19710545 -0.03291558 0.06862835
v -0.19710545 -0.04386700 0.06862835
v -0.18615346 -0.01102125 0.06862778
v -0.18615346 -0.02196359 0.06862835
v -0.17520204 -0.01102125 0.06862778
v -0.17520204 -0.02196359 0.06862835
v -0.18615346 -0.03291558 0.06862835
v -0.18615346 -0.04386700 0.06862835
v -0.17520204 -0.03291558 0.06862835
v -0.17520545 -0.04386360 0.06862835
v -0.20805687 -0.05481899 0.06862835
v -0.20806085 -0.06575622 0.06862835
v -0.19710886 -0.05481502 0.06862835
v -0.19711624 -0.06574884 0.06862835
v -0.20807447 -0.07669402 0.06872259
v -0.20808072 -0.08762898 0.06891221
v -0.19712930 -0.07668721 0.06881740
v -0.19712873 -0.08762898 0.06891221
v -0.18615744 -0.05480423 0.06862835
v -0.18617106 -0.06574203 0.06872259
v -0.17521283 -0.05479685 0.06862835
v -0.17522588 -0.06573579 0.06881740
v -0.18617674 -0.07667699 0.06891221
v -0.18618355 -0.08763295 0.06900702
v -0.17522532 -0.07667699 0.06891221
v -0.17523099 -0.08763409 0.06910126
v -0.25186597 -0.09862355 0.03981401
v -0.25186597 -0.10957554 0.03981401
v -0.24091455 -0.09862355 0.03981401
v -0.24091455 -0.10957554 0.03981401
v -0.25186597 -0.12052696 0.03981401
v -0.25186597 -0.13147895 0.03981401
v -0.24091455 -0.12052696 0.03981401
v -0.24091455 -0.13147895 0.03981401
v -0.22996256 -0.09862355 0.03981401
v -0.22996256 -0.10957554 0.03981401
v -0.21901114 -0.09862355 0.03981401
v -0.21901114 -0.10957554 0.03981401
v -0.22996256 -0.12052696 0.03981401
v -0.22996256 -0.13147895 0.03981401
v -0.21901114 -0.12052696 0.03981401
v -0.21901114 -0.13147895 0.03981401
v -0.25186597 -0.14243038 0.03981401
v -0.25186597 -0.15338237 0.03981401
v -0.24091455 -0.14243038 0.03981401
v -0.24091455 -0.15338237 0.03981401
v -0.25186597 -0.16433379 0.03981401
v -0.25186597 -0.17528578 0.03981401
v -0.24091455 -0.16433379 0.03981401
v -0.24091455 -0.17528578 0.03981401
v -0.22996256 -0.14243038 0.03981401
v -0.22996256 -0.15338237 0.03981401
v -0.21901114 -0.14243038 0.03981401
v -0.21901114 -0.15338237 0.03981401
v -0.22996256 -0.16433379 0.03981401
v -0.22996256 -0.17528578 0.03981401
v -0.21901114 -0.16433379 0.03981401
v -0.21901114 -0.17528578 0.03981401
v -0.25188130 -0.09859743 0.06872259
v -0.25188754 -0.10953239 0.06891221
v -0.24093612 -0.09859062 0.06881740
v -0.24093555 -0.10953239 0.06891221
v -0.25189379 -0.12048836 0.06900702
v -0.25189265 -0.13144148 0.06919607
v -0.24094123 -0.12048893 0.06910126
v -0.24093328 -0.13144886 0.06919607
v -0.22998413 -0.09858040 0.06891221
v -0.22999038 -0.10953637 0.06900702
v -0.21903214 -0.09858040 0.06891221
v -0.21903782 -0.10953750 0.06910126
v -0.22998924 -0.12048949 0.06919607
v -0.22998186 -0.13145965 0.06919664
v -0.21902987 -0.12049687 0.06919607
v -0.21902646 -0.13146362 0.06919664
v -0.25188527 -0.14241164 0.06919664
v -0.25188130 -0.15336704 0.06919664
v -0.24092988 -0.14241505 0.06919664
v -0.24092988 -0.15336704 0.06919664
v -0.25188130 -0.16431846 0.06919664
v -0.25188130 -0.17527045 0.06919664
v -0.24092988 -0.16431846 0.06919664
v -0.24092988 -0.17527045 0.06919664
v -0.22997789 -0.14241505 0.06919664
v -0.22997789 -0.15336704 0.06919664
v -0.21902646 -0.14241505 0.06919664
v -0.21902646 -0.15336704 0.06919664
v -0.22997789 -0.16431846 0.06919664
v -0.22997789 -0.17527045 0.06919664
v -0.21902646 -0.16431846 0.06919664
v -0.21902646 -0.17527045 0.06919664
v -0.20805915 -0.09862355 0.03981401
v -0.20805915 -0.10957554 0.03981401
v -0.19710772 -0.09862355 0.03981401
v -0.19710772 -0.10957554 0.03981401
v -0.20805915 -0.12052696 0.03981401
v -0.20805915 -0.13147895 0.03981401
v -0.19710772 -0.12052696 0.03981401
v -0.19710772 -0.13147895 0.03981401
v -0.18615573 -0.09862355 0.03981401
v -0.18615573 -0.10957554 0.03981401
v -0.17520374 -0.09862355 0.03981401
v -0.17520374 -0.10957554 0.03981401
v -0.18615573 -0.12052696 0.03981401
v -0.18615573 -0.13147895 0.03981401
v -0.17520374 -0.12052696 0.03981401
v -0.17520374 -0.13147895 0.03981401
v -0.20805915 -0.14243038 0.03981401
v -0.20805915 -0.15338237 0.03981401
v -0.19710772 -0.14243038 0.03981401
v -0.19710772 -0.15338237 0.03981401
v -0.20805915 -0.16433379 0.03981401
v -0.20805915 -0.17528578 0.03981401
v -0.19710772 -0.16433379 0.03981401
v -0.19710772 -0.17528578 0.03981401
v -0.18615573 -0.14243038 0.03981401
v -0.18615573 -0.15338237 0.03981401
v -0.17520374 -0.14243038 0.03981401
v -0.17520374 -0.15338237 0.03981401
v -0.18615573 -0.16433379 0.03981401
v -0.18615573 -0.17528578 0.03981401
v -0.17520374 -0.16433379 0.03981401
v -0.17520374 -0.17528578 0.03981401
v -0.20808696 -0.09858494 0.06900702
v -0.20808526 -0.10953807 0.06919607
v -0.19713441 -0.09858551 0.06910126
v -0.19712646 -0.10954545 0.06919607
v -0.20807845 -0.12050823 0.06919664
v -0.20807447 -0.13146362 0.06919664
v -0.19712305 -0.12051163 0.06919664
v -0.19712305 -0.13146362 0.06919664
v -0.18618185 -0.09858608 0.06919607
v -0.18617447 -0.10955624 0.06919664
v -0.17522305 -0.09859346 0.06919607
v -0.17521964 -0.10956021 0.06919664
v -0.18617106 -0.12051163 0.06919664
v -0.18617106 -0.13146362 0.06919664
v -0.17521964 -0.12051163 0.06919664
v -0.17521964 -0.13146362 0.06919664
v -0.20807447 -0.14241505 0.06919664
v -0.20807447 -0.15336704 0.06919664
v -0.19712305 -0.14241505 0.06919664
v -0.19712305 -0.15336704 0.06919664
v -0.20807447 -0.16431846 0.06919664
v -0.20807447 -0.17527045 0.06919664
v -0.19712305 -0.16431846 0.06919664
v -0.19712305 -0.17527045 0.06919664
v -0.18617106 -0.14241505 0.06919664
v -0.18617106 -0.15336704 0.06919664
v -0.17521964 -0.14241505 0.06919664
v -0.17521964 -0.15336704 0.06919664
v -0.18617106 -0.16431846 0.06919664
v -0.18617106 -0.17527045 0.06919664
v -0.17521964 -0.16431846 0.06919664
v -0.17521964 -0.17527045 0.06919664
v -0.33948019 -0.18623777 0.03981401
v -0.33948019 -0.19718919 0.03981401
v -0.32852820 -0.18623777 0.03981401
v -0.32852820 -0.19718919 0.03981401
v -0.33948019 -0.20814118 0.03981401
v -0.33946940 -0.21910680 0.03982083
v -0.32852820 -0.20814118 0.03981401
v -0.32852650 -0.21919707 0.03983275
v -0.31757678 -0.18623777 0.03981401
v -0.31757678 -0.19718919 0.03981401
v -0.30662479 -0.18623777 0.03981401
v -0.30662479 -0.19718919 0.03981401
v -0.31757678 -0.20814118 0.03981401
v -0.31758756 -0.21922716 0.03984240
v -0.30662479 -0.20814118 0.03981401
v -0.30663841 -0.21919820 0.03983332
v -0.33949893 -0.18621847 0.06919664
v -0.33949552 -0.19717386 0.06919664
v -0.32854353 -0.18622187 0.06919664
v -0.32854353 -0.19717386 0.06919664
v -0.33949552 -0.20812529 0.06919664
v -0.33949552 -0.21907728 0.06919664
v -0.32854353 -0.20812529 0.06919664
v -0.32854353 -0.21907728 0.06919664
v -0.31759211 -0.18622187 0.06919664
v -0.31759211 -0.19717386 0.06919664
v -0.30664012 -0.18622187 0.06919664
v -0.30664012 -0.19717386 0.06919664
v -0.31759211 -0.20812529 0.06919664
v -0.31759211 -0.21907728 0.06919664
v -0.30664012 -0.20812529 0.06919664
v -0.30664012 -0.21907728 0.06919664
v -0.33949949 -0.25749923 0.05563482
v -0.33950120 -0.25760085 0.06293122
v -0.32854750 -0.25749923 0.05563482
v -0.32854977 -0.25760085 0.06293122
v -0.33949552 -0.23002927 0.06919664
v -0.33949552 -0.24094606 0.06919494
v -0.32854353 -0.23002927 0.06919664
v -0.32854353 -0.24094606 0.06919494
v -0.33949382 -0.25020452 0.06897523
v -0.34314543 -0.25570805 0.06774099
v -0.32854183 -0.25020452 0.06897523
v -0.33219400 -0.25570805 0.06774099
v -0.31759608 -0.25749923 0.05563482
v -0.31759778 -0.25760085 0.06293122
v -0.30664409 -0.25749923 0.05563482
v -0.30664579 -0.25760085 0.06293122
v -0.31759211 -0.23002927 0.06919664
v -0.31759154 -0.24094606 0.06919494
v -0.30664012 -0.23002927 0.06919664
v -0.30664012 -0.24094606 0.06919494
v -0.31759040 -0.25020452 0.06897523
v -0.32124201 -0.25570805 0.06774099
v -0.30663841 -0.25020452 0.06897523
v -0.31029059 -0.25570805 0.06774099
v -0.29567280 -0.18623777 0.03981401
v -0.29567280 -0.19718919 0.03981401
v -0.28472137 -0.18623777 0.03981401
v -0.28472137 -0.19718919 0.03981401
v -0.29567280 -0.20814118 0.03981401
v -0.29567280 -0.21915846 0.03982139
v -0.28472137 -0.20814118 0.03981401
v -0.28472081 -0.21915505 0.03982083
v -0.27376938 -0.18623777 0.03981401
v -0.27376938 -0.19718919 0.03981401
v -0.26281796 -0.18623777 0.03981401
v -0.26281796 -0.19718919 0.03981401
v -0.27376938 -0.20814118 0.03981401
v -0.27377109 -0.21915051 0.03981969
v -0.26281796 -0.20814118 0.03981401
v -0.26283159 -0.21912837 0.03981685
v -0.29568813 -0.18622187 0.06919664
v -0.29568813 -0.19717386 0.06919664
v -0.28473670 -0.18622187 0.06919664
v -0.28473670 -0.19717386 0.06919664
v -0.29568813 -0.20812529 0.06919664
v -0.29568813 -0.21907728 0.06919664
v -0.28473670 -0.20812529 0.06919664
v -0.28473670 -0.21907728 0.06919664
v -0.27378471 -0.18622187 0.06919664
v -0.27378471 -0.19717386 0.06919664
v -0.26283329 -0.18622187 0.06919664
v -0.26283329 -0.19717386 0.06919664
v -0.27378471 -0.20812529 0.06919664
v -0.27378471 -0.21907728 0.06919664
v -0.26283329 -0.20812529 0.06919664
v -0.26283329 -0.21907728 0.06919664
v -0.29569267 -0.25749923 0.05563482
v -0.29569437 -0.25760085 0.06293122
v -0.28474068 -0.25749923 0.05563482
v -0.28474238 -0.25760085 0.06293122
v -0.29568813 -0.23002927 0.06919664
v -0.29568813 -0.24094606 0.06919494
v -0.28473670 -0.23002927 0.06919664
v -0.28473670 -0.24094606 0.06919494
v -0.29568699 -0.25020452 0.06897523
v -0.29933860 -0.25570805 0.06774099
v -0.28473500 -0.25020452 0.06897523
v -0.28838661 -0.25570805 0.06774099
v -0.27378925 -0.25749923 0.05563482
v -0.27379096 -0.25760085 0.06293122
v -0.26283726 -0.25749923 0.05563482
v -0.26283897 -0.25760085 0.06293122
v -0.27378471 -0.23002927 0.06919664
v -0.27378471 -0.24094606 0.06919494
v -0.26283329 -0.23002927 0.06919664
v -0.26283329 -0.24094606 0.06919494
v -0.27378358 -0.25020452 0.06897523
v -0.27743519 -0.25570805 0.06774099
v -0.26283159 -0.25020452 0.06897523
v -0.26648320 -0.25570805 0.06774099
v -0.25186597 -0.18623777 0.03981401
v -0.25186597 -0.19718919 0.03981401
v -0.24091455 -0.18623777 0.03981401
v -0.24091455 -0.19718919 0.03981401
v -0.25186597 -0.20814118 0.03981401
v -0.25186938 -0.21908182 0.03981628
v -0.24091455 -0.20814118 0.03981401
v -0.24090376 -0.21910112 0.03981855
v -0.22996256 -0.18623777 0.03981401
v -0.22996256 -0.19718919 0.03981401
v -0.21901114 -0.18623777 0.03981401
v -0.21901114 -0.19718919 0.03981401
v -0.22996256 -0.20814118 0.03981401
v -0.22996256 -0.21915562 0.03982083
v -0.21901114 -0.20814118 0.03981401
v -0.21902419 -0.21913405 0.03981799
v -0.25188130 -0.18622187 0.06919664
v -0.25188130 -0.19717386 0.06919664
v -0.24092988 -0.18622187 0.06919664
v -0.24092988 -0.19717386 0.06919664
v -0.25188130 -0.20812529 0.06919664
v -0.25188130 -0.21907728 0.06919664
v -0.24092988 -0.20812529 0.06919664
v -0.24092988 -0.21907728 0.06919664
v -0.22997789 -0.18622187 0.06919664
v -0.22997789 -0.19717386 0.06919664
v -0.21902646 -0.18622187 0.06919664
v -0.21902646 -0.19717386 0.06919664
v -0.22997789 -0.20812529 0.06919664
v -0.22997789 -0.21907728 0.06919664
v -0.21902646 -0.20812529 0.06919664
v -0.21902646 -0.21907728 0.06919664
v -0.25188584 -0.25749923 0.05563482
v -0.25188754 -0.25760085 0.06293122
v -0.24093385 -0.25749923 0.05563482
v -0.24093555 -0.25760085 0.06293122
v -0.25188130 -0.23002927 0.06919664
v -0.25188130 -0.24094606 0.06919494
v -0.24092988 -0.23002927 0.06919664
v -0.24092988 -0.24094606 0.06919494
v -0.25188016 -0.25020452 0.06897523
v -0.25553177 -0.25570805 0.06774099
v -0.24092817 -0.25020452 0.06897523
v -0.24457978 -0.25570805 0.06774099
v -0.22998243 -0.25749923 0.05563482
v -0.22998413 -0.25760085 0.06293122
v -0.21903044 -0.25749923 0.05563482
v -0.21903214 -0.25760085 0.06293122
v -0.22997789 -0.23002927 0.06919664
v -0.22997789 -0.24094606 0.06919494
v -0.21902646 -0.23002927 0.06919664
v -0.21902646 -0.24094606 0.06919494
v -0.22997675 -0.25020452 0.06897523
v -0.23362836 -0.25570805 0.06774099
v -0.21902476 -0.25020452 0.06897523
v -0.22267637 -0.25570805 0.06774099
v -0.20805915 -0.18623777 0.03981401
v -0.20805915 -0.19718919 0.03981401
v -0.19710772 -0.18623777 0.03981401
v -0.19710772 -0.19718919 0.03981401
v -0.20805915 -0.20814118 0.03981401
v -0.20807277 -0.21905286 0.03981969
v -0.19710772 -0.20814118 0.03981401
v -0.19710432 -0.21901426 0.03982139
v -0.18615573 -0.18623777 0.03981401
v -0.18615573 -0.19718919 0.03981401
v -0.17520374 -0.18623777 0.03981401
v -0.17520374 -0.19718919 0.03981401
v -0.18615573 -0.20814118 0.03981401
v -0.18616084 -0.21905003 0.03981628
v -0.17520374 -0.20814118 0.03981401
v -0.17520431 -0.21905684 0.03981515
v -0.20807447 -0.18622187 0.06919664
v -0.20807447 -0.19717386 0.06919664
v -0.19712305 -0.18622187 0.06919664
v -0.19712305 -0.19717386 0.06919664
v -0.20807447 -0.20812529 0.06919664
v -0.20807447 -0.21907728 0.06919664
v -0.19712305 -0.20812529 0.06919664
v -0.19712305 -0.21907728 0.06919664
v -0.18617106 -0.18622187 0.06919664
v -0.18617106 -0.19717386 0.06919664
v -0.17521964 -0.18622187 0.06919664
v -0.17521964 -0.19717386 0.06919664
v -0.18617106 -0.20812529 0.06919664
v -0.18617106 -0.21907728 0.06919664
v -0.17521964 -0.20812529 0.06919664
v -0.17521964 -0.21907728 0.06919664
v -0.20807902 -0.25749923 0.05563482
v -0.20808072 -0.25760085 0.06293122
v -0.19712703 -0.25749923 0.05563482
v -0.19712873 -0.25760085 0.06293122
v -0.20807447 -0.23002927 0.06919664
v -0.20807447 -0.24094606 0.06919494
v -0.19712305 -0.23002927 0.06919664
v -0.19712305 -0.24094606 0.06919494
v -0.20807277 -0.25020452 0.06897523
v -0.21172495 -0.25570805 0.06774099
v -0.19712135 -0.25020452 0.06897523
v -0.20077296 -0.25570805 0.06774099
v -0.18617504 -0.25749923 0.05563482
v -0.18617731 -0.25760085 0.06293122
v -0.17522361 -0.25749923 0.05563482
v -0.17522532 -0.25760085 0.06293122
v -0.18617106 -0.23002927 0.06919664
v -0.18617106 -0.24094606 0.06919494
v -0.17521964 -0.23002927 0.06919664
v -0.17521907 -0.24094606 0.06919494
v -0.18616936 -0.25020452 0.06897523
v -0.18982154 -0.25570805 0.06774099
v -0.17521794 -0.25020452 0.06897523
v -0.17886955 -0.25570805 0.06774099
v -0.16425232 -0.01100990 0.03981401
v -0.16425232 -0.02196132 0.03981401
v -0.15330033 -0.01100990 0.03981401
v -0.15330033 -0.02196132 0.03981401
v -0.16425232 -0.03291331 0.03981401
v -0.16425232 -0.04386530 0.03981401
v -0.15330033 -0.03291331 0.03981401
v -0.15330033 -0.04386530 0.03981401
v -0.14234891 -0.01100990 0.03981401
v -0.14234891 -0.02196132 0.03981401
v -0.13139692 -0.01100990 0.03981401
v -0.13139692 -0.02196132 0.03981401
v -0.14234891 -0.03291331 0.03981401
v -0.14234891 -0.04386530 0.03981401
v -0.13139692 -0.03291331 0.03981401
v -0.13139692 -0.04386530 0.03981401
v -0.16425232 -0.05481672 0.03981401
v -0.16425232 -0.06576871 0.03981401
v -0.15330033 -0.05481672 0.03981401
v -0.15330033 -0.06576871 0.03981401
v -0.16425232 -0.07672014 0.03981401
v -0.16425232 -0.08767213 0.03981401
v -0.15330033 -0.07672014 0.03981401
v -0.15330033 -0.08767213 0.03981401
v -0.14234891 -0.05481672 0.03981401
v -0.14234891 -0.06576871 0.03981401
v -0.13139692 -0.05481672 0.03981401
v -0.13139692 -0.06576871 0.03981401
v -0.14234891 -0.07672014 0.03981401
v -0.14234891 -0.08767213 0.03981401
v -0.13139692 -0.07672014 0.03981401
v -0.13139692 -0.08767213 0.03981401
v -0.16425005 -0.01102125 0.06862778
v -0.16425005 -0.02196359 0.06862835
v -0.15329863 -0.01102125 0.06862778
v -0.15329863 -0.02196359 0.06862835
v -0.16425005 -0.03291558 0.06862835
v -0.16425402 -0.04385281 0.06862835
v -0.15330203 -0.03291161 0.06862835
v -0.15330941 -0.04384543 0.06862835
v -0.14234664 -0.01102125 0.06862778
v -0.14234664 -0.02196359 0.06862835
v -0.13139465 -0.01102125 0.06862778
v -0.13139862 -0.02196019 0.06862835
v -0.14235004 -0.03290082 0.06862835
v -0.14236424 -0.04383862 0.06872259
v -0.13140600 -0.03289344 0.06862835
v -0.13141906 -0.04383181 0.06881740
v -0.16426765 -0.05479061 0.06872259
v -0.16427333 -0.06572557 0.06891221
v -0.15332247 -0.05478380 0.06881740
v -0.15332190 -0.06572500 0.06891221
v -0.16428014 -0.07668153 0.06900702
v -0.16427844 -0.08763466 0.06919607
v -0.15332758 -0.07668210 0.06910126
v -0.15331963 -0.08764204 0.06919607
v -0.14236991 -0.05477358 0.06891221
v -0.14237673 -0.06572954 0.06900702
v -0.13141849 -0.05477358 0.06891221
v -0.13142417 -0.06573011 0.06910126
v -0.14237502 -0.07668267 0.06919607
v -0.14236764 -0.08765282 0.06919664
v -0.13141622 -0.07669005 0.06919607
v -0.13141225 -0.08765623 0.06919664
v -0.12044549 -0.01100990 0.03981401
v -0.12044549 -0.02196132 0.03981401
v -0.10949350 -0.01100990 0.03981401
v -0.10949350 -0.02196132 0.03981401
v -0.12044549 -0.03291331 0.03981401
v -0.12044549 -0.04386530 0.03981401
v -0.10949350 -0.03291331 0.03981401
v -0.10949350 -0.04386530 0.03981401
v -0.09854208 -0.01100990 0.03981401
v -0.09854208 -0.02196132 0.03981401
v -0.08759009 -0.01100990 0.03981401
v -0.08759009 -0.02196132 0.03981401
v -0.09854208 -0.03291331 0.03981401
v -0.09854208 -0.04386530 0.03981401
v -0.08759009 -0.03291331 0.03981401
v -0.08759009 -0.04386530 0.03981401
v -0.12044549 -0.05481672 0.03981401
v -0.12044549 -0.06576871 0.03981401
v -0.10949350 -0.05481672 0.03981401
v -0.10949350 -0.06576871 0.03981401
v -0.12044549 -0.07672014 0.03981401
v -0.12044549 -0.08767213 0.03981401
v -0.10949350 -0.07672014 0.03981401
v -0.10949350 -0.08767213 0.03981401
v -0.09854208 -0.05481672 0.03981401
v -0.09854208 -0.06576871 0.03981401
v -0.08759009 -0.05481672 0.03981401
v -0.08759009 -0.06576871 0.03981401
v -0.09854208 -0.07672014 0.03981401
v -0.09854208 -0.08767213 0.03981401
v -0.08759009 -0.07672014 0.03981401
v -0.08759009 -0.08767213 0.03981401
v -0.12044322 -0.01102125 0.06862778
v -0.12044663 -0.02194883 0.06862835
v -0.10949521 -0.01101785 0.06862835
v -0.10950259 -0.02194202 0.06862835
v -0.12046082 -0.03288663 0.06872259
v -0.12046650 -0.04382159 0.06891221
v -0.10951565 -0.03288038 0.06881740
v -0.10951508 -0.04382159 0.06891221
v -0.09854322 -0.01100706 0.06862778
v -0.09855741 -0.02193521 0.06872259
v -0.08759917 -0.01099968 0.06862835
v -0.08761223 -0.02192839 0.06881740
v -0.09856309 -0.03287016 0.06891221
v -0.09856990 -0.04382613 0.06900702
v -0.08761110 -0.03287016 0.06891221
v -0.08761734 -0.04382670 0.06910126
v -0.12047331 -0.05477812 0.06900702
v -0.12047161 -0.06573124 0.06919607
v -0.10952075 -0.05477869 0.06910126
v -0.10951281 -0.06573862 0.06919607
v -0.12046423 -0.07670083 0.06919664
v -0.12046082 -0.08765623 0.06919664
v -0.10950883 -0.07670481 0.06919664
v -0.10950883 -0.08765623 0.06919664
v -0.09856820 -0.05477925 0.06919607
v -0.09856082 -0.06574941 0.06919664
v -0.08760939 -0.05478663 0.06919607
v -0.08760542 -0.06575282 0.06919664
v -0.09855741 -0.07670481 0.06919664
v -0.09855741 -0.08765623 0.06919664
v -0.08760542 -0.07670481 0.06919664
v -0.08760542 -0.08765623 0.06919664
v -0.16425232 -0.09862355 0.03981401
v -0.16425232 -0.10957554 0.03981401
v -0.15330033 -0.09862355 0.03981401
v -0.15330033 -0.10957554 0.03981401
v -0.16425232 -0.12052696 0.03981401
v -0.16425232 -0.13147895 0.03981401
v -0.15330033 -0.12052696 0.03981401
v -0.15330033 -0.13147895 0.03981401
v -0.14234891 -0.09862355 0.03981401
v -0.14234891 -0.10957554 0.03981401
v -0.13139692 -0.09862355 0.03981401
v -0.13139692 -0.10957554 0.03981401
v -0.14234891 -0.12052696 0.03981401
v -0.14234891 -0.13147895 0.03981401
v -0.13139692 -0.12052696 0.03981401
v -0.13139692 -0.13147895 0.03981401
v -0.16425232 -0.14243038 0.03981401
v -0.16425232 -0.15338237 0.03981401
v -0.15330033 -0.14243038 0.03981401
v -0.15330033 -0.15338237 0.03981401
v -0.16425232 -0.16433379 0.03981401
v -0.16425232 -0.17528578 0.03981401
v -0.15330033 -0.16433379 0.03981401
v -0.15330033 -0.17528578 0.03981401
v -0.14234891 -0.14243038 0.03981401
v -0.14234891 -0.15338237 0.03981401
v -0.13139692 -0.14243038 0.03981401
v -0.13139692 -0.15338237 0.03981401
v -0.14234891 -0.16433379 0.03981401
v -0.14234891 -0.17528578 0.03981401
v -0.13139692 -0.16433379 0.03981401
v -0.13139692 -0.17528578 0.03981401
v -0.16427105 -0.09860481 0.06919664
v -0.16426765 -0.10956021 0.06919664
v -0.15331566 -0.09860822 0.06919664
v -0.15331566 -0.10956021 0.06919664
v -0.16426765 -0.12051163 0.06919664
v -0.16426765 -0.13146362 0.06919664
v -0.15331566 -0.12051163 0.06919664
v -0.15331566 -0.13146362 0.06919664
v -0.14236424 -0.09860822 0.06919664
v -0.14236424 -0.10956021 0.06919664
v -0.13141225 -0.09860822 0.06919664
v -0.13141225 -0.10956021 0.06919664
v -0.14236424 -0.12051163 0.06919664
v -0.14236424 -0.13146362 0.06919664
v -0.13141225 -0.12051163 0.06919664
v -0.13141225 -0.13146362 0.06919664
v -0.16426765 -0.14241505 0.06919664
v -0.16426765 -0.15336704 0.06919664
v -0.15331566 -0.14241505 0.06919664
v -0.15331566 -0.15336704 0.06919664
v -0.16426765 -0.16431846 0.06919664
v -0.16426765 -0.17527045 0.06919664
v -0.15331566 -0.16431846 0.06919664
v -0.15331566 -0.17527045 0.06919664
v -0.14236424 -0.14241505 0.06919664
v -0.14236424 -0.15336704 0.06919664
v -0.13141225 -0.14241505 0.06919664
v -0.13141225 -0.15336704 0.06919664
v -0.14236424 -0.16431846 0.06919664
v -0.14236424 -0.17527045 0.06919664
v -0.13141225 -0.16431846 0.06919664
v -0.13141225 -0.17527045 0.06919664
v -0.12044549 -0.09862355 0.03981401
v -0.12044549 -0.10957554 0.03981401
v -0.10949350 -0.09862355 0.03981401
v -0.10949350 -0.10957554 0.03981401
v -0.12044549 -0.12052696 0.03981401
v -0.12044549 -0.13147895 0.03981401
v -0.10949350 -0.12052696 0.03981401
v -0.10949350 -0.13147895 0.03981401
v -0.09854208 -0.09862355 0.03981401
v -0.09854208 -0.10957554 0.03981401
v -0.08759009 -0.09862355 0.03981401
v -0.08759009 -0.10957554 0.03981401
v -0.09854208 -0.12052696 0.03981401
v -0.09854208 -0.13147895 0.03981401
v -0.08759009 -0.12052696 0.03981401
v -0.08759009 -0.13147895 0.03981401
v -0.12044549 -0.14243038 0.03981401
v -0.12044549 -0.15338237 0.03981401
v -0.10949350 -0.14243038 0.03981401
v -0.10949350 -0.15338237 0.03981401
v -0.12044549 -0.16433379 0.03981401
v -0.12044549 -0.17528578 0.03981401
v -0.10949350 -0.16433379 0.03981401
v -0.10949350 -0.17528578 0.03981401
v -0.09854208 -0.14243038 0.03981401
v -0.09854208 -0.15338237 0.03981401
v -0.08759009 -0.14243038 0.03981401
v -0.08759009 -0.15338237 0.03981401
v -0.09854208 -0.16433379 0.03981401
v -0.09854208 -0.17528578 0.03981401
v -0.08759009 -0.16433379 0.03981401
v -0.08759009 -0.17528578 0.03981401
v -0.12046082 -0.09860822 0.06919664
v -0.12046082 -0.10956021 0.06919664
v -0.10950883 -0.09860822 0.06919664
v -0.10950883 -0.10956021 0.06919664
v -0.12046082 -0.12051163 0.06919664
v -0.12046082 -0.13146362 0.06919664
v -0.10950883 -0.12051163 0.06919664
v -0.10950883 -0.13146362 0.06919664
v -0.09855741 -0.09860822 0.06919664
v -0.09855741 -0.10956021 0.06919664
v -0.08760542 -0.09860822 0.06919664
v -0.08760542 -0.10956021 0.06919664
v -0.09855741 -0.12051163 0.06919664
v -0.09855741 -0.13146362 0.06919664
v -0.08760542 -0.12051163 0.06919664
v -0.08760542 -0.13146362 0.06919664
v -0.12046082 -0.14241505 0.06919664
v -0.12046082 -0.15336704 0.06919664
v -0.10950883 -0.14241505 0.06919664
v -0.10950883 -0.15336704 0.06919664
v -0.12046082 -0.16431846 0.06919664
v -0.12046082 -0.17527045 0.06919664
v -0.10950883 -0.16431846 0.06919664
v -0.10950883 -0.17527045 0.06919664
v -0.09855741 -0.14241505 0.06919664
v -0.09855741 -0.15336704 0.06919664
v -0.08760542 -0.14241505 0.06919664
v -0.08760542 -0.15336704 0.06919664
v -0.09855741 -0.16431846 0.06919664
v -0.09855741 -0.17527045 0.06919664
v -0.08760542 -0.16431846 0.06919664
v -0.08760542 -0.17527045 0.06919664
v -0.07663867 -0.01100990 0.03981401
v -0.07663867 -0.02196132 0.03981401
v -0.06568668 -0.01100990 0.03981401
v -0.06568668 -0.02196132 0.03981401
v -0.07663867 -0.03291331 0.03981401
v -0.07663867 -0.04386530 0.03981401
v -0.06568668 -0.03291331 0.03981401
v -0.06568668 -0.04386530 0.03981401
v -0.05473469 -0.01100990 0.03981401
v -0.05473469 -0.02196132 0.03981401
v -0.04378327 -0.01100990 0.03981401
v -0.04378327 -0.02196132 0.03981401
v -0.05473469 -0.03291331 0.03981401
v -0.05473469 -0.04386530 0.03981401
v -0.04378327 -0.03291331 0.03981401
v -0.04378327 -0.04386530 0.03981401
v -0.07663867 -0.05481672 0.03981401
v -0.07663867 -0.06576871 0.03981401
v -0.06568668 -0.05481672 0.03981401
v -0.06568668 -0.06576871 0.03981401
v -0.07663867 -0.07672014 0.03981401
v -0.07663867 -0.08767213 0.03981401
v -0.06568668 -0.07672014 0.03981401
v -0.06568668 -0.08767213 0.03981401
v -0.05473469 -0.05481672 0.03981401
v -0.05473469 -0.06576871 0.03981401
v -0.04378327 -0.05481672 0.03981401
v -0.04378327 -0.06576871 0.03981401
v -0.05473469 -0.07672014 0.03981401
v -0.05473469 -0.08767213 0.03981401
v -0.04378327 -0.07672014 0.03981401
v -0.04378327 -0.08767213 0.03981401
v -0.07665400 -0.01099287 0.06872259
v -0.07665967 -0.02191817 0.06891221
v -0.06570882 -0.01098605 0.06881683
v -0.06570768 -0.02191817 0.06891221
v -0.07666649 -0.03287471 0.06900702
v -0.07666478 -0.04382783 0.06919607
v -0.06571393 -0.03287527 0.06910126
v -0.06570598 -0.04383464 0.06919607
v -0.05475626 -0.01097583 0.06891164
v -0.05476307 -0.02192272 0.06900702
v -0.04380427 -0.01097583 0.06891221
v -0.04381052 -0.02192328 0.06910126
v -0.05476137 -0.03287584 0.06919607
v -0.05475399 -0.04384600 0.06919664
v -0.04380200 -0.03288322 0.06919607
v -0.04379859 -0.04384941 0.06919664
v -0.07665740 -0.05479742 0.06919664
v -0.07665400 -0.06575282 0.06919664
v -0.06570201 -0.05480140 0.06919664
v -0.06570201 -0.06575282 0.06919664
v -0.07665400 -0.07670481 0.06919664
v -0.07665400 -0.08765623 0.06919664
v -0.06570201 -0.07670481 0.06919664
v -0.06570201 -0.08765623 0.06919664
v -0.05475058 -0.05480140 0.06919664
v -0.05475002 -0.06575282 0.06919664
v -0.04379859 -0.05480140 0.06919664
v -0.04379859 -0.06575282 0.06919664
v -0.05475002 -0.07670481 0.06919664
v -0.05475002 -0.08765623 0.06919664
v -0.04379859 -0.07670481 0.06919664
v -0.04379859 -0.08765623 0.06919664
v -0.03283127 -0.01100990 0.03981401
v -0.03283127 -0.02196132 0.03981401
v -0.02187985 -0.01100990 0.03981401
v -0.02187985 -0.02196132 0.03981401
v -0.03283127 -0.03291331 0.03981401
v -0.03283127 -0.04386530 0.03981401
v -0.02187985 -0.03291331 0.03981401
v -0.02187985 -0.04386530 0.03981401
v -0.01092786 -0.01100990 0.03981401
v -0.01092786 -0.02196132 0.03981401
v 0.00002356 -0.01100990 0.03981401
v 0.00002356 -0.02196132 0.03981401
v -0.01092786 -0.03291331 0.03981401
v -0.01092786 -0.04386530 0.03981401
v 0.00002356 -0.03291331 0.03981401
v 0.00002356 -0.04386530 0.03981401
v -0.03283127 -0.05481672 0.03981401
v -0.03283127 -0.06576871 0.03981401
v -0.02187985 -0.05481672 0.03981401
v -0.02187985 -0.06576871 0.03981401
v -0.03283127 -0.07672014 0.03981401
v -0.03283127 -0.08767213 0.03981401
v -0.02187985 -0.07672014 0.03981401
v -0.02187985 -0.08767213 0.03981401
v -0.01092786 -0.05481672 0.03981401
v -0.01092786 -0.06576871 0.03981401
v 0.00002356 -0.05481672 0.03981401
v 0.00002356 -0.06576871 0.03981401
v -0.01092786 -0.07672014 0.03981401
v -0.01092786 -0.08767213 0.03981401
v 0.00002356 -0.07672014 0.03981401
v 0.00002356 -0.08767213 0.03981401
v -0.03285909 -0.01098038 0.06900702
v -0.03285796 -0.02192442 0.06919607
v -0.02190710 -0.01098719 0.06910183
v -0.02189859 -0.02193180 0.06919607
v -0.03285058 -0.03289401 0.06919664
v -0.03284660 -0.04384941 0.06919664
v -0.02189518 -0.03289798 0.06919664
v -0.02189518 -0.04384941 0.06919664
v -0.01095455 -0.01099457 0.06919664
v -0.01094716 -0.02194259 0.06919664
v 0.00001221 -0.01098719 0.06919664
v 0.00000823 -0.02194599 0.06919664
v -0.01094319 -0.03289798 0.06919664
v -0.01094319 -0.04384941 0.06919664
v 0.00000823 -0.03289798 0.06919664
v 0.00000823 -0.04384941 0.06919664
v -0.03284660 -0.05480140 0.06919664
v -0.03284660 -0.06575282 0.06919664
v -0.02189518 -0.05480140 0.06919664
v -0.02189518 -0.06575282 0.06919664
v -0.03284660 -0.07670481 0.06919664
v -0.03284660 -0.08765623 0.06919664
v -0.02189518 -0.07670481 0.06919664
v -0.02189518 -0.08765623 0.06919664
v -0.01094319 -0.05480140 0.06919664
v -0.01094319 -0.06575282 0.06919664
v 0.00000823 -0.05480140 0.06919664
v 0.00000823 -0.06575282 0.06919664
v -0.01094319 -0.07670481 0.06919664
v -0.01094319 -0.08765623 0.06919664
v 0.00000823 -0.07670481 0.06919664
v 0.00000823 -0.08765623 0.06919664
v -0.07663867 -0.09862355 0.03981401
v -0.07663867 -0.10957554 0.03981401
v -0.06568668 -0.09862355 0.03981401
v -0.06568668 -0.10957554 0.03981401
v -0.07663867 -0.12052696 0.03981401
v -0.07663867 -0.13147895 0.03981401
v -0.06568668 -0.12052696 0.03981401
v -0.06568668 -0.13147895 0.03981401
v -0.05473469 -0.09862355 0.03981401
v -0.05473469 -0.10957554 0.03981401
v -0.04378327 -0.09862355 0.03981401
v -0.04378327 -0.10957554 0.03981401
v -0.05473469 -0.12052696 0.03981401
v -0.05473469 -0.13147895 0.03981401
v -0.04378327 -0.12052696 0.03981401
v -0.04378327 -0.13147895 0.03981401
v -0.07663867 -0.14243038 0.03981401
v -0.07663867 -0.15338237 0.03981401
v -0.06568668 -0.14243038 0.03981401
v -0.06568668 -0.15338237 0.03981401
v -0.07663867 -0.16433379 0.03981401
v -0.07663867 -0.17528578 0.03981401
v -0.06568668 -0.16433379 0.03981401
v -0.06568668 -0.17528578 0.03981401
v -0.05473469 -0.14243038 0.03981401
v -0.05473469 -0.15338237 0.03981401
v -0.04378327 -0.14243038 0.03981401
v -0.04378327 -0.15338237 0.03981401
v -0.05473469 -0.16433379 0.03981401
v -0.05473469 -0.17528578 0.03981401
v -0.04378327 -0.16433379 0.03981401
v -0.04378327 -0.17528578 0.03981401
v -0.07665400 -0.09860822 0.06919664
v -0.07665400 -0.10956021 0.06919664
v -0.06570201 -0.09860822 0.06919664
v -0.06570201 -0.10956021 0.06919664
v -0.07665400 -0.12051163 0.06919664
v -0.07665400 -0.13146362 0.06919664
v -0.06570201 -0.12051163 0.06919664
v -0.06570201 -0.13146362 0.06919664
v -0.05475002 -0.09860822 0.06919664
v -0.05475002 -0.10956021 0.06919664
v -0.04379859 -0.09860822 0.06919664
v -0.04379859 -0.10956021 0.06919664
v -0.05475002 -0.12051163 0.06919664
v -0.05475002 -0.13146362 0.06919664
v -0.04379859 -0.12051163 0.06919664
v -0.04379859 -0.13146362 0.06919664
v -0.07665400 -0.14241505 0.06919664
v -0.07665400 -0.15336704 0.06919664
v -0.06570201 -0.14241505 0.06919664
v -0.06570201 -0.15336704 0.06919664
v -0.07665400 -0.16431846 0.06919664
v -0.07665400 -0.17527045 0.06919664
v -0.06570201 -0.16431846 0.06919664
v -0.06570201 -0.17527045 0.06919664
v -0.05475002 -0.14241505 0.06919664
v -0.05475002 -0.15336704 0.06919664
v -0.04379859 -0.14241505 0.06919664
v -0.04379859 -0.15336704 0.06919664
v -0.05475002 -0.16431846 0.06919664
v -0.05475002 -0.17527045 0.06919664
v -0.04379859 -0.16431846 0.06919664
v -0.04379859 -0.17527045 0.06919664
v -0.03283127 -0.09862355 0.03981401
v -0.03283127 -0.10957554 0.03981401
v -0.02187985 -0.09862355 0.03981401
v -0.02187985 -0.10957554 0.03981401
v -0.03283127 -0.12052696 0.03981401
v -0.03283127 -0.13147895 0.03981401
v -0.02187985 -0.12052696 0.03981401
v -0.02187985 -0.13147895 0.03981401
v -0.01092786 -0.09862355 0.03981401
v -0.01092786 -0.10957554 0.03981401
v 0.00002356 -0.09862355 0.03981401
v 0.00002356 -0.10957554 0.03981401
v -0.01092786 -0.12052696 0.03981401
v -0.01092786 -0.13147895 0.03981401
v 0.00002356 -0.12052696 0.03981401
v 0.00002356 -0.13147895 0.03981401
v -0.03283127 -0.14243038 0.03981401
v -0.03283127 -0.15338237 0.03981401
v -0.02187985 -0.14243038 0.03981401
v -0.02187985 -0.15338237 0.03981401
v -0.03283127 -0.16433379 0.03981401
v -0.03283127 -0.17528578 0.03981401
v -0.02187985 -0.16433379 0.03981401
v -0.02187985 -0.17528578 0.03981401
v -0.01092786 -0.14243038 0.03981401
v -0.01092786 -0.15338237 0.03981401
v 0.00002356 -0.14243038 0.03981401
v 0.00002356 -0.15338237 0.03981401
v -0.01092786 -0.16433379 0.03981401
v -0.01092786 -0.17528578 0.03981401
v 0.00002356 -0.16433379 0.03981401
v 0.00002356 -0.17528578 0.03981401
v -0.03284660 -0.09860822 0.06919664
v -0.03284660 -0.10956021 0.06919664
v -0.02189518 -0.09860822 0.06919664
v -0.02189518 -0.10956021 0.06919664
v -0.03284660 -0.12051163 0.06919664
v -0.03284660 -0.13146362 0.06919664
v -0.02189518 -0.12051163 0.06919664
v -0.02189518 -0.13146362 0.06919664
v -0.01094319 -0.09860822 0.06919664
v -0.01094319 -0.10956021 0.06919664
v 0.00000823 -0.09860822 0.06919664
v 0.00000823 -0.10956021 0.06919664
v -0.01094319 -0.12051163 0.06919664
v -0.01094319 -0.13146362 0.06919664
v 0.00000823 -0.12051163 0.06919664
v 0.00000823 -0.13146362 0.06919664
v -0.03284660 -0.14241505 0.06919664
v -0.03284660 -0.15336704 0.06919664
v -0.02189518 -0.14241505 0.06919664
v -0.02189518 -0.15336704 0.06919664
v -0.03284660 -0.16431846 0.06919664
v -0.03284660 -0.17527045 0.06919664
v -0.02189518 -0.16431846 0.06919664
v -0.02189518 -0.17527045 0.06919664
v -0.01094319 -0.14241505 0.06919664
v -0.01094319 -0.15336704 0.06919664
v 0.00000823 -0.14241505 0.06919664
v 0.00000823 -0.15336704 0.06919664
v -0.01094319 -0.16431846 0.06919664
v -0.01094319 -0.17527045 0.06919664
v 0.00000823 -0.16431846 0.06919664
v 0.00000823 -0.17527045 0.06919664
v -0.16425232 -0.18623777 0.03981401
v -0.16425232 -0.19718919 0.03981401
v -0.15330033 -0.18623777 0.03981401
v -0.15330033 -0.19718919 0.03981401
v -0.16425232 -0.20814118 0.03981401
v -0.16424267 -0.21911077 0.03982083
v -0.15330033 -0.20814118 0.03981401
v -0.15330147 -0.21918174 0.03982707
v -0.14234891 -0.18623777 0.03981401
v -0.14234891 -0.19718919 0.03981401
v -0.13139692 -0.18623777 0.03981401
v -0.13139692 -0.19718919 0.03981401
v -0.14234891 -0.20814118 0.03981401
v -0.14235231 -0.21912156 0.03982196
v -0.13139692 -0.20814118 0.03981401
v -0.13139408 -0.21905741 0.03981515
v -0.16426765 -0.18622187 0.06919664
v -0.16426765 -0.19717386 0.06919664
v -0.15331566 -0.18622187 0.06919664
v -0.15331566 -0.19717386 0.06919664
v -0.16426765 -0.20812529 0.06919664
v -0.16426765 -0.21907728 0.06919664
v -0.15331566 -0.20812529 0.06919664
v -0.15331566 -0.21907728 0.06919664
v -0.14236424 -0.18622187 0.06919664
v -0.14236424 -0.19717386 0.06919664
v -0.13141225 -0.18622187 0.06919664
v -0.13141225 -0.19717386 0.06919664
v -0.14236424 -0.20812529 0.06919664
v -0.14236424 -0.21907728 0.06919664
v -0.13141225 -0.20812529 0.06919664
v -0.13141225 -0.21907728 0.06919664
v -0.16427162 -0.25749923 0.05563482
v -0.16427333 -0.25760085 0.06293122
v -0.15332020 -0.25749923 0.05563482
v -0.15332190 -0.25760085 0.06293122
v -0.16426765 -0.23002927 0.06919664
v -0.16426765 -0.24094606 0.06919494
v -0.15331566 -0.23002927 0.06919664
v -0.15331566 -0.24094606 0.06919494
v -0.16426595 -0.25020452 0.06897523
v -0.16791755 -0.25570805 0.06774099
v -0.15331452 -0.25020452 0.06897523
v -0.15696613 -0.25570805 0.06774099
v -0.14237218 -0.25759290 0.05563652
v -0.14237162 -0.25760142 0.06293406
v -0.13141735 -0.25758893 0.05563368
v -0.13141849 -0.25769623 0.06293576
v -0.14236424 -0.23002927 0.06919664
v -0.14236424 -0.24094606 0.06919494
v -0.13141225 -0.23002927 0.06919664
v -0.13141225 -0.24094606 0.06919494
v -0.14236253 -0.25020452 0.06897523
v -0.14601414 -0.25570749 0.06774099
v -0.13141111 -0.25020452 0.06897580
v -0.13506442 -0.25570805 0.06774440
v -0.12044549 -0.18623777 0.03981401
v -0.12044549 -0.19718919 0.03981401
v -0.10949350 -0.18623777 0.03981401
v -0.10949350 -0.19718919 0.03981401
v -0.12044549 -0.20814118 0.03981401
v -0.12044038 -0.21912780 0.03982310
v -0.10949350 -0.20814118 0.03981401
v -0.10950429 -0.21918855 0.03982877
v -0.09854208 -0.18623777 0.03981401
v -0.09854208 -0.19718919 0.03981401
v -0.08759009 -0.18623777 0.03981401
v -0.08759009 -0.19718919 0.03981401
v -0.09854208 -0.20814118 0.03981401
v -0.09855400 -0.21908863 0.03982594
v -0.08759009 -0.20814118 0.03981401
v -0.08758044 -0.21901880 0.03982139
v -0.12046082 -0.18622187 0.06919664
v -0.12046082 -0.19717386 0.06919664
v -0.10950883 -0.18622187 0.06919664
v -0.10950883 -0.19717386 0.06919664
v -0.12046082 -0.20812529 0.06919664
v -0.12046082 -0.21907728 0.06919664
v -0.10950883 -0.20812529 0.06919664
v -0.10950883 -0.21907728 0.06919664
v -0.09855741 -0.18622187 0.06919664
v -0.09855741 -0.19717386 0.06919664
v -0.08760542 -0.18622187 0.06919664
v -0.08760542 -0.19717386 0.06919664
v -0.09855741 -0.20812529 0.06919664
v -0.09855741 -0.21907728 0.06919664
v -0.08760542 -0.20812529 0.06919664
v -0.08760542 -0.21907728 0.06919664
v -0.12046196 -0.25768033 0.05563198
v -0.12046536 -0.25779104 0.06293690
v -0.10950713 -0.25768033 0.05562971
v -0.10950883 -0.25779161 0.06293633
v -0.12046082 -0.23002927 0.06919664
v -0.12046082 -0.24094606 0.06919494
v -0.10950883 -0.23002927 0.06919664
v -0.10950883 -0.24094606 0.06919494
v -0.12045912 -0.25020452 0.06897580
v -0.12411243 -0.25570919 0.06774894
v -0.10950770 -0.25020452 0.06897580
v -0.11315931 -0.25570919 0.06775064
v -0.09855514 -0.25768033 0.05562971
v -0.09855684 -0.25779161 0.06293633
v -0.08760315 -0.25768033 0.05562971
v -0.08760542 -0.25779161 0.06293633
v -0.09855741 -0.23002927 0.06919664
v -0.09855741 -0.24094606 0.06919494
v -0.08760542 -0.23002927 0.06919664
v -0.08760542 -0.24094606 0.06919494
v -0.09855571 -0.25020452 0.06897580
v -0.10220732 -0.25570919 0.06775064
v -0.08760428 -0.25020452 0.06897580
v -0.09125589 -0.25570919 0.06775064
v -0.07663867 -0.18623777 0.03981401
v -0.07663867 -0.19718919 0.03981401
v -0.06568668 -0.18623777 0.03981401
v -0.06568668 -0.19718919 0.03981401
v -0.07663867 -0.20814118 0.03981401
v -0.07663867 -0.21906252 0.03981572
v -0.06568668 -0.20814118 0.03981401
v -0.06569292 -0.21906195 0.03981515
v -0.05473469 -0.18623777 0.03981401
v -0.05473469 -0.19718919 0.03981401
v -0.04378327 -0.18623777 0.03981401
v -0.04378327 -0.19718919 0.03981401
v -0.05473469 -0.20814175 0.03981401
v -0.05473071 -0.21907557 0.03981572
v -0.04378327 -0.20814232 0.03981401
v -0.04369981 -0.21862821 0.03981458
v -0.07665400 -0.18622187 0.06919664
v -0.07665400 -0.19717386 0.06919664
v -0.06570201 -0.18622187 0.06919664
v -0.06570201 -0.19717386 0.06919664
v -0.07665400 -0.20812529 0.06919664
v -0.07665400 -0.21907728 0.06919664
v -0.06570201 -0.20812529 0.06919664
v -0.06570201 -0.21907728 0.06919664
v -0.05475002 -0.18622187 0.06919664
v -0.05475002 -0.19717386 0.06919664
v -0.04379859 -0.18622187 0.06919664
v -0.04379859 -0.19717386 0.06919664
v -0.05475002 -0.20812529 0.06919664
v -0.05475002 -0.21907728 0.06919664
v -0.04379859 -0.20812529 0.06919664
v -0.04379859 -0.21907728 0.06919664
v -0.07665173 -0.25768033 0.05562971
v -0.07665343 -0.25779161 0.06293633
v -0.06569974 -0.25768033 0.05562971
v -0.06570201 -0.25779161 0.06293633
v -0.07665400 -0.23002927 0.06919664
v -0.07665400 -0.24094606 0.06919494
v -0.06570201 -0.23002927 0.06919664
v -0.06570201 -0.24094606 0.06919494
v -0.07665229 -0.25020452 0.06897580
v -0.08030390 -0.25570919 0.06775064
v -0.06570030 -0.25020452 0.06897580
v -0.06935248 -0.25570919 0.06775064
v -0.05474831 -0.25768033 0.05562971
v -0.05475002 -0.25779161 0.06293633
v -0.04379632 -0.25768033 0.05562971
v -0.04379859 -0.25779161 0.06293633
v -0.05475002 -0.23002927 0.06919664
v -0.05475002 -0.24094606 0.06919494
v -0.04379859 -0.23002927 0.06919664
v -0.04379859 -0.24094606 0.06919494
v -0.05474888 -0.25020452 0.06897580
v -0.05840049 -0.25570919 0.06775064
v -0.04379689 -0.25020452 0.06897580
v -0.04744907 -0.25570919 0.06775064
v -0.03283127 -0.18623777 0.03981401
v -0.03283127 -0.19718919 0.03981401
v -0.02187985 -0.18623777 0.03981401
v -0.02187985 -0.19718919 0.03981401
v -0.03283184 -0.20814175 0.03981401
v -0.03276031 -0.21862082 0.03981401
v -0.02187985 -0.20814118 0.03981401
v -0.02189461 -0.21904548 0.03981969
v -0.01092786 -0.18623777 0.03981401
v -0.01092786 -0.19718919 0.03981401
v 0.00002356 -0.18623777 0.03981401
v 0.00002356 -0.19718919 0.03981401
v -0.01092786 -0.20814118 0.03981401
v -0.01092332 -0.21901369 0.03982139
v 0.00002356 -0.20814118 0.03981401
v 0.00003037 -0.21907898 0.03981685
v -0.03284660 -0.18622187 0.06919664
v -0.03284660 -0.19717386 0.06919664
v -0.02189518 -0.18622187 0.06919664
v -0.02189518 -0.19717386 0.06919664
v -0.03284660 -0.20812529 0.06919664
v -0.03284660 -0.21907728 0.06919664
v -0.02189518 -0.20812529 0.06919664
v -0.02189518 -0.21907728 0.06919664
v -0.01094319 -0.18622187 0.06919664
v -0.01094319 -0.19717386 0.06919664
v 0.00000823 -0.18622187 0.06919664
v 0.00000823 -0.19717386 0.06919664
v -0.01094319 -0.20812529 0.06919664
v -0.01094319 -0.21907728 0.06919664
v 0.00000823 -0.20812529 0.06919664
v 0.00000823 -0.21907728 0.06919664
v -0.03284490 -0.25768033 0.05562971
v -0.03284660 -0.25779161 0.06293633
v -0.02189291 -0.25768033 0.05562971
v -0.02189461 -0.25779161 0.06293633
v -0.03284660 -0.23002927 0.06919664
v -0.03284660 -0.24094606 0.06919494
v -0.02189518 -0.23002927 0.06919664
v -0.02189518 -0.24094606 0.06919494
v -0.03284547 -0.25020452 0.06897580
v -0.03649708 -0.25570919 0.06775064
v -0.02189348 -0.25020452 0.06897580
v -0.02554566 -0.25570919 0.06775064
v -0.01094149 -0.25768033 0.05562971
v -0.01094319 -0.25779161 0.06293633
v 0.00001050 -0.25768033 0.05562971
v 0.00000880 -0.25779161 0.06293633
v -0.01094319 -0.23002927 0.06919664
v -0.01094319 -0.24094606 0.06919494
v 0.00000823 -0.23002927 0.06919664
v 0.00000823 -0.24094606 0.06919494
v -0.01094206 -0.25020452 0.06897580
v -0.01459366 -0.25570919 0.06775064
v 0.00000994 -0.25020452 0.06897580
v -0.00364167 -0.25570919 0.06775064
v 0.01207126 0.21853850 0.03696971
v 0.02361141 0.21858733 0.03693054
v 0.03455205 0.21859925 0.03692259
v 0.04550347 0.21859925 0.03692259
v 0.01097555 0.20790160 0.03983843
v 0.01097555 0.19707394 0.03981401
v 0.02192754 0.20790217 0.03983843
v 0.02192697 0.19707394 0.03981401
v 0.01097555 0.18612139 0.03981401
v 0.01097555 0.17516940 0.03981401
v 0.02192697 0.18612139 0.03981401
v 0.02192697 0.17516940 0.03981401
v 0.03287953 0.20790160 0.03983843
v 0.03287896 0.19707394 0.03981401
v 0.04383095 0.20790160 0.03983843
v 0.04383095 0.19707394 0.03981401
v 0.03287896 0.18612139 0.03981401
v 0.03287896 0.17516940 0.03981401
v 0.04383095 0.18612139 0.03981401
v 0.04383095 0.17516940 0.03981401
v 0.01097271 0.25777855 0.06307088
v 0.02192413 0.25777741 0.06307429
v 0.01096704 0.25576539 0.06783296
v 0.01096249 0.25006940 0.06905584
v 0.01095965 0.24088531 0.06919664
v 0.02191903 0.25571373 0.06788519
v 0.02191335 0.25001547 0.06910808
v 0.02191108 0.24088361 0.06919607
v 0.01096022 0.22994354 0.06919664
v 0.01096022 0.21899212 0.06919664
v 0.02191164 0.22994354 0.06919664
v 0.02191164 0.21899212 0.06919664
v 0.03287556 0.25777741 0.06307429
v 0.04382755 0.25777741 0.06307429
v 0.03287045 0.25571203 0.06788633
v 0.03286534 0.25001320 0.06910921
v 0.03286364 0.24088247 0.06919607
v 0.04382244 0.25571203 0.06788633
v 0.04381733 0.25001263 0.06910921
v 0.04381506 0.24088247 0.06919607
v 0.03286364 0.22994354 0.06919664
v 0.03286364 0.21899212 0.06919664
v 0.04381506 0.22994354 0.06919664
v 0.04381506 0.21899212 0.06919664
v 0.01096022 0.20804013 0.06919664
v 0.01096022 0.19708870 0.06919664
v 0.02191164 0.20804013 0.06919664
v 0.02191164 0.19708870 0.06919664
v 0.01096022 0.18613671 0.06919664
v 0.01096022 0.17518529 0.06919664
v 0.02191164 0.18613671 0.06919664
v 0.02191164 0.17518529 0.06919664
v 0.03286364 0.20804013 0.06919664
v 0.03286364 0.19708870 0.06919664
v 0.04381506 0.20804013 0.06919664
v 0.04381506 0.19708870 0.06919664
v 0.03286364 0.18613671 0.06919664
v 0.03286364 0.17518529 0.06919664
v 0.04381506 0.18613671 0.06919664
v 0.04381506 0.17518529 0.06919664
v 0.05645546 0.21859982 0.03692259
v 0.06740689 0.21859925 0.03692259
v 0.07835888 0.21859982 0.03692259
v 0.08931087 0.21859925 0.03692259
v 0.05478294 0.20790160 0.03983843
v 0.05478238 0.19707394 0.03981401
v 0.06573437 0.20790160 0.03983843
v 0.06573437 0.19707394 0.03981401
v 0.05478238 0.18612139 0.03981401
v 0.05478238 0.17516940 0.03981401
v 0.06573437 0.18612139 0.03981401
v 0.06573437 0.17516940 0.03981401
v 0.07668636 0.20790160 0.03983843
v 0.07668579 0.19707394 0.03981401
v 0.08763778 0.20790160 0.03983843
v 0.08763778 0.19707394 0.03981401
v 0.07668579 0.18612139 0.03981401
v 0.07668579 0.17516940 0.03981401
v 0.08763778 0.18612139 0.03981401
v 0.08763778 0.17516940 0.03981401
v 0.05477897 0.25777741 0.06307429
v 0.06573096 0.25777741 0.06307429
v 0.05477386 0.25571203 0.06788633
v 0.05476875 0.25001263 0.06910921
v 0.05476705 0.24088247 0.06919607
v 0.06572585 0.25571203 0.06788633
v 0.06572074 0.25001263 0.06910921
v 0.06571847 0.24088247 0.06919607
v 0.05476705 0.22994354 0.06919664
v 0.05476705 0.21899212 0.06919664
v 0.06571847 0.22994354 0.06919664
v 0.06571847 0.21899212 0.06919664
v 0.07668238 0.25777741 0.06307429
v 0.08763437 0.25777741 0.06307429
v 0.07667727 0.25571203 0.06788633
v 0.07667216 0.25001263 0.06910921
v 0.07667046 0.24088247 0.06919607
v 0.08762926 0.25571203 0.06788633
v 0.08762415 0.25001263 0.06910921
v 0.08762188 0.24088247 0.06919607
v 0.07667046 0.22994354 0.06919664
v 0.07667046 0.21899212 0.06919664
v 0.08762188 0.22994354 0.06919664
v 0.08762188 0.21899212 0.06919664
v 0.05476705 0.20804013 0.06919664
v 0.05476705 0.19708870 0.06919664
v 0.06571847 0.20804013 0.06919664
v 0.06571847 0.19708870 0.06919664
v 0.05476705 0.18613671 0.06919664
v 0.05476705 0.17518529 0.06919664
v 0.06571847 0.18613671 0.06919664
v 0.06571847 0.17518529 0.06919664
v 0.07667046 0.20804013 0.06919664
v 0.07667046 0.19708870 0.06919664
v 0.08762188 0.20804013 0.06919664
v 0.08762188 0.19708870 0.06919664
v 0.07667046 0.18613671 0.06919664
v 0.07667046 0.17518529 0.06919664
v 0.08762188 0.18613671 0.06919664
v 0.08762188 0.17518529 0.06919664
v 0.10026229 0.21859982 0.03692259
v 0.11121428 0.21859925 0.03692259
v 0.12216627 0.21859982 0.03692259
v 0.13311769 0.21859925 0.03692259
v 0.09858977 0.20790160 0.03983843
v 0.09858920 0.19707394 0.03981401
v 0.10954119 0.20790160 0.03983843
v 0.10954119 0.19707394 0.03981401
v 0.09858920 0.18612139 0.03981401
v 0.09858920 0.17516940 0.03981401
v 0.10954119 0.18612139 0.03981401
v 0.10954119 0.17516940 0.03981401
v 0.12049318 0.20790160 0.03983843
v 0.12049262 0.19707394 0.03981401
v 0.13144461 0.20790160 0.03983843
v 0.13144461 0.19707394 0.03981401
v 0.12049262 0.18612139 0.03981401
v 0.12049262 0.17516940 0.03981401
v 0.13144461 0.18612139 0.03981401
v 0.13144461 0.17516940 0.03981401
v 0.09858580 0.25777741 0.06307429
v 0.10953779 0.25777741 0.06307429
v 0.09858125 0.25571203 0.06788633
v 0.09857614 0.25001263 0.06910921
v 0.09857387 0.24088247 0.06919607
v 0.10953268 0.25571203 0.06788633
v 0.10952757 0.25001263 0.06910921
v 0.10952530 0.24088247 0.06919607
v 0.09857387 0.22994354 0.06919664
v 0.09857387 0.21899212 0.06919664
v 0.10952530 0.22994354 0.06919664
v 0.10952530 0.21899212 0.06919664
v 0.12048921 0.25777741 0.06307429
v 0.13144120 0.25777741 0.06307429
v 0.12048467 0.25571203 0.06788633
v 0.12047956 0.25001263 0.06910921
v 0.12047729 0.24088247 0.06919607
v 0.13143609 0.25571203 0.06788633
v 0.13143098 0.25001263 0.06910921
v 0.13142928 0.24088247 0.06919607
v 0.12047729 0.22994354 0.06919664
v 0.12047729 0.21899212 0.06919664
v 0.13142928 0.22994354 0.06919664
v 0.13142928 0.21899212 0.06919664
v 0.09857387 0.20804013 0.06919664
v 0.09857387 0.19708870 0.06919664
v 0.10952530 0.20804013 0.06919664
v 0.10952530 0.19708870 0.06919664
v 0.09857387 0.18613671 0.06919664
v 0.09857387 0.17518529 0.06919664
v 0.10952530 0.18613671 0.06919664
v 0.10952530 0.17518529 0.06919664
v 0.12047729 0.20804013 0.06919664
v 0.12047729 0.19708870 0.06919664
v 0.13142928 0.20804013 0.06919664
v 0.13142928 0.19708870 0.06919664
v 0.12047729 0.18613671 0.06919664
v 0.12047729 0.17518529 0.06919664
v 0.13142928 0.18613671 0.06919664
v 0.13142928 0.17518529 0.06919664
v 0.14406968 0.21859982 0.03692259
v 0.15502111 0.21859925 0.03692259
v 0.16597310 0.21859982 0.03692259
v 0.17692452 0.21859925 0.03692259
v 0.14239660 0.20790160 0.03983843
v 0.14239603 0.19707394 0.03981401
v 0.15334802 0.20790160 0.03983843
v 0.15334802 0.19707394 0.03981401
v 0.14239603 0.18612139 0.03981401
v 0.14239603 0.17516940 0.03981401
v 0.15334802 0.18612139 0.03981401
v 0.15334802 0.17516940 0.03981401
v 0.16430001 0.20790160 0.03983843
v 0.16429944 0.19707394 0.03981401
v 0.17525200 0.20790160 0.03983843
v 0.17525143 0.19707394 0.03981401
v 0.16429944 0.18612139 0.03981401
v 0.16429944 0.17516940 0.03981401
v 0.17525143 0.18612139 0.03981401
v 0.17525143 0.17516940 0.03981401
v 0.14239319 0.25777741 0.06307429
v 0.15334461 0.25777741 0.06307429
v 0.14238808 0.25571203 0.06788633
v 0.14238297 0.25001263 0.06910921
v 0.14238070 0.24088247 0.06919607
v 0.15333950 0.25571203 0.06788633
v 0.15333439 0.25001263 0.06910921
v 0.15333269 0.24088247 0.06919607
v 0.14238070 0.22994354 0.06919664
v 0.14238070 0.21899212 0.06919664
v 0.15333269 0.22994354 0.06919664
v 0.15333269 0.21899212 0.06919664
v 0.16429660 0.25777741 0.06307429
v 0.17524803 0.25777741 0.06307429
v 0.16429149 0.25571203 0.06788633
v 0.16428638 0.25001263 0.06910921
v 0.16428411 0.24088247 0.06919607
v 0.17524292 0.25571203 0.06788633
v 0.17523781 0.25001263 0.06910921
v 0.17523610 0.24088247 0.06919607
v 0.16428411 0.22994354 0.06919664
v 0.16428411 0.21899212 0.06919664
v 0.17523610 0.22994354 0.06919664
v 0.17523610 0.21899212 0.06919664
v 0.14238070 0.20804013 0.06919664
v 0.14238070 0.19708870 0.06919664
v 0.15333269 0.20804013 0.06919664
v 0.15333269 0.19708870 0.06919664
v 0.14238070 0.18613671 0.06919664
v 0.14238070 0.17518529 0.06919664
v 0.15333269 0.18613671 0.06919664
v 0.15333269 0.17518529 0.06919664
v 0.16428411 0.20804013 0.06919664
v 0.16428411 0.19708870 0.06919664
v 0.17523610 0.20804013 0.06919664
v 0.17523610 0.19708870 0.06919664
v 0.16428411 0.18613671 0.06919664
v 0.16428411 0.17518529 0.06919664
v 0.17523610 0.18613671 0.06919664
v 0.17523610 0.17518529 0.06919664
v 0.01097555 0.16421797 0.03981401
v 0.01097555 0.15326598 0.03981401
v 0.02192697 0.16421797 0.03981401
v 0.02192697 0.15326598 0.03981401
v 0.01097555 0.14231456 0.03981401
v 0.01097555 0.13136257 0.03981401
v 0.02192697 0.14231456 0.03981401
v 0.02192697 0.13136257 0.03981401
v 0.03287896 0.16421797 0.03981401
v 0.03287896 0.15326598 0.03981401
v 0.04383095 0.16421797 0.03981401
v 0.04383095 0.15326598 0.03981401
v 0.03287896 0.14231456 0.03981401
v 0.03287896 0.13136257 0.03981401
v 0.04383095 0.14231456 0.03981401
v 0.04383095 0.13136257 0.03981401
v 0.01097555 0.12041115 0.03981401
v 0.01097555 0.10945916 0.03981401
v 0.02192697 0.12041115 0.03981401
v 0.02192697 0.10945916 0.03981401
v 0.01097555 0.09850773 0.03981401
v 0.01097555 0.08755574 0.03981401
v 0.02192697 0.09850773 0.03981401
v 0.02192697 0.08755574 0.03981401
v 0.03287896 0.12041115 0.03981401
v 0.03287896 0.10945916 0.03981401
v 0.04383095 0.12041115 0.03981401
v 0.04383095 0.10945916 0.03981401
v 0.03287896 0.09850773 0.03981401
v 0.03287896 0.08755574 0.03981401
v 0.04383095 0.09850773 0.03981401
v 0.04383095 0.08755574 0.03981401
v 0.01096022 0.16423330 0.06919664
v 0.01096022 0.15328188 0.06919664
v 0.02191164 0.16423330 0.06919664
v 0.02191164 0.15328188 0.06919664
v 0.01096022 0.14232989 0.06919664
v 0.01096022 0.13137790 0.06919664
v 0.02191164 0.14232989 0.06919664
v 0.02191164 0.13137790 0.06919664
v 0.03286364 0.16423330 0.06919664
v 0.03286364 0.15328188 0.06919664
v 0.04381506 0.16423330 0.06919664
v 0.04381506 0.15328188 0.06919664
v 0.03286364 0.14232989 0.06919664
v 0.03286364 0.13137790 0.06919664
v 0.04381506 0.14232989 0.06919664
v 0.04381506 0.13137790 0.06919664
v 0.01096022 0.12042648 0.06919664
v 0.01096022 0.10947449 0.06919664
v 0.02191164 0.12042648 0.06919664
v 0.02191164 0.10947449 0.06919664
v 0.01096022 0.09852306 0.06919664
v 0.01096022 0.08757107 0.06919664
v 0.02191164 0.09852306 0.06919664
v 0.02191164 0.08757107 0.06919664
v 0.03286364 0.12042648 0.06919664
v 0.03286364 0.10947449 0.06919664
v 0.04381506 0.12042648 0.06919664
v 0.04381506 0.10947449 0.06919664
v 0.03286364 0.09852306 0.06919664
v 0.03286364 0.08757107 0.06919664
v 0.04381506 0.09852306 0.06919664
v 0.04381506 0.08757107 0.06919664
v 0.05478238 0.16421797 0.03981401
v 0.05478238 0.15326598 0.03981401
v 0.06573437 0.16421797 0.03981401
v 0.06573437 0.15326598 0.03981401
v 0.05478238 0.14231456 0.03981401
v 0.05478238 0.13136257 0.03981401
v 0.06573437 0.14231456 0.03981401
v 0.06573437 0.13136257 0.03981401
v 0.07668579 0.16421797 0.03981401
v 0.07668579 0.15326598 0.03981401
v 0.08763778 0.16421797 0.03981401
v 0.08763778 0.15326598 0.03981401
v 0.07668579 0.14231456 0.03981401
v 0.07668579 0.13136257 0.03981401
v 0.08763778 0.14231456 0.03981401
v 0.08763778 0.13136257 0.03981401
v 0.05478238 0.12041115 0.03981401
v 0.05478238 0.10945916 0.03981401
v 0.06573437 0.12041115 0.03981401
v 0.06573437 0.10945916 0.03981401
v 0.05478238 0.09850773 0.03981401
v 0.05478238 0.08755574 0.03981401
v 0.06573437 0.09850773 0.03981401
v 0.06573437 0.08755574 0.03981401
v 0.07668579 0.12041115 0.03981401
v 0.07668579 0.10945916 0.03981401
v 0.08763778 0.12041115 0.03981401
v 0.08763778 0.10945916 0.03981401
v 0.07668579 0.09850773 0.03981401
v 0.07668579 0.08755574 0.03981401
v 0.08763778 0.09850773 0.03981401
v 0.08763778 0.08755574 0.03981401
v 0.05476705 0.16423330 0.06919664
v 0.05476705 0.15328188 0.06919664
v 0.06571847 0.16423330 0.06919664
v 0.06571847 0.15328188 0.06919664
v 0.05476705 0.14232989 0.06919664
v 0.05476705 0.13137790 0.06919664
v 0.06571847 0.14232989 0.06919664
v 0.06571847 0.13137790 0.06919664
v 0.07667046 0.16423330 0.06919664
v 0.07667046 0.15328188 0.06919664
v 0.08762188 0.16423330 0.06919664
v 0.08762188 0.15328188 0.06919664
v 0.07667046 0.14232989 0.06919664
v 0.07667046 0.13137790 0.06919664
v 0.08762188 0.14232989 0.06919664
v 0.08762188 0.13137790 0.06919664
v 0.05476705 0.12042648 0.06919664
v 0.05476705 0.10947449 0.06919664
v 0.06571847 0.12042648 0.06919664
v 0.06571847 0.10947449 0.06919664
v 0.05476705 0.09852306 0.06919664
v 0.05476705 0.08757107 0.06919664
v 0.06571847 0.09852306 0.06919664
v 0.06571847 0.08757107 0.06919664
v 0.07667046 0.12042648 0.06919664
v 0.07667046 0.10947449 0.06919664
v 0.08762188 0.12042648 0.06919664
v 0.08762188 0.10947449 0.06919664
v 0.07667046 0.09852306 0.06919664
v 0.07667046 0.08757107 0.06919664
v 0.08762188 0.09852306 0.06919664
v 0.08762188 0.08757107 0.06919664
v 0.01097555 0.07660432 0.03981401
v 0.01097555 0.06565233 0.03981401
v 0.02192697 0.07660432 0.03981401
v 0.02192697 0.06565233 0.03981401
v 0.01097555 0.05470034 0.03981401
v 0.01097555 0.04374892 0.03981401
v 0.02192697 0.05470034 0.03981401
v 0.02192697 0.04374892 0.03981401
v 0.03287896 0.07660432 0.03981401
v 0.03287896 0.06565233 0.03981401
v 0.04383095 0.07660432 0.03981401
v 0.04383095 0.06565233 0.03981401
v 0.03287896 0.05470034 0.03981401
v 0.03287896 0.04374892 0.03981401
v 0.04383095 0.05470034 0.03981401
v 0.04383095 0.04374892 0.03981401
v 0.01097555 0.03279693 0.03981401
v 0.01097555 0.02184550 0.03981401
v 0.02192697 0.03279693 0.03981401
v 0.02192697 0.02184550 0.03981401
v 0.01097555 0.01089351 0.03981401
v 0.01097555 -0.00005791 0.03981401
v 0.02192697 0.01089351 0.03981401
v 0.02192697 -0.00005791 0.03981401
v 0.03287896 0.03279693 0.03981401
v 0.03287896 0.02184550 0.03981401
v 0.04383095 0.03279693 0.03981401
v 0.04383095 0.02184550 0.03981401
v 0.03287896 0.01089351 0.03981401
v 0.03287896 -0.00005791 0.03981401
v 0.04383095 0.01089351 0.03981401
v 0.04383095 -0.00005791 0.03981401
v 0.01096022 0.07661965 0.06919664
v 0.01096022 0.06566766 0.06919664
v 0.02191164 0.07661965 0.06919664
v 0.02191164 0.06566766 0.06919664
v 0.01096022 0.05471624 0.06919664
v 0.01096022 0.04376425 0.06919664
v 0.02191164 0.05471624 0.06919664
v 0.02191164 0.04376425 0.06919664
v 0.03286364 0.07661965 0.06919664
v 0.03286364 0.06566766 0.06919664
v 0.04381506 0.07661965 0.06919664
v 0.04381506 0.06566766 0.06919664
v 0.03286364 0.05471624 0.06919664
v 0.03286364 0.04376425 0.06919664
v 0.04381506 0.05471624 0.06919664
v 0.04381506 0.04376425 0.06919664
v 0.01096022 0.03281282 0.06919664
v 0.01096590 0.02185459 0.06910183
v 0.02191164 0.03281282 0.06919664
v 0.02192073 0.02184721 0.06900702
v 0.01097669 0.01091452 0.06891221
v 0.01096817 -0.00001817 0.06910126
v 0.02192243 0.01091622 0.06891221
v 0.02192697 -0.00001363 0.06891164
v 0.03286931 0.03280658 0.06910183
v 0.03287726 0.02184267 0.06891221
v 0.04382414 0.03279863 0.06900702
v 0.04382584 0.02184550 0.06891221
v 0.03288010 0.01091452 0.06881740
v 0.03288010 -0.00001987 0.06881683
v 0.04383322 0.01090884 0.06872259
v 0.04382868 -0.00001646 0.06881683
v 0.05478238 0.07660432 0.03981401
v 0.05478238 0.06565233 0.03981401
v 0.06573437 0.07660432 0.03981401
v 0.06573437 0.06565233 0.03981401
v 0.05478238 0.05470034 0.03981401
v 0.05478238 0.04374892 0.03981401
v 0.06573437 0.05470034 0.03981401
v 0.06573437 0.04374892 0.03981401
v 0.07668579 0.07660432 0.03981401
v 0.07668579 0.06565233 0.03981401
v 0.08763778 0.07660432 0.03981401
v 0.08763778 0.06565233 0.03981401
v 0.07668579 0.05470034 0.03981401
v 0.07668579 0.04374892 0.03981401
v 0.08763778 0.05470034 0.03981401
v 0.08763778 0.04374892 0.03981401
v 0.05478238 0.03279693 0.03981401
v 0.05478238 0.02184550 0.03981401
v 0.06573437 0.03279693 0.03981401
v 0.06573437 0.02184550 0.03981401
v 0.05478238 0.01089351 0.03981401
v 0.05478238 -0.00005791 0.03981401
v 0.06573437 0.01089351 0.03981401
v 0.06573437 -0.00005791 0.03981401
v 0.07668579 0.03279693 0.03981401
v 0.07668579 0.02184550 0.03981401
v 0.08763778 0.03279693 0.03981401
v 0.08763778 0.02184550 0.03981401
v 0.07668579 0.01089351 0.03981401
v 0.07668579 -0.00005791 0.03981401
v 0.08763778 0.01089351 0.03981401
v 0.08763778 -0.00005791 0.03981401
v 0.05476705 0.07661965 0.06919664
v 0.05476705 0.06566766 0.06919664
v 0.06571847 0.07661965 0.06919664
v 0.06571847 0.06566766 0.06919664
v 0.05476705 0.05471624 0.06919664
v 0.05477273 0.04375800 0.06910183
v 0.06571847 0.05471624 0.06919664
v 0.06572755 0.04375062 0.06900702
v 0.07667046 0.07661965 0.06919664
v 0.07667046 0.06566766 0.06919664
v 0.08762188 0.07661965 0.06919664
v 0.08762188 0.06566766 0.06919664
v 0.07667671 0.05470999 0.06910183
v 0.07668409 0.04374608 0.06891221
v 0.08763097 0.05470261 0.06900702
v 0.08763267 0.04374949 0.06891221
v 0.05478067 0.03279466 0.06891221
v 0.05478351 0.02184437 0.06881740
v 0.06572926 0.03279750 0.06891221
v 0.06573664 0.02183812 0.06872259
v 0.05478919 0.01090430 0.06862778
v 0.05478011 -0.00001192 0.06881683
v 0.06573777 0.01090714 0.06862778
v 0.06573039 -0.00001022 0.06881683
v 0.07668693 0.03279636 0.06881740
v 0.07669260 0.02183358 0.06862778
v 0.08764005 0.03279011 0.06872259
v 0.08764119 0.02183699 0.06862835
v 0.07668976 0.01091168 0.06862835
v 0.07668238 -0.00001022 0.06881683
v 0.08764005 0.01091338 0.06862835
v 0.08763381 -0.00001022 0.06881683
v 0.09858920 0.16421797 0.03981401
v 0.09858920 0.15326598 0.03981401
v 0.10954119 0.16421797 0.03981401
v 0.10954119 0.15326598 0.03981401
v 0.09858920 0.14231456 0.03981401
v 0.09858920 0.13136257 0.03981401
v 0.10954119 0.14231456 0.03981401
v 0.10954119 0.13136257 0.03981401
v 0.12049262 0.16421797 0.03981401
v 0.12049262 0.15326598 0.03981401
v 0.13144461 0.16421797 0.03981401
v 0.13144461 0.15326598 0.03981401
v 0.12049262 0.14231456 0.03981401
v 0.12049262 0.13136257 0.03981401
v 0.13144461 0.14231456 0.03981401
v 0.13144461 0.13136257 0.03981401
v 0.09858920 0.12041115 0.03981401
v 0.09858920 0.10945916 0.03981401
v 0.10954119 0.12041115 0.03981401
v 0.10954119 0.10945916 0.03981401
v 0.09858920 0.09850773 0.03981401
v 0.09858920 0.08755574 0.03981401
v 0.10954119 0.09850773 0.03981401
v 0.10954119 0.08755574 0.03981401
v 0.12049262 0.12041115 0.03981401
v 0.12049262 0.10945916 0.03981401
v 0.13144461 0.12041115 0.03981401
v 0.13144461 0.10945916 0.03981401
v 0.12049262 0.09850773 0.03981401
v 0.12049262 0.08755574 0.03981401
v 0.13144461 0.09850773 0.03981401
v 0.13144461 0.08755574 0.03981401
v 0.09857387 0.16423330 0.06919664
v 0.09857387 0.15328188 0.06919664
v 0.10952530 0.16423330 0.06919664
v 0.10952530 0.15328188 0.06919664
v 0.09857387 0.14232989 0.06919664
v 0.09857387 0.13137790 0.06919664
v 0.10952530 0.14232989 0.06919664
v 0.10952530 0.13137790 0.06919664
v 0.12047729 0.16423330 0.06919664
v 0.12047729 0.15328188 0.06919664
v 0.13142928 0.16423330 0.06919664
v 0.13142928 0.15328188 0.06919664
v 0.12047729 0.14232989 0.06919664
v 0.12047729 0.13137790 0.06919664
v 0.13142928 0.14232989 0.06919664
v 0.13142928 0.13137790 0.06919664
v 0.09857387 0.12042648 0.06919664
v 0.09857387 0.10947449 0.06919664
v 0.10952530 0.12042648 0.06919664
v 0.10952530 0.10947449 0.06919664
v 0.09857387 0.09852306 0.06919664
v 0.09857387 0.08757107 0.06919664
v 0.10952530 0.09852306 0.06919664
v 0.10952530 0.08757107 0.06919664
v 0.12047729 0.12042648 0.06919664
v 0.12047729 0.10947449 0.06919664
v 0.13142928 0.12042648 0.06919664
v 0.13142928 0.10947449 0.06919664
v 0.12047729 0.09852306 0.06919664
v 0.12047729 0.08757107 0.06919664
v 0.13142928 0.09852306 0.06919664
v 0.13142928 0.08757107 0.06919664
v 0.14239603 0.16421797 0.03981401
v 0.14239603 0.15326598 0.03981401
v 0.15334802 0.16421797 0.03981401
v 0.15334802 0.15326598 0.03981401
v 0.14239603 0.14231456 0.03981401
v 0.14239603 0.13136257 0.03981401
v 0.15334802 0.14231456 0.03981401
v 0.15334802 0.13136257 0.03981401
v 0.16429944 0.16421797 0.03981401
v 0.16429944 0.15326598 0.03981401
v 0.17525143 0.16421797 0.03981401
v 0.17525143 0.15326598 0.03981401
v 0.16429944 0.14231456 0.03981401
v 0.16429944 0.13136257 0.03981401
v 0.17525143 0.14231456 0.03981401
v 0.17525143 0.13136257 0.03981401
v 0.14239603 0.12041115 0.03981401
v 0.14239603 0.10945916 0.03981401
v 0.15334802 0.12041115 0.03981401
v 0.15334802 0.10945916 0.03981401
v 0.14239603 0.09850773 0.03981401
v 0.14239603 0.08755574 0.03981401
v 0.15334802 0.09850773 0.03981401
v 0.15334802 0.08755574 0.03981401
v 0.16429944 0.12041115 0.03981401
v 0.16429944 0.10945916 0.03981401
v 0.17525143 0.12041115 0.03981401
v 0.17525143 0.10945916 0.03981401
v 0.16429944 0.09850773 0.03981401
v 0.16429944 0.08755574 0.03981401
v 0.17525143 0.09850773 0.03981401
v 0.17525143 0.08755574 0.03981401
v 0.14238070 0.16423330 0.06919664
v 0.14238070 0.15328188 0.06919664
v 0.15333269 0.16423330 0.06919664
v 0.15333269 0.15328188 0.06919664
v 0.14238070 0.14232989 0.06919664
v 0.14238070 0.13137790 0.06919664
v 0.15333269 0.14232989 0.06919664
v 0.15333269 0.13137790 0.06919664
v 0.16428411 0.16423330 0.06919664
v 0.16428411 0.15328188 0.06919664
v 0.17523610 0.16423330 0.06919664
v 0.17523610 0.15328188 0.06919664
v 0.16428411 0.14232989 0.06919664
v 0.16428411 0.13137790 0.06919664
v 0.17523610 0.14232989 0.06919664
v 0.17523610 0.13137790 0.06919664
v 0.14238070 0.12042648 0.06919664
v 0.14238070 0.10947449 0.06919664
v 0.15333269 0.12042648 0.06919664
v 0.15333269 0.10947449 0.06919664
v 0.14238070 0.09852306 0.06919664
v 0.14238694 0.08756539 0.06910183
v 0.15333269 0.09852306 0.06919664
v 0.15334177 0.08755745 0.06900702
v 0.16428411 0.12042648 0.06919664
v 0.16428411 0.10947449 0.06919664
v 0.17523610 0.12042648 0.06919664
v 0.17523610 0.10947449 0.06919664
v 0.16429036 0.09851682 0.06910183
v 0.16429774 0.08755290 0.06891221
v 0.17524519 0.09850944 0.06900702
v 0.17524632 0.08755631 0.06891221
v 0.09858920 0.07660432 0.03981401
v 0.09858920 0.06565233 0.03981401
v 0.10954119 0.07660432 0.03981401
v 0.10954119 0.06565233 0.03981401
v 0.09858920 0.05470034 0.03981401
v 0.09858920 0.04374892 0.03981401
v 0.10954119 0.05470034 0.03981401
v 0.10954119 0.04374892 0.03981401
v 0.12049262 0.07660432 0.03981401
v 0.12049262 0.06565233 0.03981401
v 0.13144461 0.07660432 0.03981401
v 0.13144461 0.06565233 0.03981401
v 0.12049262 0.05470034 0.03981401
v 0.12049262 0.04374892 0.03981401
v 0.13144461 0.05470034 0.03981401
v 0.13144461 0.04374892 0.03981401
v 0.09858920 0.03279693 0.03981401
v 0.09858920 0.02184550 0.03981401
v 0.10954119 0.03279693 0.03981401
v 0.10954119 0.02184550 0.03981401
v 0.09858920 0.01089351 0.03981401
v 0.09858920 -0.00005791 0.03981401
v 0.10954119 0.01089351 0.03981401
v 0.10954119 -0.00005791 0.03981401
v 0.12049262 0.03279693 0.03981401
v 0.12049262 0.02184550 0.03981401
v 0.13144461 0.03279693 0.03981401
v 0.13144461 0.02184550 0.03981401
v 0.12049262 0.01089351 0.03981401
v 0.12049262 -0.00005791 0.03981401
v 0.13144461 0.01089351 0.03981401
v 0.13144461 -0.00005791 0.03981401
v 0.09857387 0.07661965 0.06919664
v 0.09858012 0.06566198 0.06910183
v 0.10952530 0.07661965 0.06919664
v 0.10953438 0.06565403 0.06900702
v 0.09858750 0.05469807 0.06891221
v 0.09859034 0.04374778 0.06881740
v 0.10953608 0.05470091 0.06891221
v 0.10954346 0.04374154 0.06872259
v 0.12048353 0.07661340 0.06910183
v 0.12049091 0.06564949 0.06891221
v 0.13143779 0.07660602 0.06900702
v 0.13143950 0.06565290 0.06891221
v 0.12049375 0.05469977 0.06881740
v 0.12049943 0.04373756 0.06862778
v 0.13144688 0.05469353 0.06872259
v 0.13144801 0.04374040 0.06862835
v 0.09859602 0.03278557 0.06862778
v 0.09859318 0.02184153 0.06862835
v 0.10954460 0.03278898 0.06862835
v 0.10954346 0.02184323 0.06862835
v 0.09859147 0.01091338 0.06862835
v 0.09858580 -0.00001022 0.06881683
v 0.10954346 0.01091338 0.06862835
v 0.10953722 -0.00001022 0.06881683
v 0.12049659 0.03279352 0.06862835
v 0.12049489 0.02184323 0.06862835
v 0.13144688 0.03279522 0.06862835
v 0.13144688 0.02184323 0.06862835
v 0.12049489 0.01091338 0.06862835
v 0.12048921 -0.00001022 0.06881683
v 0.13144688 0.01091338 0.06862835
v 0.13144063 -0.00001022 0.06881683
v 0.14239603 0.07660432 0.03981401
v 0.14239603 0.06565233 0.03981401
v 0.15334802 0.07660432 0.03981401
v 0.15334802 0.06565233 0.03981401
v 0.14239603 0.05470034 0.03981401
v 0.14239603 0.04374892 0.03981401
v 0.15334802 0.05470034 0.03981401
v 0.15334802 0.04374892 0.03981401
v 0.16429944 0.07660432 0.03981401
v 0.16429944 0.06565233 0.03981401
v 0.17525143 0.07660432 0.03981401
v 0.17525143 0.06565233 0.03981401
v 0.16429944 0.05470034 0.03981401
v 0.16429944 0.04374892 0.03981401
v 0.17525143 0.05470034 0.03981401
v 0.17525143 0.04374892 0.03981401
v 0.14239603 0.03279693 0.03981401
v 0.14239603 0.02184550 0.03981401
v 0.15334802 0.03279693 0.03981401
v 0.15334802 0.02184550 0.03981401
v 0.14239603 0.01089351 0.03981401
v 0.14239603 -0.00005791 0.03981401
v 0.15334802 0.01089351 0.03981401
v 0.15334802 -0.00005791 0.03981401
v 0.16429944 0.03279693 0.03981401
v 0.16429944 0.02184550 0.03981401
v 0.17525143 0.03279693 0.03981401
v 0.17525143 0.02184550 0.03981401
v 0.16429944 0.01089351 0.03981401
v 0.16429944 -0.00005791 0.03981401
v 0.17525143 0.01089351 0.03981401
v 0.17525143 -0.00005791 0.03981401
v 0.14239433 0.07660148 0.06891221
v 0.14239716 0.06565120 0.06881740
v 0.15334291 0.07660432 0.06891221
v 0.15335029 0.06564552 0.06872259
v 0.14240284 0.05468899 0.06862778
v 0.14240000 0.04374494 0.06862835
v 0.15335199 0.05469239 0.06862835
v 0.15335029 0.04374665 0.06862835
v 0.16430058 0.07660319 0.06881740
v 0.16430682 0.06564098 0.06862778
v 0.17525370 0.07659694 0.06872259
v 0.17525541 0.06564381 0.06862835
v 0.16430342 0.05469693 0.06862835
v 0.16430171 0.04374665 0.06862835
v 0.17525370 0.05469864 0.06862835
v 0.17525370 0.04374665 0.06862835
v 0.14239830 0.03279522 0.06862835
v 0.14239830 0.02184323 0.06862835
v 0.15335029 0.03279522 0.06862835
v 0.15335029 0.02184323 0.06862835
v 0.14239830 0.01091338 0.06862835
v 0.14239262 -0.00001022 0.06881683
v 0.15335029 0.01091338 0.06862835
v 0.15334404 -0.00001022 0.06881683
v 0.16430171 0.03279522 0.06862835
v 0.16430171 0.02184323 0.06862835
v 0.17525370 0.03279522 0.06862835
v 0.17525370 0.02184323 0.06862835
v 0.16430171 0.01091338 0.06862835
v 0.16429603 -0.00001022 0.06881683
v 0.17525370 0.01091338 0.06862835
v 0.17524803 -0.00001022 0.06881683
v 0.18787651 0.21859982 0.03692259
v 0.19882793 0.21859925 0.03692259
v 0.20977992 0.21859982 0.03692259
v 0.22073134 0.21859925 0.03692259
v 0.18620342 0.20790160 0.03983843
v 0.18620342 0.19707394 0.03981401
v 0.19715541 0.20790160 0.03983843
v 0.19715484 0.19707394 0.03981401
v 0.18620342 0.18612139 0.03981401
v 0.18620342 0.17516940 0.03981401
v 0.19715484 0.18612139 0.03981401
v 0.19715484 0.17516940 0.03981401
v 0.20810683 0.20790160 0.03983843
v 0.20810683 0.19707394 0.03981401
v 0.21905882 0.20790160 0.03983843
v 0.21905826 0.19707394 0.03981401
v 0.20810683 0.18612139 0.03981401
v 0.20810683 0.17516940 0.03981401
v 0.21905826 0.18612139 0.03981401
v 0.21905826 0.17516940 0.03981401
v 0.18620002 0.25777741 0.06307429
v 0.19715144 0.25777741 0.06307429
v 0.18619491 0.25571203 0.06788633
v 0.18618980 0.25001263 0.06910921
v 0.18618753 0.24088247 0.06919607
v 0.19714633 0.25571203 0.06788633
v 0.19714122 0.25001263 0.06910921
v 0.19713952 0.24088247 0.06919607
v 0.18618753 0.22994354 0.06919664
v 0.18618753 0.21899212 0.06919664
v 0.19713952 0.22994354 0.06919664
v 0.19713952 0.21899212 0.06919664
v 0.20810343 0.25777741 0.06307429
v 0.21905485 0.25777741 0.06307429
v 0.20809832 0.25571203 0.06788633
v 0.20809321 0.25001263 0.06910921
v 0.20809094 0.24088247 0.06919607
v 0.21905031 0.25571203 0.06788633
v 0.21904463 0.25001263 0.06910921
v 0.21904293 0.24088247 0.06919607
v 0.20809094 0.22994354 0.06919664
v 0.20809094 0.21899212 0.06919664
v 0.21904293 0.22994354 0.06919664
v 0.21904293 0.21899212 0.06919664
v 0.18618753 0.20804013 0.06919664
v 0.18618753 0.19708870 0.06919664
v 0.19713952 0.20804013 0.06919664
v 0.19713952 0.19708870 0.06919664
v 0.18618753 0.18613671 0.06919664
v 0.18618753 0.17518529 0.06919664
v 0.19713952 0.18613671 0.06919664
v 0.19713952 0.17518529 0.06919664
v 0.20809094 0.20804013 0.06919664
v 0.20809094 0.19708870 0.06919664
v 0.21904293 0.20804013 0.06919664
v 0.21904293 0.19708870 0.06919664
v 0.20809094 0.18613671 0.06919664
v 0.20809094 0.17518529 0.06919664
v 0.21904293 0.18613671 0.06919664
v 0.21904293 0.17518529 0.06919664
v 0.23168333 0.21859982 0.03692259
v 0.24263476 0.21859925 0.03692259
v 0.25358675 0.21859982 0.03692259
v 0.26453817 0.21859925 0.03692259
v 0.23001025 0.20790160 0.03983843
v 0.23001025 0.19707394 0.03981401
v 0.24096224 0.20790160 0.03983843
v 0.24096167 0.19707394 0.03981401
v 0.23001025 0.18612139 0.03981401
v 0.23001025 0.17516940 0.03981401
v 0.24096167 0.18612139 0.03981401
v 0.24096167 0.17516940 0.03981401
v 0.25191366 0.20790160 0.03983843
v 0.25191366 0.19707394 0.03981401
v 0.26286565 0.20790160 0.03983843
v 0.26286508 0.19707394 0.03981401
v 0.25191366 0.18612139 0.03981401
v 0.25191366 0.17516940 0.03981401
v 0.26286508 0.18612139 0.03981401
v 0.26286508 0.17516940 0.03981401
v 0.23000684 0.25777741 0.06307429
v 0.24095826 0.25777741 0.06307429
v 0.23000173 0.25571203 0.06788633
v 0.22999662 0.25001263 0.06910921
v 0.22999435 0.24088247 0.06919607
v 0.24095372 0.25571203 0.06788633
v 0.24094861 0.25001263 0.06910921
v 0.24094634 0.24088247 0.06919607
v 0.22999435 0.22994354 0.06919664
v 0.22999435 0.21899212 0.06919664
v 0.24094634 0.22994354 0.06919664
v 0.24094634 0.21899212 0.06919664
v 0.25191025 0.25777741 0.06307429
v 0.26286224 0.25777741 0.06307429
v 0.25190514 0.25571203 0.06788633
v 0.25190003 0.25001263 0.06910921
v 0.25189833 0.24088247 0.06919607
v 0.26285713 0.25571203 0.06788633
v 0.26285203 0.25001263 0.06910921
v 0.26284975 0.24088247 0.06919607
v 0.25189833 0.22994354 0.06919664
v 0.25189833 0.21899212 0.06919664
v 0.26284975 0.22994354 0.06919664
v 0.26284975 0.21899212 0.06919664
v 0.22999435 0.20804013 0.06919664
v 0.22999435 0.19708870 0.06919664
v 0.24094634 0.20804013 0.06919664
v 0.24094634 0.19708870 0.06919664
v 0.22999435 0.18613671 0.06919664
v 0.22999435 0.17518529 0.06919664
v 0.24094634 0.18613671 0.06919664
v 0.24094634 0.17518529 0.06919664
v 0.25189833 0.20804013 0.06919664
v 0.25189833 0.19708870 0.06919664
v 0.26284975 0.20804013 0.06919664
v 0.26284975 0.19708870 0.06919664
v 0.25189833 0.18613671 0.06919664
v 0.25189833 0.17518529 0.06919664
v 0.26284975 0.18613671 0.06919664
v 0.26284975 0.17518529 0.06919664
v 0.27549016 0.21859982 0.03692259
v 0.28644158 0.21859925 0.03692259
v 0.29739357 0.21859982 0.03692259
v 0.30834500 0.21859925 0.03692259
v 0.27381707 0.20790160 0.03983843
v 0.27381707 0.19707394 0.03981401
v 0.28476906 0.20790160 0.03983843
v 0.28476850 0.19707394 0.03981401
v 0.27381707 0.18612139 0.03981401
v 0.27381707 0.17516940 0.03981401
v 0.28476850 0.18612139 0.03981401
v 0.28476850 0.17516940 0.03981401
v 0.29572049 0.20790160 0.03983843
v 0.29572049 0.19707394 0.03981401
v 0.30667248 0.20790160 0.03983843
v 0.30667248 0.19707394 0.03981401
v 0.29572049 0.18612139 0.03981401
v 0.29572049 0.17516940 0.03981401
v 0.30667248 0.18612139 0.03981401
v 0.30667248 0.17516940 0.03981401
v 0.27381367 0.25777741 0.06307429
v 0.28476566 0.25777741 0.06307429
v 0.27380856 0.25571203 0.06788633
v 0.27380345 0.25001263 0.06910921
v 0.27380174 0.24088247 0.06919607
v 0.28476055 0.25571203 0.06788633
v 0.28475544 0.25001263 0.06910921
v 0.28475317 0.24088247 0.06919607
v 0.27380174 0.22994354 0.06919664
v 0.27380174 0.21899212 0.06919664
v 0.28475317 0.22994354 0.06919664
v 0.28475317 0.21899212 0.06919664
v 0.29571708 0.25777741 0.06307429
v 0.30666907 0.25777741 0.06307429
v 0.29571197 0.25571203 0.06788633
v 0.29570686 0.25001263 0.06910921
v 0.29570516 0.24088247 0.06919607
v 0.30666396 0.25571203 0.06788633
v 0.30665885 0.25001263 0.06910921
v 0.30665658 0.24088247 0.06919607
v 0.29570516 0.22994354 0.06919664
v 0.29570516 0.21899212 0.06919664
v 0.30665658 0.22994354 0.06919664
v 0.30665658 0.21899212 0.06919664
v 0.27380174 0.20804013 0.06919664
v 0.27380174 0.19708870 0.06919664
v 0.28475317 0.20804013 0.06919664
v 0.28475317 0.19708870 0.06919664
v 0.27380174 0.18613671 0.06919664
v 0.27380174 0.17518529 0.06919664
v 0.28475317 0.18613671 0.06919664
v 0.28475317 0.17518529 0.06919664
v 0.29570516 0.20804013 0.06919664
v 0.29570516 0.19708870 0.06919664
v 0.30665658 0.20804013 0.06919664
v 0.30665658 0.19708870 0.06919664
v 0.29570516 0.18613671 0.06919664
v 0.29570516 0.17518529 0.06919664
v 0.30665658 0.18613671 0.06919664
v 0.30665658 0.17518529 0.06919664
v 0.31929699 0.21859982 0.03692259
v 0.33024898 0.21859925 0.03692259
v 0.34120040 0.21859982 0.03692259
v 0.35215239 0.21859925 0.03692259
v 0.31762447 0.20790160 0.03983843
v 0.31762390 0.19707394 0.03981401
v 0.32857589 0.20790160 0.03983843
v 0.32857589 0.19707394 0.03981401
v 0.31762390 0.18612139 0.03981401
v 0.31762390 0.17516940 0.03981401
v 0.32857589 0.18612139 0.03981401
v 0.32857589 0.17516940 0.03981401
v 0.33952788 0.20790160 0.03983843
v 0.33952731 0.19707394 0.03981401
v 0.35047930 0.20790160 0.03983843
v 0.35047930 0.19707394 0.03981401
v 0.33952731 0.18612139 0.03981401
v 0.33952731 0.17516940 0.03981401
v 0.35047930 0.18612139 0.03981401
v 0.35047930 0.17516940 0.03981401
v 0.31762049 0.25777741 0.06307429
v 0.32857248 0.25777741 0.06307429
v 0.31761538 0.25571203 0.06788633
v 0.31761027 0.25001263 0.06910921
v 0.31760857 0.24088247 0.06919607
v 0.32856737 0.25571203 0.06788633
v 0.32856226 0.25001263 0.06910921
v 0.32855999 0.24088247 0.06919607
v 0.31760857 0.22994354 0.06919664
v 0.31760857 0.21899212 0.06919664
v 0.32855999 0.22994354 0.06919664
v 0.32855999 0.21899212 0.06919664
v 0.33952391 0.25777741 0.06307429
v 0.35047590 0.25777741 0.06307429
v 0.33951880 0.25571203 0.06788633
v 0.33951369 0.25001263 0.06910921
v 0.33951198 0.24088247 0.06919607
v 0.35047079 0.25571203 0.06788633
v 0.35046568 0.25001263 0.06910921
v 0.35046341 0.24088247 0.06919607
v 0.33951198 0.22994354 0.06919664
v 0.33951198 0.21899212 0.06919664
v 0.35046341 0.22994354 0.06919664
v 0.35046341 0.21899212 0.06919664
v 0.31760857 0.20804013 0.06919664
v 0.31760857 0.19708870 0.06919664
v 0.32855999 0.20804013 0.06919664
v 0.32855999 0.19708870 0.06919664
v 0.31760857 0.18613671 0.06919664
v 0.31761425 0.17517905 0.06910183
v 0.32855999 0.18613671 0.06919664
v 0.32856908 0.17517167 0.06900702
v 0.33951198 0.20804013 0.06919664
v 0.33951198 0.19708870 0.06919664
v 0.35046341 0.20804013 0.06919664
v 0.35046341 0.19708870 0.06919664
v 0.33951823 0.18613047 0.06910183
v 0.33952561 0.17516712 0.06891221
v 0.35047249 0.18612309 0.06900702
v 0.35047419 0.17516996 0.06891221
v 0.18620342 0.16421797 0.03981401
v 0.18620342 0.15326598 0.03981401
v 0.19715484 0.16421797 0.03981401
v 0.19715484 0.15326598 0.03981401
v 0.18620342 0.14231456 0.03981401
v 0.18620342 0.13136257 0.03981401
v 0.19715484 0.14231456 0.03981401
v 0.19715484 0.13136257 0.03981401
v 0.20810683 0.16421797 0.03981401
v 0.20810683 0.15326598 0.03981401
v 0.21905826 0.16421797 0.03981401
v 0.21905826 0.15326598 0.03981401
v 0.20810683 0.14231456 0.03981401
v 0.20810683 0.13136257 0.03981401
v 0.21905826 0.14231456 0.03981401
v 0.21905826 0.13136257 0.03981401
v 0.18620342 0.12041115 0.03981401
v 0.18620342 0.10945916 0.03981401
v 0.19715484 0.12041115 0.03981401
v 0.19715484 0.10945916 0.03981401
v 0.18620342 0.09850773 0.03981401
v 0.18620342 0.08755574 0.03981401
v 0.19715484 0.09850773 0.03981401
v 0.19715484 0.08755574 0.03981401
v 0.20810683 0.12041115 0.03981401
v 0.20810683 0.10945916 0.03981401
v 0.21905826 0.12041115 0.03981401
v 0.21905826 0.10945916 0.03981401
v 0.20810683 0.09850773 0.03981401
v 0.20810683 0.08755574 0.03981401
v 0.21905826 0.09850773 0.03981401
v 0.21905826 0.08755574 0.03981401
v 0.18618753 0.16423330 0.06919664
v 0.18618753 0.15328188 0.06919664
v 0.19713952 0.16423330 0.06919664
v 0.19713952 0.15328188 0.06919664
v 0.18618753 0.14232989 0.06919664
v 0.18618753 0.13137790 0.06919664
v 0.19713952 0.14232989 0.06919664
v 0.19713952 0.13137790 0.06919664
v 0.20809094 0.16423330 0.06919664
v 0.20809094 0.15328188 0.06919664
v 0.21904293 0.16423330 0.06919664
v 0.21904293 0.15328188 0.06919664
v 0.20809094 0.14232989 0.06919664
v 0.20809094 0.13137790 0.06919664
v 0.21904293 0.14232989 0.06919664
v 0.21904293 0.13137790 0.06919664
v 0.18618753 0.12042648 0.06919664
v 0.18619377 0.10946881 0.06910183
v 0.19713952 0.12042648 0.06919664
v 0.19714860 0.10946086 0.06900702
v 0.18620115 0.09850490 0.06891221
v 0.18620399 0.08755461 0.06881740
v 0.19714973 0.09850773 0.06891221
v 0.19715712 0.08754893 0.06872259
v 0.20809718 0.12042023 0.06910183
v 0.20810456 0.10945632 0.06891221
v 0.21905201 0.12041285 0.06900702
v 0.21905315 0.10945972 0.06891221
v 0.20810740 0.09850660 0.06881740
v 0.20811365 0.08754439 0.06862778
v 0.21906053 0.09850035 0.06872259
v 0.21906223 0.08754723 0.06862835
v 0.23001025 0.16421797 0.03981401
v 0.23001025 0.15326598 0.03981401
v 0.24096167 0.16421797 0.03981401
v 0.24096167 0.15326598 0.03981401
v 0.23001025 0.14231456 0.03981401
v 0.23001025 0.13136257 0.03981401
v 0.24096167 0.14231456 0.03981401
v 0.24096167 0.13136257 0.03981401
v 0.25191366 0.16421797 0.03981401
v 0.25191366 0.15326598 0.03981401
v 0.26286508 0.16421797 0.03981401
v 0.26286508 0.15326598 0.03981401
v 0.25191366 0.14231456 0.03981401
v 0.25191366 0.13136257 0.03981401
v 0.26286508 0.14231456 0.03981401
v 0.26286508 0.13136257 0.03981401
v 0.23001025 0.12041115 0.03981401
v 0.23001025 0.10945916 0.03981401
v 0.24096167 0.12041115 0.03981401
v 0.24096167 0.10945916 0.03981401
v 0.23001025 0.09850773 0.03981401
v 0.23001025 0.08755574 0.03981401
v 0.24096167 0.09850773 0.03981401
v 0.24096167 0.08755574 0.03981401
v 0.25191366 0.12041115 0.03981401
v 0.25191366 0.10945916 0.03981401
v 0.26286508 0.12041115 0.03981401
v 0.26286508 0.10945916 0.03981401
v 0.25191366 0.09850773 0.03981401
v 0.25191366 0.08755574 0.03981401
v 0.26286508 0.09850773 0.03981401
v 0.26286508 0.08755574 0.03981401
v 0.22999435 0.16423330 0.06919664
v 0.22999435 0.15328188 0.06919664
v 0.24094634 0.16423330 0.06919664
v 0.24094634 0.15328188 0.06919664
v 0.22999435 0.14232989 0.06919664
v 0.23000060 0.13137222 0.06910183
v 0.24094634 0.14232989 0.06919664
v 0.24095543 0.13136427 0.06900702
v 0.25189833 0.16423330 0.06919664
v 0.25189833 0.15328188 0.06919664
v 0.26284975 0.16423330 0.06919664
v 0.26284975 0.15328188 0.06919664
v 0.25190401 0.14232364 0.06910183
v 0.25191139 0.13135973 0.06891221
v 0.26285884 0.14231626 0.06900702
v 0.26285997 0.13136314 0.06891221
v 0.23000798 0.12040831 0.06891221
v 0.23001082 0.10945802 0.06881740
v 0.24095656 0.12041115 0.06891221
v 0.24096394 0.10945234 0.06872259
v 0.23001706 0.09849581 0.06862778
v 0.23001365 0.08755234 0.06862835
v 0.24096564 0.09849922 0.06862835
v 0.24096394 0.08755347 0.06862835
v 0.25191480 0.12041001 0.06881740
v 0.25192047 0.10944780 0.06862778
v 0.26286792 0.12040377 0.06872259
v 0.26286906 0.10945064 0.06862835
v 0.25191707 0.09850376 0.06862835
v 0.25191593 0.08755347 0.06862835
v 0.26286735 0.09850546 0.06862835
v 0.26286735 0.08755347 0.06862835
v 0.18620342 0.07660432 0.03981401
v 0.18620342 0.06565233 0.03981401
v 0.19715484 0.07660432 0.03981401
v 0.19715484 0.06565233 0.03981401
v 0.18620342 0.05470034 0.03981401
v 0.18620342 0.04374892 0.03981401
v 0.19715484 0.05470034 0.03981401
v 0.19715484 0.04374892 0.03981401
v 0.20810683 0.07660432 0.03981401
v 0.20810683 0.06565233 0.03981401
v 0.21905826 0.07660432 0.03981401
v 0.21905826 0.06565233 0.03981401
v 0.20810683 0.05470034 0.03981401
v 0.20810683 0.04374892 0.03981401
v 0.21905826 0.05470034 0.03981401
v 0.21905826 0.04374892 0.03981401
v 0.18620342 0.03279693 0.03981401
v 0.18620342 0.02184550 0.03981401
v 0.19715484 0.03279693 0.03981401
v 0.19715484 0.02184550 0.03981401
v 0.18620342 0.01089351 0.03981401
v 0.18620342 -0.00005791 0.03981401
v 0.19715484 0.01089351 0.03981401
v 0.19715484 -0.00005791 0.03981401
v 0.20810683 0.03279693 0.03981401
v 0.20810683 0.02184550 0.03981401
v 0.21905826 0.03279693 0.03981401
v 0.21905826 0.02184550 0.03981401
v 0.20810683 0.01089351 0.03981401
v 0.20810683 -0.00005791 0.03981401
v 0.21905826 0.01089351 0.03981401
v 0.21905826 -0.00005791 0.03981401
v 0.18621023 0.07659240 0.06862778
v 0.18620683 0.06564836 0.06862835
v 0.19715882 0.07659581 0.06862835
v 0.19715712 0.06565006 0.06862835
v 0.18620512 0.05469864 0.06862835
v 0.18620512 0.04374665 0.06862835
v 0.19715712 0.05469864 0.06862835
v 0.19715712 0.04374665 0.06862835
v 0.20811024 0.07660035 0.06862835
v 0.20810854 0.06565006 0.06862835
v 0.21906053 0.07660205 0.06862835
v 0.21906053 0.06565006 0.06862835
v 0.20810854 0.05469864 0.06862835
v 0.20810854 0.04374665 0.06862835
v 0.21906053 0.05469864 0.06862835
v 0.21906053 0.04374665 0.06862835
v 0.18620512 0.03279522 0.06862835
v 0.18620512 0.02184323 0.06862835
v 0.19715712 0.03279522 0.06862835
v 0.19715712 0.02184323 0.06862835
v 0.18620512 0.01091338 0.06862835
v 0.18619945 -0.00001022 0.06881683
v 0.19715712 0.01091338 0.06862835
v 0.19715144 -0.00001022 0.06881683
v 0.20810854 0.03279522 0.06862835
v 0.20810854 0.02184323 0.06862835
v 0.21906053 0.03279522 0.06862835
v 0.21906053 0.02184323 0.06862835
v 0.20810854 0.01091338 0.06862835
v 0.20810286 -0.00001022 0.06881683
v 0.21906053 0.01091338 0.06862835
v 0.21905485 -0.00001022 0.06881683
v 0.23001025 0.07660432 0.03981401
v 0.23001025 0.06565233 0.03981401
v 0.24096167 0.07660432 0.03981401
v 0.24096167 0.06565233 0.03981401
v 0.23001025 0.05470034 0.03981401
v 0.23001025 0.04374892 0.03981401
v 0.24096167 0.05470034 0.03981401
v 0.24096167 0.04374892 0.03981401
v 0.25191366 0.07660432 0.03981401
v 0.25191366 0.06565233 0.03981401
v 0.26286508 0.07660432 0.03981401
v 0.26286508 0.06565233 0.03981401
v 0.25191366 0.05470034 0.03981401
v 0.25191366 0.04374892 0.03981401
v 0.26286508 0.05470034 0.03981401
v 0.26286508 0.04374892 0.03981401
v 0.23001025 0.03279693 0.03981401
v 0.23001025 0.02184550 0.03981401
v 0.24096167 0.03279693 0.03981401
v 0.24096167 0.02184550 0.03981401
v 0.23001025 0.01089351 0.03981401
v 0.23001025 -0.00005791 0.03981401
v 0.24096167 0.01089351 0.03981401
v 0.24096167 -0.00005791 0.03981401
v 0.25191366 0.03279693 0.03981401
v 0.25191366 0.02184550 0.03981401
v 0.26286508 0.03279693 0.03981401
v 0.26286508 0.02184550 0.03981401
v 0.25191366 0.01089351 0.03981401
v 0.25191366 -0.00005791 0.03981401
v 0.26286508 0.01089351 0.03981401
v 0.26286508 -0.00005791 0.03981401
v 0.23001252 0.07660205 0.06862835
v 0.23001252 0.06565006 0.06862835
v 0.24096394 0.07660205 0.06862835
v 0.24096394 0.06565006 0.06862835
v 0.23001252 0.05469864 0.06862835
v 0.23001252 0.04374665 0.06862835
v 0.24096394 0.05469864 0.06862835
v 0.24096394 0.04374665 0.06862835
v 0.25191593 0.07660205 0.06862835
v 0.25191593 0.06565006 0.06862835
v 0.26286735 0.07660205 0.06862835
v 0.26286735 0.06565006 0.06862835
v 0.25191593 0.05469864 0.06862835
v 0.25191593 0.04374665 0.06862835
v 0.26286735 0.05469864 0.06862835
v 0.26286735 0.04374665 0.06862835
v 0.23001252 0.03279522 0.06862835
v 0.23001252 0.02184323 0.06862835
v 0.24096394 0.03279522 0.06862835
v 0.24096394 0.02184323 0.06862835
v 0.23001252 0.01091338 0.06862835
v 0.23000627 -0.00001022 0.06881683
v 0.24096394 0.01091338 0.06862835
v 0.24095826 -0.00001022 0.06881683
v 0.25191593 0.03279522 0.06862835
v 0.25191593 0.02184323 0.06862835
v 0.26286735 0.03279522 0.06862835
v 0.26286735 0.02184323 0.06862835
v 0.25191593 0.01091338 0.06862835
v 0.25190969 -0.00001022 0.06881683
v 0.26286735 0.01091338 0.06862835
v 0.26286168 -0.00001022 0.06881683
v 0.27381707 0.16421797 0.03981401
v 0.27381707 0.15326598 0.03981401
v 0.28476850 0.16421797 0.03981401
v 0.28476850 0.15326598 0.03981401
v 0.27381707 0.14231456 0.03981401
v 0.27381707 0.13136257 0.03981401
v 0.28476850 0.14231456 0.03981401
v 0.28476850 0.13136257 0.03981401
v 0.29572049 0.16421797 0.03981401
v 0.29572049 0.15326598 0.03981401
v 0.30667248 0.16421797 0.03981401
v 0.30667248 0.15326598 0.03981401
v 0.29572049 0.14231456 0.03981401
v 0.29572049 0.13136257 0.03981401
v 0.30667248 0.14231456 0.03981401
v 0.30667248 0.13136257 0.03981401
v 0.27381707 0.12041115 0.03981401
v 0.27381707 0.10945916 0.03981401
v 0.28476850 0.12041115 0.03981401
v 0.28476850 0.10945916 0.03981401
v 0.27381707 0.09850773 0.03981401
v 0.27381707 0.08755574 0.03981401
v 0.28476850 0.09850773 0.03981401
v 0.28476850 0.08755574 0.03981401
v 0.29572049 0.12041115 0.03981401
v 0.29572049 0.10945916 0.03981401
v 0.30667248 0.12041115 0.03981401
v 0.30667248 0.10945916 0.03981401
v 0.29572049 0.09850773 0.03981401
v 0.29572049 0.08755574 0.03981401
v 0.30667248 0.09850773 0.03981401
v 0.30667248 0.08755574 0.03981401
v 0.27380174 0.16423330 0.06919664
v 0.27380742 0.15327563 0.06910183
v 0.28475317 0.16423330 0.06919664
v 0.28476225 0.15326769 0.06900702
v 0.27381480 0.14231172 0.06891221
v 0.27381821 0.13136200 0.06881740
v 0.28476339 0.14231456 0.06891221
v 0.28477133 0.13135576 0.06872259
v 0.29571083 0.16422706 0.06910183
v 0.29571878 0.15326314 0.06891221
v 0.30666566 0.16421968 0.06900702
v 0.30666737 0.15326655 0.06891221
v 0.29572162 0.14231342 0.06881740
v 0.29572730 0.13135121 0.06862778
v 0.30667475 0.14230718 0.06872259
v 0.30667588 0.13135405 0.06862835
v 0.27382389 0.12039922 0.06862778
v 0.27382048 0.10945575 0.06862835
v 0.28477247 0.12040263 0.06862835
v 0.28477077 0.10945689 0.06862835
v 0.27381934 0.09850546 0.06862835
v 0.27381934 0.08755347 0.06862835
v 0.28477077 0.09850546 0.06862835
v 0.28477077 0.08755347 0.06862835
v 0.29572446 0.12040717 0.06862835
v 0.29572276 0.10945689 0.06862835
v 0.30667418 0.12040888 0.06862835
v 0.30667418 0.10945689 0.06862835
v 0.29572276 0.09850546 0.06862835
v 0.29572276 0.08755347 0.06862835
v 0.30667418 0.09850546 0.06862835
v 0.30667418 0.08755347 0.06862835
v 0.31762390 0.16421797 0.03981401
v 0.31762390 0.15326598 0.03981401
v 0.32857589 0.16421797 0.03981401
v 0.32857589 0.15326598 0.03981401
v 0.31762390 0.14231456 0.03981401
v 0.31762390 0.13136257 0.03981401
v 0.32857589 0.14231456 0.03981401
v 0.32857589 0.13136257 0.03981401
v 0.33952731 0.16421797 0.03981401
v 0.33952731 0.15326598 0.03981401
v 0.35047930 0.16421797 0.03981401
v 0.35047930 0.15326598 0.03981401
v 0.33952731 0.14231456 0.03981401
v 0.33952731 0.13136257 0.03981401
v 0.35047930 0.14231456 0.03981401
v 0.35047930 0.13136257 0.03981401
v 0.31762390 0.12041115 0.03981401
v 0.31762390 0.10945916 0.03981401
v 0.32857589 0.12041115 0.03981401
v 0.32857589 0.10945916 0.03981401
v 0.31762390 0.09850773 0.03981401
v 0.31762390 0.08755574 0.03981401
v 0.32857589 0.09850773 0.03981401
v 0.32857589 0.08755574 0.03981401
v 0.33952731 0.12041115 0.03981401
v 0.33952731 0.10945916 0.03981401
v 0.35047930 0.12041115 0.03981401
v 0.35047930 0.10945916 0.03981401
v 0.33952731 0.09850773 0.03981401
v 0.33952731 0.08755574 0.03981401
v 0.35047930 0.09850773 0.03981401
v 0.35047930 0.08755574 0.03981401
v 0.31762220 0.16421513 0.06891221
v 0.31762503 0.15326541 0.06881740
v 0.32857078 0.16421854 0.06891221
v 0.32857816 0.15325917 0.06872259
v 0.31763071 0.14230264 0.06862778
v 0.31762787 0.13135916 0.06862835
v 0.32857930 0.14230604 0.06862835
v 0.32857759 0.13136030 0.06862835
v 0.33952845 0.16421684 0.06881740
v 0.33953412 0.15325463 0.06862778
v 0.35048157 0.16421059 0.06872259
v 0.35048271 0.15325803 0.06862835
v 0.33953129 0.14231059 0.06862835
v 0.33952958 0.13136030 0.06862835
v 0.35048157 0.14231229 0.06862835
v 0.35048157 0.13136030 0.06862835
v 0.31762617 0.12040888 0.06862835
v 0.31762617 0.10945689 0.06862835
v 0.32857759 0.12040888 0.06862835
v 0.32857759 0.10945689 0.06862835
v 0.31762617 0.09850546 0.06862835
v 0.31762617 0.08755347 0.06862835
v 0.32857759 0.09850546 0.06862835
v 0.32857759 0.08755347 0.06862835
v 0.33952958 0.12040888 0.06862835
v 0.33952958 0.10945689 0.06862835
v 0.35048157 0.12040888 0.06862835
v 0.35048157 0.10945689 0.06862835
v 0.33952958 0.09850546 0.06862835
v 0.33952958 0.08755347 0.06862835
v 0.35048157 0.09850546 0.06862835
v 0.35048157 0.08755347 0.06862835
v 0.27381707 0.07660432 0.03981401
v 0.27381707 0.06565233 0.03981401
v 0.28476850 0.07660432 0.03981401
v 0.28476850 0.06565233 0.03981401
v 0.27381707 0.05470034 0.03981401
v 0.27381707 0.04374892 0.03981401
v 0.28476850 0.05470034 0.03981401
v 0.28476850 0.04374892 0.03981401
v 0.29572049 0.07660432 0.03981401
v 0.29572049 0.06565233 0.03981401
v 0.30667248 0.07660432 0.03981401
v 0.30667248 0.06565233 0.03981401
v 0.29572049 0.05470034 0.03981401
v 0.29572049 0.04374892 0.03981401
v 0.30667248 0.05470034 0.03981401
v 0.30667248 0.04374892 0.03981401
v 0.27381707 0.03279693 0.03981401
v 0.27381707 0.02184550 0.03981401
v 0.28476850 0.03279693 0.03981401
v 0.28476850 0.02184550 0.03981401
v 0.27381707 0.01089351 0.03981401
v 0.27381707 -0.00005791 0.03981401
v 0.28476850 0.01089351 0.03981401
v 0.28476850 -0.00005791 0.03981401
v 0.29572049 0.03279693 0.03981401
v 0.29572049 0.02184550 0.03981401
v 0.30667248 0.03279693 0.03981401
v 0.30667248 0.02184550 0.03981401
v 0.29572049 0.01089351 0.03981401
v 0.29572049 -0.00005791 0.03981401
v 0.30667248 0.01089351 0.03981401
v 0.30667248 -0.00005791 0.03981401
v 0.27381934 0.07660205 0.06862835
v 0.27381934 0.06565006 0.06862835
v 0.28477077 0.07660205 0.06862835
v 0.28477077 0.06565006 0.06862835
v 0.27381934 0.05469864 0.06862835
v 0.27381934 0.04374665 0.06862835
v 0.28477077 0.05469864 0.06862835
v 0.28477077 0.04374665 0.06862835
v 0.29572276 0.07660205 0.06862835
v 0.29572276 0.06565006 0.06862835
v 0.30667418 0.07660205 0.06862835
v 0.30667418 0.06565006 0.06862835
v 0.29572276 0.05469864 0.06862835
v 0.29572276 0.04374665 0.06862835
v 0.30667418 0.05469864 0.06862835
v 0.30667418 0.04374665 0.06862835
v 0.27381934 0.03279522 0.06862835
v 0.27381934 0.02184323 0.06862835
v 0.28477077 0.03279522 0.06862835
v 0.28477077 0.02184323 0.06862835
v 0.27381934 0.01091338 0.06862835
v 0.27381310 -0.00001022 0.06881683
v 0.28477077 0.01091338 0.06862835
v 0.28476509 -0.00001022 0.06881683
v 0.29572276 0.03279522 0.06862835
v 0.29572276 0.02184323 0.06862835
v 0.30667418 0.03279522 0.06862835
v 0.30667418 0.02184323 0.06862835
v 0.29572276 0.01091338 0.06862835
v 0.29571708 -0.00001022 0.06881683
v 0.30667418 0.01091338 0.06862835
v 0.30666850 -0.00001022 0.06881683
v 0.31762390 0.07660432 0.03981401
v 0.31762390 0.06565233 0.03981401
v 0.32857589 0.07660432 0.03981401
v 0.32857589 0.06565233 0.03981401
v 0.31762390 0.05470034 0.03981401
v 0.31762390 0.04374892 0.03981401
v 0.32857589 0.05470034 0.03981401
v 0.32857589 0.04374892 0.03981401
v 0.33952731 0.07660432 0.03981401
v 0.33952731 0.06565233 0.03981401
v 0.35047930 0.07660432 0.03981401
v 0.35047930 0.06565233 0.03981401
v 0.33952731 0.05470034 0.03981401
v 0.33952731 0.04374892 0.03981401
v 0.35047930 0.05470034 0.03981401
v 0.35047930 0.04374892 0.03981401
v 0.31762390 0.03279693 0.03981401
v 0.31762390 0.02184550 0.03981401
v 0.32857589 0.03279693 0.03981401
v 0.32857589 0.02184550 0.03981401
v 0.31762390 0.01089351 0.03981401
v 0.31762390 -0.00005791 0.03981401
v 0.32857589 0.01089351 0.03981401
v 0.32857589 -0.00005791 0.03981401
v 0.33952731 0.03279693 0.03981401
v 0.33952731 0.02184550 0.03981401
v 0.35047930 0.03279693 0.03981401
v 0.35047930 0.02184550 0.03981401
v 0.33952731 0.01089351 0.03981401
v 0.33952731 -0.00005791 0.03981401
v 0.35047930 0.01089351 0.03981401
v 0.35047930 -0.00005791 0.03981401
v 0.31762617 0.07660205 0.06862835
v 0.31762617 0.06565006 0.06862835
v 0.32857759 0.07660205 0.06862835
v 0.32857759 0.06565006 0.06862835
v 0.31762617 0.05469864 0.06862835
v 0.31762617 0.04374665 0.06862835
v 0.32857759 0.05469864 0.06862835
v 0.32857759 0.04374665 0.06862835
v 0.33952958 0.07660205 0.06862835
v 0.33952958 0.06565006 0.06862835
v 0.35048157 0.07660205 0.06862835
v 0.35048157 0.06565006 0.06862835
v 0.33952958 0.05469864 0.06862835
v 0.33952958 0.04374665 0.06862835
v 0.35048157 0.05469864 0.06862835
v 0.35048157 0.04374665 0.06862835
v 0.31762617 0.03279522 0.06862835
v 0.31762617 0.02184323 0.06862835
v 0.32857759 0.03279522 0.06862835
v 0.32857759 0.02184323 0.06862835
v 0.31762617 0.01091338 0.06862835
v 0.31762049 -0.00001022 0.06881683
v 0.32857759 0.01091338 0.06862835
v 0.32857192 -0.00001022 0.06881683
v 0.33952958 0.03279522 0.06862835
v 0.33952958 0.02184323 0.06862835
v 0.35048157 0.03279522 0.06862835
v 0.35048157 0.02184323 0.06862835
v 0.33952958 0.01091338 0.06862835
v 0.33952391 -0.00001022 0.06881683
v 0.35048157 0.01091338 0.06862835
v 0.35047533 -0.00001022 0.06881683
v 0.36310438 0.21859982 0.03692259
v 0.37405580 0.21859925 0.03692259
v 0.38500779 0.21859982 0.03692259
v 0.39595921 0.21859925 0.03692259
v 0.36143129 0.20790160 0.03983843
v 0.36143072 0.19707394 0.03981401
v 0.37238272 0.20790160 0.03983843
v 0.37238272 0.19707394 0.03981401
v 0.36143072 0.18612139 0.03981401
v 0.36143072 0.17516940 0.03981401
v 0.37238272 0.18612139 0.03981401
v 0.37238272 0.17516940 0.03981401
v 0.38333471 0.20790160 0.03983843
v 0.38333414 0.19707394 0.03981401
v 0.39428613 0.20790160 0.03983843
v 0.39428613 0.19707394 0.03981401
v 0.38333414 0.18612139 0.03981401
v 0.38333414 0.17516940 0.03981401
v 0.39428613 0.18612139 0.03981401
v 0.39428613 0.17516940 0.03981401
v 0.36142732 0.25777741 0.06307429
v 0.37237931 0.25777741 0.06307429
v 0.36142278 0.25571203 0.06788633
v 0.36141767 0.25001263 0.06910921
v 0.36141540 0.24088247 0.06919607
v 0.37237420 0.25571203 0.06788633
v 0.37236909 0.25001263 0.06910921
v 0.37236682 0.24088247 0.06919607
v 0.36141540 0.22994354 0.06919664
v 0.36141540 0.21899212 0.06919664
v 0.37236682 0.22994354 0.06919664
v 0.37236682 0.21899212 0.06919664
v 0.38333130 0.25777741 0.06307429
v 0.39428272 0.25777741 0.06307429
v 0.38332619 0.25571203 0.06788633
v 0.38332108 0.25001263 0.06910921
v 0.38331881 0.24088247 0.06919607
v 0.39427761 0.25571203 0.06788633
v 0.39427250 0.25001263 0.06910921
v 0.39427080 0.24088247 0.06919607
v 0.38331881 0.22994354 0.06919664
v 0.38331881 0.21899212 0.06919664
v 0.39427080 0.22994354 0.06919664
v 0.39427648 0.21898587 0.06910183
v 0.36141540 0.20804013 0.06919664
v 0.36142164 0.19708246 0.06910183
v 0.37237306 0.20803445 0.06910183
v 0.37238385 0.19707167 0.06891221
v 0.36142902 0.18611855 0.06891221
v 0.36143186 0.17516883 0.06881740
v 0.37237931 0.18612479 0.06891221
v 0.37238499 0.17516258 0.06872259
v 0.38332789 0.20802650 0.06900702
v 0.38332903 0.19707338 0.06891221
v 0.39428386 0.20802196 0.06891221
v 0.39428726 0.19707224 0.06881740
v 0.38333981 0.18611571 0.06872259
v 0.38334265 0.17516145 0.06862778
v 0.39429294 0.18611003 0.06862778
v 0.39428953 0.17516599 0.06862835
v 0.40691120 0.21859982 0.03692259
v 0.41786263 0.21859925 0.03692259
v 0.42881462 0.21859982 0.03692259
v 0.43976774 0.21859925 0.03692259
v 0.40523812 0.20790160 0.03983843
v 0.40523755 0.19707394 0.03981401
v 0.41618954 0.20790160 0.03983843
v 0.41618954 0.19707394 0.03981401
v 0.40523755 0.18612139 0.03981401
v 0.40523755 0.17516940 0.03981401
v 0.41618954 0.18612139 0.03981401
v 0.41618954 0.17516940 0.03981401
v 0.42714153 0.20790160 0.03983843
v 0.42714096 0.19707394 0.03981401
v 0.43809352 0.20790160 0.03983843
v 0.43809295 0.19707394 0.03981401
v 0.42714096 0.18612139 0.03981401
v 0.42714096 0.17516940 0.03981401
v 0.43809295 0.18612139 0.03981401
v 0.43809295 0.17516940 0.03981401
v 0.40523471 0.25777741 0.06307429
v 0.41618613 0.25777741 0.06307429
v 0.40522960 0.25571203 0.06788633
v 0.40522449 0.25001263 0.06910921
v 0.40522222 0.24088247 0.06919607
v 0.41618102 0.25571203 0.06788633
v 0.41617592 0.25001263 0.06910921
v 0.41617421 0.24088247 0.06919607
v 0.40522222 0.22994354 0.06919664
v 0.40523131 0.21897849 0.06900702
v 0.41617989 0.22993786 0.06910183
v 0.41618727 0.21897395 0.06891221
v 0.42713812 0.25777741 0.06307429
v 0.43808955 0.25777741 0.06307429
v 0.42713302 0.25571203 0.06788633
v 0.42712791 0.25001263 0.06910921
v 0.42712563 0.24088247 0.06919607
v 0.43808444 0.25571203 0.06788633
v 0.43807933 0.25001263 0.06910921
v 0.43808330 0.24087623 0.06910126
v 0.42713472 0.22992991 0.06900702
v 0.42713642 0.21897679 0.06891221
v 0.43809125 0.22992537 0.06891221
v 0.43809409 0.21897565 0.06881740
v 0.40523244 0.20802537 0.06891221
v 0.40524039 0.19706600 0.06872259
v 0.41619068 0.20802366 0.06881740
v 0.41619635 0.19706145 0.06862778
v 0.40524152 0.18611287 0.06862835
v 0.40523982 0.17516769 0.06862835
v 0.41619351 0.18611741 0.06862835
v 0.41619181 0.17516769 0.06862835
v 0.42714380 0.20801799 0.06872259
v 0.42714494 0.19706486 0.06862835
v 0.43809977 0.20801344 0.06862778
v 0.43809693 0.19706940 0.06862835
v 0.42714323 0.18611911 0.06862835
v 0.42714323 0.17516769 0.06862835
v 0.43809522 0.18611911 0.06862835
v 0.43809522 0.17516769 0.06862835
v 0.45071406 0.21858960 0.03692827
v 0.46163880 0.21852034 0.03656946
v 0.44904494 0.20790160 0.03983843
v 0.44904494 0.19707394 0.03981401
v 0.45999239 0.20789649 0.03984070
v 0.45999637 0.19707394 0.03981401
v 0.44904494 0.18612139 0.03981401
v 0.44904494 0.17516940 0.03981401
v 0.45999637 0.18612139 0.03981401
v 0.45999637 0.17516940 0.03981401
v 0.44904040 0.25777798 0.06307259
v 0.45999353 0.25783021 0.06301979
v 0.44903643 0.25571259 0.06788576
v 0.44903132 0.25001263 0.06910921
v 0.44903813 0.24086885 0.06900645
v 0.45998785 0.25576653 0.06783353
v 0.45998955 0.25000979 0.06901383
v 0.45999466 0.24086431 0.06891164
v 0.44903983 0.22992878 0.06891221
v 0.44904721 0.21896941 0.06872259
v 0.45999750 0.22992708 0.06881740
v 0.46000318 0.21896487 0.06862778
v 0.47094609 0.25782851 0.06302206
v 0.48188388 0.25776435 0.06308678
v 0.47094154 0.25571487 0.06788406
v 0.47094268 0.25005351 0.06886736
v 0.47094382 0.24086941 0.06891221
v 0.48187707 0.25575461 0.06774781
v 0.48187139 0.25005635 0.06877368
v 0.48186969 0.24086885 0.06881683
v 0.47095063 0.22992140 0.06872259
v 0.47095176 0.21896827 0.06862835
v 0.48187593 0.22991686 0.06862721
v 0.48187253 0.21897281 0.06862778
v 0.44904835 0.20801628 0.06862835
v 0.44904665 0.19707110 0.06862835
v 0.46000034 0.20802082 0.06862835
v 0.45999864 0.19707110 0.06862835
v 0.44904665 0.18611911 0.06862835
v 0.44904665 0.17516769 0.06862835
v 0.45999864 0.18611911 0.06862835
v 0.45999864 0.17516769 0.06862835
v 0.47095006 0.20802253 0.06862835
v 0.47095006 0.19707110 0.06862835
v 0.48187083 0.20802253 0.06862778
v 0.48187083 0.19707110 0.06862778
v 0.47095006 0.18611911 0.06862835
v 0.47095006 0.17516769 0.06862835
v 0.48187083 0.18611911 0.06862778
v 0.48187083 0.17516769 0.06862778
v 0.49145346 0.25779842 0.05470829
v 0.49135979 0.25772405 0.06300049
v 0.49979164 0.25001831 0.05469864
v 0.49748100 0.25571998 0.05470375
v 0.49990235 0.24086090 0.05469239
v 0.49965653 0.25001547 0.06290000
v 0.49726527 0.25577788 0.06290170
v 0.49966391 0.24086090 0.06289489
v 0.49990405 0.22993559 0.05469637
v 0.49990405 0.21898928 0.05471056
v 0.49957023 0.22993559 0.06289886
v 0.49966447 0.21898701 0.06290113
v 0.49129166 0.25577221 0.06757408
v 0.49132516 0.24999049 0.06875949
v 0.49131550 0.24087169 0.06864822
v 0.49727435 0.25280300 0.06758827
v 0.49614912 0.25610319 0.06712501
v 0.49735213 0.24450740 0.06751901
v 0.49131778 0.22992310 0.06855398
v 0.49131550 0.21897736 0.06855398
v 0.49734645 0.23357812 0.06751788
v 0.49734532 0.22263124 0.06751958
v 0.49999830 0.20803615 0.05472702
v 0.49999773 0.19707565 0.05472986
v 0.49975928 0.20803388 0.06290284
v 0.49975985 0.19707735 0.06290284
v 0.49999773 0.18612422 0.05472986
v 0.49999773 0.17517223 0.05472986
v 0.49975985 0.18612536 0.06290284
v 0.49975985 0.17517394 0.06290284
v 0.49131550 0.20802593 0.06855454
v 0.49131550 0.19707394 0.06855454
v 0.49734588 0.21167925 0.06752412
v 0.49734588 0.20072612 0.06752582
v 0.49131550 0.18612252 0.06855454
v 0.49131550 0.17517053 0.06855454
v 0.49734588 0.18977470 0.06752582
v 0.49734588 0.17882271 0.06752582
v 0.36143072 0.16421797 0.03981401
v 0.36143072 0.15326598 0.03981401
v 0.37238272 0.16421797 0.03981401
v 0.37238272 0.15326598 0.03981401
v 0.36143072 0.14231456 0.03981401
v 0.36143072 0.13136257 0.03981401
v 0.37238272 0.14231456 0.03981401
v 0.37238272 0.13136257 0.03981401
v 0.38333414 0.16421797 0.03981401
v 0.38333414 0.15326598 0.03981401
v 0.39428613 0.16421797 0.03981401
v 0.39428613 0.15326598 0.03981401
v 0.38333414 0.14231456 0.03981401
v 0.38333414 0.13136257 0.03981401
v 0.39428613 0.14231456 0.03981401
v 0.39428613 0.13136257 0.03981401
v 0.36143072 0.12041115 0.03981401
v 0.36143072 0.10945916 0.03981401
v 0.37238272 0.12041115 0.03981401
v 0.37238272 0.10945916 0.03981401
v 0.36143072 0.09850773 0.03981401
v 0.36143072 0.08755574 0.03981401
v 0.37238272 0.09850773 0.03981401
v 0.37238272 0.08755574 0.03981401
v 0.38333414 0.12041115 0.03981401
v 0.38333414 0.10945916 0.03981401
v 0.39428613 0.12041115 0.03981401
v 0.39428613 0.10945916 0.03981401
v 0.38333414 0.09850773 0.03981401
v 0.38333414 0.08755574 0.03981401
v 0.39428613 0.09850773 0.03981401
v 0.39428613 0.08755574 0.03981401
v 0.36143754 0.16420662 0.06862778
v 0.36143470 0.15326258 0.06862835
v 0.37238612 0.16420946 0.06862835
v 0.37238499 0.15326428 0.06862835
v 0.36143300 0.14231229 0.06862835
v 0.36143300 0.13136030 0.06862835
v 0.37238499 0.14231229 0.06862835
v 0.37238499 0.13136030 0.06862835
v 0.38333811 0.16421400 0.06862835
v 0.38333641 0.15326428 0.06862835
v 0.39428840 0.16421570 0.06862835
v 0.39428840 0.15326428 0.06862835
v 0.38333641 0.14231229 0.06862835
v 0.38333641 0.13136030 0.06862835
v 0.39428840 0.14231229 0.06862835
v 0.39428840 0.13136030 0.06862835
v 0.36143300 0.12040888 0.06862835
v 0.36143300 0.10945689 0.06862835
v 0.37238499 0.12040888 0.06862835
v 0.37238499 0.10945689 0.06862835
v 0.36143300 0.09850546 0.06862835
v 0.36143300 0.08755347 0.06862835
v 0.37238499 0.09850546 0.06862835
v 0.37238499 0.08755347 0.06862835
v 0.38333641 0.12040888 0.06862835
v 0.38333641 0.10945689 0.06862835
v 0.39428840 0.12040888 0.06862835
v 0.39428840 0.10945689 0.06862835
v 0.38333641 0.09850546 0.06862835
v 0.38333641 0.08755347 0.06862835
v 0.39428840 0.09850546 0.06862835
v 0.39428840 0.08755347 0.06862835
v 0.40523755 0.16421797 0.03981401
v 0.40523755 0.15326598 0.03981401
v 0.41618954 0.16421797 0.03981401
v 0.41618954 0.15326598 0.03981401
v 0.40523755 0.14231456 0.03981401
v 0.40523755 0.13136257 0.03981401
v 0.41618954 0.14231456 0.03981401
v 0.41618954 0.13136257 0.03981401
v 0.42714096 0.16421797 0.03981401
v 0.42714096 0.15326598 0.03981401
v 0.43809295 0.16421797 0.03981401
v 0.43809295 0.15326598 0.03981401
v 0.42714096 0.14231456 0.03981401
v 0.42714096 0.13136257 0.03981401
v 0.43809295 0.14231456 0.03981401
v 0.43809295 0.13136257 0.03981401
v 0.40523755 0.12041115 0.03981401
v 0.40523755 0.10945916 0.03981401
v 0.41618954 0.12041115 0.03981401
v 0.41618954 0.10945916 0.03981401
v 0.40523755 0.09850773 0.03981401
v 0.40523755 0.08755574 0.03981401
v 0.41618954 0.09850773 0.03981401
v 0.41618954 0.08755574 0.03981401
v 0.42714096 0.12041115 0.03981401
v 0.42714096 0.10945916 0.03981401
v 0.43809295 0.12041115 0.03981401
v 0.43809295 0.10945916 0.03981401
v 0.42714096 0.09850773 0.03981401
v 0.42714096 0.08755574 0.03981401
v 0.43809295 0.09850773 0.03981401
v 0.43809295 0.08755574 0.03981401
v 0.40523982 0.16421570 0.06862835
v 0.40523982 0.15326428 0.06862835
v 0.41619181 0.16421570 0.06862835
v 0.41619181 0.15326428 0.06862835
v 0.40523982 0.14231229 0.06862835
v 0.40523982 0.13136030 0.06862835
v 0.41619181 0.14231229 0.06862835
v 0.41619181 0.13136030 0.06862835
v 0.42714323 0.16421570 0.06862835
v 0.42714323 0.15326428 0.06862835
v 0.43809522 0.16421570 0.06862835
v 0.43809522 0.15326428 0.06862835
v 0.42714323 0.14231229 0.06862835
v 0.42714323 0.13136030 0.06862835
v 0.43809522 0.14231229 0.06862835
v 0.43809522 0.13136030 0.06862835
v 0.40523982 0.12040888 0.06862835
v 0.40523982 0.10945689 0.06862835
v 0.41619181 0.12040888 0.06862835
v 0.41619181 0.10945689 0.06862835
v 0.40523982 0.09850546 0.06862835
v 0.40523982 0.08755347 0.06862835
v 0.41619181 0.09850546 0.06862835
v 0.41619181 0.08755347 0.06862835
v 0.42714323 0.12040888 0.06862835
v 0.42714323 0.10945689 0.06862835
v 0.43809522 0.12040888 0.06862835
v 0.43809522 0.10945689 0.06862835
v 0.42714323 0.09850546 0.06862835
v 0.42714323 0.08755347 0.06862835
v 0.43809522 0.09850546 0.06862835
v 0.43809522 0.08755347 0.06862835
v 0.36143072 0.07660432 0.03981401
v 0.36143072 0.06565233 0.03981401
v 0.37238272 0.07660432 0.03981401
v 0.37238272 0.06565233 0.03981401
v 0.36143072 0.05470034 0.03981401
v 0.36143072 0.04374892 0.03981401
v 0.37238272 0.05470034 0.03981401
v 0.37238272 0.04374892 0.03981401
v 0.38333414 0.07660432 0.03981401
v 0.38333414 0.06565233 0.03981401
v 0.39428613 0.07660432 0.03981401
v 0.39428613 0.06565233 0.03981401
v 0.38333414 0.05470034 0.03981401
v 0.38333414 0.04374892 0.03981401
v 0.39428613 0.05470034 0.03981401
v 0.39428613 0.04374892 0.03981401
v 0.36143072 0.03279693 0.03981401
v 0.36143072 0.02184550 0.03981401
v 0.37238272 0.03279693 0.03981401
v 0.37238272 0.02184550 0.03981401
v 0.36143072 0.01089351 0.03981401
v 0.36143072 -0.00005791 0.03981401
v 0.37238272 0.01089351 0.03981401
v 0.37238272 -0.00005791 0.03981401
v 0.38333414 0.03279693 0.03981401
v 0.38333414 0.02184550 0.03981401
v 0.39428613 0.03279693 0.03981401
v 0.39428613 0.02184550 0.03981401
v 0.38333414 0.01089351 0.03981401
v 0.38333414 -0.00005791 0.03981401
v 0.39428613 0.01089351 0.03981401
v 0.39428613 -0.00005791 0.03981401
v 0.36143300 0.07660205 0.06862835
v 0.36143300 0.06565006 0.06862835
v 0.37238499 0.07660205 0.06862835
v 0.37238499 0.06565006 0.06862835
v 0.36143300 0.05469864 0.06862835
v 0.36143300 0.04374665 0.06862835
v 0.37238499 0.05469864 0.06862835
v 0.37238499 0.04374665 0.06862835
v 0.38333641 0.07660205 0.06862835
v 0.38333641 0.06565006 0.06862835
v 0.39428840 0.07660205 0.06862835
v 0.39428840 0.06565006 0.06862835
v 0.38333641 0.05469864 0.06862835
v 0.38333641 0.04374665 0.06862835
v 0.39428840 0.05469864 0.06862835
v 0.39428840 0.04374665 0.06862835
v 0.36143300 0.03279522 0.06862835
v 0.36143300 0.02184323 0.06862835
v 0.37238499 0.03279522 0.06862835
v 0.37238499 0.02184323 0.06862835
v 0.36143300 0.01091338 0.06862835
v 0.36142732 -0.00001022 0.06881683
v 0.37238499 0.01091338 0.06862835
v 0.37237874 -0.00001022 0.06881683
v 0.38333641 0.03279522 0.06862835
v 0.38333641 0.02184323 0.06862835
v 0.39428840 0.03279522 0.06862835
v 0.39428840 0.02184323 0.06862835
v 0.38333641 0.01091338 0.06862835
v 0.38333073 -0.00001022 0.06881683
v 0.39428840 0.01091338 0.06862835
v 0.39428215 -0.00001022 0.06881683
v 0.40523755 0.07660432 0.03981401
v 0.40523755 0.06565233 0.03981401
v 0.41618954 0.07660432 0.03981401
v 0.41618954 0.06565233 0.03981401
v 0.40523755 0.05470034 0.03981401
v 0.40523755 0.04374892 0.03981401
v 0.41618954 0.05470034 0.03981401
v 0.41618954 0.04374892 0.03981401
v 0.42714096 0.07660432 0.03981401
v 0.42714096 0.06565233 0.03981401
v 0.43809295 0.07660432 0.03981401
v 0.43809295 0.06565233 0.03981401
v 0.42714096 0.05470034 0.03981401
v 0.42714096 0.04374892 0.03981401
v 0.43809295 0.05470034 0.03981401
v 0.43809295 0.04374892 0.03981401
v 0.40523755 0.03279693 0.03981401
v 0.40523755 0.02184550 0.03981401
v 0.41618954 0.03279693 0.03981401
v 0.41618954 0.02184550 0.03981401
v 0.40523755 0.01089351 0.03981401
v 0.40523755 -0.00005791 0.03981401
v 0.41618954 0.01089351 0.03981401
v 0.41618954 -0.00005791 0.03981401
v 0.42714096 0.03279693 0.03981401
v 0.42714096 0.02184550 0.03981401
v 0.43809295 0.03279693 0.03981401
v 0.43809295 0.02184550 0.03981401
v 0.42714096 0.01089351 0.03981401
v 0.42714096 -0.00005791 0.03981401
v 0.43809295 0.01089351 0.03981401
v 0.43809295 -0.00005791 0.03981401
v 0.40523982 0.07660205 0.06862835
v 0.40523982 0.06565006 0.06862835
v 0.41619181 0.07660205 0.06862835
v 0.41619181 0.06565006 0.06862835
v 0.40523982 0.05469864 0.06862835
v 0.40523982 0.04374665 0.06862835
v 0.41619181 0.05469864 0.06862835
v 0.41619181 0.04374665 0.06862835
v 0.42714323 0.07660205 0.06862835
v 0.42714323 0.06565006 0.06862835
v 0.43809522 0.07660205 0.06862835
v 0.43809522 0.06565006 0.06862835
v 0.42714323 0.05469864 0.06862835
v 0.42714323 0.04374665 0.06862835
v 0.43809522 0.05469864 0.06862835
v 0.43809522 0.04374665 0.06862835
v 0.40523982 0.03279522 0.06862835
v 0.40523982 0.02184323 0.06862835
v 0.41619181 0.03279522 0.06862835
v 0.41619181 0.02184323 0.06862835
v 0.40523982 0.01091338 0.06862835
v 0.40523414 -0.00001022 0.06881683
v 0.41619181 0.01091338 0.06862835
v 0.41618557 -0.00001022 0.06881683
v 0.42714323 0.03279522 0.06862835
v 0.42714323 0.02184323 0.06862835
v 0.43809522 0.03279522 0.06862835
v 0.43809522 0.02184323 0.06862835
v 0.42714323 0.01091338 0.06862835
v 0.42713756 -0.00001022 0.06881683
v 0.43809522 0.01091338 0.06862835
v 0.43808955 -0.00001022 0.06881683
v 0.44904494 0.16421797 0.03981401
v 0.44904494 0.15326598 0.03981401
v 0.45999637 0.16421797 0.03981401
v 0.45999637 0.15326598 0.03981401
v 0.44904494 0.14231456 0.03981401
v 0.44904494 0.13136257 0.03981401
v 0.45999637 0.14231456 0.03981401
v 0.45999637 0.13136257 0.03981401
v 0.44904494 0.12041115 0.03981401
v 0.44904494 0.10945916 0.03981401
v 0.45999637 0.12041115 0.03981401
v 0.45999637 0.10945916 0.03981401
v 0.44904494 0.09850773 0.03981401
v 0.44904494 0.08755574 0.03981401
v 0.45999637 0.09850773 0.03981401
v 0.45999637 0.08755574 0.03981401
v 0.44904665 0.16421570 0.06862835
v 0.44904665 0.15326428 0.06862835
v 0.45999864 0.16421570 0.06862835
v 0.45999864 0.15326428 0.06862835
v 0.44904665 0.14231229 0.06862835
v 0.44904665 0.13136030 0.06862835
v 0.45999864 0.14231229 0.06862835
v 0.45999864 0.13136030 0.06862835
v 0.47095006 0.16421570 0.06862835
v 0.47095006 0.15326428 0.06862835
v 0.48187083 0.16421570 0.06862778
v 0.48187083 0.15326371 0.06862778
v 0.47095006 0.14231229 0.06862835
v 0.47095006 0.13136030 0.06862835
v 0.48187083 0.14231229 0.06862778
v 0.48187083 0.13136030 0.06862778
v 0.44904665 0.12040888 0.06862835
v 0.44904665 0.10945689 0.06862835
v 0.45999864 0.12040888 0.06862835
v 0.45999864 0.10945689 0.06862835
v 0.44904665 0.09850546 0.06862835
v 0.44904665 0.08755347 0.06862835
v 0.45999864 0.09850546 0.06862835
v 0.45999864 0.08755347 0.06862835
v 0.47095006 0.12040888 0.06862835
v 0.47095006 0.10945689 0.06862835
v 0.48187083 0.12040888 0.06862778
v 0.48187083 0.10945689 0.06862778
v 0.47095006 0.09850546 0.06862835
v 0.47095006 0.08755347 0.06862835
v 0.48187083 0.09850546 0.06862778
v 0.48187083 0.08755347 0.06862778
v 0.49999773 0.16422081 0.05472986
v 0.49999773 0.15326882 0.05472986
v 0.49975985 0.16422195 0.06290284
v 0.49975985 0.15327052 0.06290284
v 0.49999773 0.14231683 0.05472986
v 0.49999773 0.13136541 0.05472986
v 0.49975985 0.14231853 0.06290284
v 0.49975985 0.13136711 0.06290284
v 0.49131550 0.16421854 0.06855454
v 0.49131550 0.15326712 0.06855454
v 0.49734588 0.16787072 0.06752582
v 0.49734588 0.15691929 0.06752582
v 0.49131550 0.14231513 0.06855454
v 0.49131550 0.13136370 0.06855454
v 0.49734588 0.14596730 0.06752582
v 0.49734588 0.13501588 0.06752582
v 0.49999773 0.12041342 0.05472986
v 0.49999773 0.10946200 0.05472986
v 0.49975985 0.12041512 0.06290284
v 0.49975985 0.10946313 0.06290284
v 0.49999773 0.09851000 0.05472986
v 0.49999773 0.08755858 0.05472986
v 0.49975985 0.09851171 0.06290284
v 0.49975985 0.08755972 0.06290284
v 0.49131550 0.12041171 0.06855454
v 0.49131550 0.10946029 0.06855454
v 0.49734588 0.12406389 0.06752582
v 0.49734588 0.11311247 0.06752582
v 0.49131550 0.09850830 0.06855454
v 0.49131550 0.08755688 0.06855454
v 0.49734588 0.10216048 0.06752582
v 0.49734588 0.09120906 0.06752582
v 0.44904494 0.07660432 0.03981401
v 0.44904494 0.06565233 0.03981401
v 0.45999637 0.07660432 0.03981401
v 0.45999637 0.06565233 0.03981401
v 0.44904494 0.05470034 0.03981401
v 0.44904494 0.04374892 0.03981401
v 0.45999637 0.05470034 0.03981401
v 0.45999637 0.04374892 0.03981401
v 0.44904494 0.03279693 0.03981401
v 0.44904494 0.02184550 0.03981401
v 0.45999637 0.03279693 0.03981401
v 0.45999637 0.02184550 0.03981401
v 0.44904494 0.01089351 0.03981401
v 0.44904494 -0.00005791 0.03981401
v 0.45999637 0.01089351 0.03981401
v 0.45999637 -0.00005791 0.03981401
v 0.44904665 0.07660205 0.06862835
v 0.44904665 0.06565006 0.06862835
v 0.45999864 0.07660205 0.06862835
v 0.45999864 0.06565006 0.06862835
v 0.44904665 0.05469864 0.06862835
v 0.44904665 0.04374665 0.06862835
v 0.45999864 0.05469864 0.06862835
v 0.45999864 0.04374665 0.06862835
v 0.47095006 0.07660205 0.06862835
v 0.47095006 0.06565006 0.06862835
v 0.48187083 0.07660205 0.06862778
v 0.48187083 0.06565006 0.06862778
v 0.47095006 0.05469864 0.06862835
v 0.47095006 0.04374665 0.06862835
v 0.48187083 0.05469864 0.06862778
v 0.48187083 0.04374665 0.06862778
v 0.44904665 0.03279522 0.06862835
v 0.44904665 0.02184323 0.06862835
v 0.45999864 0.03279522 0.06862835
v 0.45999864 0.02184323 0.06862835
v 0.44904665 0.01091338 0.06862835
v 0.44904097 -0.00001022 0.06881683
v 0.45999864 0.01091338 0.06862835
v 0.45999296 -0.00001022 0.06881683
v 0.47095006 0.03279522 0.06862835
v 0.47095006 0.02184323 0.06862835
v 0.48187083 0.03279466 0.06862778
v 0.48187083 0.02184323 0.06862778
v 0.47095063 0.01091338 0.06862835
v 0.47094438 -0.00001022 0.06881683
v 0.48187707 0.01090998 0.06862778
v 0.48187423 -0.00001419 0.06881683
v 0.49999773 0.07660659 0.05472986
v 0.49999773 0.06565517 0.05472986
v 0.49975985 0.07660830 0.06290284
v 0.49975985 0.06565630 0.06290284
v 0.49999773 0.05470318 0.05472986
v 0.49999773 0.04375176 0.05472986
v 0.49975985 0.05470488 0.06290284
v 0.49975985 0.04375289 0.06290284
v 0.49131550 0.07660489 0.06855454
v 0.49131550 0.06565347 0.06855454
v 0.49734588 0.08025707 0.06752582
v 0.49734588 0.06930564 0.06752582
v 0.49131550 0.05470148 0.06855454
v 0.49131550 0.04374949 0.06855454
v 0.49734588 0.05835365 0.06752582
v 0.49734588 0.04740166 0.06752582
v 0.49999773 0.03279977 0.05472986
v 0.49999773 0.02184834 0.05472986
v 0.49975985 0.03280147 0.06290284
v 0.49975985 0.02184948 0.06290284
v 0.49990292 0.01089465 0.05472646
v 0.49990178 -0.00005393 0.05472362
v 0.49975928 0.01089635 0.06289943
v 0.49966958 -0.00005223 0.06289375
v 0.49131550 0.03279806 0.06855454
v 0.49131550 0.02184607 0.06855454
v 0.49734588 0.03645024 0.06752582
v 0.49734588 0.02549825 0.06752582
v 0.49132175 0.01090203 0.06855454
v 0.49132061 -0.00003066 0.06864481
v 0.49734588 0.01454683 0.06752582
v 0.49735610 0.00360279 0.06751958
v 0.01097555 -0.01100990 0.03981401
v 0.01097555 -0.02196132 0.03981401
v 0.02192697 -0.01100990 0.03981401
v 0.02192697 -0.02196132 0.03981401
v 0.01097555 -0.03291331 0.03981401
v 0.01097555 -0.04386530 0.03981401
v 0.02192697 -0.03291331 0.03981401
v 0.02192697 -0.04386530 0.03981401
v 0.03287896 -0.01100990 0.03981401
v 0.03287896 -0.02196132 0.03981401
v 0.04383095 -0.01100990 0.03981401
v 0.04383039 -0.02196132 0.03981401
v 0.03287896 -0.03291331 0.03981401
v 0.03287896 -0.04386530 0.03981401
v 0.04383039 -0.03291331 0.03981401
v 0.04383039 -0.04386530 0.03981401
v 0.01097555 -0.05481672 0.03981401
v 0.01097555 -0.06576871 0.03981401
v 0.02192697 -0.05481672 0.03981401
v 0.02192697 -0.06576871 0.03981401
v 0.01097555 -0.07672014 0.03981401
v 0.01097555 -0.08767213 0.03981401
v 0.02192697 -0.07672014 0.03981401
v 0.02192697 -0.08767213 0.03981401
v 0.03287896 -0.05481672 0.03981401
v 0.03287896 -0.06576871 0.03981401
v 0.04383039 -0.05481672 0.03981401
v 0.04383039 -0.06576871 0.03981401
v 0.03287896 -0.07672014 0.03981401
v 0.03287896 -0.08767213 0.03981401
v 0.04383039 -0.07672014 0.03981401
v 0.04383039 -0.08767213 0.03981401
v 0.01096590 -0.01097867 0.06910183
v 0.01096363 -0.02193861 0.06919664
v 0.02192584 -0.01096448 0.06900645
v 0.02191562 -0.02192783 0.06919607
v 0.01096022 -0.03289798 0.06919664
v 0.01096022 -0.04384941 0.06919664
v 0.02191164 -0.03289798 0.06919664
v 0.02191164 -0.04384941 0.06919664
v 0.03287102 -0.01095767 0.06900645
v 0.03286364 -0.02192442 0.06919607
v 0.04382130 -0.01095653 0.06900645
v 0.04381506 -0.02192385 0.06919607
v 0.03286364 -0.03289798 0.06919664
v 0.03286364 -0.04384941 0.06919664
v 0.04381506 -0.03289798 0.06919664
v 0.04381506 -0.04384941 0.06919664
v 0.01096022 -0.05480140 0.06919664
v 0.01096022 -0.06575282 0.06919664
v 0.02191164 -0.05480140 0.06919664
v 0.02191164 -0.06575282 0.06919664
v 0.01096022 -0.07670481 0.06919664
v 0.01096022 -0.08765623 0.06919664
v 0.02191164 -0.07670481 0.06919664
v 0.02191164 -0.08765623 0.06919664
v 0.03286364 -0.05480140 0.06919664
v 0.03286364 -0.06575282 0.06919664
v 0.04381506 -0.05480140 0.06919664
v 0.04381506 -0.06575282 0.06919664
v 0.03286364 -0.07670481 0.06919664
v 0.03286364 -0.08765623 0.06919664
v 0.04381506 -0.07670481 0.06919664
v 0.04381506 -0.08765623 0.06919664
v 0.05478238 -0.01100990 0.03981401
v 0.05478238 -0.02196132 0.03981401
v 0.06573437 -0.01100990 0.03981401
v 0.06573437 -0.02196132 0.03981401
v 0.05478238 -0.03291331 0.03981401
v 0.05478238 -0.04386530 0.03981401
v 0.06573437 -0.03291331 0.03981401
v 0.06573380 -0.04386530 0.03981401
v 0.07668579 -0.01100990 0.03981401
v 0.07668579 -0.02196132 0.03981401
v 0.08763778 -0.01100990 0.03981401
v 0.08763778 -0.02196132 0.03981401
v 0.07668579 -0.03291331 0.03981401
v 0.07668579 -0.04386530 0.03981401
v 0.08763778 -0.03291331 0.03981401
v 0.08763778 -0.04386530 0.03981401
v 0.05478238 -0.05481672 0.03981401
v 0.05478238 -0.06576871 0.03981401
v 0.06573380 -0.05481672 0.03981401
v 0.06573380 -0.06576871 0.03981401
v 0.05478238 -0.07672014 0.03981401
v 0.05478238 -0.08767213 0.03981401
v 0.06573380 -0.07672014 0.03981401
v 0.06573380 -0.08767213 0.03981401
v 0.07668579 -0.05481672 0.03981401
v 0.07668579 -0.06576871 0.03981401
v 0.08763778 -0.05481672 0.03981401
v 0.08763778 -0.06576871 0.03981401
v 0.07668579 -0.07672014 0.03981401
v 0.07668579 -0.08767213 0.03981401
v 0.08763778 -0.07672014 0.03981401
v 0.08763778 -0.08767213 0.03981401
v 0.05477273 -0.01095653 0.06900645
v 0.05476705 -0.02192385 0.06919607
v 0.06572472 -0.01095653 0.06900645
v 0.06571847 -0.02192385 0.06919607
v 0.05476705 -0.03289798 0.06919664
v 0.05476705 -0.04384941 0.06919664
v 0.06571847 -0.03289798 0.06919664
v 0.06571847 -0.04384941 0.06919664
v 0.07667614 -0.01095653 0.06900645
v 0.07667046 -0.02192385 0.06919607
v 0.08762813 -0.01095653 0.06900645
v 0.08762245 -0.02192385 0.06919607
v 0.07667046 -0.03289798 0.06919664
v 0.07667046 -0.04384941 0.06919664
v 0.08762245 -0.03289798 0.06919664
v 0.08762245 -0.04384941 0.06919664
v 0.05476705 -0.05480140 0.06919664
v 0.05476705 -0.06575282 0.06919664
v 0.06571847 -0.05480140 0.06919664
v 0.06571847 -0.06575282 0.06919664
v 0.05476705 -0.07670481 0.06919664
v 0.05476705 -0.08765623 0.06919664
v 0.06571847 -0.07670481 0.06919664
v 0.06571847 -0.08765623 0.06919664
v 0.07667046 -0.05480140 0.06919664
v 0.07667046 -0.06575282 0.06919664
v 0.08762245 -0.05480140 0.06919664
v 0.08762245 -0.06575282 0.06919664
v 0.07667046 -0.07670481 0.06919664
v 0.07667046 -0.08765623 0.06919664
v 0.08762245 -0.07670481 0.06919664
v 0.08762245 -0.08765623 0.06919664
v 0.01097555 -0.09862355 0.03981401
v 0.01097555 -0.10957554 0.03981401
v 0.02192697 -0.09862355 0.03981401
v 0.02192697 -0.10957554 0.03981401
v 0.01097555 -0.12052696 0.03981401
v 0.01097555 -0.13147895 0.03981401
v 0.02192697 -0.12052696 0.03981401
v 0.02192697 -0.13147895 0.03981401
v 0.03287896 -0.09862355 0.03981401
v 0.03287896 -0.10957554 0.03981401
v 0.04383039 -0.09862355 0.03981401
v 0.04383039 -0.10957554 0.03981401
v 0.03287896 -0.12052696 0.03981401
v 0.03287896 -0.13147895 0.03981401
v 0.04383039 -0.12052696 0.03981401
v 0.04383039 -0.13147895 0.03981401
v 0.01097555 -0.14243038 0.03981401
v 0.01097555 -0.15338237 0.03981401
v 0.02192697 -0.14243038 0.03981401
v 0.02192697 -0.15338237 0.03981401
v 0.01097555 -0.16433379 0.03981401
v 0.01097555 -0.17528578 0.03981401
v 0.02192697 -0.16433379 0.03981401
v 0.02192697 -0.17528578 0.03981401
v 0.03287896 -0.14243038 0.03981401
v 0.03287896 -0.15338237 0.03981401
v 0.04383039 -0.14243038 0.03981401
v 0.04383039 -0.15338237 0.03981401
v 0.03287896 -0.16433379 0.03981401
v 0.03287896 -0.17528578 0.03981401
v 0.04383039 -0.16433379 0.03981401
v 0.04383039 -0.17528578 0.03981401
v 0.01096022 -0.09860822 0.06919664
v 0.01096022 -0.10956021 0.06919664
v 0.02191164 -0.09860822 0.06919664
v 0.02191164 -0.10956021 0.06919664
v 0.01096022 -0.12051163 0.06919664
v 0.01096022 -0.13146362 0.06919664
v 0.02191164 -0.12051163 0.06919664
v 0.02191164 -0.13146362 0.06919664
v 0.03286364 -0.09860822 0.06919664
v 0.03286364 -0.10956021 0.06919664
v 0.04381506 -0.09860822 0.06919664
v 0.04381506 -0.10956021 0.06919664
v 0.03286364 -0.12051163 0.06919664
v 0.03286364 -0.13146362 0.06919664
v 0.04381506 -0.12051163 0.06919664
v 0.04381506 -0.13146362 0.06919664
v 0.01096022 -0.14241505 0.06919664
v 0.01096022 -0.15336704 0.06919664
v 0.02191164 -0.14241505 0.06919664
v 0.02191164 -0.15336704 0.06919664
v 0.01096022 -0.16431846 0.06919664
v 0.01096022 -0.17527045 0.06919664
v 0.02191164 -0.16431846 0.06919664
v 0.02191164 -0.17527045 0.06919664
v 0.03286364 -0.14241505 0.06919664
v 0.03286364 -0.15336704 0.06919664
v 0.04381506 -0.14241505 0.06919664
v 0.04381506 -0.15336704 0.06919664
v 0.03286364 -0.16431846 0.06919664
v 0.03286364 -0.17527045 0.06919664
v 0.04381506 -0.16431846 0.06919664
v 0.04381506 -0.17527045 0.06919664
v 0.05478238 -0.09862355 0.03981401
v 0.05478238 -0.10957554 0.03981401
v 0.06573380 -0.09862355 0.03981401
v 0.06573380 -0.10957554 0.03981401
v 0.05478238 -0.12052696 0.03981401
v 0.05478238 -0.13147895 0.03981401
v 0.06573380 -0.12052696 0.03981401
v 0.06573380 -0.13147895 0.03981401
v 0.07668579 -0.09862355 0.03981401
v 0.07668579 -0.10957554 0.03981401
v 0.08763778 -0.09862355 0.03981401
v 0.08763778 -0.10957554 0.03981401
v 0.07668579 -0.12052696 0.03981401
v 0.07668579 -0.13147895 0.03981401
v 0.08763778 -0.12052696 0.03981401
v 0.08763778 -0.13147895 0.03981401
v 0.05478238 -0.14243038 0.03981401
v 0.05478238 -0.15338237 0.03981401
v 0.06573380 -0.14243038 0.03981401
v 0.06573380 -0.15338237 0.03981401
v 0.05478238 -0.16433379 0.03981401
v 0.05478238 -0.17528578 0.03981401
v 0.06573380 -0.16433379 0.03981401
v 0.06573380 -0.17528578 0.03981401
v 0.07668579 -0.14243038 0.03981401
v 0.07668579 -0.15338237 0.03981401
v 0.08763778 -0.14243038 0.03981401
v 0.08763778 -0.15338237 0.03981401
v 0.07668579 -0.16433379 0.03981401
v 0.07668579 -0.17528578 0.03981401
v 0.08763778 -0.16433379 0.03981401
v 0.08763778 -0.17528578 0.03981401
v 0.05476705 -0.09860822 0.06919664
v 0.05476705 -0.10956021 0.06919664
v 0.06571847 -0.09860822 0.06919664
v 0.06571847 -0.10956021 0.06919664
v 0.05476705 -0.12051163 0.06919664
v 0.05476705 -0.13146362 0.06919664
v 0.06571847 -0.12051163 0.06919664
v 0.06571847 -0.13146362 0.06919664
v 0.07667046 -0.09860822 0.06919664
v 0.07667046 -0.10956021 0.06919664
v 0.08762245 -0.09860822 0.06919664
v 0.08762245 -0.10956021 0.06919664
v 0.07667046 -0.12051163 0.06919664
v 0.07667046 -0.13146362 0.06919664
v 0.08762245 -0.12051163 0.06919664
v 0.08762245 -0.13146362 0.06919664
v 0.05476705 -0.14241505 0.06919664
v 0.05476705 -0.15336704 0.06919664
v 0.06571847 -0.14241505 0.06919664
v 0.06571847 -0.15336704 0.06919664
v 0.05476705 -0.16431846 0.06919664
v 0.05476705 -0.17527045 0.06919664
v 0.06571847 -0.16431846 0.06919664
v 0.06571847 -0.17527045 0.06919664
v 0.07667046 -0.14241505 0.06919664
v 0.07667046 -0.15336704 0.06919664
v 0.08762245 -0.14241505 0.06919664
v 0.08762245 -0.15336704 0.06919664
v 0.07667046 -0.16431846 0.06919664
v 0.07667046 -0.17527045 0.06919664
v 0.08762245 -0.16431846 0.06919664
v 0.08762245 -0.17527045 0.06919664
v 0.09858920 -0.01100990 0.03981401
v 0.09858920 -0.02196132 0.03981401
v 0.10954119 -0.01100990 0.03981401
v 0.10954119 -0.02196132 0.03981401
v 0.09858920 -0.03291331 0.03981401
v 0.09858920 -0.04386530 0.03981401
v 0.10954119 -0.03291331 0.03981401
v 0.10954119 -0.04386530 0.03981401
v 0.12049262 -0.01100990 0.03981401
v 0.12049262 -0.02196132 0.03981401
v 0.13144461 -0.01100990 0.03981401
v 0.13144461 -0.02196132 0.03981401
v 0.12049262 -0.03291331 0.03981401
v 0.12049262 -0.04386530 0.03981401
v 0.13144461 -0.03291331 0.03981401
v 0.13144461 -0.04386530 0.03981401
v 0.09858920 -0.05481672 0.03981401
v 0.09858920 -0.06576871 0.03981401
v 0.10954119 -0.05481672 0.03981401
v 0.10954119 -0.06576871 0.03981401
v 0.09858920 -0.07672014 0.03981401
v 0.09858920 -0.08767213 0.03981401
v 0.10954119 -0.07672014 0.03981401
v 0.10954119 -0.08767213 0.03981401
v 0.12049262 -0.05481672 0.03981401
v 0.12049262 -0.06576871 0.03981401
v 0.13144461 -0.05481672 0.03981401
v 0.13144461 -0.06576871 0.03981401
v 0.12049262 -0.07672014 0.03981401
v 0.12049262 -0.08767213 0.03981401
v 0.13144461 -0.07672014 0.03981401
v 0.13144461 -0.08767213 0.03981401
v 0.09857955 -0.01095653 0.06900645
v 0.09857387 -0.02192385 0.06919607
v 0.10953154 -0.01095653 0.06900645
v 0.10952586 -0.02192385 0.06919607
v 0.09857387 -0.03289798 0.06919664
v 0.09857387 -0.04384941 0.06919664
v 0.10952586 -0.03289798 0.06919664
v 0.10952586 -0.04384941 0.06919664
v 0.12048353 -0.01095653 0.06900645
v 0.12047729 -0.02192385 0.06919607
v 0.13143495 -0.01095653 0.06900645
v 0.13142928 -0.02192385 0.06919607
v 0.12047729 -0.03289798 0.06919664
v 0.12047729 -0.04384941 0.06919664
v 0.13142928 -0.03289798 0.06919664
v 0.13142928 -0.04384941 0.06919664
v 0.09857387 -0.05480140 0.06919664
v 0.09857387 -0.06575282 0.06919664
v 0.10952586 -0.05480140 0.06919664
v 0.10952586 -0.06575282 0.06919664
v 0.09857387 -0.07670481 0.06919664
v 0.09857387 -0.08765623 0.06919664
v 0.10952586 -0.07670481 0.06919664
v 0.10952586 -0.08765623 0.06919664
v 0.12047729 -0.05480140 0.06919664
v 0.12047729 -0.06575282 0.06919664
v 0.13142928 -0.05480140 0.06919664
v 0.13142928 -0.06575282 0.06919664
v 0.12047729 -0.07670481 0.06919664
v 0.12047729 -0.08765623 0.06919664
v 0.13142928 -0.07670481 0.06919664
v 0.13142928 -0.08765623 0.06919664
v 0.14239603 -0.01100990 0.03981401
v 0.14239603 -0.02196132 0.03981401
v 0.15334802 -0.01100990 0.03981401
v 0.15334802 -0.02196132 0.03981401
v 0.14239603 -0.03291331 0.03981401
v 0.14239603 -0.04386530 0.03981401
v 0.15334802 -0.03291331 0.03981401
v 0.15334802 -0.04386530 0.03981401
v 0.16429944 -0.01100990 0.03981401
v 0.16429944 -0.02196132 0.03981401
v 0.17525143 -0.01100990 0.03981401
v 0.17525143 -0.02196132 0.03981401
v 0.16429944 -0.03291331 0.03981401
v 0.16429944 -0.04386530 0.03981401
v 0.17525143 -0.03291331 0.03981401
v 0.17525143 -0.04386530 0.03981401
v 0.14239603 -0.05481672 0.03981401
v 0.14239603 -0.06576871 0.03981401
v 0.15334802 -0.05481672 0.03981401
v 0.15334802 -0.06576871 0.03981401
v 0.14239603 -0.07672014 0.03981401
v 0.14239603 -0.08767213 0.03981401
v 0.15334802 -0.07672014 0.03981401
v 0.15334802 -0.08767213 0.03981401
v 0.16429944 -0.05481672 0.03981401
v 0.16429944 -0.06576871 0.03981401
v 0.17525143 -0.05481672 0.03981401
v 0.17525143 -0.06576871 0.03981401
v 0.16429944 -0.07672014 0.03981401
v 0.16429944 -0.08767213 0.03981401
v 0.17525143 -0.07672014 0.03981401
v 0.17525143 -0.08767213 0.03981401
v 0.14238694 -0.01095653 0.06900645
v 0.14238070 -0.02192385 0.06919607
v 0.15333837 -0.01095653 0.06900645
v 0.15333269 -0.02192385 0.06919607
v 0.14238070 -0.03289798 0.06919664
v 0.14238070 -0.04384941 0.06919664
v 0.15333269 -0.03289798 0.06919664
v 0.15333269 -0.04384941 0.06919664
v 0.16429036 -0.01095653 0.06900645
v 0.16428411 -0.02192385 0.06919607
v 0.17524178 -0.01095653 0.06900645
v 0.17523610 -0.02192385 0.06919607
v 0.16428411 -0.03289798 0.06919664
v 0.16428411 -0.04384941 0.06919664
v 0.17523610 -0.03289798 0.06919664
v 0.17523610 -0.04384941 0.06919664
v 0.14238070 -0.05480140 0.06919664
v 0.14238070 -0.06575282 0.06919664
v 0.15333269 -0.05480140 0.06919664
v 0.15333269 -0.06575282 0.06919664
v 0.14238070 -0.07670481 0.06919664
v 0.14238070 -0.08765623 0.06919664
v 0.15333269 -0.07670481 0.06919664
v 0.15333269 -0.08765623 0.06919664
v 0.16428411 -0.05480140 0.06919664
v 0.16428411 -0.06575282 0.06919664
v 0.17523610 -0.05480140 0.06919664
v 0.17523610 -0.06575282 0.06919664
v 0.16428411 -0.07670481 0.06919664
v 0.16428411 -0.08765623 0.06919664
v 0.17523610 -0.07670481 0.06919664
v 0.17523610 -0.08765623 0.06919664
v 0.09858920 -0.09862355 0.03981401
v 0.09858920 -0.10957554 0.03981401
v 0.10954119 -0.09862355 0.03981401
v 0.10954119 -0.10957554 0.03981401
v 0.09858920 -0.12052696 0.03981401
v 0.09858920 -0.13147895 0.03981401
v 0.10954119 -0.12052696 0.03981401
v 0.10954119 -0.13147895 0.03981401
v 0.12049262 -0.09862355 0.03981401
v 0.12049262 -0.10957554 0.03981401
v 0.13144461 -0.09862355 0.03981401
v 0.13144461 -0.10957554 0.03981401
v 0.12049262 -0.12052696 0.03981401
v 0.12049262 -0.13147895 0.03981401
v 0.13144461 -0.12052696 0.03981401
v 0.13144461 -0.13147895 0.03981401
v 0.09858920 -0.14243038 0.03981401
v 0.09858920 -0.15338237 0.03981401
v 0.10954119 -0.14243038 0.03981401
v 0.10954119 -0.15338237 0.03981401
v 0.09858920 -0.16433379 0.03981401
v 0.09858920 -0.17528578 0.03981401
v 0.10954119 -0.16433379 0.03981401
v 0.10954119 -0.17528578 0.03981401
v 0.12049262 -0.14243038 0.03981401
v 0.12049262 -0.15338237 0.03981401
v 0.13144461 -0.14243038 0.03981401
v 0.13144461 -0.15338237 0.03981401
v 0.12049262 -0.16433379 0.03981401
v 0.12049262 -0.17528578 0.03981401
v 0.13144461 -0.16433379 0.03981401
v 0.13144461 -0.17528578 0.03981401
v 0.09857387 -0.09860822 0.06919664
v 0.09857387 -0.10956021 0.06919664
v 0.10952586 -0.09860822 0.06919664
v 0.10952586 -0.10956021 0.06919664
v 0.09857387 -0.12051163 0.06919664
v 0.09857387 -0.13146362 0.06919664
v 0.10952586 -0.12051163 0.06919664
v 0.10952586 -0.13146362 0.06919664
v 0.12047729 -0.09860822 0.06919664
v 0.12047729 -0.10956021 0.06919664
v 0.13142928 -0.09860822 0.06919664
v 0.13142928 -0.10956021 0.06919664
v 0.12047729 -0.12051163 0.06919664
v 0.12047729 -0.13146362 0.06919664
v 0.13142928 -0.12051163 0.06919664
v 0.13142928 -0.13146362 0.06919664
v 0.09857387 -0.14241505 0.06919664
v 0.09857387 -0.15336704 0.06919664
v 0.10952586 -0.14241505 0.06919664
v 0.10952586 -0.15336704 0.06919664
v 0.09857387 -0.16431846 0.06919664
v 0.09857387 -0.17527045 0.06919664
v 0.10952586 -0.16431846 0.06919664
v 0.10952586 -0.17527045 0.06919664
v 0.12047729 -0.14241505 0.06919664
v 0.12047729 -0.15336704 0.06919664
v 0.13142928 -0.14241505 0.06919664
v 0.13142928 -0.15336704 0.06919664
v 0.12047729 -0.16431846 0.06919664
v 0.12047729 -0.17527045 0.06919664
v 0.13142928 -0.16431846 0.06919664
v 0.13142928 -0.17527045 0.06919664
v 0.14239603 -0.09862355 0.03981401
v 0.14239603 -0.10957554 0.03981401
v 0.15334802 -0.09862355 0.03981401
v 0.15334802 -0.10957554 0.03981401
v 0.14239603 -0.12052696 0.03981401
v 0.14239603 -0.13147895 0.03981401
v 0.15334802 -0.12052696 0.03981401
v 0.15334802 -0.13147895 0.03981401
v 0.16429944 -0.09862355 0.03981401
v 0.16429944 -0.10957554 0.03981401
v 0.17525143 -0.09862355 0.03981401
v 0.17525143 -0.10957554 0.03981401
v 0.16429944 -0.12052696 0.03981401
v 0.16429944 -0.13147895 0.03981401
v 0.17525143 -0.12052696 0.03981401
v 0.17525143 -0.13147895 0.03981401
v 0.14239603 -0.14243038 0.03981401
v 0.14239603 -0.15338237 0.03981401
v 0.15334802 -0.14243038 0.03981401
v 0.15334802 -0.15338237 0.03981401
v 0.14239603 -0.16433379 0.03981401
v 0.14239603 -0.17528578 0.03981401
v 0.15334802 -0.16433379 0.03981401
v 0.15334802 -0.17528578 0.03981401
v 0.16429944 -0.14243038 0.03981401
v 0.16429944 -0.15338237 0.03981401
v 0.17525143 -0.14243038 0.03981401
v 0.17525143 -0.15338237 0.03981401
v 0.16429944 -0.16433379 0.03981401
v 0.16429944 -0.17528578 0.03981401
v 0.17525143 -0.16433379 0.03981401
v 0.17525143 -0.17528578 0.03981401
v 0.14238070 -0.09860822 0.06919664
v 0.14238070 -0.10956021 0.06919664
v 0.15333269 -0.09860822 0.06919664
v 0.15333269 -0.10956021 0.06919664
v 0.14238070 -0.12051163 0.06919664
v 0.14238070 -0.13146362 0.06919664
v 0.15333269 -0.12051163 0.06919664
v 0.15333269 -0.13146362 0.06919664
v 0.16428411 -0.09860822 0.06919664
v 0.16428411 -0.10956021 0.06919664
v 0.17523610 -0.09860822 0.06919664
v 0.17523610 -0.10956021 0.06919664
v 0.16428411 -0.12051163 0.06919664
v 0.16428411 -0.13146362 0.06919664
v 0.17523610 -0.12051163 0.06919664
v 0.17523610 -0.13146362 0.06919664
v 0.14238070 -0.14241505 0.06919664
v 0.14238070 -0.15336704 0.06919664
v 0.15333269 -0.14241505 0.06919664
v 0.15333269 -0.15336704 0.06919664
v 0.14238070 -0.16431846 0.06919664
v 0.14238070 -0.17527045 0.06919664
v 0.15333269 -0.16431846 0.06919664
v 0.15333269 -0.17527045 0.06919664
v 0.16428411 -0.14241505 0.06919664
v 0.16428411 -0.15336704 0.06919664
v 0.17523610 -0.14241505 0.06919664
v 0.17523610 -0.15336704 0.06919664
v 0.16428411 -0.16431846 0.06919664
v 0.16428411 -0.17527045 0.06919664
v 0.17523610 -0.16431846 0.06919664
v 0.17523610 -0.17527045 0.06919664
v 0.01097555 -0.18623777 0.03981401
v 0.01097555 -0.19718919 0.03981401
v 0.02192697 -0.18623777 0.03981401
v 0.02192697 -0.19718919 0.03981401
v 0.01097555 -0.20814118 0.03981401
v 0.01096590 -0.21910737 0.03981515
v 0.02192697 -0.20814118 0.03981401
v 0.02191619 -0.21904321 0.03981969
v 0.03287896 -0.18623777 0.03981401
v 0.03287896 -0.19718919 0.03981401
v 0.04383039 -0.18623777 0.03981401
v 0.04383039 -0.19718919 0.03981401
v 0.03287896 -0.20814118 0.03981401
v 0.03288351 -0.21901880 0.03982083
v 0.04383039 -0.20814118 0.03981401
v 0.04383720 -0.21909998 0.03981912
v 0.01096022 -0.18622187 0.06919664
v 0.01096022 -0.19717386 0.06919664
v 0.02191164 -0.18622187 0.06919664
v 0.02191164 -0.19717386 0.06919664
v 0.01096022 -0.20812529 0.06919664
v 0.01096022 -0.21907728 0.06919664
v 0.02191164 -0.20812529 0.06919664
v 0.02191164 -0.21907728 0.06919664
v 0.03286364 -0.18622187 0.06919664
v 0.03286364 -0.19717386 0.06919664
v 0.04381506 -0.18622187 0.06919664
v 0.04381506 -0.19717386 0.06919664
v 0.03286364 -0.20812529 0.06919664
v 0.03286364 -0.21907728 0.06919664
v 0.04381506 -0.20812529 0.06919664
v 0.04381506 -0.21907728 0.06919664
v 0.01096249 -0.25768033 0.05562971
v 0.01096022 -0.25779161 0.06293633
v 0.02191392 -0.25768033 0.05562971
v 0.02191221 -0.25779161 0.06293633
v 0.01096022 -0.23002927 0.06919664
v 0.01096022 -0.24094606 0.06919494
v 0.02191164 -0.23002927 0.06919664
v 0.02191164 -0.24094606 0.06919494
v 0.01096136 -0.25020452 0.06897580
v 0.00730975 -0.25570919 0.06775064
v 0.02191335 -0.25020452 0.06897580
v 0.01826174 -0.25570919 0.06775064
v 0.03286591 -0.25768033 0.05562971
v 0.03286364 -0.25779161 0.06293633
v 0.04381733 -0.25768033 0.05562971
v 0.04381563 -0.25779161 0.06293633
v 0.03286364 -0.23002927 0.06919664
v 0.03286364 -0.24094606 0.06919494
v 0.04381506 -0.23002927 0.06919664
v 0.04381506 -0.24094606 0.06919494
v 0.03286477 -0.25020452 0.06897580
v 0.02921316 -0.25570919 0.06775064
v 0.04381676 -0.25020452 0.06897580
v 0.04016515 -0.25570919 0.06775064
v 0.05478238 -0.18623777 0.03981401
v 0.05478238 -0.19718919 0.03981401
v 0.06573380 -0.18623777 0.03981401
v 0.06573380 -0.19718919 0.03981401
v 0.05478238 -0.20814118 0.03981401
v 0.05478351 -0.21918628 0.03982934
v 0.06573380 -0.20814118 0.03981401
v 0.06573153 -0.21919593 0.03983161
v 0.07668579 -0.18623777 0.03981401
v 0.07668579 -0.19718919 0.03981401
v 0.08763778 -0.18623777 0.03981401
v 0.08763778 -0.19718919 0.03981401
v 0.07668579 -0.20814118 0.03981401
v 0.07666876 -0.21914994 0.03982139
v 0.08763778 -0.20814118 0.03981401
v 0.08762188 -0.21905797 0.03982083
v 0.05476705 -0.18622187 0.06919664
v 0.05476705 -0.19717386 0.06919664
v 0.06571847 -0.18622187 0.06919664
v 0.06571847 -0.19717386 0.06919664
v 0.05476705 -0.20812529 0.06919664
v 0.05476705 -0.21907728 0.06919664
v 0.06571847 -0.20812529 0.06919664
v 0.06571847 -0.21907728 0.06919664
v 0.07667046 -0.18622187 0.06919664
v 0.07667046 -0.19717386 0.06919664
v 0.08762245 -0.18622187 0.06919664
v 0.08762245 -0.19717386 0.06919664
v 0.07667046 -0.20812529 0.06919664
v 0.07667046 -0.21907728 0.06919664
v 0.08762245 -0.20812529 0.06919664
v 0.08762245 -0.21907728 0.06919664
v 0.05476932 -0.25768033 0.05562971
v 0.05476705 -0.25779161 0.06293633
v 0.06572074 -0.25768033 0.05562971
v 0.06571904 -0.25779161 0.06293633
v 0.05476705 -0.23002927 0.06919664
v 0.05476705 -0.24094606 0.06919494
v 0.06571847 -0.23002927 0.06919664
v 0.06571904 -0.24094606 0.06919494
v 0.05476875 -0.25020452 0.06897580
v 0.05111657 -0.25570919 0.06775064
v 0.06572017 -0.25020452 0.06897580
v 0.06206856 -0.25570919 0.06775064
v 0.07667273 -0.25768033 0.05562971
v 0.07667103 -0.25779161 0.06293633
v 0.08762415 -0.25768033 0.05562971
v 0.08762245 -0.25779161 0.06293633
v 0.07667046 -0.23002927 0.06919664
v 0.07667046 -0.24094606 0.06919494
v 0.08762245 -0.23002927 0.06919664
v 0.08762245 -0.24094606 0.06919494
v 0.07667216 -0.25020452 0.06897580
v 0.07301999 -0.25570919 0.06775064
v 0.08762359 -0.25020452 0.06897580
v 0.08397198 -0.25570919 0.06775064
v 0.09858920 -0.18623777 0.03981401
v 0.09858920 -0.19718919 0.03981401
v 0.10954119 -0.18623777 0.03981401
v 0.10954119 -0.19718919 0.03981401
v 0.09858920 -0.20814118 0.03981401
v 0.09859374 -0.21901766 0.03982083
v 0.10954119 -0.20814118 0.03981401
v 0.10954630 -0.21908466 0.03981685
v 0.12049262 -0.18623777 0.03981401
v 0.12049262 -0.19718919 0.03981401
v 0.13144461 -0.18623777 0.03981401
v 0.13144461 -0.19718919 0.03981401
v 0.12049262 -0.20814118 0.03981401
v 0.12048183 -0.21911361 0.03981515
v 0.13144461 -0.20814118 0.03981401
v 0.13144290 -0.21906933 0.03981572
v 0.09857387 -0.18622187 0.06919664
v 0.09857387 -0.19717386 0.06919664
v 0.10952586 -0.18622187 0.06919664
v 0.10952586 -0.19717386 0.06919664
v 0.09857387 -0.20812529 0.06919664
v 0.09857387 -0.21907728 0.06919664
v 0.10952586 -0.20812529 0.06919664
v 0.10952586 -0.21907728 0.06919664
v 0.12047729 -0.18622187 0.06919664
v 0.12047729 -0.19717386 0.06919664
v 0.13142928 -0.18622187 0.06919664
v 0.13142928 -0.19717386 0.06919664
v 0.12047729 -0.20812529 0.06919664
v 0.12047729 -0.21907728 0.06919664
v 0.13142928 -0.20812529 0.06919664
v 0.13142928 -0.21907728 0.06919664
v 0.09857614 -0.25768033 0.05562971
v 0.09857444 -0.25779161 0.06293633
v 0.10952757 -0.25768033 0.05562971
v 0.10952586 -0.25779161 0.06293633
v 0.09857387 -0.23002927 0.06919664
v 0.09857387 -0.24094606 0.06919494
v 0.10952586 -0.23002927 0.06919664
v 0.10952586 -0.24094606 0.06919494
v 0.09857558 -0.25020452 0.06897580
v 0.09492340 -0.25570919 0.06775064
v 0.10952700 -0.25020452 0.06897580
v 0.10587539 -0.25570919 0.06775064
v 0.12047956 -0.25768033 0.05562971
v 0.12047785 -0.25779161 0.06293633
v 0.13143098 -0.25768033 0.05562971
v 0.13142928 -0.25779161 0.06293633
v 0.12047729 -0.23002927 0.06919664
v 0.12047729 -0.24094606 0.06919494
v 0.13142928 -0.23002927 0.06919664
v 0.13142928 -0.24094606 0.06919494
v 0.12047899 -0.25020452 0.06897580
v 0.11682738 -0.25570919 0.06775064
v 0.13143041 -0.25020452 0.06897580
v 0.12777880 -0.25570919 0.06775064
v 0.14239603 -0.18623777 0.03981401
v 0.14239603 -0.19718919 0.03981401
v 0.15334802 -0.18623777 0.03981401
v 0.15334802 -0.19718919 0.03981401
v 0.14239603 -0.20814118 0.03981401
v 0.14239603 -0.21906195 0.03981572
v 0.15334802 -0.20814118 0.03981401
v 0.15334007 -0.21906876 0.03981458
v 0.16429944 -0.18623777 0.03981401
v 0.16429944 -0.19718919 0.03981401
v 0.17525143 -0.18623777 0.03981401
v 0.17525143 -0.19718919 0.03981401
v 0.16429944 -0.20814118 0.03981401
v 0.16430001 -0.21910339 0.03981799
v 0.17525143 -0.20814118 0.03981401
v 0.17523894 -0.21911702 0.03981685
v 0.14238070 -0.18622187 0.06919664
v 0.14238070 -0.19717386 0.06919664
v 0.15333269 -0.18622187 0.06919664
v 0.15333269 -0.19717386 0.06919664
v 0.14238070 -0.20812529 0.06919664
v 0.14238070 -0.21907728 0.06919664
v 0.15333269 -0.20812529 0.06919664
v 0.15333269 -0.21907728 0.06919664
v 0.16428411 -0.18622187 0.06919664
v 0.16428411 -0.19717386 0.06919664
v 0.17523610 -0.18622187 0.06919664
v 0.17523610 -0.19717386 0.06919664
v 0.16428411 -0.20812529 0.06919664
v 0.16428411 -0.21907728 0.06919664
v 0.17523610 -0.20812529 0.06919664
v 0.17523610 -0.21907728 0.06919664
v 0.14238297 -0.25768033 0.05562971
v 0.14238127 -0.25779161 0.06293633
v 0.15333496 -0.25768033 0.05562971
v 0.15333269 -0.25779161 0.06293633
v 0.14238070 -0.23002927 0.06919664
v 0.14238070 -0.24094606 0.06919494
v 0.15333269 -0.23002927 0.06919664
v 0.15333269 -0.24094606 0.06919494
v 0.14238240 -0.25020452 0.06897580
v 0.13873079 -0.25570919 0.06775064
v 0.15333383 -0.25020452 0.06897580
v 0.14968222 -0.25570919 0.06775064
v 0.16428638 -0.25768033 0.05562971
v 0.16428468 -0.25779161 0.06293633
v 0.17523837 -0.25768033 0.05562971
v 0.17523610 -0.25779161 0.06293633
v 0.16428411 -0.23002927 0.06919664
v 0.16428411 -0.24094606 0.06919494
v 0.17523610 -0.23002927 0.06919664
v 0.17523610 -0.24094606 0.06919494
v 0.16428582 -0.25020452 0.06897580
v 0.16063421 -0.25570919 0.06775064
v 0.17523781 -0.25020452 0.06897580
v 0.17158563 -0.25570919 0.06775064
v 0.18620342 -0.01100990 0.03981401
v 0.18620342 -0.02196132 0.03981401
v 0.19715484 -0.01100990 0.03981401
v 0.19715484 -0.02196132 0.03981401
v 0.18620342 -0.03291331 0.03981401
v 0.18620342 -0.04386530 0.03981401
v 0.19715484 -0.03291331 0.03981401
v 0.19715484 -0.04386530 0.03981401
v 0.20810683 -0.01100990 0.03981401
v 0.20810683 -0.02196132 0.03981401
v 0.21905826 -0.01100990 0.03981401
v 0.21905826 -0.02196132 0.03981401
v 0.20810683 -0.03291331 0.03981401
v 0.20810683 -0.04386530 0.03981401
v 0.21905826 -0.03291331 0.03981401
v 0.21905826 -0.04386530 0.03981401
v 0.18620342 -0.05481672 0.03981401
v 0.18620342 -0.06576871 0.03981401
v 0.19715484 -0.05481672 0.03981401
v 0.19715484 -0.06576871 0.03981401
v 0.18620342 -0.07672014 0.03981401
v 0.18620285 -0.08767213 0.03981401
v 0.19715484 -0.07672014 0.03981401
v 0.19715484 -0.08767213 0.03981401
v 0.20810683 -0.05481672 0.03981401
v 0.20810683 -0.06576871 0.03981401
v 0.21905826 -0.05481672 0.03981401
v 0.21905826 -0.06576871 0.03981401
v 0.20810683 -0.07672014 0.03981401
v 0.20810683 -0.08767213 0.03981401
v 0.21905826 -0.07672014 0.03981401
v 0.21905826 -0.08767213 0.03981401
v 0.18619377 -0.01095653 0.06900645
v 0.18618753 -0.02192385 0.06919607
v 0.19714519 -0.01095653 0.06900645
v 0.19713952 -0.02192385 0.06919607
v 0.18618753 -0.03289798 0.06919664
v 0.18618753 -0.04384941 0.06919664
v 0.19713952 -0.03289798 0.06919664
v 0.19713952 -0.04384941 0.06919664
v 0.20809718 -0.01095653 0.06900645
v 0.20809151 -0.02192385 0.06919607
v 0.21904861 -0.01095653 0.06900645
v 0.21904293 -0.02192385 0.06919607
v 0.20809094 -0.03289798 0.06919664
v 0.20809094 -0.04384941 0.06919664
v 0.21904293 -0.03289798 0.06919664
v 0.21904293 -0.04384941 0.06919664
v 0.18618753 -0.05480140 0.06919664
v 0.18618753 -0.06575282 0.06919664
v 0.19713952 -0.05480140 0.06919664
v 0.19713952 -0.06575282 0.06919664
v 0.18618753 -0.07670481 0.06919664
v 0.18618753 -0.08765623 0.06919664
v 0.19713952 -0.07670481 0.06919664
v 0.19713952 -0.08765623 0.06919664
v 0.20809094 -0.05480140 0.06919664
v 0.20809094 -0.06575282 0.06919664
v 0.21904293 -0.05480140 0.06919664
v 0.21904293 -0.06575282 0.06919664
v 0.20809094 -0.07670481 0.06919664
v 0.20809094 -0.08765623 0.06919664
v 0.21904293 -0.07670481 0.06919664
v 0.21904293 -0.08765623 0.06919664
v 0.23001025 -0.01100990 0.03981401
v 0.23001025 -0.02196132 0.03981401
v 0.24096167 -0.01100990 0.03981401
v 0.24096167 -0.02196132 0.03981401
v 0.23001025 -0.03291331 0.03981401
v 0.23001025 -0.04386530 0.03981401
v 0.24096167 -0.03291331 0.03981401
v 0.24096167 -0.04386530 0.03981401
v 0.25191366 -0.01100990 0.03981401
v 0.25191366 -0.02196132 0.03981401
v 0.26286508 -0.01100990 0.03981401
v 0.26286508 -0.02196132 0.03981401
v 0.25191366 -0.03291331 0.03981401
v 0.25191366 -0.04386530 0.03981401
v 0.26286508 -0.03291331 0.03981401
v 0.26286508 -0.04386530 0.03981401
v 0.23001025 -0.05481672 0.03981401
v 0.23001025 -0.06576871 0.03981401
v 0.24096167 -0.05481672 0.03981401
v 0.24096167 -0.06576871 0.03981401
v 0.23001025 -0.07672014 0.03981401
v 0.23001025 -0.08767213 0.03981401
v 0.24096167 -0.07672014 0.03981401
v 0.24096167 -0.08767213 0.03981401
v 0.25191366 -0.05481672 0.03981401
v 0.25191366 -0.06576871 0.03981401
v 0.26286508 -0.05481672 0.03981401
v 0.26286508 -0.06576871 0.03981401
v 0.25191366 -0.07672014 0.03981401
v 0.25191366 -0.08767213 0.03981401
v 0.26286508 -0.07672014 0.03981401
v 0.26286508 -0.08767213 0.03981401
v 0.23000060 -0.01095653 0.06900645
v 0.22999492 -0.02192385 0.06919607
v 0.24095202 -0.01095653 0.06900645
v 0.24094634 -0.02192385 0.06919607
v 0.22999492 -0.03289798 0.06919664
v 0.22999492 -0.04384941 0.06919664
v 0.24094634 -0.03289798 0.06919664
v 0.24094634 -0.04384941 0.06919664
v 0.25190401 -0.01095653 0.06900645
v 0.25189833 -0.02192385 0.06919607
v 0.26285600 -0.01095653 0.06900645
v 0.26284975 -0.02192385 0.06919607
v 0.25189833 -0.03289798 0.06919664
v 0.25189833 -0.04384941 0.06919664
v 0.26284975 -0.03289798 0.06919664
v 0.26284975 -0.04384941 0.06919664
v 0.22999492 -0.05480140 0.06919664
v 0.22999492 -0.06575282 0.06919664
v 0.24094634 -0.05480140 0.06919664
v 0.24094634 -0.06575282 0.06919664
v 0.22999492 -0.07670481 0.06919664
v 0.22999492 -0.08765623 0.06919664
v 0.24094634 -0.07670481 0.06919664
v 0.24094634 -0.08765623 0.06919664
v 0.25189833 -0.05480140 0.06919664
v 0.25189833 -0.06575282 0.06919664
v 0.26284975 -0.05480140 0.06919664
v 0.26284975 -0.06575282 0.06919664
v 0.25189833 -0.07670481 0.06919664
v 0.25189833 -0.08765623 0.06919664
v 0.26284975 -0.07670481 0.06919664
v 0.26284975 -0.08765623 0.06919664
v 0.18620285 -0.09862355 0.03981401
v 0.18620285 -0.10957554 0.03981401
v 0.19715484 -0.09862355 0.03981401
v 0.19715484 -0.10957554 0.03981401
v 0.18620285 -0.12052696 0.03981401
v 0.18620285 -0.13147895 0.03981401
v 0.19715484 -0.12052696 0.03981401
v 0.19715484 -0.13147895 0.03981401
v 0.20810683 -0.09862355 0.03981401
v 0.20810683 -0.10957554 0.03981401
v 0.21905826 -0.09862355 0.03981401
v 0.21905826 -0.10957554 0.03981401
v 0.20810683 -0.12052696 0.03981401
v 0.20810683 -0.13147895 0.03981401
v 0.21905826 -0.12052696 0.03981401
v 0.21905826 -0.13147895 0.03981401
v 0.18620285 -0.14243038 0.03981401
v 0.18620285 -0.15338237 0.03981401
v 0.19715484 -0.14243038 0.03981401
v 0.19715484 -0.15338237 0.03981401
v 0.18620285 -0.16433379 0.03981401
v 0.18620285 -0.17528578 0.03981401
v 0.19715484 -0.16433379 0.03981401
v 0.19715484 -0.17528578 0.03981401
v 0.20810683 -0.14243038 0.03981401
v 0.20810683 -0.15338237 0.03981401
v 0.21905826 -0.14243038 0.03981401
v 0.21905826 -0.15338237 0.03981401
v 0.20810683 -0.16433379 0.03981401
v 0.20810683 -0.17528578 0.03981401
v 0.21905826 -0.16433379 0.03981401
v 0.21905826 -0.17528578 0.03981401
v 0.18618753 -0.09860822 0.06919664
v 0.18618753 -0.10956021 0.06919664
v 0.19713952 -0.09860822 0.06919664
v 0.19713952 -0.10956021 0.06919664
v 0.18618753 -0.12051163 0.06919664
v 0.18618753 -0.13146362 0.06919664
v 0.19713952 -0.12051163 0.06919664
v 0.19713952 -0.13146362 0.06919664
v 0.20809094 -0.09860822 0.06919664
v 0.20809094 -0.10956021 0.06919664
v 0.21904293 -0.09860822 0.06919664
v 0.21904293 -0.10956021 0.06919664
v 0.20809094 -0.12051163 0.06919664
v 0.20809094 -0.13146362 0.06919664
v 0.21904293 -0.12051163 0.06919664
v 0.21904293 -0.13146362 0.06919664
v 0.18618753 -0.14241505 0.06919664
v 0.18618753 -0.15336704 0.06919664
v 0.19713952 -0.14241505 0.06919664
v 0.19713952 -0.15336704 0.06919664
v 0.18618753 -0.16431846 0.06919664
v 0.18618753 -0.17527045 0.06919664
v 0.19713952 -0.16431846 0.06919664
v 0.19713952 -0.17527045 0.06919664
v 0.20809094 -0.14241505 0.06919664
v 0.20809094 -0.15336704 0.06919664
v 0.21904293 -0.14241505 0.06919664
v 0.21904293 -0.15336704 0.06919664
v 0.20809094 -0.16431846 0.06919664
v 0.20809094 -0.17527045 0.06919664
v 0.21904293 -0.16431846 0.06919664
v 0.21904293 -0.17527045 0.06919664
v 0.23001025 -0.09862355 0.03981401
v 0.23001025 -0.10957554 0.03981401
v 0.24096167 -0.09862355 0.03981401
v 0.24096167 -0.10957554 0.03981401
v 0.23001025 -0.12052696 0.03981401
v 0.23001025 -0.13147895 0.03981401
v 0.24096167 -0.12052696 0.03981401
v 0.24096167 -0.13147895 0.03981401
v 0.25191366 -0.09862355 0.03981401
v 0.25191366 -0.10957554 0.03981401
v 0.26286508 -0.09862355 0.03981401
v 0.26286508 -0.10957554 0.03981401
v 0.25191366 -0.12052696 0.03981401
v 0.25191366 -0.13147895 0.03981401
v 0.26286508 -0.12052696 0.03981401
v 0.26286508 -0.13147895 0.03981401
v 0.23001025 -0.14243038 0.03981401
v 0.23001025 -0.15338237 0.03981401
v 0.24096167 -0.14243038 0.03981401
v 0.24096167 -0.15338237 0.03981401
v 0.23001025 -0.16433379 0.03981401
v 0.23001025 -0.17528578 0.03981401
v 0.24096167 -0.16433379 0.03981401
v 0.24096167 -0.17528578 0.03981401
v 0.25191366 -0.14243038 0.03981401
v 0.25191366 -0.15338237 0.03981401
v 0.26286508 -0.14243038 0.03981401
v 0.26286508 -0.15338237 0.03981401
v 0.25191366 -0.16433379 0.03981401
v 0.25191366 -0.17528578 0.03981401
v 0.26286508 -0.16433379 0.03981401
v 0.26286508 -0.17528578 0.03981401
v 0.22999492 -0.09860822 0.06919664
v 0.22999492 -0.10956021 0.06919664
v 0.24094634 -0.09860822 0.06919664
v 0.24094634 -0.10956021 0.06919664
v 0.22999492 -0.12051163 0.06919664
v 0.22999492 -0.13146362 0.06919664
v 0.24094634 -0.12051163 0.06919664
v 0.24094634 -0.13146362 0.06919664
v 0.25189833 -0.09860822 0.06919664
v 0.25189833 -0.10956021 0.06919664
v 0.26284975 -0.09860822 0.06919664
v 0.26284975 -0.10956021 0.06919664
v 0.25189833 -0.12051163 0.06919664
v 0.25189833 -0.13146362 0.06919664
v 0.26284975 -0.12051163 0.06919664
v 0.26284975 -0.13146362 0.06919664
v 0.22999492 -0.14241505 0.06919664
v 0.22999492 -0.15336704 0.06919664
v 0.24094634 -0.14241505 0.06919664
v 0.24094634 -0.15336704 0.06919664
v 0.22999492 -0.16431846 0.06919664
v 0.22999492 -0.17527045 0.06919664
v 0.24094634 -0.16431846 0.06919664
v 0.24094634 -0.17527045 0.06919664
v 0.25189833 -0.14241505 0.06919664
v 0.25189833 -0.15336704 0.06919664
v 0.26284975 -0.14241505 0.06919664
v 0.26284975 -0.15336704 0.06919664
v 0.25189833 -0.16431846 0.06919664
v 0.25189833 -0.17527045 0.06919664
v 0.26284975 -0.16431846 0.06919664
v 0.26284975 -0.17527045 0.06919664
v 0.27381707 -0.01100990 0.03981401
v 0.27381707 -0.02196132 0.03981401
v 0.28476850 -0.01100990 0.03981401
v 0.28476850 -0.02196132 0.03981401
v 0.27381707 -0.03291331 0.03981401
v 0.27381707 -0.04386530 0.03981401
v 0.28476850 -0.03291331 0.03981401
v 0.28476850 -0.04386530 0.03981401
v 0.29572049 -0.01100990 0.03981401
v 0.29572049 -0.02196132 0.03981401
v 0.30667248 -0.01100990 0.03981401
v 0.30667248 -0.02196132 0.03981401
v 0.29572049 -0.03291331 0.03981401
v 0.29572049 -0.04386530 0.03981401
v 0.30667248 -0.03291331 0.03981401
v 0.30667248 -0.04386530 0.03981401
v 0.27381707 -0.05481672 0.03981401
v 0.27381707 -0.06576871 0.03981401
v 0.28476850 -0.05481672 0.03981401
v 0.28476850 -0.06576871 0.03981401
v 0.27381707 -0.07672014 0.03981401
v 0.27381707 -0.08767213 0.03981401
v 0.28476850 -0.07672014 0.03981401
v 0.28476850 -0.08767213 0.03981401
v 0.29572049 -0.05481672 0.03981401
v 0.29572049 -0.06576871 0.03981401
v 0.30667248 -0.05481672 0.03981401
v 0.30667248 -0.06576871 0.03981401
v 0.29572049 -0.07672014 0.03981401
v 0.29572049 -0.08767213 0.03981401
v 0.30667248 -0.07672014 0.03981401
v 0.30667248 -0.08767213 0.03981401
v 0.27380742 -0.01095653 0.06900645
v 0.27380174 -0.02192385 0.06919607
v 0.28475941 -0.01095653 0.06900645
v 0.28475317 -0.02192385 0.06919607
v 0.27380174 -0.03289798 0.06919664
v 0.27380174 -0.04384941 0.06919664
v 0.28475317 -0.03289798 0.06919664
v 0.28475317 -0.04384941 0.06919664
v 0.29571083 -0.01095653 0.06900645
v 0.29570516 -0.02192385 0.06919607
v 0.30666283 -0.01095653 0.06900645
v 0.30665658 -0.02192385 0.06919607
v 0.29570516 -0.03289798 0.06919664
v 0.29570516 -0.04384941 0.06919664
v 0.30665658 -0.03289798 0.06919664
v 0.30665658 -0.04384941 0.06919664
v 0.27380174 -0.05480140 0.06919664
v 0.27380174 -0.06575282 0.06919664
v 0.28475317 -0.05480140 0.06919664
v 0.28475317 -0.06575282 0.06919664
v 0.27380174 -0.07670481 0.06919664
v 0.27380174 -0.08765623 0.06919664
v 0.28475317 -0.07670481 0.06919664
v 0.28475317 -0.08765623 0.06919664
v 0.29570516 -0.05480140 0.06919664
v 0.29570516 -0.06575282 0.06919664
v 0.30665658 -0.05480140 0.06919664
v 0.30665658 -0.06575282 0.06919664
v 0.29570516 -0.07670481 0.06919664
v 0.29570516 -0.08765623 0.06919664
v 0.30665658 -0.07670481 0.06919664
v 0.30665658 -0.08765623 0.06919664
v 0.31762390 -0.01100990 0.03981401
v 0.31762390 -0.02196132 0.03981401
v 0.32857589 -0.01100990 0.03981401
v 0.32857589 -0.02196132 0.03981401
v 0.31762390 -0.03291331 0.03981401
v 0.31762390 -0.04386530 0.03981401
v 0.32857589 -0.03291331 0.03981401
v 0.32857589 -0.04386530 0.03981401
v 0.33952731 -0.01100990 0.03981401
v 0.33952731 -0.02196132 0.03981401
v 0.35047930 -0.01100990 0.03981401
v 0.35047930 -0.02196132 0.03981401
v 0.33952731 -0.03291331 0.03981401
v 0.33952731 -0.04386530 0.03981401
v 0.35047930 -0.03291331 0.03981401
v 0.35047930 -0.04386530 0.03981401
v 0.31762390 -0.05481672 0.03981401
v 0.31762390 -0.06576871 0.03981401
v 0.32857589 -0.05481672 0.03981401
v 0.32857589 -0.06576871 0.03981401
v 0.31762390 -0.07672014 0.03981401
v 0.31762390 -0.08767213 0.03981401
v 0.32857589 -0.07672014 0.03981401
v 0.32857589 -0.08767213 0.03981401
v 0.33952731 -0.05481672 0.03981401
v 0.33952731 -0.06576871 0.03981401
v 0.35047930 -0.05481672 0.03981401
v 0.35047930 -0.06576871 0.03981401
v 0.33952731 -0.07672014 0.03981401
v 0.33952731 -0.08767213 0.03981401
v 0.35047930 -0.07672014 0.03981401
v 0.35047930 -0.08767213 0.03981401
v 0.31761425 -0.01095653 0.06900645
v 0.31760857 -0.02192385 0.06919607
v 0.32856624 -0.01095653 0.06900645
v 0.32855999 -0.02192385 0.06919607
v 0.31760857 -0.03289798 0.06919664
v 0.31760857 -0.04384941 0.06919664
v 0.32855999 -0.03289798 0.06919664
v 0.32855999 -0.04384941 0.06919664
v 0.33951766 -0.01095653 0.06900645
v 0.33951198 -0.02192385 0.06919607
v 0.35046965 -0.01095653 0.06900645
v 0.35046397 -0.02192385 0.06919607
v 0.33951198 -0.03289798 0.06919664
v 0.33951198 -0.04384941 0.06919664
v 0.35046397 -0.03289798 0.06919664
v 0.35046397 -0.04384941 0.06919664
v 0.31760857 -0.05480140 0.06919664
v 0.31760857 -0.06575282 0.06919664
v 0.32855999 -0.05480140 0.06919664
v 0.32855999 -0.06575282 0.06919664
v 0.31760857 -0.07670481 0.06919664
v 0.31760857 -0.08765623 0.06919664
v 0.32855999 -0.07670481 0.06919664
v 0.32855999 -0.08765623 0.06919664
v 0.33951198 -0.05480140 0.06919664
v 0.33951198 -0.06575282 0.06919664
v 0.35046397 -0.05480140 0.06919664
v 0.35046397 -0.06575282 0.06919664
v 0.33951198 -0.07670481 0.06919664
v 0.33951198 -0.08765623 0.06919664
v 0.35046397 -0.07670481 0.06919664
v 0.35046397 -0.08765623 0.06919664
v 0.27381707 -0.09862355 0.03981401
v 0.27381707 -0.10957554 0.03981401
v 0.28476850 -0.09862355 0.03981401
v 0.28476850 -0.10957554 0.03981401
v 0.27381707 -0.12052696 0.03981401
v 0.27381707 -0.13147895 0.03981401
v 0.28476850 -0.12052696 0.03981401
v 0.28476850 -0.13147895 0.03981401
v 0.29572049 -0.09862355 0.03981401
v 0.29572049 -0.10957554 0.03981401
v 0.30667248 -0.09862355 0.03981401
v 0.30667248 -0.10957554 0.03981401
v 0.29572049 -0.12052696 0.03981401
v 0.29572049 -0.13147895 0.03981401
v 0.30667248 -0.12052696 0.03981401
v 0.30667191 -0.13147895 0.03981401
v 0.27381707 -0.14243038 0.03981401
v 0.27381707 -0.15338237 0.03981401
v 0.28476850 -0.14243038 0.03981401
v 0.28476850 -0.15338237 0.03981401
v 0.27381707 -0.16433379 0.03981401
v 0.27381707 -0.17528578 0.03981401
v 0.28476850 -0.16433379 0.03981401
v 0.28476850 -0.17528578 0.03981401
v 0.29572049 -0.14243038 0.03981401
v 0.29572049 -0.15338237 0.03981401
v 0.30667191 -0.14243038 0.03981401
v 0.30667191 -0.15338237 0.03981401
v 0.29572049 -0.16433379 0.03981401
v 0.29572049 -0.17528578 0.03981401
v 0.30667191 -0.16433379 0.03981401
v 0.30667191 -0.17528578 0.03981401
v 0.27380174 -0.09860822 0.06919664
v 0.27380174 -0.10956021 0.06919664
v 0.28475317 -0.09860822 0.06919664
v 0.28475317 -0.10956021 0.06919664
v 0.27380174 -0.12051163 0.06919664
v 0.27380174 -0.13146362 0.06919664
v 0.28475317 -0.12051163 0.06919664
v 0.28475317 -0.13146362 0.06919664
v 0.29570516 -0.09860822 0.06919664
v 0.29570516 -0.10956021 0.06919664
v 0.30665658 -0.09860822 0.06919664
v 0.30665658 -0.10956021 0.06919664
v 0.29570516 -0.12051163 0.06919664
v 0.29570516 -0.13146362 0.06919664
v 0.30665658 -0.12051163 0.06919664
v 0.30665658 -0.13146362 0.06919664
v 0.27380174 -0.14241505 0.06919664
v 0.27380174 -0.15336704 0.06919664
v 0.28475317 -0.14241505 0.06919664
v 0.28475317 -0.15336704 0.06919664
v 0.27380174 -0.16431846 0.06919664
v 0.27380174 -0.17527045 0.06919664
v 0.28475317 -0.16431846 0.06919664
v 0.28475317 -0.17527045 0.06919664
v 0.29570516 -0.14241505 0.06919664
v 0.29570516 -0.15336704 0.06919664
v 0.30665658 -0.14241505 0.06919664
v 0.30665658 -0.15336704 0.06919664
v 0.29570516 -0.16431846 0.06919664
v 0.29570516 -0.17527045 0.06919664
v 0.30665658 -0.16431846 0.06919664
v 0.30665658 -0.17527045 0.06919664
v 0.31762390 -0.09862355 0.03981401
v 0.31762390 -0.10957554 0.03981401
v 0.32857589 -0.09862355 0.03981401
v 0.32857589 -0.10957554 0.03981401
v 0.31762390 -0.12052696 0.03981401
v 0.31762390 -0.13147895 0.03981401
v 0.32857589 -0.12052696 0.03981401
v 0.32857589 -0.13147895 0.03981401
v 0.33952731 -0.09862355 0.03981401
v 0.33952731 -0.10957554 0.03981401
v 0.35047930 -0.09862355 0.03981401
v 0.35047930 -0.10957554 0.03981401
v 0.33952731 -0.12052696 0.03981401
v 0.33952731 -0.13147895 0.03981401
v 0.35047930 -0.12052696 0.03981401
v 0.35047930 -0.13147895 0.03981401
v 0.31762390 -0.14243038 0.03981401
v 0.31762390 -0.15338237 0.03981401
v 0.32857589 -0.14243038 0.03981401
v 0.32857589 -0.15338237 0.03981401
v 0.31762390 -0.16433379 0.03981401
v 0.31762390 -0.17528578 0.03981401
v 0.32857532 -0.16433379 0.03981401
v 0.32857532 -0.17528578 0.03981401
v 0.33952731 -0.14243038 0.03981401
v 0.33952731 -0.15338237 0.03981401
v 0.35047930 -0.14243038 0.03981401
v 0.35047930 -0.15338237 0.03981401
v 0.33952731 -0.16433379 0.03981401
v 0.33952731 -0.17528578 0.03981401
v 0.35047930 -0.16433379 0.03981401
v 0.35047930 -0.17528578 0.03981401
v 0.31760857 -0.09860822 0.06919664
v 0.31760857 -0.10956021 0.06919664
v 0.32855999 -0.09860822 0.06919664
v 0.32855999 -0.10956021 0.06919664
v 0.31760857 -0.12051163 0.06919664
v 0.31760857 -0.13146362 0.06919664
v 0.32855999 -0.12051163 0.06919664
v 0.32855999 -0.13146362 0.06919664
v 0.33951198 -0.09860822 0.06919664
v 0.33951198 -0.10956021 0.06919664
v 0.35046397 -0.09860822 0.06919664
v 0.35046397 -0.10956021 0.06919664
v 0.33951198 -0.12051163 0.06919664
v 0.33951198 -0.13146362 0.06919664
v 0.35046397 -0.12051163 0.06919664
v 0.35046397 -0.13146362 0.06919664
v 0.31760857 -0.14241505 0.06919664
v 0.31760857 -0.15336704 0.06919664
v 0.32855999 -0.14241505 0.06919664
v 0.32855999 -0.15336704 0.06919664
v 0.31760857 -0.16431846 0.06919664
v 0.31760857 -0.17527045 0.06919664
v 0.32855999 -0.16431846 0.06919664
v 0.32855999 -0.17527045 0.06919664
v 0.33951198 -0.14241505 0.06919664
v 0.33951198 -0.15336704 0.06919664
v 0.35046397 -0.14241505 0.06919664
v 0.35046397 -0.15336704 0.06919664
v 0.33951198 -0.16431846 0.06919664
v 0.33951198 -0.17527045 0.06919664
v 0.35046397 -0.16431846 0.06919664
v 0.35046397 -0.17527045 0.06919664
v 0.18620285 -0.18623777 0.03981401
v 0.18620285 -0.19718919 0.03981401
v 0.19715484 -0.18623777 0.03981401
v 0.19715484 -0.19718919 0.03981401
v 0.18620285 -0.20814118 0.03981401
v 0.18619320 -0.21903810 0.03981912
v 0.19715484 -0.20814118 0.03981401
v 0.19716506 -0.21901880 0.03982139
v 0.20810683 -0.18623777 0.03981401
v 0.20810683 -0.19718919 0.03981401
v 0.21905826 -0.18623777 0.03981401
v 0.21905826 -0.19718919 0.03981401
v 0.20810683 -0.20814118 0.03981401
v 0.20810683 -0.21906252 0.03981572
v 0.21905826 -0.20814118 0.03981401
v 0.21905031 -0.21907330 0.03981401
v 0.18618753 -0.18622187 0.06919664
v 0.18618753 -0.19717386 0.06919664
v 0.19713952 -0.18622187 0.06919664
v 0.19713952 -0.19717386 0.06919664
v 0.18618753 -0.20812529 0.06919664
v 0.18618753 -0.21907728 0.06919664
v 0.19713952 -0.20812529 0.06919664
v 0.19713952 -0.21907728 0.06919664
v 0.20809094 -0.18622187 0.06919664
v 0.20809094 -0.19717386 0.06919664
v 0.21904293 -0.18622187 0.06919664
v 0.21904293 -0.19717386 0.06919664
v 0.20809094 -0.20812529 0.06919664
v 0.20809094 -0.21907728 0.06919664
v 0.21904293 -0.20812529 0.06919664
v 0.21904293 -0.21907728 0.06919664
v 0.18618980 -0.25768033 0.05562971
v 0.18618809 -0.25779161 0.06293633
v 0.19714179 -0.25768033 0.05562971
v 0.19714008 -0.25779161 0.06293633
v 0.18618753 -0.23002927 0.06919664
v 0.18618753 -0.24094606 0.06919494
v 0.19713952 -0.23002927 0.06919664
v 0.19713952 -0.24094606 0.06919494
v 0.18618923 -0.25020452 0.06897580
v 0.18253762 -0.25570919 0.06775064
v 0.19714122 -0.25020452 0.06897580
v 0.19348904 -0.25570919 0.06775064
v 0.20809321 -0.25768033 0.05562971
v 0.20809151 -0.25779161 0.06293633
v 0.21904520 -0.25768033 0.05562971
v 0.21904350 -0.25779161 0.06293633
v 0.20809094 -0.23002927 0.06919664
v 0.20809151 -0.24094606 0.06919494
v 0.21904293 -0.23002927 0.06919664
v 0.21904293 -0.24094606 0.06919494
v 0.20809264 -0.25020452 0.06897580
v 0.20444103 -0.25570919 0.06775064
v 0.21904463 -0.25020452 0.06897580
v 0.21539245 -0.25570919 0.06775064
v 0.23001025 -0.18623777 0.03981401
v 0.23001025 -0.19718919 0.03981401
v 0.24096167 -0.18623777 0.03981401
v 0.24096167 -0.19718919 0.03981401
v 0.23001025 -0.20814118 0.03981401
v 0.23001082 -0.21910850 0.03981742
v 0.24096167 -0.20814118 0.03981401
v 0.24096167 -0.21912780 0.03981742
v 0.25191366 -0.18623777 0.03981401
v 0.25191366 -0.19718919 0.03981401
v 0.26286508 -0.18623777 0.03981401
v 0.26286508 -0.19718919 0.03981401
v 0.25191366 -0.20814118 0.03981401
v 0.25190344 -0.21914313 0.03982083
v 0.26286508 -0.20814118 0.03981401
v 0.26286338 -0.21911645 0.03982196
v 0.22999492 -0.18622187 0.06919664
v 0.22999492 -0.19717386 0.06919664
v 0.24094634 -0.18622187 0.06919664
v 0.24094634 -0.19717386 0.06919664
v 0.22999492 -0.20812529 0.06919664
v 0.22999492 -0.21907728 0.06919664
v 0.24094634 -0.20812529 0.06919664
v 0.24094634 -0.21907728 0.06919664
v 0.25189833 -0.18622187 0.06919664
v 0.25189833 -0.19717386 0.06919664
v 0.26284975 -0.18622187 0.06919664
v 0.26284975 -0.19717386 0.06919664
v 0.25189833 -0.20812529 0.06919664
v 0.25189833 -0.21907728 0.06919664
v 0.26284975 -0.20812529 0.06919664
v 0.26284975 -0.21907728 0.06919664
v 0.22999662 -0.25768033 0.05562971
v 0.22999492 -0.25779161 0.06293633
v 0.24094861 -0.25768033 0.05562971
v 0.24094691 -0.25779161 0.06293633
v 0.22999492 -0.23002927 0.06919664
v 0.22999492 -0.24094606 0.06919494
v 0.24094634 -0.23002927 0.06919664
v 0.24094634 -0.24094606 0.06919494
v 0.22999605 -0.25020452 0.06897580
v 0.22634444 -0.25570919 0.06775064
v 0.24094804 -0.25020452 0.06897580
v 0.23729643 -0.25570919 0.06775064
v 0.25190003 -0.25768033 0.05562971
v 0.25189833 -0.25779161 0.06293633
v 0.26285203 -0.25768033 0.05562971
v 0.26285032 -0.25779161 0.06293633
v 0.25189833 -0.23002927 0.06919664
v 0.25189833 -0.24094606 0.06919494
v 0.26284975 -0.23002927 0.06919664
v 0.26284975 -0.24094606 0.06919494
v 0.25189947 -0.25020452 0.06897580
v 0.24824786 -0.25570919 0.06775064
v 0.26285146 -0.25020452 0.06897580
v 0.25919985 -0.25570919 0.06775064
v 0.27381707 -0.18623777 0.03981401
v 0.27381707 -0.19718919 0.03981401
v 0.28476850 -0.18623777 0.03981401
v 0.28476850 -0.19718919 0.03981401
v 0.27381707 -0.20814118 0.03981401
v 0.27382729 -0.21911020 0.03982026
v 0.28476850 -0.20814118 0.03981401
v 0.28476906 -0.21918287 0.03982707
v 0.29572049 -0.18623777 0.03981401
v 0.29572049 -0.19718919 0.03981401
v 0.30667191 -0.18623777 0.03981401
v 0.30667191 -0.19718919 0.03981401
v 0.29572049 -0.20814118 0.03981401
v 0.29570516 -0.21917038 0.03982537
v 0.30667191 -0.20814118 0.03981401
v 0.30665658 -0.21907103 0.03982196
v 0.27380174 -0.18622187 0.06919664
v 0.27380174 -0.19717386 0.06919664
v 0.28475317 -0.18622187 0.06919664
v 0.28475317 -0.19717386 0.06919664
v 0.27380174 -0.20812529 0.06919664
v 0.27380174 -0.21907728 0.06919664
v 0.28475317 -0.20812529 0.06919664
v 0.28475317 -0.21907728 0.06919664
v 0.29570516 -0.18622187 0.06919664
v 0.29570516 -0.19717386 0.06919664
v 0.30665658 -0.18622187 0.06919664
v 0.30665658 -0.19717386 0.06919664
v 0.29570516 -0.20812529 0.06919664
v 0.29570516 -0.21907728 0.06919664
v 0.30665658 -0.20812529 0.06919664
v 0.30665658 -0.21907728 0.06919664
v 0.27380402 -0.25768033 0.05562971
v 0.27380174 -0.25779161 0.06293633
v 0.28475544 -0.25768033 0.05562971
v 0.28475373 -0.25779161 0.06293633
v 0.27380174 -0.23002927 0.06919664
v 0.27380174 -0.24094606 0.06919494
v 0.28475317 -0.23002927 0.06919664
v 0.28475317 -0.24094606 0.06919494
v 0.27380288 -0.25020452 0.06897580
v 0.27015127 -0.25570919 0.06775064
v 0.28475487 -0.25020452 0.06897580
v 0.28110326 -0.25570919 0.06775064
v 0.29570743 -0.25768033 0.05562971
v 0.29570516 -0.25779161 0.06293633
v 0.30665885 -0.25768033 0.05562971
v 0.30665715 -0.25779161 0.06293633
v 0.29570516 -0.23002927 0.06919664
v 0.29570516 -0.24094606 0.06919494
v 0.30665658 -0.23002927 0.06919664
v 0.30665658 -0.24094606 0.06919494
v 0.29570629 -0.25020452 0.06897580
v 0.29205468 -0.25570919 0.06775064
v 0.30665828 -0.25020452 0.06897580
v 0.30300667 -0.25570919 0.06775064
v 0.31762390 -0.18623777 0.03981401
v 0.31762390 -0.19718919 0.03981401
v 0.32857532 -0.18623777 0.03981401
v 0.32857532 -0.19718919 0.03981401
v 0.31762390 -0.20814118 0.03981401
v 0.31762333 -0.21899609 0.03982480
v 0.32857532 -0.20814118 0.03981401
v 0.32857589 -0.21899609 0.03982480
v 0.33952731 -0.18623777 0.03981401
v 0.33952731 -0.19718919 0.03981401
v 0.35047930 -0.18623777 0.03981401
v 0.35047930 -0.19718919 0.03981401
v 0.33952731 -0.20814118 0.03981401
v 0.33952731 -0.21899609 0.03982480
v 0.35047930 -0.20814118 0.03981401
v 0.35048725 -0.21902164 0.03982083
v 0.31760857 -0.18622187 0.06919664
v 0.31760857 -0.19717386 0.06919664
v 0.32855999 -0.18622187 0.06919664
v 0.32855999 -0.19717386 0.06919664
v 0.31760857 -0.20812529 0.06919664
v 0.31760857 -0.21907728 0.06919664
v 0.32855999 -0.20812529 0.06919664
v 0.32855999 -0.21907728 0.06919664
v 0.33951198 -0.18622187 0.06919664
v 0.33951198 -0.19717386 0.06919664
v 0.35046397 -0.18622187 0.06919664
v 0.35046397 -0.19717386 0.06919664
v 0.33951198 -0.20812529 0.06919664
v 0.33951198 -0.21907728 0.06919664
v 0.35046397 -0.20812529 0.06919664
v 0.35046397 -0.21907728 0.06919664
v 0.31761084 -0.25768033 0.05562971
v 0.31760857 -0.25779161 0.06293633
v 0.32856226 -0.25768033 0.05562971
v 0.32856056 -0.25779161 0.06293633
v 0.31760857 -0.23002927 0.06919664
v 0.31760857 -0.24094606 0.06919494
v 0.32855999 -0.23002927 0.06919664
v 0.32856056 -0.24094606 0.06919494
v 0.31761027 -0.25020452 0.06897580
v 0.31395810 -0.25570919 0.06775064
v 0.32856170 -0.25020452 0.06897580
v 0.32491009 -0.25570919 0.06775064
v 0.33951425 -0.25768033 0.05562971
v 0.33951255 -0.25779161 0.06293633
v 0.35046568 -0.25768033 0.05562971
v 0.35046397 -0.25779161 0.06293633
v 0.33951198 -0.23002927 0.06919664
v 0.33951198 -0.24094606 0.06919494
v 0.35046397 -0.23002927 0.06919664
v 0.35046397 -0.24094606 0.06919494
v 0.33951369 -0.25020452 0.06897580
v 0.33586151 -0.25570919 0.06775064
v 0.35046511 -0.25020452 0.06897580
v 0.34681350 -0.25570919 0.06775064
v 0.36143072 -0.01100990 0.03981401
v 0.36143072 -0.02196132 0.03981401
v 0.37238272 -0.01100990 0.03981401
v 0.37238272 -0.02196132 0.03981401
v 0.36143072 -0.03291331 0.03981401
v 0.36143072 -0.04386530 0.03981401
v 0.37238272 -0.03291331 0.03981401
v 0.37238272 -0.04386530 0.03981401
v 0.38333414 -0.01100990 0.03981401
v 0.38333414 -0.02196132 0.03981401
v 0.39428613 -0.01100990 0.03981401
v 0.39428613 -0.02196132 0.03981401
v 0.38333414 -0.03291331 0.03981401
v 0.38333414 -0.04386530 0.03981401
v 0.39428613 -0.03291331 0.03981401
v 0.39428613 -0.04386530 0.03981401
v 0.36143072 -0.05481672 0.03981401
v 0.36143072 -0.06576871 0.03981401
v 0.37238272 -0.05481672 0.03981401
v 0.37238272 -0.06576871 0.03981401
v 0.36143072 -0.07672014 0.03981401
v 0.36143072 -0.08767213 0.03981401
v 0.37238272 -0.07672014 0.03981401
v 0.37238272 -0.08767213 0.03981401
v 0.38333414 -0.05481672 0.03981401
v 0.38333414 -0.06576871 0.03981401
v 0.39428613 -0.05481672 0.03981401
v 0.39428613 -0.06576871 0.03981401
v 0.38333414 -0.07672014 0.03981401
v 0.38333414 -0.08767213 0.03981401
v 0.39428613 -0.07672014 0.03981401
v 0.39428613 -0.08767213 0.03981401
v 0.36142107 -0.01095653 0.06900645
v 0.36141540 -0.02192385 0.06919607
v 0.37237306 -0.01095653 0.06900645
v 0.37236739 -0.02192385 0.06919607
v 0.36141540 -0.03289798 0.06919664
v 0.36141540 -0.04384941 0.06919664
v 0.37236739 -0.03289798 0.06919664
v 0.37236739 -0.04384941 0.06919664
v 0.38332505 -0.01095653 0.06900645
v 0.38331881 -0.02192385 0.06919607
v 0.39427648 -0.01095653 0.06900645
v 0.39427080 -0.02192385 0.06919607
v 0.38331881 -0.03289798 0.06919664
v 0.38331881 -0.04384941 0.06919664
v 0.39427080 -0.03289798 0.06919664
v 0.39427080 -0.04384941 0.06919664
v 0.36141540 -0.05480140 0.06919664
v 0.36141540 -0.06575282 0.06919664
v 0.37236739 -0.05480140 0.06919664
v 0.37236739 -0.06575282 0.06919664
v 0.36141540 -0.07670481 0.06919664
v 0.36141540 -0.08765623 0.06919664
v 0.37236739 -0.07670481 0.06919664
v 0.37236739 -0.08765623 0.06919664
v 0.38331881 -0.05480140 0.06919664
v 0.38331881 -0.06575282 0.06919664
v 0.39427080 -0.05480140 0.06919664
v 0.39427080 -0.06575282 0.06919664
v 0.38331881 -0.07670481 0.06919664
v 0.38331881 -0.08765623 0.06919664
v 0.39427080 -0.07670481 0.06919664
v 0.39427080 -0.08765623 0.06919664
v 0.40523755 -0.01100990 0.03981401
v 0.40523755 -0.02196132 0.03981401
v 0.41618954 -0.01100990 0.03981401
v 0.41618954 -0.02196132 0.03981401
v 0.40523755 -0.03291331 0.03981401
v 0.40523755 -0.04386530 0.03981401
v 0.41618954 -0.03291331 0.03981401
v 0.41618954 -0.04386530 0.03981401
v 0.42714096 -0.01100990 0.03981401
v 0.42714096 -0.02196132 0.03981401
v 0.43809295 -0.01100990 0.03981401
v 0.43809295 -0.02196132 0.03981401
v 0.42714096 -0.03291331 0.03981401
v 0.42714096 -0.04386530 0.03981401
v 0.43809295 -0.03291331 0.03981401
v 0.43809295 -0.04386530 0.03981401
v 0.40523755 -0.05481672 0.03981401
v 0.40523755 -0.06576871 0.03981401
v 0.41618954 -0.05481672 0.03981401
v 0.41618954 -0.06576871 0.03981401
v 0.40523755 -0.07672014 0.03981401
v 0.40523755 -0.08767213 0.03981401
v 0.41618954 -0.07672014 0.03981401
v 0.41618954 -0.08767213 0.03981401
v 0.42714096 -0.05481672 0.03981401
v 0.42714096 -0.06576871 0.03981401
v 0.43809295 -0.05481672 0.03981401
v 0.43809295 -0.06576871 0.03981401
v 0.42714096 -0.07672014 0.03981401
v 0.42714096 -0.08767213 0.03981401
v 0.43809295 -0.07672014 0.03981401
v 0.43809295 -0.08767213 0.03981401
v 0.40522847 -0.01095653 0.06900645
v 0.40522222 -0.02192385 0.06919607
v 0.41617989 -0.01095653 0.06900645
v 0.41617421 -0.02192385 0.06919607
v 0.40522222 -0.03289798 0.06919664
v 0.40522222 -0.04384941 0.06919664
v 0.41617421 -0.03289798 0.06919664
v 0.41617421 -0.04384941 0.06919664
v 0.42713188 -0.01095653 0.06900645
v 0.42712563 -0.02192385 0.06919607
v 0.43808330 -0.01095653 0.06900645
v 0.43807763 -0.02192385 0.06919607
v 0.42712563 -0.03289798 0.06919664
v 0.42712563 -0.04384941 0.06919664
v 0.43807763 -0.03289798 0.06919664
v 0.43807763 -0.04384941 0.06919664
v 0.40522222 -0.05480140 0.06919664
v 0.40522222 -0.06575282 0.06919664
v 0.41617421 -0.05480140 0.06919664
v 0.41617421 -0.06575282 0.06919664
v 0.40522222 -0.07670481 0.06919664
v 0.40522222 -0.08765623 0.06919664
v 0.41617421 -0.07670481 0.06919664
v 0.41617421 -0.08765623 0.06919664
v 0.42712563 -0.05480140 0.06919664
v 0.42712563 -0.06575282 0.06919664
v 0.43807763 -0.05480140 0.06919664
v 0.43807763 -0.06575282 0.06919664
v 0.42712563 -0.07670481 0.06919664
v 0.42712563 -0.08765623 0.06919664
v 0.43807763 -0.07670481 0.06919664
v 0.43807763 -0.08765623 0.06919664
v 0.36143072 -0.09862355 0.03981401
v 0.36143072 -0.10957554 0.03981401
v 0.37238272 -0.09862355 0.03981401
v 0.37238272 -0.10957554 0.03981401
v 0.36143072 -0.12052696 0.03981401
v 0.36143072 -0.13147895 0.03981401
v 0.37238272 -0.12052696 0.03981401
v 0.37238272 -0.13147895 0.03981401
v 0.38333414 -0.09862355 0.03981401
v 0.38333414 -0.10957554 0.03981401
v 0.39428613 -0.09862355 0.03981401
v 0.39428613 -0.10957554 0.03981401
v 0.38333414 -0.12052696 0.03981401
v 0.38333414 -0.13147895 0.03981401
v 0.39428613 -0.12052696 0.03981401
v 0.39428613 -0.13147895 0.03981401
v 0.36143072 -0.14243038 0.03981401
v 0.36143072 -0.15338237 0.03981401
v 0.37238272 -0.14243038 0.03981401
v 0.37238272 -0.15338237 0.03981401
v 0.36143072 -0.16433379 0.03981401
v 0.36143072 -0.17528578 0.03981401
v 0.37238272 -0.16433379 0.03981401
v 0.37238272 -0.17528578 0.03981401
v 0.38333414 -0.14243038 0.03981401
v 0.38333414 -0.15338237 0.03981401
v 0.39428613 -0.14243038 0.03981401
v 0.39428613 -0.15338237 0.03981401
v 0.38333414 -0.16433379 0.03981401
v 0.38333414 -0.17528578 0.03981401
v 0.39428613 -0.16433379 0.03981401
v 0.39428613 -0.17528578 0.03981401
v 0.36141540 -0.09860822 0.06919664
v 0.36141540 -0.10956021 0.06919664
v 0.37236739 -0.09860822 0.06919664
v 0.37236739 -0.10956021 0.06919664
v 0.36141540 -0.12051163 0.06919664
v 0.36141540 -0.13146362 0.06919664
v 0.37236739 -0.12051163 0.06919664
v 0.37236739 -0.13146362 0.06919664
v 0.38331881 -0.09860822 0.06919664
v 0.38331881 -0.10956021 0.06919664
v 0.39427080 -0.09860822 0.06919664
v 0.39427080 -0.10956021 0.06919664
v 0.38331881 -0.12051163 0.06919664
v 0.38331881 -0.13146362 0.06919664
v 0.39427080 -0.12051163 0.06919664
v 0.39427080 -0.13146362 0.06919664
v 0.36141540 -0.14241505 0.06919664
v 0.36141540 -0.15336704 0.06919664
v 0.37236739 -0.14241505 0.06919664
v 0.37236739 -0.15336704 0.06919664
v 0.36141540 -0.16431846 0.06919664
v 0.36141540 -0.17527045 0.06919664
v 0.37236739 -0.16431846 0.06919664
v 0.37236739 -0.17527045 0.06919664
v 0.38331881 -0.14241505 0.06919664
v 0.38331881 -0.15336704 0.06919664
v 0.39427080 -0.14241505 0.06919664
v 0.39427080 -0.15336704 0.06919664
v 0.38331881 -0.16431846 0.06919664
v 0.38331881 -0.17527045 0.06919664
v 0.39427080 -0.16431846 0.06919664
v 0.39427080 -0.17527045 0.06919664
v 0.40523755 -0.09862355 0.03981401
v 0.40523755 -0.10957554 0.03981401
v 0.41618954 -0.09862355 0.03981401
v 0.41618954 -0.10957554 0.03981401
v 0.40523755 -0.12052696 0.03981401
v 0.40523755 -0.13147895 0.03981401
v 0.41618954 -0.12052696 0.03981401
v 0.41618954 -0.13147895 0.03981401
v 0.42714096 -0.09862355 0.03981401
v 0.42714096 -0.10957554 0.03981401
v 0.43809295 -0.09862355 0.03981401
v 0.43809295 -0.10957554 0.03981401
v 0.42714096 -0.12052696 0.03981401
v 0.42714096 -0.13147895 0.03981401
v 0.43809295 -0.12052696 0.03981401
v 0.43809295 -0.13147895 0.03981401
v 0.40523755 -0.14243038 0.03981401
v 0.40523755 -0.15338237 0.03981401
v 0.41618954 -0.14243038 0.03981401
v 0.41618954 -0.15338237 0.03981401
v 0.40523755 -0.16433379 0.03981401
v 0.40523755 -0.17528578 0.03981401
v 0.41618954 -0.16433379 0.03981401
v 0.41618954 -0.17528578 0.03981401
v 0.42714096 -0.14243038 0.03981401
v 0.42714096 -0.15338237 0.03981401
v 0.43809295 -0.14243038 0.03981401
v 0.43809295 -0.15338237 0.03981401
v 0.42714096 -0.16433379 0.03981401
v 0.42714096 -0.17528578 0.03981401
v 0.43809295 -0.16433379 0.03981401
v 0.43809295 -0.17528578 0.03981401
v 0.40522222 -0.09860822 0.06919664
v 0.40522222 -0.10956021 0.06919664
v 0.41617421 -0.09860822 0.06919664
v 0.41617421 -0.10956021 0.06919664
v 0.40522222 -0.12051163 0.06919664
v 0.40522222 -0.13146362 0.06919664
v 0.41617421 -0.12051163 0.06919664
v 0.41617421 -0.13146362 0.06919664
v 0.42712563 -0.09860822 0.06919664
v 0.42712563 -0.10956021 0.06919664
v 0.43807763 -0.09860822 0.06919664
v 0.43807763 -0.10956021 0.06919664
v 0.42712563 -0.12051163 0.06919664
v 0.42712563 -0.13146362 0.06919664
v 0.43807763 -0.12051163 0.06919664
v 0.43807763 -0.13146362 0.06919664
v 0.40522222 -0.14241505 0.06919664
v 0.40522222 -0.15336704 0.06919664
v 0.41617421 -0.14241505 0.06919664
v 0.41617421 -0.15336704 0.06919664
v 0.40522222 -0.16431846 0.06919664
v 0.40522222 -0.17527045 0.06919664
v 0.41617421 -0.16431846 0.06919664
v 0.41617421 -0.17527045 0.06919664
v 0.42712563 -0.14241505 0.06919664
v 0.42712563 -0.15336704 0.06919664
v 0.43807763 -0.14241505 0.06919664
v 0.43807763 -0.15336704 0.06919664
v 0.42712563 -0.16431846 0.06919664
v 0.42712563 -0.17527045 0.06919664
v 0.43807763 -0.16431846 0.06919664
v 0.43807763 -0.17527045 0.06919664
v 0.44904494 -0.01100990 0.03981401
v 0.44904494 -0.02196132 0.03981401
v 0.45999637 -0.01100990 0.03981401
v 0.45999637 -0.02196132 0.03981401
v 0.44904494 -0.03291331 0.03981401
v 0.44904494 -0.04386530 0.03981401
v 0.45999637 -0.03291331 0.03981401
v 0.45999637 -0.04386530 0.03981401
v 0.44904494 -0.05481672 0.03981401
v 0.44904494 -0.06576871 0.03981401
v 0.45999637 -0.05481672 0.03981401
v 0.45999637 -0.06576871 0.03981401
v 0.44904494 -0.07672014 0.03981401
v 0.44904494 -0.08767213 0.03981401
v 0.45999637 -0.07672014 0.03981401
v 0.45999637 -0.08767213 0.03981401
v 0.44903529 -0.01095653 0.06900645
v 0.44902905 -0.02192385 0.06919607
v 0.45998672 -0.01095653 0.06900645
v 0.45998104 -0.02192385 0.06919607
v 0.44902905 -0.03289798 0.06919664
v 0.44902905 -0.04384941 0.06919664
v 0.45998104 -0.03289798 0.06919664
v 0.45998104 -0.04384941 0.06919664
v 0.47093871 -0.01095653 0.06900645
v 0.47093303 -0.02192385 0.06919607
v 0.48186515 -0.01095653 0.06900588
v 0.48185947 -0.02192442 0.06919550
v 0.47093246 -0.03289798 0.06919664
v 0.47093246 -0.04384941 0.06919664
v 0.48185947 -0.03289798 0.06919607
v 0.48185947 -0.04384941 0.06919607
v 0.44902905 -0.05480140 0.06919664
v 0.44902905 -0.06575282 0.06919664
v 0.45998104 -0.05480140 0.06919664
v 0.45998104 -0.06575282 0.06919664
v 0.44902905 -0.07670481 0.06919664
v 0.44902905 -0.08765623 0.06919664
v 0.45998104 -0.07670481 0.06919664
v 0.45998104 -0.08765623 0.06919664
v 0.47093246 -0.05480140 0.06919664
v 0.47093246 -0.06575282 0.06919664
v 0.48185947 -0.05480140 0.06919607
v 0.48185947 -0.06575282 0.06919607
v 0.47093246 -0.07670481 0.06919664
v 0.47093246 -0.08765623 0.06919664
v 0.48185947 -0.07670481 0.06919607
v 0.48185947 -0.08765680 0.06919607
v 0.49980697 -0.01100422 0.05472191
v 0.49980697 -0.02195280 0.05472362
v 0.49958102 -0.01100252 0.06288694
v 0.49958272 -0.02195110 0.06288524
v 0.49980697 -0.03290423 0.05472362
v 0.49980697 -0.04385622 0.05472362
v 0.49958329 -0.03290309 0.06288524
v 0.49958329 -0.04385451 0.06288524
v 0.49133027 -0.01097186 0.06873451
v 0.49132345 -0.02192726 0.06892129
v 0.49735781 -0.00733728 0.06760701
v 0.49735610 -0.01828984 0.06769614
v 0.49132345 -0.03290082 0.06892186
v 0.49132345 -0.04385224 0.06892186
v 0.49735837 -0.02925432 0.06769501
v 0.49735837 -0.04020631 0.06769501
v 0.49980697 -0.05480764 0.05472362
v 0.49980697 -0.06575963 0.05472362
v 0.49958329 -0.05480650 0.06288524
v 0.49958329 -0.06575793 0.06288524
v 0.49980697 -0.07671105 0.05472362
v 0.49980697 -0.08766304 0.05472362
v 0.49958329 -0.07670992 0.06288524
v 0.49958329 -0.08766134 0.06288524
v 0.49132345 -0.05480423 0.06892186
v 0.49132345 -0.06575566 0.06892186
v 0.49735837 -0.05115773 0.06769501
v 0.49735837 -0.06210972 0.06769501
v 0.49132345 -0.07670765 0.06892186
v 0.49132345 -0.08765964 0.06892186
v 0.49735837 -0.07306115 0.06769501
v 0.49735837 -0.08401314 0.06769501
v 0.44904494 -0.09862355 0.03981401
v 0.44904494 -0.10957554 0.03981401
v 0.45999637 -0.09862355 0.03981401
v 0.45999637 -0.10957554 0.03981401
v 0.44904494 -0.12052696 0.03981401
v 0.44904494 -0.13147895 0.03981401
v 0.45999637 -0.12052696 0.03981401
v 0.45999637 -0.13147895 0.03981401
v 0.44904494 -0.14243038 0.03981401
v 0.44904494 -0.15338237 0.03981401
v 0.45999637 -0.14243038 0.03981401
v 0.45999637 -0.15338237 0.03981401
v 0.44904494 -0.16433379 0.03981401
v 0.44904494 -0.17528578 0.03981401
v 0.45999637 -0.16433379 0.03981401
v 0.45999637 -0.17528578 0.03981401
v 0.44902905 -0.09860822 0.06919664
v 0.44902905 -0.10956021 0.06919664
v 0.45998104 -0.09860822 0.06919664
v 0.45998104 -0.10956021 0.06919664
v 0.44902905 -0.12051163 0.06919664
v 0.44902905 -0.13146362 0.06919664
v 0.45998104 -0.12051163 0.06919664
v 0.45998104 -0.13146362 0.06919664
v 0.47093246 -0.09860822 0.06919664
v 0.47093246 -0.10956021 0.06919664
v 0.48185947 -0.09860822 0.06919607
v 0.48185947 -0.10956021 0.06919607
v 0.47093246 -0.12051163 0.06919664
v 0.47093246 -0.13146362 0.06919664
v 0.48185947 -0.12051163 0.06919607
v 0.48185947 -0.13146362 0.06919607
v 0.44902905 -0.14241505 0.06919664
v 0.44902905 -0.15336704 0.06919664
v 0.45998104 -0.14241505 0.06919664
v 0.45998104 -0.15336704 0.06919664
v 0.44902905 -0.16431846 0.06919664
v 0.44902905 -0.17527045 0.06919664
v 0.45998104 -0.16431846 0.06919664
v 0.45998104 -0.17527045 0.06919664
v 0.47093246 -0.14241505 0.06919664
v 0.47093246 -0.15336704 0.06919664
v 0.48185947 -0.14241505 0.06919607
v 0.48185947 -0.15336704 0.06919607
v 0.47093246 -0.16431846 0.06919664
v 0.47093246 -0.17527045 0.06919664
v 0.48185947 -0.16431846 0.06919607
v 0.48185947 -0.17527045 0.06919607
v 0.49980697 -0.09861447 0.05472362
v 0.49980697 -0.10956646 0.05472362
v 0.49958329 -0.09861333 0.06288524
v 0.49958329 -0.10956475 0.06288524
v 0.49980697 -0.12051845 0.05472362
v 0.49980697 -0.13146987 0.05472362
v 0.49958329 -0.12051674 0.06288524
v 0.49958329 -0.13146873 0.06288524
v 0.49132345 -0.09861106 0.06892186
v 0.49132345 -0.10956305 0.06892186
v 0.49735837 -0.09496456 0.06769501
v 0.49735837 -0.10591655 0.06769501
v 0.49132345 -0.12051447 0.06892186
v 0.49132345 -0.13146646 0.06892186
v 0.49735837 -0.11686854 0.06769501
v 0.49735837 -0.12781996 0.06769501
v 0.49980697 -0.14242186 0.05472362
v 0.49980697 -0.15337328 0.05472362
v 0.49958329 -0.14242016 0.06288524
v 0.49958329 -0.15337215 0.06288524
v 0.49980697 -0.16432527 0.05472362
v 0.49980697 -0.17527840 0.05472021
v 0.49958329 -0.16432357 0.06288524
v 0.49958329 -0.17527556 0.06288524
v 0.49132345 -0.14241789 0.06892186
v 0.49132345 -0.15336988 0.06892186
v 0.49735837 -0.13877195 0.06769501
v 0.49735837 -0.14972338 0.06769501
v 0.49132345 -0.16432130 0.06892186
v 0.49132345 -0.17527329 0.06892186
v 0.49735837 -0.16067537 0.06769501
v 0.49735837 -0.17162679 0.06769501
v 0.36143072 -0.18623777 0.03981401
v 0.36143072 -0.19718919 0.03981401
v 0.37238272 -0.18623777 0.03981401
v 0.37238272 -0.19718919 0.03981401
v 0.36143072 -0.20814118 0.03981401
v 0.36143754 -0.21908239 0.03981572
v 0.37238272 -0.20814118 0.03981401
v 0.37238499 -0.21908977 0.03981515
v 0.38333414 -0.18623777 0.03981401
v 0.38333414 -0.19718919 0.03981401
v 0.39428613 -0.18623777 0.03981401
v 0.39428613 -0.19718919 0.03981401
v 0.38333414 -0.20814118 0.03981401
v 0.38332676 -0.21907444 0.03981458
v 0.39428613 -0.20814118 0.03981401
v 0.39427818 -0.21906933 0.03981458
v 0.36141540 -0.18622187 0.06919664
v 0.36141540 -0.19717386 0.06919664
v 0.37236739 -0.18622187 0.06919664
v 0.37236739 -0.19717386 0.06919664
v 0.36141540 -0.20812529 0.06919664
v 0.36141540 -0.21907728 0.06919664
v 0.37236739 -0.20812529 0.06919664
v 0.37236739 -0.21907728 0.06919664
v 0.38331881 -0.18622187 0.06919664
v 0.38331881 -0.19717386 0.06919664
v 0.39427080 -0.18622187 0.06919664
v 0.39427080 -0.19717386 0.06919664
v 0.38331881 -0.20812529 0.06919664
v 0.38331881 -0.21907728 0.06919664
v 0.39427080 -0.20812529 0.06919664
v 0.39427080 -0.21907728 0.06919664
v 0.36141767 -0.25768033 0.05562971
v 0.36141596 -0.25779161 0.06293633
v 0.37236909 -0.25768033 0.05562971
v 0.37236739 -0.25779161 0.06293633
v 0.36141540 -0.23002927 0.06919664
v 0.36141540 -0.24094606 0.06919494
v 0.37236739 -0.23002927 0.06919664
v 0.37236739 -0.24094606 0.06919494
v 0.36141710 -0.25020452 0.06897580
v 0.35776549 -0.25570919 0.06775064
v 0.37236852 -0.25020452 0.06897580
v 0.36871691 -0.25570919 0.06775064
v 0.38332108 -0.25768033 0.05562971
v 0.38331938 -0.25779161 0.06293633
v 0.39427307 -0.25777514 0.05562971
v 0.39426910 -0.25787790 0.06294542
v 0.38331881 -0.23002927 0.06919664
v 0.38331881 -0.24094606 0.06919494
v 0.39427080 -0.23002927 0.06919664
v 0.39427080 -0.24094606 0.06919494
v 0.38332051 -0.25020452 0.06897580
v 0.37966890 -0.25570919 0.06775064
v 0.39427023 -0.25019601 0.06898488
v 0.39061862 -0.25570067 0.06775973
v 0.40523755 -0.18623777 0.03981401
v 0.40523755 -0.19718919 0.03981401
v 0.41618954 -0.18623777 0.03981401
v 0.41618954 -0.19718919 0.03981401
v 0.40523812 -0.20814118 0.03981401
v 0.40524039 -0.21909374 0.03981628
v 0.41618897 -0.20814232 0.03981401
v 0.41628038 -0.21858279 0.03981799
v 0.42714096 -0.18623777 0.03981401
v 0.42714096 -0.19718919 0.03981401
v 0.43809295 -0.18623777 0.03981401
v 0.43809295 -0.19718919 0.03981401
v 0.42714096 -0.20814175 0.03981401
v 0.42722158 -0.21862991 0.03983104
v 0.43809295 -0.20814118 0.03981401
v 0.43808046 -0.21920899 0.03983615
v 0.40522222 -0.18622187 0.06919664
v 0.40522222 -0.19717386 0.06919664
v 0.41617421 -0.18622187 0.06919664
v 0.41617421 -0.19717386 0.06919664
v 0.40522222 -0.20812529 0.06919664
v 0.40522222 -0.21907728 0.06919664
v 0.41617421 -0.20812529 0.06919664
v 0.41617421 -0.21907728 0.06919664
v 0.42712563 -0.18622187 0.06919664
v 0.42712563 -0.19717386 0.06919664
v 0.43807763 -0.18622187 0.06919664
v 0.43807763 -0.19717386 0.06919664
v 0.42712563 -0.20812529 0.06919664
v 0.42712563 -0.21907728 0.06919664
v 0.43807763 -0.20812529 0.06919664
v 0.43807763 -0.21907728 0.06919664
v 0.40522790 -0.25786938 0.05562800
v 0.40522393 -0.25786484 0.06295620
v 0.41618273 -0.25786882 0.05562687
v 0.41617762 -0.25795568 0.06296018
v 0.40522222 -0.23002927 0.06919664
v 0.40522222 -0.24094606 0.06919494
v 0.41617421 -0.23002927 0.06919664
v 0.41617421 -0.24094606 0.06919494
v 0.40522165 -0.25018352 0.06899737
v 0.40157232 -0.25579151 0.06776370
v 0.41617535 -0.25017954 0.06900134
v 0.41252487 -0.25587724 0.06777108
v 0.42713415 -0.25786882 0.05562687
v 0.42713245 -0.25795511 0.06295904
v 0.43808614 -0.25786882 0.05562687
v 0.43808387 -0.25795511 0.06295904
v 0.42712563 -0.23002927 0.06919664
v 0.42712563 -0.24094606 0.06919494
v 0.43807763 -0.23002927 0.06919664
v 0.43807763 -0.24094606 0.06919494
v 0.42712734 -0.25017954 0.06900191
v 0.42348197 -0.25587269 0.06777335
v 0.43807876 -0.25017954 0.06900191
v 0.43443340 -0.25587269 0.06777392
v 0.44904494 -0.18623777 0.03981401
v 0.44904494 -0.19718919 0.03981401
v 0.45999637 -0.18623777 0.03981401
v 0.45999637 -0.19718919 0.03981401
v 0.44903075 -0.20812131 0.03981458
v 0.44898477 -0.21917265 0.03983615
v 0.45998161 -0.20806056 0.03982366
v 0.46105461 -0.21903470 0.03853550
v 0.44902905 -0.18622187 0.06919664
v 0.44902905 -0.19717386 0.06919664
v 0.45998104 -0.18622187 0.06919664
v 0.45998104 -0.19717386 0.06919664
v 0.44902905 -0.20812529 0.06919664
v 0.44902905 -0.21907728 0.06919664
v 0.45998104 -0.20812529 0.06919664
v 0.45998104 -0.21907728 0.06919664
v 0.47093246 -0.18622187 0.06919664
v 0.47093246 -0.19717386 0.06919664
v 0.48185947 -0.18622187 0.06919607
v 0.48185947 -0.19717386 0.06919607
v 0.47093246 -0.20812529 0.06919664
v 0.47093246 -0.21907728 0.06919664
v 0.48185947 -0.20812529 0.06919607
v 0.48185947 -0.21907728 0.06919607
v 0.44903756 -0.25786882 0.05562687
v 0.44903586 -0.25795511 0.06295904
v 0.45998955 -0.25786995 0.05562062
v 0.45998728 -0.25795511 0.06295904
v 0.44902905 -0.23002927 0.06919664
v 0.44902905 -0.24094606 0.06919494
v 0.45998104 -0.23002927 0.06919664
v 0.45998104 -0.24094606 0.06919494
v 0.44903075 -0.25017954 0.06900191
v 0.44538539 -0.25587269 0.06777392
v 0.45998217 -0.25017954 0.06900191
v 0.45633681 -0.25587269 0.06777392
v 0.47087398 -0.25788187 0.05565809
v 0.47094268 -0.25795511 0.06295280
v 0.48180610 -0.25798179 0.05519256
v 0.48187253 -0.25790288 0.06301014
v 0.47093246 -0.23002927 0.06919664
v 0.47093246 -0.24094492 0.06919494
v 0.48185890 -0.23002870 0.06919607
v 0.48186004 -0.24094549 0.06919437
v 0.47093360 -0.25017841 0.06900191
v 0.46728880 -0.25587269 0.06777392
v 0.48186628 -0.25012731 0.06905357
v 0.47823114 -0.25581876 0.06782672
v 0.49971273 -0.18622869 0.05471851
v 0.49961792 -0.19717897 0.05471794
v 0.49958329 -0.18622869 0.06288183
v 0.49958329 -0.19718068 0.06287729
v 0.49961735 -0.20812415 0.05472191
v 0.49971216 -0.21907728 0.05472362
v 0.49958329 -0.20813040 0.06287559
v 0.49958329 -0.21908068 0.06287899
v 0.49132345 -0.18622471 0.06892186
v 0.49132345 -0.19717670 0.06892186
v 0.49735837 -0.18257878 0.06769501
v 0.49735837 -0.19353020 0.06769501
v 0.49132345 -0.20812812 0.06892186
v 0.49132345 -0.21908011 0.06892186
v 0.49735837 -0.20448219 0.06769501
v 0.49735837 -0.21543361 0.06769501
v 0.49980754 -0.23003438 0.05471397
v 0.49990349 -0.24095855 0.05470829
v 0.49958329 -0.23003324 0.06288410
v 0.49957988 -0.24095855 0.06299310
v 0.49134673 -0.25797214 0.05469580
v 0.49131437 -0.25783078 0.06300162
v 0.49969627 -0.25020055 0.05470772
v 0.49954639 -0.25016932 0.06301298
v 0.49734929 -0.25586361 0.06065635
v 0.49132289 -0.23003154 0.06892186
v 0.49132118 -0.24095401 0.06901894
v 0.49735837 -0.22638560 0.06769501
v 0.49735383 -0.23732397 0.06779266
v 0.49130018 -0.25010744 0.06899964
v 0.48840251 -0.25585055 0.06776711
v 0.49733850 -0.24737498 0.06773021
v 0.49616558 -0.25480083 0.06729306
v -0.49749974 0.25573076 0.01460417
v -0.49990689 0.24064743 0.01094915
v -0.49749974 0.25573076 0.02555559
v -0.49989384 0.25002399 0.02190455
v -0.49994039 0.24071726 0.02185175
v -0.49718976 0.23304673 0.02229230
v -0.49749974 0.25573076 0.03650758
v -0.49989384 0.25002399 0.03285597
v -0.49998581 0.24082627 0.03280260
v -0.49989384 0.25002399 0.04380796
v -0.50000000 0.24086771 0.04380399
v -0.49813162 0.22829941 0.03458753
v -0.49114008 0.22573045 0.03193342
v -0.49998581 0.22989755 0.04376879
v -0.49992790 0.21891207 0.04503368
v -0.49753891 0.21524059 0.04007290
v -0.49148923 0.21869009 0.03742162
v -0.47957551 0.22537335 0.03317787
v -0.48186004 0.21863275 0.03724676
v -0.49988191 0.20801174 0.04635364
v -0.49749406 0.20435332 0.04137810
v -0.49144835 0.20794475 0.04001953
v -0.49987964 0.19708189 0.04635421
v -0.49749236 0.19343028 0.04137355
v -0.49144551 0.19707905 0.04000420
v -0.49987964 0.18612990 0.04635421
v -0.49749236 0.18247829 0.04137355
v -0.49144551 0.18612649 0.04000420
v -0.49987964 0.17517848 0.04635421
v -0.49749236 0.17152687 0.04137355
v -0.49144551 0.17517507 0.04000420
v -0.49987964 0.16422649 0.04635421
v -0.49749236 0.16057488 0.04137355
v -0.49144551 0.16422308 0.04000420
v -0.49987964 0.15327450 0.04635421
v -0.49749236 0.14962346 0.04137355
v -0.49144551 0.15327166 0.04000420
v -0.49987964 0.14232308 0.04635421
v -0.49749236 0.13867147 0.04137355
v -0.49144551 0.14231967 0.04000420
v -0.49987964 0.13137109 0.04635421
v -0.49749236 0.12772004 0.04137355
v -0.49144551 0.13136825 0.04000420
v -0.49987964 0.12041966 0.04635421
v -0.49749236 0.11676805 0.04137355
v -0.49144551 0.12041626 0.04000420
v -0.49987964 0.10946767 0.04635421
v -0.49749236 0.10581663 0.04137355
v -0.49144551 0.10946483 0.04000420
v -0.49987964 0.09851625 0.04635421
v -0.49749236 0.09486464 0.04137355
v -0.49144551 0.09851284 0.04000420
v -0.49987964 0.08756426 0.04635421
v -0.49749236 0.08391265 0.04137355
v -0.49144551 0.08756142 0.04000420
v -0.49987964 0.07661284 0.04635421
v -0.49749236 0.07296123 0.04137355
v -0.49144551 0.07660943 0.04000420
v -0.49987964 0.06566085 0.04635421
v -0.49749236 0.06200924 0.04137355
v -0.49144551 0.06565801 0.04000420
v -0.49987964 0.05470942 0.04635421
v -0.49749236 0.05105781 0.04137355
v -0.49144551 0.05470602 0.04000420
v -0.49987964 0.04375743 0.04635421
v -0.49749236 0.04010582 0.04137355
v -0.49144551 0.04375403 0.04000420
v -0.49987964 0.03280601 0.04635421
v -0.49749236 0.02915440 0.04137355
v -0.49144551 0.03280260 0.04000420
v -0.49987964 0.02185402 0.04635421
v -0.49749236 0.01820241 0.04137355
v -0.49144551 0.02185061 0.04000420
v -0.49987964 0.01090203 0.04635421
v -0.49749236 0.00725099 0.04137355
v -0.49144551 0.01089919 0.04000420
v -0.49987964 -0.00004939 0.04635421
v -0.49749236 -0.00370100 0.04137355
v -0.49144551 -0.00005280 0.04000420
v -0.49987964 -0.01100138 0.04635421
v -0.49749236 -0.01465299 0.04137355
v -0.49144551 -0.01100422 0.04000420
v -0.49987964 -0.02195280 0.04635421
v -0.49749236 -0.02560441 0.04137355
v -0.49144551 -0.02195621 0.04000420
v -0.49987964 -0.03290480 0.04635421
v -0.49749236 -0.03655640 0.04137355
v -0.49144551 -0.03290763 0.04000420
v -0.49987964 -0.04385622 0.04635421
v -0.49749236 -0.04750783 0.04137355
v -0.49144551 -0.04385962 0.04000420
v -0.49987964 -0.05480821 0.04635421
v -0.49749236 -0.05845982 0.04137355
v -0.49144551 -0.05481161 0.04000420
v -0.49987964 -0.06575963 0.04635421
v -0.49749236 -0.06941124 0.04137355
v -0.49144551 -0.06576304 0.04000420
v -0.49987964 -0.07671162 0.04635421
v -0.49749236 -0.08036323 0.04137355
v -0.49144551 -0.07671503 0.04000420
v -0.49987964 -0.08766304 0.04635421
v -0.49749236 -0.09131465 0.04137355
v -0.49144551 -0.08766645 0.04000420
v -0.49987964 -0.09861503 0.04635421
v -0.49749236 -0.10226664 0.04137355
v -0.49144551 -0.09861844 0.04000420
v -0.49987964 -0.10956702 0.04635421
v -0.49749236 -0.11321807 0.04137355
v -0.49144551 -0.10956986 0.04000420
v -0.49987964 -0.12051845 0.04635421
v -0.49749236 -0.12417006 0.04137355
v -0.49144551 -0.12052185 0.04000420
v -0.49987964 -0.13147044 0.04635421
v -0.49749236 -0.13512148 0.04137355
v -0.49144551 -0.13147328 0.04000420
v -0.49987964 -0.14242186 0.04635421
v -0.49749236 -0.14607347 0.04137355
v -0.49144551 -0.14242527 0.04000420
v -0.49987964 -0.15337385 0.04635421
v -0.49749236 -0.15702546 0.04137355
v -0.49144551 -0.15337669 0.04000420
v -0.49987964 -0.16432527 0.04635421
v -0.49749236 -0.16797688 0.04137355
v -0.49144551 -0.16432868 0.04000420
v -0.49987964 -0.17527726 0.04635421
v -0.49749236 -0.17892887 0.04137355
v -0.49144551 -0.17528010 0.04000420
v -0.49987964 -0.18622869 0.04635421
v -0.49749236 -0.18988030 0.04137355
v -0.49144551 -0.18623209 0.04000420
v -0.49987964 -0.19718068 0.04635421
v -0.49749236 -0.20083229 0.04137299
v -0.49144551 -0.19718408 0.04000420
v -0.49987964 -0.20813267 0.04635421
v -0.49749747 -0.21168038 0.04139456
v -0.49145289 -0.20802593 0.04001896
v -0.49988589 -0.21903981 0.04635137
v -0.49791020 -0.22241720 0.03891644
v -0.49193830 -0.21858165 0.03775374
v -0.49913479 -0.23201120 0.03667279
v -0.49430401 -0.22617555 0.03308817
v -0.49989043 -0.22991118 0.04504958
v -0.49994436 -0.24087907 0.04376538
v -0.48621676 -0.22559703 0.03332662
v -0.49145119 0.25780239 0.01095426
v -0.49145119 0.25780239 0.02190568
v -0.48186174 0.25800393 0.02190568
v -0.49630013 0.23292410 0.01266595
v -0.48642909 0.22883875 0.01622900
v -0.48913657 0.22904483 0.02403182
v -0.47393119 0.22863550 0.01912326
v -0.47681353 0.22880241 0.02651561
v -0.49145119 0.25780239 0.03285767
v -0.49145119 0.25780239 0.04380966
v -0.48185777 0.25800393 0.03285540
v -0.48185777 0.25800393 0.04380683
v -0.49145119 0.25779842 0.05470034
v -0.48185777 0.25800053 0.05469807
v -0.47133214 0.25799088 0.02185459
v -0.45751314 0.25017443 0.02101095
v -0.45901874 0.25636775 0.02408234
v -0.45738767 0.24137242 0.02102628
v -0.46488959 0.22886997 0.01783963
v -0.46600006 0.22888757 0.02615795
v -0.45876383 0.23265556 0.02304170
v -0.47090464 0.25800393 0.03285654
v -0.47090124 0.25800393 0.04380683
v -0.46038696 0.25798917 0.03282758
v -0.45994925 0.25800393 0.04380626
v -0.46817899 0.22560385 0.03359572
v -0.45855832 0.22556354 0.03237284
v -0.45949734 0.21860095 0.03731716
v -0.44964162 0.25014945 0.02765334
v -0.44573851 0.25584658 0.03001110
v -0.44939466 0.25791650 0.03437747
v -0.44957917 0.24202871 0.02751538
v -0.44900577 0.25800280 0.04382499
v -0.43798281 0.25009211 0.03081500
v -0.43438117 0.25578186 0.03160414
v -0.43802767 0.25785746 0.03598527
v -0.43796919 0.24213715 0.03066342
v -0.43805435 0.25799996 0.04385395
v -0.44935606 0.22652640 0.03270609
v -0.44955987 0.23384268 0.02806153
v -0.43809352 0.22718156 0.03420716
v -0.43803845 0.23480838 0.03112838
v -0.47090124 0.25799996 0.05469807
v -0.45994925 0.25799996 0.05469807
v -0.44899782 0.25799996 0.05469807
v -0.43804583 0.25799996 0.05469807
v -0.42711769 0.25008587 0.03080364
v -0.42345926 0.25578186 0.03160016
v -0.42709782 0.25785576 0.03599095
v -0.42713245 0.24213147 0.03064582
v -0.42709384 0.25799882 0.04386303
v -0.41616570 0.25008644 0.03080364
v -0.41250784 0.25578186 0.03160016
v -0.41614639 0.25785576 0.03599095
v -0.41617875 0.24213204 0.03064582
v -0.41614242 0.25799882 0.04386303
v -0.42710860 0.22729169 0.03419864
v -0.42712336 0.23450124 0.03112725
v -0.41615718 0.22729169 0.03419864
v -0.41615888 0.23491852 0.03111022
v -0.40521427 0.25008644 0.03080364
v -0.40155585 0.25578186 0.03160016
v -0.40519440 0.25785576 0.03599095
v -0.40522790 0.24213204 0.03064582
v -0.40519043 0.25799882 0.04386303
v -0.39426228 0.25008644 0.03080364
v -0.39060443 0.25578186 0.03160016
v -0.39424298 0.25785576 0.03599095
v -0.39420551 0.24211671 0.03064525
v -0.39423901 0.25799882 0.04386303
v -0.40520519 0.22729169 0.03419864
v -0.40521938 0.23450124 0.03112725
v -0.39425377 0.22729169 0.03419864
v -0.39418507 0.23490319 0.03110965
v -0.42709384 0.25799996 0.05469750
v -0.41614242 0.25799996 0.05469750
v -0.40519043 0.25799996 0.05469750
v -0.39423901 0.25799996 0.05469750
v -0.38330745 0.25008303 0.03080364
v -0.37965244 0.25578186 0.03160016
v -0.38329099 0.25785576 0.03599095
v -0.38302757 0.24207640 0.03063560
v -0.38328702 0.25799882 0.04386303
v -0.37235944 0.25007395 0.03080364
v -0.36870045 0.25578186 0.03160016
v -0.37233900 0.25785576 0.03599095
v -0.37186495 0.24193390 0.03063446
v -0.37233559 0.25799882 0.04386303
v -0.38302700 0.22717872 0.03406068
v -0.38288450 0.23437180 0.03097907
v -0.37099860 0.22717418 0.03402492
v -0.37072439 0.23459889 0.03080251
v -0.36140745 0.25007395 0.03080364
v -0.35774903 0.25578186 0.03160016
v -0.36138758 0.25785576 0.03599095
v -0.36091069 0.24193220 0.03063503
v -0.36138360 0.25799882 0.04386303
v -0.35045603 0.25007395 0.03080364
v -0.34679704 0.25578186 0.03160016
v -0.35043559 0.25785576 0.03599095
v -0.34997119 0.24192141 0.03063503
v -0.35043218 0.25799882 0.04386303
v -0.36007045 0.22693176 0.03389207
v -0.35930175 0.23429402 0.03078037
v -0.34782121 0.22697774 0.03385801
v -0.34820443 0.23448307 0.03077753
v -0.38328702 0.25799996 0.05469750
v -0.37233559 0.25799996 0.05469750
v -0.36138360 0.25799996 0.05469750
v -0.35043218 0.25799996 0.05469750
v -0.33950404 0.25007395 0.03080364
v -0.33584561 0.25578186 0.03160016
v -0.33948416 0.25785576 0.03599095
v -0.33900728 0.24193220 0.03063503
v -0.33948019 0.25799882 0.04386303
v -0.32855261 0.25007395 0.03080364
v -0.32489362 0.25578186 0.03160016
v -0.32853217 0.25785576 0.03599095
v -0.32806778 0.24192141 0.03063503
v -0.32852877 0.25799882 0.04386303
v -0.33777077 0.22695730 0.03386993
v -0.33740402 0.23429288 0.03077980
v -0.32591723 0.22697945 0.03385687
v -0.32630101 0.23448307 0.03077753
v -0.31760062 0.25007395 0.03080364
v -0.31394220 0.25578186 0.03160016
v -0.31758075 0.25785576 0.03599095
v -0.31710386 0.24193220 0.03063503
v -0.31757678 0.25799882 0.04386303
v -0.30664863 0.25007395 0.03080364
v -0.30299021 0.25578186 0.03160016
v -0.30662876 0.25785576 0.03599095
v -0.30616436 0.24192141 0.03063503
v -0.30662536 0.25799882 0.04386303
v -0.31586736 0.22695730 0.03386993
v -0.31550004 0.23429288 0.03077980
v -0.30401382 0.22697945 0.03385687
v -0.30439760 0.23448307 0.03077753
v -0.33948019 0.25799996 0.05469750
v -0.32852877 0.25799996 0.05469750
v -0.31757678 0.25799996 0.05469750
v -0.30662536 0.25799996 0.05469750
v -0.29569721 0.25007395 0.03080364
v -0.29203879 0.25578186 0.03160016
v -0.29567734 0.25785576 0.03599095
v -0.29520045 0.24193220 0.03063503
v -0.29567336 0.25799882 0.04386303
v -0.28474522 0.25007395 0.03080364
v -0.28108680 0.25578186 0.03160016
v -0.28472535 0.25785576 0.03599095
v -0.28426095 0.24192141 0.03063503
v -0.28472137 0.25799882 0.04386303
v -0.29396394 0.22695730 0.03386993
v -0.29359663 0.23429288 0.03077980
v -0.28211041 0.22697945 0.03385687
v -0.28249419 0.23448307 0.03077753
v -0.27379380 0.25007395 0.03080364
v -0.27013537 0.25578186 0.03160016
v -0.27377393 0.25785576 0.03599095
v -0.27329647 0.24193220 0.03063503
v -0.27376995 0.25799882 0.04386303
v -0.26284181 0.25007395 0.03080364
v -0.25918338 0.25578186 0.03160016
v -0.26282194 0.25785576 0.03599095
v -0.26235697 0.24192141 0.03063503
v -0.26281796 0.25799882 0.04386303
v -0.27206053 0.22695730 0.03386993
v -0.27169321 0.23429288 0.03077980
v -0.26020699 0.22697945 0.03385687
v -0.26059078 0.23448307 0.03077753
v -0.29567336 0.25799996 0.05469750
v -0.28472137 0.25799996 0.05469750
v -0.27376995 0.25799996 0.05469750
v -0.26281796 0.25799996 0.05469750
v -0.25189038 0.25007395 0.03080364
v -0.24823196 0.25578186 0.03160016
v -0.25186995 0.25785576 0.03599095
v -0.25139306 0.24193220 0.03063503
v -0.25186654 0.25799882 0.04386303
v -0.24093839 0.25007395 0.03080364
v -0.23727997 0.25578186 0.03160016
v -0.24091852 0.25785576 0.03599095
v -0.24045356 0.24192141 0.03063503
v -0.24091455 0.25799882 0.04386303
v -0.25015712 0.22695730 0.03386993
v -0.24978980 0.23429288 0.03077980
v -0.23830358 0.22697945 0.03385687
v -0.23868679 0.23448307 0.03077753
v -0.22998697 0.25007395 0.03080364
v -0.22632798 0.25578186 0.03160016
v -0.22996653 0.25785576 0.03599095
v -0.22948964 0.24193220 0.03063503
v -0.22996313 0.25799882 0.04386303
v -0.21903498 0.25007395 0.03080364
v -0.21537656 0.25578186 0.03160016
v -0.21901511 0.25785576 0.03599095
v -0.21855014 0.24192141 0.03063503
v -0.21901114 0.25799882 0.04386303
v -0.22825371 0.22695730 0.03386993
v -0.22788639 0.23429288 0.03077980
v -0.21640017 0.22697945 0.03385687
v -0.21678338 0.23448307 0.03077753
v -0.25186654 0.25799996 0.05469750
v -0.24091455 0.25799996 0.05469750
v -0.22996313 0.25799996 0.05469750
v -0.21901114 0.25799996 0.05469750
v -0.20808356 0.25007395 0.03080364
v -0.20442457 0.25578186 0.03160016
v -0.20806312 0.25785576 0.03599095
v -0.20758623 0.24193220 0.03063503
v -0.20805971 0.25799882 0.04386303
v -0.19713157 0.25007395 0.03080364
v -0.19347315 0.25578186 0.03160016
v -0.19711170 0.25785576 0.03599095
v -0.19664673 0.24192141 0.03063503
v -0.19710772 0.25799882 0.04386303
v -0.20635029 0.22695730 0.03386993
v -0.20598297 0.23429288 0.03077980
v -0.19449619 0.22697945 0.03385687
v -0.19487997 0.23448307 0.03077753
v -0.18617958 0.25007395 0.03080364
v -0.18252115 0.25578186 0.03160016
v -0.18615971 0.25785576 0.03599095
v -0.18568282 0.24193220 0.03063503
v -0.18615630 0.25799882 0.04386303
v -0.17522815 0.25007395 0.03080364
v -0.17156973 0.25578186 0.03160016
v -0.17520828 0.25785576 0.03599095
v -0.17474332 0.24192141 0.03063503
v -0.17520431 0.25799882 0.04386303
v -0.18444631 0.22695730 0.03386993
v -0.18407956 0.23429288 0.03077980
v -0.17259277 0.22697945 0.03385687
v -0.17297656 0.23448307 0.03077753
v -0.20805971 0.25799996 0.05469750
v -0.19710772 0.25799996 0.05469750
v -0.18615630 0.25799996 0.05469750
v -0.17520431 0.25799996 0.05469750
v -0.16427616 0.25007395 0.03080364
v -0.16061774 0.25578186 0.03160016
v -0.16425629 0.25785576 0.03599095
v -0.16377940 0.24193220 0.03063503
v -0.16425232 0.25799882 0.04386303
v -0.15332474 0.25007395 0.03080364
v -0.14966632 0.25578186 0.03160016
v -0.15330487 0.25785576 0.03599095
v -0.15283990 0.24192141 0.03063503
v -0.15330090 0.25799882 0.04386303
v -0.16254290 0.22695730 0.03386993
v -0.16217615 0.23429288 0.03077980
v -0.15068936 0.22697945 0.03385687
v -0.15107314 0.23448307 0.03077753
v -0.14237275 0.25007395 0.03080364
v -0.13871433 0.25578186 0.03160016
v -0.14235288 0.25785576 0.03599095
v -0.14187599 0.24193220 0.03063503
v -0.14234891 0.25799882 0.04386303
v -0.13142133 0.25007395 0.03080364
v -0.12776291 0.25578186 0.03160016
v -0.13140089 0.25785576 0.03599095
v -0.13093649 0.24192141 0.03063503
v -0.13139748 0.25799882 0.04386303
v -0.14063949 0.22695730 0.03386993
v -0.14027274 0.23429288 0.03077980
v -0.12878595 0.22697945 0.03385687
v -0.12916973 0.23448307 0.03077753
v -0.16425232 0.25799996 0.05469750
v -0.15330090 0.25799996 0.05469750
v -0.14234891 0.25799996 0.05469750
v -0.13139748 0.25799996 0.05469750
v -0.12046934 0.25007395 0.03080364
v -0.11681092 0.25578186 0.03160016
v -0.12044947 0.25785576 0.03599095
v -0.11997258 0.24193220 0.03063503
v -0.12044549 0.25799882 0.04386303
v -0.10951792 0.25007395 0.03080364
v -0.10585893 0.25578186 0.03160016
v -0.10949748 0.25785576 0.03599095
v -0.10903308 0.24192141 0.03063503
v -0.10949407 0.25799882 0.04386303
v -0.11873607 0.22695730 0.03386993
v -0.11836932 0.23429288 0.03077980
v -0.10688253 0.22697945 0.03385687
v -0.10726632 0.23448307 0.03077753
v -0.09856593 0.25007395 0.03080364
v -0.09490750 0.25578186 0.03160016
v -0.09854606 0.25785576 0.03599095
v -0.09806917 0.24193220 0.03063503
v -0.09854208 0.25799882 0.04386303
v -0.08761450 0.25007395 0.03080364
v -0.08395551 0.25578186 0.03160016
v -0.08759406 0.25785576 0.03599095
v -0.08712967 0.24192141 0.03063503
v -0.08759066 0.25799882 0.04386303
v -0.09683266 0.22695730 0.03386993
v -0.09646591 0.23429288 0.03077980
v -0.08497912 0.22697945 0.03385687
v -0.08536290 0.23448307 0.03077753
v -0.12044549 0.25799996 0.05469750
v -0.10949407 0.25799996 0.05469750
v -0.09854208 0.25799996 0.05469750
v -0.08759066 0.25799996 0.05469750
v -0.07666251 0.25007395 0.03080364
v -0.07300409 0.25578186 0.03160016
v -0.07664264 0.25785576 0.03599095
v -0.07616575 0.24193220 0.03063503
v -0.07663867 0.25799882 0.04386303
v -0.06571052 0.25007395 0.03080364
v -0.06205210 0.25578186 0.03160016
v -0.06569065 0.25785576 0.03599095
v -0.06522625 0.24192141 0.03063503
v -0.06568725 0.25799882 0.04386303
v -0.07492925 0.22695730 0.03386993
v -0.07456250 0.23429288 0.03077980
v -0.06307571 0.22697945 0.03385687
v -0.06345949 0.23448364 0.03077753
v -0.05475910 0.25007395 0.03080364
v -0.05110068 0.25578186 0.03160016
v -0.05473923 0.25785576 0.03599095
v -0.05426234 0.24193220 0.03063503
v -0.05473526 0.25799882 0.04386303
v -0.04380711 0.25007338 0.03080364
v -0.04014869 0.25578186 0.03160016
v -0.04378724 0.25785576 0.03599095
v -0.04332398 0.24192255 0.03063503
v -0.04378327 0.25799882 0.04386303
v -0.05302640 0.22695730 0.03386993
v -0.05265965 0.23429288 0.03077980
v -0.04117457 0.22697945 0.03385687
v -0.04155948 0.23448478 0.03077753
v -0.07663867 0.25799996 0.05469750
v -0.06568725 0.25799996 0.05469750
v -0.05473526 0.25799996 0.05469750
v -0.04378327 0.25799996 0.05469750
v -0.03285853 0.25007735 0.03080364
v -0.02919726 0.25578186 0.03160016
v -0.03283582 0.25785576 0.03599095
v -0.03236915 0.24193560 0.03063446
v -0.03283184 0.25799882 0.04386303
v -0.02190313 0.25008644 0.03080364
v -0.01824527 0.25578186 0.03160016
v -0.02188383 0.25785576 0.03599095
v -0.02145292 0.24189529 0.03064014
v -0.02187985 0.25799882 0.04386303
v -0.03113321 0.22695844 0.03386993
v -0.03077270 0.23429118 0.03077980
v -0.01931089 0.22698058 0.03385574
v -0.01972817 0.23445639 0.03078207
v -0.01095171 0.25008644 0.03080364
v -0.00729385 0.25578186 0.03160016
v -0.01093240 0.25785576 0.03599095
v -0.01043962 0.24213942 0.03063900
v -0.01092843 0.25799882 0.04386303
v 0.00000312 0.25008303 0.03080364
v 0.00365814 0.25578186 0.03160016
v 0.00001959 0.25785576 0.03599095
v 0.00047604 0.24208151 0.03063446
v 0.00002356 0.25799882 0.04386303
v -0.00940182 0.22688407 0.03390740
v -0.00897602 0.23450010 0.03081046
v 0.00218319 0.22715771 0.03387447
v 0.00157459 0.23431503 0.03082976
v -0.03283184 0.25799996 0.05469750
v -0.02188042 0.25799996 0.05469693
v -0.01092843 0.25799996 0.05469523
v 0.00002413 0.25799996 0.05469580
v 0.01095114 0.25007395 0.03080364
v 0.01460956 0.25578186 0.03160016
v 0.01097158 0.25785576 0.03599095
v 0.01144506 0.24193787 0.03063446
v 0.01097498 0.25799882 0.04386303
v 0.02190313 0.25007395 0.03080364
v 0.02556155 0.25578186 0.03160016
v 0.02192300 0.25785576 0.03599095
v 0.02239932 0.24193163 0.03063503
v 0.02192697 0.25799882 0.04386303
v 0.01298076 0.22707539 0.03389604
v 0.01319252 0.23461706 0.03078604
v 0.02365343 0.22695333 0.03387731
v 0.02400996 0.23430083 0.03077980
v 0.03285455 0.25007395 0.03080364
v 0.03651354 0.25578186 0.03160016
v 0.03287499 0.25785576 0.03599095
v 0.03333939 0.24192141 0.03063503
v 0.03287840 0.25799882 0.04386303
v 0.04380654 0.25007395 0.03080364
v 0.04746496 0.25578186 0.03160016
v 0.04382641 0.25785576 0.03599095
v 0.04430330 0.24193220 0.03063503
v 0.04383039 0.25799882 0.04386303
v 0.03548937 0.22697774 0.03385744
v 0.03510558 0.23448250 0.03077753
v 0.04553981 0.22695730 0.03386993
v 0.04590713 0.23429288 0.03077980
v 0.01097498 0.25799996 0.05469750
v 0.02192697 0.25799996 0.05469750
v 0.03287840 0.25799996 0.05469750
v 0.04383039 0.25799996 0.05469750
v 0.05475853 0.25007395 0.03080364
v 0.05841695 0.25578186 0.03160016
v 0.05477840 0.25785576 0.03599095
v 0.05524280 0.24192141 0.03063503
v 0.05478181 0.25799882 0.04386303
v 0.06570995 0.25007395 0.03080364
v 0.06936838 0.25578186 0.03160016
v 0.06572983 0.25785576 0.03599095
v 0.06620671 0.24193220 0.03063503
v 0.06573380 0.25799882 0.04386303
v 0.05739335 0.22697945 0.03385687
v 0.05700956 0.23448307 0.03077753
v 0.06744322 0.22695730 0.03386993
v 0.06781054 0.23429288 0.03077980
v 0.07666195 0.25007395 0.03080364
v 0.08032037 0.25578186 0.03160016
v 0.07668182 0.25785576 0.03599095
v 0.07714621 0.24192141 0.03063503
v 0.07668579 0.25799882 0.04386303
v 0.08761337 0.25007395 0.03080364
v 0.09127179 0.25578186 0.03160016
v 0.08763324 0.25785576 0.03599095
v 0.08811070 0.24193220 0.03063503
v 0.08763721 0.25799882 0.04386303
v 0.07929676 0.22697945 0.03385687
v 0.07891298 0.23448307 0.03077753
v 0.08934663 0.22695730 0.03386993
v 0.08971395 0.23429288 0.03077980
v 0.05478238 0.25799996 0.05469750
v 0.06573380 0.25799996 0.05469750
v 0.07668579 0.25799996 0.05469750
v 0.08763721 0.25799996 0.05469750
v 0.09856536 0.25007395 0.03080364
v 0.10222378 0.25578186 0.03160016
v 0.09858523 0.25785576 0.03599095
v 0.09905020 0.24192141 0.03063503
v 0.09858920 0.25799882 0.04386303
v 0.10951678 0.25007395 0.03080364
v 0.11317520 0.25578186 0.03160016
v 0.10953665 0.25785576 0.03599095
v 0.11001411 0.24193220 0.03063503
v 0.10954063 0.25799882 0.04386303
v 0.10120017 0.22697945 0.03385687
v 0.10081639 0.23448307 0.03077753
v 0.11125005 0.22695730 0.03386993
v 0.11161736 0.23429288 0.03077980
v 0.12046877 0.25007395 0.03080364
v 0.12412719 0.25578186 0.03160016
v 0.12048864 0.25785576 0.03599095
v 0.12095361 0.24192141 0.03063503
v 0.12049262 0.25799882 0.04386303
v 0.13142019 0.25007395 0.03080364
v 0.13507918 0.25578186 0.03160016
v 0.13144063 0.25785576 0.03599095
v 0.13191752 0.24193220 0.03063503
v 0.13144404 0.25799882 0.04386303
v 0.12310358 0.22697945 0.03385687
v 0.12271980 0.23448307 0.03077753
v 0.13315346 0.22695730 0.03386993
v 0.13352078 0.23429288 0.03077980
v 0.09858920 0.25799996 0.05469750
v 0.10954063 0.25799996 0.05469750
v 0.12049262 0.25799996 0.05469750
v 0.13144404 0.25799996 0.05469750
v 0.14237218 0.25007395 0.03080364
v 0.14603061 0.25578186 0.03160016
v 0.14239205 0.25785576 0.03599095
v 0.14285702 0.24192141 0.03063503
v 0.14239603 0.25799882 0.04386303
v 0.15332361 0.25007395 0.03080364
v 0.15698260 0.25578186 0.03160016
v 0.15334404 0.25785576 0.03599095
v 0.15382093 0.24193220 0.03063503
v 0.15334745 0.25799882 0.04386303
v 0.14500700 0.22697945 0.03385687
v 0.14462378 0.23448307 0.03077753
v 0.15505687 0.22695730 0.03386993
v 0.15542419 0.23429288 0.03077980
v 0.16427560 0.25007395 0.03080364
v 0.16793402 0.25578186 0.03160016
v 0.16429547 0.25785576 0.03599095
v 0.16476043 0.24192141 0.03063503
v 0.16429944 0.25799882 0.04386303
v 0.17522702 0.25007395 0.03080364
v 0.17888601 0.25578186 0.03160016
v 0.17524746 0.25785576 0.03599095
v 0.17572435 0.24193220 0.03063503
v 0.17525086 0.25799882 0.04386303
v 0.16691041 0.22697945 0.03385687
v 0.16652720 0.23448307 0.03077753
v 0.17696085 0.22695730 0.03386993
v 0.17732760 0.23429288 0.03077980
v 0.14239603 0.25799996 0.05469750
v 0.15334745 0.25799996 0.05469750
v 0.16429944 0.25799996 0.05469750
v 0.17525086 0.25799996 0.05469750
v 0.18617901 0.25007395 0.03080364
v 0.18983743 0.25578186 0.03160016
v 0.18619888 0.25785576 0.03599095
v 0.18666385 0.24192141 0.03063503
v 0.18620285 0.25799882 0.04386303
v 0.19713100 0.25007395 0.03080364
v 0.20078942 0.25578186 0.03160016
v 0.19715087 0.25785576 0.03599095
v 0.19762776 0.24193220 0.03063503
v 0.19715484 0.25799882 0.04386303
v 0.18881439 0.22697945 0.03385687
v 0.18843061 0.23448307 0.03077753
v 0.19886427 0.22695730 0.03386993
v 0.19923102 0.23429288 0.03077980
v 0.20808242 0.25007395 0.03080364
v 0.21174084 0.25578186 0.03160016
v 0.20810229 0.25785576 0.03599095
v 0.20856726 0.24192141 0.03063503
v 0.20810627 0.25799882 0.04386303
v 0.21903441 0.25007395 0.03080364
v 0.22269284 0.25578186 0.03160016
v 0.21905428 0.25785576 0.03599095
v 0.21953117 0.24193220 0.03063503
v 0.21905826 0.25799882 0.04386303
v 0.21071780 0.22697945 0.03385687
v 0.21033402 0.23448307 0.03077753
v 0.22076768 0.22695730 0.03386993
v 0.22113443 0.23429288 0.03077980
v 0.18620285 0.25799996 0.05469750
v 0.19715484 0.25799996 0.05469750
v 0.20810627 0.25799996 0.05469750
v 0.21905826 0.25799996 0.05469750
v 0.22998584 0.25007395 0.03080364
v 0.23364426 0.25578186 0.03160016
v 0.23000571 0.25785576 0.03599095
v 0.23047067 0.24192141 0.03063503
v 0.23000968 0.25799882 0.04386303
v 0.24093783 0.25007395 0.03080364
v 0.24459625 0.25578186 0.03160016
v 0.24095770 0.25785576 0.03599095
v 0.24143459 0.24193220 0.03063503
v 0.24096167 0.25799882 0.04386303
v 0.23262122 0.22697945 0.03385687
v 0.23223743 0.23448307 0.03077753
v 0.24267109 0.22695730 0.03386993
v 0.24303784 0.23429288 0.03077980
v 0.25188925 0.25007395 0.03080364
v 0.25554824 0.25578186 0.03160016
v 0.25190969 0.25785576 0.03599095
v 0.25237409 0.24192141 0.03063503
v 0.25191309 0.25799882 0.04386303
v 0.26284124 0.25007395 0.03080364
v 0.26649966 0.25578186 0.03160016
v 0.26286111 0.25785576 0.03599095
v 0.26333800 0.24193220 0.03063503
v 0.26286508 0.25799882 0.04386303
v 0.25452463 0.22697945 0.03385687
v 0.25414085 0.23448307 0.03077753
v 0.26457450 0.22695730 0.03386993
v 0.26494125 0.23429288 0.03077980
v 0.23000968 0.25799996 0.05469750
v 0.24096167 0.25799996 0.05469750
v 0.25191309 0.25799996 0.05469750
v 0.26286508 0.25799996 0.05469750
v 0.27379266 0.25007395 0.03080364
v 0.27745165 0.25578186 0.03160016
v 0.27381310 0.25785576 0.03599095
v 0.27427750 0.24192141 0.03063503
v 0.27381651 0.25799882 0.04386303
v 0.28474465 0.25007395 0.03080364
v 0.28840307 0.25578186 0.03160016
v 0.28476452 0.25785576 0.03599095
v 0.28524141 0.24193220 0.03063503
v 0.28476850 0.25799882 0.04386303
v 0.27642804 0.22697945 0.03385687
v 0.27604426 0.23448307 0.03077753
v 0.28647792 0.22695730 0.03386993
v 0.28684467 0.23429288 0.03077980
v 0.29569607 0.25007395 0.03080364
v 0.29935506 0.25578186 0.03160016
v 0.29571651 0.25785576 0.03599095
v 0.29618091 0.24192141 0.03063503
v 0.29571992 0.25799882 0.04386303
v 0.30664806 0.25007395 0.03080364
v 0.31030649 0.25578186 0.03160016
v 0.30666793 0.25785576 0.03599095
v 0.30714482 0.24193220 0.03063503
v 0.30667191 0.25799882 0.04386303
v 0.29833146 0.22697945 0.03385687
v 0.29794767 0.23448307 0.03077753
v 0.30838133 0.22695730 0.03386993
v 0.30874865 0.23429288 0.03077980
v 0.27381651 0.25799996 0.05469750
v 0.28476850 0.25799996 0.05469750
v 0.29571992 0.25799996 0.05469750
v 0.30667191 0.25799996 0.05469750
v 0.31760005 0.25007395 0.03080364
v 0.32125848 0.25578186 0.03160016
v 0.31761992 0.25785576 0.03599095
v 0.31808432 0.24192141 0.03063503
v 0.31762333 0.25799882 0.04386303
v 0.32855148 0.25007395 0.03080364
v 0.33220990 0.25578186 0.03160016
v 0.32857135 0.25785576 0.03599095
v 0.32904824 0.24193220 0.03063503
v 0.32857532 0.25799882 0.04386303
v 0.32023487 0.22697945 0.03385687
v 0.31985109 0.23448307 0.03077753
v 0.33028474 0.22695730 0.03386993
v 0.33065206 0.23429288 0.03077980
v 0.33950347 0.25007395 0.03080364
v 0.34316189 0.25578186 0.03160016
v 0.33952334 0.25785576 0.03599095
v 0.33998774 0.24192141 0.03063503
v 0.33952731 0.25799882 0.04386303
v 0.35045489 0.25007395 0.03080364
v 0.35411331 0.25578186 0.03160016
v 0.35047476 0.25785576 0.03599095
v 0.35095222 0.24193220 0.03063503
v 0.35047873 0.25799882 0.04386303
v 0.34213828 0.22697945 0.03385687
v 0.34175450 0.23448307 0.03077753
v 0.35218816 0.22695730 0.03386993
v 0.35255547 0.23429288 0.03077980
v 0.31762390 0.25799996 0.05469750
v 0.32857532 0.25799996 0.05469750
v 0.33952731 0.25799996 0.05469750
v 0.35047873 0.25799996 0.05469750
v 0.36140688 0.25007395 0.03080364
v 0.36506530 0.25578186 0.03160016
v 0.36142675 0.25785576 0.03599095
v 0.36189172 0.24192141 0.03063503
v 0.36143072 0.25799882 0.04386303
v 0.37235830 0.25007395 0.03080364
v 0.37601729 0.25578186 0.03160016
v 0.37237874 0.25785576 0.03599095
v 0.37285563 0.24193220 0.03063503
v 0.37238215 0.25799882 0.04386303
v 0.36404169 0.22697945 0.03385687
v 0.36365791 0.23448307 0.03077753
v 0.37409157 0.22695730 0.03386993
v 0.37445889 0.23429288 0.03077980
v 0.38331029 0.25007395 0.03080364
v 0.38696872 0.25578186 0.03160016
v 0.38333016 0.25785576 0.03599095
v 0.38379513 0.24192141 0.03063503
v 0.38333414 0.25799882 0.04386303
v 0.39426172 0.25007395 0.03080364
v 0.39792071 0.25578186 0.03160016
v 0.39428215 0.25785576 0.03599095
v 0.39475904 0.24193220 0.03063503
v 0.39428556 0.25799882 0.04386303
v 0.38594511 0.22697945 0.03385687
v 0.38556189 0.23448307 0.03077753
v 0.39599498 0.22695730 0.03386993
v 0.39636230 0.23429288 0.03077980
v 0.36143072 0.25799996 0.05469750
v 0.37238215 0.25799996 0.05469750
v 0.38333414 0.25799996 0.05469750
v 0.39428556 0.25799996 0.05469750
v 0.40521371 0.25007395 0.03080364
v 0.40887213 0.25578186 0.03160016
v 0.40523358 0.25785576 0.03599095
v 0.40569854 0.24192141 0.03063503
v 0.40523755 0.25799882 0.04386303
v 0.41616513 0.25007395 0.03080364
v 0.41982412 0.25578186 0.03160016
v 0.41618557 0.25785576 0.03599095
v 0.41666302 0.24193276 0.03063503
v 0.41618897 0.25799882 0.04386303
v 0.40784909 0.22697945 0.03385687
v 0.40746530 0.23448364 0.03077753
v 0.41789896 0.22695787 0.03386993
v 0.41826628 0.23429288 0.03077980
v 0.42711712 0.25007338 0.03080364
v 0.43077611 0.25578129 0.03160016
v 0.42713699 0.25785576 0.03599095
v 0.42761331 0.24193163 0.03063503
v 0.42714096 0.25799882 0.04386303
v 0.43794989 0.25007281 0.03082351
v 0.44162364 0.25579378 0.03162741
v 0.43808898 0.25785576 0.03599095
v 0.43850853 0.24190892 0.03065944
v 0.43809239 0.25799882 0.04386303
v 0.42975420 0.22698001 0.03385687
v 0.42938121 0.23449386 0.03077753
v 0.43981259 0.22696298 0.03387390
v 0.44016288 0.23425541 0.03079910
v 0.40523755 0.25799996 0.05469750
v 0.41618897 0.25799996 0.05469750
v 0.42714096 0.25799996 0.05469750
v 0.43809239 0.25799996 0.05469750
v 0.44948436 0.25008757 0.02768797
v 0.45334035 0.25584544 0.02844361
v 0.44899896 0.25786938 0.03598868
v 0.44976709 0.24120153 0.02754149
v 0.44904438 0.25799882 0.04386303
v 0.45753471 0.25297332 0.02111711
v 0.46241317 0.25686451 0.02517578
v 0.46037334 0.25793297 0.03440473
v 0.46000091 0.25800053 0.04384373
v 0.45163093 0.22689031 0.03351169
v 0.45123353 0.23373367 0.02888133
v 0.46154739 0.22614716 0.03179376
v 0.46186078 0.23384211 0.02256425
v 0.46494693 0.25588575 0.01444180
v 0.47172728 0.25795511 0.02186594
v 0.47197480 0.22918960 0.02082417
v 0.48183052 0.22897954 0.02121874
v 0.47137812 0.25799485 0.03282758
v 0.47095233 0.25800337 0.04381591
v 0.48187083 0.25800337 0.03285484
v 0.48187139 0.25800337 0.04380739
v 0.47238300 0.22556013 0.03025181
v 0.47242274 0.21847095 0.03600798
v 0.48233012 0.22542047 0.02988052
v 0.48228186 0.21857314 0.03654562
v 0.44904381 0.25799996 0.05469693
v 0.45999637 0.25799996 0.05469523
v 0.47094836 0.25799996 0.05469637
v 0.48187480 0.25800053 0.05470204
v 0.49144324 0.25780580 0.03285597
v 0.49144495 0.25780637 0.04380910
v 0.49979221 0.25002569 0.03284859
v 0.49737824 0.25573076 0.03285200
v 0.49979562 0.25002058 0.04380228
v 0.49747873 0.25572622 0.04380342
v 0.49136546 0.22569582 0.03172563
v 0.49129450 0.21859528 0.03707417
v 0.48297278 -0.23480043 0.01043763
v 0.47094098 0.20788457 0.03984581
v 0.47094836 0.19707451 0.03981401
v 0.48187877 0.20789025 0.03984524
v 0.48186799 0.19707451 0.03981458
v 0.47094836 0.18612139 0.03981401
v 0.47094836 0.17516940 0.03981401
v 0.48186799 0.18612139 0.03981458
v 0.48186799 0.17516940 0.03981458
v 0.49998751 0.24080583 0.03283042
v 0.49981208 0.24086317 0.04380228
v 0.49793121 0.22950185 0.03230698
v 0.49989327 0.22988563 0.04379888
v 0.49740720 0.21866795 0.03847816
v 0.49988248 0.21887233 0.04502289
v 0.49133481 0.20790671 0.03992302
v 0.49132516 0.19707849 0.03989747
v 0.49736178 0.20791409 0.04128840
v 0.49978199 0.20798279 0.04625145
v 0.49735781 0.19707962 0.04125604
v 0.49977348 0.19708019 0.04623612
v 0.49132516 0.18612593 0.03989747
v 0.49132516 0.17517394 0.03989747
v 0.49735781 0.18612649 0.04125604
v 0.49977348 0.18612763 0.04623612
v 0.49735781 0.17517507 0.04125604
v 0.49977348 0.17517621 0.04623612
v 0.47094836 0.16421797 0.03981401
v 0.47094836 0.15326598 0.03981401
v 0.48186799 0.16421797 0.03981458
v 0.48186799 0.15326598 0.03981458
v 0.47094836 0.14231456 0.03981401
v 0.47094836 0.13136257 0.03981401
v 0.48186799 0.14231456 0.03981458
v 0.48186799 0.13136257 0.03981458
v 0.47094836 0.12041115 0.03981401
v 0.47094836 0.10945916 0.03981401
v 0.48186799 0.12041115 0.03981458
v 0.48186799 0.10945916 0.03981458
v 0.47094836 0.09850773 0.03981401
v 0.47094836 0.08755574 0.03981401
v 0.48186799 0.09850773 0.03981458
v 0.48186799 0.08755574 0.03981458
v 0.49132516 0.16422251 0.03989747
v 0.49132516 0.15327052 0.03989747
v 0.49735781 0.16422308 0.04125604
v 0.49977348 0.16422422 0.04623612
v 0.49735781 0.15327166 0.04125604
v 0.49977348 0.15327279 0.04623612
v 0.49132516 0.14231910 0.03989747
v 0.49132516 0.13136711 0.03989747
v 0.49735781 0.14231967 0.04125604
v 0.49977348 0.14232080 0.04623612
v 0.49735781 0.13136825 0.04125604
v 0.49977348 0.13136881 0.04623612
v 0.49132516 0.12041569 0.03989747
v 0.49132516 0.10946370 0.03989747
v 0.49735781 0.12041626 0.04125604
v 0.49977348 0.12041739 0.04623612
v 0.49735781 0.10946483 0.04125604
v 0.49977348 0.10946540 0.04623612
v 0.49132516 0.09851228 0.03989747
v 0.49132516 0.08756029 0.03989747
v 0.49735781 0.09851284 0.04125604
v 0.49977348 0.09851398 0.04623612
v 0.49735781 0.08756142 0.04125604
v 0.49977348 0.08756199 0.04623612
v 0.47094836 0.07660432 0.03981401
v 0.47094836 0.06565233 0.03981401
v 0.48186799 0.07660432 0.03981458
v 0.48186799 0.06565233 0.03981458
v 0.47094836 0.05470034 0.03981401
v 0.47094836 0.04374892 0.03981401
v 0.48186799 0.05470034 0.03981458
v 0.48186799 0.04374892 0.03981458
v 0.47094836 0.03279693 0.03981401
v 0.47094836 0.02184550 0.03981401
v 0.48186799 0.03279693 0.03981458
v 0.48186799 0.02184550 0.03981458
v 0.47094836 0.01089351 0.03981401
v 0.47094836 -0.00005791 0.03981401
v 0.48186799 0.01089351 0.03981458
v 0.48186799 -0.00005791 0.03981458
v 0.49132516 0.07660830 0.03989747
v 0.49132516 0.06565687 0.03989747
v 0.49735781 0.07660943 0.04125604
v 0.49977348 0.07661057 0.04623612
v 0.49735781 0.06565744 0.04125604
v 0.49977348 0.06565858 0.04623612
v 0.49132516 0.05470488 0.03989747
v 0.49132516 0.04375346 0.03989747
v 0.49735781 0.05470602 0.04125604
v 0.49977348 0.05470715 0.04623612
v 0.49735781 0.04375403 0.04125604
v 0.49977348 0.04375516 0.04623612
v 0.49132516 0.03280147 0.03989747
v 0.49132516 0.02185005 0.03989747
v 0.49735781 0.03280260 0.04125604
v 0.49977348 0.03280374 0.04623612
v 0.49735781 0.02185061 0.04125604
v 0.49977348 0.02185175 0.04623612
v 0.49132516 0.01089806 0.03989747
v 0.49132516 -0.00005337 0.03989747
v 0.49735781 0.01089919 0.04125604
v 0.49967867 0.01089976 0.04623612
v 0.49735781 -0.00005280 0.04125604
v 0.49958386 -0.00004882 0.04623783
v 0.47094836 -0.01100990 0.03981401
v 0.47094836 -0.02196132 0.03981401
v 0.48186799 -0.01100990 0.03981458
v 0.48186799 -0.02196132 0.03981458
v 0.47094836 -0.03291331 0.03981401
v 0.47094836 -0.04386530 0.03981401
v 0.48186799 -0.03291331 0.03981458
v 0.48186799 -0.04386530 0.03981458
v 0.47094836 -0.05481672 0.03981401
v 0.47094836 -0.06576871 0.03981401
v 0.48186799 -0.05481672 0.03981458
v 0.48186799 -0.06576871 0.03981458
v 0.47094836 -0.07672014 0.03981401
v 0.47094836 -0.08767213 0.03981401
v 0.48186799 -0.07672014 0.03981458
v 0.48186799 -0.08767213 0.03981458
v 0.49132516 -0.01100536 0.03989747
v 0.49132516 -0.02195678 0.03989747
v 0.49735781 -0.01100422 0.04125604
v 0.49958386 -0.01099741 0.04623953
v 0.49735781 -0.02195621 0.04125604
v 0.49958386 -0.02194883 0.04623896
v 0.49132516 -0.03290877 0.03989747
v 0.49132516 -0.04386076 0.03989747
v 0.49735781 -0.03290763 0.04125604
v 0.49958386 -0.03290082 0.04623896
v 0.49735781 -0.04385962 0.04125604
v 0.49958386 -0.04385224 0.04623896
v 0.49132516 -0.05481218 0.03989747
v 0.49132516 -0.06576417 0.03989747
v 0.49735781 -0.05481105 0.04125604
v 0.49958386 -0.05480423 0.04623896
v 0.49735781 -0.06576304 0.04125604
v 0.49958386 -0.06575566 0.04623896
v 0.49132516 -0.07671560 0.03989747
v 0.49132516 -0.08766759 0.03989747
v 0.49735781 -0.07671503 0.04125604
v 0.49958386 -0.07670765 0.04623896
v 0.49735781 -0.08766645 0.04125604
v 0.49958386 -0.08765907 0.04623896
v 0.47094836 -0.09862355 0.03981401
v 0.47094836 -0.10957554 0.03981401
v 0.48186799 -0.09862355 0.03981458
v 0.48186799 -0.10957554 0.03981458
v 0.47094836 -0.12052696 0.03981401
v 0.47094836 -0.13147895 0.03981401
v 0.48186799 -0.12052696 0.03981458
v 0.48186799 -0.13147895 0.03981458
v 0.47094836 -0.14243038 0.03981401
v 0.47094836 -0.15338237 0.03981401
v 0.48186799 -0.14243038 0.03981458
v 0.48186799 -0.15338237 0.03981458
v 0.47094836 -0.16433379 0.03981401
v 0.47094836 -0.17528578 0.03981401
v 0.48186799 -0.16433379 0.03981458
v 0.48186799 -0.17528578 0.03981458
v 0.49132516 -0.09861901 0.03989747
v 0.49132516 -0.10957100 0.03989747
v 0.49735781 -0.09861844 0.04125604
v 0.49958386 -0.09861106 0.04623896
v 0.49735781 -0.10956986 0.04125604
v 0.49958386 -0.10956248 0.04623896
v 0.49132516 -0.12052242 0.03989747
v 0.49132516 -0.13147441 0.03989747
v 0.49735781 -0.12052185 0.04125604
v 0.49958386 -0.12051447 0.04623896
v 0.49735781 -0.13147328 0.04125604
v 0.49958386 -0.13146646 0.04623896
v 0.49132516 -0.14242583 0.03989747
v 0.49132516 -0.15337782 0.03989747
v 0.49735781 -0.14242527 0.04125604
v 0.49958386 -0.14241789 0.04623896
v 0.49735781 -0.15337669 0.04125604
v 0.49958386 -0.15336988 0.04623896
v 0.49132856 -0.16433152 0.03990031
v 0.49133878 -0.17528351 0.03990939
v 0.49736121 -0.16433038 0.04125887
v 0.49958386 -0.16432130 0.04623896
v 0.49727322 -0.17528067 0.04126512
v 0.49949302 -0.17527670 0.04623896
v 0.47094836 -0.18623777 0.03981401
v 0.47094836 -0.19718919 0.03981401
v 0.48186799 -0.18623777 0.03981458
v 0.48186799 -0.19718919 0.03981458
v 0.47094722 -0.20801969 0.03983161
v 0.47158705 -0.21877752 0.03731205
v 0.48187593 -0.20802310 0.03983104
v 0.48143254 -0.21870542 0.03733476
v 0.46248755 -0.22844191 0.03745171
v 0.46024389 -0.24151605 0.04457666
v 0.46098251 -0.23599947 0.04105620
v 0.48141097 -0.23475047 0.01983462
v 0.47820218 -0.24219221 0.01453945
v 0.48925693 -0.23123341 0.01987209
v 0.47866715 -0.23378704 0.02747904
v 0.47723819 -0.24191460 0.02396596
v 0.48609470 -0.23090129 0.02682673
v 0.47722002 -0.25004840 0.02181201
v 0.47069799 -0.22849527 0.03514050
v 0.46739723 -0.24145474 0.04152514
v 0.47145590 -0.23880346 0.03578770
v 0.48064681 -0.22637028 0.03268111
v 0.47494287 -0.25015740 0.03372629
v 0.47767533 -0.25570919 0.03331242
v 0.48403897 -0.25777401 0.03282361
v 0.46919919 -0.24757425 0.04187769
v 0.47244545 -0.25560473 0.04474925
v 0.48289387 -0.25779104 0.04427350
v 0.49134616 -0.18623323 0.03991620
v 0.49134276 -0.19718295 0.03991280
v 0.49718181 -0.18623096 0.04127080
v 0.49950267 -0.18622528 0.04624577
v 0.49718522 -0.19717557 0.04127647
v 0.49941524 -0.19717330 0.04625088
v 0.49134787 -0.20805035 0.03992075
v 0.49143643 -0.21885813 0.03736485
v 0.49728116 -0.20810258 0.04127988
v 0.49950665 -0.20811847 0.04625315
v 0.49746340 -0.21896884 0.03999682
v 0.49950494 -0.21905003 0.04624464
v 0.49694053 -0.23161095 0.01817346
v 0.49428073 -0.23078945 0.02603929
v 0.49965766 -0.23456028 0.01418178
v 0.49999943 -0.24257827 0.02289864
v 0.49970024 -0.23457391 0.02503215
v 0.49978824 -0.25000355 0.02190057
v 0.48938126 -0.22589566 0.03332889
v 0.49997786 -0.24178516 0.03324146
v 0.49802432 -0.23065433 0.03578657
v 0.49968321 -0.22994184 0.04497237
v 0.49988305 -0.24088985 0.04375062
v 0.49137001 -0.25759517 0.03284291
v 0.49135865 -0.25768714 0.04380172
v 0.49979221 -0.25000128 0.03285143
v 0.49737938 -0.25551389 0.02919528
v 0.49979448 -0.25009779 0.04380512
v 0.49737597 -0.25570465 0.04014727
v 0.49737654 -0.25579435 0.05107314
v -0.49712220 -0.23391648 0.02784863
v -0.49933179 -0.24204177 0.02418056
v -0.49018516 -0.23034890 0.02640434
v -0.48271333 -0.22907378 0.02485672
v -0.49989781 -0.25007281 0.02188695
v -0.49991371 -0.24126171 0.03351907
v -0.49989894 -0.25008587 0.03285597
v -0.49750485 -0.25578356 0.03285654
v -0.49148242 -0.25786598 0.03286562
v -0.49989838 -0.25008757 0.04380796
v -0.49750485 -0.25578413 0.04380853
v -0.49146255 -0.25786654 0.04381194
v -0.48290125 -0.25767806 0.03309612
v -0.48181689 -0.25800393 0.04434276
v -0.47754533 -0.23324032 0.02415842
v -0.47118623 -0.23969763 0.03607384
v -0.46684597 -0.24665737 0.04294786
v -0.46090870 -0.24309603 0.04309206
v -0.46207765 -0.23578770 0.03979130
v -0.46922758 -0.25025846 0.04200316
v -0.47242388 -0.25613441 0.04287859
v -0.44890869 -0.24140989 0.04447447
v -0.44883545 -0.23403173 0.04214680
v -0.43792661 -0.24143203 0.04450059
v -0.43753885 -0.23420262 0.04238240
v -0.45978063 -0.25028855 0.04661536
v -0.45979709 -0.25563765 0.04933250
v -0.44899782 -0.25032999 0.04649614
v -0.44901372 -0.25561268 0.04923769
v -0.43803675 -0.25030160 0.04647627
v -0.43805832 -0.25561324 0.04923712
v -0.42654258 -0.24142806 0.04436263
v -0.42660503 -0.23424633 0.04222344
v -0.41544241 -0.22685057 0.04027046
v -0.41529026 -0.24145587 0.04441883
v -0.41540040 -0.23431105 0.04245280
v -0.40486115 -0.22680686 0.04041523
v -0.40449497 -0.24144282 0.04460051
v -0.40476691 -0.23428210 0.04243634
v -0.39411184 -0.22673192 0.04048336
v -0.39390462 -0.24146496 0.04476515
v -0.39388134 -0.23423895 0.04270374
v -0.42707851 -0.25026300 0.04645299
v -0.42710633 -0.25561438 0.04923712
v -0.41614072 -0.25023859 0.04644107
v -0.41615434 -0.25561551 0.04923712
v -0.40519667 -0.25023234 0.04643823
v -0.40520292 -0.25561551 0.04923712
v -0.39424979 -0.25024086 0.04644164
v -0.39425093 -0.25561551 0.04923712
v -0.38277833 -0.22669388 0.04060315
v -0.38316496 -0.24148767 0.04485031
v -0.38283057 -0.23419637 0.04273666
v -0.37154986 -0.22664789 0.04055660
v -0.37182805 -0.24151265 0.04498769
v -0.37190526 -0.23416742 0.04276391
v -0.36103616 -0.22658999 0.04019155
v -0.36060128 -0.24152400 0.04494398
v -0.36095781 -0.23410553 0.04250787
v -0.35042991 -0.22654741 0.03989463
v -0.35008871 -0.24146836 0.04457780
v -0.35008814 -0.23409418 0.04242044
v -0.38330462 -0.25027492 0.04645924
v -0.38329894 -0.25561495 0.04923712
v -0.37234922 -0.25031296 0.04648252
v -0.37234695 -0.25561381 0.04923712
v -0.36138928 -0.25032431 0.04649046
v -0.36139553 -0.25561324 0.04923712
v -0.35043729 -0.25032375 0.04649046
v -0.35044410 -0.25561324 0.04923712
v -0.33939901 -0.22665641 0.04002350
v -0.33947508 -0.24137753 0.04427123
v -0.33938425 -0.23409418 0.04224899
v -0.32798318 -0.22677109 0.04015124
v -0.32844758 -0.24140932 0.04438761
v -0.32804847 -0.23414187 0.04220981
v -0.31669283 -0.22686022 0.04015692
v -0.31702836 -0.24144225 0.04449434
v -0.31705447 -0.23428153 0.04235118
v -0.30607296 -0.22684773 0.04034086
v -0.30572948 -0.24144906 0.04448696
v -0.30606785 -0.23428948 0.04252831
v -0.33948587 -0.25032431 0.04649046
v -0.33949211 -0.25561324 0.04923712
v -0.32851912 -0.25030160 0.04647627
v -0.32854069 -0.25561381 0.04923712
v -0.31756145 -0.25026357 0.04645356
v -0.31758927 -0.25561438 0.04923712
v -0.30662422 -0.25024086 0.04644164
v -0.30663728 -0.25561551 0.04923712
v -0.29549737 -0.22684262 0.04035733
v -0.29512437 -0.24144282 0.04467317
v -0.29518853 -0.23430537 0.04236935
v -0.28463508 -0.22682957 0.04037890
v -0.28455049 -0.24146893 0.04470440
v -0.28459931 -0.23427245 0.04274688
v -0.27369217 -0.22682275 0.04035846
v -0.27367060 -0.24147972 0.04473335
v -0.27364903 -0.23431786 0.04238127
v -0.26257043 -0.22681310 0.04009504
v -0.26275267 -0.24150356 0.04472370
v -0.26257043 -0.23427358 0.04250901
v -0.29567791 -0.25023575 0.04643937
v -0.29568529 -0.25561551 0.04923712
v -0.28472932 -0.25024370 0.04644277
v -0.28473330 -0.25561551 0.04923712
v -0.27378812 -0.25027719 0.04646094
v -0.27378131 -0.25561495 0.04923712
v -0.26281853 -0.25029252 0.04646889
v -0.26282988 -0.25561438 0.04923712
v -0.25164286 -0.22674043 0.04001385
v -0.25160879 -0.24150867 0.04446312
v -0.25184497 -0.23424860 0.04226943
v -0.24092704 -0.22678528 0.04016203
v -0.24068519 -0.24145644 0.04437228
v -0.24071130 -0.23422476 0.04239716
v -0.22994269 -0.22677336 0.04017963
v -0.22998016 -0.24146212 0.04451989
v -0.22992849 -0.23418785 0.04219846
v -0.21901738 -0.22677620 0.04013818
v -0.21899127 -0.24147972 0.04453522
v -0.21901625 -0.23424576 0.04249027
v -0.25185235 -0.25026924 0.04645583
v -0.25187846 -0.25561438 0.04923712
v -0.24093328 -0.25027379 0.04645867
v -0.24092647 -0.25561495 0.04923712
v -0.22996880 -0.25028117 0.04646321
v -0.22997505 -0.25561438 0.04923712
v -0.21899751 -0.25025505 0.04644959
v -0.21902363 -0.25561495 0.04923712
v -0.20806312 -0.22671545 0.04038742
v -0.20806539 -0.24145758 0.04449718
v -0.20808413 -0.23424974 0.04246699
v -0.19712135 -0.22671545 0.04046179
v -0.19711681 -0.24147404 0.04475549
v -0.19714292 -0.23418956 0.04256635
v -0.18617787 -0.22669104 0.04031872
v -0.18616425 -0.24148313 0.04483611
v -0.18615687 -0.23417366 0.04259019
v -0.17521112 -0.22670807 0.04011604
v -0.17523043 -0.24151946 0.04470326
v -0.17522305 -0.23418956 0.04243463
v -0.20806426 -0.25024540 0.04644391
v -0.20807164 -0.25561551 0.04923712
v -0.19712703 -0.25027322 0.04645810
v -0.19711965 -0.25561495 0.04923712
v -0.18617333 -0.25030955 0.04647968
v -0.18616765 -0.25561381 0.04923712
v -0.17519750 -0.25030842 0.04647968
v -0.17521623 -0.25561381 0.04923712
v -0.16418930 -0.22677393 0.04008595
v -0.16424835 -0.24150073 0.04448583
v -0.16418249 -0.23419694 0.04239319
v -0.15276383 -0.22676939 0.04010526
v -0.15323731 -0.24147347 0.04444722
v -0.15283252 -0.23422532 0.04223707
v -0.14145020 -0.22677563 0.04003599
v -0.14180559 -0.24145360 0.04445403
v -0.14182092 -0.23426052 0.04227794
v -0.13080308 -0.22672681 0.03998206
v -0.13049764 -0.24144622 0.04437853
v -0.13080932 -0.23414528 0.04218370
v -0.16425516 -0.25029649 0.04647173
v -0.16426481 -0.25561381 0.04923712
v -0.15330260 -0.25028911 0.04646605
v -0.15331509 -0.25561268 0.04923542
v -0.14233585 -0.25025675 0.04644618
v -0.14236140 -0.25570465 0.04923201
v -0.13139521 -0.25022894 0.04643085
v -0.13140827 -0.25579832 0.04922804
v -0.12021784 -0.22672624 0.03999285
v -0.11985620 -0.24138207 0.04432062
v -0.11991864 -0.23413733 0.04220641
v -0.10908644 -0.22681083 0.04007744
v -0.10926925 -0.24138832 0.04433254
v -0.10901718 -0.23419524 0.04222117
v -0.09820769 -0.22676768 0.04005814
v -0.09814922 -0.24149959 0.04443189
v -0.09848588 -0.23428380 0.04222060
v -0.08758214 -0.22673873 0.04015862
v -0.08725854 -0.24150527 0.04441997
v -0.08728863 -0.23426847 0.04245394
v -0.12045060 -0.25022099 0.04642745
v -0.12045117 -0.25579548 0.04922236
v -0.10950088 -0.25022383 0.04642858
v -0.10949975 -0.25579548 0.04922236
v -0.09854662 -0.25023291 0.04643256
v -0.09854776 -0.25579548 0.04922236
v -0.08761166 -0.25025902 0.04644618
v -0.08759577 -0.25579491 0.04922236
v -0.07665456 -0.22668253 0.04022164
v -0.07663867 -0.24146439 0.04452613
v -0.07662845 -0.23415038 0.04227567
v -0.06568668 -0.22668253 0.04005303
v -0.06570144 -0.24150697 0.04460902
v -0.06568441 -0.23419069 0.04237843
v -0.05466713 -0.22670183 0.03997127
v -0.05472617 -0.24147347 0.04442281
v -0.05466372 -0.23415777 0.04224785
v -0.04319170 -0.22617838 0.03995878
v -0.04370889 -0.24143146 0.04434106
v -0.04334896 -0.23414471 0.04217859
v -0.07666138 -0.25029763 0.04646889
v -0.07664378 -0.25579378 0.04922236
v -0.06567987 -0.25029877 0.04647003
v -0.06569236 -0.25579321 0.04922236
v -0.05473469 -0.25029082 0.04646435
v -0.05474093 -0.25579378 0.04922236
v -0.04377986 -0.25028514 0.04646037
v -0.04378894 -0.25579378 0.04922236
v -0.03237312 -0.22671886 0.04004508
v -0.03232259 -0.24139683 0.04431835
v -0.03261440 -0.23367066 0.04222968
v -0.02174417 -0.22620109 0.04006097
v -0.02141375 -0.24143714 0.04441202
v -0.02140864 -0.23369734 0.04217972
v -0.01094206 -0.22664222 0.03993664
v -0.01088358 -0.24146439 0.04443076
v -0.01090686 -0.23412938 0.04223934
v 0.00008487 -0.22662916 0.03993607
v 0.00002015 -0.24141500 0.04431153
v 0.00010191 -0.23412824 0.04220925
v -0.03281651 -0.25025448 0.04644391
v -0.03283752 -0.25579435 0.04922236
v -0.02188439 -0.25023915 0.04643539
v -0.02188553 -0.25579491 0.04922236
v -0.01094660 -0.25026584 0.04644959
v -0.01093354 -0.25579491 0.04922236
v 0.00000937 -0.25030388 0.04647230
v 0.00001788 -0.25579378 0.04922236
v 0.01103573 -0.22668480 0.04004508
v 0.01103516 -0.24141159 0.04430869
v 0.01099031 -0.23412200 0.04220527
v 0.02192754 -0.22668934 0.04005416
v 0.02199397 -0.24146269 0.04441997
v 0.02197069 -0.23420148 0.04218994
v 0.03286818 -0.22668877 0.03998263
v 0.03287783 -0.24147064 0.04442735
v 0.03284944 -0.23417423 0.04227964
v 0.04391044 -0.22670751 0.03999625
v 0.04382698 -0.24146042 0.04435752
v 0.04392633 -0.23414528 0.04221833
v 0.01098463 -0.25029366 0.04646719
v 0.01096931 -0.25579321 0.04922236
v 0.02193890 -0.25026357 0.04644788
v 0.02192073 -0.25579435 0.04922236
v 0.03286647 -0.25027435 0.04645413
v 0.03287329 -0.25579435 0.04922236
v 0.04381506 -0.25030501 0.04647286
v 0.04382471 -0.25579378 0.04922236
v 0.05531831 -0.22677393 0.04007119
v 0.05486186 -0.24146382 0.04436263
v 0.05525075 -0.23419013 0.04225466
v 0.06661718 -0.22681878 0.04009277
v 0.06627711 -0.24145190 0.04441713
v 0.06625100 -0.23426166 0.04222344
v 0.07727963 -0.22680856 0.04011037
v 0.07756803 -0.24144622 0.04443643
v 0.07730234 -0.23427415 0.04234266
v 0.08783535 -0.22672738 0.04027160
v 0.08822992 -0.24145474 0.04446085
v 0.08805619 -0.23425768 0.04241760
v 0.05479146 -0.25029309 0.04646662
v 0.05477613 -0.25579321 0.04922236
v 0.06574913 -0.25025448 0.04644334
v 0.06572755 -0.25579435 0.04922236
v 0.07668579 -0.25023291 0.04643256
v 0.07667954 -0.25579491 0.04922236
v 0.08762926 -0.25023404 0.04643312
v 0.08763153 -0.25579548 0.04922236
v 0.09859431 -0.22672340 0.04018644
v 0.09878336 -0.24147404 0.04463627
v 0.09872319 -0.23419978 0.04230803
v 0.10952927 -0.22670126 0.04000023
v 0.10955539 -0.24147461 0.04455622
v 0.10957696 -0.23414471 0.04240625
v 0.12048410 -0.22669899 0.04014046
v 0.12047785 -0.24147858 0.04437171
v 0.12050511 -0.23417934 0.04234777
v 0.13145085 -0.22672454 0.04014840
v 0.13144404 -0.24146212 0.04451137
v 0.13140884 -0.23422135 0.04220187
v 0.09856763 -0.25026300 0.04644845
v 0.09858353 -0.25579491 0.04922236
v 0.10952189 -0.25030047 0.04647059
v 0.10953552 -0.25579378 0.04922236
v 0.12050340 -0.25029025 0.04646492
v 0.12048694 -0.25579378 0.04922236
v 0.13145653 -0.25025732 0.04644505
v 0.13143836 -0.25579435 0.04922236
v 0.14236026 -0.22673873 0.04005586
v 0.14240227 -0.24146212 0.04451308
v 0.14238411 -0.23419240 0.04241703
v 0.15334745 -0.22669104 0.04005416
v 0.15331282 -0.24149732 0.04443814
v 0.15333837 -0.23419694 0.04221890
v 0.16434713 -0.22673192 0.03997865
v 0.16431023 -0.24147518 0.04442451
v 0.16435337 -0.23417196 0.04225126
v 0.17530139 -0.22669274 0.03998774
v 0.17530082 -0.24144395 0.04434730
v 0.17524916 -0.23421170 0.04220925
v 0.14238070 -0.25026811 0.04645016
v 0.14239035 -0.25579435 0.04922236
v 0.15334348 -0.25028344 0.04645924
v 0.15334234 -0.25579435 0.04922236
v 0.16430001 -0.25029139 0.04646435
v 0.16429376 -0.25579378 0.04922236
v 0.17525541 -0.25028457 0.04646037
v 0.17524519 -0.25579378 0.04922236
v 0.18619434 -0.22671318 0.04000420
v 0.18626474 -0.24146326 0.04436320
v 0.18624316 -0.23418899 0.04217745
v 0.19715314 -0.22667742 0.03997809
v 0.19714406 -0.24147575 0.04437285
v 0.19712192 -0.23418331 0.04223082
v 0.20808526 -0.22667287 0.04004905
v 0.20810513 -0.24145985 0.04435582
v 0.20811649 -0.23414982 0.04227567
v 0.21907529 -0.22670069 0.04023470
v 0.21903725 -0.24149789 0.04443643
v 0.21906961 -0.23418615 0.04238751
v 0.18621194 -0.25025789 0.04644505
v 0.18619718 -0.25579435 0.04922236
v 0.19714065 -0.25026981 0.04645186
v 0.19714917 -0.25579435 0.04922236
v 0.20809321 -0.25030444 0.04647286
v 0.20810116 -0.25579378 0.04922236
v 0.21906507 -0.25029877 0.04647003
v 0.21905258 -0.25579321 0.04922236
v 0.23009086 -0.22674327 0.04016430
v 0.23003863 -0.24147858 0.04460505
v 0.23007951 -0.23418218 0.04225466
v 0.24147092 -0.22669502 0.03997411
v 0.24104796 -0.24144622 0.04452897
v 0.24141415 -0.23418956 0.04236707
v 0.25265965 -0.22682219 0.04002294
v 0.25242745 -0.24141841 0.04433254
v 0.25232413 -0.23420205 0.04219789
v 0.26327271 -0.22673192 0.04020291
v 0.26360767 -0.24146439 0.04437512
v 0.26331529 -0.23422192 0.04237559
v 0.23001025 -0.25029082 0.04646435
v 0.23000400 -0.25579378 0.04922236
v 0.24096621 -0.25028344 0.04645981
v 0.24095599 -0.25579378 0.04922236
v 0.25192672 -0.25024767 0.04644050
v 0.25190742 -0.25579435 0.04922236
v 0.26285941 -0.25023064 0.04643142
v 0.26285941 -0.25579491 0.04922236
v 0.27387555 -0.22683297 0.04035960
v 0.27422300 -0.24145985 0.04455963
v 0.27415373 -0.23427301 0.04240965
v 0.28485763 -0.22678812 0.04017906
v 0.28481789 -0.24146836 0.04471008
v 0.28492405 -0.23419296 0.04238013
v 0.29578975 -0.22681083 0.04012513
v 0.29581189 -0.24147347 0.04452897
v 0.29573695 -0.23429005 0.04249027
v 0.30668156 -0.22674384 0.04012740
v 0.30673720 -0.24146723 0.04448072
v 0.30670484 -0.23427131 0.04220925
v 0.27379096 -0.25025619 0.04644505
v 0.27381140 -0.25579491 0.04922236
v 0.28476282 -0.25027151 0.04645299
v 0.28476282 -0.25579435 0.04922236
v 0.29573241 -0.25024767 0.04644050
v 0.29571424 -0.25579491 0.04922236
v 0.30666623 -0.25023518 0.04643369
v 0.30666623 -0.25579491 0.04922236
v 0.31760800 -0.22669331 0.03998944
v 0.31762958 -0.24148142 0.04448923
v 0.31760062 -0.23420432 0.04233698
v 0.32857589 -0.22660418 0.03998149
v 0.32855545 -0.24147688 0.04436887
v 0.32856908 -0.23413392 0.04222798
v 0.33952845 -0.22660361 0.03998092
v 0.33952391 -0.24147915 0.04436887
v 0.33952334 -0.23412030 0.04221776
v 0.35048555 -0.22663427 0.03998036
v 0.35047590 -0.24147858 0.04436831
v 0.35047249 -0.23412484 0.04222117
v 0.31760176 -0.25026016 0.04644675
v 0.31761822 -0.25579491 0.04922236
v 0.32855432 -0.25029877 0.04647003
v 0.32857021 -0.25579378 0.04922236
v 0.33952163 -0.25031523 0.04648081
v 0.33952163 -0.25579321 0.04922293
v 0.35047362 -0.25031466 0.04648081
v 0.35047306 -0.25579264 0.04922293
v 0.36150283 -0.22668877 0.04006211
v 0.36144038 -0.24146098 0.04435752
v 0.36152553 -0.23413960 0.04228078
v 0.37288572 -0.22669502 0.04006552
v 0.37245765 -0.24146382 0.04443076
v 0.37281986 -0.23416287 0.04218597
v 0.38378605 -0.22673192 0.03998830
v 0.38383147 -0.24145077 0.04442451
v 0.38345563 -0.23415833 0.04224899
v 0.39433779 -0.22667969 0.03998376
v 0.39474371 -0.24144963 0.04435411
v 0.39467218 -0.23417026 0.04219335
v 0.36142505 -0.25031523 0.04648081
v 0.36142505 -0.25579264 0.04922293
v 0.37239237 -0.25029195 0.04646605
v 0.37237647 -0.25579321 0.04922236
v 0.38335003 -0.25025278 0.04644277
v 0.38332789 -0.25579435 0.04922236
v 0.39428102 -0.25023688 0.04643426
v 0.39427988 -0.25579491 0.04922236
v 0.40530795 -0.22670978 0.03996787
v 0.40528921 -0.24143260 0.04434276
v 0.40536359 -0.23414528 0.04217972
v 0.41681404 -0.22615624 0.03998433
v 0.41626278 -0.24141386 0.04433084
v 0.41664883 -0.23418331 0.04219676
v 0.42770699 -0.22683751 0.04003543
v 0.42768087 -0.24141784 0.04433878
v 0.42744924 -0.23361445 0.04217575
v 0.43841088 -0.22626752 0.04013080
v 0.43867260 -0.24143714 0.04436604
v 0.43870383 -0.23371721 0.04231768
v 0.40521711 -0.25026470 0.04644902
v 0.40523187 -0.25579491 0.04922236
v 0.41619011 -0.25028060 0.04645754
v 0.41618386 -0.25579435 0.04922236
v 0.42715516 -0.25024767 0.04644050
v 0.42713529 -0.25579435 0.04922236
v 0.43809012 -0.25022439 0.04642915
v 0.43808671 -0.25579548 0.04922236
v 0.44944008 -0.22690564 0.04018474
v 0.44926125 -0.24144906 0.04446993
v 0.44952240 -0.23431957 0.04226886
v 0.44903302 -0.25022950 0.04642972
v 0.44903643 -0.25579662 0.04922349
v 0.45980958 -0.25025562 0.04649841
v 0.45992483 -0.25581081 0.04924620
v 0.48212573 -0.23766858 -0.06507212
v 0.48075184 -0.23532841 -0.05739306
v 0.47759188 -0.24236424 -0.06193997
v 0.47901744 -0.24532947 -0.06785170
v 0.48546907 -0.24272133 -0.06899112
v 0.48950503 -0.23667733 -0.06581016
v 0.48828726 -0.23303253 -0.05879250
v 0.47741532 -0.25006827 -0.06312198
v 0.47903163 -0.25281095 -0.06776597
v 0.48416046 -0.25008246 -0.06896387
v 0.47974526 -0.25611341 -0.06723061
v 0.47903901 -0.25584487 -0.06301752
v 0.48413321 -0.25774562 -0.06298459
v 0.48422064 -0.25590221 -0.06773986
v 0.48036522 -0.23447910 -0.04707011
v 0.47745790 -0.24211784 -0.05257989
v 0.48809310 -0.23137080 -0.04814709
v 0.48072516 -0.23443709 -0.03590182
v 0.47740850 -0.24194298 -0.04168978
v 0.48759861 -0.23036195 -0.03695438
v 0.47744143 -0.24976965 -0.05472589
v 0.47905775 -0.25548834 -0.05472646
v 0.48403159 -0.25784895 -0.05472702
v 0.47744257 -0.24978384 -0.04382670
v 0.47882271 -0.25577334 -0.04382215
v 0.48427741 -0.25758041 -0.04381137
v 0.48024202 -0.23422078 -0.02500376
v 0.47777582 -0.24211103 -0.03050218
v 0.48798069 -0.23052659 -0.02603872
v 0.48140813 -0.23483109 -0.01309799
v 0.47768953 -0.24202417 -0.01963194
v 0.48788871 -0.23047436 -0.01486191
v 0.47720299 -0.25004783 -0.03286733
v 0.47905888 -0.25549402 -0.03286278
v 0.48428252 -0.25758552 -0.03286789
v 0.47743973 -0.24975432 -0.02191817
v 0.47906342 -0.25549913 -0.02191874
v 0.48404181 -0.25786087 -0.02191534
v 0.48229832 -0.23457561 -0.00112410
v 0.47804152 -0.24204688 -0.00837622
v 0.48942044 -0.23070997 -0.00267058
v 0.47898054 -0.24242612 0.00374869
v 0.48995126 -0.23157745 0.00937769
v 0.47744597 -0.24975318 -0.01097016
v 0.47882271 -0.25577334 -0.01096675
v 0.48427741 -0.25748617 -0.01095596
v 0.47721491 -0.24998481 -0.00000568
v 0.47905888 -0.25549345 -0.00000738
v 0.48428423 -0.25739647 -0.00001533
v 0.49326621 -0.24308752 -0.06891845
v 0.49671060 -0.23790475 -0.06577155
v 0.49559388 -0.23480724 -0.05928302
v 0.49903600 -0.23894142 -0.06582605
v 0.49812878 -0.24344405 -0.06738276
v 0.49985580 -0.24352012 -0.06183211
v 0.49928410 -0.23770378 -0.06134386
v 0.49131891 -0.25013129 -0.06900588
v 0.49137341 -0.25755713 -0.06302036
v 0.49131607 -0.25557975 -0.06785624
v 0.49722609 -0.25002796 -0.06790393
v 0.49957704 -0.24998425 -0.06313106
v 0.49607475 -0.25467309 -0.06812875
v 0.49722666 -0.25570749 -0.06538096
v 0.49533330 -0.23248184 -0.04948522
v 0.49495860 -0.23023535 -0.03893688
v 0.49998978 -0.24302109 -0.05340933
v 0.49967810 -0.23625948 -0.05132919
v 0.50000000 -0.24255726 -0.04286497
v 0.49967015 -0.23441154 -0.04085238
v 0.49137398 -0.25777287 -0.05471680
v 0.49137682 -0.25777628 -0.04380910
v 0.49979732 -0.24997062 -0.05473667
v 0.49738619 -0.25569159 -0.05836330
v 0.49979959 -0.24998765 -0.04381023
v 0.49738733 -0.25569500 -0.04746071
v 0.49494441 -0.22916689 -0.02841522
v 0.49493362 -0.22926624 -0.01713566
v 0.49999716 -0.24163755 -0.03236262
v 0.49963552 -0.23401243 -0.02980274
v 0.49999205 -0.24087793 -0.02190228
v 0.49963779 -0.23325962 -0.01934184
v 0.49137682 -0.25777628 -0.03285711
v 0.49137739 -0.25777628 -0.02190568
v 0.49980016 -0.24999674 -0.03285484
v 0.49738733 -0.25569500 -0.03650872
v 0.49980016 -0.24999617 -0.02190341
v 0.49738733 -0.25569500 -0.02555673
v 0.49489785 -0.22940874 -0.00612916
v 0.49616274 -0.23043860 0.00637272
v 0.49998978 -0.24086771 -0.01094745
v 0.49963438 -0.23325281 -0.00837622
v 0.49998637 -0.24085465 0.00000511
v 0.49962530 -0.23411064 0.00316223
v 0.49137285 -0.25768544 -0.01095199
v 0.49136887 -0.25769112 -0.00000341
v 0.49979619 -0.24999901 -0.01095029
v 0.49738335 -0.25569897 -0.01460303
v 0.49978994 -0.25000468 0.00000170
v 0.49738165 -0.25560643 -0.00365331
v 0.47721661 -0.24996381 0.01092644
v 0.47882555 -0.25577561 0.01093893
v 0.48404521 -0.25767181 0.01093326
v 0.47882952 -0.25568364 0.02187389
v 0.48403954 -0.25757473 0.02189660
v 0.49999035 -0.24162279 0.01149417
v 0.49136660 -0.25759858 0.01094631
v 0.49136546 -0.25759858 0.02189660
v 0.49978824 -0.25000639 0.01095085
v 0.49737938 -0.25551559 0.00729697
v 0.49737881 -0.25551730 0.01824386
v -0.49374253 -0.23662567 -0.06480528
v -0.49401447 -0.23503547 -0.05632517
v -0.49804873 -0.24266797 -0.06141029
v -0.49665837 -0.24547310 -0.06779890
v -0.48976561 -0.24237559 -0.06893322
v -0.48583979 -0.23532671 -0.06599183
v -0.48632350 -0.23206172 -0.05804084
v -0.48269459 -0.24227624 -0.06901837
v -0.47990593 -0.23587741 -0.06696151
v -0.48116628 -0.23243926 -0.06046957
v -0.49964858 -0.25001320 -0.06315604
v -0.49727889 -0.25285353 -0.06782331
v -0.49136149 -0.25016251 -0.06897182
v -0.49616274 -0.25627805 -0.06723231
v -0.49727946 -0.25580627 -0.06306861
v -0.49140861 -0.25780693 -0.06302660
v -0.49132232 -0.25585566 -0.06778868
v -0.48423427 -0.25007451 -0.06905301
v -0.48406111 -0.25774392 -0.06301922
v -0.48418260 -0.25566945 -0.06791131
v -0.49416776 -0.23460684 -0.04522671
v -0.49802375 -0.24245337 -0.05125822
v -0.48657443 -0.23092116 -0.04587789
v -0.49481837 -0.23385744 -0.03530854
v -0.49885206 -0.24214453 -0.04063778
v -0.48736754 -0.23057144 -0.03567019
v -0.48082962 -0.23031710 -0.05003307
v -0.48040439 -0.22926284 -0.03814604
v -0.49988418 -0.24998822 -0.05473724
v -0.49750598 -0.25577902 -0.05473213
v -0.49151023 -0.25785860 -0.05472589
v -0.49989384 -0.25003307 -0.04382556
v -0.49750485 -0.25578299 -0.04380569
v -0.49151080 -0.25786371 -0.04380512
v -0.48407076 -0.25785349 -0.05471510
v -0.48437449 -0.25751228 -0.04449434
v -0.49530661 -0.23433546 -0.02452744
v -0.49977632 -0.24128556 -0.03164217
v -0.48832757 -0.22961312 -0.02618293
v -0.49531172 -0.23385063 -0.01418348
v -0.49917169 -0.24143657 -0.02061127
v -0.48815498 -0.22976073 -0.01587530
v -0.48093294 -0.22913794 -0.02740240
v -0.48136498 -0.22914021 -0.01717313
v -0.49989724 -0.25006940 -0.03287641
v -0.49750485 -0.25578356 -0.03285370
v -0.49151251 -0.25786371 -0.03285313
v -0.49989667 -0.25006089 -0.02189490
v -0.49750485 -0.25578356 -0.02190228
v -0.49151251 -0.25786371 -0.02190114
v -0.48473784 -0.25709784 -0.03399823
v -0.48479972 -0.25702915 -0.02281745
v -0.49466679 -0.23458640 -0.00204041
v -0.49830364 -0.24231484 -0.00776535
v -0.48730396 -0.23065490 -0.00305777
v -0.49486549 -0.23469710 0.00918523
v -0.49824005 -0.24245905 0.00368965
v -0.48733972 -0.23079570 0.00837565
v -0.48135987 -0.22914305 -0.00623079
v -0.48138258 -0.22914475 0.00472972
v -0.49984615 -0.24998084 -0.01094915
v -0.49745716 -0.25573644 -0.01095029
v -0.49151194 -0.25786371 -0.01094972
v -0.49984501 -0.24997857 -0.00000568
v -0.49750371 -0.25578470 -0.00000057
v -0.49146425 -0.25781658 0.00000227
v -0.48479688 -0.25703085 -0.01186432
v -0.48478212 -0.25703823 -0.00090666
v -0.47760948 -0.23772478 -0.06723515
v -0.47830778 -0.24275199 -0.06776257
v -0.47727509 -0.24261403 -0.06296642
v -0.47747095 -0.23623337 -0.06188718
v -0.47905320 -0.25003250 -0.06795730
v -0.47741021 -0.25008757 -0.06313674
v -0.47977138 -0.25473270 -0.06813045
v -0.47903560 -0.25568137 -0.06542467
v -0.47711726 -0.24231484 -0.05438128
v -0.47734265 -0.23417423 -0.05267640
v -0.47710818 -0.24162960 -0.04348209
v -0.47742156 -0.23400164 -0.04093697
v -0.47719958 -0.25007168 -0.05474008
v -0.47883577 -0.25576937 -0.05837012
v -0.47749991 -0.24973331 -0.04449945
v -0.47913496 -0.25542589 -0.04814822
v -0.47711556 -0.24086431 -0.03286222
v -0.47747322 -0.23324770 -0.03030007
v -0.47712010 -0.24084727 -0.02190795
v -0.47746982 -0.23323181 -0.01934922
v -0.47786268 -0.24931660 -0.03400107
v -0.47919797 -0.25535947 -0.03696801
v -0.47792230 -0.24924904 -0.02282142
v -0.47950114 -0.25501543 -0.02669899
v -0.47711896 -0.24084954 -0.01095653
v -0.47745846 -0.23323408 -0.00839723
v -0.47711840 -0.24085238 -0.00000454
v -0.47745335 -0.23323691 0.00255987
v -0.47791946 -0.24925074 -0.01186887
v -0.47955905 -0.25494787 -0.01551821
v -0.47790526 -0.24925812 -0.00091063
v -0.47954656 -0.25495468 -0.00456111
v -0.49597369 -0.23439735 0.01886551
v -0.49851597 -0.24241249 0.01435891
v -0.48795741 -0.23074119 0.01862991
v -0.48148193 -0.22915156 0.01546597
v -0.49989497 -0.25004726 0.01093666
v -0.49745716 -0.25573701 0.01095313
v -0.49146311 -0.25781772 0.01095199
v -0.49750371 -0.25578470 0.02190285
v -0.49150399 -0.25786541 0.02190909
v -0.48471002 -0.25707570 0.01007599
v -0.48434384 -0.25726476 0.02118694
v -0.47711783 -0.24085352 0.01094688
v -0.47745052 -0.23324032 0.01352776
v -0.47714224 -0.24092051 0.02178646
v -0.47783316 -0.24929616 0.01007145
v -0.47948411 -0.25498704 0.00641700
v -0.47747720 -0.24949543 0.02113698
v -0.47917299 -0.25515055 0.01750184
v -0.47492981 -0.24995018 0.03346968
v -0.47798134 -0.25544860 0.02927760
v -0.49623485 0.25473384 -0.06728227
v -0.49746738 0.25570238 -0.06066600
v -0.49973317 0.24994053 -0.06305953
v -0.49738903 0.24711156 -0.06783013
v -0.49136433 0.25004215 -0.06899510
v -0.48845474 0.25573417 -0.06780798
v -0.49142280 0.25771212 -0.06298516
v -0.49730274 0.24236253 -0.06089990
v -0.49453451 0.23976349 -0.06656807
v -0.49029133 0.24242555 -0.06901099
v -0.48188104 0.25010460 -0.06905017
v -0.47822887 0.25580911 -0.06782842
v -0.48187196 0.25788187 -0.06300105
v -0.48102548 0.24258281 -0.06916882
v -0.49147276 0.23557821 -0.06376124
v -0.49247934 0.23519103 -0.05918253
v -0.48539356 0.23252953 -0.05841497
v -0.48721710 0.23589614 -0.06557682
v -0.47773835 0.23217924 -0.06022374
v -0.47989230 0.23615673 -0.06670262
v -0.49749917 0.25572963 -0.05108734
v -0.49988645 0.24998765 -0.05474008
v -0.49144892 0.25779899 -0.05471340
v -0.49772456 0.24221322 -0.05259862
v -0.49749974 0.25573076 -0.04015465
v -0.49989384 0.25002399 -0.04380626
v -0.49145119 0.25780239 -0.04380455
v -0.49886114 0.24132927 -0.04285305
v -0.48186799 0.25800053 -0.05471283
v -0.48186969 0.25800393 -0.04380683
v -0.49280862 0.23457675 -0.04980087
v -0.48301763 0.23134809 -0.04656200
v -0.49340076 0.23374844 -0.03960225
v -0.48194293 0.23042611 -0.03465850
v -0.47643315 0.22997306 -0.04947443
v -0.47453127 0.22882001 -0.03663645
v -0.49749974 0.25573076 -0.02920266
v -0.49989384 0.25002399 -0.03285427
v -0.49145119 0.25780239 -0.03285256
v -0.49989894 0.24063892 -0.03286108
v -0.49749974 0.25573076 -0.01825124
v -0.49989384 0.25002399 -0.02190228
v -0.49145119 0.25780239 -0.02190114
v -0.49990122 0.24064176 -0.02190512
v -0.48186969 0.25800393 -0.03285540
v -0.48186969 0.25800393 -0.02190341
v -0.49338089 0.23364454 -0.02844418
v -0.48198267 0.22955749 -0.02286798
v -0.49468098 0.23291672 -0.01830801
v -0.48301252 0.22883137 -0.01254787
v -0.47166142 0.22868716 -0.02229230
v -0.47059069 0.22869000 -0.00980178
v -0.49749974 0.25573076 -0.00729925
v -0.49989384 0.25002399 -0.01095085
v -0.49145119 0.25780239 -0.01094915
v -0.49990235 0.24064289 -0.01095369
v -0.49749974 0.25573076 0.00365218
v -0.49989384 0.25002399 0.00000114
v -0.49145119 0.25780239 0.00000227
v -0.49990405 0.24064403 -0.00000284
v -0.48186969 0.25800393 -0.01095142
v -0.48186969 0.25800393 0.00000000
v -0.49511245 0.23291956 -0.00786867
v -0.48407417 0.22883364 -0.00248039
v -0.49557061 0.23292126 0.00255476
v -0.48508188 0.22883420 0.00693704
v -0.47163247 0.22863834 0.00124389
v -0.47232736 0.22863323 0.01107689
v -0.47169151 0.25012447 -0.06900077
v -0.46835669 0.25573417 -0.06777335
v -0.47162679 0.25779331 -0.06300673
v -0.47206223 0.24313180 -0.06919664
v -0.46416517 0.25475995 -0.06724650
v -0.46486291 0.25005578 -0.06782047
v -0.46178470 0.25007508 -0.06306237
v -0.46481692 0.25573247 -0.06299424
v -0.46570768 0.24319766 -0.06845349
v -0.46198454 0.24172611 -0.06364429
v -0.46993043 0.23274924 -0.06278134
v -0.47141276 0.23724619 -0.06802372
v -0.46633559 0.23817102 -0.06892754
v -0.46491571 0.23620385 -0.06522938
v -0.47162736 0.25790969 -0.05472191
v -0.47162736 0.25791367 -0.04381364
v -0.46165810 0.25013696 -0.05473667
v -0.46482374 0.25584374 -0.05472135
v -0.46154626 0.24062473 -0.05479174
v -0.46165640 0.25013810 -0.04381421
v -0.46482260 0.25584658 -0.04381534
v -0.46153320 0.24064914 -0.04381137
v -0.46898573 0.23032392 -0.05229091
v -0.46731889 0.22903291 -0.03996276
v -0.46448253 0.23476637 -0.05841781
v -0.46469884 0.23311429 -0.04750385
v -0.47162736 0.25791367 -0.03286165
v -0.47162736 0.25791367 -0.02191023
v -0.46165640 0.25013810 -0.03286278
v -0.46482260 0.25584658 -0.03286335
v -0.46149403 0.24070818 -0.03286278
v -0.46165640 0.25013810 -0.02191079
v -0.46482260 0.25584658 -0.02191136
v -0.46145599 0.24078482 -0.02190398
v -0.46531255 0.22904824 -0.02692835
v -0.46361334 0.22898749 -0.01409321
v -0.46373143 0.23307000 -0.03579565
v -0.46225024 0.23307341 -0.02314219
v -0.47162736 0.25791367 -0.01095824
v -0.47162622 0.25791253 -0.00000568
v -0.46165640 0.25013810 -0.01095937
v -0.46482260 0.25584658 -0.01095994
v -0.46147472 0.24075076 -0.01095199
v -0.46165640 0.25013810 -0.00000738
v -0.46482146 0.25584601 -0.00000681
v -0.46149232 0.24070421 -0.00000341
v -0.46328974 0.22900452 -0.00132791
v -0.46416574 0.22890347 0.00792601
v -0.46186021 0.23306035 -0.01129944
v -0.46215883 0.23305467 -0.00030884
v -0.49989384 0.25002399 0.01095256
v -0.48186742 0.25800393 0.01095369
v -0.47169321 0.25794489 0.01090317
v -0.46173701 0.25013867 0.01070787
v -0.46493217 0.25588064 0.01077997
v -0.46157010 0.24066674 0.01079587
v -0.46238025 0.23293318 0.01019521
v 0.46641393 0.25479856 -0.06730271
v 0.46486404 0.25582160 -0.06068644
v 0.46182501 0.25008019 -0.06309416
v 0.46486177 0.24714959 -0.06788292
v 0.47166653 0.25009098 -0.06900418
v 0.47496274 0.25578186 -0.06781480
v 0.47167505 0.25782283 -0.06299935
v 0.46462219 0.24220868 -0.06052634
v 0.46798142 0.23958295 -0.06543830
v 0.47209232 0.24237332 -0.06899169
v 0.48184244 0.25009609 -0.06904903
v 0.48550256 0.25580684 -0.06782899
v 0.48185436 0.25788074 -0.06300162
v 0.48251690 0.24238411 -0.06914214
v 0.47086490 0.23471414 -0.06300105
v 0.47078826 0.23464374 -0.05782624
v 0.47872279 0.23230698 -0.05625420
v 0.47554864 0.23527789 -0.06453505
v 0.48692756 0.23189027 -0.05967248
v 0.48417238 0.23590579 -0.06650051
v 0.46483623 0.25586077 -0.05109869
v 0.46167002 0.25015286 -0.05474122
v 0.47165745 0.25792048 -0.05472646
v 0.46287303 0.24138661 -0.05365856
v 0.46483623 0.25586191 -0.04016260
v 0.46167002 0.25015343 -0.04381250
v 0.47165574 0.25792332 -0.04381364
v 0.46154910 0.24065198 -0.04381477
v 0.48186401 0.25799939 -0.05471340
v 0.48186288 0.25800337 -0.04380683
v 0.46985776 0.23397496 -0.04956015
v 0.48076603 0.23068669 -0.04582282
v 0.46888354 0.23377455 -0.03939049
v 0.47992977 0.22969885 -0.03508827
v 0.48964639 0.22992708 -0.04787344
v 0.49122921 0.22899374 -0.03297065
v 0.46483623 0.25586191 -0.02921117
v 0.46167002 0.25015343 -0.03286108
v 0.47165574 0.25792332 -0.03286222
v 0.46154058 0.24064743 -0.03285767
v 0.46483623 0.25586191 -0.01825918
v 0.46167002 0.25015343 -0.02190909
v 0.47165574 0.25792332 -0.02191023
v 0.46153433 0.24065368 -0.02190171
v 0.48186288 0.25800337 -0.03285484
v 0.48186288 0.25800337 -0.02190341
v 0.46613177 0.23292523 -0.03060267
v 0.47771508 0.22902439 -0.02558625
v 0.46518254 0.23291672 -0.02064704
v 0.47419404 0.22901928 -0.01815983
v 0.49008127 0.22891198 -0.02279531
v 0.48695310 0.22876494 -0.01455421
v 0.46483623 0.25586191 -0.00730719
v 0.46167002 0.25015343 -0.01095767
v 0.47165574 0.25792332 -0.01095880
v 0.46153433 0.24065425 -0.01094688
v 0.46483623 0.25586191 0.00364139
v 0.46167002 0.25015229 -0.00001363
v 0.47165574 0.25792332 -0.00000681
v 0.46153831 0.24064914 -0.00000511
v 0.48186288 0.25800337 -0.01095142
v 0.48186288 0.25800337 0.00000000
v 0.46483850 0.23292126 -0.01014241
v 0.47197367 0.22902553 -0.00977112
v 0.46476299 0.23301323 0.00035710
v 0.47158591 0.22912034 0.00043942
v 0.48419907 0.22881263 -0.00633638
v 0.48185039 0.22881206 0.00167820
v 0.49130812 0.25011482 -0.06898999
v 0.49423645 0.25563936 -0.06774894
v 0.49125419 0.25769623 -0.06300730
v 0.49135638 0.24287178 -0.06917109
v 0.49779041 0.25467650 -0.06723572
v 0.49742253 0.25002569 -0.06776654
v 0.49967356 0.25000468 -0.06302603
v 0.49740322 0.25562744 -0.06296415
v 0.49698878 0.24294559 -0.06815827
v 0.49969456 0.24231655 -0.06343877
v 0.49398325 0.23344413 -0.06229310
v 0.49234593 0.23691464 -0.06769841
v 0.49669641 0.23769072 -0.06849153
v 0.49836268 0.23669436 -0.06524584
v 0.49124113 0.25781148 -0.05471680
v 0.49124113 0.25781488 -0.04380853
v 0.49968718 0.25004329 -0.05472816
v 0.49727094 0.25573985 -0.05472248
v 0.49989327 0.24187145 -0.05508185
v 0.49969173 0.25003704 -0.04381194
v 0.49727435 0.25574041 -0.04381250
v 0.49980413 0.24180843 -0.04421388
v 0.49564384 0.23141452 -0.05118385
v 0.49657094 0.23049310 -0.03904929
v 0.49939026 0.23543685 -0.05820775
v 0.49943398 0.23493839 -0.04668633
v 0.49124113 0.25781488 -0.03285711
v 0.49124113 0.25781488 -0.02190512
v 0.49969173 0.25003421 -0.03286165
v 0.49727435 0.25574041 -0.03286051
v 0.49979278 0.24138491 -0.03304389
v 0.49969173 0.25003421 -0.02190966
v 0.49727435 0.25574041 -0.02190909
v 0.49977234 0.24072351 -0.02191420
v 0.49752245 0.22975165 -0.02641286
v 0.49660160 0.22906470 -0.01437254
v 0.49934201 0.23363092 -0.03386368
v 0.49927331 0.23373765 -0.02246035
v 0.49124113 0.25781488 -0.01095313
v 0.49124113 0.25781488 -0.00000170
v 0.49969173 0.25003421 -0.01095824
v 0.49727435 0.25574041 -0.01095710
v 0.49974282 0.24067582 -0.01095313
v 0.49969173 0.25003421 -0.00000624
v 0.49727435 0.25574041 -0.00000568
v 0.49972238 0.24064800 -0.00000624
v 0.49372947 0.22910614 -0.00727710
v 0.49155508 0.22903121 0.00144940
v 0.49864087 0.23302856 -0.01223051
v 0.49761215 0.23295305 -0.00216587
v 0.45730137 0.24439896 0.02096610
v 0.46174780 0.25014434 0.01071127
v 0.47165745 0.25792332 0.01094575
v 0.46160927 0.24065027 0.01073398
v 0.48186345 0.25800337 0.01095256
v 0.48186799 0.25800337 0.02190341
v 0.46480727 0.23301720 0.01043820
v 0.47165631 0.22902326 0.01089919
v 0.48179021 0.22890914 0.01201364
v 0.49124284 0.25781375 0.01095085
v 0.49134446 0.25780977 0.02190171
v 0.49969173 0.25003421 0.01094518
v 0.49727549 0.25573928 0.01094631
v 0.49971898 0.24064403 0.01094291
v 0.49969286 0.25003137 0.02189660
v 0.49737484 0.25573417 0.02189774
v 0.49984615 0.24069739 0.02187787
v 0.49113554 0.22903007 0.01167414
v 0.49127406 0.22909933 0.02190057
v 0.49716194 0.23292864 0.00817638
v 0.49730785 0.23298087 0.01892796
f 1 7 6
f 6 10 9
f 6 7 10
f 6 9 11
f 7 12 10
f 7 8 12
f 8 16 12
f 8 14 16
f 14 17 16
f 14 15 17
f 18 20 19
f 18 21 20
f 9 21 18
f 9 10 21
f 9 19 11
f 9 18 19
f 21 22 20
f 21 23 22
f 10 23 21
f 10 12 23
f 19 25 24
f 19 20 25
f 11 24 13
f 11 19 24
f 20 26 25
f 20 22 26
f 23 27 22
f 23 28 27
f 12 28 23
f 12 16 28
f 28 29 27
f 28 30 29
f 16 30 28
f 16 17 30
f 22 31 26
f 22 27 31
f 27 32 31
f 27 29 32
f 15 35 17
f 15 33 35
f 33 36 35
f 33 34 36
f 34 39 36
f 34 37 39
f 37 40 39
f 37 38 40
f 30 41 29
f 30 42 41
f 17 42 30
f 17 35 42
f 42 43 41
f 42 44 43
f 35 44 42
f 35 36 44
f 29 45 32
f 29 41 45
f 41 46 45
f 41 43 46
f 44 47 43
f 44 48 47
f 36 48 44
f 36 39 48
f 48 49 47
f 48 50 49
f 39 50 48
f 39 40 50
f 43 51 46
f 43 47 51
f 47 52 51
f 47 49 52
f 2 57 3
f 2 56 57
f 53 58 56
f 56 59 57
f 56 58 59
f 3 60 4
f 3 57 60
f 4 61 5
f 4 60 61
f 57 62 60
f 57 59 62
f 60 63 61
f 60 62 63
f 58 65 59
f 58 64 65
f 54 66 64
f 54 55 66
f 64 67 65
f 64 66 67
f 59 68 62
f 59 65 68
f 62 69 63
f 62 68 69
f 65 70 68
f 65 67 70
f 68 71 69
f 68 70 71
f 24 75 74
f 24 25 75
f 13 74 72
f 13 24 74
f 25 76 75
f 25 26 76
f 74 78 77
f 74 75 78
f 72 77 73
f 72 74 77
f 75 79 78
f 75 76 79
f 26 80 76
f 26 31 80
f 31 81 80
f 31 32 81
f 76 82 79
f 76 80 82
f 80 83 82
f 80 81 83
f 77 87 86
f 77 78 87
f 73 86 84
f 73 77 86
f 78 88 87
f 78 79 88
f 86 90 89
f 86 87 90
f 84 89 85
f 84 86 89
f 87 91 90
f 87 88 91
f 79 92 88
f 79 82 92
f 82 93 92
f 82 83 93
f 88 94 91
f 88 92 94
f 92 95 94
f 92 93 95
f 32 96 81
f 32 45 96
f 45 97 96
f 45 46 97
f 81 98 83
f 81 96 98
f 96 99 98
f 96 97 99
f 46 100 97
f 46 51 100
f 51 101 100
f 51 52 101
f 97 102 99
f 97 100 102
f 100 103 102
f 100 101 103
f 83 104 93
f 83 98 104
f 98 105 104
f 98 99 105
f 93 106 95
f 93 104 106
f 104 107 106
f 104 105 107
f 99 108 105
f 99 102 108
f 102 109 108
f 102 103 109
f 105 110 107
f 105 108 110
f 108 111 110
f 108 109 111
f 55 116 66
f 55 112 116
f 66 117 67
f 66 116 117
f 112 118 116
f 112 113 118
f 116 119 117
f 116 118 119
f 67 120 70
f 67 117 120
f 70 121 71
f 70 120 121
f 117 122 120
f 117 119 122
f 120 123 121
f 120 122 123
f 113 124 118
f 113 114 124
f 118 125 119
f 118 124 125
f 114 126 124
f 114 115 126
f 124 127 125
f 124 126 127
f 119 128 122
f 119 125 128
f 122 129 123
f 122 128 129
f 125 130 128
f 125 127 130
f 128 131 129
f 128 130 131
f 89 135 134
f 89 90 135
f 85 134 132
f 85 89 134
f 90 136 135
f 90 91 136
f 134 138 137
f 134 135 138
f 132 137 133
f 132 134 137
f 135 139 138
f 135 136 139
f 91 140 136
f 91 94 140
f 94 141 140
f 94 95 141
f 136 142 139
f 136 140 142
f 140 143 142
f 140 141 143
f 137 147 146
f 137 138 147
f 133 146 144
f 133 137 146
f 138 148 147
f 138 139 148
f 146 150 149
f 146 147 150
f 144 149 145
f 144 146 149
f 147 151 150
f 147 148 151
f 139 152 148
f 139 142 152
f 142 153 152
f 142 143 153
f 148 154 151
f 148 152 154
f 152 155 154
f 152 153 155
f 95 156 141
f 95 106 156
f 106 157 156
f 106 107 157
f 141 158 143
f 141 156 158
f 156 159 158
f 156 157 159
f 107 160 157
f 107 110 160
f 110 161 160
f 110 111 161
f 157 162 159
f 157 160 162
f 160 163 162
f 160 161 163
f 143 164 153
f 143 158 164
f 158 165 164
f 158 159 165
f 153 166 155
f 153 164 166
f 164 167 166
f 164 165 167
f 159 168 165
f 159 162 168
f 162 169 168
f 162 163 169
f 165 170 167
f 165 168 170
f 168 171 170
f 168 169 171
f 115 176 126
f 115 172 176
f 126 177 127
f 126 176 177
f 172 178 176
f 172 173 178
f 176 179 177
f 176 178 179
f 127 180 130
f 127 177 180
f 130 181 131
f 130 180 181
f 177 182 180
f 177 179 182
f 180 183 181
f 180 182 183
f 173 184 178
f 173 174 184
f 178 185 179
f 178 184 185
f 174 186 184
f 174 175 186
f 184 187 185
f 184 186 187
f 179 188 182
f 179 185 188
f 182 189 183
f 182 188 189
f 185 190 188
f 185 187 190
f 188 191 189
f 188 190 191
f 149 195 194
f 149 150 195
f 145 194 192
f 145 149 194
f 150 196 195
f 150 151 196
f 194 198 197
f 194 195 198
f 192 197 193
f 192 194 197
f 195 199 198
f 195 196 199
f 151 200 196
f 151 154 200
f 154 201 200
f 154 155 201
f 196 202 199
f 196 200 202
f 200 203 202
f 200 201 203
f 197 207 206
f 197 198 207
f 193 206 204
f 193 197 206
f 198 208 207
f 198 199 208
f 206 210 209
f 206 207 210
f 204 209 205
f 204 206 209
f 207 211 210
f 207 208 211
f 199 212 208
f 199 202 212
f 202 213 212
f 202 203 213
f 208 214 211
f 208 212 214
f 212 215 214
f 212 213 215
f 155 216 201
f 155 166 216
f 166 217 216
f 166 167 217
f 201 218 203
f 201 216 218
f 216 219 218
f 216 217 219
f 167 220 217
f 167 170 220
f 170 221 220
f 170 171 221
f 217 222 219
f 217 220 222
f 220 223 222
f 220 221 223
f 203 224 213
f 203 218 224
f 218 225 224
f 218 219 225
f 213 226 215
f 213 224 226
f 224 227 226
f 224 225 227
f 219 228 225
f 219 222 228
f 222 229 228
f 222 223 229
f 225 230 227
f 225 228 230
f 228 231 230
f 228 229 231
f 38 242 40
f 38 240 242
f 240 243 242
f 240 241 243
f 241 246 243
f 241 244 246
f 244 247 246
f 244 245 247
f 50 248 49
f 50 249 248
f 40 249 50
f 40 242 249
f 249 250 248
f 249 251 250
f 242 251 249
f 242 243 251
f 49 252 52
f 49 248 252
f 248 253 252
f 248 250 253
f 251 254 250
f 251 255 254
f 243 255 251
f 243 246 255
f 255 256 254
f 255 257 256
f 246 257 255
f 246 247 257
f 250 258 253
f 250 254 258
f 254 259 258
f 254 256 259
f 245 262 247
f 245 260 262
f 260 263 262
f 260 261 263
f 261 266 263
f 261 264 266
f 264 267 266
f 264 265 267
f 257 268 256
f 257 269 268
f 247 269 257
f 247 262 269
f 269 270 268
f 269 271 270
f 262 271 269
f 262 263 271
f 256 272 259
f 256 268 272
f 268 273 272
f 268 270 273
f 271 274 270
f 271 275 274
f 263 275 271
f 263 266 275
f 275 276 274
f 275 277 276
f 266 277 275
f 266 267 277
f 270 278 273
f 270 274 278
f 274 279 278
f 274 276 279
f 5 280 232
f 5 61 280
f 232 281 233
f 232 280 281
f 61 282 280
f 61 63 282
f 280 283 281
f 280 282 283
f 233 284 234
f 233 281 284
f 234 285 235
f 234 284 285
f 281 286 284
f 281 283 286
f 284 287 285
f 284 286 287
f 63 288 282
f 63 69 288
f 282 289 283
f 282 288 289
f 69 290 288
f 69 71 290
f 288 291 289
f 288 290 291
f 283 292 286
f 283 289 292
f 286 293 287
f 286 292 293
f 289 294 292
f 289 291 294
f 292 295 293
f 292 294 295
f 235 296 236
f 235 285 296
f 236 297 237
f 236 296 297
f 285 298 296
f 285 287 298
f 296 299 297
f 296 298 299
f 237 300 238
f 237 297 300
f 238 301 239
f 238 300 301
f 297 302 300
f 297 299 302
f 300 303 301
f 300 302 303
f 287 304 298
f 287 293 304
f 298 305 299
f 298 304 305
f 293 306 304
f 293 295 306
f 304 307 305
f 304 306 307
f 299 308 302
f 299 305 308
f 302 309 303
f 302 308 309
f 305 310 308
f 305 307 310
f 308 311 309
f 308 310 311
f 52 312 101
f 52 252 312
f 252 313 312
f 252 253 313
f 101 314 103
f 101 312 314
f 312 315 314
f 312 313 315
f 253 316 313
f 253 258 316
f 258 317 316
f 258 259 317
f 313 318 315
f 313 316 318
f 316 319 318
f 316 317 319
f 103 320 109
f 103 314 320
f 314 321 320
f 314 315 321
f 109 322 111
f 109 320 322
f 320 323 322
f 320 321 323
f 315 324 321
f 315 318 324
f 318 325 324
f 318 319 325
f 321 326 323
f 321 324 326
f 324 327 326
f 324 325 327
f 259 328 317
f 259 272 328
f 272 329 328
f 272 273 329
f 317 330 319
f 317 328 330
f 328 331 330
f 328 329 331
f 273 332 329
f 273 278 332
f 278 333 332
f 278 279 333
f 329 334 331
f 329 332 334
f 332 335 334
f 332 333 335
f 319 336 325
f 319 330 336
f 330 337 336
f 330 331 337
f 325 338 327
f 325 336 338
f 336 339 338
f 336 337 339
f 331 340 337
f 331 334 340
f 334 341 340
f 334 335 341
f 337 342 339
f 337 340 342
f 340 343 342
f 340 341 343
f 265 354 267
f 265 352 354
f 352 355 354
f 352 353 355
f 353 358 355
f 353 356 358
f 356 359 358
f 356 357 359
f 277 360 276
f 277 361 360
f 267 361 277
f 267 354 361
f 361 362 360
f 361 363 362
f 354 363 361
f 354 355 363
f 276 364 279
f 276 360 364
f 360 365 364
f 360 362 365
f 363 366 362
f 363 367 366
f 355 367 363
f 355 358 367
f 367 368 366
f 367 369 368
f 358 369 367
f 358 359 369
f 362 370 365
f 362 366 370
f 366 371 370
f 366 368 371
f 357 374 359
f 357 372 374
f 372 375 374
f 372 373 375
f 373 378 375
f 373 376 378
f 376 379 378
f 376 377 379
f 369 380 368
f 369 381 380
f 359 381 369
f 359 374 381
f 381 382 380
f 381 383 382
f 374 383 381
f 374 375 383
f 368 384 371
f 368 380 384
f 380 385 384
f 380 382 385
f 383 386 382
f 383 387 386
f 375 387 383
f 375 378 387
f 387 388 386
f 387 389 388
f 378 389 387
f 378 379 389
f 382 390 385
f 382 386 390
f 386 391 390
f 386 388 391
f 239 392 344
f 239 301 392
f 344 393 345
f 344 392 393
f 301 394 392
f 301 303 394
f 392 395 393
f 392 394 395
f 345 396 346
f 345 393 396
f 346 397 347
f 346 396 397
f 393 398 396
f 393 395 398
f 396 399 397
f 396 398 399
f 303 400 394
f 303 309 400
f 394 401 395
f 394 400 401
f 309 402 400
f 309 311 402
f 400 403 401
f 400 402 403
f 395 404 398
f 395 401 404
f 398 405 399
f 398 404 405
f 401 406 404
f 401 403 406
f 404 407 405
f 404 406 407
f 347 408 348
f 347 397 408
f 348 409 349
f 348 408 409
f 397 410 408
f 397 399 410
f 408 411 409
f 408 410 411
f 349 412 350
f 349 409 412
f 350 413 351
f 350 412 413
f 409 414 412
f 409 411 414
f 412 415 413
f 412 414 415
f 399 416 410
f 399 405 416
f 410 417 411
f 410 416 417
f 405 418 416
f 405 407 418
f 416 419 417
f 416 418 419
f 411 420 414
f 411 417 420
f 414 421 415
f 414 420 421
f 417 422 420
f 417 419 422
f 420 423 421
f 420 422 423
f 279 424 333
f 279 364 424
f 364 425 424
f 364 365 425
f 333 426 335
f 333 424 426
f 424 427 426
f 424 425 427
f 365 428 425
f 365 370 428
f 370 429 428
f 370 371 429
f 425 430 427
f 425 428 430
f 428 431 430
f 428 429 431
f 335 432 341
f 335 426 432
f 426 433 432
f 426 427 433
f 341 434 343
f 341 432 434
f 432 435 434
f 432 433 435
f 427 436 433
f 427 430 436
f 430 437 436
f 430 431 437
f 433 438 435
f 433 436 438
f 436 439 438
f 436 437 439
f 371 440 429
f 371 384 440
f 384 441 440
f 384 385 441
f 429 442 431
f 429 440 442
f 440 443 442
f 440 441 443
f 385 444 441
f 385 390 444
f 390 445 444
f 390 391 445
f 441 446 443
f 441 444 446
f 444 447 446
f 444 445 447
f 431 448 437
f 431 442 448
f 442 449 448
f 442 443 449
f 437 450 439
f 437 448 450
f 448 451 450
f 448 449 451
f 443 452 449
f 443 446 452
f 446 453 452
f 446 447 453
f 449 454 451
f 449 452 454
f 452 455 454
f 452 453 455
f 71 456 290
f 71 121 456
f 290 457 291
f 290 456 457
f 121 458 456
f 121 123 458
f 456 459 457
f 456 458 459
f 291 460 294
f 291 457 460
f 294 461 295
f 294 460 461
f 457 462 460
f 457 459 462
f 460 463 461
f 460 462 463
f 123 464 458
f 123 129 464
f 458 465 459
f 458 464 465
f 129 466 464
f 129 131 466
f 464 467 465
f 464 466 467
f 459 468 462
f 459 465 468
f 462 469 463
f 462 468 469
f 465 470 468
f 465 467 470
f 468 471 469
f 468 470 471
f 295 472 306
f 295 461 472
f 306 473 307
f 306 472 473
f 461 474 472
f 461 463 474
f 472 475 473
f 472 474 475
f 307 476 310
f 307 473 476
f 310 477 311
f 310 476 477
f 473 478 476
f 473 475 478
f 476 479 477
f 476 478 479
f 463 480 474
f 463 469 480
f 474 481 475
f 474 480 481
f 469 482 480
f 469 471 482
f 480 483 481
f 480 482 483
f 475 484 478
f 475 481 484
f 478 485 479
f 478 484 485
f 481 486 484
f 481 483 486
f 484 487 485
f 484 486 487
f 111 488 161
f 111 322 488
f 322 489 488
f 322 323 489
f 161 490 163
f 161 488 490
f 488 491 490
f 488 489 491
f 323 492 489
f 323 326 492
f 326 493 492
f 326 327 493
f 489 494 491
f 489 492 494
f 492 495 494
f 492 493 495
f 163 496 169
f 163 490 496
f 490 497 496
f 490 491 497
f 169 498 171
f 169 496 498
f 496 499 498
f 496 497 499
f 491 500 497
f 491 494 500
f 494 501 500
f 494 495 501
f 497 502 499
f 497 500 502
f 500 503 502
f 500 501 503
f 327 504 493
f 327 338 504
f 338 505 504
f 338 339 505
f 493 506 495
f 493 504 506
f 504 507 506
f 504 505 507
f 339 508 505
f 339 342 508
f 342 509 508
f 342 343 509
f 505 510 507
f 505 508 510
f 508 511 510
f 508 509 511
f 495 512 501
f 495 506 512
f 506 513 512
f 506 507 513
f 501 514 503
f 501 512 514
f 512 515 514
f 512 513 515
f 507 516 513
f 507 510 516
f 510 517 516
f 510 511 517
f 513 518 515
f 513 516 518
f 516 519 518
f 516 517 519
f 131 520 466
f 131 181 520
f 466 521 467
f 466 520 521
f 181 522 520
f 181 183 522
f 520 523 521
f 520 522 523
f 467 524 470
f 467 521 524
f 470 525 471
f 470 524 525
f 521 526 524
f 521 523 526
f 524 527 525
f 524 526 527
f 183 528 522
f 183 189 528
f 522 529 523
f 522 528 529
f 189 530 528
f 189 191 530
f 528 531 529
f 528 530 531
f 523 532 526
f 523 529 532
f 526 533 527
f 526 532 533
f 529 534 532
f 529 531 534
f 532 535 533
f 532 534 535
f 471 536 482
f 471 525 536
f 482 537 483
f 482 536 537
f 525 538 536
f 525 527 538
f 536 539 537
f 536 538 539
f 483 540 486
f 483 537 540
f 486 541 487
f 486 540 541
f 537 542 540
f 537 539 542
f 540 543 541
f 540 542 543
f 527 544 538
f 527 533 544
f 538 545 539
f 538 544 545
f 533 546 544
f 533 535 546
f 544 547 545
f 544 546 547
f 539 548 542
f 539 545 548
f 542 549 543
f 542 548 549
f 545 550 548
f 545 547 550
f 548 551 549
f 548 550 551
f 171 552 221
f 171 498 552
f 498 553 552
f 498 499 553
f 221 554 223
f 221 552 554
f 552 555 554
f 552 553 555
f 499 556 553
f 499 502 556
f 502 557 556
f 502 503 557
f 553 558 555
f 553 556 558
f 556 559 558
f 556 557 559
f 223 560 229
f 223 554 560
f 554 561 560
f 554 555 561
f 229 562 231
f 229 560 562
f 560 563 562
f 560 561 563
f 555 564 561
f 555 558 564
f 558 565 564
f 558 559 565
f 561 566 563
f 561 564 566
f 564 567 566
f 564 565 567
f 503 568 557
f 503 514 568
f 514 569 568
f 514 515 569
f 557 570 559
f 557 568 570
f 568 571 570
f 568 569 571
f 515 572 569
f 515 518 572
f 518 573 572
f 518 519 573
f 569 574 571
f 569 572 574
f 572 575 574
f 572 573 575
f 559 576 565
f 559 570 576
f 570 577 576
f 570 571 577
f 565 578 567
f 565 576 578
f 576 579 578
f 576 577 579
f 571 580 577
f 571 574 580
f 574 581 580
f 574 575 581
f 577 582 579
f 577 580 582
f 580 583 582
f 580 581 583
f 311 584 402
f 311 477 584
f 402 585 403
f 402 584 585
f 477 586 584
f 477 479 586
f 584 587 585
f 584 586 587
f 403 588 406
f 403 585 588
f 406 589 407
f 406 588 589
f 585 590 588
f 585 587 590
f 588 591 589
f 588 590 591
f 479 592 586
f 479 485 592
f 586 593 587
f 586 592 593
f 485 594 592
f 485 487 594
f 592 595 593
f 592 594 595
f 587 596 590
f 587 593 596
f 590 597 591
f 590 596 597
f 593 598 596
f 593 595 598
f 596 599 597
f 596 598 599
f 407 600 418
f 407 589 600
f 418 601 419
f 418 600 601
f 589 602 600
f 589 591 602
f 600 603 601
f 600 602 603
f 419 604 422
f 419 601 604
f 422 605 423
f 422 604 605
f 601 606 604
f 601 603 606
f 604 607 605
f 604 606 607
f 591 608 602
f 591 597 608
f 602 609 603
f 602 608 609
f 597 610 608
f 597 599 610
f 608 611 609
f 608 610 611
f 603 612 606
f 603 609 612
f 606 613 607
f 606 612 613
f 609 614 612
f 609 611 614
f 612 615 613
f 612 614 615
f 343 616 509
f 343 434 616
f 434 617 616
f 434 435 617
f 509 618 511
f 509 616 618
f 616 619 618
f 616 617 619
f 435 620 617
f 435 438 620
f 438 621 620
f 438 439 621
f 617 622 619
f 617 620 622
f 620 623 622
f 620 621 623
f 511 624 517
f 511 618 624
f 618 625 624
f 618 619 625
f 517 626 519
f 517 624 626
f 624 627 626
f 624 625 627
f 619 628 625
f 619 622 628
f 622 629 628
f 622 623 629
f 625 630 627
f 625 628 630
f 628 631 630
f 628 629 631
f 439 632 621
f 439 450 632
f 450 633 632
f 450 451 633
f 621 634 623
f 621 632 634
f 632 635 634
f 632 633 635
f 451 636 633
f 451 454 636
f 454 637 636
f 454 455 637
f 633 638 635
f 633 636 638
f 636 639 638
f 636 637 639
f 623 640 629
f 623 634 640
f 634 641 640
f 634 635 641
f 629 642 631
f 629 640 642
f 640 643 642
f 640 641 643
f 635 644 641
f 635 638 644
f 638 645 644
f 638 639 645
f 641 646 643
f 641 644 646
f 644 647 646
f 644 645 647
f 487 648 594
f 487 541 648
f 594 649 595
f 594 648 649
f 541 650 648
f 541 543 650
f 648 651 649
f 648 650 651
f 595 652 598
f 595 649 652
f 598 653 599
f 598 652 653
f 649 654 652
f 649 651 654
f 652 655 653
f 652 654 655
f 543 656 650
f 543 549 656
f 650 657 651
f 650 656 657
f 549 658 656
f 549 551 658
f 656 659 657
f 656 658 659
f 651 660 654
f 651 657 660
f 654 661 655
f 654 660 661
f 657 662 660
f 657 659 662
f 660 663 661
f 660 662 663
f 599 664 610
f 599 653 664
f 610 665 611
f 610 664 665
f 653 666 664
f 653 655 666
f 664 667 665
f 664 666 667
f 611 668 614
f 611 665 668
f 614 669 615
f 614 668 669
f 665 670 668
f 665 667 670
f 668 671 669
f 668 670 671
f 655 672 666
f 655 661 672
f 666 673 667
f 666 672 673
f 661 674 672
f 661 663 674
f 672 675 673
f 672 674 675
f 667 676 670
f 667 673 676
f 670 677 671
f 670 676 677
f 673 678 676
f 673 675 678
f 676 679 677
f 676 678 679
f 519 680 573
f 519 626 680
f 626 681 680
f 626 627 681
f 573 682 575
f 573 680 682
f 680 683 682
f 680 681 683
f 627 684 681
f 627 630 684
f 630 685 684
f 630 631 685
f 681 686 683
f 681 684 686
f 684 687 686
f 684 685 687
f 575 688 581
f 575 682 688
f 682 689 688
f 682 683 689
f 581 690 583
f 581 688 690
f 688 691 690
f 688 689 691
f 683 692 689
f 683 686 692
f 686 693 692
f 686 687 693
f 689 694 691
f 689 692 694
f 692 695 694
f 692 693 695
f 631 696 685
f 631 642 696
f 642 697 696
f 642 643 697
f 685 698 687
f 685 696 698
f 696 699 698
f 696 697 699
f 643 700 697
f 643 646 700
f 646 701 700
f 646 647 701
f 697 702 699
f 697 700 702
f 700 703 702
f 700 701 703
f 687 704 693
f 687 698 704
f 698 705 704
f 698 699 705
f 693 706 695
f 693 704 706
f 704 707 706
f 704 705 707
f 699 708 705
f 699 702 708
f 702 709 708
f 702 703 709
f 705 710 707
f 705 708 710
f 708 711 710
f 708 709 711
f 175 716 186
f 175 712 716
f 186 717 187
f 186 716 717
f 712 718 716
f 712 713 718
f 716 719 717
f 716 718 719
f 187 720 190
f 187 717 720
f 190 721 191
f 190 720 721
f 717 722 720
f 717 719 722
f 720 723 721
f 720 722 723
f 713 724 718
f 713 714 724
f 718 725 719
f 718 724 725
f 714 726 724
f 714 715 726
f 724 727 725
f 724 726 727
f 719 728 722
f 719 725 728
f 722 729 723
f 722 728 729
f 725 730 728
f 725 727 730
f 728 731 729
f 728 730 731
f 209 735 734
f 209 210 735
f 205 734 732
f 205 209 734
f 210 736 735
f 210 211 736
f 734 738 737
f 734 735 738
f 732 737 733
f 732 734 737
f 735 739 738
f 735 736 739
f 211 740 736
f 211 214 740
f 214 741 740
f 214 215 741
f 736 742 739
f 736 740 742
f 740 743 742
f 740 741 743
f 737 747 746
f 737 738 747
f 733 746 744
f 733 737 746
f 738 748 747
f 738 739 748
f 746 750 749
f 746 747 750
f 744 749 745
f 744 746 749
f 747 751 750
f 747 748 751
f 739 752 748
f 739 742 752
f 742 753 752
f 742 743 753
f 748 754 751
f 748 752 754
f 752 755 754
f 752 753 755
f 215 756 741
f 215 226 756
f 226 757 756
f 226 227 757
f 741 758 743
f 741 756 758
f 756 759 758
f 756 757 759
f 227 760 757
f 227 230 760
f 230 761 760
f 230 231 761
f 757 762 759
f 757 760 762
f 760 763 762
f 760 761 763
f 743 764 753
f 743 758 764
f 758 765 764
f 758 759 765
f 753 766 755
f 753 764 766
f 764 767 766
f 764 765 767
f 759 768 765
f 759 762 768
f 762 769 768
f 762 763 769
f 765 770 767
f 765 768 770
f 768 771 770
f 768 769 771
f 715 776 726
f 715 772 776
f 726 777 727
f 726 776 777
f 772 778 776
f 772 773 778
f 776 779 777
f 776 778 779
f 727 780 730
f 727 777 780
f 730 781 731
f 730 780 781
f 777 782 780
f 777 779 782
f 780 783 781
f 780 782 783
f 773 784 778
f 773 774 784
f 778 785 779
f 778 784 785
f 774 786 784
f 774 775 786
f 784 787 785
f 784 786 787
f 779 788 782
f 779 785 788
f 782 789 783
f 782 788 789
f 785 790 788
f 785 787 790
f 788 791 789
f 788 790 791
f 749 795 794
f 749 750 795
f 745 794 792
f 745 749 794
f 750 796 795
f 750 751 796
f 794 798 797
f 794 795 798
f 792 797 793
f 792 794 797
f 795 799 798
f 795 796 799
f 751 800 796
f 751 754 800
f 754 801 800
f 754 755 801
f 796 802 799
f 796 800 802
f 800 803 802
f 800 801 803
f 797 807 806
f 797 798 807
f 793 806 804
f 793 797 806
f 798 808 807
f 798 799 808
f 806 810 809
f 806 807 810
f 804 809 805
f 804 806 809
f 807 811 810
f 807 808 811
f 799 812 808
f 799 802 812
f 802 813 812
f 802 803 813
f 808 814 811
f 808 812 814
f 812 815 814
f 812 813 815
f 755 816 801
f 755 766 816
f 766 817 816
f 766 767 817
f 801 818 803
f 801 816 818
f 816 819 818
f 816 817 819
f 767 820 817
f 767 770 820
f 770 821 820
f 770 771 821
f 817 822 819
f 817 820 822
f 820 823 822
f 820 821 823
f 803 824 813
f 803 818 824
f 818 825 824
f 818 819 825
f 813 826 815
f 813 824 826
f 824 827 826
f 824 825 827
f 819 828 825
f 819 822 828
f 822 829 828
f 822 823 829
f 825 830 827
f 825 828 830
f 828 831 830
f 828 829 831
f 775 836 786
f 775 832 836
f 786 837 787
f 786 836 837
f 832 838 836
f 832 833 838
f 836 839 837
f 836 838 839
f 787 840 790
f 787 837 840
f 790 841 791
f 790 840 841
f 837 842 840
f 837 839 842
f 840 843 841
f 840 842 843
f 833 844 838
f 833 834 844
f 838 845 839
f 838 844 845
f 834 846 844
f 834 835 846
f 844 847 845
f 844 846 847
f 839 848 842
f 839 845 848
f 842 849 843
f 842 848 849
f 845 850 848
f 845 847 850
f 848 851 849
f 848 850 851
f 809 855 854
f 809 810 855
f 805 854 852
f 805 809 854
f 810 856 855
f 810 811 856
f 854 858 857
f 854 855 858
f 852 857 853
f 852 854 857
f 855 859 858
f 855 856 859
f 811 860 856
f 811 814 860
f 814 861 860
f 814 815 861
f 856 862 859
f 856 860 862
f 860 863 862
f 860 861 863
f 857 867 866
f 857 858 867
f 853 866 864
f 853 857 866
f 858 868 867
f 858 859 868
f 866 870 869
f 866 867 870
f 864 869 865
f 864 866 869
f 867 871 870
f 867 868 871
f 859 872 868
f 859 862 872
f 862 873 872
f 862 863 873
f 868 874 871
f 868 872 874
f 872 875 874
f 872 873 875
f 815 876 861
f 815 826 876
f 826 877 876
f 826 827 877
f 861 878 863
f 861 876 878
f 876 879 878
f 876 877 879
f 827 880 877
f 827 830 880
f 830 881 880
f 830 831 881
f 877 882 879
f 877 880 882
f 880 883 882
f 880 881 883
f 863 884 873
f 863 878 884
f 878 885 884
f 878 879 885
f 873 886 875
f 873 884 886
f 884 887 886
f 884 885 887
f 879 888 885
f 879 882 888
f 882 889 888
f 882 883 889
f 885 890 887
f 885 888 890
f 888 891 890
f 888 889 891
f 835 896 846
f 835 892 896
f 846 897 847
f 846 896 897
f 892 898 896
f 892 893 898
f 896 899 897
f 896 898 899
f 847 900 850
f 847 897 900
f 850 901 851
f 850 900 901
f 897 902 900
f 897 899 902
f 900 903 901
f 900 902 903
f 893 904 898
f 893 894 904
f 898 905 899
f 898 904 905
f 894 906 904
f 894 895 906
f 904 907 905
f 904 906 907
f 899 908 902
f 899 905 908
f 902 909 903
f 902 908 909
f 905 910 908
f 905 907 910
f 908 911 909
f 908 910 911
f 869 915 914
f 869 870 915
f 865 914 912
f 865 869 914
f 870 916 915
f 870 871 916
f 914 918 917
f 914 915 918
f 912 917 913
f 912 914 917
f 915 919 918
f 915 916 919
f 871 920 916
f 871 874 920
f 874 921 920
f 874 875 921
f 916 922 919
f 916 920 922
f 920 923 922
f 920 921 923
f 917 927 926
f 917 918 927
f 913 926 924
f 913 917 926
f 918 928 927
f 918 919 928
f 926 930 929
f 926 927 930
f 924 929 925
f 924 926 929
f 927 931 930
f 927 928 931
f 919 932 928
f 919 922 932
f 922 933 932
f 922 923 933
f 928 934 931
f 928 932 934
f 932 935 934
f 932 933 935
f 875 936 921
f 875 886 936
f 886 937 936
f 886 887 937
f 921 938 923
f 921 936 938
f 936 939 938
f 936 937 939
f 887 940 937
f 887 890 940
f 890 941 940
f 890 891 941
f 937 942 939
f 937 940 942
f 940 943 942
f 940 941 943
f 923 944 933
f 923 938 944
f 938 945 944
f 938 939 945
f 933 946 935
f 933 944 946
f 944 947 946
f 944 945 947
f 939 948 945
f 939 942 948
f 942 949 948
f 942 943 949
f 945 950 947
f 945 948 950
f 948 951 950
f 948 949 951
f 191 952 530
f 191 721 952
f 530 953 531
f 530 952 953
f 721 954 952
f 721 723 954
f 952 955 953
f 952 954 955
f 531 956 534
f 531 953 956
f 534 957 535
f 534 956 957
f 953 958 956
f 953 955 958
f 956 959 957
f 956 958 959
f 723 960 954
f 723 729 960
f 954 961 955
f 954 960 961
f 729 962 960
f 729 731 962
f 960 963 961
f 960 962 963
f 955 964 958
f 955 961 964
f 958 965 959
f 958 964 965
f 961 966 964
f 961 963 966
f 964 967 965
f 964 966 967
f 535 968 546
f 535 957 968
f 546 969 547
f 546 968 969
f 957 970 968
f 957 959 970
f 968 971 969
f 968 970 971
f 547 972 550
f 547 969 972
f 550 973 551
f 550 972 973
f 969 974 972
f 969 971 974
f 972 975 973
f 972 974 975
f 959 976 970
f 959 965 976
f 970 977 971
f 970 976 977
f 965 978 976
f 965 967 978
f 976 979 977
f 976 978 979
f 971 980 974
f 971 977 980
f 974 981 975
f 974 980 981
f 977 982 980
f 977 979 982
f 980 983 981
f 980 982 983
f 231 984 761
f 231 562 984
f 562 985 984
f 562 563 985
f 761 986 763
f 761 984 986
f 984 987 986
f 984 985 987
f 563 988 985
f 563 566 988
f 566 989 988
f 566 567 989
f 985 990 987
f 985 988 990
f 988 991 990
f 988 989 991
f 763 992 769
f 763 986 992
f 986 993 992
f 986 987 993
f 769 994 771
f 769 992 994
f 992 995 994
f 992 993 995
f 987 996 993
f 987 990 996
f 990 997 996
f 990 991 997
f 993 998 995
f 993 996 998
f 996 999 998
f 996 997 999
f 567 1000 989
f 567 578 1000
f 578 1001 1000
f 578 579 1001
f 989 1002 991
f 989 1000 1002
f 1000 1003 1002
f 1000 1001 1003
f 579 1004 1001
f 579 582 1004
f 582 1005 1004
f 582 583 1005
f 1001 1006 1003
f 1001 1004 1006
f 1004 1007 1006
f 1004 1005 1007
f 991 1008 997
f 991 1002 1008
f 1002 1009 1008
f 1002 1003 1009
f 997 1010 999
f 997 1008 1010
f 1008 1011 1010
f 1008 1009 1011
f 1003 1012 1009
f 1003 1006 1012
f 1006 1013 1012
f 1006 1007 1013
f 1009 1014 1011
f 1009 1012 1014
f 1012 1015 1014
f 1012 1013 1015
f 731 1016 962
f 731 781 1016
f 962 1017 963
f 962 1016 1017
f 781 1018 1016
f 781 783 1018
f 1016 1019 1017
f 1016 1018 1019
f 963 1020 966
f 963 1017 1020
f 966 1021 967
f 966 1020 1021
f 1017 1022 1020
f 1017 1019 1022
f 1020 1023 1021
f 1020 1022 1023
f 783 1024 1018
f 783 789 1024
f 1018 1025 1019
f 1018 1024 1025
f 789 1026 1024
f 789 791 1026
f 1024 1027 1025
f 1024 1026 1027
f 1019 1028 1022
f 1019 1025 1028
f 1022 1029 1023
f 1022 1028 1029
f 1025 1030 1028
f 1025 1027 1030
f 1028 1031 1029
f 1028 1030 1031
f 967 1032 978
f 967 1021 1032
f 978 1033 979
f 978 1032 1033
f 1021 1034 1032
f 1021 1023 1034
f 1032 1035 1033
f 1032 1034 1035
f 979 1036 982
f 979 1033 1036
f 982 1037 983
f 982 1036 1037
f 1033 1038 1036
f 1033 1035 1038
f 1036 1039 1037
f 1036 1038 1039
f 1023 1040 1034
f 1023 1029 1040
f 1034 1041 1035
f 1034 1040 1041
f 1029 1042 1040
f 1029 1031 1042
f 1040 1043 1041
f 1040 1042 1043
f 1035 1044 1038
f 1035 1041 1044
f 1038 1045 1039
f 1038 1044 1045
f 1041 1046 1044
f 1041 1043 1046
f 1044 1047 1045
f 1044 1046 1047
f 771 1048 821
f 771 994 1048
f 994 1049 1048
f 994 995 1049
f 821 1050 823
f 821 1048 1050
f 1048 1051 1050
f 1048 1049 1051
f 995 1052 1049
f 995 998 1052
f 998 1053 1052
f 998 999 1053
f 1049 1054 1051
f 1049 1052 1054
f 1052 1055 1054
f 1052 1053 1055
f 823 1056 829
f 823 1050 1056
f 1050 1057 1056
f 1050 1051 1057
f 829 1058 831
f 829 1056 1058
f 1056 1059 1058
f 1056 1057 1059
f 1051 1060 1057
f 1051 1054 1060
f 1054 1061 1060
f 1054 1055 1061
f 1057 1062 1059
f 1057 1060 1062
f 1060 1063 1062
f 1060 1061 1063
f 999 1064 1053
f 999 1010 1064
f 1010 1065 1064
f 1010 1011 1065
f 1053 1066 1055
f 1053 1064 1066
f 1064 1067 1066
f 1064 1065 1067
f 1011 1068 1065
f 1011 1014 1068
f 1014 1069 1068
f 1014 1015 1069
f 1065 1070 1067
f 1065 1068 1070
f 1068 1071 1070
f 1068 1069 1071
f 1055 1072 1061
f 1055 1066 1072
f 1066 1073 1072
f 1066 1067 1073
f 1061 1074 1063
f 1061 1072 1074
f 1072 1075 1074
f 1072 1073 1075
f 1067 1076 1073
f 1067 1070 1076
f 1070 1077 1076
f 1070 1071 1077
f 1073 1078 1075
f 1073 1076 1078
f 1076 1079 1078
f 1076 1077 1079
f 551 1080 658
f 551 973 1080
f 658 1081 659
f 658 1080 1081
f 973 1082 1080
f 973 975 1082
f 1080 1083 1081
f 1080 1082 1083
f 659 1084 662
f 659 1081 1084
f 662 1085 663
f 662 1084 1085
f 1081 1086 1084
f 1081 1083 1086
f 1084 1087 1085
f 1084 1086 1087
f 975 1088 1082
f 975 981 1088
f 1082 1089 1083
f 1082 1088 1089
f 981 1090 1088
f 981 983 1090
f 1088 1091 1089
f 1088 1090 1091
f 1083 1092 1086
f 1083 1089 1092
f 1086 1093 1087
f 1086 1092 1093
f 1089 1094 1092
f 1089 1091 1094
f 1092 1095 1093
f 1092 1094 1095
f 663 1096 674
f 663 1085 1096
f 674 1097 675
f 674 1096 1097
f 1085 1098 1096
f 1085 1087 1098
f 1096 1099 1097
f 1096 1098 1099
f 675 1100 678
f 675 1097 1100
f 678 1101 679
f 678 1100 1101
f 1097 1102 1100
f 1097 1099 1102
f 1100 1103 1101
f 1100 1102 1103
f 1087 1104 1098
f 1087 1093 1104
f 1098 1105 1099
f 1098 1104 1105
f 1093 1106 1104
f 1093 1095 1106
f 1104 1107 1105
f 1104 1106 1107
f 1099 1108 1102
f 1099 1105 1108
f 1102 1109 1103
f 1102 1108 1109
f 1105 1110 1108
f 1105 1107 1110
f 1108 1111 1109
f 1108 1110 1111
f 583 1112 1005
f 583 690 1112
f 690 1113 1112
f 690 691 1113
f 1005 1114 1007
f 1005 1112 1114
f 1112 1115 1114
f 1112 1113 1115
f 691 1116 1113
f 691 694 1116
f 694 1117 1116
f 694 695 1117
f 1113 1118 1115
f 1113 1116 1118
f 1116 1119 1118
f 1116 1117 1119
f 1007 1120 1013
f 1007 1114 1120
f 1114 1121 1120
f 1114 1115 1121
f 1013 1122 1015
f 1013 1120 1122
f 1120 1123 1122
f 1120 1121 1123
f 1115 1124 1121
f 1115 1118 1124
f 1118 1125 1124
f 1118 1119 1125
f 1121 1126 1123
f 1121 1124 1126
f 1124 1127 1126
f 1124 1125 1127
f 695 1128 1117
f 695 706 1128
f 706 1129 1128
f 706 707 1129
f 1117 1130 1119
f 1117 1128 1130
f 1128 1131 1130
f 1128 1129 1131
f 707 1132 1129
f 707 710 1132
f 710 1133 1132
f 710 711 1133
f 1129 1134 1131
f 1129 1132 1134
f 1132 1135 1134
f 1132 1133 1135
f 1119 1136 1125
f 1119 1130 1136
f 1130 1137 1136
f 1130 1131 1137
f 1125 1138 1127
f 1125 1136 1138
f 1136 1139 1138
f 1136 1137 1139
f 1131 1140 1137
f 1131 1134 1140
f 1134 1141 1140
f 1134 1135 1141
f 1137 1142 1139
f 1137 1140 1142
f 1140 1143 1142
f 1140 1141 1143
f 983 1144 1090
f 983 1037 1144
f 1090 1145 1091
f 1090 1144 1145
f 1037 1146 1144
f 1037 1039 1146
f 1144 1147 1145
f 1144 1146 1147
f 1091 1148 1094
f 1091 1145 1148
f 1094 1149 1095
f 1094 1148 1149
f 1145 1150 1148
f 1145 1147 1150
f 1148 1151 1149
f 1148 1150 1151
f 1039 1152 1146
f 1039 1045 1152
f 1146 1153 1147
f 1146 1152 1153
f 1045 1154 1152
f 1045 1047 1154
f 1152 1155 1153
f 1152 1154 1155
f 1147 1156 1150
f 1147 1153 1156
f 1150 1157 1151
f 1150 1156 1157
f 1153 1158 1156
f 1153 1155 1158
f 1156 1159 1157
f 1156 1158 1159
f 1095 1160 1106
f 1095 1149 1160
f 1106 1161 1107
f 1106 1160 1161
f 1149 1162 1160
f 1149 1151 1162
f 1160 1163 1161
f 1160 1162 1163
f 1107 1164 1110
f 1107 1161 1164
f 1110 1165 1111
f 1110 1164 1165
f 1161 1166 1164
f 1161 1163 1166
f 1164 1167 1165
f 1164 1166 1167
f 1151 1168 1162
f 1151 1157 1168
f 1162 1169 1163
f 1162 1168 1169
f 1157 1170 1168
f 1157 1159 1170
f 1168 1171 1169
f 1168 1170 1171
f 1163 1172 1166
f 1163 1169 1172
f 1166 1173 1167
f 1166 1172 1173
f 1169 1174 1172
f 1169 1171 1174
f 1172 1175 1173
f 1172 1174 1175
f 1015 1176 1069
f 1015 1122 1176
f 1122 1177 1176
f 1122 1123 1177
f 1069 1178 1071
f 1069 1176 1178
f 1176 1179 1178
f 1176 1177 1179
f 1123 1180 1177
f 1123 1126 1180
f 1126 1181 1180
f 1126 1127 1181
f 1177 1182 1179
f 1177 1180 1182
f 1180 1183 1182
f 1180 1181 1183
f 1071 1184 1077
f 1071 1178 1184
f 1178 1185 1184
f 1178 1179 1185
f 1077 1186 1079
f 1077 1184 1186
f 1184 1187 1186
f 1184 1185 1187
f 1179 1188 1185
f 1179 1182 1188
f 1182 1189 1188
f 1182 1183 1189
f 1185 1190 1187
f 1185 1188 1190
f 1188 1191 1190
f 1188 1189 1191
f 1127 1192 1181
f 1127 1138 1192
f 1138 1193 1192
f 1138 1139 1193
f 1181 1194 1183
f 1181 1192 1194
f 1192 1195 1194
f 1192 1193 1195
f 1139 1196 1193
f 1139 1142 1196
f 1142 1197 1196
f 1142 1143 1197
f 1193 1198 1195
f 1193 1196 1198
f 1196 1199 1198
f 1196 1197 1199
f 1183 1200 1189
f 1183 1194 1200
f 1194 1201 1200
f 1194 1195 1201
f 1189 1202 1191
f 1189 1200 1202
f 1200 1203 1202
f 1200 1201 1203
f 1195 1204 1201
f 1195 1198 1204
f 1198 1205 1204
f 1198 1199 1205
f 1201 1206 1203
f 1201 1204 1206
f 1204 1207 1206
f 1204 1205 1207
f 791 1208 1026
f 791 841 1208
f 1026 1209 1027
f 1026 1208 1209
f 841 1210 1208
f 841 843 1210
f 1208 1211 1209
f 1208 1210 1211
f 1027 1212 1030
f 1027 1209 1212
f 1030 1213 1031
f 1030 1212 1213
f 1209 1214 1212
f 1209 1211 1214
f 1212 1215 1213
f 1212 1214 1215
f 843 1216 1210
f 843 849 1216
f 1210 1217 1211
f 1210 1216 1217
f 849 1218 1216
f 849 851 1218
f 1216 1219 1217
f 1216 1218 1219
f 1211 1220 1214
f 1211 1217 1220
f 1214 1221 1215
f 1214 1220 1221
f 1217 1222 1220
f 1217 1219 1222
f 1220 1223 1221
f 1220 1222 1223
f 1031 1224 1042
f 1031 1213 1224
f 1042 1225 1043
f 1042 1224 1225
f 1213 1226 1224
f 1213 1215 1226
f 1224 1227 1225
f 1224 1226 1227
f 1043 1228 1046
f 1043 1225 1228
f 1046 1229 1047
f 1046 1228 1229
f 1225 1230 1228
f 1225 1227 1230
f 1228 1231 1229
f 1228 1230 1231
f 1215 1232 1226
f 1215 1221 1232
f 1226 1233 1227
f 1226 1232 1233
f 1221 1234 1232
f 1221 1223 1234
f 1232 1235 1233
f 1232 1234 1235
f 1227 1236 1230
f 1227 1233 1236
f 1230 1237 1231
f 1230 1236 1237
f 1233 1238 1236
f 1233 1235 1238
f 1236 1239 1237
f 1236 1238 1239
f 831 1240 881
f 831 1058 1240
f 1058 1241 1240
f 1058 1059 1241
f 881 1242 883
f 881 1240 1242
f 1240 1243 1242
f 1240 1241 1243
f 1059 1244 1241
f 1059 1062 1244
f 1062 1245 1244
f 1062 1063 1245
f 1241 1246 1243
f 1241 1244 1246
f 1244 1247 1246
f 1244 1245 1247
f 883 1248 889
f 883 1242 1248
f 1242 1249 1248
f 1242 1243 1249
f 889 1250 891
f 889 1248 1250
f 1248 1251 1250
f 1248 1249 1251
f 1243 1252 1249
f 1243 1246 1252
f 1246 1253 1252
f 1246 1247 1253
f 1249 1254 1251
f 1249 1252 1254
f 1252 1255 1254
f 1252 1253 1255
f 1063 1256 1245
f 1063 1074 1256
f 1074 1257 1256
f 1074 1075 1257
f 1245 1258 1247
f 1245 1256 1258
f 1256 1259 1258
f 1256 1257 1259
f 1075 1260 1257
f 1075 1078 1260
f 1078 1261 1260
f 1078 1079 1261
f 1257 1262 1259
f 1257 1260 1262
f 1260 1263 1262
f 1260 1261 1263
f 1247 1264 1253
f 1247 1258 1264
f 1258 1265 1264
f 1258 1259 1265
f 1253 1266 1255
f 1253 1264 1266
f 1264 1267 1266
f 1264 1265 1267
f 1259 1268 1265
f 1259 1262 1268
f 1262 1269 1268
f 1262 1263 1269
f 1265 1270 1267
f 1265 1268 1270
f 1268 1271 1270
f 1268 1269 1271
f 851 1272 1218
f 851 901 1272
f 1218 1273 1219
f 1218 1272 1273
f 901 1274 1272
f 901 903 1274
f 1272 1275 1273
f 1272 1274 1275
f 1219 1276 1222
f 1219 1273 1276
f 1222 1277 1223
f 1222 1276 1277
f 1273 1278 1276
f 1273 1275 1278
f 1276 1279 1277
f 1276 1278 1279
f 903 1280 1274
f 903 909 1280
f 1274 1281 1275
f 1274 1280 1281
f 909 1282 1280
f 909 911 1282
f 1280 1283 1281
f 1280 1282 1283
f 1275 1284 1278
f 1275 1281 1284
f 1278 1285 1279
f 1278 1284 1285
f 1281 1286 1284
f 1281 1283 1286
f 1284 1287 1285
f 1284 1286 1287
f 1223 1288 1234
f 1223 1277 1288
f 1234 1289 1235
f 1234 1288 1289
f 1277 1290 1288
f 1277 1279 1290
f 1288 1291 1289
f 1288 1290 1291
f 1235 1292 1238
f 1235 1289 1292
f 1238 1293 1239
f 1238 1292 1293
f 1289 1294 1292
f 1289 1291 1294
f 1292 1295 1293
f 1292 1294 1295
f 1279 1296 1290
f 1279 1285 1296
f 1290 1297 1291
f 1290 1296 1297
f 1285 1298 1296
f 1285 1287 1298
f 1296 1299 1297
f 1296 1298 1299
f 1291 1300 1294
f 1291 1297 1300
f 1294 1301 1295
f 1294 1300 1301
f 1297 1302 1300
f 1297 1299 1302
f 1300 1303 1301
f 1300 1302 1303
f 891 1304 941
f 891 1250 1304
f 1250 1305 1304
f 1250 1251 1305
f 941 1306 943
f 941 1304 1306
f 1304 1307 1306
f 1304 1305 1307
f 1251 1308 1305
f 1251 1254 1308
f 1254 1309 1308
f 1254 1255 1309
f 1305 1310 1307
f 1305 1308 1310
f 1308 1311 1310
f 1308 1309 1311
f 943 1312 949
f 943 1306 1312
f 1306 1313 1312
f 1306 1307 1313
f 949 1314 951
f 949 1312 1314
f 1312 1315 1314
f 1312 1313 1315
f 1307 1316 1313
f 1307 1310 1316
f 1310 1317 1316
f 1310 1311 1317
f 1313 1318 1315
f 1313 1316 1318
f 1316 1319 1318
f 1316 1317 1319
f 1255 1320 1309
f 1255 1266 1320
f 1266 1321 1320
f 1266 1267 1321
f 1309 1322 1311
f 1309 1320 1322
f 1320 1323 1322
f 1320 1321 1323
f 1267 1324 1321
f 1267 1270 1324
f 1270 1325 1324
f 1270 1271 1325
f 1321 1326 1323
f 1321 1324 1326
f 1324 1327 1326
f 1324 1325 1327
f 1311 1328 1317
f 1311 1322 1328
f 1322 1329 1328
f 1322 1323 1329
f 1317 1330 1319
f 1317 1328 1330
f 1328 1331 1330
f 1328 1329 1331
f 1323 1332 1329
f 1323 1326 1332
f 1326 1333 1332
f 1326 1327 1333
f 1329 1334 1331
f 1329 1332 1334
f 1332 1335 1334
f 1332 1333 1335
f 1047 1336 1154
f 1047 1229 1336
f 1154 1337 1155
f 1154 1336 1337
f 1229 1338 1336
f 1229 1231 1338
f 1336 1339 1337
f 1336 1338 1339
f 1155 1340 1158
f 1155 1337 1340
f 1158 1341 1159
f 1158 1340 1341
f 1337 1342 1340
f 1337 1339 1342
f 1340 1343 1341
f 1340 1342 1343
f 1231 1344 1338
f 1231 1237 1344
f 1338 1345 1339
f 1338 1344 1345
f 1237 1346 1344
f 1237 1239 1346
f 1344 1347 1345
f 1344 1346 1347
f 1339 1348 1342
f 1339 1345 1348
f 1342 1349 1343
f 1342 1348 1349
f 1345 1350 1348
f 1345 1347 1350
f 1348 1351 1349
f 1348 1350 1351
f 1159 1352 1170
f 1159 1341 1352
f 1170 1353 1171
f 1170 1352 1353
f 1341 1354 1352
f 1341 1343 1354
f 1352 1355 1353
f 1352 1354 1355
f 1171 1356 1174
f 1171 1353 1356
f 1174 1357 1175
f 1174 1356 1357
f 1353 1358 1356
f 1353 1355 1358
f 1356 1359 1357
f 1356 1358 1359
f 1343 1360 1354
f 1343 1349 1360
f 1354 1361 1355
f 1354 1360 1361
f 1349 1362 1360
f 1349 1351 1362
f 1360 1363 1361
f 1360 1362 1363
f 1355 1364 1358
f 1355 1361 1364
f 1358 1365 1359
f 1358 1364 1365
f 1361 1366 1364
f 1361 1363 1366
f 1364 1367 1365
f 1364 1366 1367
f 1079 1368 1261
f 1079 1186 1368
f 1186 1369 1368
f 1186 1187 1369
f 1261 1370 1263
f 1261 1368 1370
f 1368 1371 1370
f 1368 1369 1371
f 1187 1372 1369
f 1187 1190 1372
f 1190 1373 1372
f 1190 1191 1373
f 1369 1374 1371
f 1369 1372 1374
f 1372 1375 1374
f 1372 1373 1375
f 1263 1376 1269
f 1263 1370 1376
f 1370 1377 1376
f 1370 1371 1377
f 1269 1378 1271
f 1269 1376 1378
f 1376 1379 1378
f 1376 1377 1379
f 1371 1380 1377
f 1371 1374 1380
f 1374 1381 1380
f 1374 1375 1381
f 1377 1382 1379
f 1377 1380 1382
f 1380 1383 1382
f 1380 1381 1383
f 1191 1384 1373
f 1191 1202 1384
f 1202 1385 1384
f 1202 1203 1385
f 1373 1386 1375
f 1373 1384 1386
f 1384 1387 1386
f 1384 1385 1387
f 1203 1388 1385
f 1203 1206 1388
f 1206 1389 1388
f 1206 1207 1389
f 1385 1390 1387
f 1385 1388 1390
f 1388 1391 1390
f 1388 1389 1391
f 1375 1392 1381
f 1375 1386 1392
f 1386 1393 1392
f 1386 1387 1393
f 1381 1394 1383
f 1381 1392 1394
f 1392 1395 1394
f 1392 1393 1395
f 1387 1396 1393
f 1387 1390 1396
f 1390 1397 1396
f 1390 1391 1397
f 1393 1398 1395
f 1393 1396 1398
f 1396 1399 1398
f 1396 1397 1399
f 1239 1400 1346
f 1239 1293 1400
f 1346 1401 1347
f 1346 1400 1401
f 1293 1402 1400
f 1293 1295 1402
f 1400 1403 1401
f 1400 1402 1403
f 1347 1404 1350
f 1347 1401 1404
f 1350 1405 1351
f 1350 1404 1405
f 1401 1406 1404
f 1401 1403 1406
f 1404 1407 1405
f 1404 1406 1407
f 1295 1408 1402
f 1295 1301 1408
f 1402 1409 1403
f 1402 1408 1409
f 1301 1410 1408
f 1301 1303 1410
f 1408 1411 1409
f 1408 1410 1411
f 1403 1412 1406
f 1403 1409 1412
f 1406 1413 1407
f 1406 1412 1413
f 1409 1414 1412
f 1409 1411 1414
f 1412 1415 1413
f 1412 1414 1415
f 1351 1416 1362
f 1351 1405 1416
f 1362 1417 1363
f 1362 1416 1417
f 1405 1418 1416
f 1405 1407 1418
f 1416 1419 1417
f 1416 1418 1419
f 1363 1420 1366
f 1363 1417 1420
f 1366 1421 1367
f 1366 1420 1421
f 1417 1422 1420
f 1417 1419 1422
f 1420 1423 1421
f 1420 1422 1423
f 1407 1424 1418
f 1407 1413 1424
f 1418 1425 1419
f 1418 1424 1425
f 1413 1426 1424
f 1413 1415 1426
f 1424 1427 1425
f 1424 1426 1427
f 1419 1428 1422
f 1419 1425 1428
f 1422 1429 1423
f 1422 1428 1429
f 1425 1430 1428
f 1425 1427 1430
f 1428 1431 1429
f 1428 1430 1431
f 1271 1432 1325
f 1271 1378 1432
f 1378 1433 1432
f 1378 1379 1433
f 1325 1434 1327
f 1325 1432 1434
f 1432 1435 1434
f 1432 1433 1435
f 1379 1436 1433
f 1379 1382 1436
f 1382 1437 1436
f 1382 1383 1437
f 1433 1438 1435
f 1433 1436 1438
f 1436 1439 1438
f 1436 1437 1439
f 1327 1440 1333
f 1327 1434 1440
f 1434 1441 1440
f 1434 1435 1441
f 1333 1442 1335
f 1333 1440 1442
f 1440 1443 1442
f 1440 1441 1443
f 1435 1444 1441
f 1435 1438 1444
f 1438 1445 1444
f 1438 1439 1445
f 1441 1446 1443
f 1441 1444 1446
f 1444 1447 1446
f 1444 1445 1447
f 1383 1448 1437
f 1383 1394 1448
f 1394 1449 1448
f 1394 1395 1449
f 1437 1450 1439
f 1437 1448 1450
f 1448 1451 1450
f 1448 1449 1451
f 1395 1452 1449
f 1395 1398 1452
f 1398 1453 1452
f 1398 1399 1453
f 1449 1454 1451
f 1449 1452 1454
f 1452 1455 1454
f 1452 1453 1455
f 1439 1456 1445
f 1439 1450 1456
f 1450 1457 1456
f 1450 1451 1457
f 1445 1458 1447
f 1445 1456 1458
f 1456 1459 1458
f 1456 1457 1459
f 1451 1460 1457
f 1451 1454 1460
f 1454 1461 1460
f 1454 1455 1461
f 1457 1462 1459
f 1457 1460 1462
f 1460 1463 1462
f 1460 1461 1463
f 895 1468 906
f 895 1464 1468
f 906 1469 907
f 906 1468 1469
f 1464 1470 1468
f 1464 1465 1470
f 1468 1471 1469
f 1468 1470 1471
f 907 1472 910
f 907 1469 1472
f 910 1473 911
f 910 1472 1473
f 1469 1474 1472
f 1469 1471 1474
f 1472 1475 1473
f 1472 1474 1475
f 1465 1476 1470
f 1465 1466 1476
f 1470 1477 1471
f 1470 1476 1477
f 1466 1478 1476
f 1466 1467 1478
f 1476 1479 1477
f 1476 1478 1479
f 1471 1480 1474
f 1471 1477 1480
f 1474 1481 1475
f 1474 1480 1481
f 1477 1482 1480
f 1477 1479 1482
f 1480 1483 1481
f 1480 1482 1483
f 929 1487 1486
f 929 930 1487
f 925 1486 1484
f 925 929 1486
f 930 1488 1487
f 930 931 1488
f 1486 1490 1489
f 1486 1487 1490
f 1484 1489 1485
f 1484 1486 1489
f 1487 1491 1490
f 1487 1488 1491
f 931 1492 1488
f 931 934 1492
f 934 1493 1492
f 934 935 1493
f 1488 1494 1491
f 1488 1492 1494
f 1492 1495 1494
f 1492 1493 1495
f 1489 1499 1498
f 1489 1490 1499
f 1485 1498 1496
f 1485 1489 1498
f 1490 1500 1499
f 1490 1491 1500
f 1498 1502 1501
f 1498 1499 1502
f 1496 1501 1497
f 1496 1498 1501
f 1499 1503 1502
f 1499 1500 1503
f 1491 1504 1500
f 1491 1494 1504
f 1494 1505 1504
f 1494 1495 1505
f 1500 1506 1503
f 1500 1504 1506
f 1504 1507 1506
f 1504 1505 1507
f 935 1508 1493
f 935 946 1508
f 946 1509 1508
f 946 947 1509
f 1493 1510 1495
f 1493 1508 1510
f 1508 1511 1510
f 1508 1509 1511
f 947 1512 1509
f 947 950 1512
f 950 1513 1512
f 950 951 1513
f 1509 1514 1511
f 1509 1512 1514
f 1512 1515 1514
f 1512 1513 1515
f 1495 1516 1505
f 1495 1510 1516
f 1510 1517 1516
f 1510 1511 1517
f 1505 1518 1507
f 1505 1516 1518
f 1516 1519 1518
f 1516 1517 1519
f 1511 1520 1517
f 1511 1514 1520
f 1514 1521 1520
f 1514 1515 1521
f 1517 1522 1519
f 1517 1520 1522
f 1520 1523 1522
f 1520 1521 1523
f 1467 1528 1478
f 1467 1524 1528
f 1478 1529 1479
f 1478 1528 1529
f 1524 1530 1528
f 1524 1525 1530
f 1528 1531 1529
f 1528 1530 1531
f 1479 1532 1482
f 1479 1529 1532
f 1482 1533 1483
f 1482 1532 1533
f 1529 1534 1532
f 1529 1531 1534
f 1532 1535 1533
f 1532 1534 1535
f 1525 1536 1530
f 1525 1526 1536
f 1530 1537 1531
f 1530 1536 1537
f 1526 1538 1536
f 1526 1527 1538
f 1536 1539 1537
f 1536 1538 1539
f 1531 1540 1534
f 1531 1537 1540
f 1534 1541 1535
f 1534 1540 1541
f 1537 1542 1540
f 1537 1539 1542
f 1540 1543 1541
f 1540 1542 1543
f 1501 1547 1546
f 1501 1502 1547
f 1497 1546 1544
f 1497 1501 1546
f 1502 1548 1547
f 1502 1503 1548
f 1546 1550 1549
f 1546 1547 1550
f 1544 1549 1545
f 1544 1546 1549
f 1547 1551 1550
f 1547 1548 1551
f 1503 1552 1548
f 1503 1506 1552
f 1506 1553 1552
f 1506 1507 1553
f 1548 1554 1551
f 1548 1552 1554
f 1552 1555 1554
f 1552 1553 1555
f 1549 1559 1558
f 1549 1550 1559
f 1545 1558 1556
f 1545 1549 1558
f 1550 1560 1559
f 1550 1551 1560
f 1558 1562 1561
f 1558 1559 1562
f 1556 1561 1557
f 1556 1558 1561
f 1559 1563 1562
f 1559 1560 1563
f 1551 1564 1560
f 1551 1554 1564
f 1554 1565 1564
f 1554 1555 1565
f 1560 1566 1563
f 1560 1564 1566
f 1564 1567 1566
f 1564 1565 1567
f 1507 1568 1553
f 1507 1518 1568
f 1518 1569 1568
f 1518 1519 1569
f 1553 1570 1555
f 1553 1568 1570
f 1568 1571 1570
f 1568 1569 1571
f 1519 1572 1569
f 1519 1522 1572
f 1522 1573 1572
f 1522 1523 1573
f 1569 1574 1571
f 1569 1572 1574
f 1572 1575 1574
f 1572 1573 1575
f 1555 1576 1565
f 1555 1570 1576
f 1570 1577 1576
f 1570 1571 1577
f 1565 1578 1567
f 1565 1576 1578
f 1576 1579 1578
f 1576 1577 1579
f 1571 1580 1577
f 1571 1574 1580
f 1574 1581 1580
f 1574 1575 1581
f 1577 1582 1579
f 1577 1580 1582
f 1580 1583 1582
f 1580 1581 1583
f 1527 1588 1538
f 1527 1584 1588
f 1538 1589 1539
f 1538 1588 1589
f 1584 1590 1588
f 1584 1585 1590
f 1588 1591 1589
f 1588 1590 1591
f 1539 1592 1542
f 1539 1589 1592
f 1542 1593 1543
f 1542 1592 1593
f 1589 1594 1592
f 1589 1591 1594
f 1592 1595 1593
f 1592 1594 1595
f 1585 1596 1590
f 1585 1586 1596
f 1590 1597 1591
f 1590 1596 1597
f 1586 1598 1596
f 1586 1587 1598
f 1596 1599 1597
f 1596 1598 1599
f 1591 1600 1594
f 1591 1597 1600
f 1594 1601 1595
f 1594 1600 1601
f 1597 1602 1600
f 1597 1599 1602
f 1600 1603 1601
f 1600 1602 1603
f 1561 1607 1606
f 1561 1562 1607
f 1557 1606 1604
f 1557 1561 1606
f 1562 1608 1607
f 1562 1563 1608
f 1606 1610 1609
f 1606 1607 1610
f 1604 1609 1605
f 1604 1606 1609
f 1607 1611 1610
f 1607 1608 1611
f 1563 1612 1608
f 1563 1566 1612
f 1566 1613 1612
f 1566 1567 1613
f 1608 1614 1611
f 1608 1612 1614
f 1612 1615 1614
f 1612 1613 1615
f 1609 1619 1618
f 1609 1610 1619
f 1605 1618 1616
f 1605 1609 1618
f 1610 1620 1619
f 1610 1611 1620
f 1618 1622 1621
f 1618 1619 1622
f 1616 1621 1617
f 1616 1618 1621
f 1619 1623 1622
f 1619 1620 1623
f 1611 1624 1620
f 1611 1614 1624
f 1614 1625 1624
f 1614 1615 1625
f 1620 1626 1623
f 1620 1624 1626
f 1624 1627 1626
f 1624 1625 1627
f 1567 1628 1613
f 1567 1578 1628
f 1578 1629 1628
f 1578 1579 1629
f 1613 1630 1615
f 1613 1628 1630
f 1628 1631 1630
f 1628 1629 1631
f 1579 1632 1629
f 1579 1582 1632
f 1582 1633 1632
f 1582 1583 1633
f 1629 1634 1631
f 1629 1632 1634
f 1632 1635 1634
f 1632 1633 1635
f 1615 1636 1625
f 1615 1630 1636
f 1630 1637 1636
f 1630 1631 1637
f 1625 1638 1627
f 1625 1636 1638
f 1636 1639 1638
f 1636 1637 1639
f 1631 1640 1637
f 1631 1634 1640
f 1634 1641 1640
f 1634 1635 1641
f 1637 1642 1639
f 1637 1640 1642
f 1640 1643 1642
f 1640 1641 1643
f 1587 1648 1598
f 1587 1644 1648
f 1598 1649 1599
f 1598 1648 1649
f 1644 1650 1648
f 1644 1645 1650
f 1648 1651 1649
f 1648 1650 1651
f 1599 1652 1602
f 1599 1649 1652
f 1602 1653 1603
f 1602 1652 1653
f 1649 1654 1652
f 1649 1651 1654
f 1652 1655 1653
f 1652 1654 1655
f 1645 1656 1650
f 1645 1646 1656
f 1650 1657 1651
f 1650 1656 1657
f 1646 1658 1656
f 1646 1647 1658
f 1656 1659 1657
f 1656 1658 1659
f 1651 1660 1654
f 1651 1657 1660
f 1654 1661 1655
f 1654 1660 1661
f 1657 1662 1660
f 1657 1659 1662
f 1660 1663 1661
f 1660 1662 1663
f 1621 1667 1666
f 1621 1622 1667
f 1617 1666 1664
f 1617 1621 1666
f 1622 1668 1667
f 1622 1623 1668
f 1666 1670 1669
f 1666 1667 1670
f 1664 1669 1665
f 1664 1666 1669
f 1667 1671 1670
f 1667 1668 1671
f 1623 1672 1668
f 1623 1626 1672
f 1626 1673 1672
f 1626 1627 1673
f 1668 1674 1671
f 1668 1672 1674
f 1672 1675 1674
f 1672 1673 1675
f 1669 1679 1678
f 1669 1670 1679
f 1665 1678 1676
f 1665 1669 1678
f 1670 1680 1679
f 1670 1671 1680
f 1678 1682 1681
f 1678 1679 1682
f 1676 1681 1677
f 1676 1678 1681
f 1679 1683 1682
f 1679 1680 1683
f 1671 1684 1680
f 1671 1674 1684
f 1674 1685 1684
f 1674 1675 1685
f 1680 1686 1683
f 1680 1684 1686
f 1684 1687 1686
f 1684 1685 1687
f 1627 1688 1673
f 1627 1638 1688
f 1638 1689 1688
f 1638 1639 1689
f 1673 1690 1675
f 1673 1688 1690
f 1688 1691 1690
f 1688 1689 1691
f 1639 1692 1689
f 1639 1642 1692
f 1642 1693 1692
f 1642 1643 1693
f 1689 1694 1691
f 1689 1692 1694
f 1692 1695 1694
f 1692 1693 1695
f 1675 1696 1685
f 1675 1690 1696
f 1690 1697 1696
f 1690 1691 1697
f 1685 1698 1687
f 1685 1696 1698
f 1696 1699 1698
f 1696 1697 1699
f 1691 1700 1697
f 1691 1694 1700
f 1694 1701 1700
f 1694 1695 1701
f 1697 1702 1699
f 1697 1700 1702
f 1700 1703 1702
f 1700 1701 1703
f 911 1704 1282
f 911 1473 1704
f 1282 1705 1283
f 1282 1704 1705
f 1473 1706 1704
f 1473 1475 1706
f 1704 1707 1705
f 1704 1706 1707
f 1283 1708 1286
f 1283 1705 1708
f 1286 1709 1287
f 1286 1708 1709
f 1705 1710 1708
f 1705 1707 1710
f 1708 1711 1709
f 1708 1710 1711
f 1475 1712 1706
f 1475 1481 1712
f 1706 1713 1707
f 1706 1712 1713
f 1481 1714 1712
f 1481 1483 1714
f 1712 1715 1713
f 1712 1714 1715
f 1707 1716 1710
f 1707 1713 1716
f 1710 1717 1711
f 1710 1716 1717
f 1713 1718 1716
f 1713 1715 1718
f 1716 1719 1717
f 1716 1718 1719
f 1287 1720 1298
f 1287 1709 1720
f 1298 1721 1299
f 1298 1720 1721
f 1709 1722 1720
f 1709 1711 1722
f 1720 1723 1721
f 1720 1722 1723
f 1299 1724 1302
f 1299 1721 1724
f 1302 1725 1303
f 1302 1724 1725
f 1721 1726 1724
f 1721 1723 1726
f 1724 1727 1725
f 1724 1726 1727
f 1711 1728 1722
f 1711 1717 1728
f 1722 1729 1723
f 1722 1728 1729
f 1717 1730 1728
f 1717 1719 1730
f 1728 1731 1729
f 1728 1730 1731
f 1723 1732 1726
f 1723 1729 1732
f 1726 1733 1727
f 1726 1732 1733
f 1729 1734 1732
f 1729 1731 1734
f 1732 1735 1733
f 1732 1734 1735
f 951 1736 1513
f 951 1314 1736
f 1314 1737 1736
f 1314 1315 1737
f 1513 1738 1515
f 1513 1736 1738
f 1736 1739 1738
f 1736 1737 1739
f 1315 1740 1737
f 1315 1318 1740
f 1318 1741 1740
f 1318 1319 1741
f 1737 1742 1739
f 1737 1740 1742
f 1740 1743 1742
f 1740 1741 1743
f 1515 1744 1521
f 1515 1738 1744
f 1738 1745 1744
f 1738 1739 1745
f 1521 1746 1523
f 1521 1744 1746
f 1744 1747 1746
f 1744 1745 1747
f 1739 1748 1745
f 1739 1742 1748
f 1742 1749 1748
f 1742 1743 1749
f 1745 1750 1747
f 1745 1748 1750
f 1748 1751 1750
f 1748 1749 1751
f 1319 1752 1741
f 1319 1330 1752
f 1330 1753 1752
f 1330 1331 1753
f 1741 1754 1743
f 1741 1752 1754
f 1752 1755 1754
f 1752 1753 1755
f 1331 1756 1753
f 1331 1334 1756
f 1334 1757 1756
f 1334 1335 1757
f 1753 1758 1755
f 1753 1756 1758
f 1756 1759 1758
f 1756 1757 1759
f 1743 1760 1749
f 1743 1754 1760
f 1754 1761 1760
f 1754 1755 1761
f 1749 1762 1751
f 1749 1760 1762
f 1760 1763 1762
f 1760 1761 1763
f 1755 1764 1761
f 1755 1758 1764
f 1758 1765 1764
f 1758 1759 1765
f 1761 1766 1763
f 1761 1764 1766
f 1764 1767 1766
f 1764 1765 1767
f 1483 1768 1714
f 1483 1533 1768
f 1714 1769 1715
f 1714 1768 1769
f 1533 1770 1768
f 1533 1535 1770
f 1768 1771 1769
f 1768 1770 1771
f 1715 1772 1718
f 1715 1769 1772
f 1718 1773 1719
f 1718 1772 1773
f 1769 1774 1772
f 1769 1771 1774
f 1772 1775 1773
f 1772 1774 1775
f 1535 1776 1770
f 1535 1541 1776
f 1770 1777 1771
f 1770 1776 1777
f 1541 1778 1776
f 1541 1543 1778
f 1776 1779 1777
f 1776 1778 1779
f 1771 1780 1774
f 1771 1777 1780
f 1774 1781 1775
f 1774 1780 1781
f 1777 1782 1780
f 1777 1779 1782
f 1780 1783 1781
f 1780 1782 1783
f 1719 1784 1730
f 1719 1773 1784
f 1730 1785 1731
f 1730 1784 1785
f 1773 1786 1784
f 1773 1775 1786
f 1784 1787 1785
f 1784 1786 1787
f 1731 1788 1734
f 1731 1785 1788
f 1734 1789 1735
f 1734 1788 1789
f 1785 1790 1788
f 1785 1787 1790
f 1788 1791 1789
f 1788 1790 1791
f 1775 1792 1786
f 1775 1781 1792
f 1786 1793 1787
f 1786 1792 1793
f 1781 1794 1792
f 1781 1783 1794
f 1792 1795 1793
f 1792 1794 1795
f 1787 1796 1790
f 1787 1793 1796
f 1790 1797 1791
f 1790 1796 1797
f 1793 1798 1796
f 1793 1795 1798
f 1796 1799 1797
f 1796 1798 1799
f 1523 1800 1573
f 1523 1746 1800
f 1746 1801 1800
f 1746 1747 1801
f 1573 1802 1575
f 1573 1800 1802
f 1800 1803 1802
f 1800 1801 1803
f 1747 1804 1801
f 1747 1750 1804
f 1750 1805 1804
f 1750 1751 1805
f 1801 1806 1803
f 1801 1804 1806
f 1804 1807 1806
f 1804 1805 1807
f 1575 1808 1581
f 1575 1802 1808
f 1802 1809 1808
f 1802 1803 1809
f 1581 1810 1583
f 1581 1808 1810
f 1808 1811 1810
f 1808 1809 1811
f 1803 1812 1809
f 1803 1806 1812
f 1806 1813 1812
f 1806 1807 1813
f 1809 1814 1811
f 1809 1812 1814
f 1812 1815 1814
f 1812 1813 1815
f 1751 1816 1805
f 1751 1762 1816
f 1762 1817 1816
f 1762 1763 1817
f 1805 1818 1807
f 1805 1816 1818
f 1816 1819 1818
f 1816 1817 1819
f 1763 1820 1817
f 1763 1766 1820
f 1766 1821 1820
f 1766 1767 1821
f 1817 1822 1819
f 1817 1820 1822
f 1820 1823 1822
f 1820 1821 1823
f 1807 1824 1813
f 1807 1818 1824
f 1818 1825 1824
f 1818 1819 1825
f 1813 1826 1815
f 1813 1824 1826
f 1824 1827 1826
f 1824 1825 1827
f 1819 1828 1825
f 1819 1822 1828
f 1822 1829 1828
f 1822 1823 1829
f 1825 1830 1827
f 1825 1828 1830
f 1828 1831 1830
f 1828 1829 1831
f 1303 1832 1410
f 1303 1725 1832
f 1410 1833 1411
f 1410 1832 1833
f 1725 1834 1832
f 1725 1727 1834
f 1832 1835 1833
f 1832 1834 1835
f 1411 1836 1414
f 1411 1833 1836
f 1414 1837 1415
f 1414 1836 1837
f 1833 1838 1836
f 1833 1835 1838
f 1836 1839 1837
f 1836 1838 1839
f 1727 1840 1834
f 1727 1733 1840
f 1834 1841 1835
f 1834 1840 1841
f 1733 1842 1840
f 1733 1735 1842
f 1840 1843 1841
f 1840 1842 1843
f 1835 1844 1838
f 1835 1841 1844
f 1838 1845 1839
f 1838 1844 1845
f 1841 1846 1844
f 1841 1843 1846
f 1844 1847 1845
f 1844 1846 1847
f 1415 1848 1426
f 1415 1837 1848
f 1426 1849 1427
f 1426 1848 1849
f 1837 1850 1848
f 1837 1839 1850
f 1848 1851 1849
f 1848 1850 1851
f 1427 1852 1430
f 1427 1849 1852
f 1430 1853 1431
f 1430 1852 1853
f 1849 1854 1852
f 1849 1851 1854
f 1852 1855 1853
f 1852 1854 1855
f 1839 1856 1850
f 1839 1845 1856
f 1850 1857 1851
f 1850 1856 1857
f 1845 1858 1856
f 1845 1847 1858
f 1856 1859 1857
f 1856 1858 1859
f 1851 1860 1854
f 1851 1857 1860
f 1854 1861 1855
f 1854 1860 1861
f 1857 1862 1860
f 1857 1859 1862
f 1860 1863 1861
f 1860 1862 1863
f 1335 1864 1757
f 1335 1442 1864
f 1442 1865 1864
f 1442 1443 1865
f 1757 1866 1759
f 1757 1864 1866
f 1864 1867 1866
f 1864 1865 1867
f 1443 1868 1865
f 1443 1446 1868
f 1446 1869 1868
f 1446 1447 1869
f 1865 1870 1867
f 1865 1868 1870
f 1868 1871 1870
f 1868 1869 1871
f 1759 1872 1765
f 1759 1866 1872
f 1866 1873 1872
f 1866 1867 1873
f 1765 1874 1767
f 1765 1872 1874
f 1872 1875 1874
f 1872 1873 1875
f 1867 1876 1873
f 1867 1870 1876
f 1870 1877 1876
f 1870 1871 1877
f 1873 1878 1875
f 1873 1876 1878
f 1876 1879 1878
f 1876 1877 1879
f 1447 1880 1869
f 1447 1458 1880
f 1458 1881 1880
f 1458 1459 1881
f 1869 1882 1871
f 1869 1880 1882
f 1880 1883 1882
f 1880 1881 1883
f 1459 1884 1881
f 1459 1462 1884
f 1462 1885 1884
f 1462 1463 1885
f 1881 1886 1883
f 1881 1884 1886
f 1884 1887 1886
f 1884 1885 1887
f 1871 1888 1877
f 1871 1882 1888
f 1882 1889 1888
f 1882 1883 1889
f 1877 1890 1879
f 1877 1888 1890
f 1888 1891 1890
f 1888 1889 1891
f 1883 1892 1889
f 1883 1886 1892
f 1886 1893 1892
f 1886 1887 1893
f 1889 1894 1891
f 1889 1892 1894
f 1892 1895 1894
f 1892 1893 1895
f 1735 1896 1842
f 1735 1789 1896
f 1842 1897 1843
f 1842 1896 1897
f 1789 1898 1896
f 1789 1791 1898
f 1896 1899 1897
f 1896 1898 1899
f 1843 1900 1846
f 1843 1897 1900
f 1846 1901 1847
f 1846 1900 1901
f 1897 1902 1900
f 1897 1899 1902
f 1900 1903 1901
f 1900 1902 1903
f 1791 1904 1898
f 1791 1797 1904
f 1898 1905 1899
f 1898 1904 1905
f 1797 1906 1904
f 1797 1799 1906
f 1904 1907 1905
f 1904 1906 1907
f 1899 1908 1902
f 1899 1905 1908
f 1902 1909 1903
f 1902 1908 1909
f 1905 1910 1908
f 1905 1907 1910
f 1908 1911 1909
f 1908 1910 1911
f 1847 1912 1858
f 1847 1901 1912
f 1858 1913 1859
f 1858 1912 1913
f 1901 1914 1912
f 1901 1903 1914
f 1912 1915 1913
f 1912 1914 1915
f 1859 1916 1862
f 1859 1913 1916
f 1862 1917 1863
f 1862 1916 1917
f 1913 1918 1916
f 1913 1915 1918
f 1916 1919 1917
f 1916 1918 1919
f 1903 1920 1914
f 1903 1909 1920
f 1914 1921 1915
f 1914 1920 1921
f 1909 1922 1920
f 1909 1911 1922
f 1920 1923 1921
f 1920 1922 1923
f 1915 1924 1918
f 1915 1921 1924
f 1918 1925 1919
f 1918 1924 1925
f 1921 1926 1924
f 1921 1923 1926
f 1924 1927 1925
f 1924 1926 1927
f 1767 1928 1821
f 1767 1874 1928
f 1874 1929 1928
f 1874 1875 1929
f 1821 1930 1823
f 1821 1928 1930
f 1928 1931 1930
f 1928 1929 1931
f 1875 1932 1929
f 1875 1878 1932
f 1878 1933 1932
f 1878 1879 1933
f 1929 1934 1931
f 1929 1932 1934
f 1932 1935 1934
f 1932 1933 1935
f 1823 1936 1829
f 1823 1930 1936
f 1930 1937 1936
f 1930 1931 1937
f 1829 1938 1831
f 1829 1936 1938
f 1936 1939 1938
f 1936 1937 1939
f 1931 1940 1937
f 1931 1934 1940
f 1934 1941 1940
f 1934 1935 1941
f 1937 1942 1939
f 1937 1940 1942
f 1940 1943 1942
f 1940 1941 1943
f 1879 1944 1933
f 1879 1890 1944
f 1890 1945 1944
f 1890 1891 1945
f 1933 1946 1935
f 1933 1944 1946
f 1944 1947 1946
f 1944 1945 1947
f 1891 1948 1945
f 1891 1894 1948
f 1894 1949 1948
f 1894 1895 1949
f 1945 1950 1947
f 1945 1948 1950
f 1948 1951 1950
f 1948 1949 1951
f 1935 1952 1941
f 1935 1946 1952
f 1946 1953 1952
f 1946 1947 1953
f 1941 1954 1943
f 1941 1952 1954
f 1952 1955 1954
f 1952 1953 1955
f 1947 1956 1953
f 1947 1950 1956
f 1950 1957 1956
f 1950 1951 1957
f 1953 1958 1955
f 1953 1956 1958
f 1956 1959 1958
f 1956 1957 1959
f 1543 1960 1778
f 1543 1593 1960
f 1778 1961 1779
f 1778 1960 1961
f 1593 1962 1960
f 1593 1595 1962
f 1960 1963 1961
f 1960 1962 1963
f 1779 1964 1782
f 1779 1961 1964
f 1782 1965 1783
f 1782 1964 1965
f 1961 1966 1964
f 1961 1963 1966
f 1964 1967 1965
f 1964 1966 1967
f 1595 1968 1962
f 1595 1601 1968
f 1962 1969 1963
f 1962 1968 1969
f 1601 1970 1968
f 1601 1603 1970
f 1968 1971 1969
f 1968 1970 1971
f 1963 1972 1966
f 1963 1969 1972
f 1966 1973 1967
f 1966 1972 1973
f 1969 1974 1972
f 1969 1971 1974
f 1972 1975 1973
f 1972 1974 1975
f 1783 1976 1794
f 1783 1965 1976
f 1794 1977 1795
f 1794 1976 1977
f 1965 1978 1976
f 1965 1967 1978
f 1976 1979 1977
f 1976 1978 1979
f 1795 1980 1798
f 1795 1977 1980
f 1798 1981 1799
f 1798 1980 1981
f 1977 1982 1980
f 1977 1979 1982
f 1980 1983 1981
f 1980 1982 1983
f 1967 1984 1978
f 1967 1973 1984
f 1978 1985 1979
f 1978 1984 1985
f 1973 1986 1984
f 1973 1975 1986
f 1984 1987 1985
f 1984 1986 1987
f 1979 1988 1982
f 1979 1985 1988
f 1982 1989 1983
f 1982 1988 1989
f 1985 1990 1988
f 1985 1987 1990
f 1988 1991 1989
f 1988 1990 1991
f 1583 1992 1633
f 1583 1810 1992
f 1810 1993 1992
f 1810 1811 1993
f 1633 1994 1635
f 1633 1992 1994
f 1992 1995 1994
f 1992 1993 1995
f 1811 1996 1993
f 1811 1814 1996
f 1814 1997 1996
f 1814 1815 1997
f 1993 1998 1995
f 1993 1996 1998
f 1996 1999 1998
f 1996 1997 1999
f 1635 2000 1641
f 1635 1994 2000
f 1994 2001 2000
f 1994 1995 2001
f 1641 2002 1643
f 1641 2000 2002
f 2000 2003 2002
f 2000 2001 2003
f 1995 2004 2001
f 1995 1998 2004
f 1998 2005 2004
f 1998 1999 2005
f 2001 2006 2003
f 2001 2004 2006
f 2004 2007 2006
f 2004 2005 2007
f 1815 2008 1997
f 1815 1826 2008
f 1826 2009 2008
f 1826 1827 2009
f 1997 2010 1999
f 1997 2008 2010
f 2008 2011 2010
f 2008 2009 2011
f 1827 2012 2009
f 1827 1830 2012
f 1830 2013 2012
f 1830 1831 2013
f 2009 2014 2011
f 2009 2012 2014
f 2012 2015 2014
f 2012 2013 2015
f 1999 2016 2005
f 1999 2010 2016
f 2010 2017 2016
f 2010 2011 2017
f 2005 2018 2007
f 2005 2016 2018
f 2016 2019 2018
f 2016 2017 2019
f 2011 2020 2017
f 2011 2014 2020
f 2014 2021 2020
f 2014 2015 2021
f 2017 2022 2019
f 2017 2020 2022
f 2020 2023 2022
f 2020 2021 2023
f 1603 2024 1970
f 1603 1653 2024
f 1970 2025 1971
f 1970 2024 2025
f 1653 2026 2024
f 1653 1655 2026
f 2024 2027 2025
f 2024 2026 2027
f 1971 2028 1974
f 1971 2025 2028
f 1974 2029 1975
f 1974 2028 2029
f 2025 2030 2028
f 2025 2027 2030
f 2028 2031 2029
f 2028 2030 2031
f 1655 2032 2026
f 1655 1661 2032
f 2026 2033 2027
f 2026 2032 2033
f 1661 2034 2032
f 1661 1663 2034
f 2032 2035 2033
f 2032 2034 2035
f 2027 2036 2030
f 2027 2033 2036
f 2030 2037 2031
f 2030 2036 2037
f 2033 2038 2036
f 2033 2035 2038
f 2036 2039 2037
f 2036 2038 2039
f 1975 2040 1986
f 1975 2029 2040
f 1986 2041 1987
f 1986 2040 2041
f 2029 2042 2040
f 2029 2031 2042
f 2040 2043 2041
f 2040 2042 2043
f 1987 2044 1990
f 1987 2041 2044
f 1990 2045 1991
f 1990 2044 2045
f 2041 2046 2044
f 2041 2043 2046
f 2044 2047 2045
f 2044 2046 2047
f 2031 2048 2042
f 2031 2037 2048
f 2042 2049 2043
f 2042 2048 2049
f 2037 2050 2048
f 2037 2039 2050
f 2048 2051 2049
f 2048 2050 2051
f 2043 2052 2046
f 2043 2049 2052
f 2046 2053 2047
f 2046 2052 2053
f 2049 2054 2052
f 2049 2051 2054
f 2052 2055 2053
f 2052 2054 2055
f 1643 2056 1693
f 1643 2002 2056
f 2002 2057 2056
f 2002 2003 2057
f 1693 2058 1695
f 1693 2056 2058
f 2056 2059 2058
f 2056 2057 2059
f 2003 2060 2057
f 2003 2006 2060
f 2006 2061 2060
f 2006 2007 2061
f 2057 2062 2059
f 2057 2060 2062
f 2060 2063 2062
f 2060 2061 2063
f 1695 2064 1701
f 1695 2058 2064
f 2058 2065 2064
f 2058 2059 2065
f 1701 2066 1703
f 1701 2064 2066
f 2064 2067 2066
f 2064 2065 2067
f 2059 2068 2065
f 2059 2062 2068
f 2062 2069 2068
f 2062 2063 2069
f 2065 2070 2067
f 2065 2068 2070
f 2068 2071 2070
f 2068 2069 2071
f 2007 2072 2061
f 2007 2018 2072
f 2018 2073 2072
f 2018 2019 2073
f 2061 2074 2063
f 2061 2072 2074
f 2072 2075 2074
f 2072 2073 2075
f 2019 2076 2073
f 2019 2022 2076
f 2022 2077 2076
f 2022 2023 2077
f 2073 2078 2075
f 2073 2076 2078
f 2076 2079 2078
f 2076 2077 2079
f 2063 2080 2069
f 2063 2074 2080
f 2074 2081 2080
f 2074 2075 2081
f 2069 2082 2071
f 2069 2080 2082
f 2080 2083 2082
f 2080 2081 2083
f 2075 2084 2081
f 2075 2078 2084
f 2078 2085 2084
f 2078 2079 2085
f 2081 2086 2083
f 2081 2084 2086
f 2084 2087 2086
f 2084 2085 2087
f 1799 2088 1906
f 1799 1981 2088
f 1906 2089 1907
f 1906 2088 2089
f 1981 2090 2088
f 1981 1983 2090
f 2088 2091 2089
f 2088 2090 2091
f 1907 2092 1910
f 1907 2089 2092
f 1910 2093 1911
f 1910 2092 2093
f 2089 2094 2092
f 2089 2091 2094
f 2092 2095 2093
f 2092 2094 2095
f 1983 2096 2090
f 1983 1989 2096
f 2090 2097 2091
f 2090 2096 2097
f 1989 2098 2096
f 1989 1991 2098
f 2096 2099 2097
f 2096 2098 2099
f 2091 2100 2094
f 2091 2097 2100
f 2094 2101 2095
f 2094 2100 2101
f 2097 2102 2100
f 2097 2099 2102
f 2100 2103 2101
f 2100 2102 2103
f 1911 2104 1922
f 1911 2093 2104
f 1922 2105 1923
f 1922 2104 2105
f 2093 2106 2104
f 2093 2095 2106
f 2104 2107 2105
f 2104 2106 2107
f 1923 2108 1926
f 1923 2105 2108
f 1926 2109 1927
f 1926 2108 2109
f 2105 2110 2108
f 2105 2107 2110
f 2108 2111 2109
f 2108 2110 2111
f 2095 2112 2106
f 2095 2101 2112
f 2106 2113 2107
f 2106 2112 2113
f 2101 2114 2112
f 2101 2103 2114
f 2112 2115 2113
f 2112 2114 2115
f 2107 2116 2110
f 2107 2113 2116
f 2110 2117 2111
f 2110 2116 2117
f 2113 2118 2116
f 2113 2115 2118
f 2116 2119 2117
f 2116 2118 2119
f 1831 2120 2013
f 1831 1938 2120
f 1938 2121 2120
f 1938 1939 2121
f 2013 2122 2015
f 2013 2120 2122
f 2120 2123 2122
f 2120 2121 2123
f 1939 2124 2121
f 1939 1942 2124
f 1942 2125 2124
f 1942 1943 2125
f 2121 2126 2123
f 2121 2124 2126
f 2124 2127 2126
f 2124 2125 2127
f 2015 2128 2021
f 2015 2122 2128
f 2122 2129 2128
f 2122 2123 2129
f 2021 2130 2023
f 2021 2128 2130
f 2128 2131 2130
f 2128 2129 2131
f 2123 2132 2129
f 2123 2126 2132
f 2126 2133 2132
f 2126 2127 2133
f 2129 2134 2131
f 2129 2132 2134
f 2132 2135 2134
f 2132 2133 2135
f 1943 2136 2125
f 1943 1954 2136
f 1954 2137 2136
f 1954 1955 2137
f 2125 2138 2127
f 2125 2136 2138
f 2136 2139 2138
f 2136 2137 2139
f 1955 2140 2137
f 1955 1958 2140
f 1958 2141 2140
f 1958 1959 2141
f 2137 2142 2139
f 2137 2140 2142
f 2140 2143 2142
f 2140 2141 2143
f 2127 2144 2133
f 2127 2138 2144
f 2138 2145 2144
f 2138 2139 2145
f 2133 2146 2135
f 2133 2144 2146
f 2144 2147 2146
f 2144 2145 2147
f 2139 2148 2145
f 2139 2142 2148
f 2142 2149 2148
f 2142 2143 2149
f 2145 2150 2147
f 2145 2148 2150
f 2148 2151 2150
f 2148 2149 2151
f 1991 2152 2098
f 1991 2045 2152
f 2098 2153 2099
f 2098 2152 2153
f 2045 2154 2152
f 2045 2047 2154
f 2152 2155 2153
f 2152 2154 2155
f 2099 2156 2102
f 2099 2153 2156
f 2102 2157 2103
f 2102 2156 2157
f 2153 2158 2156
f 2153 2155 2158
f 2156 2159 2157
f 2156 2158 2159
f 2047 2160 2154
f 2047 2053 2160
f 2154 2161 2155
f 2154 2160 2161
f 2053 2162 2160
f 2053 2055 2162
f 2160 2163 2161
f 2160 2162 2163
f 2155 2164 2158
f 2155 2161 2164
f 2158 2165 2159
f 2158 2164 2165
f 2161 2166 2164
f 2161 2163 2166
f 2164 2167 2165
f 2164 2166 2167
f 2103 2168 2114
f 2103 2157 2168
f 2114 2169 2115
f 2114 2168 2169
f 2157 2170 2168
f 2157 2159 2170
f 2168 2171 2169
f 2168 2170 2171
f 2115 2172 2118
f 2115 2169 2172
f 2118 2173 2119
f 2118 2172 2173
f 2169 2174 2172
f 2169 2171 2174
f 2172 2175 2173
f 2172 2174 2175
f 2159 2176 2170
f 2159 2165 2176
f 2170 2177 2171
f 2170 2176 2177
f 2165 2178 2176
f 2165 2167 2178
f 2176 2179 2177
f 2176 2178 2179
f 2171 2180 2174
f 2171 2177 2180
f 2174 2181 2175
f 2174 2180 2181
f 2177 2182 2180
f 2177 2179 2182
f 2180 2183 2181
f 2180 2182 2183
f 2023 2184 2077
f 2023 2130 2184
f 2130 2185 2184
f 2130 2131 2185
f 2077 2186 2079
f 2077 2184 2186
f 2184 2187 2186
f 2184 2185 2187
f 2131 2188 2185
f 2131 2134 2188
f 2134 2189 2188
f 2134 2135 2189
f 2185 2190 2187
f 2185 2188 2190
f 2188 2191 2190
f 2188 2189 2191
f 2079 2192 2085
f 2079 2186 2192
f 2186 2193 2192
f 2186 2187 2193
f 2085 2194 2087
f 2085 2192 2194
f 2192 2195 2194
f 2192 2193 2195
f 2187 2196 2193
f 2187 2190 2196
f 2190 2197 2196
f 2190 2191 2197
f 2193 2198 2195
f 2193 2196 2198
f 2196 2199 2198
f 2196 2197 2199
f 2135 2200 2189
f 2135 2146 2200
f 2146 2201 2200
f 2146 2147 2201
f 2189 2202 2191
f 2189 2200 2202
f 2200 2203 2202
f 2200 2201 2203
f 2147 2204 2201
f 2147 2150 2204
f 2150 2205 2204
f 2150 2151 2205
f 2201 2206 2203
f 2201 2204 2206
f 2204 2207 2206
f 2204 2205 2207
f 2191 2208 2197
f 2191 2202 2208
f 2202 2209 2208
f 2202 2203 2209
f 2197 2210 2199
f 2197 2208 2210
f 2208 2211 2210
f 2208 2209 2211
f 2203 2212 2209
f 2203 2206 2212
f 2206 2213 2212
f 2206 2207 2213
f 2209 2214 2211
f 2209 2212 2214
f 2212 2215 2214
f 2212 2213 2215
f 377 2226 379
f 377 2224 2226
f 2224 2227 2226
f 2224 2225 2227
f 2225 2230 2227
f 2225 2228 2230
f 2228 2231 2230
f 2228 2229 2231
f 389 2232 388
f 389 2233 2232
f 379 2233 389
f 379 2226 2233
f 2233 2234 2232
f 2233 2235 2234
f 2226 2235 2233
f 2226 2227 2235
f 388 2236 391
f 388 2232 2236
f 2232 2237 2236
f 2232 2234 2237
f 2235 2238 2234
f 2235 2239 2238
f 2227 2239 2235
f 2227 2230 2239
f 2239 2240 2238
f 2239 2241 2240
f 2230 2241 2239
f 2230 2231 2241
f 2234 2242 2237
f 2234 2238 2242
f 2238 2243 2242
f 2238 2240 2243
f 2229 2246 2231
f 2229 2244 2246
f 2244 2247 2246
f 2244 2245 2247
f 2245 2250 2247
f 2245 2248 2250
f 2248 2251 2250
f 2248 2249 2251
f 2241 2252 2240
f 2241 2253 2252
f 2231 2253 2241
f 2231 2246 2253
f 2253 2254 2252
f 2253 2255 2254
f 2246 2255 2253
f 2246 2247 2255
f 2240 2256 2243
f 2240 2252 2256
f 2252 2257 2256
f 2252 2254 2257
f 2255 2258 2254
f 2255 2259 2258
f 2247 2259 2255
f 2247 2250 2259
f 2259 2260 2258
f 2259 2261 2260
f 2250 2261 2259
f 2250 2251 2261
f 2254 2262 2257
f 2254 2258 2262
f 2258 2263 2262
f 2258 2260 2263
f 351 2264 2216
f 351 413 2264
f 2216 2265 2217
f 2216 2264 2265
f 413 2266 2264
f 413 415 2266
f 2264 2267 2265
f 2264 2266 2267
f 2217 2268 2218
f 2217 2265 2268
f 2218 2269 2219
f 2218 2268 2269
f 2265 2270 2268
f 2265 2267 2270
f 2268 2271 2269
f 2268 2270 2271
f 415 2272 2266
f 415 421 2272
f 2266 2273 2267
f 2266 2272 2273
f 421 2274 2272
f 421 423 2274
f 2272 2275 2273
f 2272 2274 2275
f 2267 2276 2270
f 2267 2273 2276
f 2270 2277 2271
f 2270 2276 2277
f 2273 2278 2276
f 2273 2275 2278
f 2276 2279 2277
f 2276 2278 2279
f 2219 2280 2220
f 2219 2269 2280
f 2220 2281 2221
f 2220 2280 2281
f 2269 2282 2280
f 2269 2271 2282
f 2280 2283 2281
f 2280 2282 2283
f 2221 2284 2222
f 2221 2281 2284
f 2222 2285 2223
f 2222 2284 2285
f 2281 2286 2284
f 2281 2283 2286
f 2284 2287 2285
f 2284 2286 2287
f 2271 2288 2282
f 2271 2277 2288
f 2282 2289 2283
f 2282 2288 2289
f 2277 2290 2288
f 2277 2279 2290
f 2288 2291 2289
f 2288 2290 2291
f 2283 2292 2286
f 2283 2289 2292
f 2286 2293 2287
f 2286 2292 2293
f 2289 2294 2292
f 2289 2291 2294
f 2292 2295 2293
f 2292 2294 2295
f 391 2296 445
f 391 2236 2296
f 2236 2297 2296
f 2236 2237 2297
f 445 2298 447
f 445 2296 2298
f 2296 2299 2298
f 2296 2297 2299
f 2237 2300 2297
f 2237 2242 2300
f 2242 2301 2300
f 2242 2243 2301
f 2297 2302 2299
f 2297 2300 2302
f 2300 2303 2302
f 2300 2301 2303
f 447 2304 453
f 447 2298 2304
f 2298 2305 2304
f 2298 2299 2305
f 453 2306 455
f 453 2304 2306
f 2304 2307 2306
f 2304 2305 2307
f 2299 2308 2305
f 2299 2302 2308
f 2302 2309 2308
f 2302 2303 2309
f 2305 2310 2307
f 2305 2308 2310
f 2308 2311 2310
f 2308 2309 2311
f 2243 2312 2301
f 2243 2256 2312
f 2256 2313 2312
f 2256 2257 2313
f 2301 2314 2303
f 2301 2312 2314
f 2312 2315 2314
f 2312 2313 2315
f 2257 2316 2313
f 2257 2262 2316
f 2262 2317 2316
f 2262 2263 2317
f 2313 2318 2315
f 2313 2316 2318
f 2316 2319 2318
f 2316 2317 2319
f 2303 2320 2309
f 2303 2314 2320
f 2314 2321 2320
f 2314 2315 2321
f 2309 2322 2311
f 2309 2320 2322
f 2320 2323 2322
f 2320 2321 2323
f 2315 2324 2321
f 2315 2318 2324
f 2318 2325 2324
f 2318 2319 2325
f 2321 2326 2323
f 2321 2324 2326
f 2324 2327 2326
f 2324 2325 2327
f 2249 2338 2251
f 2249 2336 2338
f 2336 2339 2338
f 2336 2337 2339
f 2337 2342 2339
f 2337 2340 2342
f 2340 2343 2342
f 2340 2341 2343
f 2261 2344 2260
f 2261 2345 2344
f 2251 2345 2261
f 2251 2338 2345
f 2345 2346 2344
f 2345 2347 2346
f 2338 2347 2345
f 2338 2339 2347
f 2260 2348 2263
f 2260 2344 2348
f 2344 2349 2348
f 2344 2346 2349
f 2347 2350 2346
f 2347 2351 2350
f 2339 2351 2347
f 2339 2342 2351
f 2351 2352 2350
f 2351 2353 2352
f 2342 2353 2351
f 2342 2343 2353
f 2346 2354 2349
f 2346 2350 2354
f 2350 2355 2354
f 2350 2352 2355
f 2341 2358 2343
f 2341 2356 2358
f 2356 2359 2358
f 2356 2357 2359
f 2357 2362 2359
f 2357 2360 2362
f 2360 2363 2362
f 2360 2361 2363
f 2353 2364 2352
f 2353 2365 2364
f 2343 2365 2353
f 2343 2358 2365
f 2365 2366 2364
f 2365 2367 2366
f 2358 2367 2365
f 2358 2359 2367
f 2352 2368 2355
f 2352 2364 2368
f 2364 2369 2368
f 2364 2366 2369
f 2367 2370 2366
f 2367 2371 2370
f 2359 2371 2367
f 2359 2362 2371
f 2371 2372 2370
f 2371 2373 2372
f 2362 2373 2371
f 2362 2363 2373
f 2366 2374 2369
f 2366 2370 2374
f 2370 2375 2374
f 2370 2372 2375
f 2223 2376 2328
f 2223 2285 2376
f 2328 2377 2329
f 2328 2376 2377
f 2285 2378 2376
f 2285 2287 2378
f 2376 2379 2377
f 2376 2378 2379
f 2329 2380 2330
f 2329 2377 2380
f 2330 2381 2331
f 2330 2380 2381
f 2377 2382 2380
f 2377 2379 2382
f 2380 2383 2381
f 2380 2382 2383
f 2287 2384 2378
f 2287 2293 2384
f 2378 2385 2379
f 2378 2384 2385
f 2293 2386 2384
f 2293 2295 2386
f 2384 2387 2385
f 2384 2386 2387
f 2379 2388 2382
f 2379 2385 2388
f 2382 2389 2383
f 2382 2388 2389
f 2385 2390 2388
f 2385 2387 2390
f 2388 2391 2389
f 2388 2390 2391
f 2331 2392 2332
f 2331 2381 2392
f 2332 2393 2333
f 2332 2392 2393
f 2381 2394 2392
f 2381 2383 2394
f 2392 2395 2393
f 2392 2394 2395
f 2333 2396 2334
f 2333 2393 2396
f 2334 2397 2335
f 2334 2396 2397
f 2393 2398 2396
f 2393 2395 2398
f 2396 2399 2397
f 2396 2398 2399
f 2383 2400 2394
f 2383 2389 2400
f 2394 2401 2395
f 2394 2400 2401
f 2389 2402 2400
f 2389 2391 2402
f 2400 2403 2401
f 2400 2402 2403
f 2395 2404 2398
f 2395 2401 2404
f 2398 2405 2399
f 2398 2404 2405
f 2401 2406 2404
f 2401 2403 2406
f 2404 2407 2405
f 2404 2406 2407
f 2263 2408 2317
f 2263 2348 2408
f 2348 2409 2408
f 2348 2349 2409
f 2317 2410 2319
f 2317 2408 2410
f 2408 2411 2410
f 2408 2409 2411
f 2349 2412 2409
f 2349 2354 2412
f 2354 2413 2412
f 2354 2355 2413
f 2409 2414 2411
f 2409 2412 2414
f 2412 2415 2414
f 2412 2413 2415
f 2319 2416 2325
f 2319 2410 2416
f 2410 2417 2416
f 2410 2411 2417
f 2325 2418 2327
f 2325 2416 2418
f 2416 2419 2418
f 2416 2417 2419
f 2411 2420 2417
f 2411 2414 2420
f 2414 2421 2420
f 2414 2415 2421
f 2417 2422 2419
f 2417 2420 2422
f 2420 2423 2422
f 2420 2421 2423
f 2355 2424 2413
f 2355 2368 2424
f 2368 2425 2424
f 2368 2369 2425
f 2413 2426 2415
f 2413 2424 2426
f 2424 2427 2426
f 2424 2425 2427
f 2369 2428 2425
f 2369 2374 2428
f 2374 2429 2428
f 2374 2375 2429
f 2425 2430 2427
f 2425 2428 2430
f 2428 2431 2430
f 2428 2429 2431
f 2415 2432 2421
f 2415 2426 2432
f 2426 2433 2432
f 2426 2427 2433
f 2421 2434 2423
f 2421 2432 2434
f 2432 2435 2434
f 2432 2433 2435
f 2427 2436 2433
f 2427 2430 2436
f 2430 2437 2436
f 2430 2431 2437
f 2433 2438 2435
f 2433 2436 2438
f 2436 2439 2438
f 2436 2437 2439
f 423 2440 2274
f 423 605 2440
f 2274 2441 2275
f 2274 2440 2441
f 605 2442 2440
f 605 607 2442
f 2440 2443 2441
f 2440 2442 2443
f 2275 2444 2278
f 2275 2441 2444
f 2278 2445 2279
f 2278 2444 2445
f 2441 2446 2444
f 2441 2443 2446
f 2444 2447 2445
f 2444 2446 2447
f 607 2448 2442
f 607 613 2448
f 2442 2449 2443
f 2442 2448 2449
f 613 2450 2448
f 613 615 2450
f 2448 2451 2449
f 2448 2450 2451
f 2443 2452 2446
f 2443 2449 2452
f 2446 2453 2447
f 2446 2452 2453
f 2449 2454 2452
f 2449 2451 2454
f 2452 2455 2453
f 2452 2454 2455
f 2279 2456 2290
f 2279 2445 2456
f 2290 2457 2291
f 2290 2456 2457
f 2445 2458 2456
f 2445 2447 2458
f 2456 2459 2457
f 2456 2458 2459
f 2291 2460 2294
f 2291 2457 2460
f 2294 2461 2295
f 2294 2460 2461
f 2457 2462 2460
f 2457 2459 2462
f 2460 2463 2461
f 2460 2462 2463
f 2447 2464 2458
f 2447 2453 2464
f 2458 2465 2459
f 2458 2464 2465
f 2453 2466 2464
f 2453 2455 2466
f 2464 2467 2465
f 2464 2466 2467
f 2459 2468 2462
f 2459 2465 2468
f 2462 2469 2463
f 2462 2468 2469
f 2465 2470 2468
f 2465 2467 2470
f 2468 2471 2469
f 2468 2470 2471
f 455 2472 637
f 455 2306 2472
f 2306 2473 2472
f 2306 2307 2473
f 637 2474 639
f 637 2472 2474
f 2472 2475 2474
f 2472 2473 2475
f 2307 2476 2473
f 2307 2310 2476
f 2310 2477 2476
f 2310 2311 2477
f 2473 2478 2475
f 2473 2476 2478
f 2476 2479 2478
f 2476 2477 2479
f 639 2480 645
f 639 2474 2480
f 2474 2481 2480
f 2474 2475 2481
f 645 2482 647
f 645 2480 2482
f 2480 2483 2482
f 2480 2481 2483
f 2475 2484 2481
f 2475 2478 2484
f 2478 2485 2484
f 2478 2479 2485
f 2481 2486 2483
f 2481 2484 2486
f 2484 2487 2486
f 2484 2485 2487
f 2311 2488 2477
f 2311 2322 2488
f 2322 2489 2488
f 2322 2323 2489
f 2477 2490 2479
f 2477 2488 2490
f 2488 2491 2490
f 2488 2489 2491
f 2323 2492 2489
f 2323 2326 2492
f 2326 2493 2492
f 2326 2327 2493
f 2489 2494 2491
f 2489 2492 2494
f 2492 2495 2494
f 2492 2493 2495
f 2479 2496 2485
f 2479 2490 2496
f 2490 2497 2496
f 2490 2491 2497
f 2485 2498 2487
f 2485 2496 2498
f 2496 2499 2498
f 2496 2497 2499
f 2491 2500 2497
f 2491 2494 2500
f 2494 2501 2500
f 2494 2495 2501
f 2497 2502 2499
f 2497 2500 2502
f 2500 2503 2502
f 2500 2501 2503
f 615 2504 2450
f 615 669 2504
f 2450 2505 2451
f 2450 2504 2505
f 669 2506 2504
f 669 671 2506
f 2504 2507 2505
f 2504 2506 2507
f 2451 2508 2454
f 2451 2505 2508
f 2454 2509 2455
f 2454 2508 2509
f 2505 2510 2508
f 2505 2507 2510
f 2508 2511 2509
f 2508 2510 2511
f 671 2512 2506
f 671 677 2512
f 2506 2513 2507
f 2506 2512 2513
f 677 2514 2512
f 677 679 2514
f 2512 2515 2513
f 2512 2514 2515
f 2507 2516 2510
f 2507 2513 2516
f 2510 2517 2511
f 2510 2516 2517
f 2513 2518 2516
f 2513 2515 2518
f 2516 2519 2517
f 2516 2518 2519
f 2455 2520 2466
f 2455 2509 2520
f 2466 2521 2467
f 2466 2520 2521
f 2509 2522 2520
f 2509 2511 2522
f 2520 2523 2521
f 2520 2522 2523
f 2467 2524 2470
f 2467 2521 2524
f 2470 2525 2471
f 2470 2524 2525
f 2521 2526 2524
f 2521 2523 2526
f 2524 2527 2525
f 2524 2526 2527
f 2511 2528 2522
f 2511 2517 2528
f 2522 2529 2523
f 2522 2528 2529
f 2517 2530 2528
f 2517 2519 2530
f 2528 2531 2529
f 2528 2530 2531
f 2523 2532 2526
f 2523 2529 2532
f 2526 2533 2527
f 2526 2532 2533
f 2529 2534 2532
f 2529 2531 2534
f 2532 2535 2533
f 2532 2534 2535
f 647 2536 701
f 647 2482 2536
f 2482 2537 2536
f 2482 2483 2537
f 701 2538 703
f 701 2536 2538
f 2536 2539 2538
f 2536 2537 2539
f 2483 2540 2537
f 2483 2486 2540
f 2486 2541 2540
f 2486 2487 2541
f 2537 2542 2539
f 2537 2540 2542
f 2540 2543 2542
f 2540 2541 2543
f 703 2544 709
f 703 2538 2544
f 2538 2545 2544
f 2538 2539 2545
f 709 2546 711
f 709 2544 2546
f 2544 2547 2546
f 2544 2545 2547
f 2539 2548 2545
f 2539 2542 2548
f 2542 2549 2548
f 2542 2543 2549
f 2545 2550 2547
f 2545 2548 2550
f 2548 2551 2550
f 2548 2549 2551
f 2487 2552 2541
f 2487 2498 2552
f 2498 2553 2552
f 2498 2499 2553
f 2541 2554 2543
f 2541 2552 2554
f 2552 2555 2554
f 2552 2553 2555
f 2499 2556 2553
f 2499 2502 2556
f 2502 2557 2556
f 2502 2503 2557
f 2553 2558 2555
f 2553 2556 2558
f 2556 2559 2558
f 2556 2557 2559
f 2543 2560 2549
f 2543 2554 2560
f 2554 2561 2560
f 2554 2555 2561
f 2549 2562 2551
f 2549 2560 2562
f 2560 2563 2562
f 2560 2561 2563
f 2555 2564 2561
f 2555 2558 2564
f 2558 2565 2564
f 2558 2559 2565
f 2561 2566 2563
f 2561 2564 2566
f 2564 2567 2566
f 2564 2565 2567
f 2295 2568 2386
f 2295 2461 2568
f 2386 2569 2387
f 2386 2568 2569
f 2461 2570 2568
f 2461 2463 2570
f 2568 2571 2569
f 2568 2570 2571
f 2387 2572 2390
f 2387 2569 2572
f 2390 2573 2391
f 2390 2572 2573
f 2569 2574 2572
f 2569 2571 2574
f 2572 2575 2573
f 2572 2574 2575
f 2463 2576 2570
f 2463 2469 2576
f 2570 2577 2571
f 2570 2576 2577
f 2469 2578 2576
f 2469 2471 2578
f 2576 2579 2577
f 2576 2578 2579
f 2571 2580 2574
f 2571 2577 2580
f 2574 2581 2575
f 2574 2580 2581
f 2577 2582 2580
f 2577 2579 2582
f 2580 2583 2581
f 2580 2582 2583
f 2391 2584 2402
f 2391 2573 2584
f 2402 2585 2403
f 2402 2584 2585
f 2573 2586 2584
f 2573 2575 2586
f 2584 2587 2585
f 2584 2586 2587
f 2403 2588 2406
f 2403 2585 2588
f 2406 2589 2407
f 2406 2588 2589
f 2585 2590 2588
f 2585 2587 2590
f 2588 2591 2589
f 2588 2590 2591
f 2575 2592 2586
f 2575 2581 2592
f 2586 2593 2587
f 2586 2592 2593
f 2581 2594 2592
f 2581 2583 2594
f 2592 2595 2593
f 2592 2594 2595
f 2587 2596 2590
f 2587 2593 2596
f 2590 2597 2591
f 2590 2596 2597
f 2593 2598 2596
f 2593 2595 2598
f 2596 2599 2597
f 2596 2598 2599
f 2327 2600 2493
f 2327 2418 2600
f 2418 2601 2600
f 2418 2419 2601
f 2493 2602 2495
f 2493 2600 2602
f 2600 2603 2602
f 2600 2601 2603
f 2419 2604 2601
f 2419 2422 2604
f 2422 2605 2604
f 2422 2423 2605
f 2601 2606 2603
f 2601 2604 2606
f 2604 2607 2606
f 2604 2605 2607
f 2495 2608 2501
f 2495 2602 2608
f 2602 2609 2608
f 2602 2603 2609
f 2501 2610 2503
f 2501 2608 2610
f 2608 2611 2610
f 2608 2609 2611
f 2603 2612 2609
f 2603 2606 2612
f 2606 2613 2612
f 2606 2607 2613
f 2609 2614 2611
f 2609 2612 2614
f 2612 2615 2614
f 2612 2613 2615
f 2423 2616 2605
f 2423 2434 2616
f 2434 2617 2616
f 2434 2435 2617
f 2605 2618 2607
f 2605 2616 2618
f 2616 2619 2618
f 2616 2617 2619
f 2435 2620 2617
f 2435 2438 2620
f 2438 2621 2620
f 2438 2439 2621
f 2617 2622 2619
f 2617 2620 2622
f 2620 2623 2622
f 2620 2621 2623
f 2607 2624 2613
f 2607 2618 2624
f 2618 2625 2624
f 2618 2619 2625
f 2613 2626 2615
f 2613 2624 2626
f 2624 2627 2626
f 2624 2625 2627
f 2619 2628 2625
f 2619 2622 2628
f 2622 2629 2628
f 2622 2623 2629
f 2625 2630 2627
f 2625 2628 2630
f 2628 2631 2630
f 2628 2629 2631
f 2471 2632 2578
f 2471 2525 2632
f 2578 2633 2579
f 2578 2632 2633
f 2525 2634 2632
f 2525 2527 2634
f 2632 2635 2633
f 2632 2634 2635
f 2579 2636 2582
f 2579 2633 2636
f 2582 2637 2583
f 2582 2636 2637
f 2633 2638 2636
f 2633 2635 2638
f 2636 2639 2637
f 2636 2638 2639
f 2527 2640 2634
f 2527 2533 2640
f 2634 2641 2635
f 2634 2640 2641
f 2533 2642 2640
f 2533 2535 2642
f 2640 2643 2641
f 2640 2642 2643
f 2635 2644 2638
f 2635 2641 2644
f 2638 2645 2639
f 2638 2644 2645
f 2641 2646 2644
f 2641 2643 2646
f 2644 2647 2645
f 2644 2646 2647
f 2583 2648 2594
f 2583 2637 2648
f 2594 2649 2595
f 2594 2648 2649
f 2637 2650 2648
f 2637 2639 2650
f 2648 2651 2649
f 2648 2650 2651
f 2595 2652 2598
f 2595 2649 2652
f 2598 2653 2599
f 2598 2652 2653
f 2649 2654 2652
f 2649 2651 2654
f 2652 2655 2653
f 2652 2654 2655
f 2639 2656 2650
f 2639 2645 2656
f 2650 2657 2651
f 2650 2656 2657
f 2645 2658 2656
f 2645 2647 2658
f 2656 2659 2657
f 2656 2658 2659
f 2651 2660 2654
f 2651 2657 2660
f 2654 2661 2655
f 2654 2660 2661
f 2657 2662 2660
f 2657 2659 2662
f 2660 2663 2661
f 2660 2662 2663
f 2503 2664 2557
f 2503 2610 2664
f 2610 2665 2664
f 2610 2611 2665
f 2557 2666 2559
f 2557 2664 2666
f 2664 2667 2666
f 2664 2665 2667
f 2611 2668 2665
f 2611 2614 2668
f 2614 2669 2668
f 2614 2615 2669
f 2665 2670 2667
f 2665 2668 2670
f 2668 2671 2670
f 2668 2669 2671
f 2559 2672 2565
f 2559 2666 2672
f 2666 2673 2672
f 2666 2667 2673
f 2565 2674 2567
f 2565 2672 2674
f 2672 2675 2674
f 2672 2673 2675
f 2667 2676 2673
f 2667 2670 2676
f 2670 2677 2676
f 2670 2671 2677
f 2673 2678 2675
f 2673 2676 2678
f 2676 2679 2678
f 2676 2677 2679
f 2615 2680 2669
f 2615 2626 2680
f 2626 2681 2680
f 2626 2627 2681
f 2669 2682 2671
f 2669 2680 2682
f 2680 2683 2682
f 2680 2681 2683
f 2627 2684 2681
f 2627 2630 2684
f 2630 2685 2684
f 2630 2631 2685
f 2681 2686 2683
f 2681 2684 2686
f 2684 2687 2686
f 2684 2685 2687
f 2671 2688 2677
f 2671 2682 2688
f 2682 2689 2688
f 2682 2683 2689
f 2677 2690 2679
f 2677 2688 2690
f 2688 2691 2690
f 2688 2689 2691
f 2683 2692 2689
f 2683 2686 2692
f 2686 2693 2692
f 2686 2687 2693
f 2689 2694 2691
f 2689 2692 2694
f 2692 2695 2694
f 2692 2693 2695
f 2361 2702 2363
f 2361 2700 2702
f 2700 2703 2702
f 2700 2701 2703
f 2701 2706 2703
f 2701 2704 2706
f 2704 2707 2706
f 2704 2705 2707
f 2373 2708 2372
f 2373 2709 2708
f 2363 2709 2373
f 2363 2702 2709
f 2709 2710 2708
f 2709 2711 2710
f 2702 2711 2709
f 2702 2703 2711
f 2372 2712 2375
f 2372 2708 2712
f 2708 2713 2712
f 2708 2710 2713
f 2711 2714 2710
f 2711 2715 2714
f 2703 2715 2711
f 2703 2706 2715
f 2715 2716 2714
f 2715 2717 2716
f 2706 2717 2715
f 2706 2707 2717
f 2710 2718 2713
f 2710 2714 2718
f 2714 2719 2718
f 2714 2716 2719
f 2705 2722 2707
f 2705 2720 2722
f 2720 2723 2722
f 2720 2721 2723
f 2721 2727 2723
f 2721 2724 2727
f 2725 2729 2728
f 2725 2726 2729
f 2724 2728 2727
f 2724 2725 2728
f 2726 2731 2729
f 2726 2730 2731
f 2717 2732 2716
f 2717 2733 2732
f 2707 2733 2717
f 2707 2722 2733
f 2733 2734 2732
f 2733 2735 2734
f 2722 2735 2733
f 2722 2723 2735
f 2716 2736 2719
f 2716 2732 2736
f 2732 2737 2736
f 2732 2734 2737
f 2735 2738 2734
f 2735 2739 2738
f 2723 2739 2735
f 2723 2727 2739
f 2739 2740 2738
f 2739 2741 2740
f 2728 2740 2741
f 2728 2729 2740
f 2727 2741 2739
f 2727 2728 2741
f 2734 2742 2737
f 2734 2738 2742
f 2738 2743 2742
f 2738 2740 2743
f 2729 2743 2740
f 2729 2731 2743
f 2335 2744 2696
f 2335 2397 2744
f 2696 2745 2697
f 2696 2744 2745
f 2397 2746 2744
f 2397 2399 2746
f 2744 2747 2745
f 2744 2746 2747
f 2697 2748 2698
f 2697 2745 2748
f 2698 2749 2699
f 2698 2748 2749
f 2745 2750 2748
f 2745 2747 2750
f 2748 2751 2749
f 2748 2750 2751
f 2399 2752 2746
f 2399 2405 2752
f 2746 2753 2747
f 2746 2752 2753
f 2405 2754 2752
f 2405 2407 2754
f 2752 2755 2753
f 2752 2754 2755
f 2747 2756 2750
f 2747 2753 2756
f 2750 2757 2751
f 2750 2756 2757
f 2753 2758 2756
f 2753 2755 2758
f 2756 2759 2757
f 2756 2758 2759
f 2699 2749 2760
f 2749 2761 2760
f 2749 2751 2761
f 2751 2762 2761
f 2751 2757 2762
f 2757 2763 2762
f 2757 2759 2763
f 2375 2764 2429
f 2375 2712 2764
f 2712 2765 2764
f 2712 2713 2765
f 2429 2766 2431
f 2429 2764 2766
f 2764 2767 2766
f 2764 2765 2767
f 2713 2768 2765
f 2713 2718 2768
f 2718 2769 2768
f 2718 2719 2769
f 2765 2770 2767
f 2765 2768 2770
f 2768 2771 2770
f 2768 2769 2771
f 2431 2772 2437
f 2431 2766 2772
f 2766 2773 2772
f 2766 2767 2773
f 2437 2774 2439
f 2437 2772 2774
f 2772 2775 2774
f 2772 2773 2775
f 2767 2776 2773
f 2767 2770 2776
f 2770 2777 2776
f 2770 2771 2777
f 2773 2778 2775
f 2773 2776 2778
f 2776 2779 2778
f 2776 2777 2779
f 2730 2781 2731
f 2730 2780 2781
f 2780 2783 2781
f 2780 2782 2783
f 2719 2784 2769
f 2719 2736 2784
f 2736 2785 2784
f 2736 2737 2785
f 2769 2786 2771
f 2769 2784 2786
f 2784 2787 2786
f 2784 2785 2787
f 2737 2788 2785
f 2737 2742 2788
f 2742 2789 2788
f 2742 2743 2789
f 2731 2789 2743
f 2731 2781 2789
f 2785 2790 2787
f 2785 2788 2790
f 2788 2791 2790
f 2788 2789 2791
f 2781 2791 2789
f 2781 2783 2791
f 2782 2793 2783
f 2782 2792 2793
f 2792 2795 2793
f 2792 2794 2795
f 2771 2796 2777
f 2771 2786 2796
f 2786 2797 2796
f 2786 2787 2797
f 2777 2798 2779
f 2777 2796 2798
f 2796 2799 2798
f 2796 2797 2799
f 2787 2800 2797
f 2787 2790 2800
f 2790 2801 2800
f 2790 2791 2801
f 2783 2801 2791
f 2783 2793 2801
f 2797 2802 2799
f 2797 2800 2802
f 2800 2803 2802
f 2800 2801 2803
f 2793 2803 2801
f 2793 2795 2803
f 2407 2804 2754
f 2407 2589 2804
f 2754 2805 2755
f 2754 2804 2805
f 2589 2806 2804
f 2589 2591 2806
f 2804 2807 2805
f 2804 2806 2807
f 2755 2808 2758
f 2755 2805 2808
f 2758 2809 2759
f 2758 2808 2809
f 2805 2810 2808
f 2805 2807 2810
f 2808 2811 2809
f 2808 2810 2811
f 2591 2812 2806
f 2591 2597 2812
f 2806 2813 2807
f 2806 2812 2813
f 2597 2814 2812
f 2597 2599 2814
f 2812 2815 2813
f 2812 2814 2815
f 2807 2816 2810
f 2807 2813 2816
f 2810 2817 2811
f 2810 2816 2817
f 2813 2818 2816
f 2813 2815 2818
f 2816 2819 2817
f 2816 2818 2819
f 2759 2820 2763
f 2759 2809 2820
f 2439 2821 2621
f 2439 2774 2821
f 2774 2822 2821
f 2774 2775 2822
f 2621 2823 2623
f 2621 2821 2823
f 2821 2824 2823
f 2821 2822 2824
f 2775 2825 2822
f 2775 2778 2825
f 2778 2826 2825
f 2778 2779 2826
f 2822 2827 2824
f 2822 2825 2827
f 2825 2828 2827
f 2825 2826 2828
f 2623 2829 2629
f 2623 2823 2829
f 2823 2830 2829
f 2823 2824 2830
f 2629 2831 2631
f 2629 2829 2831
f 2829 2832 2831
f 2829 2830 2832
f 2824 2833 2830
f 2824 2827 2833
f 2827 2834 2833
f 2827 2828 2834
f 2830 2835 2832
f 2830 2833 2835
f 2833 2836 2835
f 2833 2834 2836
f 2794 2838 2795
f 2794 2837 2838
f 2837 2840 2838
f 2837 2839 2840
f 2779 2841 2826
f 2779 2798 2841
f 2798 2842 2841
f 2798 2799 2842
f 2826 2843 2828
f 2826 2841 2843
f 2841 2844 2843
f 2841 2842 2844
f 2799 2845 2842
f 2799 2802 2845
f 2802 2846 2845
f 2802 2803 2846
f 2795 2846 2803
f 2795 2838 2846
f 2842 2847 2844
f 2842 2845 2847
f 2845 2848 2847
f 2845 2846 2848
f 2838 2848 2846
f 2838 2840 2848
f 2839 2850 2840
f 2839 2849 2850
f 2849 2852 2850
f 2849 2851 2852
f 2828 2853 2834
f 2828 2843 2853
f 2843 2854 2853
f 2843 2844 2854
f 2834 2855 2836
f 2834 2853 2855
f 2853 2856 2855
f 2853 2854 2856
f 2844 2857 2854
f 2844 2847 2857
f 2847 2858 2857
f 2847 2848 2858
f 2840 2858 2848
f 2840 2850 2858
f 2854 2859 2856
f 2854 2857 2859
f 2857 2860 2859
f 2857 2858 2860
f 2850 2860 2858
f 2850 2852 2860
f 2599 2861 2814
f 2599 2653 2861
f 2814 2862 2815
f 2814 2861 2862
f 2653 2863 2861
f 2653 2655 2863
f 2861 2864 2862
f 2861 2863 2864
f 2815 2865 2818
f 2815 2862 2865
f 2818 2866 2819
f 2818 2865 2866
f 2862 2867 2865
f 2862 2864 2867
f 2865 2868 2866
f 2865 2867 2868
f 2655 2869 2863
f 2655 2661 2869
f 2863 2870 2864
f 2863 2869 2870
f 2661 2871 2869
f 2661 2663 2871
f 2869 2872 2870
f 2869 2871 2872
f 2864 2873 2867
f 2864 2870 2873
f 2867 2874 2868
f 2867 2873 2874
f 2870 2875 2873
f 2870 2872 2875
f 2873 2876 2874
f 2873 2875 2876
f 2631 2877 2685
f 2631 2831 2877
f 2831 2878 2877
f 2831 2832 2878
f 2685 2879 2687
f 2685 2877 2879
f 2877 2880 2879
f 2877 2878 2880
f 2832 2881 2878
f 2832 2835 2881
f 2835 2882 2881
f 2835 2836 2882
f 2878 2883 2880
f 2878 2881 2883
f 2881 2884 2883
f 2881 2882 2884
f 2687 2885 2693
f 2687 2879 2885
f 2879 2886 2885
f 2879 2880 2886
f 2693 2887 2695
f 2693 2885 2887
f 2885 2888 2887
f 2885 2886 2888
f 2880 2889 2886
f 2880 2883 2889
f 2883 2890 2889
f 2883 2884 2890
f 2886 2891 2888
f 2886 2889 2891
f 2889 2892 2891
f 2889 2890 2892
f 2851 2894 2852
f 2851 2893 2894
f 2893 2896 2894
f 2893 2895 2896
f 2836 2897 2882
f 2836 2855 2897
f 2855 2898 2897
f 2855 2856 2898
f 2882 2899 2884
f 2882 2897 2899
f 2897 2900 2899
f 2897 2898 2900
f 2856 2901 2898
f 2856 2859 2901
f 2859 2902 2901
f 2859 2860 2902
f 2852 2902 2860
f 2852 2894 2902
f 2898 2903 2900
f 2898 2901 2903
f 2901 2904 2903
f 2901 2902 2904
f 2894 2904 2902
f 2894 2896 2904
f 2895 2906 2896
f 2895 2905 2906
f 2905 2908 2906
f 2905 2907 2908
f 2884 2909 2890
f 2884 2899 2909
f 2899 2910 2909
f 2899 2900 2910
f 2890 2911 2892
f 2890 2909 2911
f 2909 2912 2911
f 2909 2910 2912
f 2900 2913 2910
f 2900 2903 2913
f 2903 2914 2913
f 2903 2904 2914
f 2896 2914 2904
f 2896 2906 2914
f 2910 2915 2912
f 2910 2913 2915
f 2913 2916 2915
f 2913 2914 2916
f 2906 2916 2914
f 2906 2908 2916
f 679 2917 2514
f 679 1101 2917
f 2514 2918 2515
f 2514 2917 2918
f 1101 2919 2917
f 1101 1103 2919
f 2917 2920 2918
f 2917 2919 2920
f 2515 2921 2518
f 2515 2918 2921
f 2518 2922 2519
f 2518 2921 2922
f 2918 2923 2921
f 2918 2920 2923
f 2921 2924 2922
f 2921 2923 2924
f 1103 2925 2919
f 1103 1109 2925
f 2919 2926 2920
f 2919 2925 2926
f 1109 2927 2925
f 1109 1111 2927
f 2925 2928 2926
f 2925 2927 2928
f 2920 2929 2923
f 2920 2926 2929
f 2923 2930 2924
f 2923 2929 2930
f 2926 2931 2929
f 2926 2928 2931
f 2929 2932 2930
f 2929 2931 2932
f 2519 2933 2530
f 2519 2922 2933
f 2530 2934 2531
f 2530 2933 2934
f 2922 2935 2933
f 2922 2924 2935
f 2933 2936 2934
f 2933 2935 2936
f 2531 2937 2534
f 2531 2934 2937
f 2534 2938 2535
f 2534 2937 2938
f 2934 2939 2937
f 2934 2936 2939
f 2937 2940 2938
f 2937 2939 2940
f 2924 2941 2935
f 2924 2930 2941
f 2935 2942 2936
f 2935 2941 2942
f 2930 2943 2941
f 2930 2932 2943
f 2941 2944 2942
f 2941 2943 2944
f 2936 2945 2939
f 2936 2942 2945
f 2939 2946 2940
f 2939 2945 2946
f 2942 2947 2945
f 2942 2944 2947
f 2945 2948 2946
f 2945 2947 2948
f 711 2949 1133
f 711 2546 2949
f 2546 2950 2949
f 2546 2547 2950
f 1133 2951 1135
f 1133 2949 2951
f 2949 2952 2951
f 2949 2950 2952
f 2547 2953 2950
f 2547 2550 2953
f 2550 2954 2953
f 2550 2551 2954
f 2950 2955 2952
f 2950 2953 2955
f 2953 2956 2955
f 2953 2954 2956
f 1135 2957 1141
f 1135 2951 2957
f 2951 2958 2957
f 2951 2952 2958
f 1141 2959 1143
f 1141 2957 2959
f 2957 2960 2959
f 2957 2958 2960
f 2952 2961 2958
f 2952 2955 2961
f 2955 2962 2961
f 2955 2956 2962
f 2958 2963 2960
f 2958 2961 2963
f 2961 2964 2963
f 2961 2962 2964
f 2551 2965 2954
f 2551 2562 2965
f 2562 2966 2965
f 2562 2563 2966
f 2954 2967 2956
f 2954 2965 2967
f 2965 2968 2967
f 2965 2966 2968
f 2563 2969 2966
f 2563 2566 2969
f 2566 2970 2969
f 2566 2567 2970
f 2966 2971 2968
f 2966 2969 2971
f 2969 2972 2971
f 2969 2970 2972
f 2956 2973 2962
f 2956 2967 2973
f 2967 2974 2973
f 2967 2968 2974
f 2962 2975 2964
f 2962 2973 2975
f 2973 2976 2975
f 2973 2974 2976
f 2968 2977 2974
f 2968 2971 2977
f 2971 2978 2977
f 2971 2972 2978
f 2974 2979 2976
f 2974 2977 2979
f 2977 2980 2979
f 2977 2978 2980
f 1111 2981 2927
f 1111 1165 2981
f 2927 2982 2928
f 2927 2981 2982
f 1165 2983 2981
f 1165 1167 2983
f 2981 2984 2982
f 2981 2983 2984
f 2928 2985 2931
f 2928 2982 2985
f 2931 2986 2932
f 2931 2985 2986
f 2982 2987 2985
f 2982 2984 2987
f 2985 2988 2986
f 2985 2987 2988
f 1167 2989 2983
f 1167 1173 2989
f 2983 2990 2984
f 2983 2989 2990
f 1173 2991 2989
f 1173 1175 2991
f 2989 2992 2990
f 2989 2991 2992
f 2984 2993 2987
f 2984 2990 2993
f 2987 2994 2988
f 2987 2993 2994
f 2990 2995 2993
f 2990 2992 2995
f 2993 2996 2994
f 2993 2995 2996
f 2932 2997 2943
f 2932 2986 2997
f 2943 2998 2944
f 2943 2997 2998
f 2986 2999 2997
f 2986 2988 2999
f 2997 3000 2998
f 2997 2999 3000
f 2944 3001 2947
f 2944 2998 3001
f 2947 3002 2948
f 2947 3001 3002
f 2998 3003 3001
f 2998 3000 3003
f 3001 3004 3002
f 3001 3003 3004
f 2988 3005 2999
f 2988 2994 3005
f 2999 3006 3000
f 2999 3005 3006
f 2994 3007 3005
f 2994 2996 3007
f 3005 3008 3006
f 3005 3007 3008
f 3000 3009 3003
f 3000 3006 3009
f 3003 3010 3004
f 3003 3009 3010
f 3006 3011 3009
f 3006 3008 3011
f 3009 3012 3010
f 3009 3011 3012
f 1143 3013 1197
f 1143 2959 3013
f 2959 3014 3013
f 2959 2960 3014
f 1197 3015 1199
f 1197 3013 3015
f 3013 3016 3015
f 3013 3014 3016
f 2960 3017 3014
f 2960 2963 3017
f 2963 3018 3017
f 2963 2964 3018
f 3014 3019 3016
f 3014 3017 3019
f 3017 3020 3019
f 3017 3018 3020
f 1199 3021 1205
f 1199 3015 3021
f 3015 3022 3021
f 3015 3016 3022
f 1205 3023 1207
f 1205 3021 3023
f 3021 3024 3023
f 3021 3022 3024
f 3016 3025 3022
f 3016 3019 3025
f 3019 3026 3025
f 3019 3020 3026
f 3022 3027 3024
f 3022 3025 3027
f 3025 3028 3027
f 3025 3026 3028
f 2964 3029 3018
f 2964 2975 3029
f 2975 3030 3029
f 2975 2976 3030
f 3018 3031 3020
f 3018 3029 3031
f 3029 3032 3031
f 3029 3030 3032
f 2976 3033 3030
f 2976 2979 3033
f 2979 3034 3033
f 2979 2980 3034
f 3030 3035 3032
f 3030 3033 3035
f 3033 3036 3035
f 3033 3034 3036
f 3020 3037 3026
f 3020 3031 3037
f 3031 3038 3037
f 3031 3032 3038
f 3026 3039 3028
f 3026 3037 3039
f 3037 3040 3039
f 3037 3038 3040
f 3032 3041 3038
f 3032 3035 3041
f 3035 3042 3041
f 3035 3036 3042
f 3038 3043 3040
f 3038 3041 3043
f 3041 3044 3043
f 3041 3042 3044
f 2535 3045 2642
f 2535 2938 3045
f 2642 3046 2643
f 2642 3045 3046
f 2938 3047 3045
f 2938 2940 3047
f 3045 3048 3046
f 3045 3047 3048
f 2643 3049 2646
f 2643 3046 3049
f 2646 3050 2647
f 2646 3049 3050
f 3046 3051 3049
f 3046 3048 3051
f 3049 3052 3050
f 3049 3051 3052
f 2940 3053 3047
f 2940 2946 3053
f 3047 3054 3048
f 3047 3053 3054
f 2946 3055 3053
f 2946 2948 3055
f 3053 3056 3054
f 3053 3055 3056
f 3048 3057 3051
f 3048 3054 3057
f 3051 3058 3052
f 3051 3057 3058
f 3054 3059 3057
f 3054 3056 3059
f 3057 3060 3058
f 3057 3059 3060
f 2647 3061 2658
f 2647 3050 3061
f 2658 3062 2659
f 2658 3061 3062
f 3050 3063 3061
f 3050 3052 3063
f 3061 3064 3062
f 3061 3063 3064
f 2659 3065 2662
f 2659 3062 3065
f 2662 3066 2663
f 2662 3065 3066
f 3062 3067 3065
f 3062 3064 3067
f 3065 3068 3066
f 3065 3067 3068
f 3052 3069 3063
f 3052 3058 3069
f 3063 3070 3064
f 3063 3069 3070
f 3058 3071 3069
f 3058 3060 3071
f 3069 3072 3070
f 3069 3071 3072
f 3064 3073 3067
f 3064 3070 3073
f 3067 3074 3068
f 3067 3073 3074
f 3070 3075 3073
f 3070 3072 3075
f 3073 3076 3074
f 3073 3075 3076
f 2567 3077 2970
f 2567 2674 3077
f 2674 3078 3077
f 2674 2675 3078
f 2970 3079 2972
f 2970 3077 3079
f 3077 3080 3079
f 3077 3078 3080
f 2675 3081 3078
f 2675 2678 3081
f 2678 3082 3081
f 2678 2679 3082
f 3078 3083 3080
f 3078 3081 3083
f 3081 3084 3083
f 3081 3082 3084
f 2972 3085 2978
f 2972 3079 3085
f 3079 3086 3085
f 3079 3080 3086
f 2978 3087 2980
f 2978 3085 3087
f 3085 3088 3087
f 3085 3086 3088
f 3080 3089 3086
f 3080 3083 3089
f 3083 3090 3089
f 3083 3084 3090
f 3086 3091 3088
f 3086 3089 3091
f 3089 3092 3091
f 3089 3090 3092
f 2679 3093 3082
f 2679 2690 3093
f 2690 3094 3093
f 2690 2691 3094
f 3082 3095 3084
f 3082 3093 3095
f 3093 3096 3095
f 3093 3094 3096
f 2691 3097 3094
f 2691 2694 3097
f 2694 3098 3097
f 2694 2695 3098
f 3094 3099 3096
f 3094 3097 3099
f 3097 3100 3099
f 3097 3098 3100
f 3084 3101 3090
f 3084 3095 3101
f 3095 3102 3101
f 3095 3096 3102
f 3090 3103 3092
f 3090 3101 3103
f 3101 3104 3103
f 3101 3102 3104
f 3096 3105 3102
f 3096 3099 3105
f 3099 3106 3105
f 3099 3100 3106
f 3102 3107 3104
f 3102 3105 3107
f 3105 3108 3107
f 3105 3106 3108
f 2948 3109 3055
f 2948 3002 3109
f 3055 3110 3056
f 3055 3109 3110
f 3002 3111 3109
f 3002 3004 3111
f 3109 3112 3110
f 3109 3111 3112
f 3056 3113 3059
f 3056 3110 3113
f 3059 3114 3060
f 3059 3113 3114
f 3110 3115 3113
f 3110 3112 3115
f 3113 3116 3114
f 3113 3115 3116
f 3004 3117 3111
f 3004 3010 3117
f 3111 3118 3112
f 3111 3117 3118
f 3010 3119 3117
f 3010 3012 3119
f 3117 3120 3118
f 3117 3119 3120
f 3112 3121 3115
f 3112 3118 3121
f 3115 3122 3116
f 3115 3121 3122
f 3118 3123 3121
f 3118 3120 3123
f 3121 3124 3122
f 3121 3123 3124
f 3060 3125 3071
f 3060 3114 3125
f 3071 3126 3072
f 3071 3125 3126
f 3114 3127 3125
f 3114 3116 3127
f 3125 3128 3126
f 3125 3127 3128
f 3072 3129 3075
f 3072 3126 3129
f 3075 3130 3076
f 3075 3129 3130
f 3126 3131 3129
f 3126 3128 3131
f 3129 3132 3130
f 3129 3131 3132
f 3116 3133 3127
f 3116 3122 3133
f 3127 3134 3128
f 3127 3133 3134
f 3122 3135 3133
f 3122 3124 3135
f 3133 3136 3134
f 3133 3135 3136
f 3128 3137 3131
f 3128 3134 3137
f 3131 3138 3132
f 3131 3137 3138
f 3134 3139 3137
f 3134 3136 3139
f 3137 3140 3138
f 3137 3139 3140
f 2980 3141 3034
f 2980 3087 3141
f 3087 3142 3141
f 3087 3088 3142
f 3034 3143 3036
f 3034 3141 3143
f 3141 3144 3143
f 3141 3142 3144
f 3088 3145 3142
f 3088 3091 3145
f 3091 3146 3145
f 3091 3092 3146
f 3142 3147 3144
f 3142 3145 3147
f 3145 3148 3147
f 3145 3146 3148
f 3036 3149 3042
f 3036 3143 3149
f 3143 3150 3149
f 3143 3144 3150
f 3042 3151 3044
f 3042 3149 3151
f 3149 3152 3151
f 3149 3150 3152
f 3144 3153 3150
f 3144 3147 3153
f 3147 3154 3153
f 3147 3148 3154
f 3150 3155 3152
f 3150 3153 3155
f 3153 3156 3155
f 3153 3154 3156
f 3092 3157 3146
f 3092 3103 3157
f 3103 3158 3157
f 3103 3104 3158
f 3146 3159 3148
f 3146 3157 3159
f 3157 3160 3159
f 3157 3158 3160
f 3104 3161 3158
f 3104 3107 3161
f 3107 3162 3161
f 3107 3108 3162
f 3158 3163 3160
f 3158 3161 3163
f 3161 3164 3163
f 3161 3162 3164
f 3148 3165 3154
f 3148 3159 3165
f 3159 3166 3165
f 3159 3160 3166
f 3154 3167 3156
f 3154 3165 3167
f 3165 3168 3167
f 3165 3166 3168
f 3160 3169 3166
f 3160 3163 3169
f 3163 3170 3169
f 3163 3164 3170
f 3166 3171 3168
f 3166 3169 3171
f 3169 3172 3171
f 3169 3170 3172
f 1175 3173 2991
f 1175 1357 3173
f 2991 3174 2992
f 2991 3173 3174
f 1357 3175 3173
f 1357 1359 3175
f 3173 3176 3174
f 3173 3175 3176
f 2992 3177 2995
f 2992 3174 3177
f 2995 3178 2996
f 2995 3177 3178
f 3174 3179 3177
f 3174 3176 3179
f 3177 3180 3178
f 3177 3179 3180
f 1359 3181 3175
f 1359 1365 3181
f 3175 3182 3176
f 3175 3181 3182
f 1365 3183 3181
f 1365 1367 3183
f 3181 3184 3182
f 3181 3183 3184
f 3176 3185 3179
f 3176 3182 3185
f 3179 3186 3180
f 3179 3185 3186
f 3182 3187 3185
f 3182 3184 3187
f 3185 3188 3186
f 3185 3187 3188
f 2996 3189 3007
f 2996 3178 3189
f 3007 3190 3008
f 3007 3189 3190
f 3178 3191 3189
f 3178 3180 3191
f 3189 3192 3190
f 3189 3191 3192
f 3008 3193 3011
f 3008 3190 3193
f 3011 3194 3012
f 3011 3193 3194
f 3190 3195 3193
f 3190 3192 3195
f 3193 3196 3194
f 3193 3195 3196
f 3180 3197 3191
f 3180 3186 3197
f 3191 3198 3192
f 3191 3197 3198
f 3186 3199 3197
f 3186 3188 3199
f 3197 3200 3198
f 3197 3199 3200
f 3192 3201 3195
f 3192 3198 3201
f 3195 3202 3196
f 3195 3201 3202
f 3198 3203 3201
f 3198 3200 3203
f 3201 3204 3202
f 3201 3203 3204
f 1207 3205 1389
f 1207 3023 3205
f 3023 3206 3205
f 3023 3024 3206
f 1389 3207 1391
f 1389 3205 3207
f 3205 3208 3207
f 3205 3206 3208
f 3024 3209 3206
f 3024 3027 3209
f 3027 3210 3209
f 3027 3028 3210
f 3206 3211 3208
f 3206 3209 3211
f 3209 3212 3211
f 3209 3210 3212
f 1391 3213 1397
f 1391 3207 3213
f 3207 3214 3213
f 3207 3208 3214
f 1397 3215 1399
f 1397 3213 3215
f 3213 3216 3215
f 3213 3214 3216
f 3208 3217 3214
f 3208 3211 3217
f 3211 3218 3217
f 3211 3212 3218
f 3214 3219 3216
f 3214 3217 3219
f 3217 3220 3219
f 3217 3218 3220
f 3028 3221 3210
f 3028 3039 3221
f 3039 3222 3221
f 3039 3040 3222
f 3210 3223 3212
f 3210 3221 3223
f 3221 3224 3223
f 3221 3222 3224
f 3040 3225 3222
f 3040 3043 3225
f 3043 3226 3225
f 3043 3044 3226
f 3222 3227 3224
f 3222 3225 3227
f 3225 3228 3227
f 3225 3226 3228
f 3212 3229 3218
f 3212 3223 3229
f 3223 3230 3229
f 3223 3224 3230
f 3218 3231 3220
f 3218 3229 3231
f 3229 3232 3231
f 3229 3230 3232
f 3224 3233 3230
f 3224 3227 3233
f 3227 3234 3233
f 3227 3228 3234
f 3230 3235 3232
f 3230 3233 3235
f 3233 3236 3235
f 3233 3234 3236
f 1367 3237 3183
f 1367 1421 3237
f 3183 3238 3184
f 3183 3237 3238
f 1421 3239 3237
f 1421 1423 3239
f 3237 3240 3238
f 3237 3239 3240
f 3184 3241 3187
f 3184 3238 3241
f 3187 3242 3188
f 3187 3241 3242
f 3238 3243 3241
f 3238 3240 3243
f 3241 3244 3242
f 3241 3243 3244
f 1423 3245 3239
f 1423 1429 3245
f 3239 3246 3240
f 3239 3245 3246
f 1429 3247 3245
f 1429 1431 3247
f 3245 3248 3246
f 3245 3247 3248
f 3240 3249 3243
f 3240 3246 3249
f 3243 3250 3244
f 3243 3249 3250
f 3246 3251 3249
f 3246 3248 3251
f 3249 3252 3250
f 3249 3251 3252
f 3188 3253 3199
f 3188 3242 3253
f 3199 3254 3200
f 3199 3253 3254
f 3242 3255 3253
f 3242 3244 3255
f 3253 3256 3254
f 3253 3255 3256
f 3200 3257 3203
f 3200 3254 3257
f 3203 3258 3204
f 3203 3257 3258
f 3254 3259 3257
f 3254 3256 3259
f 3257 3260 3258
f 3257 3259 3260
f 3244 3261 3255
f 3244 3250 3261
f 3255 3262 3256
f 3255 3261 3262
f 3250 3263 3261
f 3250 3252 3263
f 3261 3264 3262
f 3261 3263 3264
f 3256 3265 3259
f 3256 3262 3265
f 3259 3266 3260
f 3259 3265 3266
f 3262 3267 3265
f 3262 3264 3267
f 3265 3268 3266
f 3265 3267 3268
f 1399 3269 1453
f 1399 3215 3269
f 3215 3270 3269
f 3215 3216 3270
f 1453 3271 1455
f 1453 3269 3271
f 3269 3272 3271
f 3269 3270 3272
f 3216 3273 3270
f 3216 3219 3273
f 3219 3274 3273
f 3219 3220 3274
f 3270 3275 3272
f 3270 3273 3275
f 3273 3276 3275
f 3273 3274 3276
f 1455 3277 1461
f 1455 3271 3277
f 3271 3278 3277
f 3271 3272 3278
f 1461 3279 1463
f 1461 3277 3279
f 3277 3280 3279
f 3277 3278 3280
f 3272 3281 3278
f 3272 3275 3281
f 3275 3282 3281
f 3275 3276 3282
f 3278 3283 3280
f 3278 3281 3283
f 3281 3284 3283
f 3281 3282 3284
f 3220 3285 3274
f 3220 3231 3285
f 3231 3286 3285
f 3231 3232 3286
f 3274 3287 3276
f 3274 3285 3287
f 3285 3288 3287
f 3285 3286 3288
f 3232 3289 3286
f 3232 3235 3289
f 3235 3290 3289
f 3235 3236 3290
f 3286 3291 3288
f 3286 3289 3291
f 3289 3292 3291
f 3289 3290 3292
f 3276 3293 3282
f 3276 3287 3293
f 3287 3294 3293
f 3287 3288 3294
f 3282 3295 3284
f 3282 3293 3295
f 3293 3296 3295
f 3293 3294 3296
f 3288 3297 3294
f 3288 3291 3297
f 3291 3298 3297
f 3291 3292 3298
f 3294 3299 3296
f 3294 3297 3299
f 3297 3300 3299
f 3297 3298 3300
f 3012 3301 3119
f 3012 3194 3301
f 3119 3302 3120
f 3119 3301 3302
f 3194 3303 3301
f 3194 3196 3303
f 3301 3304 3302
f 3301 3303 3304
f 3120 3305 3123
f 3120 3302 3305
f 3123 3306 3124
f 3123 3305 3306
f 3302 3307 3305
f 3302 3304 3307
f 3305 3308 3306
f 3305 3307 3308
f 3196 3309 3303
f 3196 3202 3309
f 3303 3310 3304
f 3303 3309 3310
f 3202 3311 3309
f 3202 3204 3311
f 3309 3312 3310
f 3309 3311 3312
f 3304 3313 3307
f 3304 3310 3313
f 3307 3314 3308
f 3307 3313 3314
f 3310 3315 3313
f 3310 3312 3315
f 3313 3316 3314
f 3313 3315 3316
f 3124 3317 3135
f 3124 3306 3317
f 3135 3318 3136
f 3135 3317 3318
f 3306 3319 3317
f 3306 3308 3319
f 3317 3320 3318
f 3317 3319 3320
f 3136 3321 3139
f 3136 3318 3321
f 3139 3322 3140
f 3139 3321 3322
f 3318 3323 3321
f 3318 3320 3323
f 3321 3324 3322
f 3321 3323 3324
f 3308 3325 3319
f 3308 3314 3325
f 3319 3326 3320
f 3319 3325 3326
f 3314 3327 3325
f 3314 3316 3327
f 3325 3328 3326
f 3325 3327 3328
f 3320 3329 3323
f 3320 3326 3329
f 3323 3330 3324
f 3323 3329 3330
f 3326 3331 3329
f 3326 3328 3331
f 3329 3332 3330
f 3329 3331 3332
f 3044 3333 3226
f 3044 3151 3333
f 3151 3334 3333
f 3151 3152 3334
f 3226 3335 3228
f 3226 3333 3335
f 3333 3336 3335
f 3333 3334 3336
f 3152 3337 3334
f 3152 3155 3337
f 3155 3338 3337
f 3155 3156 3338
f 3334 3339 3336
f 3334 3337 3339
f 3337 3340 3339
f 3337 3338 3340
f 3228 3341 3234
f 3228 3335 3341
f 3335 3342 3341
f 3335 3336 3342
f 3234 3343 3236
f 3234 3341 3343
f 3341 3344 3343
f 3341 3342 3344
f 3336 3345 3342
f 3336 3339 3345
f 3339 3346 3345
f 3339 3340 3346
f 3342 3347 3344
f 3342 3345 3347
f 3345 3348 3347
f 3345 3346 3348
f 3156 3349 3338
f 3156 3167 3349
f 3167 3350 3349
f 3167 3168 3350
f 3338 3351 3340
f 3338 3349 3351
f 3349 3352 3351
f 3349 3350 3352
f 3168 3353 3350
f 3168 3171 3353
f 3171 3354 3353
f 3171 3172 3354
f 3350 3355 3352
f 3350 3353 3355
f 3353 3356 3355
f 3353 3354 3356
f 3340 3357 3346
f 3340 3351 3357
f 3351 3358 3357
f 3351 3352 3358
f 3346 3359 3348
f 3346 3357 3359
f 3357 3360 3359
f 3357 3358 3360
f 3352 3361 3358
f 3352 3355 3361
f 3355 3362 3361
f 3355 3356 3362
f 3358 3363 3360
f 3358 3361 3363
f 3361 3364 3363
f 3361 3362 3364
f 3204 3365 3311
f 3204 3258 3365
f 3311 3366 3312
f 3311 3365 3366
f 3258 3367 3365
f 3258 3260 3367
f 3365 3368 3366
f 3365 3367 3368
f 3312 3369 3315
f 3312 3366 3369
f 3315 3370 3316
f 3315 3369 3370
f 3366 3371 3369
f 3366 3368 3371
f 3369 3372 3370
f 3369 3371 3372
f 3260 3373 3367
f 3260 3266 3373
f 3367 3374 3368
f 3367 3373 3374
f 3266 3375 3373
f 3266 3268 3375
f 3373 3376 3374
f 3373 3375 3376
f 3368 3377 3371
f 3368 3374 3377
f 3371 3378 3372
f 3371 3377 3378
f 3374 3379 3377
f 3374 3376 3379
f 3377 3380 3378
f 3377 3379 3380
f 3316 3381 3327
f 3316 3370 3381
f 3327 3382 3328
f 3327 3381 3382
f 3370 3383 3381
f 3370 3372 3383
f 3381 3384 3382
f 3381 3383 3384
f 3328 3385 3331
f 3328 3382 3385
f 3331 3386 3332
f 3331 3385 3386
f 3382 3387 3385
f 3382 3384 3387
f 3385 3388 3386
f 3385 3387 3388
f 3372 3389 3383
f 3372 3378 3389
f 3383 3390 3384
f 3383 3389 3390
f 3378 3391 3389
f 3378 3380 3391
f 3389 3392 3390
f 3389 3391 3392
f 3384 3393 3387
f 3384 3390 3393
f 3387 3394 3388
f 3387 3393 3394
f 3390 3395 3393
f 3390 3392 3395
f 3393 3396 3394
f 3393 3395 3396
f 3236 3397 3290
f 3236 3343 3397
f 3343 3398 3397
f 3343 3344 3398
f 3290 3399 3292
f 3290 3397 3399
f 3397 3400 3399
f 3397 3398 3400
f 3344 3401 3398
f 3344 3347 3401
f 3347 3402 3401
f 3347 3348 3402
f 3398 3403 3400
f 3398 3401 3403
f 3401 3404 3403
f 3401 3402 3404
f 3292 3405 3298
f 3292 3399 3405
f 3399 3406 3405
f 3399 3400 3406
f 3298 3407 3300
f 3298 3405 3407
f 3405 3408 3407
f 3405 3406 3408
f 3400 3409 3406
f 3400 3403 3409
f 3403 3410 3409
f 3403 3404 3410
f 3406 3411 3408
f 3406 3409 3411
f 3409 3412 3411
f 3409 3410 3412
f 3348 3413 3402
f 3348 3359 3413
f 3359 3414 3413
f 3359 3360 3414
f 3402 3415 3404
f 3402 3413 3415
f 3413 3416 3415
f 3413 3414 3416
f 3360 3417 3414
f 3360 3363 3417
f 3363 3418 3417
f 3363 3364 3418
f 3414 3419 3416
f 3414 3417 3419
f 3417 3420 3419
f 3417 3418 3420
f 3404 3421 3410
f 3404 3415 3421
f 3415 3422 3421
f 3415 3416 3422
f 3410 3423 3412
f 3410 3421 3423
f 3421 3424 3423
f 3421 3422 3424
f 3416 3425 3422
f 3416 3419 3425
f 3419 3426 3425
f 3419 3420 3426
f 3422 3427 3424
f 3422 3425 3427
f 3425 3428 3427
f 3425 3426 3428
f 2663 3429 2871
f 2663 3066 3429
f 2871 3430 2872
f 2871 3429 3430
f 3066 3431 3429
f 3066 3068 3431
f 3429 3432 3430
f 3429 3431 3432
f 2872 3433 2875
f 2872 3430 3433
f 2875 3434 2876
f 2875 3433 3434
f 3430 3435 3433
f 3430 3432 3435
f 3433 3436 3434
f 3433 3435 3436
f 3068 3437 3431
f 3068 3074 3437
f 3431 3438 3432
f 3431 3437 3438
f 3074 3439 3437
f 3074 3076 3439
f 3437 3440 3438
f 3437 3439 3440
f 3432 3441 3435
f 3432 3438 3441
f 3435 3442 3436
f 3435 3441 3442
f 3438 3443 3441
f 3438 3440 3443
f 3441 3444 3442
f 3441 3443 3444
f 2695 3445 3098
f 2695 2887 3445
f 2887 3446 3445
f 2887 2888 3446
f 3098 3447 3100
f 3098 3445 3447
f 3445 3448 3447
f 3445 3446 3448
f 2888 3449 3446
f 2888 2891 3449
f 2891 3450 3449
f 2891 2892 3450
f 3446 3451 3448
f 3446 3449 3451
f 3449 3452 3451
f 3449 3450 3452
f 3100 3453 3106
f 3100 3447 3453
f 3447 3454 3453
f 3447 3448 3454
f 3106 3455 3108
f 3106 3453 3455
f 3453 3456 3455
f 3453 3454 3456
f 3448 3457 3454
f 3448 3451 3457
f 3451 3458 3457
f 3451 3452 3458
f 3454 3459 3456
f 3454 3457 3459
f 3457 3460 3459
f 3457 3458 3460
f 2907 3462 2908
f 2907 3461 3462
f 3461 3464 3462
f 3461 3463 3464
f 2892 3465 3450
f 2892 2911 3465
f 2911 3466 3465
f 2911 2912 3466
f 3450 3467 3452
f 3450 3465 3467
f 3465 3468 3467
f 3465 3466 3468
f 2912 3469 3466
f 2912 2915 3469
f 2915 3470 3469
f 2915 2916 3470
f 2908 3470 2916
f 2908 3462 3470
f 3466 3471 3468
f 3466 3469 3471
f 3469 3472 3471
f 3469 3470 3472
f 3462 3472 3470
f 3462 3464 3472
f 3463 3474 3464
f 3463 3473 3474
f 3473 3476 3474
f 3473 3475 3476
f 3452 3477 3458
f 3452 3467 3477
f 3467 3478 3477
f 3467 3468 3478
f 3458 3479 3460
f 3458 3477 3479
f 3477 3480 3479
f 3477 3478 3480
f 3468 3481 3478
f 3468 3471 3481
f 3471 3482 3481
f 3471 3472 3482
f 3464 3482 3472
f 3464 3474 3482
f 3478 3483 3480
f 3478 3481 3483
f 3481 3484 3483
f 3481 3482 3484
f 3474 3484 3482
f 3474 3476 3484
f 3076 3485 3439
f 3076 3130 3485
f 3439 3486 3440
f 3439 3485 3486
f 3130 3487 3485
f 3130 3132 3487
f 3485 3488 3486
f 3485 3487 3488
f 3440 3489 3443
f 3440 3486 3489
f 3443 3490 3444
f 3443 3489 3490
f 3486 3491 3489
f 3486 3488 3491
f 3489 3492 3490
f 3489 3491 3492
f 3132 3493 3487
f 3132 3138 3493
f 3487 3494 3488
f 3487 3493 3494
f 3138 3495 3493
f 3138 3140 3495
f 3493 3496 3494
f 3493 3495 3496
f 3488 3497 3491
f 3488 3494 3497
f 3491 3498 3492
f 3491 3497 3498
f 3494 3499 3497
f 3494 3496 3499
f 3497 3500 3498
f 3497 3499 3500
f 3108 3501 3162
f 3108 3455 3501
f 3455 3502 3501
f 3455 3456 3502
f 3162 3503 3164
f 3162 3501 3503
f 3501 3504 3503
f 3501 3502 3504
f 3456 3505 3502
f 3456 3459 3505
f 3459 3506 3505
f 3459 3460 3506
f 3502 3507 3504
f 3502 3505 3507
f 3505 3508 3507
f 3505 3506 3508
f 3164 3509 3170
f 3164 3503 3509
f 3503 3510 3509
f 3503 3504 3510
f 3170 3511 3172
f 3170 3509 3511
f 3509 3512 3511
f 3509 3510 3512
f 3504 3513 3510
f 3504 3507 3513
f 3507 3514 3513
f 3507 3508 3514
f 3510 3515 3512
f 3510 3513 3515
f 3513 3516 3515
f 3513 3514 3516
f 3475 3518 3476
f 3475 3517 3518
f 3517 3520 3518
f 3517 3519 3520
f 3460 3521 3506
f 3460 3479 3521
f 3479 3522 3521
f 3479 3480 3522
f 3506 3523 3508
f 3506 3521 3523
f 3521 3524 3523
f 3521 3522 3524
f 3480 3525 3522
f 3480 3483 3525
f 3483 3526 3525
f 3483 3484 3526
f 3476 3526 3484
f 3476 3518 3526
f 3522 3527 3524
f 3522 3525 3527
f 3525 3528 3527
f 3525 3526 3528
f 3518 3528 3526
f 3518 3520 3528
f 3519 3530 3520
f 3519 3529 3530
f 3529 3532 3530
f 3529 3531 3532
f 3508 3533 3514
f 3508 3523 3533
f 3523 3534 3533
f 3523 3524 3534
f 3514 3535 3516
f 3514 3533 3535
f 3533 3536 3535
f 3533 3534 3536
f 3524 3537 3534
f 3524 3527 3537
f 3527 3538 3537
f 3527 3528 3538
f 3520 3538 3528
f 3520 3530 3538
f 3534 3539 3536
f 3534 3537 3539
f 3537 3540 3539
f 3537 3538 3540
f 3530 3540 3538
f 3530 3532 3540
f 3140 3541 3495
f 3140 3322 3541
f 3495 3542 3496
f 3495 3541 3542
f 3322 3543 3541
f 3322 3324 3543
f 3541 3544 3542
f 3541 3543 3544
f 3496 3545 3499
f 3496 3542 3545
f 3499 3546 3500
f 3499 3545 3546
f 3542 3547 3545
f 3542 3544 3547
f 3545 3548 3546
f 3545 3547 3548
f 3324 3549 3543
f 3324 3330 3549
f 3543 3550 3544
f 3543 3549 3550
f 3330 3551 3549
f 3330 3332 3551
f 3549 3552 3550
f 3549 3551 3552
f 3544 3553 3547
f 3544 3550 3553
f 3547 3554 3548
f 3547 3553 3554
f 3550 3555 3553
f 3550 3552 3555
f 3553 3556 3554
f 3553 3555 3556
f 3172 3557 3354
f 3172 3511 3557
f 3511 3558 3557
f 3511 3512 3558
f 3354 3559 3356
f 3354 3557 3559
f 3557 3560 3559
f 3557 3558 3560
f 3512 3561 3558
f 3512 3515 3561
f 3515 3562 3561
f 3515 3516 3562
f 3558 3563 3560
f 3558 3561 3563
f 3561 3564 3563
f 3561 3562 3564
f 3356 3565 3362
f 3356 3559 3565
f 3559 3566 3565
f 3559 3560 3566
f 3362 3567 3364
f 3362 3565 3567
f 3565 3568 3567
f 3565 3566 3568
f 3560 3569 3566
f 3560 3563 3569
f 3563 3570 3569
f 3563 3564 3570
f 3566 3571 3568
f 3566 3569 3571
f 3569 3572 3571
f 3569 3570 3572
f 3531 3574 3532
f 3531 3573 3574
f 3573 3576 3574
f 3573 3575 3576
f 3516 3577 3562
f 3516 3535 3577
f 3535 3578 3577
f 3535 3536 3578
f 3562 3579 3564
f 3562 3577 3579
f 3577 3580 3579
f 3577 3578 3580
f 3536 3581 3578
f 3536 3539 3581
f 3539 3582 3581
f 3539 3540 3582
f 3532 3582 3540
f 3532 3574 3582
f 3578 3583 3580
f 3578 3581 3583
f 3581 3584 3583
f 3581 3582 3584
f 3574 3584 3582
f 3574 3576 3584
f 3575 3586 3576
f 3575 3585 3586
f 3585 3588 3586
f 3585 3587 3588
f 3564 3589 3570
f 3564 3579 3589
f 3579 3590 3589
f 3579 3580 3590
f 3570 3591 3572
f 3570 3589 3591
f 3589 3592 3591
f 3589 3590 3592
f 3580 3593 3590
f 3580 3583 3593
f 3583 3594 3593
f 3583 3584 3594
f 3576 3594 3584
f 3576 3586 3594
f 3590 3595 3592
f 3590 3593 3595
f 3593 3596 3595
f 3593 3594 3596
f 3586 3596 3594
f 3586 3588 3596
f 3332 3597 3551
f 3332 3386 3597
f 3551 3598 3552
f 3551 3597 3598
f 3386 3599 3597
f 3386 3388 3599
f 3597 3600 3598
f 3597 3599 3600
f 3552 3601 3555
f 3552 3598 3601
f 3555 3602 3556
f 3555 3601 3602
f 3598 3603 3601
f 3598 3600 3603
f 3601 3604 3602
f 3601 3603 3604
f 3388 3605 3599
f 3388 3394 3605
f 3599 3606 3600
f 3599 3605 3606
f 3394 3607 3605
f 3394 3396 3607
f 3605 3608 3606
f 3605 3607 3608
f 3600 3609 3603
f 3600 3606 3609
f 3603 3610 3604
f 3603 3609 3610
f 3606 3611 3609
f 3606 3608 3611
f 3609 3612 3610
f 3609 3611 3612
f 3364 3613 3418
f 3364 3567 3613
f 3567 3614 3613
f 3567 3568 3614
f 3418 3615 3420
f 3418 3613 3615
f 3613 3616 3615
f 3613 3614 3616
f 3568 3617 3614
f 3568 3571 3617
f 3571 3618 3617
f 3571 3572 3618
f 3614 3619 3616
f 3614 3617 3619
f 3617 3620 3619
f 3617 3618 3620
f 3420 3621 3426
f 3420 3615 3621
f 3615 3622 3621
f 3615 3616 3622
f 3426 3623 3428
f 3426 3621 3623
f 3621 3624 3623
f 3621 3622 3624
f 3616 3625 3622
f 3616 3619 3625
f 3619 3626 3625
f 3619 3620 3626
f 3622 3627 3624
f 3622 3625 3627
f 3625 3628 3627
f 3625 3626 3628
f 3587 3630 3588
f 3587 3629 3630
f 3629 3632 3630
f 3629 3631 3632
f 3572 3633 3618
f 3572 3591 3633
f 3591 3634 3633
f 3591 3592 3634
f 3618 3635 3620
f 3618 3633 3635
f 3633 3636 3635
f 3633 3634 3636
f 3592 3637 3634
f 3592 3595 3637
f 3595 3638 3637
f 3595 3596 3638
f 3588 3638 3596
f 3588 3630 3638
f 3634 3639 3636
f 3634 3637 3639
f 3637 3640 3639
f 3637 3638 3640
f 3630 3640 3638
f 3630 3632 3640
f 3631 3642 3632
f 3631 3641 3642
f 3641 3644 3642
f 3641 3643 3644
f 3620 3645 3626
f 3620 3635 3645
f 3635 3646 3645
f 3635 3636 3646
f 3626 3647 3628
f 3626 3645 3647
f 3645 3648 3647
f 3645 3646 3648
f 3636 3649 3646
f 3636 3639 3649
f 3639 3650 3649
f 3639 3640 3650
f 3632 3650 3640
f 3632 3642 3650
f 3646 3651 3648
f 3646 3649 3651
f 3649 3652 3651
f 3649 3650 3652
f 3642 3652 3650
f 3642 3644 3652
f 1431 3653 3247
f 1431 1853 3653
f 3247 3654 3248
f 3247 3653 3654
f 1853 3655 3653
f 1853 1855 3655
f 3653 3656 3654
f 3653 3655 3656
f 3248 3657 3251
f 3248 3654 3657
f 3251 3658 3252
f 3251 3657 3658
f 3654 3659 3657
f 3654 3656 3659
f 3657 3660 3658
f 3657 3659 3660
f 1855 3661 3655
f 1855 1861 3661
f 3655 3662 3656
f 3655 3661 3662
f 1861 3663 3661
f 1861 1863 3663
f 3661 3664 3662
f 3661 3663 3664
f 3656 3665 3659
f 3656 3662 3665
f 3659 3666 3660
f 3659 3665 3666
f 3662 3667 3665
f 3662 3664 3667
f 3665 3668 3666
f 3665 3667 3668
f 3252 3669 3263
f 3252 3658 3669
f 3263 3670 3264
f 3263 3669 3670
f 3658 3671 3669
f 3658 3660 3671
f 3669 3672 3670
f 3669 3671 3672
f 3264 3673 3267
f 3264 3670 3673
f 3267 3674 3268
f 3267 3673 3674
f 3670 3675 3673
f 3670 3672 3675
f 3673 3676 3674
f 3673 3675 3676
f 3660 3677 3671
f 3660 3666 3677
f 3671 3678 3672
f 3671 3677 3678
f 3666 3679 3677
f 3666 3668 3679
f 3677 3680 3678
f 3677 3679 3680
f 3672 3681 3675
f 3672 3678 3681
f 3675 3682 3676
f 3675 3681 3682
f 3678 3683 3681
f 3678 3680 3683
f 3681 3684 3682
f 3681 3683 3684
f 1463 3685 1885
f 1463 3279 3685
f 3279 3686 3685
f 3279 3280 3686
f 1885 3687 1887
f 1885 3685 3687
f 3685 3688 3687
f 3685 3686 3688
f 3280 3689 3686
f 3280 3283 3689
f 3283 3690 3689
f 3283 3284 3690
f 3686 3691 3688
f 3686 3689 3691
f 3689 3692 3691
f 3689 3690 3692
f 1887 3693 1893
f 1887 3687 3693
f 3687 3694 3693
f 3687 3688 3694
f 1893 3695 1895
f 1893 3693 3695
f 3693 3696 3695
f 3693 3694 3696
f 3688 3697 3694
f 3688 3691 3697
f 3691 3698 3697
f 3691 3692 3698
f 3694 3699 3696
f 3694 3697 3699
f 3697 3700 3699
f 3697 3698 3700
f 3284 3701 3690
f 3284 3295 3701
f 3295 3702 3701
f 3295 3296 3702
f 3690 3703 3692
f 3690 3701 3703
f 3701 3704 3703
f 3701 3702 3704
f 3296 3705 3702
f 3296 3299 3705
f 3299 3706 3705
f 3299 3300 3706
f 3702 3707 3704
f 3702 3705 3707
f 3705 3708 3707
f 3705 3706 3708
f 3692 3709 3698
f 3692 3703 3709
f 3703 3710 3709
f 3703 3704 3710
f 3698 3711 3700
f 3698 3709 3711
f 3709 3712 3711
f 3709 3710 3712
f 3704 3713 3710
f 3704 3707 3713
f 3707 3714 3713
f 3707 3708 3714
f 3710 3715 3712
f 3710 3713 3715
f 3713 3716 3715
f 3713 3714 3716
f 1863 3717 3663
f 1863 1917 3717
f 3663 3718 3664
f 3663 3717 3718
f 1917 3719 3717
f 1917 1919 3719
f 3717 3720 3718
f 3717 3719 3720
f 3664 3721 3667
f 3664 3718 3721
f 3667 3722 3668
f 3667 3721 3722
f 3718 3723 3721
f 3718 3720 3723
f 3721 3724 3722
f 3721 3723 3724
f 1919 3725 3719
f 1919 1925 3725
f 3719 3726 3720
f 3719 3725 3726
f 1925 3727 3725
f 1925 1927 3727
f 3725 3728 3726
f 3725 3727 3728
f 3720 3729 3723
f 3720 3726 3729
f 3723 3730 3724
f 3723 3729 3730
f 3726 3731 3729
f 3726 3728 3731
f 3729 3732 3730
f 3729 3731 3732
f 3668 3733 3679
f 3668 3722 3733
f 3679 3734 3680
f 3679 3733 3734
f 3722 3735 3733
f 3722 3724 3735
f 3733 3736 3734
f 3733 3735 3736
f 3680 3737 3683
f 3680 3734 3737
f 3683 3738 3684
f 3683 3737 3738
f 3734 3739 3737
f 3734 3736 3739
f 3737 3740 3738
f 3737 3739 3740
f 3724 3741 3735
f 3724 3730 3741
f 3735 3742 3736
f 3735 3741 3742
f 3730 3743 3741
f 3730 3732 3743
f 3741 3744 3742
f 3741 3743 3744
f 3736 3745 3739
f 3736 3742 3745
f 3739 3746 3740
f 3739 3745 3746
f 3742 3747 3745
f 3742 3744 3747
f 3745 3748 3746
f 3745 3747 3748
f 1895 3749 1949
f 1895 3695 3749
f 3695 3750 3749
f 3695 3696 3750
f 1949 3751 1951
f 1949 3749 3751
f 3749 3752 3751
f 3749 3750 3752
f 3696 3753 3750
f 3696 3699 3753
f 3699 3754 3753
f 3699 3700 3754
f 3750 3755 3752
f 3750 3753 3755
f 3753 3756 3755
f 3753 3754 3756
f 1951 3757 1957
f 1951 3751 3757
f 3751 3758 3757
f 3751 3752 3758
f 1957 3759 1959
f 1957 3757 3759
f 3757 3760 3759
f 3757 3758 3760
f 3752 3761 3758
f 3752 3755 3761
f 3755 3762 3761
f 3755 3756 3762
f 3758 3763 3760
f 3758 3761 3763
f 3761 3764 3763
f 3761 3762 3764
f 3700 3765 3754
f 3700 3711 3765
f 3711 3766 3765
f 3711 3712 3766
f 3754 3767 3756
f 3754 3765 3767
f 3765 3768 3767
f 3765 3766 3768
f 3712 3769 3766
f 3712 3715 3769
f 3715 3770 3769
f 3715 3716 3770
f 3766 3771 3768
f 3766 3769 3771
f 3769 3772 3771
f 3769 3770 3772
f 3756 3773 3762
f 3756 3767 3773
f 3767 3774 3773
f 3767 3768 3774
f 3762 3775 3764
f 3762 3773 3775
f 3773 3776 3775
f 3773 3774 3776
f 3768 3777 3774
f 3768 3771 3777
f 3771 3778 3777
f 3771 3772 3778
f 3774 3779 3776
f 3774 3777 3779
f 3777 3780 3779
f 3777 3778 3780
f 3268 3781 3375
f 3268 3674 3781
f 3375 3782 3376
f 3375 3781 3782
f 3674 3783 3781
f 3674 3676 3783
f 3781 3784 3782
f 3781 3783 3784
f 3376 3785 3379
f 3376 3782 3785
f 3379 3786 3380
f 3379 3785 3786
f 3782 3787 3785
f 3782 3784 3787
f 3785 3788 3786
f 3785 3787 3788
f 3676 3789 3783
f 3676 3682 3789
f 3783 3790 3784
f 3783 3789 3790
f 3682 3791 3789
f 3682 3684 3791
f 3789 3792 3790
f 3789 3791 3792
f 3784 3793 3787
f 3784 3790 3793
f 3787 3794 3788
f 3787 3793 3794
f 3790 3795 3793
f 3790 3792 3795
f 3793 3796 3794
f 3793 3795 3796
f 3380 3797 3391
f 3380 3786 3797
f 3391 3798 3392
f 3391 3797 3798
f 3786 3799 3797
f 3786 3788 3799
f 3797 3800 3798
f 3797 3799 3800
f 3392 3801 3395
f 3392 3798 3801
f 3395 3802 3396
f 3395 3801 3802
f 3798 3803 3801
f 3798 3800 3803
f 3801 3804 3802
f 3801 3803 3804
f 3788 3805 3799
f 3788 3794 3805
f 3799 3806 3800
f 3799 3805 3806
f 3794 3807 3805
f 3794 3796 3807
f 3805 3808 3806
f 3805 3807 3808
f 3800 3809 3803
f 3800 3806 3809
f 3803 3810 3804
f 3803 3809 3810
f 3806 3811 3809
f 3806 3808 3811
f 3809 3812 3810
f 3809 3811 3812
f 3300 3813 3706
f 3300 3407 3813
f 3407 3814 3813
f 3407 3408 3814
f 3706 3815 3708
f 3706 3813 3815
f 3813 3816 3815
f 3813 3814 3816
f 3408 3817 3814
f 3408 3411 3817
f 3411 3818 3817
f 3411 3412 3818
f 3814 3819 3816
f 3814 3817 3819
f 3817 3820 3819
f 3817 3818 3820
f 3708 3821 3714
f 3708 3815 3821
f 3815 3822 3821
f 3815 3816 3822
f 3714 3823 3716
f 3714 3821 3823
f 3821 3824 3823
f 3821 3822 3824
f 3816 3825 3822
f 3816 3819 3825
f 3819 3826 3825
f 3819 3820 3826
f 3822 3827 3824
f 3822 3825 3827
f 3825 3828 3827
f 3825 3826 3828
f 3412 3829 3818
f 3412 3423 3829
f 3423 3830 3829
f 3423 3424 3830
f 3818 3831 3820
f 3818 3829 3831
f 3829 3832 3831
f 3829 3830 3832
f 3424 3833 3830
f 3424 3427 3833
f 3427 3834 3833
f 3427 3428 3834
f 3830 3835 3832
f 3830 3833 3835
f 3833 3836 3835
f 3833 3834 3836
f 3820 3837 3826
f 3820 3831 3837
f 3831 3838 3837
f 3831 3832 3838
f 3826 3839 3828
f 3826 3837 3839
f 3837 3840 3839
f 3837 3838 3840
f 3832 3841 3838
f 3832 3835 3841
f 3835 3842 3841
f 3835 3836 3842
f 3838 3843 3840
f 3838 3841 3843
f 3841 3844 3843
f 3841 3842 3844
f 3684 3845 3791
f 3684 3738 3845
f 3791 3846 3792
f 3791 3845 3846
f 3738 3847 3845
f 3738 3740 3847
f 3845 3848 3846
f 3845 3847 3848
f 3792 3849 3795
f 3792 3846 3849
f 3795 3850 3796
f 3795 3849 3850
f 3846 3851 3849
f 3846 3848 3851
f 3849 3852 3850
f 3849 3851 3852
f 3740 3853 3847
f 3740 3746 3853
f 3847 3854 3848
f 3847 3853 3854
f 3746 3855 3853
f 3746 3748 3855
f 3853 3856 3854
f 3853 3855 3856
f 3848 3857 3851
f 3848 3854 3857
f 3851 3858 3852
f 3851 3857 3858
f 3854 3859 3857
f 3854 3856 3859
f 3857 3860 3858
f 3857 3859 3860
f 3796 3861 3807
f 3796 3850 3861
f 3807 3862 3808
f 3807 3861 3862
f 3850 3863 3861
f 3850 3852 3863
f 3861 3864 3862
f 3861 3863 3864
f 3808 3865 3811
f 3808 3862 3865
f 3811 3866 3812
f 3811 3865 3866
f 3862 3867 3865
f 3862 3864 3867
f 3865 3868 3866
f 3865 3867 3868
f 3852 3869 3863
f 3852 3858 3869
f 3863 3870 3864
f 3863 3869 3870
f 3858 3871 3869
f 3858 3860 3871
f 3869 3872 3870
f 3869 3871 3872
f 3864 3873 3867
f 3864 3870 3873
f 3867 3874 3868
f 3867 3873 3874
f 3870 3875 3873
f 3870 3872 3875
f 3873 3876 3874
f 3873 3875 3876
f 3716 3877 3770
f 3716 3823 3877
f 3823 3878 3877
f 3823 3824 3878
f 3770 3879 3772
f 3770 3877 3879
f 3877 3880 3879
f 3877 3878 3880
f 3824 3881 3878
f 3824 3827 3881
f 3827 3882 3881
f 3827 3828 3882
f 3878 3883 3880
f 3878 3881 3883
f 3881 3884 3883
f 3881 3882 3884
f 3772 3885 3778
f 3772 3879 3885
f 3879 3886 3885
f 3879 3880 3886
f 3778 3887 3780
f 3778 3885 3887
f 3885 3888 3887
f 3885 3886 3888
f 3880 3889 3886
f 3880 3883 3889
f 3883 3890 3889
f 3883 3884 3890
f 3886 3891 3888
f 3886 3889 3891
f 3889 3892 3891
f 3889 3890 3892
f 3828 3893 3882
f 3828 3839 3893
f 3839 3894 3893
f 3839 3840 3894
f 3882 3895 3884
f 3882 3893 3895
f 3893 3896 3895
f 3893 3894 3896
f 3840 3897 3894
f 3840 3843 3897
f 3843 3898 3897
f 3843 3844 3898
f 3894 3899 3896
f 3894 3897 3899
f 3897 3900 3899
f 3897 3898 3900
f 3884 3901 3890
f 3884 3895 3901
f 3895 3902 3901
f 3895 3896 3902
f 3890 3903 3892
f 3890 3901 3903
f 3901 3904 3903
f 3901 3902 3904
f 3896 3905 3902
f 3896 3899 3905
f 3899 3906 3905
f 3899 3900 3906
f 3902 3907 3904
f 3902 3905 3907
f 3905 3908 3907
f 3905 3906 3908
f 1927 3909 3727
f 1927 2109 3909
f 3727 3910 3728
f 3727 3909 3910
f 2109 3911 3909
f 2109 2111 3911
f 3909 3912 3910
f 3909 3911 3912
f 3728 3913 3731
f 3728 3910 3913
f 3731 3914 3732
f 3731 3913 3914
f 3910 3915 3913
f 3910 3912 3915
f 3913 3916 3914
f 3913 3915 3916
f 2111 3917 3911
f 2111 2117 3917
f 3911 3918 3912
f 3911 3917 3918
f 2117 3919 3917
f 2117 2119 3919
f 3917 3920 3918
f 3917 3919 3920
f 3912 3921 3915
f 3912 3918 3921
f 3915 3922 3916
f 3915 3921 3922
f 3918 3923 3921
f 3918 3920 3923
f 3921 3924 3922
f 3921 3923 3924
f 3732 3925 3743
f 3732 3914 3925
f 3743 3926 3744
f 3743 3925 3926
f 3914 3927 3925
f 3914 3916 3927
f 3925 3928 3926
f 3925 3927 3928
f 3744 3929 3747
f 3744 3926 3929
f 3747 3930 3748
f 3747 3929 3930
f 3926 3931 3929
f 3926 3928 3931
f 3929 3932 3930
f 3929 3931 3932
f 3916 3933 3927
f 3916 3922 3933
f 3927 3934 3928
f 3927 3933 3934
f 3922 3935 3933
f 3922 3924 3935
f 3933 3936 3934
f 3933 3935 3936
f 3928 3937 3931
f 3928 3934 3937
f 3931 3938 3932
f 3931 3937 3938
f 3934 3939 3937
f 3934 3936 3939
f 3937 3940 3938
f 3937 3939 3940
f 1959 3941 2141
f 1959 3759 3941
f 3759 3942 3941
f 3759 3760 3942
f 2141 3943 2143
f 2141 3941 3943
f 3941 3944 3943
f 3941 3942 3944
f 3760 3945 3942
f 3760 3763 3945
f 3763 3946 3945
f 3763 3764 3946
f 3942 3947 3944
f 3942 3945 3947
f 3945 3948 3947
f 3945 3946 3948
f 2143 3949 2149
f 2143 3943 3949
f 3943 3950 3949
f 3943 3944 3950
f 2149 3951 2151
f 2149 3949 3951
f 3949 3952 3951
f 3949 3950 3952
f 3944 3953 3950
f 3944 3947 3953
f 3947 3954 3953
f 3947 3948 3954
f 3950 3955 3952
f 3950 3953 3955
f 3953 3956 3955
f 3953 3954 3956
f 3764 3957 3946
f 3764 3775 3957
f 3775 3958 3957
f 3775 3776 3958
f 3946 3959 3948
f 3946 3957 3959
f 3957 3960 3959
f 3957 3958 3960
f 3776 3961 3958
f 3776 3779 3961
f 3779 3962 3961
f 3779 3780 3962
f 3958 3963 3960
f 3958 3961 3963
f 3961 3964 3963
f 3961 3962 3964
f 3948 3965 3954
f 3948 3959 3965
f 3959 3966 3965
f 3959 3960 3966
f 3954 3967 3956
f 3954 3965 3967
f 3965 3968 3967
f 3965 3966 3968
f 3960 3969 3966
f 3960 3963 3969
f 3963 3970 3969
f 3963 3964 3970
f 3966 3971 3968
f 3966 3969 3971
f 3969 3972 3971
f 3969 3970 3972
f 2119 3973 3919
f 2119 2173 3973
f 3919 3974 3920
f 3919 3973 3974
f 2173 3975 3973
f 2173 2175 3975
f 3973 3976 3974
f 3973 3975 3976
f 3920 3977 3923
f 3920 3974 3977
f 3923 3978 3924
f 3923 3977 3978
f 3974 3979 3977
f 3974 3976 3979
f 3977 3980 3978
f 3977 3979 3980
f 2175 3981 3975
f 2175 2181 3981
f 3975 3982 3976
f 3975 3981 3982
f 2181 3983 3981
f 2181 2183 3983
f 3981 3984 3982
f 3981 3983 3984
f 3976 3985 3979
f 3976 3982 3985
f 3979 3986 3980
f 3979 3985 3986
f 3982 3987 3985
f 3982 3984 3987
f 3985 3988 3986
f 3985 3987 3988
f 3924 3989 3935
f 3924 3978 3989
f 3935 3990 3936
f 3935 3989 3990
f 3978 3991 3989
f 3978 3980 3991
f 3989 3992 3990
f 3989 3991 3992
f 3936 3993 3939
f 3936 3990 3993
f 3939 3994 3940
f 3939 3993 3994
f 3990 3995 3993
f 3990 3992 3995
f 3993 3996 3994
f 3993 3995 3996
f 3980 3997 3991
f 3980 3986 3997
f 3991 3998 3992
f 3991 3997 3998
f 3986 3999 3997
f 3986 3988 3999
f 3997 4000 3998
f 3997 3999 4000
f 3992 4001 3995
f 3992 3998 4001
f 3995 4002 3996
f 3995 4001 4002
f 3998 4003 4001
f 3998 4000 4003
f 4001 4004 4002
f 4001 4003 4004
f 2151 4005 2205
f 2151 3951 4005
f 3951 4006 4005
f 3951 3952 4006
f 2205 4007 2207
f 2205 4005 4007
f 4005 4008 4007
f 4005 4006 4008
f 3952 4009 4006
f 3952 3955 4009
f 3955 4010 4009
f 3955 3956 4010
f 4006 4011 4008
f 4006 4009 4011
f 4009 4012 4011
f 4009 4010 4012
f 2207 4013 2213
f 2207 4007 4013
f 4007 4014 4013
f 4007 4008 4014
f 2213 4015 2215
f 2213 4013 4015
f 4013 4016 4015
f 4013 4014 4016
f 4008 4017 4014
f 4008 4011 4017
f 4011 4018 4017
f 4011 4012 4018
f 4014 4019 4016
f 4014 4017 4019
f 4017 4020 4019
f 4017 4018 4020
f 3956 4021 4010
f 3956 3967 4021
f 3967 4022 4021
f 3967 3968 4022
f 4010 4023 4012
f 4010 4021 4023
f 4021 4024 4023
f 4021 4022 4024
f 3968 4025 4022
f 3968 3971 4025
f 3971 4026 4025
f 3971 3972 4026
f 4022 4027 4024
f 4022 4025 4027
f 4025 4028 4027
f 4025 4026 4028
f 4012 4029 4018
f 4012 4023 4029
f 4023 4030 4029
f 4023 4024 4030
f 4018 4031 4020
f 4018 4029 4031
f 4029 4032 4031
f 4029 4030 4032
f 4024 4033 4030
f 4024 4027 4033
f 4027 4034 4033
f 4027 4028 4034
f 4030 4035 4032
f 4030 4033 4035
f 4033 4036 4035
f 4033 4034 4036
f 3748 4037 3855
f 3748 3930 4037
f 3855 4038 3856
f 3855 4037 4038
f 3930 4039 4037
f 3930 3932 4039
f 4037 4040 4038
f 4037 4039 4040
f 3856 4041 3859
f 3856 4038 4041
f 3859 4042 3860
f 3859 4041 4042
f 4038 4043 4041
f 4038 4040 4043
f 4041 4044 4042
f 4041 4043 4044
f 3932 4045 4039
f 3932 3938 4045
f 4039 4046 4040
f 4039 4045 4046
f 3938 4047 4045
f 3938 3940 4047
f 4045 4048 4046
f 4045 4047 4048
f 4040 4049 4043
f 4040 4046 4049
f 4043 4050 4044
f 4043 4049 4050
f 4046 4051 4049
f 4046 4048 4051
f 4049 4052 4050
f 4049 4051 4052
f 3860 4053 3871
f 3860 4042 4053
f 3871 4054 3872
f 3871 4053 4054
f 4042 4055 4053
f 4042 4044 4055
f 4053 4056 4054
f 4053 4055 4056
f 3872 4057 3875
f 3872 4054 4057
f 3875 4058 3876
f 3875 4057 4058
f 4054 4059 4057
f 4054 4056 4059
f 4057 4060 4058
f 4057 4059 4060
f 4044 4061 4055
f 4044 4050 4061
f 4055 4062 4056
f 4055 4061 4062
f 4050 4063 4061
f 4050 4052 4063
f 4061 4064 4062
f 4061 4063 4064
f 4056 4065 4059
f 4056 4062 4065
f 4059 4066 4060
f 4059 4065 4066
f 4062 4067 4065
f 4062 4064 4067
f 4065 4068 4066
f 4065 4067 4068
f 3780 4069 3962
f 3780 3887 4069
f 3887 4070 4069
f 3887 3888 4070
f 3962 4071 3964
f 3962 4069 4071
f 4069 4072 4071
f 4069 4070 4072
f 3888 4073 4070
f 3888 3891 4073
f 3891 4074 4073
f 3891 3892 4074
f 4070 4075 4072
f 4070 4073 4075
f 4073 4076 4075
f 4073 4074 4076
f 3964 4077 3970
f 3964 4071 4077
f 4071 4078 4077
f 4071 4072 4078
f 3970 4079 3972
f 3970 4077 4079
f 4077 4080 4079
f 4077 4078 4080
f 4072 4081 4078
f 4072 4075 4081
f 4075 4082 4081
f 4075 4076 4082
f 4078 4083 4080
f 4078 4081 4083
f 4081 4084 4083
f 4081 4082 4084
f 3892 4085 4074
f 3892 3903 4085
f 3903 4086 4085
f 3903 3904 4086
f 4074 4087 4076
f 4074 4085 4087
f 4085 4088 4087
f 4085 4086 4088
f 3904 4089 4086
f 3904 3907 4089
f 3907 4090 4089
f 3907 3908 4090
f 4086 4091 4088
f 4086 4089 4091
f 4089 4092 4091
f 4089 4090 4092
f 4076 4093 4082
f 4076 4087 4093
f 4087 4094 4093
f 4087 4088 4094
f 4082 4095 4084
f 4082 4093 4095
f 4093 4096 4095
f 4093 4094 4096
f 4088 4097 4094
f 4088 4091 4097
f 4091 4098 4097
f 4091 4092 4098
f 4094 4099 4096
f 4094 4097 4099
f 4097 4100 4099
f 4097 4098 4100
f 3940 4101 4047
f 3940 3994 4101
f 4047 4102 4048
f 4047 4101 4102
f 3994 4103 4101
f 3994 3996 4103
f 4101 4104 4102
f 4101 4103 4104
f 4048 4105 4051
f 4048 4102 4105
f 4051 4106 4052
f 4051 4105 4106
f 4102 4107 4105
f 4102 4104 4107
f 4105 4108 4106
f 4105 4107 4108
f 3996 4109 4103
f 3996 4002 4109
f 4103 4110 4104
f 4103 4109 4110
f 4002 4111 4109
f 4002 4004 4111
f 4109 4112 4110
f 4109 4111 4112
f 4104 4113 4107
f 4104 4110 4113
f 4107 4114 4108
f 4107 4113 4114
f 4110 4115 4113
f 4110 4112 4115
f 4113 4116 4114
f 4113 4115 4116
f 4052 4117 4063
f 4052 4106 4117
f 4063 4118 4064
f 4063 4117 4118
f 4106 4119 4117
f 4106 4108 4119
f 4117 4120 4118
f 4117 4119 4120
f 4064 4121 4067
f 4064 4118 4121
f 4067 4122 4068
f 4067 4121 4122
f 4118 4123 4121
f 4118 4120 4123
f 4121 4124 4122
f 4121 4123 4124
f 4108 4125 4119
f 4108 4114 4125
f 4119 4126 4120
f 4119 4125 4126
f 4114 4127 4125
f 4114 4116 4127
f 4125 4128 4126
f 4125 4127 4128
f 4120 4129 4123
f 4120 4126 4129
f 4123 4130 4124
f 4123 4129 4130
f 4126 4131 4129
f 4126 4128 4131
f 4129 4132 4130
f 4129 4131 4132
f 3972 4133 4026
f 3972 4079 4133
f 4079 4134 4133
f 4079 4080 4134
f 4026 4135 4028
f 4026 4133 4135
f 4133 4136 4135
f 4133 4134 4136
f 4080 4137 4134
f 4080 4083 4137
f 4083 4138 4137
f 4083 4084 4138
f 4134 4139 4136
f 4134 4137 4139
f 4137 4140 4139
f 4137 4138 4140
f 4028 4141 4034
f 4028 4135 4141
f 4135 4142 4141
f 4135 4136 4142
f 4034 4143 4036
f 4034 4141 4143
f 4141 4144 4143
f 4141 4142 4144
f 4136 4145 4142
f 4136 4139 4145
f 4139 4146 4145
f 4139 4140 4146
f 4142 4147 4144
f 4142 4145 4147
f 4145 4148 4147
f 4145 4146 4148
f 4084 4149 4138
f 4084 4095 4149
f 4095 4150 4149
f 4095 4096 4150
f 4138 4151 4140
f 4138 4149 4151
f 4149 4152 4151
f 4149 4150 4152
f 4096 4153 4150
f 4096 4099 4153
f 4099 4154 4153
f 4099 4100 4154
f 4150 4155 4152
f 4150 4153 4155
f 4153 4156 4155
f 4153 4154 4156
f 4140 4157 4146
f 4140 4151 4157
f 4151 4158 4157
f 4151 4152 4158
f 4146 4159 4148
f 4146 4157 4159
f 4157 4160 4159
f 4157 4158 4160
f 4152 4161 4158
f 4152 4155 4161
f 4155 4162 4161
f 4155 4156 4162
f 4158 4163 4160
f 4158 4161 4163
f 4161 4164 4163
f 4161 4162 4164
f 3396 4165 3607
f 3396 3802 4165
f 3607 4166 3608
f 3607 4165 4166
f 3802 4167 4165
f 3802 3804 4167
f 4165 4168 4166
f 4165 4167 4168
f 3608 4169 3611
f 3608 4166 4169
f 3611 4170 3612
f 3611 4169 4170
f 4166 4171 4169
f 4166 4168 4171
f 4169 4172 4170
f 4169 4171 4172
f 3804 4173 4167
f 3804 3810 4173
f 4167 4174 4168
f 4167 4173 4174
f 3810 4175 4173
f 3810 3812 4175
f 4173 4176 4174
f 4173 4175 4176
f 4168 4177 4171
f 4168 4174 4177
f 4171 4178 4172
f 4171 4177 4178
f 4174 4179 4177
f 4174 4176 4179
f 4177 4180 4178
f 4177 4179 4180
f 3428 4181 3834
f 3428 3623 4181
f 3623 4182 4181
f 3623 3624 4182
f 3834 4183 3836
f 3834 4181 4183
f 4181 4184 4183
f 4181 4182 4184
f 3624 4185 4182
f 3624 3627 4185
f 3627 4186 4185
f 3627 3628 4186
f 4182 4187 4184
f 4182 4185 4187
f 4185 4188 4187
f 4185 4186 4188
f 3836 4189 3842
f 3836 4183 4189
f 4183 4190 4189
f 4183 4184 4190
f 3842 4191 3844
f 3842 4189 4191
f 4189 4192 4191
f 4189 4190 4192
f 4184 4193 4190
f 4184 4187 4193
f 4187 4194 4193
f 4187 4188 4194
f 4190 4195 4192
f 4190 4193 4195
f 4193 4196 4195
f 4193 4194 4196
f 3643 4198 3644
f 3643 4197 4198
f 4197 4200 4198
f 4197 4199 4200
f 3628 4201 4186
f 3628 3647 4201
f 3647 4202 4201
f 3647 3648 4202
f 4186 4203 4188
f 4186 4201 4203
f 4201 4204 4203
f 4201 4202 4204
f 3648 4205 4202
f 3648 3651 4205
f 3651 4206 4205
f 3651 3652 4206
f 3644 4206 3652
f 3644 4198 4206
f 4202 4207 4204
f 4202 4205 4207
f 4205 4208 4207
f 4205 4206 4208
f 4198 4208 4206
f 4198 4200 4208
f 4199 4210 4200
f 4199 4209 4210
f 4209 4212 4210
f 4209 4211 4212
f 4188 4213 4194
f 4188 4203 4213
f 4203 4214 4213
f 4203 4204 4214
f 4194 4215 4196
f 4194 4213 4215
f 4213 4216 4215
f 4213 4214 4216
f 4204 4217 4214
f 4204 4207 4217
f 4207 4218 4217
f 4207 4208 4218
f 4200 4218 4208
f 4200 4210 4218
f 4214 4219 4216
f 4214 4217 4219
f 4217 4220 4219
f 4217 4218 4220
f 4210 4220 4218
f 4210 4212 4220
f 3812 4221 4175
f 3812 3866 4221
f 4175 4222 4176
f 4175 4221 4222
f 3866 4223 4221
f 3866 3868 4223
f 4221 4224 4222
f 4221 4223 4224
f 4176 4225 4179
f 4176 4222 4225
f 4179 4226 4180
f 4179 4225 4226
f 4222 4227 4225
f 4222 4224 4227
f 4225 4228 4226
f 4225 4227 4228
f 3868 4229 4223
f 3868 3874 4229
f 4223 4230 4224
f 4223 4229 4230
f 3874 4231 4229
f 3874 3876 4231
f 4229 4232 4230
f 4229 4231 4232
f 4224 4233 4227
f 4224 4230 4233
f 4227 4234 4228
f 4227 4233 4234
f 4230 4235 4233
f 4230 4232 4235
f 4233 4236 4234
f 4233 4235 4236
f 3844 4237 3898
f 3844 4191 4237
f 4191 4238 4237
f 4191 4192 4238
f 3898 4239 3900
f 3898 4237 4239
f 4237 4240 4239
f 4237 4238 4240
f 4192 4241 4238
f 4192 4195 4241
f 4195 4242 4241
f 4195 4196 4242
f 4238 4243 4240
f 4238 4241 4243
f 4241 4244 4243
f 4241 4242 4244
f 3900 4245 3906
f 3900 4239 4245
f 4239 4246 4245
f 4239 4240 4246
f 3906 4247 3908
f 3906 4245 4247
f 4245 4248 4247
f 4245 4246 4248
f 4240 4249 4246
f 4240 4243 4249
f 4243 4250 4249
f 4243 4244 4250
f 4246 4251 4248
f 4246 4249 4251
f 4249 4252 4251
f 4249 4250 4252
f 4211 4254 4212
f 4211 4253 4254
f 4253 4256 4254
f 4253 4255 4256
f 4196 4257 4242
f 4196 4215 4257
f 4215 4258 4257
f 4215 4216 4258
f 4242 4259 4244
f 4242 4257 4259
f 4257 4260 4259
f 4257 4258 4260
f 4216 4261 4258
f 4216 4219 4261
f 4219 4262 4261
f 4219 4220 4262
f 4212 4262 4220
f 4212 4254 4262
f 4258 4263 4260
f 4258 4261 4263
f 4261 4264 4263
f 4261 4262 4264
f 4254 4264 4262
f 4254 4256 4264
f 4255 4266 4256
f 4255 4265 4266
f 4265 4268 4266
f 4265 4267 4268
f 4244 4269 4250
f 4244 4259 4269
f 4259 4270 4269
f 4259 4260 4270
f 4250 4271 4252
f 4250 4269 4271
f 4269 4272 4271
f 4269 4270 4272
f 4260 4273 4270
f 4260 4263 4273
f 4263 4274 4273
f 4263 4264 4274
f 4256 4274 4264
f 4256 4266 4274
f 4270 4275 4272
f 4270 4273 4275
f 4273 4276 4275
f 4273 4274 4276
f 4266 4276 4274
f 4266 4268 4276
f 3876 4277 4231
f 3876 4058 4277
f 4231 4278 4232
f 4231 4277 4278
f 4058 4279 4277
f 4058 4060 4279
f 4277 4280 4278
f 4277 4279 4280
f 4232 4281 4235
f 4232 4278 4281
f 4235 4282 4236
f 4235 4281 4282
f 4278 4283 4281
f 4278 4280 4283
f 4281 4284 4282
f 4281 4283 4284
f 4060 4285 4279
f 4060 4066 4285
f 4279 4286 4280
f 4279 4285 4286
f 4066 4287 4285
f 4066 4068 4287
f 4285 4288 4286
f 4285 4287 4288
f 4280 4289 4283
f 4280 4286 4289
f 4283 4290 4284
f 4283 4289 4290
f 4286 4291 4289
f 4286 4288 4291
f 4289 4292 4290
f 4289 4291 4292
f 3908 4293 4090
f 3908 4247 4293
f 4247 4294 4293
f 4247 4248 4294
f 4090 4295 4092
f 4090 4293 4295
f 4293 4296 4295
f 4293 4294 4296
f 4248 4297 4294
f 4248 4251 4297
f 4251 4298 4297
f 4251 4252 4298
f 4294 4299 4296
f 4294 4297 4299
f 4297 4300 4299
f 4297 4298 4300
f 4092 4301 4098
f 4092 4295 4301
f 4295 4302 4301
f 4295 4296 4302
f 4098 4303 4100
f 4098 4301 4303
f 4301 4304 4303
f 4301 4302 4304
f 4296 4305 4302
f 4296 4299 4305
f 4299 4306 4305
f 4299 4300 4306
f 4302 4307 4304
f 4302 4305 4307
f 4305 4308 4307
f 4305 4306 4308
f 4267 4310 4268
f 4267 4309 4310
f 4309 4312 4310
f 4309 4311 4312
f 4252 4313 4298
f 4252 4271 4313
f 4271 4314 4313
f 4271 4272 4314
f 4298 4315 4300
f 4298 4313 4315
f 4313 4316 4315
f 4313 4314 4316
f 4272 4317 4314
f 4272 4275 4317
f 4275 4318 4317
f 4275 4276 4318
f 4268 4318 4276
f 4268 4310 4318
f 4314 4319 4316
f 4314 4317 4319
f 4317 4320 4319
f 4317 4318 4320
f 4310 4320 4318
f 4310 4312 4320
f 4311 4322 4312
f 4311 4321 4322
f 4321 4324 4322
f 4321 4323 4324
f 4300 4325 4306
f 4300 4315 4325
f 4315 4326 4325
f 4315 4316 4326
f 4306 4327 4308
f 4306 4325 4327
f 4325 4328 4327
f 4325 4326 4328
f 4316 4329 4326
f 4316 4319 4329
f 4319 4330 4329
f 4319 4320 4330
f 4312 4330 4320
f 4312 4322 4330
f 4326 4331 4328
f 4326 4329 4331
f 4329 4332 4331
f 4329 4330 4332
f 4322 4332 4330
f 4322 4324 4332
f 4068 4333 4287
f 4068 4122 4333
f 4287 4334 4288
f 4287 4333 4334
f 4122 4335 4333
f 4122 4124 4335
f 4333 4336 4334
f 4333 4335 4336
f 4288 4337 4291
f 4288 4334 4337
f 4291 4338 4292
f 4291 4337 4338
f 4334 4339 4337
f 4334 4336 4339
f 4337 4340 4338
f 4337 4339 4340
f 4124 4341 4335
f 4124 4130 4341
f 4335 4342 4336
f 4335 4341 4342
f 4130 4343 4341
f 4130 4132 4343
f 4341 4344 4342
f 4341 4343 4344
f 4336 4345 4339
f 4336 4342 4345
f 4339 4346 4340
f 4339 4345 4346
f 4342 4347 4345
f 4342 4344 4347
f 4345 4348 4346
f 4345 4347 4348
f 4100 4349 4154
f 4100 4303 4349
f 4303 4350 4349
f 4303 4304 4350
f 4154 4351 4156
f 4154 4349 4351
f 4349 4352 4351
f 4349 4350 4352
f 4304 4353 4350
f 4304 4307 4353
f 4307 4354 4353
f 4307 4308 4354
f 4350 4355 4352
f 4350 4353 4355
f 4353 4356 4355
f 4353 4354 4356
f 4156 4357 4162
f 4156 4351 4357
f 4351 4358 4357
f 4351 4352 4358
f 4162 4359 4164
f 4162 4357 4359
f 4357 4360 4359
f 4357 4358 4360
f 4352 4361 4358
f 4352 4355 4361
f 4355 4362 4361
f 4355 4356 4362
f 4358 4363 4360
f 4358 4361 4363
f 4361 4364 4363
f 4361 4362 4364
f 4323 4366 4324
f 4323 4365 4366
f 4365 4368 4366
f 4365 4367 4368
f 4308 4369 4354
f 4308 4327 4369
f 4327 4370 4369
f 4327 4328 4370
f 4354 4371 4356
f 4354 4369 4371
f 4369 4372 4371
f 4369 4370 4372
f 4328 4373 4370
f 4328 4331 4373
f 4331 4374 4373
f 4331 4332 4374
f 4324 4374 4332
f 4324 4366 4374
f 4370 4375 4372
f 4370 4373 4375
f 4373 4376 4375
f 4373 4374 4376
f 4366 4376 4374
f 4366 4368 4376
f 4367 4378 4368
f 4367 4377 4378
f 4377 4380 4378
f 4377 4379 4380
f 4356 4381 4362
f 4356 4371 4381
f 4371 4382 4381
f 4371 4372 4382
f 4362 4383 4364
f 4362 4381 4383
f 4381 4384 4383
f 4381 4382 4384
f 4372 4385 4382
f 4372 4375 4385
f 4375 4386 4385
f 4375 4376 4386
f 4368 4386 4376
f 4368 4378 4386
f 4382 4387 4384
f 4382 4385 4387
f 4385 4388 4387
f 4385 4386 4388
f 4378 4388 4386
f 4378 4380 4388
f 1647 4393 1658
f 1647 4389 4393
f 1658 4394 1659
f 1658 4393 4394
f 4389 4395 4393
f 4389 4390 4395
f 4393 4396 4394
f 4393 4395 4396
f 1659 4397 1662
f 1659 4394 4397
f 1662 4398 1663
f 1662 4397 4398
f 4394 4399 4397
f 4394 4396 4399
f 4397 4400 4398
f 4397 4399 4400
f 4390 4401 4395
f 4390 4391 4401
f 4395 4402 4396
f 4395 4401 4402
f 4391 4403 4401
f 4391 4392 4403
f 4401 4404 4402
f 4401 4403 4404
f 4396 4405 4399
f 4396 4402 4405
f 4399 4406 4400
f 4399 4405 4406
f 4402 4407 4405
f 4402 4404 4407
f 4405 4408 4406
f 4405 4407 4408
f 1681 4412 4411
f 1681 1682 4412
f 1677 4411 4409
f 1677 1681 4411
f 1682 4413 4412
f 1682 1683 4413
f 4411 4415 4414
f 4411 4412 4415
f 4409 4414 4410
f 4409 4411 4414
f 4412 4416 4415
f 4412 4413 4416
f 1683 4417 4413
f 1683 1686 4417
f 1686 4418 4417
f 1686 1687 4418
f 4413 4419 4416
f 4413 4417 4419
f 4417 4420 4419
f 4417 4418 4420
f 4414 4424 4423
f 4414 4415 4424
f 4410 4423 4421
f 4410 4414 4423
f 4415 4425 4424
f 4415 4416 4425
f 4423 4427 4426
f 4423 4424 4427
f 4421 4426 4422
f 4421 4423 4426
f 4424 4428 4427
f 4424 4425 4428
f 4416 4429 4425
f 4416 4419 4429
f 4419 4430 4429
f 4419 4420 4430
f 4425 4431 4428
f 4425 4429 4431
f 4429 4432 4431
f 4429 4430 4432
f 1687 4433 4418
f 1687 1698 4433
f 1698 4434 4433
f 1698 1699 4434
f 4418 4435 4420
f 4418 4433 4435
f 4433 4436 4435
f 4433 4434 4436
f 1699 4437 4434
f 1699 1702 4437
f 1702 4438 4437
f 1702 1703 4438
f 4434 4439 4436
f 4434 4437 4439
f 4437 4440 4439
f 4437 4438 4440
f 4420 4441 4430
f 4420 4435 4441
f 4435 4442 4441
f 4435 4436 4442
f 4430 4443 4432
f 4430 4441 4443
f 4441 4444 4443
f 4441 4442 4444
f 4436 4445 4442
f 4436 4439 4445
f 4439 4446 4445
f 4439 4440 4446
f 4442 4447 4444
f 4442 4445 4447
f 4445 4448 4447
f 4445 4446 4448
f 4392 4453 4403
f 4392 4449 4453
f 4403 4454 4404
f 4403 4453 4454
f 4449 4455 4453
f 4449 4450 4455
f 4453 4456 4454
f 4453 4455 4456
f 4404 4457 4407
f 4404 4454 4457
f 4407 4458 4408
f 4407 4457 4458
f 4454 4459 4457
f 4454 4456 4459
f 4457 4460 4458
f 4457 4459 4460
f 4450 4461 4455
f 4450 4451 4461
f 4455 4462 4456
f 4455 4461 4462
f 4451 4463 4461
f 4451 4452 4463
f 4461 4464 4462
f 4461 4463 4464
f 4456 4465 4459
f 4456 4462 4465
f 4459 4466 4460
f 4459 4465 4466
f 4462 4467 4465
f 4462 4464 4467
f 4465 4468 4466
f 4465 4467 4468
f 4426 4472 4471
f 4426 4427 4472
f 4422 4471 4469
f 4422 4426 4471
f 4427 4473 4472
f 4427 4428 4473
f 4471 4475 4474
f 4471 4472 4475
f 4469 4474 4470
f 4469 4471 4474
f 4472 4476 4475
f 4472 4473 4476
f 4428 4477 4473
f 4428 4431 4477
f 4431 4478 4477
f 4431 4432 4478
f 4473 4479 4476
f 4473 4477 4479
f 4477 4480 4479
f 4477 4478 4480
f 4474 4484 4483
f 4474 4475 4484
f 4470 4483 4481
f 4470 4474 4483
f 4475 4485 4484
f 4475 4476 4485
f 4483 4487 4486
f 4483 4484 4487
f 4481 4486 4482
f 4481 4483 4486
f 4484 4488 4487
f 4484 4485 4488
f 4476 4489 4485
f 4476 4479 4489
f 4479 4490 4489
f 4479 4480 4490
f 4485 4491 4488
f 4485 4489 4491
f 4489 4492 4491
f 4489 4490 4492
f 4432 4493 4478
f 4432 4443 4493
f 4443 4494 4493
f 4443 4444 4494
f 4478 4495 4480
f 4478 4493 4495
f 4493 4496 4495
f 4493 4494 4496
f 4444 4497 4494
f 4444 4447 4497
f 4447 4498 4497
f 4447 4448 4498
f 4494 4499 4496
f 4494 4497 4499
f 4497 4500 4499
f 4497 4498 4500
f 4480 4501 4490
f 4480 4495 4501
f 4495 4502 4501
f 4495 4496 4502
f 4490 4503 4492
f 4490 4501 4503
f 4501 4504 4503
f 4501 4502 4504
f 4496 4505 4502
f 4496 4499 4505
f 4499 4506 4505
f 4499 4500 4506
f 4502 4507 4504
f 4502 4505 4507
f 4505 4508 4507
f 4505 4506 4508
f 4452 4513 4463
f 4452 4509 4513
f 4463 4514 4464
f 4463 4513 4514
f 4509 4515 4513
f 4509 4510 4515
f 4513 4516 4514
f 4513 4515 4516
f 4464 4517 4467
f 4464 4514 4517
f 4467 4518 4468
f 4467 4517 4518
f 4514 4519 4517
f 4514 4516 4519
f 4517 4520 4518
f 4517 4519 4520
f 4510 4521 4515
f 4510 4511 4521
f 4515 4522 4516
f 4515 4521 4522
f 4511 4523 4521
f 4511 4512 4523
f 4521 4524 4522
f 4521 4523 4524
f 4516 4525 4519
f 4516 4522 4525
f 4519 4526 4520
f 4519 4525 4526
f 4522 4527 4525
f 4522 4524 4527
f 4525 4528 4526
f 4525 4527 4528
f 4486 4532 4531
f 4486 4487 4532
f 4482 4531 4529
f 4482 4486 4531
f 4487 4533 4532
f 4487 4488 4533
f 4531 4535 4534
f 4531 4532 4535
f 4529 4534 4530
f 4529 4531 4534
f 4532 4536 4535
f 4532 4533 4536
f 4488 4537 4533
f 4488 4491 4537
f 4491 4538 4537
f 4491 4492 4538
f 4533 4539 4536
f 4533 4537 4539
f 4537 4540 4539
f 4537 4538 4540
f 4534 4544 4543
f 4534 4535 4544
f 4530 4543 4541
f 4530 4534 4543
f 4535 4545 4544
f 4535 4536 4545
f 4543 4547 4546
f 4543 4544 4547
f 4541 4546 4542
f 4541 4543 4546
f 4544 4548 4547
f 4544 4545 4548
f 4536 4549 4545
f 4536 4539 4549
f 4539 4550 4549
f 4539 4540 4550
f 4545 4551 4548
f 4545 4549 4551
f 4549 4552 4551
f 4549 4550 4552
f 4492 4553 4538
f 4492 4503 4553
f 4503 4554 4553
f 4503 4504 4554
f 4538 4555 4540
f 4538 4553 4555
f 4553 4556 4555
f 4553 4554 4556
f 4504 4557 4554
f 4504 4507 4557
f 4507 4558 4557
f 4507 4508 4558
f 4554 4559 4556
f 4554 4557 4559
f 4557 4560 4559
f 4557 4558 4560
f 4540 4561 4550
f 4540 4555 4561
f 4555 4562 4561
f 4555 4556 4562
f 4550 4563 4552
f 4550 4561 4563
f 4561 4564 4563
f 4561 4562 4564
f 4556 4565 4562
f 4556 4559 4565
f 4559 4566 4565
f 4559 4560 4566
f 4562 4567 4564
f 4562 4565 4567
f 4565 4568 4567
f 4565 4566 4568
f 4512 4573 4523
f 4512 4569 4573
f 4523 4574 4524
f 4523 4573 4574
f 4569 4575 4573
f 4569 4570 4575
f 4573 4576 4574
f 4573 4575 4576
f 4524 4577 4527
f 4524 4574 4577
f 4527 4578 4528
f 4527 4577 4578
f 4574 4579 4577
f 4574 4576 4579
f 4577 4580 4578
f 4577 4579 4580
f 4570 4581 4575
f 4570 4571 4581
f 4575 4582 4576
f 4575 4581 4582
f 4571 4583 4581
f 4571 4572 4583
f 4581 4584 4582
f 4581 4583 4584
f 4576 4585 4579
f 4576 4582 4585
f 4579 4586 4580
f 4579 4585 4586
f 4582 4587 4585
f 4582 4584 4587
f 4585 4588 4586
f 4585 4587 4588
f 4546 4592 4591
f 4546 4547 4592
f 4542 4591 4589
f 4542 4546 4591
f 4547 4593 4592
f 4547 4548 4593
f 4591 4595 4594
f 4591 4592 4595
f 4589 4594 4590
f 4589 4591 4594
f 4592 4596 4595
f 4592 4593 4596
f 4548 4597 4593
f 4548 4551 4597
f 4551 4598 4597
f 4551 4552 4598
f 4593 4599 4596
f 4593 4597 4599
f 4597 4600 4599
f 4597 4598 4600
f 4594 4604 4603
f 4594 4595 4604
f 4590 4603 4601
f 4590 4594 4603
f 4595 4605 4604
f 4595 4596 4605
f 4603 4607 4606
f 4603 4604 4607
f 4601 4606 4602
f 4601 4603 4606
f 4604 4608 4607
f 4604 4605 4608
f 4596 4609 4605
f 4596 4599 4609
f 4599 4610 4609
f 4599 4600 4610
f 4605 4611 4608
f 4605 4609 4611
f 4609 4612 4611
f 4609 4610 4612
f 4552 4613 4598
f 4552 4563 4613
f 4563 4614 4613
f 4563 4564 4614
f 4598 4615 4600
f 4598 4613 4615
f 4613 4616 4615
f 4613 4614 4616
f 4564 4617 4614
f 4564 4567 4617
f 4567 4618 4617
f 4567 4568 4618
f 4614 4619 4616
f 4614 4617 4619
f 4617 4620 4619
f 4617 4618 4620
f 4600 4621 4610
f 4600 4615 4621
f 4615 4622 4621
f 4615 4616 4622
f 4610 4623 4612
f 4610 4621 4623
f 4621 4624 4623
f 4621 4622 4624
f 4616 4625 4622
f 4616 4619 4625
f 4619 4626 4625
f 4619 4620 4626
f 4622 4627 4624
f 4622 4625 4627
f 4625 4628 4627
f 4625 4626 4628
f 1663 4629 2034
f 1663 4398 4629
f 2034 4630 2035
f 2034 4629 4630
f 4398 4631 4629
f 4398 4400 4631
f 4629 4632 4630
f 4629 4631 4632
f 2035 4633 2038
f 2035 4630 4633
f 2038 4634 2039
f 2038 4633 4634
f 4630 4635 4633
f 4630 4632 4635
f 4633 4636 4634
f 4633 4635 4636
f 4400 4637 4631
f 4400 4406 4637
f 4631 4638 4632
f 4631 4637 4638
f 4406 4639 4637
f 4406 4408 4639
f 4637 4640 4638
f 4637 4639 4640
f 4632 4641 4635
f 4632 4638 4641
f 4635 4642 4636
f 4635 4641 4642
f 4638 4643 4641
f 4638 4640 4643
f 4641 4644 4642
f 4641 4643 4644
f 2039 4645 2050
f 2039 4634 4645
f 2050 4646 2051
f 2050 4645 4646
f 4634 4647 4645
f 4634 4636 4647
f 4645 4648 4646
f 4645 4647 4648
f 2051 4649 2054
f 2051 4646 4649
f 2054 4650 2055
f 2054 4649 4650
f 4646 4651 4649
f 4646 4648 4651
f 4649 4652 4650
f 4649 4651 4652
f 4636 4653 4647
f 4636 4642 4653
f 4647 4654 4648
f 4647 4653 4654
f 4642 4655 4653
f 4642 4644 4655
f 4653 4656 4654
f 4653 4655 4656
f 4648 4657 4651
f 4648 4654 4657
f 4651 4658 4652
f 4651 4657 4658
f 4654 4659 4657
f 4654 4656 4659
f 4657 4660 4658
f 4657 4659 4660
f 1703 4661 4438
f 1703 2066 4661
f 2066 4662 4661
f 2066 2067 4662
f 4438 4663 4440
f 4438 4661 4663
f 4661 4664 4663
f 4661 4662 4664
f 2067 4665 4662
f 2067 2070 4665
f 2070 4666 4665
f 2070 2071 4666
f 4662 4667 4664
f 4662 4665 4667
f 4665 4668 4667
f 4665 4666 4668
f 4440 4669 4446
f 4440 4663 4669
f 4663 4670 4669
f 4663 4664 4670
f 4446 4671 4448
f 4446 4669 4671
f 4669 4672 4671
f 4669 4670 4672
f 4664 4673 4670
f 4664 4667 4673
f 4667 4674 4673
f 4667 4668 4674
f 4670 4675 4672
f 4670 4673 4675
f 4673 4676 4675
f 4673 4674 4676
f 2071 4677 4666
f 2071 2082 4677
f 2082 4678 4677
f 2082 2083 4678
f 4666 4679 4668
f 4666 4677 4679
f 4677 4680 4679
f 4677 4678 4680
f 2083 4681 4678
f 2083 2086 4681
f 2086 4682 4681
f 2086 2087 4682
f 4678 4683 4680
f 4678 4681 4683
f 4681 4684 4683
f 4681 4682 4684
f 4668 4685 4674
f 4668 4679 4685
f 4679 4686 4685
f 4679 4680 4686
f 4674 4687 4676
f 4674 4685 4687
f 4685 4688 4687
f 4685 4686 4688
f 4680 4689 4686
f 4680 4683 4689
f 4683 4690 4689
f 4683 4684 4690
f 4686 4691 4688
f 4686 4689 4691
f 4689 4692 4691
f 4689 4690 4692
f 4408 4693 4639
f 4408 4458 4693
f 4639 4694 4640
f 4639 4693 4694
f 4458 4695 4693
f 4458 4460 4695
f 4693 4696 4694
f 4693 4695 4696
f 4640 4697 4643
f 4640 4694 4697
f 4643 4698 4644
f 4643 4697 4698
f 4694 4699 4697
f 4694 4696 4699
f 4697 4700 4698
f 4697 4699 4700
f 4460 4701 4695
f 4460 4466 4701
f 4695 4702 4696
f 4695 4701 4702
f 4466 4703 4701
f 4466 4468 4703
f 4701 4704 4702
f 4701 4703 4704
f 4696 4705 4699
f 4696 4702 4705
f 4699 4706 4700
f 4699 4705 4706
f 4702 4707 4705
f 4702 4704 4707
f 4705 4708 4706
f 4705 4707 4708
f 4644 4709 4655
f 4644 4698 4709
f 4655 4710 4656
f 4655 4709 4710
f 4698 4711 4709
f 4698 4700 4711
f 4709 4712 4710
f 4709 4711 4712
f 4656 4713 4659
f 4656 4710 4713
f 4659 4714 4660
f 4659 4713 4714
f 4710 4715 4713
f 4710 4712 4715
f 4713 4716 4714
f 4713 4715 4716
f 4700 4717 4711
f 4700 4706 4717
f 4711 4718 4712
f 4711 4717 4718
f 4706 4719 4717
f 4706 4708 4719
f 4717 4720 4718
f 4717 4719 4720
f 4712 4721 4715
f 4712 4718 4721
f 4715 4722 4716
f 4715 4721 4722
f 4718 4723 4721
f 4718 4720 4723
f 4721 4724 4722
f 4721 4723 4724
f 4448 4725 4498
f 4448 4671 4725
f 4671 4726 4725
f 4671 4672 4726
f 4498 4727 4500
f 4498 4725 4727
f 4725 4728 4727
f 4725 4726 4728
f 4672 4729 4726
f 4672 4675 4729
f 4675 4730 4729
f 4675 4676 4730
f 4726 4731 4728
f 4726 4729 4731
f 4729 4732 4731
f 4729 4730 4732
f 4500 4733 4506
f 4500 4727 4733
f 4727 4734 4733
f 4727 4728 4734
f 4506 4735 4508
f 4506 4733 4735
f 4733 4736 4735
f 4733 4734 4736
f 4728 4737 4734
f 4728 4731 4737
f 4731 4738 4737
f 4731 4732 4738
f 4734 4739 4736
f 4734 4737 4739
f 4737 4740 4739
f 4737 4738 4740
f 4676 4741 4730
f 4676 4687 4741
f 4687 4742 4741
f 4687 4688 4742
f 4730 4743 4732
f 4730 4741 4743
f 4741 4744 4743
f 4741 4742 4744
f 4688 4745 4742
f 4688 4691 4745
f 4691 4746 4745
f 4691 4692 4746
f 4742 4747 4744
f 4742 4745 4747
f 4745 4748 4747
f 4745 4746 4748
f 4732 4749 4738
f 4732 4743 4749
f 4743 4750 4749
f 4743 4744 4750
f 4738 4751 4740
f 4738 4749 4751
f 4749 4752 4751
f 4749 4750 4752
f 4744 4753 4750
f 4744 4747 4753
f 4747 4754 4753
f 4747 4748 4754
f 4750 4755 4752
f 4750 4753 4755
f 4753 4756 4755
f 4753 4754 4756
f 2055 4757 2162
f 2055 4650 4757
f 2162 4758 2163
f 2162 4757 4758
f 4650 4759 4757
f 4650 4652 4759
f 4757 4760 4758
f 4757 4759 4760
f 2163 4761 2166
f 2163 4758 4761
f 2166 4762 2167
f 2166 4761 4762
f 4758 4763 4761
f 4758 4760 4763
f 4761 4764 4762
f 4761 4763 4764
f 4652 4765 4759
f 4652 4658 4765
f 4759 4766 4760
f 4759 4765 4766
f 4658 4767 4765
f 4658 4660 4767
f 4765 4768 4766
f 4765 4767 4768
f 4760 4769 4763
f 4760 4766 4769
f 4763 4770 4764
f 4763 4769 4770
f 4766 4771 4769
f 4766 4768 4771
f 4769 4772 4770
f 4769 4771 4772
f 2167 4773 2178
f 2167 4762 4773
f 2178 4774 2179
f 2178 4773 4774
f 4762 4775 4773
f 4762 4764 4775
f 4773 4776 4774
f 4773 4775 4776
f 2179 4777 2182
f 2179 4774 4777
f 2182 4778 2183
f 2182 4777 4778
f 4774 4779 4777
f 4774 4776 4779
f 4777 4780 4778
f 4777 4779 4780
f 4764 4781 4775
f 4764 4770 4781
f 4775 4782 4776
f 4775 4781 4782
f 4770 4783 4781
f 4770 4772 4783
f 4781 4784 4782
f 4781 4783 4784
f 4776 4785 4779
f 4776 4782 4785
f 4779 4786 4780
f 4779 4785 4786
f 4782 4787 4785
f 4782 4784 4787
f 4785 4788 4786
f 4785 4787 4788
f 2087 4789 4682
f 2087 2194 4789
f 2194 4790 4789
f 2194 2195 4790
f 4682 4791 4684
f 4682 4789 4791
f 4789 4792 4791
f 4789 4790 4792
f 2195 4793 4790
f 2195 2198 4793
f 2198 4794 4793
f 2198 2199 4794
f 4790 4795 4792
f 4790 4793 4795
f 4793 4796 4795
f 4793 4794 4796
f 4684 4797 4690
f 4684 4791 4797
f 4791 4798 4797
f 4791 4792 4798
f 4690 4799 4692
f 4690 4797 4799
f 4797 4800 4799
f 4797 4798 4800
f 4792 4801 4798
f 4792 4795 4801
f 4795 4802 4801
f 4795 4796 4802
f 4798 4803 4800
f 4798 4801 4803
f 4801 4804 4803
f 4801 4802 4804
f 2199 4805 4794
f 2199 2210 4805
f 2210 4806 4805
f 2210 2211 4806
f 4794 4807 4796
f 4794 4805 4807
f 4805 4808 4807
f 4805 4806 4808
f 2211 4809 4806
f 2211 2214 4809
f 2214 4810 4809
f 2214 2215 4810
f 4806 4811 4808
f 4806 4809 4811
f 4809 4812 4811
f 4809 4810 4812
f 4796 4813 4802
f 4796 4807 4813
f 4807 4814 4813
f 4807 4808 4814
f 4802 4815 4804
f 4802 4813 4815
f 4813 4816 4815
f 4813 4814 4816
f 4808 4817 4814
f 4808 4811 4817
f 4811 4818 4817
f 4811 4812 4818
f 4814 4819 4816
f 4814 4817 4819
f 4817 4820 4819
f 4817 4818 4820
f 4660 4821 4767
f 4660 4714 4821
f 4767 4822 4768
f 4767 4821 4822
f 4714 4823 4821
f 4714 4716 4823
f 4821 4824 4822
f 4821 4823 4824
f 4768 4825 4771
f 4768 4822 4825
f 4771 4826 4772
f 4771 4825 4826
f 4822 4827 4825
f 4822 4824 4827
f 4825 4828 4826
f 4825 4827 4828
f 4716 4829 4823
f 4716 4722 4829
f 4823 4830 4824
f 4823 4829 4830
f 4722 4831 4829
f 4722 4724 4831
f 4829 4832 4830
f 4829 4831 4832
f 4824 4833 4827
f 4824 4830 4833
f 4827 4834 4828
f 4827 4833 4834
f 4830 4835 4833
f 4830 4832 4835
f 4833 4836 4834
f 4833 4835 4836
f 4772 4837 4783
f 4772 4826 4837
f 4783 4838 4784
f 4783 4837 4838
f 4826 4839 4837
f 4826 4828 4839
f 4837 4840 4838
f 4837 4839 4840
f 4784 4841 4787
f 4784 4838 4841
f 4787 4842 4788
f 4787 4841 4842
f 4838 4843 4841
f 4838 4840 4843
f 4841 4844 4842
f 4841 4843 4844
f 4828 4845 4839
f 4828 4834 4845
f 4839 4846 4840
f 4839 4845 4846
f 4834 4847 4845
f 4834 4836 4847
f 4845 4848 4846
f 4845 4847 4848
f 4840 4849 4843
f 4840 4846 4849
f 4843 4850 4844
f 4843 4849 4850
f 4846 4851 4849
f 4846 4848 4851
f 4849 4852 4850
f 4849 4851 4852
f 4692 4853 4746
f 4692 4799 4853
f 4799 4854 4853
f 4799 4800 4854
f 4746 4855 4748
f 4746 4853 4855
f 4853 4856 4855
f 4853 4854 4856
f 4800 4857 4854
f 4800 4803 4857
f 4803 4858 4857
f 4803 4804 4858
f 4854 4859 4856
f 4854 4857 4859
f 4857 4860 4859
f 4857 4858 4860
f 4748 4861 4754
f 4748 4855 4861
f 4855 4862 4861
f 4855 4856 4862
f 4754 4863 4756
f 4754 4861 4863
f 4861 4864 4863
f 4861 4862 4864
f 4856 4865 4862
f 4856 4859 4865
f 4859 4866 4865
f 4859 4860 4866
f 4862 4867 4864
f 4862 4865 4867
f 4865 4868 4867
f 4865 4866 4868
f 4804 4869 4858
f 4804 4815 4869
f 4815 4870 4869
f 4815 4816 4870
f 4858 4871 4860
f 4858 4869 4871
f 4869 4872 4871
f 4869 4870 4872
f 4816 4873 4870
f 4816 4819 4873
f 4819 4874 4873
f 4819 4820 4874
f 4870 4875 4872
f 4870 4873 4875
f 4873 4876 4875
f 4873 4874 4876
f 4860 4877 4866
f 4860 4871 4877
f 4871 4878 4877
f 4871 4872 4878
f 4866 4879 4868
f 4866 4877 4879
f 4877 4880 4879
f 4877 4878 4880
f 4872 4881 4878
f 4872 4875 4881
f 4875 4882 4881
f 4875 4876 4882
f 4878 4883 4880
f 4878 4881 4883
f 4881 4884 4883
f 4881 4882 4884
f 4468 4885 4703
f 4468 4518 4885
f 4703 4886 4704
f 4703 4885 4886
f 4518 4887 4885
f 4518 4520 4887
f 4885 4888 4886
f 4885 4887 4888
f 4704 4889 4707
f 4704 4886 4889
f 4707 4890 4708
f 4707 4889 4890
f 4886 4891 4889
f 4886 4888 4891
f 4889 4892 4890
f 4889 4891 4892
f 4520 4893 4887
f 4520 4526 4893
f 4887 4894 4888
f 4887 4893 4894
f 4526 4895 4893
f 4526 4528 4895
f 4893 4896 4894
f 4893 4895 4896
f 4888 4897 4891
f 4888 4894 4897
f 4891 4898 4892
f 4891 4897 4898
f 4894 4899 4897
f 4894 4896 4899
f 4897 4900 4898
f 4897 4899 4900
f 4708 4901 4719
f 4708 4890 4901
f 4719 4902 4720
f 4719 4901 4902
f 4890 4903 4901
f 4890 4892 4903
f 4901 4904 4902
f 4901 4903 4904
f 4720 4905 4723
f 4720 4902 4905
f 4723 4906 4724
f 4723 4905 4906
f 4902 4907 4905
f 4902 4904 4907
f 4905 4908 4906
f 4905 4907 4908
f 4892 4909 4903
f 4892 4898 4909
f 4903 4910 4904
f 4903 4909 4910
f 4898 4911 4909
f 4898 4900 4911
f 4909 4912 4910
f 4909 4911 4912
f 4904 4913 4907
f 4904 4910 4913
f 4907 4914 4908
f 4907 4913 4914
f 4910 4915 4913
f 4910 4912 4915
f 4913 4916 4914
f 4913 4915 4916
f 4508 4917 4558
f 4508 4735 4917
f 4735 4918 4917
f 4735 4736 4918
f 4558 4919 4560
f 4558 4917 4919
f 4917 4920 4919
f 4917 4918 4920
f 4736 4921 4918
f 4736 4739 4921
f 4739 4922 4921
f 4739 4740 4922
f 4918 4923 4920
f 4918 4921 4923
f 4921 4924 4923
f 4921 4922 4924
f 4560 4925 4566
f 4560 4919 4925
f 4919 4926 4925
f 4919 4920 4926
f 4566 4927 4568
f 4566 4925 4927
f 4925 4928 4927
f 4925 4926 4928
f 4920 4929 4926
f 4920 4923 4929
f 4923 4930 4929
f 4923 4924 4930
f 4926 4931 4928
f 4926 4929 4931
f 4929 4932 4931
f 4929 4930 4932
f 4740 4933 4922
f 4740 4751 4933
f 4751 4934 4933
f 4751 4752 4934
f 4922 4935 4924
f 4922 4933 4935
f 4933 4936 4935
f 4933 4934 4936
f 4752 4937 4934
f 4752 4755 4937
f 4755 4938 4937
f 4755 4756 4938
f 4934 4939 4936
f 4934 4937 4939
f 4937 4940 4939
f 4937 4938 4940
f 4924 4941 4930
f 4924 4935 4941
f 4935 4942 4941
f 4935 4936 4942
f 4930 4943 4932
f 4930 4941 4943
f 4941 4944 4943
f 4941 4942 4944
f 4936 4945 4942
f 4936 4939 4945
f 4939 4946 4945
f 4939 4940 4946
f 4942 4947 4944
f 4942 4945 4947
f 4945 4948 4947
f 4945 4946 4948
f 4528 4949 4895
f 4528 4578 4949
f 4895 4950 4896
f 4895 4949 4950
f 4578 4951 4949
f 4578 4580 4951
f 4949 4952 4950
f 4949 4951 4952
f 4896 4953 4899
f 4896 4950 4953
f 4899 4954 4900
f 4899 4953 4954
f 4950 4955 4953
f 4950 4952 4955
f 4953 4956 4954
f 4953 4955 4956
f 4580 4957 4951
f 4580 4586 4957
f 4951 4958 4952
f 4951 4957 4958
f 4586 4959 4957
f 4586 4588 4959
f 4957 4960 4958
f 4957 4959 4960
f 4952 4961 4955
f 4952 4958 4961
f 4955 4962 4956
f 4955 4961 4962
f 4958 4963 4961
f 4958 4960 4963
f 4961 4964 4962
f 4961 4963 4964
f 4900 4965 4911
f 4900 4954 4965
f 4911 4966 4912
f 4911 4965 4966
f 4954 4967 4965
f 4954 4956 4967
f 4965 4968 4966
f 4965 4967 4968
f 4912 4969 4915
f 4912 4966 4969
f 4915 4970 4916
f 4915 4969 4970
f 4966 4971 4969
f 4966 4968 4971
f 4969 4972 4970
f 4969 4971 4972
f 4956 4973 4967
f 4956 4962 4973
f 4967 4974 4968
f 4967 4973 4974
f 4962 4975 4973
f 4962 4964 4975
f 4973 4976 4974
f 4973 4975 4976
f 4968 4977 4971
f 4968 4974 4977
f 4971 4978 4972
f 4971 4977 4978
f 4974 4979 4977
f 4974 4976 4979
f 4977 4980 4978
f 4977 4979 4980
f 4568 4981 4618
f 4568 4927 4981
f 4927 4982 4981
f 4927 4928 4982
f 4618 4983 4620
f 4618 4981 4983
f 4981 4984 4983
f 4981 4982 4984
f 4928 4985 4982
f 4928 4931 4985
f 4931 4986 4985
f 4931 4932 4986
f 4982 4987 4984
f 4982 4985 4987
f 4985 4988 4987
f 4985 4986 4988
f 4620 4989 4626
f 4620 4983 4989
f 4983 4990 4989
f 4983 4984 4990
f 4626 4991 4628
f 4626 4989 4991
f 4989 4992 4991
f 4989 4990 4992
f 4984 4993 4990
f 4984 4987 4993
f 4987 4994 4993
f 4987 4988 4994
f 4990 4995 4992
f 4990 4993 4995
f 4993 4996 4995
f 4993 4994 4996
f 4932 4997 4986
f 4932 4943 4997
f 4943 4998 4997
f 4943 4944 4998
f 4986 4999 4988
f 4986 4997 4999
f 4997 5000 4999
f 4997 4998 5000
f 4944 5001 4998
f 4944 4947 5001
f 4947 5002 5001
f 4947 4948 5002
f 4998 5003 5000
f 4998 5001 5003
f 5001 5004 5003
f 5001 5002 5004
f 4988 5005 4994
f 4988 4999 5005
f 4999 5006 5005
f 4999 5000 5006
f 4994 5007 4996
f 4994 5005 5007
f 5005 5008 5007
f 5005 5006 5008
f 5000 5009 5006
f 5000 5003 5009
f 5003 5010 5009
f 5003 5004 5010
f 5006 5011 5008
f 5006 5009 5011
f 5009 5012 5011
f 5009 5010 5012
f 4724 5013 4831
f 4724 4906 5013
f 4831 5014 4832
f 4831 5013 5014
f 4906 5015 5013
f 4906 4908 5015
f 5013 5016 5014
f 5013 5015 5016
f 4832 5017 4835
f 4832 5014 5017
f 4835 5018 4836
f 4835 5017 5018
f 5014 5019 5017
f 5014 5016 5019
f 5017 5020 5018
f 5017 5019 5020
f 4908 5021 5015
f 4908 4914 5021
f 5015 5022 5016
f 5015 5021 5022
f 4914 5023 5021
f 4914 4916 5023
f 5021 5024 5022
f 5021 5023 5024
f 5016 5025 5019
f 5016 5022 5025
f 5019 5026 5020
f 5019 5025 5026
f 5022 5027 5025
f 5022 5024 5027
f 5025 5028 5026
f 5025 5027 5028
f 4836 5029 4847
f 4836 5018 5029
f 4847 5030 4848
f 4847 5029 5030
f 5018 5031 5029
f 5018 5020 5031
f 5029 5032 5030
f 5029 5031 5032
f 4848 5033 4851
f 4848 5030 5033
f 4851 5034 4852
f 4851 5033 5034
f 5030 5035 5033
f 5030 5032 5035
f 5033 5036 5034
f 5033 5035 5036
f 5020 5037 5031
f 5020 5026 5037
f 5031 5038 5032
f 5031 5037 5038
f 5026 5039 5037
f 5026 5028 5039
f 5037 5040 5038
f 5037 5039 5040
f 5032 5041 5035
f 5032 5038 5041
f 5035 5042 5036
f 5035 5041 5042
f 5038 5043 5041
f 5038 5040 5043
f 5041 5044 5042
f 5041 5043 5044
f 4756 5045 4938
f 4756 4863 5045
f 4863 5046 5045
f 4863 4864 5046
f 4938 5047 4940
f 4938 5045 5047
f 5045 5048 5047
f 5045 5046 5048
f 4864 5049 5046
f 4864 4867 5049
f 4867 5050 5049
f 4867 4868 5050
f 5046 5051 5048
f 5046 5049 5051
f 5049 5052 5051
f 5049 5050 5052
f 4940 5053 4946
f 4940 5047 5053
f 5047 5054 5053
f 5047 5048 5054
f 4946 5055 4948
f 4946 5053 5055
f 5053 5056 5055
f 5053 5054 5056
f 5048 5057 5054
f 5048 5051 5057
f 5051 5058 5057
f 5051 5052 5058
f 5054 5059 5056
f 5054 5057 5059
f 5057 5060 5059
f 5057 5058 5060
f 4868 5061 5050
f 4868 4879 5061
f 4879 5062 5061
f 4879 4880 5062
f 5050 5063 5052
f 5050 5061 5063
f 5061 5064 5063
f 5061 5062 5064
f 4880 5065 5062
f 4880 4883 5065
f 4883 5066 5065
f 4883 4884 5066
f 5062 5067 5064
f 5062 5065 5067
f 5065 5068 5067
f 5065 5066 5068
f 5052 5069 5058
f 5052 5063 5069
f 5063 5070 5069
f 5063 5064 5070
f 5058 5071 5060
f 5058 5069 5071
f 5069 5072 5071
f 5069 5070 5072
f 5064 5073 5070
f 5064 5067 5073
f 5067 5074 5073
f 5067 5068 5074
f 5070 5075 5072
f 5070 5073 5075
f 5073 5076 5075
f 5073 5074 5076
f 4916 5077 5023
f 4916 4970 5077
f 5023 5078 5024
f 5023 5077 5078
f 4970 5079 5077
f 4970 4972 5079
f 5077 5080 5078
f 5077 5079 5080
f 5024 5081 5027
f 5024 5078 5081
f 5027 5082 5028
f 5027 5081 5082
f 5078 5083 5081
f 5078 5080 5083
f 5081 5084 5082
f 5081 5083 5084
f 4972 5085 5079
f 4972 4978 5085
f 5079 5086 5080
f 5079 5085 5086
f 4978 5087 5085
f 4978 4980 5087
f 5085 5088 5086
f 5085 5087 5088
f 5080 5089 5083
f 5080 5086 5089
f 5083 5090 5084
f 5083 5089 5090
f 5086 5091 5089
f 5086 5088 5091
f 5089 5092 5090
f 5089 5091 5092
f 5028 5093 5039
f 5028 5082 5093
f 5039 5094 5040
f 5039 5093 5094
f 5082 5095 5093
f 5082 5084 5095
f 5093 5096 5094
f 5093 5095 5096
f 5040 5097 5043
f 5040 5094 5097
f 5043 5098 5044
f 5043 5097 5098
f 5094 5099 5097
f 5094 5096 5099
f 5097 5100 5098
f 5097 5099 5100
f 5084 5101 5095
f 5084 5090 5101
f 5095 5102 5096
f 5095 5101 5102
f 5090 5103 5101
f 5090 5092 5103
f 5101 5104 5102
f 5101 5103 5104
f 5096 5105 5099
f 5096 5102 5105
f 5099 5106 5100
f 5099 5105 5106
f 5102 5107 5105
f 5102 5104 5107
f 5105 5108 5106
f 5105 5107 5108
f 4948 5109 5002
f 4948 5055 5109
f 5055 5110 5109
f 5055 5056 5110
f 5002 5111 5004
f 5002 5109 5111
f 5109 5112 5111
f 5109 5110 5112
f 5056 5113 5110
f 5056 5059 5113
f 5059 5114 5113
f 5059 5060 5114
f 5110 5115 5112
f 5110 5113 5115
f 5113 5116 5115
f 5113 5114 5116
f 5004 5117 5010
f 5004 5111 5117
f 5111 5118 5117
f 5111 5112 5118
f 5010 5119 5012
f 5010 5117 5119
f 5117 5120 5119
f 5117 5118 5120
f 5112 5121 5118
f 5112 5115 5121
f 5115 5122 5121
f 5115 5116 5122
f 5118 5123 5120
f 5118 5121 5123
f 5121 5124 5123
f 5121 5122 5124
f 5060 5125 5114
f 5060 5071 5125
f 5071 5126 5125
f 5071 5072 5126
f 5114 5127 5116
f 5114 5125 5127
f 5125 5128 5127
f 5125 5126 5128
f 5072 5129 5126
f 5072 5075 5129
f 5075 5130 5129
f 5075 5076 5130
f 5126 5131 5128
f 5126 5129 5131
f 5129 5132 5131
f 5129 5130 5132
f 5116 5133 5122
f 5116 5127 5133
f 5127 5134 5133
f 5127 5128 5134
f 5122 5135 5124
f 5122 5133 5135
f 5133 5136 5135
f 5133 5134 5136
f 5128 5137 5134
f 5128 5131 5137
f 5131 5138 5137
f 5131 5132 5138
f 5134 5139 5136
f 5134 5137 5139
f 5137 5140 5139
f 5137 5138 5140
f 4572 5145 4583
f 4572 5141 5145
f 4583 5146 4584
f 4583 5145 5146
f 5141 5147 5145
f 5141 5142 5147
f 5145 5148 5146
f 5145 5147 5148
f 4584 5149 4587
f 4584 5146 5149
f 4587 5150 4588
f 4587 5149 5150
f 5146 5151 5149
f 5146 5148 5151
f 5149 5152 5150
f 5149 5151 5152
f 5142 5153 5147
f 5142 5143 5153
f 5147 5154 5148
f 5147 5153 5154
f 5143 5155 5153
f 5143 5144 5155
f 5153 5156 5154
f 5153 5155 5156
f 5148 5157 5151
f 5148 5154 5157
f 5151 5158 5152
f 5151 5157 5158
f 5154 5159 5157
f 5154 5156 5159
f 5157 5160 5158
f 5157 5159 5160
f 4606 5164 5163
f 4606 4607 5164
f 4602 5163 5161
f 4602 4606 5163
f 4607 5165 5164
f 4607 4608 5165
f 5163 5167 5166
f 5163 5164 5167
f 5161 5166 5162
f 5161 5163 5166
f 5164 5168 5167
f 5164 5165 5168
f 4608 5169 5165
f 4608 4611 5169
f 4611 5170 5169
f 4611 4612 5170
f 5165 5171 5168
f 5165 5169 5171
f 5169 5172 5171
f 5169 5170 5172
f 5166 5176 5175
f 5166 5167 5176
f 5162 5175 5173
f 5162 5166 5175
f 5167 5177 5176
f 5167 5168 5177
f 5175 5179 5178
f 5175 5176 5179
f 5173 5178 5174
f 5173 5175 5178
f 5176 5180 5179
f 5176 5177 5180
f 5168 5181 5177
f 5168 5171 5181
f 5171 5182 5181
f 5171 5172 5182
f 5177 5183 5180
f 5177 5181 5183
f 5181 5184 5183
f 5181 5182 5184
f 4612 5185 5170
f 4612 4623 5185
f 4623 5186 5185
f 4623 4624 5186
f 5170 5187 5172
f 5170 5185 5187
f 5185 5188 5187
f 5185 5186 5188
f 4624 5189 5186
f 4624 4627 5189
f 4627 5190 5189
f 4627 4628 5190
f 5186 5191 5188
f 5186 5189 5191
f 5189 5192 5191
f 5189 5190 5192
f 5172 5193 5182
f 5172 5187 5193
f 5187 5194 5193
f 5187 5188 5194
f 5182 5195 5184
f 5182 5193 5195
f 5193 5196 5195
f 5193 5194 5196
f 5188 5197 5194
f 5188 5191 5197
f 5191 5198 5197
f 5191 5192 5198
f 5194 5199 5196
f 5194 5197 5199
f 5197 5200 5199
f 5197 5198 5200
f 5144 5205 5155
f 5144 5201 5205
f 5155 5206 5156
f 5155 5205 5206
f 5201 5207 5205
f 5201 5202 5207
f 5205 5208 5206
f 5205 5207 5208
f 5156 5209 5159
f 5156 5206 5209
f 5159 5210 5160
f 5159 5209 5210
f 5206 5211 5209
f 5206 5208 5211
f 5209 5212 5210
f 5209 5211 5212
f 5202 5213 5207
f 5202 5203 5213
f 5207 5214 5208
f 5207 5213 5214
f 5203 5215 5213
f 5203 5204 5215
f 5213 5216 5214
f 5213 5215 5216
f 5208 5217 5211
f 5208 5214 5217
f 5211 5218 5212
f 5211 5217 5218
f 5214 5219 5217
f 5214 5216 5219
f 5217 5220 5218
f 5217 5219 5220
f 5178 5224 5223
f 5178 5179 5224
f 5174 5223 5221
f 5174 5178 5223
f 5179 5225 5224
f 5179 5180 5225
f 5223 5227 5226
f 5223 5224 5227
f 5221 5226 5222
f 5221 5223 5226
f 5224 5228 5227
f 5224 5225 5228
f 5180 5229 5225
f 5180 5183 5229
f 5183 5230 5229
f 5183 5184 5230
f 5225 5231 5228
f 5225 5229 5231
f 5229 5232 5231
f 5229 5230 5232
f 5226 5236 5235
f 5226 5227 5236
f 5222 5235 5233
f 5222 5226 5235
f 5227 5237 5236
f 5227 5228 5237
f 5235 5239 5238
f 5235 5236 5239
f 5233 5238 5234
f 5233 5235 5238
f 5236 5240 5239
f 5236 5237 5240
f 5228 5241 5237
f 5228 5231 5241
f 5231 5242 5241
f 5231 5232 5242
f 5237 5243 5240
f 5237 5241 5243
f 5241 5244 5243
f 5241 5242 5244
f 5184 5245 5230
f 5184 5195 5245
f 5195 5246 5245
f 5195 5196 5246
f 5230 5247 5232
f 5230 5245 5247
f 5245 5248 5247
f 5245 5246 5248
f 5196 5249 5246
f 5196 5199 5249
f 5199 5250 5249
f 5199 5200 5250
f 5246 5251 5248
f 5246 5249 5251
f 5249 5252 5251
f 5249 5250 5252
f 5232 5253 5242
f 5232 5247 5253
f 5247 5254 5253
f 5247 5248 5254
f 5242 5255 5244
f 5242 5253 5255
f 5253 5256 5255
f 5253 5254 5256
f 5248 5257 5254
f 5248 5251 5257
f 5251 5258 5257
f 5251 5252 5258
f 5254 5259 5256
f 5254 5257 5259
f 5257 5260 5259
f 5257 5258 5260
f 5204 5265 5215
f 5204 5261 5265
f 5215 5266 5216
f 5215 5265 5266
f 5261 5267 5265
f 5261 5262 5267
f 5265 5268 5266
f 5265 5267 5268
f 5216 5269 5219
f 5216 5266 5269
f 5219 5270 5220
f 5219 5269 5270
f 5266 5271 5269
f 5266 5268 5271
f 5269 5272 5270
f 5269 5271 5272
f 5262 5273 5267
f 5262 5263 5273
f 5267 5274 5268
f 5267 5273 5274
f 5263 5275 5273
f 5263 5264 5275
f 5273 5276 5274
f 5273 5275 5276
f 5268 5277 5271
f 5268 5274 5277
f 5271 5278 5272
f 5271 5277 5278
f 5274 5279 5277
f 5274 5276 5279
f 5277 5280 5278
f 5277 5279 5280
f 5238 5284 5283
f 5238 5239 5284
f 5234 5283 5281
f 5234 5238 5283
f 5239 5285 5284
f 5239 5240 5285
f 5283 5287 5286
f 5283 5284 5287
f 5281 5286 5282
f 5281 5283 5286
f 5284 5288 5287
f 5284 5285 5288
f 5240 5289 5285
f 5240 5243 5289
f 5243 5290 5289
f 5243 5244 5290
f 5285 5291 5288
f 5285 5289 5291
f 5289 5292 5291
f 5289 5290 5292
f 5286 5296 5295
f 5286 5287 5296
f 5282 5295 5293
f 5282 5286 5295
f 5287 5297 5296
f 5287 5288 5297
f 5295 5299 5298
f 5295 5296 5299
f 5293 5298 5294
f 5293 5295 5298
f 5296 5300 5299
f 5296 5297 5300
f 5288 5301 5297
f 5288 5291 5301
f 5291 5302 5301
f 5291 5292 5302
f 5297 5303 5300
f 5297 5301 5303
f 5301 5304 5303
f 5301 5302 5304
f 5244 5305 5290
f 5244 5255 5305
f 5255 5306 5305
f 5255 5256 5306
f 5290 5307 5292
f 5290 5305 5307
f 5305 5308 5307
f 5305 5306 5308
f 5256 5309 5306
f 5256 5259 5309
f 5259 5310 5309
f 5259 5260 5310
f 5306 5311 5308
f 5306 5309 5311
f 5309 5312 5311
f 5309 5310 5312
f 5292 5313 5302
f 5292 5307 5313
f 5307 5314 5313
f 5307 5308 5314
f 5302 5315 5304
f 5302 5313 5315
f 5313 5316 5315
f 5313 5314 5316
f 5308 5317 5314
f 5308 5311 5317
f 5311 5318 5317
f 5311 5312 5318
f 5314 5319 5316
f 5314 5317 5319
f 5317 5320 5319
f 5317 5318 5320
f 5264 5325 5275
f 5264 5321 5325
f 5275 5326 5276
f 5275 5325 5326
f 5321 5327 5325
f 5321 5322 5327
f 5325 5328 5326
f 5325 5327 5328
f 5276 5329 5279
f 5276 5326 5329
f 5279 5330 5280
f 5279 5329 5330
f 5326 5331 5329
f 5326 5328 5331
f 5329 5332 5330
f 5329 5331 5332
f 5322 5333 5327
f 5322 5323 5333
f 5327 5334 5328
f 5327 5333 5334
f 5323 5335 5333
f 5323 5324 5335
f 5333 5336 5334
f 5333 5335 5336
f 5328 5337 5331
f 5328 5334 5337
f 5331 5338 5332
f 5331 5337 5338
f 5334 5339 5337
f 5334 5336 5339
f 5337 5340 5338
f 5337 5339 5340
f 5298 5344 5343
f 5298 5299 5344
f 5294 5343 5341
f 5294 5298 5343
f 5299 5345 5344
f 5299 5300 5345
f 5343 5347 5346
f 5343 5344 5347
f 5341 5346 5342
f 5341 5343 5346
f 5344 5348 5347
f 5344 5345 5348
f 5300 5349 5345
f 5300 5303 5349
f 5303 5350 5349
f 5303 5304 5350
f 5345 5351 5348
f 5345 5349 5351
f 5349 5352 5351
f 5349 5350 5352
f 5346 5356 5355
f 5346 5347 5356
f 5342 5355 5353
f 5342 5346 5355
f 5347 5357 5356
f 5347 5348 5357
f 5355 5359 5358
f 5355 5356 5359
f 5353 5358 5354
f 5353 5355 5358
f 5356 5360 5359
f 5356 5357 5360
f 5348 5361 5357
f 5348 5351 5361
f 5351 5362 5361
f 5351 5352 5362
f 5357 5363 5360
f 5357 5361 5363
f 5361 5364 5363
f 5361 5362 5364
f 5304 5365 5350
f 5304 5315 5365
f 5315 5366 5365
f 5315 5316 5366
f 5350 5367 5352
f 5350 5365 5367
f 5365 5368 5367
f 5365 5366 5368
f 5316 5369 5366
f 5316 5319 5369
f 5319 5370 5369
f 5319 5320 5370
f 5366 5371 5368
f 5366 5369 5371
f 5369 5372 5371
f 5369 5370 5372
f 5352 5373 5362
f 5352 5367 5373
f 5367 5374 5373
f 5367 5368 5374
f 5362 5375 5364
f 5362 5373 5375
f 5373 5376 5375
f 5373 5374 5376
f 5368 5377 5374
f 5368 5371 5377
f 5371 5378 5377
f 5371 5372 5378
f 5374 5379 5376
f 5374 5377 5379
f 5377 5380 5379
f 5377 5378 5380
f 4588 5381 4959
f 4588 5150 5381
f 4959 5382 4960
f 4959 5381 5382
f 5150 5383 5381
f 5150 5152 5383
f 5381 5384 5382
f 5381 5383 5384
f 4960 5385 4963
f 4960 5382 5385
f 4963 5386 4964
f 4963 5385 5386
f 5382 5387 5385
f 5382 5384 5387
f 5385 5388 5386
f 5385 5387 5388
f 5152 5389 5383
f 5152 5158 5389
f 5383 5390 5384
f 5383 5389 5390
f 5158 5391 5389
f 5158 5160 5391
f 5389 5392 5390
f 5389 5391 5392
f 5384 5393 5387
f 5384 5390 5393
f 5387 5394 5388
f 5387 5393 5394
f 5390 5395 5393
f 5390 5392 5395
f 5393 5396 5394
f 5393 5395 5396
f 4964 5397 4975
f 4964 5386 5397
f 4975 5398 4976
f 4975 5397 5398
f 5386 5399 5397
f 5386 5388 5399
f 5397 5400 5398
f 5397 5399 5400
f 4976 5401 4979
f 4976 5398 5401
f 4979 5402 4980
f 4979 5401 5402
f 5398 5403 5401
f 5398 5400 5403
f 5401 5404 5402
f 5401 5403 5404
f 5388 5405 5399
f 5388 5394 5405
f 5399 5406 5400
f 5399 5405 5406
f 5394 5407 5405
f 5394 5396 5407
f 5405 5408 5406
f 5405 5407 5408
f 5400 5409 5403
f 5400 5406 5409
f 5403 5410 5404
f 5403 5409 5410
f 5406 5411 5409
f 5406 5408 5411
f 5409 5412 5410
f 5409 5411 5412
f 4628 5413 5190
f 4628 4991 5413
f 4991 5414 5413
f 4991 4992 5414
f 5190 5415 5192
f 5190 5413 5415
f 5413 5416 5415
f 5413 5414 5416
f 4992 5417 5414
f 4992 4995 5417
f 4995 5418 5417
f 4995 4996 5418
f 5414 5419 5416
f 5414 5417 5419
f 5417 5420 5419
f 5417 5418 5420
f 5192 5421 5198
f 5192 5415 5421
f 5415 5422 5421
f 5415 5416 5422
f 5198 5423 5200
f 5198 5421 5423
f 5421 5424 5423
f 5421 5422 5424
f 5416 5425 5422
f 5416 5419 5425
f 5419 5426 5425
f 5419 5420 5426
f 5422 5427 5424
f 5422 5425 5427
f 5425 5428 5427
f 5425 5426 5428
f 4996 5429 5418
f 4996 5007 5429
f 5007 5430 5429
f 5007 5008 5430
f 5418 5431 5420
f 5418 5429 5431
f 5429 5432 5431
f 5429 5430 5432
f 5008 5433 5430
f 5008 5011 5433
f 5011 5434 5433
f 5011 5012 5434
f 5430 5435 5432
f 5430 5433 5435
f 5433 5436 5435
f 5433 5434 5436
f 5420 5437 5426
f 5420 5431 5437
f 5431 5438 5437
f 5431 5432 5438
f 5426 5439 5428
f 5426 5437 5439
f 5437 5440 5439
f 5437 5438 5440
f 5432 5441 5438
f 5432 5435 5441
f 5435 5442 5441
f 5435 5436 5442
f 5438 5443 5440
f 5438 5441 5443
f 5441 5444 5443
f 5441 5442 5444
f 5160 5445 5391
f 5160 5210 5445
f 5391 5446 5392
f 5391 5445 5446
f 5210 5447 5445
f 5210 5212 5447
f 5445 5448 5446
f 5445 5447 5448
f 5392 5449 5395
f 5392 5446 5449
f 5395 5450 5396
f 5395 5449 5450
f 5446 5451 5449
f 5446 5448 5451
f 5449 5452 5450
f 5449 5451 5452
f 5212 5453 5447
f 5212 5218 5453
f 5447 5454 5448
f 5447 5453 5454
f 5218 5455 5453
f 5218 5220 5455
f 5453 5456 5454
f 5453 5455 5456
f 5448 5457 5451
f 5448 5454 5457
f 5451 5458 5452
f 5451 5457 5458
f 5454 5459 5457
f 5454 5456 5459
f 5457 5460 5458
f 5457 5459 5460
f 5396 5461 5407
f 5396 5450 5461
f 5407 5462 5408
f 5407 5461 5462
f 5450 5463 5461
f 5450 5452 5463
f 5461 5464 5462
f 5461 5463 5464
f 5408 5465 5411
f 5408 5462 5465
f 5411 5466 5412
f 5411 5465 5466
f 5462 5467 5465
f 5462 5464 5467
f 5465 5468 5466
f 5465 5467 5468
f 5452 5469 5463
f 5452 5458 5469
f 5463 5470 5464
f 5463 5469 5470
f 5458 5471 5469
f 5458 5460 5471
f 5469 5472 5470
f 5469 5471 5472
f 5464 5473 5467
f 5464 5470 5473
f 5467 5474 5468
f 5467 5473 5474
f 5470 5475 5473
f 5470 5472 5475
f 5473 5476 5474
f 5473 5475 5476
f 5200 5477 5250
f 5200 5423 5477
f 5423 5478 5477
f 5423 5424 5478
f 5250 5479 5252
f 5250 5477 5479
f 5477 5480 5479
f 5477 5478 5480
f 5424 5481 5478
f 5424 5427 5481
f 5427 5482 5481
f 5427 5428 5482
f 5478 5483 5480
f 5478 5481 5483
f 5481 5484 5483
f 5481 5482 5484
f 5252 5485 5258
f 5252 5479 5485
f 5479 5486 5485
f 5479 5480 5486
f 5258 5487 5260
f 5258 5485 5487
f 5485 5488 5487
f 5485 5486 5488
f 5480 5489 5486
f 5480 5483 5489
f 5483 5490 5489
f 5483 5484 5490
f 5486 5491 5488
f 5486 5489 5491
f 5489 5492 5491
f 5489 5490 5492
f 5428 5493 5482
f 5428 5439 5493
f 5439 5494 5493
f 5439 5440 5494
f 5482 5495 5484
f 5482 5493 5495
f 5493 5496 5495
f 5493 5494 5496
f 5440 5497 5494
f 5440 5443 5497
f 5443 5498 5497
f 5443 5444 5498
f 5494 5499 5496
f 5494 5497 5499
f 5497 5500 5499
f 5497 5498 5500
f 5484 5501 5490
f 5484 5495 5501
f 5495 5502 5501
f 5495 5496 5502
f 5490 5503 5492
f 5490 5501 5503
f 5501 5504 5503
f 5501 5502 5504
f 5496 5505 5502
f 5496 5499 5505
f 5499 5506 5505
f 5499 5500 5506
f 5502 5507 5504
f 5502 5505 5507
f 5505 5508 5507
f 5505 5506 5508
f 4980 5509 5087
f 4980 5402 5509
f 5087 5510 5088
f 5087 5509 5510
f 5402 5511 5509
f 5402 5404 5511
f 5509 5512 5510
f 5509 5511 5512
f 5088 5513 5091
f 5088 5510 5513
f 5091 5514 5092
f 5091 5513 5514
f 5510 5515 5513
f 5510 5512 5515
f 5513 5516 5514
f 5513 5515 5516
f 5404 5517 5511
f 5404 5410 5517
f 5511 5518 5512
f 5511 5517 5518
f 5410 5519 5517
f 5410 5412 5519
f 5517 5520 5518
f 5517 5519 5520
f 5512 5521 5515
f 5512 5518 5521
f 5515 5522 5516
f 5515 5521 5522
f 5518 5523 5521
f 5518 5520 5523
f 5521 5524 5522
f 5521 5523 5524
f 5092 5525 5103
f 5092 5514 5525
f 5103 5526 5104
f 5103 5525 5526
f 5514 5527 5525
f 5514 5516 5527
f 5525 5528 5526
f 5525 5527 5528
f 5104 5529 5107
f 5104 5526 5529
f 5107 5530 5108
f 5107 5529 5530
f 5526 5531 5529
f 5526 5528 5531
f 5529 5532 5530
f 5529 5531 5532
f 5516 5533 5527
f 5516 5522 5533
f 5527 5534 5528
f 5527 5533 5534
f 5522 5535 5533
f 5522 5524 5535
f 5533 5536 5534
f 5533 5535 5536
f 5528 5537 5531
f 5528 5534 5537
f 5531 5538 5532
f 5531 5537 5538
f 5534 5539 5537
f 5534 5536 5539
f 5537 5540 5538
f 5537 5539 5540
f 5012 5541 5434
f 5012 5119 5541
f 5119 5542 5541
f 5119 5120 5542
f 5434 5543 5436
f 5434 5541 5543
f 5541 5544 5543
f 5541 5542 5544
f 5120 5545 5542
f 5120 5123 5545
f 5123 5546 5545
f 5123 5124 5546
f 5542 5547 5544
f 5542 5545 5547
f 5545 5548 5547
f 5545 5546 5548
f 5436 5549 5442
f 5436 5543 5549
f 5543 5550 5549
f 5543 5544 5550
f 5442 5551 5444
f 5442 5549 5551
f 5549 5552 5551
f 5549 5550 5552
f 5544 5553 5550
f 5544 5547 5553
f 5547 5554 5553
f 5547 5548 5554
f 5550 5555 5552
f 5550 5553 5555
f 5553 5556 5555
f 5553 5554 5556
f 5124 5557 5546
f 5124 5135 5557
f 5135 5558 5557
f 5135 5136 5558
f 5546 5559 5548
f 5546 5557 5559
f 5557 5560 5559
f 5557 5558 5560
f 5136 5561 5558
f 5136 5139 5561
f 5139 5562 5561
f 5139 5140 5562
f 5558 5563 5560
f 5558 5561 5563
f 5561 5564 5563
f 5561 5562 5564
f 5548 5565 5554
f 5548 5559 5565
f 5559 5566 5565
f 5559 5560 5566
f 5554 5567 5556
f 5554 5565 5567
f 5565 5568 5567
f 5565 5566 5568
f 5560 5569 5566
f 5560 5563 5569
f 5563 5570 5569
f 5563 5564 5570
f 5566 5571 5568
f 5566 5569 5571
f 5569 5572 5571
f 5569 5570 5572
f 5412 5573 5519
f 5412 5466 5573
f 5519 5574 5520
f 5519 5573 5574
f 5466 5575 5573
f 5466 5468 5575
f 5573 5576 5574
f 5573 5575 5576
f 5520 5577 5523
f 5520 5574 5577
f 5523 5578 5524
f 5523 5577 5578
f 5574 5579 5577
f 5574 5576 5579
f 5577 5580 5578
f 5577 5579 5580
f 5468 5581 5575
f 5468 5474 5581
f 5575 5582 5576
f 5575 5581 5582
f 5474 5583 5581
f 5474 5476 5583
f 5581 5584 5582
f 5581 5583 5584
f 5576 5585 5579
f 5576 5582 5585
f 5579 5586 5580
f 5579 5585 5586
f 5582 5587 5585
f 5582 5584 5587
f 5585 5588 5586
f 5585 5587 5588
f 5524 5589 5535
f 5524 5578 5589
f 5535 5590 5536
f 5535 5589 5590
f 5578 5591 5589
f 5578 5580 5591
f 5589 5592 5590
f 5589 5591 5592
f 5536 5593 5539
f 5536 5590 5593
f 5539 5594 5540
f 5539 5593 5594
f 5590 5595 5593
f 5590 5592 5595
f 5593 5596 5594
f 5593 5595 5596
f 5580 5597 5591
f 5580 5586 5597
f 5591 5598 5592
f 5591 5597 5598
f 5586 5599 5597
f 5586 5588 5599
f 5597 5600 5598
f 5597 5599 5600
f 5592 5601 5595
f 5592 5598 5601
f 5595 5602 5596
f 5595 5601 5602
f 5598 5603 5601
f 5598 5600 5603
f 5601 5604 5602
f 5601 5603 5604
f 5444 5605 5498
f 5444 5551 5605
f 5551 5606 5605
f 5551 5552 5606
f 5498 5607 5500
f 5498 5605 5607
f 5605 5608 5607
f 5605 5606 5608
f 5552 5609 5606
f 5552 5555 5609
f 5555 5610 5609
f 5555 5556 5610
f 5606 5611 5608
f 5606 5609 5611
f 5609 5612 5611
f 5609 5610 5612
f 5500 5613 5506
f 5500 5607 5613
f 5607 5614 5613
f 5607 5608 5614
f 5506 5615 5508
f 5506 5613 5615
f 5613 5616 5615
f 5613 5614 5616
f 5608 5617 5614
f 5608 5611 5617
f 5611 5618 5617
f 5611 5612 5618
f 5614 5619 5616
f 5614 5617 5619
f 5617 5620 5619
f 5617 5618 5620
f 5556 5621 5610
f 5556 5567 5621
f 5567 5622 5621
f 5567 5568 5622
f 5610 5623 5612
f 5610 5621 5623
f 5621 5624 5623
f 5621 5622 5624
f 5568 5625 5622
f 5568 5571 5625
f 5571 5626 5625
f 5571 5572 5626
f 5622 5627 5624
f 5622 5625 5627
f 5625 5628 5627
f 5625 5626 5628
f 5612 5629 5618
f 5612 5623 5629
f 5623 5630 5629
f 5623 5624 5630
f 5618 5631 5620
f 5618 5629 5631
f 5629 5632 5631
f 5629 5630 5632
f 5624 5633 5630
f 5624 5627 5633
f 5627 5634 5633
f 5627 5628 5634
f 5630 5635 5632
f 5630 5633 5635
f 5633 5636 5635
f 5633 5634 5636
f 5220 5637 5455
f 5220 5270 5637
f 5455 5638 5456
f 5455 5637 5638
f 5270 5639 5637
f 5270 5272 5639
f 5637 5640 5638
f 5637 5639 5640
f 5456 5641 5459
f 5456 5638 5641
f 5459 5642 5460
f 5459 5641 5642
f 5638 5643 5641
f 5638 5640 5643
f 5641 5644 5642
f 5641 5643 5644
f 5272 5645 5639
f 5272 5278 5645
f 5639 5646 5640
f 5639 5645 5646
f 5278 5647 5645
f 5278 5280 5647
f 5645 5648 5646
f 5645 5647 5648
f 5640 5649 5643
f 5640 5646 5649
f 5643 5650 5644
f 5643 5649 5650
f 5646 5651 5649
f 5646 5648 5651
f 5649 5652 5650
f 5649 5651 5652
f 5460 5653 5471
f 5460 5642 5653
f 5471 5654 5472
f 5471 5653 5654
f 5642 5655 5653
f 5642 5644 5655
f 5653 5656 5654
f 5653 5655 5656
f 5472 5657 5475
f 5472 5654 5657
f 5475 5658 5476
f 5475 5657 5658
f 5654 5659 5657
f 5654 5656 5659
f 5657 5660 5658
f 5657 5659 5660
f 5644 5661 5655
f 5644 5650 5661
f 5655 5662 5656
f 5655 5661 5662
f 5650 5663 5661
f 5650 5652 5663
f 5661 5664 5662
f 5661 5663 5664
f 5656 5665 5659
f 5656 5662 5665
f 5659 5666 5660
f 5659 5665 5666
f 5662 5667 5665
f 5662 5664 5667
f 5665 5668 5666
f 5665 5667 5668
f 5260 5669 5310
f 5260 5487 5669
f 5487 5670 5669
f 5487 5488 5670
f 5310 5671 5312
f 5310 5669 5671
f 5669 5672 5671
f 5669 5670 5672
f 5488 5673 5670
f 5488 5491 5673
f 5491 5674 5673
f 5491 5492 5674
f 5670 5675 5672
f 5670 5673 5675
f 5673 5676 5675
f 5673 5674 5676
f 5312 5677 5318
f 5312 5671 5677
f 5671 5678 5677
f 5671 5672 5678
f 5318 5679 5320
f 5318 5677 5679
f 5677 5680 5679
f 5677 5678 5680
f 5672 5681 5678
f 5672 5675 5681
f 5675 5682 5681
f 5675 5676 5682
f 5678 5683 5680
f 5678 5681 5683
f 5681 5684 5683
f 5681 5682 5684
f 5492 5685 5674
f 5492 5503 5685
f 5503 5686 5685
f 5503 5504 5686
f 5674 5687 5676
f 5674 5685 5687
f 5685 5688 5687
f 5685 5686 5688
f 5504 5689 5686
f 5504 5507 5689
f 5507 5690 5689
f 5507 5508 5690
f 5686 5691 5688
f 5686 5689 5691
f 5689 5692 5691
f 5689 5690 5692
f 5676 5693 5682
f 5676 5687 5693
f 5687 5694 5693
f 5687 5688 5694
f 5682 5695 5684
f 5682 5693 5695
f 5693 5696 5695
f 5693 5694 5696
f 5688 5697 5694
f 5688 5691 5697
f 5691 5698 5697
f 5691 5692 5698
f 5694 5699 5696
f 5694 5697 5699
f 5697 5700 5699
f 5697 5698 5700
f 5280 5701 5647
f 5280 5330 5701
f 5647 5702 5648
f 5647 5701 5702
f 5330 5703 5701
f 5330 5332 5703
f 5701 5704 5702
f 5701 5703 5704
f 5648 5705 5651
f 5648 5702 5705
f 5651 5706 5652
f 5651 5705 5706
f 5702 5707 5705
f 5702 5704 5707
f 5705 5708 5706
f 5705 5707 5708
f 5332 5709 5703
f 5332 5338 5709
f 5703 5710 5704
f 5703 5709 5710
f 5338 5711 5709
f 5338 5340 5711
f 5709 5712 5710
f 5709 5711 5712
f 5704 5713 5707
f 5704 5710 5713
f 5707 5714 5708
f 5707 5713 5714
f 5710 5715 5713
f 5710 5712 5715
f 5713 5716 5714
f 5713 5715 5716
f 5652 5717 5663
f 5652 5706 5717
f 5663 5718 5664
f 5663 5717 5718
f 5706 5719 5717
f 5706 5708 5719
f 5717 5720 5718
f 5717 5719 5720
f 5664 5721 5667
f 5664 5718 5721
f 5667 5722 5668
f 5667 5721 5722
f 5718 5723 5721
f 5718 5720 5723
f 5721 5724 5722
f 5721 5723 5724
f 5708 5725 5719
f 5708 5714 5725
f 5719 5726 5720
f 5719 5725 5726
f 5714 5727 5725
f 5714 5716 5727
f 5725 5728 5726
f 5725 5727 5728
f 5720 5729 5723
f 5720 5726 5729
f 5723 5730 5724
f 5723 5729 5730
f 5726 5731 5729
f 5726 5728 5731
f 5729 5732 5730
f 5729 5731 5732
f 5320 5733 5370
f 5320 5679 5733
f 5679 5734 5733
f 5679 5680 5734
f 5370 5735 5372
f 5370 5733 5735
f 5733 5736 5735
f 5733 5734 5736
f 5680 5737 5734
f 5680 5683 5737
f 5683 5738 5737
f 5683 5684 5738
f 5734 5739 5736
f 5734 5737 5739
f 5737 5740 5739
f 5737 5738 5740
f 5372 5741 5378
f 5372 5735 5741
f 5735 5742 5741
f 5735 5736 5742
f 5378 5743 5380
f 5378 5741 5743
f 5741 5744 5743
f 5741 5742 5744
f 5736 5745 5742
f 5736 5739 5745
f 5739 5746 5745
f 5739 5740 5746
f 5742 5747 5744
f 5742 5745 5747
f 5745 5748 5747
f 5745 5746 5748
f 5684 5749 5738
f 5684 5695 5749
f 5695 5750 5749
f 5695 5696 5750
f 5738 5751 5740
f 5738 5749 5751
f 5749 5752 5751
f 5749 5750 5752
f 5696 5753 5750
f 5696 5699 5753
f 5699 5754 5753
f 5699 5700 5754
f 5750 5755 5752
f 5750 5753 5755
f 5753 5756 5755
f 5753 5754 5756
f 5740 5757 5746
f 5740 5751 5757
f 5751 5758 5757
f 5751 5752 5758
f 5746 5759 5748
f 5746 5757 5759
f 5757 5760 5759
f 5757 5758 5760
f 5752 5761 5758
f 5752 5755 5761
f 5755 5762 5761
f 5755 5756 5762
f 5758 5763 5760
f 5758 5761 5763
f 5761 5764 5763
f 5761 5762 5764
f 5476 5765 5583
f 5476 5658 5765
f 5583 5766 5584
f 5583 5765 5766
f 5658 5767 5765
f 5658 5660 5767
f 5765 5768 5766
f 5765 5767 5768
f 5584 5769 5587
f 5584 5766 5769
f 5587 5770 5588
f 5587 5769 5770
f 5766 5771 5769
f 5766 5768 5771
f 5769 5772 5770
f 5769 5771 5772
f 5660 5773 5767
f 5660 5666 5773
f 5767 5774 5768
f 5767 5773 5774
f 5666 5775 5773
f 5666 5668 5775
f 5773 5776 5774
f 5773 5775 5776
f 5768 5777 5771
f 5768 5774 5777
f 5771 5778 5772
f 5771 5777 5778
f 5774 5779 5777
f 5774 5776 5779
f 5777 5780 5778
f 5777 5779 5780
f 5588 5781 5599
f 5588 5770 5781
f 5599 5782 5600
f 5599 5781 5782
f 5770 5783 5781
f 5770 5772 5783
f 5781 5784 5782
f 5781 5783 5784
f 5600 5785 5603
f 5600 5782 5785
f 5603 5786 5604
f 5603 5785 5786
f 5782 5787 5785
f 5782 5784 5787
f 5785 5788 5786
f 5785 5787 5788
f 5772 5789 5783
f 5772 5778 5789
f 5783 5790 5784
f 5783 5789 5790
f 5778 5791 5789
f 5778 5780 5791
f 5789 5792 5790
f 5789 5791 5792
f 5784 5793 5787
f 5784 5790 5793
f 5787 5794 5788
f 5787 5793 5794
f 5790 5795 5793
f 5790 5792 5795
f 5793 5796 5794
f 5793 5795 5796
f 5508 5797 5690
f 5508 5615 5797
f 5615 5798 5797
f 5615 5616 5798
f 5690 5799 5692
f 5690 5797 5799
f 5797 5800 5799
f 5797 5798 5800
f 5616 5801 5798
f 5616 5619 5801
f 5619 5802 5801
f 5619 5620 5802
f 5798 5803 5800
f 5798 5801 5803
f 5801 5804 5803
f 5801 5802 5804
f 5692 5805 5698
f 5692 5799 5805
f 5799 5806 5805
f 5799 5800 5806
f 5698 5807 5700
f 5698 5805 5807
f 5805 5808 5807
f 5805 5806 5808
f 5800 5809 5806
f 5800 5803 5809
f 5803 5810 5809
f 5803 5804 5810
f 5806 5811 5808
f 5806 5809 5811
f 5809 5812 5811
f 5809 5810 5812
f 5620 5813 5802
f 5620 5631 5813
f 5631 5814 5813
f 5631 5632 5814
f 5802 5815 5804
f 5802 5813 5815
f 5813 5816 5815
f 5813 5814 5816
f 5632 5817 5814
f 5632 5635 5817
f 5635 5818 5817
f 5635 5636 5818
f 5814 5819 5816
f 5814 5817 5819
f 5817 5820 5819
f 5817 5818 5820
f 5804 5821 5810
f 5804 5815 5821
f 5815 5822 5821
f 5815 5816 5822
f 5810 5823 5812
f 5810 5821 5823
f 5821 5824 5823
f 5821 5822 5824
f 5816 5825 5822
f 5816 5819 5825
f 5819 5826 5825
f 5819 5820 5826
f 5822 5827 5824
f 5822 5825 5827
f 5825 5828 5827
f 5825 5826 5828
f 5668 5829 5775
f 5668 5722 5829
f 5775 5830 5776
f 5775 5829 5830
f 5722 5831 5829
f 5722 5724 5831
f 5829 5832 5830
f 5829 5831 5832
f 5776 5833 5779
f 5776 5830 5833
f 5779 5834 5780
f 5779 5833 5834
f 5830 5835 5833
f 5830 5832 5835
f 5833 5836 5834
f 5833 5835 5836
f 5724 5837 5831
f 5724 5730 5837
f 5831 5838 5832
f 5831 5837 5838
f 5730 5839 5837
f 5730 5732 5839
f 5837 5840 5838
f 5837 5839 5840
f 5832 5841 5835
f 5832 5838 5841
f 5835 5842 5836
f 5835 5841 5842
f 5838 5843 5841
f 5838 5840 5843
f 5841 5844 5842
f 5841 5843 5844
f 5780 5845 5791
f 5780 5834 5845
f 5791 5846 5792
f 5791 5845 5846
f 5834 5847 5845
f 5834 5836 5847
f 5845 5848 5846
f 5845 5847 5848
f 5792 5849 5795
f 5792 5846 5849
f 5795 5850 5796
f 5795 5849 5850
f 5846 5851 5849
f 5846 5848 5851
f 5849 5852 5850
f 5849 5851 5852
f 5836 5853 5847
f 5836 5842 5853
f 5847 5854 5848
f 5847 5853 5854
f 5842 5855 5853
f 5842 5844 5855
f 5853 5856 5854
f 5853 5855 5856
f 5848 5857 5851
f 5848 5854 5857
f 5851 5858 5852
f 5851 5857 5858
f 5854 5859 5857
f 5854 5856 5859
f 5857 5860 5858
f 5857 5859 5860
f 5700 5861 5754
f 5700 5807 5861
f 5807 5862 5861
f 5807 5808 5862
f 5754 5863 5756
f 5754 5861 5863
f 5861 5864 5863
f 5861 5862 5864
f 5808 5865 5862
f 5808 5811 5865
f 5811 5866 5865
f 5811 5812 5866
f 5862 5867 5864
f 5862 5865 5867
f 5865 5868 5867
f 5865 5866 5868
f 5756 5869 5762
f 5756 5863 5869
f 5863 5870 5869
f 5863 5864 5870
f 5762 5871 5764
f 5762 5869 5871
f 5869 5872 5871
f 5869 5870 5872
f 5864 5873 5870
f 5864 5867 5873
f 5867 5874 5873
f 5867 5868 5874
f 5870 5875 5872
f 5870 5873 5875
f 5873 5876 5875
f 5873 5874 5876
f 5812 5877 5866
f 5812 5823 5877
f 5823 5878 5877
f 5823 5824 5878
f 5866 5879 5868
f 5866 5877 5879
f 5877 5880 5879
f 5877 5878 5880
f 5824 5881 5878
f 5824 5827 5881
f 5827 5882 5881
f 5827 5828 5882
f 5878 5883 5880
f 5878 5881 5883
f 5881 5884 5883
f 5881 5882 5884
f 5868 5885 5874
f 5868 5879 5885
f 5879 5886 5885
f 5879 5880 5886
f 5874 5887 5876
f 5874 5885 5887
f 5885 5888 5887
f 5885 5886 5888
f 5880 5889 5886
f 5880 5883 5889
f 5883 5890 5889
f 5883 5884 5890
f 5886 5891 5888
f 5886 5889 5891
f 5889 5892 5891
f 5889 5890 5892
f 5324 5897 5335
f 5324 5893 5897
f 5335 5898 5336
f 5335 5897 5898
f 5893 5899 5897
f 5893 5894 5899
f 5897 5900 5898
f 5897 5899 5900
f 5336 5901 5339
f 5336 5898 5901
f 5339 5902 5340
f 5339 5901 5902
f 5898 5903 5901
f 5898 5900 5903
f 5901 5904 5902
f 5901 5903 5904
f 5894 5905 5899
f 5894 5895 5905
f 5899 5906 5900
f 5899 5905 5906
f 5895 5907 5905
f 5895 5896 5907
f 5905 5908 5906
f 5905 5907 5908
f 5900 5909 5903
f 5900 5906 5909
f 5903 5910 5904
f 5903 5909 5910
f 5906 5911 5909
f 5906 5908 5911
f 5909 5912 5910
f 5909 5911 5912
f 5358 5916 5915
f 5358 5359 5916
f 5354 5915 5913
f 5354 5358 5915
f 5359 5917 5916
f 5359 5360 5917
f 5915 5919 5918
f 5915 5916 5919
f 5913 5918 5914
f 5913 5915 5918
f 5916 5920 5919
f 5916 5917 5920
f 5360 5921 5917
f 5360 5363 5921
f 5363 5922 5921
f 5363 5364 5922
f 5917 5923 5920
f 5917 5921 5923
f 5921 5924 5923
f 5921 5922 5924
f 5918 5928 5927
f 5918 5919 5928
f 5914 5927 5925
f 5914 5918 5927
f 5919 5929 5928
f 5919 5920 5929
f 5927 5931 5930
f 5927 5928 5931
f 5925 5930 5926
f 5925 5927 5930
f 5928 5932 5931
f 5928 5929 5932
f 5920 5933 5929
f 5920 5923 5933
f 5923 5934 5933
f 5923 5924 5934
f 5929 5935 5932
f 5929 5933 5935
f 5933 5936 5935
f 5933 5934 5936
f 5364 5937 5922
f 5364 5375 5937
f 5375 5938 5937
f 5375 5376 5938
f 5922 5939 5924
f 5922 5937 5939
f 5937 5940 5939
f 5937 5938 5940
f 5376 5941 5938
f 5376 5379 5941
f 5379 5942 5941
f 5379 5380 5942
f 5938 5943 5940
f 5938 5941 5943
f 5941 5944 5943
f 5941 5942 5944
f 5924 5945 5934
f 5924 5939 5945
f 5939 5946 5945
f 5939 5940 5946
f 5934 5947 5936
f 5934 5945 5947
f 5945 5948 5947
f 5945 5946 5948
f 5940 5949 5946
f 5940 5943 5949
f 5943 5950 5949
f 5943 5944 5950
f 5946 5951 5948
f 5946 5949 5951
f 5949 5952 5951
f 5949 5950 5952
f 5896 5957 5907
f 5896 5953 5957
f 5907 5958 5908
f 5907 5957 5958
f 5953 5959 5957
f 5953 5954 5959
f 5957 5960 5958
f 5957 5959 5960
f 5908 5961 5911
f 5908 5958 5961
f 5911 5962 5912
f 5911 5961 5962
f 5958 5963 5961
f 5958 5960 5963
f 5961 5964 5962
f 5961 5963 5964
f 5954 5965 5959
f 5954 5955 5965
f 5959 5966 5960
f 5959 5965 5966
f 5955 5967 5965
f 5955 5956 5967
f 5965 5968 5966
f 5965 5967 5968
f 5960 5969 5963
f 5960 5966 5969
f 5963 5970 5964
f 5963 5969 5970
f 5966 5971 5969
f 5966 5968 5971
f 5969 5972 5970
f 5969 5971 5972
f 5930 5976 5975
f 5930 5931 5976
f 5926 5975 5973
f 5926 5930 5975
f 5931 5977 5976
f 5931 5932 5977
f 5975 5979 5978
f 5975 5976 5979
f 5973 5978 5974
f 5973 5975 5978
f 5976 5980 5979
f 5976 5977 5980
f 5932 5981 5977
f 5932 5935 5981
f 5935 5982 5981
f 5935 5936 5982
f 5977 5983 5980
f 5977 5981 5983
f 5981 5984 5983
f 5981 5982 5984
f 5978 5988 5987
f 5978 5979 5988
f 5974 5987 5985
f 5974 5978 5987
f 5979 5989 5988
f 5979 5980 5989
f 5987 5991 5990
f 5987 5988 5991
f 5985 5990 5986
f 5985 5987 5990
f 5988 5992 5991
f 5988 5989 5992
f 5980 5993 5989
f 5980 5983 5993
f 5983 5994 5993
f 5983 5984 5994
f 5989 5995 5992
f 5989 5993 5995
f 5993 5996 5995
f 5993 5994 5996
f 5936 5997 5982
f 5936 5947 5997
f 5947 5998 5997
f 5947 5948 5998
f 5982 5999 5984
f 5982 5997 5999
f 5997 6000 5999
f 5997 5998 6000
f 5948 6001 5998
f 5948 5951 6001
f 5951 6002 6001
f 5951 5952 6002
f 5998 6003 6000
f 5998 6001 6003
f 6001 6004 6003
f 6001 6002 6004
f 5984 6005 5994
f 5984 5999 6005
f 5999 6006 6005
f 5999 6000 6006
f 5994 6007 5996
f 5994 6005 6007
f 6005 6008 6007
f 6005 6006 6008
f 6000 6009 6006
f 6000 6003 6009
f 6003 6010 6009
f 6003 6004 6010
f 6006 6011 6008
f 6006 6009 6011
f 6009 6012 6011
f 6009 6010 6012
f 5956 6015 5967
f 5956 6013 6015
f 5967 6016 5968
f 5967 6015 6016
f 6013 6017 6015
f 6013 6014 6017
f 6015 6018 6016
f 6015 6017 6018
f 5968 6019 5971
f 5968 6016 6019
f 5971 6020 5972
f 5971 6019 6020
f 6016 6021 6019
f 6016 6018 6021
f 6019 6022 6020
f 6019 6021 6022
f 5990 6026 6025
f 5990 5991 6026
f 5986 6025 6023
f 5986 5990 6025
f 5991 6027 6026
f 5991 5992 6027
f 6025 6029 6028
f 6025 6026 6029
f 6023 6028 6024
f 6023 6025 6028
f 6026 6030 6029
f 6026 6027 6030
f 5992 6031 6027
f 5992 5995 6031
f 5995 6032 6031
f 5995 5996 6032
f 6027 6033 6030
f 6027 6031 6033
f 6031 6034 6033
f 6031 6032 6034
f 6028 6038 6037
f 6028 6029 6038
f 6024 6037 6035
f 6024 6028 6037
f 6029 6039 6038
f 6029 6030 6039
f 6037 6041 6040
f 6037 6038 6041
f 6035 6040 6036
f 6035 6037 6040
f 6038 6042 6041
f 6038 6039 6042
f 6030 6043 6039
f 6030 6033 6043
f 6033 6044 6043
f 6033 6034 6044
f 6039 6045 6042
f 6039 6043 6045
f 6043 6046 6045
f 6043 6044 6046
f 5996 6047 6032
f 5996 6007 6047
f 6007 6048 6047
f 6007 6008 6048
f 6032 6049 6034
f 6032 6047 6049
f 6047 6050 6049
f 6047 6048 6050
f 6008 6051 6048
f 6008 6011 6051
f 6011 6052 6051
f 6011 6012 6052
f 6048 6053 6050
f 6048 6051 6053
f 6051 6054 6053
f 6051 6052 6054
f 6034 6055 6044
f 6034 6049 6055
f 6049 6056 6055
f 6049 6050 6056
f 6044 6057 6046
f 6044 6055 6057
f 6055 6058 6057
f 6055 6056 6058
f 6050 6059 6056
f 6050 6053 6059
f 6053 6060 6059
f 6053 6054 6060
f 6056 6061 6058
f 6056 6059 6061
f 6059 6062 6061
f 6059 6060 6062
f 6066 6068 6065
f 6066 6069 6068
f 6063 6069 6066
f 6063 6064 6069
f 6065 6070 6067
f 6065 6068 6070
f 6067 6073 6071
f 6067 6070 6073
f 6071 6074 6072
f 6071 6073 6074
f 6040 6076 6075
f 6040 6041 6076
f 6036 6075 6064
f 6036 6040 6075
f 6041 6077 6076
f 6041 6042 6077
f 6069 6078 6068
f 6069 6079 6078
f 6075 6078 6079
f 6075 6076 6078
f 6064 6079 6069
f 6064 6075 6079
f 6068 6080 6070
f 6068 6078 6080
f 6076 6080 6078
f 6076 6077 6080
f 6042 6081 6077
f 6042 6045 6081
f 6045 6082 6081
f 6045 6046 6082
f 6070 6083 6073
f 6070 6080 6083
f 6077 6083 6080
f 6077 6081 6083
f 6073 6084 6074
f 6073 6083 6084
f 6081 6084 6083
f 6081 6082 6084
f 6072 6087 6085
f 6072 6074 6087
f 6085 6088 6086
f 6085 6087 6088
f 6086 6091 6089
f 6086 6088 6091
f 6089 6092 6090
f 6089 6091 6092
f 6046 6093 6082
f 6046 6057 6093
f 6057 6094 6093
f 6057 6058 6094
f 6074 6095 6087
f 6074 6084 6095
f 6082 6095 6084
f 6082 6093 6095
f 6087 6096 6088
f 6087 6095 6096
f 6093 6096 6095
f 6093 6094 6096
f 6058 6097 6094
f 6058 6061 6097
f 6061 6098 6097
f 6061 6062 6098
f 6088 6099 6091
f 6088 6096 6099
f 6094 6099 6096
f 6094 6097 6099
f 6091 6100 6092
f 6091 6099 6100
f 6097 6100 6099
f 6097 6098 6100
f 5340 6101 5711
f 5340 5902 6101
f 5711 6102 5712
f 5711 6101 6102
f 5902 6103 6101
f 5902 5904 6103
f 6101 6104 6102
f 6101 6103 6104
f 5712 6105 5715
f 5712 6102 6105
f 5715 6106 5716
f 5715 6105 6106
f 6102 6107 6105
f 6102 6104 6107
f 6105 6108 6106
f 6105 6107 6108
f 5904 6109 6103
f 5904 5910 6109
f 6103 6110 6104
f 6103 6109 6110
f 5910 6111 6109
f 5910 5912 6111
f 6109 6112 6110
f 6109 6111 6112
f 6104 6113 6107
f 6104 6110 6113
f 6107 6114 6108
f 6107 6113 6114
f 6110 6115 6113
f 6110 6112 6115
f 6113 6116 6114
f 6113 6115 6116
f 5716 6117 5727
f 5716 6106 6117
f 5727 6118 5728
f 5727 6117 6118
f 6106 6119 6117
f 6106 6108 6119
f 6117 6120 6118
f 6117 6119 6120
f 5728 6121 5731
f 5728 6118 6121
f 5731 6122 5732
f 5731 6121 6122
f 6118 6123 6121
f 6118 6120 6123
f 6121 6124 6122
f 6121 6123 6124
f 6108 6125 6119
f 6108 6114 6125
f 6119 6126 6120
f 6119 6125 6126
f 6114 6127 6125
f 6114 6116 6127
f 6125 6128 6126
f 6125 6127 6128
f 6120 6129 6123
f 6120 6126 6129
f 6123 6130 6124
f 6123 6129 6130
f 6126 6131 6129
f 6126 6128 6131
f 6129 6132 6130
f 6129 6131 6132
f 5380 6133 5942
f 5380 5743 6133
f 5743 6134 6133
f 5743 5744 6134
f 5942 6135 5944
f 5942 6133 6135
f 6133 6136 6135
f 6133 6134 6136
f 5744 6137 6134
f 5744 5747 6137
f 5747 6138 6137
f 5747 5748 6138
f 6134 6139 6136
f 6134 6137 6139
f 6137 6140 6139
f 6137 6138 6140
f 5944 6141 5950
f 5944 6135 6141
f 6135 6142 6141
f 6135 6136 6142
f 5950 6143 5952
f 5950 6141 6143
f 6141 6144 6143
f 6141 6142 6144
f 6136 6145 6142
f 6136 6139 6145
f 6139 6146 6145
f 6139 6140 6146
f 6142 6147 6144
f 6142 6145 6147
f 6145 6148 6147
f 6145 6146 6148
f 5748 6149 6138
f 5748 5759 6149
f 5759 6150 6149
f 5759 5760 6150
f 6138 6151 6140
f 6138 6149 6151
f 6149 6152 6151
f 6149 6150 6152
f 5760 6153 6150
f 5760 5763 6153
f 5763 6154 6153
f 5763 5764 6154
f 6150 6155 6152
f 6150 6153 6155
f 6153 6156 6155
f 6153 6154 6156
f 6140 6157 6146
f 6140 6151 6157
f 6151 6158 6157
f 6151 6152 6158
f 6146 6159 6148
f 6146 6157 6159
f 6157 6160 6159
f 6157 6158 6160
f 6152 6161 6158
f 6152 6155 6161
f 6155 6162 6161
f 6155 6156 6162
f 6158 6163 6160
f 6158 6161 6163
f 6161 6164 6163
f 6161 6162 6164
f 5912 6165 6111
f 5912 5962 6165
f 6111 6166 6112
f 6111 6165 6166
f 5962 6167 6165
f 5962 5964 6167
f 6165 6168 6166
f 6165 6167 6168
f 6112 6169 6115
f 6112 6166 6169
f 6115 6170 6116
f 6115 6169 6170
f 6166 6171 6169
f 6166 6168 6171
f 6169 6172 6170
f 6169 6171 6172
f 5964 6173 6167
f 5964 5970 6173
f 6167 6174 6168
f 6167 6173 6174
f 5970 6175 6173
f 5970 5972 6175
f 6173 6176 6174
f 6173 6175 6176
f 6168 6177 6171
f 6168 6174 6177
f 6171 6178 6172
f 6171 6177 6178
f 6174 6179 6177
f 6174 6176 6179
f 6177 6180 6178
f 6177 6179 6180
f 6116 6181 6127
f 6116 6170 6181
f 6127 6182 6128
f 6127 6181 6182
f 6170 6183 6181
f 6170 6172 6183
f 6181 6184 6182
f 6181 6183 6184
f 6128 6185 6131
f 6128 6182 6185
f 6131 6186 6132
f 6131 6185 6186
f 6182 6187 6185
f 6182 6184 6187
f 6185 6188 6186
f 6185 6187 6188
f 6172 6189 6183
f 6172 6178 6189
f 6183 6190 6184
f 6183 6189 6190
f 6178 6191 6189
f 6178 6180 6191
f 6189 6192 6190
f 6189 6191 6192
f 6184 6193 6187
f 6184 6190 6193
f 6187 6194 6188
f 6187 6193 6194
f 6190 6195 6193
f 6190 6192 6195
f 6193 6196 6194
f 6193 6195 6196
f 5952 6197 6002
f 5952 6143 6197
f 6143 6198 6197
f 6143 6144 6198
f 6002 6199 6004
f 6002 6197 6199
f 6197 6200 6199
f 6197 6198 6200
f 6144 6201 6198
f 6144 6147 6201
f 6147 6202 6201
f 6147 6148 6202
f 6198 6203 6200
f 6198 6201 6203
f 6201 6204 6203
f 6201 6202 6204
f 6004 6205 6010
f 6004 6199 6205
f 6199 6206 6205
f 6199 6200 6206
f 6010 6207 6012
f 6010 6205 6207
f 6205 6208 6207
f 6205 6206 6208
f 6200 6209 6206
f 6200 6203 6209
f 6203 6210 6209
f 6203 6204 6210
f 6206 6211 6208
f 6206 6209 6211
f 6209 6212 6211
f 6209 6210 6212
f 6148 6213 6202
f 6148 6159 6213
f 6159 6214 6213
f 6159 6160 6214
f 6202 6215 6204
f 6202 6213 6215
f 6213 6216 6215
f 6213 6214 6216
f 6160 6217 6214
f 6160 6163 6217
f 6163 6218 6217
f 6163 6164 6218
f 6214 6219 6216
f 6214 6217 6219
f 6217 6220 6219
f 6217 6218 6220
f 6204 6221 6210
f 6204 6215 6221
f 6215 6222 6221
f 6215 6216 6222
f 6210 6223 6212
f 6210 6221 6223
f 6221 6224 6223
f 6221 6222 6224
f 6216 6225 6222
f 6216 6219 6225
f 6219 6226 6225
f 6219 6220 6226
f 6222 6227 6224
f 6222 6225 6227
f 6225 6228 6227
f 6225 6226 6228
f 5732 6229 5839
f 5732 6122 6229
f 5839 6230 5840
f 5839 6229 6230
f 6122 6231 6229
f 6122 6124 6231
f 6229 6232 6230
f 6229 6231 6232
f 5840 6233 5843
f 5840 6230 6233
f 5843 6234 5844
f 5843 6233 6234
f 6230 6235 6233
f 6230 6232 6235
f 6233 6236 6234
f 6233 6235 6236
f 6124 6237 6231
f 6124 6130 6237
f 6231 6238 6232
f 6231 6237 6238
f 6130 6239 6237
f 6130 6132 6239
f 6237 6240 6238
f 6237 6239 6240
f 6232 6241 6235
f 6232 6238 6241
f 6235 6242 6236
f 6235 6241 6242
f 6238 6243 6241
f 6238 6240 6243
f 6241 6244 6242
f 6241 6243 6244
f 5844 6245 5855
f 5844 6234 6245
f 5855 6246 5856
f 5855 6245 6246
f 6234 6247 6245
f 6234 6236 6247
f 6245 6248 6246
f 6245 6247 6248
f 5856 6249 5859
f 5856 6246 6249
f 5859 6250 5860
f 5859 6249 6250
f 6246 6251 6249
f 6246 6248 6251
f 6249 6252 6250
f 6249 6251 6252
f 6236 6253 6247
f 6236 6242 6253
f 6247 6254 6248
f 6247 6253 6254
f 6242 6255 6253
f 6242 6244 6255
f 6253 6256 6254
f 6253 6255 6256
f 6248 6257 6251
f 6248 6254 6257
f 6251 6258 6252
f 6251 6257 6258
f 6254 6259 6257
f 6254 6256 6259
f 6257 6260 6258
f 6257 6259 6260
f 5764 6261 6154
f 5764 5871 6261
f 5871 6262 6261
f 5871 5872 6262
f 6154 6263 6156
f 6154 6261 6263
f 6261 6264 6263
f 6261 6262 6264
f 5872 6265 6262
f 5872 5875 6265
f 5875 6266 6265
f 5875 5876 6266
f 6262 6267 6264
f 6262 6265 6267
f 6265 6268 6267
f 6265 6266 6268
f 6156 6269 6162
f 6156 6263 6269
f 6263 6270 6269
f 6263 6264 6270
f 6162 6271 6164
f 6162 6269 6271
f 6269 6272 6271
f 6269 6270 6272
f 6264 6273 6270
f 6264 6267 6273
f 6267 6274 6273
f 6267 6268 6274
f 6270 6275 6272
f 6270 6273 6275
f 6273 6276 6275
f 6273 6274 6276
f 5876 6277 6266
f 5876 5887 6277
f 5887 6278 6277
f 5887 5888 6278
f 6266 6279 6268
f 6266 6277 6279
f 6277 6280 6279
f 6277 6278 6280
f 5888 6281 6278
f 5888 5891 6281
f 5891 6282 6281
f 5891 5892 6282
f 6278 6283 6280
f 6278 6281 6283
f 6281 6284 6283
f 6281 6282 6284
f 6268 6285 6274
f 6268 6279 6285
f 6279 6286 6285
f 6279 6280 6286
f 6274 6287 6276
f 6274 6285 6287
f 6285 6288 6287
f 6285 6286 6288
f 6280 6289 6286
f 6280 6283 6289
f 6283 6290 6289
f 6283 6284 6290
f 6286 6291 6288
f 6286 6289 6291
f 6289 6292 6291
f 6289 6290 6292
f 6132 6293 6239
f 6132 6186 6293
f 6239 6294 6240
f 6239 6293 6294
f 6186 6295 6293
f 6186 6188 6295
f 6293 6296 6294
f 6293 6295 6296
f 6240 6297 6243
f 6240 6294 6297
f 6243 6298 6244
f 6243 6297 6298
f 6294 6299 6297
f 6294 6296 6299
f 6297 6300 6298
f 6297 6299 6300
f 6188 6301 6295
f 6188 6194 6301
f 6295 6302 6296
f 6295 6301 6302
f 6194 6303 6301
f 6194 6196 6303
f 6301 6304 6302
f 6301 6303 6304
f 6296 6305 6299
f 6296 6302 6305
f 6299 6306 6300
f 6299 6305 6306
f 6302 6307 6305
f 6302 6304 6307
f 6305 6308 6306
f 6305 6307 6308
f 6244 6309 6255
f 6244 6298 6309
f 6255 6310 6256
f 6255 6309 6310
f 6298 6311 6309
f 6298 6300 6311
f 6309 6312 6310
f 6309 6311 6312
f 6256 6313 6259
f 6256 6310 6313
f 6259 6314 6260
f 6259 6313 6314
f 6310 6315 6313
f 6310 6312 6315
f 6313 6316 6314
f 6313 6315 6316
f 6300 6317 6311
f 6300 6306 6317
f 6311 6318 6312
f 6311 6317 6318
f 6306 6319 6317
f 6306 6308 6319
f 6317 6320 6318
f 6317 6319 6320
f 6312 6321 6315
f 6312 6318 6321
f 6315 6322 6316
f 6315 6321 6322
f 6318 6323 6321
f 6318 6320 6323
f 6321 6324 6322
f 6321 6323 6324
f 6164 6325 6218
f 6164 6271 6325
f 6271 6326 6325
f 6271 6272 6326
f 6218 6327 6220
f 6218 6325 6327
f 6325 6328 6327
f 6325 6326 6328
f 6272 6329 6326
f 6272 6275 6329
f 6275 6330 6329
f 6275 6276 6330
f 6326 6331 6328
f 6326 6329 6331
f 6329 6332 6331
f 6329 6330 6332
f 6220 6333 6226
f 6220 6327 6333
f 6327 6334 6333
f 6327 6328 6334
f 6226 6335 6228
f 6226 6333 6335
f 6333 6336 6335
f 6333 6334 6336
f 6328 6337 6334
f 6328 6331 6337
f 6331 6338 6337
f 6331 6332 6338
f 6334 6339 6336
f 6334 6337 6339
f 6337 6340 6339
f 6337 6338 6340
f 6276 6341 6330
f 6276 6287 6341
f 6287 6342 6341
f 6287 6288 6342
f 6330 6343 6332
f 6330 6341 6343
f 6341 6344 6343
f 6341 6342 6344
f 6288 6345 6342
f 6288 6291 6345
f 6291 6346 6345
f 6291 6292 6346
f 6342 6347 6344
f 6342 6345 6347
f 6345 6348 6347
f 6345 6346 6348
f 6332 6349 6338
f 6332 6343 6349
f 6343 6350 6349
f 6343 6344 6350
f 6338 6351 6340
f 6338 6349 6351
f 6349 6352 6351
f 6349 6350 6352
f 6344 6353 6350
f 6344 6347 6353
f 6347 6354 6353
f 6347 6348 6354
f 6350 6355 6352
f 6350 6353 6355
f 6353 6356 6355
f 6353 6354 6356
f 5972 6357 6175
f 5972 6020 6357
f 6175 6358 6176
f 6175 6357 6358
f 6020 6359 6357
f 6020 6022 6359
f 6357 6360 6358
f 6357 6359 6360
f 6176 6361 6179
f 6176 6358 6361
f 6179 6362 6180
f 6179 6361 6362
f 6358 6363 6361
f 6358 6360 6363
f 6361 6364 6362
f 6361 6363 6364
f 6180 6365 6191
f 6180 6362 6365
f 6191 6366 6192
f 6191 6365 6366
f 6362 6367 6365
f 6362 6364 6367
f 6365 6368 6366
f 6365 6367 6368
f 6192 6369 6195
f 6192 6366 6369
f 6195 6370 6196
f 6195 6369 6370
f 6366 6371 6369
f 6366 6368 6371
f 6369 6372 6370
f 6369 6371 6372
f 6012 6373 6052
f 6012 6207 6373
f 6207 6374 6373
f 6207 6208 6374
f 6052 6375 6054
f 6052 6373 6375
f 6373 6376 6375
f 6373 6374 6376
f 6208 6377 6374
f 6208 6211 6377
f 6211 6378 6377
f 6211 6212 6378
f 6374 6379 6376
f 6374 6377 6379
f 6377 6380 6379
f 6377 6378 6380
f 6054 6381 6060
f 6054 6375 6381
f 6375 6382 6381
f 6375 6376 6382
f 6060 6383 6062
f 6060 6381 6383
f 6381 6384 6383
f 6381 6382 6384
f 6376 6385 6382
f 6376 6379 6385
f 6379 6386 6385
f 6379 6380 6386
f 6382 6387 6384
f 6382 6385 6387
f 6385 6388 6387
f 6385 6386 6388
f 6212 6389 6378
f 6212 6223 6389
f 6223 6390 6389
f 6223 6224 6390
f 6378 6391 6380
f 6378 6389 6391
f 6389 6392 6391
f 6389 6390 6392
f 6224 6393 6390
f 6224 6227 6393
f 6227 6394 6393
f 6227 6228 6394
f 6390 6395 6392
f 6390 6393 6395
f 6393 6396 6395
f 6393 6394 6396
f 6380 6397 6386
f 6380 6391 6397
f 6391 6398 6397
f 6391 6392 6398
f 6386 6399 6388
f 6386 6397 6399
f 6397 6400 6399
f 6397 6398 6400
f 6392 6401 6398
f 6392 6395 6401
f 6395 6402 6401
f 6395 6396 6402
f 6398 6403 6400
f 6398 6401 6403
f 6401 6404 6403
f 6401 6402 6404
f 6090 6407 6405
f 6090 6092 6407
f 6405 6408 6406
f 6405 6407 6408
f 6406 6411 6409
f 6406 6408 6411
f 6409 6412 6410
f 6409 6411 6412
f 6062 6413 6098
f 6062 6383 6413
f 6383 6414 6413
f 6383 6384 6414
f 6092 6415 6407
f 6092 6100 6415
f 6098 6415 6100
f 6098 6413 6415
f 6407 6416 6408
f 6407 6415 6416
f 6413 6416 6415
f 6413 6414 6416
f 6384 6417 6414
f 6384 6387 6417
f 6387 6418 6417
f 6387 6388 6418
f 6408 6419 6411
f 6408 6416 6419
f 6414 6419 6416
f 6414 6417 6419
f 6411 6420 6412
f 6411 6419 6420
f 6417 6420 6419
f 6417 6418 6420
f 6410 6423 6421
f 6410 6412 6423
f 6421 6424 6422
f 6421 6423 6424
f 6422 6427 6425
f 6422 6424 6427
f 6425 6428 6426
f 6425 6427 6428
f 6388 6429 6418
f 6388 6399 6429
f 6399 6430 6429
f 6399 6400 6430
f 6412 6431 6423
f 6412 6420 6431
f 6418 6431 6420
f 6418 6429 6431
f 6423 6432 6424
f 6423 6431 6432
f 6429 6432 6431
f 6429 6430 6432
f 6400 6433 6430
f 6400 6403 6433
f 6403 6434 6433
f 6403 6404 6434
f 6424 6435 6427
f 6424 6432 6435
f 6430 6435 6432
f 6430 6433 6435
f 6427 6436 6428
f 6427 6435 6436
f 6433 6436 6435
f 6433 6434 6436
f 6196 6437 6303
f 6196 6370 6437
f 6303 6438 6304
f 6303 6437 6438
f 6370 6439 6437
f 6370 6372 6439
f 6437 6440 6438
f 6437 6439 6440
f 6304 6441 6307
f 6304 6438 6441
f 6307 6442 6308
f 6307 6441 6442
f 6438 6443 6441
f 6438 6440 6443
f 6441 6444 6442
f 6441 6443 6444
f 6308 6445 6319
f 6308 6442 6445
f 6319 6446 6320
f 6319 6445 6446
f 6442 6447 6445
f 6442 6444 6447
f 6445 6448 6446
f 6445 6447 6448
f 6320 6449 6323
f 6320 6446 6449
f 6323 6450 6324
f 6323 6449 6450
f 6446 6451 6449
f 6446 6448 6451
f 6449 6452 6450
f 6449 6451 6452
f 6228 6453 6394
f 6228 6335 6453
f 6335 6454 6453
f 6335 6336 6454
f 6394 6455 6396
f 6394 6453 6455
f 6453 6456 6455
f 6453 6454 6456
f 6336 6457 6454
f 6336 6339 6457
f 6339 6458 6457
f 6339 6340 6458
f 6454 6459 6456
f 6454 6457 6459
f 6457 6460 6459
f 6457 6458 6460
f 6396 6461 6402
f 6396 6455 6461
f 6455 6462 6461
f 6455 6456 6462
f 6402 6463 6404
f 6402 6461 6463
f 6461 6464 6463
f 6461 6462 6464
f 6456 6465 6462
f 6456 6459 6465
f 6459 6466 6465
f 6459 6460 6466
f 6462 6467 6464
f 6462 6465 6467
f 6465 6468 6467
f 6465 6466 6468
f 6340 6469 6458
f 6340 6351 6469
f 6351 6470 6469
f 6351 6352 6470
f 6458 6471 6460
f 6458 6469 6471
f 6469 6472 6471
f 6469 6470 6472
f 6352 6473 6470
f 6352 6355 6473
f 6355 6474 6473
f 6355 6356 6474
f 6470 6475 6472
f 6470 6473 6475
f 6473 6476 6475
f 6473 6474 6476
f 6460 6477 6466
f 6460 6471 6477
f 6471 6478 6477
f 6471 6472 6478
f 6466 6479 6468
f 6466 6477 6479
f 6477 6480 6479
f 6477 6478 6480
f 6472 6481 6478
f 6472 6475 6481
f 6475 6482 6481
f 6475 6476 6482
f 6478 6483 6480
f 6478 6481 6483
f 6481 6484 6483
f 6481 6482 6484
f 6426 6487 6485
f 6426 6428 6487
f 6485 6488 6486
f 6485 6487 6488
f 6486 6491 6489
f 6486 6488 6491
f 6489 6492 6490
f 6489 6491 6492
f 6404 6493 6434
f 6404 6463 6493
f 6463 6494 6493
f 6463 6464 6494
f 6428 6495 6487
f 6428 6436 6495
f 6434 6495 6436
f 6434 6493 6495
f 6487 6496 6488
f 6487 6495 6496
f 6493 6496 6495
f 6493 6494 6496
f 6464 6497 6494
f 6464 6467 6497
f 6467 6498 6497
f 6467 6468 6498
f 6488 6499 6491
f 6488 6496 6499
f 6494 6499 6496
f 6494 6497 6499
f 6491 6500 6492
f 6491 6499 6500
f 6497 6500 6499
f 6497 6498 6500
f 6490 6503 6501
f 6490 6492 6503
f 6501 6504 6502
f 6501 6503 6504
f 6502 6507 6505
f 6502 6504 6507
f 6505 6508 6506
f 6505 6507 6508
f 6468 6509 6498
f 6468 6479 6509
f 6479 6510 6509
f 6479 6480 6510
f 6492 6511 6503
f 6492 6500 6511
f 6498 6511 6500
f 6498 6509 6511
f 6503 6512 6504
f 6503 6511 6512
f 6509 6512 6511
f 6509 6510 6512
f 6480 6513 6510
f 6480 6483 6513
f 6483 6514 6513
f 6483 6484 6514
f 6504 6515 6507
f 6504 6512 6515
f 6510 6515 6512
f 6510 6513 6515
f 6507 6516 6508
f 6507 6515 6516
f 6513 6516 6515
f 6513 6514 6516
f 2183 6517 3983
f 2183 4778 6517
f 3983 6518 3984
f 3983 6517 6518
f 4778 6519 6517
f 4778 4780 6519
f 6517 6520 6518
f 6517 6519 6520
f 3984 6521 3987
f 3984 6518 6521
f 3987 6522 3988
f 3987 6521 6522
f 6518 6523 6521
f 6518 6520 6523
f 6521 6524 6522
f 6521 6523 6524
f 4780 6525 6519
f 4780 4786 6525
f 6519 6526 6520
f 6519 6525 6526
f 4786 6527 6525
f 4786 4788 6527
f 6525 6528 6526
f 6525 6527 6528
f 6520 6529 6523
f 6520 6526 6529
f 6523 6530 6524
f 6523 6529 6530
f 6526 6531 6529
f 6526 6528 6531
f 6529 6532 6530
f 6529 6531 6532
f 3988 6533 3999
f 3988 6522 6533
f 3999 6534 4000
f 3999 6533 6534
f 6522 6535 6533
f 6522 6524 6535
f 6533 6536 6534
f 6533 6535 6536
f 4000 6537 4003
f 4000 6534 6537
f 4003 6538 4004
f 4003 6537 6538
f 6534 6539 6537
f 6534 6536 6539
f 6537 6540 6538
f 6537 6539 6540
f 6524 6541 6535
f 6524 6530 6541
f 6535 6542 6536
f 6535 6541 6542
f 6530 6543 6541
f 6530 6532 6543
f 6541 6544 6542
f 6541 6543 6544
f 6536 6545 6539
f 6536 6542 6545
f 6539 6546 6540
f 6539 6545 6546
f 6542 6547 6545
f 6542 6544 6547
f 6545 6548 6546
f 6545 6547 6548
f 2215 6549 4810
f 2215 4015 6549
f 4015 6550 6549
f 4015 4016 6550
f 4810 6551 4812
f 4810 6549 6551
f 6549 6552 6551
f 6549 6550 6552
f 4016 6553 6550
f 4016 4019 6553
f 4019 6554 6553
f 4019 4020 6554
f 6550 6555 6552
f 6550 6553 6555
f 6553 6556 6555
f 6553 6554 6556
f 4812 6557 4818
f 4812 6551 6557
f 6551 6558 6557
f 6551 6552 6558
f 4818 6559 4820
f 4818 6557 6559
f 6557 6560 6559
f 6557 6558 6560
f 6552 6561 6558
f 6552 6555 6561
f 6555 6562 6561
f 6555 6556 6562
f 6558 6563 6560
f 6558 6561 6563
f 6561 6564 6563
f 6561 6562 6564
f 4020 6565 6554
f 4020 4031 6565
f 4031 6566 6565
f 4031 4032 6566
f 6554 6567 6556
f 6554 6565 6567
f 6565 6568 6567
f 6565 6566 6568
f 4032 6569 6566
f 4032 4035 6569
f 4035 6570 6569
f 4035 4036 6570
f 6566 6571 6568
f 6566 6569 6571
f 6569 6572 6571
f 6569 6570 6572
f 6556 6573 6562
f 6556 6567 6573
f 6567 6574 6573
f 6567 6568 6574
f 6562 6575 6564
f 6562 6573 6575
f 6573 6576 6575
f 6573 6574 6576
f 6568 6577 6574
f 6568 6571 6577
f 6571 6578 6577
f 6571 6572 6578
f 6574 6579 6576
f 6574 6577 6579
f 6577 6580 6579
f 6577 6578 6580
f 4788 6581 6527
f 4788 4842 6581
f 6527 6582 6528
f 6527 6581 6582
f 4842 6583 6581
f 4842 4844 6583
f 6581 6584 6582
f 6581 6583 6584
f 6528 6585 6531
f 6528 6582 6585
f 6531 6586 6532
f 6531 6585 6586
f 6582 6587 6585
f 6582 6584 6587
f 6585 6588 6586
f 6585 6587 6588
f 4844 6589 6583
f 4844 4850 6589
f 6583 6590 6584
f 6583 6589 6590
f 4850 6591 6589
f 4850 4852 6591
f 6589 6592 6590
f 6589 6591 6592
f 6584 6593 6587
f 6584 6590 6593
f 6587 6594 6588
f 6587 6593 6594
f 6590 6595 6593
f 6590 6592 6595
f 6593 6596 6594
f 6593 6595 6596
f 6532 6597 6543
f 6532 6586 6597
f 6543 6598 6544
f 6543 6597 6598
f 6586 6599 6597
f 6586 6588 6599
f 6597 6600 6598
f 6597 6599 6600
f 6544 6601 6547
f 6544 6598 6601
f 6547 6602 6548
f 6547 6601 6602
f 6598 6603 6601
f 6598 6600 6603
f 6601 6604 6602
f 6601 6603 6604
f 6588 6605 6599
f 6588 6594 6605
f 6599 6606 6600
f 6599 6605 6606
f 6594 6607 6605
f 6594 6596 6607
f 6605 6608 6606
f 6605 6607 6608
f 6600 6609 6603
f 6600 6606 6609
f 6603 6610 6604
f 6603 6609 6610
f 6606 6611 6609
f 6606 6608 6611
f 6609 6612 6610
f 6609 6611 6612
f 4820 6613 4874
f 4820 6559 6613
f 6559 6614 6613
f 6559 6560 6614
f 4874 6615 4876
f 4874 6613 6615
f 6613 6616 6615
f 6613 6614 6616
f 6560 6617 6614
f 6560 6563 6617
f 6563 6618 6617
f 6563 6564 6618
f 6614 6619 6616
f 6614 6617 6619
f 6617 6620 6619
f 6617 6618 6620
f 4876 6621 4882
f 4876 6615 6621
f 6615 6622 6621
f 6615 6616 6622
f 4882 6623 4884
f 4882 6621 6623
f 6621 6624 6623
f 6621 6622 6624
f 6616 6625 6622
f 6616 6619 6625
f 6619 6626 6625
f 6619 6620 6626
f 6622 6627 6624
f 6622 6625 6627
f 6625 6628 6627
f 6625 6626 6628
f 6564 6629 6618
f 6564 6575 6629
f 6575 6630 6629
f 6575 6576 6630
f 6618 6631 6620
f 6618 6629 6631
f 6629 6632 6631
f 6629 6630 6632
f 6576 6633 6630
f 6576 6579 6633
f 6579 6634 6633
f 6579 6580 6634
f 6630 6635 6632
f 6630 6633 6635
f 6633 6636 6635
f 6633 6634 6636
f 6620 6637 6626
f 6620 6631 6637
f 6631 6638 6637
f 6631 6632 6638
f 6626 6639 6628
f 6626 6637 6639
f 6637 6640 6639
f 6637 6638 6640
f 6632 6641 6638
f 6632 6635 6641
f 6635 6642 6641
f 6635 6636 6642
f 6638 6643 6640
f 6638 6641 6643
f 6641 6644 6643
f 6641 6642 6644
f 4004 6645 4111
f 4004 6538 6645
f 4111 6646 4112
f 4111 6645 6646
f 6538 6647 6645
f 6538 6540 6647
f 6645 6648 6646
f 6645 6647 6648
f 4112 6649 4115
f 4112 6646 6649
f 4115 6650 4116
f 4115 6649 6650
f 6646 6651 6649
f 6646 6648 6651
f 6649 6652 6650
f 6649 6651 6652
f 6540 6653 6647
f 6540 6546 6653
f 6647 6654 6648
f 6647 6653 6654
f 6546 6655 6653
f 6546 6548 6655
f 6653 6656 6654
f 6653 6655 6656
f 6648 6657 6651
f 6648 6654 6657
f 6651 6658 6652
f 6651 6657 6658
f 6654 6659 6657
f 6654 6656 6659
f 6657 6660 6658
f 6657 6659 6660
f 4116 6661 4127
f 4116 6650 6661
f 4127 6662 4128
f 4127 6661 6662
f 6650 6663 6661
f 6650 6652 6663
f 6661 6664 6662
f 6661 6663 6664
f 4128 6665 4131
f 4128 6662 6665
f 4131 6666 4132
f 4131 6665 6666
f 6662 6667 6665
f 6662 6664 6667
f 6665 6668 6666
f 6665 6667 6668
f 6652 6669 6663
f 6652 6658 6669
f 6663 6670 6664
f 6663 6669 6670
f 6658 6671 6669
f 6658 6660 6671
f 6669 6672 6670
f 6669 6671 6672
f 6664 6673 6667
f 6664 6670 6673
f 6667 6674 6668
f 6667 6673 6674
f 6670 6675 6673
f 6670 6672 6675
f 6673 6676 6674
f 6673 6675 6676
f 4036 6677 6570
f 4036 4143 6677
f 4143 6678 6677
f 4143 4144 6678
f 6570 6679 6572
f 6570 6677 6679
f 6677 6680 6679
f 6677 6678 6680
f 4144 6681 6678
f 4144 4147 6681
f 4147 6682 6681
f 4147 4148 6682
f 6678 6683 6680
f 6678 6681 6683
f 6681 6684 6683
f 6681 6682 6684
f 6572 6685 6578
f 6572 6679 6685
f 6679 6686 6685
f 6679 6680 6686
f 6578 6687 6580
f 6578 6685 6687
f 6685 6688 6687
f 6685 6686 6688
f 6680 6689 6686
f 6680 6683 6689
f 6683 6690 6689
f 6683 6684 6690
f 6686 6691 6688
f 6686 6689 6691
f 6689 6692 6691
f 6689 6690 6692
f 4148 6693 6682
f 4148 4159 6693
f 4159 6694 6693
f 4159 4160 6694
f 6682 6695 6684
f 6682 6693 6695
f 6693 6696 6695
f 6693 6694 6696
f 4160 6697 6694
f 4160 4163 6697
f 4163 6698 6697
f 4163 4164 6698
f 6694 6699 6696
f 6694 6697 6699
f 6697 6700 6699
f 6697 6698 6700
f 6684 6701 6690
f 6684 6695 6701
f 6695 6702 6701
f 6695 6696 6702
f 6690 6703 6692
f 6690 6701 6703
f 6701 6704 6703
f 6701 6702 6704
f 6696 6705 6702
f 6696 6699 6705
f 6699 6706 6705
f 6699 6700 6706
f 6702 6707 6704
f 6702 6705 6707
f 6705 6708 6707
f 6705 6706 6708
f 6548 6709 6655
f 6548 6602 6709
f 6655 6710 6656
f 6655 6709 6710
f 6602 6711 6709
f 6602 6604 6711
f 6709 6712 6710
f 6709 6711 6712
f 6656 6713 6659
f 6656 6710 6713
f 6659 6714 6660
f 6659 6713 6714
f 6710 6715 6713
f 6710 6712 6715
f 6713 6716 6714
f 6713 6715 6716
f 6604 6717 6711
f 6604 6610 6717
f 6711 6718 6712
f 6711 6717 6718
f 6610 6719 6717
f 6610 6612 6719
f 6717 6720 6718
f 6717 6719 6720
f 6712 6721 6715
f 6712 6718 6721
f 6715 6722 6716
f 6715 6721 6722
f 6718 6723 6721
f 6718 6720 6723
f 6721 6724 6722
f 6721 6723 6724
f 6660 6725 6671
f 6660 6714 6725
f 6671 6726 6672
f 6671 6725 6726
f 6714 6727 6725
f 6714 6716 6727
f 6725 6728 6726
f 6725 6727 6728
f 6672 6729 6675
f 6672 6726 6729
f 6675 6730 6676
f 6675 6729 6730
f 6726 6731 6729
f 6726 6728 6731
f 6729 6732 6730
f 6729 6731 6732
f 6716 6733 6727
f 6716 6722 6733
f 6727 6734 6728
f 6727 6733 6734
f 6722 6735 6733
f 6722 6724 6735
f 6733 6736 6734
f 6733 6735 6736
f 6728 6737 6731
f 6728 6734 6737
f 6731 6738 6732
f 6731 6737 6738
f 6734 6739 6737
f 6734 6736 6739
f 6737 6740 6738
f 6737 6739 6740
f 6580 6741 6634
f 6580 6687 6741
f 6687 6742 6741
f 6687 6688 6742
f 6634 6743 6636
f 6634 6741 6743
f 6741 6744 6743
f 6741 6742 6744
f 6688 6745 6742
f 6688 6691 6745
f 6691 6746 6745
f 6691 6692 6746
f 6742 6747 6744
f 6742 6745 6747
f 6745 6748 6747
f 6745 6746 6748
f 6636 6749 6642
f 6636 6743 6749
f 6743 6750 6749
f 6743 6744 6750
f 6642 6751 6644
f 6642 6749 6751
f 6749 6752 6751
f 6749 6750 6752
f 6744 6753 6750
f 6744 6747 6753
f 6747 6754 6753
f 6747 6748 6754
f 6750 6755 6752
f 6750 6753 6755
f 6753 6756 6755
f 6753 6754 6756
f 6692 6757 6746
f 6692 6703 6757
f 6703 6758 6757
f 6703 6704 6758
f 6746 6759 6748
f 6746 6757 6759
f 6757 6760 6759
f 6757 6758 6760
f 6704 6761 6758
f 6704 6707 6761
f 6707 6762 6761
f 6707 6708 6762
f 6758 6763 6760
f 6758 6761 6763
f 6761 6764 6763
f 6761 6762 6764
f 6748 6765 6754
f 6748 6759 6765
f 6759 6766 6765
f 6759 6760 6766
f 6754 6767 6756
f 6754 6765 6767
f 6765 6768 6767
f 6765 6766 6768
f 6760 6769 6766
f 6760 6763 6769
f 6763 6770 6769
f 6763 6764 6770
f 6766 6771 6768
f 6766 6769 6771
f 6769 6772 6771
f 6769 6770 6772
f 4852 6773 6591
f 4852 5034 6773
f 6591 6774 6592
f 6591 6773 6774
f 5034 6775 6773
f 5034 5036 6775
f 6773 6776 6774
f 6773 6775 6776
f 6592 6777 6595
f 6592 6774 6777
f 6595 6778 6596
f 6595 6777 6778
f 6774 6779 6777
f 6774 6776 6779
f 6777 6780 6778
f 6777 6779 6780
f 5036 6781 6775
f 5036 5042 6781
f 6775 6782 6776
f 6775 6781 6782
f 5042 6783 6781
f 5042 5044 6783
f 6781 6784 6782
f 6781 6783 6784
f 6776 6785 6779
f 6776 6782 6785
f 6779 6786 6780
f 6779 6785 6786
f 6782 6787 6785
f 6782 6784 6787
f 6785 6788 6786
f 6785 6787 6788
f 6596 6789 6607
f 6596 6778 6789
f 6607 6790 6608
f 6607 6789 6790
f 6778 6791 6789
f 6778 6780 6791
f 6789 6792 6790
f 6789 6791 6792
f 6608 6793 6611
f 6608 6790 6793
f 6611 6794 6612
f 6611 6793 6794
f 6790 6795 6793
f 6790 6792 6795
f 6793 6796 6794
f 6793 6795 6796
f 6780 6797 6791
f 6780 6786 6797
f 6791 6798 6792
f 6791 6797 6798
f 6786 6799 6797
f 6786 6788 6799
f 6797 6800 6798
f 6797 6799 6800
f 6792 6801 6795
f 6792 6798 6801
f 6795 6802 6796
f 6795 6801 6802
f 6798 6803 6801
f 6798 6800 6803
f 6801 6804 6802
f 6801 6803 6804
f 4884 6805 5066
f 4884 6623 6805
f 6623 6806 6805
f 6623 6624 6806
f 5066 6807 5068
f 5066 6805 6807
f 6805 6808 6807
f 6805 6806 6808
f 6624 6809 6806
f 6624 6627 6809
f 6627 6810 6809
f 6627 6628 6810
f 6806 6811 6808
f 6806 6809 6811
f 6809 6812 6811
f 6809 6810 6812
f 5068 6813 5074
f 5068 6807 6813
f 6807 6814 6813
f 6807 6808 6814
f 5074 6815 5076
f 5074 6813 6815
f 6813 6816 6815
f 6813 6814 6816
f 6808 6817 6814
f 6808 6811 6817
f 6811 6818 6817
f 6811 6812 6818
f 6814 6819 6816
f 6814 6817 6819
f 6817 6820 6819
f 6817 6818 6820
f 6628 6821 6810
f 6628 6639 6821
f 6639 6822 6821
f 6639 6640 6822
f 6810 6823 6812
f 6810 6821 6823
f 6821 6824 6823
f 6821 6822 6824
f 6640 6825 6822
f 6640 6643 6825
f 6643 6826 6825
f 6643 6644 6826
f 6822 6827 6824
f 6822 6825 6827
f 6825 6828 6827
f 6825 6826 6828
f 6812 6829 6818
f 6812 6823 6829
f 6823 6830 6829
f 6823 6824 6830
f 6818 6831 6820
f 6818 6829 6831
f 6829 6832 6831
f 6829 6830 6832
f 6824 6833 6830
f 6824 6827 6833
f 6827 6834 6833
f 6827 6828 6834
f 6830 6835 6832
f 6830 6833 6835
f 6833 6836 6835
f 6833 6834 6836
f 5044 6837 6783
f 5044 5098 6837
f 6783 6838 6784
f 6783 6837 6838
f 5098 6839 6837
f 5098 5100 6839
f 6837 6840 6838
f 6837 6839 6840
f 6784 6841 6787
f 6784 6838 6841
f 6787 6842 6788
f 6787 6841 6842
f 6838 6843 6841
f 6838 6840 6843
f 6841 6844 6842
f 6841 6843 6844
f 5100 6845 6839
f 5100 5106 6845
f 6839 6846 6840
f 6839 6845 6846
f 5106 6847 6845
f 5106 5108 6847
f 6845 6848 6846
f 6845 6847 6848
f 6840 6849 6843
f 6840 6846 6849
f 6843 6850 6844
f 6843 6849 6850
f 6846 6851 6849
f 6846 6848 6851
f 6849 6852 6850
f 6849 6851 6852
f 6788 6853 6799
f 6788 6842 6853
f 6799 6854 6800
f 6799 6853 6854
f 6842 6855 6853
f 6842 6844 6855
f 6853 6856 6854
f 6853 6855 6856
f 6800 6857 6803
f 6800 6854 6857
f 6803 6858 6804
f 6803 6857 6858
f 6854 6859 6857
f 6854 6856 6859
f 6857 6860 6858
f 6857 6859 6860
f 6844 6861 6855
f 6844 6850 6861
f 6855 6862 6856
f 6855 6861 6862
f 6850 6863 6861
f 6850 6852 6863
f 6861 6864 6862
f 6861 6863 6864
f 6856 6865 6859
f 6856 6862 6865
f 6859 6866 6860
f 6859 6865 6866
f 6862 6867 6865
f 6862 6864 6867
f 6865 6868 6866
f 6865 6867 6868
f 5076 6869 5130
f 5076 6815 6869
f 6815 6870 6869
f 6815 6816 6870
f 5130 6871 5132
f 5130 6869 6871
f 6869 6872 6871
f 6869 6870 6872
f 6816 6873 6870
f 6816 6819 6873
f 6819 6874 6873
f 6819 6820 6874
f 6870 6875 6872
f 6870 6873 6875
f 6873 6876 6875
f 6873 6874 6876
f 5132 6877 5138
f 5132 6871 6877
f 6871 6878 6877
f 6871 6872 6878
f 5138 6879 5140
f 5138 6877 6879
f 6877 6880 6879
f 6877 6878 6880
f 6872 6881 6878
f 6872 6875 6881
f 6875 6882 6881
f 6875 6876 6882
f 6878 6883 6880
f 6878 6881 6883
f 6881 6884 6883
f 6881 6882 6884
f 6820 6885 6874
f 6820 6831 6885
f 6831 6886 6885
f 6831 6832 6886
f 6874 6887 6876
f 6874 6885 6887
f 6885 6888 6887
f 6885 6886 6888
f 6832 6889 6886
f 6832 6835 6889
f 6835 6890 6889
f 6835 6836 6890
f 6886 6891 6888
f 6886 6889 6891
f 6889 6892 6891
f 6889 6890 6892
f 6876 6893 6882
f 6876 6887 6893
f 6887 6894 6893
f 6887 6888 6894
f 6882 6895 6884
f 6882 6893 6895
f 6893 6896 6895
f 6893 6894 6896
f 6888 6897 6894
f 6888 6891 6897
f 6891 6898 6897
f 6891 6892 6898
f 6894 6899 6896
f 6894 6897 6899
f 6897 6900 6899
f 6897 6898 6900
f 6612 6901 6719
f 6612 6794 6901
f 6719 6902 6720
f 6719 6901 6902
f 6794 6903 6901
f 6794 6796 6903
f 6901 6904 6902
f 6901 6903 6904
f 6720 6905 6723
f 6720 6902 6905
f 6723 6906 6724
f 6723 6905 6906
f 6902 6907 6905
f 6902 6904 6907
f 6905 6908 6906
f 6905 6907 6908
f 6796 6909 6903
f 6796 6802 6909
f 6903 6910 6904
f 6903 6909 6910
f 6802 6911 6909
f 6802 6804 6911
f 6909 6912 6910
f 6909 6911 6912
f 6904 6913 6907
f 6904 6910 6913
f 6907 6914 6908
f 6907 6913 6914
f 6910 6915 6913
f 6910 6912 6915
f 6913 6916 6914
f 6913 6915 6916
f 6724 6917 6735
f 6724 6906 6917
f 6735 6918 6736
f 6735 6917 6918
f 6906 6919 6917
f 6906 6908 6919
f 6917 6920 6918
f 6917 6919 6920
f 6736 6921 6739
f 6736 6918 6921
f 6739 6922 6740
f 6739 6921 6922
f 6918 6923 6921
f 6918 6920 6923
f 6921 6924 6922
f 6921 6923 6924
f 6908 6925 6919
f 6908 6914 6925
f 6919 6926 6920
f 6919 6925 6926
f 6914 6927 6925
f 6914 6916 6927
f 6925 6928 6926
f 6925 6927 6928
f 6920 6929 6923
f 6920 6926 6929
f 6923 6930 6924
f 6923 6929 6930
f 6926 6931 6929
f 6926 6928 6931
f 6929 6932 6930
f 6929 6931 6932
f 6644 6933 6826
f 6644 6751 6933
f 6751 6934 6933
f 6751 6752 6934
f 6826 6935 6828
f 6826 6933 6935
f 6933 6936 6935
f 6933 6934 6936
f 6752 6937 6934
f 6752 6755 6937
f 6755 6938 6937
f 6755 6756 6938
f 6934 6939 6936
f 6934 6937 6939
f 6937 6940 6939
f 6937 6938 6940
f 6828 6941 6834
f 6828 6935 6941
f 6935 6942 6941
f 6935 6936 6942
f 6834 6943 6836
f 6834 6941 6943
f 6941 6944 6943
f 6941 6942 6944
f 6936 6945 6942
f 6936 6939 6945
f 6939 6946 6945
f 6939 6940 6946
f 6942 6947 6944
f 6942 6945 6947
f 6945 6948 6947
f 6945 6946 6948
f 6756 6949 6938
f 6756 6767 6949
f 6767 6950 6949
f 6767 6768 6950
f 6938 6951 6940
f 6938 6949 6951
f 6949 6952 6951
f 6949 6950 6952
f 6768 6953 6950
f 6768 6771 6953
f 6771 6954 6953
f 6771 6772 6954
f 6950 6955 6952
f 6950 6953 6955
f 6953 6956 6955
f 6953 6954 6956
f 6940 6957 6946
f 6940 6951 6957
f 6951 6958 6957
f 6951 6952 6958
f 6946 6959 6948
f 6946 6957 6959
f 6957 6960 6959
f 6957 6958 6960
f 6952 6961 6958
f 6952 6955 6961
f 6955 6962 6961
f 6955 6956 6962
f 6958 6963 6960
f 6958 6961 6963
f 6961 6964 6963
f 6961 6962 6964
f 6804 6965 6911
f 6804 6858 6965
f 6911 6966 6912
f 6911 6965 6966
f 6858 6967 6965
f 6858 6860 6967
f 6965 6968 6966
f 6965 6967 6968
f 6912 6969 6915
f 6912 6966 6969
f 6915 6970 6916
f 6915 6969 6970
f 6966 6971 6969
f 6966 6968 6971
f 6969 6972 6970
f 6969 6971 6972
f 6860 6973 6967
f 6860 6866 6973
f 6967 6974 6968
f 6967 6973 6974
f 6866 6975 6973
f 6866 6868 6975
f 6973 6976 6974
f 6973 6975 6976
f 6968 6977 6971
f 6968 6974 6977
f 6971 6978 6972
f 6971 6977 6978
f 6974 6979 6977
f 6974 6976 6979
f 6977 6980 6978
f 6977 6979 6980
f 6916 6981 6927
f 6916 6970 6981
f 6927 6982 6928
f 6927 6981 6982
f 6970 6983 6981
f 6970 6972 6983
f 6981 6984 6982
f 6981 6983 6984
f 6928 6985 6931
f 6928 6982 6985
f 6931 6986 6932
f 6931 6985 6986
f 6982 6987 6985
f 6982 6984 6987
f 6985 6988 6986
f 6985 6987 6988
f 6972 6989 6983
f 6972 6978 6989
f 6983 6990 6984
f 6983 6989 6990
f 6978 6991 6989
f 6978 6980 6991
f 6989 6992 6990
f 6989 6991 6992
f 6984 6993 6987
f 6984 6990 6993
f 6987 6994 6988
f 6987 6993 6994
f 6990 6995 6993
f 6990 6992 6995
f 6993 6996 6994
f 6993 6995 6996
f 6836 6997 6890
f 6836 6943 6997
f 6943 6998 6997
f 6943 6944 6998
f 6890 6999 6892
f 6890 6997 6999
f 6997 7000 6999
f 6997 6998 7000
f 6944 7001 6998
f 6944 6947 7001
f 6947 7002 7001
f 6947 6948 7002
f 6998 7003 7000
f 6998 7001 7003
f 7001 7004 7003
f 7001 7002 7004
f 6892 7005 6898
f 6892 6999 7005
f 6999 7006 7005
f 6999 7000 7006
f 6898 7007 6900
f 6898 7005 7007
f 7005 7008 7007
f 7005 7006 7008
f 7000 7009 7006
f 7000 7003 7009
f 7003 7010 7009
f 7003 7004 7010
f 7006 7011 7008
f 7006 7009 7011
f 7009 7012 7011
f 7009 7010 7012
f 6948 7013 7002
f 6948 6959 7013
f 6959 7014 7013
f 6959 6960 7014
f 7002 7015 7004
f 7002 7013 7015
f 7013 7016 7015
f 7013 7014 7016
f 6960 7017 7014
f 6960 6963 7017
f 6963 7018 7017
f 6963 6964 7018
f 7014 7019 7016
f 7014 7017 7019
f 7017 7020 7019
f 7017 7018 7020
f 7004 7021 7010
f 7004 7015 7021
f 7015 7022 7021
f 7015 7016 7022
f 7010 7023 7012
f 7010 7021 7023
f 7021 7024 7023
f 7021 7022 7024
f 7016 7025 7022
f 7016 7019 7025
f 7019 7026 7025
f 7019 7020 7026
f 7022 7027 7024
f 7022 7025 7027
f 7025 7028 7027
f 7025 7026 7028
f 4132 7029 4343
f 4132 6666 7029
f 4343 7030 4344
f 4343 7029 7030
f 6666 7031 7029
f 6666 6668 7031
f 7029 7032 7030
f 7029 7031 7032
f 4344 7033 4347
f 4344 7030 7033
f 4347 7034 4348
f 4347 7033 7034
f 7030 7035 7033
f 7030 7032 7035
f 7033 7036 7034
f 7033 7035 7036
f 6668 7037 7031
f 6668 6674 7037
f 7031 7038 7032
f 7031 7037 7038
f 6674 7039 7037
f 6674 6676 7039
f 7037 7040 7038
f 7037 7039 7040
f 7032 7041 7035
f 7032 7038 7041
f 7035 7042 7036
f 7035 7041 7042
f 7038 7043 7041
f 7038 7040 7043
f 7041 7044 7042
f 7041 7043 7044
f 4164 7045 6698
f 4164 4359 7045
f 4359 7046 7045
f 4359 4360 7046
f 6698 7047 6700
f 6698 7045 7047
f 7045 7048 7047
f 7045 7046 7048
f 4360 7049 7046
f 4360 4363 7049
f 4363 7050 7049
f 4363 4364 7050
f 7046 7051 7048
f 7046 7049 7051
f 7049 7052 7051
f 7049 7050 7052
f 6700 7053 6706
f 6700 7047 7053
f 7047 7054 7053
f 7047 7048 7054
f 6706 7055 6708
f 6706 7053 7055
f 7053 7056 7055
f 7053 7054 7056
f 7048 7057 7054
f 7048 7051 7057
f 7051 7058 7057
f 7051 7052 7058
f 7054 7059 7056
f 7054 7057 7059
f 7057 7060 7059
f 7057 7058 7060
f 4379 7062 4380
f 4379 7061 7062
f 7061 7064 7062
f 7061 7063 7064
f 4364 7065 7050
f 4364 4383 7065
f 4383 7066 7065
f 4383 4384 7066
f 7050 7067 7052
f 7050 7065 7067
f 7065 7068 7067
f 7065 7066 7068
f 4384 7069 7066
f 4384 4387 7069
f 4387 7070 7069
f 4387 4388 7070
f 4380 7070 4388
f 4380 7062 7070
f 7066 7071 7068
f 7066 7069 7071
f 7069 7072 7071
f 7069 7070 7072
f 7062 7072 7070
f 7062 7064 7072
f 7063 7074 7064
f 7063 7073 7074
f 7073 7076 7074
f 7073 7075 7076
f 7052 7077 7058
f 7052 7067 7077
f 7067 7078 7077
f 7067 7068 7078
f 7058 7079 7060
f 7058 7077 7079
f 7077 7080 7079
f 7077 7078 7080
f 7068 7081 7078
f 7068 7071 7081
f 7071 7082 7081
f 7071 7072 7082
f 7064 7082 7072
f 7064 7074 7082
f 7078 7083 7080
f 7078 7081 7083
f 7081 7084 7083
f 7081 7082 7084
f 7074 7084 7082
f 7074 7076 7084
f 6676 7085 7039
f 6676 6730 7085
f 7039 7086 7040
f 7039 7085 7086
f 6730 7087 7085
f 6730 6732 7087
f 7085 7088 7086
f 7085 7087 7088
f 7040 7089 7043
f 7040 7086 7089
f 7043 7090 7044
f 7043 7089 7090
f 7086 7091 7089
f 7086 7088 7091
f 7089 7092 7090
f 7089 7091 7092
f 6732 7093 7087
f 6732 6738 7093
f 7087 7094 7088
f 7087 7093 7094
f 6738 7095 7093
f 6738 6740 7095
f 7093 7096 7094
f 7093 7095 7096
f 7088 7097 7091
f 7088 7094 7097
f 7091 7098 7092
f 7091 7097 7098
f 7094 7099 7097
f 7094 7096 7099
f 7097 7100 7098
f 7097 7099 7100
f 6708 7101 6762
f 6708 7055 7101
f 7055 7102 7101
f 7055 7056 7102
f 6762 7103 6764
f 6762 7101 7103
f 7101 7104 7103
f 7101 7102 7104
f 7056 7105 7102
f 7056 7059 7105
f 7059 7106 7105
f 7059 7060 7106
f 7102 7107 7104
f 7102 7105 7107
f 7105 7108 7107
f 7105 7106 7108
f 6764 7109 6770
f 6764 7103 7109
f 7103 7110 7109
f 7103 7104 7110
f 6770 7111 6772
f 6770 7109 7111
f 7109 7112 7111
f 7109 7110 7112
f 7104 7113 7110
f 7104 7107 7113
f 7107 7114 7113
f 7107 7108 7114
f 7110 7115 7112
f 7110 7113 7115
f 7113 7116 7115
f 7113 7114 7116
f 7075 7118 7076
f 7075 7117 7118
f 7117 7120 7118
f 7117 7119 7120
f 7060 7121 7106
f 7060 7079 7121
f 7079 7122 7121
f 7079 7080 7122
f 7106 7123 7108
f 7106 7121 7123
f 7121 7124 7123
f 7121 7122 7124
f 7080 7125 7122
f 7080 7083 7125
f 7083 7126 7125
f 7083 7084 7126
f 7076 7126 7084
f 7076 7118 7126
f 7122 7127 7124
f 7122 7125 7127
f 7125 7128 7127
f 7125 7126 7128
f 7118 7128 7126
f 7118 7120 7128
f 7119 7130 7120
f 7119 7129 7130
f 7129 7132 7130
f 7129 7131 7132
f 7108 7133 7114
f 7108 7123 7133
f 7123 7134 7133
f 7123 7124 7134
f 7114 7135 7116
f 7114 7133 7135
f 7133 7136 7135
f 7133 7134 7136
f 7124 7137 7134
f 7124 7127 7137
f 7127 7138 7137
f 7127 7128 7138
f 7120 7138 7128
f 7120 7130 7138
f 7134 7139 7136
f 7134 7137 7139
f 7137 7140 7139
f 7137 7138 7140
f 7130 7140 7138
f 7130 7132 7140
f 6740 7141 7095
f 6740 6922 7141
f 7095 7142 7096
f 7095 7141 7142
f 6922 7143 7141
f 6922 6924 7143
f 7141 7144 7142
f 7141 7143 7144
f 7096 7145 7099
f 7096 7142 7145
f 7099 7146 7100
f 7099 7145 7146
f 7142 7147 7145
f 7142 7144 7147
f 7145 7148 7146
f 7145 7147 7148
f 6924 7149 7143
f 6924 6930 7149
f 7143 7150 7144
f 7143 7149 7150
f 6930 7151 7149
f 6930 6932 7151
f 7149 7152 7150
f 7149 7151 7152
f 7144 7153 7147
f 7144 7150 7153
f 7147 7154 7148
f 7147 7153 7154
f 7150 7155 7153
f 7150 7152 7155
f 7153 7156 7154
f 7153 7155 7156
f 6772 7157 6954
f 6772 7111 7157
f 7111 7158 7157
f 7111 7112 7158
f 6954 7159 6956
f 6954 7157 7159
f 7157 7160 7159
f 7157 7158 7160
f 7112 7161 7158
f 7112 7115 7161
f 7115 7162 7161
f 7115 7116 7162
f 7158 7163 7160
f 7158 7161 7163
f 7161 7164 7163
f 7161 7162 7164
f 6956 7165 6962
f 6956 7159 7165
f 7159 7166 7165
f 7159 7160 7166
f 6962 7167 6964
f 6962 7165 7167
f 7165 7168 7167
f 7165 7166 7168
f 7160 7169 7166
f 7160 7163 7169
f 7163 7170 7169
f 7163 7164 7170
f 7166 7171 7168
f 7166 7169 7171
f 7169 7172 7171
f 7169 7170 7172
f 7131 7174 7132
f 7131 7173 7174
f 7173 7176 7174
f 7173 7175 7176
f 7116 7177 7162
f 7116 7135 7177
f 7135 7178 7177
f 7135 7136 7178
f 7162 7179 7164
f 7162 7177 7179
f 7177 7180 7179
f 7177 7178 7180
f 7136 7181 7178
f 7136 7139 7181
f 7139 7182 7181
f 7139 7140 7182
f 7132 7182 7140
f 7132 7174 7182
f 7178 7183 7180
f 7178 7181 7183
f 7181 7184 7183
f 7181 7182 7184
f 7174 7184 7182
f 7174 7176 7184
f 7175 7186 7176
f 7175 7185 7186
f 7185 7188 7186
f 7185 7187 7188
f 7164 7189 7170
f 7164 7179 7189
f 7179 7190 7189
f 7179 7180 7190
f 7170 7191 7172
f 7170 7189 7191
f 7189 7192 7191
f 7189 7190 7192
f 7180 7193 7190
f 7180 7183 7193
f 7183 7194 7193
f 7183 7184 7194
f 7176 7194 7184
f 7176 7186 7194
f 7190 7195 7192
f 7190 7193 7195
f 7193 7196 7195
f 7193 7194 7196
f 7186 7196 7194
f 7186 7188 7196
f 6932 7197 7151
f 6932 6986 7197
f 7151 7198 7152
f 7151 7197 7198
f 6986 7199 7197
f 6986 6988 7199
f 7197 7200 7198
f 7197 7199 7200
f 7152 7201 7155
f 7152 7198 7201
f 7155 7202 7156
f 7155 7201 7202
f 7198 7203 7201
f 7198 7200 7203
f 7201 7204 7202
f 7201 7203 7204
f 6988 7205 7199
f 6988 6994 7205
f 7199 7206 7200
f 7199 7205 7206
f 6994 7207 7205
f 6994 6996 7207
f 7205 7208 7206
f 7205 7207 7208
f 7200 7209 7203
f 7200 7206 7209
f 7203 7210 7204
f 7203 7209 7210
f 7206 7211 7209
f 7206 7208 7211
f 7209 7212 7210
f 7209 7211 7212
f 6964 7213 7018
f 6964 7167 7213
f 7167 7214 7213
f 7167 7168 7214
f 7018 7215 7020
f 7018 7213 7215
f 7213 7216 7215
f 7213 7214 7216
f 7168 7217 7214
f 7168 7171 7217
f 7171 7218 7217
f 7171 7172 7218
f 7214 7219 7216
f 7214 7217 7219
f 7217 7220 7219
f 7217 7218 7220
f 7020 7221 7026
f 7020 7215 7221
f 7215 7222 7221
f 7215 7216 7222
f 7026 7223 7028
f 7026 7221 7223
f 7221 7224 7223
f 7221 7222 7224
f 7216 7225 7222
f 7216 7219 7225
f 7219 7226 7225
f 7219 7220 7226
f 7222 7227 7224
f 7222 7225 7227
f 7225 7228 7227
f 7225 7226 7228
f 7187 7230 7188
f 7187 7229 7230
f 7229 7232 7230
f 7229 7231 7232
f 7172 7233 7218
f 7172 7191 7233
f 7191 7234 7233
f 7191 7192 7234
f 7218 7235 7220
f 7218 7233 7235
f 7233 7236 7235
f 7233 7234 7236
f 7192 7237 7234
f 7192 7195 7237
f 7195 7238 7237
f 7195 7196 7238
f 7188 7238 7196
f 7188 7230 7238
f 7234 7239 7236
f 7234 7237 7239
f 7237 7240 7239
f 7237 7238 7240
f 7230 7240 7238
f 7230 7232 7240
f 7231 7242 7232
f 7231 7241 7242
f 7241 7244 7242
f 7241 7243 7244
f 7220 7245 7226
f 7220 7235 7245
f 7235 7246 7245
f 7235 7236 7246
f 7226 7247 7228
f 7226 7245 7247
f 7245 7248 7247
f 7245 7246 7248
f 7236 7249 7246
f 7236 7239 7249
f 7239 7250 7249
f 7239 7240 7250
f 7232 7250 7240
f 7232 7242 7250
f 7246 7251 7248
f 7246 7249 7251
f 7249 7252 7251
f 7249 7250 7252
f 7242 7252 7250
f 7242 7244 7252
f 5108 7253 6847
f 5108 5530 7253
f 6847 7254 6848
f 6847 7253 7254
f 5530 7255 7253
f 5530 5532 7255
f 7253 7256 7254
f 7253 7255 7256
f 6848 7257 6851
f 6848 7254 7257
f 6851 7258 6852
f 6851 7257 7258
f 7254 7259 7257
f 7254 7256 7259
f 7257 7260 7258
f 7257 7259 7260
f 5532 7261 7255
f 5532 5538 7261
f 7255 7262 7256
f 7255 7261 7262
f 5538 7263 7261
f 5538 5540 7263
f 7261 7264 7262
f 7261 7263 7264
f 7256 7265 7259
f 7256 7262 7265
f 7259 7266 7260
f 7259 7265 7266
f 7262 7267 7265
f 7262 7264 7267
f 7265 7268 7266
f 7265 7267 7268
f 6852 7269 6863
f 6852 7258 7269
f 6863 7270 6864
f 6863 7269 7270
f 7258 7271 7269
f 7258 7260 7271
f 7269 7272 7270
f 7269 7271 7272
f 6864 7273 6867
f 6864 7270 7273
f 6867 7274 6868
f 6867 7273 7274
f 7270 7275 7273
f 7270 7272 7275
f 7273 7276 7274
f 7273 7275 7276
f 7260 7277 7271
f 7260 7266 7277
f 7271 7278 7272
f 7271 7277 7278
f 7266 7279 7277
f 7266 7268 7279
f 7277 7280 7278
f 7277 7279 7280
f 7272 7281 7275
f 7272 7278 7281
f 7275 7282 7276
f 7275 7281 7282
f 7278 7283 7281
f 7278 7280 7283
f 7281 7284 7282
f 7281 7283 7284
f 5140 7285 5562
f 5140 6879 7285
f 6879 7286 7285
f 6879 6880 7286
f 5562 7287 5564
f 5562 7285 7287
f 7285 7288 7287
f 7285 7286 7288
f 6880 7289 7286
f 6880 6883 7289
f 6883 7290 7289
f 6883 6884 7290
f 7286 7291 7288
f 7286 7289 7291
f 7289 7292 7291
f 7289 7290 7292
f 5564 7293 5570
f 5564 7287 7293
f 7287 7294 7293
f 7287 7288 7294
f 5570 7295 5572
f 5570 7293 7295
f 7293 7296 7295
f 7293 7294 7296
f 7288 7297 7294
f 7288 7291 7297
f 7291 7298 7297
f 7291 7292 7298
f 7294 7299 7296
f 7294 7297 7299
f 7297 7300 7299
f 7297 7298 7300
f 6884 7301 7290
f 6884 6895 7301
f 6895 7302 7301
f 6895 6896 7302
f 7290 7303 7292
f 7290 7301 7303
f 7301 7304 7303
f 7301 7302 7304
f 6896 7305 7302
f 6896 6899 7305
f 6899 7306 7305
f 6899 6900 7306
f 7302 7307 7304
f 7302 7305 7307
f 7305 7308 7307
f 7305 7306 7308
f 7292 7309 7298
f 7292 7303 7309
f 7303 7310 7309
f 7303 7304 7310
f 7298 7311 7300
f 7298 7309 7311
f 7309 7312 7311
f 7309 7310 7312
f 7304 7313 7310
f 7304 7307 7313
f 7307 7314 7313
f 7307 7308 7314
f 7310 7315 7312
f 7310 7313 7315
f 7313 7316 7315
f 7313 7314 7316
f 5540 7317 7263
f 5540 5594 7317
f 7263 7318 7264
f 7263 7317 7318
f 5594 7319 7317
f 5594 5596 7319
f 7317 7320 7318
f 7317 7319 7320
f 7264 7321 7267
f 7264 7318 7321
f 7267 7322 7268
f 7267 7321 7322
f 7318 7323 7321
f 7318 7320 7323
f 7321 7324 7322
f 7321 7323 7324
f 5596 7325 7319
f 5596 5602 7325
f 7319 7326 7320
f 7319 7325 7326
f 5602 7327 7325
f 5602 5604 7327
f 7325 7328 7326
f 7325 7327 7328
f 7320 7329 7323
f 7320 7326 7329
f 7323 7330 7324
f 7323 7329 7330
f 7326 7331 7329
f 7326 7328 7331
f 7329 7332 7330
f 7329 7331 7332
f 7268 7333 7279
f 7268 7322 7333
f 7279 7334 7280
f 7279 7333 7334
f 7322 7335 7333
f 7322 7324 7335
f 7333 7336 7334
f 7333 7335 7336
f 7280 7337 7283
f 7280 7334 7337
f 7283 7338 7284
f 7283 7337 7338
f 7334 7339 7337
f 7334 7336 7339
f 7337 7340 7338
f 7337 7339 7340
f 7324 7341 7335
f 7324 7330 7341
f 7335 7342 7336
f 7335 7341 7342
f 7330 7343 7341
f 7330 7332 7343
f 7341 7344 7342
f 7341 7343 7344
f 7336 7345 7339
f 7336 7342 7345
f 7339 7346 7340
f 7339 7345 7346
f 7342 7347 7345
f 7342 7344 7347
f 7345 7348 7346
f 7345 7347 7348
f 5572 7349 5626
f 5572 7295 7349
f 7295 7350 7349
f 7295 7296 7350
f 5626 7351 5628
f 5626 7349 7351
f 7349 7352 7351
f 7349 7350 7352
f 7296 7353 7350
f 7296 7299 7353
f 7299 7354 7353
f 7299 7300 7354
f 7350 7355 7352
f 7350 7353 7355
f 7353 7356 7355
f 7353 7354 7356
f 5628 7357 5634
f 5628 7351 7357
f 7351 7358 7357
f 7351 7352 7358
f 5634 7359 5636
f 5634 7357 7359
f 7357 7360 7359
f 7357 7358 7360
f 7352 7361 7358
f 7352 7355 7361
f 7355 7362 7361
f 7355 7356 7362
f 7358 7363 7360
f 7358 7361 7363
f 7361 7364 7363
f 7361 7362 7364
f 7300 7365 7354
f 7300 7311 7365
f 7311 7366 7365
f 7311 7312 7366
f 7354 7367 7356
f 7354 7365 7367
f 7365 7368 7367
f 7365 7366 7368
f 7312 7369 7366
f 7312 7315 7369
f 7315 7370 7369
f 7315 7316 7370
f 7366 7371 7368
f 7366 7369 7371
f 7369 7372 7371
f 7369 7370 7372
f 7356 7373 7362
f 7356 7367 7373
f 7367 7374 7373
f 7367 7368 7374
f 7362 7375 7364
f 7362 7373 7375
f 7373 7376 7375
f 7373 7374 7376
f 7368 7377 7374
f 7368 7371 7377
f 7371 7378 7377
f 7371 7372 7378
f 7374 7379 7376
f 7374 7377 7379
f 7377 7380 7379
f 7377 7378 7380
f 6868 7381 6975
f 6868 7274 7381
f 6975 7382 6976
f 6975 7381 7382
f 7274 7383 7381
f 7274 7276 7383
f 7381 7384 7382
f 7381 7383 7384
f 6976 7385 6979
f 6976 7382 7385
f 6979 7386 6980
f 6979 7385 7386
f 7382 7387 7385
f 7382 7384 7387
f 7385 7388 7386
f 7385 7387 7388
f 7276 7389 7383
f 7276 7282 7389
f 7383 7390 7384
f 7383 7389 7390
f 7282 7391 7389
f 7282 7284 7391
f 7389 7392 7390
f 7389 7391 7392
f 7384 7393 7387
f 7384 7390 7393
f 7387 7394 7388
f 7387 7393 7394
f 7390 7395 7393
f 7390 7392 7395
f 7393 7396 7394
f 7393 7395 7396
f 6980 7397 6991
f 6980 7386 7397
f 6991 7398 6992
f 6991 7397 7398
f 7386 7399 7397
f 7386 7388 7399
f 7397 7400 7398
f 7397 7399 7400
f 6992 7401 6995
f 6992 7398 7401
f 6995 7402 6996
f 6995 7401 7402
f 7398 7403 7401
f 7398 7400 7403
f 7401 7404 7402
f 7401 7403 7404
f 7388 7405 7399
f 7388 7394 7405
f 7399 7406 7400
f 7399 7405 7406
f 7394 7407 7405
f 7394 7396 7407
f 7405 7408 7406
f 7405 7407 7408
f 7400 7409 7403
f 7400 7406 7409
f 7403 7410 7404
f 7403 7409 7410
f 7406 7411 7409
f 7406 7408 7411
f 7409 7412 7410
f 7409 7411 7412
f 6900 7413 7306
f 6900 7007 7413
f 7007 7414 7413
f 7007 7008 7414
f 7306 7415 7308
f 7306 7413 7415
f 7413 7416 7415
f 7413 7414 7416
f 7008 7417 7414
f 7008 7011 7417
f 7011 7418 7417
f 7011 7012 7418
f 7414 7419 7416
f 7414 7417 7419
f 7417 7420 7419
f 7417 7418 7420
f 7308 7421 7314
f 7308 7415 7421
f 7415 7422 7421
f 7415 7416 7422
f 7314 7423 7316
f 7314 7421 7423
f 7421 7424 7423
f 7421 7422 7424
f 7416 7425 7422
f 7416 7419 7425
f 7419 7426 7425
f 7419 7420 7426
f 7422 7427 7424
f 7422 7425 7427
f 7425 7428 7427
f 7425 7426 7428
f 7012 7429 7418
f 7012 7023 7429
f 7023 7430 7429
f 7023 7024 7430
f 7418 7431 7420
f 7418 7429 7431
f 7429 7432 7431
f 7429 7430 7432
f 7024 7433 7430
f 7024 7027 7433
f 7027 7434 7433
f 7027 7028 7434
f 7430 7435 7432
f 7430 7433 7435
f 7433 7436 7435
f 7433 7434 7436
f 7420 7437 7426
f 7420 7431 7437
f 7431 7438 7437
f 7431 7432 7438
f 7426 7439 7428
f 7426 7437 7439
f 7437 7440 7439
f 7437 7438 7440
f 7432 7441 7438
f 7432 7435 7441
f 7435 7442 7441
f 7435 7436 7442
f 7438 7443 7440
f 7438 7441 7443
f 7441 7444 7443
f 7441 7442 7444
f 7284 7445 7391
f 7284 7338 7445
f 7391 7446 7392
f 7391 7445 7446
f 7338 7447 7445
f 7338 7340 7447
f 7445 7448 7446
f 7445 7447 7448
f 7392 7449 7395
f 7392 7446 7449
f 7395 7450 7396
f 7395 7449 7450
f 7446 7451 7449
f 7446 7448 7451
f 7449 7452 7450
f 7449 7451 7452
f 7340 7453 7447
f 7340 7346 7453
f 7447 7454 7448
f 7447 7453 7454
f 7346 7455 7453
f 7346 7348 7455
f 7453 7456 7454
f 7453 7455 7456
f 7448 7457 7451
f 7448 7454 7457
f 7451 7458 7452
f 7451 7457 7458
f 7454 7459 7457
f 7454 7456 7459
f 7457 7460 7458
f 7457 7459 7460
f 7396 7461 7407
f 7396 7450 7461
f 7407 7462 7408
f 7407 7461 7462
f 7450 7463 7461
f 7450 7452 7463
f 7461 7464 7462
f 7461 7463 7464
f 7408 7465 7411
f 7408 7462 7465
f 7411 7466 7412
f 7411 7465 7466
f 7462 7467 7465
f 7462 7464 7467
f 7465 7468 7466
f 7465 7467 7468
f 7452 7469 7463
f 7452 7458 7469
f 7463 7470 7464
f 7463 7469 7470
f 7458 7471 7469
f 7458 7460 7471
f 7469 7472 7470
f 7469 7471 7472
f 7464 7473 7467
f 7464 7470 7473
f 7467 7474 7468
f 7467 7473 7474
f 7470 7475 7473
f 7470 7472 7475
f 7473 7476 7474
f 7473 7475 7476
f 7316 7477 7370
f 7316 7423 7477
f 7423 7478 7477
f 7423 7424 7478
f 7370 7479 7372
f 7370 7477 7479
f 7477 7480 7479
f 7477 7478 7480
f 7424 7481 7478
f 7424 7427 7481
f 7427 7482 7481
f 7427 7428 7482
f 7478 7483 7480
f 7478 7481 7483
f 7481 7484 7483
f 7481 7482 7484
f 7372 7485 7378
f 7372 7479 7485
f 7479 7486 7485
f 7479 7480 7486
f 7378 7487 7380
f 7378 7485 7487
f 7485 7488 7487
f 7485 7486 7488
f 7480 7489 7486
f 7480 7483 7489
f 7483 7490 7489
f 7483 7484 7490
f 7486 7491 7488
f 7486 7489 7491
f 7489 7492 7491
f 7489 7490 7492
f 7428 7493 7482
f 7428 7439 7493
f 7439 7494 7493
f 7439 7440 7494
f 7482 7495 7484
f 7482 7493 7495
f 7493 7496 7495
f 7493 7494 7496
f 7440 7497 7494
f 7440 7443 7497
f 7443 7498 7497
f 7443 7444 7498
f 7494 7499 7496
f 7494 7497 7499
f 7497 7500 7499
f 7497 7498 7500
f 7484 7501 7490
f 7484 7495 7501
f 7495 7502 7501
f 7495 7496 7502
f 7490 7503 7492
f 7490 7501 7503
f 7501 7504 7503
f 7501 7502 7504
f 7496 7505 7502
f 7496 7499 7505
f 7499 7506 7505
f 7499 7500 7506
f 7502 7507 7504
f 7502 7505 7507
f 7505 7508 7507
f 7505 7506 7508
f 5604 7509 7327
f 5604 5786 7509
f 7327 7510 7328
f 7327 7509 7510
f 5786 7511 7509
f 5786 5788 7511
f 7509 7512 7510
f 7509 7511 7512
f 7328 7513 7331
f 7328 7510 7513
f 7331 7514 7332
f 7331 7513 7514
f 7510 7515 7513
f 7510 7512 7515
f 7513 7516 7514
f 7513 7515 7516
f 5788 7517 7511
f 5788 5794 7517
f 7511 7518 7512
f 7511 7517 7518
f 5794 7519 7517
f 5794 5796 7519
f 7517 7520 7518
f 7517 7519 7520
f 7512 7521 7515
f 7512 7518 7521
f 7515 7522 7516
f 7515 7521 7522
f 7518 7523 7521
f 7518 7520 7523
f 7521 7524 7522
f 7521 7523 7524
f 7332 7525 7343
f 7332 7514 7525
f 7343 7526 7344
f 7343 7525 7526
f 7514 7527 7525
f 7514 7516 7527
f 7525 7528 7526
f 7525 7527 7528
f 7344 7529 7347
f 7344 7526 7529
f 7347 7530 7348
f 7347 7529 7530
f 7526 7531 7529
f 7526 7528 7531
f 7529 7532 7530
f 7529 7531 7532
f 7516 7533 7527
f 7516 7522 7533
f 7527 7534 7528
f 7527 7533 7534
f 7522 7535 7533
f 7522 7524 7535
f 7533 7536 7534
f 7533 7535 7536
f 7528 7537 7531
f 7528 7534 7537
f 7531 7538 7532
f 7531 7537 7538
f 7534 7539 7537
f 7534 7536 7539
f 7537 7540 7538
f 7537 7539 7540
f 5636 7541 5818
f 5636 7359 7541
f 7359 7542 7541
f 7359 7360 7542
f 5818 7543 5820
f 5818 7541 7543
f 7541 7544 7543
f 7541 7542 7544
f 7360 7545 7542
f 7360 7363 7545
f 7363 7546 7545
f 7363 7364 7546
f 7542 7547 7544
f 7542 7545 7547
f 7545 7548 7547
f 7545 7546 7548
f 5820 7549 5826
f 5820 7543 7549
f 7543 7550 7549
f 7543 7544 7550
f 5826 7551 5828
f 5826 7549 7551
f 7549 7552 7551
f 7549 7550 7552
f 7544 7553 7550
f 7544 7547 7553
f 7547 7554 7553
f 7547 7548 7554
f 7550 7555 7552
f 7550 7553 7555
f 7553 7556 7555
f 7553 7554 7556
f 7364 7557 7546
f 7364 7375 7557
f 7375 7558 7557
f 7375 7376 7558
f 7546 7559 7548
f 7546 7557 7559
f 7557 7560 7559
f 7557 7558 7560
f 7376 7561 7558
f 7376 7379 7561
f 7379 7562 7561
f 7379 7380 7562
f 7558 7563 7560
f 7558 7561 7563
f 7561 7564 7563
f 7561 7562 7564
f 7548 7565 7554
f 7548 7559 7565
f 7559 7566 7565
f 7559 7560 7566
f 7554 7567 7556
f 7554 7565 7567
f 7565 7568 7567
f 7565 7566 7568
f 7560 7569 7566
f 7560 7563 7569
f 7563 7570 7569
f 7563 7564 7570
f 7566 7571 7568
f 7566 7569 7571
f 7569 7572 7571
f 7569 7570 7572
f 5796 7573 7519
f 5796 5850 7573
f 7519 7574 7520
f 7519 7573 7574
f 5850 7575 7573
f 5850 5852 7575
f 7573 7576 7574
f 7573 7575 7576
f 7520 7577 7523
f 7520 7574 7577
f 7523 7578 7524
f 7523 7577 7578
f 7574 7579 7577
f 7574 7576 7579
f 7577 7580 7578
f 7577 7579 7580
f 5852 7581 7575
f 5852 5858 7581
f 7575 7582 7576
f 7575 7581 7582
f 5858 7583 7581
f 5858 5860 7583
f 7581 7584 7582
f 7581 7583 7584
f 7576 7585 7579
f 7576 7582 7585
f 7579 7586 7580
f 7579 7585 7586
f 7582 7587 7585
f 7582 7584 7587
f 7585 7588 7586
f 7585 7587 7588
f 7524 7589 7535
f 7524 7578 7589
f 7535 7590 7536
f 7535 7589 7590
f 7578 7591 7589
f 7578 7580 7591
f 7589 7592 7590
f 7589 7591 7592
f 7536 7593 7539
f 7536 7590 7593
f 7539 7594 7540
f 7539 7593 7594
f 7590 7595 7593
f 7590 7592 7595
f 7593 7596 7594
f 7593 7595 7596
f 7580 7597 7591
f 7580 7586 7597
f 7591 7598 7592
f 7591 7597 7598
f 7586 7599 7597
f 7586 7588 7599
f 7597 7600 7598
f 7597 7599 7600
f 7592 7601 7595
f 7592 7598 7601
f 7595 7602 7596
f 7595 7601 7602
f 7598 7603 7601
f 7598 7600 7603
f 7601 7604 7602
f 7601 7603 7604
f 5828 7605 5882
f 5828 7551 7605
f 7551 7606 7605
f 7551 7552 7606
f 5882 7607 5884
f 5882 7605 7607
f 7605 7608 7607
f 7605 7606 7608
f 7552 7609 7606
f 7552 7555 7609
f 7555 7610 7609
f 7555 7556 7610
f 7606 7611 7608
f 7606 7609 7611
f 7609 7612 7611
f 7609 7610 7612
f 5884 7613 5890
f 5884 7607 7613
f 7607 7614 7613
f 7607 7608 7614
f 5890 7615 5892
f 5890 7613 7615
f 7613 7616 7615
f 7613 7614 7616
f 7608 7617 7614
f 7608 7611 7617
f 7611 7618 7617
f 7611 7612 7618
f 7614 7619 7616
f 7614 7617 7619
f 7617 7620 7619
f 7617 7618 7620
f 7556 7621 7610
f 7556 7567 7621
f 7567 7622 7621
f 7567 7568 7622
f 7610 7623 7612
f 7610 7621 7623
f 7621 7624 7623
f 7621 7622 7624
f 7568 7625 7622
f 7568 7571 7625
f 7571 7626 7625
f 7571 7572 7626
f 7622 7627 7624
f 7622 7625 7627
f 7625 7628 7627
f 7625 7626 7628
f 7612 7629 7618
f 7612 7623 7629
f 7623 7630 7629
f 7623 7624 7630
f 7618 7631 7620
f 7618 7629 7631
f 7629 7632 7631
f 7629 7630 7632
f 7624 7633 7630
f 7624 7627 7633
f 7627 7634 7633
f 7627 7628 7634
f 7630 7635 7632
f 7630 7633 7635
f 7633 7636 7635
f 7633 7634 7636
f 7348 7637 7455
f 7348 7530 7637
f 7455 7638 7456
f 7455 7637 7638
f 7530 7639 7637
f 7530 7532 7639
f 7637 7640 7638
f 7637 7639 7640
f 7456 7641 7459
f 7456 7638 7641
f 7459 7642 7460
f 7459 7641 7642
f 7638 7643 7641
f 7638 7640 7643
f 7641 7644 7642
f 7641 7643 7644
f 7532 7645 7639
f 7532 7538 7645
f 7639 7646 7640
f 7639 7645 7646
f 7538 7647 7645
f 7538 7540 7647
f 7645 7648 7646
f 7645 7647 7648
f 7640 7649 7643
f 7640 7646 7649
f 7643 7650 7644
f 7643 7649 7650
f 7646 7651 7649
f 7646 7648 7651
f 7649 7652 7650
f 7649 7651 7652
f 7460 7653 7471
f 7460 7642 7653
f 7471 7654 7472
f 7471 7653 7654
f 7642 7655 7653
f 7642 7644 7655
f 7653 7656 7654
f 7653 7655 7656
f 7472 7657 7475
f 7472 7654 7657
f 7475 7658 7476
f 7475 7657 7658
f 7654 7659 7657
f 7654 7656 7659
f 7657 7660 7658
f 7657 7659 7660
f 7644 7661 7655
f 7644 7650 7661
f 7655 7662 7656
f 7655 7661 7662
f 7650 7663 7661
f 7650 7652 7663
f 7661 7664 7662
f 7661 7663 7664
f 7656 7665 7659
f 7656 7662 7665
f 7659 7666 7660
f 7659 7665 7666
f 7662 7667 7665
f 7662 7664 7667
f 7665 7668 7666
f 7665 7667 7668
f 7380 7669 7562
f 7380 7487 7669
f 7487 7670 7669
f 7487 7488 7670
f 7562 7671 7564
f 7562 7669 7671
f 7669 7672 7671
f 7669 7670 7672
f 7488 7673 7670
f 7488 7491 7673
f 7491 7674 7673
f 7491 7492 7674
f 7670 7675 7672
f 7670 7673 7675
f 7673 7676 7675
f 7673 7674 7676
f 7564 7677 7570
f 7564 7671 7677
f 7671 7678 7677
f 7671 7672 7678
f 7570 7679 7572
f 7570 7677 7679
f 7677 7680 7679
f 7677 7678 7680
f 7672 7681 7678
f 7672 7675 7681
f 7675 7682 7681
f 7675 7676 7682
f 7678 7683 7680
f 7678 7681 7683
f 7681 7684 7683
f 7681 7682 7684
f 7492 7685 7674
f 7492 7503 7685
f 7503 7686 7685
f 7503 7504 7686
f 7674 7687 7676
f 7674 7685 7687
f 7685 7688 7687
f 7685 7686 7688
f 7504 7689 7686
f 7504 7507 7689
f 7507 7690 7689
f 7507 7508 7690
f 7686 7691 7688
f 7686 7689 7691
f 7689 7692 7691
f 7689 7690 7692
f 7676 7693 7682
f 7676 7687 7693
f 7687 7694 7693
f 7687 7688 7694
f 7682 7695 7684
f 7682 7693 7695
f 7693 7696 7695
f 7693 7694 7696
f 7688 7697 7694
f 7688 7691 7697
f 7691 7698 7697
f 7691 7692 7698
f 7694 7699 7696
f 7694 7697 7699
f 7697 7700 7699
f 7697 7698 7700
f 7540 7701 7647
f 7540 7594 7701
f 7647 7702 7648
f 7647 7701 7702
f 7594 7703 7701
f 7594 7596 7703
f 7701 7704 7702
f 7701 7703 7704
f 7648 7705 7651
f 7648 7702 7705
f 7651 7706 7652
f 7651 7705 7706
f 7702 7707 7705
f 7702 7704 7707
f 7705 7708 7706
f 7705 7707 7708
f 7596 7709 7703
f 7596 7602 7709
f 7703 7710 7704
f 7703 7709 7710
f 7602 7711 7709
f 7602 7604 7711
f 7709 7712 7710
f 7709 7711 7712
f 7704 7713 7707
f 7704 7710 7713
f 7707 7714 7708
f 7707 7713 7714
f 7710 7715 7713
f 7710 7712 7715
f 7713 7716 7714
f 7713 7715 7716
f 7652 7717 7663
f 7652 7706 7717
f 7663 7718 7664
f 7663 7717 7718
f 7706 7719 7717
f 7706 7708 7719
f 7717 7720 7718
f 7717 7719 7720
f 7664 7721 7667
f 7664 7718 7721
f 7667 7722 7668
f 7667 7721 7722
f 7718 7723 7721
f 7718 7720 7723
f 7721 7724 7722
f 7721 7723 7724
f 7708 7725 7719
f 7708 7714 7725
f 7719 7726 7720
f 7719 7725 7726
f 7714 7727 7725
f 7714 7716 7727
f 7725 7728 7726
f 7725 7727 7728
f 7720 7729 7723
f 7720 7726 7729
f 7723 7730 7724
f 7723 7729 7730
f 7726 7731 7729
f 7726 7728 7731
f 7729 7732 7730
f 7729 7731 7732
f 7572 7733 7626
f 7572 7679 7733
f 7679 7734 7733
f 7679 7680 7734
f 7626 7735 7628
f 7626 7733 7735
f 7733 7736 7735
f 7733 7734 7736
f 7680 7737 7734
f 7680 7683 7737
f 7683 7738 7737
f 7683 7684 7738
f 7734 7739 7736
f 7734 7737 7739
f 7737 7740 7739
f 7737 7738 7740
f 7628 7741 7634
f 7628 7735 7741
f 7735 7742 7741
f 7735 7736 7742
f 7634 7743 7636
f 7634 7741 7743
f 7741 7744 7743
f 7741 7742 7744
f 7736 7745 7742
f 7736 7739 7745
f 7739 7746 7745
f 7739 7740 7746
f 7742 7747 7744
f 7742 7745 7747
f 7745 7748 7747
f 7745 7746 7748
f 7684 7749 7738
f 7684 7695 7749
f 7695 7750 7749
f 7695 7696 7750
f 7738 7751 7740
f 7738 7749 7751
f 7749 7752 7751
f 7749 7750 7752
f 7696 7753 7750
f 7696 7699 7753
f 7699 7754 7753
f 7699 7700 7754
f 7750 7755 7752
f 7750 7753 7755
f 7753 7756 7755
f 7753 7754 7756
f 7740 7757 7746
f 7740 7751 7757
f 7751 7758 7757
f 7751 7752 7758
f 7746 7759 7748
f 7746 7757 7759
f 7757 7760 7759
f 7757 7758 7760
f 7752 7761 7758
f 7752 7755 7761
f 7755 7762 7761
f 7755 7756 7762
f 7758 7763 7760
f 7758 7761 7763
f 7761 7764 7763
f 7761 7762 7764
f 6996 7765 7207
f 6996 7402 7765
f 7207 7766 7208
f 7207 7765 7766
f 7402 7767 7765
f 7402 7404 7767
f 7765 7768 7766
f 7765 7767 7768
f 7208 7769 7211
f 7208 7766 7769
f 7211 7770 7212
f 7211 7769 7770
f 7766 7771 7769
f 7766 7768 7771
f 7769 7772 7770
f 7769 7771 7772
f 7404 7773 7767
f 7404 7410 7773
f 7767 7774 7768
f 7767 7773 7774
f 7410 7775 7773
f 7410 7412 7775
f 7773 7776 7774
f 7773 7775 7776
f 7768 7777 7771
f 7768 7774 7777
f 7771 7778 7772
f 7771 7777 7778
f 7774 7779 7777
f 7774 7776 7779
f 7777 7780 7778
f 7777 7779 7780
f 7028 7781 7434
f 7028 7223 7781
f 7223 7782 7781
f 7223 7224 7782
f 7434 7783 7436
f 7434 7781 7783
f 7781 7784 7783
f 7781 7782 7784
f 7224 7785 7782
f 7224 7227 7785
f 7227 7786 7785
f 7227 7228 7786
f 7782 7787 7784
f 7782 7785 7787
f 7785 7788 7787
f 7785 7786 7788
f 7436 7789 7442
f 7436 7783 7789
f 7783 7790 7789
f 7783 7784 7790
f 7442 7791 7444
f 7442 7789 7791
f 7789 7792 7791
f 7789 7790 7792
f 7784 7793 7790
f 7784 7787 7793
f 7787 7794 7793
f 7787 7788 7794
f 7790 7795 7792
f 7790 7793 7795
f 7793 7796 7795
f 7793 7794 7796
f 7243 7798 7244
f 7243 7797 7798
f 7797 7800 7798
f 7797 7799 7800
f 7228 7801 7786
f 7228 7247 7801
f 7247 7802 7801
f 7247 7248 7802
f 7786 7803 7788
f 7786 7801 7803
f 7801 7804 7803
f 7801 7802 7804
f 7248 7805 7802
f 7248 7251 7805
f 7251 7806 7805
f 7251 7252 7806
f 7244 7806 7252
f 7244 7798 7806
f 7802 7807 7804
f 7802 7805 7807
f 7805 7808 7807
f 7805 7806 7808
f 7798 7808 7806
f 7798 7800 7808
f 7799 7810 7800
f 7799 7809 7810
f 7809 7812 7810
f 7809 7811 7812
f 7788 7813 7794
f 7788 7803 7813
f 7803 7814 7813
f 7803 7804 7814
f 7794 7815 7796
f 7794 7813 7815
f 7813 7816 7815
f 7813 7814 7816
f 7804 7817 7814
f 7804 7807 7817
f 7807 7818 7817
f 7807 7808 7818
f 7800 7818 7808
f 7800 7810 7818
f 7814 7819 7816
f 7814 7817 7819
f 7817 7820 7819
f 7817 7818 7820
f 7810 7820 7818
f 7810 7812 7820
f 7412 7821 7775
f 7412 7466 7821
f 7775 7822 7776
f 7775 7821 7822
f 7466 7823 7821
f 7466 7468 7823
f 7821 7824 7822
f 7821 7823 7824
f 7776 7825 7779
f 7776 7822 7825
f 7779 7826 7780
f 7779 7825 7826
f 7822 7827 7825
f 7822 7824 7827
f 7825 7828 7826
f 7825 7827 7828
f 7468 7829 7823
f 7468 7474 7829
f 7823 7830 7824
f 7823 7829 7830
f 7474 7831 7829
f 7474 7476 7831
f 7829 7832 7830
f 7829 7831 7832
f 7824 7833 7827
f 7824 7830 7833
f 7827 7834 7828
f 7827 7833 7834
f 7830 7835 7833
f 7830 7832 7835
f 7833 7836 7834
f 7833 7835 7836
f 7444 7837 7498
f 7444 7791 7837
f 7791 7838 7837
f 7791 7792 7838
f 7498 7839 7500
f 7498 7837 7839
f 7837 7840 7839
f 7837 7838 7840
f 7792 7841 7838
f 7792 7795 7841
f 7795 7842 7841
f 7795 7796 7842
f 7838 7843 7840
f 7838 7841 7843
f 7841 7844 7843
f 7841 7842 7844
f 7500 7845 7506
f 7500 7839 7845
f 7839 7846 7845
f 7839 7840 7846
f 7506 7847 7508
f 7506 7845 7847
f 7845 7848 7847
f 7845 7846 7848
f 7840 7849 7846
f 7840 7843 7849
f 7843 7850 7849
f 7843 7844 7850
f 7846 7851 7848
f 7846 7849 7851
f 7849 7852 7851
f 7849 7850 7852
f 7811 7854 7812
f 7811 7853 7854
f 7853 7856 7854
f 7853 7855 7856
f 7796 7857 7842
f 7796 7815 7857
f 7815 7858 7857
f 7815 7816 7858
f 7842 7859 7844
f 7842 7857 7859
f 7857 7860 7859
f 7857 7858 7860
f 7816 7861 7858
f 7816 7819 7861
f 7819 7862 7861
f 7819 7820 7862
f 7812 7862 7820
f 7812 7854 7862
f 7858 7863 7860
f 7858 7861 7863
f 7861 7864 7863
f 7861 7862 7864
f 7854 7864 7862
f 7854 7856 7864
f 7855 7866 7856
f 7855 7865 7866
f 7865 7868 7866
f 7865 7867 7868
f 7844 7869 7850
f 7844 7859 7869
f 7859 7870 7869
f 7859 7860 7870
f 7850 7871 7852
f 7850 7869 7871
f 7869 7872 7871
f 7869 7870 7872
f 7860 7873 7870
f 7860 7863 7873
f 7863 7874 7873
f 7863 7864 7874
f 7856 7874 7864
f 7856 7866 7874
f 7870 7875 7872
f 7870 7873 7875
f 7873 7876 7875
f 7873 7874 7876
f 7866 7876 7874
f 7866 7868 7876
f 7476 7877 7831
f 7476 7658 7877
f 7831 7878 7832
f 7831 7877 7878
f 7658 7879 7877
f 7658 7660 7879
f 7877 7880 7878
f 7877 7879 7880
f 7832 7881 7835
f 7832 7878 7881
f 7835 7882 7836
f 7835 7881 7882
f 7878 7883 7881
f 7878 7880 7883
f 7881 7884 7882
f 7881 7883 7884
f 7660 7885 7879
f 7660 7666 7885
f 7879 7886 7880
f 7879 7885 7886
f 7666 7887 7885
f 7666 7668 7887
f 7885 7888 7886
f 7885 7887 7888
f 7880 7889 7883
f 7880 7886 7889
f 7883 7890 7884
f 7883 7889 7890
f 7886 7891 7889
f 7886 7888 7891
f 7889 7892 7890
f 7889 7891 7892
f 7508 7893 7690
f 7508 7847 7893
f 7847 7894 7893
f 7847 7848 7894
f 7690 7895 7692
f 7690 7893 7895
f 7893 7896 7895
f 7893 7894 7896
f 7848 7897 7894
f 7848 7851 7897
f 7851 7898 7897
f 7851 7852 7898
f 7894 7899 7896
f 7894 7897 7899
f 7897 7900 7899
f 7897 7898 7900
f 7692 7901 7698
f 7692 7895 7901
f 7895 7902 7901
f 7895 7896 7902
f 7698 7903 7700
f 7698 7901 7903
f 7901 7904 7903
f 7901 7902 7904
f 7896 7905 7902
f 7896 7899 7905
f 7899 7906 7905
f 7899 7900 7906
f 7902 7907 7904
f 7902 7905 7907
f 7905 7908 7907
f 7905 7906 7908
f 7867 7910 7868
f 7867 7909 7910
f 7909 7912 7910
f 7909 7911 7912
f 7852 7913 7898
f 7852 7871 7913
f 7871 7914 7913
f 7871 7872 7914
f 7898 7915 7900
f 7898 7913 7915
f 7913 7916 7915
f 7913 7914 7916
f 7872 7917 7914
f 7872 7875 7917
f 7875 7918 7917
f 7875 7876 7918
f 7868 7918 7876
f 7868 7910 7918
f 7914 7919 7916
f 7914 7917 7919
f 7917 7920 7919
f 7917 7918 7920
f 7910 7920 7918
f 7910 7912 7920
f 7911 7922 7912
f 7911 7921 7922
f 7921 7924 7922
f 7921 7923 7924
f 7900 7925 7906
f 7900 7915 7925
f 7915 7926 7925
f 7915 7916 7926
f 7906 7927 7908
f 7906 7925 7927
f 7925 7928 7927
f 7925 7926 7928
f 7916 7929 7926
f 7916 7919 7929
f 7919 7930 7929
f 7919 7920 7930
f 7912 7930 7920
f 7912 7922 7930
f 7926 7931 7928
f 7926 7929 7931
f 7929 7932 7931
f 7929 7930 7932
f 7922 7932 7930
f 7922 7924 7932
f 7668 7933 7887
f 7668 7722 7933
f 7887 7934 7888
f 7887 7933 7934
f 7722 7935 7933
f 7722 7724 7935
f 7933 7936 7934
f 7933 7935 7936
f 7888 7937 7891
f 7888 7934 7937
f 7891 7938 7892
f 7891 7937 7938
f 7934 7939 7937
f 7934 7936 7939
f 7937 7940 7938
f 7937 7939 7940
f 7724 7941 7935
f 7724 7730 7941
f 7935 7942 7936
f 7935 7941 7942
f 7730 7943 7941
f 7730 7732 7943
f 7941 7944 7942
f 7941 7943 7944
f 7936 7945 7939
f 7936 7942 7945
f 7939 7946 7940
f 7939 7945 7946
f 7942 7947 7945
f 7942 7944 7947
f 7945 7948 7946
f 7945 7947 7948
f 7700 7949 7754
f 7700 7903 7949
f 7903 7950 7949
f 7903 7904 7950
f 7754 7951 7756
f 7754 7949 7951
f 7949 7952 7951
f 7949 7950 7952
f 7904 7953 7950
f 7904 7907 7953
f 7907 7954 7953
f 7907 7908 7954
f 7950 7955 7952
f 7950 7953 7955
f 7953 7956 7955
f 7953 7954 7956
f 7756 7957 7762
f 7756 7951 7957
f 7951 7958 7957
f 7951 7952 7958
f 7762 7959 7764
f 7762 7957 7959
f 7957 7960 7959
f 7957 7958 7960
f 7952 7961 7958
f 7952 7955 7961
f 7955 7962 7961
f 7955 7956 7962
f 7958 7963 7960
f 7958 7961 7963
f 7961 7964 7963
f 7961 7962 7964
f 7923 7966 7924
f 7923 7965 7966
f 7965 7968 7966
f 7965 7967 7968
f 7908 7969 7954
f 7908 7927 7969
f 7927 7970 7969
f 7927 7928 7970
f 7954 7971 7956
f 7954 7969 7971
f 7969 7972 7971
f 7969 7970 7972
f 7928 7973 7970
f 7928 7931 7973
f 7931 7974 7973
f 7931 7932 7974
f 7924 7974 7932
f 7924 7966 7974
f 7970 7975 7972
f 7970 7973 7975
f 7973 7976 7975
f 7973 7974 7976
f 7966 7976 7974
f 7966 7968 7976
f 7967 7978 7968
f 7967 7977 7978
f 7977 7980 7978
f 7977 7979 7980
f 7956 7981 7962
f 7956 7971 7981
f 7971 7982 7981
f 7971 7972 7982
f 7962 7983 7964
f 7962 7981 7983
f 7981 7984 7983
f 7981 7982 7984
f 7972 7985 7982
f 7972 7975 7985
f 7975 7986 7985
f 7975 7976 7986
f 7968 7986 7976
f 7968 7978 7986
f 7982 7987 7984
f 7982 7985 7987
f 7985 7988 7987
f 7985 7986 7988
f 7978 7988 7986
f 7978 7980 7988
f 5860 7989 7583
f 5860 6250 7989
f 7583 7990 7584
f 7583 7989 7990
f 6250 7991 7989
f 6250 6252 7991
f 7989 7992 7990
f 7989 7991 7992
f 7584 7993 7587
f 7584 7990 7993
f 7587 7994 7588
f 7587 7993 7994
f 7990 7995 7993
f 7990 7992 7995
f 7993 7996 7994
f 7993 7995 7996
f 6252 7997 7991
f 6252 6258 7997
f 7991 7998 7992
f 7991 7997 7998
f 6258 7999 7997
f 6258 6260 7999
f 7997 8000 7998
f 7997 7999 8000
f 7992 8001 7995
f 7992 7998 8001
f 7995 8002 7996
f 7995 8001 8002
f 7998 8003 8001
f 7998 8000 8003
f 8001 8004 8002
f 8001 8003 8004
f 7588 8005 7599
f 7588 7994 8005
f 7599 8006 7600
f 7599 8005 8006
f 7994 8007 8005
f 7994 7996 8007
f 8005 8008 8006
f 8005 8007 8008
f 7600 8009 7603
f 7600 8006 8009
f 7603 8010 7604
f 7603 8009 8010
f 8006 8011 8009
f 8006 8008 8011
f 8009 8012 8010
f 8009 8011 8012
f 7996 8013 8007
f 7996 8002 8013
f 8007 8014 8008
f 8007 8013 8014
f 8002 8015 8013
f 8002 8004 8015
f 8013 8016 8014
f 8013 8015 8016
f 8008 8017 8011
f 8008 8014 8017
f 8011 8018 8012
f 8011 8017 8018
f 8014 8019 8017
f 8014 8016 8019
f 8017 8020 8018
f 8017 8019 8020
f 5892 8021 6282
f 5892 7615 8021
f 7615 8022 8021
f 7615 7616 8022
f 6282 8023 6284
f 6282 8021 8023
f 8021 8024 8023
f 8021 8022 8024
f 7616 8025 8022
f 7616 7619 8025
f 7619 8026 8025
f 7619 7620 8026
f 8022 8027 8024
f 8022 8025 8027
f 8025 8028 8027
f 8025 8026 8028
f 6284 8029 6290
f 6284 8023 8029
f 8023 8030 8029
f 8023 8024 8030
f 6290 8031 6292
f 6290 8029 8031
f 8029 8032 8031
f 8029 8030 8032
f 8024 8033 8030
f 8024 8027 8033
f 8027 8034 8033
f 8027 8028 8034
f 8030 8035 8032
f 8030 8033 8035
f 8033 8036 8035
f 8033 8034 8036
f 7620 8037 8026
f 7620 7631 8037
f 7631 8038 8037
f 7631 7632 8038
f 8026 8039 8028
f 8026 8037 8039
f 8037 8040 8039
f 8037 8038 8040
f 7632 8041 8038
f 7632 7635 8041
f 7635 8042 8041
f 7635 7636 8042
f 8038 8043 8040
f 8038 8041 8043
f 8041 8044 8043
f 8041 8042 8044
f 8028 8045 8034
f 8028 8039 8045
f 8039 8046 8045
f 8039 8040 8046
f 8034 8047 8036
f 8034 8045 8047
f 8045 8048 8047
f 8045 8046 8048
f 8040 8049 8046
f 8040 8043 8049
f 8043 8050 8049
f 8043 8044 8050
f 8046 8051 8048
f 8046 8049 8051
f 8049 8052 8051
f 8049 8050 8052
f 6260 8053 7999
f 6260 6314 8053
f 7999 8054 8000
f 7999 8053 8054
f 6314 8055 8053
f 6314 6316 8055
f 8053 8056 8054
f 8053 8055 8056
f 8000 8057 8003
f 8000 8054 8057
f 8003 8058 8004
f 8003 8057 8058
f 8054 8059 8057
f 8054 8056 8059
f 8057 8060 8058
f 8057 8059 8060
f 6316 8061 8055
f 6316 6322 8061
f 8055 8062 8056
f 8055 8061 8062
f 6322 8063 8061
f 6322 6324 8063
f 8061 8064 8062
f 8061 8063 8064
f 8056 8065 8059
f 8056 8062 8065
f 8059 8066 8060
f 8059 8065 8066
f 8062 8067 8065
f 8062 8064 8067
f 8065 8068 8066
f 8065 8067 8068
f 8004 8069 8015
f 8004 8058 8069
f 8015 8070 8016
f 8015 8069 8070
f 8058 8071 8069
f 8058 8060 8071
f 8069 8072 8070
f 8069 8071 8072
f 8016 8073 8019
f 8016 8070 8073
f 8019 8074 8020
f 8019 8073 8074
f 8070 8075 8073
f 8070 8072 8075
f 8073 8076 8074
f 8073 8075 8076
f 8060 8077 8071
f 8060 8066 8077
f 8071 8078 8072
f 8071 8077 8078
f 8066 8079 8077
f 8066 8068 8079
f 8077 8080 8078
f 8077 8079 8080
f 8072 8081 8075
f 8072 8078 8081
f 8075 8082 8076
f 8075 8081 8082
f 8078 8083 8081
f 8078 8080 8083
f 8081 8084 8082
f 8081 8083 8084
f 6292 8085 6346
f 6292 8031 8085
f 8031 8086 8085
f 8031 8032 8086
f 6346 8087 6348
f 6346 8085 8087
f 8085 8088 8087
f 8085 8086 8088
f 8032 8089 8086
f 8032 8035 8089
f 8035 8090 8089
f 8035 8036 8090
f 8086 8091 8088
f 8086 8089 8091
f 8089 8092 8091
f 8089 8090 8092
f 6348 8093 6354
f 6348 8087 8093
f 8087 8094 8093
f 8087 8088 8094
f 6354 8095 6356
f 6354 8093 8095
f 8093 8096 8095
f 8093 8094 8096
f 8088 8097 8094
f 8088 8091 8097
f 8091 8098 8097
f 8091 8092 8098
f 8094 8099 8096
f 8094 8097 8099
f 8097 8100 8099
f 8097 8098 8100
f 8036 8101 8090
f 8036 8047 8101
f 8047 8102 8101
f 8047 8048 8102
f 8090 8103 8092
f 8090 8101 8103
f 8101 8104 8103
f 8101 8102 8104
f 8048 8105 8102
f 8048 8051 8105
f 8051 8106 8105
f 8051 8052 8106
f 8102 8107 8104
f 8102 8105 8107
f 8105 8108 8107
f 8105 8106 8108
f 8092 8109 8098
f 8092 8103 8109
f 8103 8110 8109
f 8103 8104 8110
f 8098 8111 8100
f 8098 8109 8111
f 8109 8112 8111
f 8109 8110 8112
f 8104 8113 8110
f 8104 8107 8113
f 8107 8114 8113
f 8107 8108 8114
f 8110 8115 8112
f 8110 8113 8115
f 8113 8116 8115
f 8113 8114 8116
f 7604 8117 7711
f 7604 8010 8117
f 7711 8118 7712
f 7711 8117 8118
f 8010 8119 8117
f 8010 8012 8119
f 8117 8120 8118
f 8117 8119 8120
f 7712 8121 7715
f 7712 8118 8121
f 7715 8122 7716
f 7715 8121 8122
f 8118 8123 8121
f 8118 8120 8123
f 8121 8124 8122
f 8121 8123 8124
f 8012 8125 8119
f 8012 8018 8125
f 8119 8126 8120
f 8119 8125 8126
f 8018 8127 8125
f 8018 8020 8127
f 8125 8128 8126
f 8125 8127 8128
f 8120 8129 8123
f 8120 8126 8129
f 8123 8130 8124
f 8123 8129 8130
f 8126 8131 8129
f 8126 8128 8131
f 8129 8132 8130
f 8129 8131 8132
f 7716 8133 7727
f 7716 8122 8133
f 7727 8134 7728
f 7727 8133 8134
f 8122 8135 8133
f 8122 8124 8135
f 8133 8136 8134
f 8133 8135 8136
f 7728 8137 7731
f 7728 8134 8137
f 7731 8138 7732
f 7731 8137 8138
f 8134 8139 8137
f 8134 8136 8139
f 8137 8140 8138
f 8137 8139 8140
f 8124 8141 8135
f 8124 8130 8141
f 8135 8142 8136
f 8135 8141 8142
f 8130 8143 8141
f 8130 8132 8143
f 8141 8144 8142
f 8141 8143 8144
f 8136 8145 8139
f 8136 8142 8145
f 8139 8146 8140
f 8139 8145 8146
f 8142 8147 8145
f 8142 8144 8147
f 8145 8148 8146
f 8145 8147 8148
f 7636 8149 8042
f 7636 7743 8149
f 7743 8150 8149
f 7743 7744 8150
f 8042 8151 8044
f 8042 8149 8151
f 8149 8152 8151
f 8149 8150 8152
f 7744 8153 8150
f 7744 7747 8153
f 7747 8154 8153
f 7747 7748 8154
f 8150 8155 8152
f 8150 8153 8155
f 8153 8156 8155
f 8153 8154 8156
f 8044 8157 8050
f 8044 8151 8157
f 8151 8158 8157
f 8151 8152 8158
f 8050 8159 8052
f 8050 8157 8159
f 8157 8160 8159
f 8157 8158 8160
f 8152 8161 8158
f 8152 8155 8161
f 8155 8162 8161
f 8155 8156 8162
f 8158 8163 8160
f 8158 8161 8163
f 8161 8164 8163
f 8161 8162 8164
f 7748 8165 8154
f 7748 7759 8165
f 7759 8166 8165
f 7759 7760 8166
f 8154 8167 8156
f 8154 8165 8167
f 8165 8168 8167
f 8165 8166 8168
f 7760 8169 8166
f 7760 7763 8169
f 7763 8170 8169
f 7763 7764 8170
f 8166 8171 8168
f 8166 8169 8171
f 8169 8172 8171
f 8169 8170 8172
f 8156 8173 8162
f 8156 8167 8173
f 8167 8174 8173
f 8167 8168 8174
f 8162 8175 8164
f 8162 8173 8175
f 8173 8176 8175
f 8173 8174 8176
f 8168 8177 8174
f 8168 8171 8177
f 8171 8178 8177
f 8171 8172 8178
f 8174 8179 8176
f 8174 8177 8179
f 8177 8180 8179
f 8177 8178 8180
f 8020 8181 8127
f 8020 8074 8181
f 8127 8182 8128
f 8127 8181 8182
f 8074 8183 8181
f 8074 8076 8183
f 8181 8184 8182
f 8181 8183 8184
f 8128 8185 8131
f 8128 8182 8185
f 8131 8186 8132
f 8131 8185 8186
f 8182 8187 8185
f 8182 8184 8187
f 8185 8188 8186
f 8185 8187 8188
f 8076 8189 8183
f 8076 8082 8189
f 8183 8190 8184
f 8183 8189 8190
f 8082 8191 8189
f 8082 8084 8191
f 8189 8192 8190
f 8189 8191 8192
f 8184 8193 8187
f 8184 8190 8193
f 8187 8194 8188
f 8187 8193 8194
f 8190 8195 8193
f 8190 8192 8195
f 8193 8196 8194
f 8193 8195 8196
f 8132 8197 8143
f 8132 8186 8197
f 8143 8198 8144
f 8143 8197 8198
f 8186 8199 8197
f 8186 8188 8199
f 8197 8200 8198
f 8197 8199 8200
f 8144 8201 8147
f 8144 8198 8201
f 8147 8202 8148
f 8147 8201 8202
f 8198 8203 8201
f 8198 8200 8203
f 8201 8204 8202
f 8201 8203 8204
f 8188 8205 8199
f 8188 8194 8205
f 8199 8206 8200
f 8199 8205 8206
f 8194 8207 8205
f 8194 8196 8207
f 8205 8208 8206
f 8205 8207 8208
f 8200 8209 8203
f 8200 8206 8209
f 8203 8210 8204
f 8203 8209 8210
f 8206 8211 8209
f 8206 8208 8211
f 8209 8212 8210
f 8209 8211 8212
f 8052 8213 8106
f 8052 8159 8213
f 8159 8214 8213
f 8159 8160 8214
f 8106 8215 8108
f 8106 8213 8215
f 8213 8216 8215
f 8213 8214 8216
f 8160 8217 8214
f 8160 8163 8217
f 8163 8218 8217
f 8163 8164 8218
f 8214 8219 8216
f 8214 8217 8219
f 8217 8220 8219
f 8217 8218 8220
f 8108 8221 8114
f 8108 8215 8221
f 8215 8222 8221
f 8215 8216 8222
f 8114 8223 8116
f 8114 8221 8223
f 8221 8224 8223
f 8221 8222 8224
f 8216 8225 8222
f 8216 8219 8225
f 8219 8226 8225
f 8219 8220 8226
f 8222 8227 8224
f 8222 8225 8227
f 8225 8228 8227
f 8225 8226 8228
f 8164 8229 8218
f 8164 8175 8229
f 8175 8230 8229
f 8175 8176 8230
f 8218 8231 8220
f 8218 8229 8231
f 8229 8232 8231
f 8229 8230 8232
f 8176 8233 8230
f 8176 8179 8233
f 8179 8234 8233
f 8179 8180 8234
f 8230 8235 8232
f 8230 8233 8235
f 8233 8236 8235
f 8233 8234 8236
f 8220 8237 8226
f 8220 8231 8237
f 8231 8238 8237
f 8231 8232 8238
f 8226 8239 8228
f 8226 8237 8239
f 8237 8240 8239
f 8237 8238 8240
f 8232 8241 8238
f 8232 8235 8241
f 8235 8242 8241
f 8235 8236 8242
f 8238 8243 8240
f 8238 8241 8243
f 8241 8244 8243
f 8241 8242 8244
f 6324 8245 8063
f 6324 6450 8245
f 8063 8246 8064
f 8063 8245 8246
f 6450 8247 8245
f 6450 6452 8247
f 8245 8248 8246
f 8245 8247 8248
f 8064 8249 8067
f 8064 8246 8249
f 8067 8250 8068
f 8067 8249 8250
f 8246 8251 8249
f 8246 8248 8251
f 8249 8252 8250
f 8249 8251 8252
f 8068 8253 8079
f 8068 8250 8253
f 8079 8254 8080
f 8079 8253 8254
f 8250 8255 8253
f 8250 8252 8255
f 8253 8256 8254
f 8253 8255 8256
f 8080 8257 8083
f 8080 8254 8257
f 8083 8258 8084
f 8083 8257 8258
f 8254 8259 8257
f 8254 8256 8259
f 8257 8260 8258
f 8257 8259 8260
f 6356 8261 6474
f 6356 8095 8261
f 8095 8262 8261
f 8095 8096 8262
f 6474 8263 6476
f 6474 8261 8263
f 8261 8264 8263
f 8261 8262 8264
f 8096 8265 8262
f 8096 8099 8265
f 8099 8266 8265
f 8099 8100 8266
f 8262 8267 8264
f 8262 8265 8267
f 8265 8268 8267
f 8265 8266 8268
f 6476 8269 6482
f 6476 8263 8269
f 8263 8270 8269
f 8263 8264 8270
f 6482 8271 6484
f 6482 8269 8271
f 8269 8272 8271
f 8269 8270 8272
f 8264 8273 8270
f 8264 8267 8273
f 8267 8274 8273
f 8267 8268 8274
f 8270 8275 8272
f 8270 8273 8275
f 8273 8276 8275
f 8273 8274 8276
f 8100 8277 8266
f 8100 8111 8277
f 8111 8278 8277
f 8111 8112 8278
f 8266 8279 8268
f 8266 8277 8279
f 8277 8280 8279
f 8277 8278 8280
f 8112 8281 8278
f 8112 8115 8281
f 8115 8282 8281
f 8115 8116 8282
f 8278 8283 8280
f 8278 8281 8283
f 8281 8284 8283
f 8281 8282 8284
f 8268 8285 8274
f 8268 8279 8285
f 8279 8286 8285
f 8279 8280 8286
f 8274 8287 8276
f 8274 8285 8287
f 8285 8288 8287
f 8285 8286 8288
f 8280 8289 8286
f 8280 8283 8289
f 8283 8290 8289
f 8283 8284 8290
f 8286 8291 8288
f 8286 8289 8291
f 8289 8292 8291
f 8289 8290 8292
f 6506 8295 8293
f 6506 6508 8295
f 8293 8296 8294
f 8293 8295 8296
f 8294 8299 8297
f 8294 8296 8299
f 8297 8300 8298
f 8297 8299 8300
f 6484 8301 6514
f 6484 8271 8301
f 8271 8302 8301
f 8271 8272 8302
f 6508 8303 8295
f 6508 6516 8303
f 6514 8303 6516
f 6514 8301 8303
f 8295 8304 8296
f 8295 8303 8304
f 8301 8304 8303
f 8301 8302 8304
f 8272 8305 8302
f 8272 8275 8305
f 8275 8306 8305
f 8275 8276 8306
f 8296 8307 8299
f 8296 8304 8307
f 8302 8307 8304
f 8302 8305 8307
f 8299 8308 8300
f 8299 8307 8308
f 8305 8308 8307
f 8305 8306 8308
f 8298 8311 8309
f 8298 8300 8311
f 8309 8312 8310
f 8309 8311 8312
f 8310 8315 8313
f 8310 8312 8315
f 8313 8316 8314
f 8313 8315 8316
f 8276 8317 8306
f 8276 8287 8317
f 8287 8318 8317
f 8287 8288 8318
f 8300 8319 8311
f 8300 8308 8319
f 8306 8319 8308
f 8306 8317 8319
f 8311 8320 8312
f 8311 8319 8320
f 8317 8320 8319
f 8317 8318 8320
f 8288 8321 8318
f 8288 8291 8321
f 8291 8322 8321
f 8291 8292 8322
f 8312 8323 8315
f 8312 8320 8323
f 8318 8323 8320
f 8318 8321 8323
f 8315 8324 8316
f 8315 8323 8324
f 8321 8324 8323
f 8321 8322 8324
f 8084 8325 8191
f 8084 8258 8325
f 8191 8326 8192
f 8191 8325 8326
f 8258 8327 8325
f 8258 8260 8327
f 8325 8328 8326
f 8325 8327 8328
f 8192 8329 8195
f 8192 8326 8329
f 8195 8330 8196
f 8195 8329 8330
f 8326 8331 8329
f 8326 8328 8331
f 8329 8332 8330
f 8329 8331 8332
f 8196 8333 8207
f 8196 8330 8333
f 8207 8334 8208
f 8207 8333 8334
f 8330 8335 8333
f 8330 8332 8335
f 8333 8336 8334
f 8333 8335 8336
f 8208 8337 8211
f 8208 8334 8337
f 8211 8338 8212
f 8211 8337 8338
f 8334 8339 8337
f 8334 8336 8339
f 8337 8340 8338
f 8337 8339 8340
f 8116 8341 8282
f 8116 8223 8341
f 8223 8342 8341
f 8223 8224 8342
f 8282 8343 8284
f 8282 8341 8343
f 8341 8344 8343
f 8341 8342 8344
f 8224 8345 8342
f 8224 8227 8345
f 8227 8346 8345
f 8227 8228 8346
f 8342 8347 8344
f 8342 8345 8347
f 8345 8348 8347
f 8345 8346 8348
f 8284 8349 8290
f 8284 8343 8349
f 8343 8350 8349
f 8343 8344 8350
f 8290 8351 8292
f 8290 8349 8351
f 8349 8352 8351
f 8349 8350 8352
f 8344 8353 8350
f 8344 8347 8353
f 8347 8354 8353
f 8347 8348 8354
f 8350 8355 8352
f 8350 8353 8355
f 8353 8356 8355
f 8353 8354 8356
f 8228 8357 8346
f 8228 8239 8357
f 8239 8358 8357
f 8239 8240 8358
f 8346 8359 8348
f 8346 8357 8359
f 8357 8360 8359
f 8357 8358 8360
f 8240 8361 8358
f 8240 8243 8361
f 8243 8362 8361
f 8243 8244 8362
f 8358 8363 8360
f 8358 8361 8363
f 8361 8364 8363
f 8361 8362 8364
f 8348 8365 8354
f 8348 8359 8365
f 8359 8366 8365
f 8359 8360 8366
f 8354 8367 8356
f 8354 8365 8367
f 8365 8368 8367
f 8365 8366 8368
f 8360 8369 8366
f 8360 8363 8369
f 8363 8370 8369
f 8363 8364 8370
f 8366 8371 8368
f 8366 8369 8371
f 8369 8372 8371
f 8369 8370 8372
f 8314 8375 8373
f 8314 8316 8375
f 8373 8376 8374
f 8373 8375 8376
f 8374 8379 8377
f 8374 8376 8379
f 8377 8380 8378
f 8377 8379 8380
f 8292 8381 8322
f 8292 8351 8381
f 8351 8382 8381
f 8351 8352 8382
f 8316 8383 8375
f 8316 8324 8383
f 8322 8383 8324
f 8322 8381 8383
f 8375 8384 8376
f 8375 8383 8384
f 8381 8384 8383
f 8381 8382 8384
f 8352 8385 8382
f 8352 8355 8385
f 8355 8386 8385
f 8355 8356 8386
f 8376 8387 8379
f 8376 8384 8387
f 8382 8387 8384
f 8382 8385 8387
f 8379 8388 8380
f 8379 8387 8388
f 8385 8388 8387
f 8385 8386 8388
f 8378 8391 8389
f 8378 8380 8391
f 8389 8392 8390
f 8389 8391 8392
f 8390 8395 8393
f 8390 8392 8395
f 8393 8396 8394
f 8393 8395 8396
f 8356 8397 8386
f 8356 8367 8397
f 8367 8398 8397
f 8367 8368 8398
f 8380 8399 8391
f 8380 8388 8399
f 8386 8399 8388
f 8386 8397 8399
f 8391 8400 8392
f 8391 8399 8400
f 8397 8400 8399
f 8397 8398 8400
f 8368 8401 8398
f 8368 8371 8401
f 8371 8402 8401
f 8371 8372 8402
f 8392 8403 8395
f 8392 8400 8403
f 8398 8403 8400
f 8398 8401 8403
f 8395 8404 8396
f 8395 8403 8404
f 8401 8404 8403
f 8401 8402 8404
f 7732 8405 7943
f 7732 8138 8405
f 7943 8406 7944
f 7943 8405 8406
f 8138 8407 8405
f 8138 8140 8407
f 8405 8408 8406
f 8405 8407 8408
f 7944 8409 7947
f 7944 8406 8409
f 7947 8410 7948
f 7947 8409 8410
f 8406 8411 8409
f 8406 8408 8411
f 8409 8412 8410
f 8409 8411 8412
f 8140 8413 8407
f 8140 8146 8413
f 8407 8414 8408
f 8407 8413 8414
f 8146 8415 8413
f 8146 8148 8415
f 8413 8416 8414
f 8413 8415 8416
f 8408 8417 8411
f 8408 8414 8417
f 8411 8418 8412
f 8411 8417 8418
f 8414 8419 8417
f 8414 8416 8419
f 8417 8420 8418
f 8417 8419 8420
f 7764 8421 8170
f 7764 7959 8421
f 7959 8422 8421
f 7959 7960 8422
f 8170 8423 8172
f 8170 8421 8423
f 8421 8424 8423
f 8421 8422 8424
f 7960 8425 8422
f 7960 7963 8425
f 7963 8426 8425
f 7963 7964 8426
f 8422 8427 8424
f 8422 8425 8427
f 8425 8428 8427
f 8425 8426 8428
f 8172 8429 8178
f 8172 8423 8429
f 8423 8430 8429
f 8423 8424 8430
f 8178 8431 8180
f 8178 8429 8431
f 8429 8432 8431
f 8429 8430 8432
f 8424 8433 8430
f 8424 8427 8433
f 8427 8434 8433
f 8427 8428 8434
f 8430 8435 8432
f 8430 8433 8435
f 8433 8436 8435
f 8433 8434 8436
f 7979 8438 7980
f 7979 8437 8438
f 8437 8440 8438
f 8437 8439 8440
f 7964 8441 8426
f 7964 7983 8441
f 7983 8442 8441
f 7983 7984 8442
f 8426 8443 8428
f 8426 8441 8443
f 8441 8444 8443
f 8441 8442 8444
f 7984 8445 8442
f 7984 7987 8445
f 7987 8446 8445
f 7987 7988 8446
f 7980 8446 7988
f 7980 8438 8446
f 8442 8447 8444
f 8442 8445 8447
f 8445 8448 8447
f 8445 8446 8448
f 8438 8448 8446
f 8438 8440 8448
f 8439 8450 8440
f 8439 8449 8450
f 8449 8452 8450
f 8449 8451 8452
f 8428 8453 8434
f 8428 8443 8453
f 8443 8454 8453
f 8443 8444 8454
f 8434 8455 8436
f 8434 8453 8455
f 8453 8456 8455
f 8453 8454 8456
f 8444 8457 8454
f 8444 8447 8457
f 8447 8458 8457
f 8447 8448 8458
f 8440 8458 8448
f 8440 8450 8458
f 8454 8459 8456
f 8454 8457 8459
f 8457 8460 8459
f 8457 8458 8460
f 8450 8460 8458
f 8450 8452 8460
f 8148 8461 8415
f 8148 8202 8461
f 8415 8462 8416
f 8415 8461 8462
f 8202 8463 8461
f 8202 8204 8463
f 8461 8464 8462
f 8461 8463 8464
f 8416 8465 8419
f 8416 8462 8465
f 8419 8466 8420
f 8419 8465 8466
f 8462 8467 8465
f 8462 8464 8467
f 8465 8468 8466
f 8465 8467 8468
f 8204 8469 8463
f 8204 8210 8469
f 8463 8470 8464
f 8463 8469 8470
f 8210 8471 8469
f 8210 8212 8471
f 8469 8472 8470
f 8469 8471 8472
f 8464 8473 8467
f 8464 8470 8473
f 8467 8474 8468
f 8467 8473 8474
f 8470 8475 8473
f 8470 8472 8475
f 8473 8476 8474
f 8473 8475 8476
f 8180 8477 8234
f 8180 8431 8477
f 8431 8478 8477
f 8431 8432 8478
f 8234 8479 8236
f 8234 8477 8479
f 8477 8480 8479
f 8477 8478 8480
f 8432 8481 8478
f 8432 8435 8481
f 8435 8482 8481
f 8435 8436 8482
f 8478 8483 8480
f 8478 8481 8483
f 8481 8484 8483
f 8481 8482 8484
f 8236 8485 8242
f 8236 8479 8485
f 8479 8486 8485
f 8479 8480 8486
f 8242 8487 8244
f 8242 8485 8487
f 8485 8488 8487
f 8485 8486 8488
f 8480 8489 8486
f 8480 8483 8489
f 8483 8490 8489
f 8483 8484 8490
f 8486 8491 8488
f 8486 8489 8491
f 8489 8492 8491
f 8489 8490 8492
f 8451 8494 8452
f 8451 8493 8494
f 8493 8496 8494
f 8493 8495 8496
f 8436 8497 8482
f 8436 8455 8497
f 8455 8498 8497
f 8455 8456 8498
f 8482 8499 8484
f 8482 8497 8499
f 8497 8500 8499
f 8497 8498 8500
f 8456 8501 8498
f 8456 8459 8501
f 8459 8502 8501
f 8459 8460 8502
f 8452 8502 8460
f 8452 8494 8502
f 8498 8503 8500
f 8498 8501 8503
f 8501 8504 8503
f 8501 8502 8504
f 8494 8504 8502
f 8494 8496 8504
f 8495 8506 8496
f 8495 8505 8506
f 8505 8508 8506
f 8505 8507 8508
f 8484 8509 8490
f 8484 8499 8509
f 8499 8510 8509
f 8499 8500 8510
f 8490 8511 8492
f 8490 8509 8511
f 8509 8512 8511
f 8509 8510 8512
f 8500 8513 8510
f 8500 8503 8513
f 8503 8514 8513
f 8503 8504 8514
f 8496 8514 8504
f 8496 8506 8514
f 8510 8515 8512
f 8510 8513 8515
f 8513 8516 8515
f 8513 8514 8516
f 8506 8516 8514
f 8506 8508 8516
f 8212 8517 8471
f 8212 8338 8517
f 8471 8518 8472
f 8471 8517 8518
f 8338 8519 8517
f 8338 8340 8519
f 8517 8520 8518
f 8517 8519 8520
f 8472 8521 8475
f 8472 8518 8521
f 8475 8522 8476
f 8475 8521 8522
f 8518 8523 8521
f 8518 8520 8523
f 8521 8524 8522
f 8521 8523 8524
f 8244 8525 8362
f 8244 8487 8525
f 8487 8526 8525
f 8487 8488 8526
f 8362 8527 8364
f 8362 8525 8527
f 8525 8528 8527
f 8525 8526 8528
f 8488 8529 8526
f 8488 8491 8529
f 8491 8530 8529
f 8491 8492 8530
f 8526 8531 8528
f 8526 8529 8531
f 8529 8532 8531
f 8529 8530 8532
f 8364 8533 8370
f 8364 8527 8533
f 8527 8534 8533
f 8527 8528 8534
f 8370 8535 8372
f 8370 8533 8535
f 8533 8536 8535
f 8533 8534 8536
f 8528 8537 8534
f 8528 8531 8537
f 8531 8538 8537
f 8531 8532 8538
f 8534 8539 8536
f 8534 8537 8539
f 8537 8540 8539
f 8537 8538 8540
f 8507 8542 8508
f 8507 8541 8542
f 8541 8544 8542
f 8541 8543 8544
f 8492 8545 8530
f 8492 8511 8545
f 8511 8546 8545
f 8511 8512 8546
f 8530 8547 8532
f 8530 8545 8547
f 8545 8548 8547
f 8545 8546 8548
f 8512 8549 8546
f 8512 8515 8549
f 8515 8550 8549
f 8515 8516 8550
f 8508 8550 8516
f 8508 8542 8550
f 8546 8551 8548
f 8546 8549 8551
f 8549 8552 8551
f 8549 8550 8552
f 8542 8552 8550
f 8542 8544 8552
f 8543 8554 8544
f 8543 8553 8554
f 8553 8556 8554
f 8553 8555 8556
f 8532 8557 8538
f 8532 8547 8557
f 8547 8558 8557
f 8547 8548 8558
f 8538 8559 8540
f 8538 8557 8559
f 8557 8560 8559
f 8557 8558 8560
f 8548 8561 8558
f 8548 8551 8561
f 8551 8562 8561
f 8551 8552 8562
f 8544 8562 8552
f 8544 8554 8562
f 8558 8563 8560
f 8558 8561 8563
f 8561 8564 8563
f 8561 8562 8564
f 8554 8564 8562
f 8554 8556 8564
f 8394 8567 8565
f 8394 8396 8567
f 8565 8568 8566
f 8565 8567 8568
f 8566 8571 8569
f 8566 8568 8571
f 8569 8572 8570
f 8569 8571 8572
f 8372 8573 8402
f 8372 8535 8573
f 8535 8574 8573
f 8535 8536 8574
f 8396 8575 8567
f 8396 8404 8575
f 8402 8575 8404
f 8402 8573 8575
f 8567 8576 8568
f 8567 8575 8576
f 8573 8576 8575
f 8573 8574 8576
f 8536 8577 8574
f 8536 8539 8577
f 8539 8578 8577
f 8539 8540 8578
f 8568 8579 8571
f 8568 8576 8579
f 8574 8579 8576
f 8574 8577 8579
f 8571 8580 8572
f 8571 8579 8580
f 8577 8580 8579
f 8577 8578 8580
f 8570 8583 8581
f 8570 8572 8583
f 8581 8584 8582
f 8581 8583 8584
f 8555 8586 8556
f 8555 8585 8586
f 8582 8588 8587
f 8582 8584 8588
f 8587 8588 8589
f 8585 8589 8586
f 8540 8590 8578
f 8540 8559 8590
f 8559 8591 8590
f 8559 8560 8591
f 8572 8592 8583
f 8572 8580 8592
f 8578 8592 8580
f 8578 8590 8592
f 8583 8593 8584
f 8583 8592 8593
f 8590 8593 8592
f 8590 8591 8593
f 8560 8594 8591
f 8560 8563 8594
f 8563 8595 8594
f 8563 8564 8595
f 8556 8595 8564
f 8556 8586 8595
f 8584 8596 8588
f 8584 8593 8596
f 8591 8596 8593
f 8591 8594 8596
f 8588 8597 8589
f 8588 8596 8597
f 8594 8597 8596
f 8594 8595 8597
f 8586 8597 8595
f 8586 8589 8597
f 8598 8601 8600
f 8599 8603 8602
f 8600 8605 8604
f 8600 8601 8605
f 8601 8606 8605
f 8601 8602 8606
f 8604 8607 1
f 8604 8605 8607
f 8605 8608 8607
f 8605 8606 8608
f 8603 8610 8609
f 8602 8609 8606
f 8602 8603 8609
f 8606 8611 8608
f 8606 8609 8611
f 8609 8612 8611
f 8609 8613 8612
f 8609 8614 8613
f 8609 8610 8614
f 8610 8616 8614
f 8610 8615 8616
f 8613 8617 8612
f 8613 8618 8617
f 8613 8619 8618
f 8613 8614 8619
f 8618 8620 8617
f 8618 8621 8620
f 8618 8622 8621
f 8618 8619 8622
f 8614 2 8619
f 8614 8616 2
f 8619 3 8622
f 8619 2 3
f 8621 8623 8620
f 8621 8624 8623
f 8621 8625 8624
f 8621 8622 8625
f 8624 8626 8623
f 8624 8627 8626
f 8624 8628 8627
f 8624 8625 8628
f 8622 4 8625
f 8622 3 4
f 8625 5 8628
f 8625 4 5
f 1 8607 7
f 8607 8 7
f 8607 8608 8
f 8608 14 8
f 8608 8611 14
f 8611 15 14
f 8611 8612 15
f 8612 33 15
f 8612 8617 33
f 8617 34 33
f 8617 8620 34
f 8620 37 34
f 8620 8623 37
f 8623 38 37
f 8623 8626 38
f 8615 53 8616
f 8616 56 2
f 8616 53 56
f 8627 8629 8626
f 8627 8630 8629
f 8627 8631 8630
f 8627 8628 8631
f 8630 8632 8629
f 8630 8633 8632
f 8630 8634 8633
f 8630 8631 8634
f 8628 232 8631
f 8628 5 232
f 8631 233 8634
f 8631 232 233
f 8633 8635 8632
f 8633 8636 8635
f 8633 8637 8636
f 8633 8634 8637
f 8636 8638 8635
f 8636 8639 8638
f 8636 8640 8639
f 8636 8637 8640
f 8634 234 8637
f 8634 233 234
f 8637 235 8640
f 8637 234 235
f 8639 8641 8638
f 8639 8642 8641
f 8639 8643 8642
f 8639 8640 8643
f 8642 8644 8641
f 8642 8645 8644
f 8642 8646 8645
f 8642 8643 8646
f 8640 236 8643
f 8640 235 236
f 8643 237 8646
f 8643 236 237
f 8645 8647 8644
f 8645 8648 8647
f 8645 8649 8648
f 8645 8646 8649
f 8648 8650 8647
f 8648 8651 8650
f 8648 8652 8651
f 8648 8649 8652
f 8646 238 8649
f 8646 237 238
f 8649 239 8652
f 8649 238 239
f 8626 240 38
f 8626 8629 240
f 8629 241 240
f 8629 8632 241
f 8632 244 241
f 8632 8635 244
f 8635 245 244
f 8635 8638 245
f 8638 260 245
f 8638 8641 260
f 8641 261 260
f 8641 8644 261
f 8644 264 261
f 8644 8647 264
f 8647 265 264
f 8647 8650 265
f 8651 8653 8650
f 8651 8654 8653
f 8651 8655 8654
f 8651 8652 8655
f 8654 8656 8653
f 8654 8657 8656
f 8654 8658 8657
f 8654 8655 8658
f 8652 344 8655
f 8652 239 344
f 8655 345 8658
f 8655 344 345
f 8657 8659 8656
f 8657 8660 8659
f 8657 8661 8660
f 8657 8658 8661
f 8660 8662 8659
f 8660 8663 8662
f 8660 8664 8663
f 8660 8661 8664
f 8658 346 8661
f 8658 345 346
f 8661 347 8664
f 8661 346 347
f 8663 8665 8662
f 8663 8666 8665
f 8663 8667 8666
f 8663 8664 8667
f 8666 8668 8665
f 8666 8669 8668
f 8666 8670 8669
f 8666 8667 8670
f 8664 348 8667
f 8664 347 348
f 8667 349 8670
f 8667 348 349
f 8669 8671 8668
f 8669 8672 8671
f 8669 8673 8672
f 8669 8670 8673
f 8672 8674 8671
f 8672 8675 8674
f 8672 8676 8675
f 8672 8673 8676
f 8670 350 8673
f 8670 349 350
f 8673 351 8676
f 8673 350 351
f 8650 352 265
f 8650 8653 352
f 8653 353 352
f 8653 8656 353
f 8656 356 353
f 8656 8659 356
f 8659 357 356
f 8659 8662 357
f 8662 372 357
f 8662 8665 372
f 8665 373 372
f 8665 8668 373
f 8668 376 373
f 8668 8671 376
f 8671 377 376
f 8671 8674 377
f 8675 8677 8674
f 8675 8678 8677
f 8675 8679 8678
f 8675 8676 8679
f 8678 8680 8677
f 8678 8681 8680
f 8678 8682 8681
f 8678 8679 8682
f 8676 2216 8679
f 8676 351 2216
f 8679 2217 8682
f 8679 2216 2217
f 8681 8683 8680
f 8681 8684 8683
f 8681 8685 8684
f 8681 8682 8685
f 8684 8686 8683
f 8684 8687 8686
f 8684 8688 8687
f 8684 8685 8688
f 8682 2218 8685
f 8682 2217 2218
f 8685 2219 8688
f 8685 2218 2219
f 8687 8689 8686
f 8687 8690 8689
f 8687 8691 8690
f 8687 8688 8691
f 8690 8692 8689
f 8690 8693 8692
f 8690 8694 8693
f 8690 8691 8694
f 8688 2220 8691
f 8688 2219 2220
f 8691 2221 8694
f 8691 2220 2221
f 8693 8695 8692
f 8693 8696 8695
f 8693 8697 8696
f 8693 8694 8697
f 8696 8698 8695
f 8696 8699 8698
f 8696 8700 8699
f 8696 8697 8700
f 8694 2222 8697
f 8694 2221 2222
f 8697 2223 8700
f 8697 2222 2223
f 8674 2224 377
f 8674 8677 2224
f 8677 2225 2224
f 8677 8680 2225
f 8680 2228 2225
f 8680 8683 2228
f 8683 2229 2228
f 8683 8686 2229
f 8686 2244 2229
f 8686 8689 2244
f 8689 2245 2244
f 8689 8692 2245
f 8692 2248 2245
f 8692 8695 2248
f 8695 2249 2248
f 8695 8698 2249
f 8699 8701 8698
f 8699 8702 8701
f 8699 8703 8702
f 8699 8700 8703
f 8702 8704 8701
f 8702 8705 8704
f 8702 8706 8705
f 8702 8703 8706
f 8700 2328 8703
f 8700 2223 2328
f 8703 2329 8706
f 8703 2328 2329
f 8705 8707 8704
f 8705 8708 8707
f 8705 8709 8708
f 8705 8706 8709
f 8708 8710 8707
f 8708 8711 8710
f 8708 8712 8711
f 8708 8709 8712
f 8706 2330 8709
f 8706 2329 2330
f 8709 2331 8712
f 8709 2330 2331
f 8711 8713 8710
f 8711 8714 8713
f 8711 8715 8714
f 8711 8712 8715
f 8714 8716 8713
f 8714 8717 8716
f 8714 8718 8717
f 8714 8715 8718
f 8712 2332 8715
f 8712 2331 2332
f 8715 2333 8718
f 8715 2332 2333
f 8717 8719 8716
f 8717 8720 8719
f 8717 8721 8720
f 8717 8718 8721
f 8720 8722 8719
f 8720 8723 8722
f 8720 8724 8723
f 8720 8721 8724
f 8718 2334 8721
f 8718 2333 2334
f 8721 2335 8724
f 8721 2334 2335
f 8698 2336 2249
f 8698 8701 2336
f 8701 2337 2336
f 8701 8704 2337
f 8704 2340 2337
f 8704 8707 2340
f 8707 2341 2340
f 8707 8710 2341
f 8710 2356 2341
f 8710 8713 2356
f 8713 2357 2356
f 8713 8716 2357
f 8716 2360 2357
f 8716 8719 2360
f 8719 2361 2360
f 8719 8722 2361
f 8723 8725 8722
f 8723 8726 8725
f 8723 8727 8726
f 8723 8724 8727
f 8726 8728 8725
f 8726 8729 8728
f 8726 8730 8729
f 8726 8727 8730
f 8724 2696 8727
f 8724 2335 2696
f 8727 2697 8730
f 8727 2696 2697
f 8729 8731 8728
f 8729 8732 8731
f 8729 8733 8732
f 8729 8730 8733
f 8732 8734 8731
f 8732 8735 8734
f 8732 8736 8735
f 8732 8733 8736
f 8730 2698 8733
f 8730 2697 2698
f 8733 2699 8736
f 8733 2698 2699
f 8735 8739 8734
f 8735 8737 8739
f 8735 8738 8737
f 8735 8736 8738
f 8737 8740 8739
f 8736 8741 8738
f 8736 2699 8741
f 8722 2700 2361
f 8722 8725 2700
f 8725 2701 2700
f 8725 8728 2701
f 8728 2704 2701
f 8728 8731 2704
f 8731 2705 2704
f 8731 8734 2705
f 8734 2720 2705
f 8734 8739 2720
f 8739 2721 2720
f 8739 8740 2721
f 8740 2724 2721
f 2699 2760 8741
f 8598 8743 8742
f 8598 8600 8743
f 8742 8743 8744
f 8745 8747 8603
f 8745 8746 8747
f 8599 8745 8603
f 8746 8749 8747
f 8746 8748 8749
f 8600 8750 8743
f 8600 8604 8750
f 8604 8751 8750
f 8604 1 8751
f 8743 8752 8744
f 8743 8750 8752
f 8750 8753 8752
f 8750 8751 8753
f 8603 8747 8610
f 8747 8615 8610
f 8747 8749 8615
f 1 8754 8751
f 1 6 8754
f 6 11 8754
f 8751 8755 8753
f 8751 8754 8755
f 8754 13 8755
f 8754 11 13
f 8748 8761 8749
f 8748 8760 8761
f 8760 8762 8761
f 8744 8763 8756
f 8744 8752 8763
f 8752 8764 8763
f 8752 8753 8764
f 8756 8765 8758
f 8756 8763 8765
f 8763 8766 8765
f 8763 8764 8766
f 8749 8767 8615
f 8749 8761 8767
f 8615 8767 53
f 8761 8768 8767
f 8761 8762 8768
f 8767 8769 53
f 8767 8768 8769
f 8758 8770 8757
f 8758 8771 8770
f 8758 8772 8771
f 8758 8765 8772
f 8757 8773 8759
f 8757 8770 8773
f 8765 8774 8772
f 8765 8766 8774
f 8771 8775 8770
f 8771 8776 8775
f 8771 8777 8776
f 8771 8772 8777
f 8770 8778 8773
f 8770 8775 8778
f 8772 8779 8777
f 8772 8774 8779
f 8762 8780 8768
f 8762 8781 8780
f 8759 8781 8762
f 8759 8773 8781
f 8768 54 8769
f 8768 8780 54
f 8781 8782 8780
f 8781 8783 8782
f 8773 8783 8781
f 8773 8778 8783
f 8780 55 54
f 8780 8782 55
f 53 8769 58
f 8769 64 58
f 8769 54 64
f 8753 8784 8764
f 8753 8755 8784
f 8755 72 8784
f 8755 13 72
f 8764 8785 8766
f 8764 8784 8785
f 8784 73 8785
f 8784 72 73
f 8766 8786 8774
f 8766 8785 8786
f 8785 84 8786
f 8785 73 84
f 8774 8787 8779
f 8774 8786 8787
f 8786 85 8787
f 8786 84 85
f 8776 8788 8775
f 8776 8789 8788
f 8776 8790 8789
f 8776 8777 8790
f 8775 8791 8778
f 8775 8788 8791
f 8777 8792 8790
f 8777 8779 8792
f 8789 8793 8788
f 8789 8794 8793
f 8789 8795 8794
f 8789 8790 8795
f 8788 8796 8791
f 8788 8793 8796
f 8790 8797 8795
f 8790 8792 8797
f 8783 8798 8782
f 8783 8799 8798
f 8778 8799 8783
f 8778 8791 8799
f 8782 112 55
f 8782 8798 112
f 8799 8800 8798
f 8799 8801 8800
f 8791 8801 8799
f 8791 8796 8801
f 8798 113 112
f 8798 8800 113
f 8794 8802 8793
f 8794 8803 8802
f 8794 8804 8803
f 8794 8795 8804
f 8793 8805 8796
f 8793 8802 8805
f 8795 8806 8804
f 8795 8797 8806
f 8803 8807 8802
f 8803 8808 8807
f 8803 8809 8808
f 8803 8804 8809
f 8802 8810 8805
f 8802 8807 8810
f 8804 8811 8809
f 8804 8806 8811
f 8801 8812 8800
f 8801 8813 8812
f 8796 8813 8801
f 8796 8805 8813
f 8800 114 113
f 8800 8812 114
f 8813 8814 8812
f 8813 8815 8814
f 8805 8815 8813
f 8805 8810 8815
f 8812 115 114
f 8812 8814 115
f 8779 8816 8792
f 8779 8787 8816
f 8787 132 8816
f 8787 85 132
f 8792 8817 8797
f 8792 8816 8817
f 8816 133 8817
f 8816 132 133
f 8797 8818 8806
f 8797 8817 8818
f 8817 144 8818
f 8817 133 144
f 8806 8819 8811
f 8806 8818 8819
f 8818 145 8819
f 8818 144 145
f 8808 8820 8807
f 8808 8821 8820
f 8808 8822 8821
f 8808 8809 8822
f 8807 8823 8810
f 8807 8820 8823
f 8809 8824 8822
f 8809 8811 8824
f 8821 8825 8820
f 8821 8826 8825
f 8821 8827 8826
f 8821 8822 8827
f 8820 8828 8823
f 8820 8825 8828
f 8822 8829 8827
f 8822 8824 8829
f 8815 8830 8814
f 8815 8831 8830
f 8810 8831 8815
f 8810 8823 8831
f 8814 172 115
f 8814 8830 172
f 8831 8832 8830
f 8831 8833 8832
f 8823 8833 8831
f 8823 8828 8833
f 8830 173 172
f 8830 8832 173
f 8826 8834 8825
f 8826 8835 8834
f 8826 8836 8835
f 8826 8827 8836
f 8825 8837 8828
f 8825 8834 8837
f 8827 8838 8836
f 8827 8829 8838
f 8835 8839 8834
f 8835 8840 8839
f 8835 8841 8840
f 8835 8836 8841
f 8834 8842 8837
f 8834 8839 8842
f 8836 8843 8841
f 8836 8838 8843
f 8833 8844 8832
f 8833 8845 8844
f 8828 8845 8833
f 8828 8837 8845
f 8832 174 173
f 8832 8844 174
f 8845 8846 8844
f 8845 8847 8846
f 8837 8847 8845
f 8837 8842 8847
f 8844 175 174
f 8844 8846 175
f 8811 8848 8824
f 8811 8819 8848
f 8819 192 8848
f 8819 145 192
f 8824 8849 8829
f 8824 8848 8849
f 8848 193 8849
f 8848 192 193
f 8829 8850 8838
f 8829 8849 8850
f 8849 204 8850
f 8849 193 204
f 8838 8851 8843
f 8838 8850 8851
f 8850 205 8851
f 8850 204 205
f 8840 8852 8839
f 8840 8853 8852
f 8840 8854 8853
f 8840 8841 8854
f 8839 8855 8842
f 8839 8852 8855
f 8841 8856 8854
f 8841 8843 8856
f 8853 8857 8852
f 8853 8858 8857
f 8853 8859 8858
f 8853 8854 8859
f 8852 8860 8855
f 8852 8857 8860
f 8854 8861 8859
f 8854 8856 8861
f 8847 8862 8846
f 8847 8863 8862
f 8842 8863 8847
f 8842 8855 8863
f 8846 712 175
f 8846 8862 712
f 8863 8864 8862
f 8863 8865 8864
f 8855 8865 8863
f 8855 8860 8865
f 8862 713 712
f 8862 8864 713
f 8858 8866 8857
f 8858 8867 8866
f 8858 8868 8867
f 8858 8859 8868
f 8857 8869 8860
f 8857 8866 8869
f 8859 8870 8868
f 8859 8861 8870
f 8867 8871 8866
f 8867 8872 8871
f 8867 8873 8872
f 8867 8868 8873
f 8866 8874 8869
f 8866 8871 8874
f 8868 8875 8873
f 8868 8870 8875
f 8865 8876 8864
f 8865 8877 8876
f 8860 8877 8865
f 8860 8869 8877
f 8864 714 713
f 8864 8876 714
f 8877 8878 8876
f 8877 8879 8878
f 8869 8879 8877
f 8869 8874 8879
f 8876 715 714
f 8876 8878 715
f 8843 8880 8856
f 8843 8851 8880
f 8851 732 8880
f 8851 205 732
f 8856 8881 8861
f 8856 8880 8881
f 8880 733 8881
f 8880 732 733
f 8861 8882 8870
f 8861 8881 8882
f 8881 744 8882
f 8881 733 744
f 8870 8883 8875
f 8870 8882 8883
f 8882 745 8883
f 8882 744 745
f 8872 8884 8871
f 8872 8885 8884
f 8872 8886 8885
f 8872 8873 8886
f 8871 8887 8874
f 8871 8884 8887
f 8873 8888 8886
f 8873 8875 8888
f 8885 8889 8884
f 8885 8890 8889
f 8885 8891 8890
f 8885 8886 8891
f 8884 8892 8887
f 8884 8889 8892
f 8886 8893 8891
f 8886 8888 8893
f 8879 8894 8878
f 8879 8895 8894
f 8874 8895 8879
f 8874 8887 8895
f 8878 772 715
f 8878 8894 772
f 8895 8896 8894
f 8895 8897 8896
f 8887 8897 8895
f 8887 8892 8897
f 8894 773 772
f 8894 8896 773
f 8890 8898 8889
f 8890 8899 8898
f 8890 8900 8899
f 8890 8891 8900
f 8889 8901 8892
f 8889 8898 8901
f 8891 8902 8900
f 8891 8893 8902
f 8899 8903 8898
f 8899 8904 8903
f 8899 8905 8904
f 8899 8900 8905
f 8898 8906 8901
f 8898 8903 8906
f 8900 8907 8905
f 8900 8902 8907
f 8897 8908 8896
f 8897 8909 8908
f 8892 8909 8897
f 8892 8901 8909
f 8896 774 773
f 8896 8908 774
f 8909 8910 8908
f 8909 8911 8910
f 8901 8911 8909
f 8901 8906 8911
f 8908 775 774
f 8908 8910 775
f 8875 8912 8888
f 8875 8883 8912
f 8883 792 8912
f 8883 745 792
f 8888 8913 8893
f 8888 8912 8913
f 8912 793 8913
f 8912 792 793
f 8893 8914 8902
f 8893 8913 8914
f 8913 804 8914
f 8913 793 804
f 8902 8915 8907
f 8902 8914 8915
f 8914 805 8915
f 8914 804 805
f 8904 8916 8903
f 8904 8917 8916
f 8904 8918 8917
f 8904 8905 8918
f 8903 8919 8906
f 8903 8916 8919
f 8905 8920 8918
f 8905 8907 8920
f 8917 8921 8916
f 8917 8922 8921
f 8917 8923 8922
f 8917 8918 8923
f 8916 8924 8919
f 8916 8921 8924
f 8918 8925 8923
f 8918 8920 8925
f 8911 8926 8910
f 8911 8927 8926
f 8906 8927 8911
f 8906 8919 8927
f 8910 832 775
f 8910 8926 832
f 8927 8928 8926
f 8927 8929 8928
f 8919 8929 8927
f 8919 8924 8929
f 8926 833 832
f 8926 8928 833
f 8922 8930 8921
f 8922 8931 8930
f 8922 8932 8931
f 8922 8923 8932
f 8921 8933 8924
f 8921 8930 8933
f 8923 8934 8932
f 8923 8925 8934
f 8931 8935 8930
f 8931 8936 8935
f 8931 8937 8936
f 8931 8932 8937
f 8930 8938 8933
f 8930 8935 8938
f 8932 8939 8937
f 8932 8934 8939
f 8929 8940 8928
f 8929 8941 8940
f 8924 8941 8929
f 8924 8933 8941
f 8928 834 833
f 8928 8940 834
f 8941 8942 8940
f 8941 8943 8942
f 8933 8943 8941
f 8933 8938 8943
f 8940 835 834
f 8940 8942 835
f 8907 8944 8920
f 8907 8915 8944
f 8915 852 8944
f 8915 805 852
f 8920 8945 8925
f 8920 8944 8945
f 8944 853 8945
f 8944 852 853
f 8925 8946 8934
f 8925 8945 8946
f 8945 864 8946
f 8945 853 864
f 8934 8947 8939
f 8934 8946 8947
f 8946 865 8947
f 8946 864 865
f 8936 8948 8935
f 8936 8949 8948
f 8936 8950 8949
f 8936 8937 8950
f 8935 8951 8938
f 8935 8948 8951
f 8937 8952 8950
f 8937 8939 8952
f 8949 8953 8948
f 8949 8954 8953
f 8949 8955 8954
f 8949 8950 8955
f 8948 8956 8951
f 8948 8953 8956
f 8950 8957 8955
f 8950 8952 8957
f 8943 8958 8942
f 8943 8959 8958
f 8938 8959 8943
f 8938 8951 8959
f 8942 892 835
f 8942 8958 892
f 8959 8960 8958
f 8959 8961 8960
f 8951 8961 8959
f 8951 8956 8961
f 8958 893 892
f 8958 8960 893
f 8954 8962 8953
f 8954 8963 8962
f 8954 8964 8963
f 8954 8955 8964
f 8953 8965 8956
f 8953 8962 8965
f 8955 8966 8964
f 8955 8957 8966
f 8963 8967 8962
f 8963 8968 8967
f 8963 8969 8968
f 8963 8964 8969
f 8962 8970 8965
f 8962 8967 8970
f 8964 8971 8969
f 8964 8966 8971
f 8961 8972 8960
f 8961 8973 8972
f 8956 8973 8961
f 8956 8965 8973
f 8960 894 893
f 8960 8972 894
f 8973 8974 8972
f 8973 8975 8974
f 8965 8975 8973
f 8965 8970 8975
f 8972 895 894
f 8972 8974 895
f 8939 8976 8952
f 8939 8947 8976
f 8947 912 8976
f 8947 865 912
f 8952 8977 8957
f 8952 8976 8977
f 8976 913 8977
f 8976 912 913
f 8957 8978 8966
f 8957 8977 8978
f 8977 924 8978
f 8977 913 924
f 8966 8979 8971
f 8966 8978 8979
f 8978 925 8979
f 8978 924 925
f 8968 8980 8967
f 8968 8981 8980
f 8968 8982 8981
f 8968 8969 8982
f 8967 8983 8970
f 8967 8980 8983
f 8969 8984 8982
f 8969 8971 8984
f 8981 8985 8980
f 8981 8986 8985
f 8981 8987 8986
f 8981 8982 8987
f 8980 8988 8983
f 8980 8985 8988
f 8982 8989 8987
f 8982 8984 8989
f 8975 8990 8974
f 8975 8991 8990
f 8970 8991 8975
f 8970 8983 8991
f 8974 1464 895
f 8974 8990 1464
f 8991 8992 8990
f 8991 8993 8992
f 8983 8993 8991
f 8983 8988 8993
f 8990 1465 1464
f 8990 8992 1465
f 8986 8994 8985
f 8986 8995 8994
f 8986 8996 8995
f 8986 8987 8996
f 8985 8997 8988
f 8985 8994 8997
f 8987 8998 8996
f 8987 8989 8998
f 8995 8999 8994
f 8995 9000 8999
f 8995 9001 9000
f 8995 8996 9001
f 8994 9002 8997
f 8994 8999 9002
f 8996 9003 9001
f 8996 8998 9003
f 8993 9004 8992
f 8993 9005 9004
f 8988 9005 8993
f 8988 8997 9005
f 8992 1466 1465
f 8992 9004 1466
f 9005 9006 9004
f 9005 9007 9006
f 8997 9007 9005
f 8997 9002 9007
f 9004 1467 1466
f 9004 9006 1467
f 8971 9008 8984
f 8971 8979 9008
f 8979 1484 9008
f 8979 925 1484
f 8984 9009 8989
f 8984 9008 9009
f 9008 1485 9009
f 9008 1484 1485
f 8989 9010 8998
f 8989 9009 9010
f 9009 1496 9010
f 9009 1485 1496
f 8998 9011 9003
f 8998 9010 9011
f 9010 1497 9011
f 9010 1496 1497
f 9000 9012 8999
f 9000 9013 9012
f 9000 9014 9013
f 9000 9001 9014
f 8999 9015 9002
f 8999 9012 9015
f 9001 9016 9014
f 9001 9003 9016
f 9013 9017 9012
f 9013 9018 9017
f 9013 9019 9018
f 9013 9014 9019
f 9012 9020 9015
f 9012 9017 9020
f 9014 9021 9019
f 9014 9016 9021
f 9007 9022 9006
f 9007 9023 9022
f 9002 9023 9007
f 9002 9015 9023
f 9006 1524 1467
f 9006 9022 1524
f 9023 9024 9022
f 9023 9025 9024
f 9015 9025 9023
f 9015 9020 9025
f 9022 1525 1524
f 9022 9024 1525
f 9018 9026 9017
f 9018 9027 9026
f 9018 9028 9027
f 9018 9019 9028
f 9017 9029 9020
f 9017 9026 9029
f 9019 9030 9028
f 9019 9021 9030
f 9027 9031 9026
f 9027 9032 9031
f 9027 9033 9032
f 9027 9028 9033
f 9026 9034 9029
f 9026 9031 9034
f 9028 9035 9033
f 9028 9030 9035
f 9025 9036 9024
f 9025 9037 9036
f 9020 9037 9025
f 9020 9029 9037
f 9024 1526 1525
f 9024 9036 1526
f 9037 9038 9036
f 9037 9039 9038
f 9029 9039 9037
f 9029 9034 9039
f 9036 1527 1526
f 9036 9038 1527
f 9003 9040 9016
f 9003 9011 9040
f 9011 1544 9040
f 9011 1497 1544
f 9016 9041 9021
f 9016 9040 9041
f 9040 1545 9041
f 9040 1544 1545
f 9021 9042 9030
f 9021 9041 9042
f 9041 1556 9042
f 9041 1545 1556
f 9030 9043 9035
f 9030 9042 9043
f 9042 1557 9043
f 9042 1556 1557
f 9032 9044 9031
f 9032 9045 9044
f 9032 9046 9045
f 9032 9033 9046
f 9031 9047 9034
f 9031 9044 9047
f 9033 9048 9046
f 9033 9035 9048
f 9045 9049 9044
f 9045 9050 9049
f 9045 9051 9050
f 9045 9046 9051
f 9044 9052 9047
f 9044 9049 9052
f 9046 9053 9051
f 9046 9048 9053
f 9039 9054 9038
f 9039 9055 9054
f 9034 9055 9039
f 9034 9047 9055
f 9038 1584 1527
f 9038 9054 1584
f 9055 9056 9054
f 9055 9057 9056
f 9047 9057 9055
f 9047 9052 9057
f 9054 1585 1584
f 9054 9056 1585
f 9050 9058 9049
f 9050 9059 9058
f 9050 9060 9059
f 9050 9051 9060
f 9049 9061 9052
f 9049 9058 9061
f 9051 9062 9060
f 9051 9053 9062
f 9059 9063 9058
f 9059 9064 9063
f 9059 9065 9064
f 9059 9060 9065
f 9058 9066 9061
f 9058 9063 9066
f 9060 9067 9065
f 9060 9062 9067
f 9057 9068 9056
f 9057 9069 9068
f 9052 9069 9057
f 9052 9061 9069
f 9056 1586 1585
f 9056 9068 1586
f 9069 9070 9068
f 9069 9071 9070
f 9061 9071 9069
f 9061 9066 9071
f 9068 1587 1586
f 9068 9070 1587
f 9035 9072 9048
f 9035 9043 9072
f 9043 1604 9072
f 9043 1557 1604
f 9048 9073 9053
f 9048 9072 9073
f 9072 1605 9073
f 9072 1604 1605
f 9053 9074 9062
f 9053 9073 9074
f 9073 1616 9074
f 9073 1605 1616
f 9062 9075 9067
f 9062 9074 9075
f 9074 1617 9075
f 9074 1616 1617
f 9064 9076 9063
f 9064 9077 9076
f 9064 9078 9077
f 9064 9065 9078
f 9063 9079 9066
f 9063 9076 9079
f 9065 9080 9078
f 9065 9067 9080
f 9077 9081 9076
f 9077 9082 9081
f 9077 9083 9082
f 9077 9078 9083
f 9076 9084 9079
f 9076 9081 9084
f 9078 9085 9083
f 9078 9080 9085
f 9071 9086 9070
f 9071 9087 9086
f 9066 9087 9071
f 9066 9079 9087
f 9070 1644 1587
f 9070 9086 1644
f 9087 9088 9086
f 9087 9089 9088
f 9079 9089 9087
f 9079 9084 9089
f 9086 1645 1644
f 9086 9088 1645
f 9082 9090 9081
f 9082 9091 9090
f 9082 9092 9091
f 9082 9083 9092
f 9081 9093 9084
f 9081 9090 9093
f 9083 9094 9092
f 9083 9085 9094
f 9091 9095 9090
f 9091 9096 9095
f 9091 9097 9096
f 9091 9092 9097
f 9090 9098 9093
f 9090 9095 9098
f 9092 9099 9097
f 9092 9094 9099
f 9089 9100 9088
f 9089 9101 9100
f 9084 9101 9089
f 9084 9093 9101
f 9088 1646 1645
f 9088 9100 1646
f 9101 9102 9100
f 9101 9103 9102
f 9093 9103 9101
f 9093 9098 9103
f 9100 1647 1646
f 9100 9102 1647
f 9067 9104 9080
f 9067 9075 9104
f 9075 1664 9104
f 9075 1617 1664
f 9080 9105 9085
f 9080 9104 9105
f 9104 1665 9105
f 9104 1664 1665
f 9085 9106 9094
f 9085 9105 9106
f 9105 1676 9106
f 9105 1665 1676
f 9094 9107 9099
f 9094 9106 9107
f 9106 1677 9107
f 9106 1676 1677
f 9096 9108 9095
f 9096 9109 9108
f 9096 9110 9109
f 9096 9097 9110
f 9095 9111 9098
f 9095 9108 9111
f 9097 9112 9110
f 9097 9099 9112
f 9109 9113 9108
f 9109 9114 9113
f 9109 9115 9114
f 9109 9110 9115
f 9108 9116 9111
f 9108 9113 9116
f 9110 9117 9115
f 9110 9112 9117
f 9103 9118 9102
f 9103 9119 9118
f 9098 9119 9103
f 9098 9111 9119
f 9102 4389 1647
f 9102 9118 4389
f 9119 9120 9118
f 9119 9121 9120
f 9111 9121 9119
f 9111 9116 9121
f 9118 4390 4389
f 9118 9120 4390
f 9114 9122 9113
f 9114 9123 9122
f 9114 9124 9123
f 9114 9115 9124
f 9113 9125 9116
f 9113 9122 9125
f 9115 9126 9124
f 9115 9117 9126
f 9123 9127 9122
f 9123 9128 9127
f 9123 9129 9128
f 9123 9124 9129
f 9122 9130 9125
f 9122 9127 9130
f 9124 9131 9129
f 9124 9126 9131
f 9121 9132 9120
f 9121 9133 9132
f 9116 9133 9121
f 9116 9125 9133
f 9120 4391 4390
f 9120 9132 4391
f 9133 9134 9132
f 9133 9135 9134
f 9125 9135 9133
f 9125 9130 9135
f 9132 4392 4391
f 9132 9134 4392
f 9099 9136 9112
f 9099 9107 9136
f 9107 4409 9136
f 9107 1677 4409
f 9112 9137 9117
f 9112 9136 9137
f 9136 4410 9137
f 9136 4409 4410
f 9117 9138 9126
f 9117 9137 9138
f 9137 4421 9138
f 9137 4410 4421
f 9126 9139 9131
f 9126 9138 9139
f 9138 4422 9139
f 9138 4421 4422
f 9128 9140 9127
f 9128 9141 9140
f 9128 9142 9141
f 9128 9129 9142
f 9127 9143 9130
f 9127 9140 9143
f 9129 9144 9142
f 9129 9131 9144
f 9141 9145 9140
f 9141 9146 9145
f 9141 9147 9146
f 9141 9142 9147
f 9140 9148 9143
f 9140 9145 9148
f 9142 9149 9147
f 9142 9144 9149
f 9135 9150 9134
f 9135 9151 9150
f 9130 9151 9135
f 9130 9143 9151
f 9134 4449 4392
f 9134 9150 4449
f 9151 9152 9150
f 9151 9153 9152
f 9143 9153 9151
f 9143 9148 9153
f 9150 4450 4449
f 9150 9152 4450
f 9146 9154 9145
f 9146 9155 9154
f 9146 9156 9155
f 9146 9147 9156
f 9145 9157 9148
f 9145 9154 9157
f 9147 9158 9156
f 9147 9149 9158
f 9155 9159 9154
f 9155 9160 9159
f 9155 9161 9160
f 9155 9156 9161
f 9154 9162 9157
f 9154 9159 9162
f 9156 9163 9161
f 9156 9158 9163
f 9153 9164 9152
f 9153 9165 9164
f 9148 9165 9153
f 9148 9157 9165
f 9152 4451 4450
f 9152 9164 4451
f 9165 9166 9164
f 9165 9167 9166
f 9157 9167 9165
f 9157 9162 9167
f 9164 4452 4451
f 9164 9166 4452
f 9131 9168 9144
f 9131 9139 9168
f 9139 4469 9168
f 9139 4422 4469
f 9144 9169 9149
f 9144 9168 9169
f 9168 4470 9169
f 9168 4469 4470
f 9149 9170 9158
f 9149 9169 9170
f 9169 4481 9170
f 9169 4470 4481
f 9158 9171 9163
f 9158 9170 9171
f 9170 4482 9171
f 9170 4481 4482
f 9160 9172 9159
f 9160 9173 9172
f 9160 9174 9173
f 9160 9161 9174
f 9159 9175 9162
f 9159 9172 9175
f 9161 9176 9174
f 9161 9163 9176
f 9173 9177 9172
f 9173 9178 9177
f 9173 9179 9178
f 9173 9174 9179
f 9172 9180 9175
f 9172 9177 9180
f 9174 9181 9179
f 9174 9176 9181
f 9167 9182 9166
f 9167 9183 9182
f 9162 9183 9167
f 9162 9175 9183
f 9166 4509 4452
f 9166 9182 4509
f 9183 9184 9182
f 9183 9185 9184
f 9175 9185 9183
f 9175 9180 9185
f 9182 4510 4509
f 9182 9184 4510
f 9178 9186 9177
f 9178 9187 9186
f 9178 9188 9187
f 9178 9179 9188
f 9177 9189 9180
f 9177 9186 9189
f 9179 9190 9188
f 9179 9181 9190
f 9187 9191 9186
f 9187 9192 9191
f 9187 9193 9192
f 9187 9188 9193
f 9186 9194 9189
f 9186 9191 9194
f 9188 9195 9193
f 9188 9190 9195
f 9185 9196 9184
f 9185 9197 9196
f 9180 9197 9185
f 9180 9189 9197
f 9184 4511 4510
f 9184 9196 4511
f 9197 9198 9196
f 9197 9199 9198
f 9189 9199 9197
f 9189 9194 9199
f 9196 4512 4511
f 9196 9198 4512
f 9163 9200 9176
f 9163 9171 9200
f 9171 4529 9200
f 9171 4482 4529
f 9176 9201 9181
f 9176 9200 9201
f 9200 4530 9201
f 9200 4529 4530
f 9181 9202 9190
f 9181 9201 9202
f 9201 4541 9202
f 9201 4530 4541
f 9190 9203 9195
f 9190 9202 9203
f 9202 4542 9203
f 9202 4541 4542
f 9192 9204 9191
f 9192 9205 9204
f 9192 9206 9205
f 9192 9193 9206
f 9191 9207 9194
f 9191 9204 9207
f 9193 9208 9206
f 9193 9195 9208
f 9205 9209 9204
f 9205 9210 9209
f 9205 9211 9210
f 9205 9206 9211
f 9204 9212 9207
f 9204 9209 9212
f 9206 9213 9211
f 9206 9208 9213
f 9199 9214 9198
f 9199 9215 9214
f 9194 9215 9199
f 9194 9207 9215
f 9198 4569 4512
f 9198 9214 4569
f 9215 9216 9214
f 9215 9217 9216
f 9207 9217 9215
f 9207 9212 9217
f 9214 4570 4569
f 9214 9216 4570
f 9210 9218 9209
f 9210 9219 9218
f 9210 9220 9219
f 9210 9211 9220
f 9209 9221 9212
f 9209 9218 9221
f 9211 9222 9220
f 9211 9213 9222
f 9219 9223 9218
f 9219 9224 9223
f 9219 9225 9224
f 9219 9220 9225
f 9218 9226 9221
f 9218 9223 9226
f 9220 9227 9225
f 9220 9222 9227
f 9217 9228 9216
f 9217 9229 9228
f 9212 9229 9217
f 9212 9221 9229
f 9216 4571 4570
f 9216 9228 4571
f 9229 9230 9228
f 9229 9231 9230
f 9221 9231 9229
f 9221 9226 9231
f 9228 4572 4571
f 9228 9230 4572
f 9195 9232 9208
f 9195 9203 9232
f 9203 4589 9232
f 9203 4542 4589
f 9208 9233 9213
f 9208 9232 9233
f 9232 4590 9233
f 9232 4589 4590
f 9213 9234 9222
f 9213 9233 9234
f 9233 4601 9234
f 9233 4590 4601
f 9222 9235 9227
f 9222 9234 9235
f 9234 4602 9235
f 9234 4601 4602
f 9224 9236 9223
f 9224 9237 9236
f 9224 9238 9237
f 9224 9225 9238
f 9223 9239 9226
f 9223 9236 9239
f 9225 9240 9238
f 9225 9227 9240
f 9237 9241 9236
f 9237 9242 9241
f 9237 9243 9242
f 9237 9238 9243
f 9236 9244 9239
f 9236 9241 9244
f 9238 9245 9243
f 9238 9240 9245
f 9231 9246 9230
f 9231 9247 9246
f 9226 9247 9231
f 9226 9239 9247
f 9230 5141 4572
f 9230 9246 5141
f 9247 9248 9246
f 9247 9249 9248
f 9239 9249 9247
f 9239 9244 9249
f 9246 5142 5141
f 9246 9248 5142
f 9242 9250 9241
f 9242 9251 9250
f 9242 9252 9251
f 9242 9243 9252
f 9241 9253 9244
f 9241 9250 9253
f 9243 9254 9252
f 9243 9245 9254
f 9251 9255 9250
f 9251 9256 9255
f 9251 9257 9256
f 9251 9252 9257
f 9250 9258 9253
f 9250 9255 9258
f 9252 9259 9257
f 9252 9254 9259
f 9249 9260 9248
f 9249 9261 9260
f 9244 9261 9249
f 9244 9253 9261
f 9248 5143 5142
f 9248 9260 5143
f 9261 9262 9260
f 9261 9263 9262
f 9253 9263 9261
f 9253 9258 9263
f 9260 5144 5143
f 9260 9262 5144
f 9227 9264 9240
f 9227 9235 9264
f 9235 5161 9264
f 9235 4602 5161
f 9240 9265 9245
f 9240 9264 9265
f 9264 5162 9265
f 9264 5161 5162
f 9245 9266 9254
f 9245 9265 9266
f 9265 5173 9266
f 9265 5162 5173
f 9254 9267 9259
f 9254 9266 9267
f 9266 5174 9267
f 9266 5173 5174
f 9256 9268 9255
f 9256 9269 9268
f 9256 9270 9269
f 9256 9257 9270
f 9255 9271 9258
f 9255 9268 9271
f 9257 9272 9270
f 9257 9259 9272
f 9269 9273 9268
f 9269 9274 9273
f 9269 9275 9274
f 9269 9270 9275
f 9268 9276 9271
f 9268 9273 9276
f 9270 9277 9275
f 9270 9272 9277
f 9263 9278 9262
f 9263 9279 9278
f 9258 9279 9263
f 9258 9271 9279
f 9262 5201 5144
f 9262 9278 5201
f 9279 9280 9278
f 9279 9281 9280
f 9271 9281 9279
f 9271 9276 9281
f 9278 5202 5201
f 9278 9280 5202
f 9274 9282 9273
f 9274 9283 9282
f 9274 9284 9283
f 9274 9275 9284
f 9273 9285 9276
f 9273 9282 9285
f 9275 9286 9284
f 9275 9277 9286
f 9283 9287 9282
f 9283 9288 9287
f 9283 9289 9288
f 9283 9284 9289
f 9282 9290 9285
f 9282 9287 9290
f 9284 9291 9289
f 9284 9286 9291
f 9281 9292 9280
f 9281 9293 9292
f 9276 9293 9281
f 9276 9285 9293
f 9280 5203 5202
f 9280 9292 5203
f 9293 9294 9292
f 9293 9295 9294
f 9285 9295 9293
f 9285 9290 9295
f 9292 5204 5203
f 9292 9294 5204
f 9259 9296 9272
f 9259 9267 9296
f 9267 5221 9296
f 9267 5174 5221
f 9272 9297 9277
f 9272 9296 9297
f 9296 5222 9297
f 9296 5221 5222
f 9277 9298 9286
f 9277 9297 9298
f 9297 5233 9298
f 9297 5222 5233
f 9286 9299 9291
f 9286 9298 9299
f 9298 5234 9299
f 9298 5233 5234
f 9288 9300 9287
f 9288 9301 9300
f 9288 9302 9301
f 9288 9289 9302
f 9287 9303 9290
f 9287 9300 9303
f 9289 9304 9302
f 9289 9291 9304
f 9301 9305 9300
f 9301 9306 9305
f 9301 9307 9306
f 9301 9302 9307
f 9300 9308 9303
f 9300 9305 9308
f 9302 9309 9307
f 9302 9304 9309
f 9295 9310 9294
f 9295 9311 9310
f 9290 9311 9295
f 9290 9303 9311
f 9294 5261 5204
f 9294 9310 5261
f 9311 9312 9310
f 9311 9313 9312
f 9303 9313 9311
f 9303 9308 9313
f 9310 5262 5261
f 9310 9312 5262
f 9306 9314 9305
f 9306 9315 9314
f 9306 9316 9315
f 9306 9307 9316
f 9305 9317 9308
f 9305 9314 9317
f 9307 9318 9316
f 9307 9309 9318
f 9315 9319 9314
f 9315 9320 9319
f 9315 9321 9320
f 9315 9316 9321
f 9314 9322 9317
f 9314 9319 9322
f 9316 9323 9321
f 9316 9318 9323
f 9313 9324 9312
f 9313 9325 9324
f 9308 9325 9313
f 9308 9317 9325
f 9312 5263 5262
f 9312 9324 5263
f 9325 9326 9324
f 9325 9327 9326
f 9317 9327 9325
f 9317 9322 9327
f 9324 5264 5263
f 9324 9326 5264
f 9291 9328 9304
f 9291 9299 9328
f 9299 5281 9328
f 9299 5234 5281
f 9304 9329 9309
f 9304 9328 9329
f 9328 5282 9329
f 9328 5281 5282
f 9309 9330 9318
f 9309 9329 9330
f 9329 5293 9330
f 9329 5282 5293
f 9318 9331 9323
f 9318 9330 9331
f 9330 5294 9331
f 9330 5293 5294
f 9320 9332 9319
f 9320 9333 9332
f 9320 9334 9333
f 9320 9321 9334
f 9319 9335 9322
f 9319 9332 9335
f 9321 9336 9334
f 9321 9323 9336
f 9333 9337 9332
f 9333 9338 9337
f 9333 9339 9338
f 9333 9334 9339
f 9332 9340 9335
f 9332 9337 9340
f 9334 9341 9339
f 9334 9336 9341
f 9327 9342 9326
f 9327 9343 9342
f 9322 9343 9327
f 9322 9335 9343
f 9326 5321 5264
f 9326 9342 5321
f 9343 9344 9342
f 9343 9345 9344
f 9335 9345 9343
f 9335 9340 9345
f 9342 5322 5321
f 9342 9344 5322
f 9338 9346 9337
f 9338 9347 9346
f 9338 9348 9347
f 9338 9339 9348
f 9337 9349 9340
f 9337 9346 9349
f 9339 9350 9348
f 9339 9341 9350
f 9347 9351 9346
f 9347 9352 9351
f 9347 9353 9352
f 9347 9348 9353
f 9346 9354 9349
f 9346 9351 9354
f 9348 9355 9353
f 9348 9350 9355
f 9345 9356 9344
f 9345 9357 9356
f 9340 9357 9345
f 9340 9349 9357
f 9344 5323 5322
f 9344 9356 5323
f 9357 9358 9356
f 9357 9359 9358
f 9349 9359 9357
f 9349 9354 9359
f 9356 5324 5323
f 9356 9358 5324
f 9323 9360 9336
f 9323 9331 9360
f 9331 5341 9360
f 9331 5294 5341
f 9336 9361 9341
f 9336 9360 9361
f 9360 5342 9361
f 9360 5341 5342
f 9341 9362 9350
f 9341 9361 9362
f 9361 5353 9362
f 9361 5342 5353
f 9350 9363 9355
f 9350 9362 9363
f 9362 5354 9363
f 9362 5353 5354
f 9352 9364 9351
f 9352 9365 9364
f 9352 9366 9365
f 9352 9353 9366
f 9351 9367 9354
f 9351 9364 9367
f 9353 9368 9366
f 9353 9355 9368
f 9365 9369 9364
f 9365 9370 9369
f 9365 9371 9370
f 9365 9366 9371
f 9364 9372 9367
f 9364 9369 9372
f 9366 9373 9371
f 9366 9368 9373
f 9359 9374 9358
f 9359 9375 9374
f 9354 9375 9359
f 9354 9367 9375
f 9358 5893 5324
f 9358 9374 5893
f 9375 9376 9374
f 9375 9377 9376
f 9367 9377 9375
f 9367 9372 9377
f 9374 5894 5893
f 9374 9376 5894
f 9370 9378 9369
f 9370 9379 9378
f 9370 9380 9379
f 9370 9371 9380
f 9369 9381 9372
f 9369 9378 9381
f 9371 9382 9380
f 9371 9373 9382
f 9379 9383 9378
f 9379 9384 9383
f 9379 9385 9384
f 9379 9380 9385
f 9378 9386 9381
f 9378 9383 9386
f 9380 9387 9385
f 9380 9382 9387
f 9377 9388 9376
f 9377 9389 9388
f 9372 9389 9377
f 9372 9381 9389
f 9376 5895 5894
f 9376 9388 5895
f 9389 9390 9388
f 9389 9391 9390
f 9381 9391 9389
f 9381 9386 9391
f 9388 5896 5895
f 9388 9390 5896
f 9355 9392 9368
f 9355 9363 9392
f 9363 5913 9392
f 9363 5354 5913
f 9368 9393 9373
f 9368 9392 9393
f 9392 5914 9393
f 9392 5913 5914
f 9373 9394 9382
f 9373 9393 9394
f 9393 5925 9394
f 9393 5914 5925
f 9382 9395 9387
f 9382 9394 9395
f 9394 5926 9395
f 9394 5925 5926
f 9384 9396 9383
f 9384 9397 9396
f 9384 9398 9397
f 9384 9385 9398
f 9383 9399 9386
f 9383 9396 9399
f 9385 9400 9398
f 9385 9387 9400
f 9397 9401 9396
f 9397 9402 9401
f 9397 9403 9402
f 9397 9398 9403
f 9396 9404 9399
f 9396 9401 9404
f 9398 9405 9403
f 9398 9400 9405
f 9391 9406 9390
f 9391 9407 9406
f 9386 9407 9391
f 9386 9399 9407
f 9390 5953 5896
f 9390 9406 5953
f 9407 9408 9406
f 9407 9409 9408
f 9399 9409 9407
f 9399 9404 9409
f 9406 5954 5953
f 9406 9408 5954
f 9402 9410 9401
f 9402 9411 9410
f 9402 9412 9411
f 9402 9403 9412
f 9401 9413 9404
f 9401 9410 9413
f 9403 9414 9412
f 9403 9405 9414
f 9411 9415 9410
f 9411 9416 9415
f 9411 9417 9416
f 9411 9412 9417
f 9410 9418 9413
f 9410 9415 9418
f 9412 9419 9417
f 9412 9414 9419
f 9409 9420 9408
f 9409 9421 9420
f 9404 9421 9409
f 9404 9413 9421
f 9408 5955 5954
f 9408 9420 5955
f 9421 9422 9420
f 9421 9423 9422
f 9413 9423 9421
f 9413 9418 9423
f 9420 5956 5955
f 9420 9422 5956
f 9387 9424 9400
f 9387 9395 9424
f 9395 5973 9424
f 9395 5926 5973
f 9400 9425 9405
f 9400 9424 9425
f 9424 5974 9425
f 9424 5973 5974
f 9405 9426 9414
f 9405 9425 9426
f 9425 5985 9426
f 9425 5974 5985
f 9414 9427 9419
f 9414 9426 9427
f 9426 5986 9427
f 9426 5985 5986
f 9416 9428 9415
f 9416 9429 9428
f 9416 9430 9429
f 9416 9417 9430
f 9415 9431 9418
f 9415 9428 9431
f 9417 9432 9430
f 9417 9419 9432
f 9429 9433 9428
f 9429 9434 9433
f 9429 9435 9434
f 9429 9430 9435
f 9430 9436 9435
f 9430 9432 9436
f 9423 9437 9422
f 9423 9438 9437
f 9418 9438 9423
f 9418 9431 9438
f 9422 6013 5956
f 9422 9437 6013
f 9438 9439 9437
f 9438 9440 9439
f 9431 9440 9438
f 9437 6014 6013
f 9437 9439 6014
f 9441 9433 9434
f 9441 9434 9442
f 9434 9445 9442
f 9434 9435 9445
f 9435 9446 9445
f 9435 9436 9446
f 9442 9445 9447
f 9445 9448 9447
f 9445 9446 9448
f 9440 9449 9439
f 9440 9443 9449
f 9439 9450 6014
f 9439 9449 9450
f 9443 9451 9449
f 9443 9444 9451
f 9449 9452 9450
f 9449 9451 9452
f 9419 9453 9432
f 9419 9427 9453
f 9427 6023 9453
f 9427 5986 6023
f 9432 9454 9436
f 9432 9453 9454
f 9453 6024 9454
f 9453 6023 6024
f 9436 9455 9446
f 9436 9454 9455
f 9454 6035 9455
f 9454 6024 6035
f 9446 9456 9448
f 9446 9455 9456
f 9455 6036 9456
f 9455 6035 6036
f 9447 9458 9457
f 9447 9448 9458
f 9460 9461 9459
f 9460 9462 9461
f 9457 9462 9460
f 9457 9458 9462
f 9444 9463 9451
f 9451 9464 9452
f 9451 9463 9464
f 9448 6063 9458
f 9448 9456 6063
f 9456 6064 6063
f 9456 6036 6064
f 6014 9466 6017
f 6014 9450 9466
f 6017 9467 6018
f 6017 9466 9467
f 9450 9468 9466
f 9450 9452 9468
f 9466 9469 9467
f 9466 9468 9469
f 6018 9470 6021
f 6018 9467 9470
f 6021 9471 6022
f 6021 9470 9471
f 9467 9472 9470
f 9467 9469 9472
f 9470 9473 9471
f 9470 9472 9473
f 9459 9475 9474
f 9459 9461 9475
f 9474 9477 9476
f 9474 9475 9477
f 9476 9479 9478
f 9476 9477 9479
f 9463 9478 9464
f 9463 9476 9478
f 9452 9480 9468
f 9452 9464 9480
f 9468 9481 9469
f 9468 9480 9481
f 9478 9483 9482
f 9478 9479 9483
f 9464 9482 9480
f 9464 9478 9482
f 9482 9485 9484
f 9482 9483 9485
f 9480 9484 9481
f 9480 9482 9484
f 9469 9486 9472
f 9469 9481 9486
f 9472 9487 9473
f 9472 9486 9487
f 9484 9489 9488
f 9484 9485 9489
f 9481 9488 9486
f 9481 9484 9488
f 9488 9491 9490
f 9488 9489 9491
f 9486 9490 9487
f 9486 9488 9490
f 9462 6065 9461
f 9462 6066 6065
f 9458 6066 9462
f 9458 6063 6066
f 9461 6067 9475
f 9461 6065 6067
f 9475 6071 9477
f 9475 6067 6071
f 9477 6072 9479
f 9477 6071 6072
f 9479 6085 9483
f 9479 6072 6085
f 9483 6086 9485
f 9483 6085 6086
f 9485 6089 9489
f 9485 6086 6089
f 9489 6090 9491
f 9489 6089 6090
f 6022 9492 6359
f 6022 9471 9492
f 6359 9493 6360
f 6359 9492 9493
f 9471 9494 9492
f 9471 9473 9494
f 9492 9495 9493
f 9492 9494 9495
f 6360 9496 6363
f 6360 9493 9496
f 6363 9497 6364
f 6363 9496 9497
f 9493 9498 9496
f 9493 9495 9498
f 9496 9499 9497
f 9496 9498 9499
f 6364 9500 6367
f 6364 9497 9500
f 6367 9501 6368
f 6367 9500 9501
f 9497 9502 9500
f 9497 9499 9502
f 9500 9503 9501
f 9500 9502 9503
f 6368 9504 6371
f 6368 9501 9504
f 6371 9505 6372
f 6371 9504 9505
f 9501 9506 9504
f 9501 9503 9506
f 9504 9507 9505
f 9504 9506 9507
f 9473 9508 9494
f 9473 9487 9508
f 9494 9509 9495
f 9494 9508 9509
f 9490 9511 9510
f 9490 9491 9511
f 9487 9510 9508
f 9487 9490 9510
f 9510 9513 9512
f 9510 9511 9513
f 9508 9512 9509
f 9508 9510 9512
f 9495 9514 9498
f 9495 9509 9514
f 9498 9515 9499
f 9498 9514 9515
f 9512 9517 9516
f 9512 9513 9517
f 9509 9516 9514
f 9509 9512 9516
f 9516 9519 9518
f 9516 9517 9519
f 9514 9518 9515
f 9514 9516 9518
f 9499 9520 9502
f 9499 9515 9520
f 9502 9521 9503
f 9502 9520 9521
f 9518 9523 9522
f 9518 9519 9523
f 9515 9522 9520
f 9515 9518 9522
f 9522 9525 9524
f 9522 9523 9525
f 9520 9524 9521
f 9520 9522 9524
f 9503 9526 9506
f 9503 9521 9526
f 9506 9527 9507
f 9506 9526 9527
f 9524 9529 9528
f 9524 9525 9529
f 9521 9528 9526
f 9521 9524 9528
f 9528 9531 9530
f 9528 9529 9531
f 9526 9530 9527
f 9526 9528 9530
f 9491 6405 9511
f 9491 6090 6405
f 9511 6406 9513
f 9511 6405 6406
f 9513 6409 9517
f 9513 6406 6409
f 9517 6410 9519
f 9517 6409 6410
f 9519 6421 9523
f 9519 6410 6421
f 9523 6422 9525
f 9523 6421 6422
f 9525 6425 9529
f 9525 6422 6425
f 9529 6426 9531
f 9529 6425 6426
f 6372 9532 6439
f 6372 9505 9532
f 6439 9533 6440
f 6439 9532 9533
f 9505 9534 9532
f 9505 9507 9534
f 9532 9535 9533
f 9532 9534 9535
f 6440 9536 6443
f 6440 9533 9536
f 6443 9537 6444
f 6443 9536 9537
f 9533 9538 9536
f 9533 9535 9538
f 9536 9539 9537
f 9536 9538 9539
f 6444 9540 6447
f 6444 9537 9540
f 6447 9541 6448
f 6447 9540 9541
f 9537 9542 9540
f 9537 9539 9542
f 9540 9543 9541
f 9540 9542 9543
f 6448 9544 6451
f 6448 9541 9544
f 6451 9545 6452
f 6451 9544 9545
f 9541 9546 9544
f 9541 9543 9546
f 9544 9547 9545
f 9544 9546 9547
f 9507 9548 9534
f 9507 9527 9548
f 9534 9549 9535
f 9534 9548 9549
f 9530 9551 9550
f 9530 9531 9551
f 9527 9550 9548
f 9527 9530 9550
f 9550 9553 9552
f 9550 9551 9553
f 9548 9552 9549
f 9548 9550 9552
f 9535 9554 9538
f 9535 9549 9554
f 9538 9555 9539
f 9538 9554 9555
f 9552 9557 9556
f 9552 9553 9557
f 9549 9556 9554
f 9549 9552 9556
f 9556 9559 9558
f 9556 9557 9559
f 9554 9558 9555
f 9554 9556 9558
f 9539 9560 9542
f 9539 9555 9560
f 9542 9561 9543
f 9542 9560 9561
f 9558 9563 9562
f 9558 9559 9563
f 9555 9562 9560
f 9555 9558 9562
f 9562 9565 9564
f 9562 9563 9565
f 9560 9564 9561
f 9560 9562 9564
f 9543 9566 9546
f 9543 9561 9566
f 9546 9567 9547
f 9546 9566 9567
f 9564 9569 9568
f 9564 9565 9569
f 9561 9568 9566
f 9561 9564 9568
f 9568 9571 9570
f 9568 9569 9571
f 9566 9570 9567
f 9566 9568 9570
f 9531 6485 9551
f 9531 6426 6485
f 9551 6486 9553
f 9551 6485 6486
f 9553 6489 9557
f 9553 6486 6489
f 9557 6490 9559
f 9557 6489 6490
f 9559 6501 9563
f 9559 6490 6501
f 9563 6502 9565
f 9563 6501 6502
f 9565 6505 9569
f 9565 6502 6505
f 9569 6506 9571
f 9569 6505 6506
f 6452 9572 8247
f 6452 9545 9572
f 8247 9573 8248
f 8247 9572 9573
f 9545 9574 9572
f 9545 9547 9574
f 9572 9575 9573
f 9572 9574 9575
f 8248 9576 8251
f 8248 9573 9576
f 8251 9577 8252
f 8251 9576 9577
f 9573 9578 9576
f 9573 9575 9578
f 9576 9579 9577
f 9576 9578 9579
f 8252 9580 8255
f 8252 9577 9580
f 8255 9581 8256
f 8255 9580 9581
f 9577 9582 9580
f 9577 9579 9582
f 9580 9583 9581
f 9580 9582 9583
f 8256 9584 8259
f 8256 9581 9584
f 8259 9585 8260
f 8259 9584 9585
f 9581 9586 9584
f 9581 9583 9586
f 9584 9587 9585
f 9584 9586 9587
f 9547 9588 9574
f 9547 9567 9588
f 9574 9589 9575
f 9574 9588 9589
f 9570 9591 9590
f 9570 9571 9591
f 9567 9590 9588
f 9567 9570 9590
f 9590 9593 9592
f 9590 9591 9593
f 9588 9592 9589
f 9588 9590 9592
f 9575 9594 9578
f 9575 9589 9594
f 9578 9595 9579
f 9578 9594 9595
f 9592 9597 9596
f 9592 9593 9597
f 9589 9596 9594
f 9589 9592 9596
f 9596 9599 9598
f 9596 9597 9599
f 9594 9598 9595
f 9594 9596 9598
f 9579 9600 9582
f 9579 9595 9600
f 9582 9601 9583
f 9582 9600 9601
f 9598 9603 9602
f 9598 9599 9603
f 9595 9602 9600
f 9595 9598 9602
f 9602 9605 9604
f 9602 9603 9605
f 9600 9604 9601
f 9600 9602 9604
f 9583 9606 9586
f 9583 9601 9606
f 9586 9607 9587
f 9586 9606 9607
f 9604 9609 9608
f 9604 9605 9609
f 9601 9608 9606
f 9601 9604 9608
f 9608 9611 9610
f 9608 9609 9611
f 9606 9610 9607
f 9606 9608 9610
f 9571 8293 9591
f 9571 6506 8293
f 9591 8294 9593
f 9591 8293 8294
f 9593 8297 9597
f 9593 8294 8297
f 9597 8298 9599
f 9597 8297 8298
f 9599 8309 9603
f 9599 8298 8309
f 9603 8310 9605
f 9603 8309 8310
f 9605 8313 9609
f 9605 8310 8313
f 9609 8314 9611
f 9609 8313 8314
f 8260 9612 8327
f 8260 9585 9612
f 8327 9613 8328
f 8327 9612 9613
f 9585 9614 9612
f 9585 9587 9614
f 9612 9615 9613
f 9612 9614 9615
f 8328 9616 8331
f 8328 9613 9616
f 8331 9617 8332
f 8331 9616 9617
f 9613 9618 9616
f 9613 9615 9618
f 9616 9619 9617
f 9616 9618 9619
f 8332 9620 8335
f 8332 9617 9620
f 8335 9621 8336
f 8335 9620 9621
f 9617 9622 9620
f 9617 9619 9622
f 9620 9623 9621
f 9620 9622 9623
f 8336 9624 8339
f 8336 9621 9624
f 8339 9625 8340
f 8339 9624 9625
f 9621 9626 9624
f 9621 9623 9626
f 9624 9627 9625
f 9624 9626 9627
f 9587 9628 9614
f 9587 9607 9628
f 9614 9629 9615
f 9614 9628 9629
f 9610 9631 9630
f 9610 9611 9631
f 9607 9630 9628
f 9607 9610 9630
f 9630 9633 9632
f 9630 9631 9633
f 9628 9632 9629
f 9628 9630 9632
f 9615 9634 9618
f 9615 9629 9634
f 9618 9635 9619
f 9618 9634 9635
f 9632 9637 9636
f 9632 9633 9637
f 9629 9636 9634
f 9629 9632 9636
f 9636 9639 9638
f 9636 9637 9639
f 9634 9638 9635
f 9634 9636 9638
f 9619 9640 9622
f 9619 9635 9640
f 9622 9641 9623
f 9622 9640 9641
f 9638 9643 9642
f 9638 9639 9643
f 9635 9642 9640
f 9635 9638 9642
f 9642 9645 9644
f 9642 9643 9645
f 9640 9644 9641
f 9640 9642 9644
f 9623 9646 9626
f 9623 9641 9646
f 9626 9647 9627
f 9626 9646 9647
f 9644 9649 9648
f 9644 9645 9649
f 9641 9648 9646
f 9641 9644 9648
f 9648 9651 9650
f 9648 9649 9651
f 9646 9650 9647
f 9646 9648 9650
f 9611 8373 9631
f 9611 8314 8373
f 9631 8374 9633
f 9631 8373 8374
f 9633 8377 9637
f 9633 8374 8377
f 9637 8378 9639
f 9637 8377 8378
f 9639 8389 9643
f 9639 8378 8389
f 9643 8390 9645
f 9643 8389 8390
f 9645 8393 9649
f 9645 8390 8393
f 9649 8394 9651
f 9649 8393 8394
f 8340 9652 8519
f 8340 9625 9652
f 8519 9653 8520
f 8519 9652 9653
f 9625 9654 9652
f 9625 9627 9654
f 9652 9655 9653
f 9652 9654 9655
f 8520 9656 8523
f 8520 9653 9656
f 8523 9657 8524
f 8523 9656 9657
f 9653 9658 9656
f 9653 9655 9658
f 9656 9659 9657
f 9656 9658 9659
f 9465 9664 9663
f 9465 9663 9665
f 9663 9667 9666
f 9663 9664 9667
f 9663 9668 9665
f 9663 9666 9668
f 9664 9669 9667
f 8524 9670 9660
f 8524 9657 9670
f 9662 9671 9661
f 9662 9672 9671
f 9660 9672 9662
f 9660 9670 9672
f 9666 9672 9670
f 9666 9667 9672
f 9666 9673 9668
f 9666 9670 9673
f 9657 9673 9670
f 9657 9659 9673
f 9667 9674 9672
f 9667 9669 9674
f 9669 9675 9674
f 9672 9677 9671
f 9672 9674 9677
f 9675 9679 9678
f 9675 9676 9679
f 9674 9678 9677
f 9674 9675 9678
f 9661 9671 9677
f 9627 9680 9654
f 9627 9647 9680
f 9654 9681 9655
f 9654 9680 9681
f 9650 9683 9682
f 9650 9651 9683
f 9647 9682 9680
f 9647 9650 9682
f 9682 9685 9684
f 9682 9683 9685
f 9680 9684 9681
f 9680 9682 9684
f 9655 9686 9658
f 9655 9681 9686
f 9658 9687 9659
f 9658 9686 9687
f 9684 9689 9688
f 9684 9685 9689
f 9681 9688 9686
f 9681 9684 9688
f 9688 9691 9690
f 9688 9689 9691
f 9686 9690 9687
f 9686 9688 9690
f 9665 9693 9692
f 9665 9668 9693
f 9694 9696 9695
f 9692 9696 9694
f 9692 9693 9696
f 9668 9698 9693
f 9668 9673 9698
f 9659 9698 9673
f 9659 9687 9698
f 9696 9699 9695
f 9696 9700 9699
f 9693 9700 9696
f 9693 9698 9700
f 9690 9701 9700
f 9690 9691 9701
f 9687 9700 9698
f 9687 9690 9700
f 9700 9702 9699
f 9700 9701 9702
f 9676 9704 9679
f 9676 9703 9704
f 9695 9705 9697
f 9695 9699 9705
f 9697 9705 9706
f 9699 9707 9705
f 9699 9702 9707
f 9705 9708 9706
f 9705 9707 9708
f 9703 9708 9704
f 9703 9706 9708
f 9651 8565 9683
f 9651 8394 8565
f 9683 8566 9685
f 9683 8565 8566
f 9685 8569 9689
f 9685 8566 8569
f 9689 8570 9691
f 9689 8569 8570
f 9691 8581 9701
f 9691 8570 8581
f 9701 8582 9702
f 9701 8581 8582
f 9702 8587 9707
f 9702 8582 8587
f 9707 9709 9708
f 9707 8587 9709
f 9704 9708 9709
f 9710 9715 8737
f 9710 9711 9715
f 9710 8738 9712
f 9710 8737 8738
f 8737 9715 8740
f 9712 8741 9713
f 9712 8738 8741
f 9711 9716 9715
f 9711 9714 9716
f 9714 9717 9716
f 9715 9719 8740
f 9715 9716 9719
f 9717 9721 9720
f 9717 9718 9721
f 9716 9720 9719
f 9716 9717 9720
f 9718 9723 9721
f 9718 9722 9723
f 8740 9719 2724
f 9720 2726 2725
f 9720 9721 2726
f 9719 2725 2724
f 9719 9720 2725
f 9721 2730 2726
f 9721 9723 2730
f 9724 2760 9725
f 9713 2760 9724
f 9713 8741 2760
f 9725 9727 9726
f 9725 9728 9727
f 2760 9728 9725
f 2760 2761 9728
f 9725 9726 9729
f 9722 9730 9723
f 9728 9731 9727
f 9728 9732 9731
f 2761 9732 9728
f 2761 2762 9732
f 9732 9733 9731
f 9732 9734 9733
f 2762 9734 9732
f 2762 2763 9734
f 9723 2780 2730
f 9723 9730 2780
f 9726 9735 9729
f 9726 9727 9735
f 9730 2782 2780
f 9730 9736 2782
f 9729 9736 9730
f 9729 9735 9736
f 9727 9737 9735
f 9727 9731 9737
f 9736 2792 2782
f 9736 9738 2792
f 9735 9738 9736
f 9735 9737 9738
f 9731 9739 9737
f 9731 9733 9739
f 9738 2794 2792
f 9738 9740 2794
f 9737 9740 9738
f 9737 9739 9740
f 9734 9741 9733
f 9734 9742 9741
f 2763 9742 9734
f 2763 2820 9742
f 2809 9743 2820
f 2809 2811 9743
f 9742 9744 9741
f 9742 9745 9744
f 2820 9745 9742
f 2820 9743 9745
f 2811 9746 9743
f 2811 2817 9746
f 9745 9747 9744
f 9745 9748 9747
f 9743 9748 9745
f 9743 9746 9748
f 2817 9749 9746
f 2817 2819 9749
f 9748 9750 9747
f 9748 9751 9750
f 9746 9751 9748
f 9746 9749 9751
f 9733 9752 9739
f 9733 9741 9752
f 9740 2837 2794
f 9740 9753 2837
f 9739 9753 9740
f 9739 9752 9753
f 9741 9754 9752
f 9741 9744 9754
f 9753 2839 2837
f 9753 9755 2839
f 9752 9755 9753
f 9752 9754 9755
f 9744 9756 9754
f 9744 9747 9756
f 9755 2849 2839
f 9755 9757 2849
f 9754 9757 9755
f 9754 9756 9757
f 9747 9758 9756
f 9747 9750 9758
f 9757 2851 2849
f 9757 9759 2851
f 9756 9759 9757
f 9756 9758 9759
f 2819 9760 9749
f 2819 2866 9760
f 9751 9761 9750
f 9751 9762 9761
f 9749 9762 9751
f 9749 9760 9762
f 2866 9763 9760
f 2866 2868 9763
f 9762 9764 9761
f 9762 9765 9764
f 9760 9765 9762
f 9760 9763 9765
f 2868 9766 9763
f 2868 2874 9766
f 9765 9767 9764
f 9765 9768 9767
f 9763 9768 9765
f 9763 9766 9768
f 2874 9769 9766
f 2874 2876 9769
f 9768 9770 9767
f 9768 9771 9770
f 9766 9771 9768
f 9766 9769 9771
f 9750 9772 9758
f 9750 9761 9772
f 9759 2893 2851
f 9759 9773 2893
f 9758 9773 9759
f 9758 9772 9773
f 9761 9774 9772
f 9761 9764 9774
f 9773 2895 2893
f 9773 9775 2895
f 9772 9775 9773
f 9772 9774 9775
f 9764 9776 9774
f 9764 9767 9776
f 9775 2905 2895
f 9775 9777 2905
f 9774 9777 9775
f 9774 9776 9777
f 9767 9778 9776
f 9767 9770 9778
f 9777 2907 2905
f 9777 9779 2907
f 9776 9779 9777
f 9776 9778 9779
f 2876 9780 9769
f 2876 3434 9780
f 9771 9781 9770
f 9771 9782 9781
f 9769 9782 9771
f 9769 9780 9782
f 3434 9783 9780
f 3434 3436 9783
f 9782 9784 9781
f 9782 9785 9784
f 9780 9785 9782
f 9780 9783 9785
f 3436 9786 9783
f 3436 3442 9786
f 9785 9787 9784
f 9785 9788 9787
f 9783 9788 9785
f 9783 9786 9788
f 3442 9789 9786
f 3442 3444 9789
f 9788 9790 9787
f 9788 9791 9790
f 9786 9791 9788
f 9786 9789 9791
f 9770 9792 9778
f 9770 9781 9792
f 9779 3461 2907
f 9779 9793 3461
f 9778 9793 9779
f 9778 9792 9793
f 9781 9794 9792
f 9781 9784 9794
f 9793 3463 3461
f 9793 9795 3463
f 9792 9795 9793
f 9792 9794 9795
f 9784 9796 9794
f 9784 9787 9796
f 9795 3473 3463
f 9795 9797 3473
f 9794 9797 9795
f 9794 9796 9797
f 9787 9798 9796
f 9787 9790 9798
f 9797 3475 3473
f 9797 9799 3475
f 9796 9799 9797
f 9796 9798 9799
f 3444 9800 9789
f 3444 3490 9800
f 9791 9801 9790
f 9791 9802 9801
f 9789 9802 9791
f 9789 9800 9802
f 3490 9803 9800
f 3490 3492 9803
f 9802 9804 9801
f 9802 9805 9804
f 9800 9805 9802
f 9800 9803 9805
f 3492 9806 9803
f 3492 3498 9806
f 9805 9807 9804
f 9805 9808 9807
f 9803 9808 9805
f 9803 9806 9808
f 3498 9809 9806
f 3498 3500 9809
f 9808 9810 9807
f 9808 9811 9810
f 9806 9811 9808
f 9806 9809 9811
f 9790 9812 9798
f 9790 9801 9812
f 9799 3517 3475
f 9799 9813 3517
f 9798 9813 9799
f 9798 9812 9813
f 9801 9814 9812
f 9801 9804 9814
f 9813 3519 3517
f 9813 9815 3519
f 9812 9815 9813
f 9812 9814 9815
f 9804 9816 9814
f 9804 9807 9816
f 9815 3529 3519
f 9815 9817 3529
f 9814 9817 9815
f 9814 9816 9817
f 9807 9818 9816
f 9807 9810 9818
f 9817 3531 3529
f 9817 9819 3531
f 9816 9819 9817
f 9816 9818 9819
f 3500 9820 9809
f 3500 3546 9820
f 9811 9821 9810
f 9811 9822 9821
f 9809 9822 9811
f 9809 9820 9822
f 3546 9823 9820
f 3546 3548 9823
f 9822 9824 9821
f 9822 9825 9824
f 9820 9825 9822
f 9820 9823 9825
f 3548 9826 9823
f 3548 3554 9826
f 9825 9827 9824
f 9825 9828 9827
f 9823 9828 9825
f 9823 9826 9828
f 3554 9829 9826
f 3554 3556 9829
f 9828 9830 9827
f 9828 9831 9830
f 9826 9831 9828
f 9826 9829 9831
f 9810 9832 9818
f 9810 9821 9832
f 9819 3573 3531
f 9819 9833 3573
f 9818 9833 9819
f 9818 9832 9833
f 9821 9834 9832
f 9821 9824 9834
f 9833 3575 3573
f 9833 9835 3575
f 9832 9835 9833
f 9832 9834 9835
f 9824 9836 9834
f 9824 9827 9836
f 9835 3585 3575
f 9835 9837 3585
f 9834 9837 9835
f 9834 9836 9837
f 9827 9838 9836
f 9827 9830 9838
f 9837 3587 3585
f 9837 9839 3587
f 9836 9839 9837
f 9836 9838 9839
f 3556 9840 9829
f 3556 3602 9840
f 9831 9841 9830
f 9831 9842 9841
f 9829 9842 9831
f 9829 9840 9842
f 3602 9843 9840
f 3602 3604 9843
f 9842 9844 9841
f 9842 9845 9844
f 9840 9845 9842
f 9840 9843 9845
f 3604 9846 9843
f 3604 3610 9846
f 9845 9847 9844
f 9845 9848 9847
f 9843 9848 9845
f 9843 9846 9848
f 3610 9849 9846
f 3610 3612 9849
f 9848 9850 9847
f 9848 9851 9850
f 9846 9851 9848
f 9846 9849 9851
f 9830 9852 9838
f 9830 9841 9852
f 9839 3629 3587
f 9839 9853 3629
f 9838 9853 9839
f 9838 9852 9853
f 9841 9854 9852
f 9841 9844 9854
f 9853 3631 3629
f 9853 9855 3631
f 9852 9855 9853
f 9852 9854 9855
f 9844 9856 9854
f 9844 9847 9856
f 9855 3641 3631
f 9855 9857 3641
f 9854 9857 9855
f 9854 9856 9857
f 9847 9858 9856
f 9847 9850 9858
f 9857 3643 3641
f 9857 9859 3643
f 9856 9859 9857
f 9856 9858 9859
f 3612 9860 9849
f 3612 4170 9860
f 9851 9861 9850
f 9851 9862 9861
f 9849 9862 9851
f 9849 9860 9862
f 4170 9863 9860
f 4170 4172 9863
f 9862 9864 9861
f 9862 9865 9864
f 9860 9865 9862
f 9860 9863 9865
f 4172 9866 9863
f 4172 4178 9866
f 9865 9867 9864
f 9865 9868 9867
f 9863 9868 9865
f 9863 9866 9868
f 4178 9869 9866
f 4178 4180 9869
f 9868 9870 9867
f 9868 9871 9870
f 9866 9871 9868
f 9866 9869 9871
f 9850 9872 9858
f 9850 9861 9872
f 9859 4197 3643
f 9859 9873 4197
f 9858 9873 9859
f 9858 9872 9873
f 9861 9874 9872
f 9861 9864 9874
f 9873 4199 4197
f 9873 9875 4199
f 9872 9875 9873
f 9872 9874 9875
f 9864 9876 9874
f 9864 9867 9876
f 9875 4209 4199
f 9875 9877 4209
f 9874 9877 9875
f 9874 9876 9877
f 9867 9878 9876
f 9867 9870 9878
f 9877 4211 4209
f 9877 9879 4211
f 9876 9879 9877
f 9876 9878 9879
f 4180 9880 9869
f 4180 4226 9880
f 9871 9881 9870
f 9871 9882 9881
f 9869 9882 9871
f 9869 9880 9882
f 4226 9883 9880
f 4226 4228 9883
f 9882 9884 9881
f 9882 9885 9884
f 9880 9885 9882
f 9880 9883 9885
f 4228 9886 9883
f 4228 4234 9886
f 9885 9887 9884
f 9885 9888 9887
f 9883 9888 9885
f 9883 9886 9888
f 4234 9889 9886
f 4234 4236 9889
f 9888 9890 9887
f 9888 9891 9890
f 9886 9891 9888
f 9886 9889 9891
f 9870 9892 9878
f 9870 9881 9892
f 9879 4253 4211
f 9879 9893 4253
f 9878 9893 9879
f 9878 9892 9893
f 9881 9894 9892
f 9881 9884 9894
f 9893 4255 4253
f 9893 9895 4255
f 9892 9895 9893
f 9892 9894 9895
f 9884 9896 9894
f 9884 9887 9896
f 9895 4265 4255
f 9895 9897 4265
f 9894 9897 9895
f 9894 9896 9897
f 9887 9898 9896
f 9887 9890 9898
f 9897 4267 4265
f 9897 9899 4267
f 9896 9899 9897
f 9896 9898 9899
f 4236 9900 9889
f 4236 4282 9900
f 9891 9901 9890
f 9891 9902 9901
f 9889 9902 9891
f 9889 9900 9902
f 4282 9903 9900
f 4282 4284 9903
f 9902 9904 9901
f 9902 9905 9904
f 9900 9905 9902
f 9900 9903 9905
f 4284 9906 9903
f 4284 4290 9906
f 9905 9907 9904
f 9905 9908 9907
f 9903 9908 9905
f 9903 9906 9908
f 4290 9909 9906
f 4290 4292 9909
f 9908 9910 9907
f 9908 9911 9910
f 9906 9911 9908
f 9906 9909 9911
f 9890 9912 9898
f 9890 9901 9912
f 9899 4309 4267
f 9899 9913 4309
f 9898 9913 9899
f 9898 9912 9913
f 9901 9914 9912
f 9901 9904 9914
f 9913 4311 4309
f 9913 9915 4311
f 9912 9915 9913
f 9912 9914 9915
f 9904 9916 9914
f 9904 9907 9916
f 9915 4321 4311
f 9915 9917 4321
f 9914 9917 9915
f 9914 9916 9917
f 9907 9918 9916
f 9907 9910 9918
f 9917 4323 4321
f 9917 9919 4323
f 9916 9919 9917
f 9916 9918 9919
f 4292 9920 9909
f 4292 4338 9920
f 9911 9921 9910
f 9911 9922 9921
f 9909 9922 9911
f 9909 9920 9922
f 4338 9923 9920
f 4338 4340 9923
f 9922 9924 9921
f 9922 9925 9924
f 9920 9925 9922
f 9920 9923 9925
f 4340 9926 9923
f 4340 4346 9926
f 9925 9927 9924
f 9925 9928 9927
f 9923 9928 9925
f 9923 9926 9928
f 4346 9929 9926
f 4346 4348 9929
f 9928 9930 9927
f 9928 9931 9930
f 9926 9931 9928
f 9926 9929 9931
f 9910 9932 9918
f 9910 9921 9932
f 9919 4365 4323
f 9919 9933 4365
f 9918 9933 9919
f 9918 9932 9933
f 9921 9934 9932
f 9921 9924 9934
f 9933 4367 4365
f 9933 9935 4367
f 9932 9935 9933
f 9932 9934 9935
f 9924 9936 9934
f 9924 9927 9936
f 9935 4377 4367
f 9935 9937 4377
f 9934 9937 9935
f 9934 9936 9937
f 9927 9938 9936
f 9927 9930 9938
f 9937 4379 4377
f 9937 9939 4379
f 9936 9939 9937
f 9936 9938 9939
f 4348 9940 9929
f 4348 7034 9940
f 9931 9941 9930
f 9931 9942 9941
f 9929 9942 9931
f 9929 9940 9942
f 7034 9943 9940
f 7034 7036 9943
f 9942 9944 9941
f 9942 9945 9944
f 9940 9945 9942
f 9940 9943 9945
f 7036 9946 9943
f 7036 7042 9946
f 9945 9947 9944
f 9945 9948 9947
f 9943 9948 9945
f 9943 9946 9948
f 7042 9949 9946
f 7042 7044 9949
f 9948 9950 9947
f 9948 9951 9950
f 9946 9951 9948
f 9946 9949 9951
f 9930 9952 9938
f 9930 9941 9952
f 9939 7061 4379
f 9939 9953 7061
f 9938 9953 9939
f 9938 9952 9953
f 9941 9954 9952
f 9941 9944 9954
f 9953 7063 7061
f 9953 9955 7063
f 9952 9955 9953
f 9952 9954 9955
f 9944 9956 9954
f 9944 9947 9956
f 9955 7073 7063
f 9955 9957 7073
f 9954 9957 9955
f 9954 9956 9957
f 9947 9958 9956
f 9947 9950 9958
f 9957 7075 7073
f 9957 9959 7075
f 9956 9959 9957
f 9956 9958 9959
f 7044 9960 9949
f 7044 7090 9960
f 9951 9961 9950
f 9951 9962 9961
f 9949 9962 9951
f 9949 9960 9962
f 7090 9963 9960
f 7090 7092 9963
f 9962 9964 9961
f 9962 9965 9964
f 9960 9965 9962
f 9960 9963 9965
f 7092 9966 9963
f 7092 7098 9966
f 9965 9967 9964
f 9965 9968 9967
f 9963 9968 9965
f 9963 9966 9968
f 7098 9969 9966
f 7098 7100 9969
f 9968 9970 9967
f 9968 9971 9970
f 9966 9971 9968
f 9966 9969 9971
f 9950 9972 9958
f 9950 9961 9972
f 9959 7117 7075
f 9959 9973 7117
f 9958 9973 9959
f 9958 9972 9973
f 9961 9974 9972
f 9961 9964 9974
f 9973 7119 7117
f 9973 9975 7119
f 9972 9975 9973
f 9972 9974 9975
f 9964 9976 9974
f 9964 9967 9976
f 9975 7129 7119
f 9975 9977 7129
f 9974 9977 9975
f 9974 9976 9977
f 9967 9978 9976
f 9967 9970 9978
f 9977 7131 7129
f 9977 9979 7131
f 9976 9979 9977
f 9976 9978 9979
f 7100 9980 9969
f 7100 7146 9980
f 9971 9981 9970
f 9971 9982 9981
f 9969 9982 9971
f 9969 9980 9982
f 7146 9983 9980
f 7146 7148 9983
f 9982 9984 9981
f 9982 9985 9984
f 9980 9985 9982
f 9980 9983 9985
f 7148 9986 9983
f 7148 7154 9986
f 9985 9987 9984
f 9985 9988 9987
f 9983 9988 9985
f 9983 9986 9988
f 7154 9989 9986
f 7154 7156 9989
f 9988 9990 9987
f 9988 9991 9990
f 9986 9991 9988
f 9986 9989 9991
f 9970 9992 9978
f 9970 9981 9992
f 9979 7173 7131
f 9979 9993 7173
f 9978 9993 9979
f 9978 9992 9993
f 9981 9994 9992
f 9981 9984 9994
f 9993 7175 7173
f 9993 9995 7175
f 9992 9995 9993
f 9992 9994 9995
f 9984 9996 9994
f 9984 9987 9996
f 9995 7185 7175
f 9995 9997 7185
f 9994 9997 9995
f 9994 9996 9997
f 9987 9998 9996
f 9987 9990 9998
f 9997 7187 7185
f 9997 9999 7187
f 9996 9999 9997
f 9996 9998 9999
f 7156 10000 9989
f 7156 7202 10000
f 9991 10001 9990
f 9991 10002 10001
f 9989 10002 9991
f 9989 10000 10002
f 7202 10003 10000
f 7202 7204 10003
f 10002 10004 10001
f 10002 10005 10004
f 10000 10005 10002
f 10000 10003 10005
f 7204 10006 10003
f 7204 7210 10006
f 10005 10007 10004
f 10005 10008 10007
f 10003 10008 10005
f 10003 10006 10008
f 7210 10009 10006
f 7210 7212 10009
f 10008 10010 10007
f 10008 10011 10010
f 10006 10011 10008
f 10006 10009 10011
f 9990 10012 9998
f 9990 10001 10012
f 9999 7229 7187
f 9999 10013 7229
f 9998 10013 9999
f 9998 10012 10013
f 10001 10014 10012
f 10001 10004 10014
f 10013 7231 7229
f 10013 10015 7231
f 10012 10015 10013
f 10012 10014 10015
f 10004 10016 10014
f 10004 10007 10016
f 10015 7241 7231
f 10015 10017 7241
f 10014 10017 10015
f 10014 10016 10017
f 10007 10018 10016
f 10007 10010 10018
f 10017 7243 7241
f 10017 10019 7243
f 10016 10019 10017
f 10016 10018 10019
f 7212 10020 10009
f 7212 7770 10020
f 10011 10021 10010
f 10011 10022 10021
f 10009 10022 10011
f 10009 10020 10022
f 7770 10023 10020
f 7770 7772 10023
f 10022 10024 10021
f 10022 10025 10024
f 10020 10025 10022
f 10020 10023 10025
f 7772 10026 10023
f 7772 7778 10026
f 10025 10027 10024
f 10025 10028 10027
f 10023 10028 10025
f 10023 10026 10028
f 7778 10029 10026
f 7778 7780 10029
f 10028 10030 10027
f 10028 10031 10030
f 10026 10031 10028
f 10026 10029 10031
f 10010 10032 10018
f 10010 10021 10032
f 10019 7797 7243
f 10019 10033 7797
f 10018 10033 10019
f 10018 10032 10033
f 10021 10034 10032
f 10021 10024 10034
f 10033 7799 7797
f 10033 10035 7799
f 10032 10035 10033
f 10032 10034 10035
f 10024 10036 10034
f 10024 10027 10036
f 10035 7809 7799
f 10035 10037 7809
f 10034 10037 10035
f 10034 10036 10037
f 10027 10038 10036
f 10027 10030 10038
f 10037 7811 7809
f 10037 10039 7811
f 10036 10039 10037
f 10036 10038 10039
f 7780 10040 10029
f 7780 7826 10040
f 10031 10041 10030
f 10031 10042 10041
f 10029 10042 10031
f 10029 10040 10042
f 7826 10043 10040
f 7826 7828 10043
f 10042 10044 10041
f 10042 10045 10044
f 10040 10045 10042
f 10040 10043 10045
f 7828 10046 10043
f 7828 7834 10046
f 10045 10047 10044
f 10045 10048 10047
f 10043 10048 10045
f 10043 10046 10048
f 7834 10049 10046
f 7834 7836 10049
f 10048 10050 10047
f 10048 10051 10050
f 10046 10051 10048
f 10046 10049 10051
f 10030 10052 10038
f 10030 10041 10052
f 10039 7853 7811
f 10039 10053 7853
f 10038 10053 10039
f 10038 10052 10053
f 10041 10054 10052
f 10041 10044 10054
f 10053 7855 7853
f 10053 10055 7855
f 10052 10055 10053
f 10052 10054 10055
f 10044 10056 10054
f 10044 10047 10056
f 10055 7865 7855
f 10055 10057 7865
f 10054 10057 10055
f 10054 10056 10057
f 10047 10058 10056
f 10047 10050 10058
f 10057 7867 7865
f 10057 10059 7867
f 10056 10059 10057
f 10056 10058 10059
f 7836 10060 10049
f 7836 7882 10060
f 10051 10061 10050
f 10051 10062 10061
f 10049 10062 10051
f 10049 10060 10062
f 7882 10063 10060
f 7882 7884 10063
f 10062 10064 10061
f 10062 10065 10064
f 10060 10065 10062
f 10060 10063 10065
f 7884 10066 10063
f 7884 7890 10066
f 10065 10067 10064
f 10065 10068 10067
f 10063 10068 10065
f 10063 10066 10068
f 7890 10069 10066
f 7890 7892 10069
f 10068 10070 10067
f 10068 10071 10070
f 10066 10071 10068
f 10066 10069 10071
f 10050 10072 10058
f 10050 10061 10072
f 10059 7909 7867
f 10059 10073 7909
f 10058 10073 10059
f 10058 10072 10073
f 10061 10074 10072
f 10061 10064 10074
f 10073 7911 7909
f 10073 10075 7911
f 10072 10075 10073
f 10072 10074 10075
f 10064 10076 10074
f 10064 10067 10076
f 10075 7921 7911
f 10075 10077 7921
f 10074 10077 10075
f 10074 10076 10077
f 10067 10078 10076
f 10067 10070 10078
f 10077 7923 7921
f 10077 10079 7923
f 10076 10079 10077
f 10076 10078 10079
f 7892 10080 10069
f 7892 7938 10080
f 10071 10081 10070
f 10071 10082 10081
f 10069 10082 10071
f 10069 10080 10082
f 7938 10083 10080
f 7938 7940 10083
f 10082 10084 10081
f 10082 10085 10084
f 10080 10085 10082
f 10080 10083 10085
f 7940 10086 10083
f 7940 7946 10086
f 10085 10087 10084
f 10085 10088 10087
f 10083 10088 10085
f 10083 10086 10088
f 7946 10089 10086
f 7946 7948 10089
f 10088 10090 10087
f 10088 10091 10090
f 10086 10091 10088
f 10086 10089 10091
f 10070 10092 10078
f 10070 10081 10092
f 10079 7965 7923
f 10079 10093 7965
f 10078 10093 10079
f 10078 10092 10093
f 10081 10094 10092
f 10081 10084 10094
f 10093 7967 7965
f 10093 10095 7967
f 10092 10095 10093
f 10092 10094 10095
f 10084 10096 10094
f 10084 10087 10096
f 10095 7977 7967
f 10095 10097 7977
f 10094 10097 10095
f 10094 10096 10097
f 10087 10098 10096
f 10087 10090 10098
f 10097 7979 7977
f 10097 10099 7979
f 10096 10099 10097
f 10096 10098 10099
f 7948 10100 10089
f 7948 8410 10100
f 10091 10101 10090
f 10091 10102 10101
f 10089 10102 10091
f 10089 10100 10102
f 8410 10103 10100
f 8410 8412 10103
f 10102 10104 10101
f 10102 10105 10104
f 10100 10105 10102
f 10100 10103 10105
f 8412 10106 10103
f 8412 8418 10106
f 10105 10107 10104
f 10105 10108 10107
f 10103 10108 10105
f 10103 10106 10108
f 8418 10109 10106
f 8418 8420 10109
f 10108 10110 10107
f 10108 10111 10110
f 10106 10111 10108
f 10106 10109 10111
f 10090 10112 10098
f 10090 10101 10112
f 10099 8437 7979
f 10099 10113 8437
f 10098 10113 10099
f 10098 10112 10113
f 10101 10114 10112
f 10101 10104 10114
f 10113 8439 8437
f 10113 10115 8439
f 10112 10115 10113
f 10112 10114 10115
f 10104 10116 10114
f 10104 10107 10116
f 10115 8449 8439
f 10115 10117 8449
f 10114 10117 10115
f 10114 10116 10117
f 10107 10118 10116
f 10107 10110 10118
f 10117 8451 8449
f 10117 10119 8451
f 10116 10119 10117
f 10116 10118 10119
f 8420 10120 10109
f 8420 8466 10120
f 10111 10121 10110
f 10111 10122 10121
f 10109 10122 10111
f 10109 10120 10122
f 8466 10123 10120
f 8466 8468 10123
f 10122 10124 10121
f 10122 10125 10124
f 10120 10125 10122
f 10120 10123 10125
f 8468 10126 10123
f 8468 8474 10126
f 10125 10127 10124
f 10125 10128 10127
f 10123 10128 10125
f 10123 10126 10128
f 8474 10129 10126
f 8474 8476 10129
f 10128 10130 10127
f 10128 10131 10130
f 10126 10131 10128
f 10126 10129 10131
f 10110 10132 10118
f 10110 10121 10132
f 10119 8493 8451
f 10119 10133 8493
f 10118 10133 10119
f 10118 10132 10133
f 10121 10134 10132
f 10121 10124 10134
f 10133 8495 8493
f 10133 10135 8495
f 10132 10135 10133
f 10132 10134 10135
f 10124 10136 10134
f 10124 10127 10136
f 10135 8505 8495
f 10135 10137 8505
f 10134 10137 10135
f 10134 10136 10137
f 10127 10138 10136
f 10127 10130 10138
f 10137 8507 8505
f 10137 10139 8507
f 10136 10139 10137
f 10136 10138 10139
f 8476 10140 10129
f 8476 8522 10140
f 10131 10141 10130
f 10131 10142 10141
f 10129 10142 10131
f 10129 10140 10142
f 8522 9660 10140
f 8522 8524 9660
f 10142 9661 10141
f 10142 9662 9661
f 10140 9662 10142
f 10140 9660 9662
f 10130 10143 10138
f 10130 10141 10143
f 10139 8541 8507
f 10139 10144 8541
f 10138 10144 10139
f 10138 10143 10144
f 10141 10145 10143
f 10141 9661 10145
f 10144 8543 8541
f 10144 10146 8543
f 10143 10146 10144
f 10143 10145 10146
f 9661 9677 10145
f 10146 8553 8543
f 10146 9678 8553
f 10145 9678 10146
f 10145 9677 9678
f 9678 8555 8553
f 9678 9679 8555
f 9679 8585 8555
f 9679 9704 8585
f 9704 9709 8585
f 8587 8589 9709
f 8585 9709 8589
f 10147 10149 10148
f 10147 10150 10149
f 10147 10151 10150
f 10147 10152 10151
f 10147 10153 10152
f 10147 10148 10153
f 10150 10154 10149
f 10150 10155 10154
f 10150 10156 10155
f 10150 10151 10156
f 10157 10159 10158
f 10157 10160 10159
f 10155 10158 10154
f 10155 10157 10158
f 10155 10160 10157
f 10155 10156 10160
f 10148 10162 10161
f 10148 10149 10162
f 10148 10163 10153
f 10148 10161 10163
f 10161 10165 10164
f 10161 10162 10165
f 10161 10166 10163
f 10161 10164 10166
f 10149 10167 10162
f 10149 10154 10167
f 10158 10169 10168
f 10158 10159 10169
f 10154 10168 10167
f 10154 10158 10168
f 10162 10170 10165
f 10162 10167 10170
f 10168 10172 10171
f 10168 10169 10172
f 10167 10171 10170
f 10167 10168 10171
f 10164 10174 10173
f 10164 10165 10174
f 10164 10175 10166
f 10164 10173 10175
f 10173 10177 10176
f 10173 10174 10177
f 10173 10178 10175
f 10173 10176 10178
f 10165 10179 10174
f 10165 10170 10179
f 10171 10181 10180
f 10171 10172 10181
f 10170 10180 10179
f 10170 10171 10180
f 10174 10182 10177
f 10174 10179 10182
f 10180 10184 10183
f 10180 10181 10184
f 10179 10183 10182
f 10179 10180 10183
f 10176 10186 10185
f 10176 10177 10186
f 10176 10187 10178
f 10176 10185 10187
f 10185 10188 9465
f 10185 10186 10188
f 10185 10189 10187
f 10185 9465 10189
f 10177 10190 10186
f 10177 10182 10190
f 10183 10192 10191
f 10183 10184 10192
f 10182 10191 10190
f 10182 10183 10191
f 10186 10193 10188
f 10186 10190 10193
f 10191 10195 10194
f 10191 10192 10195
f 10190 10194 10193
f 10190 10191 10194
f 10152 10196 10151
f 10152 10197 10196
f 10152 10198 10197
f 10152 10153 10198
f 10199 10201 10200
f 10199 10202 10201
f 10197 10200 10196
f 10197 10199 10200
f 10197 10202 10199
f 10197 10198 10202
f 10151 10203 10156
f 10151 10196 10203
f 10160 10204 10159
f 10160 10205 10204
f 10156 10205 10160
f 10156 10203 10205
f 10200 10207 10206
f 10200 10201 10207
f 10196 10206 10203
f 10196 10200 10206
f 10206 10209 10208
f 10206 10207 10209
f 10205 10209 10204
f 10205 10208 10209
f 10203 10208 10205
f 10203 10206 10208
f 10153 10210 10198
f 10153 10163 10210
f 10163 10211 10210
f 10163 10166 10211
f 10202 10212 10201
f 10202 10213 10212
f 10198 10213 10202
f 10198 10210 10213
f 10213 10214 10212
f 10213 10215 10214
f 10210 10215 10213
f 10210 10211 10215
f 10159 10216 10169
f 10159 10204 10216
f 10169 10217 10172
f 10169 10216 10217
f 10201 10218 10207
f 10201 10212 10218
f 10207 10219 10209
f 10207 10218 10219
f 10204 10219 10216
f 10204 10209 10219
f 10212 10220 10218
f 10212 10214 10220
f 10218 10221 10219
f 10218 10220 10221
f 10216 10221 10217
f 10216 10219 10221
f 10166 10222 10211
f 10166 10175 10222
f 10175 10223 10222
f 10175 10178 10223
f 10215 10224 10214
f 10215 10225 10224
f 10211 10225 10215
f 10211 10222 10225
f 10225 10226 10224
f 10225 10227 10226
f 10222 10227 10225
f 10222 10223 10227
f 10172 10228 10181
f 10172 10217 10228
f 10181 10229 10184
f 10181 10228 10229
f 10214 10230 10220
f 10214 10224 10230
f 10220 10231 10221
f 10220 10230 10231
f 10217 10231 10228
f 10217 10221 10231
f 10224 10232 10230
f 10224 10226 10232
f 10230 10233 10231
f 10230 10232 10233
f 10228 10233 10229
f 10228 10231 10233
f 10178 10234 10223
f 10178 10187 10234
f 10187 10235 10234
f 10187 10189 10235
f 10227 10236 10226
f 10227 10237 10236
f 10223 10237 10227
f 10223 10234 10237
f 10237 10238 10236
f 10237 10239 10238
f 10234 10239 10237
f 10234 10235 10239
f 10184 10240 10192
f 10184 10229 10240
f 10192 10241 10195
f 10192 10240 10241
f 10226 10242 10232
f 10226 10236 10242
f 10232 10243 10233
f 10232 10242 10243
f 10229 10243 10240
f 10229 10233 10243
f 10236 10244 10242
f 10236 10238 10244
f 10242 10245 10243
f 10242 10244 10245
f 10240 10245 10241
f 10240 10243 10245
f 9465 10188 9664
f 9465 9665 10189
f 10188 10246 9664
f 10188 10193 10246
f 10194 10248 10247
f 10194 10195 10248
f 10193 10247 10246
f 10193 10194 10247
f 9664 10246 9669
f 10247 10250 10249
f 10247 10248 10250
f 10246 10249 9669
f 10246 10247 10249
f 10249 9676 9675
f 10249 10250 9676
f 9669 10249 9675
f 10189 9692 10235
f 10189 9665 9692
f 10239 10251 10238
f 10239 9694 10251
f 10235 9694 10239
f 10235 9692 9694
f 9694 9695 10251
f 10195 10252 10248
f 10195 10241 10252
f 10248 10253 10250
f 10248 10252 10253
f 10238 10254 10244
f 10238 10251 10254
f 10244 10255 10245
f 10244 10254 10255
f 10241 10255 10252
f 10241 10245 10255
f 10251 9697 10254
f 10251 9695 9697
f 10254 10256 10255
f 10254 9697 10256
f 10252 10256 10253
f 10252 10255 10256
f 10250 9703 9676
f 10250 10253 9703
f 9697 9706 10256
f 10253 9706 9703
f 10253 10256 9706
f 10257 10259 10258
f 10257 10260 10259
f 10257 10261 10260
f 10257 10262 10261
f 10257 10263 10262
f 10257 10258 10263
f 10262 10264 10261
f 10262 10265 10264
f 10262 10266 10265
f 10262 10263 10266
f 10260 10267 10259
f 10260 10268 10267
f 10260 10269 10268
f 10260 10261 10269
f 10270 10272 10271
f 10270 10273 10272
f 10268 10271 10267
f 10268 10270 10271
f 10268 10273 10270
f 10268 10269 10273
f 10261 10274 10269
f 10261 10264 10274
f 10273 10275 10272
f 10273 10276 10275
f 10269 10276 10273
f 10269 10274 10276
f 10258 10278 10277
f 10258 10259 10278
f 10258 10279 10263
f 10258 10277 10279
f 10277 10281 10280
f 10277 10278 10281
f 10277 10282 10279
f 10277 10280 10282
f 10263 10283 10266
f 10263 10279 10283
f 10279 10284 10283
f 10279 10282 10284
f 10259 10285 10278
f 10259 10267 10285
f 10271 10287 10286
f 10271 10272 10287
f 10267 10286 10285
f 10267 10271 10286
f 10278 10288 10281
f 10278 10285 10288
f 10286 10290 10289
f 10286 10287 10290
f 10285 10289 10288
f 10285 10286 10289
f 10272 10291 10287
f 10272 10275 10291
f 10287 10292 10290
f 10287 10291 10292
f 10280 10294 10293
f 10280 10281 10294
f 10280 10295 10282
f 10280 10293 10295
f 10293 10297 10296
f 10293 10294 10297
f 10293 10298 10295
f 10293 10296 10298
f 10282 10299 10284
f 10282 10295 10299
f 10295 10300 10299
f 10295 10298 10300
f 10281 10301 10294
f 10281 10288 10301
f 10289 10303 10302
f 10289 10290 10303
f 10288 10302 10301
f 10288 10289 10302
f 10294 10304 10297
f 10294 10301 10304
f 10302 10306 10305
f 10302 10303 10306
f 10301 10305 10304
f 10301 10302 10305
f 10290 10307 10303
f 10290 10292 10307
f 10303 10308 10306
f 10303 10307 10308
f 10296 10310 10309
f 10296 10297 10310
f 10296 10311 10298
f 10296 10309 10311
f 10309 10313 10312
f 10309 10310 10313
f 10309 10314 10311
f 10309 10312 10314
f 10298 10315 10300
f 10298 10311 10315
f 10311 10316 10315
f 10311 10314 10316
f 10297 10317 10310
f 10297 10304 10317
f 10305 10319 10318
f 10305 10306 10319
f 10304 10318 10317
f 10304 10305 10318
f 10310 10320 10313
f 10310 10317 10320
f 10318 10322 10321
f 10318 10319 10322
f 10317 10321 10320
f 10317 10318 10321
f 10306 10323 10319
f 10306 10308 10323
f 10319 10324 10322
f 10319 10323 10324
f 10325 10327 10326
f 10325 10328 10327
f 10265 10326 10264
f 10265 10325 10326
f 10265 10328 10325
f 10265 10266 10328
f 10326 10330 10329
f 10326 10327 10330
f 10264 10329 10274
f 10264 10326 10329
f 10329 10332 10331
f 10329 10330 10332
f 10276 10332 10275
f 10276 10331 10332
f 10274 10331 10276
f 10274 10329 10331
f 10328 10333 10327
f 10328 10334 10333
f 10266 10334 10328
f 10266 10283 10334
f 10334 10335 10333
f 10334 10336 10335
f 10283 10336 10334
f 10283 10284 10336
f 10327 10337 10330
f 10327 10333 10337
f 10330 10338 10332
f 10330 10337 10338
f 10275 10338 10291
f 10275 10332 10338
f 10333 10339 10337
f 10333 10335 10339
f 10337 10340 10338
f 10337 10339 10340
f 10291 10340 10292
f 10291 10338 10340
f 10336 10341 10335
f 10336 10342 10341
f 10284 10342 10336
f 10284 10299 10342
f 10342 10343 10341
f 10342 10344 10343
f 10299 10344 10342
f 10299 10300 10344
f 10335 10345 10339
f 10335 10341 10345
f 10339 10346 10340
f 10339 10345 10346
f 10292 10346 10307
f 10292 10340 10346
f 10341 10347 10345
f 10341 10343 10347
f 10345 10348 10346
f 10345 10347 10348
f 10307 10348 10308
f 10307 10346 10348
f 10344 10349 10343
f 10344 10350 10349
f 10300 10350 10344
f 10300 10315 10350
f 10350 10351 10349
f 10350 10352 10351
f 10315 10352 10350
f 10315 10316 10352
f 10343 10353 10347
f 10343 10349 10353
f 10347 10354 10348
f 10347 10353 10354
f 10308 10354 10323
f 10308 10348 10354
f 10349 10355 10353
f 10349 10351 10355
f 10353 10356 10354
f 10353 10355 10356
f 10323 10356 10324
f 10323 10354 10356
f 10312 10358 10357
f 10312 10313 10358
f 10312 10359 10314
f 10312 10357 10359
f 10357 9711 9710
f 10357 10358 9711
f 10357 9712 10359
f 10357 9710 9712
f 10314 10360 10316
f 10314 10359 10360
f 10359 9713 10360
f 10359 9712 9713
f 10313 10361 10358
f 10313 10320 10361
f 10321 10363 10362
f 10321 10322 10363
f 10320 10362 10361
f 10320 10321 10362
f 10358 9714 9711
f 10358 10361 9714
f 10362 10365 10364
f 10362 10363 10365
f 10361 10364 9714
f 10361 10362 10364
f 10322 10366 10363
f 10322 10324 10366
f 10363 10367 10365
f 10363 10366 10367
f 10364 9718 9717
f 10364 10365 9718
f 9714 10364 9717
f 10365 9722 9718
f 10365 10367 9722
f 10352 10368 10351
f 10352 10369 10368
f 10316 10369 10352
f 10316 10360 10369
f 10369 10370 10368
f 10369 9724 10370
f 10360 9724 10369
f 10360 9713 9724
f 10351 10371 10355
f 10351 10368 10371
f 10355 10372 10356
f 10355 10371 10372
f 10324 10372 10366
f 10324 10356 10372
f 10368 10373 10371
f 10368 10370 10373
f 10371 10374 10372
f 10371 10373 10374
f 10366 10374 10367
f 10366 10372 10374
f 9724 9725 10370
f 10370 10375 10373
f 10370 9725 10375
f 10373 10376 10374
f 10373 10375 10376
f 10367 10376 9722
f 10367 10374 10376
f 9725 9729 10375
f 10375 9730 10376
f 10375 9729 9730
f 9722 10376 9730
f 10377 10379 10378
f 10377 10380 10379
f 10377 10381 10380
f 10377 10382 10381
f 10377 10383 10382
f 10377 10378 10383
f 10380 10384 10379
f 10380 10385 10384
f 10380 10386 10385
f 10380 10381 10386
f 10382 10387 10381
f 10382 10388 10387
f 10382 10389 10388
f 10382 10383 10389
f 10381 10390 10386
f 10381 10387 10390
f 10391 10393 10392
f 10391 10394 10393
f 10385 10392 10384
f 10385 10391 10392
f 10385 10394 10391
f 10385 10386 10394
f 10394 10395 10393
f 10394 10396 10395
f 10386 10396 10394
f 10386 10390 10396
f 10378 10398 10397
f 10378 10379 10398
f 10378 10399 10383
f 10378 10397 10399
f 10379 10400 10398
f 10379 10384 10400
f 10397 10402 10401
f 10397 10398 10402
f 10397 10403 10399
f 10397 10401 10403
f 10398 10404 10402
f 10398 10400 10404
f 10383 10405 10389
f 10383 10399 10405
f 10399 10406 10405
f 10399 10403 10406
f 10392 10408 10407
f 10392 10393 10408
f 10384 10407 10400
f 10384 10392 10407
f 10407 10410 10409
f 10407 10408 10410
f 10400 10409 10404
f 10400 10407 10409
f 10393 10411 10408
f 10393 10395 10411
f 10408 10412 10410
f 10408 10411 10412
f 10401 10414 10413
f 10401 10402 10414
f 10401 10415 10403
f 10401 10413 10415
f 10402 10416 10414
f 10402 10404 10416
f 10413 10418 10417
f 10413 10414 10418
f 10413 10419 10415
f 10413 10417 10419
f 10414 10420 10418
f 10414 10416 10420
f 10403 10421 10406
f 10403 10415 10421
f 10415 10422 10421
f 10415 10419 10422
f 10409 10424 10423
f 10409 10410 10424
f 10404 10423 10416
f 10404 10409 10423
f 10423 10426 10425
f 10423 10424 10426
f 10416 10425 10420
f 10416 10423 10425
f 10410 10427 10424
f 10410 10412 10427
f 10424 10428 10426
f 10424 10427 10428
f 10417 10430 10429
f 10417 10418 10430
f 10417 10431 10419
f 10417 10429 10431
f 10418 10432 10430
f 10418 10420 10432
f 10429 10434 10433
f 10429 10430 10434
f 10429 10435 10431
f 10429 10433 10435
f 10430 10436 10434
f 10430 10432 10436
f 10419 10437 10422
f 10419 10431 10437
f 10431 10438 10437
f 10431 10435 10438
f 10425 10440 10439
f 10425 10426 10440
f 10420 10439 10432
f 10420 10425 10439
f 10439 10442 10441
f 10439 10440 10442
f 10432 10441 10436
f 10432 10439 10441
f 10426 10443 10440
f 10426 10428 10443
f 10440 10444 10442
f 10440 10443 10444
f 10388 10445 10387
f 10388 10446 10445
f 10388 10447 10446
f 10388 10389 10447
f 10387 10448 10390
f 10387 10445 10448
f 10449 10451 10450
f 10449 10452 10451
f 10446 10450 10445
f 10446 10449 10450
f 10446 10452 10449
f 10446 10447 10452
f 10450 10454 10453
f 10450 10451 10454
f 10445 10453 10448
f 10445 10450 10453
f 10396 10455 10395
f 10396 10456 10455
f 10390 10456 10396
f 10390 10448 10456
f 10453 10458 10457
f 10453 10454 10458
f 10456 10458 10455
f 10456 10457 10458
f 10448 10457 10456
f 10448 10453 10457
f 10389 10459 10447
f 10389 10405 10459
f 10405 10460 10459
f 10405 10406 10460
f 10452 10461 10451
f 10452 10462 10461
f 10447 10462 10452
f 10447 10459 10462
f 10451 10463 10454
f 10451 10461 10463
f 10462 10464 10461
f 10462 10465 10464
f 10459 10465 10462
f 10459 10460 10465
f 10461 10466 10463
f 10461 10464 10466
f 10395 10467 10411
f 10395 10455 10467
f 10411 10468 10412
f 10411 10467 10468
f 10454 10469 10458
f 10454 10463 10469
f 10455 10469 10467
f 10455 10458 10469
f 10463 10470 10469
f 10463 10466 10470
f 10467 10470 10468
f 10467 10469 10470
f 10406 10471 10460
f 10406 10421 10471
f 10421 10472 10471
f 10421 10422 10472
f 10465 10473 10464
f 10465 10474 10473
f 10460 10474 10465
f 10460 10471 10474
f 10464 10475 10466
f 10464 10473 10475
f 10474 10476 10473
f 10474 10477 10476
f 10471 10477 10474
f 10471 10472 10477
f 10473 10478 10475
f 10473 10476 10478
f 10412 10479 10427
f 10412 10468 10479
f 10427 10480 10428
f 10427 10479 10480
f 10466 10481 10470
f 10466 10475 10481
f 10468 10481 10479
f 10468 10470 10481
f 10475 10482 10481
f 10475 10478 10482
f 10479 10482 10480
f 10479 10481 10482
f 10422 10483 10472
f 10422 10437 10483
f 10437 10484 10483
f 10437 10438 10484
f 10477 10485 10476
f 10477 10486 10485
f 10472 10486 10477
f 10472 10483 10486
f 10476 10487 10478
f 10476 10485 10487
f 10486 10488 10485
f 10486 10489 10488
f 10483 10489 10486
f 10483 10484 10489
f 10485 10490 10487
f 10485 10488 10490
f 10428 10491 10443
f 10428 10480 10491
f 10443 10492 10444
f 10443 10491 10492
f 10478 10493 10482
f 10478 10487 10493
f 10480 10493 10491
f 10480 10482 10493
f 10487 10494 10493
f 10487 10490 10494
f 10491 10494 10492
f 10491 10493 10494
f 10433 10495 8598
f 10433 10434 10495
f 10433 8742 10435
f 10433 8598 8742
f 10434 8599 10495
f 10434 10436 8599
f 8598 10495 8601
f 10495 8602 8601
f 10495 8599 8602
f 10435 10496 10438
f 10435 8742 10496
f 8742 8744 10496
f 10441 8746 8745
f 10441 10442 8746
f 10436 8745 8599
f 10436 10441 8745
f 10442 8748 8746
f 10442 10444 8748
f 10438 10497 10484
f 10438 10496 10497
f 10496 8756 10497
f 10496 8744 8756
f 10489 10498 10488
f 10489 10499 10498
f 10484 10499 10489
f 10484 10497 10499
f 10488 10500 10490
f 10488 10498 10500
f 10499 8757 10498
f 10499 8758 8757
f 10497 8758 10499
f 10497 8756 8758
f 10498 8759 10500
f 10498 8757 8759
f 10444 8760 8748
f 10444 10492 8760
f 10490 10501 10494
f 10490 10500 10501
f 10492 10501 8760
f 10492 10494 10501
f 10500 8762 10501
f 10500 8759 8762
f 8760 10501 8762
f 10502 10504 10503
f 10502 10505 10504
f 10502 10506 10505
f 10502 10507 10506
f 10502 10508 10507
f 10502 10503 10508
f 10505 10509 10504
f 10505 10510 10509
f 10505 10511 10510
f 10505 10506 10511
f 10507 10512 10506
f 10507 10513 10512
f 10507 10514 10513
f 10507 10508 10514
f 10506 10515 10511
f 10506 10512 10515
f 10516 10518 10517
f 10516 10519 10518
f 10510 10517 10509
f 10510 10516 10517
f 10510 10519 10516
f 10510 10511 10519
f 10519 10520 10518
f 10519 10521 10520
f 10511 10521 10519
f 10511 10515 10521
f 10503 10523 10522
f 10503 10504 10523
f 10503 10524 10508
f 10503 10522 10524
f 10504 10525 10523
f 10504 10509 10525
f 10522 10527 10526
f 10522 10523 10527
f 10522 10528 10524
f 10522 10526 10528
f 10523 10529 10527
f 10523 10525 10529
f 10508 10530 10514
f 10508 10524 10530
f 10524 10531 10530
f 10524 10528 10531
f 10517 10533 10532
f 10517 10518 10533
f 10509 10532 10525
f 10509 10517 10532
f 10532 10535 10534
f 10532 10533 10535
f 10525 10534 10529
f 10525 10532 10534
f 10518 10536 10533
f 10518 10520 10536
f 10533 10537 10535
f 10533 10536 10537
f 10526 10539 10538
f 10526 10527 10539
f 10526 10540 10528
f 10526 10538 10540
f 10527 10541 10539
f 10527 10529 10541
f 10538 10543 10542
f 10538 10539 10543
f 10538 10544 10540
f 10538 10542 10544
f 10539 10545 10543
f 10539 10541 10545
f 10528 10546 10531
f 10528 10540 10546
f 10540 10547 10546
f 10540 10544 10547
f 10534 10549 10548
f 10534 10535 10549
f 10529 10548 10541
f 10529 10534 10548
f 10548 10551 10550
f 10548 10549 10551
f 10541 10550 10545
f 10541 10548 10550
f 10535 10552 10549
f 10535 10537 10552
f 10549 10553 10551
f 10549 10552 10553
f 10542 10555 10554
f 10542 10543 10555
f 10542 10556 10544
f 10542 10554 10556
f 10543 10557 10555
f 10543 10545 10557
f 10554 10559 10558
f 10554 10555 10559
f 10554 10560 10556
f 10554 10558 10560
f 10555 10561 10559
f 10555 10557 10561
f 10544 10562 10547
f 10544 10556 10562
f 10556 10563 10562
f 10556 10560 10563
f 10550 10565 10564
f 10550 10551 10565
f 10545 10564 10557
f 10545 10550 10564
f 10564 10567 10566
f 10564 10565 10567
f 10557 10566 10561
f 10557 10564 10566
f 10551 10568 10565
f 10551 10553 10568
f 10565 10569 10567
f 10565 10568 10569
f 10513 10570 10512
f 10513 10571 10570
f 10513 10572 10571
f 10513 10514 10572
f 10512 10573 10515
f 10512 10570 10573
f 10574 10576 10575
f 10574 10577 10576
f 10571 10575 10570
f 10571 10574 10575
f 10571 10577 10574
f 10571 10572 10577
f 10575 10579 10578
f 10575 10576 10579
f 10570 10578 10573
f 10570 10575 10578
f 10521 10580 10520
f 10521 10581 10580
f 10515 10581 10521
f 10515 10573 10581
f 10578 10583 10582
f 10578 10579 10583
f 10581 10583 10580
f 10581 10582 10583
f 10573 10582 10581
f 10573 10578 10582
f 10514 10584 10572
f 10514 10530 10584
f 10530 10585 10584
f 10530 10531 10585
f 10577 10586 10576
f 10577 10587 10586
f 10572 10587 10577
f 10572 10584 10587
f 10576 10588 10579
f 10576 10586 10588
f 10587 10589 10586
f 10587 10590 10589
f 10584 10590 10587
f 10584 10585 10590
f 10586 10591 10588
f 10586 10589 10591
f 10520 10592 10536
f 10520 10580 10592
f 10536 10593 10537
f 10536 10592 10593
f 10579 10594 10583
f 10579 10588 10594
f 10580 10594 10592
f 10580 10583 10594
f 10588 10595 10594
f 10588 10591 10595
f 10592 10595 10593
f 10592 10594 10595
f 10531 10596 10585
f 10531 10546 10596
f 10546 10597 10596
f 10546 10547 10597
f 10590 10598 10589
f 10590 10599 10598
f 10585 10599 10590
f 10585 10596 10599
f 10589 10600 10591
f 10589 10598 10600
f 10599 10601 10598
f 10599 10602 10601
f 10596 10602 10599
f 10596 10597 10602
f 10598 10603 10600
f 10598 10601 10603
f 10537 10604 10552
f 10537 10593 10604
f 10552 10605 10553
f 10552 10604 10605
f 10591 10606 10595
f 10591 10600 10606
f 10593 10606 10604
f 10593 10595 10606
f 10600 10607 10606
f 10600 10603 10607
f 10604 10607 10605
f 10604 10606 10607
f 10547 10608 10597
f 10547 10562 10608
f 10562 10609 10608
f 10562 10563 10609
f 10602 10610 10601
f 10602 10611 10610
f 10597 10611 10602
f 10597 10608 10611
f 10601 10612 10603
f 10601 10610 10612
f 10611 10613 10610
f 10611 10614 10613
f 10608 10614 10611
f 10608 10609 10614
f 10610 10615 10612
f 10610 10613 10615
f 10553 10616 10568
f 10553 10605 10616
f 10568 10617 10569
f 10568 10616 10617
f 10603 10618 10607
f 10603 10612 10618
f 10605 10618 10616
f 10605 10607 10618
f 10612 10619 10618
f 10612 10615 10619
f 10616 10619 10617
f 10616 10618 10619
f 9428 10620 9431
f 9428 9433 10620
f 9431 10620 9440
f 10558 10621 9441
f 10558 10559 10621
f 10558 10622 10560
f 10558 9441 10622
f 10559 10623 10621
f 10559 10561 10623
f 9441 10621 9433
f 9441 9442 10622
f 10621 10620 9433
f 10621 10623 10620
f 10560 10624 10563
f 10560 10622 10624
f 10622 10625 10624
f 10622 9442 10625
f 10566 10627 10626
f 10566 10567 10627
f 10561 10626 10623
f 10561 10566 10626
f 10626 9443 9440
f 10626 10627 9443
f 10623 9440 10620
f 10623 10626 9440
f 10567 10628 10627
f 10567 10569 10628
f 10627 9444 9443
f 10627 10628 9444
f 9442 9447 10625
f 10563 10629 10609
f 10563 10624 10629
f 10624 10630 10629
f 10624 10625 10630
f 10614 10631 10613
f 10614 10632 10631
f 10609 10632 10614
f 10609 10629 10632
f 10613 10633 10615
f 10613 10631 10633
f 10632 10634 10631
f 10632 10635 10634
f 10629 10635 10632
f 10629 10630 10635
f 10631 10636 10633
f 10631 10634 10636
f 10569 10637 10628
f 10569 10617 10637
f 10628 10638 9444
f 10628 10637 10638
f 10615 10639 10619
f 10615 10633 10639
f 10617 10639 10637
f 10617 10619 10639
f 10633 10640 10639
f 10633 10636 10640
f 10637 10640 10638
f 10637 10639 10640
f 10625 9457 10630
f 10625 9447 9457
f 10635 9459 10634
f 10635 9460 9459
f 10630 9460 10635
f 10630 9457 9460
f 10634 9474 10636
f 10634 9459 9474
f 9444 10638 9463
f 10636 9476 10640
f 10636 9474 9476
f 10638 9476 9463
f 10638 10640 9476

