# https://github.com/mikedh/trimesh
v 0.04591994 -0.22673360 -0.17240086
v 0.04591994 -0.20485321 -0.17240086
v -0.07452098 -0.22673360 -0.17240086
v -0.07452098 -0.20485321 -0.17240086
v 0.04890852 -0.20590064 0.17260953
v -0.07426848 -0.20590064 0.16936786
v -0.07750956 -0.20590064 0.17260953
v -0.07426848 -0.20590064 -0.16612678
v -0.07750956 -0.20590064 -0.16612678
v 0.04566685 -0.20590064 0.16936786
v 0.04566685 -0.20590064 -0.16612678
v 0.04890852 -0.20590064 -0.16612678
v -0.07426848 -0.22697033 0.16936786
v -0.07426848 -0.22697033 -0.16612678
v 0.04566685 -0.22697033 0.16936786
v 0.04566685 -0.22697033 -0.16612678
v 0.04890852 -0.22697033 -0.16612678
v 0.04890852 -0.22697033 0.17260953
v -0.07750956 -0.22697033 0.17260953
v -0.07750956 -0.22697033 -0.16612678
v 0.04485673 -0.20509227 -0.16406990
v -0.07345777 -0.20508993 -0.16408919
v -0.07345777 -0.20509227 -0.16406990
v -0.07345777 -0.20508993 -0.16420960
v 0.04485673 -0.20508993 -0.16612678
v -0.07345777 -0.20508993 -0.16612678
v 0.04485673 -0.20510922 -0.16400152
v -0.07345777 -0.20510922 -0.16400152
v 0.04485673 -0.21643519 -0.16612678
v 0.04485673 -0.21157327 -0.16369523
v 0.04485673 -0.21643519 -0.16276295
v 0.04485673 -0.20513611 -0.16393722
v 0.04485673 -0.20517293 -0.16387760
v 0.04485673 -0.20521853 -0.16382383
v 0.04485673 -0.20527230 -0.16377823
v 0.04485673 -0.20533192 -0.16374141
v 0.04485673 -0.20539622 -0.16371452
v 0.04485673 -0.20546460 -0.16369699
v 0.04485673 -0.21157327 -0.16288511
v 0.04485673 -0.21158029 -0.16277931
v 0.04485673 -0.21160075 -0.16267527
v 0.04485673 -0.21642935 -0.16267293
v 0.04485673 -0.21163465 -0.16257474
v 0.04485673 -0.21641181 -0.16258467
v 0.04485673 -0.21638317 -0.16249934
v 0.04485673 -0.21168199 -0.16248005
v 0.04485673 -0.21634343 -0.16241867
v 0.04485673 -0.21174044 -0.16239179
v 0.04485673 -0.21629316 -0.16234386
v 0.04485673 -0.21181058 -0.16231229
v 0.04485673 -0.21623412 -0.16227605
v 0.04485673 -0.21189008 -0.16224215
v 0.04485673 -0.21616632 -0.16221702
v 0.04485673 -0.21197834 -0.16218312
v 0.04485673 -0.21609150 -0.16216675
v 0.04485673 -0.21207361 -0.16213636
v 0.04485673 -0.21601084 -0.16212700
v 0.04485673 -0.21217356 -0.16210246
v 0.04485673 -0.21592550 -0.16209836
v 0.04485673 -0.21227760 -0.16208141
v 0.04485673 -0.21583724 -0.16208083
v 0.04485673 -0.21238340 -0.16207498
v 0.04485673 -0.21574723 -0.16207498
v -0.07345777 -0.21643519 -0.16612678
v -0.07345777 -0.21643519 -0.16276295
v -0.07345777 -0.21157327 -0.16369523
v -0.07345777 -0.20513611 -0.16393722
v -0.07345777 -0.20517293 -0.16387760
v -0.07345777 -0.20521853 -0.16382383
v -0.07345777 -0.20527230 -0.16377823
v -0.07345777 -0.20533192 -0.16374141
v -0.07345777 -0.20539622 -0.16371452
v -0.07345777 -0.20546460 -0.16369699
v -0.07345777 -0.21157327 -0.16288511
v -0.07345777 -0.21158029 -0.16277931
v -0.07345777 -0.21160075 -0.16267527
v -0.07345777 -0.21642935 -0.16267293
v -0.07345777 -0.21163465 -0.16257474
v -0.07345777 -0.21641181 -0.16258467
v -0.07345777 -0.21638317 -0.16249934
v -0.07345777 -0.21168199 -0.16248005
v -0.07345777 -0.21634343 -0.16241867
v -0.07345777 -0.21174044 -0.16239179
v -0.07345777 -0.21629316 -0.16234386
v -0.07345777 -0.21181058 -0.16231229
v -0.07345777 -0.21623412 -0.16227605
v -0.07345777 -0.21189008 -0.16224215
v -0.07345777 -0.21616632 -0.16221702
v -0.07345777 -0.21197834 -0.16218312
v -0.07345777 -0.21609150 -0.16216675
v -0.07345777 -0.21207361 -0.16213636
v -0.07345777 -0.21601084 -0.16212700
v -0.07345777 -0.21217356 -0.16210246
v -0.07345777 -0.21592550 -0.16209836
v -0.07345777 -0.21227760 -0.16208141
v -0.07345777 -0.21583724 -0.16208083
v -0.07345777 -0.21238340 -0.16207498
v -0.07345777 -0.21574723 -0.16207498
v -0.07345777 -0.20548389 -0.16369523
v -0.07345777 -0.20560430 -0.16369523
v -0.07345777 -0.20508584 -0.16413946
v -0.07345777 -0.20553416 -0.16369114
v -0.08561315 -0.22697033 0.18071312
v -0.07452098 -0.22697033 -0.17260953
v -0.08561315 -0.22697033 -0.17260953
v -0.07452098 -0.22697033 0.16962095
v 0.04591994 -0.22697033 0.16962095
v 0.05701211 -0.22697033 -0.17260953
v 0.04591994 -0.22697033 -0.17260953
v 0.05701211 -0.22697033 0.18071312
v 0.04591994 -0.22940128 0.16962095
v 0.04591994 -0.22940128 -0.17260953
v -0.07452098 -0.22940128 0.16962095
v -0.07452098 -0.22940128 -0.17260953
v -0.08561315 -0.22940128 -0.17260953
v -0.08561315 -0.22940128 0.18071312
v 0.05701211 -0.22940128 0.18071312
v 0.05701211 -0.22940128 -0.17260953
v -0.07345777 -0.21643519 0.16855774
v -0.07913040 -0.21643519 -0.16612678
v -0.07913040 -0.21643519 0.16855774
v -0.07345777 -0.21189709 0.16693690
v -0.07345777 -0.20508993 0.16855774
v -0.07345777 -0.21157327 -0.16612678
v -0.07345777 -0.21189709 -0.16612678
v -0.07345777 -0.21319411 0.16693690
v -0.07345777 -0.21574723 0.16693690
v -0.07345777 -0.21574723 -0.16612678
v -0.07183693 -0.21189709 0.16693690
v -0.07183693 -0.21189709 -0.16612678
v -0.07183693 -0.21574723 -0.16612678
v -0.07183693 -0.21574723 0.16693690
v -0.07913040 -0.20508993 -0.16612678
v -0.07913040 -0.20508993 0.16855774
v -0.07183693 -0.21319411 0.16693690
v -0.07183693 -0.21319411 -0.16612678
v -0.07345777 -0.21319411 -0.16612678
v -0.08561315 -0.20508993 0.18071312
v 0.04591994 -0.20508993 0.16962095
v 0.05701211 -0.20508993 0.18071312
v 0.05701211 -0.20508993 -0.17260953
v 0.04591994 -0.20508993 -0.17260953
v -0.07452098 -0.20508993 0.16962095
v -0.07452098 -0.20508993 -0.17260953
v -0.08561315 -0.20508993 -0.17260953
v 0.04591994 -0.20265898 0.16962095
v 0.04591994 -0.20265898 -0.17260953
v -0.07452098 -0.20265898 0.16962095
v -0.07452098 -0.20265898 -0.17260953
v -0.08561315 -0.20265898 -0.17260953
v -0.08561315 -0.20265898 0.18071312
v 0.05701211 -0.20265898 0.18071312
v 0.05701211 -0.20265898 -0.17260953
v 0.04485673 -0.21574723 -0.16612678
v 0.05052936 -0.21643519 -0.16612678
v 0.04485673 -0.21319411 -0.16612678
v 0.04485673 -0.21189709 -0.16612678
v 0.04485673 -0.21157327 -0.16612678
v 0.05052936 -0.20508993 -0.16612678
v 0.05052936 -0.20508993 0.16855774
v 0.05052936 -0.21643519 0.16855774
v 0.04323589 -0.21189709 -0.16612678
v 0.04323589 -0.21157327 -0.16612678
v 0.04485673 -0.21319411 0.16693690
v 0.04485673 -0.21574723 0.16693690
v 0.04485673 -0.21189709 0.16693690
v 0.04485673 -0.21643519 0.16855774
v 0.04485673 -0.20508993 0.16855774
v 0.04323589 -0.21574723 0.16693690
v 0.04323589 -0.21319411 0.16693690
v 0.04323589 -0.21189709 0.16693690
v 0.04591994 -0.22697033 -0.17240612
v -0.07452098 -0.22697033 -0.17240612
v -0.07452098 -0.22744728 -0.17355760
v -0.07452098 -0.22673360 -0.18067688
v -0.07452098 -0.22744728 -0.18067688
v -0.07452098 -0.22743735 -0.17335302
v -0.07452098 -0.22742449 -0.17325132
v -0.07452098 -0.22740695 -0.17315078
v -0.07452098 -0.22738416 -0.17305083
v -0.07452098 -0.22735610 -0.17295264
v -0.07452098 -0.22732337 -0.17285502
v -0.07452098 -0.22728596 -0.17275975
v -0.07452098 -0.22724387 -0.17266681
v -0.07452098 -0.22719711 -0.17257563
v -0.07452098 -0.22712639 -0.17248328
v -0.07452098 -0.22710359 -0.17246457
v -0.07452098 -0.22707904 -0.17244821
v -0.07452098 -0.22705333 -0.17243418
v -0.07452098 -0.22702644 -0.17242249
v -0.07452098 -0.22699897 -0.17241314
v 0.04591994 -0.22699897 -0.17241314
v 0.04591994 -0.22673360 -0.18067688
v 0.04591994 -0.22744728 -0.17355760
v 0.04591994 -0.22744728 -0.18067688
v 0.04591994 -0.22743735 -0.17335302
v 0.04591994 -0.22742449 -0.17325132
v 0.04591994 -0.22740695 -0.17315078
v 0.04591994 -0.22738416 -0.17305083
v 0.04591994 -0.22735610 -0.17295264
v 0.04591994 -0.22732337 -0.17285502
v 0.04591994 -0.22728596 -0.17275975
v 0.04591994 -0.22724387 -0.17266681
v 0.04591994 -0.22719711 -0.17257563
v 0.04591994 -0.22712639 -0.17248328
v 0.04591994 -0.22710359 -0.17246457
v 0.04591994 -0.22707904 -0.17244821
v 0.04591994 -0.22705333 -0.17243418
v 0.04591994 -0.22702644 -0.17242249
v 0.04591994 -0.20485321 -0.17406846
v 0.04591994 -0.22673360 -0.17406846
v -0.07452098 -0.20485321 -0.17406846
v -0.07452098 -0.22673360 -0.17406846
v 0.04591994 -0.20485321 -0.17243769
v 0.04591994 -0.20461649 -0.17244295
v -0.07452098 -0.20485321 -0.17243769
v -0.07452098 -0.20461649 -0.17244295
v -0.07452098 -0.20485321 -0.18071312
v -0.07452098 -0.20458784 -0.17244938
v -0.07452098 -0.20456037 -0.17245873
v -0.07452098 -0.20453349 -0.17247042
v -0.07452098 -0.20450777 -0.17248503
v -0.07452098 -0.20448322 -0.17250140
v -0.07452098 -0.20446042 -0.17251952
v -0.07452098 -0.20438970 -0.17261245
v -0.07452098 -0.20434294 -0.17270364
v -0.07452098 -0.20430085 -0.17279657
v -0.07452098 -0.20426344 -0.17289185
v -0.07452098 -0.20423071 -0.17298888
v -0.07452098 -0.20420266 -0.17308766
v -0.07452098 -0.20417986 -0.17318761
v -0.07452098 -0.20416232 -0.17328814
v -0.07452098 -0.20414947 -0.17338985
v -0.07452098 -0.20413953 -0.17359442
v -0.07452098 -0.20413953 -0.18071312
v 0.04591994 -0.20458784 -0.17244938
v 0.04591994 -0.20485321 -0.18071312
v 0.04591994 -0.20456037 -0.17245873
v 0.04591994 -0.20453349 -0.17247042
v 0.04591994 -0.20450777 -0.17248503
v 0.04591994 -0.20448322 -0.17250140
v 0.04591994 -0.20446042 -0.17251952
v 0.04591994 -0.20438970 -0.17261245
v 0.04591994 -0.20434294 -0.17270364
v 0.04591994 -0.20430085 -0.17279657
v 0.04591994 -0.20426344 -0.17289185
v 0.04591994 -0.20423071 -0.17298888
v 0.04591994 -0.20420266 -0.17308766
v 0.04591994 -0.20417986 -0.17318761
v 0.04591994 -0.20416232 -0.17328814
v 0.04591994 -0.20414947 -0.17338985
v 0.04591994 -0.20413953 -0.17359442
v 0.04591994 -0.20413953 -0.18071312
v 0.04323589 -0.21574723 -0.16612678
v 0.04323589 -0.21319411 -0.16612678
v -0.07183693 -0.21157327 -0.16612678
v 0.05052936 -0.20508993 0.16855715
v 0.05052936 -0.21643519 0.17422978
v 0.05052936 -0.21643519 0.16855715
v 0.05052936 -0.20508993 0.17422978
v -0.07913040 -0.20508993 0.17422978
v -0.07913040 -0.21643519 0.17422978
v -0.07913040 -0.21643519 0.16855715
v -0.07913040 -0.20508993 0.16855715
v 0.04485673 -0.21574723 0.16855715
v -0.07345777 -0.21574723 0.16855715
v -0.07345777 -0.21189709 0.16855715
v 0.04485673 -0.21189709 0.16855715
v -0.07344140 -0.20775061 -0.00804777
v -0.07344140 -0.20937144 -0.00318526
v -0.07344140 -0.20937144 -0.00804777
v -0.07344140 -0.20775061 -0.00318526
v -0.07344140 -0.20766994 0.00945643
v -0.07344140 -0.20766994 0.00483708
v -0.07344140 -0.20945269 0.00945643
v -0.07344140 -0.20945269 0.00483708
v -0.07345777 -0.20694048 -0.01777219
v -0.07313395 -0.20694048 -0.01777219
v -0.07345777 -0.20699542 -0.01819187
v -0.07313395 -0.20699542 -0.01819187
v -0.07313395 -0.20799376 0.01545287
v -0.07313395 -0.20801305 0.01559958
v -0.07313395 -0.20775061 0.01766698
v -0.07313395 -0.20806975 0.01573694
v -0.07313395 -0.20814164 0.01782889
v -0.07313395 -0.20816034 0.01585443
v -0.07313395 -0.20827783 0.01594444
v -0.07313395 -0.20841460 0.01600114
v -0.07313395 -0.20856131 0.01788442
v -0.07313395 -0.20856131 0.01602043
v -0.07313395 -0.20870803 0.01600114
v -0.07313395 -0.20884480 0.01594444
v -0.07313395 -0.20896229 0.01585443
v -0.07313395 -0.20898099 0.01782889
v -0.07313395 -0.20905230 0.01573694
v -0.07313395 -0.20910900 0.01559958
v -0.07313395 -0.20912829 0.01545287
v -0.07313395 -0.20937144 0.01766698
v -0.07313395 -0.20775061 -0.00318526
v -0.07313395 -0.20937144 -0.00318526
v -0.07313395 -0.20766994 0.00483708
v -0.07313395 -0.20945269 0.00483708
v -0.07313395 -0.20937144 -0.00804777
v -0.07313395 -0.20937144 -0.01917559
v -0.07313395 -0.20970753 0.01740921
v -0.07313395 -0.20970753 -0.01891841
v -0.07313395 -0.20996471 0.01707371
v -0.07313395 -0.20996471 -0.01858232
v -0.07313395 -0.21012662 -0.01819187
v -0.07313395 -0.21012662 0.01668267
v -0.07313395 -0.21018215 0.01626358
v -0.07313395 -0.21018215 -0.01777219
v -0.07313395 -0.20694048 0.01626358
v -0.07313395 -0.20699542 0.01668267
v -0.07313395 -0.20715792 0.01707371
v -0.07313395 -0.20715792 -0.01858232
v -0.07313395 -0.20741510 0.01740921
v -0.07313395 -0.20741510 -0.01891841
v -0.07313395 -0.20766994 0.00945643
v -0.07313395 -0.20801305 0.01530616
v -0.07313395 -0.20806975 0.01516939
v -0.07313395 -0.20816034 0.01505190
v -0.07313395 -0.20827783 0.01496189
v -0.07313395 -0.20841460 0.01490519
v -0.07313395 -0.20856131 0.01488590
v -0.07313395 -0.20870803 0.01490519
v -0.07313395 -0.20884480 0.01496189
v -0.07313395 -0.20896229 0.01505190
v -0.07313395 -0.20905230 0.01516939
v -0.07313395 -0.20910900 0.01530616
v -0.07313395 -0.20945269 0.00945643
v -0.07313395 -0.20775061 -0.00804777
v -0.07313395 -0.20775061 -0.01917559
v -0.07313395 -0.20799785 -0.01689777
v -0.07313395 -0.20803351 -0.01675398
v -0.07313395 -0.20810540 -0.01662422
v -0.07313395 -0.20820827 -0.01651784
v -0.07313395 -0.20833511 -0.01644186
v -0.07313395 -0.20847715 -0.01640094
v -0.07313395 -0.20862561 -0.01639802
v -0.07313395 -0.20876940 -0.01643426
v -0.07313395 -0.20889857 -0.01650615
v -0.07313395 -0.20900495 -0.01660902
v -0.07313395 -0.20908153 -0.01673586
v -0.07313395 -0.20912244 -0.01687790
v -0.07313395 -0.20912478 -0.01702636
v -0.07313395 -0.20800019 -0.01704565
v -0.07313395 -0.20804110 -0.01718827
v -0.07313395 -0.20811709 -0.01731511
v -0.07313395 -0.20814164 -0.01933750
v -0.07313395 -0.20822406 -0.01741798
v -0.07313395 -0.20835323 -0.01748987
v -0.07313395 -0.20849702 -0.01752553
v -0.07313395 -0.20856131 -0.01939303
v -0.07313395 -0.20864490 -0.01752261
v -0.07313395 -0.20878752 -0.01748228
v -0.07313395 -0.20891436 -0.01740571
v -0.07313395 -0.20898099 -0.01933750
v -0.07313395 -0.20901723 -0.01729933
v -0.07313395 -0.20908912 -0.01716957
v -0.07345777 -0.20694048 0.01626358
v -0.07345777 -0.20715792 -0.01858232
v -0.07345777 -0.20699542 0.01668267
v -0.07345777 -0.20715792 0.01707371
v -0.07345777 -0.20741510 0.01740921
v -0.07345777 -0.20775061 0.01766698
v -0.07345777 -0.20814164 0.01782889
v -0.07345777 -0.20856131 0.01788442
v -0.07345777 -0.20898099 0.01782889
v -0.07345777 -0.20937144 0.01766698
v -0.07345777 -0.20970753 0.01740921
v -0.07345777 -0.20996471 0.01707371
v -0.07345777 -0.21012662 0.01668267
v -0.07345777 -0.21018215 0.01626358
v -0.07345777 -0.21018215 -0.01777219
v -0.07345777 -0.21012662 -0.01819187
v -0.07345777 -0.20996471 -0.01858232
v -0.07345777 -0.20970753 -0.01891841
v -0.07345777 -0.20937144 -0.01917559
v -0.07345777 -0.20898099 -0.01933750
v -0.07345777 -0.20856131 -0.01939303
v -0.07345777 -0.20814164 -0.01933750
v -0.07345777 -0.20775061 -0.01917559
v -0.07345777 -0.20741510 -0.01891841
v -0.07297146 -0.20820827 -0.01651784
v -0.07297146 -0.20810540 -0.01662422
v -0.07313395 -0.20822990 -0.01691823
v -0.07313395 -0.20828952 -0.01676743
v -0.07313395 -0.20851572 -0.01685686
v -0.07313395 -0.20860457 -0.01663065
v -0.07313395 -0.20875537 -0.01668969
v -0.07313395 -0.20836726 -0.01723386
v -0.07313395 -0.20845610 -0.01700766
v -0.07313395 -0.20851806 -0.01729290
v -0.07313395 -0.20860691 -0.01706669
v -0.07313395 -0.20883311 -0.01715612
v -0.07313395 -0.20889273 -0.01700532
v -0.07313395 -0.20866653 -0.01691589
v -0.07345777 -0.20820827 -0.01651784
v -0.07345777 -0.20810540 -0.01662422
v -0.07297146 -0.20833511 -0.01644186
v -0.07297146 -0.20799785 -0.01689777
v -0.07297146 -0.20800019 -0.01704565
v -0.07297146 -0.20803351 -0.01675398
v -0.07297146 -0.20804110 -0.01718827
v -0.07297146 -0.20811709 -0.01731511
v -0.07297146 -0.20822406 -0.01741798
v -0.07297146 -0.20822990 -0.01691823
v -0.07297146 -0.20828952 -0.01676743
v -0.07297146 -0.20847715 -0.01640094
v -0.07297146 -0.20851572 -0.01685686
v -0.07297146 -0.20860457 -0.01663065
v -0.07297146 -0.20862561 -0.01639802
v -0.07297146 -0.20875537 -0.01668969
v -0.07297146 -0.20876940 -0.01643426
v -0.07297146 -0.20835323 -0.01748987
v -0.07297146 -0.20836726 -0.01723386
v -0.07297146 -0.20845610 -0.01700766
v -0.07297146 -0.20849702 -0.01752553
v -0.07297146 -0.20851806 -0.01729290
v -0.07297146 -0.20860691 -0.01706669
v -0.07297146 -0.20864490 -0.01752261
v -0.07297146 -0.20878752 -0.01748228
v -0.07297146 -0.20883311 -0.01715612
v -0.07297146 -0.20889273 -0.01700532
v -0.07297146 -0.20891436 -0.01740571
v -0.07297146 -0.20889857 -0.01650615
v -0.07297146 -0.20900495 -0.01660902
v -0.07297146 -0.20901723 -0.01729933
v -0.07297146 -0.20908153 -0.01673586
v -0.07297146 -0.20908912 -0.01716957
v -0.07297146 -0.20912244 -0.01687790
v -0.07297146 -0.20912478 -0.01702636
v -0.07297146 -0.20866653 -0.01691589
v -0.07345777 -0.20889857 -0.01650615
v -0.07345777 -0.20876940 -0.01643426
v -0.07345777 -0.20900495 -0.01660902
v -0.07345777 -0.20908153 -0.01673586
v -0.07345777 -0.20912244 -0.01687790
v -0.07345777 -0.20912478 -0.01702636
v -0.07345777 -0.20908912 -0.01716957
v -0.07345777 -0.20901723 -0.01729933
v -0.07345777 -0.20891436 -0.01740571
v -0.07345777 -0.20878752 -0.01748228
v -0.07345777 -0.20864490 -0.01752261
v -0.07345777 -0.20849702 -0.01752553
v -0.07345777 -0.20835323 -0.01748987
v -0.07345777 -0.20822406 -0.01741798
v -0.07345777 -0.20811709 -0.01731511
v -0.07345777 -0.20804110 -0.01718827
v -0.07345777 -0.20800019 -0.01704565
v -0.07345777 -0.20799785 -0.01689777
v -0.07345777 -0.20803351 -0.01675398
v -0.07345777 -0.20833511 -0.01644186
v -0.07345777 -0.20847715 -0.01640094
v -0.07345777 -0.20862561 -0.01639802
v -0.07313395 -0.20832927 0.01569310
v -0.07313395 -0.20846955 0.01577435
v -0.07297146 -0.20832927 0.01569310
v -0.07297146 -0.20846955 0.01577435
v -0.07313395 -0.20859112 0.01556393
v -0.07297146 -0.20859112 0.01556393
v -0.07313395 -0.20867179 0.01542365
v -0.07313395 -0.20879336 0.01521264
v -0.07313395 -0.20865308 0.01513198
v -0.07313395 -0.20823984 0.01536110
v -0.07313395 -0.20845026 0.01548268
v -0.07313395 -0.20832108 0.01522082
v -0.07313395 -0.20853151 0.01534240
v -0.07313395 -0.20880155 0.01568551
v -0.07313395 -0.20888221 0.01554522
v -0.07297146 -0.20845026 0.01548268
v -0.07297146 -0.20880155 0.01568551
v -0.07297146 -0.20823984 0.01536110
v -0.07297146 -0.20832108 0.01522082
v -0.07297146 -0.20853151 0.01534240
v -0.07297146 -0.20865308 0.01513198
v -0.07297146 -0.20879336 0.01521264
v -0.07297146 -0.20867179 0.01542365
v -0.07297146 -0.20888221 0.01554522
v 0.03626157 -0.18696032 0.14965657
v 0.03739084 -0.18685394 0.14965657
v 0.03626157 -0.18696032 -0.14479465
v 0.03739084 -0.18685394 -0.14479465
v 0.04126319 -0.18648804 0.14965657
v 0.04239304 -0.18638107 -0.14479465
v 0.04126319 -0.18648804 -0.14479465
v 0.04239304 -0.18638107 0.14965657
v 0.04420091 -0.20463987 -0.13248438
v 0.04420091 -0.20463987 -0.13865968
v 0.04417695 -0.20438327 -0.13248438
v 0.04417695 -0.20438327 -0.13865968
v 0.04061497 -0.20497829 -0.13865968
v 0.04059042 -0.20472228 -0.13865968
v 0.04061497 -0.20497829 -0.13248438
v 0.04059042 -0.20472228 -0.13248438
v 0.04052379 -0.20472871 -0.13865501
v 0.04045774 -0.20473514 -0.13864215
v 0.04039461 -0.20474099 -0.13862052
v 0.04033441 -0.20474683 -0.13859071
v 0.04027888 -0.20475209 -0.13855330
v 0.04022803 -0.20475677 -0.13850888
v 0.04018419 -0.20476086 -0.13845803
v 0.04014678 -0.20476437 -0.13840250
v 0.04011697 -0.20476729 -0.13834171
v 0.04009593 -0.20476904 -0.13827800
v 0.04008249 -0.20477021 -0.13821195
v 0.04007839 -0.20477079 -0.13814473
v 0.04007839 -0.20477079 -0.13299933
v 0.04008249 -0.20477021 -0.13293211
v 0.04009593 -0.20476904 -0.13286606
v 0.04011697 -0.20476729 -0.13280235
v 0.04014678 -0.20476437 -0.13274156
v 0.04018419 -0.20476086 -0.13268603
v 0.04022803 -0.20475677 -0.13263518
v 0.04027888 -0.20475209 -0.13259076
v 0.04033441 -0.20474683 -0.13255335
v 0.04039461 -0.20474099 -0.13252354
v 0.04045774 -0.20473514 -0.13250191
v 0.04052379 -0.20472871 -0.13248905
v 0.04010236 -0.20502681 -0.13814473
v 0.04010236 -0.20502681 -0.13299933
v 0.04101127 -0.12111516 0.01103050
v 0.04101127 -0.12111516 0.01203702
v 0.04094522 -0.12112100 0.01153376
v 0.04120474 -0.12109645 0.01250638
v 0.04120474 -0.12109645 0.01056114
v 0.04151219 -0.12106723 0.01290910
v 0.04151219 -0.12106723 0.01015842
v 0.04191316 -0.12102982 0.00984922
v 0.04191316 -0.12102982 0.01321831
v 0.04238018 -0.12098539 0.01341236
v 0.04238018 -0.12098539 0.00965516
v 0.04288110 -0.12093805 0.00958853
v 0.04288110 -0.12093805 0.01347841
v 0.04338261 -0.12089071 0.01341236
v 0.04338261 -0.12089071 0.00965516
v 0.04384963 -0.12084628 0.01321831
v 0.04384963 -0.12084628 0.00984922
v 0.04425060 -0.12080887 0.01015842
v 0.04425060 -0.12080887 0.01290910
v 0.04455805 -0.12077965 0.01056114
v 0.04455805 -0.12077965 0.01250638
v 0.04475152 -0.12076153 0.01103050
v 0.04475152 -0.12076153 0.01203702
v 0.04481757 -0.12075510 0.01153376
v 0.02158229 -0.12295167 0.01153376
v 0.02164834 -0.12294524 0.01103050
v 0.02164834 -0.12294524 0.01203702
v 0.02184181 -0.12292712 0.01250638
v 0.02184181 -0.12292712 0.01056114
v 0.02214926 -0.12289790 0.01290910
v 0.02214926 -0.12289790 0.01015842
v 0.02255082 -0.12285991 0.01321831
v 0.02255082 -0.12285991 0.00984922
v 0.02301725 -0.12281607 0.00965516
v 0.02301725 -0.12281607 0.01341236
v 0.02351876 -0.12276814 0.00958853
v 0.02351876 -0.12276814 0.01347841
v 0.02401968 -0.12272079 0.01341236
v 0.02401968 -0.12272079 0.00965516
v 0.02448670 -0.12267695 0.00984922
v 0.02448670 -0.12267695 0.01321831
v 0.02488767 -0.12263896 0.01290910
v 0.02488767 -0.12263896 0.01015842
v 0.02519571 -0.12260974 0.01056114
v 0.02519571 -0.12260974 0.01250638
v 0.02538918 -0.12259162 0.01103050
v 0.02538918 -0.12259162 0.01203702
v 0.02545523 -0.12258519 0.01153376
v 0.03191051 -0.09788105 -0.00305317
v 0.03062343 -0.09631750 -0.00327411
v 0.03175269 -0.09621053 -0.00327411
v 0.03078124 -0.09798801 -0.00305317
v 0.03160540 -0.09465399 -0.00392174
v 0.03047613 -0.09476096 -0.00392174
v 0.03234246 -0.10244487 -0.01412020
v 0.03191051 -0.09788105 -0.01472224
v 0.03221562 -0.10110811 -0.01515068
v 0.03203735 -0.09921781 -0.01454572
v 0.03215483 -0.10046281 -0.01402726
v 0.03243890 -0.10347068 -0.01277759
v 0.03225595 -0.10153246 -0.01320311
v 0.03233369 -0.10235252 -0.01212937
v 0.03250028 -0.10411539 -0.01121404
v 0.03238221 -0.10286864 -0.01087853
v 0.03252073 -0.10433516 -0.00953592
v 0.03239857 -0.10304457 -0.00953592
v 0.03238221 -0.10286864 -0.00819389
v 0.03250028 -0.10411539 -0.00785780
v 0.03233369 -0.10235252 -0.00694305
v 0.03243890 -0.10347068 -0.00629425
v 0.03225595 -0.10153246 -0.00586873
v 0.03234246 -0.10244487 -0.00495164
v 0.03215483 -0.10046281 -0.00504458
v 0.03203735 -0.09921781 -0.00452612
v 0.03221562 -0.10110811 -0.00392174
v 0.03191051 -0.09788105 -0.00434960
v 0.03206891 -0.09955157 -0.00327411
v 0.03206891 -0.09955157 -0.01579832
v 0.03175269 -0.09621053 -0.01579832
v 0.03191051 -0.09788105 -0.01601926
v 0.03160540 -0.09465399 -0.01515068
v 0.03147914 -0.09331723 -0.01412020
v 0.03178426 -0.09654487 -0.01454572
v 0.03166677 -0.09529929 -0.01402726
v 0.03138212 -0.09229142 -0.01277759
v 0.03156565 -0.09423023 -0.01320311
v 0.03148791 -0.09340958 -0.01212937
v 0.03132133 -0.09164671 -0.01121404
v 0.03143940 -0.09289346 -0.01087853
v 0.03130087 -0.09142694 -0.00953592
v 0.03142245 -0.09271753 -0.00953592
v 0.03132133 -0.09164671 -0.00785780
v 0.03143940 -0.09289346 -0.00819389
v 0.03148791 -0.09340958 -0.00694305
v 0.03138212 -0.09229142 -0.00629425
v 0.03156565 -0.09423023 -0.00586873
v 0.03147914 -0.09331723 -0.00495164
v 0.03166677 -0.09529929 -0.00504458
v 0.03178426 -0.09654487 -0.00452612
v 0.03093906 -0.09965853 -0.00327411
v 0.03034988 -0.09342419 -0.00495164
v 0.03025285 -0.09239839 -0.00629425
v 0.03019206 -0.09175368 -0.00785780
v 0.03017102 -0.09153390 -0.00953592
v 0.03019206 -0.09175368 -0.01121404
v 0.03025285 -0.09239839 -0.01277759
v 0.03034988 -0.09342419 -0.01412020
v 0.03047613 -0.09476096 -0.01515068
v 0.03062343 -0.09631750 -0.01579832
v 0.03078124 -0.09798801 -0.01601926
v 0.03093906 -0.09965853 -0.01579832
v 0.03108636 -0.10121507 -0.01515068
v 0.03121261 -0.10255184 -0.01412020
v 0.03130964 -0.10357764 -0.01277759
v 0.03137043 -0.10422235 -0.01121404
v 0.03139147 -0.10444213 -0.00953592
v 0.03137043 -0.10422235 -0.00785780
v 0.03130964 -0.10357764 -0.00629425
v 0.03121261 -0.10255184 -0.00495164
v 0.03108636 -0.10121507 -0.00392174
v 0.03471322 -0.09825338 -0.01303536
v 0.03411001 -0.09703644 -0.01303536
v 0.03459398 -0.09699026 -0.01303536
v 0.03422924 -0.09829897 -0.01303536
v 0.03422924 -0.09829722 -0.00984395
v 0.03471322 -0.09825163 -0.00984395
v 0.03459456 -0.09699260 -0.00984395
v 0.03411001 -0.09703819 -0.00984395
v 0.03424269 -0.09843867 -0.00965925
v 0.03472666 -0.09839308 -0.00965925
v 0.03458112 -0.09685057 -0.00965925
v 0.03409656 -0.09689674 -0.00965925
v 0.03425087 -0.09852751 -0.00944357
v 0.03473484 -0.09848192 -0.00944357
v 0.03408838 -0.09680790 -0.00944357
v 0.03457235 -0.09676172 -0.00944357
v 0.03425146 -0.09852927 -0.00942837
v 0.03473543 -0.09848368 -0.00942837
v 0.03408838 -0.09680556 -0.00942837
v 0.03457235 -0.09675997 -0.00942837
v 0.03473776 -0.09851232 -0.00921210
v 0.03425379 -0.09855791 -0.00921210
v 0.03456943 -0.09673133 -0.00921210
v 0.03408546 -0.09677750 -0.00921210
v 0.03473484 -0.09848192 -0.00898064
v 0.03425087 -0.09852751 -0.00898064
v 0.03408838 -0.09680790 -0.00898064
v 0.03457235 -0.09676172 -0.00898064
v 0.03424269 -0.09843867 -0.00876496
v 0.03472666 -0.09839308 -0.00876496
v 0.03458112 -0.09685057 -0.00876496
v 0.03409656 -0.09689674 -0.00876496
v 0.03422924 -0.09829722 -0.00857967
v 0.03471322 -0.09825163 -0.00857967
v 0.03459456 -0.09699260 -0.00857967
v 0.03411001 -0.09703819 -0.00857967
v 0.03421171 -0.09811251 -0.00843763
v 0.03469568 -0.09806692 -0.00843763
v 0.03461151 -0.09717672 -0.00843763
v 0.03412754 -0.09722231 -0.00843763
v 0.03419125 -0.09789800 -0.00834820
v 0.03467581 -0.09785241 -0.00834820
v 0.03463197 -0.09739123 -0.00834820
v 0.03414800 -0.09743741 -0.00834820
v 0.03416962 -0.09766770 -0.00831781
v 0.03465360 -0.09762211 -0.00831781
v 0.03094374 -0.08744353 0.00875560
v 0.03045977 -0.08748912 0.00875560
v 0.03078241 -0.08573327 0.00875560
v 0.03029844 -0.08577886 0.00875560
v 0.03094374 -0.08744353 0.00429875
v 0.03078241 -0.08573327 0.00429875
v 0.03029844 -0.08577886 0.00470381
v 0.03029844 -0.08577886 0.00429875
v 0.02933050 -0.08759609 0.00875560
v 0.02932115 -0.08749906 0.00875560
v 0.03045977 -0.08748912 0.00429875
v 0.02932115 -0.08749906 0.00689220
v 0.02932115 -0.08749906 0.00656780
v 0.02932115 -0.08749906 0.00470381
v 0.03045100 -0.08739268 0.00470381
v 0.03045977 -0.08748912 0.00470381
v 0.02933050 -0.08759609 0.00689220
v 0.02933050 -0.08759609 0.00656780
v 0.02933050 -0.08759609 0.00470381
v 0.03583079 -0.09801607 0.00965516
v 0.03573610 -0.09701423 0.00965516
v 0.03578345 -0.09751515 0.00958853
v 0.03587463 -0.09848309 0.00984922
v 0.03569168 -0.09654721 0.00984922
v 0.03591262 -0.09888406 0.01015842
v 0.03565368 -0.09614565 0.01015842
v 0.03562504 -0.09583820 0.01056114
v 0.03594185 -0.09919210 0.01056114
v 0.03595997 -0.09938557 0.01103050
v 0.03560634 -0.09564473 0.01103050
v 0.03596640 -0.09945162 0.01153376
v 0.03560049 -0.09557868 0.01153376
v 0.03595997 -0.09938557 0.01203702
v 0.03560634 -0.09564473 0.01203702
v 0.03594185 -0.09919210 0.01250638
v 0.03562504 -0.09583820 0.01250638
v 0.03591262 -0.09888406 0.01290910
v 0.03565368 -0.09614565 0.01290910
v 0.03569168 -0.09654721 0.01321831
v 0.03587463 -0.09848309 0.01321831
v 0.03583079 -0.09801607 0.01341236
v 0.03573610 -0.09701423 0.01341236
v 0.03578345 -0.09751515 0.01347841
v 0.03069298 -0.08736988 0.01483388
v 0.03067720 -0.08720856 0.01483388
v 0.03067370 -0.08737164 0.01468717
v 0.03065850 -0.08721031 0.01468717
v 0.03067370 -0.08737164 0.01498059
v 0.03065850 -0.08721031 0.01498059
v 0.03072338 -0.08769253 0.01483388
v 0.03070409 -0.08769428 0.01468717
v 0.03061700 -0.08737690 0.01454981
v 0.03060180 -0.08721557 0.01454981
v 0.03022304 -0.08725123 0.01480407
v 0.03034403 -0.08723954 0.01459365
v 0.03043229 -0.08723135 0.01492565
v 0.03039489 -0.08723486 0.01434231
v 0.03051237 -0.08722376 0.01523485
v 0.03051237 -0.08722376 0.01443233
v 0.03060180 -0.08721557 0.01511737
v 0.02983025 -0.08728864 0.01532487
v 0.02988169 -0.08728337 0.01507411
v 0.02996644 -0.08727578 0.01538156
v 0.03002139 -0.08727052 0.01515477
v 0.03011257 -0.08726175 0.01540085
v 0.03014238 -0.08725883 0.01494435
v 0.03025870 -0.08724772 0.01538156
v 0.03035163 -0.08723895 0.01506593
v 0.03039489 -0.08723486 0.01532487
v 0.02954794 -0.08731494 0.01483388
v 0.02956723 -0.08731318 0.01468717
v 0.02956723 -0.08731318 0.01498059
v 0.02962392 -0.08730792 0.01511737
v 0.02962392 -0.08730792 0.01454981
v 0.02971335 -0.08729916 0.01523485
v 0.02971335 -0.08729916 0.01443233
v 0.02979285 -0.08729214 0.01474153
v 0.03000268 -0.08727227 0.01486311
v 0.02983025 -0.08728864 0.01434231
v 0.02987351 -0.08728454 0.01460125
v 0.02996644 -0.08727578 0.01428561
v 0.03008334 -0.08726467 0.01472282
v 0.03011257 -0.08726175 0.01426633
v 0.03020434 -0.08725298 0.01451240
v 0.03025870 -0.08724772 0.01428561
v 0.03061700 -0.08737690 0.01511737
v 0.03070409 -0.08769428 0.01498059
v 0.03064739 -0.08769954 0.01454981
v 0.03052757 -0.08738508 0.01443233
v 0.02984545 -0.08744996 0.01532487
v 0.02972855 -0.08746106 0.01523485
v 0.02998164 -0.08743710 0.01538156
v 0.03012777 -0.08742307 0.01540085
v 0.03027389 -0.08740904 0.01538156
v 0.03041067 -0.08739618 0.01532487
v 0.03052757 -0.08738508 0.01523485
v 0.03041067 -0.08739618 0.01434231
v 0.03027389 -0.08740904 0.01428561
v 0.03012777 -0.08742307 0.01426633
v 0.02998164 -0.08743710 0.01428561
v 0.02984545 -0.08744996 0.01434231
v 0.02972855 -0.08746106 0.01443233
v 0.02963912 -0.08746925 0.01454981
v 0.02958242 -0.08747451 0.01468717
v 0.02956313 -0.08747626 0.01483388
v 0.02958242 -0.08747451 0.01498059
v 0.02963912 -0.08746925 0.01511737
v 0.03064739 -0.08769954 0.01511737
v 0.03055796 -0.08770773 0.01443233
v 0.02975894 -0.08778371 0.01523485
v 0.02987643 -0.08777261 0.01532487
v 0.03001262 -0.08775975 0.01538156
v 0.03015875 -0.08774572 0.01540085
v 0.03030487 -0.08773169 0.01538156
v 0.03044106 -0.08771883 0.01532487
v 0.03055796 -0.08770773 0.01523485
v 0.03044106 -0.08771883 0.01434231
v 0.03030487 -0.08773169 0.01428561
v 0.03015875 -0.08774572 0.01426633
v 0.03001262 -0.08775975 0.01428561
v 0.02987643 -0.08777261 0.01434231
v 0.02975894 -0.08778371 0.01443233
v 0.02966951 -0.08779189 0.01454981
v 0.02961282 -0.08779716 0.01468717
v 0.02959353 -0.08779891 0.01483388
v 0.02961282 -0.08779716 0.01498059
v 0.02966951 -0.08779189 0.01511737
v 0.03110389 -0.09795762 -0.00305317
v 0.02997463 -0.09806400 -0.00305317
v 0.03094608 -0.09628710 -0.00327411
v 0.02981681 -0.09639348 -0.00327411
v 0.02966951 -0.09483694 -0.00392174
v 0.03079878 -0.09473056 -0.00392174
v 0.02997463 -0.09806400 -0.00434960
v 0.02984837 -0.09672782 -0.00452612
v 0.02954326 -0.09350018 -0.00495164
v 0.02973030 -0.09548224 -0.00504458
v 0.02962918 -0.09441318 -0.00586873
v 0.02944623 -0.09247496 -0.00629425
v 0.02955203 -0.09359253 -0.00694305
v 0.02938544 -0.09182966 -0.00785780
v 0.02950293 -0.09307700 -0.00819389
v 0.02948656 -0.09290106 -0.00953592
v 0.02936440 -0.09160989 -0.00953592
v 0.02950293 -0.09307700 -0.01087853
v 0.02938544 -0.09182966 -0.01121404
v 0.02955203 -0.09359253 -0.01212937
v 0.02944623 -0.09247496 -0.01277759
v 0.02962918 -0.09441318 -0.01320311
v 0.02973030 -0.09548224 -0.01402726
v 0.02954326 -0.09350018 -0.01412020
v 0.02984837 -0.09672782 -0.01454572
v 0.02997463 -0.09806400 -0.01472224
v 0.03027974 -0.10129106 -0.01515068
v 0.02966951 -0.09483694 -0.01515068
v 0.02981681 -0.09639348 -0.01579832
v 0.03013244 -0.09973452 -0.01579832
v 0.02997463 -0.09806400 -0.01601926
v 0.03013244 -0.09973452 -0.00327411
v 0.03027974 -0.10129106 -0.00392174
v 0.03010088 -0.09940076 -0.00452612
v 0.03040599 -0.10262782 -0.00495164
v 0.03021837 -0.10064576 -0.00504458
v 0.03031949 -0.10171541 -0.00586873
v 0.03050302 -0.10365363 -0.00629425
v 0.03039722 -0.10253605 -0.00694305
v 0.03056381 -0.10429834 -0.00785780
v 0.03044574 -0.10305159 -0.00819389
v 0.03058485 -0.10451811 -0.00953592
v 0.03046269 -0.10322752 -0.00953592
v 0.03044574 -0.10305159 -0.01087853
v 0.03056381 -0.10429834 -0.01121404
v 0.03039722 -0.10253605 -0.01212937
v 0.03050302 -0.10365363 -0.01277759
v 0.03031949 -0.10171541 -0.01320311
v 0.03021837 -0.10064576 -0.01402726
v 0.03040599 -0.10262782 -0.01412020
v 0.03010088 -0.09940076 -0.01454572
v 0.03126171 -0.09962814 -0.00327411
v 0.03067253 -0.09339380 -0.00495164
v 0.03057550 -0.09236799 -0.00629425
v 0.03051471 -0.09172328 -0.00785780
v 0.03049367 -0.09150292 -0.00953592
v 0.03051471 -0.09172328 -0.01121404
v 0.03057550 -0.09236799 -0.01277759
v 0.03067253 -0.09339380 -0.01412020
v 0.03079878 -0.09473056 -0.01515068
v 0.03094608 -0.09628710 -0.01579832
v 0.03110389 -0.09795762 -0.01601926
v 0.03126171 -0.09962814 -0.01579832
v 0.03140900 -0.10118468 -0.01515068
v 0.03153526 -0.10252144 -0.01412020
v 0.03163229 -0.10354666 -0.01277759
v 0.03169307 -0.10419196 -0.01121404
v 0.03171412 -0.10441173 -0.00953592
v 0.03169307 -0.10419196 -0.00785780
v 0.03163229 -0.10354666 -0.00629425
v 0.03153526 -0.10252144 -0.00495164
v 0.03140900 -0.10118468 -0.00392174
v 0.02777513 -0.09890920 -0.01303536
v 0.02729116 -0.09895479 -0.01303536
v 0.02765589 -0.09764608 -0.01303536
v 0.02717192 -0.09769225 -0.01303536
v 0.02729116 -0.09895303 -0.00984395
v 0.02777513 -0.09890744 -0.00984395
v 0.02717192 -0.09769401 -0.00984395
v 0.02765589 -0.09764842 -0.00984395
v 0.02730460 -0.09909448 -0.00965925
v 0.02778857 -0.09904889 -0.00965925
v 0.02715848 -0.09755256 -0.00965925
v 0.02764245 -0.09750697 -0.00965925
v 0.02731279 -0.09918333 -0.00944357
v 0.02779676 -0.09913774 -0.00944357
v 0.02715029 -0.09746371 -0.00944357
v 0.02763427 -0.09741754 -0.00944357
v 0.02731279 -0.09918567 -0.00942837
v 0.02779676 -0.09913949 -0.00942837
v 0.02714971 -0.09746137 -0.00942837
v 0.02763427 -0.09741578 -0.00942837
v 0.02731571 -0.09921372 -0.00921210
v 0.02779968 -0.09916813 -0.00921210
v 0.02714737 -0.09743332 -0.00921210
v 0.02763134 -0.09738773 -0.00921210
v 0.02731279 -0.09918333 -0.00898064
v 0.02779676 -0.09913774 -0.00898064
v 0.02715029 -0.09746371 -0.00898064
v 0.02763427 -0.09741754 -0.00898064
v 0.02730460 -0.09909448 -0.00876496
v 0.02778857 -0.09904889 -0.00876496
v 0.02715848 -0.09755256 -0.00876496
v 0.02764245 -0.09750697 -0.00876496
v 0.02729116 -0.09895303 -0.00857967
v 0.02777513 -0.09890744 -0.00857967
v 0.02717192 -0.09769401 -0.00857967
v 0.02765589 -0.09764842 -0.00857967
v 0.02775760 -0.09872274 -0.00843763
v 0.02727363 -0.09876833 -0.00843763
v 0.02767343 -0.09783254 -0.00843763
v 0.02718946 -0.09787813 -0.00843763
v 0.02773714 -0.09850822 -0.00834820
v 0.02725317 -0.09855382 -0.00834820
v 0.02769388 -0.09804705 -0.00834820
v 0.02720991 -0.09809323 -0.00834820
v 0.02771551 -0.09827793 -0.00831781
v 0.02723154 -0.09832352 -0.00831781
v 0.02610169 -0.09843049 0.01347841
v 0.02614904 -0.09893141 0.01341236
v 0.02605435 -0.09792898 0.01341236
v 0.02601051 -0.09746196 0.01321831
v 0.02619346 -0.09939843 0.01321831
v 0.02623145 -0.09979940 0.01290910
v 0.02597252 -0.09706099 0.01290910
v 0.02594329 -0.09675354 0.01250638
v 0.02626068 -0.10010685 0.01250638
v 0.02592517 -0.09656007 0.01203702
v 0.02627880 -0.10030032 0.01203702
v 0.02591874 -0.09649402 0.01153376
v 0.02628523 -0.10036637 0.01153376
v 0.02592517 -0.09656007 0.01103050
v 0.02627880 -0.10030032 0.01103050
v 0.02594329 -0.09675354 0.01056114
v 0.02626068 -0.10010685 0.01056114
v 0.02623145 -0.09979940 0.01015842
v 0.02597252 -0.09706099 0.01015842
v 0.02601051 -0.09746196 0.00984922
v 0.02619346 -0.09939843 0.00984922
v 0.02605435 -0.09792898 0.00965516
v 0.02614904 -0.09893141 0.00965516
v 0.02610169 -0.09843049 0.00958853
v 0.02321306 -0.10059023 0.01103050
v 0.02330834 -0.10058147 0.01103050
v 0.02321949 -0.10065628 0.01153376
v 0.02338082 -0.10064109 0.01153376
v 0.02321306 -0.10059023 0.01203702
v 0.02330834 -0.10058147 0.01203702
v 0.02854493 -0.08789827 -0.01839177
v 0.02851453 -0.08757563 -0.01839177
v 0.02859987 -0.08789301 -0.01881086
v 0.02856947 -0.08757037 -0.01881086
v 0.02932115 -0.08749906 0.01704740
v 0.02971043 -0.08746223 0.01720931
v 0.03012777 -0.08742307 0.01726484
v 0.03054569 -0.08738333 0.01720931
v 0.03093497 -0.08734650 0.01704740
v 0.02924049 -0.08750666 0.00462315
v 0.02932115 -0.08749906 -0.00380484
v 0.03036975 -0.08740028 0.00462315
v 0.03036975 -0.08740028 0.00421809
v 0.03093497 -0.08734650 -0.00380484
v 0.03093497 -0.08734650 -0.00866734
v 0.03093497 -0.08734650 -0.01979517
v 0.03101563 -0.08733890 0.00421809
v 0.03126872 -0.08731494 0.01679022
v 0.03126872 -0.08731494 -0.01953740
v 0.03152532 -0.08729097 0.01645472
v 0.03152532 -0.08729097 -0.01920189
v 0.03168664 -0.08727578 0.01606368
v 0.03168664 -0.08727578 -0.01881086
v 0.03174159 -0.08727052 0.01564401
v 0.03174159 -0.08727052 -0.01839177
v 0.02851453 -0.08757563 0.01564401
v 0.02856947 -0.08757037 0.01606368
v 0.02873080 -0.08755517 0.01645472
v 0.02873080 -0.08755517 -0.01920189
v 0.02898681 -0.08753062 0.01679022
v 0.02898681 -0.08753062 -0.01953740
v 0.02924049 -0.08750666 0.00883685
v 0.03036975 -0.08740028 0.00883685
v 0.03101563 -0.08733890 0.00883685
v 0.02932115 -0.08749906 -0.00866734
v 0.02932115 -0.08749906 -0.01979517
v 0.02956664 -0.08747626 -0.01751676
v 0.02960230 -0.08747275 -0.01737356
v 0.02967419 -0.08746574 -0.01724380
v 0.02977648 -0.08745639 -0.01713742
v 0.02990273 -0.08744411 -0.01706085
v 0.03004477 -0.08743067 -0.01701993
v 0.03019206 -0.08741723 -0.01701759
v 0.03033527 -0.08740320 -0.01705325
v 0.03046386 -0.08739151 -0.01712514
v 0.03057024 -0.08738099 -0.01722802
v 0.03064564 -0.08737397 -0.01735485
v 0.03068655 -0.08737047 -0.01749747
v 0.03068889 -0.08736988 -0.01764535
v 0.02956956 -0.08747568 -0.01766523
v 0.02960989 -0.08747217 -0.01780726
v 0.02968588 -0.08746457 -0.01793410
v 0.02971043 -0.08746223 -0.01995707
v 0.02979226 -0.08745464 -0.01803697
v 0.02992085 -0.08744236 -0.01810887
v 0.03006406 -0.08742892 -0.01814511
v 0.03012777 -0.08742307 -0.02001260
v 0.03021135 -0.08741489 -0.01814218
v 0.03035339 -0.08740203 -0.01810127
v 0.03047964 -0.08738975 -0.01802528
v 0.03054569 -0.08738333 -0.01995707
v 0.03058193 -0.08738040 -0.01791890
v 0.03065324 -0.08737339 -0.01778914
v 0.02854493 -0.08789827 0.01564401
v 0.02876119 -0.08787782 -0.01920189
v 0.02859987 -0.08789301 0.01606368
v 0.02876119 -0.08787782 0.01645472
v 0.02901779 -0.08785385 0.01679022
v 0.02935154 -0.08782229 0.01704740
v 0.02974082 -0.08778547 0.01720931
v 0.03015875 -0.08774572 0.01726484
v 0.03057608 -0.08770656 0.01720931
v 0.03096536 -0.08766973 0.01704740
v 0.03129970 -0.08763817 0.01679022
v 0.03155571 -0.08761362 0.01645472
v 0.03171704 -0.08759842 0.01606368
v 0.03177198 -0.08759316 0.01564401
v 0.03177198 -0.08759316 -0.01839177
v 0.03171704 -0.08759842 -0.01881086
v 0.03155571 -0.08761362 -0.01920189
v 0.03129970 -0.08763817 -0.01953740
v 0.03096536 -0.08766973 -0.01979517
v 0.03057608 -0.08770656 -0.01995707
v 0.03015875 -0.08774572 -0.02001260
v 0.02974082 -0.08778547 -0.01995707
v 0.02935154 -0.08782229 -0.01979517
v 0.02901779 -0.08785385 -0.01953740
v 0.02939421 -0.08741080 -0.00489904
v 0.02947487 -0.08740320 -0.00489904
v 0.02939421 -0.08741080 -0.00388609
v 0.02947487 -0.08740320 -0.00522285
v 0.02947487 -0.08740320 -0.00724875
v 0.02947487 -0.08740320 -0.00757315
v 0.03076605 -0.08728162 -0.00607389
v 0.03084671 -0.08727344 -0.00388609
v 0.03084671 -0.08727344 -0.00607389
v 0.02939421 -0.08741080 -0.00522285
v 0.02939421 -0.08741080 -0.00724875
v 0.02939421 -0.08741080 -0.00757315
v 0.02939421 -0.08741080 -0.00858610
v 0.03076605 -0.08728162 -0.00639829
v 0.03084671 -0.08727344 -0.00639829
v 0.03084671 -0.08727344 -0.00858610
v 0.02941116 -0.08758849 -0.00388609
v 0.02941116 -0.08758849 -0.00489904
v 0.03086308 -0.08745113 -0.00388609
v 0.03086308 -0.08745113 -0.00607389
v 0.03086308 -0.08745113 -0.00639829
v 0.03086308 -0.08745113 -0.00858610
v 0.02941116 -0.08758849 -0.00858610
v 0.02941116 -0.08758849 -0.00757315
v 0.02941116 -0.08758849 -0.00522285
v 0.02941116 -0.08758849 -0.00724875
v 0.02976128 -0.08729506 -0.01713742
v 0.02965899 -0.08730442 -0.01724380
v 0.02979811 -0.08745405 -0.01753780
v 0.02985714 -0.08744879 -0.01738700
v 0.03008276 -0.08742716 -0.01747585
v 0.03017102 -0.08741898 -0.01724964
v 0.03032124 -0.08740495 -0.01730926
v 0.02993488 -0.08744119 -0.01785285
v 0.03002314 -0.08743301 -0.01762665
v 0.03008451 -0.08742716 -0.01791247
v 0.03017336 -0.08741898 -0.01768627
v 0.03039898 -0.08739735 -0.01777570
v 0.03045801 -0.08739209 -0.01762490
v 0.03023239 -0.08741314 -0.01753547
v 0.02980687 -0.08777904 -0.01713742
v 0.02970458 -0.08778839 -0.01724380
v 0.02988754 -0.08728279 -0.01706085
v 0.02955144 -0.08731494 -0.01751676
v 0.02955437 -0.08731435 -0.01766523
v 0.02958710 -0.08731143 -0.01737356
v 0.02959470 -0.08731085 -0.01780726
v 0.02967068 -0.08730325 -0.01793410
v 0.02977706 -0.08729331 -0.01803697
v 0.02978291 -0.08729273 -0.01753780
v 0.02984194 -0.08728747 -0.01738700
v 0.03002957 -0.08726935 -0.01701993
v 0.03006698 -0.08726584 -0.01747585
v 0.03015582 -0.08725766 -0.01724964
v 0.03017687 -0.08725590 -0.01701759
v 0.03030604 -0.08724363 -0.01730926
v 0.03031949 -0.08724187 -0.01705325
v 0.02990565 -0.08728104 -0.01810887
v 0.02991968 -0.08727987 -0.01785285
v 0.03000794 -0.08727168 -0.01762665
v 0.03004886 -0.08726759 -0.01814511
v 0.03006932 -0.08726584 -0.01791247
v 0.03015816 -0.08725766 -0.01768627
v 0.03019615 -0.08725357 -0.01814218
v 0.03033819 -0.08724012 -0.01810127
v 0.03038320 -0.08723603 -0.01777570
v 0.03044282 -0.08723077 -0.01762490
v 0.03046444 -0.08722843 -0.01802528
v 0.03044866 -0.08723018 -0.01712514
v 0.03055446 -0.08721966 -0.01722802
v 0.03056673 -0.08721849 -0.01791890
v 0.03063044 -0.08721265 -0.01735485
v 0.03063804 -0.08721207 -0.01778914
v 0.03067136 -0.08720914 -0.01749747
v 0.03067370 -0.08720856 -0.01764535
v 0.03021720 -0.08725181 -0.01753547
v 0.03049425 -0.08771416 -0.01712514
v 0.03036566 -0.08772643 -0.01705325
v 0.03060063 -0.08770422 -0.01722802
v 0.03067662 -0.08769662 -0.01735485
v 0.03071695 -0.08769311 -0.01749747
v 0.03071987 -0.08769253 -0.01764535
v 0.03068422 -0.08769604 -0.01778914
v 0.03061232 -0.08770305 -0.01791890
v 0.03051003 -0.08771240 -0.01802528
v 0.03038378 -0.08772468 -0.01810127
v 0.03024175 -0.08773812 -0.01814218
v 0.03009445 -0.08775156 -0.01814511
v 0.02995125 -0.08776559 -0.01810887
v 0.02982266 -0.08777728 -0.01803697
v 0.02971628 -0.08778780 -0.01793410
v 0.02964087 -0.08779482 -0.01780726
v 0.02959996 -0.08779832 -0.01766523
v 0.02959762 -0.08779891 -0.01751676
v 0.02963328 -0.08779540 -0.01737356
v 0.02993313 -0.08776676 -0.01706085
v 0.03007516 -0.08775390 -0.01701993
v 0.03022246 -0.08773987 -0.01701759
v 0.02973732 -0.10589170 0.14965657
v 0.02973732 -0.10589170 -0.14479465
v 0.02860805 -0.10599808 0.14965657
v 0.02860805 -0.10599808 -0.14479465
v 0.02690539 -0.08798829 0.16774703
v 0.03796365 -0.20497070 0.16774703
v 0.03796365 -0.20497070 -0.16288511
v 0.02690539 -0.08798829 -0.16288511
v 0.04102938 -0.20468078 0.16774703
v 0.02997112 -0.08769837 0.16774703
v 0.04102938 -0.20468078 -0.16288511
v 0.02997112 -0.08769837 -0.16288511
v 0.03303744 -0.08740846 -0.16288511
v 0.03473952 -0.10541884 -0.14479465
v 0.04409512 -0.20439145 -0.16288511
v 0.03303744 -0.08740846 0.16774703
v 0.03473952 -0.10541884 0.14965657
v 0.04409512 -0.20439145 0.16774703
v 0.03361025 -0.10552580 0.14965657
v 0.03361025 -0.10552580 -0.14479465
v 0.02723154 -0.09832352 0.01672008
v 0.02610169 -0.09843049 0.01672008
v 0.02710529 -0.09698734 0.01654356
v 0.02597544 -0.09709372 0.01654356
v 0.02698722 -0.09574176 0.01602510
v 0.02585795 -0.09584872 0.01602510
v 0.02567909 -0.09395843 0.01412663
v 0.02563058 -0.09344290 0.01287579
v 0.02561363 -0.09326696 0.01153376
v 0.02563058 -0.09344290 0.01019115
v 0.02567909 -0.09395843 0.00894031
v 0.02622853 -0.09976667 0.01654356
v 0.02634601 -0.10101166 0.01602510
v 0.02575683 -0.09477908 0.01520095
v 0.02644713 -0.10208131 0.01520095
v 0.02652487 -0.10290195 0.01412663
v 0.02657339 -0.10341749 0.01287579
v 0.02658975 -0.10359342 0.01153376
v 0.02657339 -0.10341749 0.01019115
v 0.02652487 -0.10290195 0.00894031
v 0.02644713 -0.10208131 0.00786657
v 0.02575683 -0.09477908 0.00786657
v 0.02585795 -0.09584872 0.00704242
v 0.02634601 -0.10101166 0.00704242
v 0.02597544 -0.09709372 0.00652396
v 0.02622853 -0.09976667 0.00652396
v 0.02610169 -0.09843049 0.00634744
v 0.02735779 -0.09965970 0.01654356
v 0.02688610 -0.09467270 0.01520095
v 0.02675984 -0.09333593 0.01287579
v 0.02680894 -0.09385205 0.01412663
v 0.02674348 -0.09316000 0.01153376
v 0.02675984 -0.09333593 0.01019115
v 0.02680894 -0.09385205 0.00894031
v 0.02688610 -0.09467270 0.00786657
v 0.02698722 -0.09574176 0.00704242
v 0.02710529 -0.09698734 0.00652396
v 0.02723154 -0.09832352 0.00634744
v 0.02735779 -0.09965970 0.00652396
v 0.02747528 -0.10090528 0.00704242
v 0.02757640 -0.10197434 0.00786657
v 0.02765414 -0.10279499 0.00894031
v 0.02770265 -0.10331111 0.01019115
v 0.02771960 -0.10348704 0.01153376
v 0.02770265 -0.10331111 0.01287579
v 0.02765414 -0.10279499 0.01412663
v 0.02757640 -0.10197434 0.01520095
v 0.02747528 -0.10090528 0.01602510
v 0.02997463 -0.09806400 0.01801651
v 0.02723154 -0.09832352 0.01801651
v 0.02981681 -0.09639348 0.01779557
v 0.02707372 -0.09665300 0.01779557
v 0.02692643 -0.09509646 0.01714794
v 0.02966951 -0.09483694 0.01714794
v 0.02680018 -0.09375970 0.01611804
v 0.02670315 -0.09273389 0.01477543
v 0.02664236 -0.09208918 0.01321188
v 0.02662132 -0.09186941 0.01153376
v 0.02664236 -0.09208918 0.00985564
v 0.02670315 -0.09273389 0.00829209
v 0.02680018 -0.09375970 0.00694948
v 0.02692643 -0.09509646 0.00591900
v 0.02738936 -0.09999404 0.01779557
v 0.02753665 -0.10155058 0.01714794
v 0.02766291 -0.10288734 0.01611804
v 0.02775993 -0.10391315 0.01477543
v 0.02782072 -0.10455786 0.01321188
v 0.02784176 -0.10477763 0.01153376
v 0.02782072 -0.10455786 0.00985564
v 0.02775993 -0.10391315 0.00829209
v 0.02766291 -0.10288734 0.00694948
v 0.02753665 -0.10155058 0.00591900
v 0.02707372 -0.09665300 0.00527137
v 0.02738936 -0.09999404 0.00527137
v 0.02723154 -0.09832352 0.00505042
v 0.03013244 -0.09973452 0.01779557
v 0.02954326 -0.09350018 0.01611804
v 0.02944623 -0.09247437 0.01477543
v 0.02938544 -0.09182966 0.01321188
v 0.02936440 -0.09160989 0.01153376
v 0.02938544 -0.09182966 0.00985564
v 0.02944623 -0.09247437 0.00829209
v 0.02954326 -0.09350018 0.00694948
v 0.02966951 -0.09483694 0.00591900
v 0.02981681 -0.09639348 0.00527137
v 0.02997463 -0.09806400 0.00505042
v 0.03013244 -0.09973452 0.00527137
v 0.03027974 -0.10129106 0.00591900
v 0.03040599 -0.10262782 0.00694948
v 0.03050302 -0.10365363 0.00829209
v 0.03056381 -0.10429834 0.00985564
v 0.03058485 -0.10451811 0.01153376
v 0.03056381 -0.10429834 0.01321188
v 0.03050302 -0.10365363 0.01477543
v 0.03040599 -0.10262782 0.01611804
v 0.03027974 -0.10129106 0.01714794
v 0.02723154 -0.09832352 -0.00434960
v 0.02710529 -0.09698734 -0.00452612
v 0.02698722 -0.09574176 -0.00504458
v 0.02735779 -0.09965970 -0.00452612
v 0.02747528 -0.10090528 -0.00504458
v 0.02688610 -0.09467270 -0.00586873
v 0.02757640 -0.10197434 -0.00586873
v 0.02765414 -0.10279499 -0.00694305
v 0.02680894 -0.09385205 -0.00694305
v 0.02675984 -0.09333593 -0.00819389
v 0.02770265 -0.10331111 -0.00819389
v 0.02674348 -0.09316000 -0.00953592
v 0.02675984 -0.09333593 -0.01087853
v 0.02680894 -0.09385205 -0.01212937
v 0.02757640 -0.10197434 -0.01320311
v 0.02688610 -0.09467270 -0.01320311
v 0.02747528 -0.10090528 -0.01402726
v 0.02698722 -0.09574176 -0.01402726
v 0.02710529 -0.09698734 -0.01454572
v 0.02735779 -0.09965970 -0.01454572
v 0.02723154 -0.09832352 -0.01472224
v 0.02771960 -0.10348704 -0.00953592
v 0.02770265 -0.10331111 -0.01087853
v 0.02765414 -0.10279499 -0.01212937
v 0.02232111 -0.09976433 0.00984922
v 0.02180967 -0.09934173 0.00965516
v 0.02126140 -0.09888757 0.00958853
v 0.02276007 -0.10012731 0.01015842
v 0.02071255 -0.09843399 0.00965516
v 0.02309675 -0.10040611 0.01056114
v 0.02020169 -0.09801139 0.00984922
v 0.02320371 -0.10049496 0.01079904
v 0.01976273 -0.09764783 0.01015842
v 0.01942605 -0.09736961 0.01056114
v 0.01921446 -0.09719426 0.01103050
v 0.02309675 -0.10040611 0.01250638
v 0.02320371 -0.10049496 0.01226848
v 0.01914198 -0.09713464 0.01153376
v 0.02276007 -0.10012731 0.01290910
v 0.01921446 -0.09719426 0.01203702
v 0.02232111 -0.09976433 0.01321831
v 0.01942605 -0.09736961 0.01250638
v 0.02180967 -0.09934173 0.01341236
v 0.01976273 -0.09764783 0.01290910
v 0.02126140 -0.09888757 0.01347841
v 0.02020169 -0.09801139 0.01321831
v 0.02071255 -0.09843399 0.01341236
v 0.02319494 -0.10039676 0.01056114
v 0.02316572 -0.10008931 0.01015842
v 0.02312773 -0.09968834 0.00984922
v 0.02319494 -0.10039676 0.01250638
v 0.02308330 -0.09922132 0.00965516
v 0.02316572 -0.10008931 0.01290910
v 0.02303596 -0.09871982 0.00958853
v 0.02312773 -0.09968834 0.01321831
v 0.02298861 -0.09821889 0.00965516
v 0.02308330 -0.09922132 0.01341236
v 0.02294478 -0.09775187 0.00984922
v 0.02303596 -0.09871982 0.01347841
v 0.02290678 -0.09735090 0.01015842
v 0.02298861 -0.09821889 0.01341236
v 0.02287756 -0.09704345 0.01056114
v 0.02294478 -0.09775187 0.01321831
v 0.02285944 -0.09684998 0.01103050
v 0.02290678 -0.09735090 0.01290910
v 0.02285301 -0.09678393 0.01153376
v 0.02287756 -0.09704345 0.01250638
v 0.02285944 -0.09684998 0.01203702
v 0.03465360 -0.09762211 0.01801651
v 0.03175269 -0.09621053 0.01779557
v 0.03449578 -0.09595160 0.01779557
v 0.03191051 -0.09788105 0.01801651
v 0.03434848 -0.09439447 0.01714794
v 0.03160598 -0.09465399 0.01714794
v 0.03481200 -0.09929205 0.00527137
v 0.03449578 -0.09595160 0.00527137
v 0.03465360 -0.09762211 0.00505042
v 0.03495871 -0.10084917 0.00591900
v 0.03434848 -0.09439447 0.00591900
v 0.03508496 -0.10218593 0.00694948
v 0.03465360 -0.09762211 0.00634744
v 0.03477985 -0.09895829 0.00652396
v 0.03489792 -0.10020329 0.00704242
v 0.03518199 -0.10321116 0.00829209
v 0.03499904 -0.10127294 0.00786657
v 0.03507619 -0.10209358 0.00894031
v 0.03524336 -0.10385587 0.00985564
v 0.03512529 -0.10260912 0.01019115
v 0.03526382 -0.10407623 0.01153376
v 0.03514166 -0.10278505 0.01153376
v 0.03524336 -0.10385587 0.01321188
v 0.03512529 -0.10260912 0.01287579
v 0.03507619 -0.10209358 0.01412663
v 0.03518199 -0.10321116 0.01477543
v 0.03499904 -0.10127294 0.01520095
v 0.03508496 -0.10218593 0.01611804
v 0.03489792 -0.10020329 0.01602510
v 0.03477985 -0.09895829 0.01654356
v 0.03495871 -0.10084917 0.01714794
v 0.03465360 -0.09762211 0.01672008
v 0.03481200 -0.09929205 0.01779557
v 0.03422223 -0.09305829 0.00694948
v 0.03452734 -0.09628535 0.00652396
v 0.03440986 -0.09504035 0.00704242
v 0.03412520 -0.09203248 0.00829209
v 0.03430874 -0.09397071 0.00786657
v 0.03423100 -0.09315006 0.00894031
v 0.03406441 -0.09138777 0.00985564
v 0.03418248 -0.09263453 0.01019115
v 0.03404396 -0.09116742 0.01153376
v 0.03416553 -0.09245859 0.01153376
v 0.03406441 -0.09138777 0.01321188
v 0.03418248 -0.09263453 0.01287579
v 0.03423100 -0.09315006 0.01412663
v 0.03412520 -0.09203248 0.01477543
v 0.03430874 -0.09397071 0.01520095
v 0.03422223 -0.09305829 0.01611804
v 0.03440986 -0.09504035 0.01602510
v 0.03452734 -0.09628535 0.01654356
v 0.03206891 -0.09955157 0.01779557
v 0.03147914 -0.09331723 0.01611804
v 0.03138212 -0.09229142 0.01477543
v 0.03132133 -0.09164671 0.01321188
v 0.03130087 -0.09142694 0.01153376
v 0.03132133 -0.09164671 0.00985564
v 0.03138212 -0.09229142 0.00829209
v 0.03147914 -0.09331723 0.00694948
v 0.03160598 -0.09465399 0.00591900
v 0.03175269 -0.09621053 0.00527137
v 0.03191051 -0.09788105 0.00505042
v 0.03206891 -0.09955157 0.00527137
v 0.03221562 -0.10110811 0.00591900
v 0.03234246 -0.10244487 0.00694948
v 0.03243890 -0.10347068 0.00829209
v 0.03250028 -0.10411539 0.00985564
v 0.03252073 -0.10433516 0.01153376
v 0.03250028 -0.10411539 0.01321188
v 0.03243890 -0.10347068 0.01477543
v 0.03234246 -0.10244487 0.01611804
v 0.03221562 -0.10110811 0.01714794
v 0.03578345 -0.09751515 0.01672008
v 0.03565719 -0.09617897 0.01654356
v 0.03553912 -0.09493339 0.01602510
v 0.03590970 -0.09885133 0.00652396
v 0.03565719 -0.09617897 0.00652396
v 0.03578345 -0.09751515 0.00634744
v 0.03602718 -0.10009691 0.00704242
v 0.03553912 -0.09493339 0.00704242
v 0.03612830 -0.10116597 0.00786657
v 0.03543800 -0.09386374 0.00786657
v 0.03536085 -0.09304368 0.00894031
v 0.03620604 -0.10198662 0.00894031
v 0.03625456 -0.10250274 0.01019115
v 0.03627151 -0.10267867 0.01153376
v 0.03625456 -0.10250274 0.01287579
v 0.03620604 -0.10198662 0.01412663
v 0.03536085 -0.09304368 0.01412663
v 0.03543800 -0.09386374 0.01520095
v 0.03612830 -0.10116597 0.01520095
v 0.03602718 -0.10009691 0.01602510
v 0.03590970 -0.09885133 0.01654356
v 0.03531175 -0.09252756 0.01019115
v 0.03529538 -0.09235162 0.01153376
v 0.03531175 -0.09252756 0.01287579
v 0.03465360 -0.09762211 -0.00434960
v 0.03452734 -0.09628535 -0.00452612
v 0.03440986 -0.09504035 -0.00504458
v 0.03507619 -0.10209358 -0.01212937
v 0.03499904 -0.10127294 -0.01320311
v 0.03512529 -0.10260912 -0.01087853
v 0.03514166 -0.10278505 -0.00953592
v 0.03512529 -0.10260912 -0.00819389
v 0.03477985 -0.09895829 -0.01454572
v 0.03452734 -0.09628535 -0.01454572
v 0.03465360 -0.09762211 -0.01472224
v 0.03489792 -0.10020329 -0.01402726
v 0.03440986 -0.09504035 -0.01402726
v 0.03430874 -0.09397071 -0.01320311
v 0.03423100 -0.09315006 -0.01212937
v 0.03418248 -0.09263453 -0.01087853
v 0.03416553 -0.09245859 -0.00953592
v 0.03418248 -0.09263453 -0.00819389
v 0.03507619 -0.10209358 -0.00694305
v 0.03423100 -0.09315006 -0.00694305
v 0.03430874 -0.09397071 -0.00586873
v 0.03499904 -0.10127294 -0.00586873
v 0.03489792 -0.10020329 -0.00504458
v 0.03477985 -0.09895829 -0.00452612
v 0.03974756 -0.09811719 0.00984922
v 0.04017016 -0.09760575 0.00965516
v 0.04062374 -0.09705748 0.00958853
v 0.03938400 -0.09855615 0.01015842
v 0.04107790 -0.09650921 0.00965516
v 0.03910578 -0.09889283 0.01056114
v 0.04150050 -0.09599777 0.00984922
v 0.03901693 -0.09900038 0.01079904
v 0.03893042 -0.09910442 0.01103050
v 0.04186347 -0.09555881 0.01015842
v 0.03887080 -0.09917690 0.01153376
v 0.04214228 -0.09522213 0.01056114
v 0.03893042 -0.09910442 0.01203702
v 0.04231764 -0.09501054 0.01103050
v 0.03901693 -0.09900038 0.01226848
v 0.03910578 -0.09889283 0.01250638
v 0.04237726 -0.09493806 0.01153376
v 0.03938400 -0.09855615 0.01290910
v 0.04231764 -0.09501054 0.01203702
v 0.03974756 -0.09811719 0.01321831
v 0.04214228 -0.09522213 0.01250638
v 0.04017016 -0.09760575 0.01341236
v 0.04186347 -0.09555881 0.01290910
v 0.04062374 -0.09705748 0.01347841
v 0.04150050 -0.09599777 0.01321831
v 0.04107790 -0.09650921 0.01341236
v 0.03900758 -0.09890218 0.01056114
v 0.03897835 -0.09859415 0.01015842
v 0.03894036 -0.09819318 0.00984922
v 0.03900758 -0.09890218 0.01250638
v 0.03889652 -0.09772616 0.00965516
v 0.03897835 -0.09859415 0.01290910
v 0.03884918 -0.09722523 0.00958853
v 0.03894036 -0.09819318 0.01321831
v 0.03880183 -0.09672431 0.00965516
v 0.03889652 -0.09772616 0.01341236
v 0.03875741 -0.09625729 0.00984922
v 0.03884918 -0.09722523 0.01347841
v 0.03871942 -0.09585632 0.01015842
v 0.03880183 -0.09672431 0.01341236
v 0.03869078 -0.09554829 0.01056114
v 0.03875741 -0.09625729 0.01321831
v 0.03867207 -0.09535482 0.01103050
v 0.03871942 -0.09585632 0.01290910
v 0.03866623 -0.09528877 0.01153376
v 0.03869078 -0.09554829 0.01250638
v 0.03867207 -0.09535482 0.01203702
v 0.29740707 -0.50000000 -0.16612678
v -0.29740707 0.50000000 -0.16612678
v -0.29740707 -0.50000000 -0.16612678
v 0.29740707 0.50000000 -0.16612678
v 0.04447212 -0.20410270 -0.13872807
v 0.04463228 -0.20408166 -0.14490162
v 0.04449901 -0.20409920 -0.14490220
v 0.04460481 -0.20408517 -0.13872807
v 0.04512911 -0.20472988 -0.14489987
v 0.04512911 -0.20446334 -0.14489987
v 0.04514664 -0.20459661 -0.14489987
v 0.04507767 -0.20485379 -0.14489987
v 0.04507767 -0.20433943 -0.14489987
v 0.04499584 -0.20496017 -0.14490045
v 0.04499584 -0.20423246 -0.14489987
v 0.04488946 -0.20504201 -0.14490103
v 0.04488946 -0.20415063 -0.14490045
v 0.04476555 -0.20509344 -0.14490162
v 0.04476555 -0.20409920 -0.14490103
v 0.04463228 -0.20511098 -0.14490220
v 0.04449901 -0.20509344 -0.14490279
v 0.04437510 -0.20504201 -0.14490337
v 0.04437510 -0.20415063 -0.14490279
v 0.04426813 -0.20496017 -0.14490396
v 0.04426813 -0.20423246 -0.14490337
v 0.04418630 -0.20485379 -0.14490396
v 0.04418630 -0.20433943 -0.14490396
v 0.04413545 -0.20472988 -0.14490396
v 0.04413545 -0.20446334 -0.14490396
v 0.04411791 -0.20459661 -0.14490396
v 0.04434762 -0.20415414 -0.13872807
v 0.04510222 -0.20446685 -0.13872807
v 0.04510222 -0.20473339 -0.13872807
v 0.04511976 -0.20460012 -0.13872807
v 0.04505078 -0.20434235 -0.13872807
v 0.04505078 -0.20485730 -0.13872807
v 0.04496895 -0.20423597 -0.13872807
v 0.04496895 -0.20496368 -0.13872807
v 0.04486257 -0.20415414 -0.13872807
v 0.04486257 -0.20504551 -0.13872807
v 0.04473807 -0.20410270 -0.13872807
v 0.04473807 -0.20509695 -0.13872807
v 0.04460481 -0.20511448 -0.13872807
v 0.04447212 -0.20509695 -0.13872807
v 0.04434762 -0.20504551 -0.13872807
v 0.04424124 -0.20423597 -0.13872807
v 0.04424124 -0.20496368 -0.13872807
v 0.04415941 -0.20434235 -0.13872807
v 0.04415941 -0.20485730 -0.13872807
v 0.04410798 -0.20446685 -0.13872807
v 0.04410798 -0.20473339 -0.13872807
v 0.04409044 -0.20460012 -0.13872807
v 0.04486667 -0.20899853 -0.13887887
v 0.04486667 -0.20894826 -0.13883445
v 0.04460948 -0.20899853 -0.13887887
v 0.04460948 -0.20894826 -0.13883445
v 0.04460948 -0.20863496 -0.14490337
v 0.04460948 -0.20870218 -0.14489870
v 0.04460948 -0.20503265 -0.14490337
v 0.04460948 -0.20876823 -0.14488584
v 0.04460948 -0.20883194 -0.14486421
v 0.04460948 -0.20889215 -0.14483440
v 0.04460948 -0.20894826 -0.14479699
v 0.04460948 -0.20899853 -0.14475257
v 0.04460948 -0.20904295 -0.14470172
v 0.04460948 -0.20908036 -0.14464619
v 0.04460948 -0.20911017 -0.14458540
v 0.04460948 -0.20913179 -0.14452169
v 0.04460948 -0.20914524 -0.14445564
v 0.04460948 -0.20690073 -0.14439193
v 0.04460948 -0.20676688 -0.14438550
v 0.04460948 -0.20663888 -0.14434458
v 0.04460948 -0.20652607 -0.14427152
v 0.04460948 -0.20643547 -0.14417216
v 0.04460948 -0.20641267 -0.14413650
v 0.04460948 -0.20637409 -0.14405292
v 0.04460948 -0.20634545 -0.14392140
v 0.04460948 -0.20635188 -0.14378755
v 0.04460948 -0.20639280 -0.14365954
v 0.04460948 -0.20646586 -0.14354673
v 0.04460948 -0.20681598 -0.14336612
v 0.04460948 -0.20823633 -0.14027292
v 0.04460948 -0.20668447 -0.14339476
v 0.04460948 -0.20656523 -0.14345614
v 0.04460948 -0.20810248 -0.14026649
v 0.04460948 -0.20797447 -0.14022499
v 0.04460948 -0.20786108 -0.14015251
v 0.04460948 -0.20783010 -0.14012387
v 0.04460948 -0.20777106 -0.14005314
v 0.04460948 -0.20770969 -0.13993390
v 0.04460948 -0.20768105 -0.13980239
v 0.04460948 -0.20768748 -0.13966795
v 0.04460948 -0.20772839 -0.13954053
v 0.04460948 -0.20914933 -0.13924302
v 0.04460948 -0.20914524 -0.13917580
v 0.04460948 -0.20815158 -0.13924711
v 0.04460948 -0.20913179 -0.13910975
v 0.04460948 -0.20911017 -0.13904604
v 0.04460948 -0.20908036 -0.13898584
v 0.04460948 -0.20802006 -0.13927575
v 0.04460948 -0.20904295 -0.13892972
v 0.04460948 -0.20889215 -0.13879704
v 0.04460948 -0.20790082 -0.13933712
v 0.04460948 -0.20883194 -0.13876723
v 0.04460948 -0.20876823 -0.13874560
v 0.04460948 -0.20870218 -0.13873274
v 0.04460948 -0.20503265 -0.13872807
v 0.04460948 -0.20780146 -0.13942714
v 0.04460948 -0.20863496 -0.13872807
v 0.04460948 -0.20914933 -0.14438842
v 0.04460948 -0.20703225 -0.14436329
v 0.04460948 -0.20715149 -0.14430192
v 0.04460948 -0.20725085 -0.14421190
v 0.04460948 -0.20732392 -0.14409851
v 0.04460948 -0.20736483 -0.14397109
v 0.04460948 -0.20737126 -0.14383665
v 0.04460948 -0.20734262 -0.14370514
v 0.04460948 -0.20730404 -0.14362155
v 0.04460948 -0.20728125 -0.14358590
v 0.04460948 -0.20719123 -0.14348653
v 0.04460948 -0.20707784 -0.14341347
v 0.04460948 -0.20694983 -0.14337255
v 0.04460948 -0.20836784 -0.14024428
v 0.04460948 -0.20848708 -0.14018290
v 0.04460948 -0.20858645 -0.14009231
v 0.04460948 -0.20865951 -0.13997950
v 0.04460948 -0.20870043 -0.13985149
v 0.04460948 -0.20870686 -0.13971764
v 0.04460948 -0.20867822 -0.13958612
v 0.04460948 -0.20861684 -0.13946688
v 0.04460948 -0.20855781 -0.13939616
v 0.04460948 -0.20852624 -0.13936693
v 0.04460948 -0.20841343 -0.13929445
v 0.04460948 -0.20828543 -0.13925354
v 0.04486667 -0.20889215 -0.13879704
v 0.04486667 -0.20904295 -0.13892972
v 0.04486667 -0.20870218 -0.13873274
v 0.04486667 -0.20863496 -0.13872807
v 0.04486667 -0.20876823 -0.13874560
v 0.04486667 -0.20883194 -0.13876723
v 0.04486667 -0.20908036 -0.13898584
v 0.04486667 -0.20911017 -0.13904604
v 0.04486667 -0.20913179 -0.13910975
v 0.04486667 -0.20914524 -0.13917580
v 0.04486667 -0.20914933 -0.13924302
v 0.04486667 -0.20914933 -0.14438842
v 0.04486667 -0.20914524 -0.14445564
v 0.04486667 -0.20913179 -0.14452169
v 0.04486667 -0.20911017 -0.14458540
v 0.04486667 -0.20908036 -0.14464619
v 0.04486667 -0.20904295 -0.14470172
v 0.04486667 -0.20899853 -0.14475257
v 0.04486667 -0.20894826 -0.14479699
v 0.04486667 -0.20889215 -0.14483440
v 0.04486667 -0.20883194 -0.14486421
v 0.04486667 -0.20876823 -0.14488584
v 0.04486667 -0.20870218 -0.14489870
v 0.04486667 -0.20863496 -0.14490337
v 0.04514431 -0.20455511 -0.13248438
v 0.04513963 -0.20468896 -0.13248438
v 0.04514547 -0.20452764 -0.13865793
v 0.04514021 -0.20466208 -0.13865851
v 0.04468138 -0.20508818 -0.13866027
v 0.04454753 -0.20508351 -0.13866027
v 0.04481231 -0.20505837 -0.13866027
v 0.04493096 -0.20499525 -0.13865968
v 0.04441893 -0.20504376 -0.13866027
v 0.04502974 -0.20490406 -0.13865968
v 0.04430496 -0.20497245 -0.13865968
v 0.04510105 -0.20479008 -0.13865910
v 0.04421377 -0.20487425 -0.13865968
v 0.04415065 -0.20475560 -0.13865910
v 0.04412084 -0.20462467 -0.13865851
v 0.04511566 -0.20439671 -0.13865734
v 0.04412551 -0.20449023 -0.13865793
v 0.04505254 -0.20427806 -0.13865676
v 0.04416526 -0.20436164 -0.13865734
v 0.04496136 -0.20417927 -0.13865617
v 0.04423657 -0.20424825 -0.13865676
v 0.04484738 -0.20410797 -0.13865617
v 0.04433477 -0.20415648 -0.13865617
v 0.04471879 -0.20406880 -0.13865559
v 0.04445400 -0.20409394 -0.13865617
v 0.04458493 -0.20406354 -0.13865559
v 0.04509988 -0.20481756 -0.13248438
v 0.04468079 -0.20511565 -0.13248438
v 0.04481172 -0.20508584 -0.13248438
v 0.04454636 -0.20511098 -0.13248438
v 0.04441777 -0.20507123 -0.13248438
v 0.04493038 -0.20502272 -0.13248438
v 0.04430437 -0.20499992 -0.13248438
v 0.04502857 -0.20493153 -0.13248438
v 0.04421260 -0.20490172 -0.13248438
v 0.04415006 -0.20478248 -0.13248438
v 0.04411967 -0.20465156 -0.13248438
v 0.04412493 -0.20451770 -0.13248438
v 0.04511450 -0.20442418 -0.13248438
v 0.04416409 -0.20438911 -0.13248438
v 0.04505137 -0.20430553 -0.13248438
v 0.04423598 -0.20427513 -0.13248438
v 0.04496019 -0.20420675 -0.13248438
v 0.04433418 -0.20418395 -0.13248438
v 0.04484621 -0.20413544 -0.13248438
v 0.04445284 -0.20412082 -0.13248438
v 0.04471820 -0.20409628 -0.13248438
v 0.04458376 -0.20409101 -0.13248438
v 0.04025258 -0.20501278 -0.13263518
v 0.04030284 -0.20500810 -0.13259076
v 0.04054775 -0.20498472 -0.13865501
v 0.04048229 -0.20499115 -0.13864215
v 0.04041858 -0.20499700 -0.13862052
v 0.04035837 -0.20500284 -0.13859071
v 0.04030284 -0.20500810 -0.13855330
v 0.04025258 -0.20501278 -0.13850888
v 0.04020815 -0.20501687 -0.13845803
v 0.04017133 -0.20502038 -0.13840250
v 0.04014152 -0.20502330 -0.13834171
v 0.04011989 -0.20502564 -0.13827800
v 0.04010703 -0.20502681 -0.13821195
v 0.04234102 -0.20481522 -0.13814824
v 0.04247487 -0.20480294 -0.13814181
v 0.04260171 -0.20479067 -0.13810089
v 0.04271452 -0.20478015 -0.13802783
v 0.04280453 -0.20477138 -0.13792846
v 0.04282674 -0.20476963 -0.13789281
v 0.04286532 -0.20476553 -0.13780923
v 0.04289396 -0.20476320 -0.13767771
v 0.04288753 -0.20476378 -0.13754386
v 0.04284661 -0.20476787 -0.13741585
v 0.04277413 -0.20477430 -0.13730246
v 0.04242577 -0.20480762 -0.13712243
v 0.04101127 -0.20494089 -0.13402864
v 0.04255611 -0.20479476 -0.13715107
v 0.04267535 -0.20478365 -0.13721245
v 0.04114512 -0.20492861 -0.13402221
v 0.04127254 -0.20491634 -0.13398130
v 0.04138476 -0.20490582 -0.13390882
v 0.04141633 -0.20490289 -0.13388018
v 0.04147478 -0.20489705 -0.13380945
v 0.04153615 -0.20489179 -0.13368963
v 0.04156421 -0.20488886 -0.13355870
v 0.04155778 -0.20488945 -0.13342426
v 0.04151686 -0.20489354 -0.13329626
v 0.04010703 -0.20502681 -0.13293211
v 0.04109602 -0.20493329 -0.13300342
v 0.04011989 -0.20502564 -0.13286606
v 0.04014152 -0.20502330 -0.13280235
v 0.04017133 -0.20502038 -0.13274156
v 0.04122695 -0.20492043 -0.13303148
v 0.04020815 -0.20501687 -0.13268603
v 0.04035837 -0.20500284 -0.13255335
v 0.04134560 -0.20490932 -0.13309343
v 0.04041858 -0.20499700 -0.13252354
v 0.04048229 -0.20499115 -0.13250191
v 0.04054775 -0.20498472 -0.13248905
v 0.04144497 -0.20489997 -0.13318345
v 0.04221009 -0.20482749 -0.13811960
v 0.04209143 -0.20483918 -0.13805822
v 0.04199265 -0.20484853 -0.13796763
v 0.04192017 -0.20485496 -0.13785482
v 0.04187926 -0.20485906 -0.13772681
v 0.04187283 -0.20485964 -0.13759296
v 0.04190088 -0.20485672 -0.13746144
v 0.04193946 -0.20485321 -0.13737786
v 0.04196226 -0.20485146 -0.13734221
v 0.04205227 -0.20484269 -0.13724284
v 0.04216450 -0.20483217 -0.13716978
v 0.04229192 -0.20481989 -0.13712886
v 0.04088092 -0.20495316 -0.13400059
v 0.04076168 -0.20496485 -0.13393921
v 0.04066290 -0.20497420 -0.13384861
v 0.04059042 -0.20498063 -0.13373580
v 0.04054951 -0.20498472 -0.13360780
v 0.04054308 -0.20498531 -0.13347336
v 0.04057172 -0.20498239 -0.13334243
v 0.04063251 -0.20497713 -0.13322261
v 0.04069154 -0.20497128 -0.13315247
v 0.04072252 -0.20496836 -0.13312324
v 0.04083533 -0.20495784 -0.13305076
v 0.04096275 -0.20494556 -0.13300985
v 0.04514431 -0.20455511 0.14304231
v 0.04513963 -0.20468896 0.14304231
v 0.04514547 -0.20452764 0.13686876
v 0.04514021 -0.20466208 0.13686817
v 0.04468138 -0.20508818 0.13686642
v 0.04454753 -0.20508351 0.13686642
v 0.04481231 -0.20505837 0.13686642
v 0.04493096 -0.20499525 0.13686700
v 0.04441893 -0.20504376 0.13686642
v 0.04502974 -0.20490406 0.13686759
v 0.04430496 -0.20497245 0.13686700
v 0.04510105 -0.20479008 0.13686759
v 0.04421377 -0.20487425 0.13686759
v 0.04415065 -0.20475560 0.13686759
v 0.04412084 -0.20462467 0.13686817
v 0.04511566 -0.20439671 0.13686934
v 0.04412551 -0.20449023 0.13686876
v 0.04505254 -0.20427806 0.13686992
v 0.04416526 -0.20436164 0.13686934
v 0.04496136 -0.20417927 0.13687051
v 0.04423657 -0.20424825 0.13686992
v 0.04484738 -0.20410797 0.13687109
v 0.04433477 -0.20415648 0.13687051
v 0.04471879 -0.20406880 0.13687109
v 0.04445400 -0.20409394 0.13687109
v 0.04458493 -0.20406354 0.13687109
v 0.04509988 -0.20481756 0.14304231
v 0.04468079 -0.20511565 0.14304231
v 0.04481172 -0.20508584 0.14304231
v 0.04454636 -0.20511098 0.14304231
v 0.04441777 -0.20507123 0.14304231
v 0.04493038 -0.20502272 0.14304231
v 0.04430437 -0.20499992 0.14304231
v 0.04502857 -0.20493153 0.14304231
v 0.04421260 -0.20490172 0.14304231
v 0.04415006 -0.20478248 0.14304231
v 0.04411967 -0.20465156 0.14304231
v 0.04412493 -0.20451770 0.14304231
v 0.04511450 -0.20442418 0.14304231
v 0.04416409 -0.20438911 0.14304231
v 0.04505137 -0.20430553 0.14304231
v 0.04423598 -0.20427513 0.14304231
v 0.04496019 -0.20420675 0.14304231
v 0.04433418 -0.20418395 0.14304231
v 0.04484621 -0.20413544 0.14304231
v 0.04445284 -0.20412082 0.14304231
v 0.04471820 -0.20409628 0.14304231
v 0.04458376 -0.20409101 0.14304231
v 0.04022803 -0.20475677 0.14289150
v 0.04027888 -0.20475209 0.14293593
v 0.04025258 -0.20501278 0.14289150
v 0.04030284 -0.20500810 0.14293593
v 0.04061497 -0.20497829 0.13686759
v 0.04054775 -0.20498472 0.13687168
v 0.04420091 -0.20463987 0.13686759
v 0.04048229 -0.20499115 0.13688512
v 0.04041858 -0.20499700 0.13690675
v 0.04035837 -0.20500284 0.13693656
v 0.04030284 -0.20500810 0.13697338
v 0.04025258 -0.20501278 0.13701780
v 0.04020815 -0.20501687 0.13706866
v 0.04017133 -0.20502038 0.13712477
v 0.04014152 -0.20502330 0.13718497
v 0.04011989 -0.20502564 0.13724868
v 0.04010703 -0.20502681 0.13731473
v 0.04234102 -0.20481522 0.13737844
v 0.04247487 -0.20480294 0.13738487
v 0.04260171 -0.20479067 0.13742637
v 0.04271452 -0.20478015 0.13749885
v 0.04280453 -0.20477138 0.13759822
v 0.04282674 -0.20476963 0.13763446
v 0.04286532 -0.20476553 0.13771746
v 0.04289396 -0.20476320 0.13784897
v 0.04288753 -0.20476378 0.13798341
v 0.04284661 -0.20476787 0.13811083
v 0.04277413 -0.20477430 0.13822422
v 0.04242577 -0.20480762 0.13840425
v 0.04101127 -0.20494089 0.14149804
v 0.04255611 -0.20479476 0.13837561
v 0.04267535 -0.20478365 0.13831424
v 0.04114512 -0.20492861 0.14150447
v 0.04127254 -0.20491634 0.14154539
v 0.04138476 -0.20490582 0.14161787
v 0.04141633 -0.20490289 0.14164709
v 0.04147478 -0.20489705 0.14171723
v 0.04153615 -0.20489179 0.14183705
v 0.04156421 -0.20488886 0.14196798
v 0.04155778 -0.20488945 0.14210242
v 0.04151686 -0.20489354 0.14223043
v 0.04010236 -0.20502681 0.14252794
v 0.04010703 -0.20502681 0.14259516
v 0.04109602 -0.20493329 0.14252385
v 0.04011989 -0.20502564 0.14266121
v 0.04014152 -0.20502330 0.14272492
v 0.04017133 -0.20502038 0.14278512
v 0.04122695 -0.20492043 0.14249521
v 0.04020815 -0.20501687 0.14284124
v 0.04035837 -0.20500284 0.14297333
v 0.04134560 -0.20490932 0.14243384
v 0.04041858 -0.20499700 0.14300314
v 0.04048229 -0.20499115 0.14302477
v 0.04054775 -0.20498472 0.14303821
v 0.04420091 -0.20463987 0.14304231
v 0.04144497 -0.20489997 0.14234324
v 0.04061497 -0.20497829 0.14304231
v 0.04010236 -0.20502681 0.13738195
v 0.04221009 -0.20482749 0.13740709
v 0.04209143 -0.20483918 0.13746846
v 0.04199265 -0.20484853 0.13755906
v 0.04192017 -0.20485496 0.13767187
v 0.04187926 -0.20485906 0.13779987
v 0.04187283 -0.20485964 0.13793373
v 0.04190088 -0.20485672 0.13806524
v 0.04193946 -0.20485321 0.13814882
v 0.04196226 -0.20485146 0.13818448
v 0.04205227 -0.20484269 0.13828443
v 0.04216450 -0.20483217 0.13835691
v 0.04229192 -0.20481989 0.13839782
v 0.04088092 -0.20495316 0.14152610
v 0.04076168 -0.20496485 0.14158806
v 0.04066290 -0.20497420 0.14167807
v 0.04059042 -0.20498063 0.14179088
v 0.04054951 -0.20498472 0.14191889
v 0.04054308 -0.20498531 0.14205332
v 0.04057172 -0.20498239 0.14218484
v 0.04063251 -0.20497713 0.14230408
v 0.04069154 -0.20497128 0.14237480
v 0.04072252 -0.20496836 0.14240344
v 0.04083533 -0.20495784 0.14247592
v 0.04096275 -0.20494556 0.14251684
v 0.04033441 -0.20474683 0.14297333
v 0.04018419 -0.20476086 0.14284124
v 0.04052379 -0.20472871 0.14303821
v 0.04059042 -0.20472228 0.14304231
v 0.04045774 -0.20473514 0.14302477
v 0.04039461 -0.20474099 0.14300314
v 0.04014678 -0.20476437 0.14278512
v 0.04011697 -0.20476729 0.14272492
v 0.04009593 -0.20476904 0.14266121
v 0.04008249 -0.20477021 0.14259516
v 0.04007839 -0.20477079 0.14252794
v 0.04007839 -0.20477079 0.13738195
v 0.04008249 -0.20477021 0.13731473
v 0.04009593 -0.20476904 0.13724868
v 0.04011697 -0.20476729 0.13718497
v 0.04014678 -0.20476437 0.13712477
v 0.04018419 -0.20476086 0.13706866
v 0.04022803 -0.20475677 0.13701780
v 0.04027888 -0.20475209 0.13697338
v 0.04033441 -0.20474683 0.13693656
v 0.04039461 -0.20474099 0.13690675
v 0.04045774 -0.20473514 0.13688512
v 0.04052379 -0.20472871 0.13687168
v 0.04059042 -0.20472228 0.13686759
v 0.04489940 -0.20893189 0.13676354
v 0.04464222 -0.20898274 0.13671971
v 0.04464222 -0.20893189 0.13676354
v 0.04489940 -0.20898274 0.13671971
v 0.04464222 -0.20913296 0.13635556
v 0.04464222 -0.20826965 0.13634504
v 0.04464222 -0.20813521 0.13635147
v 0.04464222 -0.20839707 0.13630412
v 0.04464222 -0.20851046 0.13623106
v 0.04464222 -0.20854144 0.13620242
v 0.04464222 -0.20860048 0.13613169
v 0.04464222 -0.20866185 0.13601245
v 0.04464222 -0.20869049 0.13588094
v 0.04464222 -0.20913296 0.13120957
v 0.04464222 -0.20868406 0.13574709
v 0.04464222 -0.20864315 0.13561908
v 0.04464222 -0.20857008 0.13550569
v 0.04464222 -0.20847072 0.13541567
v 0.04464222 -0.20835148 0.13535430
v 0.04464222 -0.20821996 0.13532566
v 0.04464222 -0.20706206 0.13218453
v 0.04464222 -0.20693405 0.13222544
v 0.04464222 -0.20679961 0.13223187
v 0.04464222 -0.20717487 0.13211205
v 0.04464222 -0.20726488 0.13201268
v 0.04464222 -0.20728768 0.13197644
v 0.04464222 -0.20732684 0.13189286
v 0.04464222 -0.20735489 0.13176193
v 0.04464222 -0.20734847 0.13162749
v 0.04464222 -0.20730755 0.13149949
v 0.04464222 -0.20723507 0.13138668
v 0.04464222 -0.20713512 0.13129666
v 0.04464222 -0.20701588 0.13123470
v 0.04464222 -0.20688495 0.13120665
v 0.04464222 -0.20912887 0.13114235
v 0.04464222 -0.20868581 0.13686583
v 0.04464222 -0.20501629 0.13686992
v 0.04464222 -0.20861860 0.13686992
v 0.04464222 -0.20788446 0.13626145
v 0.04464222 -0.20778509 0.13617086
v 0.04464222 -0.20771203 0.13605805
v 0.04464222 -0.20501629 0.13069521
v 0.04464222 -0.20875186 0.13685239
v 0.04464222 -0.20881557 0.13683076
v 0.04464222 -0.20887578 0.13680095
v 0.04464222 -0.20800370 0.13632283
v 0.04464222 -0.20902717 0.13666885
v 0.04464222 -0.20906457 0.13661274
v 0.04464222 -0.20909380 0.13655254
v 0.04464222 -0.20911543 0.13648883
v 0.04464222 -0.20912887 0.13642278
v 0.04464222 -0.20767111 0.13593004
v 0.04464222 -0.20766468 0.13579619
v 0.04464222 -0.20769332 0.13566467
v 0.04464222 -0.20775470 0.13554543
v 0.04464222 -0.20781373 0.13547471
v 0.04464222 -0.20784530 0.13544607
v 0.04464222 -0.20795810 0.13537301
v 0.04464222 -0.20808611 0.13533209
v 0.04464222 -0.20644950 0.13205184
v 0.04464222 -0.20654886 0.13214186
v 0.04464222 -0.20666869 0.13220381
v 0.04464222 -0.20637702 0.13193903
v 0.04464222 -0.20633610 0.13181103
v 0.04464222 -0.20632909 0.13167659
v 0.04464222 -0.20635773 0.13154566
v 0.04464222 -0.20639631 0.13146208
v 0.04464222 -0.20641910 0.13142584
v 0.04464222 -0.20650970 0.13132647
v 0.04464222 -0.20662251 0.13125399
v 0.04464222 -0.20675052 0.13121308
v 0.04464222 -0.20911543 0.13107630
v 0.04464222 -0.20909380 0.13101259
v 0.04464222 -0.20906457 0.13095239
v 0.04464222 -0.20902717 0.13089628
v 0.04464222 -0.20898274 0.13084601
v 0.04464222 -0.20893189 0.13080159
v 0.04464222 -0.20887578 0.13076418
v 0.04464222 -0.20881557 0.13073437
v 0.04464222 -0.20875186 0.13071274
v 0.04464222 -0.20868581 0.13069930
v 0.04464222 -0.20861860 0.13069521
v 0.04489940 -0.20887578 0.13680095
v 0.04489940 -0.20902717 0.13666885
v 0.04489940 -0.20868581 0.13686583
v 0.04489940 -0.20861860 0.13686992
v 0.04489940 -0.20875186 0.13685239
v 0.04489940 -0.20881557 0.13683076
v 0.04489940 -0.20906457 0.13661274
v 0.04489940 -0.20909380 0.13655254
v 0.04489940 -0.20911543 0.13648883
v 0.04489940 -0.20912887 0.13642278
v 0.04489940 -0.20913296 0.13635556
v 0.04489940 -0.20913296 0.13120957
v 0.04489940 -0.20912887 0.13114235
v 0.04489940 -0.20911543 0.13107630
v 0.04489940 -0.20909380 0.13101259
v 0.04489940 -0.20906457 0.13095239
v 0.04489940 -0.20902717 0.13089628
v 0.04489940 -0.20898274 0.13084601
v 0.04489940 -0.20893189 0.13080159
v 0.04489940 -0.20887578 0.13076418
v 0.04489940 -0.20881557 0.13073437
v 0.04489940 -0.20875186 0.13071274
v 0.04489940 -0.20868581 0.13069930
v 0.04489940 -0.20861860 0.13069521
v 0.04417695 -0.20438327 0.14304231
v 0.04417695 -0.20438327 0.13686759
v 0.04489940 -0.20501629 0.13686992
v 0.04489940 -0.20501629 0.13069521
v 0.04235914 -0.20455511 0.13737903
v 0.04222645 -0.20456797 0.13739656
v 0.04238310 -0.20481113 0.13737903
v 0.04225042 -0.20482398 0.13739656
v 0.04262099 -0.20478891 0.13779111
v 0.04282674 -0.20476963 0.13763621
v 0.04240940 -0.20480879 0.13784839
v 0.04235212 -0.20481405 0.13763563
v 0.04274549 -0.20477722 0.13752925
v 0.04231530 -0.20481814 0.13764556
v 0.04251578 -0.20479885 0.13839022
v 0.04263911 -0.20478716 0.13833879
v 0.04238310 -0.20481113 0.13840776
v 0.04225042 -0.20482398 0.13839022
v 0.04274549 -0.20477722 0.13825696
v 0.04212709 -0.20483567 0.13833879
v 0.04282674 -0.20476963 0.13815058
v 0.04245149 -0.20480470 0.13814122
v 0.04202071 -0.20484561 0.13825696
v 0.04241408 -0.20480820 0.13815116
v 0.04193946 -0.20485321 0.13815058
v 0.04235738 -0.20481405 0.13793840
v 0.04214521 -0.20483392 0.13799568
v 0.04213644 -0.20483451 0.13796178
v 0.04188861 -0.20485847 0.13802666
v 0.04212650 -0.20483567 0.13792437
v 0.04187107 -0.20485964 0.13789339
v 0.04233809 -0.20481580 0.13786709
v 0.04188861 -0.20485847 0.13776013
v 0.04228140 -0.20482106 0.13765433
v 0.04263911 -0.20478716 0.13744800
v 0.04193946 -0.20485321 0.13763621
v 0.04202071 -0.20484561 0.13752925
v 0.04251578 -0.20479885 0.13739656
v 0.04212709 -0.20483567 0.13744800
v 0.04248480 -0.20480177 0.13813246
v 0.04287818 -0.20476437 0.13802666
v 0.04289571 -0.20476320 0.13789339
v 0.04242811 -0.20480703 0.13791970
v 0.04264028 -0.20478716 0.13786242
v 0.04287818 -0.20476437 0.13776013
v 0.04263035 -0.20478833 0.13782501
v 0.04210312 -0.20457966 0.13744800
v 0.04249182 -0.20454284 0.13839022
v 0.04235914 -0.20455511 0.13840776
v 0.04261515 -0.20453115 0.13833879
v 0.04222645 -0.20456797 0.13839022
v 0.04272153 -0.20452121 0.13825696
v 0.04280278 -0.20451303 0.13815058
v 0.04210312 -0.20457966 0.13833879
v 0.04199674 -0.20458960 0.13825696
v 0.04285363 -0.20450835 0.13802666
v 0.04287116 -0.20450660 0.13789339
v 0.04191550 -0.20459720 0.13815058
v 0.04285363 -0.20450835 0.13776013
v 0.04186406 -0.20460187 0.13802666
v 0.04184652 -0.20460363 0.13789339
v 0.04280278 -0.20451303 0.13763621
v 0.04272153 -0.20452121 0.13752925
v 0.04186406 -0.20460187 0.13776013
v 0.04191550 -0.20459720 0.13763621
v 0.04261515 -0.20453115 0.13744800
v 0.04199674 -0.20458960 0.13752925
v 0.04249182 -0.20454284 0.13739656
v 0.04058574 -0.20472287 0.14175347
v 0.04053489 -0.20472754 0.14187739
v 0.04061029 -0.20497888 0.14175347
v 0.04055886 -0.20498355 0.14187739
v 0.04102296 -0.20493972 0.14226900
v 0.04098905 -0.20494322 0.14225965
v 0.04105393 -0.20493738 0.14252560
v 0.04092125 -0.20494965 0.14250807
v 0.04095223 -0.20494673 0.14224972
v 0.04079734 -0.20496134 0.14245663
v 0.04100893 -0.20494147 0.14203696
v 0.04079675 -0.20496134 0.14197967
v 0.04081604 -0.20495959 0.14190836
v 0.04092125 -0.20494965 0.14151382
v 0.04079734 -0.20496134 0.14156526
v 0.04061029 -0.20497888 0.14226784
v 0.04069154 -0.20497128 0.14164709
v 0.04055886 -0.20498355 0.14214392
v 0.04054132 -0.20498531 0.14201065
v 0.04154843 -0.20489003 0.14214392
v 0.04156596 -0.20488886 0.14201065
v 0.04149757 -0.20489529 0.14226784
v 0.04141633 -0.20490289 0.14237480
v 0.04154843 -0.20489003 0.14187739
v 0.04130995 -0.20491283 0.14245663
v 0.04149757 -0.20489529 0.14175347
v 0.04130176 -0.20491341 0.14207553
v 0.04118662 -0.20492452 0.14250807
v 0.04129183 -0.20491458 0.14211294
v 0.04107965 -0.20493446 0.14205566
v 0.04131053 -0.20491283 0.14204163
v 0.04130995 -0.20491283 0.14156526
v 0.04109894 -0.20493270 0.14198493
v 0.04115564 -0.20492744 0.14177159
v 0.04118662 -0.20492452 0.14151382
v 0.04111823 -0.20493095 0.14176165
v 0.04108491 -0.20493387 0.14175289
v 0.04105393 -0.20493738 0.14149629
v 0.04102763 -0.20493972 0.14196565
v 0.04080610 -0.20496076 0.14194577
v 0.04051736 -0.20472929 0.14201065
v 0.04152446 -0.20463402 0.14214392
v 0.04147302 -0.20463870 0.14226784
v 0.04154200 -0.20463227 0.14201065
v 0.04152446 -0.20463402 0.14187739
v 0.04139178 -0.20464688 0.14237480
v 0.04147302 -0.20463870 0.14175347
v 0.04128598 -0.20465682 0.14245663
v 0.04139178 -0.20464688 0.14164709
v 0.04116207 -0.20466851 0.14250807
v 0.04102938 -0.20468078 0.14252560
v 0.04128598 -0.20465682 0.14156526
v 0.04116207 -0.20466851 0.14151382
v 0.04089670 -0.20469364 0.14250807
v 0.04077337 -0.20470533 0.14245663
v 0.04102938 -0.20468078 0.14149629
v 0.04089670 -0.20469364 0.14151382
v 0.04066758 -0.20471527 0.14237480
v 0.04077337 -0.20470533 0.14156526
v 0.04058574 -0.20472287 0.14226784
v 0.04066758 -0.20471527 0.14164709
v 0.04053489 -0.20472754 0.14214392
v 0.04450427 -0.20408692 0.13686992
v 0.04466443 -0.20406588 0.13069696
v 0.04453116 -0.20408342 0.13069637
v 0.04463754 -0.20406939 0.13686992
v 0.04516184 -0.20471351 0.13069871
v 0.04516184 -0.20444698 0.13069871
v 0.04517938 -0.20458025 0.13069871
v 0.04511040 -0.20483743 0.13069813
v 0.04511040 -0.20432306 0.13069871
v 0.04502857 -0.20494439 0.13069813
v 0.04502857 -0.20421668 0.13069813
v 0.04492219 -0.20502564 0.13069754
v 0.04492219 -0.20413485 0.13069813
v 0.04479769 -0.20507708 0.13069696
v 0.04479769 -0.20408342 0.13069754
v 0.04466443 -0.20509461 0.13069637
v 0.04453116 -0.20507708 0.13069579
v 0.04440724 -0.20502564 0.13069521
v 0.04440724 -0.20413485 0.13069579
v 0.04430086 -0.20494439 0.13069462
v 0.04430086 -0.20421668 0.13069521
v 0.04421903 -0.20483743 0.13069462
v 0.04421903 -0.20432306 0.13069462
v 0.04416760 -0.20471351 0.13069404
v 0.04416760 -0.20444698 0.13069462
v 0.04415006 -0.20458025 0.13069404
v 0.04438036 -0.20413836 0.13686992
v 0.04513437 -0.20445049 0.13686992
v 0.04513437 -0.20471702 0.13686992
v 0.04515190 -0.20458375 0.13686992
v 0.04508293 -0.20432657 0.13686992
v 0.04508293 -0.20484094 0.13686992
v 0.04500110 -0.20421961 0.13686992
v 0.04500110 -0.20494732 0.13686992
v 0.04489472 -0.20413836 0.13686992
v 0.04489472 -0.20502915 0.13686992
v 0.04477081 -0.20408692 0.13686992
v 0.04477081 -0.20508058 0.13686992
v 0.04463754 -0.20509812 0.13686992
v 0.04450427 -0.20508058 0.13686992
v 0.04438036 -0.20502915 0.13686992
v 0.04427339 -0.20421961 0.13686992
v 0.04427339 -0.20494732 0.13686992
v 0.04419156 -0.20432657 0.13686992
v 0.04419156 -0.20484094 0.13686992
v 0.04414071 -0.20445049 0.13686992
v 0.04414071 -0.20471702 0.13686992
v 0.04412259 -0.20458375 0.13686992
v 0.04489940 -0.20867471 0.13570559
v 0.04464222 -0.20862327 0.13558109
v 0.04464222 -0.20867471 0.13570559
v 0.04489940 -0.20862327 0.13558109
v 0.04464222 -0.20842688 0.13577398
v 0.04464222 -0.20843565 0.13580729
v 0.04464222 -0.20841694 0.13573657
v 0.04464222 -0.20817788 0.13532391
v 0.04464222 -0.20831056 0.13534144
v 0.04464222 -0.20820360 0.13579326
v 0.04464222 -0.20814690 0.13558050
v 0.04464222 -0.20804461 0.13534144
v 0.04464222 -0.20811300 0.13558986
v 0.04464222 -0.20807559 0.13559979
v 0.04464222 -0.20792011 0.13539288
v 0.04464222 -0.20813287 0.13581255
v 0.04464222 -0.20791953 0.13586984
v 0.04464222 -0.20773190 0.13558109
v 0.04464222 -0.20792888 0.13590315
v 0.04464222 -0.20793882 0.13594056
v 0.04464222 -0.20820886 0.13609662
v 0.04464222 -0.20815158 0.13588386
v 0.04464222 -0.20817788 0.13635322
v 0.04464222 -0.20804461 0.13633569
v 0.04464222 -0.20792011 0.13628425
v 0.04464222 -0.20768046 0.13570559
v 0.04464222 -0.20781373 0.13620242
v 0.04464222 -0.20766293 0.13583827
v 0.04464222 -0.20773190 0.13609604
v 0.04464222 -0.20768046 0.13597154
v 0.04464222 -0.20869224 0.13583827
v 0.04464222 -0.20867471 0.13597154
v 0.04464222 -0.20854144 0.13547471
v 0.04464222 -0.20862327 0.13609604
v 0.04464222 -0.20843506 0.13539288
v 0.04464222 -0.20843506 0.13628425
v 0.04464222 -0.20822289 0.13586457
v 0.04464222 -0.20827958 0.13607733
v 0.04464222 -0.20831056 0.13633569
v 0.04464222 -0.20824276 0.13608727
v 0.04489940 -0.20869224 0.13583827
v 0.04489940 -0.20867471 0.13597154
v 0.04489940 -0.20854144 0.13547471
v 0.04489940 -0.20862327 0.13609604
v 0.04489940 -0.20843506 0.13539288
v 0.04489940 -0.20854144 0.13620242
v 0.04489940 -0.20831056 0.13534144
v 0.04489940 -0.20843506 0.13628425
v 0.04489940 -0.20817788 0.13532391
v 0.04489940 -0.20804461 0.13534144
v 0.04489940 -0.20831056 0.13633569
v 0.04489940 -0.20817788 0.13635322
v 0.04489940 -0.20792011 0.13539288
v 0.04489940 -0.20781373 0.13547471
v 0.04489940 -0.20804461 0.13633569
v 0.04489940 -0.20792011 0.13628425
v 0.04489940 -0.20773190 0.13558109
v 0.04489940 -0.20781373 0.13620242
v 0.04489940 -0.20768046 0.13570559
v 0.04489940 -0.20773190 0.13609604
v 0.04489940 -0.20766293 0.13583827
v 0.04489940 -0.20768046 0.13597154
v 0.04489940 -0.20697555 0.13122418
v 0.04464222 -0.20684228 0.13120665
v 0.04464222 -0.20697555 0.13122418
v 0.04489940 -0.20684228 0.13120665
v 0.04464222 -0.20634545 0.13158775
v 0.04464222 -0.20660322 0.13161931
v 0.04464222 -0.20639689 0.13146383
v 0.04464222 -0.20659445 0.13165263
v 0.04464222 -0.20658452 0.13169003
v 0.04464222 -0.20632792 0.13172101
v 0.04464222 -0.20679728 0.13174732
v 0.04464222 -0.20673999 0.13196008
v 0.04464222 -0.20634545 0.13185428
v 0.04464222 -0.20639689 0.13197878
v 0.04464222 -0.20677390 0.13196943
v 0.04464222 -0.20709947 0.13127562
v 0.04464222 -0.20720643 0.13135745
v 0.04464222 -0.20670902 0.13122418
v 0.04464222 -0.20658510 0.13127562
v 0.04464222 -0.20728768 0.13146383
v 0.04464222 -0.20733911 0.13158775
v 0.04464222 -0.20691067 0.13147318
v 0.04464222 -0.20647814 0.13135745
v 0.04464222 -0.20694457 0.13148195
v 0.04464222 -0.20688729 0.13169529
v 0.04464222 -0.20735665 0.13172101
v 0.04464222 -0.20710005 0.13175199
v 0.04464222 -0.20733911 0.13185428
v 0.04464222 -0.20709011 0.13178940
v 0.04464222 -0.20728768 0.13197878
v 0.04464222 -0.20708135 0.13182330
v 0.04464222 -0.20686859 0.13176602
v 0.04464222 -0.20681130 0.13197936
v 0.04464222 -0.20720643 0.13208516
v 0.04464222 -0.20709947 0.13216699
v 0.04464222 -0.20647814 0.13208516
v 0.04464222 -0.20697555 0.13221843
v 0.04464222 -0.20658510 0.13216699
v 0.04464222 -0.20684228 0.13223596
v 0.04464222 -0.20670902 0.13221843
v 0.04464222 -0.20687326 0.13146325
v 0.04464222 -0.20681598 0.13167601
v 0.04489940 -0.20709947 0.13127562
v 0.04489940 -0.20670902 0.13122418
v 0.04489940 -0.20720643 0.13135745
v 0.04489940 -0.20658510 0.13127562
v 0.04489940 -0.20728768 0.13146383
v 0.04489940 -0.20647814 0.13135745
v 0.04489940 -0.20733911 0.13158775
v 0.04489940 -0.20735665 0.13172101
v 0.04489940 -0.20639689 0.13146383
v 0.04489940 -0.20634545 0.13158775
v 0.04489940 -0.20733911 0.13185428
v 0.04489940 -0.20728768 0.13197878
v 0.04489940 -0.20632792 0.13172101
v 0.04489940 -0.20720643 0.13208516
v 0.04489940 -0.20634545 0.13185428
v 0.04489940 -0.20639689 0.13197878
v 0.04489940 -0.20709947 0.13216699
v 0.04489940 -0.20697555 0.13221843
v 0.04489940 -0.20647814 0.13208516
v 0.04489940 -0.20658510 0.13216699
v 0.04489940 -0.20684228 0.13223596
v 0.04489940 -0.20670902 0.13221843
v -0.07297146 -0.20912829 0.01545287
v -0.07297146 -0.20910900 0.01530616
v -0.07297146 -0.20910900 0.01559958
v -0.07345777 -0.20912829 0.01545287
v -0.07345777 -0.20910900 0.01530616
v -0.07297146 -0.20905230 0.01516939
v -0.07297146 -0.20884480 0.01496189
v -0.07297146 -0.20896229 0.01505190
v -0.07297146 -0.20827783 0.01594444
v -0.07297146 -0.20841460 0.01600114
v -0.07297146 -0.20856131 0.01602043
v -0.07297146 -0.20870803 0.01600114
v -0.07297146 -0.20884480 0.01594444
v -0.07297146 -0.20896229 0.01585443
v -0.07297146 -0.20905230 0.01573694
v -0.07297146 -0.20816034 0.01585443
v -0.07297146 -0.20799376 0.01545287
v -0.07297146 -0.20801305 0.01530616
v -0.07297146 -0.20801305 0.01559958
v -0.07297146 -0.20806975 0.01573694
v -0.07297146 -0.20806975 0.01516939
v -0.07297146 -0.20816034 0.01505190
v -0.07297146 -0.20827783 0.01496189
v -0.07297146 -0.20841460 0.01490519
v -0.07297146 -0.20856131 0.01488590
v -0.07297146 -0.20870803 0.01490519
v -0.07345777 -0.20910900 0.01559958
v -0.07345777 -0.20905230 0.01516939
v -0.07345777 -0.20905230 0.01573694
v -0.07345777 -0.20896229 0.01505190
v -0.07345777 -0.20816034 0.01585443
v -0.07345777 -0.20827783 0.01594444
v -0.07345777 -0.20841460 0.01600114
v -0.07345777 -0.20856131 0.01602043
v -0.07345777 -0.20870803 0.01600114
v -0.07345777 -0.20884480 0.01594444
v -0.07345777 -0.20896229 0.01585443
v -0.07345777 -0.20884480 0.01496189
v -0.07345777 -0.20870803 0.01490519
v -0.07345777 -0.20856131 0.01488590
v -0.07345777 -0.20841460 0.01490519
v -0.07345777 -0.20827783 0.01496189
v -0.07345777 -0.20816034 0.01505190
v -0.07345777 -0.20806975 0.01516939
v -0.07345777 -0.20801305 0.01530616
v -0.07345777 -0.20799376 0.01545287
v -0.07345777 -0.20801305 0.01559958
v -0.07345777 -0.20806975 0.01573694
v -0.07402532 -0.20775061 -0.00318526
v -0.07402532 -0.20937144 -0.00318526
v 0.03047964 -0.08769896 0.00470381
v 0.03047964 -0.08769896 0.00875560
v 0.03047964 -0.08769896 0.00429875
v 0.03096361 -0.08765337 0.00429875
v 0.03096361 -0.08765337 0.00875560
v 0.02935037 -0.08780592 0.00656780
v 0.02935037 -0.08780592 0.00689220
v 0.02935037 -0.08780592 0.00470381
v 0.02935037 -0.08780592 0.00875560
v 0.02933050 -0.08759609 -0.00866734
v 0.02933050 -0.08759609 -0.00380484
v 0.03094374 -0.08744353 -0.00380484
v 0.03094374 -0.08744353 -0.00866734
v 0.03003658 -0.08743184 0.01515477
v 0.02989689 -0.08744470 0.01507411
v 0.03015758 -0.08742015 0.01494435
v 0.03023824 -0.08741255 0.01480407
v 0.03035923 -0.08740145 0.01459365
v 0.03021953 -0.08741430 0.01451240
v 0.02980804 -0.08745347 0.01474153
v 0.03001788 -0.08743359 0.01486311
v 0.02988870 -0.08744587 0.01460125
v 0.03009854 -0.08742599 0.01472282
v 0.03036741 -0.08740028 0.01506593
v 0.03044808 -0.08739268 0.01492565
v 0.03903213 -0.09916170 0.01153376
v 0.03902570 -0.09909565 0.01103050
v 0.03902570 -0.09909565 0.01203702
v 0.04058574 -0.20472287 -0.13377321
v 0.04053489 -0.20472754 -0.13364930
v 0.04061029 -0.20497888 -0.13377321
v 0.04055886 -0.20498355 -0.13364930
v 0.04102296 -0.20493972 -0.13325826
v 0.04098905 -0.20494322 -0.13326703
v 0.04105393 -0.20493738 -0.13300167
v 0.04092125 -0.20494965 -0.13301920
v 0.04095223 -0.20494673 -0.13327697
v 0.04079734 -0.20496134 -0.13307064
v 0.04100893 -0.20494147 -0.13349031
v 0.04079675 -0.20496134 -0.13354701
v 0.04081604 -0.20495959 -0.13361832
v 0.04092125 -0.20494965 -0.13401286
v 0.04079734 -0.20496134 -0.13396201
v 0.04061029 -0.20497888 -0.13325885
v 0.04069154 -0.20497128 -0.13388018
v 0.04055886 -0.20498355 -0.13338276
v 0.04054132 -0.20498531 -0.13351603
v 0.04154843 -0.20489003 -0.13338276
v 0.04156596 -0.20488886 -0.13351603
v 0.04149757 -0.20489529 -0.13325885
v 0.04141633 -0.20490289 -0.13315247
v 0.04154843 -0.20489003 -0.13364930
v 0.04130995 -0.20491283 -0.13307064
v 0.04149757 -0.20489529 -0.13377321
v 0.04130176 -0.20491341 -0.13345115
v 0.04118662 -0.20492452 -0.13301920
v 0.04129183 -0.20491458 -0.13341374
v 0.04107965 -0.20493446 -0.13347102
v 0.04131053 -0.20491283 -0.13348505
v 0.04130995 -0.20491283 -0.13396201
v 0.04109894 -0.20493270 -0.13354233
v 0.04115564 -0.20492744 -0.13375509
v 0.04118662 -0.20492452 -0.13401286
v 0.04111823 -0.20493095 -0.13376503
v 0.04108491 -0.20493387 -0.13377438
v 0.04105393 -0.20493738 -0.13403040
v 0.04102763 -0.20493972 -0.13356104
v 0.04080610 -0.20496076 -0.13358091
v 0.04051736 -0.20472929 -0.13351603
v 0.04152446 -0.20463402 -0.13338276
v 0.04147302 -0.20463870 -0.13325885
v 0.04154200 -0.20463227 -0.13351603
v 0.04152446 -0.20463402 -0.13364930
v 0.04139178 -0.20464688 -0.13315247
v 0.04147302 -0.20463870 -0.13377321
v 0.04128598 -0.20465682 -0.13307064
v 0.04139178 -0.20464688 -0.13388018
v 0.04116207 -0.20466851 -0.13301920
v 0.04102938 -0.20468078 -0.13300167
v 0.04128598 -0.20465682 -0.13396201
v 0.04116207 -0.20466851 -0.13401286
v 0.04089670 -0.20469364 -0.13301920
v 0.04077337 -0.20470533 -0.13307064
v 0.04102938 -0.20468078 -0.13403040
v 0.04089670 -0.20469364 -0.13401286
v 0.04066758 -0.20471527 -0.13315247
v 0.04077337 -0.20470533 -0.13396201
v 0.04058574 -0.20472287 -0.13325885
v 0.04066758 -0.20471527 -0.13388018
v 0.04053489 -0.20472754 -0.13338276
v 0.04486667 -0.20685865 -0.14439193
v 0.04486667 -0.20699192 -0.14437439
v 0.04460948 -0.20685865 -0.14439193
v 0.04460948 -0.20699192 -0.14437439
v 0.04460948 -0.20661959 -0.14397927
v 0.04460948 -0.20641267 -0.14413475
v 0.04460948 -0.20683235 -0.14392257
v 0.04460948 -0.20688963 -0.14413533
v 0.04460948 -0.20649450 -0.14424113
v 0.04460948 -0.20692704 -0.14412540
v 0.04460948 -0.20672538 -0.14338015
v 0.04460948 -0.20660147 -0.14343159
v 0.04460948 -0.20685865 -0.14336262
v 0.04460948 -0.20699192 -0.14338015
v 0.04460948 -0.20649450 -0.14351342
v 0.04460948 -0.20711583 -0.14343159
v 0.04460948 -0.20641267 -0.14361980
v 0.04460948 -0.20679026 -0.14362915
v 0.04460948 -0.20722221 -0.14351342
v 0.04460948 -0.20682767 -0.14361921
v 0.04460948 -0.20730404 -0.14361980
v 0.04460948 -0.20688437 -0.14383197
v 0.04460948 -0.20709771 -0.14377528
v 0.04460948 -0.20710648 -0.14380918
v 0.04460948 -0.20735548 -0.14374430
v 0.04460948 -0.20711642 -0.14384600
v 0.04460948 -0.20737301 -0.14387698
v 0.04460948 -0.20690366 -0.14390328
v 0.04460948 -0.20735548 -0.14401025
v 0.04460948 -0.20696035 -0.14411604
v 0.04460948 -0.20660147 -0.14432296
v 0.04460948 -0.20730404 -0.14413475
v 0.04460948 -0.20722221 -0.14424113
v 0.04460948 -0.20672538 -0.14437439
v 0.04460948 -0.20711583 -0.14432296
v 0.04460948 -0.20675636 -0.14363850
v 0.04460948 -0.20636124 -0.14374430
v 0.04460948 -0.20634370 -0.14387698
v 0.04460948 -0.20681364 -0.14385126
v 0.04460948 -0.20660030 -0.14390854
v 0.04460948 -0.20636124 -0.14401025
v 0.04460948 -0.20661023 -0.14394537
v 0.04486667 -0.20711583 -0.14432296
v 0.04486667 -0.20672538 -0.14338015
v 0.04486667 -0.20685865 -0.14336262
v 0.04486667 -0.20660147 -0.14343159
v 0.04486667 -0.20699192 -0.14338015
v 0.04486667 -0.20649450 -0.14351342
v 0.04486667 -0.20641267 -0.14361980
v 0.04486667 -0.20711583 -0.14343159
v 0.04486667 -0.20722221 -0.14351342
v 0.04486667 -0.20636124 -0.14374430
v 0.04486667 -0.20634370 -0.14387698
v 0.04486667 -0.20730404 -0.14361980
v 0.04486667 -0.20636124 -0.14401025
v 0.04486667 -0.20735548 -0.14374430
v 0.04486667 -0.20737301 -0.14387698
v 0.04486667 -0.20641267 -0.14413475
v 0.04486667 -0.20649450 -0.14424113
v 0.04486667 -0.20735548 -0.14401025
v 0.04486667 -0.20730404 -0.14413475
v 0.04486667 -0.20660147 -0.14432296
v 0.04486667 -0.20722221 -0.14424113
v 0.04486667 -0.20672538 -0.14437439
v 0.04235914 -0.20455511 -0.13814824
v 0.04222645 -0.20456797 -0.13813070
v 0.04238310 -0.20481113 -0.13814824
v 0.04225042 -0.20482398 -0.13813070
v 0.04262099 -0.20478891 -0.13773558
v 0.04282674 -0.20476963 -0.13789047
v 0.04240940 -0.20480879 -0.13767830
v 0.04235212 -0.20481405 -0.13789164
v 0.04274549 -0.20477722 -0.13799744
v 0.04231530 -0.20481814 -0.13788170
v 0.04251578 -0.20479885 -0.13713646
v 0.04263911 -0.20478716 -0.13718790
v 0.04238310 -0.20481113 -0.13711892
v 0.04225042 -0.20482398 -0.13713646
v 0.04274549 -0.20477722 -0.13726973
v 0.04212709 -0.20483567 -0.13718790
v 0.04282674 -0.20476963 -0.13737611
v 0.04245149 -0.20480470 -0.13738546
v 0.04202071 -0.20484561 -0.13726973
v 0.04241408 -0.20480820 -0.13737552
v 0.04193946 -0.20485321 -0.13737611
v 0.04235738 -0.20481405 -0.13758828
v 0.04214521 -0.20483392 -0.13753159
v 0.04213644 -0.20483451 -0.13756490
v 0.04188861 -0.20485847 -0.13750002
v 0.04212650 -0.20483567 -0.13760231
v 0.04187107 -0.20485964 -0.13763329
v 0.04233809 -0.20481580 -0.13765959
v 0.04188861 -0.20485847 -0.13776656
v 0.04228140 -0.20482106 -0.13787235
v 0.04263911 -0.20478716 -0.13807927
v 0.04193946 -0.20485321 -0.13789047
v 0.04202071 -0.20484561 -0.13799744
v 0.04251578 -0.20479885 -0.13813070
v 0.04212709 -0.20483567 -0.13807927
v 0.04248480 -0.20480177 -0.13739423
v 0.04287818 -0.20476437 -0.13750002
v 0.04289571 -0.20476320 -0.13763329
v 0.04242811 -0.20480703 -0.13760757
v 0.04264028 -0.20478716 -0.13766427
v 0.04287818 -0.20476437 -0.13776656
v 0.04263035 -0.20478833 -0.13770168
v 0.04210312 -0.20457966 -0.13807927
v 0.04249182 -0.20454284 -0.13713646
v 0.04235914 -0.20455511 -0.13711892
v 0.04261515 -0.20453115 -0.13718790
v 0.04222645 -0.20456797 -0.13713646
v 0.04272153 -0.20452121 -0.13726973
v 0.04280278 -0.20451303 -0.13737611
v 0.04210312 -0.20457966 -0.13718790
v 0.04199674 -0.20458960 -0.13726973
v 0.04285363 -0.20450835 -0.13750002
v 0.04287116 -0.20450660 -0.13763329
v 0.04191550 -0.20459720 -0.13737611
v 0.04285363 -0.20450835 -0.13776656
v 0.04186406 -0.20460187 -0.13750002
v 0.04184652 -0.20460363 -0.13763329
v 0.04280278 -0.20451303 -0.13789047
v 0.04272153 -0.20452121 -0.13799744
v 0.04186406 -0.20460187 -0.13776656
v 0.04191550 -0.20459720 -0.13789047
v 0.04261515 -0.20453115 -0.13807927
v 0.04199674 -0.20458960 -0.13799744
v 0.04249182 -0.20454284 -0.13813070
v 0.04486667 -0.20503265 -0.13872807
v 0.04486667 -0.20503265 -0.14490337
v 0.04460948 -0.20816794 -0.13971471
v 0.04460948 -0.20795460 -0.13965802
v 0.04475853 -0.20817379 -0.13972524
v 0.04475853 -0.20800954 -0.13968081
v 0.04460948 -0.20793589 -0.13972874
v 0.04475853 -0.20799493 -0.13973576
v 0.04460948 -0.20794466 -0.13969484
v 0.04475853 -0.20800194 -0.13971004
v 0.04475853 -0.20821763 -0.13956099
v 0.04460948 -0.20822464 -0.13950195
v 0.04475853 -0.20824393 -0.13956800
v 0.04475853 -0.20815917 -0.13978018
v 0.04475853 -0.20811534 -0.13994443
v 0.04475853 -0.20814398 -0.13995202
v 0.04475853 -0.20816970 -0.13995904
v 0.04475853 -0.20827257 -0.13957560
v 0.04475853 -0.20822873 -0.13973985
v 0.04475853 -0.20821412 -0.13979479
v 0.04475853 -0.20839298 -0.13978369
v 0.04475853 -0.20838596 -0.13980999
v 0.04475853 -0.20837836 -0.13983863
v 0.04460948 -0.20814865 -0.13978602
v 0.04460948 -0.20825854 -0.13951072
v 0.04460948 -0.20829595 -0.13952066
v 0.04460948 -0.20823867 -0.13973400
v 0.04460948 -0.20845201 -0.13979070
v 0.04460948 -0.20843272 -0.13986201
v 0.04460948 -0.20844266 -0.13982460
v 0.04460948 -0.20821996 -0.13980473
v 0.04460948 -0.20816268 -0.14001807
v 0.04460948 -0.20812878 -0.14000872
v 0.04460948 -0.20809196 -0.13999878
v 0.04486667 -0.20863964 -0.14001690
v 0.04486667 -0.20869108 -0.13989299
v 0.04460948 -0.20863964 -0.14001690
v 0.04460948 -0.20869108 -0.13989299
v 0.04460948 -0.20819366 -0.13924536
v 0.04460948 -0.20832693 -0.13926289
v 0.04460948 -0.20845143 -0.13931433
v 0.04460948 -0.20832693 -0.14025714
v 0.04460948 -0.20845143 -0.14020570
v 0.04460948 -0.20863964 -0.13950254
v 0.04460948 -0.20855781 -0.14012387
v 0.04460948 -0.20869108 -0.13962645
v 0.04460948 -0.20870861 -0.13975972
v 0.04460948 -0.20769683 -0.13962645
v 0.04460948 -0.20767930 -0.13975972
v 0.04460948 -0.20774827 -0.13950254
v 0.04460948 -0.20783010 -0.13939616
v 0.04460948 -0.20769683 -0.13989299
v 0.04460948 -0.20793648 -0.13931433
v 0.04460948 -0.20774827 -0.14001690
v 0.04460948 -0.20806098 -0.13926289
v 0.04460948 -0.20793648 -0.14020570
v 0.04460948 -0.20806098 -0.14025714
v 0.04460948 -0.20819366 -0.14027467
v 0.04486667 -0.20870861 -0.13975972
v 0.04486667 -0.20769683 -0.13962645
v 0.04486667 -0.20774827 -0.13950254
v 0.04486667 -0.20767930 -0.13975972
v 0.04486667 -0.20769683 -0.13989299
v 0.04486667 -0.20783010 -0.13939616
v 0.04486667 -0.20774827 -0.14001690
v 0.04486667 -0.20793648 -0.13931433
v 0.04486667 -0.20783010 -0.14012387
v 0.04486667 -0.20806098 -0.13926289
v 0.04486667 -0.20819366 -0.13924536
v 0.04486667 -0.20793648 -0.14020570
v 0.04486667 -0.20806098 -0.14025714
v 0.04486667 -0.20832693 -0.13926289
v 0.04486667 -0.20845143 -0.13931433
v 0.04486667 -0.20819366 -0.14027467
v 0.04486667 -0.20832693 -0.14025714
v 0.04486667 -0.20855781 -0.13939616
v 0.04486667 -0.20845143 -0.14020570
v 0.04486667 -0.20863964 -0.13950254
v 0.04486667 -0.20855781 -0.14012387
v 0.04486667 -0.20869108 -0.13962645
f 1 2 3
f 4 3 2
f 2 3 4
f 3 2 1
f 5 6 7
f 6 8 7
f 9 7 8
f 6 5 10
f 10 5 11
f 12 11 5
f 13 14 6
f 8 6 14
f 15 13 10
f 6 10 13
f 15 10 16
f 11 16 10
f 12 17 11
f 16 11 17
f 18 17 5
f 12 5 17
f 18 5 19
f 7 19 5
f 19 7 20
f 9 20 7
f 14 20 8
f 9 8 20
f 19 15 18
f 18 15 17
f 16 17 15
f 15 19 13
f 13 19 14
f 20 14 19
f 5 11 12
f 11 5 10
f 10 5 6
f 8 7 9
f 7 8 6
f 7 6 5
f 14 6 8
f 6 14 13
f 13 10 6
f 10 13 15
f 10 16 11
f 16 10 15
f 17 11 16
f 11 17 12
f 17 5 12
f 5 17 18
f 5 19 7
f 19 5 18
f 7 20 9
f 20 7 19
f 20 8 9
f 8 20 14
f 19 14 20
f 14 19 13
f 13 19 15
f 15 17 16
f 17 15 18
f 18 15 19
f 21 22 23
f 22 21 24
f 24 25 26
f 25 24 21
f 27 23 28
f 23 27 21
f 21 29 25
f 29 21 30
f 29 30 31
f 30 21 27
f 30 27 32
f 30 32 33
f 30 33 34
f 30 34 35
f 30 35 36
f 30 36 37
f 30 37 38
f 31 30 39
f 31 39 40
f 31 40 41
f 31 41 42
f 42 41 43
f 42 43 44
f 44 43 45
f 45 43 46
f 45 46 47
f 47 46 48
f 47 48 49
f 49 48 50
f 49 50 51
f 51 50 52
f 51 52 53
f 53 52 54
f 53 54 55
f 55 54 56
f 55 56 57
f 57 56 58
f 57 58 59
f 59 58 60
f 59 60 61
f 61 60 62
f 61 62 63
f 29 26 25
f 26 29 64
f 65 26 64
f 26 65 66
f 26 66 24
f 24 66 22
f 22 66 23
f 23 66 28
f 28 66 67
f 67 66 68
f 68 66 69
f 69 66 70
f 70 66 71
f 71 66 72
f 72 66 73
f 66 65 74
f 74 65 75
f 75 65 76
f 76 65 77
f 76 77 78
f 78 77 79
f 78 79 80
f 78 80 81
f 81 80 82
f 81 82 83
f 83 82 84
f 83 84 85
f 85 84 86
f 85 86 87
f 87 86 88
f 87 88 89
f 89 88 90
f 89 90 91
f 91 90 92
f 91 92 93
f 93 92 94
f 93 94 95
f 95 94 96
f 95 96 97
f 97 96 98
f 66 99 73
f 99 66 100
f 22 101 24
f 32 28 67
f 28 32 27
f 99 38 73
f 38 99 30
f 30 99 100
f 30 100 66
f 30 74 66
f 74 30 39
f 40 74 75
f 74 40 39
f 41 75 76
f 75 41 40
f 43 76 78
f 76 43 41
f 46 78 81
f 78 46 43
f 48 81 83
f 81 48 46
f 50 83 85
f 83 50 48
f 87 50 85
f 50 87 52
f 89 52 87
f 52 89 54
f 91 54 89
f 54 91 56
f 93 56 91
f 56 93 58
f 95 58 93
f 58 95 60
f 97 60 95
f 60 97 62
f 98 62 97
f 62 98 63
f 96 63 98
f 63 96 61
f 94 61 96
f 61 94 59
f 92 59 94
f 59 92 57
f 90 57 92
f 57 90 55
f 88 55 90
f 55 88 53
f 86 53 88
f 53 86 51
f 49 86 84
f 86 49 51
f 47 84 82
f 84 47 49
f 45 82 80
f 82 45 47
f 44 80 79
f 80 44 45
f 42 79 77
f 79 42 44
f 31 77 65
f 77 31 42
f 29 65 64
f 65 29 31
f 33 67 68
f 67 33 32
f 34 68 69
f 68 34 33
f 70 34 69
f 34 70 35
f 71 35 70
f 35 71 36
f 72 36 71
f 36 72 37
f 73 37 72
f 37 73 38
f 102 99 100
f 103 104 105
f 104 103 106
f 106 103 107
f 107 108 109
f 108 107 110
f 110 107 103
f 111 109 112
f 109 111 107
f 107 113 106
f 113 107 111
f 104 113 114
f 113 104 106
f 104 115 105
f 115 104 114
f 103 115 116
f 115 103 105
f 116 110 103
f 110 116 117
f 108 117 118
f 117 108 110
f 109 118 112
f 118 109 108
f 117 112 118
f 112 117 111
f 117 113 111
f 113 117 116
f 113 115 114
f 115 113 116
f 103 107 110
f 110 107 108
f 109 108 107
f 107 103 106
f 106 103 104
f 105 104 103
f 107 111 109
f 112 109 111
f 111 107 113
f 106 113 107
f 106 104 113
f 114 113 104
f 114 104 115
f 105 115 104
f 105 103 115
f 116 115 103
f 117 116 110
f 103 110 116
f 110 108 117
f 118 117 108
f 108 109 118
f 112 118 109
f 111 117 112
f 118 112 117
f 116 117 113
f 111 113 117
f 116 113 115
f 114 115 113
f 64 119 120
f 121 120 119
f 119 122 123
f 123 122 26
f 26 122 124
f 125 124 122
f 122 119 126
f 126 119 127
f 119 64 127
f 128 127 64
f 129 130 122
f 125 122 130
f 131 127 128
f 127 131 132
f 123 133 134
f 133 123 26
f 135 132 129
f 129 132 130
f 130 132 136
f 131 136 132
f 131 137 136
f 137 131 128
f 135 137 126
f 137 135 136
f 138 139 140
f 140 139 141
f 142 141 139
f 139 138 143
f 143 138 144
f 145 144 138
f 139 146 142
f 147 142 146
f 146 139 148
f 143 148 139
f 143 144 148
f 149 148 144
f 149 144 150
f 145 150 144
f 145 138 150
f 151 150 138
f 152 151 140
f 138 140 151
f 140 141 152
f 153 152 141
f 141 142 153
f 147 153 142
f 146 152 147
f 153 147 152
f 151 152 148
f 146 148 152
f 151 148 150
f 149 150 148
f 138 144 145
f 144 138 143
f 143 138 139
f 139 141 142
f 141 139 140
f 140 139 138
f 146 142 147
f 142 146 139
f 139 148 143
f 148 139 146
f 144 148 149
f 148 144 143
f 144 150 145
f 150 144 149
f 138 150 151
f 150 138 145
f 151 140 138
f 140 151 152
f 141 152 153
f 152 141 140
f 142 153 147
f 153 142 141
f 152 147 153
f 147 152 146
f 152 148 146
f 148 152 151
f 148 150 149
f 150 148 151
f 29 154 155
f 154 156 155
f 156 157 155
f 157 158 155
f 155 158 159
f 25 159 158
f 160 161 159
f 155 159 161
f 157 162 158
f 163 158 162
f 164 165 166
f 166 165 157
f 157 165 156
f 154 156 165
f 161 160 167
f 168 167 160
f 165 169 164
f 169 170 164
f 164 170 166
f 171 166 170
f 158 159 25
f 159 158 155
f 155 158 157
f 155 157 156
f 155 156 154
f 155 154 29
f 161 159 155
f 159 161 160
f 162 158 163
f 158 162 157
f 165 156 154
f 156 165 157
f 157 165 166
f 166 165 164
f 160 167 168
f 167 160 161
f 170 166 171
f 166 170 164
f 164 170 169
f 164 169 165
f 172 3 173
f 3 172 1
f 174 175 176
f 175 174 177
f 175 177 178
f 175 178 179
f 175 179 180
f 175 180 181
f 175 181 182
f 175 182 183
f 175 183 184
f 175 184 185
f 175 185 186
f 175 186 187
f 175 187 188
f 175 188 189
f 175 189 190
f 175 190 191
f 175 191 173
f 175 173 3
f 192 173 191
f 173 192 172
f 193 194 195
f 194 193 196
f 196 193 197
f 197 193 198
f 198 193 199
f 199 193 200
f 200 193 201
f 201 193 202
f 202 193 203
f 203 193 204
f 204 193 205
f 205 193 206
f 206 193 207
f 207 193 208
f 208 193 209
f 209 193 192
f 192 193 172
f 172 193 1
f 3 193 175
f 193 3 1
f 204 184 203
f 184 204 185
f 205 185 204
f 185 205 186
f 205 187 186
f 187 205 206
f 206 188 187
f 188 206 207
f 207 189 188
f 189 207 208
f 208 190 189
f 190 208 209
f 209 191 190
f 191 209 192
f 193 176 175
f 176 193 195
f 194 176 195
f 176 194 174
f 196 174 194
f 174 196 177
f 197 177 196
f 177 197 178
f 198 178 197
f 178 198 179
f 199 179 198
f 179 199 180
f 200 180 199
f 180 200 181
f 201 181 200
f 181 201 182
f 202 182 201
f 182 202 183
f 203 183 202
f 183 203 184
f 210 211 212
f 213 212 211
f 1 211 2
f 210 2 211
f 4 2 212
f 210 212 2
f 213 3 212
f 4 212 3
f 1 3 211
f 213 211 3
f 214 215 216
f 217 216 215
f 216 217 218
f 217 219 218
f 219 220 218
f 220 221 218
f 221 222 218
f 222 223 218
f 223 224 218
f 224 225 218
f 225 226 218
f 226 227 218
f 227 228 218
f 228 229 218
f 229 230 218
f 230 231 218
f 231 232 218
f 232 233 218
f 233 234 218
f 235 218 234
f 215 236 217
f 219 217 236
f 214 237 215
f 215 237 236
f 236 237 238
f 238 237 239
f 239 237 240
f 240 237 241
f 241 237 242
f 242 237 243
f 243 237 244
f 244 237 245
f 245 237 246
f 246 237 247
f 247 237 248
f 248 237 249
f 249 237 250
f 250 237 251
f 251 237 252
f 253 252 237
f 214 216 237
f 218 237 216
f 225 243 226
f 244 226 243
f 224 242 225
f 243 225 242
f 241 242 223
f 224 223 242
f 240 241 222
f 223 222 241
f 239 240 221
f 222 221 240
f 238 239 220
f 221 220 239
f 236 238 219
f 220 219 238
f 253 237 235
f 218 235 237
f 234 252 235
f 253 235 252
f 233 251 234
f 252 234 251
f 232 250 233
f 251 233 250
f 231 249 232
f 250 232 249
f 230 248 231
f 249 231 248
f 229 247 230
f 248 230 247
f 228 246 229
f 247 229 246
f 227 245 228
f 246 228 245
f 226 244 227
f 245 227 244
f 167 155 161
f 155 167 29
f 29 165 154
f 165 29 167
f 165 167 164
f 164 167 166
f 166 158 157
f 158 166 25
f 25 166 168
f 168 166 167
f 162 166 157
f 166 162 171
f 169 254 165
f 154 165 254
f 25 168 159
f 160 159 168
f 169 255 254
f 255 169 162
f 162 169 171
f 171 169 170
f 154 254 156
f 255 156 254
f 255 170 156
f 164 156 170
f 124 133 26
f 133 124 120
f 120 124 125
f 120 125 137
f 120 137 128
f 120 128 64
f 121 133 120
f 133 121 134
f 130 124 256
f 124 130 125
f 127 137 128
f 137 127 125
f 125 127 122
f 122 127 126
f 134 119 123
f 119 134 121
f 135 122 129
f 122 135 126
f 126 135 132
f 126 132 127
f 64 128 120
f 128 137 120
f 137 125 120
f 125 124 120
f 120 124 133
f 26 133 124
f 134 121 133
f 120 133 121
f 125 130 124
f 256 124 130
f 126 127 122
f 122 127 125
f 125 127 137
f 128 137 127
f 121 134 119
f 123 119 134
f 127 132 126
f 132 135 126
f 126 135 122
f 129 122 135
f 257 258 259
f 258 257 260
f 258 261 262
f 261 258 260
f 261 263 262
f 263 261 264
f 260 257 258
f 259 258 257
f 260 258 261
f 262 261 258
f 264 261 263
f 262 263 261
f 261 257 264
f 257 261 260
f 257 263 264
f 263 257 259
f 258 263 259
f 263 258 262
f 265 127 165
f 127 265 266
f 166 127 122
f 127 166 165
f 267 166 122
f 166 267 268
f 269 270 271
f 270 269 272
f 273 274 275
f 276 275 274
f 274 275 276
f 275 274 273
f 277 278 279
f 280 279 278
f 278 279 280
f 279 278 277
f 281 282 283
f 282 284 283
f 283 284 285
f 284 286 285
f 286 287 285
f 287 288 285
f 285 288 289
f 288 290 289
f 290 291 289
f 291 292 289
f 292 293 289
f 289 293 294
f 293 295 294
f 295 296 294
f 296 297 294
f 298 294 297
f 299 300 301
f 301 300 302
f 300 303 302
f 303 304 302
f 302 304 305
f 304 306 305
f 305 306 307
f 306 308 307
f 308 309 307
f 307 309 310
f 310 309 311
f 312 311 309
f 278 280 313
f 313 280 314
f 314 280 315
f 280 316 315
f 315 316 317
f 316 318 317
f 318 319 317
f 317 319 283
f 283 319 281
f 281 319 320
f 320 319 321
f 321 319 322
f 322 319 323
f 323 319 324
f 324 319 325
f 325 319 326
f 326 319 327
f 327 319 328
f 328 319 329
f 329 319 330
f 319 331 330
f 330 331 297
f 297 331 298
f 302 305 331
f 298 331 305
f 319 318 301
f 301 318 299
f 299 318 332
f 318 333 332
f 333 334 332
f 334 335 332
f 335 336 332
f 336 337 332
f 337 338 332
f 338 339 332
f 339 340 332
f 340 341 332
f 341 342 332
f 342 343 332
f 343 344 332
f 344 345 332
f 346 303 345
f 332 345 303
f 334 333 347
f 347 333 348
f 348 333 349
f 333 350 349
f 349 350 351
f 351 350 352
f 352 350 353
f 350 354 353
f 353 354 355
f 355 354 356
f 356 354 357
f 354 358 357
f 357 358 359
f 359 358 360
f 360 358 346
f 358 304 346
f 303 346 304
f 304 346 303
f 346 304 358
f 346 358 360
f 360 358 359
f 359 358 357
f 357 358 354
f 357 354 356
f 356 354 355
f 355 354 353
f 353 354 350
f 353 350 352
f 352 350 351
f 351 350 349
f 349 350 333
f 349 333 348
f 348 333 347
f 347 333 334
f 303 345 332
f 345 303 346
f 332 345 344
f 332 344 343
f 332 343 342
f 332 342 341
f 332 341 340
f 332 340 339
f 332 339 338
f 332 338 337
f 332 337 336
f 332 336 335
f 332 335 334
f 332 334 333
f 332 333 318
f 332 318 299
f 299 318 301
f 301 318 319
f 305 331 298
f 331 305 302
f 298 331 297
f 297 331 330
f 330 331 319
f 330 319 329
f 329 319 328
f 328 319 327
f 327 319 326
f 326 319 325
f 325 319 324
f 324 319 323
f 323 319 322
f 322 319 321
f 321 319 320
f 320 319 281
f 281 319 283
f 283 319 317
f 317 319 318
f 317 318 316
f 317 316 315
f 315 316 280
f 315 280 314
f 314 280 313
f 313 280 278
f 309 311 312
f 311 309 310
f 310 309 307
f 307 309 308
f 307 308 306
f 307 306 305
f 305 306 304
f 305 304 302
f 302 304 303
f 302 303 300
f 302 300 301
f 301 300 299
f 297 294 298
f 294 297 296
f 294 296 295
f 294 295 293
f 294 293 289
f 289 293 292
f 289 292 291
f 289 291 290
f 289 290 288
f 289 288 285
f 285 288 287
f 285 287 286
f 285 286 284
f 285 284 283
f 283 284 282
f 283 282 281
f 361 313 277
f 278 277 313
f 313 277 278
f 277 313 361
f 279 280 362
f 316 362 280
f 280 362 316
f 362 280 279
f 363 314 361
f 313 361 314
f 314 361 313
f 361 314 363
f 364 315 363
f 314 363 315
f 315 363 314
f 363 315 364
f 365 317 364
f 315 364 317
f 317 364 315
f 364 317 365
f 366 283 365
f 317 365 283
f 283 365 317
f 365 283 366
f 366 367 283
f 285 283 367
f 367 283 285
f 283 367 366
f 367 368 285
f 289 285 368
f 368 285 289
f 285 368 367
f 368 369 289
f 294 289 369
f 369 289 294
f 289 369 368
f 370 298 369
f 294 369 298
f 298 369 294
f 369 298 370
f 370 371 298
f 305 298 371
f 371 298 305
f 298 371 370
f 305 371 307
f 372 307 371
f 371 307 372
f 307 371 305
f 372 373 307
f 310 307 373
f 373 307 310
f 307 373 372
f 373 374 310
f 311 310 374
f 374 310 311
f 310 374 373
f 374 375 311
f 312 311 375
f 375 311 312
f 311 375 374
f 375 376 312
f 309 312 376
f 376 312 309
f 312 376 375
f 309 376 308
f 377 308 376
f 376 308 377
f 308 376 309
f 308 377 306
f 378 306 377
f 377 306 378
f 306 377 308
f 378 379 306
f 304 306 379
f 379 306 304
f 306 379 378
f 379 380 304
f 358 304 380
f 380 304 358
f 304 380 379
f 380 381 358
f 354 358 381
f 381 358 354
f 358 381 380
f 381 382 354
f 350 354 382
f 382 354 350
f 354 382 381
f 382 383 350
f 333 350 383
f 383 350 333
f 350 383 382
f 383 384 333
f 318 333 384
f 384 333 318
f 333 384 383
f 316 318 362
f 384 362 318
f 318 362 384
f 362 318 316
f 385 337 386
f 336 386 337
f 337 386 336
f 386 337 385
f 334 347 335
f 347 348 335
f 335 348 336
f 348 349 336
f 336 349 337
f 349 351 337
f 351 387 337
f 387 388 337
f 337 388 338
f 338 388 339
f 388 389 339
f 389 390 339
f 339 390 340
f 390 391 340
f 341 340 391
f 351 352 387
f 352 392 387
f 393 387 392
f 352 353 392
f 392 353 394
f 394 353 395
f 353 355 395
f 355 356 395
f 395 356 396
f 396 356 397
f 356 357 397
f 397 357 342
f 342 357 343
f 357 359 343
f 343 359 344
f 359 360 344
f 344 360 345
f 346 345 360
f 398 397 391
f 391 397 341
f 342 341 397
f 397 341 342
f 341 397 391
f 391 397 398
f 360 345 346
f 345 360 344
f 344 360 359
f 344 359 343
f 343 359 357
f 343 357 342
f 342 357 397
f 397 357 356
f 397 356 396
f 396 356 395
f 395 356 355
f 395 355 353
f 395 353 394
f 394 353 392
f 392 353 352
f 392 387 393
f 387 392 352
f 387 352 351
f 391 340 341
f 340 391 390
f 340 390 339
f 339 390 389
f 339 389 388
f 339 388 338
f 338 388 337
f 337 388 387
f 337 387 351
f 337 351 349
f 337 349 336
f 336 349 348
f 336 348 335
f 335 348 347
f 335 347 334
f 399 400 337
f 336 337 400
f 400 337 336
f 337 400 399
f 337 385 338
f 401 338 385
f 385 338 401
f 338 385 337
f 402 403 404
f 403 405 404
f 404 405 386
f 405 406 386
f 386 406 385
f 406 407 385
f 407 408 385
f 408 409 385
f 385 409 401
f 401 409 410
f 409 411 410
f 411 412 410
f 410 412 413
f 412 414 413
f 415 413 414
f 407 416 408
f 416 417 408
f 418 408 417
f 416 419 417
f 417 419 420
f 420 419 421
f 419 422 421
f 422 423 421
f 421 423 424
f 424 423 425
f 423 426 425
f 425 426 427
f 427 426 428
f 426 429 428
f 428 429 430
f 429 431 430
f 430 431 432
f 433 432 431
f 434 425 414
f 414 425 415
f 427 415 425
f 425 415 427
f 415 425 414
f 414 425 434
f 431 432 433
f 432 431 430
f 430 431 429
f 430 429 428
f 428 429 426
f 428 426 427
f 427 426 425
f 425 426 423
f 425 423 424
f 424 423 421
f 421 423 422
f 421 422 419
f 421 419 420
f 420 419 417
f 417 419 416
f 417 408 418
f 408 417 416
f 408 416 407
f 414 413 415
f 413 414 412
f 413 412 410
f 410 412 411
f 410 411 409
f 410 409 401
f 401 409 385
f 385 409 408
f 385 408 407
f 385 407 406
f 385 406 386
f 386 406 405
f 386 405 404
f 404 405 403
f 404 403 402
f 386 336 404
f 335 404 336
f 336 404 335
f 404 336 386
f 342 341 427
f 415 427 341
f 341 427 415
f 427 341 342
f 435 436 342
f 341 342 436
f 436 342 341
f 342 436 435
f 342 427 343
f 428 343 427
f 427 343 428
f 343 427 342
f 435 342 437
f 343 437 342
f 342 437 343
f 437 342 435
f 343 428 344
f 430 344 428
f 428 344 430
f 344 428 343
f 343 344 437
f 438 437 344
f 344 437 438
f 437 344 343
f 430 432 344
f 345 344 432
f 432 344 345
f 344 432 430
f 438 344 439
f 345 439 344
f 344 439 345
f 439 344 438
f 432 433 345
f 346 345 433
f 433 345 346
f 345 433 432
f 439 345 440
f 346 440 345
f 345 440 346
f 440 345 439
f 346 433 360
f 431 360 433
f 433 360 431
f 360 433 346
f 346 360 440
f 441 440 360
f 360 440 441
f 440 360 346
f 431 429 360
f 359 360 429
f 429 360 359
f 360 429 431
f 441 360 442
f 359 442 360
f 360 442 359
f 442 360 441
f 429 426 359
f 357 359 426
f 426 359 357
f 359 426 429
f 442 359 443
f 357 443 359
f 359 443 357
f 443 359 442
f 357 426 356
f 423 356 426
f 426 356 423
f 356 426 357
f 443 357 444
f 356 444 357
f 357 444 356
f 444 357 443
f 355 356 422
f 423 422 356
f 356 422 423
f 422 356 355
f 444 356 445
f 355 445 356
f 356 445 355
f 445 356 444
f 353 355 419
f 422 419 355
f 355 419 422
f 419 355 353
f 446 445 353
f 355 353 445
f 445 353 355
f 353 445 446
f 352 353 416
f 419 416 353
f 353 416 419
f 416 353 352
f 447 446 352
f 353 352 446
f 446 352 353
f 352 446 447
f 351 352 407
f 416 407 352
f 352 407 416
f 407 352 351
f 448 447 351
f 352 351 447
f 447 351 352
f 351 447 448
f 351 407 349
f 406 349 407
f 407 349 406
f 349 407 351
f 448 351 449
f 349 449 351
f 351 449 349
f 449 351 448
f 405 348 406
f 349 406 348
f 348 406 349
f 406 348 405
f 348 450 349
f 449 349 450
f 450 349 449
f 349 450 348
f 403 347 405
f 348 405 347
f 347 405 348
f 405 347 403
f 347 451 348
f 450 348 451
f 451 348 450
f 348 451 347
f 402 334 403
f 347 403 334
f 334 403 347
f 403 334 402
f 452 451 334
f 347 334 451
f 451 334 347
f 334 451 452
f 404 335 402
f 334 402 335
f 335 402 334
f 402 335 404
f 335 453 334
f 452 334 453
f 453 334 452
f 334 453 335
f 336 400 335
f 453 335 400
f 400 335 453
f 335 400 336
f 399 337 454
f 338 454 337
f 337 454 338
f 454 337 399
f 339 338 410
f 401 410 338
f 338 410 401
f 410 338 339
f 455 454 339
f 338 339 454
f 454 339 338
f 339 454 455
f 340 339 413
f 410 413 339
f 339 413 410
f 413 339 340
f 456 455 340
f 339 340 455
f 455 340 339
f 340 455 456
f 341 340 415
f 413 415 340
f 340 415 413
f 415 340 341
f 436 456 341
f 340 341 456
f 456 341 340
f 341 456 436
f 457 458 459
f 460 459 458
f 458 459 460
f 459 458 457
f 458 461 460
f 462 460 461
f 461 460 462
f 460 461 458
f 463 464 465
f 466 467 468
f 468 467 469
f 467 458 469
f 458 461 469
f 469 461 465
f 465 461 463
f 461 470 463
f 471 463 470
f 458 467 457
f 457 467 458
f 470 463 471
f 463 470 461
f 463 461 465
f 465 461 469
f 469 461 458
f 469 458 467
f 469 467 468
f 468 467 466
f 465 464 463
f 457 459 467
f 472 467 459
f 459 467 472
f 467 459 457
f 461 470 462
f 473 462 470
f 470 462 473
f 462 470 461
f 466 467 474
f 472 474 467
f 467 474 472
f 474 467 466
f 474 475 466
f 468 466 475
f 475 466 468
f 466 475 474
f 469 468 476
f 475 476 468
f 468 476 475
f 476 468 469
f 469 476 465
f 477 465 476
f 476 465 477
f 465 476 469
f 465 477 464
f 478 464 477
f 477 464 478
f 464 477 465
f 463 464 479
f 478 479 464
f 464 479 478
f 479 464 463
f 471 463 480
f 479 480 463
f 463 480 479
f 480 463 471
f 470 471 473
f 480 473 471
f 471 473 480
f 473 471 470
f 481 482 483
f 484 483 482
f 482 483 484
f 483 482 481
f 485 486 487
f 486 485 488
f 488 485 486
f 487 486 485
f 489 490 491
f 492 491 490
f 493 494 490
f 492 490 494
f 495 489 496
f 491 496 489
f 494 497 492
f 497 498 492
f 498 499 492
f 499 500 492
f 500 501 492
f 501 502 492
f 502 503 492
f 503 504 492
f 504 505 492
f 505 506 492
f 506 507 492
f 507 508 492
f 508 509 492
f 509 510 492
f 510 511 492
f 511 512 492
f 512 513 492
f 513 514 492
f 514 515 492
f 515 516 492
f 516 517 492
f 517 518 492
f 518 519 492
f 519 520 492
f 492 520 491
f 496 491 520
f 521 522 508
f 509 508 522
f 490 491 492
f 491 490 489
f 494 490 492
f 490 494 493
f 489 496 491
f 496 489 495
f 520 491 496
f 491 520 492
f 492 520 519
f 492 519 518
f 492 518 517
f 492 517 516
f 492 516 515
f 492 515 514
f 492 514 513
f 492 513 512
f 492 512 511
f 492 511 510
f 492 510 509
f 492 509 508
f 492 508 507
f 492 507 506
f 492 506 505
f 492 505 504
f 492 504 503
f 492 503 502
f 492 502 501
f 492 501 500
f 492 500 499
f 492 499 498
f 492 498 497
f 492 497 494
f 522 508 509
f 508 522 521
f 523 524 525
f 524 523 526
f 526 523 527
f 526 527 528
f 528 527 529
f 528 529 530
f 528 530 531
f 531 530 532
f 532 530 533
f 532 533 534
f 532 534 535
f 535 534 536
f 536 534 537
f 536 537 538
f 538 537 539
f 538 539 540
f 538 540 541
f 541 540 542
f 541 542 543
f 543 542 544
f 543 544 545
f 545 544 546
f 546 544 545
f 545 544 543
f 544 542 543
f 543 542 541
f 542 540 541
f 541 540 538
f 540 539 538
f 539 537 538
f 538 537 536
f 537 534 536
f 536 534 535
f 535 534 532
f 534 533 532
f 533 530 532
f 532 530 531
f 531 530 528
f 530 529 528
f 529 527 528
f 528 527 526
f 527 523 526
f 526 523 524
f 525 524 523
f 547 548 549
f 549 548 550
f 548 551 550
f 550 551 552
f 551 553 552
f 552 553 554
f 553 555 554
f 555 556 554
f 554 556 557
f 556 558 557
f 557 558 559
f 559 558 560
f 558 561 560
f 561 562 560
f 560 562 563
f 563 562 564
f 562 565 564
f 565 566 564
f 564 566 567
f 566 568 567
f 567 568 569
f 570 569 568
f 568 569 570
f 569 568 567
f 567 568 566
f 567 566 564
f 564 566 565
f 564 565 562
f 564 562 563
f 563 562 560
f 560 562 561
f 560 561 558
f 560 558 559
f 559 558 557
f 557 558 556
f 557 556 554
f 554 556 555
f 554 555 553
f 554 553 552
f 552 553 551
f 552 551 550
f 550 551 548
f 550 548 549
f 549 548 547
f 571 572 573
f 572 571 574
f 575 572 576
f 572 575 573
f 577 578 579
f 578 577 580
f 580 577 581
f 581 577 582
f 581 582 583
f 583 582 584
f 584 582 585
f 584 585 586
f 586 585 587
f 586 587 588
f 588 587 589
f 589 587 590
f 589 590 591
f 591 590 592
f 591 592 593
f 593 592 594
f 593 594 595
f 595 594 596
f 596 594 597
f 596 597 598
f 598 597 575
f 575 597 573
f 573 597 599
f 573 599 571
f 600 601 602
f 601 600 579
f 601 579 603
f 603 579 604
f 604 579 578
f 604 578 605
f 604 605 606
f 604 606 607
f 607 606 608
f 607 608 609
f 607 609 610
f 610 609 611
f 610 611 612
f 612 611 613
f 612 613 614
f 614 613 615
f 614 615 616
f 614 616 617
f 617 616 618
f 617 618 619
f 619 618 620
f 619 620 621
f 619 621 575
f 575 621 598
f 599 574 571
f 574 599 622
f 619 576 623
f 576 619 575
f 624 619 623
f 619 624 617
f 614 624 625
f 624 614 617
f 612 625 626
f 625 612 614
f 610 626 627
f 626 610 612
f 607 627 628
f 627 607 610
f 629 607 628
f 607 629 604
f 630 604 629
f 604 630 603
f 631 603 630
f 603 631 601
f 631 602 601
f 602 631 632
f 633 602 632
f 602 633 600
f 634 600 633
f 600 634 579
f 634 577 579
f 577 634 635
f 636 577 635
f 577 636 582
f 585 636 637
f 636 585 582
f 638 585 637
f 585 638 587
f 590 638 639
f 638 590 587
f 640 590 639
f 590 640 592
f 594 640 641
f 640 594 592
f 597 641 642
f 641 597 594
f 599 642 622
f 642 599 597
f 574 571 572
f 573 572 571
f 573 575 572
f 576 572 575
f 598 621 575
f 575 621 619
f 621 620 619
f 620 618 619
f 619 618 617
f 618 616 617
f 617 616 614
f 616 615 614
f 615 613 614
f 614 613 612
f 613 611 612
f 612 611 610
f 611 609 610
f 610 609 607
f 609 608 607
f 608 606 607
f 607 606 604
f 606 605 604
f 605 578 604
f 578 579 604
f 604 579 603
f 603 579 601
f 579 600 601
f 602 601 600
f 571 599 573
f 599 597 573
f 573 597 575
f 575 597 598
f 598 597 596
f 597 594 596
f 596 594 595
f 595 594 593
f 594 592 593
f 593 592 591
f 592 590 591
f 591 590 589
f 590 587 589
f 589 587 588
f 588 587 586
f 587 585 586
f 586 585 584
f 585 582 584
f 584 582 583
f 583 582 581
f 582 577 581
f 581 577 580
f 580 577 578
f 579 578 577
f 622 599 574
f 571 574 599
f 575 619 576
f 623 576 619
f 617 624 619
f 623 619 624
f 617 614 624
f 625 624 614
f 614 612 625
f 626 625 612
f 612 610 626
f 627 626 610
f 610 607 627
f 628 627 607
f 604 629 607
f 628 607 629
f 603 630 604
f 629 604 630
f 601 631 603
f 630 603 631
f 632 631 602
f 601 602 631
f 600 633 602
f 632 602 633
f 579 634 600
f 633 600 634
f 635 634 577
f 579 577 634
f 582 636 577
f 635 577 636
f 582 585 636
f 637 636 585
f 587 638 585
f 637 585 638
f 587 590 638
f 639 638 590
f 592 640 590
f 639 590 640
f 592 594 640
f 641 640 594
f 594 597 641
f 642 641 597
f 597 599 642
f 622 642 599
f 643 644 645
f 644 643 646
f 643 647 646
f 647 643 648
f 649 644 650
f 644 649 645
f 648 651 647
f 651 648 652
f 653 650 654
f 650 653 649
f 652 655 651
f 655 652 656
f 657 653 654
f 653 657 658
f 656 659 655
f 659 656 660
f 661 658 657
f 658 661 662
f 659 663 664
f 663 659 660
f 665 661 666
f 661 665 662
f 664 667 668
f 667 664 663
f 669 665 666
f 665 669 670
f 667 671 668
f 671 667 672
f 673 669 674
f 669 673 670
f 672 675 671
f 675 672 676
f 677 674 678
f 674 677 673
f 679 676 680
f 676 679 675
f 678 681 677
f 681 678 682
f 683 680 684
f 680 683 679
f 682 685 681
f 685 682 686
f 687 684 688
f 684 687 683
f 686 688 685
f 688 686 687
f 689 690 691
f 692 691 690
f 690 691 692
f 691 690 689
f 689 691 693
f 694 693 691
f 691 693 694
f 693 691 689
f 695 692 696
f 696 692 694
f 691 694 692
f 692 694 691
f 694 692 696
f 696 692 695
f 697 698 690
f 692 690 698
f 698 690 692
f 690 698 697
f 693 694 699
f 696 699 694
f 694 699 696
f 699 694 693
f 698 692 700
f 700 692 701
f 701 692 702
f 695 702 692
f 692 702 695
f 702 692 701
f 701 692 700
f 700 692 698
f 703 704 695
f 695 704 696
f 699 696 704
f 704 696 699
f 696 704 695
f 695 704 703
f 698 697 700
f 705 700 697
f 697 700 705
f 700 697 698
f 701 706 702
f 707 702 706
f 706 702 707
f 702 706 701
f 702 695 703
f 703 695 702
f 704 703 707
f 702 707 703
f 703 707 702
f 707 703 704
f 708 709 710
f 709 708 711
f 709 711 712
f 712 711 713
f 712 713 714
f 714 713 715
f 715 713 716
f 715 716 717
f 715 717 718
f 718 717 719
f 718 719 720
f 720 719 721
f 720 721 722
f 722 721 723
f 722 723 724
f 724 723 725
f 724 725 726
f 726 725 727
f 727 725 728
f 727 728 729
f 727 729 730
f 730 729 731
f 731 729 730
f 730 729 727
f 729 728 727
f 728 725 727
f 727 725 726
f 726 725 724
f 725 723 724
f 724 723 722
f 723 721 722
f 722 721 720
f 721 719 720
f 720 719 718
f 719 717 718
f 718 717 715
f 717 716 715
f 716 713 715
f 715 713 714
f 714 713 712
f 713 711 712
f 712 711 709
f 711 708 709
f 710 709 708
f 732 733 734
f 735 734 733
f 733 734 735
f 734 733 732
f 736 737 732
f 733 732 737
f 737 732 733
f 732 737 736
f 738 732 739
f 734 739 732
f 732 739 734
f 739 732 738
f 734 735 740
f 741 740 735
f 735 740 741
f 740 735 734
f 742 743 744
f 743 745 744
f 744 745 746
f 745 747 746
f 746 747 748
f 747 741 748
f 748 741 737
f 741 735 737
f 733 737 735
f 749 750 751
f 750 752 751
f 751 752 753
f 752 754 753
f 753 754 755
f 754 756 755
f 755 756 757
f 756 744 757
f 746 757 744
f 758 759 760
f 760 759 761
f 759 762 761
f 761 762 763
f 762 764 763
f 764 765 763
f 763 765 749
f 749 765 750
f 766 750 765
f 764 767 765
f 765 767 768
f 767 769 768
f 768 769 770
f 769 771 770
f 770 771 772
f 771 773 772
f 772 773 743
f 745 743 773
f 773 743 745
f 743 773 772
f 772 773 771
f 772 771 770
f 770 771 769
f 770 769 768
f 768 769 767
f 768 767 765
f 765 767 764
f 765 750 766
f 750 765 749
f 749 765 763
f 763 765 764
f 763 764 762
f 763 762 761
f 761 762 759
f 761 759 760
f 760 759 758
f 744 757 746
f 757 744 756
f 757 756 755
f 755 756 754
f 755 754 753
f 753 754 752
f 753 752 751
f 751 752 750
f 751 750 749
f 735 737 733
f 737 735 741
f 737 741 748
f 748 741 747
f 748 747 746
f 746 747 745
f 746 745 744
f 744 745 743
f 744 743 742
f 774 748 736
f 737 736 748
f 748 736 737
f 736 748 774
f 775 736 738
f 732 738 736
f 736 738 732
f 738 736 775
f 739 734 776
f 740 776 734
f 734 776 740
f 776 734 739
f 740 741 777
f 747 777 741
f 741 777 747
f 777 741 740
f 778 779 749
f 763 749 779
f 779 749 763
f 749 779 778
f 778 749 780
f 751 780 749
f 749 780 751
f 780 749 778
f 781 780 753
f 751 753 780
f 780 753 751
f 753 780 781
f 781 753 782
f 755 782 753
f 753 782 755
f 782 753 781
f 783 782 757
f 755 757 782
f 782 757 755
f 757 782 783
f 784 783 746
f 757 746 783
f 783 746 757
f 746 783 784
f 784 746 774
f 748 774 746
f 746 774 748
f 774 746 784
f 785 777 745
f 747 745 777
f 777 745 747
f 745 777 785
f 786 785 773
f 745 773 785
f 785 773 745
f 773 785 786
f 787 786 771
f 773 771 786
f 786 771 773
f 771 786 787
f 787 771 788
f 769 788 771
f 771 788 769
f 788 771 787
f 789 788 767
f 769 767 788
f 788 767 769
f 767 788 789
f 789 767 790
f 764 790 767
f 767 790 764
f 790 767 789
f 762 791 764
f 790 764 791
f 791 764 790
f 764 791 762
f 759 792 762
f 791 762 792
f 792 762 791
f 762 792 759
f 758 793 759
f 792 759 793
f 793 759 792
f 759 793 758
f 760 794 758
f 793 758 794
f 794 758 793
f 758 794 760
f 761 795 760
f 794 760 795
f 795 760 794
f 760 795 761
f 763 779 761
f 795 761 779
f 779 761 795
f 761 779 763
f 796 774 775
f 736 775 774
f 774 775 736
f 775 774 796
f 776 740 797
f 777 797 740
f 740 797 777
f 797 740 776
f 798 779 799
f 778 799 779
f 779 799 778
f 799 779 798
f 799 778 800
f 780 800 778
f 778 800 780
f 800 778 799
f 801 800 781
f 780 781 800
f 800 781 780
f 781 800 801
f 802 801 782
f 781 782 801
f 801 782 781
f 782 801 802
f 802 782 803
f 783 803 782
f 782 803 783
f 803 782 802
f 804 803 784
f 783 784 803
f 803 784 783
f 784 803 804
f 804 784 796
f 774 796 784
f 784 796 774
f 796 784 804
f 797 777 805
f 785 805 777
f 777 805 785
f 805 777 797
f 806 805 786
f 785 786 805
f 805 786 785
f 786 805 806
f 806 786 807
f 787 807 786
f 786 807 787
f 807 786 806
f 807 787 808
f 788 808 787
f 787 808 788
f 808 787 807
f 809 808 789
f 788 789 808
f 808 789 788
f 789 808 809
f 810 809 790
f 789 790 809
f 809 790 789
f 790 809 810
f 791 811 790
f 810 790 811
f 811 790 810
f 790 811 791
f 792 812 791
f 811 791 812
f 812 791 811
f 791 812 792
f 793 813 792
f 812 792 813
f 813 792 812
f 792 813 793
f 794 814 793
f 813 793 814
f 814 793 813
f 793 814 794
f 795 815 794
f 814 794 815
f 815 794 814
f 794 815 795
f 779 798 795
f 815 795 798
f 798 795 815
f 795 798 779
f 816 817 818
f 819 818 817
f 819 820 818
f 821 818 820
f 822 823 820
f 820 823 824
f 823 825 824
f 825 826 824
f 824 826 827
f 826 828 827
f 827 828 829
f 828 830 829
f 830 831 829
f 829 831 832
f 831 833 832
f 832 833 834
f 833 835 834
f 834 835 836
f 835 837 836
f 837 838 836
f 836 838 839
f 838 840 839
f 840 841 839
f 841 842 839
f 839 842 843
f 843 842 844
f 842 845 844
f 846 844 845
f 817 847 819
f 847 848 819
f 819 848 820
f 820 848 822
f 822 848 849
f 848 850 849
f 849 850 851
f 851 850 852
f 850 853 852
f 852 853 854
f 853 855 854
f 854 855 856
f 855 857 856
f 856 857 858
f 858 857 859
f 857 860 859
f 859 860 861
f 860 862 861
f 861 862 863
f 863 862 864
f 862 865 864
f 864 865 866
f 866 865 841
f 842 841 865
f 867 847 816
f 817 816 847
f 820 824 821
f 868 821 824
f 827 869 824
f 868 824 869
f 827 829 869
f 870 869 829
f 829 832 870
f 871 870 832
f 832 834 871
f 872 871 834
f 834 836 872
f 873 872 836
f 839 874 836
f 873 836 874
f 843 875 839
f 874 839 875
f 844 876 843
f 875 843 876
f 877 876 846
f 844 846 876
f 845 878 846
f 877 846 878
f 842 879 845
f 878 845 879
f 880 879 865
f 842 865 879
f 862 881 865
f 880 865 881
f 862 860 881
f 882 881 860
f 857 883 860
f 882 860 883
f 857 855 883
f 884 883 855
f 853 885 855
f 884 855 885
f 853 850 885
f 886 885 850
f 850 848 886
f 887 886 848
f 848 847 887
f 867 887 847
f 817 818 819
f 818 817 816
f 820 818 821
f 818 820 819
f 865 841 842
f 841 865 866
f 866 865 864
f 864 865 862
f 864 862 863
f 863 862 861
f 861 862 860
f 861 860 859
f 859 860 857
f 859 857 858
f 858 857 856
f 856 857 855
f 856 855 854
f 854 855 853
f 854 853 852
f 852 853 850
f 852 850 851
f 851 850 849
f 849 850 848
f 849 848 822
f 822 848 820
f 820 848 819
f 819 848 847
f 819 847 817
f 845 844 846
f 844 845 842
f 844 842 843
f 843 842 839
f 839 842 841
f 839 841 840
f 839 840 838
f 839 838 836
f 836 838 837
f 836 837 835
f 836 835 834
f 834 835 833
f 834 833 832
f 832 833 831
f 832 831 829
f 829 831 830
f 829 830 828
f 829 828 827
f 827 828 826
f 827 826 824
f 824 826 825
f 824 825 823
f 824 823 820
f 820 823 822
f 847 816 817
f 816 847 867
f 824 821 868
f 821 824 820
f 869 824 868
f 824 869 827
f 829 869 870
f 869 829 827
f 832 870 871
f 870 832 829
f 834 871 872
f 871 834 832
f 836 872 873
f 872 836 834
f 874 836 873
f 836 874 839
f 875 839 874
f 839 875 843
f 876 843 875
f 843 876 844
f 876 846 844
f 846 876 877
f 878 846 877
f 846 878 845
f 879 845 878
f 845 879 842
f 879 865 842
f 865 879 880
f 881 865 880
f 865 881 862
f 860 881 882
f 881 860 862
f 883 860 882
f 860 883 857
f 855 883 884
f 883 855 857
f 885 855 884
f 855 885 853
f 850 885 886
f 885 850 853
f 848 886 887
f 886 848 850
f 847 887 867
f 887 847 848
f 888 889 890
f 891 890 889
f 892 889 893
f 888 893 889
f 891 894 890
f 895 890 894
f 896 892 897
f 893 897 892
f 894 898 895
f 899 895 898
f 900 896 901
f 897 901 896
f 902 903 898
f 899 898 903
f 904 900 905
f 901 905 900
f 906 907 902
f 903 902 907
f 904 905 908
f 909 908 905
f 906 910 907
f 911 907 910
f 908 909 912
f 913 912 909
f 914 915 910
f 911 910 915
f 916 912 917
f 913 917 912
f 914 918 915
f 919 915 918
f 920 916 921
f 917 921 916
f 918 922 919
f 923 919 922
f 921 924 920
f 925 920 924
f 926 923 927
f 922 927 923
f 924 928 925
f 929 925 928
f 930 926 931
f 927 931 926
f 928 932 929
f 933 929 932
f 932 930 933
f 931 933 930
f 934 935 936
f 936 935 937
f 935 938 937
f 938 939 937
f 937 939 940
f 940 939 941
f 939 942 941
f 941 942 943
f 942 944 943
f 943 944 945
f 944 946 945
f 945 946 947
f 946 948 947
f 947 948 949
f 948 950 949
f 950 951 949
f 949 951 952
f 952 951 953
f 951 954 953
f 953 954 955
f 954 956 955
f 957 955 956
f 956 955 957
f 955 956 954
f 955 954 953
f 953 954 951
f 953 951 952
f 952 951 949
f 949 951 950
f 949 950 948
f 949 948 947
f 947 948 946
f 947 946 945
f 945 946 944
f 945 944 943
f 943 944 942
f 943 942 941
f 941 942 939
f 941 939 940
f 940 939 937
f 937 939 938
f 937 938 935
f 937 935 936
f 936 935 934
f 958 959 960
f 961 960 959
f 962 960 963
f 961 963 960
f 959 960 961
f 960 959 958
f 960 963 961
f 963 960 962
f 964 965 966
f 967 966 965
f 965 966 967
f 966 965 964
f 793 794 968
f 794 795 968
f 968 795 969
f 795 779 969
f 779 778 969
f 778 780 969
f 969 780 970
f 780 781 970
f 781 782 970
f 782 783 970
f 783 784 970
f 970 784 971
f 784 774 971
f 774 736 971
f 736 732 971
f 972 971 732
f 973 974 975
f 975 974 976
f 974 977 976
f 978 979 977
f 976 977 980
f 977 979 980
f 980 979 981
f 979 982 981
f 981 982 983
f 982 984 983
f 983 984 985
f 984 986 985
f 985 986 987
f 988 987 986
f 989 965 990
f 965 967 990
f 990 967 991
f 967 992 991
f 991 992 993
f 992 994 993
f 994 995 993
f 993 995 968
f 968 995 793
f 793 995 792
f 792 995 791
f 791 995 790
f 790 995 789
f 789 995 788
f 788 995 787
f 787 995 786
f 995 996 786
f 786 996 785
f 785 996 777
f 777 996 740
f 740 996 734
f 734 996 732
f 732 996 972
f 996 997 972
f 980 981 997
f 972 997 981
f 995 994 973
f 973 994 974
f 974 994 998
f 994 999 998
f 999 1000 998
f 1000 1001 998
f 1001 1002 998
f 1002 1003 998
f 1003 1004 998
f 1004 1005 998
f 1005 1006 998
f 1006 1007 998
f 1007 1008 998
f 1008 1009 998
f 1009 1010 998
f 1010 1011 998
f 1012 978 1011
f 998 1011 978
f 1000 999 1013
f 1013 999 1014
f 1014 999 1015
f 999 1016 1015
f 1015 1016 1017
f 1017 1016 1018
f 1018 1016 1019
f 1016 1020 1019
f 1019 1020 1021
f 1021 1020 1022
f 1022 1020 1023
f 1020 1024 1023
f 1023 1024 1025
f 1025 1024 1026
f 1026 1024 1012
f 1024 979 1012
f 978 1012 979
f 979 1012 978
f 1012 979 1024
f 1012 1024 1026
f 1026 1024 1025
f 1025 1024 1023
f 1023 1024 1020
f 1023 1020 1022
f 1022 1020 1021
f 1021 1020 1019
f 1019 1020 1016
f 1019 1016 1018
f 1018 1016 1017
f 1017 1016 1015
f 1015 1016 999
f 1015 999 1014
f 1014 999 1013
f 1013 999 1000
f 978 1011 998
f 1011 978 1012
f 998 1011 1010
f 998 1010 1009
f 998 1009 1008
f 998 1008 1007
f 998 1007 1006
f 998 1006 1005
f 998 1005 1004
f 998 1004 1003
f 998 1003 1002
f 998 1002 1001
f 998 1001 1000
f 998 1000 999
f 998 999 994
f 998 994 974
f 974 994 973
f 973 994 995
f 981 997 972
f 997 981 980
f 972 997 996
f 972 996 732
f 732 996 734
f 734 996 740
f 740 996 777
f 777 996 785
f 785 996 786
f 786 996 995
f 786 995 787
f 787 995 788
f 788 995 789
f 789 995 790
f 790 995 791
f 791 995 792
f 792 995 793
f 793 995 968
f 968 995 993
f 993 995 994
f 993 994 992
f 993 992 991
f 991 992 967
f 991 967 990
f 990 967 965
f 990 965 989
f 986 987 988
f 987 986 985
f 985 986 984
f 985 984 983
f 983 984 982
f 983 982 981
f 981 982 979
f 981 979 980
f 980 979 977
f 980 977 976
f 977 979 978
f 976 977 974
f 976 974 975
f 975 974 973
f 732 971 972
f 971 732 736
f 971 736 774
f 971 774 784
f 971 784 970
f 970 784 783
f 970 783 782
f 970 782 781
f 970 781 780
f 970 780 969
f 969 780 778
f 969 778 779
f 969 779 795
f 969 795 968
f 968 795 794
f 968 794 793
f 1027 989 964
f 965 964 989
f 989 964 965
f 964 989 1027
f 966 967 1028
f 992 1028 967
f 967 1028 992
f 1028 967 966
f 1029 990 1027
f 989 1027 990
f 990 1027 989
f 1027 990 1029
f 1030 991 1029
f 990 1029 991
f 991 1029 990
f 1029 991 1030
f 1031 993 1030
f 991 1030 993
f 993 1030 991
f 1030 993 1031
f 1032 968 1031
f 993 1031 968
f 968 1031 993
f 1031 968 1032
f 1033 969 1032
f 968 1032 969
f 969 1032 968
f 1032 969 1033
f 1033 1034 969
f 970 969 1034
f 1034 969 970
f 969 1034 1033
f 1034 1035 970
f 971 970 1035
f 1035 970 971
f 970 1035 1034
f 1036 972 1035
f 971 1035 972
f 972 1035 971
f 1035 972 1036
f 1037 981 1036
f 972 1036 981
f 981 1036 972
f 1036 981 1037
f 981 1037 983
f 1038 983 1037
f 1037 983 1038
f 983 1037 981
f 983 1038 985
f 1039 985 1038
f 1038 985 1039
f 985 1038 983
f 985 1039 987
f 1040 987 1039
f 1039 987 1040
f 987 1039 985
f 987 1040 988
f 1041 988 1040
f 1040 988 1041
f 988 1040 987
f 988 1041 986
f 1042 986 1041
f 1041 986 1042
f 986 1041 988
f 986 1042 984
f 1043 984 1042
f 1042 984 1043
f 984 1042 986
f 984 1043 982
f 1044 982 1043
f 1043 982 1044
f 982 1043 984
f 1044 1045 982
f 979 982 1045
f 1045 982 979
f 982 1045 1044
f 1045 1046 979
f 1024 979 1046
f 1046 979 1024
f 979 1046 1045
f 1047 1020 1046
f 1024 1046 1020
f 1020 1046 1024
f 1046 1020 1047
f 1048 1016 1047
f 1020 1047 1016
f 1016 1047 1020
f 1047 1016 1048
f 1048 1049 1016
f 999 1016 1049
f 1049 1016 999
f 1016 1049 1048
f 1049 1050 999
f 994 999 1050
f 1050 999 994
f 999 1050 1049
f 1028 992 1050
f 994 1050 992
f 992 1050 994
f 1050 992 1028
f 1051 1052 1053
f 1054 1055 1052
f 1055 1056 1052
f 1056 1057 1052
f 1052 1057 1053
f 1053 1057 1058
f 1059 1058 1057
f 1060 1061 1054
f 1055 1054 1061
f 1062 1063 1056
f 1056 1063 1057
f 1057 1063 1064
f 1064 1063 1065
f 1066 1065 1063
f 1063 1065 1066
f 1065 1063 1064
f 1064 1063 1057
f 1057 1063 1056
f 1056 1063 1062
f 1061 1054 1055
f 1054 1061 1060
f 1057 1058 1059
f 1058 1057 1053
f 1053 1057 1052
f 1052 1057 1056
f 1052 1056 1055
f 1052 1055 1054
f 1053 1052 1051
f 1051 1060 1052
f 1054 1052 1060
f 1060 1052 1054
f 1052 1060 1051
f 1053 1067 1051
f 1068 1051 1067
f 1067 1051 1068
f 1051 1067 1053
f 1069 1067 1058
f 1053 1058 1067
f 1067 1058 1053
f 1058 1067 1069
f 1069 1058 1070
f 1059 1070 1058
f 1058 1070 1059
f 1070 1058 1069
f 1057 1064 1059
f 1065 1059 1064
f 1064 1059 1065
f 1059 1064 1057
f 1071 1065 1072
f 1066 1072 1065
f 1065 1072 1066
f 1072 1065 1071
f 1072 1066 1073
f 1063 1073 1066
f 1066 1073 1063
f 1073 1066 1072
f 1062 1074 1063
f 1073 1063 1074
f 1074 1063 1073
f 1063 1074 1062
f 1061 1062 1055
f 1056 1055 1062
f 1062 1055 1056
f 1055 1062 1061
f 1060 1075 1061
f 1076 1061 1075
f 1075 1061 1076
f 1061 1075 1060
f 1051 1068 1060
f 1075 1060 1068
f 1068 1060 1075
f 1060 1068 1051
f 1070 1059 1071
f 1065 1071 1059
f 1059 1071 1065
f 1071 1059 1070
f 1061 1076 1062
f 1074 1062 1076
f 1076 1062 1074
f 1062 1076 1061
f 1077 1003 1078
f 1002 1078 1003
f 1003 1078 1002
f 1078 1003 1077
f 1000 1013 1001
f 1013 1014 1001
f 1001 1014 1002
f 1014 1015 1002
f 1002 1015 1003
f 1015 1017 1003
f 1017 1079 1003
f 1079 1080 1003
f 1003 1080 1004
f 1004 1080 1005
f 1080 1081 1005
f 1081 1082 1005
f 1005 1082 1006
f 1082 1083 1006
f 1007 1006 1083
f 1017 1018 1079
f 1018 1084 1079
f 1085 1079 1084
f 1018 1019 1084
f 1084 1019 1086
f 1086 1019 1087
f 1019 1021 1087
f 1021 1022 1087
f 1087 1022 1088
f 1088 1022 1089
f 1022 1023 1089
f 1089 1023 1008
f 1008 1023 1009
f 1023 1025 1009
f 1009 1025 1010
f 1025 1026 1010
f 1010 1026 1011
f 1012 1011 1026
f 1090 1089 1083
f 1083 1089 1007
f 1008 1007 1089
f 1089 1007 1008
f 1007 1089 1083
f 1083 1089 1090
f 1026 1011 1012
f 1011 1026 1010
f 1010 1026 1025
f 1010 1025 1009
f 1009 1025 1023
f 1009 1023 1008
f 1008 1023 1089
f 1089 1023 1022
f 1089 1022 1088
f 1088 1022 1087
f 1087 1022 1021
f 1087 1021 1019
f 1087 1019 1086
f 1086 1019 1084
f 1084 1019 1018
f 1084 1079 1085
f 1079 1084 1018
f 1079 1018 1017
f 1083 1006 1007
f 1006 1083 1082
f 1006 1082 1005
f 1005 1082 1081
f 1005 1081 1080
f 1005 1080 1004
f 1004 1080 1003
f 1003 1080 1079
f 1003 1079 1017
f 1003 1017 1015
f 1003 1015 1002
f 1002 1015 1014
f 1002 1014 1001
f 1001 1014 1013
f 1001 1013 1000
f 1003 1091 1002
f 1092 1002 1091
f 1091 1002 1092
f 1002 1091 1003
f 1003 1077 1004
f 1093 1004 1077
f 1077 1004 1093
f 1004 1077 1003
f 1094 1095 1096
f 1095 1097 1096
f 1096 1097 1078
f 1097 1098 1078
f 1078 1098 1077
f 1098 1099 1077
f 1099 1100 1077
f 1100 1101 1077
f 1077 1101 1093
f 1093 1101 1102
f 1101 1103 1102
f 1103 1104 1102
f 1102 1104 1105
f 1104 1106 1105
f 1107 1105 1106
f 1099 1108 1100
f 1108 1109 1100
f 1110 1100 1109
f 1108 1111 1109
f 1109 1111 1112
f 1112 1111 1113
f 1111 1114 1113
f 1114 1115 1113
f 1113 1115 1116
f 1116 1115 1117
f 1115 1118 1117
f 1117 1118 1119
f 1119 1118 1120
f 1118 1121 1120
f 1120 1121 1122
f 1121 1123 1122
f 1122 1123 1124
f 1125 1124 1123
f 1126 1117 1106
f 1106 1117 1107
f 1119 1107 1117
f 1117 1107 1119
f 1107 1117 1106
f 1106 1117 1126
f 1123 1124 1125
f 1124 1123 1122
f 1122 1123 1121
f 1122 1121 1120
f 1120 1121 1118
f 1120 1118 1119
f 1119 1118 1117
f 1117 1118 1115
f 1117 1115 1116
f 1116 1115 1113
f 1113 1115 1114
f 1113 1114 1111
f 1113 1111 1112
f 1112 1111 1109
f 1109 1111 1108
f 1109 1100 1110
f 1100 1109 1108
f 1100 1108 1099
f 1106 1105 1107
f 1105 1106 1104
f 1105 1104 1102
f 1102 1104 1103
f 1102 1103 1101
f 1102 1101 1093
f 1093 1101 1077
f 1077 1101 1100
f 1077 1100 1099
f 1077 1099 1098
f 1077 1098 1078
f 1078 1098 1097
f 1078 1097 1096
f 1096 1097 1095
f 1096 1095 1094
f 1078 1002 1096
f 1001 1096 1002
f 1002 1096 1001
f 1096 1002 1078
f 1007 1107 1008
f 1119 1008 1107
f 1107 1008 1119
f 1008 1107 1007
f 1127 1128 1008
f 1007 1008 1128
f 1128 1008 1007
f 1008 1128 1127
f 1009 1008 1120
f 1119 1120 1008
f 1008 1120 1119
f 1120 1008 1009
f 1127 1008 1129
f 1009 1129 1008
f 1008 1129 1009
f 1129 1008 1127
f 1009 1120 1010
f 1122 1010 1120
f 1120 1010 1122
f 1010 1120 1009
f 1129 1009 1130
f 1010 1130 1009
f 1009 1130 1010
f 1130 1009 1129
f 1010 1122 1011
f 1124 1011 1122
f 1122 1011 1124
f 1011 1122 1010
f 1130 1010 1131
f 1011 1131 1010
f 1010 1131 1011
f 1131 1010 1130
f 1011 1124 1012
f 1125 1012 1124
f 1124 1012 1125
f 1012 1124 1011
f 1131 1011 1132
f 1012 1132 1011
f 1011 1132 1012
f 1132 1011 1131
f 1125 1123 1012
f 1026 1012 1123
f 1123 1012 1026
f 1012 1123 1125
f 1132 1012 1133
f 1026 1133 1012
f 1012 1133 1026
f 1133 1012 1132
f 1026 1123 1025
f 1121 1025 1123
f 1123 1025 1121
f 1025 1123 1026
f 1133 1026 1134
f 1025 1134 1026
f 1026 1134 1025
f 1134 1026 1133
f 1025 1121 1023
f 1118 1023 1121
f 1121 1023 1118
f 1023 1121 1025
f 1134 1025 1135
f 1023 1135 1025
f 1025 1135 1023
f 1135 1025 1134
f 1022 1023 1115
f 1118 1115 1023
f 1023 1115 1118
f 1115 1023 1022
f 1136 1135 1022
f 1023 1022 1135
f 1135 1022 1023
f 1022 1135 1136
f 1022 1115 1021
f 1114 1021 1115
f 1115 1021 1114
f 1021 1115 1022
f 1137 1136 1021
f 1022 1021 1136
f 1136 1021 1022
f 1021 1136 1137
f 1019 1021 1111
f 1114 1111 1021
f 1021 1111 1114
f 1111 1021 1019
f 1137 1021 1138
f 1019 1138 1021
f 1021 1138 1019
f 1138 1021 1137
f 1018 1019 1108
f 1111 1108 1019
f 1019 1108 1111
f 1108 1019 1018
f 1138 1019 1139
f 1018 1139 1019
f 1019 1139 1018
f 1139 1019 1138
f 1017 1018 1099
f 1108 1099 1018
f 1018 1099 1108
f 1099 1018 1017
f 1140 1139 1017
f 1018 1017 1139
f 1139 1017 1018
f 1017 1139 1140
f 1017 1099 1015
f 1098 1015 1099
f 1099 1015 1098
f 1015 1099 1017
f 1141 1140 1015
f 1017 1015 1140
f 1140 1015 1017
f 1015 1140 1141
f 1097 1014 1098
f 1015 1098 1014
f 1014 1098 1015
f 1098 1014 1097
f 1014 1142 1015
f 1141 1015 1142
f 1142 1015 1141
f 1015 1142 1014
f 1095 1013 1097
f 1014 1097 1013
f 1013 1097 1014
f 1097 1013 1095
f 1013 1143 1014
f 1142 1014 1143
f 1143 1014 1142
f 1014 1143 1013
f 1094 1000 1095
f 1013 1095 1000
f 1000 1095 1013
f 1095 1000 1094
f 1000 1144 1013
f 1143 1013 1144
f 1144 1013 1143
f 1013 1144 1000
f 1096 1001 1094
f 1000 1094 1001
f 1001 1094 1000
f 1094 1001 1096
f 1001 1145 1000
f 1144 1000 1145
f 1145 1000 1144
f 1000 1145 1001
f 1002 1092 1001
f 1145 1001 1092
f 1092 1001 1145
f 1001 1092 1002
f 1146 1091 1004
f 1003 1004 1091
f 1091 1004 1003
f 1004 1091 1146
f 1005 1004 1102
f 1093 1102 1004
f 1004 1102 1093
f 1102 1004 1005
f 1146 1004 1147
f 1005 1147 1004
f 1004 1147 1005
f 1147 1004 1146
f 1006 1005 1105
f 1102 1105 1005
f 1005 1105 1102
f 1105 1005 1006
f 1147 1005 1148
f 1006 1148 1005
f 1005 1148 1006
f 1148 1005 1147
f 1007 1006 1107
f 1105 1107 1006
f 1006 1107 1105
f 1107 1006 1007
f 1128 1148 1007
f 1006 1007 1148
f 1148 1007 1006
f 1007 1148 1128
f 482 1149 484
f 1150 484 1149
f 1151 1152 1149
f 1150 1149 1152
f 482 481 1149
f 1151 1149 481
f 483 484 1152
f 1150 1152 484
f 1149 484 1150
f 484 1149 482
f 1152 1149 1150
f 1149 1152 1151
f 481 1149 1151
f 1149 481 482
f 484 1152 1150
f 1152 484 483
f 1153 481 1154
f 481 483 1154
f 1152 1155 483
f 1154 483 1155
f 481 1153 1151
f 1151 1153 1152
f 1153 1156 1152
f 1155 1152 1156
f 1154 1157 1153
f 1158 1153 1157
f 1154 1155 1157
f 1159 1157 1155
f 1159 1155 1160
f 1156 1160 1155
f 1153 1158 1156
f 1160 1156 1158
f 1156 1152 1155
f 1152 1156 1153
f 1152 1153 1151
f 1151 1153 481
f 1155 483 1154
f 483 1155 1152
f 1154 483 481
f 1154 481 1153
f 1157 1153 1158
f 1153 1157 1154
f 1155 1157 1159
f 1157 1155 1154
f 1155 1160 1156
f 1160 1155 1159
f 1158 1156 1160
f 1156 1158 1153
f 1161 1162 1163
f 1162 1161 1164
f 1162 1164 1165
f 1165 1164 488
f 1163 486 1166
f 486 1163 1162
f 1166 486 488
f 1166 488 1164
f 1157 1164 1158
f 1164 1157 1166
f 1163 1157 1159
f 1157 1163 1166
f 1163 1160 1161
f 1160 1163 1159
f 1158 1161 1160
f 1161 1158 1164
f 1164 488 1166
f 488 486 1166
f 1162 1163 486
f 1166 486 1163
f 488 1164 1165
f 1165 1164 1162
f 1164 1161 1162
f 1163 1162 1161
f 1166 1157 1164
f 1158 1164 1157
f 1166 1163 1157
f 1159 1157 1163
f 1159 1163 1160
f 1161 1160 1163
f 1164 1158 1161
f 1160 1161 1158
f 1167 487 1168
f 487 1167 485
f 1162 1167 1168
f 1167 1162 1165
f 488 1167 1165
f 1167 488 485
f 487 1162 1168
f 1162 487 486
f 485 1167 487
f 1168 487 1167
f 1165 1162 1167
f 1168 1167 1162
f 485 488 1167
f 1165 1167 488
f 486 487 1162
f 1168 1162 487
f 1169 1170 1171
f 1172 1171 1170
f 1171 1172 1173
f 1174 1173 1172
f 934 936 1175
f 936 937 1175
f 937 940 1175
f 1175 940 1176
f 940 941 1176
f 941 943 1176
f 1176 943 1177
f 943 945 1177
f 945 947 1177
f 947 949 1177
f 1177 949 1178
f 949 952 1178
f 952 953 1178
f 953 955 1178
f 955 957 1178
f 1179 1178 957
f 1170 1180 1172
f 1172 1180 1174
f 1180 1181 1174
f 1174 1181 1182
f 1181 1183 1182
f 1183 1184 1182
f 1182 1184 1175
f 1175 1184 934
f 934 1184 935
f 935 1184 938
f 938 1184 939
f 1184 1185 939
f 939 1185 942
f 942 1185 944
f 944 1185 946
f 1185 1186 946
f 946 1186 948
f 948 1186 950
f 1186 1187 950
f 950 1187 951
f 951 1187 954
f 954 1187 956
f 956 1187 957
f 957 1187 1179
f 1187 1188 1179
f 1188 1189 1179
f 1179 1189 1190
f 1190 1189 1191
f 1189 1192 1191
f 1191 1192 1193
f 1192 1194 1193
f 1195 1193 1194
f 1196 1180 1169
f 1170 1169 1180
f 1173 1174 1197
f 1182 1197 1174
f 1176 1198 1175
f 1199 1175 1198
f 1176 1177 1198
f 1200 1198 1177
f 1178 1201 1177
f 1200 1177 1201
f 1178 1179 1201
f 1202 1201 1179
f 1179 1190 1202
f 1203 1202 1190
f 1191 1204 1190
f 1203 1190 1204
f 1205 1204 1193
f 1191 1193 1204
f 1195 1206 1193
f 1205 1193 1206
f 1207 1206 1194
f 1195 1194 1206
f 1208 1207 1192
f 1194 1192 1207
f 1209 1208 1189
f 1192 1189 1208
f 1189 1188 1209
f 1210 1209 1188
f 1187 1211 1188
f 1210 1188 1211
f 1187 1186 1211
f 1212 1211 1186
f 1186 1185 1212
f 1213 1212 1185
f 1185 1184 1213
f 1214 1213 1184
f 1184 1183 1214
f 1215 1214 1183
f 1215 1183 1216
f 1181 1216 1183
f 1216 1181 1196
f 1180 1196 1181
f 1182 1175 1197
f 1199 1197 1175
f 1170 1171 1172
f 1171 1170 1169
f 1172 1173 1174
f 1173 1172 1171
f 1194 1193 1195
f 1193 1194 1192
f 1193 1192 1191
f 1191 1192 1189
f 1191 1189 1190
f 1190 1189 1179
f 1179 1189 1188
f 1179 1188 1187
f 1179 1187 957
f 957 1187 956
f 956 1187 954
f 954 1187 951
f 951 1187 950
f 950 1187 1186
f 950 1186 948
f 948 1186 946
f 946 1186 1185
f 946 1185 944
f 944 1185 942
f 942 1185 939
f 939 1185 1184
f 939 1184 938
f 938 1184 935
f 935 1184 934
f 934 1184 1175
f 1175 1184 1182
f 1182 1184 1183
f 1182 1183 1181
f 1182 1181 1174
f 1174 1181 1180
f 1174 1180 1172
f 1172 1180 1170
f 957 1178 1179
f 1178 957 955
f 1178 955 953
f 1178 953 952
f 1178 952 949
f 1178 949 1177
f 1177 949 947
f 1177 947 945
f 1177 945 943
f 1177 943 1176
f 1176 943 941
f 1176 941 940
f 1176 940 1175
f 1175 940 937
f 1175 937 936
f 1175 936 934
f 1180 1169 1170
f 1169 1180 1196
f 1174 1197 1182
f 1197 1174 1173
f 1198 1175 1199
f 1175 1198 1176
f 1177 1198 1200
f 1198 1177 1176
f 1201 1177 1200
f 1177 1201 1178
f 1179 1201 1202
f 1201 1179 1178
f 1190 1202 1203
f 1202 1190 1179
f 1204 1190 1203
f 1190 1204 1191
f 1204 1193 1191
f 1193 1204 1205
f 1206 1193 1205
f 1193 1206 1195
f 1206 1194 1195
f 1194 1206 1207
f 1207 1192 1194
f 1192 1207 1208
f 1208 1189 1192
f 1189 1208 1209
f 1188 1209 1210
f 1209 1188 1189
f 1211 1188 1210
f 1188 1211 1187
f 1186 1211 1212
f 1211 1186 1187
f 1185 1212 1213
f 1212 1185 1186
f 1184 1213 1214
f 1213 1184 1185
f 1183 1214 1215
f 1214 1183 1184
f 1183 1216 1181
f 1216 1183 1215
f 1181 1196 1180
f 1196 1181 1216
f 1175 1197 1199
f 1197 1175 1182
f 1217 1218 1219
f 1220 1219 1218
f 1220 1221 1219
f 1222 1219 1221
f 1169 1171 1221
f 1221 1171 1223
f 1171 1173 1223
f 1173 1197 1223
f 1223 1197 1224
f 1197 1199 1224
f 1224 1199 1225
f 1199 1198 1225
f 1198 1200 1225
f 1225 1200 1226
f 1200 1201 1226
f 1226 1201 1227
f 1201 1202 1227
f 1227 1202 1228
f 1202 1203 1228
f 1203 1204 1228
f 1228 1204 1229
f 1204 1205 1229
f 1205 1206 1229
f 1230 1229 1206
f 1218 1231 1220
f 1231 1232 1220
f 1220 1232 1221
f 1221 1232 1169
f 1169 1232 1196
f 1232 1233 1196
f 1196 1233 1216
f 1216 1233 1215
f 1233 1234 1215
f 1215 1234 1214
f 1234 1235 1214
f 1214 1235 1213
f 1213 1235 1212
f 1235 1236 1212
f 1212 1236 1211
f 1236 1237 1211
f 1211 1237 1210
f 1237 1238 1210
f 1210 1238 1209
f 1209 1238 1208
f 1238 1239 1208
f 1208 1239 1207
f 1207 1239 1206
f 1206 1239 1230
f 1239 1240 1230
f 1230 1240 1241
f 1240 1242 1241
f 1243 1241 1242
f 1244 1231 1217
f 1218 1217 1231
f 1222 1221 1245
f 1223 1245 1221
f 1224 1246 1223
f 1245 1223 1246
f 1224 1225 1246
f 1247 1246 1225
f 1225 1226 1247
f 1248 1247 1226
f 1227 1249 1226
f 1248 1226 1249
f 1227 1228 1249
f 1250 1249 1228
f 1228 1229 1250
f 1251 1250 1229
f 1230 1252 1229
f 1251 1229 1252
f 1253 1252 1241
f 1230 1241 1252
f 1243 1254 1241
f 1253 1241 1254
f 1255 1254 1242
f 1243 1242 1254
f 1240 1256 1242
f 1255 1242 1256
f 1239 1257 1240
f 1256 1240 1257
f 1239 1238 1257
f 1258 1257 1238
f 1238 1237 1258
f 1259 1258 1237
f 1237 1236 1259
f 1260 1259 1236
f 1236 1235 1260
f 1261 1260 1235
f 1235 1234 1261
f 1262 1261 1234
f 1234 1233 1262
f 1263 1262 1233
f 1263 1233 1264
f 1232 1264 1233
f 1232 1231 1264
f 1244 1264 1231
f 1218 1219 1220
f 1219 1218 1217
f 1221 1219 1222
f 1219 1221 1220
f 1242 1241 1243
f 1241 1242 1240
f 1241 1240 1230
f 1230 1240 1239
f 1230 1239 1206
f 1206 1239 1207
f 1207 1239 1208
f 1208 1239 1238
f 1208 1238 1209
f 1209 1238 1210
f 1210 1238 1237
f 1210 1237 1211
f 1211 1237 1236
f 1211 1236 1212
f 1212 1236 1235
f 1212 1235 1213
f 1213 1235 1214
f 1214 1235 1234
f 1214 1234 1215
f 1215 1234 1233
f 1215 1233 1216
f 1216 1233 1196
f 1196 1233 1232
f 1196 1232 1169
f 1169 1232 1221
f 1221 1232 1220
f 1220 1232 1231
f 1220 1231 1218
f 1206 1229 1230
f 1229 1206 1205
f 1229 1205 1204
f 1229 1204 1228
f 1228 1204 1203
f 1228 1203 1202
f 1228 1202 1227
f 1227 1202 1201
f 1227 1201 1226
f 1226 1201 1200
f 1226 1200 1225
f 1225 1200 1198
f 1225 1198 1199
f 1225 1199 1224
f 1224 1199 1197
f 1224 1197 1223
f 1223 1197 1173
f 1223 1173 1171
f 1223 1171 1221
f 1221 1171 1169
f 1231 1217 1218
f 1217 1231 1244
f 1221 1245 1223
f 1245 1221 1222
f 1246 1223 1245
f 1223 1246 1224
f 1225 1246 1247
f 1246 1225 1224
f 1226 1247 1248
f 1247 1226 1225
f 1249 1226 1248
f 1226 1249 1227
f 1228 1249 1250
f 1249 1228 1227
f 1229 1250 1251
f 1250 1229 1228
f 1252 1229 1251
f 1229 1252 1230
f 1252 1241 1230
f 1241 1252 1253
f 1254 1241 1253
f 1241 1254 1243
f 1254 1242 1243
f 1242 1254 1255
f 1256 1242 1255
f 1242 1256 1240
f 1257 1240 1256
f 1240 1257 1239
f 1238 1257 1258
f 1257 1238 1239
f 1237 1258 1259
f 1258 1237 1238
f 1236 1259 1260
f 1259 1236 1237
f 1235 1260 1261
f 1260 1235 1236
f 1234 1261 1262
f 1261 1234 1235
f 1233 1262 1263
f 1262 1233 1234
f 1233 1264 1232
f 1264 1233 1263
f 1231 1264 1244
f 1264 1231 1232
f 822 1265 823
f 1266 823 1265
f 823 1266 825
f 1267 825 1266
f 1265 1268 1266
f 1266 1268 1267
f 1268 1269 1267
f 1267 1269 1270
f 1269 1271 1270
f 1271 1272 1270
f 1270 1272 1273
f 1273 1272 1274
f 1272 1275 1274
f 1275 933 1274
f 933 931 1274
f 931 927 1274
f 927 922 1274
f 922 918 1274
f 918 914 1274
f 914 910 1274
f 910 906 1274
f 906 902 1274
f 1274 902 1276
f 902 898 1276
f 898 894 1276
f 1276 894 1277
f 1277 894 1278
f 894 891 1278
f 889 1279 891
f 1278 891 1280
f 891 1279 1280
f 1279 1281 1280
f 1280 1281 1282
f 1282 1281 1283
f 1281 1284 1283
f 1285 1283 1284
f 933 1275 929
f 929 1275 925
f 925 1275 920
f 920 1275 916
f 916 1275 912
f 912 1275 908
f 908 1275 904
f 904 1275 900
f 1275 1286 900
f 900 1286 896
f 896 1286 892
f 1286 1287 892
f 1287 1288 892
f 892 1288 889
f 1279 889 1288
f 1268 1265 849
f 822 849 1265
f 1267 1270 825
f 826 825 1270
f 1274 830 1273
f 828 1273 830
f 1274 1276 830
f 831 830 1276
f 1276 1277 831
f 833 831 1277
f 1277 1278 833
f 835 833 1278
f 1278 1280 835
f 837 835 1280
f 1282 838 1280
f 837 1280 838
f 840 838 1283
f 1282 1283 838
f 1285 841 1283
f 840 1283 841
f 866 841 1284
f 1285 1284 841
f 1281 864 1284
f 866 1284 864
f 1279 863 1281
f 864 1281 863
f 1288 861 1279
f 863 1279 861
f 1287 859 1288
f 861 1288 859
f 1287 1286 859
f 858 859 1286
f 1275 856 1286
f 858 1286 856
f 1272 854 1275
f 856 1275 854
f 1272 1271 854
f 852 854 1271
f 852 1271 851
f 1269 851 1271
f 851 1269 849
f 1268 849 1269
f 1270 1273 826
f 828 826 1273
f 1265 823 1266
f 823 1265 822
f 1266 825 1267
f 825 1266 823
f 1288 889 1279
f 889 1288 892
f 892 1288 1287
f 892 1287 1286
f 892 1286 896
f 896 1286 900
f 900 1286 1275
f 900 1275 904
f 904 1275 908
f 908 1275 912
f 912 1275 916
f 916 1275 920
f 920 1275 925
f 925 1275 929
f 929 1275 933
f 1284 1283 1285
f 1283 1284 1281
f 1283 1281 1282
f 1282 1281 1280
f 1280 1281 1279
f 1280 1279 891
f 1280 891 1278
f 891 1279 889
f 1278 891 894
f 1278 894 1277
f 1277 894 1276
f 1276 894 898
f 1276 898 902
f 1276 902 1274
f 1274 902 906
f 1274 906 910
f 1274 910 914
f 1274 914 918
f 1274 918 922
f 1274 922 927
f 1274 927 931
f 1274 931 933
f 1274 933 1275
f 1274 1275 1272
f 1274 1272 1273
f 1273 1272 1270
f 1270 1272 1271
f 1270 1271 1269
f 1270 1269 1267
f 1267 1269 1268
f 1267 1268 1266
f 1266 1268 1265
f 1265 849 822
f 849 1265 1268
f 1270 825 826
f 825 1270 1267
f 830 1273 828
f 1273 830 1274
f 1276 830 831
f 830 1276 1274
f 1277 831 833
f 831 1277 1276
f 1278 833 835
f 833 1278 1277
f 1280 835 837
f 835 1280 1278
f 838 1280 837
f 1280 838 1282
f 838 1283 1282
f 1283 838 840
f 841 1283 840
f 1283 841 1285
f 841 1284 1285
f 1284 841 866
f 864 1284 866
f 1284 864 1281
f 863 1281 864
f 1281 863 1279
f 861 1279 863
f 1279 861 1288
f 859 1288 861
f 1288 859 1287
f 1286 859 858
f 859 1286 1287
f 856 1286 858
f 1286 856 1275
f 854 1275 856
f 1275 854 1272
f 1271 854 852
f 854 1271 1272
f 1271 851 1269
f 851 1271 852
f 1269 849 1268
f 849 1269 851
f 1273 826 828
f 826 1273 1270
f 562 561 1289
f 1290 1289 561
f 561 1289 1290
f 1289 561 562
f 561 558 1290
f 1291 1290 558
f 558 1290 1291
f 1290 558 561
f 565 562 1292
f 1289 1292 562
f 562 1292 1289
f 1292 562 565
f 558 556 1291
f 1293 1291 556
f 556 1291 1293
f 1291 556 558
f 1294 566 1292
f 565 1292 566
f 566 1292 565
f 1292 566 1294
f 556 555 1293
f 1295 1293 555
f 555 1293 1295
f 1293 555 556
f 959 568 1296
f 1296 568 1294
f 566 1294 568
f 568 1294 566
f 1294 568 1296
f 1296 568 959
f 555 553 1295
f 1297 1295 553
f 553 1295 1297
f 1295 553 555
f 961 570 959
f 568 959 570
f 570 959 568
f 959 570 961
f 551 1298 553
f 1297 553 1298
f 1298 553 1297
f 553 1298 551
f 963 569 961
f 570 961 569
f 569 961 570
f 961 569 963
f 548 1299 551
f 1298 551 1299
f 1299 551 1298
f 551 1299 548
f 1300 567 1301
f 1301 567 963
f 569 963 567
f 567 963 569
f 963 567 1301
f 1301 567 1300
f 1302 1299 547
f 548 547 1299
f 1299 547 548
f 547 1299 1302
f 1303 564 1300
f 567 1300 564
f 564 1300 567
f 1300 564 1303
f 1304 1302 549
f 547 549 1302
f 1302 549 547
f 549 1302 1304
f 564 1303 563
f 1305 563 1303
f 1303 563 1305
f 563 1303 564
f 1306 1304 550
f 549 550 1304
f 1304 550 549
f 550 1304 1306
f 563 1305 560
f 1307 560 1305
f 1305 560 1307
f 560 1305 563
f 552 1308 550
f 1306 550 1308
f 1308 550 1306
f 550 1308 552
f 560 1307 559
f 1309 559 1307
f 1307 559 1309
f 559 1307 560
f 554 1310 552
f 1308 552 1310
f 1310 552 1308
f 552 1310 554
f 559 1309 557
f 1311 557 1309
f 1309 557 1311
f 557 1309 559
f 557 1311 554
f 1310 554 1311
f 1311 554 1310
f 554 1311 557
f 950 959 948
f 959 950 1312
f 959 1312 1296
f 959 946 948
f 946 959 961
f 1313 950 951
f 950 1313 1312
f 1312 1313 1292
f 1312 1292 1294
f 961 944 946
f 944 961 963
f 1292 1314 1289
f 1314 1292 954
f 954 1292 951
f 951 1292 1313
f 944 1315 942
f 1315 944 963
f 1315 963 1301
f 1289 1316 1290
f 1316 954 956
f 954 1316 1289
f 954 1289 1314
f 1315 939 942
f 939 1315 1317
f 1317 1315 1300
f 1317 1300 1303
f 1290 1318 1291
f 1318 1290 957
f 957 1290 956
f 956 1290 1316
f 939 1319 938
f 1319 1303 1305
f 1303 1319 939
f 1303 939 1317
f 1291 1320 1293
f 1320 1291 955
f 955 1291 957
f 957 1291 1318
f 938 1321 935
f 1321 938 1307
f 1307 938 1305
f 1305 938 1319
f 1293 1322 1295
f 1322 1293 953
f 953 1293 1320
f 953 1320 955
f 935 1323 934
f 1323 1307 1309
f 1307 1323 935
f 1307 935 1321
f 1295 1324 1297
f 1324 1295 952
f 952 1295 953
f 953 1295 1322
f 934 1325 936
f 1325 934 1311
f 1311 934 1309
f 1309 934 1323
f 1326 952 949
f 952 1326 1324
f 1324 1326 1297
f 1297 1326 1298
f 936 1327 937
f 1327 936 1310
f 1310 936 1311
f 1311 936 1325
f 947 1326 949
f 1326 947 1328
f 1326 1328 1299
f 1326 1299 1298
f 937 1329 940
f 1329 937 1308
f 1308 937 1310
f 1310 937 1327
f 1330 947 945
f 947 1330 1328
f 1328 1330 1302
f 1328 1302 1299
f 1329 941 940
f 941 1329 1331
f 1331 1329 1308
f 1331 1308 1306
f 1332 945 943
f 945 1332 1330
f 1330 1332 1304
f 1330 1304 1302
f 1331 943 941
f 943 1331 1332
f 1332 1331 1306
f 1332 1306 1304
f 1296 1312 959
f 1312 950 959
f 948 959 950
f 961 959 946
f 948 946 959
f 1294 1292 1312
f 1292 1313 1312
f 1312 1313 950
f 951 950 1313
f 963 961 944
f 946 944 961
f 1313 1292 951
f 951 1292 954
f 954 1292 1314
f 1289 1314 1292
f 1301 963 1315
f 963 944 1315
f 942 1315 944
f 1314 1289 954
f 1289 1316 954
f 956 954 1316
f 1290 1316 1289
f 1303 1300 1317
f 1300 1315 1317
f 1317 1315 939
f 942 939 1315
f 1316 1290 956
f 956 1290 957
f 957 1290 1318
f 1291 1318 1290
f 1317 939 1303
f 939 1319 1303
f 1305 1303 1319
f 938 1319 939
f 1318 1291 957
f 957 1291 955
f 955 1291 1320
f 1293 1320 1291
f 1319 938 1305
f 1305 938 1307
f 1307 938 1321
f 935 1321 938
f 955 1320 953
f 1320 1293 953
f 953 1293 1322
f 1295 1322 1293
f 1321 935 1307
f 935 1323 1307
f 1309 1307 1323
f 934 1323 935
f 1322 1295 953
f 953 1295 952
f 952 1295 1324
f 1297 1324 1295
f 1323 934 1309
f 1309 934 1311
f 1311 934 1325
f 936 1325 934
f 1298 1326 1297
f 1297 1326 1324
f 1324 1326 952
f 949 952 1326
f 1325 936 1311
f 1311 936 1310
f 1310 936 1327
f 937 1327 936
f 1298 1299 1326
f 1299 1328 1326
f 1328 947 1326
f 949 1326 947
f 1327 937 1310
f 1310 937 1308
f 1308 937 1329
f 940 1329 937
f 1299 1302 1328
f 1302 1330 1328
f 1328 1330 947
f 945 947 1330
f 1306 1308 1331
f 1308 1329 1331
f 1331 1329 941
f 940 941 1329
f 1302 1304 1330
f 1304 1332 1330
f 1330 1332 945
f 943 945 1332
f 1304 1306 1332
f 1306 1331 1332
f 1332 1331 943
f 941 943 1331
f 1333 1334 1335
f 1334 1333 1336
f 1337 1334 1338
f 1334 1337 1335
f 1339 1340 1341
f 1340 1339 1342
f 1340 1342 1343
f 1343 1342 1344
f 1343 1344 1345
f 1345 1344 1346
f 1346 1344 1347
f 1347 1344 1348
f 1347 1348 1349
f 1349 1348 1350
f 1350 1348 1351
f 1350 1351 1352
f 1352 1351 1353
f 1352 1353 1354
f 1354 1353 1355
f 1354 1355 1356
f 1356 1355 1357
f 1357 1355 1358
f 1357 1358 1359
f 1359 1358 1360
f 1359 1360 1361
f 1361 1360 1362
f 1362 1360 1363
f 1362 1363 1364
f 1364 1363 1337
f 1337 1363 1335
f 1335 1363 1365
f 1335 1365 1333
f 1345 1366 1343
f 1366 1345 1367
f 1366 1367 1368
f 1366 1368 1369
f 1369 1368 1370
f 1369 1370 1371
f 1369 1371 1372
f 1372 1371 1373
f 1372 1373 1374
f 1374 1373 1375
f 1374 1375 1376
f 1376 1375 1377
f 1376 1377 1378
f 1376 1378 1379
f 1379 1378 1380
f 1379 1380 1381
f 1381 1380 1382
f 1381 1382 1383
f 1381 1383 1337
f 1337 1383 1364
f 1365 1336 1333
f 1336 1365 1384
f 1337 1385 1381
f 1385 1337 1338
f 1386 1381 1385
f 1381 1386 1379
f 1376 1386 1387
f 1386 1376 1379
f 1374 1387 1388
f 1387 1374 1376
f 1389 1374 1388
f 1374 1389 1372
f 1369 1389 1390
f 1389 1369 1372
f 1366 1390 1391
f 1390 1366 1369
f 1392 1366 1391
f 1366 1392 1343
f 1392 1340 1343
f 1340 1392 1393
f 1394 1340 1393
f 1340 1394 1341
f 1394 1339 1341
f 1339 1394 1395
f 1396 1339 1395
f 1339 1396 1342
f 1397 1342 1396
f 1342 1397 1344
f 1348 1397 1398
f 1397 1348 1344
f 1351 1398 1399
f 1398 1351 1348
f 1353 1399 1400
f 1399 1353 1351
f 1355 1400 1401
f 1400 1355 1353
f 1358 1401 1402
f 1401 1358 1355
f 1360 1402 1403
f 1402 1360 1358
f 1360 1404 1363
f 1404 1360 1403
f 1365 1404 1384
f 1404 1365 1363
f 1336 1333 1334
f 1335 1334 1333
f 1335 1337 1334
f 1338 1334 1337
f 1364 1383 1337
f 1337 1383 1381
f 1383 1382 1381
f 1382 1380 1381
f 1381 1380 1379
f 1380 1378 1379
f 1379 1378 1376
f 1378 1377 1376
f 1377 1375 1376
f 1376 1375 1374
f 1375 1373 1374
f 1374 1373 1372
f 1373 1371 1372
f 1372 1371 1369
f 1371 1370 1369
f 1370 1368 1369
f 1369 1368 1366
f 1368 1367 1366
f 1367 1345 1366
f 1343 1366 1345
f 1333 1365 1335
f 1365 1363 1335
f 1335 1363 1337
f 1337 1363 1364
f 1364 1363 1362
f 1363 1360 1362
f 1362 1360 1361
f 1361 1360 1359
f 1360 1358 1359
f 1359 1358 1357
f 1358 1355 1357
f 1357 1355 1356
f 1356 1355 1354
f 1355 1353 1354
f 1354 1353 1352
f 1353 1351 1352
f 1352 1351 1350
f 1351 1348 1350
f 1350 1348 1349
f 1349 1348 1347
f 1348 1344 1347
f 1347 1344 1346
f 1346 1344 1345
f 1345 1344 1343
f 1344 1342 1343
f 1343 1342 1340
f 1342 1339 1340
f 1341 1340 1339
f 1384 1365 1336
f 1333 1336 1365
f 1338 1337 1385
f 1381 1385 1337
f 1379 1386 1381
f 1385 1381 1386
f 1379 1376 1386
f 1387 1386 1376
f 1376 1374 1387
f 1388 1387 1374
f 1372 1389 1374
f 1388 1374 1389
f 1372 1369 1389
f 1390 1389 1369
f 1369 1366 1390
f 1391 1390 1366
f 1343 1392 1366
f 1391 1366 1392
f 1393 1392 1340
f 1343 1340 1392
f 1341 1394 1340
f 1393 1340 1394
f 1395 1394 1339
f 1341 1339 1394
f 1342 1396 1339
f 1395 1339 1396
f 1344 1397 1342
f 1396 1342 1397
f 1344 1348 1397
f 1398 1397 1348
f 1348 1351 1398
f 1399 1398 1351
f 1351 1353 1399
f 1400 1399 1353
f 1353 1355 1400
f 1401 1400 1355
f 1355 1358 1401
f 1402 1401 1358
f 1358 1360 1402
f 1403 1402 1360
f 1403 1360 1404
f 1363 1404 1360
f 1363 1365 1404
f 1384 1404 1365
f 1405 1383 1406
f 1383 1405 1364
f 1406 1382 1407
f 1382 1406 1383
f 1408 1409 1410
f 1409 1408 1411
f 1409 1411 1412
f 1412 1411 1413
f 1412 1413 1414
f 1414 1413 1415
f 1415 1413 1416
f 1415 1416 1417
f 1415 1417 710
f 710 1417 708
f 708 1417 711
f 711 1417 713
f 713 1417 716
f 716 1417 1418
f 716 1418 717
f 717 1418 719
f 719 1418 1419
f 719 1419 721
f 721 1419 723
f 723 1419 725
f 725 1419 1420
f 725 1420 728
f 728 1420 729
f 729 1420 731
f 731 1420 1421
f 1421 1420 1422
f 1422 1420 1423
f 1422 1423 1424
f 1422 1424 1407
f 1407 1424 1425
f 1407 1425 1406
f 1406 1425 1405
f 710 1426 1415
f 1426 710 709
f 1426 709 712
f 1426 712 714
f 1426 714 715
f 1426 715 1427
f 1427 715 718
f 1427 718 720
f 1427 720 722
f 1427 722 1428
f 1428 722 724
f 1428 724 726
f 1428 726 1421
f 1421 726 727
f 1421 727 730
f 1421 730 731
f 1425 1364 1405
f 1364 1425 1362
f 1407 1380 1422
f 1380 1407 1382
f 1377 1421 1378
f 1421 1377 1428
f 1427 1377 1375
f 1377 1427 1428
f 1373 1427 1375
f 1427 1373 1426
f 1415 1373 1371
f 1373 1415 1426
f 1414 1371 1370
f 1371 1414 1415
f 1368 1414 1370
f 1414 1368 1412
f 1368 1409 1412
f 1409 1368 1367
f 1345 1409 1367
f 1409 1345 1410
f 1345 1408 1410
f 1408 1345 1346
f 1346 1411 1408
f 1411 1346 1347
f 1347 1413 1411
f 1413 1347 1349
f 1416 1349 1350
f 1349 1416 1413
f 1352 1416 1350
f 1416 1352 1417
f 1418 1352 1354
f 1352 1418 1417
f 1419 1354 1356
f 1354 1419 1418
f 1420 1356 1357
f 1356 1420 1419
f 1423 1357 1359
f 1357 1423 1420
f 1423 1361 1424
f 1361 1423 1359
f 1424 1362 1425
f 1362 1424 1361
f 1421 1380 1378
f 1380 1421 1422
f 1364 1405 1383
f 1406 1383 1405
f 1383 1406 1382
f 1407 1382 1406
f 731 730 1421
f 730 727 1421
f 727 726 1421
f 1421 726 1428
f 726 724 1428
f 724 722 1428
f 1428 722 1427
f 722 720 1427
f 720 718 1427
f 718 715 1427
f 1427 715 1426
f 715 714 1426
f 714 712 1426
f 712 709 1426
f 709 710 1426
f 1415 1426 710
f 1405 1425 1406
f 1406 1425 1407
f 1425 1424 1407
f 1407 1424 1422
f 1424 1423 1422
f 1423 1420 1422
f 1422 1420 1421
f 1421 1420 731
f 731 1420 729
f 729 1420 728
f 728 1420 725
f 1420 1419 725
f 725 1419 723
f 723 1419 721
f 721 1419 719
f 1419 1418 719
f 719 1418 717
f 717 1418 716
f 1418 1417 716
f 716 1417 713
f 713 1417 711
f 711 1417 708
f 708 1417 710
f 710 1417 1415
f 1417 1416 1415
f 1416 1413 1415
f 1415 1413 1414
f 1414 1413 1412
f 1413 1411 1412
f 1412 1411 1409
f 1411 1408 1409
f 1410 1409 1408
f 1362 1425 1364
f 1405 1364 1425
f 1382 1407 1380
f 1422 1380 1407
f 1428 1377 1421
f 1378 1421 1377
f 1428 1427 1377
f 1375 1377 1427
f 1426 1373 1427
f 1375 1427 1373
f 1426 1415 1373
f 1371 1373 1415
f 1415 1414 1371
f 1370 1371 1414
f 1412 1368 1414
f 1370 1414 1368
f 1367 1368 1409
f 1412 1409 1368
f 1410 1345 1409
f 1367 1409 1345
f 1346 1345 1408
f 1410 1408 1345
f 1347 1346 1411
f 1408 1411 1346
f 1349 1347 1413
f 1411 1413 1347
f 1413 1416 1349
f 1350 1349 1416
f 1417 1352 1416
f 1350 1416 1352
f 1417 1418 1352
f 1354 1352 1418
f 1418 1419 1354
f 1356 1354 1419
f 1419 1420 1356
f 1357 1356 1420
f 1420 1423 1357
f 1359 1357 1423
f 1359 1423 1361
f 1424 1361 1423
f 1361 1424 1362
f 1425 1362 1424
f 1422 1421 1380
f 1378 1380 1421
f 1429 621 1430
f 621 1429 598
f 1430 620 1431
f 620 1430 621
f 1432 643 1433
f 643 1432 648
f 648 1432 1434
f 648 1434 1435
f 648 1435 652
f 652 1435 656
f 656 1435 1436
f 656 1436 660
f 660 1436 663
f 663 1436 667
f 667 1436 672
f 672 1436 676
f 676 1436 680
f 680 1436 684
f 684 1436 688
f 1437 1438 1439
f 1438 1437 1440
f 1438 1440 1441
f 1441 1440 1442
f 1442 1440 1433
f 1442 1433 645
f 1442 645 1443
f 645 1433 643
f 1443 645 649
f 1443 649 1444
f 1444 649 1445
f 1445 649 653
f 1445 653 658
f 1445 658 1446
f 1446 658 662
f 1446 662 665
f 1446 665 670
f 1446 670 673
f 1446 673 677
f 1446 677 681
f 1446 681 685
f 1446 685 688
f 1446 688 1436
f 1446 1436 1447
f 1446 1447 1448
f 1448 1447 1449
f 1449 1447 1450
f 1449 1450 1451
f 1449 1451 1431
f 1431 1451 1452
f 1431 1452 1430
f 1430 1452 1429
f 1429 596 598
f 596 1429 1452
f 1449 620 618
f 620 1449 1431
f 615 1448 616
f 1448 615 1446
f 1445 615 613
f 615 1445 1446
f 1444 613 611
f 613 1444 1445
f 1443 611 609
f 611 1443 1444
f 1442 609 608
f 609 1442 1443
f 606 1442 608
f 1442 606 1441
f 606 1438 1441
f 1438 606 605
f 578 1438 605
f 1438 578 1439
f 578 1437 1439
f 1437 578 580
f 581 1437 580
f 1437 581 1440
f 583 1440 581
f 1440 583 1433
f 584 1433 583
f 1433 584 1432
f 586 1432 584
f 1432 586 1434
f 1435 586 588
f 586 1435 1434
f 589 1435 588
f 1435 589 1436
f 591 1436 589
f 1436 591 1447
f 1450 591 593
f 591 1450 1447
f 1450 595 1451
f 595 1450 593
f 1451 596 1452
f 596 1451 595
f 1448 618 616
f 618 1448 1449
f 598 1429 621
f 1430 621 1429
f 621 1430 620
f 1431 620 1430
f 1429 1452 1430
f 1430 1452 1431
f 1452 1451 1431
f 1431 1451 1449
f 1451 1450 1449
f 1450 1447 1449
f 1449 1447 1448
f 1448 1447 1446
f 1447 1436 1446
f 1436 688 1446
f 688 685 1446
f 685 681 1446
f 681 677 1446
f 677 673 1446
f 673 670 1446
f 670 665 1446
f 665 662 1446
f 662 658 1446
f 1446 658 1445
f 658 653 1445
f 653 649 1445
f 1445 649 1444
f 1444 649 1443
f 649 645 1443
f 643 1433 645
f 1443 645 1442
f 645 1433 1442
f 1433 1440 1442
f 1442 1440 1441
f 1441 1440 1438
f 1440 1437 1438
f 1439 1438 1437
f 688 1436 684
f 684 1436 680
f 680 1436 676
f 676 1436 672
f 672 1436 667
f 667 1436 663
f 663 1436 660
f 660 1436 656
f 1436 1435 656
f 656 1435 652
f 652 1435 648
f 1435 1434 648
f 1434 1432 648
f 648 1432 643
f 1433 643 1432
f 1452 1429 596
f 598 596 1429
f 1431 1449 620
f 618 620 1449
f 1446 615 1448
f 616 1448 615
f 1446 1445 615
f 613 615 1445
f 1445 1444 613
f 611 613 1444
f 1444 1443 611
f 609 611 1443
f 1443 1442 609
f 608 609 1442
f 1441 606 1442
f 608 1442 606
f 605 606 1438
f 1441 1438 606
f 1439 578 1438
f 605 1438 578
f 580 578 1437
f 1439 1437 578
f 1440 581 1437
f 580 1437 581
f 1433 583 1440
f 581 1440 583
f 1432 584 1433
f 583 1433 584
f 1434 586 1432
f 584 1432 586
f 1434 1435 586
f 588 586 1435
f 1436 589 1435
f 588 1435 589
f 1447 591 1436
f 589 1436 591
f 1447 1450 591
f 593 591 1450
f 593 1450 595
f 1451 595 1450
f 595 1451 596
f 1452 596 1451
f 1449 1448 618
f 616 618 1448
f 533 1453 1454
f 1453 533 530
f 530 533 1453
f 1454 1453 533
f 534 1454 1455
f 1454 534 533
f 533 534 1454
f 1455 1454 534
f 530 1456 1453
f 1456 530 529
f 529 530 1456
f 1453 1456 530
f 537 1455 1457
f 1455 537 534
f 534 537 1455
f 1457 1455 537
f 527 1456 529
f 1456 527 1458
f 1458 527 1456
f 529 1456 527
f 539 1457 1459
f 1457 539 537
f 537 539 1457
f 1459 1457 539
f 523 1458 527
f 1458 523 1460
f 1460 523 1461
f 1461 523 1460
f 1460 523 1458
f 527 1458 523
f 540 1459 1462
f 1459 540 539
f 539 540 1459
f 1462 1459 540
f 525 1461 523
f 1461 525 1463
f 1463 525 1461
f 523 1461 525
f 1464 540 1462
f 540 1464 542
f 542 1464 540
f 1462 540 1464
f 524 1463 525
f 1463 524 1465
f 1465 524 1463
f 525 1463 524
f 1466 542 1464
f 542 1466 544
f 544 1466 542
f 1464 542 1466
f 526 1465 524
f 1465 526 1467
f 1467 526 1468
f 1468 526 1467
f 1467 526 1465
f 524 1465 526
f 1466 546 544
f 546 1466 1469
f 1469 1466 546
f 544 546 1466
f 528 1468 526
f 1468 528 1470
f 1470 528 1468
f 526 1468 528
f 1469 545 546
f 545 1469 1471
f 1471 1469 545
f 546 545 1469
f 1470 531 1472
f 531 1470 528
f 528 1470 531
f 1472 531 1470
f 1471 543 545
f 543 1471 1473
f 1473 1471 543
f 545 543 1471
f 1472 532 1474
f 532 1472 531
f 531 1472 532
f 1474 532 1472
f 1475 543 1473
f 543 1475 541
f 541 1475 543
f 1473 543 1475
f 1474 535 1476
f 535 1474 532
f 532 1474 535
f 1476 535 1474
f 1477 541 1475
f 541 1477 538
f 538 1477 541
f 1475 541 1477
f 1476 536 1478
f 536 1476 535
f 535 1476 536
f 1478 536 1476
f 1478 538 1477
f 538 1478 536
f 536 1478 538
f 1477 538 1478
f 1460 1479 1461
f 1479 716 1461
f 717 1461 716
f 1463 1461 719
f 717 719 1461
f 1458 1456 1479
f 1456 1480 1479
f 1479 1480 716
f 713 716 1480
f 1465 1463 721
f 719 721 1463
f 1480 1456 713
f 713 1456 711
f 711 1456 1481
f 1453 1481 1456
f 1467 1465 1482
f 1465 721 1482
f 723 1482 721
f 1481 1453 711
f 1453 1483 711
f 708 711 1483
f 1454 1483 1453
f 1470 1468 1484
f 1468 1482 1484
f 1484 1482 725
f 723 725 1482
f 1483 1454 708
f 708 1454 710
f 710 1454 1485
f 1455 1485 1454
f 1484 725 1470
f 725 1486 1470
f 1472 1470 1486
f 728 1486 725
f 1485 1455 710
f 710 1455 709
f 709 1455 1487
f 1457 1487 1455
f 1486 728 1472
f 1472 728 1474
f 1474 728 1488
f 729 1488 728
f 709 1487 712
f 1487 1457 712
f 712 1457 1489
f 1459 1489 1457
f 1488 729 1474
f 729 1490 1474
f 1476 1474 1490
f 731 1490 729
f 1489 1459 712
f 712 1459 714
f 714 1459 1491
f 1462 1491 1459
f 1490 731 1476
f 1476 731 1478
f 1478 731 1492
f 730 1492 731
f 1464 1493 1462
f 1462 1493 1491
f 1491 1493 714
f 715 714 1493
f 1492 730 1478
f 1478 730 1477
f 1477 730 1494
f 727 1494 730
f 1464 1466 1493
f 1466 1495 1493
f 1495 718 1493
f 715 1493 718
f 1494 727 1477
f 1477 727 1475
f 1475 727 1496
f 726 1496 727
f 1466 1469 1495
f 1469 1497 1495
f 1495 1497 718
f 720 718 1497
f 1473 1475 1498
f 1475 1496 1498
f 1498 1496 724
f 726 724 1496
f 1469 1471 1497
f 1471 1499 1497
f 1497 1499 720
f 722 720 1499
f 1471 1473 1499
f 1473 1498 1499
f 1499 1498 722
f 724 722 1498
f 716 1461 717
f 1461 716 1479
f 1461 1479 1460
f 1461 719 717
f 719 1461 1463
f 1480 716 713
f 716 1480 1479
f 1479 1480 1456
f 1479 1456 1458
f 1463 721 719
f 721 1463 1465
f 1456 1481 1453
f 1481 1456 711
f 711 1456 713
f 713 1456 1480
f 721 1482 723
f 1482 721 1465
f 1482 1465 1467
f 1453 1483 1454
f 1483 711 708
f 711 1483 1453
f 711 1453 1481
f 1482 725 723
f 725 1482 1484
f 1484 1482 1468
f 1484 1468 1470
f 1454 1485 1455
f 1485 1454 710
f 710 1454 708
f 708 1454 1483
f 725 1486 728
f 1486 1470 1472
f 1470 1486 725
f 1470 725 1484
f 1455 1487 1457
f 1487 1455 709
f 709 1455 710
f 710 1455 1485
f 728 1488 729
f 1488 728 1474
f 1474 728 1472
f 1472 728 1486
f 1457 1489 1459
f 1489 1457 712
f 712 1457 1487
f 712 1487 709
f 729 1490 731
f 1490 1474 1476
f 1474 1490 729
f 1474 729 1488
f 1459 1491 1462
f 1491 1459 714
f 714 1459 712
f 712 1459 1489
f 731 1492 730
f 1492 731 1478
f 1478 731 1476
f 1476 731 1490
f 1493 714 715
f 714 1493 1491
f 1491 1493 1462
f 1462 1493 1464
f 730 1494 727
f 1494 730 1477
f 1477 730 1478
f 1478 730 1492
f 718 1493 715
f 1493 718 1495
f 1493 1495 1466
f 1493 1466 1464
f 727 1496 726
f 1496 727 1475
f 1475 727 1477
f 1477 727 1494
f 1497 718 720
f 718 1497 1495
f 1495 1497 1469
f 1495 1469 1466
f 1496 724 726
f 724 1496 1498
f 1498 1496 1475
f 1498 1475 1473
f 1499 720 722
f 720 1499 1497
f 1497 1499 1471
f 1497 1471 1469
f 1498 722 724
f 722 1498 1499
f 1499 1498 1473
f 1499 1473 1471
f 1500 1501 1502
f 1501 1500 1503
f 1503 1500 1501
f 1502 1501 1500
f 1504 1505 1506
f 1505 1504 1507
f 1508 1509 1510
f 1509 1508 1511
f 1509 1511 1512
f 1512 1511 1513
f 1512 1513 1514
f 1514 1513 1515
f 1514 1515 1516
f 1516 1515 1517
f 1516 1517 1518
f 1518 1517 1519
f 1518 1519 1505
f 1505 1519 1520
f 1505 1520 1506
f 1506 1520 1521
f 1506 1521 1522
f 1522 1521 1523
f 1522 1523 1524
f 1524 1523 1525
f 1524 1525 1526
f 1526 1525 1527
f 1526 1527 1528
f 1528 1527 1529
f 1530 1506 1522
f 1506 1530 1504
f 1531 1532 1533
f 1532 1531 1534
f 1532 1534 1535
f 1535 1534 1536
f 1535 1536 1537
f 1537 1536 1538
f 1537 1538 1539
f 1539 1538 1540
f 1539 1540 1541
f 1541 1540 1507
f 1541 1507 1542
f 1542 1507 1504
f 1542 1504 1543
f 1543 1504 1530
f 1543 1530 1544
f 1544 1530 1545
f 1544 1545 1546
f 1546 1545 1547
f 1546 1547 1548
f 1548 1547 1549
f 1548 1549 1550
f 1550 1549 1551
f 1507 1518 1505
f 1518 1507 1540
f 1540 1516 1518
f 1516 1540 1538
f 1538 1514 1516
f 1514 1538 1536
f 1536 1512 1514
f 1512 1536 1534
f 1534 1509 1512
f 1509 1534 1531
f 1531 1510 1509
f 1510 1531 1533
f 1533 1508 1510
f 1508 1533 1532
f 1532 1511 1508
f 1511 1532 1535
f 1535 1513 1511
f 1513 1535 1537
f 1513 1539 1515
f 1539 1513 1537
f 1515 1541 1517
f 1541 1515 1539
f 1517 1542 1519
f 1542 1517 1541
f 1519 1543 1520
f 1543 1519 1542
f 1520 1544 1521
f 1544 1520 1543
f 1521 1546 1523
f 1546 1521 1544
f 1523 1548 1525
f 1548 1523 1546
f 1525 1550 1527
f 1550 1525 1548
f 1527 1551 1529
f 1551 1527 1550
f 1529 1549 1528
f 1549 1529 1551
f 1528 1547 1526
f 1547 1528 1549
f 1526 1545 1524
f 1545 1526 1547
f 1545 1522 1524
f 1522 1545 1530
f 1552 1553 1554
f 1555 1554 1553
f 1556 1557 1558
f 1557 1559 1558
f 1559 1560 1558
f 1560 1561 1558
f 1561 1562 1558
f 1562 1563 1558
f 1563 1564 1558
f 1564 1565 1558
f 1565 1566 1558
f 1566 1567 1558
f 1567 1568 1558
f 1568 1569 1558
f 1569 1570 1558
f 1570 1571 1558
f 1571 1572 1558
f 1572 1573 1558
f 1573 1574 1558
f 1574 1575 1558
f 1575 1576 1558
f 1576 1577 1558
f 1577 1578 1558
f 1578 1579 1558
f 1580 1581 1582
f 1582 1581 1583
f 1583 1581 1579
f 1579 1581 1558
f 1581 1584 1558
f 1584 1585 1558
f 1585 1586 1558
f 1586 1587 1558
f 1587 1588 1558
f 1588 1589 1558
f 1589 1590 1558
f 1590 1591 1558
f 1591 1592 1558
f 1593 1594 1595
f 1594 1596 1595
f 1596 1597 1595
f 1597 1598 1595
f 1595 1598 1599
f 1598 1600 1599
f 1600 1554 1599
f 1554 1555 1599
f 1555 1601 1599
f 1599 1601 1602
f 1601 1603 1602
f 1603 1604 1602
f 1604 1605 1602
f 1558 1592 1606
f 1592 1607 1606
f 1607 1602 1606
f 1602 1605 1606
f 1608 1606 1605
f 1568 1609 1569
f 1569 1609 1610
f 1610 1609 1611
f 1611 1609 1612
f 1612 1609 1613
f 1613 1609 1614
f 1614 1609 1615
f 1615 1609 1616
f 1616 1609 1617
f 1617 1609 1618
f 1618 1609 1619
f 1619 1609 1620
f 1580 1621 1581
f 1621 1620 1581
f 1620 1609 1581
f 1581 1609 1622
f 1622 1609 1623
f 1623 1609 1624
f 1624 1609 1625
f 1625 1609 1626
f 1626 1609 1627
f 1609 1593 1627
f 1627 1593 1628
f 1628 1593 1629
f 1629 1593 1630
f 1630 1593 1631
f 1631 1593 1632
f 1632 1593 1633
f 1595 1633 1593
f 1555 1553 1601
f 1634 1601 1553
f 1554 1600 1552
f 1635 1552 1600
f 1605 1636 1608
f 1637 1608 1636
f 1604 1638 1605
f 1636 1605 1638
f 1639 1638 1603
f 1604 1603 1638
f 1601 1634 1603
f 1639 1603 1634
f 1598 1640 1600
f 1635 1600 1640
f 1598 1597 1640
f 1641 1640 1597
f 1596 1642 1597
f 1641 1597 1642
f 1596 1594 1642
f 1643 1642 1594
f 1593 1644 1594
f 1643 1594 1644
f 1609 1568 1645
f 1646 1645 1568
f 1568 1567 1646
f 1647 1646 1567
f 1567 1566 1647
f 1648 1647 1566
f 1566 1565 1648
f 1649 1648 1565
f 1564 1650 1565
f 1649 1565 1650
f 1564 1563 1650
f 1651 1650 1563
f 1651 1563 1652
f 1562 1652 1563
f 1652 1562 1653
f 1561 1653 1562
f 1653 1561 1654
f 1560 1654 1561
f 1654 1560 1655
f 1559 1655 1560
f 1655 1559 1656
f 1557 1656 1559
f 1557 1556 1656
f 1657 1656 1556
f 1659 1660 1661
f 1660 1659 1658
f 1682 1681 1683
f 1681 1682 1680
f 1681 1680 1679
f 1679 1680 1678
f 1679 1678 1677
f 1677 1678 1676
f 1677 1676 1675
f 1675 1676 1674
f 1675 1674 1673
f 1673 1674 1672
f 1673 1672 1660
f 1660 1672 1671
f 1660 1671 1661
f 1661 1671 1670
f 1661 1670 1669
f 1669 1670 1668
f 1669 1668 1667
f 1667 1668 1666
f 1667 1666 1665
f 1665 1666 1663
f 1665 1663 1664
f 1664 1663 1662
f 1684 1661 1669
f 1661 1684 1659
f 1704 1703 1705
f 1703 1704 1702
f 1703 1702 1701
f 1701 1702 1700
f 1701 1700 1699
f 1699 1700 1698
f 1699 1698 1697
f 1697 1698 1696
f 1697 1696 1695
f 1695 1696 1658
f 1695 1658 1694
f 1694 1658 1659
f 1694 1659 1693
f 1693 1659 1684
f 1693 1684 1692
f 1692 1684 1691
f 1692 1691 1690
f 1690 1691 1689
f 1690 1689 1688
f 1688 1689 1686
f 1688 1686 1687
f 1687 1686 1685
f 1658 1673 1660
f 1673 1658 1696
f 1696 1675 1673
f 1675 1696 1698
f 1698 1677 1675
f 1677 1698 1700
f 1700 1679 1677
f 1679 1700 1702
f 1702 1681 1679
f 1681 1702 1704
f 1704 1683 1681
f 1683 1704 1705
f 1705 1682 1683
f 1682 1705 1703
f 1703 1680 1682
f 1680 1703 1701
f 1701 1678 1680
f 1678 1701 1699
f 1678 1697 1676
f 1697 1678 1699
f 1676 1695 1674
f 1695 1676 1697
f 1674 1694 1672
f 1694 1674 1695
f 1672 1693 1671
f 1693 1672 1694
f 1671 1692 1670
f 1692 1671 1693
f 1670 1690 1668
f 1690 1670 1692
f 1668 1688 1666
f 1688 1668 1690
f 1666 1687 1663
f 1687 1666 1688
f 1663 1685 1662
f 1685 1663 1687
f 1662 1686 1664
f 1686 1662 1685
f 1664 1689 1665
f 1689 1664 1686
f 1665 1691 1667
f 1691 1665 1689
f 1691 1669 1667
f 1669 1691 1684
f 1658 1659 1660
f 1661 1660 1659
f 1662 1663 1664
f 1664 1663 1665
f 1663 1666 1665
f 1665 1666 1667
f 1666 1668 1667
f 1667 1668 1669
f 1668 1670 1669
f 1669 1670 1661
f 1670 1671 1661
f 1661 1671 1660
f 1671 1672 1660
f 1660 1672 1673
f 1672 1674 1673
f 1673 1674 1675
f 1674 1676 1675
f 1675 1676 1677
f 1676 1678 1677
f 1677 1678 1679
f 1678 1680 1679
f 1679 1680 1681
f 1680 1682 1681
f 1683 1681 1682
f 1659 1684 1661
f 1669 1661 1684
f 1685 1686 1687
f 1687 1686 1688
f 1686 1689 1688
f 1688 1689 1690
f 1689 1691 1690
f 1690 1691 1692
f 1691 1684 1692
f 1692 1684 1693
f 1684 1659 1693
f 1693 1659 1694
f 1659 1658 1694
f 1694 1658 1695
f 1658 1696 1695
f 1695 1696 1697
f 1696 1698 1697
f 1697 1698 1699
f 1698 1700 1699
f 1699 1700 1701
f 1700 1702 1701
f 1701 1702 1703
f 1702 1704 1703
f 1705 1703 1704
f 1696 1658 1673
f 1660 1673 1658
f 1698 1696 1675
f 1673 1675 1696
f 1700 1698 1677
f 1675 1677 1698
f 1702 1700 1679
f 1677 1679 1700
f 1704 1702 1681
f 1679 1681 1702
f 1705 1704 1683
f 1681 1683 1704
f 1703 1705 1682
f 1683 1682 1705
f 1701 1703 1680
f 1682 1680 1703
f 1699 1701 1678
f 1680 1678 1701
f 1699 1678 1697
f 1676 1697 1678
f 1697 1676 1695
f 1674 1695 1676
f 1695 1674 1694
f 1672 1694 1674
f 1694 1672 1693
f 1671 1693 1672
f 1693 1671 1692
f 1670 1692 1671
f 1692 1670 1690
f 1668 1690 1670
f 1690 1668 1688
f 1666 1688 1668
f 1688 1666 1687
f 1663 1687 1666
f 1687 1663 1685
f 1662 1685 1663
f 1685 1662 1686
f 1664 1686 1662
f 1686 1664 1689
f 1665 1689 1664
f 1689 1665 1691
f 1667 1691 1665
f 1684 1691 1669
f 1667 1669 1691
f 515 516 1706
f 1707 1706 516
f 493 1708 490
f 1708 1709 490
f 1709 1710 490
f 1710 1711 490
f 1711 1712 490
f 1712 1713 490
f 1713 1714 490
f 1714 1715 490
f 1715 1716 490
f 1716 1717 490
f 1717 1718 490
f 1718 1719 490
f 1719 1720 490
f 1720 1721 490
f 1721 1722 490
f 1722 1723 490
f 1723 1724 490
f 1724 1725 490
f 1725 1726 490
f 1726 1727 490
f 1727 1728 490
f 1728 1729 490
f 1730 1731 1732
f 1732 1731 1733
f 1733 1731 1729
f 1729 1731 490
f 1731 1734 490
f 1734 1735 490
f 1735 1736 490
f 1736 1737 490
f 1737 1738 490
f 1738 1739 490
f 1739 1740 490
f 1740 1741 490
f 1741 1742 490
f 522 1743 1744
f 1743 1745 1744
f 1745 1746 1744
f 1746 1747 1744
f 1744 1747 1748
f 1747 1749 1748
f 1749 1706 1748
f 1706 1707 1748
f 1707 1750 1748
f 1748 1750 1751
f 1750 1752 1751
f 1752 1753 1751
f 1753 1754 1751
f 490 1742 489
f 1742 1755 489
f 1755 1751 489
f 1751 1754 489
f 495 489 1754
f 1718 521 1719
f 1719 521 1756
f 1756 521 1757
f 1757 521 1758
f 1758 521 1759
f 1759 521 1760
f 1760 521 1761
f 1761 521 1762
f 1762 521 1763
f 1763 521 1764
f 1764 521 1765
f 1765 521 1766
f 1730 1767 1731
f 1767 1766 1731
f 1766 521 1731
f 1731 521 1768
f 1768 521 1769
f 1769 521 1770
f 1770 521 1771
f 1771 521 1772
f 1772 521 1773
f 521 522 1773
f 1773 522 1774
f 1774 522 1775
f 1775 522 1776
f 1776 522 1777
f 1777 522 1778
f 1778 522 1779
f 1744 1779 522
f 1707 516 1750
f 517 1750 516
f 1706 1749 515
f 514 515 1749
f 1754 520 495
f 496 495 520
f 1753 519 1754
f 520 1754 519
f 518 519 1752
f 1753 1752 519
f 1750 517 1752
f 518 1752 517
f 1747 513 1749
f 514 1749 513
f 1747 1746 513
f 512 513 1746
f 1745 511 1746
f 512 1746 511
f 1745 1743 511
f 510 511 1743
f 522 509 1743
f 510 1743 509
f 521 1718 508
f 507 508 1718
f 1718 1717 507
f 506 507 1717
f 1717 1716 506
f 505 506 1716
f 1716 1715 505
f 504 505 1715
f 1714 503 1715
f 504 1715 503
f 1714 1713 503
f 502 503 1713
f 502 1713 501
f 1712 501 1713
f 501 1712 500
f 1711 500 1712
f 500 1711 499
f 1710 499 1711
f 499 1710 498
f 1709 498 1710
f 498 1709 497
f 1708 497 1709
f 1708 493 497
f 494 497 493
f 516 1706 1707
f 1706 516 515
f 522 1779 1744
f 1779 522 1778
f 1778 522 1777
f 1777 522 1776
f 1776 522 1775
f 1775 522 1774
f 1774 522 1773
f 1773 522 521
f 1773 521 1772
f 1772 521 1771
f 1771 521 1770
f 1770 521 1769
f 1769 521 1768
f 1768 521 1731
f 1731 521 1766
f 1731 1766 1767
f 1731 1767 1730
f 1766 521 1765
f 1765 521 1764
f 1764 521 1763
f 1763 521 1762
f 1762 521 1761
f 1761 521 1760
f 1760 521 1759
f 1759 521 1758
f 1758 521 1757
f 1757 521 1756
f 1756 521 1719
f 1719 521 1718
f 1754 489 495
f 489 1754 1751
f 489 1751 1755
f 489 1755 1742
f 489 1742 490
f 1751 1754 1753
f 1751 1753 1752
f 1751 1752 1750
f 1751 1750 1748
f 1748 1750 1707
f 1748 1707 1706
f 1748 1706 1749
f 1748 1749 1747
f 1748 1747 1744
f 1744 1747 1746
f 1744 1746 1745
f 1744 1745 1743
f 1744 1743 522
f 490 1742 1741
f 490 1741 1740
f 490 1740 1739
f 490 1739 1738
f 490 1738 1737
f 490 1737 1736
f 490 1736 1735
f 490 1735 1734
f 490 1734 1731
f 490 1731 1729
f 1729 1731 1733
f 1733 1731 1732
f 1732 1731 1730
f 490 1729 1728
f 490 1728 1727
f 490 1727 1726
f 490 1726 1725
f 490 1725 1724
f 490 1724 1723
f 490 1723 1722
f 490 1722 1721
f 490 1721 1720
f 490 1720 1719
f 490 1719 1718
f 490 1718 1717
f 490 1717 1716
f 490 1716 1715
f 490 1715 1714
f 490 1714 1713
f 490 1713 1712
f 490 1712 1711
f 490 1711 1710
f 490 1710 1709
f 490 1709 1708
f 490 1708 493
f 516 1750 517
f 1750 516 1707
f 1749 515 514
f 515 1749 1706
f 520 495 496
f 495 520 1754
f 519 1754 520
f 1754 519 1753
f 519 1752 1753
f 1752 519 518
f 517 1752 518
f 1752 517 1750
f 513 1749 514
f 1749 513 1747
f 1746 513 512
f 513 1746 1747
f 511 1746 512
f 1746 511 1745
f 1743 511 510
f 511 1743 1745
f 509 1743 510
f 1743 509 522
f 1718 508 507
f 508 1718 521
f 1717 507 506
f 507 1717 1718
f 1716 506 505
f 506 1716 1717
f 1715 505 504
f 505 1715 1716
f 503 1715 504
f 1715 503 1714
f 1713 503 502
f 503 1713 1714
f 1713 501 1712
f 501 1713 502
f 1712 500 1711
f 500 1712 501
f 1711 499 1710
f 499 1711 500
f 1710 498 1709
f 498 1710 499
f 1709 497 1708
f 497 1709 498
f 493 497 494
f 497 493 1708
f 1781 1782 1783
f 1782 1781 1780
f 1804 1803 1805
f 1803 1804 1802
f 1803 1802 1801
f 1801 1802 1800
f 1801 1800 1799
f 1799 1800 1798
f 1799 1798 1797
f 1797 1798 1796
f 1797 1796 1795
f 1795 1796 1794
f 1795 1794 1782
f 1782 1794 1793
f 1782 1793 1783
f 1783 1793 1792
f 1783 1792 1791
f 1791 1792 1790
f 1791 1790 1789
f 1789 1790 1788
f 1789 1788 1787
f 1787 1788 1785
f 1787 1785 1786
f 1786 1785 1784
f 1806 1783 1791
f 1783 1806 1781
f 1826 1825 1827
f 1825 1826 1824
f 1825 1824 1823
f 1823 1824 1822
f 1823 1822 1821
f 1821 1822 1820
f 1821 1820 1819
f 1819 1820 1818
f 1819 1818 1817
f 1817 1818 1780
f 1817 1780 1816
f 1816 1780 1781
f 1816 1781 1815
f 1815 1781 1806
f 1815 1806 1814
f 1814 1806 1813
f 1814 1813 1812
f 1812 1813 1811
f 1812 1811 1810
f 1810 1811 1808
f 1810 1808 1809
f 1809 1808 1807
f 1780 1795 1782
f 1795 1780 1818
f 1818 1797 1795
f 1797 1818 1820
f 1820 1799 1797
f 1799 1820 1822
f 1822 1801 1799
f 1801 1822 1824
f 1824 1803 1801
f 1803 1824 1826
f 1826 1805 1803
f 1805 1826 1827
f 1827 1804 1805
f 1804 1827 1825
f 1825 1802 1804
f 1802 1825 1823
f 1823 1800 1802
f 1800 1823 1821
f 1800 1819 1798
f 1819 1800 1821
f 1798 1817 1796
f 1817 1798 1819
f 1796 1816 1794
f 1816 1796 1817
f 1794 1815 1793
f 1815 1794 1816
f 1793 1814 1792
f 1814 1793 1815
f 1792 1812 1790
f 1812 1792 1814
f 1790 1810 1788
f 1810 1790 1812
f 1788 1809 1785
f 1809 1788 1810
f 1785 1807 1784
f 1807 1785 1809
f 1784 1808 1786
f 1808 1784 1807
f 1786 1811 1787
f 1811 1786 1808
f 1787 1813 1789
f 1813 1787 1811
f 1813 1791 1789
f 1791 1813 1806
f 1780 1781 1782
f 1783 1782 1781
f 1784 1785 1786
f 1786 1785 1787
f 1785 1788 1787
f 1787 1788 1789
f 1788 1790 1789
f 1789 1790 1791
f 1790 1792 1791
f 1791 1792 1783
f 1792 1793 1783
f 1783 1793 1782
f 1793 1794 1782
f 1782 1794 1795
f 1794 1796 1795
f 1795 1796 1797
f 1796 1798 1797
f 1797 1798 1799
f 1798 1800 1799
f 1799 1800 1801
f 1800 1802 1801
f 1801 1802 1803
f 1802 1804 1803
f 1805 1803 1804
f 1781 1806 1783
f 1791 1783 1806
f 1807 1808 1809
f 1809 1808 1810
f 1808 1811 1810
f 1810 1811 1812
f 1811 1813 1812
f 1812 1813 1814
f 1813 1806 1814
f 1814 1806 1815
f 1806 1781 1815
f 1815 1781 1816
f 1781 1780 1816
f 1816 1780 1817
f 1780 1818 1817
f 1817 1818 1819
f 1818 1820 1819
f 1819 1820 1821
f 1820 1822 1821
f 1821 1822 1823
f 1822 1824 1823
f 1823 1824 1825
f 1824 1826 1825
f 1827 1825 1826
f 1818 1780 1795
f 1782 1795 1780
f 1820 1818 1797
f 1795 1797 1818
f 1822 1820 1799
f 1797 1799 1820
f 1824 1822 1801
f 1799 1801 1822
f 1826 1824 1803
f 1801 1803 1824
f 1827 1826 1805
f 1803 1805 1826
f 1825 1827 1804
f 1805 1804 1827
f 1823 1825 1802
f 1804 1802 1825
f 1821 1823 1800
f 1802 1800 1823
f 1821 1800 1819
f 1798 1819 1800
f 1819 1798 1817
f 1796 1817 1798
f 1817 1796 1816
f 1794 1816 1796
f 1816 1794 1815
f 1793 1815 1794
f 1815 1793 1814
f 1792 1814 1793
f 1814 1792 1812
f 1790 1812 1792
f 1812 1790 1810
f 1788 1810 1790
f 1810 1788 1809
f 1785 1809 1788
f 1809 1785 1807
f 1784 1807 1785
f 1807 1784 1808
f 1786 1808 1784
f 1808 1786 1811
f 1787 1811 1786
f 1811 1787 1813
f 1789 1813 1787
f 1806 1813 1791
f 1789 1791 1813
f 1828 1829 1830
f 1831 1830 1829
f 1832 1833 1834
f 1833 1835 1834
f 1835 1836 1834
f 1836 1837 1834
f 1837 1838 1834
f 1838 1839 1834
f 1839 1840 1834
f 1840 1841 1834
f 1841 1842 1834
f 1842 1843 1834
f 1843 1844 1834
f 1844 1845 1834
f 1845 1846 1834
f 1846 1847 1834
f 1847 1848 1834
f 1848 1849 1834
f 1849 1850 1834
f 1850 1851 1834
f 1851 1852 1834
f 1852 1853 1834
f 1853 1854 1834
f 1854 1855 1834
f 1856 1857 1858
f 1858 1857 1859
f 1859 1857 1855
f 1855 1857 1834
f 1857 1860 1834
f 1860 1861 1834
f 1861 1862 1834
f 1862 1863 1834
f 1863 1864 1834
f 1864 1865 1834
f 1865 1866 1834
f 1866 1867 1834
f 1867 1868 1834
f 1869 1870 1871
f 1870 1872 1871
f 1872 1873 1871
f 1873 1874 1871
f 1871 1874 1875
f 1874 1876 1875
f 1876 1830 1875
f 1830 1831 1875
f 1831 1877 1875
f 1875 1877 1878
f 1877 1879 1878
f 1879 1880 1878
f 1880 1881 1878
f 1834 1868 1882
f 1868 1883 1882
f 1883 1878 1882
f 1878 1881 1882
f 1884 1882 1881
f 1844 1885 1845
f 1845 1885 1886
f 1886 1885 1887
f 1887 1885 1888
f 1888 1885 1889
f 1889 1885 1890
f 1890 1885 1891
f 1891 1885 1892
f 1892 1885 1893
f 1893 1885 1894
f 1894 1885 1895
f 1895 1885 1896
f 1856 1897 1857
f 1897 1896 1857
f 1896 1885 1857
f 1857 1885 1898
f 1898 1885 1899
f 1899 1885 1900
f 1900 1885 1901
f 1901 1885 1902
f 1902 1885 1903
f 1885 1869 1903
f 1903 1869 1904
f 1904 1869 1905
f 1905 1869 1906
f 1906 1869 1907
f 1907 1869 1908
f 1908 1869 1909
f 1871 1909 1869
f 1831 1829 1877
f 1910 1877 1829
f 1830 1876 1828
f 1911 1828 1876
f 1881 1912 1884
f 1913 1884 1912
f 1880 1914 1881
f 1912 1881 1914
f 1915 1914 1879
f 1880 1879 1914
f 1877 1910 1879
f 1915 1879 1910
f 1874 1916 1876
f 1911 1876 1916
f 1874 1873 1916
f 1917 1916 1873
f 1872 1918 1873
f 1917 1873 1918
f 1872 1870 1918
f 1919 1918 1870
f 1869 1920 1870
f 1919 1870 1920
f 1885 1844 1921
f 1922 1921 1844
f 1844 1843 1922
f 1923 1922 1843
f 1843 1842 1923
f 1924 1923 1842
f 1842 1841 1924
f 1925 1924 1841
f 1840 1926 1841
f 1925 1841 1926
f 1840 1839 1926
f 1927 1926 1839
f 1927 1839 1928
f 1838 1928 1839
f 1928 1838 1929
f 1837 1929 1838
f 1929 1837 1930
f 1836 1930 1837
f 1930 1836 1931
f 1835 1931 1836
f 1931 1835 1932
f 1833 1932 1835
f 1833 1832 1932
f 1933 1932 1832
f 1829 1830 1831
f 1830 1829 1828
f 1869 1909 1871
f 1909 1869 1908
f 1908 1869 1907
f 1907 1869 1906
f 1906 1869 1905
f 1905 1869 1904
f 1904 1869 1903
f 1903 1869 1885
f 1903 1885 1902
f 1902 1885 1901
f 1901 1885 1900
f 1900 1885 1899
f 1899 1885 1898
f 1898 1885 1857
f 1857 1885 1896
f 1857 1896 1897
f 1857 1897 1856
f 1896 1885 1895
f 1895 1885 1894
f 1894 1885 1893
f 1893 1885 1892
f 1892 1885 1891
f 1891 1885 1890
f 1890 1885 1889
f 1889 1885 1888
f 1888 1885 1887
f 1887 1885 1886
f 1886 1885 1845
f 1845 1885 1844
f 1881 1882 1884
f 1882 1881 1878
f 1882 1878 1883
f 1882 1883 1868
f 1882 1868 1834
f 1878 1881 1880
f 1878 1880 1879
f 1878 1879 1877
f 1878 1877 1875
f 1875 1877 1831
f 1875 1831 1830
f 1875 1830 1876
f 1875 1876 1874
f 1875 1874 1871
f 1871 1874 1873
f 1871 1873 1872
f 1871 1872 1870
f 1871 1870 1869
f 1834 1868 1867
f 1834 1867 1866
f 1834 1866 1865
f 1834 1865 1864
f 1834 1864 1863
f 1834 1863 1862
f 1834 1862 1861
f 1834 1861 1860
f 1834 1860 1857
f 1834 1857 1855
f 1855 1857 1859
f 1859 1857 1858
f 1858 1857 1856
f 1834 1855 1854
f 1834 1854 1853
f 1834 1853 1852
f 1834 1852 1851
f 1834 1851 1850
f 1834 1850 1849
f 1834 1849 1848
f 1834 1848 1847
f 1834 1847 1846
f 1834 1846 1845
f 1834 1845 1844
f 1834 1844 1843
f 1834 1843 1842
f 1834 1842 1841
f 1834 1841 1840
f 1834 1840 1839
f 1834 1839 1838
f 1834 1838 1837
f 1834 1837 1836
f 1834 1836 1835
f 1834 1835 1833
f 1834 1833 1832
f 1829 1877 1910
f 1877 1829 1831
f 1876 1828 1911
f 1828 1876 1830
f 1912 1884 1913
f 1884 1912 1881
f 1914 1881 1912
f 1881 1914 1880
f 1914 1879 1880
f 1879 1914 1915
f 1910 1879 1915
f 1879 1910 1877
f 1916 1876 1911
f 1876 1916 1874
f 1873 1916 1917
f 1916 1873 1874
f 1918 1873 1917
f 1873 1918 1872
f 1870 1918 1919
f 1918 1870 1872
f 1920 1870 1919
f 1870 1920 1869
f 1844 1921 1922
f 1921 1844 1885
f 1843 1922 1923
f 1922 1843 1844
f 1842 1923 1924
f 1923 1842 1843
f 1841 1924 1925
f 1924 1841 1842
f 1926 1841 1925
f 1841 1926 1840
f 1839 1926 1927
f 1926 1839 1840
f 1839 1928 1838
f 1928 1839 1927
f 1838 1929 1837
f 1929 1838 1928
f 1837 1930 1836
f 1930 1837 1929
f 1836 1931 1835
f 1931 1836 1930
f 1835 1932 1833
f 1932 1835 1931
f 1832 1932 1933
f 1932 1832 1833
f 1934 1935 1936
f 1935 1934 1937
f 1938 1939 1940
f 1939 1938 1941
f 1941 1938 1942
f 1942 1938 1943
f 1943 1938 1944
f 1944 1938 1945
f 1945 1938 1946
f 1946 1938 1947
f 1946 1947 1948
f 1948 1947 1949
f 1949 1947 1950
f 1950 1947 1951
f 1951 1947 1952
f 1952 1947 1953
f 1953 1947 1954
f 1953 1954 1955
f 1953 1955 1956
f 1954 1947 1957
f 1957 1947 1958
f 1958 1947 1959
f 1959 1947 1960
f 1960 1947 1961
f 1961 1947 1962
f 1962 1947 1963
f 1963 1947 1964
f 1964 1947 1965
f 1965 1947 1966
f 1966 1947 1967
f 1967 1947 1968
f 1969 1970 1971
f 1970 1969 1972
f 1970 1972 1973
f 1970 1973 1974
f 1970 1974 1975
f 1972 1969 1976
f 1972 1976 1977
f 1972 1977 1978
f 1972 1978 1979
f 1979 1978 1936
f 1979 1936 1935
f 1979 1935 1980
f 1979 1980 1981
f 1979 1981 1940
f 1940 1981 1982
f 1940 1982 1983
f 1940 1983 1984
f 1940 1984 1938
f 1975 1974 1985
f 1975 1985 1986
f 1975 1986 1987
f 1975 1987 1988
f 1975 1988 1989
f 1975 1989 1990
f 1975 1990 1991
f 1975 1991 1992
f 1975 1992 1953
f 1975 1953 1993
f 1993 1953 1994
f 1994 1953 1995
f 1995 1953 1956
f 1975 1993 1996
f 1975 1996 1997
f 1975 1997 1998
f 1975 1998 1999
f 1975 1999 2000
f 1975 2000 2001
f 1975 2001 2002
f 1975 2002 2003
f 1975 2003 2004
f 1975 2004 1967
f 1975 1967 1968
f 1975 1968 2005
f 1975 2005 2006
f 1975 2006 2007
f 1975 2007 2008
f 1975 2008 2009
f 1975 2009 2010
f 1975 2010 2011
f 1975 2011 2012
f 1975 2012 2013
f 1975 2013 2014
f 1975 2014 2015
f 1934 1978 2016
f 1978 1934 1936
f 1980 1937 2017
f 1937 1980 1935
f 2018 1971 2019
f 1971 2018 1969
f 2020 1969 2018
f 1969 2020 1976
f 2020 1977 1976
f 1977 2020 2021
f 2016 1977 2021
f 1977 2016 1978
f 2022 1980 2017
f 1980 2022 1981
f 1982 2022 2023
f 2022 1982 1981
f 2024 1982 2023
f 1982 2024 1983
f 1984 2024 2025
f 2024 1984 1983
f 2026 1984 2025
f 1984 2026 1938
f 1968 2027 2028
f 2027 1968 1947
f 2005 2028 2029
f 2028 2005 1968
f 2006 2029 2030
f 2029 2006 2005
f 2007 2030 2031
f 2030 2007 2006
f 2032 2007 2031
f 2007 2032 2008
f 2009 2032 2033
f 2032 2009 2008
f 2009 2034 2010
f 2034 2009 2033
f 2010 2035 2011
f 2035 2010 2034
f 2011 2036 2012
f 2036 2011 2035
f 2012 2037 2013
f 2037 2012 2036
f 2013 2038 2014
f 2038 2013 2037
f 2015 2038 2039
f 2038 2015 2014
f 1937 1934 1935
f 1936 1935 1934
f 2015 2014 1975
f 2014 2013 1975
f 2013 2012 1975
f 2012 2011 1975
f 2011 2010 1975
f 2010 2009 1975
f 2009 2008 1975
f 2008 2007 1975
f 2007 2006 1975
f 2006 2005 1975
f 2005 1968 1975
f 1968 1967 1975
f 1967 2004 1975
f 2004 2003 1975
f 2003 2002 1975
f 2002 2001 1975
f 2001 2000 1975
f 2000 1999 1975
f 1999 1998 1975
f 1998 1997 1975
f 1997 1996 1975
f 1996 1993 1975
f 1956 1953 1995
f 1995 1953 1994
f 1994 1953 1993
f 1993 1953 1975
f 1953 1992 1975
f 1992 1991 1975
f 1991 1990 1975
f 1990 1989 1975
f 1989 1988 1975
f 1988 1987 1975
f 1987 1986 1975
f 1986 1985 1975
f 1985 1974 1975
f 1938 1984 1940
f 1984 1983 1940
f 1983 1982 1940
f 1982 1981 1940
f 1940 1981 1979
f 1981 1980 1979
f 1980 1935 1979
f 1935 1936 1979
f 1936 1978 1979
f 1979 1978 1972
f 1978 1977 1972
f 1977 1976 1972
f 1976 1969 1972
f 1975 1974 1970
f 1974 1973 1970
f 1973 1972 1970
f 1972 1969 1970
f 1971 1970 1969
f 1968 1947 1967
f 1967 1947 1966
f 1966 1947 1965
f 1965 1947 1964
f 1964 1947 1963
f 1963 1947 1962
f 1962 1947 1961
f 1961 1947 1960
f 1960 1947 1959
f 1959 1947 1958
f 1958 1947 1957
f 1957 1947 1954
f 1956 1955 1953
f 1955 1954 1953
f 1954 1947 1953
f 1953 1947 1952
f 1952 1947 1951
f 1951 1947 1950
f 1950 1947 1949
f 1949 1947 1948
f 1948 1947 1946
f 1947 1938 1946
f 1946 1938 1945
f 1945 1938 1944
f 1944 1938 1943
f 1943 1938 1942
f 1942 1938 1941
f 1941 1938 1939
f 1940 1939 1938
f 1936 1934 1978
f 2016 1978 1934
f 1935 1980 1937
f 2017 1937 1980
f 1969 2018 1971
f 2019 1971 2018
f 1976 2020 1969
f 2018 1969 2020
f 2021 2020 1977
f 1976 1977 2020
f 1978 2016 1977
f 2021 1977 2016
f 1981 2022 1980
f 2017 1980 2022
f 1981 1982 2022
f 2023 2022 1982
f 1983 2024 1982
f 2023 1982 2024
f 1983 1984 2024
f 2025 2024 1984
f 1938 2026 1984
f 2025 1984 2026
f 1947 1968 2027
f 2028 2027 1968
f 1968 2005 2028
f 2029 2028 2005
f 2005 2006 2029
f 2030 2029 2006
f 2006 2007 2030
f 2031 2030 2007
f 2008 2032 2007
f 2031 2007 2032
f 2008 2009 2032
f 2033 2032 2009
f 2033 2009 2034
f 2010 2034 2009
f 2034 2010 2035
f 2011 2035 2010
f 2035 2011 2036
f 2012 2036 2011
f 2036 2012 2037
f 2013 2037 2012
f 2037 2013 2038
f 2014 2038 2013
f 2014 2015 2038
f 2039 2038 2015
f 166 265 165
f 265 166 268
f 265 267 266
f 267 265 268
f 266 122 127
f 122 266 267
f 268 166 265
f 165 265 166
f 268 265 267
f 266 267 265
f 267 266 122
f 127 122 266
f 1882 1834 2040
f 2041 2040 1834
f 1832 1933 1834
f 2041 1834 1933
f 1884 1882 1913
f 2040 1913 1882
f 1933 1932 2041
f 1932 1931 2041
f 1931 1930 2041
f 1930 1929 2041
f 1929 1928 2041
f 1928 1927 2041
f 1927 1926 2041
f 1926 1925 2041
f 1925 1924 2041
f 1924 1923 2041
f 1923 1922 2041
f 1922 1921 2041
f 1921 1920 2041
f 1920 1919 2041
f 1919 1918 2041
f 1918 1917 2041
f 1917 1916 2041
f 1916 1911 2041
f 1911 1828 2041
f 1828 1829 2041
f 1829 1910 2041
f 1910 1915 2041
f 1915 1914 2041
f 1914 1912 2041
f 2041 1912 2040
f 1913 2040 1912
f 1885 1869 1921
f 1920 1921 1869
f 1834 2040 2041
f 2040 1834 1882
f 1933 1834 2041
f 1834 1933 1832
f 1882 1913 2040
f 1913 1882 1884
f 1912 2040 1913
f 2040 1912 2041
f 2041 1912 1914
f 2041 1914 1915
f 2041 1915 1910
f 2041 1910 1829
f 2041 1829 1828
f 2041 1828 1911
f 2041 1911 1916
f 2041 1916 1917
f 2041 1917 1918
f 2041 1918 1919
f 2041 1919 1920
f 2041 1920 1921
f 2041 1921 1922
f 2041 1922 1923
f 2041 1923 1924
f 2041 1924 1925
f 2041 1925 1926
f 2041 1926 1927
f 2041 1927 1928
f 2041 1928 1929
f 2041 1929 1930
f 2041 1930 1931
f 2041 1931 1932
f 2041 1932 1933
f 1869 1921 1920
f 1921 1869 1885
f 1975 2042 2043
f 2042 1975 1970
f 2039 1975 2043
f 1975 2039 2015
f 1970 2019 2042
f 2019 1970 1971
f 2018 2042 2019
f 2042 2018 2043
f 2043 2018 2020
f 2043 2020 2021
f 2043 2021 2016
f 2043 2016 1934
f 2043 1934 1937
f 2043 1937 2017
f 2043 2017 2022
f 2043 2022 2023
f 2043 2023 2024
f 2043 2024 2025
f 2043 2025 2026
f 2043 2026 2027
f 2043 2027 2028
f 2043 2028 2029
f 2043 2029 2030
f 2043 2030 2031
f 2043 2031 2032
f 2043 2032 2033
f 2043 2033 2034
f 2043 2034 2035
f 2043 2035 2036
f 2043 2036 2037
f 2043 2037 2038
f 2043 2038 2039
f 1938 2027 2026
f 2027 1938 1947
f 1970 1975 2042
f 2043 2042 1975
f 2015 2039 1975
f 2043 1975 2039
f 1971 1970 2019
f 2042 2019 1970
f 2039 2038 2043
f 2038 2037 2043
f 2037 2036 2043
f 2036 2035 2043
f 2035 2034 2043
f 2034 2033 2043
f 2033 2032 2043
f 2032 2031 2043
f 2031 2030 2043
f 2030 2029 2043
f 2029 2028 2043
f 2028 2027 2043
f 2027 2026 2043
f 2026 2025 2043
f 2025 2024 2043
f 2024 2023 2043
f 2023 2022 2043
f 2022 2017 2043
f 2017 1937 2043
f 1937 1934 2043
f 1934 2016 2043
f 2016 2021 2043
f 2021 2020 2043
f 2020 2018 2043
f 2043 2018 2042
f 2019 2042 2018
f 1947 1938 2027
f 2026 2027 1938
f 2044 2045 2046
f 2047 2046 2045
f 2048 2049 2050
f 2050 2049 2051
f 2049 2052 2051
f 2053 2051 2052
f 2054 2055 2056
f 2056 2055 2057
f 2055 2058 2057
f 2057 2058 2059
f 2058 2060 2059
f 2060 2061 2059
f 2059 2061 2062
f 2061 2063 2062
f 2062 2063 2064
f 2063 2065 2064
f 2065 2066 2064
f 2066 2067 2064
f 2064 2067 2068
f 2067 2069 2068
f 2068 2069 2070
f 2069 2071 2070
f 2070 2071 2072
f 2071 2073 2072
f 2073 2053 2072
f 2052 2074 2053
f 2053 2074 2072
f 2072 2074 2075
f 2075 2074 2076
f 2074 2077 2076
f 2077 2046 2076
f 2076 2046 2078
f 2047 2078 2046
f 2061 2060 2079
f 2060 2080 2079
f 2080 2081 2079
f 2079 2081 2082
f 2082 2081 2083
f 2081 2084 2083
f 2083 2084 2085
f 2085 2084 2048
f 2049 2048 2084
f 2045 2086 2047
f 2078 2047 2086
f 2087 2088 2089
f 2088 2090 2089
f 2089 2090 2091
f 2091 2090 2092
f 2090 2093 2092
f 2093 2094 2092
f 2092 2094 2095
f 2095 2094 2096
f 2094 2097 2096
f 2096 2097 2098
f 2097 2099 2098
f 2099 2100 2098
f 2098 2100 2101
f 2101 2100 2102
f 2100 2103 2102
f 2103 2104 2102
f 2102 2104 2105
f 2104 2106 2105
f 2105 2106 2107
f 2106 2086 2107
f 2107 2086 2044
f 2045 2044 2086
f 2107 2044 2077
f 2046 2077 2044
f 2049 2084 2101
f 2098 2101 2084
f 2081 2096 2084
f 2098 2084 2096
f 2081 2080 2096
f 2095 2096 2080
f 2080 2060 2095
f 2092 2095 2060
f 2092 2060 2091
f 2058 2091 2060
f 2091 2058 2089
f 2055 2089 2058
f 2089 2055 2087
f 2054 2087 2055
f 2087 2054 2088
f 2056 2088 2054
f 2088 2056 2090
f 2057 2090 2056
f 2090 2057 2093
f 2059 2093 2057
f 2059 2062 2093
f 2094 2093 2062
f 2064 2097 2062
f 2094 2062 2097
f 2064 2068 2097
f 2099 2097 2068
f 2068 2070 2099
f 2100 2099 2070
f 2072 2103 2070
f 2100 2070 2103
f 2072 2075 2103
f 2104 2103 2075
f 2106 2104 2076
f 2075 2076 2104
f 2086 2106 2078
f 2076 2078 2106
f 2105 2107 2074
f 2077 2074 2107
f 2074 2052 2105
f 2102 2105 2052
f 2049 2101 2052
f 2102 2052 2101
f 2045 2046 2047
f 2046 2045 2044
f 2084 2048 2049
f 2048 2084 2085
f 2085 2084 2083
f 2083 2084 2081
f 2083 2081 2082
f 2082 2081 2079
f 2079 2081 2080
f 2079 2080 2060
f 2079 2060 2061
f 2046 2078 2047
f 2078 2046 2076
f 2076 2046 2077
f 2076 2077 2074
f 2076 2074 2075
f 2075 2074 2072
f 2072 2074 2053
f 2053 2074 2052
f 2072 2053 2073
f 2072 2073 2071
f 2072 2071 2070
f 2070 2071 2069
f 2070 2069 2068
f 2068 2069 2067
f 2068 2067 2064
f 2064 2067 2066
f 2064 2066 2065
f 2064 2065 2063
f 2064 2063 2062
f 2062 2063 2061
f 2062 2061 2059
f 2059 2061 2060
f 2059 2060 2058
f 2059 2058 2057
f 2057 2058 2055
f 2057 2055 2056
f 2056 2055 2054
f 2052 2051 2053
f 2051 2052 2049
f 2051 2049 2050
f 2050 2049 2048
f 2086 2047 2078
f 2047 2086 2045
f 2086 2044 2045
f 2044 2086 2107
f 2107 2086 2106
f 2107 2106 2105
f 2105 2106 2104
f 2105 2104 2102
f 2102 2104 2103
f 2102 2103 2100
f 2102 2100 2101
f 2101 2100 2098
f 2098 2100 2099
f 2098 2099 2097
f 2098 2097 2096
f 2096 2097 2094
f 2096 2094 2095
f 2095 2094 2092
f 2092 2094 2093
f 2092 2093 2090
f 2092 2090 2091
f 2091 2090 2089
f 2089 2090 2088
f 2089 2088 2087
f 2044 2077 2046
f 2077 2044 2107
f 2084 2101 2098
f 2101 2084 2049
f 2096 2084 2098
f 2084 2096 2081
f 2080 2096 2095
f 2096 2080 2081
f 2060 2095 2092
f 2095 2060 2080
f 2060 2091 2058
f 2091 2060 2092
f 2058 2089 2055
f 2089 2058 2091
f 2055 2087 2054
f 2087 2055 2089
f 2054 2088 2056
f 2088 2054 2087
f 2056 2090 2057
f 2090 2056 2088
f 2057 2093 2059
f 2093 2057 2090
f 2062 2093 2094
f 2093 2062 2059
f 2097 2062 2094
f 2062 2097 2064
f 2068 2097 2099
f 2097 2068 2064
f 2070 2099 2100
f 2099 2070 2068
f 2103 2070 2100
f 2070 2103 2072
f 2075 2103 2104
f 2103 2075 2072
f 2104 2076 2075
f 2076 2104 2106
f 2106 2078 2076
f 2078 2106 2086
f 2107 2074 2077
f 2074 2107 2105
f 2052 2105 2102
f 2105 2052 2074
f 2101 2052 2102
f 2052 2101 2049
f 2108 2109 2110
f 2111 2110 2109
f 2112 2113 2114
f 2114 2113 2115
f 2113 2116 2115
f 2115 2116 2117
f 2116 2118 2117
f 2118 2119 2117
f 2120 2121 2119
f 2117 2119 1906
f 2119 2121 1906
f 2121 2122 1906
f 1906 2122 2123
f 2122 2124 2123
f 2123 2124 2125
f 2124 2110 2125
f 2125 2110 2126
f 2111 2126 2110
f 2127 2128 2129
f 2129 2128 2130
f 2128 2131 2130
f 2130 2131 2132
f 2131 2133 2132
f 2133 2134 2132
f 2132 2134 2135
f 2134 2136 2135
f 2135 2136 2114
f 2114 2136 2112
f 2137 2112 2136
f 2134 2133 2138
f 2133 1863 2138
f 1863 2139 2138
f 2138 2139 2140
f 2140 2139 2141
f 2139 2142 2141
f 2141 2142 2143
f 2143 2142 2144
f 2142 2145 2144
f 2144 2145 2146
f 2146 2145 2120
f 2121 2120 2145
f 2120 2119 2147
f 2109 2148 2111
f 2126 2111 2148
f 2149 2150 2151
f 2151 2150 2152
f 2150 2153 2152
f 2152 2153 2154
f 2153 2155 2154
f 2154 2155 2156
f 2155 2157 2156
f 2157 2158 2156
f 2156 2158 2159
f 2159 2158 2160
f 2158 2161 2160
f 2161 2162 2160
f 2160 2162 2163
f 2163 2162 2164
f 2162 2165 2164
f 2164 2165 2166
f 2165 2167 2166
f 2166 2167 2168
f 2167 2169 2168
f 2168 2169 2108
f 2169 2148 2108
f 2109 2108 2148
f 2168 2108 2124
f 2110 2124 2108
f 2145 2142 2163
f 2160 2163 2142
f 2142 2139 2160
f 2159 2160 2139
f 1863 2156 2139
f 2159 2139 2156
f 1863 2133 2156
f 2154 2156 2133
f 2154 2133 2152
f 2131 2152 2133
f 2152 2131 2151
f 2128 2151 2131
f 2151 2128 2149
f 2127 2149 2128
f 2149 2127 2150
f 2129 2150 2127
f 2150 2129 2153
f 2130 2153 2129
f 2153 2130 2155
f 2132 2155 2130
f 2135 2157 2132
f 2155 2132 2157
f 2135 2114 2157
f 2158 2157 2114
f 2115 2161 2114
f 2158 2114 2161
f 2117 2162 2115
f 2161 2115 2162
f 1906 2165 2117
f 2162 2117 2165
f 1906 2123 2165
f 2167 2165 2123
f 2169 2167 2125
f 2123 2125 2167
f 2148 2169 2126
f 2125 2126 2169
f 2166 2168 2122
f 2124 2122 2168
f 2122 2121 2166
f 2164 2166 2121
f 2121 2145 2164
f 2163 2164 2145
f 2109 2110 2111
f 2110 2109 2108
f 2147 2119 2120
f 2145 2120 2121
f 2120 2145 2146
f 2146 2145 2144
f 2144 2145 2142
f 2144 2142 2143
f 2143 2142 2141
f 2141 2142 2139
f 2141 2139 2140
f 2140 2139 2138
f 2138 2139 1863
f 2138 1863 2133
f 2138 2133 2134
f 2136 2112 2137
f 2112 2136 2114
f 2114 2136 2135
f 2135 2136 2134
f 2135 2134 2132
f 2132 2134 2133
f 2132 2133 2131
f 2132 2131 2130
f 2130 2131 2128
f 2130 2128 2129
f 2129 2128 2127
f 2110 2126 2111
f 2126 2110 2125
f 2125 2110 2124
f 2125 2124 2123
f 2123 2124 2122
f 2123 2122 1906
f 1906 2122 2121
f 1906 2121 2119
f 1906 2119 2117
f 2119 2121 2120
f 2117 2119 2118
f 2117 2118 2116
f 2117 2116 2115
f 2115 2116 2113
f 2115 2113 2114
f 2114 2113 2112
f 2148 2111 2126
f 2111 2148 2109
f 2148 2108 2109
f 2108 2148 2169
f 2108 2169 2168
f 2168 2169 2167
f 2168 2167 2166
f 2166 2167 2165
f 2166 2165 2164
f 2164 2165 2162
f 2164 2162 2163
f 2163 2162 2160
f 2160 2162 2161
f 2160 2161 2158
f 2160 2158 2159
f 2159 2158 2156
f 2156 2158 2157
f 2156 2157 2155
f 2156 2155 2154
f 2154 2155 2153
f 2154 2153 2152
f 2152 2153 2150
f 2152 2150 2151
f 2151 2150 2149
f 2108 2124 2110
f 2124 2108 2168
f 2142 2163 2160
f 2163 2142 2145
f 2139 2160 2159
f 2160 2139 2142
f 2156 2139 2159
f 2139 2156 1863
f 2133 2156 2154
f 2156 2133 1863
f 2133 2152 2131
f 2152 2133 2154
f 2131 2151 2128
f 2151 2131 2152
f 2128 2149 2127
f 2149 2128 2151
f 2127 2150 2129
f 2150 2127 2149
f 2129 2153 2130
f 2153 2129 2150
f 2130 2155 2132
f 2155 2130 2153
f 2157 2132 2155
f 2132 2157 2135
f 2114 2157 2158
f 2157 2114 2135
f 2161 2114 2158
f 2114 2161 2115
f 2162 2115 2161
f 2115 2162 2117
f 2165 2117 2162
f 2117 2165 1906
f 2123 2165 2167
f 2165 2123 1906
f 2167 2125 2123
f 2125 2167 2169
f 2169 2126 2125
f 2126 2169 2148
f 2168 2122 2124
f 2122 2168 2166
f 2121 2166 2164
f 2166 2121 2122
f 2145 2164 2163
f 2164 2145 2121
f 2173 2170 2171
f 2172 2171 2170
f 2195 2193 2194
f 2194 2193 2192
f 2193 2191 2192
f 2192 2191 2190
f 2191 2189 2190
f 2190 2189 2188
f 2189 2187 2188
f 2188 2187 2172
f 2187 2186 2172
f 2172 2186 2171
f 2186 2185 2171
f 2171 2185 2184
f 2185 2183 2184
f 2184 2183 2182
f 2183 2181 2182
f 2182 2181 2180
f 2181 2179 2180
f 2180 2179 2178
f 2179 2177 2178
f 2178 2177 2175
f 2177 2174 2175
f 2176 2175 2174
f 2170 2196 2172
f 2188 2172 2196
f 2217 2215 2216
f 2216 2215 2214
f 2215 2213 2214
f 2214 2213 2212
f 2213 2211 2212
f 2212 2211 2210
f 2211 2196 2210
f 2210 2196 2209
f 2196 2170 2209
f 2209 2170 2208
f 2170 2173 2208
f 2208 2173 2207
f 2173 2206 2207
f 2207 2206 2205
f 2206 2204 2205
f 2205 2204 2203
f 2204 2202 2203
f 2203 2202 2201
f 2202 2200 2201
f 2201 2200 2198
f 2200 2197 2198
f 2199 2198 2197
f 2206 2173 2184
f 2171 2184 2173
f 2204 2206 2182
f 2184 2182 2206
f 2202 2204 2180
f 2182 2180 2204
f 2200 2202 2178
f 2180 2178 2202
f 2197 2200 2175
f 2178 2175 2200
f 2199 2197 2176
f 2175 2176 2197
f 2198 2199 2174
f 2176 2174 2199
f 2201 2198 2177
f 2174 2177 2198
f 2203 2201 2179
f 2177 2179 2201
f 2203 2179 2205
f 2181 2205 2179
f 2205 2181 2207
f 2183 2207 2181
f 2207 2183 2208
f 2185 2208 2183
f 2208 2185 2209
f 2186 2209 2185
f 2209 2186 2210
f 2187 2210 2186
f 2210 2187 2212
f 2189 2212 2187
f 2212 2189 2214
f 2191 2214 2189
f 2214 2191 2216
f 2193 2216 2191
f 2216 2193 2217
f 2195 2217 2193
f 2217 2195 2215
f 2194 2215 2195
f 2215 2194 2213
f 2192 2213 2194
f 2213 2192 2211
f 2190 2211 2192
f 2196 2211 2188
f 2190 2188 2211
f 2170 2171 2172
f 2171 2170 2173
f 2174 2175 2176
f 2175 2174 2177
f 2175 2177 2178
f 2178 2177 2179
f 2178 2179 2180
f 2180 2179 2181
f 2180 2181 2182
f 2182 2181 2183
f 2182 2183 2184
f 2184 2183 2185
f 2184 2185 2171
f 2171 2185 2186
f 2171 2186 2172
f 2172 2186 2187
f 2172 2187 2188
f 2188 2187 2189
f 2188 2189 2190
f 2190 2189 2191
f 2190 2191 2192
f 2192 2191 2193
f 2192 2193 2194
f 2194 2193 2195
f 2196 2172 2188
f 2172 2196 2170
f 2197 2198 2199
f 2198 2197 2200
f 2198 2200 2201
f 2201 2200 2202
f 2201 2202 2203
f 2203 2202 2204
f 2203 2204 2205
f 2205 2204 2206
f 2205 2206 2207
f 2207 2206 2173
f 2207 2173 2208
f 2208 2173 2170
f 2208 2170 2209
f 2209 2170 2196
f 2209 2196 2210
f 2210 2196 2211
f 2210 2211 2212
f 2212 2211 2213
f 2212 2213 2214
f 2214 2213 2215
f 2214 2215 2216
f 2216 2215 2217
f 2173 2184 2171
f 2184 2173 2206
f 2206 2182 2184
f 2182 2206 2204
f 2204 2180 2182
f 2180 2204 2202
f 2202 2178 2180
f 2178 2202 2200
f 2200 2175 2178
f 2175 2200 2197
f 2197 2176 2175
f 2176 2197 2199
f 2199 2174 2176
f 2174 2199 2198
f 2198 2177 2174
f 2177 2198 2201
f 2201 2179 2177
f 2179 2201 2203
f 2179 2205 2181
f 2205 2179 2203
f 2181 2207 2183
f 2207 2181 2205
f 2183 2208 2185
f 2208 2183 2207
f 2185 2209 2186
f 2209 2185 2208
f 2186 2210 2187
f 2210 2186 2209
f 2187 2212 2189
f 2212 2187 2210
f 2189 2214 2191
f 2214 2189 2212
f 2191 2216 2193
f 2216 2191 2214
f 2193 2217 2195
f 2217 2193 2216
f 2195 2215 2194
f 2215 2195 2217
f 2194 2213 2192
f 2213 2194 2215
f 2192 2211 2190
f 2211 2192 2213
f 2211 2188 2190
f 2188 2211 2196
f 2218 2219 2220
f 2219 2218 2221
f 2222 2223 2224
f 2225 2224 2226
f 2224 2225 2227
f 2227 2225 2228
f 2228 2225 2229
f 2228 2229 2230
f 2230 2229 2231
f 2231 2229 2232
f 2231 2232 2233
f 2233 2232 2234
f 2234 2232 1989
f 2234 1989 2235
f 2234 2235 2236
f 2237 2238 2239
f 2238 2237 2240
f 2240 2237 2241
f 2241 2237 2236
f 2241 2236 2242
f 2242 2236 2235
f 2242 2235 2243
f 2242 2243 2244
f 2244 2243 2245
f 2244 2245 2246
f 2246 2245 2247
f 2219 2248 2220
f 2248 2219 2249
f 2249 2219 2250
f 2249 2250 2251
f 2251 2250 2252
f 2251 2252 1943
f 1943 2252 2226
f 1943 2226 2223
f 1943 2223 2253
f 2223 2226 2224
f 2253 2223 2254
f 2253 2254 2255
f 2253 2255 2256
f 2256 2255 2257
f 2256 2257 2240
f 2240 2257 2238
f 2258 2220 2248
f 2220 2258 2218
f 2258 2221 2218
f 2221 2258 2259
f 2221 2259 2260
f 2260 2259 2261
f 2260 2261 2262
f 2262 2261 2263
f 2262 2263 2264
f 2264 2263 2265
f 2264 2265 2266
f 2266 2265 2267
f 2267 2265 2268
f 2267 2268 2269
f 2267 2269 2270
f 2270 2269 2271
f 2271 2269 2272
f 2271 2272 2273
f 2271 2273 2274
f 2274 2273 2275
f 2274 2275 2276
f 2276 2275 2277
f 2276 2277 2278
f 2278 2277 2279
f 2221 2250 2219
f 2250 2221 2260
f 2229 2266 2267
f 2266 2229 2225
f 2232 2267 2270
f 2267 2232 2229
f 2271 2232 2270
f 2232 2271 1989
f 2235 2271 2274
f 2271 2235 1989
f 2235 2276 2243
f 2276 2235 2274
f 2243 2278 2245
f 2278 2243 2276
f 2245 2279 2247
f 2279 2245 2278
f 2247 2277 2246
f 2277 2247 2279
f 2246 2275 2244
f 2275 2246 2277
f 2244 2273 2242
f 2273 2244 2275
f 2272 2242 2273
f 2242 2272 2241
f 2240 2272 2269
f 2272 2240 2241
f 2268 2240 2269
f 2240 2268 2256
f 2265 2256 2268
f 2256 2265 2253
f 2263 2253 2265
f 2253 2263 1943
f 2251 2263 2261
f 2263 2251 1943
f 2261 2249 2251
f 2249 2261 2259
f 2259 2248 2249
f 2248 2259 2258
f 2260 2252 2250
f 2252 2260 2262
f 2226 2262 2264
f 2262 2226 2252
f 2225 2264 2266
f 2264 2225 2226
f 2221 2218 2219
f 2220 2219 2218
f 2238 2257 2240
f 2240 2257 2256
f 2257 2255 2256
f 2256 2255 2253
f 2255 2254 2253
f 2254 2223 2253
f 2224 2226 2223
f 2253 2223 1943
f 2223 2226 1943
f 2226 2252 1943
f 1943 2252 2251
f 2252 2250 2251
f 2251 2250 2249
f 2250 2219 2249
f 2249 2219 2248
f 2220 2248 2219
f 2247 2245 2246
f 2246 2245 2244
f 2245 2243 2244
f 2244 2243 2242
f 2243 2235 2242
f 2235 2236 2242
f 2242 2236 2241
f 2236 2237 2241
f 2241 2237 2240
f 2240 2237 2238
f 2239 2238 2237
f 2236 2235 2234
f 2235 1989 2234
f 1989 2232 2234
f 2234 2232 2233
f 2233 2232 2231
f 2232 2229 2231
f 2231 2229 2230
f 2230 2229 2228
f 2229 2225 2228
f 2228 2225 2227
f 2227 2225 2224
f 2226 2224 2225
f 2224 2223 2222
f 2218 2258 2220
f 2248 2220 2258
f 2279 2277 2278
f 2278 2277 2276
f 2277 2275 2276
f 2276 2275 2274
f 2275 2273 2274
f 2274 2273 2271
f 2273 2272 2271
f 2272 2269 2271
f 2271 2269 2270
f 2270 2269 2267
f 2269 2268 2267
f 2268 2265 2267
f 2267 2265 2266
f 2266 2265 2264
f 2265 2263 2264
f 2264 2263 2262
f 2263 2261 2262
f 2262 2261 2260
f 2261 2259 2260
f 2260 2259 2221
f 2259 2258 2221
f 2218 2221 2258
f 2260 2221 2250
f 2219 2250 2221
f 2225 2229 2266
f 2267 2266 2229
f 2229 2232 2267
f 2270 2267 2232
f 1989 2271 2232
f 2270 2232 2271
f 1989 2235 2271
f 2274 2271 2235
f 2274 2235 2276
f 2243 2276 2235
f 2276 2243 2278
f 2245 2278 2243
f 2278 2245 2279
f 2247 2279 2245
f 2279 2247 2277
f 2246 2277 2247
f 2277 2246 2275
f 2244 2275 2246
f 2275 2244 2273
f 2242 2273 2244
f 2241 2272 2242
f 2273 2242 2272
f 2241 2240 2272
f 2269 2272 2240
f 2256 2268 2240
f 2269 2240 2268
f 2253 2265 2256
f 2268 2256 2265
f 1943 2263 2253
f 2265 2253 2263
f 1943 2251 2263
f 2261 2263 2251
f 2259 2261 2249
f 2251 2249 2261
f 2258 2259 2248
f 2249 2248 2259
f 2262 2260 2252
f 2250 2252 2260
f 2252 2226 2262
f 2264 2262 2226
f 2226 2225 2264
f 2266 2264 2225
f 2280 2281 2282
f 2281 2280 2283
f 2284 2285 2286
f 2285 2284 2287
f 2287 2284 2288
f 2288 2284 2289
f 2288 2289 2290
f 2290 2289 2291
f 2291 2289 2292
f 2291 2292 2293
f 2291 2293 2294
f 2281 2295 2282
f 2295 2281 2296
f 2296 2281 2297
f 2296 2297 2298
f 2296 2298 2299
f 2299 2298 2300
f 2300 2298 2301
f 2301 2298 2302
f 2300 2301 2303
f 2300 2303 2304
f 2300 2304 2305
f 2305 2304 2306
f 2305 2306 2307
f 2307 2306 2308
f 2307 2308 2309
f 2309 2308 2310
f 2309 2310 2311
f 2309 2311 2312
f 2309 2312 2313
f 2313 2312 2294
f 2313 2294 2314
f 2314 2294 2293
f 2314 2293 2315
f 2314 2315 2316
f 2316 2315 2317
f 2316 2317 2318
f 2318 2317 2319
f 2302 2320 2301
f 2320 2302 2286
f 2320 2286 2321
f 2321 2286 2285
f 2322 2282 2295
f 2282 2322 2280
f 2322 2283 2280
f 2283 2322 2323
f 2323 2322 2324
f 2323 2324 2325
f 2325 2324 2326
f 2325 2326 2327
f 2327 2326 2328
f 2327 2328 2329
f 2327 2329 2330
f 2330 2329 2331
f 2331 2329 2332
f 2331 2332 2333
f 2331 2333 2334
f 2334 2333 2335
f 2334 2335 2336
f 2336 2335 2337
f 2337 2335 2338
f 2337 2338 2339
f 2337 2339 2340
f 2340 2339 2341
f 2341 2339 2342
f 2341 2342 2343
f 2283 2297 2281
f 2297 2283 2323
f 2284 2330 2331
f 2330 2284 2286
f 2334 2284 2331
f 2284 2334 2289
f 2292 2334 2336
f 2334 2292 2289
f 2293 2336 2337
f 2336 2293 2292
f 2293 2340 2315
f 2340 2293 2337
f 2315 2341 2317
f 2341 2315 2340
f 2317 2343 2319
f 2343 2317 2341
f 2319 2342 2318
f 2342 2319 2343
f 2318 2339 2316
f 2339 2318 2342
f 2316 2338 2314
f 2338 2316 2339
f 2313 2338 2335
f 2338 2313 2314
f 2333 2313 2335
f 2313 2333 2309
f 2307 2333 2332
f 2333 2307 2309
f 2305 2332 2329
f 2332 2305 2307
f 2328 2305 2329
f 2305 2328 2300
f 2299 2328 2326
f 2328 2299 2300
f 2326 2296 2299
f 2296 2326 2324
f 2324 2295 2296
f 2295 2324 2322
f 2323 2298 2297
f 2298 2323 2325
f 2302 2325 2327
f 2325 2302 2298
f 2330 2302 2327
f 2302 2330 2286
f 2283 2280 2281
f 2282 2281 2280
f 2285 2286 2321
f 2321 2286 2320
f 2286 2302 2320
f 2301 2320 2302
f 2319 2317 2318
f 2318 2317 2316
f 2317 2315 2316
f 2316 2315 2314
f 2315 2293 2314
f 2293 2294 2314
f 2314 2294 2313
f 2294 2312 2313
f 2313 2312 2309
f 2312 2311 2309
f 2311 2310 2309
f 2310 2308 2309
f 2309 2308 2307
f 2308 2306 2307
f 2307 2306 2305
f 2306 2304 2305
f 2305 2304 2300
f 2304 2303 2300
f 2303 2301 2300
f 2302 2298 2301
f 2301 2298 2300
f 2300 2298 2299
f 2299 2298 2296
f 2298 2297 2296
f 2297 2281 2296
f 2296 2281 2295
f 2282 2295 2281
f 2294 2293 2291
f 2293 2292 2291
f 2292 2289 2291
f 2291 2289 2290
f 2290 2289 2288
f 2289 2284 2288
f 2288 2284 2287
f 2287 2284 2285
f 2286 2285 2284
f 2280 2322 2282
f 2295 2282 2322
f 2343 2342 2341
f 2342 2339 2341
f 2341 2339 2340
f 2340 2339 2337
f 2339 2338 2337
f 2338 2335 2337
f 2337 2335 2336
f 2336 2335 2334
f 2335 2333 2334
f 2334 2333 2331
f 2333 2332 2331
f 2332 2329 2331
f 2331 2329 2330
f 2330 2329 2327
f 2329 2328 2327
f 2328 2326 2327
f 2327 2326 2325
f 2326 2324 2325
f 2325 2324 2323
f 2324 2322 2323
f 2323 2322 2283
f 2280 2283 2322
f 2323 2283 2297
f 2281 2297 2283
f 2286 2284 2330
f 2331 2330 2284
f 2289 2334 2284
f 2331 2284 2334
f 2289 2292 2334
f 2336 2334 2292
f 2292 2293 2336
f 2337 2336 2293
f 2337 2293 2340
f 2315 2340 2293
f 2340 2315 2341
f 2317 2341 2315
f 2341 2317 2343
f 2319 2343 2317
f 2343 2319 2342
f 2318 2342 2319
f 2342 2318 2339
f 2316 2339 2318
f 2339 2316 2338
f 2314 2338 2316
f 2314 2313 2338
f 2335 2338 2313
f 2309 2333 2313
f 2335 2313 2333
f 2309 2307 2333
f 2332 2333 2307
f 2307 2305 2332
f 2329 2332 2305
f 2300 2328 2305
f 2329 2305 2328
f 2300 2299 2328
f 2326 2328 2299
f 2324 2326 2296
f 2299 2296 2326
f 2322 2324 2295
f 2296 2295 2324
f 2325 2323 2298
f 2297 2298 2323
f 2298 2302 2325
f 2327 2325 2302
f 2286 2330 2302
f 2327 2302 2330
f 297 2344 330
f 2345 330 2344
f 2344 330 2345
f 330 2344 297
f 2346 2344 296
f 297 296 2344
f 2344 296 297
f 296 2344 2346
f 2347 297 2348
f 330 2348 297
f 297 2348 330
f 2348 297 2347
f 330 2345 329
f 2349 329 2345
f 2345 329 2349
f 329 2345 330
f 479 478 480
f 478 2350 480
f 2351 480 2350
f 2352 459 2353
f 459 460 2353
f 2353 460 2354
f 460 462 2354
f 2354 462 2355
f 462 473 2355
f 2355 473 2356
f 473 480 2356
f 480 2351 2356
f 2356 2351 2357
f 2357 2351 2358
f 2351 2349 2358
f 2349 2345 2358
f 2358 2345 2346
f 2344 2346 2345
f 2359 474 2352
f 2352 474 459
f 472 459 474
f 2360 2361 2362
f 2362 2361 2363
f 2361 2364 2363
f 2364 2365 2363
f 2363 2365 2359
f 2359 2365 474
f 2365 2366 474
f 474 2366 475
f 2366 2367 475
f 475 2367 476
f 2367 2368 476
f 476 2368 477
f 2368 2369 477
f 477 2369 478
f 2350 478 2369
f 2369 478 2350
f 478 2369 477
f 477 2369 2368
f 477 2368 476
f 476 2368 2367
f 476 2367 475
f 475 2367 2366
f 475 2366 474
f 474 2366 2365
f 474 2365 2359
f 2359 2365 2363
f 2363 2365 2364
f 2363 2364 2361
f 2363 2361 2362
f 2362 2361 2360
f 474 459 472
f 459 474 2352
f 2352 474 2359
f 2345 2346 2344
f 2346 2345 2358
f 2358 2345 2349
f 2358 2349 2351
f 2358 2351 2357
f 2357 2351 2356
f 2356 2351 480
f 2356 480 473
f 2356 473 2355
f 2355 473 462
f 2355 462 2354
f 2354 462 460
f 2354 460 2353
f 2353 460 459
f 2353 459 2352
f 2350 480 2351
f 480 2350 478
f 480 478 479
f 295 2358 296
f 2346 296 2358
f 2358 296 2346
f 296 2358 295
f 2370 296 2347
f 297 2347 296
f 296 2347 297
f 2347 296 2370
f 2348 330 2371
f 329 2371 330
f 330 2371 329
f 2371 330 2348
f 329 2349 328
f 2351 328 2349
f 2349 328 2351
f 328 2349 329
f 286 2359 287
f 2352 287 2359
f 2359 287 2352
f 287 2359 286
f 288 287 2353
f 2352 2353 287
f 287 2353 2352
f 2353 287 288
f 290 288 2354
f 2353 2354 288
f 288 2354 2353
f 2354 288 290
f 291 290 2355
f 2354 2355 290
f 290 2355 2354
f 2355 290 291
f 292 291 2356
f 2355 2356 291
f 291 2356 2355
f 2356 291 292
f 293 292 2357
f 2356 2357 292
f 292 2357 2356
f 2357 292 293
f 293 2357 295
f 2358 295 2357
f 2357 295 2358
f 295 2357 293
f 327 328 2350
f 2351 2350 328
f 328 2350 2351
f 2350 328 327
f 326 327 2369
f 2350 2369 327
f 327 2369 2350
f 2369 327 326
f 326 2369 325
f 2368 325 2369
f 2369 325 2368
f 325 2369 326
f 324 325 2367
f 2368 2367 325
f 325 2367 2368
f 2367 325 324
f 324 2367 323
f 2366 323 2367
f 2367 323 2366
f 323 2367 324
f 322 323 2365
f 2366 2365 323
f 323 2365 2366
f 2365 323 322
f 2364 321 2365
f 322 2365 321
f 321 2365 322
f 2365 321 2364
f 320 321 2361
f 2364 2361 321
f 321 2361 2364
f 2361 321 320
f 2360 281 2361
f 320 2361 281
f 281 2361 320
f 2361 281 2360
f 2362 282 2360
f 281 2360 282
f 282 2360 281
f 2360 282 2362
f 2363 284 2362
f 282 2362 284
f 284 2362 282
f 2362 284 2363
f 286 284 2359
f 2363 2359 284
f 284 2359 2363
f 2359 284 286
f 2372 295 2370
f 296 2370 295
f 295 2370 296
f 2370 295 2372
f 2371 329 2373
f 328 2373 329
f 329 2373 328
f 2373 329 2371
f 2374 286 2375
f 287 2375 286
f 286 2375 287
f 2375 286 2374
f 2376 2375 288
f 287 288 2375
f 2375 288 287
f 288 2375 2376
f 2377 2376 290
f 288 290 2376
f 2376 290 288
f 290 2376 2377
f 2378 2377 291
f 290 291 2377
f 2377 291 290
f 291 2377 2378
f 2378 291 2379
f 292 2379 291
f 291 2379 292
f 2379 291 2378
f 2380 2379 293
f 292 293 2379
f 2379 293 292
f 293 2379 2380
f 2380 293 2372
f 295 2372 293
f 293 2372 295
f 2372 293 2380
f 2381 2373 327
f 328 327 2373
f 2373 327 328
f 327 2373 2381
f 2382 2381 326
f 327 326 2381
f 2381 326 327
f 326 2381 2382
f 2382 326 2383
f 325 2383 326
f 326 2383 325
f 2383 326 2382
f 2384 2383 324
f 325 324 2383
f 2383 324 325
f 324 2383 2384
f 2384 324 2385
f 323 2385 324
f 324 2385 323
f 2385 324 2384
f 2386 2385 322
f 323 322 2385
f 2385 322 323
f 322 2385 2386
f 2387 2386 321
f 322 321 2386
f 2386 321 322
f 321 2386 2387
f 320 2388 321
f 2387 321 2388
f 2388 321 2387
f 321 2388 320
f 281 2389 320
f 2388 320 2389
f 2389 320 2388
f 320 2389 281
f 282 2390 281
f 2389 281 2390
f 2390 281 2389
f 281 2390 282
f 2391 2390 284
f 282 284 2390
f 2390 284 282
f 284 2390 2391
f 286 2374 284
f 2391 284 2374
f 2374 284 2391
f 284 2374 286
f 275 331 276
f 302 276 331
f 331 276 302
f 276 331 275
f 273 275 319
f 331 319 275
f 275 319 331
f 319 275 273
f 276 274 302
f 301 302 274
f 274 302 301
f 302 274 276
f 319 301 273
f 274 273 301
f 301 273 274
f 273 301 319
f 2392 2393 272
f 270 272 2393
f 2393 272 270
f 272 2393 2392
f 270 272 300
f 299 300 272
f 272 300 299
f 300 272 270
f 272 269 299
f 332 299 269
f 269 299 332
f 299 269 272
f 270 300 271
f 303 271 300
f 300 271 303
f 271 300 270
f 269 271 332
f 303 332 271
f 271 332 303
f 332 271 269
f 388 409 387
f 408 387 409
f 409 387 408
f 387 409 388
f 388 389 409
f 411 409 389
f 389 409 411
f 409 389 388
f 387 393 388
f 389 388 393
f 393 392 389
f 392 394 389
f 389 394 390
f 394 395 390
f 395 398 390
f 391 390 398
f 395 396 398
f 397 398 396
f 396 398 397
f 398 396 395
f 398 390 391
f 390 398 395
f 390 395 394
f 390 394 389
f 389 394 392
f 389 392 393
f 393 388 389
f 388 393 387
f 393 387 418
f 408 418 387
f 387 418 408
f 418 387 393
f 412 411 390
f 389 390 411
f 411 390 389
f 390 411 412
f 390 391 412
f 414 412 391
f 391 412 414
f 412 391 390
f 414 391 434
f 398 434 391
f 391 434 398
f 434 391 414
f 398 397 434
f 425 434 397
f 397 434 425
f 434 397 398
f 397 396 425
f 424 425 396
f 396 425 424
f 425 396 397
f 396 395 424
f 421 424 395
f 395 424 421
f 424 395 396
f 421 395 420
f 394 420 395
f 395 420 394
f 420 395 421
f 394 392 420
f 417 420 392
f 392 420 417
f 420 392 394
f 418 417 393
f 392 393 417
f 417 393 392
f 393 417 418
f 2402 2394 2395
f 2394 2402 2401
f 2401 2402 2400
f 2401 2400 2399
f 2395 2397 2398
f 2397 2395 2396
f 2396 2395 2394
f 2400 706 2399
f 706 2400 705
f 2399 707 2401
f 707 2399 706
f 2394 707 704
f 707 2394 2401
f 2394 699 2396
f 699 2394 704
f 693 2396 699
f 2396 693 2397
f 689 2397 693
f 2397 689 2398
f 2395 689 690
f 689 2395 2398
f 697 2395 690
f 2395 697 2402
f 2402 705 2400
f 705 2402 697
f 2394 2395 2396
f 2396 2395 2397
f 2398 2397 2395
f 2399 2400 2401
f 2400 2402 2401
f 2401 2402 2394
f 2395 2394 2402
f 705 2400 706
f 2399 706 2400
f 706 2399 707
f 2401 707 2399
f 2401 2394 707
f 704 707 2394
f 704 2394 699
f 2396 699 2394
f 2397 693 2396
f 699 2396 693
f 2398 689 2397
f 693 2397 689
f 2398 2395 689
f 690 689 2395
f 2402 697 2395
f 690 2395 697
f 697 2402 705
f 2400 705 2402
f 2403 1067 2404
f 1067 1069 2404
f 1070 1071 1069
f 1071 1072 1069
f 1072 2405 1069
f 2404 1069 2405
f 1067 2403 1068
f 1068 2403 1075
f 1075 2403 1076
f 1076 2403 1074
f 1074 2403 1073
f 1073 2403 1072
f 2403 2406 1072
f 2405 1072 2406
f 2406 1072 2405
f 1072 2406 2403
f 1072 2403 1073
f 1073 2403 1074
f 1074 2403 1076
f 1076 2403 1075
f 1075 2403 1068
f 1068 2403 1067
f 2405 1069 2404
f 1069 2405 1072
f 1069 1072 1071
f 1069 1071 1070
f 2404 1069 1067
f 2404 1067 2403
f 647 644 646
f 644 647 650
f 650 647 651
f 650 651 654
f 654 651 657
f 657 651 655
f 657 655 661
f 661 655 659
f 661 659 664
f 661 664 666
f 666 664 669
f 669 664 668
f 669 668 674
f 674 668 671
f 674 671 678
f 678 671 675
f 678 675 679
f 678 679 682
f 682 679 686
f 686 679 683
f 686 683 687
f 687 683 686
f 683 679 686
f 686 679 682
f 682 679 678
f 679 675 678
f 675 671 678
f 678 671 674
f 671 668 674
f 674 668 669
f 668 664 669
f 669 664 666
f 666 664 661
f 664 659 661
f 659 655 661
f 661 655 657
f 655 651 657
f 657 651 654
f 654 651 650
f 651 647 650
f 650 647 644
f 646 644 647
f 932 928 930
f 928 924 930
f 930 924 926
f 926 924 923
f 924 921 923
f 921 917 923
f 923 917 919
f 917 913 919
f 919 913 915
f 913 909 915
f 915 909 911
f 911 909 907
f 909 905 907
f 905 901 907
f 907 901 903
f 901 897 903
f 903 897 899
f 899 897 895
f 897 893 895
f 895 893 890
f 888 890 893
f 893 890 888
f 890 893 895
f 895 893 897
f 895 897 899
f 899 897 903
f 903 897 901
f 903 901 907
f 907 901 905
f 907 905 909
f 907 909 911
f 911 909 915
f 915 909 913
f 915 913 919
f 919 913 917
f 919 917 923
f 923 917 921
f 923 921 924
f 923 924 926
f 926 924 930
f 930 924 928
f 930 928 932
f 2407 752 2408
f 750 2408 752
f 752 2408 750
f 2408 752 2407
f 752 2407 754
f 2409 754 2407
f 2407 754 2409
f 754 2407 752
f 2410 2411 2412
f 2413 2414 2415
f 2415 2414 2416
f 2414 2407 2416
f 2407 2409 2416
f 2416 2409 2412
f 2412 2409 2410
f 2409 2417 2410
f 2418 2410 2417
f 2407 2414 2408
f 2408 2414 2407
f 2417 2410 2418
f 2410 2417 2409
f 2410 2409 2412
f 2412 2409 2416
f 2416 2409 2407
f 2416 2407 2414
f 2416 2414 2415
f 2415 2414 2413
f 2412 2411 2410
f 2408 750 2414
f 766 2414 750
f 750 2414 766
f 2414 750 2408
f 2409 2417 754
f 756 754 2417
f 2417 754 756
f 754 2417 2409
f 2414 766 2413
f 765 2413 766
f 766 2413 765
f 2413 766 2414
f 2413 765 2415
f 768 2415 765
f 765 2415 768
f 2415 765 2413
f 2415 768 2416
f 770 2416 768
f 768 2416 770
f 2416 768 2415
f 2416 770 2412
f 772 2412 770
f 770 2412 772
f 2412 770 2416
f 2412 772 2411
f 743 2411 772
f 772 2411 743
f 2411 772 2412
f 742 2410 743
f 2411 743 2410
f 2410 743 2411
f 743 2410 742
f 2410 742 2418
f 744 2418 742
f 742 2418 744
f 2418 742 2410
f 756 2417 744
f 2418 744 2417
f 2417 744 2418
f 744 2417 756
f 1461 2419 1463
f 2419 1461 2420
f 2419 1465 1463
f 1465 2419 2421
f 2420 1461 2419
f 1463 2419 1461
f 2421 2419 1465
f 1463 1465 2419
f 1080 1101 1079
f 1100 1079 1101
f 1101 1079 1100
f 1079 1101 1080
f 1081 1103 1080
f 1101 1080 1103
f 1103 1080 1101
f 1080 1103 1081
f 1079 1085 1080
f 1081 1080 1085
f 1084 1086 1085
f 1085 1086 1081
f 1081 1086 1082
f 1086 1087 1082
f 1087 1090 1082
f 1083 1082 1090
f 1087 1088 1090
f 1089 1090 1088
f 1088 1090 1089
f 1090 1088 1087
f 1090 1082 1083
f 1082 1090 1087
f 1082 1087 1086
f 1082 1086 1081
f 1081 1086 1085
f 1085 1086 1084
f 1085 1080 1081
f 1080 1085 1079
f 1079 1100 1085
f 1110 1085 1100
f 1100 1085 1110
f 1085 1100 1079
f 1082 1104 1081
f 1103 1081 1104
f 1104 1081 1103
f 1081 1104 1082
f 1082 1083 1104
f 1106 1104 1083
f 1083 1104 1106
f 1104 1083 1082
f 1106 1083 1126
f 1090 1126 1083
f 1083 1126 1090
f 1126 1083 1106
f 1090 1089 1126
f 1117 1126 1089
f 1089 1126 1117
f 1126 1089 1090
f 1117 1089 1116
f 1088 1116 1089
f 1089 1116 1088
f 1116 1089 1117
f 1088 1087 1116
f 1113 1116 1087
f 1087 1116 1113
f 1116 1087 1088
f 1113 1087 1112
f 1086 1112 1087
f 1087 1112 1086
f 1112 1087 1113
f 1086 1084 1112
f 1109 1112 1084
f 1084 1112 1109
f 1112 1084 1086
f 1085 1110 1084
f 1109 1084 1110
f 1110 1084 1109
f 1084 1110 1085
f 2422 2423 2424
f 2425 2424 2423
f 2426 2427 2428
f 2428 2427 2429
f 2427 2430 2429
f 2429 2430 2431
f 2430 2432 2431
f 2432 2433 2431
f 2434 2435 2433
f 2431 2433 1776
f 2433 2435 1776
f 2435 2436 1776
f 1776 2436 2437
f 2436 2438 2437
f 2437 2438 2439
f 2438 2424 2439
f 2439 2424 2440
f 2425 2440 2424
f 2441 2442 2443
f 2443 2442 2444
f 2442 2445 2444
f 2444 2445 2446
f 2445 2447 2446
f 2447 2448 2446
f 2446 2448 2449
f 2448 2450 2449
f 2449 2450 2428
f 2428 2450 2426
f 2451 2426 2450
f 2448 2447 2452
f 2447 1737 2452
f 1737 2453 2452
f 2452 2453 2454
f 2454 2453 2455
f 2453 2456 2455
f 2455 2456 2457
f 2457 2456 2458
f 2456 2459 2458
f 2458 2459 2460
f 2460 2459 2434
f 2435 2434 2459
f 2434 2433 2461
f 2423 2462 2425
f 2440 2425 2462
f 2463 2464 2465
f 2465 2464 2466
f 2464 2467 2466
f 2466 2467 2468
f 2467 2469 2468
f 2468 2469 2470
f 2469 2471 2470
f 2471 2472 2470
f 2470 2472 2473
f 2473 2472 2474
f 2472 2475 2474
f 2475 2476 2474
f 2474 2476 2477
f 2477 2476 2478
f 2476 2479 2478
f 2478 2479 2480
f 2479 2481 2480
f 2480 2481 2482
f 2481 2483 2482
f 2482 2483 2422
f 2483 2462 2422
f 2423 2422 2462
f 2482 2422 2438
f 2424 2438 2422
f 2459 2456 2477
f 2474 2477 2456
f 2456 2453 2474
f 2473 2474 2453
f 1737 2470 2453
f 2473 2453 2470
f 1737 2447 2470
f 2468 2470 2447
f 2468 2447 2466
f 2445 2466 2447
f 2466 2445 2465
f 2442 2465 2445
f 2465 2442 2463
f 2441 2463 2442
f 2463 2441 2464
f 2443 2464 2441
f 2464 2443 2467
f 2444 2467 2443
f 2467 2444 2469
f 2446 2469 2444
f 2449 2471 2446
f 2469 2446 2471
f 2449 2428 2471
f 2472 2471 2428
f 2429 2475 2428
f 2472 2428 2475
f 2431 2476 2429
f 2475 2429 2476
f 1776 2479 2431
f 2476 2431 2479
f 1776 2437 2479
f 2481 2479 2437
f 2483 2481 2439
f 2437 2439 2481
f 2462 2483 2440
f 2439 2440 2483
f 2480 2482 2436
f 2438 2436 2482
f 2436 2435 2480
f 2478 2480 2435
f 2435 2459 2478
f 2477 2478 2459
f 2423 2424 2425
f 2424 2423 2422
f 2461 2433 2434
f 2459 2434 2435
f 2434 2459 2460
f 2460 2459 2458
f 2458 2459 2456
f 2458 2456 2457
f 2457 2456 2455
f 2455 2456 2453
f 2455 2453 2454
f 2454 2453 2452
f 2452 2453 1737
f 2452 1737 2447
f 2452 2447 2448
f 2450 2426 2451
f 2426 2450 2428
f 2428 2450 2449
f 2449 2450 2448
f 2449 2448 2446
f 2446 2448 2447
f 2446 2447 2445
f 2446 2445 2444
f 2444 2445 2442
f 2444 2442 2443
f 2443 2442 2441
f 2424 2440 2425
f 2440 2424 2439
f 2439 2424 2438
f 2439 2438 2437
f 2437 2438 2436
f 2437 2436 1776
f 1776 2436 2435
f 1776 2435 2433
f 1776 2433 2431
f 2433 2435 2434
f 2431 2433 2432
f 2431 2432 2430
f 2431 2430 2429
f 2429 2430 2427
f 2429 2427 2428
f 2428 2427 2426
f 2462 2425 2440
f 2425 2462 2423
f 2462 2422 2423
f 2422 2462 2483
f 2422 2483 2482
f 2482 2483 2481
f 2482 2481 2480
f 2480 2481 2479
f 2480 2479 2478
f 2478 2479 2476
f 2478 2476 2477
f 2477 2476 2474
f 2474 2476 2475
f 2474 2475 2472
f 2474 2472 2473
f 2473 2472 2470
f 2470 2472 2471
f 2470 2471 2469
f 2470 2469 2468
f 2468 2469 2467
f 2468 2467 2466
f 2466 2467 2464
f 2466 2464 2465
f 2465 2464 2463
f 2422 2438 2424
f 2438 2422 2482
f 2456 2477 2474
f 2477 2456 2459
f 2453 2474 2473
f 2474 2453 2456
f 2470 2453 2473
f 2453 2470 1737
f 2447 2470 2468
f 2470 2447 1737
f 2447 2466 2445
f 2466 2447 2468
f 2445 2465 2442
f 2465 2445 2466
f 2442 2463 2441
f 2463 2442 2465
f 2441 2464 2443
f 2464 2441 2463
f 2443 2467 2444
f 2467 2443 2464
f 2444 2469 2446
f 2469 2444 2467
f 2471 2446 2469
f 2446 2471 2449
f 2428 2471 2472
f 2471 2428 2449
f 2475 2428 2472
f 2428 2475 2429
f 2476 2429 2475
f 2429 2476 2431
f 2479 2431 2476
f 2431 2479 1776
f 2437 2479 2481
f 2479 2437 1776
f 2481 2439 2437
f 2439 2481 2483
f 2483 2440 2439
f 2440 2483 2462
f 2482 2436 2438
f 2436 2482 2480
f 2435 2480 2478
f 2480 2435 2436
f 2459 2478 2477
f 2478 2459 2435
f 2484 2485 2486
f 2487 2486 2485
f 2488 2489 2490
f 2490 2489 2491
f 2489 2492 2491
f 2493 2491 2492
f 2494 2495 2496
f 2496 2495 2497
f 2495 2498 2497
f 2497 2498 2499
f 2498 2500 2499
f 2500 2501 2499
f 2499 2501 2502
f 2501 2503 2502
f 2502 2503 2504
f 2503 2505 2504
f 2505 2506 2504
f 2506 2507 2504
f 2504 2507 2508
f 2507 2509 2508
f 2508 2509 2510
f 2509 2511 2510
f 2510 2511 2512
f 2511 2513 2512
f 2513 2493 2512
f 2492 2514 2493
f 2493 2514 2512
f 2512 2514 2515
f 2515 2514 2516
f 2514 2517 2516
f 2517 2486 2516
f 2516 2486 2518
f 2487 2518 2486
f 2501 2500 2519
f 2500 2520 2519
f 2520 2521 2519
f 2519 2521 2522
f 2522 2521 2523
f 2521 2524 2523
f 2523 2524 2525
f 2525 2524 2488
f 2489 2488 2524
f 2485 2526 2487
f 2518 2487 2526
f 2527 2528 2529
f 2528 2530 2529
f 2529 2530 2531
f 2531 2530 2532
f 2530 2533 2532
f 2533 2534 2532
f 2532 2534 2535
f 2535 2534 2536
f 2534 2537 2536
f 2536 2537 2538
f 2537 2539 2538
f 2539 2540 2538
f 2538 2540 2541
f 2541 2540 2542
f 2540 2543 2542
f 2543 2544 2542
f 2542 2544 2545
f 2544 2546 2545
f 2545 2546 2547
f 2546 2526 2547
f 2547 2526 2484
f 2485 2484 2526
f 2547 2484 2517
f 2486 2517 2484
f 2489 2524 2541
f 2538 2541 2524
f 2521 2536 2524
f 2538 2524 2536
f 2521 2520 2536
f 2535 2536 2520
f 2520 2500 2535
f 2532 2535 2500
f 2532 2500 2531
f 2498 2531 2500
f 2531 2498 2529
f 2495 2529 2498
f 2529 2495 2527
f 2494 2527 2495
f 2527 2494 2528
f 2496 2528 2494
f 2528 2496 2530
f 2497 2530 2496
f 2530 2497 2533
f 2499 2533 2497
f 2499 2502 2533
f 2534 2533 2502
f 2504 2537 2502
f 2534 2502 2537
f 2504 2508 2537
f 2539 2537 2508
f 2508 2510 2539
f 2540 2539 2510
f 2512 2543 2510
f 2540 2510 2543
f 2512 2515 2543
f 2544 2543 2515
f 2546 2544 2516
f 2515 2516 2544
f 2526 2546 2518
f 2516 2518 2546
f 2545 2547 2514
f 2517 2514 2547
f 2514 2492 2545
f 2542 2545 2492
f 2489 2541 2492
f 2542 2492 2541
f 2548 2549 2550
f 2551 2550 2549
f 2552 2553 2554
f 2554 2553 2555
f 2553 2556 2555
f 2557 2555 2556
f 2558 2559 2560
f 2560 2559 2561
f 2559 2562 2561
f 2561 2562 2563
f 2562 2564 2563
f 2564 2565 2563
f 2563 2565 2566
f 2565 2567 2566
f 2566 2567 2568
f 2567 2569 2568
f 2569 2570 2568
f 2570 2571 2568
f 2568 2571 2572
f 2571 2573 2572
f 2572 2573 2574
f 2573 2575 2574
f 2574 2575 2576
f 2575 2577 2576
f 2577 2557 2576
f 2556 2578 2557
f 2557 2578 2576
f 2576 2578 2579
f 2579 2578 2580
f 2578 2581 2580
f 2581 2550 2580
f 2580 2550 2582
f 2551 2582 2550
f 2565 2564 2583
f 2564 2584 2583
f 2584 2585 2583
f 2583 2585 2586
f 2586 2585 2587
f 2585 2588 2587
f 2587 2588 2589
f 2589 2588 2552
f 2553 2552 2588
f 2549 2590 2551
f 2582 2551 2590
f 2591 2592 2593
f 2592 2594 2593
f 2593 2594 2595
f 2595 2594 2596
f 2594 2597 2596
f 2597 2598 2596
f 2596 2598 2599
f 2599 2598 2600
f 2598 2601 2600
f 2600 2601 2602
f 2601 2603 2602
f 2603 2604 2602
f 2602 2604 2605
f 2605 2604 2606
f 2604 2607 2606
f 2607 2608 2606
f 2606 2608 2609
f 2608 2610 2609
f 2609 2610 2611
f 2610 2590 2611
f 2611 2590 2548
f 2549 2548 2590
f 2611 2548 2581
f 2550 2581 2548
f 2553 2588 2605
f 2602 2605 2588
f 2585 2600 2588
f 2602 2588 2600
f 2585 2584 2600
f 2599 2600 2584
f 2584 2564 2599
f 2596 2599 2564
f 2596 2564 2595
f 2562 2595 2564
f 2595 2562 2593
f 2559 2593 2562
f 2593 2559 2591
f 2558 2591 2559
f 2591 2558 2592
f 2560 2592 2558
f 2592 2560 2594
f 2561 2594 2560
f 2594 2561 2597
f 2563 2597 2561
f 2563 2566 2597
f 2598 2597 2566
f 2568 2601 2566
f 2598 2566 2601
f 2568 2572 2601
f 2603 2601 2572
f 2572 2574 2603
f 2604 2603 2574
f 2576 2607 2574
f 2604 2574 2607
f 2576 2579 2607
f 2608 2607 2579
f 2610 2608 2580
f 2579 2580 2608
f 2590 2610 2582
f 2580 2582 2610
f 2609 2611 2578
f 2581 2578 2611
f 2578 2556 2609
f 2606 2609 2556
f 2553 2605 2556
f 2606 2556 2605
f 2549 2550 2551
f 2550 2549 2548
f 2588 2552 2553
f 2552 2588 2589
f 2589 2588 2587
f 2587 2588 2585
f 2587 2585 2586
f 2586 2585 2583
f 2583 2585 2584
f 2583 2584 2564
f 2583 2564 2565
f 2550 2582 2551
f 2582 2550 2580
f 2580 2550 2581
f 2580 2581 2578
f 2580 2578 2579
f 2579 2578 2576
f 2576 2578 2557
f 2557 2578 2556
f 2576 2557 2577
f 2576 2577 2575
f 2576 2575 2574
f 2574 2575 2573
f 2574 2573 2572
f 2572 2573 2571
f 2572 2571 2568
f 2568 2571 2570
f 2568 2570 2569
f 2568 2569 2567
f 2568 2567 2566
f 2566 2567 2565
f 2566 2565 2563
f 2563 2565 2564
f 2563 2564 2562
f 2563 2562 2561
f 2561 2562 2559
f 2561 2559 2560
f 2560 2559 2558
f 2556 2555 2557
f 2555 2556 2553
f 2555 2553 2554
f 2554 2553 2552
f 2590 2551 2582
f 2551 2590 2549
f 2590 2548 2549
f 2548 2590 2611
f 2611 2590 2610
f 2611 2610 2609
f 2609 2610 2608
f 2609 2608 2606
f 2606 2608 2607
f 2606 2607 2604
f 2606 2604 2605
f 2605 2604 2602
f 2602 2604 2603
f 2602 2603 2601
f 2602 2601 2600
f 2600 2601 2598
f 2600 2598 2599
f 2599 2598 2596
f 2596 2598 2597
f 2596 2597 2594
f 2596 2594 2595
f 2595 2594 2593
f 2593 2594 2592
f 2593 2592 2591
f 2548 2581 2550
f 2581 2548 2611
f 2588 2605 2602
f 2605 2588 2553
f 2600 2588 2602
f 2588 2600 2585
f 2584 2600 2599
f 2600 2584 2585
f 2564 2599 2596
f 2599 2564 2584
f 2564 2595 2562
f 2595 2564 2596
f 2562 2593 2559
f 2593 2562 2595
f 2559 2591 2558
f 2591 2559 2593
f 2558 2592 2560
f 2592 2558 2591
f 2560 2594 2561
f 2594 2560 2592
f 2561 2597 2563
f 2597 2561 2594
f 2566 2597 2598
f 2597 2566 2563
f 2601 2566 2598
f 2566 2601 2568
f 2572 2601 2603
f 2601 2572 2568
f 2574 2603 2604
f 2603 2574 2572
f 2607 2574 2604
f 2574 2607 2576
f 2579 2607 2608
f 2607 2579 2576
f 2608 2580 2579
f 2580 2608 2610
f 2610 2582 2580
f 2582 2610 2590
f 2611 2578 2581
f 2578 2611 2609
f 2556 2609 2606
f 2609 2556 2578
f 2605 2556 2606
f 2556 2605 2553
f 1606 1558 2612
f 2613 2612 1558
f 1556 1657 1558
f 2613 1558 1657
f 1608 1606 1637
f 2612 1637 1606
f 1657 1656 2613
f 1656 1655 2613
f 1655 1654 2613
f 1654 1653 2613
f 1653 1652 2613
f 1652 1651 2613
f 1651 1650 2613
f 1650 1649 2613
f 1649 1648 2613
f 1648 1647 2613
f 1647 1646 2613
f 1646 1645 2613
f 1645 1644 2613
f 1644 1643 2613
f 1643 1642 2613
f 1642 1641 2613
f 1641 1640 2613
f 1640 1635 2613
f 1635 1552 2613
f 1552 1553 2613
f 1553 1634 2613
f 1634 1639 2613
f 1639 1638 2613
f 1638 1636 2613
f 2613 1636 2612
f 1637 2612 1636
f 1609 1593 1645
f 1644 1645 1593
f 2614 2615 2616
f 2617 2616 2615
f 2618 2619 2620
f 2619 2621 2620
f 2621 2617 2620
f 2615 2620 2617
f 2616 2622 2614
f 2623 2614 2622
f 2616 2624 2622
f 2621 2619 2617
f 2619 2625 2617
f 2617 2625 2616
f 2625 2626 2616
f 2616 2626 2624
f 2626 2627 2624
f 2627 2628 2624
f 2624 2628 2629
f 2629 2628 2630
f 2628 2631 2630
f 2630 2631 2632
f 2632 2631 2633
f 2634 2633 2631
f 2635 2625 2618
f 2619 2618 2625
f 2636 2623 2637
f 2637 2623 2629
f 2629 2623 2624
f 2622 2624 2623
f 2630 2638 2629
f 2637 2629 2638
f 2639 2638 2632
f 2630 2632 2638
f 2634 2640 2633
f 2640 2641 2633
f 2633 2641 2632
f 2639 2632 2641
f 2642 2640 2631
f 2634 2631 2640
f 2643 2642 2628
f 2631 2628 2642
f 2644 2643 2645
f 2645 2643 2626
f 2626 2643 2627
f 2628 2627 2643
f 2645 2626 2635
f 2625 2635 2626
f 2646 2647 2648
f 2649 2648 2647
f 2623 2636 2650
f 2650 2636 2651
f 2636 2637 2651
f 2651 2637 2652
f 2637 2638 2652
f 2638 2639 2652
f 2640 2653 2639
f 2652 2639 1630
f 2639 2653 1630
f 2653 2654 1630
f 1630 2654 2655
f 2654 2656 2655
f 2655 2656 2657
f 2656 2648 2657
f 2657 2648 2658
f 2649 2658 2648
f 2659 2660 2661
f 2661 2660 2662
f 2660 2663 2662
f 2662 2663 2664
f 2663 2665 2664
f 2665 2620 2664
f 2664 2620 2666
f 2620 2615 2666
f 2666 2615 2650
f 2650 2615 2623
f 2614 2623 2615
f 2620 2665 2618
f 2665 1587 2618
f 1587 2667 2618
f 2618 2667 2635
f 2635 2667 2645
f 2667 2668 2645
f 2645 2668 2644
f 2644 2668 2643
f 2668 2669 2643
f 2643 2669 2642
f 2642 2669 2640
f 2653 2640 2669
f 2640 2639 2641
f 2647 2670 2649
f 2658 2649 2670
f 2671 2672 2673
f 2673 2672 2674
f 2672 2675 2674
f 2674 2675 2676
f 2675 2677 2676
f 2676 2677 2678
f 2677 2679 2678
f 2679 2680 2678
f 2678 2680 2681
f 2681 2680 2682
f 2680 2683 2682
f 2683 2684 2682
f 2682 2684 2685
f 2685 2684 2686
f 2684 2687 2686
f 2686 2687 2688
f 2687 2689 2688
f 2688 2689 2690
f 2689 2691 2690
f 2690 2691 2646
f 2691 2670 2646
f 2647 2646 2670
f 2690 2646 2656
f 2648 2656 2646
f 2669 2668 2685
f 2682 2685 2668
f 2668 2667 2682
f 2681 2682 2667
f 1587 2678 2667
f 2681 2667 2678
f 1587 2665 2678
f 2676 2678 2665
f 2676 2665 2674
f 2663 2674 2665
f 2674 2663 2673
f 2660 2673 2663
f 2673 2660 2671
f 2659 2671 2660
f 2671 2659 2672
f 2661 2672 2659
f 2672 2661 2675
f 2662 2675 2661
f 2675 2662 2677
f 2664 2677 2662
f 2666 2679 2664
f 2677 2664 2679
f 2666 2650 2679
f 2680 2679 2650
f 2651 2683 2650
f 2680 2650 2683
f 2652 2684 2651
f 2683 2651 2684
f 1630 2687 2652
f 2684 2652 2687
f 1630 2655 2687
f 2689 2687 2655
f 2691 2689 2657
f 2655 2657 2689
f 2670 2691 2658
f 2657 2658 2691
f 2688 2690 2654
f 2656 2654 2690
f 2654 2653 2688
f 2686 2688 2653
f 2653 2669 2686
f 2685 2686 2669

