# https://github.com/mikedh/trimesh
v -0.37426225 0.13253065 0.14462994
v -0.37488539 0.13316286 0.15506310
v -0.37110637 0.12885408 0.15484717
v -0.36418508 0.13033184 0.14054616
v -0.37190782 0.13816870 0.14463188
v -0.37240127 0.13942535 0.16130095
v -0.36140982 0.14390597 0.13882134
v -0.36507148 0.14932616 0.14834217
v -0.37485232 0.13334442 0.17496456
v -0.37119845 0.12880091 0.17496845
v -0.37240776 0.13957708 0.18225092
v -0.36541903 0.14963870 0.16765552
v -0.35506563 0.15941046 0.14427655
v -0.35634562 0.16130322 0.16127112
v -0.34553896 0.14946946 0.13565833
v -0.34102917 0.16703594 0.13874483
v -0.34635209 0.17367906 0.14827538
v -0.34851978 0.13141017 0.13551243
v -0.35641889 0.16136547 0.18223795
v -0.34672882 0.17400068 0.16764190
v -0.35771769 0.12153336 0.14433944
v -0.36137999 0.12331847 0.15488802
v -0.34947491 0.11643284 0.15486273
v -0.34488665 0.11612808 0.14052800
v -0.36153367 0.12316869 0.17497234
v -0.34954234 0.11633753 0.17497234
v -0.37480369 0.13344947 0.19683724
v -0.37115500 0.12890465 0.19684891
v -0.37234616 0.13966073 0.20411387
v -0.36542227 0.14963546 0.18955478
v -0.37474339 0.13353246 0.21869825
v -0.37104282 0.12908232 0.21870927
v -0.37234486 0.13965814 0.22597747
v -0.36541449 0.14964388 0.21140865
v -0.35641889 0.16136547 0.20412100
v -0.34672947 0.17400003 0.18954311
v -0.35641889 0.16136547 0.22598784
v -0.34672947 0.17400003 0.21140995
v -0.36142797 0.12335803 0.19687420
v -0.34943405 0.11652622 0.19686383
v -0.36137545 0.12345205 0.21873521
v -0.34943859 0.11652751 0.21872289
v -0.37474209 0.13352987 0.24056185
v -0.37104023 0.12907843 0.24056898
v -0.37234486 0.13965749 0.24784366
v -0.36542292 0.14963416 0.23328781
v -0.37474209 0.13352922 0.26242804
v -0.37104023 0.12907843 0.26243582
v -0.37234486 0.13965814 0.26970986
v -0.36541449 0.14964324 0.25514169
v -0.35641889 0.16136547 0.24785404
v -0.34672947 0.17400003 0.23327614
v -0.35641889 0.16136547 0.26972088
v -0.34672947 0.17400003 0.25514298
v -0.36137740 0.12345270 0.24059621
v -0.34944119 0.11652881 0.24058778
v -0.36137740 0.12345270 0.26246241
v -0.34944119 0.11652881 0.26245398
v -0.37474598 0.13353700 0.28429294
v -0.37103439 0.12907519 0.28428451
v -0.37234810 0.13966657 0.29157475
v -0.36542292 0.14963481 0.27702085
v -0.37480758 0.13345984 0.30616043
v -0.37113814 0.12888974 0.30612347
v -0.37235977 0.13969056 0.31344095
v -0.36541320 0.14964583 0.29887472
v -0.35641889 0.16136547 0.29158707
v -0.34672947 0.17400003 0.27700918
v -0.35641889 0.16136547 0.31345391
v -0.34672947 0.17400003 0.29887602
v -0.36136767 0.12344427 0.28429618
v -0.34943924 0.11652557 0.28430331
v -0.36146558 0.12324844 0.30613060
v -0.34953780 0.11633104 0.30614292
v -0.37486529 0.13337879 0.32802922
v -0.37121336 0.12882295 0.32800198
v -0.37236756 0.13970677 0.33530908
v -0.36541903 0.14963999 0.32075324
v -0.37487372 0.13339630 0.34990124
v -0.37128533 0.12874968 0.34988763
v -0.37236626 0.13970871 0.35717593
v -0.36540995 0.14965102 0.34260776
v -0.35641889 0.16136547 0.33532011
v -0.34672947 0.17400003 0.32074221
v -0.35641889 0.16136547 0.35718695
v -0.34672947 0.17400003 0.34260906
v -0.36157841 0.12306364 0.32800393
v -0.34963442 0.11613716 0.32798836
v -0.36168929 0.12288078 0.34988114
v -0.34974660 0.11595106 0.34986104
v -0.37487372 0.13339630 0.37176744
v -0.37128728 0.12875098 0.37175771
v -0.37236626 0.13970871 0.37904212
v -0.36541838 0.14964194 0.36448692
v -0.37487372 0.13339630 0.39363428
v -0.37128728 0.12875098 0.39362391
v -0.37236626 0.13970871 0.40090896
v -0.36540995 0.14965102 0.38634079
v -0.35641889 0.16136547 0.37905314
v -0.34672947 0.17400003 0.36447525
v -0.35641889 0.16136547 0.40091999
v -0.34672947 0.17400003 0.38634209
v -0.36170031 0.12288727 0.37176809
v -0.34975827 0.11595949 0.37176160
v -0.36170031 0.12288727 0.39363493
v -0.34969926 0.11605027 0.39362844
v -0.37487372 0.13339630 0.41550047
v -0.37128728 0.12875098 0.41549075
v -0.37236626 0.13970871 0.42277516
v -0.36541838 0.14964194 0.40821996
v -0.37487372 0.13339630 0.43736732
v -0.37128728 0.12875098 0.43735694
v -0.37236691 0.13970742 0.44464200
v -0.36540995 0.14965102 0.43007383
v -0.35641889 0.16136547 0.42278618
v -0.34672947 0.17400003 0.40820828
v -0.35641889 0.16136547 0.44465302
v -0.34672947 0.17400003 0.43007513
v -0.36170031 0.12288727 0.41550112
v -0.34963831 0.11613976 0.41548945
v -0.36170031 0.12288727 0.43736796
v -0.34963571 0.11613846 0.43735240
v -0.37486140 0.13337295 0.45923351
v -0.37128209 0.12874838 0.45922249
v -0.37235199 0.13968796 0.46649976
v -0.36541903 0.14964064 0.45194586
v -0.37473496 0.13347800 0.47969003
v -0.37106033 0.12885019 0.47959341
v -0.37218211 0.13943832 0.48632666
v -0.36527119 0.14952328 0.47323755
v -0.35641889 0.16136612 0.46650625
v -0.34672947 0.17400003 0.45193354
v -0.35611154 0.16109313 0.48649266
v -0.34662637 0.17390666 0.47318503
v -0.36169383 0.12288338 0.45922638
v -0.34963118 0.11613522 0.45920628
v -0.36152005 0.12299750 0.47959601
v -0.34957347 0.11631742 0.47836854
v -0.37226121 0.13716754 0.49452016
v -0.36225990 0.14539800 0.49260147
v -0.36584245 0.13132198 0.49446180
v -0.37427911 0.13456087 0.49019970
v -0.35448594 0.15895138 0.49495914
v -0.34236622 0.16890989 0.49263389
v -0.34571404 0.14964907 0.49960057
v -0.34852691 0.13128632 0.49974452
v -0.34810738 0.11800852 0.49352612
v -0.36409495 0.12496612 0.49029308
v -0.30832001 0.21944815 0.14453332
v -0.30939704 0.21958043 0.16133985
v -0.31960520 0.20874849 0.15483031
v -0.31660494 0.20629679 0.14158493
v -0.30045396 0.21163722 0.13593845
v -0.29472318 0.22729993 0.14158753
v -0.29798995 0.22931783 0.15491655
v -0.30944243 0.21963814 0.18225610
v -0.31980751 0.20885872 0.17496392
v -0.29806192 0.22947540 0.17497429
v -0.33586187 0.18335745 0.14428044
v -0.33765736 0.18564769 0.16125750
v -0.32527114 0.17258387 0.13565703
v -0.32074708 0.19004855 0.13864627
v -0.32771181 0.19782966 0.14820341
v -0.33773646 0.18570864 0.18223600
v -0.32815404 0.19813442 0.16765098
v -0.30458638 0.19525476 0.13554939
v -0.30636630 0.17482353 0.13545018
v -0.28290952 0.21643622 0.13561618
v -0.27760735 0.23241795 0.13874224
v -0.28501820 0.23889248 0.14831299
v -0.28530416 0.23926921 0.16768534
v -0.27062640 0.24712618 0.14430702
v -0.27279863 0.24876151 0.16130160
v -0.26007329 0.23691413 0.13567648
v -0.25456426 0.25265076 0.13879217
v -0.26081314 0.25750358 0.14836811
v -0.26256713 0.21830822 0.13544759
v -0.27284596 0.24884126 0.18227167
v -0.26111530 0.25785437 0.16769507
v -0.28463304 0.19675457 0.13542425
v -0.28465833 0.17492209 0.13542295
v -0.26277981 0.19679023 0.13542295
v -0.26277851 0.17492533 0.13542295
v -0.24652574 0.26658412 0.14438548
v -0.24815069 0.26763652 0.16130095
v -0.23695822 0.25733563 0.13576921
v -0.23072102 0.27320779 0.14160309
v -0.23489234 0.27655366 0.15482318
v -0.24819932 0.26770849 0.18226453
v -0.23499025 0.27677542 0.17497559
v -0.21811758 0.26121711 0.13561099
v -0.21344698 0.27673327 0.13868518
v -0.22231873 0.28390486 0.14830780
v -0.22255022 0.28430558 0.16766913
v -0.20596739 0.28958182 0.14443930
v -0.20861297 0.29071526 0.16129835
v -0.19540130 0.27983534 0.13582497
v -0.18794766 0.29365004 0.14154084
v -0.19355264 0.29677999 0.15481540
v -0.19730054 0.26243226 0.13550660
v -0.20864344 0.29079826 0.18227361
v -0.19361878 0.29701925 0.17496327
v -0.17447987 0.28208537 0.13555328
v -0.16962965 0.29717358 0.13874353
v -0.17837366 0.30283109 0.14828057
v -0.17532930 0.26236093 0.13542425
v -0.17862525 0.30323052 0.16764514
v -0.24029113 0.23962909 0.13544759
v -0.24092464 0.21864670 0.13542360
v -0.21904353 0.24050316 0.13542360
v -0.21904807 0.21866096 0.13542295
v -0.24091816 0.19679866 0.13542295
v -0.24099273 0.17500833 0.13544110
v -0.21906234 0.19680903 0.13542360
v -0.21917063 0.17525538 0.13552410
v -0.19718318 0.24053040 0.13542295
v -0.19718058 0.21865967 0.13542295
v -0.17531958 0.24053170 0.13542295
v -0.17539220 0.21873813 0.13543981
v -0.19727590 0.19691603 0.13544824
v -0.19747173 0.17542592 0.13463381
v -0.17565481 0.19717021 0.13557663
v -0.17774209 0.17689006 0.13022323
v -0.32767615 0.15252678 0.13544370
v -0.32836153 0.13121629 0.13542425
v -0.30651609 0.15305979 0.13542295
v -0.30651155 0.13120202 0.13542295
v -0.32626907 0.11329122 0.13570047
v -0.33170027 0.10612937 0.14462994
v -0.33533599 0.10815764 0.15487505
v -0.32146229 0.09977221 0.15504494
v -0.32401319 0.10282110 0.14171916
v -0.33540084 0.10806232 0.17498142
v -0.32131185 0.09992589 0.17497883
v -0.30619188 0.11011653 0.13545667
v -0.30722028 0.09180760 0.15475704
v -0.30208735 0.09286713 0.14039637
v -0.30726826 0.09169283 0.17499828
v -0.28465249 0.15306627 0.13542295
v -0.28472706 0.13127465 0.13544110
v -0.26285568 0.15314019 0.13544046
v -0.26312607 0.13153985 0.13556884
v -0.28497735 0.10945449 0.13553253
v -0.28330830 0.09001989 0.13478555
v -0.26317211 0.11035840 0.13113426
v -0.27921155 0.06735419 0.13561618
v -0.28980552 0.08213958 0.14456250
v -0.29328368 0.08377945 0.15502095
v -0.28228314 0.06618508 0.15489386
v -0.29323764 0.08361021 0.17511046
v -0.27585725 0.06669345 0.17492955
v -0.25582805 0.06084984 0.18217829
v -0.24378809 0.11421393 0.12209522
v -0.22883411 0.11994536 0.11887903
v -0.21447603 0.12629604 0.10263338
v -0.24178251 0.13282114 0.13117641
v -0.22373489 0.13557889 0.12212699
v -0.24125728 0.15341188 0.13557079
v -0.22037864 0.15381456 0.13114529
v -0.20752556 0.14050433 0.11886736
v -0.20095182 0.15583375 0.12567971
v -0.18372576 0.16102245 0.12238377
v -0.18958558 0.12430343 0.18573944
v -0.17209107 0.12907778 0.18203759
v -0.30944243 0.21963814 0.20412360
v -0.31980751 0.20885937 0.19682622
v -0.29806452 0.22947410 0.19684243
v -0.30944243 0.21963814 0.22599044
v -0.31980751 0.20885937 0.21869306
v -0.29806452 0.22947410 0.21870862
v -0.33773646 0.18570864 0.20411581
v -0.32815469 0.19813442 0.18953338
v -0.33773646 0.18570864 0.22598266
v -0.32815469 0.19813442 0.21139957
v -0.30944243 0.21963814 0.24785663
v -0.31980751 0.20885937 0.24055925
v -0.29806452 0.22947410 0.24057546
v -0.30944243 0.21963814 0.26972282
v -0.31980751 0.20885937 0.26242610
v -0.29806452 0.22947410 0.26244166
v -0.33773646 0.18570864 0.24784885
v -0.32815469 0.19813442 0.23326642
v -0.33773646 0.18570864 0.26971569
v -0.32815469 0.19813442 0.25513261
v -0.28530999 0.23926402 0.18956386
v -0.28530351 0.23927116 0.21142097
v -0.27284596 0.24884062 0.20413851
v -0.26111919 0.25784984 0.18957488
v -0.27284921 0.24883737 0.22600989
v -0.26111595 0.25785373 0.21143718
v -0.28530999 0.23926402 0.23329689
v -0.28530351 0.23927116 0.25515401
v -0.27284921 0.24883737 0.24787608
v -0.26111919 0.25784984 0.23330792
v -0.27284921 0.24883737 0.26974293
v -0.26111919 0.25784984 0.25517476
v -0.30944243 0.21963814 0.29158967
v -0.31980751 0.20885937 0.28429229
v -0.29806452 0.22947410 0.28430850
v -0.30944243 0.21963814 0.31345586
v -0.31980751 0.20885937 0.30615913
v -0.29806452 0.22947410 0.30617469
v -0.33773646 0.18570864 0.29158189
v -0.32815469 0.19813442 0.27699880
v -0.33773646 0.18570864 0.31344873
v -0.32815469 0.19813442 0.29886565
v -0.30944243 0.21963814 0.33532270
v -0.31980751 0.20885937 0.32802532
v -0.29806452 0.22947410 0.32804154
v -0.30944243 0.21963814 0.35718890
v -0.31980751 0.20885937 0.34989217
v -0.29806452 0.22947410 0.34990773
v -0.33773646 0.18570864 0.33531492
v -0.32815469 0.19813442 0.32073184
v -0.33773646 0.18570864 0.35718176
v -0.32815469 0.19813442 0.34259868
v -0.28530999 0.23926402 0.27702993
v -0.28530351 0.23927116 0.29888704
v -0.27284921 0.24883737 0.29160912
v -0.26111919 0.25784984 0.27704095
v -0.27284921 0.24883737 0.31347596
v -0.26111919 0.25784984 0.29890779
v -0.28530999 0.23926402 0.32076296
v -0.28530351 0.23927116 0.34262008
v -0.27284921 0.24883737 0.33534215
v -0.26111919 0.25784984 0.32077399
v -0.27284596 0.24884062 0.35720446
v -0.26111595 0.25785373 0.34263564
v -0.24819932 0.26770849 0.20413138
v -0.23499414 0.27677412 0.19684632
v -0.24820257 0.26770460 0.22600211
v -0.23499609 0.27677153 0.21871576
v -0.22255605 0.28430104 0.18955478
v -0.22255411 0.28430364 0.21141838
v -0.24820257 0.26770460 0.24786895
v -0.23499609 0.27677153 0.24058195
v -0.24820257 0.26770460 0.26973514
v -0.23499414 0.27677412 0.26244555
v -0.22255605 0.28430104 0.23328781
v -0.22255411 0.28430364 0.25515141
v -0.20864344 0.29079761 0.20414045
v -0.19362592 0.29701731 0.19684113
v -0.20864604 0.29079502 0.22600989
v -0.19362592 0.29701731 0.21870733
v -0.17863173 0.30322922 0.18953792
v -0.17863173 0.30322922 0.21140411
v -0.20864604 0.29079502 0.24787673
v -0.19362592 0.29701731 0.24057417
v -0.20864344 0.29079826 0.26974033
v -0.19362592 0.29701731 0.26244036
v -0.17863173 0.30322922 0.23327095
v -0.17863173 0.30322922 0.25513715
v -0.24820257 0.26770460 0.29160199
v -0.23499414 0.27677412 0.28431239
v -0.24820257 0.26770460 0.31346818
v -0.23499609 0.27677153 0.30618183
v -0.22255605 0.28430104 0.27702085
v -0.22255411 0.28430364 0.29888445
v -0.24820257 0.26770460 0.33533502
v -0.23499609 0.27677153 0.32804802
v -0.24819932 0.26770849 0.35719668
v -0.23499414 0.27677412 0.34991162
v -0.22255605 0.28430104 0.32075389
v -0.22255411 0.28430364 0.34261748
v -0.20864344 0.29079761 0.29160653
v -0.19362592 0.29701731 0.28430720
v -0.20864604 0.29079502 0.31347596
v -0.19362592 0.29701731 0.30617340
v -0.17863173 0.30322922 0.27700399
v -0.17863173 0.30322922 0.29887018
v -0.20864604 0.29079502 0.33534280
v -0.19362592 0.29701731 0.32804024
v -0.20864344 0.29079761 0.35720640
v -0.19362397 0.29701925 0.34990319
v -0.17863173 0.30322922 0.32073703
v -0.17862914 0.30323117 0.34259998
v -0.33523160 0.10834115 0.19685345
v -0.32119449 0.10010744 0.19683919
v -0.33522511 0.10833661 0.21870538
v -0.32113224 0.10019628 0.21869306
v -0.30715803 0.09187828 0.19684762
v -0.30704974 0.09206632 0.21870343
v -0.33522511 0.10833661 0.24057157
v -0.32113030 0.10019563 0.24055601
v -0.33522706 0.10833726 0.26243647
v -0.32113224 0.10019628 0.26242091
v -0.30705039 0.09206632 0.24056444
v -0.30710421 0.09197295 0.26243063
v -0.29308591 0.08375092 0.19685345
v -0.27864807 0.07522932 0.19697600
v -0.29303533 0.08384624 0.21871511
v -0.27856767 0.07528508 0.21872743
v -0.26351966 0.07119546 0.19725937
v -0.26349697 0.07105281 0.21872094
v -0.29309174 0.08375286 0.24057417
v -0.27857350 0.07528832 0.24058908
v -0.29315075 0.08366208 0.26244620
v -0.27863056 0.07519689 0.26245722
v -0.26355338 0.07095879 0.24059103
v -0.26360915 0.07086606 0.26246111
v -0.33523484 0.10834050 0.28430137
v -0.32119060 0.10010420 0.28428905
v -0.33534118 0.10814856 0.30615394
v -0.32130343 0.09992005 0.30615524
v -0.30721185 0.09178491 0.28429748
v -0.30721315 0.09178491 0.30617080
v -0.33544558 0.10795598 0.32800393
v -0.32136373 0.09982927 0.32802922
v -0.33555387 0.10776924 0.34988114
v -0.32146942 0.09964123 0.34990124
v -0.30732208 0.09159751 0.32804089
v -0.30737914 0.09150608 0.34991486
v -0.29314816 0.08366014 0.28431434
v -0.27868633 0.07510417 0.28432730
v -0.29325320 0.08347145 0.30618312
v -0.27873756 0.07500885 0.30619544
v -0.26361044 0.07086671 0.28433119
v -0.26361044 0.07086671 0.30619739
v -0.29330572 0.08337743 0.32805450
v -0.27873172 0.07500561 0.32806618
v -0.29330443 0.08337743 0.34992653
v -0.27872913 0.07500431 0.34993431
v -0.26361044 0.07086671 0.32806423
v -0.26361044 0.07086671 0.34993042
v -0.21984499 0.11018138 0.20406718
v -0.24053623 0.08522284 0.20445235
v -0.23089156 0.09802470 0.21148776
v -0.22033974 0.11053866 0.22598914
v -0.24046880 0.08518135 0.22599757
v -0.23079494 0.09795921 0.23324048
v -0.22033779 0.11053671 0.24783394
v -0.24047269 0.08517551 0.24786571
v -0.23071389 0.09788724 0.25510991
v -0.22025479 0.11046863 0.26969559
v -0.24047399 0.08517356 0.26973450
v -0.19648482 0.13231796 0.20407950
v -0.18226486 0.13999272 0.19662780
v -0.19669556 0.13263893 0.22601054
v -0.18408628 0.14233938 0.21878449
v -0.20623649 0.11893317 0.18907430
v -0.20900332 0.12220966 0.21151953
v -0.19669102 0.13264218 0.24786506
v -0.18404673 0.14234327 0.24057157
v -0.19668972 0.13264412 0.26973320
v -0.18404673 0.14234262 0.26243842
v -0.20891513 0.12212796 0.23324502
v -0.20882889 0.12206247 0.25511510
v -0.24883737 0.07359075 0.18989715
v -0.25049799 0.07456079 0.21146377
v -0.25049799 0.07455884 0.23329689
v -0.25049799 0.07455884 0.25516309
v -0.23071519 0.09788529 0.27699102
v -0.22025414 0.11046798 0.29157475
v -0.24047399 0.08517356 0.29160069
v -0.23062959 0.09781915 0.29885786
v -0.22016855 0.11040249 0.31344159
v -0.24038839 0.08510807 0.31346753
v -0.23062959 0.09781915 0.32072795
v -0.22008296 0.11033635 0.33531168
v -0.24030345 0.08504193 0.33533762
v -0.23054400 0.09775301 0.34259414
v -0.22008361 0.11033570 0.35718176
v -0.24030345 0.08504129 0.35720770
v -0.19668972 0.13264412 0.29160004
v -0.18404673 0.14234262 0.28430526
v -0.19668972 0.13264412 0.31346623
v -0.18404673 0.14234262 0.30617145
v -0.20882695 0.12206377 0.27699621
v -0.20882695 0.12206377 0.29886240
v -0.19675522 0.13272971 0.33533308
v -0.18418225 0.14251186 0.32803959
v -0.19675327 0.13273036 0.35719603
v -0.18418160 0.14251121 0.34989735
v -0.20882695 0.12206377 0.32072924
v -0.20882695 0.12206377 0.34259544
v -0.25049799 0.07455884 0.27702993
v -0.25049799 0.07455884 0.29889612
v -0.25049799 0.07455884 0.32076296
v -0.25049799 0.07455884 0.34262916
v -0.16112685 0.30873565 0.14439780
v -0.16361615 0.30941650 0.16136190
v -0.15100234 0.30010641 0.13584442
v -0.14366476 0.31347304 0.14175417
v -0.14868681 0.31543907 0.15488284
v -0.16363301 0.30944308 0.18224703
v -0.14875100 0.31560053 0.17496132
v -0.13054452 0.30297828 0.13571409
v -0.12314599 0.31678714 0.14160439
v -0.12947657 0.32121654 0.15480438
v -0.12954984 0.32145191 0.17498791
v -0.15330619 0.28370903 0.13544759
v -0.15344884 0.26238946 0.13542295
v -0.13158849 0.28421934 0.13542425
v -0.13158460 0.26239724 0.13542295
v -0.10951544 0.30465576 0.13574651
v -0.10254358 0.31906441 0.14150193
v -0.10982799 0.32521732 0.15481735
v -0.10987532 0.32542482 0.17497299
v -0.08783794 0.30538005 0.13560516
v -0.08392275 0.32022963 0.13880254
v -0.09438315 0.32704458 0.14835190
v -0.09459259 0.32743688 0.16766394
v -0.10971451 0.28424139 0.13542295
v -0.10971451 0.26239270 0.13542295
v -0.08785286 0.28426019 0.13542295
v -0.08784702 0.26239205 0.13542295
v -0.14338399 0.18254303 0.11882651
v -0.12656254 0.18537924 0.11073870
v -0.15566775 0.19688360 0.13113686
v -0.16110285 0.17913426 0.12219767
v -0.13617804 0.19777778 0.12660112
v -0.15344755 0.24052391 0.13542295
v -0.15352665 0.21896378 0.13551892
v -0.13159821 0.24053623 0.13542360
v -0.13159627 0.21912329 0.13557922
v -0.10665394 0.18932037 0.10979394
v -0.11513664 0.19975159 0.12572380
v -0.08685817 0.19271423 0.10890041
v -0.09463474 0.20236020 0.12589758
v -0.10973137 0.24057968 0.13542554
v -0.10963735 0.21832897 0.13454887
v -0.08792613 0.24066851 0.13544824
v -0.08804349 0.21801124 0.13361125
v -0.07595166 0.32899051 0.14449442
v -0.07931958 0.32938151 0.16136190
v -0.06517548 0.32106805 0.13594558
v -0.05718040 0.33072569 0.14181058
v -0.06361408 0.33156151 0.15499696
v -0.06605021 0.30584043 0.13544694
v -0.07932023 0.32944765 0.18223795
v -0.06363093 0.33168147 0.17496586
v -0.04337673 0.32222030 0.13585156
v -0.03683217 0.33219891 0.14174898
v -0.04340137 0.33395939 0.15494055
v -0.04413149 0.30606932 0.13542619
v -0.04344092 0.33408259 0.17499245
v -0.06599055 0.28426992 0.13542295
v -0.06598148 0.26239011 0.13542295
v -0.04412047 0.28426538 0.13542295
v -0.04411658 0.26238881 0.13542295
v -0.02227243 0.32293486 0.13581914
v -0.01575511 0.33199596 0.14173731
v -0.02309074 0.33445284 0.15488543
v -0.02224909 0.30607386 0.13542489
v -0.02312187 0.33460003 0.17498531
v -0.00103975 0.32287780 0.13593261
v 0.00484211 0.33107454 0.14308085
v -0.00270750 0.33308985 0.15489970
v -0.00037836 0.30608878 0.13542489
v -0.00272436 0.33322213 0.17494511
v -0.02224844 0.28425954 0.13542295
v -0.02224909 0.26239011 0.13542295
v -0.00038160 0.28425954 0.13542295
v -0.00038225 0.26239205 0.13542295
v -0.07269397 0.19552191 0.10177876
v -0.07667401 0.20299112 0.12136639
v -0.05829050 0.20462386 0.11783960
v -0.06940516 0.21876017 0.13017070
v -0.05065854 0.21947409 0.12661085
v -0.06605994 0.24085072 0.13552281
v -0.04411074 0.24097003 0.13557468
v -0.02950367 0.22026776 0.12661928
v -0.00358417 0.21392746 0.12750503
v -0.02218619 0.24089352 0.13553448
v -0.00030897 0.24069769 0.13546056
v -0.03263427 0.18868686 0.18763349
v -0.02723224 0.19045058 0.18613563
v -0.01888960 0.17939493 0.18053583
v -0.14682129 0.14998885 0.18593721
v -0.15238154 0.13073451 0.17817492
v -0.12191398 0.16719611 0.18569535
v 0.00759079 0.17277127 0.18207779
v -0.16363301 0.30944373 0.20412554
v -0.14875489 0.31559988 0.19684113
v -0.16363301 0.30944373 0.22599238
v -0.14875489 0.31559988 0.21870733
v -0.12955956 0.32144932 0.19685994
v -0.12955956 0.32144932 0.21872613
v -0.16363301 0.30944373 0.24785858
v -0.14875489 0.31559988 0.24057417
v -0.16363301 0.30944373 0.26972542
v -0.14875489 0.31559988 0.26244036
v -0.12955956 0.32144932 0.24059232
v -0.12955956 0.32144932 0.26245917
v -0.10988959 0.32542287 0.19684437
v -0.10989023 0.32542222 0.21871186
v -0.09460102 0.32743493 0.18954959
v -0.09460037 0.32743623 0.21141449
v -0.10989023 0.32542222 0.24057871
v -0.10989023 0.32542222 0.26244490
v -0.09460167 0.32743493 0.23328263
v -0.09460167 0.32743493 0.25514882
v -0.12713705 0.17476712 0.20445689
v -0.11030977 0.17974832 0.19696239
v -0.12708452 0.17470487 0.22599303
v -0.11074616 0.18090641 0.21874364
v -0.08935461 0.18312078 0.19664466
v -0.09014439 0.18682199 0.21882080
v -0.12708452 0.17470487 0.24786182
v -0.11072476 0.18090835 0.24057482
v -0.12712602 0.17480473 0.26972801
v -0.11072476 0.18090835 0.26244166
v -0.09010354 0.18681356 0.24056314
v -0.09010354 0.18681356 0.26242999
v -0.16363301 0.30944373 0.29159161
v -0.14875489 0.31559988 0.28430720
v -0.16363301 0.30944373 0.31345845
v -0.14875489 0.31559988 0.30617340
v -0.12955956 0.32144932 0.28432536
v -0.12955956 0.32144932 0.30619220
v -0.16363301 0.30944373 0.33532465
v -0.14875489 0.31559988 0.32803959
v -0.16363106 0.30944567 0.35718825
v -0.14875489 0.31559988 0.34990643
v -0.12955956 0.32144932 0.32805839
v -0.12955956 0.32144932 0.34992524
v -0.10989023 0.32542222 0.28431174
v -0.10989023 0.32542222 0.30617794
v -0.09460167 0.32743493 0.27701501
v -0.09460361 0.32743493 0.29888121
v -0.10989023 0.32542222 0.32804478
v -0.10988959 0.32542287 0.34990967
v -0.09421002 0.32748681 0.32086477
v -0.09420678 0.32748746 0.34273096
v -0.12716947 0.17490329 0.29159096
v -0.11072476 0.18090835 0.28430785
v -0.12720902 0.17500509 0.31345781
v -0.11072865 0.18090770 0.30617664
v -0.09010354 0.18681356 0.28429683
v -0.09010354 0.18681356 0.30616302
v -0.12712408 0.17480602 0.33531751
v -0.11076820 0.18100756 0.32803959
v -0.12712602 0.17480473 0.35718695
v -0.11077015 0.18100756 0.34990578
v -0.09010743 0.18681291 0.32803181
v -0.09011002 0.18681226 0.34989606
v -0.07932023 0.32944829 0.20411841
v -0.06363418 0.33168147 0.19684373
v -0.07932088 0.32944700 0.22598590
v -0.06363418 0.33168147 0.21870992
v -0.04344870 0.33408194 0.19685151
v -0.04344870 0.33408194 0.21871770
v -0.07932088 0.32944700 0.24785274
v -0.06363418 0.33168082 0.24057611
v -0.07932088 0.32944700 0.26971893
v -0.06363418 0.33168082 0.26244295
v -0.04344870 0.33408194 0.24058454
v -0.04344870 0.33408194 0.26245074
v -0.02313224 0.33459938 0.19684437
v -0.02313224 0.33459938 0.21871057
v -0.00273344 0.33322213 0.19682233
v -0.00273344 0.33322213 0.21868852
v -0.02313224 0.33459938 0.24057741
v -0.02313224 0.33459938 0.26244360
v -0.00273344 0.33322213 0.24055536
v -0.00273344 0.33322213 0.26242156
v -0.06742941 0.18585259 0.19668162
v -0.06816732 0.19131558 0.21889537
v -0.05054571 0.18737575 0.19127635
v -0.03629398 0.19546161 0.20715822
v -0.05001141 0.19373550 0.21603387
v -0.03519230 0.19547587 0.23040103
v -0.06814073 0.19128705 0.24056379
v -0.06814073 0.19128705 0.26243128
v -0.04989859 0.19369854 0.23873718
v -0.03502436 0.19548754 0.25331443
v -0.04990248 0.19369789 0.26060532
v -0.03503279 0.19548625 0.27515468
v -0.02728281 0.19612495 0.19886746
v -0.02582126 0.19615931 0.22305631
v -0.01398426 0.19162877 0.19694812
v 0.00098788 0.18602897 0.19672247
v -0.01378130 0.19515879 0.21876309
v 0.00217514 0.19293534 0.21881691
v -0.02593150 0.19621119 0.24602872
v -0.02593409 0.19621054 0.26789491
v -0.01342856 0.19521456 0.24050803
v 0.00224647 0.19299824 0.24049571
v -0.01370414 0.19525087 0.26243193
v 0.00197089 0.19303520 0.26242156
v -0.07932282 0.32944700 0.29158513
v -0.06363418 0.33168082 0.28430915
v -0.07892599 0.32949887 0.31356869
v -0.06363483 0.33168082 0.30617469
v -0.04344870 0.33408194 0.28431758
v -0.04344870 0.33408194 0.30618377
v -0.07932153 0.32944700 0.33531816
v -0.06324253 0.33173270 0.32815955
v -0.07892599 0.32950017 0.35730172
v -0.06323929 0.33173334 0.35002574
v -0.04344740 0.33408194 0.32804997
v -0.04344740 0.33408194 0.34991681
v -0.02313224 0.33459938 0.28431045
v -0.02313224 0.33459938 0.30617664
v -0.00273344 0.33322213 0.28428840
v -0.00273344 0.33322213 0.30615459
v -0.02313224 0.33459938 0.32804348
v -0.02313224 0.33459938 0.34990967
v -0.00273344 0.33322213 0.32802143
v -0.00273344 0.33322213 0.34988763
v -0.06814073 0.19128705 0.28429813
v -0.06813490 0.19128769 0.30616691
v -0.04991091 0.19369659 0.28243974
v -0.03504381 0.19549208 0.29693139
v -0.04992258 0.19370243 0.30419181
v -0.03523575 0.19558351 0.31837027
v -0.06817704 0.19139209 0.32803246
v -0.06821206 0.19149714 0.34990514
v -0.05016898 0.19390344 0.32556844
v -0.03638281 0.19559907 0.33792094
v -0.05144184 0.19390668 0.34482213
v -0.03660133 0.19578971 0.35940327
v -0.02594122 0.19620924 0.28973063
v -0.02595419 0.19621378 0.31147946
v -0.01370155 0.19525022 0.28430007
v 0.00197154 0.19303455 0.28428775
v -0.01368599 0.19535721 0.30616302
v 0.00198710 0.19314154 0.30615589
v -0.02616493 0.19619952 0.33285285
v -0.02747799 0.19609317 0.35210459
v -0.01369895 0.19525022 0.32802922
v 0.00197867 0.19303390 0.32801690
v -0.01371581 0.19513934 0.34989152
v 0.00197608 0.19303455 0.34988568
v -0.16533902 0.14494864 0.18918907
v -0.15439165 0.16005630 0.20415926
v -0.17048557 0.15254559 0.21167905
v -0.15513864 0.16177138 0.22603453
v -0.13984683 0.16400845 0.18949642
v -0.14175190 0.16867646 0.21156103
v -0.17043629 0.15250474 0.23326706
v -0.15513799 0.16176619 0.24784885
v -0.17043693 0.15250474 0.25513520
v -0.15517949 0.16186605 0.26971569
v -0.14177849 0.16864339 0.23328198
v -0.14181999 0.16874325 0.25514947
v -0.17043693 0.15250474 0.27700205
v -0.15522294 0.16196526 0.29157864
v -0.17043693 0.15250474 0.29886824
v -0.15521710 0.16196721 0.31344289
v -0.14182193 0.16874260 0.27701242
v -0.14185500 0.16884570 0.29888056
v -0.17050632 0.15258774 0.32073638
v -0.15524109 0.16195229 0.33530973
v -0.17056986 0.15267462 0.34259609
v -0.15527286 0.16193478 0.35717268
v -0.14186149 0.16884311 0.32073962
v -0.14185500 0.16884570 0.34261035
v -0.30944243 0.21963814 0.37905574
v -0.31980751 0.20885937 0.37175836
v -0.29806452 0.22947410 0.37177457
v -0.30944243 0.21963814 0.40092193
v -0.31980751 0.20885937 0.39362520
v -0.29806452 0.22947410 0.39364076
v -0.33773646 0.18570864 0.37904796
v -0.32815469 0.19813442 0.36446487
v -0.33773646 0.18570864 0.40091415
v -0.32815469 0.19813442 0.38633172
v -0.30944243 0.21963814 0.42278877
v -0.31980751 0.20885937 0.41549140
v -0.29806452 0.22947410 0.41550696
v -0.30944243 0.21963814 0.44465497
v -0.31980751 0.20885937 0.43735824
v -0.29806452 0.22947410 0.43737380
v -0.33773646 0.18570864 0.42278099
v -0.32815469 0.19813442 0.40819791
v -0.33773646 0.18570864 0.44464719
v -0.32815469 0.19813442 0.43006475
v -0.28530999 0.23926402 0.36449600
v -0.28530351 0.23927116 0.38635311
v -0.27284596 0.24884062 0.37907065
v -0.26111919 0.25784984 0.36450702
v -0.27284921 0.24883737 0.40094203
v -0.26111595 0.25785373 0.38636868
v -0.28530999 0.23926402 0.40822903
v -0.28530351 0.23927116 0.43008615
v -0.27284921 0.24883737 0.42280823
v -0.26111919 0.25784984 0.40824006
v -0.27284921 0.24883737 0.44467507
v -0.26111919 0.25784984 0.43010690
v -0.30944178 0.21963230 0.46651986
v -0.31980945 0.20885353 0.45922313
v -0.29805868 0.22947669 0.45923092
v -0.30915907 0.21938266 0.48644986
v -0.31957018 0.20866549 0.47987483
v -0.29788750 0.22929254 0.47981647
v -0.33773582 0.18570994 0.46650689
v -0.32815469 0.19813442 0.45193095
v -0.33746024 0.18546224 0.48645375
v -0.32805353 0.19803261 0.47317400
v -0.30836086 0.21910838 0.49486707
v -0.29935034 0.22388208 0.49339773
v -0.30038199 0.21157951 0.49954870
v -0.31388414 0.20991889 0.49339060
v -0.33508116 0.18270838 0.49488068
v -0.32252960 0.19211768 0.49269419
v -0.32547799 0.17276737 0.49956037
v -0.30467651 0.19528394 0.49976397
v -0.30643439 0.17489032 0.49986902
v -0.28530999 0.23926402 0.45195494
v -0.28519328 0.23917195 0.47319929
v -0.27284921 0.24883737 0.46652894
v -0.26111919 0.25784984 0.45196531
v -0.27252305 0.24847879 0.48657760
v -0.26098821 0.25771042 0.47326673
v -0.27953641 0.23403772 0.49269679
v -0.28293092 0.21653802 0.49959409
v -0.26995918 0.24638568 0.49497470
v -0.25623915 0.25380755 0.49273245
v -0.26018028 0.23701918 0.49967514
v -0.26262030 0.21840159 0.49965633
v -0.28458181 0.19673641 0.49978213
v -0.28460256 0.17488708 0.49989171
v -0.26273766 0.19675716 0.49978343
v -0.26274026 0.17489226 0.49989171
v -0.24819932 0.26770784 0.37906287
v -0.23499414 0.27677412 0.37177781
v -0.24820257 0.26770460 0.40093425
v -0.23499609 0.27677153 0.39364790
v -0.22255605 0.28430104 0.36448692
v -0.22255411 0.28430364 0.38635052
v -0.24820257 0.26770460 0.42280044
v -0.23499609 0.27677153 0.41551409
v -0.24820257 0.26770460 0.44466729
v -0.23499414 0.27677412 0.43737769
v -0.22255605 0.28430104 0.40821996
v -0.22255411 0.28430364 0.43008356
v -0.20864344 0.29079761 0.37907260
v -0.19362397 0.29701925 0.37177003
v -0.20864604 0.29079502 0.40094203
v -0.19362592 0.29701731 0.39363947
v -0.17863173 0.30322922 0.36447006
v -0.17862914 0.30323117 0.38633366
v -0.20864604 0.29079502 0.42280887
v -0.19362592 0.29701731 0.41550566
v -0.20864344 0.29079826 0.44467247
v -0.19362592 0.29701731 0.43737250
v -0.17863173 0.30322857 0.40820310
v -0.17863173 0.30322922 0.43006929
v -0.24819803 0.26770525 0.46652764
v -0.23498766 0.27677607 0.45924324
v -0.24790753 0.26731749 0.48658343
v -0.23480675 0.27647066 0.47994421
v -0.22255605 0.28430104 0.45195299
v -0.22243804 0.28414412 0.47324209
v -0.24605952 0.26592856 0.49500648
v -0.23550056 0.27003439 0.49349565
v -0.23695822 0.25735249 0.49968097
v -0.21590710 0.27841723 0.49273569
v -0.21810137 0.26120868 0.49970951
v -0.20864474 0.29079697 0.46653867
v -0.19361943 0.29701925 0.45923221
v -0.20844632 0.29041180 0.48654129
v -0.19347354 0.29675794 0.47988066
v -0.17863173 0.30322922 0.45193095
v -0.17850399 0.30306776 0.47324274
v -0.20555694 0.28874276 0.49492024
v -0.19405063 0.29118408 0.49350343
v -0.19540779 0.27983210 0.49951952
v -0.19729211 0.26242512 0.49960122
v -0.17221751 0.29853138 0.49265918
v -0.17451683 0.28218329 0.49965828
v -0.17528002 0.26233694 0.49989106
v -0.24032031 0.23968550 0.49992024
v -0.24087860 0.21861298 0.49989171
v -0.21899944 0.24047852 0.49978343
v -0.21900593 0.21862400 0.49978343
v -0.24088120 0.19675586 0.49989171
v -0.24087731 0.17489032 0.49967579
v -0.21900528 0.19675716 0.49978343
v -0.21902149 0.17490199 0.49989236
v -0.19713908 0.24049474 0.49967579
v -0.19714233 0.21862725 0.49967579
v -0.17528651 0.24048825 0.49967579
v -0.17528132 0.21862725 0.49967579
v -0.19715011 0.19676948 0.49989171
v -0.19717475 0.17493376 0.49989171
v -0.17528391 0.19680061 0.49967579
v -0.17597319 0.17668970 0.49980677
v -0.33555581 0.10777248 0.37177003
v -0.32147137 0.09964187 0.37177652
v -0.33544428 0.10795728 0.39363493
v -0.32141560 0.09973460 0.39364466
v -0.30738109 0.09150673 0.37178495
v -0.30738109 0.09150673 0.39365114
v -0.33538398 0.10804741 0.41549594
v -0.32135400 0.09982408 0.41550761
v -0.33532497 0.10813819 0.43735694
v -0.32123988 0.10000759 0.43736861
v -0.30732662 0.09160075 0.41551798
v -0.30727086 0.09169348 0.43738093
v -0.29330443 0.08337743 0.37179338
v -0.27872913 0.07500431 0.37180051
v -0.29330443 0.08337743 0.39365957
v -0.27872913 0.07500431 0.39366735
v -0.26361044 0.07086671 0.37179727
v -0.26361044 0.07086671 0.39366346
v -0.29330443 0.08337743 0.41552576
v -0.27872913 0.07500431 0.41553354
v -0.29330378 0.08337743 0.43739260
v -0.27872913 0.07500431 0.43740039
v -0.26361044 0.07086671 0.41553030
v -0.26361044 0.07086671 0.43739650
v -0.33531071 0.10813235 0.45921600
v -0.32122561 0.10000110 0.45922184
v -0.33543066 0.10822962 0.47828165
v -0.32099088 0.10023843 0.47982490
v -0.30726113 0.09168764 0.45922897
v -0.30714571 0.09197165 0.47842495
v -0.32776693 0.15261497 0.49986772
v -0.32831874 0.13120267 0.49999935
v -0.30647783 0.15301959 0.49989171
v -0.30646811 0.13116831 0.49989171
v -0.32608621 0.11319591 0.49963948
v -0.32924339 0.10604053 0.49187653
v -0.33815729 0.11003029 0.49011670
v -0.30607581 0.11005364 0.49991052
v -0.30510966 0.09470217 0.49384709
v -0.28460710 0.15302088 0.49989171
v -0.28460645 0.13115404 0.50000000
v -0.26274285 0.15302348 0.49989171
v -0.26275517 0.13116506 0.49989171
v -0.28460840 0.10932221 0.49989171
v -0.28297112 0.09005102 0.49963494
v -0.26270913 0.10923986 0.49981520
v -0.26411233 0.08873018 0.49957723
v -0.29329081 0.08337094 0.45925037
v -0.27872005 0.07500107 0.45925815
v -0.29333490 0.08357131 0.47839966
v -0.27858971 0.07533242 0.47984370
v -0.26360720 0.07086671 0.45924972
v -0.26363508 0.07113775 0.47977756
v -0.28681369 0.08176350 0.49186486
v -0.29586960 0.08565534 0.49022240
v -0.26948647 0.07728482 0.49338866
v -0.23054465 0.09775301 0.36446423
v -0.22008361 0.11033570 0.37904796
v -0.24030345 0.08504129 0.37907389
v -0.23054465 0.09775301 0.38633107
v -0.22008361 0.11033570 0.40091480
v -0.24030345 0.08504129 0.40094074
v -0.23054465 0.09775301 0.40819726
v -0.22008361 0.11033570 0.42278099
v -0.24030345 0.08504129 0.42280693
v -0.23054465 0.09775301 0.43006410
v -0.22008361 0.11033570 0.44464783
v -0.24030345 0.08504129 0.44467377
v -0.19668713 0.13264477 0.37906222
v -0.18424645 0.14259875 0.37176225
v -0.19668972 0.13264412 0.40093231
v -0.18417642 0.14251510 0.39362715
v -0.20882695 0.12206377 0.36446228
v -0.20882695 0.12206377 0.38632847
v -0.19668972 0.13264412 0.42279915
v -0.18411287 0.14242821 0.41549658
v -0.19668972 0.13264412 0.44466534
v -0.18404738 0.14234262 0.43736667
v -0.20882695 0.12206377 0.40819532
v -0.20882695 0.12206377 0.43006151
v -0.25049799 0.07455884 0.36449600
v -0.25049799 0.07455884 0.38636219
v -0.25049799 0.07455884 0.40822903
v -0.25049799 0.07455884 0.43009523
v -0.23054465 0.09775301 0.45192446
v -0.22008361 0.11033570 0.46649782
v -0.24030345 0.08504129 0.46652764
v -0.23057902 0.09777636 0.47304237
v -0.22029953 0.11056071 0.48631045
v -0.24058551 0.08528834 0.48638437
v -0.24088509 0.15304617 0.49989236
v -0.24137335 0.13152105 0.49992089
v -0.21925362 0.15337038 0.49992608
v -0.22156331 0.13427686 0.49959344
v -0.24337050 0.11116374 0.49959538
v -0.24800804 0.09362579 0.49640902
v -0.22692060 0.11717659 0.49633056
v -0.23249965 0.10016256 0.49037543
v -0.19668778 0.13264477 0.46651338
v -0.18404543 0.14234327 0.45922767
v -0.19690954 0.13295018 0.48640836
v -0.18411352 0.14250602 0.47969521
v -0.20882695 0.12206377 0.45192316
v -0.20885159 0.12209489 0.47303135
v -0.19894235 0.15528907 0.49976203
v -0.20427111 0.13934819 0.49642783
v -0.18037081 0.16040256 0.49950720
v -0.18723698 0.14445259 0.49336856
v -0.21097907 0.12364268 0.49037024
v -0.25049799 0.07455884 0.45195494
v -0.25056802 0.07462304 0.47313250
v -0.25272857 0.07747352 0.49031447
v -0.16363106 0.30944567 0.37905444
v -0.14875489 0.31559988 0.37177263
v -0.16363301 0.30944373 0.40092452
v -0.14875489 0.31559988 0.39363947
v -0.12955956 0.32144932 0.37179143
v -0.12955956 0.32144932 0.39365827
v -0.16363301 0.30944373 0.42279072
v -0.14875489 0.31559988 0.41550566
v -0.16363301 0.30944373 0.44465756
v -0.14875489 0.31559988 0.43737250
v -0.12955956 0.32144932 0.41552447
v -0.12955956 0.32144932 0.43739131
v -0.10988959 0.32542287 0.37177652
v -0.10989023 0.32542222 0.39364401
v -0.09460102 0.32743493 0.36448173
v -0.09460037 0.32743623 0.38634663
v -0.10989023 0.32542222 0.41551085
v -0.10989023 0.32542222 0.43737704
v -0.09460167 0.32743493 0.40821412
v -0.09460167 0.32743493 0.43008096
v -0.12708452 0.17470487 0.37905768
v -0.11072670 0.18090770 0.37176874
v -0.12708452 0.17470487 0.40092712
v -0.11072476 0.18090835 0.39364076
v -0.09010549 0.18681291 0.37176095
v -0.09010354 0.18681356 0.39362909
v -0.12708452 0.17470487 0.42279396
v -0.11072476 0.18090835 0.41550696
v -0.12708452 0.17470487 0.44466015
v -0.11072476 0.18090835 0.43737380
v -0.09010354 0.18681356 0.41549594
v -0.09010354 0.18681356 0.43736213
v -0.16363495 0.30944243 0.46651986
v -0.14874063 0.31560247 0.45923675
v -0.16337169 0.30905078 0.48654907
v -0.14866606 0.31530938 0.47988131
v -0.12954270 0.32145191 0.45925491
v -0.12950380 0.32113419 0.47990984
v -0.16078513 0.30813391 0.49499221
v -0.14963870 0.31090204 0.49342562
v -0.15096927 0.30007917 0.49964985
v -0.12956670 0.31511745 0.49348398
v -0.13048811 0.30292511 0.49976722
v -0.15332759 0.28374858 0.49993192
v -0.15340734 0.26234991 0.49989171
v -0.13153272 0.28419924 0.49999870
v -0.13154180 0.26234861 0.50000000
v -0.10988181 0.32542352 0.45924064
v -0.10973526 0.32509217 0.47995329
v -0.09460167 0.32743493 0.45194716
v -0.09449662 0.32726569 0.47325635
v -0.10953166 0.31824286 0.49352872
v -0.10949923 0.30453126 0.49967838
v -0.08723685 0.32197325 0.49259823
v -0.08786842 0.30535541 0.49972701
v -0.10966134 0.28423101 0.49978343
v -0.10966782 0.26235704 0.49989171
v -0.08781265 0.28423879 0.49989171
v -0.08781006 0.26235509 0.49989171
v -0.15341513 0.24048306 0.49978407
v -0.15342291 0.21863049 0.49978407
v -0.13154634 0.24048112 0.50000000
v -0.13155736 0.21864735 0.50000000
v -0.15334769 0.19674484 0.49981455
v -0.15520867 0.17944097 0.49957723
v -0.13196003 0.19780437 0.49976138
v -0.13662675 0.18226097 0.49643236
v -0.12708258 0.17470487 0.46651468
v -0.11072281 0.18090900 0.45922573
v -0.12726025 0.17502130 0.48639539
v -0.11075394 0.18116059 0.47983009
v -0.09010224 0.18681356 0.45921535
v -0.09012105 0.18702754 0.47976135
v -0.10966912 0.24048631 0.50000000
v -0.10967431 0.21867199 0.49999870
v -0.08780487 0.24048825 0.49989171
v -0.08780358 0.21868495 0.49999805
v -0.11047187 0.20027422 0.49971664
v -0.11743661 0.18531440 0.49349435
v -0.08849739 0.20201719 0.49967060
v -0.09673369 0.18933593 0.49331474
v -0.07932023 0.32944829 0.37905055
v -0.06363353 0.33168147 0.37177652
v -0.07932088 0.32944700 0.40091804
v -0.06363418 0.33168147 0.39364206
v -0.04344870 0.33408194 0.37178365
v -0.04344870 0.33408194 0.39364984
v -0.07932088 0.32944700 0.42278488
v -0.06363418 0.33168082 0.41550826
v -0.07932088 0.32944700 0.44465108
v -0.06363418 0.33168082 0.43737510
v -0.04344870 0.33408194 0.41551668
v -0.04344870 0.33408194 0.43738288
v -0.02313224 0.33459938 0.37177652
v -0.02313224 0.33459938 0.39364271
v -0.00273344 0.33322213 0.37175447
v -0.00273344 0.33322213 0.39362066
v -0.02313224 0.33459938 0.41550955
v -0.02313224 0.33459938 0.43737575
v -0.00273344 0.33322213 0.41548751
v -0.00273344 0.33322213 0.43735370
v -0.06819974 0.19149778 0.37176744
v -0.06815694 0.19139468 0.39361159
v -0.05258890 0.19392030 0.36445839
v -0.03768680 0.19569763 0.37904601
v -0.05253443 0.19381785 0.38633496
v -0.03764400 0.19559389 0.40089988
v -0.06810247 0.19129288 0.41548167
v -0.06810896 0.19129159 0.43736083
v -0.05252211 0.19381979 0.40820050
v -0.03647035 0.19558611 0.42440011
v -0.05137505 0.19380164 0.43168452
v -0.03631408 0.19550181 0.44723116
v -0.02858226 0.19599915 0.37175642
v -0.02858031 0.19599721 0.39363687
v -0.01372749 0.19502651 0.37176355
v 0.00193782 0.19282122 0.37175382
v -0.01373332 0.19502522 0.39363752
v 0.00192744 0.19282252 0.39362715
v -0.02858550 0.19600175 0.41550761
v -0.02746567 0.19609253 0.43899616
v -0.01373397 0.19502522 0.41550436
v 0.00192744 0.19282252 0.41549399
v -0.01373981 0.19502976 0.43737510
v 0.00192680 0.19282252 0.43736083
v -0.07933968 0.32944440 0.46651662
v -0.06362575 0.33168277 0.45923545
v -0.07915488 0.32916234 0.48634741
v -0.06360500 0.33149861 0.47974385
v -0.04344222 0.33408259 0.45923999
v -0.04343573 0.33386861 0.47978599
v -0.07579345 0.32862739 0.49491829
v -0.06431308 0.32983929 0.49318440
v -0.06517808 0.32110760 0.49944624
v -0.06606642 0.30587674 0.49993581
v -0.04335403 0.33136050 0.49339644
v -0.04333004 0.32215935 0.49963040
v -0.04407313 0.30604598 0.49999805
v -0.06594841 0.28422518 0.49989171
v -0.06594192 0.26235315 0.49978343
v -0.04407573 0.28421545 0.50000000
v -0.04408092 0.26234796 0.50000000
v -0.02313095 0.33459938 0.45923027
v -0.02313808 0.33435169 0.47980999
v -0.00270361 0.33321564 0.45921730
v -0.00271463 0.33305224 0.47959601
v -0.02232884 0.33215352 0.49332771
v -0.02226595 0.32285705 0.49967384
v -0.02220435 0.30605052 0.49999805
v -0.00182305 0.33171389 0.49319218
v -0.00100992 0.32261713 0.49966476
v -0.00033880 0.30605182 0.49999870
v -0.02220500 0.28421610 0.49989171
v -0.02220305 0.26235315 0.49989171
v -0.00034204 0.28421415 0.49989171
v -0.00034204 0.26235315 0.50000000
v -0.06812971 0.19128834 0.45921860
v -0.06815694 0.19142711 0.47964982
v -0.05007301 0.19380294 0.45613922
v -0.03537062 0.19558805 0.47022561
v -0.05009895 0.19378089 0.47772660
v -0.03633872 0.19589346 0.48915768
v -0.06594063 0.24049084 0.49989171
v -0.06590042 0.21865189 0.49999352
v -0.04407897 0.24048631 0.50000000
v -0.04404590 0.21875563 0.49992478
v -0.06673559 0.20285430 0.49954091
v -0.07465222 0.19292173 0.49331992
v -0.04680430 0.20367586 0.49862274
v -0.05478901 0.19441310 0.49241018
v -0.02617530 0.19609642 0.46344179
v -0.02598207 0.19618006 0.48435220
v -0.01374175 0.19503559 0.45923481
v 0.00193198 0.19282187 0.45922119
v -0.01376380 0.19509525 0.47951430
v 0.00195987 0.19291978 0.47963491
v -0.02220305 0.24048760 0.50000000
v -0.02221861 0.21878870 0.49992997
v -0.00034010 0.24048501 0.49989171
v -0.00033686 0.21868236 0.49999870
v -0.02345451 0.20151206 0.49638957
v 0.00036474 0.20252814 0.49946310
v -0.00609617 0.19484236 0.49304499
v -0.01583941 0.19574043 0.49007845
v -0.17063535 0.15276022 0.36446228
v -0.15527157 0.16193608 0.37903888
v -0.17056792 0.15267527 0.38632199
v -0.15526962 0.16193738 0.40090767
v -0.14177654 0.16864404 0.36447266
v -0.14177849 0.16864339 0.38634793
v -0.17050243 0.15259033 0.40819337
v -0.15520413 0.16185179 0.42277386
v -0.17050243 0.15259033 0.43006410
v -0.15513799 0.16176619 0.44464394
v -0.14177849 0.16864339 0.40821477
v -0.14177849 0.16864339 0.43008096
v -0.17043693 0.15250474 0.45192705
v -0.15513734 0.16176684 0.46649717
v -0.17047649 0.15256699 0.47304626
v -0.15533317 0.16202556 0.48630202
v -0.14177849 0.16864339 0.45194262
v -0.14178497 0.16867905 0.47304756
v -0.16163651 0.16483778 0.49632797
v -0.17146988 0.15280820 0.49027881
v -0.14455504 0.16984557 0.49037672
v 0.01533947 0.33031654 0.14470062
v 0.02332094 0.32338422 0.14125942
v 0.02762972 0.32893409 0.15608242
v 0.01253309 0.33102526 0.15621924
v 0.02155916 0.30620549 0.13551113
v 0.02838060 0.32899310 0.17494641
v 0.01310629 0.33100776 0.17493733
v 0.04339877 0.30599670 0.13566935
v 0.05047309 0.31936399 0.14154538
v 0.04340461 0.32674566 0.15472268
v 0.04356866 0.32699336 0.17495354
v 0.02149108 0.28427251 0.13542295
v 0.02148460 0.26239270 0.13542295
v 0.04335014 0.28427705 0.13542295
v 0.04335144 0.26239270 0.13542295
v 0.06507887 0.30516931 0.13574651
v 0.07103595 0.31713340 0.14161281
v 0.06364974 0.32369676 0.15479141
v 0.06362899 0.32391139 0.17493538
v 0.08630831 0.30398075 0.13575235
v 0.09131674 0.31340690 0.14169776
v 0.08327238 0.31876873 0.15478817
v 0.08326979 0.31897817 0.17492890
v 0.06520272 0.28426343 0.13542295
v 0.06521763 0.26239270 0.13542295
v 0.08706956 0.28424722 0.13542295
v 0.08708447 0.26239270 0.13542295
v 0.02149627 0.24054920 0.13542425
v 0.02149756 0.21873488 0.13462603
v 0.04334884 0.24052132 0.13542295
v 0.04339359 0.21916609 0.13560710
v 0.05690482 0.20182979 0.12675026
v 0.09082978 0.18124878 0.12248298
v 0.08281589 0.19303131 0.12829157
v 0.06521698 0.24052391 0.13542295
v 0.06529998 0.21901371 0.13553318
v 0.08708382 0.24052586 0.13542295
v 0.08715580 0.21878870 0.13545537
v 0.10674408 0.30105959 0.13592029
v 0.11067872 0.30789205 0.14306723
v 0.10208644 0.31222547 0.15487505
v 0.10209227 0.31237591 0.17492760
v 0.12028903 0.30441779 0.14472915
v 0.12980597 0.29739664 0.14131130
v 0.13230629 0.29963500 0.15610317
v 0.11745347 0.30594288 0.15624518
v 0.13257344 0.29972643 0.17495095
v 0.11753906 0.30595390 0.17493085
v 0.10892927 0.28422194 0.13542425
v 0.10895067 0.26239270 0.13542295
v 0.13040122 0.28320974 0.13551308
v 0.13081816 0.26239400 0.13542295
v 0.15116509 0.28064846 0.13578477
v 0.15550954 0.28858843 0.14306853
v 0.14733808 0.29331286 0.15480113
v 0.15267787 0.26238492 0.13542360
v 0.14755401 0.29351906 0.17497364
v 0.16524240 0.28571137 0.14469608
v 0.17299303 0.27700950 0.14132362
v 0.17550762 0.28026071 0.15613624
v 0.16242499 0.28727018 0.15623415
v 0.17433786 0.26187266 0.13550919
v 0.17579163 0.28035538 0.17497818
v 0.16256116 0.28730325 0.17498920
v 0.10895067 0.24052651 0.13542295
v 0.10894937 0.21865902 0.13542295
v 0.13081751 0.24052651 0.13542295
v 0.13081751 0.21865967 0.13542295
v 0.10910629 0.19729924 0.13558505
v 0.10129730 0.18057960 0.12587424
v 0.13087716 0.19691278 0.13544889
v 0.12623509 0.17210339 0.12901780
v 0.15268370 0.24052651 0.13542295
v 0.15268370 0.21865967 0.13542295
v 0.17455508 0.24053559 0.13542295
v 0.17454990 0.21865967 0.13542295
v 0.15268305 0.19679282 0.13542295
v 0.15281987 0.17517822 0.13548195
v 0.17454990 0.19679347 0.13542295
v 0.17454795 0.17492469 0.13542295
v 0.06184906 0.16945198 0.18570313
v 0.06953809 0.15688161 0.17997235
v 0.09530326 0.14814213 0.18188585
v 0.08701444 0.13065540 0.17438357
v 0.10715972 0.14670522 0.18571351
v 0.11342285 0.13365113 0.17986536
v 0.10888323 0.10902718 0.17447954
v 0.13016973 0.12662674 0.18588404
v 0.13612617 0.11231145 0.17995030
v 0.14866995 0.15103411 0.12837716
v 0.17044990 0.13005172 0.12763731
v 0.17471849 0.15333731 0.13550011
v 0.15427299 0.10356420 0.18593981
v 0.15814150 0.08949013 0.17993604
v 0.17454341 0.08043422 0.18586589
v 0.17898318 0.06720116 0.17982840
v 0.02837346 0.32899764 0.19683594
v 0.01309981 0.33100840 0.19682816
v 0.02837346 0.32899764 0.21870214
v 0.01309981 0.33100840 0.21869501
v 0.04356736 0.32699660 0.19684308
v 0.04356736 0.32699660 0.21870927
v 0.02837346 0.32899764 0.24056898
v 0.01309981 0.33100840 0.24056120
v 0.02837346 0.32899764 0.26243517
v 0.01309981 0.33100840 0.26242804
v 0.04356736 0.32699660 0.24057611
v 0.04356736 0.32699660 0.26244231
v 0.06363418 0.32391074 0.19682362
v 0.06363418 0.32391074 0.21869047
v 0.08327238 0.31897752 0.19681390
v 0.08327238 0.31897752 0.21868074
v 0.06363418 0.32391074 0.24055666
v 0.06363418 0.32391074 0.26242285
v 0.08327238 0.31897752 0.24054693
v 0.08327238 0.31897752 0.26241378
v 0.02370675 0.18329067 0.19670431
v 0.02438759 0.18928341 0.21892584
v 0.04450369 0.17959400 0.19665892
v 0.04554765 0.18427173 0.21889667
v 0.02437009 0.18924062 0.24055082
v 0.02436879 0.18924062 0.26241831
v 0.04553274 0.18424320 0.24055407
v 0.04553274 0.18424320 0.26242156
v 0.06128882 0.17643616 0.19658436
v 0.06238596 0.17893973 0.21883896
v 0.06236975 0.17893260 0.24056768
v 0.06236910 0.17893260 0.26243453
v 0.02837346 0.32899764 0.28430137
v 0.01309981 0.33100840 0.28429423
v 0.02837346 0.32899764 0.30616821
v 0.01309981 0.33100840 0.30616108
v 0.04356736 0.32699660 0.28430915
v 0.04356736 0.32699660 0.30617534
v 0.02837346 0.32899764 0.32803440
v 0.01309981 0.33100840 0.32802727
v 0.02837346 0.32899764 0.34990124
v 0.01309981 0.33100840 0.34989411
v 0.04356736 0.32699660 0.32804218
v 0.04356736 0.32699660 0.34990838
v 0.06363418 0.32391074 0.28428970
v 0.06363418 0.32391074 0.30615589
v 0.08327238 0.31897752 0.28427997
v 0.08327238 0.31897752 0.30614681
v 0.06363418 0.32391074 0.32802273
v 0.06363418 0.32391074 0.34988892
v 0.08327238 0.31897752 0.32801300
v 0.08327238 0.31897752 0.34987985
v 0.02436879 0.18924062 0.28428451
v 0.02436879 0.18924062 0.30615135
v 0.04553274 0.18424320 0.28428775
v 0.04553274 0.18424320 0.30615459
v 0.02438306 0.18934825 0.32801754
v 0.02438435 0.18934761 0.34988050
v 0.04553274 0.18424320 0.32802079
v 0.04553274 0.18424320 0.34988763
v 0.06236910 0.17893260 0.28430137
v 0.06237104 0.17893195 0.30616951
v 0.06237623 0.17892936 0.32803635
v 0.06238012 0.17892806 0.34990060
v 0.10208838 0.31237720 0.19681584
v 0.10208838 0.31237720 0.21868204
v 0.13256566 0.29973162 0.19683789
v 0.11753128 0.30595650 0.19682362
v 0.13256566 0.29973162 0.21870408
v 0.11753128 0.30595650 0.21869047
v 0.10208838 0.31237720 0.24054888
v 0.10208838 0.31237720 0.26241507
v 0.13256566 0.29973162 0.24057093
v 0.11753128 0.30595650 0.24055666
v 0.13256566 0.29973162 0.26243712
v 0.11753128 0.30595650 0.26242350
v 0.14755271 0.29352165 0.19685216
v 0.14755271 0.29352165 0.21871835
v 0.17579747 0.28035602 0.19682946
v 0.16257154 0.28730131 0.19684243
v 0.17579747 0.28035602 0.21869630
v 0.16257154 0.28730131 0.21870862
v 0.14755271 0.29352165 0.24058519
v 0.14755271 0.29352165 0.26245138
v 0.17579747 0.28035602 0.24056250
v 0.16257154 0.28730131 0.24057482
v 0.17579747 0.28035602 0.26242869
v 0.16257154 0.28730131 0.26244166
v 0.10208838 0.31237720 0.28428191
v 0.10208838 0.31237720 0.30614811
v 0.13256566 0.29973162 0.28430396
v 0.11753128 0.30595650 0.28428970
v 0.13256566 0.29973162 0.30617015
v 0.11753128 0.30595650 0.30615589
v 0.10208838 0.31237720 0.32801495
v 0.10208838 0.31237720 0.34988114
v 0.13256566 0.29973162 0.32803700
v 0.11753128 0.30595650 0.32802273
v 0.13256566 0.29973162 0.34990319
v 0.11753128 0.30595650 0.34988892
v 0.14755271 0.29352165 0.28431823
v 0.14755271 0.29352165 0.30618442
v 0.17579747 0.28035602 0.28429553
v 0.16257154 0.28730131 0.28430785
v 0.17579747 0.28035602 0.30616173
v 0.16257154 0.28730131 0.30617469
v 0.14755271 0.29352165 0.32805126
v 0.14755271 0.29352165 0.34991746
v 0.17579747 0.28035602 0.32802857
v 0.16257154 0.28730131 0.32804089
v 0.17579747 0.28035602 0.34989476
v 0.16257154 0.28730131 0.34990773
v 0.07554445 0.16847156 0.19663104
v 0.09009446 0.15956479 0.19669848
v 0.07730428 0.17275830 0.21884155
v 0.09253060 0.16566582 0.21889018
v 0.07734059 0.17272588 0.24057806
v 0.09256561 0.16561330 0.24056120
v 0.07733994 0.17272588 0.26244490
v 0.09256496 0.16561330 0.26242804
v 0.07733994 0.17272588 0.28431109
v 0.09256496 0.16561330 0.28429488
v 0.07734188 0.17272523 0.30617923
v 0.09256496 0.16561330 0.30616108
v 0.07738663 0.17282314 0.32804413
v 0.09260841 0.16571251 0.32802922
v 0.07743137 0.17292170 0.34990903
v 0.09261554 0.16570992 0.34989217
v 0.10698529 0.15384957 0.19660251
v 0.10858236 0.15698017 0.21885063
v 0.11996222 0.14380417 0.19659927
v 0.13120397 0.13434818 0.19667514
v 0.12277639 0.14751381 0.21883442
v 0.13449213 0.13851561 0.21886489
v 0.10856615 0.15696461 0.24055212
v 0.10862840 0.15705344 0.26243193
v 0.12279390 0.14747490 0.24055018
v 0.13450834 0.13846957 0.24055536
v 0.12285614 0.14756374 0.26242934
v 0.13450834 0.13847022 0.26242221
v 0.14416534 0.12311227 0.19665892
v 0.15566257 0.11139004 0.19671534
v 0.14779198 0.12789570 0.21889537
v 0.16009650 0.11615143 0.21892325
v 0.16645366 0.09960167 0.19665698
v 0.17666376 0.08742749 0.19670561
v 0.17156584 0.10359403 0.21893752
v 0.18127666 0.09092445 0.21890056
v 0.14780301 0.12784642 0.24056768
v 0.16009650 0.11610280 0.24057546
v 0.14780236 0.12784642 0.26243517
v 0.16009650 0.11610344 0.26244360
v 0.17154445 0.10355123 0.24058065
v 0.18126304 0.09088489 0.24057482
v 0.17154445 0.10355123 0.26244879
v 0.18126304 0.09088554 0.26244231
v 0.10869324 0.15714033 0.28430655
v 0.10870297 0.15713255 0.30615459
v 0.12285809 0.14756244 0.28429229
v 0.13457059 0.13855906 0.28430137
v 0.12292877 0.14764479 0.30615589
v 0.13463544 0.13864530 0.30617599
v 0.10864785 0.15703853 0.32799744
v 0.10861673 0.15705798 0.34987012
v 0.12286782 0.14755531 0.32801041
v 0.13471130 0.13872311 0.32802403
v 0.12286587 0.14755596 0.34987660
v 0.13472427 0.13871338 0.34986299
v 0.14780236 0.12784642 0.28430202
v 0.16009650 0.11610344 0.28430980
v 0.14780236 0.12784642 0.30616821
v 0.16009650 0.11610344 0.30617664
v 0.17154445 0.10355123 0.28431498
v 0.18126304 0.09088554 0.28430915
v 0.17154445 0.10355123 0.30618183
v 0.18126304 0.09088554 0.30617534
v 0.14786850 0.12793202 0.32803505
v 0.16009650 0.11610344 0.32804283
v 0.14787044 0.12793072 0.34989800
v 0.16016199 0.11618904 0.34990903
v 0.17154445 0.10355123 0.32804802
v 0.18126304 0.09088554 0.32804218
v 0.17154445 0.10355123 0.34991486
v 0.18126304 0.09088554 0.34990838
v 0.19347029 0.25844055 0.13589565
v 0.19534489 0.26539361 0.14305751
v 0.18735305 0.27219235 0.15480827
v 0.18752294 0.27237780 0.17492436
v 0.20281994 0.26039166 0.14480372
v 0.21302031 0.25117235 0.14208422
v 0.21307608 0.25270588 0.15614532
v 0.20029237 0.26259566 0.15625166
v 0.21288414 0.25302101 0.17491593
v 0.19998308 0.26287513 0.17491334
v 0.19637524 0.24049538 0.13542554
v 0.19641674 0.21865967 0.13542295
v 0.21627281 0.23794772 0.13565962
v 0.21825829 0.21863697 0.13542360
v 0.19641674 0.19679347 0.13542295
v 0.19641674 0.17492663 0.13542295
v 0.21828293 0.19679347 0.13542295
v 0.21828293 0.17492663 0.13542295
v 0.22709373 0.24150628 0.14458325
v 0.23633185 0.23186225 0.14112974
v 0.23729411 0.23404226 0.15570763
v 0.22473800 0.24373686 0.15570958
v 0.23865840 0.21720330 0.13560905
v 0.23719231 0.23436971 0.17495160
v 0.22457201 0.24404746 0.17492760
v 0.25060498 0.22304302 0.14453332
v 0.25720530 0.21186287 0.14053319
v 0.25866815 0.21578585 0.15495481
v 0.24828297 0.22544090 0.15496908
v 0.25885943 0.21591553 0.17496586
v 0.24843470 0.22556086 0.17495873
v 0.24013227 0.19678504 0.13542295
v 0.24014977 0.17492663 0.13542295
v 0.26007912 0.19547522 0.13560451
v 0.26198614 0.17490977 0.13542360
v 0.26997344 0.20159506 0.14447950
v 0.27750879 0.18905387 0.14145784
v 0.27674041 0.19316424 0.15492498
v 0.26799120 0.20504987 0.15491980
v 0.28106800 0.17288409 0.13572965
v 0.27704192 0.19337951 0.17492825
v 0.26822464 0.20521457 0.17492695
v 0.28888800 0.17701261 0.14466755
v 0.29314556 0.16986048 0.14297451
v 0.29703936 0.16714618 0.15621340
v 0.28715930 0.17964263 0.15611679
v 0.29659065 0.16785815 0.17497040
v 0.28686816 0.18053745 0.17494122
v 0.19198929 0.10807140 0.12836419
v 0.19641350 0.15305784 0.13542295
v 0.19658857 0.13147501 0.13550335
v 0.21828293 0.15306044 0.13542295
v 0.21828034 0.13119165 0.13542295
v 0.21841716 0.10958353 0.13548390
v 0.21319863 0.08554381 0.12899900
v 0.24014977 0.15306044 0.13542295
v 0.24014977 0.13119360 0.13542295
v 0.26201597 0.15306044 0.13542295
v 0.26201597 0.13119360 0.13542295
v 0.24014783 0.10932610 0.13542295
v 0.24020165 0.08758052 0.13544824
v 0.26201597 0.10932740 0.13542295
v 0.26201532 0.08746056 0.13542295
v 0.19395532 0.05646389 0.18562597
v 0.19391965 0.04555608 0.18191633
v 0.20117877 0.02269910 0.17994836
v 0.19591615 -0.00018772 0.17433300
v 0.21475744 0.01160389 0.18563375
v 0.21387818 0.00064551 0.18181258
v 0.24200557 0.01951662 0.12664262
v 0.23441121 0.04248968 0.12829870
v 0.24451043 -0.00114350 0.12676712
v 0.24051484 0.06585309 0.13557144
v 0.26201013 0.06559177 0.13542295
v 0.26208405 0.04386499 0.13545861
v 0.26231165 0.02200074 0.13553837
v 0.26245690 -0.00000940 0.13557857
v 0.28384974 0.15311555 0.13545278
v 0.28387632 0.13119100 0.13542295
v 0.30382123 0.14980664 0.14032180
v 0.30619577 0.15509455 0.15472332
v 0.30491837 0.13104770 0.13554226
v 0.30652128 0.15527286 0.17497624
v 0.28388281 0.10932740 0.13542295
v 0.28388281 0.08746056 0.13542295
v 0.30570750 0.10931897 0.13542360
v 0.30573603 0.08745408 0.13542295
v 0.31696870 0.13941887 0.14443087
v 0.32120811 0.12597442 0.14146173
v 0.32194212 0.13191724 0.15494833
v 0.31525232 0.14276734 0.15487700
v 0.32223845 0.13206443 0.17493149
v 0.31547603 0.14295149 0.17496327
v 0.32312355 0.10754164 0.13588398
v 0.32639810 0.08705854 0.13568167
v 0.32976278 0.11442467 0.14471229
v 0.33346723 0.10431054 0.14312040
v 0.33542288 0.10194249 0.15625296
v 0.32890880 0.11713314 0.15610447
v 0.33867927 0.08624022 0.14160828
v 0.34256529 0.08481693 0.15486663
v 0.33510645 0.10314856 0.17494446
v 0.32880052 0.11851559 0.17489907
v 0.34273647 0.08483379 0.17495484
v 0.28388281 0.06559437 0.13542295
v 0.28388151 0.04372688 0.13542295
v 0.30574900 0.06559437 0.13542295
v 0.30574900 0.04372752 0.13542295
v 0.28387827 0.02186003 0.13542295
v 0.28387503 -0.00000616 0.13542295
v 0.30574900 0.02186133 0.13542295
v 0.30574900 -0.00000551 0.13542295
v 0.32755100 0.06569811 0.13551762
v 0.32758667 0.04373660 0.13542360
v 0.34621398 0.06208444 0.14120366
v 0.34886603 0.06982599 0.15473564
v 0.34658163 0.04291764 0.13585221
v 0.34913124 0.06998096 0.17496262
v 0.32759315 0.02185744 0.13542295
v 0.32760547 -0.00000875 0.13542295
v 0.34759577 0.02164216 0.13576207
v 0.34853663 -0.00012093 0.13575235
v 0.18752034 0.27238039 0.19680936
v 0.18752034 0.27238039 0.21867620
v 0.21288025 0.25302490 0.19679509
v 0.19998113 0.26287643 0.19680158
v 0.21288025 0.25302490 0.21866129
v 0.19998113 0.26287643 0.21866842
v 0.18752034 0.27238039 0.24054239
v 0.18752034 0.27238039 0.26240924
v 0.21288025 0.25302490 0.24052813
v 0.19998113 0.26287643 0.24053461
v 0.21288025 0.25302490 0.26239432
v 0.19998113 0.26287643 0.26240146
v 0.23718971 0.23437230 0.19683335
v 0.22457136 0.24404875 0.19680482
v 0.23718971 0.23437230 0.21870019
v 0.22457136 0.24404875 0.21867101
v 0.25886138 0.21591488 0.19683659
v 0.24843405 0.22556215 0.19683659
v 0.25886138 0.21591423 0.21870343
v 0.24843405 0.22556215 0.21870279
v 0.23718971 0.23437230 0.24056639
v 0.22457136 0.24404875 0.24053786
v 0.23718971 0.23437230 0.26243323
v 0.22457136 0.24404875 0.26240405
v 0.25886138 0.21591423 0.24056963
v 0.24843405 0.22556215 0.24056963
v 0.25886138 0.21591423 0.26243647
v 0.24843405 0.22556215 0.26243582
v 0.18752034 0.27238039 0.28427543
v 0.18752034 0.27238039 0.30614227
v 0.21288025 0.25302490 0.28426116
v 0.19998113 0.26287643 0.28426765
v 0.21288025 0.25302490 0.30612736
v 0.19998113 0.26287643 0.30613449
v 0.18752034 0.27238039 0.32800847
v 0.18752034 0.27238039 0.34987531
v 0.21288025 0.25302490 0.32799420
v 0.19998113 0.26287643 0.32800068
v 0.21288025 0.25302490 0.34986039
v 0.19998113 0.26287643 0.34986753
v 0.23718971 0.23437230 0.28429942
v 0.22457136 0.24404875 0.28427089
v 0.23718971 0.23437230 0.30616626
v 0.22457136 0.24404875 0.30613708
v 0.25886138 0.21591423 0.28430266
v 0.24843405 0.22556215 0.28430266
v 0.25886138 0.21591423 0.30616951
v 0.24843405 0.22556215 0.30616886
v 0.23718971 0.23437230 0.32803246
v 0.22457136 0.24404875 0.32800393
v 0.23718971 0.23437230 0.34989865
v 0.22457136 0.24404875 0.34987012
v 0.25886138 0.21591423 0.32803570
v 0.24843405 0.22556215 0.32803570
v 0.25886138 0.21591423 0.34990254
v 0.24843405 0.22556215 0.34990189
v 0.27703414 0.19338794 0.19682752
v 0.26821945 0.20522105 0.19681973
v 0.27703479 0.19338794 0.21869371
v 0.26821945 0.20522105 0.21868593
v 0.29659454 0.16785426 0.19684243
v 0.28686946 0.18053486 0.19682298
v 0.29659454 0.16785426 0.21870862
v 0.28686946 0.18053486 0.21868982
v 0.27703479 0.19338794 0.24056055
v 0.26821945 0.20522105 0.24055277
v 0.27712038 0.19345408 0.26242674
v 0.26821945 0.20522105 0.26241896
v 0.29659454 0.16785426 0.24057546
v 0.28686946 0.18053486 0.24055601
v 0.29659454 0.16785426 0.26244166
v 0.28695505 0.18060035 0.26242285
v 0.27720403 0.19352217 0.28429683
v 0.26821945 0.20522105 0.28428581
v 0.27720208 0.19352411 0.30616691
v 0.26821945 0.20522105 0.30615200
v 0.29668013 0.16791975 0.28430850
v 0.28695375 0.18060294 0.28429294
v 0.29676442 0.16798783 0.30617858
v 0.28703934 0.18066844 0.30615913
v 0.27720338 0.19352217 0.32803505
v 0.26821945 0.20522105 0.32801884
v 0.27720792 0.19351698 0.34990189
v 0.26821945 0.20522105 0.34988503
v 0.29676248 0.16799043 0.32804867
v 0.28703869 0.18066908 0.32803116
v 0.29667818 0.16792234 0.34991681
v 0.28695570 0.18059970 0.34989606
v 0.18608862 0.07620779 0.19655129
v 0.19584807 0.06222580 0.19665179
v 0.19025540 0.07921972 0.21887981
v 0.19927305 0.06505293 0.21880394
v 0.20465174 0.04760705 0.19653572
v 0.20755085 0.04894151 0.21877022
v 0.20894820 0.03111695 0.19666995
v 0.21686742 0.01689569 0.19665828
v 0.21439433 0.03349862 0.21889278
v 0.22061986 0.01844218 0.21885128
v 0.19024568 0.07918471 0.24057028
v 0.19938069 0.06487397 0.24055990
v 0.19024568 0.07918471 0.26243712
v 0.19937874 0.06487656 0.26242804
v 0.20765070 0.04877357 0.24055796
v 0.20764876 0.04877681 0.26242545
v 0.21437617 0.03344999 0.24056314
v 0.22059975 0.01842273 0.24057741
v 0.21437617 0.03345063 0.26243063
v 0.22059975 0.01842273 0.26244490
v 0.22344893 0.00099047 0.19653118
v 0.22553492 0.00173746 0.21878578
v 0.22552843 0.00171865 0.24057611
v 0.22552843 0.00171865 0.26244295
v 0.19024568 0.07918471 0.28430396
v 0.19937874 0.06487656 0.28429488
v 0.19024568 0.07918471 0.30617015
v 0.19937874 0.06487656 0.30616108
v 0.20764876 0.04877681 0.28429164
v 0.20764876 0.04877681 0.30615848
v 0.21437617 0.03345063 0.28429683
v 0.22059975 0.01842273 0.28431109
v 0.21437617 0.03345063 0.30616367
v 0.22059975 0.01842273 0.30617794
v 0.19024568 0.07918471 0.32803700
v 0.19937874 0.06487656 0.32802792
v 0.19024568 0.07918471 0.34990319
v 0.19937874 0.06487656 0.34989411
v 0.20764876 0.04877681 0.32802468
v 0.20764876 0.04877681 0.34989152
v 0.21437617 0.03345063 0.32802986
v 0.22059975 0.01842273 0.32804413
v 0.21437617 0.03345063 0.34989671
v 0.22059975 0.01842273 0.34991097
v 0.22552843 0.00171865 0.28430915
v 0.22552843 0.00171865 0.30617599
v 0.22552843 0.00171865 0.32804218
v 0.22552843 0.00171865 0.34990903
v 0.30651544 0.15527870 0.19685540
v 0.30651544 0.15527870 0.21872159
v 0.30651544 0.15527870 0.24058843
v 0.30651544 0.15527870 0.26245463
v 0.32233377 0.13212344 0.19681066
v 0.31547668 0.14294825 0.19684373
v 0.32232794 0.13213835 0.21869176
v 0.31547668 0.14294825 0.21870992
v 0.33520890 0.10318552 0.19678666
v 0.32890297 0.11854217 0.19677045
v 0.34283957 0.08485584 0.19680871
v 0.33540473 0.10326787 0.21865221
v 0.32899894 0.11859664 0.21864248
v 0.34294397 0.08488048 0.21867879
v 0.32232794 0.13213835 0.24055796
v 0.31547668 0.14294825 0.24057676
v 0.32232794 0.13213835 0.26242480
v 0.31547668 0.14294825 0.26244295
v 0.33539824 0.10328927 0.24054499
v 0.32899310 0.11861220 0.24052294
v 0.34294267 0.08488631 0.24055731
v 0.33539824 0.10328927 0.26241118
v 0.32899310 0.11861220 0.26238978
v 0.34294267 0.08488631 0.26242415
v 0.34912540 0.06999069 0.19684567
v 0.34912540 0.06999069 0.21871251
v 0.34912540 0.06999069 0.24057871
v 0.34912540 0.06999069 0.26244555
v 0.30651544 0.15527870 0.28432147
v 0.30651544 0.15527870 0.30618766
v 0.30651544 0.15527870 0.32805450
v 0.30651544 0.15527870 0.34992070
v 0.32232794 0.13213835 0.28429099
v 0.31547668 0.14294825 0.28430980
v 0.32232794 0.13213835 0.30615783
v 0.31547668 0.14294825 0.30617599
v 0.33539889 0.10328732 0.28427997
v 0.32899375 0.11861026 0.28425792
v 0.34294267 0.08488631 0.28429034
v 0.33529968 0.10324258 0.30614422
v 0.32899504 0.11860442 0.30612476
v 0.34284346 0.08484352 0.30615913
v 0.32232794 0.13213835 0.32802403
v 0.31547668 0.14294825 0.32804283
v 0.32232794 0.13213835 0.34989087
v 0.31547668 0.14294825 0.34990903
v 0.33520112 0.10319719 0.32800911
v 0.32899569 0.11860053 0.32798901
v 0.34284541 0.08483573 0.32802208
v 0.33520307 0.10319006 0.34987207
v 0.32899569 0.11860053 0.34985586
v 0.34274685 0.08478905 0.34988828
v 0.34912540 0.06999069 0.28431174
v 0.34912540 0.06999069 0.30617858
v 0.34902555 0.06994984 0.32804478
v 0.34892634 0.06990639 0.34990773
v 0.02837346 0.32899764 0.37176744
v 0.01309981 0.33100840 0.37176031
v 0.02837346 0.32899764 0.39363428
v 0.01309981 0.33100840 0.39362650
v 0.04356736 0.32699660 0.37177522
v 0.04356736 0.32699660 0.39364141
v 0.02837346 0.32899764 0.41550047
v 0.01309981 0.33100840 0.41549334
v 0.02837346 0.32899764 0.43736732
v 0.01309981 0.33100840 0.43735953
v 0.04356736 0.32699660 0.41550826
v 0.04356736 0.32699660 0.43737445
v 0.06363418 0.32391074 0.37175577
v 0.06363418 0.32391074 0.39362196
v 0.08327238 0.31897752 0.37174604
v 0.08327238 0.31897752 0.39361288
v 0.06363418 0.32391074 0.41548880
v 0.06363418 0.32391074 0.43735500
v 0.08327238 0.31897752 0.41547908
v 0.08327238 0.31897752 0.43734592
v 0.02437074 0.18924062 0.37174734
v 0.02436879 0.18924062 0.39361742
v 0.04553274 0.18424320 0.37175382
v 0.04553274 0.18424320 0.39362066
v 0.02436879 0.18924062 0.41548361
v 0.02436879 0.18924062 0.43735046
v 0.04553274 0.18424320 0.41548686
v 0.04553274 0.18424320 0.43735305
v 0.06238012 0.17892806 0.37176744
v 0.06237818 0.17892871 0.39363169
v 0.06237299 0.17893130 0.41549853
v 0.06236910 0.17893260 0.43736667
v 0.02837541 0.32899764 0.45922508
v 0.01312964 0.33100192 0.45922832
v 0.02827490 0.32860858 0.47992346
v 0.01296753 0.33069586 0.47973542
v 0.04357125 0.32699660 0.45922508
v 0.04355050 0.32670870 0.47986510
v 0.02076160 0.32361052 0.49478796
v 0.00900890 0.33100451 0.49022564
v 0.02164800 0.30605830 0.49996693
v 0.04359460 0.32002214 0.49356243
v 0.04346232 0.30583070 0.49982428
v 0.02152480 0.28421545 0.50000000
v 0.02152609 0.26235120 0.49989171
v 0.04339683 0.28422194 0.50000000
v 0.04339099 0.26234796 0.50000000
v 0.06363807 0.32391009 0.45920757
v 0.06360500 0.32359172 0.47987937
v 0.08327498 0.31897752 0.45920109
v 0.08325876 0.31872529 0.47977627
v 0.06437208 0.31824545 0.49343080
v 0.06508470 0.30507788 0.49975295
v 0.08506787 0.31529706 0.49337309
v 0.08631090 0.30385819 0.49978667
v 0.06526367 0.28423036 0.50000000
v 0.06526108 0.26234926 0.50000000
v 0.08712403 0.28422518 0.50000000
v 0.08712727 0.26234926 0.50000000
v 0.02437852 0.18923867 0.45921406
v 0.02442196 0.18942412 0.47974255
v 0.04553987 0.18424061 0.45921146
v 0.04577460 0.18453759 0.47991957
v 0.02152609 0.24048501 0.49989171
v 0.02153323 0.21867523 0.49999870
v 0.04338905 0.24048306 0.50000000
v 0.04340137 0.21864994 0.49999935
v 0.02262388 0.20117748 0.49964012
v 0.01610396 0.19257547 0.49331603
v 0.04439281 0.19924647 0.49983011
v 0.03770301 0.18964329 0.49342302
v 0.06237364 0.17893001 0.45922378
v 0.06256492 0.17910314 0.47969262
v 0.06526108 0.24048306 0.50000000
v 0.06526497 0.21862530 0.50000000
v 0.08712727 0.24048306 0.50000000
v 0.08712727 0.21861622 0.50000000
v 0.06547830 0.19745033 0.49996304
v 0.06548997 0.18226421 0.49476462
v 0.08713246 0.19678764 0.49999935
v 0.08885338 0.17856948 0.49971080
v 0.10208838 0.31237720 0.37174799
v 0.10208838 0.31237720 0.39361418
v 0.13256566 0.29973162 0.37177003
v 0.11753128 0.30595650 0.37175577
v 0.13256566 0.29973162 0.39363623
v 0.11753128 0.30595650 0.39362196
v 0.10208838 0.31237720 0.41548102
v 0.10208838 0.31237656 0.43734721
v 0.13256566 0.29973162 0.41550307
v 0.11753128 0.30595650 0.41548880
v 0.13256566 0.29973162 0.43736926
v 0.11753128 0.30595650 0.43735500
v 0.14755271 0.29352165 0.37178430
v 0.14755271 0.29352165 0.39365049
v 0.17579747 0.28035602 0.37176160
v 0.16257154 0.28730131 0.37177392
v 0.17579747 0.28035602 0.39362780
v 0.16257154 0.28730131 0.39364076
v 0.14755271 0.29352165 0.41551733
v 0.14755271 0.29352100 0.43738353
v 0.17579747 0.28035602 0.41549464
v 0.16257154 0.28730131 0.41550696
v 0.17579747 0.28035602 0.43736083
v 0.16257154 0.28730131 0.43737380
v 0.10210200 0.31237137 0.45921081
v 0.10210784 0.31221056 0.47959017
v 0.13256890 0.29972967 0.45922119
v 0.11754619 0.30594937 0.45921535
v 0.13241458 0.29935423 0.47994810
v 0.11739640 0.30566146 0.47975098
v 0.10448367 0.31024324 0.49323239
v 0.10679660 0.30085210 0.49965309
v 0.12664424 0.29858131 0.49479963
v 0.11348316 0.30707049 0.49018155
v 0.10897466 0.28419924 0.49999870
v 0.10899411 0.26234926 0.50000000
v 0.13047125 0.28309303 0.49996109
v 0.13086225 0.26235315 0.50000000
v 0.14756957 0.29351581 0.45924259
v 0.14633627 0.29387115 0.47838086
v 0.17580006 0.28035408 0.45921730
v 0.16258840 0.28729417 0.45923351
v 0.17570733 0.28006942 0.47980350
v 0.16125070 0.28761644 0.47841133
v 0.14844170 0.29139611 0.49195564
v 0.15129218 0.28042735 0.49975165
v 0.15272520 0.26235769 0.49999935
v 0.16960890 0.27888540 0.49381143
v 0.15851823 0.28841076 0.49023666
v 0.17442734 0.26181042 0.49990922
v 0.10899411 0.24048306 0.50000000
v 0.10899411 0.21861622 0.50000000
v 0.13086030 0.24048306 0.50000000
v 0.13086030 0.21861622 0.50000000
v 0.10899930 0.19676040 0.50000000
v 0.10951609 0.17560488 0.49990922
v 0.13086030 0.19675003 0.50000000
v 0.13086679 0.17490458 0.50000000
v 0.15272715 0.24048306 0.50000000
v 0.15272715 0.21861622 0.50000000
v 0.17460112 0.24049798 0.49999935
v 0.17459334 0.21861687 0.50000000
v 0.15272715 0.19675003 0.50000000
v 0.15272715 0.17488383 0.50000000
v 0.17459334 0.19675003 0.50000000
v 0.17459334 0.17488383 0.50000000
v 0.07743655 0.17291975 0.37177003
v 0.09266028 0.16580848 0.37175706
v 0.07743526 0.17292040 0.39363493
v 0.09266223 0.16580783 0.39362002
v 0.07738987 0.17282249 0.41550307
v 0.09261878 0.16570862 0.41548491
v 0.07734513 0.17272393 0.43737121
v 0.09261165 0.16571121 0.43735500
v 0.07734837 0.17272263 0.45924064
v 0.09257339 0.16561006 0.45921471
v 0.07737690 0.17283740 0.47957461
v 0.09279386 0.16582858 0.47984695
v 0.08439156 0.17090445 0.49319607
v 0.07471576 0.17440919 0.49024639
v 0.10864980 0.15716367 0.37174863
v 0.10865174 0.15716367 0.39361159
v 0.12280297 0.14746842 0.37173502
v 0.13465359 0.13863103 0.37173242
v 0.12279325 0.14747555 0.39361677
v 0.13457837 0.13855192 0.39361418
v 0.10865174 0.15716367 0.41547778
v 0.10861024 0.15706381 0.43734462
v 0.12279325 0.14747555 0.41548297
v 0.13450899 0.13846957 0.41548297
v 0.12279325 0.14747555 0.43734981
v 0.13450445 0.13847346 0.43735435
v 0.14793658 0.12801631 0.37176420
v 0.16023007 0.11627268 0.37177198
v 0.14787304 0.12792877 0.39362715
v 0.16023267 0.11627139 0.39363493
v 0.17154445 0.10355123 0.37178106
v 0.18126304 0.09088554 0.37177522
v 0.17154445 0.10355123 0.39364790
v 0.18126304 0.09088554 0.39364141
v 0.14786590 0.12793591 0.41549334
v 0.16016329 0.11618969 0.41549918
v 0.14817585 0.12735946 0.43750024
v 0.16047583 0.11560870 0.43750608
v 0.17154445 0.10355123 0.41551409
v 0.18126304 0.09088554 0.41550826
v 0.17154250 0.10355318 0.43737704
v 0.18126304 0.09088554 0.43737445
v 0.10857328 0.15695942 0.45920692
v 0.10875744 0.15707095 0.47957720
v 0.12279908 0.14747036 0.45920822
v 0.13451029 0.13846828 0.45921471
v 0.12296638 0.14756568 0.47954737
v 0.13468601 0.13855841 0.47960508
v 0.11026567 0.15989938 0.49474127
v 0.13233093 0.15494217 0.49980612
v 0.13550951 0.14021189 0.49449163
v 0.12039472 0.15003099 0.49023926
v 0.14817844 0.12735686 0.45936125
v 0.16009196 0.11610604 0.45923092
v 0.14795992 0.12792359 0.47958887
v 0.16064701 0.11566900 0.47974320
v 0.17192442 0.10305648 0.45937422
v 0.18127277 0.09087322 0.45923221
v 0.17208458 0.10314726 0.47973801
v 0.18144395 0.09095622 0.47965372
v 0.15274141 0.15304812 0.49999935
v 0.15534484 0.13361676 0.49978278
v 0.17459334 0.15301699 0.50000000
v 0.17462252 0.13119035 0.49999805
v 0.15899158 0.11864981 0.49452016
v 0.14520606 0.13057954 0.49020943
v 0.17743409 0.11137513 0.49977954
v 0.18134020 0.09462760 0.49451108
v 0.16958750 0.10697102 0.49021786
v 0.18752034 0.27238039 0.37174150
v 0.18752034 0.27238039 0.39360834
v 0.21288025 0.25302490 0.37172724
v 0.19998113 0.26287643 0.37173372
v 0.21288025 0.25302490 0.39359343
v 0.19998113 0.26287643 0.39360056
v 0.18752034 0.27238039 0.41547454
v 0.18752034 0.27238039 0.43734138
v 0.21288025 0.25302490 0.41546027
v 0.19998113 0.26287643 0.41546676
v 0.21288025 0.25302490 0.43732647
v 0.19998113 0.26287643 0.43733360
v 0.23718971 0.23437230 0.37176549
v 0.22457136 0.24404875 0.37173696
v 0.23718971 0.23437230 0.39363169
v 0.22457136 0.24404875 0.39360316
v 0.25886138 0.21591423 0.37176874
v 0.24843405 0.22556215 0.37176809
v 0.25886138 0.21591423 0.39363558
v 0.24843405 0.22556215 0.39363493
v 0.23718971 0.23437230 0.41549853
v 0.22457136 0.24404875 0.41547000
v 0.23718971 0.23437230 0.43736472
v 0.22457136 0.24404875 0.43733619
v 0.25886138 0.21591423 0.41550177
v 0.24843405 0.22556215 0.41550112
v 0.25886138 0.21591423 0.43736861
v 0.24843405 0.22556215 0.43736796
v 0.18752748 0.27237521 0.45920368
v 0.18681810 0.27282910 0.47824209
v 0.21288803 0.25301842 0.45918942
v 0.19998762 0.26287059 0.45919590
v 0.21274084 0.25279277 0.47967187
v 0.19914077 0.26325057 0.47838345
v 0.18993249 0.26941709 0.49189274
v 0.19354421 0.25823565 0.49962975
v 0.20900915 0.25409870 0.49358124
v 0.19653670 0.26495917 0.49011411
v 0.19641479 0.24046426 0.49999741
v 0.19646018 0.21861687 0.50000000
v 0.21629810 0.23772466 0.49989496
v 0.21829720 0.21859418 0.49999870
v 0.19646018 0.19675003 0.50000000
v 0.19646018 0.17488383 0.50000000
v 0.21832638 0.19675003 0.50000000
v 0.21832638 0.17488383 0.50000000
v 0.23719879 0.23436517 0.45922378
v 0.22458044 0.24404162 0.45919655
v 0.23703215 0.23408894 0.47974644
v 0.22439693 0.24378031 0.47968095
v 0.25886786 0.21590645 0.45922832
v 0.24844313 0.22555437 0.45922638
v 0.25870511 0.21568729 0.47972504
v 0.24828621 0.22533261 0.47968419
v 0.23310658 0.23416546 0.49464336
v 0.22102707 0.24586045 0.49036505
v 0.23876603 0.21701915 0.49987226
v 0.25503502 0.21402407 0.49469394
v 0.24499545 0.22733689 0.49035532
v 0.24017376 0.19674549 0.50000000
v 0.24019257 0.17488383 0.50000000
v 0.26023928 0.19535462 0.49980871
v 0.26202894 0.17487216 0.49999935
v 0.27721051 0.19351374 0.37176679
v 0.26821945 0.20522105 0.37175188
v 0.27721051 0.19351374 0.39363298
v 0.26821945 0.20522105 0.39361807
v 0.29668337 0.16791326 0.37178170
v 0.28687270 0.18052838 0.37176290
v 0.29651672 0.16777450 0.39364466
v 0.28687918 0.18051670 0.39362391
v 0.27721051 0.19351374 0.41549918
v 0.26821945 0.20522105 0.41548491
v 0.27721051 0.19351309 0.43736602
v 0.26821945 0.20522105 0.43735111
v 0.29643373 0.16770317 0.41550566
v 0.28688048 0.18051281 0.41548815
v 0.29643697 0.16769799 0.43736667
v 0.28688113 0.18051281 0.43735500
v 0.27721376 0.19350920 0.45922313
v 0.26822593 0.20521327 0.45921211
v 0.27697773 0.19324788 0.47969457
v 0.26799056 0.20494872 0.47967706
v 0.29644021 0.16769085 0.45923092
v 0.28688567 0.18050309 0.45921730
v 0.29626773 0.16748271 0.47989169
v 0.28676441 0.18042982 0.47958693
v 0.27488332 0.19256250 0.49459408
v 0.26551617 0.20752426 0.49024963
v 0.28113089 0.17265714 0.49967838
v 0.28919795 0.17495257 0.49324536
v 0.28424787 0.18311948 0.49009855
v 0.19024568 0.07918471 0.37177003
v 0.19937874 0.06487656 0.37176095
v 0.19024568 0.07918471 0.39363623
v 0.19937874 0.06487656 0.39362715
v 0.20764876 0.04877681 0.37175771
v 0.20764876 0.04877681 0.39362455
v 0.21437617 0.03345063 0.37176290
v 0.22059975 0.01842273 0.37177716
v 0.21437617 0.03345063 0.39362974
v 0.22059975 0.01842273 0.39364336
v 0.19024568 0.07918471 0.41550307
v 0.19937874 0.06487656 0.41549334
v 0.19024568 0.07918471 0.43736926
v 0.19937874 0.06487656 0.43736018
v 0.20764876 0.04877681 0.41549075
v 0.20764876 0.04877616 0.43735759
v 0.21437617 0.03345063 0.41549594
v 0.22059975 0.01842273 0.41551020
v 0.21437617 0.03345063 0.43736278
v 0.22059975 0.01842273 0.43737639
v 0.22552843 0.00171865 0.37177522
v 0.22552843 0.00171865 0.39364206
v 0.22552843 0.00171865 0.41550826
v 0.22552843 0.00171865 0.43737510
v 0.19646018 0.15301699 0.50000000
v 0.19646018 0.13115080 0.50000000
v 0.21832638 0.15301699 0.50000000
v 0.21832638 0.13115080 0.50000000
v 0.19648158 0.10931314 0.49999870
v 0.19829587 0.08873277 0.49974711
v 0.21832638 0.10928396 0.50000000
v 0.21832119 0.08742101 0.49999935
v 0.24019322 0.15301699 0.50000000
v 0.24019322 0.13115080 0.50000000
v 0.26205876 0.15301699 0.50000000
v 0.26205941 0.13115080 0.50000000
v 0.24019322 0.10928396 0.50000000
v 0.24019257 0.08741776 0.50000000
v 0.26205941 0.10928396 0.50000000
v 0.26205941 0.08741776 0.50000000
v 0.19025346 0.07917498 0.45922767
v 0.19938069 0.06487332 0.45921081
v 0.19048041 0.07932282 0.47959276
v 0.19969712 0.06501467 0.47977756
v 0.20765395 0.04876190 0.45921795
v 0.20776158 0.04874050 0.47955969
v 0.21438265 0.03343637 0.45922313
v 0.22060105 0.01842014 0.45922703
v 0.21460182 0.03354530 0.47965112
v 0.22091165 0.01854334 0.47985213
v 0.20054785 0.07023839 0.49478536
v 0.18839572 0.08269723 0.49016404
v 0.21902084 0.06604308 0.49985410
v 0.22139408 0.04508144 0.49959214
v 0.21043958 0.04675567 0.49309362
v 0.22319410 0.02494459 0.49473998
v 0.21323170 0.03746568 0.49014070
v 0.22552908 0.00171735 0.45922378
v 0.22571064 0.00173162 0.47974644
v 0.24018284 0.06554573 0.49999935
v 0.24018803 0.04368992 0.49999935
v 0.26205941 0.06555092 0.50000000
v 0.26205941 0.04368473 0.50000000
v 0.24059978 0.02190024 0.49991635
v 0.24207171 0.00067987 0.49974647
v 0.22971207 0.00090293 0.49341913
v 0.26205747 0.02181724 0.50000000
v 0.26206460 -0.00004442 0.49999935
v 0.30642985 0.15521321 0.37178754
v 0.30625672 0.15508223 0.39365373
v 0.30625672 0.15507963 0.41551344
v 0.30608489 0.15494606 0.43737575
v 0.32232794 0.13213835 0.37175706
v 0.31547668 0.14294825 0.37177587
v 0.32232794 0.13213835 0.39362326
v 0.31547343 0.14295279 0.39364401
v 0.33520436 0.10318422 0.37173826
v 0.32899569 0.11860053 0.37172205
v 0.34264893 0.08474171 0.37174928
v 0.33520566 0.10318033 0.39360316
v 0.32899569 0.11860053 0.39358889
v 0.34255102 0.08469762 0.39361418
v 0.32232470 0.13214289 0.41549204
v 0.31538590 0.14288924 0.41550826
v 0.32231951 0.13215002 0.43735824
v 0.31521277 0.14276085 0.43737315
v 0.33520566 0.10318033 0.41547000
v 0.32899569 0.11860053 0.41545508
v 0.34255362 0.08469243 0.41547583
v 0.33520566 0.10318033 0.43733619
v 0.32899569 0.11860053 0.43732193
v 0.34255362 0.08469243 0.43734203
v 0.34882453 0.06986943 0.37177457
v 0.34882259 0.06987397 0.39363752
v 0.34862223 0.06979097 0.41550047
v 0.34852561 0.06974429 0.43735953
v 0.30600708 0.15487084 0.45923416
v 0.30590916 0.15469123 0.47970170
v 0.28391912 0.15302866 0.49996823
v 0.28391653 0.13114691 0.50000000
v 0.30134360 0.15248528 0.49478731
v 0.30503573 0.13091023 0.49988328
v 0.28392560 0.10928396 0.50000000
v 0.28392560 0.08741776 0.50000000
v 0.30574381 0.10927682 0.49999935
v 0.30577559 0.08740998 0.49999935
v 0.32223456 0.13208129 0.45921600
v 0.31521990 0.14275242 0.45922249
v 0.32206403 0.13172660 0.47839318
v 0.31499684 0.14250991 0.47965112
v 0.33520761 0.10317125 0.45919460
v 0.32899829 0.11859340 0.45918488
v 0.34255491 0.08468660 0.45920433
v 0.33498390 0.10312132 0.47975746
v 0.32887184 0.11845463 0.47823237
v 0.34241615 0.08452255 0.47993254
v 0.31941262 0.12938968 0.49358513
v 0.31263852 0.14503812 0.49037932
v 0.32314690 0.10740158 0.49958501
v 0.32635401 0.08692755 0.49984827
v 0.33063037 0.11163255 0.49184735
v 0.32728126 0.12126491 0.49007974
v 0.33612189 0.09209939 0.49343794
v 0.28392560 0.06555092 0.50000000
v 0.28392560 0.04368473 0.50000000
v 0.30579180 0.06555027 0.50000000
v 0.30579245 0.04368473 0.50000000
v 0.28392560 0.02181789 0.50000000
v 0.28392560 -0.00004831 0.50000000
v 0.30579245 0.02181789 0.50000000
v 0.30579245 -0.00004831 0.50000000
v 0.34852950 0.06973586 0.45922249
v 0.34845364 0.06956597 0.47963037
v 0.32755749 0.06557491 0.49996758
v 0.32761325 0.04368149 0.49999935
v 0.34413966 0.06611765 0.49472117
v 0.34649345 0.04277758 0.49962262
v 0.32762881 0.02181270 0.49999935
v 0.32764502 -0.00005285 0.50000000
v 0.34755751 0.02158575 0.49971664
v 0.34850356 -0.00016697 0.49972896
v 0.35660434 0.05071949 0.14459946
v 0.35781949 0.04033302 0.14306788
v 0.36068877 0.03826584 0.15613430
v 0.35572961 0.05346492 0.15606945
v 0.36027767 0.03951017 0.17491334
v 0.35538011 0.05483440 0.17492890
v 0.35998847 0.02079467 0.14164588
v 0.36466102 0.01987909 0.15480956
v 0.36191559 -0.00028693 0.14164978
v 0.36745963 -0.00050610 0.15483485
v 0.36486398 0.01987780 0.17492890
v 0.36755170 -0.00052166 0.17495678
v 0.36027507 0.03952119 0.19680482
v 0.35537493 0.05484218 0.19682103
v 0.36027507 0.03952119 0.21867166
v 0.35537493 0.05484218 0.21868722
v 0.36486268 0.01988752 0.19680287
v 0.36755105 -0.00051712 0.19681649
v 0.36486268 0.01988947 0.21866777
v 0.36755105 -0.00051777 0.21868333
v 0.36027572 0.03951924 0.24053980
v 0.35537493 0.05484218 0.24055407
v 0.36027572 0.03951535 0.26240405
v 0.35537493 0.05484218 0.26242026
v 0.36486203 0.01989271 0.24053591
v 0.36765804 -0.00050350 0.24054953
v 0.36475440 0.01988039 0.26240081
v 0.36765804 -0.00050156 0.26241961
v 0.36027572 0.03951730 0.28426895
v 0.35537493 0.05484218 0.28428710
v 0.36027507 0.03952119 0.30613708
v 0.35537493 0.05484218 0.30615330
v 0.36475440 0.01988039 0.28426765
v 0.36776503 -0.00048599 0.28428451
v 0.36486203 0.01989077 0.30613190
v 0.36765675 -0.00049248 0.30615459
v 0.36027572 0.03951924 0.32800587
v 0.35537493 0.05484218 0.32802014
v 0.36027572 0.03951535 0.34987012
v 0.35537493 0.05484218 0.34988633
v 0.36486268 0.01988947 0.32800587
v 0.36765610 -0.00049053 0.32801949
v 0.36475634 0.01987002 0.34986688
v 0.36744277 -0.00052231 0.34988957
v 0.36027572 0.03951535 0.37173696
v 0.35537104 0.05484996 0.37175447
v 0.36027248 0.03952314 0.39360510
v 0.35526988 0.05481235 0.39361937
v 0.36475634 0.01987002 0.37173372
v 0.36755105 -0.00051712 0.37174345
v 0.36475569 0.01987002 0.39359473
v 0.36744342 -0.00052749 0.39361677
v 0.36026729 0.03953675 0.41547000
v 0.35506822 0.05473649 0.41548426
v 0.36016549 0.03950303 0.43733619
v 0.35506952 0.05473519 0.43734203
v 0.36475569 0.01987326 0.41546805
v 0.36765804 -0.00050285 0.41547648
v 0.36486333 0.01988363 0.43732776
v 0.36744277 -0.00052231 0.43734981
v 0.36006823 0.03944727 0.45919396
v 0.35497225 0.05468461 0.45920498
v 0.35978033 0.03939929 0.47973931
v 0.35477967 0.05463663 0.47947994
v 0.36486333 0.01988234 0.45919396
v 0.36765869 -0.00050869 0.45920628
v 0.36461109 0.01986613 0.47979702
v 0.36750502 -0.00053203 0.47981906
v 0.35526275 0.04764920 0.49304110
v 0.35323188 0.05738141 0.49023212
v 0.35886021 0.02731977 0.49339449
v 0.36098186 0.00684640 0.49335624
v 0.21512575 -0.02124922 0.18198441
v 0.21607699 -0.04296757 0.18201619
v 0.21616258 -0.06553860 0.18203434
v 0.21529110 -0.08813881 0.18201489
v 0.24546686 -0.02217128 0.12578476
v 0.24684411 -0.04384813 0.12585349
v 0.24685060 -0.06563976 0.12485102
v 0.24691220 -0.08730818 0.12484713
v 0.26250229 -0.02184188 0.13559348
v 0.26196798 -0.04375800 0.13456703
v 0.26189406 -0.06562549 0.13351917
v 0.26198614 -0.08742554 0.13352825
v 0.19594015 -0.13097637 0.17434856
v 0.21434375 -0.10984679 0.18198182
v 0.21271750 -0.13130837 0.18195524
v 0.20065938 -0.15480146 0.18297197
v 0.19176688 -0.17619884 0.18199673
v 0.20740819 -0.14199441 0.17995030
v 0.24657372 -0.10914066 0.12587100
v 0.24500194 -0.13081232 0.12580226
v 0.24471533 -0.15211114 0.12673405
v 0.23588184 -0.17318885 0.12480823
v 0.22943066 -0.18616643 0.12912026
v 0.26099664 -0.10919642 0.13354057
v 0.26145313 -0.13108855 0.13456703
v 0.26247505 -0.15307600 0.13558505
v 0.26238622 -0.17506993 0.13556171
v 0.28387373 -0.02187171 0.13542295
v 0.28390421 -0.04372428 0.13542425
v 0.30574900 -0.02187171 0.13542295
v 0.30574900 -0.04373855 0.13542295
v 0.28395543 -0.06558853 0.13542684
v 0.28397359 -0.08747093 0.13542878
v 0.30574900 -0.06560474 0.13542295
v 0.30574900 -0.08747158 0.13542295
v 0.32761325 -0.02187300 0.13542295
v 0.32761584 -0.04373855 0.13542295
v 0.34929529 -0.02176861 0.13567194
v 0.34950862 -0.04358811 0.13551243
v 0.32761520 -0.06560409 0.13542295
v 0.32761001 -0.08746834 0.13542295
v 0.34942757 -0.06558853 0.13542489
v 0.34918247 -0.08757079 0.13554874
v 0.28395932 -0.10934621 0.13542749
v 0.28392042 -0.13122342 0.13542489
v 0.30574900 -0.10933778 0.13542295
v 0.30574900 -0.13120397 0.13542295
v 0.28388475 -0.15308378 0.13542295
v 0.28387503 -0.17493701 0.13542295
v 0.30574900 -0.15307081 0.13542295
v 0.30574381 -0.17493247 0.13542295
v 0.32759899 -0.10933389 0.13542295
v 0.32758602 -0.13120138 0.13542360
v 0.34858073 -0.10934685 0.13571085
v 0.34774685 -0.13094979 0.13575559
v 0.32757370 -0.15306692 0.13542425
v 0.32756073 -0.17491820 0.13542489
v 0.34684035 -0.15234458 0.13576272
v 0.34513175 -0.17313179 0.13572706
v 0.22420046 -0.19511729 0.12577308
v 0.21957006 -0.21318501 0.13167440
v 0.19978336 -0.22037864 0.13933490
v 0.19038768 -0.19450518 0.18180675
v 0.19593107 -0.21132533 0.17729306
v 0.19920886 -0.22038513 0.15976937
v 0.21542856 -0.21651597 0.15392641
v 0.21486962 -0.21653024 0.17471297
v 0.24019776 -0.19683951 0.13458324
v 0.24262352 -0.21499736 0.13584053
v 0.26218002 -0.19694585 0.13548520
v 0.26231489 -0.21798530 0.13551049
v 0.23700297 -0.22223119 0.14463123
v 0.23420177 -0.22097908 0.15614986
v 0.24800415 -0.22897741 0.15616412
v 0.24553105 -0.22620474 0.14306205
v 0.23291918 -0.22046229 0.17497364
v 0.24694657 -0.22853388 0.17498596
v 0.26122489 -0.23635000 0.15468636
v 0.26727794 -0.23575410 0.14112714
v 0.26103684 -0.23666903 0.17497234
v 0.28387827 -0.19680255 0.13542295
v 0.28388540 -0.21864475 0.13542295
v 0.30572371 -0.19679542 0.13542360
v 0.30570167 -0.21865642 0.13542425
v 0.28523672 -0.23790233 0.13565184
v 0.27905528 -0.24641291 0.14453267
v 0.27626706 -0.24519452 0.15607529
v 0.29026720 -0.25336533 0.15606751
v 0.28788619 -0.24999741 0.14292652
v 0.27515760 -0.24481454 0.17494252
v 0.28925112 -0.25295487 0.17493214
v 0.30522832 -0.24007715 0.13552021
v 0.30356511 -0.26072430 0.15461568
v 0.30760544 -0.25772988 0.14029262
v 0.30336020 -0.26110039 0.17495354
v 0.32647397 -0.19642646 0.13549492
v 0.32421745 -0.21729603 0.13561359
v 0.34153170 -0.19353060 0.13588852
v 0.33942885 -0.21452985 0.14229496
v 0.32122432 -0.23790298 0.13577569
v 0.32051494 -0.25635522 0.14227356
v 0.33194732 -0.23631758 0.14153500
v 0.33616987 -0.23512383 0.15467275
v 0.34232926 -0.22007907 0.16112328
v 0.32911176 -0.24757554 0.14010912
v 0.32986458 -0.25007781 0.14823259
v 0.32492683 -0.26195891 0.16113884
v 0.33636051 -0.23526065 0.17493603
v 0.34238113 -0.22015818 0.18223600
v 0.33027568 -0.25028855 0.16764255
v 0.32506040 -0.26210350 0.18223860
v 0.31675861 -0.26502142 0.14050336
v 0.32040017 -0.26649788 0.14838691
v 0.31594808 -0.26704904 0.14444254
v 0.31403523 -0.26649853 0.15486533
v 0.32053828 -0.26682209 0.16763347
v 0.31381541 -0.26678838 0.17493020
v 0.22629033 -0.02022600 0.19666865
v 0.22837502 -0.04222642 0.19671858
v 0.23019515 -0.01928449 0.21883766
v 0.23340550 -0.04156697 0.21888694
v 0.22853907 -0.06549645 0.19674322
v 0.22767213 -0.08794818 0.19673349
v 0.23451820 -0.06466647 0.21892584
v 0.23373685 -0.08782497 0.21893687
v 0.23018283 -0.01931691 0.24055990
v 0.23337827 -0.04158448 0.24055666
v 0.23018283 -0.01931626 0.26242674
v 0.23337827 -0.04158448 0.26242480
v 0.23448059 -0.06468268 0.24056833
v 0.23369405 -0.08782368 0.24057093
v 0.23448059 -0.06468268 0.26243647
v 0.23369405 -0.08782368 0.26243842
v 0.21209177 -0.16357011 0.20413981
v 0.20329977 -0.17806501 0.19669913
v 0.21600242 -0.14717533 0.18931486
v 0.21565033 -0.16513995 0.22607733
v 0.20925426 -0.18055755 0.21890510
v 0.22200165 -0.14906419 0.21162198
v 0.21563800 -0.16513476 0.24785663
v 0.20922508 -0.18054329 0.24057611
v 0.22197442 -0.14905187 0.23327420
v 0.21564254 -0.16513022 0.26971504
v 0.20922508 -0.18054329 0.26244360
v 0.22197895 -0.14904733 0.25513326
v 0.22587664 -0.11033635 0.19671728
v 0.22240562 -0.13173114 0.19664271
v 0.23107571 -0.11092707 0.21891742
v 0.22667031 -0.13217790 0.21887267
v 0.23103940 -0.11091021 0.24056379
v 0.22664502 -0.13216105 0.24054629
v 0.23103940 -0.11091021 0.26243128
v 0.22664956 -0.13215651 0.26240599
v 0.23018283 -0.01931626 0.28429359
v 0.23337827 -0.04158448 0.28429099
v 0.23018283 -0.01931626 0.30615978
v 0.23337827 -0.04158448 0.30615783
v 0.23448059 -0.06468268 0.28430266
v 0.23369405 -0.08782368 0.28430526
v 0.23448059 -0.06468268 0.30616951
v 0.23369405 -0.08782368 0.30617145
v 0.23018283 -0.01931626 0.32802662
v 0.23337827 -0.04158448 0.32802403
v 0.23018283 -0.01931626 0.34989282
v 0.23337827 -0.04158448 0.34989087
v 0.23448059 -0.06468268 0.32803570
v 0.23369405 -0.08782368 0.32803829
v 0.23448059 -0.06468268 0.34990254
v 0.23369405 -0.08782368 0.34990449
v 0.21564254 -0.16513022 0.29158189
v 0.20922573 -0.18054264 0.28430980
v 0.22197442 -0.14905187 0.27700723
v 0.21563800 -0.16513476 0.31345586
v 0.20922508 -0.18054264 0.30617599
v 0.22197895 -0.14904733 0.29886629
v 0.21563800 -0.16513476 0.33532270
v 0.20922508 -0.18054329 0.32804283
v 0.22197442 -0.14905187 0.32074027
v 0.21564254 -0.16513022 0.35718111
v 0.20922508 -0.18054329 0.34990967
v 0.22197895 -0.14904733 0.34259933
v 0.23103940 -0.11090956 0.28429813
v 0.22664956 -0.13215651 0.28427219
v 0.23104005 -0.11090956 0.30616432
v 0.22664502 -0.13216105 0.30614681
v 0.23104005 -0.11090956 0.32803116
v 0.22664502 -0.13216105 0.32801300
v 0.23103940 -0.11091021 0.34989735
v 0.22664956 -0.13215651 0.34987142
v 0.20156977 -0.19325242 0.19669459
v 0.20575795 -0.20729212 0.19647542
v 0.21655877 -0.21429382 0.19663558
v 0.20504209 -0.19465237 0.21886554
v 0.20880425 -0.20553749 0.21882728
v 0.21853517 -0.21211122 0.21879811
v 0.20502134 -0.19463357 0.24056639
v 0.20881852 -0.20555824 0.24056185
v 0.21854490 -0.21213327 0.24056833
v 0.20502134 -0.19463357 0.26243388
v 0.20881852 -0.20555824 0.26242869
v 0.21854490 -0.21213327 0.26243453
v 0.23290038 -0.22044154 0.19686772
v 0.24694916 -0.22853583 0.19685151
v 0.23286926 -0.22041106 0.21873261
v 0.24694786 -0.22853518 0.21871835
v 0.26103425 -0.23666838 0.19683530
v 0.26103425 -0.23666838 0.21870214
v 0.23286083 -0.22040393 0.24057611
v 0.24694721 -0.22853518 0.24058454
v 0.23286083 -0.22040393 0.26244295
v 0.24694721 -0.22853518 0.26245074
v 0.26103425 -0.23666838 0.24056833
v 0.26103425 -0.23666838 0.26243517
v 0.20502134 -0.19463357 0.28430007
v 0.20881852 -0.20555824 0.28429488
v 0.21859936 -0.21203989 0.28430137
v 0.20502134 -0.19463357 0.30616691
v 0.20881852 -0.20555824 0.30616173
v 0.21865578 -0.21194782 0.30616432
v 0.20502134 -0.19463357 0.32803311
v 0.20881852 -0.20555824 0.32802792
v 0.21860520 -0.21204314 0.32802727
v 0.20502134 -0.19463357 0.34989995
v 0.20881852 -0.20555824 0.34989476
v 0.21854814 -0.21213521 0.34989735
v 0.23291465 -0.22030991 0.28430915
v 0.24694721 -0.22853518 0.28431758
v 0.23291789 -0.22031185 0.30617210
v 0.24700168 -0.22844116 0.30618377
v 0.26103620 -0.23666968 0.28430331
v 0.26110169 -0.23658214 0.30616756
v 0.23291789 -0.22031185 0.32803894
v 0.24705810 -0.22834973 0.32804672
v 0.23291789 -0.22031185 0.34990514
v 0.24700752 -0.22844505 0.34990967
v 0.26111012 -0.23658668 0.32801949
v 0.26104463 -0.23667421 0.34988828
v 0.27515825 -0.24481519 0.19681973
v 0.28925242 -0.25295552 0.19680417
v 0.27515825 -0.24481519 0.21868593
v 0.28925242 -0.25295552 0.21867037
v 0.30336150 -0.26110104 0.19681195
v 0.30336150 -0.26110104 0.21867879
v 0.27515825 -0.24481519 0.24055277
v 0.28925242 -0.25295552 0.24053721
v 0.27515825 -0.24481519 0.26241896
v 0.28925242 -0.25295552 0.26240340
v 0.30336150 -0.26110104 0.24054499
v 0.30336150 -0.26110104 0.26241183
v 0.33626195 -0.23521526 0.19682622
v 0.34247969 -0.22020357 0.20407691
v 0.33027893 -0.25027558 0.18954116
v 0.32505910 -0.26210415 0.20410868
v 0.33636180 -0.23525676 0.21868982
v 0.34257761 -0.22025414 0.22595088
v 0.33027828 -0.25027753 0.21140411
v 0.32505846 -0.26210415 0.22597487
v 0.33646231 -0.23530085 0.24055990
v 0.34277602 -0.21978014 0.24797789
v 0.33027698 -0.25028401 0.23327031
v 0.32505846 -0.26210480 0.24784172
v 0.33646425 -0.23530020 0.26242934
v 0.34277602 -0.21977755 0.26983954
v 0.33027698 -0.25028596 0.25513845
v 0.32505846 -0.26210480 0.26970791
v 0.32050262 -0.26683571 0.18952106
v 0.31380828 -0.26678708 0.19681714
v 0.32050068 -0.26683636 0.21138790
v 0.31380763 -0.26678708 0.21868398
v 0.32050003 -0.26683636 0.23325410
v 0.31380763 -0.26678708 0.24055018
v 0.32050003 -0.26683636 0.25512094
v 0.31380763 -0.26678708 0.26241702
v 0.27515955 -0.24481584 0.28428710
v 0.28925242 -0.25295552 0.28427024
v 0.27525875 -0.24462780 0.30614876
v 0.28928938 -0.25285631 0.30613708
v 0.30336150 -0.26110104 0.28427802
v 0.30336150 -0.26110104 0.30614487
v 0.27521142 -0.24472312 0.32799420
v 0.28932569 -0.25287123 0.32798966
v 0.27522957 -0.24472960 0.34987012
v 0.28936330 -0.25277396 0.34985326
v 0.30339652 -0.26100053 0.32801041
v 0.30340235 -0.26100248 0.34986428
v 0.33646296 -0.23530150 0.28429359
v 0.34267811 -0.22029759 0.29155400
v 0.33027698 -0.25028596 0.27700529
v 0.32505846 -0.26210480 0.29157475
v 0.33646036 -0.23530409 0.30616237
v 0.34267422 -0.22030407 0.31343641
v 0.33027698 -0.25028596 0.29887148
v 0.32505846 -0.26210480 0.31344095
v 0.33646036 -0.23530409 0.32802857
v 0.34267422 -0.22030407 0.33530325
v 0.33027698 -0.25028596 0.32073832
v 0.32505846 -0.26210480 0.33530779
v 0.33646036 -0.23530409 0.34989541
v 0.34267422 -0.22030407 0.35716944
v 0.33027698 -0.25028596 0.34260452
v 0.32505846 -0.26210480 0.35717398
v 0.32050003 -0.26683636 0.27698713
v 0.31380763 -0.26678708 0.28428321
v 0.32050003 -0.26683636 0.29885332
v 0.31380763 -0.26678708 0.30615005
v 0.32050003 -0.26683636 0.32072017
v 0.31380763 -0.26678708 0.32801625
v 0.32050003 -0.26683636 0.34258636
v 0.31380763 -0.26678708 0.34988309
v 0.23018283 -0.01931626 0.37175966
v 0.23337827 -0.04158448 0.37175706
v 0.23018283 -0.01931626 0.39362585
v 0.23337827 -0.04158448 0.39362391
v 0.23448059 -0.06468268 0.37176874
v 0.23369405 -0.08782368 0.37177133
v 0.23448059 -0.06468268 0.39363558
v 0.23369405 -0.08782368 0.39363752
v 0.23018283 -0.01931626 0.41549269
v 0.23337827 -0.04158448 0.41549010
v 0.23018283 -0.01931626 0.43735889
v 0.23337827 -0.04158448 0.43735629
v 0.23448059 -0.06468268 0.41550177
v 0.23369405 -0.08782368 0.41550436
v 0.23448059 -0.06468268 0.43736861
v 0.23369405 -0.08782368 0.43737056
v 0.21564254 -0.16513022 0.37904796
v 0.20922573 -0.18054264 0.37177587
v 0.22197442 -0.14905187 0.36447330
v 0.21563800 -0.16513476 0.40092193
v 0.20922508 -0.18054264 0.39364206
v 0.22197895 -0.14904733 0.38633172
v 0.21563800 -0.16513476 0.42278877
v 0.20922508 -0.18054329 0.41550890
v 0.22197442 -0.14905187 0.40820634
v 0.21564254 -0.16513022 0.44464719
v 0.20922508 -0.18054329 0.43737575
v 0.22197895 -0.14904733 0.43006540
v 0.23103940 -0.11090956 0.37176420
v 0.22664956 -0.13215651 0.37173826
v 0.23104005 -0.11090956 0.39363039
v 0.22664502 -0.13216105 0.39361288
v 0.23104005 -0.11090956 0.41549723
v 0.22664502 -0.13216105 0.41547908
v 0.23103940 -0.11090956 0.43736343
v 0.22664956 -0.13215651 0.43733749
v 0.23018283 -0.01931756 0.45921081
v 0.23337827 -0.04158837 0.45921406
v 0.23033780 -0.01932534 0.47970494
v 0.23350471 -0.04160588 0.47966474
v 0.23447994 -0.06468981 0.45923092
v 0.23369276 -0.08783535 0.45923610
v 0.23466280 -0.06472937 0.47973023
v 0.23395731 -0.08787166 0.47973217
v 0.24381467 -0.02095678 0.49964272
v 0.23311825 -0.01995626 0.49330955
v 0.24492218 -0.04313032 0.49960900
v 0.23535078 -0.04240409 0.49326416
v 0.26207757 -0.02190737 0.49999935
v 0.26208535 -0.04377680 0.49999870
v 0.24584035 -0.06485711 0.49946181
v 0.23643365 -0.06484025 0.49334132
v 0.24597847 -0.08743268 0.49941512
v 0.23650433 -0.08725177 0.49323433
v 0.26208794 -0.06564689 0.49989042
v 0.26208729 -0.08751114 0.49989042
v 0.21564254 -0.16513022 0.46650689
v 0.20922313 -0.18055172 0.45923092
v 0.22197442 -0.14905187 0.45193484
v 0.21592785 -0.16531113 0.48641809
v 0.20946500 -0.18061916 0.47982814
v 0.22208335 -0.14913617 0.47317141
v 0.21670013 -0.16781016 0.49489300
v 0.22634999 -0.15555234 0.49260406
v 0.22456876 -0.17750153 0.49952017
v 0.21375692 -0.17919521 0.49331992
v 0.23103745 -0.11092188 0.45922638
v 0.22664826 -0.13216105 0.45919525
v 0.23126700 -0.11095884 0.47968678
v 0.22684020 -0.13229008 0.47977951
v 0.24519452 -0.11000825 0.49950785
v 0.23480545 -0.11054385 0.49337634
v 0.24419595 -0.13173114 0.49957917
v 0.23212940 -0.13209166 0.49331538
v 0.26208729 -0.10937539 0.49989042
v 0.26208665 -0.13124158 0.49989042
v 0.24243742 -0.15341188 0.49968681
v 0.24070029 -0.17508225 0.49986448
v 0.26206136 -0.15311620 0.49999935
v 0.26204061 -0.17498110 0.50000000
v 0.28392560 -0.02191515 0.50000000
v 0.28392560 -0.04378134 0.50000000
v 0.30579245 -0.02191515 0.50000000
v 0.30579245 -0.04378134 0.50000000
v 0.28392236 -0.06564948 0.50000000
v 0.28392042 -0.08751438 0.49989171
v 0.30579245 -0.06564819 0.50000000
v 0.30578856 -0.08751632 0.50000000
v 0.32765540 -0.02191645 0.50000000
v 0.32765864 -0.04378134 0.50000000
v 0.34937051 -0.02186457 0.49975879
v 0.34958579 -0.04370029 0.49991765
v 0.32765799 -0.06564689 0.50000000
v 0.32765086 -0.08751049 0.50000000
v 0.34946129 -0.06564040 0.49999870
v 0.34914875 -0.08753837 0.49992478
v 0.28392236 -0.10937733 0.49978343
v 0.28392431 -0.13124028 0.49989171
v 0.30578337 -0.10938252 0.50000000
v 0.30578531 -0.13124547 0.50000000
v 0.28392560 -0.15310842 0.50000000
v 0.28392560 -0.17498045 0.50000000
v 0.30579050 -0.15311231 0.50000000
v 0.30578661 -0.17497526 0.50000000
v 0.32763724 -0.10937668 0.50000000
v 0.32762298 -0.13124417 0.50000000
v 0.34853728 -0.10930600 0.49976462
v 0.34776436 -0.13097961 0.49967384
v 0.32761066 -0.15311037 0.49999935
v 0.32759963 -0.17496100 0.49999935
v 0.34686435 -0.15235171 0.49966476
v 0.34521410 -0.17317783 0.49963429
v 0.20502134 -0.19463357 0.37176614
v 0.20881852 -0.20555824 0.37176095
v 0.21854490 -0.21213327 0.37176744
v 0.20502134 -0.19463357 0.39363234
v 0.20881852 -0.20555824 0.39362780
v 0.21854490 -0.21213327 0.39363363
v 0.20502134 -0.19463357 0.41549918
v 0.20881852 -0.20555824 0.41549399
v 0.21854490 -0.21213327 0.41550047
v 0.20502134 -0.19463357 0.43736537
v 0.20881852 -0.20555824 0.43736083
v 0.21854490 -0.21213327 0.43736667
v 0.23286342 -0.22040523 0.37177198
v 0.24695046 -0.22853713 0.37177976
v 0.23286083 -0.22040393 0.39364206
v 0.24694721 -0.22853518 0.39364984
v 0.26103425 -0.23666838 0.37176744
v 0.26103425 -0.23666838 0.39363363
v 0.23286083 -0.22040393 0.41550826
v 0.24694721 -0.22853518 0.41551668
v 0.23286083 -0.22040393 0.43737510
v 0.24694721 -0.22853518 0.43738288
v 0.26103425 -0.23666838 0.41550047
v 0.26103425 -0.23666838 0.43736667
v 0.20502588 -0.19464329 0.45922443
v 0.20882500 -0.20556472 0.45921924
v 0.21855138 -0.21213781 0.45922119
v 0.20512509 -0.19462060 0.47963491
v 0.20901369 -0.20537797 0.47963102
v 0.21863762 -0.21191215 0.47831018
v 0.22213652 -0.19717669 0.49956750
v 0.21087921 -0.19563085 0.49310400
v 0.22097390 -0.21034750 0.49348462
v 0.20744775 -0.20381851 0.49007520
v 0.23287315 -0.22040977 0.45923610
v 0.24695629 -0.22853972 0.45923935
v 0.23282322 -0.22022821 0.47820319
v 0.24723317 -0.22826998 0.47971078
v 0.26104009 -0.23667227 0.45922313
v 0.26124629 -0.23650887 0.47953830
v 0.24023083 -0.19679023 0.49999805
v 0.24240500 -0.21490723 0.49945467
v 0.26205617 -0.19683303 0.50000000
v 0.26240113 -0.21802875 0.49985540
v 0.23901438 -0.22238357 0.49175981
v 0.23023016 -0.21822911 0.48993385
v 0.26340100 -0.23354167 0.49466670
v 0.27516862 -0.24482103 0.37173891
v 0.28926928 -0.25296330 0.37171103
v 0.27515825 -0.24481519 0.39361807
v 0.28925242 -0.25295552 0.39360251
v 0.30336734 -0.26110298 0.37173178
v 0.30336150 -0.26110104 0.39361094
v 0.27515825 -0.24481519 0.41548491
v 0.28925242 -0.25295552 0.41546870
v 0.27515825 -0.24481519 0.43735111
v 0.28925242 -0.25295552 0.43733554
v 0.30336150 -0.26110104 0.41547713
v 0.30336150 -0.26110104 0.43734397
v 0.33636180 -0.23525935 0.37176355
v 0.34257436 -0.22026257 0.37903628
v 0.33027828 -0.25028206 0.36447330
v 0.32505975 -0.26210091 0.37904212
v 0.33636310 -0.23525611 0.39362650
v 0.34247451 -0.22022302 0.40089924
v 0.33017907 -0.25023927 0.38633755
v 0.32506235 -0.26209572 0.40090896
v 0.33626454 -0.23521266 0.41549140
v 0.34247386 -0.22022496 0.42276219
v 0.33007986 -0.25019647 0.40820245
v 0.32506299 -0.26209378 0.42277386
v 0.33616403 -0.23517311 0.43735370
v 0.34247386 -0.22022496 0.44462838
v 0.32998065 -0.25015497 0.43006345
v 0.32496314 -0.26205228 0.44464005
v 0.32050003 -0.26683636 0.36445320
v 0.31380763 -0.26678708 0.37174928
v 0.32050003 -0.26683636 0.38631940
v 0.31380763 -0.26678708 0.39361612
v 0.32050003 -0.26683636 0.40818624
v 0.31380763 -0.26678708 0.41548232
v 0.32050003 -0.26683636 0.43005243
v 0.31380763 -0.26678708 0.43734916
v 0.27516927 -0.24481973 0.45921665
v 0.28925955 -0.25295812 0.45920239
v 0.27522244 -0.24468551 0.47954478
v 0.28951957 -0.25264947 0.47993319
v 0.30337123 -0.26110623 0.45920887
v 0.30298930 -0.26058749 0.47845089
v 0.28392560 -0.19684729 0.50000000
v 0.28392560 -0.21868625 0.50000000
v 0.30576456 -0.19683821 0.50000000
v 0.30574122 -0.21869792 0.49999935
v 0.28539169 -0.23801192 0.49969978
v 0.28165352 -0.24642718 0.49308455
v 0.27249128 -0.24259304 0.49012708
v 0.30528149 -0.24011541 0.49989496
v 0.30399436 -0.25571846 0.49374010
v 0.33626324 -0.23521720 0.45920433
v 0.34257242 -0.22026841 0.46647577
v 0.33007986 -0.25019777 0.45192057
v 0.32496184 -0.26205487 0.46648550
v 0.33623990 -0.23524379 0.47962194
v 0.34241680 -0.22011538 0.48627738
v 0.33004938 -0.25020361 0.47300347
v 0.32492034 -0.26184932 0.48629683
v 0.32649796 -0.19641998 0.49992154
v 0.32428359 -0.21731224 0.49974841
v 0.34164971 -0.19358247 0.49937297
v 0.33865658 -0.21218255 0.49630592
v 0.32135595 -0.23794772 0.49947024
v 0.31917789 -0.25465634 0.49629360
v 0.33451314 -0.23023406 0.49331279
v 0.32977445 -0.24788808 0.49027427
v 0.32050003 -0.26683636 0.45191279
v 0.31381736 -0.26679227 0.45920757
v 0.32057524 -0.26676244 0.47305858
v 0.31328176 -0.26636301 0.47825182
v 0.31729486 -0.26478604 0.48880883
v 0.31206661 -0.26523216 0.49014912
v 0.36351072 -0.02156695 0.14157456
v 0.37004555 -0.02155333 0.15483745
v 0.36729233 -0.04648787 0.14172045
v 0.37213672 -0.03816533 0.15524401
v 0.37013892 -0.02154944 0.17497818
v 0.37216979 -0.03776850 0.17496586
v 0.36527378 -0.06528312 0.13607591
v 0.36422593 -0.08510224 0.13662253
v 0.37466622 -0.05777176 0.14553319
v 0.37359049 -0.06684323 0.14325074
v 0.37487502 -0.06893505 0.15683135
v 0.37438675 -0.05361795 0.15610447
v 0.37262044 -0.08478256 0.14238314
v 0.37370591 -0.08611443 0.15504170
v 0.37481017 -0.06739310 0.17540225
v 0.37441917 -0.05405434 0.17546904
v 0.37375972 -0.08612480 0.17493668
v 0.36496189 -0.10746902 0.14274821
v 0.36117963 -0.13090116 0.14158882
v 0.36769047 -0.13101074 0.15476417
v 0.36969929 -0.11571180 0.16120887
v 0.36800560 -0.13113394 0.17493409
v 0.36969475 -0.11580776 0.18224703
v 0.37146430 -0.09710199 0.14047613
v 0.37166272 -0.09894806 0.14910861
v 0.37170162 -0.10057172 0.16766848
v 0.35948140 -0.15169874 0.14162838
v 0.36529000 -0.15144975 0.15481086
v 0.35605707 -0.17181030 0.14159077
v 0.36101039 -0.17113983 0.15480827
v 0.36538661 -0.15143873 0.17495160
v 0.36120816 -0.17114307 0.17493992
v 0.35182739 -0.19172538 0.14170684
v 0.35492233 -0.18993184 0.15477001
v 0.34859110 -0.20286079 0.14011301
v 0.34846012 -0.20501486 0.14834866
v 0.35505071 -0.18993962 0.17493992
v 0.34870069 -0.20518215 0.16759910
v 0.37003193 -0.02155592 0.19684437
v 0.37205955 -0.03781583 0.19682816
v 0.37003323 -0.02156370 0.21870149
v 0.37182871 -0.03689507 0.21867361
v 0.37488474 -0.06709158 0.19677953
v 0.37413711 -0.05197809 0.19679315
v 0.37376102 -0.08610600 0.19679185
v 0.37478099 -0.06711881 0.21866518
v 0.37425512 -0.05283984 0.21868269
v 0.37405022 -0.08473588 0.21906137
v 0.37003258 -0.02155981 0.24056963
v 0.37193506 -0.03683152 0.24056314
v 0.37003387 -0.02155787 0.26243517
v 0.37182936 -0.03686589 0.26243712
v 0.37476478 -0.06617406 0.24051711
v 0.37402947 -0.05197809 0.24054758
v 0.37421297 -0.08434034 0.24105724
v 0.37476024 -0.06613710 0.26240405
v 0.37402752 -0.05193659 0.26240210
v 0.37413970 -0.08571370 0.26253892
v 0.36779097 -0.13110411 0.19682362
v 0.36969669 -0.11580452 0.20410803
v 0.36800690 -0.13113135 0.21868787
v 0.36977191 -0.11442597 0.22637236
v 0.37170227 -0.10056977 0.18950744
v 0.37199471 -0.09918603 0.21178279
v 0.36538661 -0.15143548 0.19683919
v 0.36120881 -0.17113594 0.19682687
v 0.36538661 -0.15143937 0.21869825
v 0.36120881 -0.17113334 0.21869111
v 0.36768852 -0.13108401 0.24055601
v 0.37004036 -0.11404534 0.24836175
v 0.36790250 -0.13111449 0.26241313
v 0.36986010 -0.11541417 0.26983111
v 0.37187410 -0.10011198 0.23337341
v 0.37199860 -0.09916917 0.25554112
v 0.36538661 -0.15143159 0.24057417
v 0.36121010 -0.17112880 0.24056055
v 0.36538661 -0.15143354 0.26243128
v 0.36120946 -0.17113075 0.26242934
v 0.37003323 -0.02155203 0.28430202
v 0.37204334 -0.03682698 0.28427997
v 0.37013957 -0.02153388 0.30617015
v 0.37214969 -0.03680948 0.30616237
v 0.37465520 -0.06617146 0.28427608
v 0.37402558 -0.05191519 0.28427997
v 0.37408329 -0.08614296 0.28429164
v 0.37476089 -0.06614682 0.30611828
v 0.37392442 -0.05197030 0.30615330
v 0.37408329 -0.08614750 0.30615719
v 0.37024526 -0.02151896 0.32803959
v 0.37204594 -0.03686719 0.32804089
v 0.37024396 -0.02151896 0.34991097
v 0.37215228 -0.03684838 0.34988633
v 0.37476089 -0.06614747 0.32799939
v 0.37413646 -0.05194113 0.32799679
v 0.37397630 -0.08613388 0.32802338
v 0.37465909 -0.06621232 0.34987466
v 0.37424410 -0.05192621 0.34988114
v 0.37386931 -0.08611248 0.34988633
v 0.36779227 -0.13110152 0.28428451
v 0.36990938 -0.11584732 0.29158837
v 0.36789796 -0.13111903 0.30615135
v 0.36980109 -0.11583629 0.31345910
v 0.37208290 -0.10017293 0.27711682
v 0.37202648 -0.10058922 0.29887732
v 0.36538661 -0.15143354 0.28430331
v 0.36120881 -0.17113594 0.28429294
v 0.36538661 -0.15143548 0.30616626
v 0.36120881 -0.17113594 0.30615913
v 0.36789796 -0.13111838 0.32801754
v 0.36980109 -0.11583824 0.33532140
v 0.36789796 -0.13112421 0.34988439
v 0.36980174 -0.11582916 0.35718825
v 0.37191949 -0.10057690 0.32074416
v 0.37191949 -0.10056977 0.34260646
v 0.36527897 -0.15142316 0.32803440
v 0.36120881 -0.17113205 0.32802792
v 0.36538661 -0.15143937 0.34989735
v 0.36120881 -0.17113399 0.34989087
v 0.35515122 -0.18997593 0.19680352
v 0.34860342 -0.20513481 0.18950679
v 0.35524913 -0.19001937 0.21867296
v 0.34870069 -0.20518280 0.21136521
v 0.35534704 -0.18949999 0.24070774
v 0.34900091 -0.20473992 0.23337341
v 0.35534769 -0.18949869 0.26255643
v 0.34890559 -0.20525542 0.25509759
v 0.35524913 -0.19001808 0.28428062
v 0.34900091 -0.20474122 0.27712589
v 0.35524719 -0.19002651 0.30615848
v 0.34889975 -0.20526644 0.29883128
v 0.35524719 -0.19002651 0.32802468
v 0.34889846 -0.20527033 0.32071174
v 0.35524719 -0.19002651 0.34989152
v 0.34889846 -0.20527033 0.34257793
v 0.37002998 -0.02155073 0.37177522
v 0.37216330 -0.03775747 0.37176160
v 0.37013762 -0.02153841 0.39363298
v 0.37216330 -0.03775942 0.39362455
v 0.37476608 -0.06619740 0.37171816
v 0.37425836 -0.05288329 0.37175382
v 0.37397565 -0.08613583 0.37175123
v 0.37488539 -0.06709158 0.39359408
v 0.37434914 -0.05191000 0.39359408
v 0.37397306 -0.08616890 0.39362066
v 0.37002933 -0.02154684 0.41550501
v 0.37225214 -0.03678095 0.41548491
v 0.37013697 -0.02153647 0.43736926
v 0.37224760 -0.03674917 0.43736732
v 0.37488539 -0.06709158 0.41546092
v 0.37435952 -0.05281391 0.41549075
v 0.37386477 -0.08616371 0.41548556
v 0.37486723 -0.06612737 0.43732128
v 0.37434525 -0.05187953 0.43733943
v 0.37386607 -0.08615722 0.43734851
v 0.36800495 -0.13113589 0.37175447
v 0.36980109 -0.11583305 0.37905833
v 0.36789861 -0.13111773 0.39362261
v 0.36979850 -0.11585964 0.40092517
v 0.37191885 -0.10058663 0.36447525
v 0.37170292 -0.10056718 0.38633950
v 0.36549360 -0.15145494 0.37176614
v 0.36120816 -0.17113918 0.37175706
v 0.36549360 -0.15145105 0.39363947
v 0.36120816 -0.17114112 0.39362520
v 0.36779162 -0.13110022 0.41548815
v 0.36958387 -0.11583889 0.42278812
v 0.36768463 -0.13108012 0.43735175
v 0.36947752 -0.11581814 0.44464848
v 0.37170292 -0.10057755 0.40820180
v 0.37159398 -0.10057885 0.43006670
v 0.36549425 -0.15144521 0.41550631
v 0.36120816 -0.17114112 0.41549204
v 0.36549425 -0.15143937 0.43737250
v 0.36120816 -0.17114112 0.43735824
v 0.37024526 -0.02153063 0.45923416
v 0.37214190 -0.03677057 0.45923805
v 0.37001572 -0.02174591 0.47986575
v 0.37220026 -0.03752793 0.47840614
v 0.37486270 -0.06609819 0.45918812
v 0.37434201 -0.05185748 0.45921600
v 0.37397435 -0.08615528 0.45920303
v 0.37468049 -0.06612089 0.47957007
v 0.37425577 -0.05242615 0.47824793
v 0.37404503 -0.08618835 0.47945595
v 0.36268786 -0.01472476 0.49349824
v 0.36666206 -0.04179976 0.49376474
v 0.36532112 -0.06540827 0.49940086
v 0.36418054 -0.08662279 0.49929905
v 0.37363652 -0.05946999 0.49169627
v 0.37351203 -0.04974556 0.49008493
v 0.37336354 -0.07985842 0.49310076
v 0.36779097 -0.13110087 0.45919201
v 0.36969151 -0.11583824 0.46648420
v 0.36758023 -0.13110022 0.47975163
v 0.36962018 -0.11570985 0.48630332
v 0.37170357 -0.10056977 0.45192381
v 0.37179694 -0.10061970 0.47294381
v 0.36538661 -0.15143094 0.45921795
v 0.36120816 -0.17114112 0.45921211
v 0.36519079 -0.15140890 0.47975617
v 0.36103762 -0.17110611 0.47972504
v 0.36325524 -0.10535969 0.49633251
v 0.36194607 -0.12393123 0.49342951
v 0.37179111 -0.09728485 0.49016274
v 0.36039049 -0.14486564 0.49334132
v 0.35778642 -0.16560293 0.49332057
v 0.35524719 -0.19002651 0.37175771
v 0.34889846 -0.20527033 0.36444477
v 0.35524719 -0.19002651 0.39362455
v 0.34889846 -0.20527033 0.38631097
v 0.35524719 -0.19002651 0.41549075
v 0.34889846 -0.20527033 0.40817781
v 0.35524719 -0.19002651 0.43735694
v 0.34889846 -0.20527033 0.43004400
v 0.35524719 -0.19002780 0.45921471
v 0.34889846 -0.20527033 0.45190695
v 0.35516419 -0.19002391 0.47954932
v 0.34889132 -0.20527163 0.47291852
v 0.35445222 -0.18554070 0.49316041
v 0.34897108 -0.20308774 0.49024185
v -0.11071309 -0.04093605 -0.00243484
v -0.11173630 -0.05950565 -0.00596681
v -0.11178623 -0.07997579 -0.00597459
v -0.10483057 -0.10526761 -0.00381079
v -0.09162280 -0.11155928 -0.01002854
v -0.08931895 0.00067663 -0.00182207
v -0.09174989 -0.01864838 -0.00657633
v -0.06994724 0.00285339 -0.00595838
v -0.05043743 0.00529666 -0.00646545
v -0.02955100 0.00719720 -0.00569382
v -0.00826969 0.00606310 -0.00649333
v -0.08563006 -0.12632587 -0.00376346
v 0.00114090 -0.13861158 -0.00418040
v -0.02110397 -0.14843846 -0.00575542
v -0.04398300 -0.14815705 -0.00419142
v -0.26529181 0.05126547 0.01227080
v -0.26582611 0.05369576 0.02984182
v -0.27193233 0.03867370 0.02309301
v -0.26999354 0.03355568 0.00910713
v -0.25674622 0.04122979 0.00269356
v -0.25349112 0.05896681 0.00589418
v -0.25871872 0.06679525 0.01621582
v -0.26584621 0.05369836 0.05107451
v -0.27203932 0.03870482 0.04379139
v -0.25900598 0.06699367 0.03648040
v -0.28348986 0.00787545 0.01232786
v -0.28343993 0.01007166 0.02985803
v -0.28713985 -0.00478765 0.02315591
v -0.28682082 -0.01004378 0.00924654
v -0.27653032 -0.00242479 0.00277396
v -0.27405333 0.01545100 0.00592725
v -0.27800159 0.02349925 0.01624694
v -0.28345420 0.01007037 0.05105894
v -0.28720534 -0.00477598 0.04376870
v -0.27825967 0.02368924 0.03648105
v -0.25958826 0.02056967 0.00239723
v -0.26173909 -0.00037511 0.00222086
v -0.26584621 0.05369836 0.07293940
v -0.27203803 0.03870871 0.06566083
v -0.25900663 0.06699432 0.05835308
v -0.26582741 0.05373532 0.09474270
v -0.27203803 0.03870871 0.08752702
v -0.25900663 0.06699432 0.08021992
v -0.28345420 0.01007102 0.07292449
v -0.28720534 -0.00477338 0.06563554
v -0.27825772 0.02369378 0.05835762
v -0.28345420 0.01007102 0.09479133
v -0.28720534 -0.00477338 0.08750173
v -0.27825772 0.02369378 0.08022446
v -0.26424979 0.09044656 0.12562978
v -0.26829078 0.05687564 0.11728844
v -0.27202765 0.03871066 0.10931411
v -0.25892687 0.06695995 0.10174439
v -0.27453900 0.04192296 0.13204725
v -0.26757167 0.07544913 0.12253031
v -0.28345420 0.01007037 0.11665752
v -0.28720534 -0.00477338 0.10936858
v -0.27825772 0.02369378 0.10209065
v -0.28345355 0.01007296 0.13852372
v -0.28720599 -0.00477727 0.13123542
v -0.27826680 0.02365941 0.12393804
v -0.27689473 0.04476954 0.15349910
v -0.25943913 0.04446024 0.17487378
v -0.27254639 0.04569160 0.16745450
v -0.28329274 0.00995560 0.15951065
v -0.28709122 -0.00480645 0.15251608
v -0.27818834 0.02350120 0.14559804
v -0.28352617 0.00738459 0.16861324
v -0.27495918 0.01777690 0.16616025
v -0.27657506 -0.00239431 0.17387586
v -0.28555510 -0.00405363 0.16690594
v -0.25963819 0.02051650 0.17422860
v -0.26176957 -0.00034723 0.17440173
v -0.24149266 0.09029483 0.01225588
v -0.24173193 0.09132712 0.02983599
v -0.25103164 0.07875351 0.02307291
v -0.24915056 0.07565792 0.00910583
v -0.23377705 0.08190874 0.00270458
v -0.22906105 0.09944086 0.00600377
v -0.23169236 0.10403885 0.01632540
v -0.24174295 0.09133879 0.05104403
v -0.25114123 0.07878982 0.04375962
v -0.23189013 0.10421911 0.03644733
v -0.22228371 0.11344296 0.01210221
v -0.22313769 0.11505753 0.02978606
v -0.21343336 0.10453230 0.00251719
v -0.20898581 0.12080971 0.00598432
v -0.21335685 0.12487404 0.01624889
v -0.21749769 0.08627718 0.00222215
v -0.22316039 0.11507893 0.05104208
v -0.21358898 0.12512174 0.03647003
v -0.24174295 0.09133814 0.07291022
v -0.25114058 0.07879241 0.06562711
v -0.23189402 0.10421522 0.05833233
v -0.24171702 0.09129016 0.09451899
v -0.25115095 0.07875221 0.08743560
v -0.23188235 0.10422105 0.08013368
v -0.22316039 0.11507893 0.07290957
v -0.21358963 0.12512109 0.05834595
v -0.22312991 0.11507245 0.09455012
v -0.21358509 0.12512239 0.08016416
v -0.20143166 0.13353765 0.01221179
v -0.20277130 0.13419256 0.02982950
v -0.19245421 0.12508997 0.00262223
v -0.18640894 0.14121047 0.00909157
v -0.19007255 0.14381389 0.02306513
v -0.20278492 0.13421266 0.05107061
v -0.19011210 0.14392931 0.04378621
v -0.17411740 0.12965553 0.00239139
v -0.16901688 0.14596861 0.00585982
v -0.17715527 0.15342745 0.01619182
v -0.17736471 0.15370627 0.03649207
v -0.19625463 0.10808243 0.00216379
v -0.19717604 0.08745213 0.00213851
v -0.17531115 0.10931508 0.00213851
v -0.17531633 0.08746315 0.00213851
v -0.20278427 0.13421266 0.07293681
v -0.19011405 0.14392867 0.06565370
v -0.20274342 0.13419840 0.09456827
v -0.19007903 0.14393969 0.08746607
v -0.17736730 0.15370497 0.05837059
v -0.17736665 0.15370497 0.08023743
v -0.23847295 0.06386307 0.00238361
v -0.24040785 0.04356088 0.00221502
v -0.21904548 0.06557945 0.00213851
v -0.21905845 0.04372817 0.00213851
v -0.24090973 0.02186133 0.00213851
v -0.24091556 -0.00000421 0.00213851
v -0.21905391 0.02186846 0.00213851
v -0.21905002 -0.00000162 0.00213851
v -0.19718188 0.06559566 0.00213851
v -0.19718382 0.04373077 0.00213851
v -0.17531698 0.06559761 0.00213851
v -0.17531698 0.04373077 0.00213851
v -0.19718382 0.02186457 0.00213851
v -0.19718382 -0.00000162 0.00213851
v -0.17531698 0.02186457 0.00213851
v -0.17531698 -0.00000162 0.00213851
v -0.24913111 0.09692627 0.11884985
v -0.25312282 0.08030130 0.10978227
v -0.23340745 0.10540248 0.10260745
v -0.19133438 0.14558020 0.10983026
v -0.17729662 0.15366996 0.10176903
v -0.21228824 0.10249819 0.18582374
v -0.19494222 0.10769596 0.17807247
v -0.19677467 0.08705594 0.17435634
v -0.21712484 0.08502378 0.17846800
v -0.17498045 0.10878337 0.17428501
v -0.17518989 0.08733541 0.17451715
v -0.23836207 0.06298705 0.17889078
v -0.24055504 0.04374114 0.17482904
v -0.23322524 0.07882029 0.18575306
v -0.21865772 0.06518067 0.17476225
v -0.21889829 0.04357190 0.17451067
v -0.24086434 0.02178936 0.17453790
v -0.24086888 -0.00005998 0.17453855
v -0.21898647 0.02180168 0.17453790
v -0.21899231 -0.00005998 0.17453855
v -0.19705479 0.06544458 0.17451391
v -0.19712158 0.04366852 0.17453790
v -0.17527159 0.06553795 0.17453855
v -0.17525927 0.04367306 0.17453855
v -0.19712611 0.02180686 0.17453855
v -0.19712547 -0.00005998 0.17453855
v -0.17525927 0.02180621 0.17453855
v -0.17525927 -0.00005998 0.17453855
v -0.22813445 0.09590565 0.18946400
v -0.13795083 0.17463873 0.01228701
v -0.14013603 0.17458556 0.02983404
v -0.15361290 0.16828287 0.01632475
v -0.14632654 0.16435406 0.00601025
v -0.12840342 0.16721037 0.00273441
v -0.12026828 0.18013608 0.00920829
v -0.12479558 0.18090641 0.02312544
v -0.14013732 0.17460436 0.05104792
v -0.15378732 0.16849879 0.03648883
v -0.12480207 0.18099395 0.04375573
v -0.14013668 0.17460436 0.07291476
v -0.15378538 0.16850074 0.05835437
v -0.12480790 0.18099265 0.06563424
v -0.14014251 0.17455703 0.09452159
v -0.15378538 0.16849944 0.08018750
v -0.12475668 0.18099070 0.08736038
v -0.10792745 0.17078579 0.00252302
v -0.10051141 0.18435149 0.00909027
v -0.10603535 0.18770709 0.02297046
v -0.10607749 0.18786077 0.04376286
v -0.08714089 0.17288993 0.00248023
v -0.08013660 0.18713194 0.00897809
v -0.08690032 0.19264225 0.02295749
v -0.08693274 0.19283419 0.04378556
v -0.10608657 0.18785817 0.06564203
v -0.10605869 0.18786271 0.08746153
v -0.08694182 0.19283289 0.06566083
v -0.08694247 0.19283159 0.08752702
v -0.15423992 0.16952849 0.10268591
v -0.06596786 0.17402143 0.00238037
v -0.06202932 0.18877699 0.00594217
v -0.07247999 0.19530534 0.01623397
v -0.07266739 0.19558092 0.03645446
v -0.05402257 0.19734010 0.01233629
v -0.05737623 0.19758520 0.02988527
v -0.04327298 0.18969127 0.00282130
v -0.03681596 0.19878154 0.00929971
v -0.04323407 0.19936253 0.02316369
v -0.04418726 0.17460696 0.00221956
v -0.05684387 0.19766301 0.05131183
v -0.04327427 0.19940468 0.04372850
v -0.07213179 0.19564900 0.05861958
v -0.07213049 0.19565160 0.08047410
v -0.05738660 0.19759168 0.07290633
v -0.04273154 0.19947730 0.06588065
v -0.05689250 0.19761503 0.09483996
v -0.04272246 0.19944359 0.08750887
v -0.02217322 0.19063343 0.00266957
v -0.01584265 0.19849105 0.00934510
v -0.02322497 0.19984561 0.02309690
v -0.02226141 0.17491366 0.00213980
v -0.02327555 0.19992796 0.04374925
v -0.00675367 0.19841843 0.01242188
v 0.00178155 0.19166054 0.00757879
v 0.00614869 0.19691732 0.02296463
v -0.00899593 0.19906555 0.02316758
v -0.00033491 0.17486179 0.00217287
v 0.00630367 0.19715594 0.04376092
v -0.00905947 0.19917060 0.04375508
v -0.02328333 0.19992731 0.06562452
v -0.02320163 0.19989748 0.08732471
v 0.00629913 0.19715983 0.06564008
v -0.00906855 0.19917060 0.06563360
v 0.00629329 0.19715983 0.08750173
v -0.00898879 0.19915633 0.08744078
v -0.04329308 0.20581955 0.11067450
v -0.02219916 0.20649651 0.11069590
v 0.00640741 0.19696141 0.10892765
v -0.00848108 0.20255214 0.10984582
v 0.00482526 0.20260725 0.12096112
v -0.04066177 0.17386646 0.17849459
v -0.16245352 0.16023137 0.01218132
v -0.16478267 0.16214423 0.02981005
v -0.15150551 0.14998171 0.00256322
v -0.15352341 0.13122407 0.00222086
v -0.16479823 0.16217535 0.05107904
v -0.13120073 0.15197951 0.00221761
v -0.13159951 0.13119489 0.00213851
v -0.15345403 0.10933453 0.00213851
v -0.15345079 0.08746380 0.00213851
v -0.13159043 0.10933648 0.00213851
v -0.13158395 0.08746380 0.00213851
v -0.16479823 0.16217535 0.07294524
v -0.16480796 0.16216044 0.09469990
v -0.10971840 0.15303774 0.00213915
v -0.10971840 0.13119749 0.00213851
v -0.08785156 0.15304617 0.00213851
v -0.08785091 0.13119684 0.00213851
v -0.10971775 0.10933064 0.00213851
v -0.10971775 0.08746380 0.00213851
v -0.08785091 0.10933064 0.00213851
v -0.08785091 0.08746380 0.00213851
v -0.15345079 0.06559761 0.00213851
v -0.15345079 0.04373077 0.00213851
v -0.13158395 0.06559761 0.00213851
v -0.13158395 0.04373077 0.00213851
v -0.15345079 0.02186457 0.00213851
v -0.15345014 -0.00000227 0.00213851
v -0.13158200 0.02186328 0.00213851
v -0.13158913 0.00000746 0.00213851
v -0.10971775 0.06559761 0.00213851
v -0.10971646 0.04372882 0.00213851
v -0.08785091 0.06559761 0.00213851
v -0.08785026 0.04372493 0.00213851
v -0.10979556 0.02194238 0.00215666
v -0.11004521 0.00010278 0.00224679
v -0.08793002 0.02217776 0.00224355
v -0.16685828 0.16536430 0.11796799
v -0.12866992 0.15181870 0.17848746
v -0.13118517 0.13076888 0.17435310
v -0.15332564 0.10895131 0.17441924
v -0.15339502 0.08741322 0.17453855
v -0.13146918 0.10918475 0.17451650
v -0.13152753 0.08740869 0.17453855
v -0.10299488 0.17041229 0.18227296
v -0.10939030 0.15250085 0.17469158
v -0.10958418 0.13104381 0.17451196
v -0.08120455 0.17214683 0.18197858
v -0.08777634 0.15253521 0.17434661
v -0.08778737 0.13114107 0.17453790
v -0.10967172 0.10927099 0.17453855
v -0.10966004 0.08740609 0.17453855
v -0.08779320 0.10927293 0.17453855
v -0.08779320 0.08740609 0.17453855
v -0.15339308 0.06553990 0.17453855
v -0.15339243 0.04367306 0.17453855
v -0.13152624 0.06553925 0.17453855
v -0.13152624 0.04367306 0.17453855
v -0.15339243 0.02180621 0.17453855
v -0.15339243 -0.00005998 0.17453855
v -0.13152624 0.02180621 0.17453855
v -0.13152624 -0.00005998 0.17453855
v -0.10965940 0.06553925 0.17453855
v -0.10965940 0.04367306 0.17453855
v -0.08779320 0.06553925 0.17453855
v -0.08779320 0.04367306 0.17453855
v -0.10965940 0.02180621 0.17453855
v -0.10965940 -0.00005998 0.17453855
v -0.08779320 0.02180621 0.17453855
v -0.08779320 -0.00005998 0.17453855
v -0.06598796 0.15305914 0.00213851
v -0.06598472 0.13119684 0.00213851
v -0.04412566 0.15307016 0.00213851
v -0.04411788 0.13119684 0.00213851
v -0.06598472 0.10933064 0.00213851
v -0.06598472 0.08746380 0.00213851
v -0.04411788 0.10933064 0.00213851
v -0.04411788 0.08746380 0.00213851
v -0.02225687 0.15306887 0.00213851
v -0.02225168 0.13119684 0.00213851
v -0.00037900 0.15307600 0.00213851
v -0.00038484 0.13119684 0.00213851
v -0.02225168 0.10933064 0.00213851
v -0.02225168 0.08746380 0.00213851
v -0.00038484 0.10933064 0.00213851
v -0.00038484 0.08746380 0.00213851
v -0.06598472 0.06559761 0.00213851
v -0.06599639 0.04373401 0.00213851
v -0.04411788 0.06559761 0.00213851
v -0.04411982 0.04375476 0.00213915
v -0.06598991 0.02233792 0.00230839
v -0.04418920 0.02183410 0.00160809
v -0.02225168 0.06559761 0.00213851
v -0.02224325 0.04374503 0.00213915
v -0.00038484 0.06559761 0.00213851
v -0.00038743 0.04372688 0.00213851
v -0.02233209 0.02184317 0.00162495
v -0.00028887 0.02225946 0.00226949
v -0.05934160 0.17324526 0.18206158
v -0.06593544 0.15253845 0.17434661
v -0.06592636 0.13114756 0.17453855
v -0.04400829 0.15267462 0.17441794
v -0.04406081 0.13114561 0.17453855
v -0.06592636 0.10927229 0.17453855
v -0.06592636 0.08740609 0.17453855
v -0.04406017 0.10927229 0.17453855
v -0.04406017 0.08740609 0.17453855
v -0.02220435 0.15277318 0.17447760
v -0.02219462 0.13114237 0.17453855
v -0.00039846 0.15263572 0.17440562
v -0.00032583 0.13114367 0.17453855
v -0.02219332 0.10927229 0.17453855
v -0.02219332 0.08740609 0.17453855
v -0.00032713 0.10927229 0.17453855
v -0.00032713 0.08740609 0.17453855
v -0.06592636 0.06553925 0.17453855
v -0.06592636 0.04367306 0.17453855
v -0.04406017 0.06553925 0.17453855
v -0.04406017 0.04367306 0.17453855
v -0.06592636 0.02180621 0.17453855
v -0.06592636 -0.00005998 0.17453855
v -0.04406017 0.02180621 0.17453855
v -0.04406017 -0.00005998 0.17453855
v -0.02219332 0.06553925 0.17453855
v -0.02219332 0.04367306 0.17453855
v -0.00032713 0.06553925 0.17453855
v -0.00032713 0.04367306 0.17453855
v -0.02219332 0.02180621 0.17453855
v -0.02219332 -0.00005998 0.17453855
v -0.00032713 0.02180621 0.17453855
v -0.00032713 -0.00005998 0.17453855
v -0.29052657 -0.02395315 0.02304114
v -0.28896581 -0.03049706 0.00914215
v -0.27874923 -0.02266408 0.00256971
v -0.29332842 -0.04550032 0.02299121
v -0.29083652 -0.05217975 0.00910713
v -0.27965897 -0.04438957 0.00252367
v -0.29064718 -0.02391489 0.04377907
v -0.29348145 -0.04545558 0.04377259
v -0.26276230 -0.02187430 0.00213851
v -0.26276230 -0.04373595 0.00213851
v -0.29441453 -0.06609365 0.02295749
v -0.29093184 -0.07283857 0.00903905
v -0.28058816 -0.06616628 0.00250292
v -0.29357482 -0.08669347 0.02291081
v -0.29007268 -0.09400965 0.00904553
v -0.28061280 -0.08743981 0.00244975
v -0.29458442 -0.06605021 0.04376675
v -0.29380177 -0.08667143 0.04376870
v -0.26276619 -0.06560280 0.00213851
v -0.26276749 -0.08746769 0.00213851
v -0.29064588 -0.02390906 0.06564916
v -0.29347950 -0.04544585 0.06564721
v -0.29064588 -0.02390906 0.08751600
v -0.29347950 -0.04544585 0.08751405
v -0.29458312 -0.06604308 0.06563554
v -0.29380177 -0.08667207 0.06563360
v -0.29458312 -0.06604308 0.08750173
v -0.29380177 -0.08667207 0.08749979
v -0.29086311 -0.10715518 0.02288033
v -0.28822402 -0.11510357 0.00902348
v -0.27970436 -0.10866082 0.00241992
v -0.28770981 -0.12652039 0.02289784
v -0.28522440 -0.13425157 0.00921672
v -0.27797371 -0.13007766 0.00249838
v -0.29112507 -0.10717333 0.04376286
v -0.28794130 -0.12653336 0.04375314
v -0.26276360 -0.10933324 0.00213851
v -0.26275906 -0.13119489 0.00213915
v -0.28310146 -0.14395071 0.01230322
v -0.28431336 -0.14153792 0.02309626
v -0.27931984 -0.15511011 0.02293999
v -0.27610106 -0.15289444 0.00754508
v -0.28447352 -0.14155478 0.04373433
v -0.27955327 -0.15531825 0.04373822
v -0.26192584 -0.15273169 0.00217352
v -0.27301131 -0.17009586 0.02275713
v -0.26800093 -0.17828677 0.00912075
v -0.25966478 -0.17361811 0.00232720
v -0.27332969 -0.17034291 0.04376092
v -0.29112507 -0.10717398 0.06564073
v -0.28794130 -0.12653142 0.06563619
v -0.29112507 -0.10717398 0.08750692
v -0.28794130 -0.12653142 0.08750303
v -0.28447612 -0.14154959 0.06562257
v -0.27955652 -0.15531177 0.06561933
v -0.28447612 -0.14154959 0.08748877
v -0.27955652 -0.15531177 0.08748552
v -0.27333034 -0.17034486 0.06563295
v -0.27333034 -0.17034486 0.08749979
v -0.29064588 -0.02390906 0.10938219
v -0.29347950 -0.04544585 0.10938025
v -0.29064718 -0.02391360 0.13124904
v -0.29348015 -0.04544909 0.13124450
v -0.29458312 -0.06604308 0.10936858
v -0.29380177 -0.08667207 0.10936663
v -0.29458312 -0.06604372 0.13123153
v -0.29380177 -0.08667207 0.13122958
v -0.29048961 -0.02395250 0.15258417
v -0.29329665 -0.04546660 0.15261400
v -0.27873626 -0.02269002 0.17398674
v -0.28802495 -0.02336243 0.16686703
v -0.27964016 -0.04441550 0.17405093
v -0.28988009 -0.04496472 0.16680997
v -0.26272664 -0.02191969 0.17453855
v -0.26272923 -0.04379301 0.17443026
v -0.29434191 -0.06604502 0.15266782
v -0.29352100 -0.08666235 0.15269375
v -0.28056352 -0.06617211 0.17397182
v -0.29082809 -0.06612413 0.16687870
v -0.28058427 -0.08745083 0.17402759
v -0.29092017 -0.08731855 0.16685730
v -0.26273248 -0.06565726 0.17432262
v -0.26273313 -0.08751762 0.17432262
v -0.29112507 -0.10717398 0.10937376
v -0.28794130 -0.12653142 0.10936922
v -0.29112507 -0.10717398 0.13123736
v -0.28793741 -0.12654244 0.13123866
v -0.28447612 -0.14154959 0.10935561
v -0.27955652 -0.15531177 0.10935172
v -0.28447158 -0.14156062 0.13122375
v -0.27955587 -0.15531242 0.13121402
v -0.27333034 -0.17034486 0.10936598
v -0.27332580 -0.17035718 0.13123412
v -0.29087672 -0.10716879 0.15265485
v -0.28777401 -0.12652364 0.15245967
v -0.27967258 -0.10869648 0.17406455
v -0.28914672 -0.10796636 0.16688972
v -0.27790174 -0.13017362 0.17409243
v -0.28629430 -0.12821019 0.16677171
v -0.26273183 -0.10938381 0.17432262
v -0.26272859 -0.13124352 0.17432197
v -0.28420119 -0.14139073 0.15256926
v -0.27919275 -0.15516328 0.15266846
v -0.27745173 -0.14967242 0.16853413
v -0.28491640 -0.13813823 0.16351467
v -0.27317925 -0.17035653 0.15230859
v -0.26185451 -0.15282960 0.17439265
v -0.25952342 -0.17378800 0.17422925
v -0.27042928 -0.17235303 0.16690918
v -0.24091751 -0.02186781 0.00213851
v -0.24091686 -0.04373466 0.00213851
v -0.21905002 -0.02186846 0.00213851
v -0.21905002 -0.04373466 0.00213851
v -0.24091686 -0.06560150 0.00213851
v -0.24091686 -0.08746769 0.00213851
v -0.21905002 -0.06560150 0.00213851
v -0.21905002 -0.08746769 0.00213851
v -0.19718382 -0.02186846 0.00213851
v -0.19718382 -0.04373466 0.00213851
v -0.17531698 -0.02186846 0.00213851
v -0.17531698 -0.04373466 0.00213851
v -0.19718382 -0.06560150 0.00213851
v -0.19718382 -0.08746769 0.00213851
v -0.17531698 -0.06560150 0.00213851
v -0.17531698 -0.08746769 0.00213851
v -0.24091686 -0.10933453 0.00213851
v -0.24091686 -0.13120073 0.00213851
v -0.21905002 -0.10933453 0.00213851
v -0.21905002 -0.13120073 0.00213851
v -0.24091881 -0.15306887 0.00213851
v -0.24092205 -0.17493441 0.00213851
v -0.21905002 -0.15306757 0.00213851
v -0.21905002 -0.17493376 0.00213851
v -0.19718382 -0.10933453 0.00213851
v -0.19718382 -0.13120073 0.00213851
v -0.17531698 -0.10933453 0.00213851
v -0.17531698 -0.13120073 0.00213851
v -0.19718382 -0.15306757 0.00213851
v -0.19718382 -0.17493376 0.00213851
v -0.17531698 -0.15306757 0.00213851
v -0.17531698 -0.17493376 0.00213851
v -0.24086239 -0.02192358 0.17453855
v -0.24086239 -0.04379496 0.17453855
v -0.21899231 -0.02192682 0.17453855
v -0.21899231 -0.04379301 0.17453855
v -0.24086758 -0.06566115 0.17443026
v -0.24086758 -0.08752281 0.17432262
v -0.21899555 -0.06566115 0.17443026
v -0.21899944 -0.08752411 0.17443026
v -0.19712547 -0.02192682 0.17453855
v -0.19712547 -0.04379301 0.17453855
v -0.17525927 -0.02192682 0.17453855
v -0.17525927 -0.04379301 0.17453855
v -0.19712936 -0.06566115 0.17443026
v -0.19712936 -0.08752281 0.17421434
v -0.17526251 -0.06566115 0.17443026
v -0.17526965 -0.08752605 0.17443026
v -0.24086563 -0.10938576 0.17432262
v -0.24086563 -0.13125195 0.17432262
v -0.21900074 -0.10938900 0.17432262
v -0.21899944 -0.13125195 0.17432262
v -0.24086888 -0.15312009 0.17432262
v -0.24086499 -0.17497915 0.17432262
v -0.21899944 -0.15311815 0.17432262
v -0.21899944 -0.17498499 0.17432262
v -0.19712936 -0.10938381 0.17410605
v -0.19712936 -0.13124482 0.17410670
v -0.17527678 -0.10939095 0.17432262
v -0.17527678 -0.13125195 0.17432262
v -0.19712936 -0.15311101 0.17410670
v -0.19712936 -0.17497786 0.17421434
v -0.17527678 -0.15311815 0.17432262
v -0.17527354 -0.17498304 0.17443091
v -0.26536379 -0.18798073 0.01224810
v -0.26692065 -0.18529106 0.02305930
v -0.26019195 -0.19871605 0.02296657
v -0.25637856 -0.19583640 0.00751136
v -0.26711648 -0.18535266 0.04377064
v -0.26043122 -0.19892355 0.04377259
v -0.26711453 -0.18535785 0.06564721
v -0.26043316 -0.19892225 0.06564786
v -0.26711453 -0.18535785 0.08751341
v -0.26043316 -0.19892290 0.08751405
v -0.26711453 -0.18535785 0.10938025
v -0.26043316 -0.19892290 0.10938090
v -0.26710935 -0.18537146 0.13124644
v -0.26043186 -0.19892420 0.13124190
v -0.26684803 -0.18524956 0.15251933
v -0.26004605 -0.19877376 0.15268857
v -0.25791403 -0.19323686 0.16851273
v -0.26812932 -0.18127536 0.16341676
v -0.24059719 -0.19667481 0.00217158
v -0.25241409 -0.21070543 0.02275389
v -0.24562054 -0.21829006 0.00911362
v -0.23770067 -0.21615221 0.00234924
v -0.25272533 -0.21096934 0.04376221
v -0.21905974 -0.19680514 0.00213851
v -0.21904548 -0.21864735 0.00213915
v -0.24079625 -0.22637398 0.01227663
v -0.24331344 -0.22366875 0.02303141
v -0.23342625 -0.23648617 0.02293674
v -0.23154387 -0.23568083 0.00768838
v -0.24348657 -0.22377444 0.04374860
v -0.23362337 -0.23670275 0.04375054
v -0.21720784 -0.23864543 0.00222669
v -0.22232781 -0.24990338 0.01211842
v -0.22470688 -0.24764687 0.02301391
v -0.21507452 -0.25786410 0.02298538
v -0.21152115 -0.25678642 0.00769810
v -0.22489816 -0.24786474 0.04374860
v -0.21519902 -0.25804112 0.04375703
v -0.25272663 -0.21097129 0.06564138
v -0.25272598 -0.21097129 0.08750757
v -0.24348398 -0.22378028 0.06562711
v -0.23362273 -0.23670404 0.06561998
v -0.24348398 -0.22378028 0.08749331
v -0.23362273 -0.23670404 0.08748682
v -0.22490141 -0.24786214 0.06563295
v -0.21519708 -0.25804112 0.06564138
v -0.22490141 -0.24786149 0.08749979
v -0.21526451 -0.25812542 0.08750627
v -0.19718382 -0.19680061 0.00213851
v -0.19718382 -0.21866680 0.00213851
v -0.17531698 -0.19680061 0.00213851
v -0.17531698 -0.21866680 0.00213851
v -0.19717215 -0.24051678 0.00213851
v -0.19559324 -0.26010960 0.00222215
v -0.17531698 -0.24053364 0.00213851
v -0.17530337 -0.26237455 0.00213851
v -0.20115932 -0.26922516 0.01214371
v -0.20450714 -0.26709184 0.02300288
v -0.19287309 -0.27619832 0.02298278
v -0.18934825 -0.27668788 0.00774998
v -0.20468740 -0.26736483 0.04376740
v -0.19298527 -0.27635330 0.04375768
v -0.17276154 -0.28052072 0.00241668
v -0.17654575 -0.28834333 0.01226756
v -0.17994220 -0.28606606 0.02301326
v -0.16715072 -0.29499811 0.02308783
v -0.17010624 -0.29132154 0.00923293
v -0.18011857 -0.28630792 0.04372655
v -0.16720324 -0.29517189 0.04372655
v -0.20455058 -0.26719624 0.06563878
v -0.19284845 -0.27618600 0.06562452
v -0.20461283 -0.26728572 0.08749266
v -0.19290681 -0.27627873 0.08747191
v -0.18012441 -0.28630403 0.06560896
v -0.16720648 -0.29516995 0.06560960
v -0.18005697 -0.28621908 0.08747191
v -0.16721102 -0.29516670 0.08747839
v -0.25272598 -0.21097129 0.10937441
v -0.25272209 -0.21097712 0.13124125
v -0.24348398 -0.22378028 0.10936015
v -0.23362273 -0.23670404 0.10935301
v -0.24347944 -0.22378612 0.13122764
v -0.23361689 -0.23671117 0.13122115
v -0.22490141 -0.24786149 0.10936598
v -0.21533584 -0.25820647 0.10937765
v -0.22489557 -0.24786927 0.13123282
v -0.21533454 -0.25820777 0.13124644
v -0.25258657 -0.21095702 0.15231702
v -0.24048825 -0.19677661 0.17429150
v -0.23755478 -0.21634025 0.17409113
v -0.24879134 -0.21385937 0.16689945
v -0.21899944 -0.19685118 0.17432262
v -0.21898777 -0.21869727 0.17443026
v -0.24329204 -0.22366486 0.15248885
v -0.23399233 -0.23585720 0.15110770
v -0.23431395 -0.23224417 0.16731898
v -0.24551290 -0.22026646 0.16335581
v -0.22525739 -0.24697704 0.15112132
v -0.21512251 -0.25806511 0.15248561
v -0.21708659 -0.23882569 0.17432716
v -0.21422898 -0.25427507 0.16736502
v -0.22666772 -0.24443586 0.16365862
v -0.19713065 -0.19684794 0.17432262
v -0.19712936 -0.21871608 0.17432262
v -0.17526965 -0.19685313 0.17443091
v -0.17526770 -0.21872127 0.17453855
v -0.19712611 -0.24057060 0.17443026
v -0.19550635 -0.26033849 0.17436088
v -0.17526641 -0.24059005 0.17453855
v -0.17525992 -0.26243226 0.17453855
v -0.20467897 -0.26737131 0.10935950
v -0.19290811 -0.27627678 0.10934653
v -0.20474706 -0.26745431 0.13123931
v -0.19303650 -0.27645121 0.13120754
v -0.18005632 -0.28622038 0.10932967
v -0.16721361 -0.29516476 0.10934264
v -0.18011079 -0.28631181 0.13119716
v -0.16720259 -0.29517059 0.13120883
v -0.20459597 -0.26737390 0.15238899
v -0.19288152 -0.27637015 0.15233777
v -0.19237770 -0.27451242 0.16833182
v -0.20712289 -0.26487098 0.16356655
v -0.18007448 -0.28620223 0.15229108
v -0.16696073 -0.29490344 0.15274174
v -0.17263769 -0.28070812 0.17420591
v -0.17469060 -0.28848274 0.16672892
v -0.18283029 -0.28373367 0.16335775
v -0.15344884 -0.02186976 0.00213851
v -0.15344495 -0.04373595 0.00213851
v -0.13168640 -0.02177768 0.00216120
v -0.13191010 -0.04365620 0.00224485
v -0.15344366 -0.06560020 0.00213851
v -0.15344690 -0.08746640 0.00213851
v -0.13204303 -0.06560604 0.00230450
v -0.13193021 -0.08753253 0.00224679
v -0.11015868 -0.02162530 0.00169433
v -0.15345014 -0.10933389 0.00213851
v -0.15345079 -0.13120073 0.00213851
v -0.13170066 -0.10939549 0.00216444
v -0.13158265 -0.13119943 0.00213851
v -0.15345079 -0.15306757 0.00213851
v -0.15345079 -0.17493376 0.00213851
v -0.13158395 -0.15306757 0.00213851
v -0.13158395 -0.17493376 0.00213851
v -0.10995832 -0.13132069 0.00219038
v -0.10971646 -0.15306562 0.00213851
v -0.10971775 -0.17493376 0.00213851
v -0.08796892 -0.15312009 0.00216379
v -0.08785091 -0.17493311 0.00213851
v -0.15339243 -0.02192682 0.17453855
v -0.15339243 -0.04379301 0.17443026
v -0.13152624 -0.02192682 0.17453855
v -0.13152948 -0.04379496 0.17443026
v -0.15339438 -0.06565791 0.17443026
v -0.15339632 -0.08752281 0.17443026
v -0.13152948 -0.06565597 0.17453855
v -0.13153142 -0.08752605 0.17432262
v -0.10965940 -0.02192682 0.17453855
v -0.10966329 -0.04379496 0.17453855
v -0.08779320 -0.02192682 0.17453855
v -0.08779320 -0.04379301 0.17453855
v -0.10966134 -0.06565791 0.17443026
v -0.10966458 -0.08752605 0.17432262
v -0.08779644 -0.06566115 0.17453855
v -0.08780228 -0.08752800 0.17453855
v -0.15339956 -0.10939095 0.17432262
v -0.15339956 -0.13125195 0.17432262
v -0.13153142 -0.10938706 0.17432262
v -0.13153337 -0.13125195 0.17432262
v -0.15339956 -0.15311815 0.17432262
v -0.15339632 -0.17498304 0.17432262
v -0.13153337 -0.15311815 0.17432262
v -0.13153337 -0.17498499 0.17432262
v -0.10966653 -0.10938576 0.17443026
v -0.10966847 -0.13125584 0.17432262
v -0.08780033 -0.10939095 0.17443026
v -0.08780033 -0.13125714 0.17432262
v -0.10966653 -0.15311815 0.17432262
v -0.10966653 -0.17498499 0.17432262
v -0.08780033 -0.15311815 0.17432262
v -0.08780033 -0.17498499 0.17432262
v -0.06625706 -0.15344625 0.00229543
v -0.06598148 -0.17492728 0.00213851
v -0.04425340 -0.17500444 0.00217482
v -0.02227438 -0.17520481 0.00225522
v -0.00005674 -0.15370108 0.00166969
v -0.00025710 -0.17513478 0.00221891
v -0.06592636 -0.02192682 0.17453855
v -0.06592636 -0.04379301 0.17453855
v -0.04406017 -0.02192682 0.17453855
v -0.04406017 -0.04379301 0.17453855
v -0.06592636 -0.06565986 0.17443026
v -0.06592441 -0.08752281 0.17432197
v -0.04406341 -0.06566115 0.17443026
v -0.04406730 -0.08752411 0.17443026
v -0.02219332 -0.02192682 0.17453855
v -0.02219332 -0.04379301 0.17453855
v -0.00032713 -0.02192682 0.17453855
v -0.00032713 -0.04379301 0.17453855
v -0.02219721 -0.06566115 0.17443026
v -0.02219721 -0.08752281 0.17421434
v -0.00033037 -0.06566115 0.17443026
v -0.00033751 -0.08752605 0.17443026
v -0.06592636 -0.10938706 0.17432262
v -0.06593220 -0.13125390 0.17432262
v -0.04406924 -0.10938900 0.17432262
v -0.04406730 -0.13125195 0.17432262
v -0.06593349 -0.15311815 0.17432262
v -0.06593349 -0.17498499 0.17432262
v -0.04406730 -0.15311815 0.17432262
v -0.04406730 -0.17498499 0.17432262
v -0.02219721 -0.10938381 0.17421434
v -0.02219916 -0.13124806 0.17432262
v -0.00034140 -0.10938900 0.17443091
v -0.00033751 -0.13125390 0.17443091
v -0.02220046 -0.15311815 0.17432262
v -0.02220046 -0.17498499 0.17432262
v -0.00033621 -0.15312204 0.17453855
v -0.00033751 -0.17499212 0.17453855
v -0.15345079 -0.19680061 0.00213851
v -0.15345079 -0.21866680 0.00213851
v -0.13158395 -0.19680061 0.00213851
v -0.13158395 -0.21866680 0.00213851
v -0.15345079 -0.24053364 0.00213851
v -0.15344884 -0.26239659 0.00213851
v -0.13158395 -0.24053364 0.00213851
v -0.13158395 -0.26239983 0.00213851
v -0.10971775 -0.19680061 0.00213851
v -0.10971775 -0.21866680 0.00213851
v -0.08785091 -0.19680061 0.00213851
v -0.08785091 -0.21866680 0.00213851
v -0.10971775 -0.24053364 0.00213851
v -0.10971775 -0.26239983 0.00213851
v -0.08785091 -0.24053364 0.00213851
v -0.08785091 -0.26239983 0.00213851
v -0.15331462 -0.28365262 0.00222669
v -0.15492336 -0.30218007 0.02283300
v -0.14861483 -0.30075418 0.00855792
v -0.15502970 -0.30239016 0.04376546
v -0.13158395 -0.28424658 0.00213851
v -0.13002902 -0.30228122 0.00246402
v -0.13735752 -0.30991124 0.01234666
v -0.14012435 -0.30909163 0.02439246
v -0.12482022 -0.31557524 0.02443525
v -0.12703006 -0.31322859 0.01061991
v -0.14142380 -0.30867275 0.04377194
v -0.12606326 -0.31521082 0.04377389
v -0.15498367 -0.30229354 0.06562387
v -0.15502063 -0.30239535 0.08748682
v -0.14141213 -0.30867924 0.06563424
v -0.12601851 -0.31511291 0.06564656
v -0.14141213 -0.30867924 0.08750109
v -0.12597312 -0.31501435 0.08750952
v -0.10971451 -0.28425890 0.00213851
v -0.10937733 -0.30492615 0.00233952
v -0.08785091 -0.28426538 0.00213851
v -0.08796957 -0.30590787 0.00223123
v -0.10742363 -0.32171582 0.02283300
v -0.10868222 -0.31735387 0.00894438
v -0.10750273 -0.32200308 0.04376675
v -0.09371268 -0.32610696 0.02279604
v -0.08674664 -0.32239148 0.00762289
v -0.09382939 -0.32633261 0.04375703
v -0.10750727 -0.32200178 0.06563619
v -0.10750727 -0.32200178 0.08750303
v -0.09381837 -0.32633391 0.06562128
v -0.09383458 -0.32644090 0.08748617
v -0.15339438 -0.19685118 0.17443026
v -0.15339243 -0.21871997 0.17453855
v -0.13152948 -0.19684989 0.17432262
v -0.13152429 -0.21871608 0.17432262
v -0.15339243 -0.24059135 0.17453855
v -0.15338919 -0.26245236 0.17443026
v -0.13152235 -0.24058422 0.17432197
v -0.13152624 -0.26245301 0.17432262
v -0.10966653 -0.19685118 0.17432262
v -0.10966653 -0.21871802 0.17432262
v -0.08780033 -0.19685118 0.17432262
v -0.08780033 -0.21871802 0.17421434
v -0.10966653 -0.24058422 0.17432262
v -0.10966653 -0.26245106 0.17443091
v -0.08779839 -0.24058098 0.17410670
v -0.08779320 -0.26244198 0.17410670
v -0.15506602 -0.30249326 0.10935690
v -0.15506796 -0.30249261 0.13122504
v -0.14141213 -0.30867924 0.10936728
v -0.12601073 -0.31511615 0.10937247
v -0.14144779 -0.30878039 0.13123477
v -0.12604704 -0.31521666 0.13124385
v -0.15487019 -0.30232726 0.15247329
v -0.15320050 -0.28372070 0.17428566
v -0.15223499 -0.29908189 0.16848809
v -0.13153467 -0.28429456 0.17443091
v -0.12991360 -0.30240313 0.17396469
v -0.14142056 -0.30870582 0.15230729
v -0.12595886 -0.31500592 0.15253943
v -0.13443248 -0.31017061 0.16658367
v -0.14407132 -0.30716127 0.16345761
v -0.10750727 -0.32200178 0.10936922
v -0.10750144 -0.32200308 0.13123672
v -0.09386116 -0.32654594 0.10935755
v -0.09386895 -0.32654529 0.13122764
v -0.10966069 -0.28430623 0.17432262
v -0.10926061 -0.30497478 0.17406196
v -0.08779320 -0.28430947 0.17421434
v -0.08784508 -0.30593964 0.17428890
v -0.10726022 -0.32169248 0.15270089
v -0.11472035 -0.31534375 0.16705248
v -0.09370295 -0.32636633 0.15254721
v -0.08944993 -0.32167886 0.16844335
v -0.06598472 -0.19680061 0.00213851
v -0.06598472 -0.21866680 0.00213851
v -0.04411723 -0.19679931 0.00213851
v -0.04411788 -0.21866680 0.00213851
v -0.06598472 -0.24053364 0.00213851
v -0.06598472 -0.26239983 0.00213851
v -0.04411788 -0.24053364 0.00213851
v -0.04411788 -0.26239983 0.00213851
v -0.02225039 -0.19679607 0.00213851
v -0.02225168 -0.21866680 0.00213851
v -0.00038614 -0.19679542 0.00213851
v -0.00038484 -0.21866680 0.00213851
v -0.02225168 -0.24053364 0.00213851
v -0.02225168 -0.26239983 0.00213851
v -0.00038484 -0.24053364 0.00213851
v -0.00038484 -0.26239983 0.00213851
v -0.06598472 -0.28426668 0.00213851
v -0.06599509 -0.30610758 0.00213915
v -0.04411788 -0.28426668 0.00213851
v -0.04411852 -0.30610304 0.00213915
v -0.06534278 -0.32210164 0.00272468
v -0.07523904 -0.32968821 0.01254962
v -0.07923464 -0.32914937 0.02304892
v -0.06368411 -0.33163414 0.02323048
v -0.06461395 -0.33064464 0.00940411
v -0.07933903 -0.32933158 0.04375703
v -0.06365622 -0.33156864 0.04377259
v -0.04414252 -0.32299387 0.00256906
v -0.04340137 -0.33400089 0.02310274
v -0.04413084 -0.33226051 0.00919597
v -0.04343962 -0.33408389 0.04377778
v -0.07929040 -0.32912084 0.06562646
v -0.06360111 -0.33135920 0.06564267
v -0.07929494 -0.32922913 0.08748941
v -0.06360046 -0.33146814 0.08750044
v -0.04344870 -0.33408259 0.06565240
v -0.04343444 -0.33397495 0.08751859
v -0.02225168 -0.28426668 0.00213851
v -0.02225233 -0.30610239 0.00213915
v -0.00038679 -0.28426473 0.00213851
v -0.00022792 -0.30623856 0.00226625
v -0.02301099 -0.32275719 0.00254507
v -0.02308556 -0.33448007 0.02302882
v -0.02306157 -0.33202189 0.00915382
v -0.02313613 -0.33449434 0.04377129
v -0.00108579 -0.32194601 0.00270912
v -0.00273668 -0.33308531 0.02298019
v -0.00201693 -0.33083852 0.00914409
v -0.00274446 -0.33311644 0.04375508
v -0.02315818 -0.33438540 0.06564138
v -0.02314262 -0.33449239 0.08750433
v -0.00275224 -0.33311644 0.06562128
v -0.00275030 -0.33311644 0.08748423
v -0.06593349 -0.19685118 0.17443026
v -0.06593933 -0.21872321 0.17443026
v -0.04406341 -0.19684989 0.17443026
v -0.04406341 -0.21872127 0.17443026
v -0.06594452 -0.24059005 0.17443091
v -0.06594646 -0.26245430 0.17432262
v -0.04406341 -0.24058811 0.17443026
v -0.04406730 -0.26245625 0.17432262
v -0.02219721 -0.19684989 0.17432262
v -0.02219527 -0.21871802 0.17443026
v -0.00033751 -0.19685896 0.17453855
v -0.00033426 -0.21872321 0.17453855
v -0.02219721 -0.24058811 0.17453855
v -0.02220240 -0.26246014 0.17453855
v -0.00032843 -0.24059005 0.17453855
v -0.00032713 -0.26245819 0.17453855
v -0.07931634 -0.32933547 0.10935626
v -0.06360435 -0.33146749 0.10936858
v -0.07933255 -0.32944246 0.13122764
v -0.06363807 -0.33168147 0.13123801
v -0.04343249 -0.33397560 0.10938155
v -0.04344351 -0.33408324 0.13124774
v -0.06594063 -0.28431596 0.17432262
v -0.06593479 -0.30614584 0.17432262
v -0.04406730 -0.28431725 0.17432262
v -0.04406730 -0.30615038 0.17432262
v -0.07935265 -0.32939383 0.15230988
v -0.06360565 -0.33153882 0.15251349
v -0.06523903 -0.32206922 0.17394913
v -0.07169410 -0.32965190 0.16670103
v -0.08149181 -0.32871946 0.16335581
v -0.04343379 -0.33385305 0.15264382
v -0.04412371 -0.32290698 0.17399971
v -0.05064622 -0.33147592 0.16687351
v -0.02313030 -0.33460003 0.10937441
v -0.02313160 -0.33460003 0.13124061
v -0.00274511 -0.33311514 0.10935107
v -0.00272955 -0.33322213 0.13121597
v -0.02220435 -0.28432439 0.17453855
v -0.02220435 -0.30615751 0.17443091
v -0.00032972 -0.28432179 0.17453855
v -0.00025775 -0.30617372 0.17440692
v -0.02314456 -0.33434715 0.15256796
v -0.02300321 -0.32267809 0.17403148
v -0.02962752 -0.33213796 0.16697207
v -0.00275808 -0.33308401 0.15233712
v -0.00109681 -0.32186431 0.17390179
v -0.00923260 -0.33180532 0.16677171
v 0.01718878 -0.00212457 -0.00422903
v 0.04739567 -0.04610271 -0.00588900
v 0.03905821 -0.02320422 -0.00422708
v 0.04927156 -0.06633292 -0.00578719
v 0.04940384 -0.08718628 -0.00580276
v 0.02058912 -0.13001800 -0.00733239
v 0.03324638 -0.12111901 -0.00365388
v 0.04149500 -0.10821081 -0.00737130
v 0.02147876 0.17448246 0.00227986
v 0.02827166 0.18771422 0.00889121
v 0.02117789 0.19483004 0.02271174
v 0.02135945 0.19517630 0.04372915
v 0.04302593 0.17372315 0.00241020
v 0.04856867 0.18446107 0.00898912
v 0.04099701 0.19080202 0.02282910
v 0.04100349 0.19106658 0.04372136
v 0.02135750 0.19518019 0.06562322
v 0.02135232 0.19517889 0.08745570
v 0.04100479 0.19106723 0.06561349
v 0.04100608 0.19105556 0.08736362
v 0.06397460 0.17179863 0.00258008
v 0.06857907 0.17996814 0.00933992
v 0.06027144 0.18489746 0.02293415
v 0.06028895 0.18508097 0.04372396
v 0.07819327 0.17720066 0.01241799
v 0.08715191 0.16864404 0.00758722
v 0.09031104 0.17243149 0.02306902
v 0.07547572 0.17869398 0.02314165
v 0.09047768 0.17256377 0.04376221
v 0.07546988 0.17878541 0.04374211
v 0.06028441 0.18508227 0.06561479
v 0.06033693 0.18504077 0.08732536
v 0.09047574 0.17256636 0.06563813
v 0.07546664 0.17878606 0.06562452
v 0.09047768 0.17256377 0.08742457
v 0.07551527 0.17875818 0.08741549
v 0.02161169 0.19604519 0.10989769
v 0.01474097 0.20443127 0.12603570
v 0.04214601 0.19416216 0.11084180
v 0.03571493 0.20306958 0.12583663
v 0.06264533 0.19056665 0.11076139
v 0.09124931 0.17408303 0.10988148
v 0.07692495 0.18205023 0.10984841
v 0.02148006 0.15307859 0.00213851
v 0.02148135 0.13119684 0.00213851
v 0.04333523 0.15306433 0.00213851
v 0.04334755 0.13119684 0.00213851
v 0.02148135 0.10933064 0.00213851
v 0.02148135 0.08746380 0.00213851
v 0.04334755 0.10933064 0.00213851
v 0.04334755 0.08746380 0.00213851
v 0.06520661 0.15306238 0.00213851
v 0.06521439 0.13119684 0.00213851
v 0.08694766 0.15271742 0.00222734
v 0.08708577 0.13120656 0.00213851
v 0.06521439 0.10933064 0.00213851
v 0.06521439 0.08746380 0.00213851
v 0.08708058 0.10933064 0.00213851
v 0.08708058 0.08746380 0.00213851
v 0.02148135 0.06559761 0.00213851
v 0.02148070 0.04373012 0.00213851
v 0.04334755 0.06559761 0.00213851
v 0.04334755 0.04373077 0.00213851
v 0.02154749 0.02198777 0.00216898
v 0.04334560 0.02186263 0.00213851
v 0.04349279 0.00026034 0.00220400
v 0.06521439 0.06559761 0.00213851
v 0.06521439 0.04373077 0.00213851
v 0.08708058 0.06559761 0.00213851
v 0.08708058 0.04373077 0.00213851
v 0.06521439 0.02186457 0.00213851
v 0.06521180 -0.00000421 0.00213851
v 0.08708058 0.02186457 0.00213851
v 0.08708058 -0.00000162 0.00213851
v 0.02988819 0.17133954 0.18197663
v 0.02154036 0.15254105 0.17434791
v 0.02154036 0.13114691 0.17453855
v 0.05110855 0.16926004 0.18179248
v 0.04334495 0.15241396 0.17431808
v 0.04340655 0.13114821 0.17453855
v 0.02153971 0.10927229 0.17453855
v 0.02153971 0.08740609 0.17453855
v 0.04340591 0.10927229 0.17453855
v 0.04340591 0.08740609 0.17453855
v 0.06521180 0.13102306 0.17450937
v 0.06527275 0.10927293 0.17453855
v 0.06527275 0.08740609 0.17453855
v 0.08714089 0.10927682 0.17453855
v 0.08713894 0.08740609 0.17453855
v 0.02153971 0.06553925 0.17453855
v 0.02153971 0.04367306 0.17453855
v 0.04340591 0.06553925 0.17453855
v 0.04340591 0.04367306 0.17453855
v 0.02153971 0.02180621 0.17453855
v 0.02153971 -0.00005998 0.17453855
v 0.04340591 0.02180621 0.17453855
v 0.04340591 -0.00005998 0.17453855
v 0.06527275 0.06553925 0.17453855
v 0.06527275 0.04367306 0.17453855
v 0.08713894 0.06553925 0.17453855
v 0.08713894 0.04367306 0.17453855
v 0.06527275 0.02180621 0.17453855
v 0.06527275 -0.00005998 0.17453855
v 0.08713894 0.02180621 0.17453855
v 0.08713894 -0.00005998 0.17453855
v 0.10753904 0.15049656 0.00244067
v 0.11084407 0.15917573 0.01054988
v 0.10311614 0.16575271 0.02278307
v 0.10893770 0.13120138 0.00213915
v 0.10334309 0.16602246 0.04374730
v 0.11948498 0.15543108 0.01228571
v 0.12871726 0.14530008 0.00975426
v 0.12948305 0.14837621 0.02434772
v 0.11731405 0.15750215 0.02435355
v 0.13004264 0.13029423 0.00232007
v 0.12928463 0.14878472 0.04372720
v 0.11698660 0.15793724 0.04372331
v 0.10894742 0.10933064 0.00213851
v 0.10894742 0.08746380 0.00213851
v 0.13081686 0.10934167 0.00213851
v 0.13081362 0.08746380 0.00213851
v 0.10334114 0.16602570 0.06563100
v 0.10337551 0.16598031 0.08733509
v 0.12927944 0.14878991 0.06561479
v 0.11698465 0.15793919 0.06561155
v 0.12931446 0.14875230 0.08738048
v 0.11701319 0.15789899 0.08735778
v 0.14336454 0.13719996 0.01229414
v 0.15070082 0.12643675 0.00867528
v 0.15266101 0.13056333 0.02439375
v 0.14109959 0.13945777 0.02436652
v 0.15254364 0.13091348 0.04377583
v 0.14097055 0.13981311 0.04375703
v 0.15216820 0.10897531 0.00231682
v 0.15268176 0.08747807 0.00213851
v 0.16522100 0.11754425 0.01225718
v 0.17125914 0.10485197 0.00765660
v 0.17265131 0.10985716 0.02295231
v 0.16291391 0.12070402 0.02293026
v 0.17329065 0.08668893 0.00226430
v 0.17288474 0.11002186 0.04374730
v 0.16312789 0.12088558 0.04374341
v 0.15254818 0.13091218 0.06564656
v 0.14097574 0.13981052 0.06562452
v 0.15256569 0.13088559 0.08744662
v 0.14100881 0.13977745 0.08741614
v 0.17288604 0.11002057 0.06563165
v 0.16312724 0.12088623 0.06562581
v 0.17289901 0.10998361 0.08740317
v 0.16314539 0.12085964 0.08742522
v 0.10894742 0.06559761 0.00213851
v 0.10894742 0.04373077 0.00213851
v 0.13081362 0.06559761 0.00213851
v 0.13081362 0.04373077 0.00213851
v 0.10894742 0.02186457 0.00213851
v 0.10894742 -0.00000162 0.00213851
v 0.13081362 0.02186457 0.00213851
v 0.13081362 -0.00000162 0.00213851
v 0.15268046 0.06559761 0.00213851
v 0.15268046 0.04373077 0.00213851
v 0.17453044 0.06559761 0.00213851
v 0.17454276 0.04372882 0.00213851
v 0.15268046 0.02186457 0.00213851
v 0.15268046 -0.00000162 0.00213851
v 0.17454665 0.02186457 0.00213851
v 0.17454665 -0.00000162 0.00213851
v 0.10631352 0.17061720 0.11079446
v 0.13189908 0.15191467 0.11079446
v 0.11993629 0.16165466 0.11085023
v 0.13261365 0.15912710 0.12228067
v 0.10900643 0.08740739 0.17453855
v 0.13075007 0.08715645 0.17447889
v 0.15464908 0.13230240 0.10984193
v 0.14288924 0.14217078 0.10990093
v 0.15575205 0.13892217 0.12240776
v 0.17544991 0.11183940 0.10979135
v 0.16516329 0.12234194 0.10994114
v 0.17720909 0.11847020 0.12240841
v 0.10900578 0.06553925 0.17453855
v 0.10900578 0.04367306 0.17453855
v 0.13087262 0.06554055 0.17453855
v 0.13087198 0.04367306 0.17453855
v 0.10900578 0.02180621 0.17453855
v 0.10900578 -0.00005998 0.17453855
v 0.13087198 0.02180621 0.17453855
v 0.13087198 -0.00005998 0.17453855
v 0.15261886 0.06528961 0.17447954
v 0.15273947 0.04367435 0.17453855
v 0.17423671 0.04342212 0.17439071
v 0.15273882 0.02180621 0.17453855
v 0.15273882 -0.00005998 0.17453855
v 0.17454341 0.02167977 0.17450742
v 0.17460566 -0.00005933 0.17453855
v 0.18442087 0.09377038 0.01219039
v 0.19080138 0.08162344 0.00782066
v 0.19139079 0.08546471 0.02303012
v 0.18243734 0.09720963 0.02305346
v 0.19162812 0.08560542 0.04376351
v 0.18261241 0.09734126 0.04374406
v 0.19162812 0.08560347 0.06564138
v 0.18261501 0.09733737 0.06562517
v 0.19154512 0.08550426 0.08735130
v 0.18254109 0.09723233 0.08734935
v 0.19308578 0.06408418 0.00245688
v 0.19574043 0.04357450 0.00223318
v 0.20189852 0.06996475 0.01235444
v 0.20427371 0.06174337 0.00918754
v 0.20795352 0.05946869 0.02312414
v 0.20013416 0.07303504 0.02296981
v 0.21264293 0.03928970 0.00864416
v 0.21378870 0.04633808 0.02288487
v 0.20808645 0.05949398 0.04378296
v 0.20040585 0.07321985 0.04375962
v 0.21414403 0.04649241 0.04376416
v 0.19638886 0.02186587 0.00213851
v 0.19639664 -0.00000421 0.00213851
v 0.21406557 0.02056189 0.00260408
v 0.21619111 -0.00026683 0.00248477
v 0.20808904 0.05949074 0.06565564
v 0.20040585 0.07321855 0.06564073
v 0.21423741 0.04654363 0.06564656
v 0.20808969 0.05946221 0.08746024
v 0.20041169 0.07315760 0.08734157
v 0.21422314 0.04652483 0.08739150
v 0.22156850 0.02738851 0.01243679
v 0.22454542 0.01774772 0.01070550
v 0.22669625 0.01545489 0.02450788
v 0.22070934 0.03012292 0.02438727
v 0.22787055 -0.00133024 0.00908184
v 0.23181038 -0.00246888 0.02295295
v 0.22617556 0.01662465 0.04375508
v 0.22036438 0.03147164 0.04374925
v 0.23198026 -0.00244878 0.04374795
v 0.22627801 0.01665966 0.06562322
v 0.22036178 0.03147034 0.06563035
v 0.23197962 -0.00244554 0.06561933
v 0.22637009 0.01666939 0.08735454
v 0.22044673 0.03146386 0.08729359
v 0.23197897 -0.00247212 0.08740901
v 0.19559648 0.08851555 0.11075232
v 0.18597255 0.09984613 0.11089173
v 0.19732648 0.09516644 0.12227483
v 0.21003821 0.06010285 0.10989121
v 0.20521781 0.07626031 0.11076982
v 0.21785562 0.04797341 0.10977190
v 0.22065357 0.06263106 0.12577892
v 0.22097519 0.05365297 0.12249659
v 0.23019191 0.01779117 0.11074259
v 0.22646152 0.03406599 0.11079576
v 0.23432302 -0.00222442 0.11081586
v 0.06528636 -0.02173489 0.00217352
v 0.06552174 -0.04360173 0.00226041
v 0.08707993 -0.02186911 0.00213851
v 0.08707604 -0.04373660 0.00213851
v 0.06567412 -0.06560798 0.00230904
v 0.06566958 -0.08747288 0.00230515
v 0.08707280 -0.06560215 0.00213851
v 0.08707215 -0.08746769 0.00213851
v 0.04377940 -0.13166305 0.00162431
v 0.02168237 -0.15348516 0.00230969
v 0.02148978 -0.17493701 0.00213851
v 0.04348890 -0.15323551 0.00220465
v 0.04334625 -0.17492858 0.00213851
v 0.06560280 -0.10946746 0.00228829
v 0.06538233 -0.13134338 0.00220465
v 0.08707280 -0.10933389 0.00213851
v 0.08707604 -0.13119943 0.00213851
v 0.06522217 -0.15307535 0.00213851
v 0.06521309 -0.17493311 0.00213851
v 0.08707993 -0.15306627 0.00213851
v 0.08708058 -0.17493376 0.00213851
v 0.02153971 -0.02192682 0.17453855
v 0.02153971 -0.04379301 0.17453855
v 0.04340591 -0.02192682 0.17453855
v 0.04340591 -0.04379301 0.17453855
v 0.02153582 -0.06566115 0.17453855
v 0.02153388 -0.08752605 0.17443026
v 0.04340591 -0.06565986 0.17453855
v 0.04340266 -0.08752800 0.17453855
v 0.06527275 -0.02192682 0.17453855
v 0.06527275 -0.04379301 0.17453855
v 0.08713894 -0.02192682 0.17453855
v 0.08713894 -0.04379301 0.17453855
v 0.06527275 -0.06565986 0.17443026
v 0.06527404 -0.08752281 0.17432197
v 0.08713570 -0.06566115 0.17443026
v 0.08713181 -0.08752411 0.17443026
v 0.02153582 -0.10938900 0.17432262
v 0.02153777 -0.13125195 0.17443026
v 0.04339683 -0.10939419 0.17453855
v 0.04339877 -0.13125714 0.17453855
v 0.02153971 -0.15312009 0.17453855
v 0.02153971 -0.17499212 0.17453855
v 0.04340396 -0.15312398 0.17453855
v 0.04340591 -0.17499212 0.17453855
v 0.06527599 -0.10938576 0.17432197
v 0.06527599 -0.13125195 0.17432197
v 0.08712986 -0.10938900 0.17432262
v 0.08713181 -0.13125195 0.17432262
v 0.06527599 -0.15311815 0.17443026
v 0.06527404 -0.17498888 0.17453855
v 0.08713570 -0.15311685 0.17443026
v 0.08713894 -0.17498693 0.17443026
v 0.10894742 -0.02186846 0.00213851
v 0.10894742 -0.04373466 0.00213851
v 0.13081362 -0.02186846 0.00213851
v 0.13081362 -0.04373466 0.00213851
v 0.10894742 -0.06560150 0.00213851
v 0.10894742 -0.08746769 0.00213851
v 0.13081362 -0.06560150 0.00213851
v 0.13081362 -0.08746769 0.00213851
v 0.15268046 -0.02186846 0.00213851
v 0.15268046 -0.04373466 0.00213851
v 0.17454665 -0.02186846 0.00213851
v 0.17454665 -0.04373466 0.00213851
v 0.15268046 -0.06560150 0.00213851
v 0.15268046 -0.08746769 0.00213851
v 0.17454665 -0.06560150 0.00213851
v 0.17454665 -0.08746769 0.00213851
v 0.10894742 -0.10933453 0.00213851
v 0.10894742 -0.13120073 0.00213851
v 0.13081362 -0.10933453 0.00213851
v 0.13081362 -0.13120073 0.00213851
v 0.10894742 -0.15306757 0.00213851
v 0.10894742 -0.17493376 0.00213851
v 0.13081362 -0.15306757 0.00213851
v 0.13081362 -0.17493376 0.00213851
v 0.15268046 -0.10933453 0.00213851
v 0.15268046 -0.13120073 0.00213851
v 0.17454665 -0.10933453 0.00213851
v 0.17454536 -0.13119943 0.00213851
v 0.15268046 -0.15306757 0.00213851
v 0.15267787 -0.17493182 0.00213851
v 0.17453758 -0.15306303 0.00213851
v 0.17452526 -0.17492339 0.00213851
v 0.10900578 -0.02192682 0.17453855
v 0.10900578 -0.04379301 0.17453855
v 0.13087198 -0.02192682 0.17453855
v 0.13087198 -0.04379301 0.17453855
v 0.10900189 -0.06566115 0.17453855
v 0.10899995 -0.08752605 0.17443026
v 0.13087198 -0.06565986 0.17453855
v 0.13086873 -0.08752800 0.17453855
v 0.15273882 -0.02192682 0.17453855
v 0.15273882 -0.04379301 0.17453855
v 0.17460501 -0.02192682 0.17453855
v 0.17460501 -0.04379301 0.17453855
v 0.15273882 -0.06565986 0.17453855
v 0.15273882 -0.08752605 0.17453855
v 0.17460501 -0.06565986 0.17453855
v 0.17460501 -0.08752605 0.17453855
v 0.10899865 -0.10939095 0.17432262
v 0.10899865 -0.13125195 0.17432262
v 0.13086290 -0.10939419 0.17453855
v 0.13086095 -0.13125909 0.17453855
v 0.10900189 -0.15311685 0.17432262
v 0.10900384 -0.17498499 0.17443026
v 0.13086095 -0.15312593 0.17453855
v 0.13086484 -0.17499018 0.17453855
v 0.15273882 -0.10939289 0.17453855
v 0.15273882 -0.13125909 0.17453855
v 0.17460501 -0.10939289 0.17453855
v 0.17446041 -0.13111449 0.17448473
v 0.15273882 -0.15312593 0.17453855
v 0.15273558 -0.17498888 0.17453855
v 0.17421207 -0.15297938 0.17439589
v 0.17410637 -0.17497461 0.17436283
v 0.02148006 -0.19679931 0.00213851
v 0.02148135 -0.21866680 0.00213851
v 0.04334755 -0.19680061 0.00213851
v 0.04334755 -0.21866680 0.00213851
v 0.02148135 -0.24053364 0.00213851
v 0.02148135 -0.26239983 0.00213851
v 0.04334755 -0.24053364 0.00213851
v 0.04334755 -0.26239983 0.00213851
v 0.06521439 -0.19680061 0.00213851
v 0.06521439 -0.21866680 0.00213851
v 0.08708058 -0.19680061 0.00213851
v 0.08708058 -0.21866680 0.00213851
v 0.06521439 -0.24053364 0.00213851
v 0.06521115 -0.26239659 0.00213851
v 0.08707929 -0.24053170 0.00213851
v 0.08707086 -0.26238427 0.00213851
v 0.02147746 -0.28425760 0.00213851
v 0.02143856 -0.30596039 0.00237129
v 0.04334430 -0.28424528 0.00213851
v 0.04242613 -0.30425892 0.00235703
v 0.02072270 -0.32292449 0.00978149
v 0.00955357 -0.32995990 0.00754313
v 0.01294937 -0.33075163 0.01621841
v 0.02795199 -0.32878949 0.02963887
v 0.01309008 -0.33100516 0.03644539
v 0.02802007 -0.32879987 0.05104273
v 0.04202087 -0.32498713 0.02282975
v 0.04194306 -0.31769883 0.00895475
v 0.04208895 -0.32515831 0.04376286
v 0.01308879 -0.33089623 0.05833946
v 0.02801683 -0.32880052 0.07291800
v 0.01307647 -0.33078924 0.08020241
v 0.02805963 -0.32889973 0.09478096
v 0.04200985 -0.32495860 0.06564397
v 0.04209998 -0.32515702 0.08750173
v 0.06535445 -0.28438145 0.00220205
v 0.06344613 -0.30184354 0.00246466
v 0.08671876 -0.28334591 0.00230839
v 0.08536031 -0.30050648 0.01101350
v 0.06117924 -0.31912277 0.02282068
v 0.06203062 -0.31339783 0.00897420
v 0.06116433 -0.31923171 0.04377194
v 0.07358296 -0.31078856 0.00734017
v 0.07720831 -0.31229875 0.01769617
v 0.09247678 -0.30628525 0.03231946
v 0.07828016 -0.31240444 0.04091563
v 0.09333983 -0.30617437 0.05549287
v 0.06112023 -0.31913444 0.06564851
v 0.06112542 -0.31913315 0.08750433
v 0.07834954 -0.31226373 0.06381801
v 0.09347146 -0.30612768 0.07838163
v 0.07830480 -0.31216582 0.08567642
v 0.09346627 -0.30612963 0.10022773
v 0.02153971 -0.19685896 0.17453855
v 0.02153971 -0.21872516 0.17453855
v 0.04340591 -0.19685896 0.17453855
v 0.04340591 -0.21872516 0.17453855
v 0.02153971 -0.24059135 0.17453855
v 0.02153971 -0.26245819 0.17453855
v 0.04340591 -0.24059135 0.17453855
v 0.04340591 -0.26245819 0.17453855
v 0.06527275 -0.19685896 0.17453855
v 0.06527275 -0.21872516 0.17453855
v 0.08714089 -0.19685507 0.17453855
v 0.08713894 -0.21872516 0.17453855
v 0.06527275 -0.24059135 0.17453855
v 0.06526821 -0.26245365 0.17453855
v 0.08713635 -0.24058941 0.17453855
v 0.08712662 -0.26243874 0.17453920
v 0.01309268 -0.33089623 0.10206536
v 0.02810437 -0.32899894 0.11665104
v 0.01310824 -0.33100257 0.12393221
v 0.02810566 -0.32899894 0.13851853
v 0.04214277 -0.32525558 0.10937571
v 0.04218622 -0.32535543 0.13124190
v 0.02153452 -0.28431142 0.17453855
v 0.02139122 -0.30588452 0.17441146
v 0.04340331 -0.28429845 0.17443091
v 0.04248644 -0.30428616 0.17421563
v 0.01308943 -0.33099284 0.14537627
v 0.02788390 -0.32860793 0.15968183
v 0.01748057 -0.32105119 0.17039641
v 0.00970271 -0.33024975 0.16342973
v 0.04212137 -0.32504484 0.15275276
v 0.03554245 -0.31925375 0.16726127
v 0.06117405 -0.31923041 0.10937247
v 0.06126159 -0.31942883 0.13123866
v 0.07834435 -0.31226697 0.10751538
v 0.09343839 -0.30614130 0.12197720
v 0.07835926 -0.31237850 0.12924864
v 0.09330806 -0.30618345 0.14333698
v 0.06530257 -0.28433541 0.17442443
v 0.06343576 -0.30185002 0.17414042
v 0.08668245 -0.28328237 0.17442961
v 0.08278671 -0.29871294 0.17257252
v 0.06121166 -0.31924143 0.15257120
v 0.05574090 -0.31609527 0.16689815
v 0.07820494 -0.31239147 0.15015711
v 0.09228225 -0.30601745 0.16238252
v 0.07467232 -0.31139873 0.16569597
v 0.10894742 -0.19680061 0.00213851
v 0.10894742 -0.21866680 0.00213851
v 0.13081362 -0.19680061 0.00213851
v 0.13080908 -0.21866226 0.00213851
v 0.10894289 -0.24052327 0.00213851
v 0.10868416 -0.26200105 0.00220918
v 0.13079611 -0.24050965 0.00213851
v 0.12885797 -0.25996759 0.00232071
v 0.15266814 -0.19679542 0.00213851
v 0.15270380 -0.21873099 0.00227273
v 0.17394102 -0.19638107 0.00226754
v 0.17172406 -0.21657044 0.00258786
v 0.15109117 -0.23917973 0.00244197
v 0.14647957 -0.25516211 0.00271690
v 0.16897668 -0.23604654 0.00979317
v 0.16001934 -0.25361432 0.00912983
v 0.16587915 -0.25242900 0.02286282
v 0.17469903 -0.24210672 0.02965767
v 0.16606006 -0.25260083 0.04373433
v 0.17478722 -0.24221241 0.05103949
v 0.16605942 -0.25260148 0.06561609
v 0.17478333 -0.24221825 0.07291606
v 0.16598290 -0.25252432 0.08749655
v 0.17478203 -0.24222019 0.09478420
v 0.10618643 -0.28023542 0.00244651
v 0.10531560 -0.29937044 0.02445665
v 0.10471904 -0.29297827 0.00890093
v 0.10634594 -0.29936655 0.04818836
v 0.12530265 -0.27730389 0.00970433
v 0.11586418 -0.28931207 0.00732656
v 0.11828021 -0.29121131 0.01594802
v 0.13067615 -0.28215735 0.02958051
v 0.11857394 -0.29162371 0.03642723
v 0.13081167 -0.28231038 0.05102458
v 0.10643153 -0.29922909 0.07107777
v 0.10644321 -0.29922649 0.09294332
v 0.11854736 -0.29152839 0.05831871
v 0.13074618 -0.28222479 0.07290050
v 0.11862712 -0.29161009 0.08018685
v 0.13070144 -0.28213076 0.09476021
v 0.14332109 -0.27225655 0.02273703
v 0.14507249 -0.26717354 0.00906434
v 0.14353572 -0.27254380 0.04372590
v 0.15437155 -0.26254443 0.00746402
v 0.15508288 -0.26277722 0.01622619
v 0.15529426 -0.26302816 0.03643696
v 0.14354091 -0.27254250 0.06560571
v 0.14341900 -0.27237132 0.08748293
v 0.15530204 -0.26302427 0.05833298
v 0.15522553 -0.26294711 0.08021344
v 0.10900578 -0.19685313 0.17453855
v 0.10900578 -0.21872516 0.17453855
v 0.13086938 -0.19685637 0.17453855
v 0.13086484 -0.21871997 0.17453855
v 0.10900060 -0.24057903 0.17453855
v 0.10867509 -0.26198938 0.17440497
v 0.13085188 -0.24056606 0.17453920
v 0.12874320 -0.26015499 0.17334674
v 0.16590769 -0.25244651 0.10935626
v 0.17478203 -0.24222019 0.11665039
v 0.16597966 -0.25252756 0.13119327
v 0.17478203 -0.24222019 0.13851399
v 0.15272390 -0.19685183 0.17453855
v 0.15263766 -0.21867263 0.17451585
v 0.17366998 -0.19654318 0.17424611
v 0.17167672 -0.21670985 0.17404315
v 0.15094852 -0.23914342 0.17441081
v 0.14637712 -0.25546493 0.17302966
v 0.16588823 -0.25255998 0.15247718
v 0.17439557 -0.24194526 0.15977456
v 0.16720324 -0.23403966 0.17058834
v 0.16292947 -0.25017961 0.16701746
v 0.10649897 -0.29931598 0.11478876
v 0.10645034 -0.29933348 0.13652786
v 0.11856098 -0.29152450 0.10205693
v 0.13077536 -0.28221376 0.11661213
v 0.11862258 -0.29161139 0.12391989
v 0.13082075 -0.28230714 0.13847898
v 0.10624155 -0.29919407 0.15727747
v 0.10624738 -0.28027627 0.17403861
v 0.10031364 -0.29550064 0.16922406
v 0.11859016 -0.29158351 0.14545927
v 0.13042780 -0.28213855 0.15870465
v 0.12334765 -0.27604335 0.16963321
v 0.11662997 -0.29009667 0.16357303
v 0.14339631 -0.27238429 0.10933097
v 0.14341576 -0.27237456 0.13117901
v 0.15518144 -0.26285308 0.10205629
v 0.15518468 -0.26285308 0.12391405
v 0.14335351 -0.27261188 0.15149935
v 0.14050174 -0.27067504 0.16689815
v 0.15522164 -0.26294192 0.14536136
v 0.15416146 -0.26314228 0.16263281
v 0.19640377 -0.02187106 0.00213851
v 0.19640896 -0.04373466 0.00213851
v 0.21712355 -0.02202538 0.00246726
v 0.21806182 -0.04381506 0.00245559
v 0.19640636 -0.06559890 0.00213851
v 0.19639793 -0.08746575 0.00213851
v 0.21808581 -0.06558269 0.00240242
v 0.21716829 -0.08730688 0.00235508
v 0.23029501 -0.02222185 0.00904683
v 0.23572427 -0.02244297 0.02293804
v 0.23218128 -0.04390390 0.00904034
v 0.23854492 -0.04401413 0.02291664
v 0.23591231 -0.02241703 0.04375508
v 0.23874982 -0.04398236 0.04374925
v 0.23228308 -0.06556324 0.00897096
v 0.23963233 -0.06562419 0.02289978
v 0.23141289 -0.08723815 0.00896059
v 0.23879132 -0.08720313 0.02284402
v 0.23984826 -0.06557362 0.04375897
v 0.23906236 -0.08717071 0.04374406
v 0.23591102 -0.02241119 0.06562906
v 0.23874853 -0.04397133 0.06562517
v 0.23580532 -0.02243973 0.08747580
v 0.23864154 -0.04398884 0.08749525
v 0.23984761 -0.06556065 0.06563813
v 0.23895343 -0.08716228 0.06564786
v 0.23984761 -0.06556065 0.08750433
v 0.23884644 -0.08714218 0.08750498
v 0.19639145 -0.10933259 0.00213851
v 0.19638561 -0.13119489 0.00213851
v 0.21623391 -0.10902848 0.00237129
v 0.21488389 -0.13004912 0.00238102
v 0.19596803 -0.15297874 0.00220983
v 0.19438068 -0.17409016 0.00232849
v 0.21231677 -0.15060161 0.00249903
v 0.21075925 -0.17177658 0.00973286
v 0.22955710 -0.10882747 0.00893919
v 0.23606534 -0.10870297 0.02280511
v 0.22683436 -0.12905444 0.00893465
v 0.23241795 -0.12879961 0.02280057
v 0.23638307 -0.10871853 0.04374536
v 0.23272077 -0.12883398 0.04374406
v 0.22290944 -0.14915821 0.00897550
v 0.22699712 -0.14804487 0.02282262
v 0.22041495 -0.16038181 0.00732850
v 0.22126439 -0.16288019 0.01600119
v 0.21528007 -0.17800860 0.02958829
v 0.22718905 -0.14806043 0.04376221
v 0.22166641 -0.16308833 0.03641815
v 0.21534621 -0.17807409 0.05105765
v 0.23627543 -0.10871205 0.06565694
v 0.23272077 -0.12882879 0.06563230
v 0.23627349 -0.10869065 0.08743754
v 0.23259821 -0.12882684 0.08735778
v 0.22719035 -0.14805524 0.06563230
v 0.22157174 -0.16303386 0.05832779
v 0.21534751 -0.17807214 0.07291606
v 0.22726492 -0.14809674 0.08730591
v 0.22165734 -0.16307601 0.08009737
v 0.21542856 -0.17810975 0.09458578
v 0.19597775 -0.02192747 0.17436347
v 0.19597711 -0.04379496 0.17436347
v 0.19597711 -0.06566115 0.17436283
v 0.19597711 -0.08752735 0.17436283
v 0.23665346 -0.02233727 0.10985165
v 0.23855141 -0.04400051 0.10882779
v 0.23954868 -0.06557556 0.10886605
v 0.23866877 -0.08713505 0.10887188
v 0.19597711 -0.10939354 0.17436283
v 0.23740758 -0.10885794 0.10985943
v 0.23603811 -0.12988183 0.11083920
v 0.23302682 -0.15057048 0.11074324
v 0.22510890 -0.16458879 0.10271573
v 0.22057771 -0.18025604 0.11772743
v 0.19151724 -0.19352995 0.00258527
v 0.18872901 -0.21275576 0.00981716
v 0.20374070 -0.19186090 0.00898717
v 0.20925167 -0.19119302 0.02278177
v 0.20009266 -0.20288737 0.00744651
v 0.20152827 -0.20504857 0.01609262
v 0.19310977 -0.21783033 0.02965767
v 0.20955578 -0.19137394 0.04375184
v 0.20184017 -0.20524569 0.03645122
v 0.19330300 -0.21798919 0.05104338
v 0.18146600 -0.22662751 0.00746013
v 0.18383599 -0.22936776 0.01608419
v 0.18418549 -0.22968225 0.03642723
v 0.20956032 -0.19136745 0.06563684
v 0.20192705 -0.20530989 0.05834530
v 0.19330365 -0.21798790 0.07292319
v 0.20954929 -0.19135708 0.08734482
v 0.20200940 -0.20536825 0.08013173
v 0.19338340 -0.21804950 0.09471222
v 0.18426979 -0.22975033 0.05832649
v 0.18435279 -0.22981971 0.08019528
v 0.21458107 -0.19319017 0.11088135
v 0.20533972 -0.20649197 0.10282013
v 0.19671177 -0.21917776 0.11739803
v 0.18435214 -0.22982101 0.10206731
v 0.18435279 -0.22982036 0.12393480
v 0.18432491 -0.22979248 0.14546641
v 0.18235304 -0.22756903 0.16358794
v -0.11008800 0.00020458 -0.42382171
v -0.08462889 -0.00413014 -0.41237766
v -0.06502051 0.00495689 -0.41201324
v -0.04428128 0.00675886 -0.41212218
v -0.02327036 0.00483758 -0.41047453
v -0.00253178 0.00414960 -0.41205409
v -0.13200672 -0.04362637 -0.42382625
v -0.11014571 -0.02157797 -0.42218509
v -0.10585119 -0.04448618 -0.41108081
v -0.09428005 -0.02248252 -0.41197693
v -0.09963020 -0.03217453 -0.41639076
v -0.11183162 -0.06521569 -0.41359540
v -0.11031625 -0.08541218 -0.41354482
v -0.09473784 -0.05209221 -0.38761495
v -0.09864200 -0.06570849 -0.39628699
v -0.09156509 -0.03806612 -0.40335482
v -0.09668570 -0.08378075 -0.39625911
v -0.09161178 -0.05325678 -0.36432870
v -0.09270826 -0.06715577 -0.37152687
v -0.08712792 -0.04027790 -0.37885862
v -0.09082718 -0.08324774 -0.37152428
v -0.09161437 -0.05325094 -0.34253449
v -0.09272901 -0.06713697 -0.34981695
v -0.08713635 -0.04027142 -0.35711562
v -0.09096400 -0.08297216 -0.34985132
v -0.10275043 -0.10707866 -0.41499600
v -0.10983382 -0.13149641 -0.42375882
v -0.08875611 -0.11548290 -0.40862198
v -0.08140881 -0.12714418 -0.41379641
v -0.09384431 -0.09848119 -0.39631811
v -0.08489344 -0.10805973 -0.39464518
v -0.08793715 -0.15326988 -0.42383598
v -0.08669671 -0.09599059 -0.37149445
v -0.08084986 -0.10629990 -0.37157940
v -0.08683548 -0.09574549 -0.34984678
v -0.08098214 -0.10604637 -0.34984937
v -0.07399018 -0.01555345 -0.38758383
v -0.08490382 -0.02553596 -0.39636610
v -0.06264922 -0.00522533 -0.39635572
v -0.04325223 -0.00257976 -0.39473466
v -0.07146975 -0.01886172 -0.36433908
v -0.08097371 -0.02998480 -0.37156189
v -0.05913216 -0.01030250 -0.37156059
v -0.07147623 -0.01885523 -0.34255329
v -0.08098020 -0.02997118 -0.34983446
v -0.05914189 -0.01029018 -0.34984029
v -0.04223615 -0.00425529 -0.37161960
v -0.04225560 -0.00425075 -0.34982862
v -0.02327749 -0.00319512 -0.39310192
v -0.00502756 -0.00670763 -0.39307404
v -0.02329759 -0.00302782 -0.37168444
v -0.02331575 -0.00302912 -0.34982538
v -0.00499903 -0.00656239 -0.37170973
v -0.00500033 -0.00656304 -0.34983640
v -0.07464379 -0.11786651 -0.39479626
v -0.06254353 -0.12662544 -0.39471974
v -0.05846169 -0.13784190 -0.41221815
v -0.04922033 -0.12959458 -0.39316158
v -0.04806225 -0.13571247 -0.40625847
v -0.06519818 -0.15236662 -0.42229921
v -0.04083944 -0.14739450 -0.41376788
v -0.07238014 -0.11504392 -0.37162025
v -0.06026885 -0.12379506 -0.37162219
v -0.07236976 -0.11506532 -0.34982473
v -0.06027015 -0.12382295 -0.34982992
v -0.04912502 -0.12976576 -0.37167407
v -0.04899014 -0.12978133 -0.34982279
v -0.01063515 -0.13837815 -0.40530204
v -0.01435386 -0.13169937 -0.38328282
v -0.00200461 -0.12702552 -0.39140175
v 0.00558910 -0.13670651 -0.41208262
v -0.01882022 -0.15401038 -0.41705086
v -0.02785602 -0.13987147 -0.40175775
v -0.03781518 -0.13611968 -0.39477810
v -0.00033815 -0.15296447 -0.42052512
v -0.01314779 -0.13152105 -0.36001214
v -0.00048210 -0.12702163 -0.36730109
v -0.01302459 -0.13140563 -0.33716617
v -0.00027331 -0.12700671 -0.34438185
v -0.02635232 -0.13276927 -0.37442728
v -0.03741575 -0.13252157 -0.37164489
v -0.02615974 -0.13280299 -0.35166691
v -0.03724976 -0.13244830 -0.34980009
v -0.09161502 -0.05325159 -0.32066764
v -0.09272901 -0.06712854 -0.32795011
v -0.08714089 -0.04027531 -0.33524230
v -0.09107294 -0.08270306 -0.32799355
v -0.09161891 -0.05325548 -0.29879497
v -0.09272966 -0.06712011 -0.30608391
v -0.08713635 -0.04027077 -0.31338259
v -0.09117863 -0.08243851 -0.30613968
v -0.09161891 -0.05325548 -0.27692877
v -0.09272966 -0.06711103 -0.28421707
v -0.08714089 -0.04027596 -0.29150926
v -0.09128627 -0.08216811 -0.28427738
v -0.09161891 -0.05325548 -0.25506193
v -0.09272966 -0.06710066 -0.26235088
v -0.08714089 -0.04027531 -0.26964307
v -0.09139715 -0.08189188 -0.26241248
v -0.08695349 -0.09546537 -0.32799679
v -0.08110210 -0.10577079 -0.32800263
v -0.08644966 -0.09599513 -0.30611244
v -0.08058790 -0.10631676 -0.30610661
v -0.08602106 -0.09642309 -0.28421707
v -0.08077854 -0.10595170 -0.28427348
v -0.08629599 -0.09593742 -0.26237292
v -0.08035512 -0.10638161 -0.26236190
v -0.09161891 -0.05325548 -0.23319574
v -0.09272901 -0.06708963 -0.24048404
v -0.08714089 -0.04027531 -0.24777687
v -0.09150673 -0.08161695 -0.24055925
v -0.09161891 -0.05325548 -0.21132890
v -0.09272901 -0.06707796 -0.21861784
v -0.08714089 -0.04027531 -0.22591003
v -0.09161632 -0.08134072 -0.21870603
v -0.09161891 -0.05325548 -0.18946270
v -0.09272837 -0.06706564 -0.19675165
v -0.08714089 -0.04027531 -0.20404384
v -0.09172590 -0.08106320 -0.19685345
v -0.09161437 -0.05325094 -0.16760234
v -0.09272707 -0.06705267 -0.17488481
v -0.08713635 -0.04027142 -0.18218348
v -0.09183613 -0.08078437 -0.17500088
v -0.08657611 -0.09544073 -0.24050673
v -0.08063199 -0.10590047 -0.24051386
v -0.08685169 -0.09494922 -0.21866129
v -0.08091276 -0.10541480 -0.21865869
v -0.08712662 -0.09445772 -0.19681779
v -0.08118964 -0.10493367 -0.19681455
v -0.08740090 -0.09396556 -0.17497429
v -0.08146587 -0.10445254 -0.17497105
v -0.07147623 -0.01885523 -0.32068645
v -0.08098020 -0.02997118 -0.32796762
v -0.05914189 -0.01029018 -0.32797345
v -0.07147623 -0.01885523 -0.29881961
v -0.08098474 -0.02997572 -0.30609494
v -0.05914189 -0.01029018 -0.30610661
v -0.04225560 -0.00425075 -0.32796178
v -0.04225560 -0.00425075 -0.30609559
v -0.07147623 -0.01885523 -0.27695341
v -0.08098474 -0.02997507 -0.28422810
v -0.05914189 -0.01029018 -0.28424042
v -0.07147623 -0.01885523 -0.25508657
v -0.08098474 -0.02997507 -0.26236190
v -0.05914189 -0.01029018 -0.26237357
v -0.04225560 -0.00425075 -0.28422874
v -0.04225560 -0.00425075 -0.26236255
v -0.02331575 -0.00302912 -0.32795919
v -0.02331575 -0.00302912 -0.30609234
v -0.00500033 -0.00656304 -0.32797021
v -0.00500033 -0.00656304 -0.30610337
v -0.02331575 -0.00302912 -0.28422615
v -0.02331575 -0.00302912 -0.26235931
v -0.00500033 -0.00656304 -0.28423717
v -0.00500033 -0.00656304 -0.26237033
v -0.07237365 -0.11506143 -0.32795789
v -0.06027015 -0.12382295 -0.32796372
v -0.07237819 -0.11505624 -0.30610142
v -0.06027015 -0.12382295 -0.30609688
v -0.04871002 -0.12981829 -0.32796762
v -0.04842861 -0.12985525 -0.30611374
v -0.07176737 -0.11585186 -0.28420021
v -0.06026431 -0.12382813 -0.28423263
v -0.07122594 -0.11655605 -0.26230743
v -0.06026042 -0.12383267 -0.26236579
v -0.04814654 -0.12989221 -0.28425922
v -0.04786253 -0.12992981 -0.26240599
v -0.01322171 -0.13141600 -0.31570590
v -0.00032259 -0.12701320 -0.32261162
v -0.01455293 -0.13145556 -0.29615458
v -0.00058585 -0.12703200 -0.30121619
v -0.02608971 -0.13272258 -0.32989214
v -0.03708635 -0.13246970 -0.32794622
v -0.02603913 -0.13276862 -0.30854339
v -0.03682115 -0.13250601 -0.30610402
v -0.01478831 -0.13147112 -0.27468003
v -0.00201044 -0.12706637 -0.28199492
v -0.01600475 -0.13149706 -0.25505545
v -0.00327422 -0.12709684 -0.26233143
v -0.02713497 -0.13283217 -0.28930462
v -0.03653843 -0.13254362 -0.28425079
v -0.02808362 -0.13289052 -0.26968327
v -0.03623627 -0.13258122 -0.26238524
v -0.07147623 -0.01885523 -0.23322038
v -0.08098474 -0.02997507 -0.24049506
v -0.05914189 -0.01029018 -0.24050738
v -0.07147623 -0.01885523 -0.21135354
v -0.08098474 -0.02997507 -0.21862887
v -0.05914189 -0.01029018 -0.21864054
v -0.04225560 -0.00425075 -0.24049571
v -0.04225560 -0.00425075 -0.21862951
v -0.07147623 -0.01885523 -0.18948734
v -0.08098474 -0.02997507 -0.19676202
v -0.05914189 -0.01029018 -0.19677434
v -0.07147623 -0.01885523 -0.16762050
v -0.08098020 -0.02997118 -0.17490231
v -0.05914189 -0.01029018 -0.17490750
v -0.04225560 -0.00425075 -0.19676267
v -0.04225560 -0.00425075 -0.17489648
v -0.02331575 -0.00302912 -0.24049311
v -0.02331575 -0.00302912 -0.21862627
v -0.00500033 -0.00656304 -0.24050414
v -0.00500033 -0.00656304 -0.21863794
v -0.02331575 -0.00302912 -0.19676008
v -0.02331575 -0.00302912 -0.17489324
v -0.00500033 -0.00656304 -0.19677110
v -0.00500033 -0.00656304 -0.17490491
v -0.07139518 -0.11633753 -0.24044578
v -0.06026237 -0.12383073 -0.24049700
v -0.07156636 -0.11611576 -0.21857764
v -0.06026431 -0.12382878 -0.21863016
v -0.04759214 -0.12996548 -0.24055925
v -0.04732823 -0.13000114 -0.21871122
v -0.07173366 -0.11589919 -0.19671923
v -0.06026561 -0.12382749 -0.19676397
v -0.07190030 -0.11568327 -0.17486146
v -0.06026690 -0.12382619 -0.17489778
v -0.04704876 -0.13003745 -0.19685605
v -0.04677188 -0.13007441 -0.17499828
v -0.01599697 -0.13149771 -0.23319379
v -0.00329108 -0.12710074 -0.24047755
v -0.01466835 -0.13157681 -0.20972988
v -0.00326450 -0.12709684 -0.21862044
v -0.02778016 -0.13292878 -0.24782226
v -0.03595874 -0.13261754 -0.24055342
v -0.02746826 -0.13307079 -0.22599368
v -0.03563842 -0.13276019 -0.21873132
v -0.01437137 -0.13166111 -0.18678276
v -0.00196700 -0.12706378 -0.19511049
v -0.01304729 -0.13162350 -0.16324817
v -0.00047951 -0.12702163 -0.17052285
v -0.02592955 -0.13308246 -0.20250513
v -0.03531810 -0.13290220 -0.19688652
v -0.02416194 -0.13319204 -0.17794213
v -0.03503409 -0.13293721 -0.17500995
v -0.09161502 -0.05325159 -0.14573615
v -0.09272707 -0.06706305 -0.15300175
v -0.08714089 -0.04027531 -0.16031080
v -0.09194247 -0.08053732 -0.15314311
v -0.09161891 -0.05325548 -0.12386347
v -0.09272772 -0.06711817 -0.13113362
v -0.08713635 -0.04027077 -0.13845045
v -0.09133166 -0.08203843 -0.13124385
v -0.09161891 -0.05325548 -0.10199663
v -0.09272772 -0.06715642 -0.10928298
v -0.08714089 -0.04027596 -0.11657777
v -0.09067351 -0.08364523 -0.10928298
v -0.09161891 -0.05325548 -0.08013044
v -0.09272772 -0.06715577 -0.08741679
v -0.08714089 -0.04027531 -0.09471093
v -0.09067675 -0.08367830 -0.08742133
v -0.08767000 -0.09348184 -0.15314311
v -0.08174145 -0.10397141 -0.15312820
v -0.08718044 -0.09479944 -0.13122245
v -0.08196451 -0.10355966 -0.13130869
v -0.08726020 -0.09468855 -0.10936598
v -0.08142826 -0.10493173 -0.10938673
v -0.08659102 -0.09632972 -0.08743560
v -0.08080448 -0.10647433 -0.08745959
v -0.09161891 -0.05325613 -0.05826360
v -0.09272772 -0.06715577 -0.06554995
v -0.08714089 -0.04027531 -0.07284473
v -0.09067675 -0.08367830 -0.06555449
v -0.09157222 -0.05320880 -0.03662046
v -0.09269335 -0.06716226 -0.04392497
v -0.08714089 -0.04027596 -0.05097789
v -0.09061839 -0.08372174 -0.04391459
v -0.09744436 -0.05191130 -0.01405202
v -0.09867442 -0.06739245 -0.02118729
v -0.08708188 -0.04031162 -0.02947287
v -0.09790993 -0.08594324 -0.02123268
v -0.09510420 -0.03459705 -0.00988265
v -0.08659362 -0.09632453 -0.06555838
v -0.08079799 -0.10647887 -0.06556875
v -0.08654628 -0.09636279 -0.04386467
v -0.08075584 -0.10649119 -0.04387958
v -0.09178815 -0.09899669 -0.02111532
v -0.08416072 -0.11031884 -0.02114450
v -0.07147623 -0.01885523 -0.14575431
v -0.08098020 -0.02997118 -0.15303547
v -0.05914189 -0.01029018 -0.15304131
v -0.07147623 -0.01885523 -0.12388746
v -0.08098474 -0.02997572 -0.13116279
v -0.05914189 -0.01029018 -0.13117447
v -0.04225560 -0.00425075 -0.15302964
v -0.04225560 -0.00425075 -0.13116344
v -0.07147623 -0.01885523 -0.10202127
v -0.08098474 -0.02997507 -0.10929660
v -0.05914189 -0.01029018 -0.10930827
v -0.07147623 -0.01885523 -0.08015443
v -0.08098474 -0.02997507 -0.08742976
v -0.05914189 -0.01029018 -0.08744143
v -0.04225560 -0.00425075 -0.10929660
v -0.04225560 -0.00425075 -0.08743041
v -0.02331575 -0.00302912 -0.15302704
v -0.02331575 -0.00302912 -0.13116020
v -0.00500033 -0.00656304 -0.15303807
v -0.00500033 -0.00656304 -0.13117187
v -0.02331575 -0.00302912 -0.10929401
v -0.02331575 -0.00302912 -0.08742717
v -0.00500033 -0.00656304 -0.10930503
v -0.00500033 -0.00656304 -0.08743884
v -0.07206500 -0.11546864 -0.15300435
v -0.06024810 -0.12382943 -0.15303093
v -0.07222970 -0.11525401 -0.13114853
v -0.06022930 -0.12383332 -0.13116474
v -0.04787745 -0.12992981 -0.15308929
v -0.04915160 -0.12976252 -0.13117058
v -0.07234642 -0.11510033 -0.10930373
v -0.06022930 -0.12383267 -0.10929920
v -0.07237235 -0.11506272 -0.08744143
v -0.06022994 -0.12383202 -0.08743235
v -0.04914641 -0.12976511 -0.10929466
v -0.04914641 -0.12976511 -0.08742846
v -0.01286249 -0.13161118 -0.14028484
v -0.00025775 -0.12700412 -0.14756147
v -0.01288907 -0.13161313 -0.11841476
v -0.00024413 -0.12700023 -0.12568684
v -0.02370869 -0.13322122 -0.15497167
v -0.03616559 -0.13279067 -0.15310032
v -0.02483695 -0.13307273 -0.13306463
v -0.03605212 -0.13281336 -0.13122634
v -0.01289685 -0.13161377 -0.09655699
v -0.00024478 -0.12700023 -0.10382065
v -0.01290593 -0.13161507 -0.07470442
v -0.00024673 -0.12700023 -0.08195770
v -0.02613121 -0.13290673 -0.11114007
v -0.03729839 -0.13265125 -0.10932189
v -0.02615391 -0.13290544 -0.08927323
v -0.03731265 -0.13264996 -0.08744662
v -0.07147623 -0.01885523 -0.05828759
v -0.08098474 -0.02997507 -0.06556357
v -0.05914189 -0.01029018 -0.06557524
v -0.07144446 -0.01891100 -0.03666779
v -0.08099057 -0.03000750 -0.04374406
v -0.05910363 -0.01028953 -0.04379528
v -0.04225560 -0.00425075 -0.06556357
v -0.04224652 -0.00425010 -0.04372785
v -0.07632062 -0.01277560 -0.01341073
v -0.08235291 -0.02897066 -0.02173781
v -0.06013203 -0.00788842 -0.02113347
v -0.04228154 -0.00369829 -0.02173132
v -0.02331575 -0.00302912 -0.06556097
v -0.02331704 -0.00303301 -0.04375119
v -0.00500033 -0.00656304 -0.06557200
v -0.00496272 -0.00659870 -0.04382576
v -0.02277561 -0.00197024 -0.02171576
v -0.00267184 -0.00310563 -0.02107641
v -0.07236392 -0.11507180 -0.06556227
v -0.06022994 -0.12383202 -0.06556616
v -0.07230427 -0.11508671 -0.04384456
v -0.06020466 -0.12383656 -0.04374082
v -0.04914641 -0.12976511 -0.06556162
v -0.04913863 -0.12974501 -0.04382382
v -0.07558530 -0.11910047 -0.02111726
v -0.06103075 -0.12509905 -0.02164314
v -0.06321011 -0.13499337 -0.00643821
v -0.04961263 -0.13329773 -0.02176050
v -0.05423007 -0.13575916 -0.00971017
v -0.01295002 -0.13162026 -0.05290631
v -0.00025840 -0.12700217 -0.06010642
v -0.01312639 -0.13162934 -0.03152578
v -0.00033037 -0.12700866 -0.03842827
v -0.02616428 -0.13290673 -0.06742325
v -0.03731265 -0.13264996 -0.06557978
v -0.02617206 -0.13289960 -0.04571462
v -0.03726532 -0.13261689 -0.04392043
v -0.01363022 -0.13568978 -0.01143044
v 0.00127707 -0.12969898 -0.01608159
v -0.00885392 -0.14309155 -0.00013682
v -0.02586082 -0.13627919 -0.02388280
v -0.03729450 -0.13951224 -0.02109846
v 0.01980388 -0.00494716 -0.41383013
v 0.02940187 -0.01871582 -0.40869979
v 0.02243973 -0.02007946 -0.39476124
v 0.01156369 -0.01119992 -0.39480209
v 0.03982854 -0.02669858 -0.41382105
v 0.04836182 -0.05179782 -0.41208587
v 0.03750783 -0.04686201 -0.39473466
v 0.03141263 -0.03198779 -0.39485202
v 0.04681792 -0.07255067 -0.41047129
v 0.03759213 -0.06600287 -0.39312721
v 0.04702801 -0.09306490 -0.41204891
v 0.03571947 -0.08382549 -0.39306950
v 0.02071362 -0.02246112 -0.37167212
v 0.00967548 -0.01341689 -0.37167536
v 0.02073826 -0.02246890 -0.34986299
v 0.00970466 -0.01342856 -0.34985975
v 0.03515210 -0.04874180 -0.37164553
v 0.02906922 -0.03384034 -0.37167601
v 0.03517609 -0.04874828 -0.34985521
v 0.02908997 -0.03386563 -0.34987077
v 0.03774904 -0.06599055 -0.37170713
v 0.03590622 -0.08380798 -0.37172918
v 0.03774775 -0.06596591 -0.34985521
v 0.03590622 -0.08380668 -0.34985521
v 0.02938501 -0.11753128 -0.40861420
v 0.02369183 -0.13276408 -0.41543433
v 0.01280478 -0.12174734 -0.40183751
v 0.02216998 -0.11061193 -0.38598805
v 0.03247864 -0.10013857 -0.40183427
v 0.02131600 -0.15276151 -0.42211895
v 0.01138991 -0.11992008 -0.37895653
v 0.02221732 -0.11066316 -0.36441365
v 0.01143206 -0.11991359 -0.35711108
v 0.02221796 -0.11066316 -0.34254551
v 0.03037580 -0.09869582 -0.37896301
v 0.03038358 -0.09868869 -0.35713637
v 0.02073826 -0.02246890 -0.32799615
v 0.00970466 -0.01342856 -0.32799290
v 0.02073826 -0.02246890 -0.30612995
v 0.00970466 -0.01342856 -0.30612606
v 0.03517609 -0.04874828 -0.32798836
v 0.02908997 -0.03386563 -0.32800458
v 0.03517609 -0.04874828 -0.30612217
v 0.02908997 -0.03386563 -0.30613773
v 0.03774775 -0.06596591 -0.32798901
v 0.03590622 -0.08380668 -0.32798836
v 0.03774775 -0.06596591 -0.30612217
v 0.03590622 -0.08380668 -0.30612217
v 0.02073826 -0.02246890 -0.28426376
v 0.00970466 -0.01342856 -0.28425987
v 0.02073826 -0.02246890 -0.26239692
v 0.00970466 -0.01342856 -0.26239303
v 0.03517609 -0.04874828 -0.28425533
v 0.02908997 -0.03386563 -0.28427154
v 0.03517609 -0.04874828 -0.26238914
v 0.02908997 -0.03386563 -0.26240470
v 0.03774775 -0.06596591 -0.28425598
v 0.03590622 -0.08380668 -0.28425533
v 0.03774775 -0.06596591 -0.26238914
v 0.03590622 -0.08380668 -0.26238914
v 0.01144308 -0.11990970 -0.33523905
v 0.02221796 -0.11066316 -0.32067867
v 0.01142687 -0.11991489 -0.31336638
v 0.02221667 -0.11066381 -0.29881183
v 0.03038358 -0.09868869 -0.33527018
v 0.03038358 -0.09868869 -0.31340334
v 0.01136916 -0.11992786 -0.29147814
v 0.02221602 -0.11066445 -0.27694498
v 0.01130756 -0.11994018 -0.26961713
v 0.02221537 -0.11066510 -0.25507879
v 0.03038358 -0.09868869 -0.29153714
v 0.03038358 -0.09868869 -0.26967030
v 0.02073826 -0.02246890 -0.24053072
v 0.00970466 -0.01342856 -0.24052683
v 0.02073826 -0.02246890 -0.21866388
v 0.00970466 -0.01342856 -0.21866064
v 0.03517609 -0.04874828 -0.24052229
v 0.02908997 -0.03386563 -0.24053850
v 0.03517609 -0.04874828 -0.21865610
v 0.02908997 -0.03386563 -0.21867166
v 0.03774775 -0.06596591 -0.24052294
v 0.03590622 -0.08380668 -0.24052229
v 0.03774775 -0.06596591 -0.21865610
v 0.03590622 -0.08380668 -0.21865610
v 0.02073826 -0.02246890 -0.19679769
v 0.00970466 -0.01342856 -0.19679380
v 0.02073826 -0.02246890 -0.17493085
v 0.00970466 -0.01342856 -0.17492760
v 0.03517609 -0.04874828 -0.19678991
v 0.02908997 -0.03386563 -0.19680547
v 0.03517609 -0.04874828 -0.17492306
v 0.02908997 -0.03386563 -0.17493863
v 0.03774775 -0.06596591 -0.19678991
v 0.03590622 -0.08380668 -0.19678991
v 0.03774775 -0.06596591 -0.17492371
v 0.03590622 -0.08380668 -0.17492306
v 0.01129070 -0.11994407 -0.24777428
v 0.02221472 -0.11066510 -0.23321260
v 0.01129135 -0.11994407 -0.22590809
v 0.02221537 -0.11066445 -0.21134640
v 0.03038358 -0.09868869 -0.24780411
v 0.03038358 -0.09868869 -0.22593727
v 0.01131794 -0.11994018 -0.20405032
v 0.02221667 -0.11066381 -0.18948021
v 0.01138083 -0.11992721 -0.18218802
v 0.02221732 -0.11066316 -0.16761337
v 0.03038358 -0.09868869 -0.20407107
v 0.03038358 -0.09868869 -0.18220423
v 0.02073826 -0.02246890 -0.15306465
v 0.00970466 -0.01342856 -0.15306076
v 0.02073826 -0.02246890 -0.13119781
v 0.00970466 -0.01342856 -0.13119457
v 0.03517609 -0.04874828 -0.15305687
v 0.02908997 -0.03386563 -0.15307243
v 0.03517609 -0.04874828 -0.13119003
v 0.02908997 -0.03386563 -0.13120559
v 0.03774775 -0.06596591 -0.15305687
v 0.03590622 -0.08380668 -0.15305687
v 0.03774775 -0.06596591 -0.13119068
v 0.03590622 -0.08380668 -0.13119003
v 0.02073826 -0.02246890 -0.10933162
v 0.00970466 -0.01342856 -0.10932773
v 0.02073826 -0.02246890 -0.08746477
v 0.00970466 -0.01342856 -0.08746153
v 0.03517609 -0.04874828 -0.10932384
v 0.02908997 -0.03386563 -0.10933940
v 0.03517609 -0.04874828 -0.08745699
v 0.02908997 -0.03386563 -0.08747256
v 0.03774775 -0.06596591 -0.10932384
v 0.03590622 -0.08380668 -0.10932384
v 0.03774775 -0.06596591 -0.08745764
v 0.03590622 -0.08380668 -0.08745699
v 0.01143206 -0.11991294 -0.16031275
v 0.02221796 -0.11066316 -0.14574653
v 0.01144762 -0.11990840 -0.13844202
v 0.02221796 -0.11066251 -0.12388033
v 0.03038358 -0.09868869 -0.16033804
v 0.03038358 -0.09868869 -0.13847120
v 0.01144762 -0.11990840 -0.11657517
v 0.02221796 -0.11066251 -0.10201349
v 0.01144697 -0.11990840 -0.09470898
v 0.02221796 -0.11066251 -0.08014730
v 0.03038358 -0.09868869 -0.11660500
v 0.03038358 -0.09868869 -0.09473816
v 0.02073826 -0.02246890 -0.06559858
v 0.00970466 -0.01342856 -0.06559469
v 0.02065396 -0.02255904 -0.04381992
v 0.00973837 -0.01346098 -0.04379658
v 0.03517609 -0.04874828 -0.06559080
v 0.02908997 -0.03386563 -0.06560636
v 0.03517091 -0.04876255 -0.04382252
v 0.02900244 -0.03396873 -0.04388542
v 0.03774775 -0.06596591 -0.06559080
v 0.03590622 -0.08380668 -0.06559080
v 0.03774191 -0.06596916 -0.04381733
v 0.03589649 -0.08380604 -0.04384716
v 0.02306740 -0.02076873 -0.02178125
v 0.01153386 -0.01121613 -0.02168074
v 0.02459379 -0.01381632 -0.00986903
v 0.03737750 -0.04813098 -0.02110689
v 0.03285408 -0.03134909 -0.02109651
v 0.03981687 -0.06640814 -0.02109068
v 0.03938113 -0.08587970 -0.02110883
v 0.01144697 -0.11990840 -0.07284214
v 0.02221796 -0.11066316 -0.05828045
v 0.01144179 -0.11990451 -0.05104597
v 0.02220889 -0.11065538 -0.03655627
v 0.03038358 -0.09868869 -0.07287197
v 0.03037775 -0.09868545 -0.05107645
v 0.01297402 -0.12191074 -0.02873042
v 0.02591853 -0.11410046 -0.01414929
v 0.03265048 -0.10023324 -0.02876868
v -0.20481125 0.09580514 -0.49035921
v -0.20662295 0.09814077 -0.47298790
v -0.21560818 0.08665262 -0.48625339
v -0.21006609 0.07981692 -0.49630398
v -0.19423868 0.08514892 -0.49958760
v -0.18956288 0.10159623 -0.49632927
v -0.19642841 0.10839561 -0.48630072
v -0.18337691 0.11626814 -0.49044675
v -0.18561981 0.11796053 -0.47302876
v -0.17275570 0.10594781 -0.49965569
v -0.16726873 0.12169871 -0.49633834
v -0.17368101 0.12672270 -0.48637659
v -0.17511856 0.08719276 -0.49992738
v -0.20665018 0.09816411 -0.45189204
v -0.21582086 0.08686206 -0.46644918
v -0.19667611 0.10861154 -0.46647577
v -0.20626761 0.09779775 -0.43442671
v -0.21568793 0.08674016 -0.44605621
v -0.19653799 0.10848056 -0.44606464
v -0.18564899 0.11798971 -0.45192835
v -0.17393324 0.12698985 -0.46652246
v -0.18532802 0.11761492 -0.43459141
v -0.17382171 0.12682775 -0.44618720
v -0.24079107 0.04919894 -0.49025222
v -0.24082608 0.05131604 -0.47302292
v -0.24744261 0.03689442 -0.47964269
v -0.24643366 0.03240602 -0.49327129
v -0.23327452 0.04000102 -0.49949877
v -0.22969521 0.05744236 -0.49633380
v -0.23307935 0.06379499 -0.48628451
v -0.22419916 0.07230168 -0.49035079
v -0.22547461 0.07421388 -0.47298272
v -0.21462387 0.06224979 -0.49957528
v -0.21786859 0.04285474 -0.49992089
v -0.25486513 0.01874111 -0.47972569
v -0.25127286 0.01295197 -0.49342108
v -0.23689403 0.02010410 -0.49964920
v -0.26034822 0.00488491 -0.48640188
v -0.25423422 -0.00478570 -0.49644404
v -0.23927245 -0.00066755 -0.49976397
v -0.21898258 0.02180751 -0.49999870
v -0.21899814 -0.00005350 -0.49999935
v -0.24090324 0.05131864 -0.45186740
v -0.24760601 0.03690415 -0.45916802
v -0.23334844 0.06400054 -0.46646345
v -0.24000777 0.05129594 -0.43558998
v -0.24583063 0.03659485 -0.44195298
v -0.23318893 0.06388966 -0.44613662
v -0.22549990 0.07423463 -0.45190760
v -0.22511474 0.07388902 -0.43467181
v -0.25505188 0.01877288 -0.45918423
v -0.26071134 0.00507360 -0.46645891
v -0.25387693 0.01816336 -0.44118070
v -0.26054923 0.00498153 -0.44617358
v -0.19655031 0.06514112 -0.49992024
v -0.19713390 0.04369381 -0.49999935
v -0.17527937 0.06555416 -0.50000000
v -0.17527613 0.04368992 -0.50000000
v -0.19713779 0.02181853 -0.50000000
v -0.19713714 -0.00004831 -0.50000000
v -0.17527094 0.02181789 -0.50000000
v -0.17527094 -0.00004831 -0.50000000
v -0.20385677 0.09508150 -0.42735239
v -0.19115477 0.10320173 -0.42917576
v -0.19425748 0.08514244 -0.42417964
v -0.21127281 0.08158388 -0.42907007
v -0.18269152 0.11534090 -0.42767206
v -0.16868100 0.12273619 -0.42950970
v -0.17291522 0.10597764 -0.42422439
v -0.17523398 0.08722194 -0.42398577
v -0.23947736 0.04947387 -0.42879060
v -0.23034818 0.05931761 -0.42920170
v -0.23268251 0.04021825 -0.42513672
v -0.24301257 0.03803889 -0.42944745
v -0.22343597 0.07169021 -0.42751320
v -0.21459469 0.06228156 -0.42419521
v -0.21786599 0.04291829 -0.42387878
v -0.23529631 0.01982852 -0.42559710
v -0.24814421 0.01922548 -0.42937872
v -0.23838346 -0.00104299 -0.42482418
v -0.25495721 -0.00211354 -0.42967894
v -0.21895924 0.02183734 -0.42369203
v -0.21900593 -0.00002367 -0.42368879
v -0.19659181 0.06517873 -0.42399225
v -0.19717021 0.04369705 -0.42390471
v -0.17535135 0.06556324 -0.42390601
v -0.17536821 0.04370224 -0.42390471
v -0.19718512 0.02183150 -0.42390406
v -0.19718512 -0.00003469 -0.42390406
v -0.17536367 0.02183150 -0.42390536
v -0.17536367 -0.00003469 -0.42390536
v -0.03392658 0.17607240 -0.49015820
v -0.03731201 0.17648998 -0.47298790
v -0.05064492 0.17461279 -0.48635389
v -0.04016637 0.16745612 -0.49639411
v -0.02225298 0.16782313 -0.49930813
v -0.01598790 0.17522231 -0.49300220
v -0.02331380 0.17637003 -0.47945854
v -0.00698581 0.17494997 -0.49001620
v 0.00166029 0.16877437 -0.49468551
v 0.00590618 0.17341969 -0.47967122
v -0.00923714 0.17561396 -0.47940537
v -0.03734767 0.17655029 -0.45190631
v -0.05082389 0.17497137 -0.46646215
v -0.02328333 0.17644784 -0.45920239
v -0.03721604 0.17614956 -0.43455769
v -0.05074413 0.17479370 -0.44603935
v -0.02326841 0.17631037 -0.44058869
v 0.00605986 0.17367387 -0.45918034
v -0.00925595 0.17568658 -0.45918228
v 0.00597427 0.17323683 -0.44018472
v -0.00938822 0.17541814 -0.44049273
v -0.03343766 0.17559710 -0.42741399
v -0.02223936 0.17536108 -0.42886906
v -0.02232301 0.16764287 -0.42422244
v -0.04354791 0.16917899 -0.42909600
v -0.00140416 0.16911026 -0.42764937
v -0.01339549 0.17564703 -0.43079747
v -0.15984296 0.13521253 -0.49042600
v -0.16152757 0.13637127 -0.47303265
v -0.14992725 0.12610022 -0.49961289
v -0.14330164 0.14120074 -0.49341265
v -0.14792296 0.14447853 -0.47971661
v -0.13076304 0.12942145 -0.49987550
v -0.12601657 0.14472234 -0.49645830
v -0.13490972 0.15100298 -0.48647255
v -0.15283025 0.10846889 -0.49997601
v -0.15340605 0.08741387 -0.49999935
v -0.13153921 0.10927488 -0.49999935
v -0.13154050 0.08742101 -0.50000000
v -0.16154443 0.13640045 -0.45194262
v -0.14796382 0.14466982 -0.45920498
v -0.16089406 0.13585058 -0.43510691
v -0.14781792 0.14436117 -0.44025346
v -0.13515612 0.15140566 -0.46646540
v -0.13504330 0.15125263 -0.44605556
v -0.11771802 0.15664688 -0.49039164
v -0.12031108 0.15752873 -0.47298661
v -0.10745345 0.14760135 -0.49958890
v -0.10007373 0.16100689 -0.49323498
v -0.10527085 0.16333862 -0.47965696
v -0.10959261 0.13082594 -0.49998055
v -0.08684974 0.15019569 -0.49971145
v -0.07950049 0.16419455 -0.49340163
v -0.08588683 0.16892675 -0.47979313
v -0.08780163 0.13112746 -0.49999870
v -0.10966718 0.10928850 -0.50000000
v -0.10967107 0.08741776 -0.50000000
v -0.08780487 0.10928396 -0.50000000
v -0.08780487 0.08741776 -0.50000000
v -0.12032534 0.15755273 -0.45189074
v -0.10529160 0.16351954 -0.45919331
v -0.12014962 0.15724537 -0.43459919
v -0.10527799 0.16325368 -0.44034359
v -0.08595038 0.16916602 -0.45919460
v -0.08592250 0.16881911 -0.44036434
v -0.15340540 0.06555222 -0.50000000
v -0.15340410 0.04368473 -0.50000000
v -0.13153791 0.06555092 -0.50000000
v -0.13153791 0.04368473 -0.50000000
v -0.15340410 0.02181789 -0.50000000
v -0.15340410 -0.00004831 -0.50000000
v -0.13153791 0.02181789 -0.50000000
v -0.13153791 -0.00004831 -0.50000000
v -0.10967107 0.06555092 -0.50000000
v -0.10967107 0.04368473 -0.50000000
v -0.08780487 0.06555092 -0.50000000
v -0.08780487 0.04368473 -0.50000000
v -0.10967431 0.02182113 -0.50000000
v -0.10969052 -0.00003923 -0.50000000
v -0.08781330 0.02183734 -0.50000000
v -0.08806684 0.00033491 -0.49986383
v -0.15927624 0.13458356 -0.42754757
v -0.14789638 0.13831719 -0.42897086
v -0.14957126 0.12594589 -0.42462382
v -0.12864464 0.14622863 -0.42903829
v -0.13085382 0.12950380 -0.42387164
v -0.15295993 0.10851687 -0.42398512
v -0.15348580 0.08741387 -0.42390536
v -0.13157617 0.10928461 -0.42368879
v -0.13160924 0.08744370 -0.42368814
v -0.11747486 0.15600623 -0.42748272
v -0.10614363 0.15853768 -0.42855198
v -0.10755461 0.14769861 -0.42413490
v -0.10970089 0.13089662 -0.42376660
v -0.08605153 0.16266621 -0.42872964
v -0.08689059 0.15019894 -0.42407330
v -0.08781719 0.13116117 -0.42369008
v -0.10969895 0.10931573 -0.42368749
v -0.10970219 0.08744824 -0.42368749
v -0.08783665 0.10931638 -0.42368749
v -0.08783535 0.08744824 -0.42368749
v -0.15349812 0.06556584 -0.42390471
v -0.15349748 0.04369834 -0.42390536
v -0.13161377 0.06558205 -0.42368879
v -0.13161377 0.04371520 -0.42368879
v -0.15349748 0.02183150 -0.42390536
v -0.15349748 -0.00003469 -0.42390536
v -0.13161377 0.02184901 -0.42368879
v -0.13164036 0.00001005 -0.42369008
v -0.10970219 0.06558205 -0.42368749
v -0.10970219 0.04371520 -0.42368749
v -0.08783535 0.06558205 -0.42368749
v -0.08786129 0.04373855 -0.42368879
v -0.10982928 0.02197221 -0.42373158
v -0.08803182 0.02223093 -0.42381912
v -0.06577528 0.15177331 -0.49966801
v -0.05880795 0.16644588 -0.49344377
v -0.06612932 0.17275311 -0.47973477
v -0.06593738 0.13115080 -0.49999935
v -0.04409259 0.15252354 -0.49976981
v -0.04407832 0.13116701 -0.50000000
v -0.06593803 0.10928396 -0.50000000
v -0.06593803 0.08741776 -0.50000000
v -0.04407184 0.10928396 -0.50000000
v -0.04407184 0.08741776 -0.50000000
v -0.06616563 0.17295477 -0.45916218
v -0.06605215 0.17259489 -0.44031700
v -0.02228540 0.15289703 -0.49992738
v -0.02221148 0.13116182 -0.50000000
v -0.00033102 0.15265841 -0.49997147
v -0.00033945 0.13115210 -0.50000000
v -0.02220500 0.10928396 -0.50000000
v -0.02220500 0.08741776 -0.50000000
v -0.00033880 0.10928396 -0.50000000
v -0.00033880 0.08741776 -0.50000000
v -0.06593803 0.06555092 -0.50000000
v -0.06593803 0.04368473 -0.50000000
v -0.04407184 0.06555092 -0.50000000
v -0.04407184 0.04368473 -0.50000000
v -0.06594452 0.02186392 -0.49999935
v -0.06709093 0.00241052 -0.49968681
v -0.04407054 0.02187754 -0.49999870
v -0.04464051 0.00478376 -0.49968551
v -0.02220500 0.06555092 -0.50000000
v -0.02220500 0.04368473 -0.50000000
v -0.00033880 0.06555092 -0.50000000
v -0.00033880 0.04368473 -0.50000000
v -0.02219397 0.02186587 -0.49999870
v -0.02088091 0.00408605 -0.49975814
v -0.00032908 0.02183604 -0.49999935
v 0.00064940 0.00136461 -0.49989496
v -0.06585438 0.16555105 -0.42851891
v -0.06581742 0.15166243 -0.42398577
v -0.06596980 0.13119619 -0.42379578
v -0.04418337 0.15249371 -0.42405320
v -0.04411528 0.13120592 -0.42379643
v -0.06596137 0.10933000 -0.42368749
v -0.06596916 0.08744824 -0.42368749
v -0.04410231 0.10933713 -0.42368814
v -0.04410231 0.08744824 -0.42368749
v -0.02237683 0.15291195 -0.42386386
v -0.02225622 0.13120462 -0.42368814
v -0.00032129 0.15262210 -0.42372186
v -0.00039132 0.13118063 -0.42390406
v -0.02224325 0.10932221 -0.42368749
v -0.02223612 0.08744824 -0.42368749
v -0.00037382 0.10932416 -0.42390406
v -0.00036279 0.08746964 -0.42379578
v -0.06596916 0.06558205 -0.42368749
v -0.06599639 0.04380987 -0.42369527
v -0.04410231 0.06558205 -0.42368749
v -0.04409777 0.04385656 -0.42370046
v -0.06595100 0.02164735 -0.42217731
v -0.04414381 0.02118308 -0.42048751
v -0.02223612 0.06558205 -0.42368749
v -0.02221148 0.04382414 -0.42369592
v -0.00036215 0.06559696 -0.42368749
v -0.00035112 0.04375411 -0.42369008
v -0.02281192 0.02072075 -0.42050178
v -0.00072721 0.02104691 -0.42215461
v -0.26407277 -0.01228733 -0.49027622
v -0.26459670 -0.00908865 -0.47302357
v -0.26703737 -0.02461130 -0.47965696
v -0.26600119 -0.03085758 -0.49324406
v -0.25603489 -0.02299413 -0.49952535
v -0.26981458 -0.04570587 -0.47969846
v -0.26782975 -0.05232824 -0.49332057
v -0.25718131 -0.04449461 -0.49963559
v -0.27093959 -0.06613969 -0.47968743
v -0.26803011 -0.07284441 -0.49328945
v -0.25815070 -0.06624214 -0.49962262
v -0.27015111 -0.08656703 -0.47969521
v -0.26718392 -0.09393379 -0.49325703
v -0.25822722 -0.08743722 -0.49962651
v -0.26467581 -0.00908087 -0.45188426
v -0.26722931 -0.02460806 -0.45918877
v -0.26999808 -0.04565724 -0.45920498
v -0.26438661 -0.00922352 -0.43475157
v -0.26701208 -0.02460741 -0.44039546
v -0.26975492 -0.04568512 -0.44037342
v -0.27110105 -0.06613904 -0.45922184
v -0.27031516 -0.08656962 -0.45922638
v -0.27092598 -0.06614488 -0.44047911
v -0.27012712 -0.08656055 -0.44059647
v -0.26751980 -0.10691331 -0.47962648
v -0.26539361 -0.11499269 -0.49306120
v -0.25737130 -0.10864915 -0.49954091
v -0.26458114 -0.12477872 -0.49011087
v -0.26533590 -0.12262336 -0.47943066
v -0.26147323 -0.13680182 -0.47963297
v -0.25655169 -0.13269211 -0.49470626
v -0.26764041 -0.10697556 -0.45920433
v -0.26538518 -0.12262466 -0.45916607
v -0.26167943 -0.13695226 -0.45917126
v -0.26746922 -0.10703133 -0.44080202
v -0.26510377 -0.12250535 -0.44058740
v -0.26128195 -0.13684981 -0.44024632
v -0.26376477 -0.01242934 -0.42769865
v -0.25610233 -0.02288973 -0.42429831
v -0.26496565 -0.02388507 -0.42857273
v -0.25711128 -0.04446089 -0.42402532
v -0.26687332 -0.04511840 -0.42863368
v -0.25803593 -0.06622464 -0.42398447
v -0.26784401 -0.06620972 -0.42860904
v -0.25818442 -0.08743073 -0.42406876
v -0.26792896 -0.08729262 -0.42873937
v -0.25728635 -0.10870880 -0.42425746
v -0.26623786 -0.10794431 -0.42900652
v -0.25745883 -0.13001476 -0.42769800
v -0.26544484 -0.11857784 -0.43109575
v -0.24060886 -0.02194757 -0.49992738
v -0.24083710 -0.04378005 -0.49999805
v -0.21900657 -0.02191580 -0.50000000
v -0.21900463 -0.04378069 -0.50000000
v -0.24084424 -0.06564948 -0.49999870
v -0.24084683 -0.08751438 -0.49999870
v -0.21900333 -0.06564819 -0.50000000
v -0.21900333 -0.08751438 -0.50000000
v -0.19713714 -0.02191515 -0.50000000
v -0.19713714 -0.04378134 -0.50000000
v -0.17527094 -0.02191515 -0.50000000
v -0.17527094 -0.04378134 -0.50000000
v -0.19713714 -0.06564819 -0.50000000
v -0.19713714 -0.08751438 -0.50000000
v -0.17527094 -0.06564819 -0.50000000
v -0.17527094 -0.08751438 -0.50000000
v -0.24084359 -0.10937863 -0.49999870
v -0.24080792 -0.13126103 -0.49997212
v -0.21900333 -0.10938122 -0.50000000
v -0.21900463 -0.13124806 -0.50000000
v -0.25598950 -0.15015420 -0.47993902
v -0.24959214 -0.15776282 -0.49350343
v -0.23962455 -0.15254494 -0.49986318
v -0.24847879 -0.16879577 -0.47983333
v -0.24376215 -0.17697371 -0.49322720
v -0.23642716 -0.17267335 -0.49970172
v -0.21900463 -0.15311361 -0.50000000
v -0.21899166 -0.17496294 -0.49999935
v -0.25634290 -0.15041032 -0.45922313
v -0.24873427 -0.16890017 -0.45921017
v -0.25608352 -0.15038179 -0.44034229
v -0.24857736 -0.16890406 -0.44064900
v -0.19713714 -0.10938122 -0.50000000
v -0.19713714 -0.13124741 -0.50000000
v -0.17527094 -0.10938122 -0.50000000
v -0.17527094 -0.13124741 -0.50000000
v -0.19713714 -0.15311426 -0.50000000
v -0.19713714 -0.17498045 -0.50000000
v -0.17527094 -0.15311426 -0.50000000
v -0.17527094 -0.17498045 -0.50000000
v -0.24061145 -0.02183928 -0.42388202
v -0.24080339 -0.04373271 -0.42369657
v -0.21904224 -0.02187949 -0.42368749
v -0.21904224 -0.04374373 -0.42368749
v -0.24081960 -0.06561771 -0.42369268
v -0.24082867 -0.08747936 -0.42369138
v -0.21903446 -0.06561706 -0.42368749
v -0.21903446 -0.08748390 -0.42368749
v -0.19718512 -0.02190153 -0.42390406
v -0.19717799 -0.04375281 -0.42390406
v -0.17536367 -0.02190153 -0.42390536
v -0.17535654 -0.04375281 -0.42390471
v -0.19716178 -0.06559566 -0.42379578
v -0.19716048 -0.08746899 -0.42368749
v -0.17533254 -0.06560344 -0.42379643
v -0.17530985 -0.08746964 -0.42379578
v -0.24082284 -0.10934361 -0.42369268
v -0.24077550 -0.13128891 -0.42377243
v -0.21903446 -0.10935010 -0.42368749
v -0.21903705 -0.13121824 -0.42368749
v -0.23958499 -0.15260978 -0.42386321
v -0.25205680 -0.15181287 -0.42851242
v -0.23638307 -0.17279785 -0.42404737
v -0.24626831 -0.17077023 -0.42883015
v -0.21902343 -0.15307535 -0.42368814
v -0.21898777 -0.17491885 -0.42369073
v -0.19716761 -0.10935010 -0.42368749
v -0.19716761 -0.13121694 -0.42368749
v -0.17529364 -0.10933518 -0.42368749
v -0.17530142 -0.13121694 -0.42368749
v -0.19716761 -0.15308313 -0.42368749
v -0.19716826 -0.17494997 -0.42368749
v -0.17530142 -0.15308313 -0.42368749
v -0.17530142 -0.17494997 -0.42368749
v -0.24045129 -0.18585324 -0.49025482
v -0.24203280 -0.18351567 -0.47958109
v -0.23457526 -0.19630910 -0.47971142
v -0.23200101 -0.19432621 -0.49453572
v -0.21790166 -0.19593172 -0.49988134
v -0.22456812 -0.20901888 -0.49033393
v -0.22710476 -0.20647446 -0.47962454
v -0.21757485 -0.21888272 -0.47959017
v -0.21377508 -0.21715727 -0.49476462
v -0.24218907 -0.18358246 -0.45922184
v -0.23478016 -0.19654837 -0.45921211
v -0.24191997 -0.18342295 -0.44056794
v -0.23506936 -0.19577220 -0.44130196
v -0.22726427 -0.20669103 -0.45917191
v -0.21771491 -0.21907466 -0.45918553
v -0.22760404 -0.20588958 -0.44130261
v -0.21744128 -0.21898453 -0.44036045
v -0.19714362 -0.19684859 -0.50000000
v -0.19686091 -0.21843920 -0.49991635
v -0.17527094 -0.19684729 -0.50000000
v -0.17527030 -0.21870895 -0.50000000
v -0.20887234 -0.22996431 -0.47976978
v -0.20136422 -0.23745427 -0.49169756
v -0.19321676 -0.23633509 -0.49940799
v -0.19608021 -0.24347619 -0.48981583
v -0.19814674 -0.24155750 -0.47818114
v -0.18712416 -0.25149203 -0.47816623
v -0.18965950 -0.24793606 -0.49175203
v -0.17498823 -0.24007520 -0.49997147
v -0.17525668 -0.26010182 -0.47979377
v -0.17070798 -0.25895086 -0.49482038
v -0.20906233 -0.23015365 -0.45922443
v -0.19892160 -0.24113992 -0.45923092
v -0.18770515 -0.25098042 -0.45920952
v -0.20904936 -0.23024702 -0.44150751
v -0.19890021 -0.24100440 -0.44161385
v -0.18753785 -0.25077033 -0.44043566
v -0.17539933 -0.26043316 -0.45919071
v -0.17521972 -0.26029505 -0.44040389
v -0.23414471 -0.19143489 -0.42846509
v -0.24337763 -0.17971071 -0.43095439
v -0.21783941 -0.19603806 -0.42385997
v -0.21637526 -0.21376924 -0.42818043
v -0.22907986 -0.20317981 -0.43079553
v -0.19718836 -0.19682589 -0.42368749
v -0.19683757 -0.21843142 -0.42378216
v -0.17530142 -0.19681617 -0.42368749
v -0.17531439 -0.21868690 -0.42368749
v -0.19316748 -0.23651470 -0.42430674
v -0.20492472 -0.23320319 -0.42987541
v -0.19459726 -0.24412203 -0.42973146
v -0.20114830 -0.23867785 -0.43132334
v -0.17499342 -0.24008234 -0.42372899
v -0.17362135 -0.25670147 -0.42757415
v -0.15340410 -0.02191515 -0.50000000
v -0.15340410 -0.04378134 -0.50000000
v -0.13153985 -0.02191320 -0.50000000
v -0.13154310 -0.04378134 -0.50000000
v -0.15340410 -0.06564819 -0.50000000
v -0.15340410 -0.08751438 -0.50000000
v -0.13154115 -0.06565013 -0.50000000
v -0.13153791 -0.08751438 -0.50000000
v -0.10971840 -0.02190153 -0.49999935
v -0.11010616 -0.04380923 -0.49989560
v -0.09030390 -0.01969883 -0.49973933
v -0.09406153 -0.03955620 -0.49955453
v -0.10998296 -0.06556259 -0.49981779
v -0.10959196 -0.08740479 -0.49992089
v -0.09335539 -0.06097823 -0.49251977
v -0.09011002 -0.08870618 -0.49458824
v -0.08663317 -0.08099252 -0.47920306
v -0.08833853 -0.06544847 -0.47222341
v -0.08331842 -0.07987399 -0.45765719
v -0.08420676 -0.06916654 -0.45018149
v -0.08305321 -0.07441230 -0.44522688
v -0.07634072 -0.07647235 -0.43846251
v -0.15340410 -0.10938122 -0.50000000
v -0.15340410 -0.13124741 -0.50000000
v -0.13153791 -0.10938122 -0.50000000
v -0.13153791 -0.13124741 -0.50000000
v -0.15340410 -0.15311426 -0.50000000
v -0.15340410 -0.17498045 -0.50000000
v -0.13153791 -0.15311426 -0.50000000
v -0.13153791 -0.17498045 -0.50000000
v -0.10968079 -0.10938381 -0.50000000
v -0.10967107 -0.13124741 -0.50000000
v -0.08832880 -0.10999139 -0.49982882
v -0.08781071 -0.13124352 -0.50000000
v -0.10967107 -0.15311426 -0.50000000
v -0.10967107 -0.17498045 -0.50000000
v -0.08780487 -0.15311426 -0.50000000
v -0.08780487 -0.17498045 -0.50000000
v -0.15349748 -0.02190153 -0.42390536
v -0.15349748 -0.04376773 -0.42390536
v -0.13181479 -0.02173165 -0.42375687
v -0.15347478 -0.06561187 -0.42390406
v -0.15345144 -0.08746250 -0.42379643
v -0.13205341 -0.06561771 -0.42383144
v -0.13187574 -0.08761553 -0.42379318
v -0.15343523 -0.10932805 -0.42368814
v -0.15343458 -0.13121694 -0.42368749
v -0.13163193 -0.10948173 -0.42372121
v -0.13156774 -0.13121564 -0.42368749
v -0.15343458 -0.15308313 -0.42368749
v -0.15343458 -0.17494997 -0.42368749
v -0.13156838 -0.15308313 -0.42368749
v -0.13156838 -0.17494997 -0.42368749
v -0.10970089 -0.15308119 -0.42368749
v -0.10970154 -0.17494997 -0.42368749
v -0.08784637 -0.17495451 -0.42390406
v -0.07066440 -0.01598141 -0.49267993
v -0.08286841 -0.03685940 -0.49333743
v -0.07785479 -0.03479028 -0.48001100
v -0.06502829 -0.02113898 -0.47333157
v -0.04553533 -0.01206103 -0.47993643
v -0.04450304 -0.00693199 -0.49340746
v -0.08630377 -0.04836571 -0.49492867
v -0.08534994 -0.05012813 -0.48653675
v -0.07152421 -0.03931888 -0.45628382
v -0.06179913 -0.02512615 -0.44933724
v -0.06102945 -0.04154817 -0.44063992
v -0.05481430 -0.03288391 -0.43610483
v -0.04484346 -0.01724260 -0.45627669
v -0.04535831 -0.02680817 -0.44062825
v -0.08141464 -0.05279834 -0.46503951
v -0.07038752 -0.06260772 -0.44142062
v -0.02236970 -0.00959118 -0.47989687
v -0.02133870 -0.00707205 -0.49340033
v 0.00131533 -0.01587312 -0.47997144
v 0.00633998 -0.01714728 -0.49471793
v -0.02329176 -0.01431107 -0.45625594
v -0.02294096 -0.02513458 -0.43878412
v -0.00329627 -0.02028695 -0.45630652
v -0.01025517 -0.02166875 -0.44400071
v -0.07704037 -0.10193341 -0.49027103
v -0.06728676 -0.11433195 -0.49467319
v -0.06755520 -0.11058859 -0.47961416
v -0.07970280 -0.09675379 -0.47938073
v -0.06657543 -0.13199116 -0.49990728
v -0.04579405 -0.13450381 -0.49967514
v -0.03762519 -0.12623444 -0.49334067
v -0.04643600 -0.12203329 -0.47996237
v -0.06593414 -0.15310712 -0.50000000
v -0.06593803 -0.17498045 -0.50000000
v -0.04407508 -0.15311555 -0.49999935
v -0.04407184 -0.17498045 -0.50000000
v -0.06611959 -0.10785029 -0.45797103
v -0.07674015 -0.09419964 -0.45686741
v -0.06506136 -0.10046537 -0.44383471
v -0.07099964 -0.08756820 -0.43936706
v -0.04557229 -0.11576043 -0.45627085
v -0.05316795 -0.10551272 -0.44044215
v -0.02288908 -0.13697041 -0.49950395
v -0.01369182 -0.12608076 -0.49338282
v -0.02228021 -0.12468211 -0.47973153
v 0.00138212 -0.13617998 -0.49964791
v 0.00807905 -0.12106908 -0.49627934
v 0.00253178 -0.11779583 -0.48630332
v -0.02221343 -0.15314019 -0.49999870
v -0.02220500 -0.17498045 -0.50000000
v -0.00033880 -0.15314733 -0.49999805
v -0.00033880 -0.17498045 -0.50000000
v -0.02348045 -0.11906999 -0.45631041
v -0.03029345 -0.10729718 -0.43887037
v 0.00104688 -0.11583370 -0.46519772
v -0.00660648 -0.10609954 -0.44413039
v -0.04409713 -0.04366592 -0.43027160
v -0.04370159 -0.06581029 -0.42855781
v -0.04376059 -0.08701574 -0.42842618
v -0.02229318 -0.04426961 -0.42852669
v 0.00322300 -0.03806483 -0.43740622
v -0.02230550 -0.06554573 -0.42869074
v -0.02250133 -0.08701055 -0.42853252
v -0.00100214 -0.06542578 -0.42846963
v -0.00066885 -0.08629210 -0.43371539
v -0.06602168 -0.17498240 -0.42379837
v -0.04421708 -0.17515358 -0.42384246
v -0.02223677 -0.17522945 -0.42376141
v -0.00028498 -0.17513283 -0.42372445
v -0.15340410 -0.19684729 -0.50000000
v -0.15340410 -0.21871349 -0.50000000
v -0.13153791 -0.19684729 -0.50000000
v -0.13153791 -0.21871349 -0.50000000
v -0.15339373 -0.24056023 -0.49999935
v -0.15252354 -0.26093504 -0.49993645
v -0.13153791 -0.24057968 -0.50000000
v -0.13152364 -0.26238362 -0.49999870
v -0.10967107 -0.19684729 -0.50000000
v -0.10967107 -0.21871349 -0.50000000
v -0.08780487 -0.19684729 -0.50000000
v -0.08780487 -0.21871349 -0.50000000
v -0.10967107 -0.24058033 -0.50000000
v -0.10966329 -0.26242123 -0.49999935
v -0.08780487 -0.24058033 -0.50000000
v -0.08780228 -0.26244069 -0.50000000
v -0.15951486 -0.27170538 -0.49042665
v -0.16285555 -0.26963237 -0.47973347
v -0.15255985 -0.27683183 -0.47974579
v -0.14813305 -0.27613996 -0.49463104
v -0.12914263 -0.27908770 -0.49964531
v -0.13570145 -0.28518355 -0.49016339
v -0.13956865 -0.28395803 -0.47972764
v -0.12482541 -0.29021857 -0.47956747
v -0.12694446 -0.28846069 -0.49322331
v -0.16310260 -0.27001818 -0.45920303
v -0.15269408 -0.27713465 -0.45920628
v -0.16277709 -0.26969073 -0.44039092
v -0.15225055 -0.27703285 -0.44127602
v -0.13969121 -0.28413764 -0.45920303
v -0.12481050 -0.29038068 -0.45921341
v -0.13949214 -0.28430623 -0.44153085
v -0.12481763 -0.29028925 -0.44045901
v -0.10898438 -0.28244655 -0.49978667
v -0.10613131 -0.29757042 -0.47975357
v -0.10785159 -0.29415322 -0.49336920
v -0.08787231 -0.28385428 -0.49986967
v -0.08703649 -0.30314817 -0.47985278
v -0.08751632 -0.29717358 -0.49353520
v -0.10616633 -0.29792446 -0.45919136
v -0.10614493 -0.29759246 -0.44028393
v -0.08708447 -0.30335242 -0.45916283
v -0.08691069 -0.30308981 -0.44019121
v -0.15343458 -0.19681617 -0.42368749
v -0.15343458 -0.21868301 -0.42368749
v -0.13156838 -0.19681617 -0.42368749
v -0.13156838 -0.21868301 -0.42368749
v -0.15343847 -0.24054013 -0.42368749
v -0.15245351 -0.26097589 -0.42374455
v -0.13156838 -0.24054920 -0.42368749
v -0.13155606 -0.26233953 -0.42369138
v -0.10970154 -0.19681617 -0.42368749
v -0.10970154 -0.21868301 -0.42368749
v -0.08782887 -0.19679477 -0.42379578
v -0.08782822 -0.21866810 -0.42368749
v -0.10970154 -0.24054920 -0.42368749
v -0.10969182 -0.26238946 -0.42368814
v -0.08783535 -0.24054920 -0.42368749
v -0.08783405 -0.26241280 -0.42368749
v -0.15049592 -0.27475752 -0.42844239
v -0.16538246 -0.26722606 -0.43061137
v -0.12911474 -0.27915190 -0.42408044
v -0.13292165 -0.28601872 -0.42956222
v -0.14210789 -0.28274223 -0.43097514
v -0.10903691 -0.28239467 -0.42389499
v -0.11408684 -0.29186168 -0.42862784
v -0.08788204 -0.28385817 -0.42381134
v -0.09389294 -0.29581837 -0.42837236
v -0.06593803 -0.19684729 -0.50000000
v -0.06593803 -0.21871349 -0.50000000
v -0.04407184 -0.19684729 -0.50000000
v -0.04407184 -0.21871349 -0.50000000
v -0.06593803 -0.24058033 -0.50000000
v -0.06593803 -0.26244587 -0.50000000
v -0.04407184 -0.24058033 -0.50000000
v -0.04407184 -0.26244652 -0.50000000
v -0.02220500 -0.19684729 -0.50000000
v -0.02220500 -0.21871349 -0.50000000
v -0.00033880 -0.19684729 -0.50000000
v -0.00033880 -0.21871349 -0.50000000
v -0.02220500 -0.24058033 -0.50000000
v -0.02220629 -0.26244522 -0.50000000
v -0.00033880 -0.24058033 -0.50000000
v -0.00034334 -0.26243809 -0.50000000
v -0.06605669 -0.28419730 -0.49996952
v -0.07268036 -0.30627098 -0.47992151
v -0.06520401 -0.30153878 -0.49476462
v -0.04407249 -0.28424787 -0.49999805
v -0.04422487 -0.30045785 -0.49959279
v -0.05340008 -0.30887376 -0.49014588
v -0.05741059 -0.30850416 -0.47969327
v -0.04327881 -0.31046694 -0.47951236
v -0.04420995 -0.30918047 -0.49315068
v -0.07282236 -0.30667820 -0.45916024
v -0.07208251 -0.30665226 -0.44121183
v -0.05753379 -0.30879725 -0.45919914
v -0.04322046 -0.31061414 -0.45921146
v -0.05697809 -0.30875251 -0.44137069
v -0.04321397 -0.31043906 -0.44045382
v -0.02220889 -0.28424722 -0.49999870
v -0.02305832 -0.30031779 -0.49961419
v -0.00023635 -0.28406307 -0.49992738
v -0.00115971 -0.29929588 -0.49938270
v -0.02309269 -0.31092733 -0.47968419
v -0.02309139 -0.30904106 -0.49324925
v -0.00295909 -0.30957730 -0.47971078
v -0.00214856 -0.30789594 -0.49321618
v -0.02306286 -0.31112899 -0.45922573
v -0.02309334 -0.31099152 -0.44051996
v -0.00291500 -0.30974590 -0.45921795
v -0.00290332 -0.30965123 -0.44058286
v -0.06600223 -0.19680579 -0.42379707
v -0.06597759 -0.21866874 -0.42379578
v -0.04413603 -0.19682071 -0.42390406
v -0.04411852 -0.21866161 -0.42379643
v -0.06596137 -0.24053429 -0.42368749
v -0.06596851 -0.26241540 -0.42368749
v -0.04410231 -0.24052651 -0.42368814
v -0.04410231 -0.26241605 -0.42368749
v -0.02227308 -0.19682071 -0.42368814
v -0.02226595 -0.21867523 -0.42368814
v -0.00036993 -0.19681357 -0.42368749
v -0.00036928 -0.21868301 -0.42368749
v -0.02224325 -0.24054207 -0.42368749
v -0.02223612 -0.26241540 -0.42368749
v -0.00036928 -0.24054920 -0.42368749
v -0.00037317 -0.26241021 -0.42368749
v -0.06603465 -0.28418757 -0.42371408
v -0.06782495 -0.30118539 -0.42814476
v -0.04410296 -0.28417330 -0.42369462
v -0.04419244 -0.30047925 -0.42409016
v -0.05001984 -0.30863644 -0.42962706
v -0.05973001 -0.30791280 -0.43077867
v -0.02224131 -0.28417071 -0.42369527
v -0.02307907 -0.30028472 -0.42410832
v -0.00032843 -0.28398396 -0.42376206
v -0.00119602 -0.29920121 -0.42425486
v -0.02955490 -0.30916750 -0.42866804
v -0.00932922 -0.30881216 -0.42877763
v 0.02143207 0.15202036 -0.49986253
v 0.02757525 0.16444549 -0.49350667
v 0.02038876 0.17103932 -0.47994291
v 0.02152804 0.13115145 -0.50000000
v 0.04269458 0.15113656 -0.49971988
v 0.04779445 0.16090444 -0.49341784
v 0.03989339 0.16661317 -0.47979053
v 0.04338710 0.13115015 -0.50000000
v 0.02152804 0.10928396 -0.50000000
v 0.02152804 0.08741776 -0.50000000
v 0.04339423 0.10928396 -0.50000000
v 0.04339423 0.08741776 -0.50000000
v 0.02057615 0.17139985 -0.45921471
v 0.02053141 0.17105813 -0.44026059
v 0.03991414 0.16686735 -0.45922767
v 0.03985772 0.16655806 -0.44030663
v 0.06321205 0.14845856 -0.49963883
v 0.06739958 0.15572093 -0.49304240
v 0.05877423 0.16027157 -0.47973023
v 0.06524033 0.13113848 -0.49999870
v 0.07688345 0.15235819 -0.49023472
v 0.08535512 0.14504461 -0.49466670
v 0.08760516 0.14774400 -0.47961027
v 0.07422620 0.15394878 -0.47948966
v 0.08673497 0.13026181 -0.49996628
v 0.06526108 0.10928396 -0.50000000
v 0.06526108 0.08741776 -0.50000000
v 0.08713051 0.10929044 -0.50000000
v 0.08712727 0.08741776 -0.50000000
v 0.05885269 0.16046805 -0.45919655
v 0.05885917 0.16031761 -0.44062954
v 0.08781006 0.14792232 -0.45920498
v 0.07428197 0.15405058 -0.45918488
v 0.08767843 0.14754558 -0.44037082
v 0.07414515 0.15379251 -0.44064705
v 0.02152804 0.06555092 -0.50000000
v 0.02152804 0.04368473 -0.50000000
v 0.04339423 0.06555092 -0.50000000
v 0.04339423 0.04368473 -0.50000000
v 0.02152804 0.02181789 -0.50000000
v 0.02155073 -0.00001264 -0.49999870
v 0.04339423 0.02181789 -0.50000000
v 0.04339423 -0.00004831 -0.50000000
v 0.06526108 0.06555092 -0.50000000
v 0.06526108 0.04368473 -0.50000000
v 0.08712727 0.06555092 -0.50000000
v 0.08712727 0.04368473 -0.50000000
v 0.06526108 0.02181789 -0.50000000
v 0.06526108 -0.00004831 -0.50000000
v 0.08712727 0.02181789 -0.50000000
v 0.08712727 -0.00004831 -0.50000000
v 0.02105145 0.16530530 -0.42837301
v 0.02145023 0.15197432 -0.42391833
v 0.02145866 0.13118711 -0.42390471
v 0.04149564 0.16274402 -0.42848843
v 0.04262326 0.15105745 -0.42387748
v 0.04331837 0.13119035 -0.42368814
v 0.02145866 0.10933648 -0.42379643
v 0.02146385 0.08745861 -0.42379707
v 0.04332291 0.10930989 -0.42379643
v 0.04332939 0.08744240 -0.42390406
v 0.06115201 0.15815057 -0.42892936
v 0.06325290 0.14830359 -0.42404477
v 0.06520985 0.13115469 -0.42369008
v 0.08263109 0.14628375 -0.42765391
v 0.07019365 0.15506018 -0.43092910
v 0.08674535 0.13017492 -0.42383079
v 0.06521504 0.10930730 -0.42368749
v 0.06519234 0.08744111 -0.42368814
v 0.08710133 0.10932416 -0.42368749
v 0.08709679 0.08744824 -0.42368749
v 0.02148849 0.06559566 -0.42379578
v 0.02150470 0.04373012 -0.42368749
v 0.04334755 0.06560344 -0.42379643
v 0.04336376 0.04373790 -0.42368814
v 0.02165902 0.02200139 -0.42374066
v 0.04336181 0.02184771 -0.42368749
v 0.04366592 0.00016956 -0.42378346
v 0.06520012 0.06558918 -0.42368814
v 0.06522282 0.04372298 -0.42368749
v 0.08709679 0.06558205 -0.42368749
v 0.08709679 0.04371520 -0.42368749
v 0.06521958 0.02183669 -0.42379578
v 0.06520790 -0.00003988 -0.42390406
v 0.08707150 0.02182891 -0.42379643
v 0.08705075 -0.00003404 -0.42379643
v 0.10591863 0.12693409 -0.49962651
v 0.10781398 0.13405574 -0.49224289
v 0.09972422 0.14049201 -0.47983009
v 0.11557498 0.12951742 -0.49002981
v 0.12529941 0.12051209 -0.49376928
v 0.12583112 0.12185433 -0.47868756
v 0.11304807 0.13172466 -0.47859808
v 0.10895261 0.10925737 -0.49999805
v 0.10899411 0.08741776 -0.50000000
v 0.12853181 0.10703976 -0.49977824
v 0.13082399 0.08739312 -0.49999870
v 0.09990254 0.14074425 -0.45922119
v 0.09916852 0.14118258 -0.44144007
v 0.12569365 0.12215974 -0.45923221
v 0.11273163 0.13203525 -0.45921665
v 0.12552895 0.12191658 -0.44064121
v 0.11186663 0.13240680 -0.44145758
v 0.13883269 0.11123637 -0.49022434
v 0.14653793 0.10025918 -0.49346193
v 0.14673635 0.10404533 -0.47954543
v 0.13658849 0.11348446 -0.47953959
v 0.15014317 0.08555743 -0.49969654
v 0.15829842 0.08997126 -0.49011411
v 0.16227521 0.08289305 -0.49173388
v 0.16605877 0.08046405 -0.47731095
v 0.15659046 0.09257599 -0.47833936
v 0.14693930 0.10412573 -0.45922054
v 0.13674022 0.11355124 -0.45924972
v 0.14658267 0.10426061 -0.44134022
v 0.13655672 0.11335412 -0.44060555
v 0.16557115 0.08088229 -0.45893912
v 0.15611841 0.09339041 -0.45967379
v 0.16548880 0.08036873 -0.44026448
v 0.15570861 0.09359596 -0.44190629
v 0.10899411 0.06555092 -0.50000000
v 0.10899411 0.04368473 -0.50000000
v 0.13086030 0.06555092 -0.50000000
v 0.13086030 0.04368473 -0.50000000
v 0.10899411 0.02181789 -0.50000000
v 0.10899411 -0.00004831 -0.50000000
v 0.13086030 0.02181789 -0.50000000
v 0.13086030 -0.00004831 -0.50000000
v 0.15274725 0.06563262 -0.49997471
v 0.15271418 0.04367889 -0.49999935
v 0.17241528 0.06239244 -0.49467837
v 0.17524890 0.06798187 -0.47917194
v 0.17347286 0.04342990 -0.49988328
v 0.15272715 0.02181789 -0.50000000
v 0.15272715 -0.00004831 -0.50000000
v 0.17452915 0.02181075 -0.49999870
v 0.17455249 -0.00005285 -0.49999935
v 0.17549660 0.06808951 -0.45902796
v 0.17515617 0.06792027 -0.44018926
v 0.10222390 0.13762014 -0.42976323
v 0.10591669 0.12671687 -0.42414528
v 0.12144841 0.12331847 -0.42850853
v 0.10921976 0.13407520 -0.43101923
v 0.10889879 0.10925737 -0.42369462
v 0.10896299 0.08744824 -0.42368749
v 0.12854089 0.10685885 -0.42394621
v 0.13077536 0.08740479 -0.42369073
v 0.14373738 0.10302601 -0.42854938
v 0.13334896 0.11534997 -0.43094013
v 0.15012048 0.08541283 -0.42397993
v 0.15813761 0.08817577 -0.43002520
v 0.15349164 0.09598930 -0.43093688
v 0.10896299 0.06558205 -0.42368749
v 0.10896299 0.04371520 -0.42368749
v 0.13082983 0.06558205 -0.42368749
v 0.13082983 0.04371520 -0.42368749
v 0.10894807 0.02184123 -0.42368749
v 0.10892992 -0.00003015 -0.42379643
v 0.13082983 0.02184901 -0.42368749
v 0.13081491 -0.00002496 -0.42368749
v 0.15273817 0.06565791 -0.42371926
v 0.15268370 0.04371002 -0.42368749
v 0.16999730 0.06509508 -0.42789901
v 0.17348713 0.04341239 -0.42380421
v 0.15269602 0.02184901 -0.42368749
v 0.15269602 -0.00001783 -0.42368749
v 0.17447338 0.02183150 -0.42369138
v 0.17451683 -0.00002432 -0.42368879
v 0.18498371 0.05156309 -0.49039553
v 0.18920949 0.03811800 -0.49351510
v 0.18945978 0.04384294 -0.47965307
v 0.18341970 0.05522475 -0.47954672
v 0.19106982 0.01965409 -0.49945143
v 0.19385027 -0.00085689 -0.49965504
v 0.19687777 0.02628035 -0.48993709
v 0.20079620 0.01615065 -0.49171183
v 0.20252620 0.01371322 -0.47807350
v 0.19596349 0.02897391 -0.47828943
v 0.20480412 -0.00209474 -0.49322979
v 0.20806699 -0.00390320 -0.47961027
v 0.18974444 0.04401218 -0.45924129
v 0.18356625 0.05572144 -0.45831469
v 0.18962448 0.04376837 -0.44137977
v 0.18337107 0.05524355 -0.43976000
v 0.20197504 0.01482203 -0.45917061
v 0.19555693 0.03022731 -0.45920822
v 0.20819279 -0.00390968 -0.45919201
v 0.20168973 0.01474746 -0.44045187
v 0.19545966 0.03009633 -0.44156652
v 0.20792693 -0.00393108 -0.44034748
v 0.18757676 0.04172648 -0.42849038
v 0.18131945 0.05768877 -0.43069178
v 0.19090966 0.01957044 -0.42414982
v 0.19373291 -0.00083744 -0.42395788
v 0.19748794 0.02339486 -0.42965754
v 0.19391317 0.03293189 -0.43108667
v 0.20295286 0.00410680 -0.42868685
v 0.02380336 -0.02000813 -0.49979250
v 0.02085238 -0.03101969 -0.49021008
v 0.01755319 -0.02770688 -0.47957396
v 0.02770948 -0.04431370 -0.47958174
v 0.02893176 -0.04274257 -0.49468356
v 0.04340785 -0.02189699 -0.49999935
v 0.04470859 -0.04323731 -0.49989560
v 0.03112473 -0.06495891 -0.47988974
v 0.03519295 -0.07309405 -0.49348787
v 0.04689184 -0.06479356 -0.49971923
v 0.02890323 -0.08623309 -0.48636232
v 0.03251560 -0.09410627 -0.49635391
v 0.04715834 -0.08775948 -0.49973804
v 0.01354528 -0.03026751 -0.45794509
v 0.02537904 -0.04487718 -0.45795935
v 0.01692681 -0.04492192 -0.44390214
v 0.02695601 -0.06480005 -0.45616581
v 0.02705716 -0.08545368 -0.46514066
v 0.01845710 -0.05719402 -0.44041167
v 0.01747668 -0.07941814 -0.44406879
v 0.06526108 -0.02191515 -0.50000000
v 0.06526108 -0.04378134 -0.50000000
v 0.08712727 -0.02191515 -0.50000000
v 0.08712727 -0.04378134 -0.50000000
v 0.06526886 -0.06564494 -0.49999935
v 0.06527404 -0.08751308 -0.49999935
v 0.08712727 -0.06564819 -0.50000000
v 0.08712727 -0.08751438 -0.50000000
v 0.01914508 -0.10598218 -0.49036570
v 0.01840782 -0.10528382 -0.47317335
v 0.02810048 -0.11453944 -0.49952406
v 0.02283267 -0.13299557 -0.49991052
v 0.04496861 -0.10996934 -0.49991376
v 0.04340915 -0.13125779 -0.49999870
v 0.02153193 -0.15313241 -0.49999870
v 0.02152804 -0.17498045 -0.50000000
v 0.04339748 -0.15311685 -0.49999935
v 0.04339423 -0.17498045 -0.50000000
v 0.01220174 -0.09956471 -0.44747302
v 0.06526691 -0.10938446 -0.49999935
v 0.06526108 -0.13124871 -0.50000000
v 0.08712727 -0.10938122 -0.50000000
v 0.08712727 -0.13124741 -0.50000000
v 0.06526108 -0.15311426 -0.50000000
v 0.06526108 -0.17498045 -0.50000000
v 0.08712727 -0.15311426 -0.50000000
v 0.08712727 -0.17498045 -0.50000000
v 0.06540373 -0.02181335 -0.42395140
v 0.06416913 -0.04429619 -0.42236859
v 0.08703130 -0.02190542 -0.42390536
v 0.08706632 -0.04375281 -0.42390731
v 0.06332488 -0.06634395 -0.42071900
v 0.06349541 -0.08710263 -0.42069047
v 0.08712857 -0.06561447 -0.42391249
v 0.08715450 -0.08749947 -0.42391638
v 0.04406406 -0.11131029 -0.41543433
v 0.04378848 -0.13163128 -0.42217666
v 0.02152480 -0.17504011 -0.42369657
v 0.04351225 -0.15324913 -0.42372834
v 0.04338645 -0.17497072 -0.42368944
v 0.06432151 -0.10891046 -0.42232839
v 0.06539984 -0.13133301 -0.42383339
v 0.08712078 -0.10937668 -0.42391185
v 0.08708382 -0.13122407 -0.42379837
v 0.06526172 -0.15309286 -0.42369008
v 0.06522930 -0.17494933 -0.42368749
v 0.08708707 -0.15306887 -0.42379578
v 0.08710393 -0.17493506 -0.42368749
v 0.10899411 -0.02191515 -0.50000000
v 0.10899411 -0.04378134 -0.50000000
v 0.13086030 -0.02191515 -0.50000000
v 0.13086030 -0.04378134 -0.50000000
v 0.10899411 -0.06564819 -0.50000000
v 0.10899411 -0.08751438 -0.50000000
v 0.13086030 -0.06564819 -0.50000000
v 0.13086030 -0.08751438 -0.50000000
v 0.15272715 -0.02191515 -0.50000000
v 0.15272715 -0.04378134 -0.50000000
v 0.17456740 -0.02191969 -0.50000000
v 0.17457843 -0.04378199 -0.50000000
v 0.15272715 -0.06564819 -0.50000000
v 0.15272715 -0.08751438 -0.50000000
v 0.17457389 -0.06564300 -0.50000000
v 0.17455897 -0.08751049 -0.50000000
v 0.10899411 -0.10938122 -0.50000000
v 0.10899411 -0.13124741 -0.50000000
v 0.13086030 -0.10938122 -0.50000000
v 0.13086030 -0.13124741 -0.50000000
v 0.10899411 -0.15311426 -0.50000000
v 0.10899411 -0.17498045 -0.50000000
v 0.13086030 -0.15311426 -0.50000000
v 0.13085252 -0.17497267 -0.50000000
v 0.15272715 -0.10938122 -0.50000000
v 0.15272131 -0.13124223 -0.50000000
v 0.17454601 -0.10937733 -0.49999935
v 0.17453498 -0.13122861 -0.49999935
v 0.15269991 -0.15310518 -0.50000000
v 0.15267592 -0.17495192 -0.49999935
v 0.17363626 -0.15280561 -0.49993062
v 0.17166959 -0.17334382 -0.49976332
v 0.10890657 -0.02191256 -0.42390471
v 0.10890074 -0.04376773 -0.42390536
v 0.13079222 -0.02189181 -0.42368814
v 0.13078444 -0.04375087 -0.42368879
v 0.10890074 -0.06563457 -0.42390536
v 0.10890074 -0.08750076 -0.42390536
v 0.13078444 -0.06561706 -0.42368879
v 0.13078444 -0.08748390 -0.42368879
v 0.15269602 -0.02188403 -0.42368749
v 0.15269602 -0.04375087 -0.42368749
v 0.17453952 -0.02188921 -0.42368749
v 0.17455249 -0.04375152 -0.42368749
v 0.15269602 -0.06561706 -0.42368749
v 0.15269602 -0.08748390 -0.42368749
v 0.17454795 -0.06561317 -0.42368749
v 0.17453044 -0.08747872 -0.42368814
v 0.10890074 -0.10936760 -0.42390536
v 0.10892343 -0.13121110 -0.42390406
v 0.13078444 -0.10935010 -0.42368879
v 0.13078444 -0.13121694 -0.42368879
v 0.10894678 -0.15306173 -0.42379643
v 0.10896299 -0.17492728 -0.42368814
v 0.13079935 -0.15307600 -0.42368814
v 0.13081232 -0.17493311 -0.42368749
v 0.15269602 -0.10935010 -0.42368749
v 0.15269148 -0.13121305 -0.42368749
v 0.17450515 -0.10934167 -0.42368944
v 0.17447273 -0.13119295 -0.42369203
v 0.15266879 -0.15307146 -0.42368814
v 0.15262534 -0.17490653 -0.42369073
v 0.17355975 -0.15272780 -0.42376271
v 0.17168580 -0.17333993 -0.42391768
v 0.02152804 -0.19684729 -0.50000000
v 0.02152804 -0.21871349 -0.50000000
v 0.04339423 -0.19684729 -0.50000000
v 0.04339423 -0.21871349 -0.50000000
v 0.02152804 -0.24058033 -0.50000000
v 0.02152026 -0.26241864 -0.50000000
v 0.04339294 -0.24057838 -0.50000000
v 0.04338451 -0.26239594 -0.49999935
v 0.06526108 -0.19684729 -0.50000000
v 0.06526108 -0.21871349 -0.50000000
v 0.08712727 -0.19684729 -0.50000000
v 0.08712078 -0.21870635 -0.50000000
v 0.06525200 -0.24056606 -0.50000000
v 0.06521439 -0.26211064 -0.49987550
v 0.08709744 -0.24053818 -0.50000000
v 0.08569230 -0.26052264 -0.49976527
v 0.02124662 -0.28335953 -0.49976592
v 0.02037838 -0.29982110 -0.49254895
v 0.04210322 -0.28155107 -0.49966736
v 0.02743584 -0.30493588 -0.47321874
v 0.04121163 -0.30076585 -0.47984824
v 0.04134716 -0.29412144 -0.49343988
v 0.00937526 -0.30680723 -0.49484826
v 0.01273864 -0.30729031 -0.48626895
v 0.02756228 -0.30509928 -0.45193159
v 0.04132965 -0.30103560 -0.45922508
v 0.02740666 -0.30475951 -0.43468737
v 0.04129658 -0.30076132 -0.44033840
v 0.01286378 -0.30752439 -0.46650689
v 0.01289620 -0.30749456 -0.44627733
v 0.06293906 -0.27865650 -0.49955583
v 0.06004449 -0.29449104 -0.47974644
v 0.06126742 -0.28965768 -0.49337634
v 0.08311092 -0.27692521 -0.49270651
v 0.07277827 -0.28692716 -0.49482686
v 0.07537002 -0.28794649 -0.48643689
v 0.08917240 -0.28175014 -0.47314223
v 0.06008275 -0.29468946 -0.45921600
v 0.06002893 -0.29444241 -0.44039741
v 0.07553861 -0.28826941 -0.46649068
v 0.08927615 -0.28186037 -0.45192965
v 0.07551462 -0.28817863 -0.44620146
v 0.08903753 -0.28142657 -0.43455056
v 0.02149692 -0.19681552 -0.42368749
v 0.02149692 -0.21868301 -0.42368749
v 0.04336376 -0.19681617 -0.42368749
v 0.04336376 -0.21868301 -0.42368749
v 0.02149692 -0.24054920 -0.42368749
v 0.02148589 -0.26238751 -0.42368814
v 0.04336246 -0.24054855 -0.42368749
v 0.04334690 -0.26234407 -0.42369073
v 0.06522995 -0.19681617 -0.42368749
v 0.06522995 -0.21868301 -0.42368749
v 0.08709679 -0.19681617 -0.42368749
v 0.08708901 -0.21867458 -0.42368749
v 0.06521893 -0.24053364 -0.42368749
v 0.06510286 -0.26194140 -0.42371213
v 0.08705400 -0.24049020 -0.42369008
v 0.08564302 -0.26039101 -0.42386321
v 0.02116362 -0.28329598 -0.42391120
v 0.01724454 -0.29812936 -0.42639985
v 0.04208377 -0.28143889 -0.42394751
v 0.03506521 -0.29588062 -0.42842099
v 0.00951726 -0.30707503 -0.43082082
v 0.06284829 -0.27848078 -0.42401494
v 0.05495890 -0.29224295 -0.42862525
v 0.08081680 -0.27552007 -0.42632269
v 0.07302143 -0.28739338 -0.43067557
v 0.10898892 -0.19684210 -0.50000000
v 0.10896753 -0.21868171 -0.50000000
v 0.13082594 -0.19682135 -0.50000000
v 0.13006663 -0.21812212 -0.49987550
v 0.10813365 -0.23941187 -0.49986902
v 0.10416723 -0.25631761 -0.49959668
v 0.12706961 -0.23601282 -0.49960965
v 0.12322250 -0.25241020 -0.49268706
v 0.15130450 -0.19579166 -0.49987096
v 0.14756244 -0.21479051 -0.49959603
v 0.16763379 -0.19175067 -0.49943392
v 0.16381327 -0.21047135 -0.49259888
v 0.14453429 -0.23255671 -0.49269095
v 0.13622862 -0.24481000 -0.49488911
v 0.13817195 -0.24635455 -0.48651211
v 0.14855323 -0.23683243 -0.47314158
v 0.12732315 -0.25547271 -0.47314612
v 0.15604903 -0.22387365 -0.49488133
v 0.15729206 -0.22576705 -0.48649784
v 0.16647246 -0.21425427 -0.47318697
v 0.13846439 -0.24666126 -0.46651921
v 0.14864790 -0.23694850 -0.45194586
v 0.12743078 -0.25556284 -0.45195818
v 0.13840279 -0.24658345 -0.44621832
v 0.14837427 -0.23666254 -0.43467959
v 0.12717012 -0.25528661 -0.43470359
v 0.15766815 -0.22612758 -0.46652959
v 0.16664883 -0.21443064 -0.45198217
v 0.15771483 -0.22617297 -0.44629613
v 0.16668969 -0.21407595 -0.43561916
v 0.10128628 -0.27418756 -0.47983852
v 0.10251375 -0.26855987 -0.49339903
v 0.11278870 -0.26431982 -0.49490662
v 0.11421264 -0.26512387 -0.48648617
v 0.10147886 -0.27443396 -0.45921081
v 0.10142634 -0.27429325 -0.44048948
v 0.11447849 -0.26544225 -0.46649782
v 0.11446682 -0.26540918 -0.44628122
v 0.10895845 -0.19681163 -0.42368749
v 0.10893121 -0.21863957 -0.42368879
v 0.13078249 -0.19678375 -0.42368944
v 0.12994408 -0.21800541 -0.42376011
v 0.10801823 -0.23928348 -0.42376336
v 0.10418344 -0.25630593 -0.42417640
v 0.12692177 -0.23587211 -0.42402013
v 0.12171167 -0.25151796 -0.42644719
v 0.15126495 -0.19574562 -0.42376595
v 0.14754104 -0.21474966 -0.42408108
v 0.16797162 -0.19166119 -0.42501741
v 0.16339763 -0.20900526 -0.42734396
v 0.14323096 -0.23130525 -0.42642579
v 0.13653597 -0.24539099 -0.43071577
v 0.15663845 -0.22441379 -0.43071642
v 0.09777441 -0.27157505 -0.42854549
v 0.11312717 -0.26475816 -0.43079034
v 0.19473537 -0.02211746 -0.49966412
v 0.19568726 -0.04389417 -0.49966865
v 0.20740884 -0.02284369 -0.49334521
v 0.21236216 -0.02360170 -0.47971856
v 0.20924518 -0.04404914 -0.49334456
v 0.21506804 -0.04420412 -0.47972764
v 0.19576313 -0.06561576 -0.49966995
v 0.19489424 -0.08728938 -0.49966606
v 0.20940729 -0.06558529 -0.49334975
v 0.21616323 -0.06567801 -0.47973347
v 0.20853840 -0.08719535 -0.49336272
v 0.21537474 -0.08714478 -0.47973931
v 0.21255215 -0.02358290 -0.45919396
v 0.21526775 -0.04418596 -0.45919201
v 0.21233493 -0.02360689 -0.44038898
v 0.21504405 -0.04421579 -0.44038963
v 0.21636489 -0.06564170 -0.45918617
v 0.21557900 -0.08712014 -0.45920822
v 0.21614053 -0.06565208 -0.44038314
v 0.21535724 -0.08710846 -0.44038898
v 0.19394170 -0.10901551 -0.49966282
v 0.19233555 -0.12985200 -0.49969719
v 0.20671438 -0.10872826 -0.49336920
v 0.21269999 -0.10851039 -0.47975487
v 0.20353061 -0.12862324 -0.49339320
v 0.20861491 -0.12833080 -0.47974385
v 0.18904998 -0.15004007 -0.49958501
v 0.18728497 -0.17052966 -0.49262870
v 0.19938523 -0.14859798 -0.49330306
v 0.20283355 -0.14725833 -0.47977497
v 0.19641090 -0.15947401 -0.49495914
v 0.19665341 -0.16177268 -0.48647061
v 0.19092522 -0.17618004 -0.47321939
v 0.21290100 -0.10851557 -0.45923416
v 0.20881138 -0.12834377 -0.45923935
v 0.21268702 -0.10850714 -0.44041102
v 0.20856239 -0.12829319 -0.44038249
v 0.20305791 -0.14732706 -0.45922054
v 0.19702366 -0.16198925 -0.46649522
v 0.19107890 -0.17631556 -0.45195364
v 0.20289321 -0.14728816 -0.44051153
v 0.19700097 -0.16199055 -0.44631558
v 0.19076701 -0.17612427 -0.43471461
v 0.19469193 -0.02210060 -0.42400457
v 0.19564965 -0.04387731 -0.42399809
v 0.20643426 -0.01615973 -0.42852409
v 0.20827254 -0.03683865 -0.42857143
v 0.19572811 -0.06558399 -0.42399809
v 0.19485663 -0.08726538 -0.42400262
v 0.20930419 -0.05842019 -0.42855651
v 0.20938070 -0.08005165 -0.42856559
v 0.19389825 -0.10899152 -0.42401041
v 0.19226747 -0.12985330 -0.42397150
v 0.20763255 -0.10155408 -0.42858764
v 0.20505441 -0.12230887 -0.42855651
v 0.18904414 -0.15003035 -0.42418094
v 0.18626305 -0.16829454 -0.42644265
v 0.20180515 -0.14268952 -0.42874456
v 0.19677207 -0.15970226 -0.43074949
v 0.17931388 -0.18983717 -0.49337115
v 0.18401561 -0.18846121 -0.47987937
v 0.17513283 -0.20015945 -0.49483400
v 0.17570280 -0.20153087 -0.48636232
v 0.18445264 -0.18873484 -0.45926982
v 0.17608666 -0.20182006 -0.46655423
v 0.18449544 -0.18849947 -0.44136097
v 0.17640439 -0.20174744 -0.44716956
v 0.18230765 -0.18490914 -0.42944810
v 0.17574819 -0.20074044 -0.43080785
f 1 3 2
f 1 4 3
f 5 2 6
f 5 1 2
f 5 4 1
f 5 7 4
f 5 8 7
f 5 6 8
f 2 10 9
f 2 3 10
f 6 9 11
f 6 2 9
f 6 12 8
f 6 11 12
f 13 8 14
f 13 7 8
f 13 15 7
f 13 16 15
f 13 17 16
f 13 14 17
f 7 18 4
f 7 15 18
f 14 12 19
f 14 8 12
f 14 20 17
f 14 19 20
f 21 23 22
f 21 24 23
f 4 22 3
f 4 21 22
f 4 24 21
f 4 18 24
f 22 26 25
f 22 23 26
f 3 25 10
f 3 22 25
f 9 28 27
f 9 10 28
f 11 27 29
f 11 9 27
f 11 30 12
f 11 29 30
f 27 32 31
f 27 28 32
f 29 31 33
f 29 27 31
f 29 34 30
f 29 33 34
f 19 30 35
f 19 12 30
f 19 36 20
f 19 35 36
f 35 34 37
f 35 30 34
f 35 38 36
f 35 37 38
f 25 40 39
f 25 26 40
f 10 39 28
f 10 25 39
f 39 42 41
f 39 40 42
f 28 41 32
f 28 39 41
f 31 44 43
f 31 32 44
f 33 43 45
f 33 31 43
f 33 46 34
f 33 45 46
f 43 48 47
f 43 44 48
f 45 47 49
f 45 43 47
f 45 50 46
f 45 49 50
f 37 46 51
f 37 34 46
f 37 52 38
f 37 51 52
f 51 50 53
f 51 46 50
f 51 54 52
f 51 53 54
f 41 56 55
f 41 42 56
f 32 55 44
f 32 41 55
f 55 58 57
f 55 56 58
f 44 57 48
f 44 55 57
f 47 60 59
f 47 48 60
f 49 59 61
f 49 47 59
f 49 62 50
f 49 61 62
f 59 64 63
f 59 60 64
f 61 63 65
f 61 59 63
f 61 66 62
f 61 65 66
f 53 62 67
f 53 50 62
f 53 68 54
f 53 67 68
f 67 66 69
f 67 62 66
f 67 70 68
f 67 69 70
f 57 72 71
f 57 58 72
f 48 71 60
f 48 57 71
f 71 74 73
f 71 72 74
f 60 73 64
f 60 71 73
f 63 76 75
f 63 64 76
f 65 75 77
f 65 63 75
f 65 78 66
f 65 77 78
f 75 80 79
f 75 76 80
f 77 79 81
f 77 75 79
f 77 82 78
f 77 81 82
f 69 78 83
f 69 66 78
f 69 84 70
f 69 83 84
f 83 82 85
f 83 78 82
f 83 86 84
f 83 85 86
f 73 88 87
f 73 74 88
f 64 87 76
f 64 73 87
f 87 90 89
f 87 88 90
f 76 89 80
f 76 87 89
f 79 92 91
f 79 80 92
f 81 91 93
f 81 79 91
f 81 94 82
f 81 93 94
f 91 96 95
f 91 92 96
f 93 95 97
f 93 91 95
f 93 98 94
f 93 97 98
f 85 94 99
f 85 82 94
f 85 100 86
f 85 99 100
f 99 98 101
f 99 94 98
f 99 102 100
f 99 101 102
f 89 104 103
f 89 90 104
f 80 103 92
f 80 89 103
f 103 106 105
f 103 104 106
f 92 105 96
f 92 103 105
f 95 108 107
f 95 96 108
f 97 107 109
f 97 95 107
f 97 110 98
f 97 109 110
f 107 112 111
f 107 108 112
f 109 111 113
f 109 107 111
f 109 114 110
f 109 113 114
f 101 110 115
f 101 98 110
f 101 116 102
f 101 115 116
f 115 114 117
f 115 110 114
f 115 118 116
f 115 117 118
f 105 120 119
f 105 106 120
f 96 119 108
f 96 105 119
f 119 122 121
f 119 120 122
f 108 121 112
f 108 119 121
f 111 124 123
f 111 112 124
f 113 123 125
f 113 111 123
f 113 126 114
f 113 125 126
f 123 128 127
f 123 124 128
f 125 127 129
f 125 123 127
f 125 130 126
f 125 129 130
f 117 126 131
f 117 114 126
f 117 132 118
f 117 131 132
f 131 130 133
f 131 126 130
f 131 134 132
f 131 133 134
f 121 136 135
f 121 122 136
f 112 135 124
f 112 121 135
f 135 138 137
f 135 136 138
f 124 137 128
f 124 135 137
f 139 141 140
f 139 142 141
f 127 141 142
f 127 128 141
f 129 142 139
f 129 127 142
f 129 140 130
f 129 139 140
f 143 145 144
f 143 140 145
f 133 140 143
f 133 130 140
f 133 144 134
f 133 143 144
f 140 146 145
f 140 141 146
f 141 147 146
f 141 148 147
f 137 147 148
f 137 138 147
f 128 148 141
f 128 137 148
f 149 151 150
f 149 152 151
f 149 153 152
f 149 154 153
f 149 155 154
f 149 150 155
f 150 157 156
f 150 151 157
f 150 158 155
f 150 156 158
f 159 17 160
f 159 16 17
f 159 161 16
f 159 162 161
f 159 163 162
f 159 160 163
f 160 20 164
f 160 17 20
f 160 165 163
f 160 164 165
f 152 163 151
f 152 162 163
f 152 166 162
f 152 153 166
f 162 167 161
f 162 166 167
f 151 165 157
f 151 163 165
f 154 168 153
f 154 169 168
f 154 170 169
f 154 155 170
f 155 171 170
f 155 158 171
f 172 170 173
f 172 169 170
f 172 174 169
f 172 175 174
f 172 176 175
f 172 173 176
f 169 177 168
f 169 174 177
f 173 171 178
f 173 170 171
f 173 179 176
f 173 178 179
f 153 180 166
f 153 168 180
f 166 181 167
f 166 180 181
f 168 182 180
f 168 177 182
f 180 183 181
f 180 182 183
f 184 176 185
f 184 175 176
f 184 186 175
f 184 187 186
f 184 188 187
f 184 185 188
f 185 179 189
f 185 176 179
f 185 190 188
f 185 189 190
f 187 191 186
f 187 192 191
f 187 193 192
f 187 188 193
f 188 194 193
f 188 190 194
f 195 193 196
f 195 192 193
f 195 197 192
f 195 198 197
f 195 199 198
f 195 196 199
f 192 200 191
f 192 197 200
f 196 194 201
f 196 193 194
f 196 202 199
f 196 201 202
f 198 203 197
f 198 204 203
f 198 205 204
f 198 199 205
f 197 206 200
f 197 203 206
f 199 207 205
f 199 202 207
f 175 208 174
f 175 186 208
f 174 209 177
f 174 208 209
f 186 210 208
f 186 191 210
f 208 211 209
f 208 210 211
f 177 212 182
f 177 209 212
f 182 213 183
f 182 212 213
f 209 214 212
f 209 211 214
f 212 215 213
f 212 214 215
f 191 216 210
f 191 200 216
f 210 217 211
f 210 216 217
f 200 218 216
f 200 206 218
f 216 219 217
f 216 218 219
f 211 220 214
f 211 217 220
f 214 221 215
f 214 220 221
f 217 222 220
f 217 219 222
f 220 223 221
f 220 222 223
f 16 224 15
f 16 161 224
f 15 225 18
f 15 224 225
f 161 226 224
f 161 167 226
f 224 227 225
f 224 226 227
f 18 228 24
f 18 225 228
f 229 231 230
f 229 232 231
f 24 230 23
f 24 229 230
f 24 232 229
f 24 228 232
f 230 234 233
f 230 231 234
f 23 233 26
f 23 230 233
f 225 235 228
f 225 227 235
f 232 236 231
f 232 237 236
f 228 237 232
f 228 235 237
f 231 238 234
f 231 236 238
f 167 239 226
f 167 181 239
f 226 240 227
f 226 239 240
f 181 241 239
f 181 183 241
f 239 242 240
f 239 241 242
f 227 243 235
f 227 240 243
f 235 244 237
f 235 243 244
f 240 245 243
f 240 242 245
f 247 249 248
f 247 246 249
f 237 248 236
f 237 247 248
f 237 246 247
f 237 244 246
f 248 251 250
f 248 249 251
f 236 250 238
f 236 248 250
f 254 253 256
f 254 257 255
f 254 256 257
f 183 258 241
f 183 213 258
f 241 256 242
f 241 258 256
f 213 259 258
f 213 215 259
f 258 257 256
f 258 259 257
f 242 253 245
f 242 256 253
f 260 257 259
f 260 255 257
f 260 259 261
f 215 261 259
f 215 221 261
f 221 262 261
f 221 223 262
f 156 266 265
f 156 157 266
f 156 267 158
f 156 265 267
f 265 269 268
f 265 266 269
f 265 270 267
f 265 268 270
f 164 36 271
f 164 20 36
f 164 272 165
f 164 271 272
f 271 38 273
f 271 36 38
f 271 274 272
f 271 273 274
f 157 272 266
f 157 165 272
f 266 274 269
f 266 272 274
f 268 276 275
f 268 269 276
f 268 277 270
f 268 275 277
f 275 279 278
f 275 276 279
f 275 280 277
f 275 278 280
f 273 52 281
f 273 38 52
f 273 282 274
f 273 281 282
f 281 54 283
f 281 52 54
f 281 284 282
f 281 283 284
f 269 282 276
f 269 274 282
f 276 284 279
f 276 282 284
f 158 285 171
f 158 267 285
f 267 286 285
f 267 270 286
f 178 285 287
f 178 171 285
f 178 288 179
f 178 287 288
f 287 286 289
f 287 285 286
f 287 290 288
f 287 289 290
f 270 291 286
f 270 277 291
f 277 292 291
f 277 280 292
f 289 291 293
f 289 286 291
f 289 294 290
f 289 293 294
f 293 292 295
f 293 291 292
f 293 296 294
f 293 295 296
f 278 298 297
f 278 279 298
f 278 299 280
f 278 297 299
f 297 301 300
f 297 298 301
f 297 302 299
f 297 300 302
f 283 68 303
f 283 54 68
f 283 304 284
f 283 303 304
f 303 70 305
f 303 68 70
f 303 306 304
f 303 305 306
f 279 304 298
f 279 284 304
f 298 306 301
f 298 304 306
f 300 308 307
f 300 301 308
f 300 309 302
f 300 307 309
f 307 311 310
f 307 308 311
f 307 312 309
f 307 310 312
f 305 84 313
f 305 70 84
f 305 314 306
f 305 313 314
f 313 86 315
f 313 84 86
f 313 316 314
f 313 315 316
f 301 314 308
f 301 306 314
f 308 316 311
f 308 314 316
f 280 317 292
f 280 299 317
f 299 318 317
f 299 302 318
f 295 317 319
f 295 292 317
f 295 320 296
f 295 319 320
f 319 318 321
f 319 317 318
f 319 322 320
f 319 321 322
f 302 323 318
f 302 309 323
f 309 324 323
f 309 312 324
f 321 323 325
f 321 318 323
f 321 326 322
f 321 325 326
f 325 324 327
f 325 323 324
f 325 328 326
f 325 327 328
f 189 288 329
f 189 179 288
f 189 330 190
f 189 329 330
f 329 290 331
f 329 288 290
f 329 332 330
f 329 331 332
f 190 333 194
f 190 330 333
f 330 334 333
f 330 332 334
f 331 294 335
f 331 290 294
f 331 336 332
f 331 335 336
f 335 296 337
f 335 294 296
f 335 338 336
f 335 337 338
f 332 339 334
f 332 336 339
f 336 340 339
f 336 338 340
f 201 333 341
f 201 194 333
f 201 342 202
f 201 341 342
f 341 334 343
f 341 333 334
f 341 344 342
f 341 343 344
f 202 345 207
f 202 342 345
f 342 346 345
f 342 344 346
f 343 339 347
f 343 334 339
f 343 348 344
f 343 347 348
f 347 340 349
f 347 339 340
f 347 350 348
f 347 349 350
f 344 351 346
f 344 348 351
f 348 352 351
f 348 350 352
f 337 320 353
f 337 296 320
f 337 354 338
f 337 353 354
f 353 322 355
f 353 320 322
f 353 356 354
f 353 355 356
f 338 357 340
f 338 354 357
f 354 358 357
f 354 356 358
f 355 326 359
f 355 322 326
f 355 360 356
f 355 359 360
f 359 328 361
f 359 326 328
f 359 362 360
f 359 361 362
f 356 363 358
f 356 360 363
f 360 364 363
f 360 362 364
f 349 357 365
f 349 340 357
f 349 366 350
f 349 365 366
f 365 358 367
f 365 357 358
f 365 368 366
f 365 367 368
f 350 369 352
f 350 366 369
f 366 370 369
f 366 368 370
f 367 363 371
f 367 358 363
f 367 372 368
f 367 371 372
f 371 364 373
f 371 363 364
f 371 374 372
f 371 373 374
f 368 375 370
f 368 372 375
f 372 376 375
f 372 374 376
f 233 378 377
f 233 234 378
f 26 377 40
f 26 233 377
f 377 380 379
f 377 378 380
f 40 379 42
f 40 377 379
f 234 381 378
f 234 238 381
f 378 382 380
f 378 381 382
f 379 384 383
f 379 380 384
f 42 383 56
f 42 379 383
f 383 386 385
f 383 384 386
f 56 385 58
f 56 383 385
f 380 387 384
f 380 382 387
f 384 388 386
f 384 387 388
f 250 390 389
f 250 251 390
f 238 389 381
f 238 250 389
f 389 392 391
f 389 390 392
f 381 391 382
f 381 389 391
f 251 393 390
f 251 252 393
f 390 394 392
f 390 393 394
f 391 396 395
f 391 392 396
f 382 395 387
f 382 391 395
f 395 398 397
f 395 396 398
f 387 397 388
f 387 395 397
f 392 399 396
f 392 394 399
f 396 400 398
f 396 399 400
f 385 402 401
f 385 386 402
f 58 401 72
f 58 385 401
f 401 404 403
f 401 402 404
f 72 403 74
f 72 401 403
f 386 405 402
f 386 388 405
f 402 406 404
f 402 405 406
f 403 408 407
f 403 404 408
f 74 407 88
f 74 403 407
f 407 410 409
f 407 408 410
f 88 409 90
f 88 407 409
f 404 411 408
f 404 406 411
f 408 412 410
f 408 411 412
f 397 414 413
f 397 398 414
f 388 413 405
f 388 397 413
f 413 416 415
f 413 414 416
f 405 415 406
f 405 413 415
f 398 417 414
f 398 400 417
f 414 418 416
f 414 417 418
f 415 420 419
f 415 416 420
f 406 419 411
f 406 415 419
f 419 422 421
f 419 420 422
f 411 421 412
f 411 419 421
f 416 423 420
f 416 418 423
f 420 424 422
f 420 423 424
f 425 428 427
f 426 427 429
f 428 430 427
f 428 431 430
f 429 430 432
f 429 427 430
f 431 433 430
f 431 434 433
f 432 433 435
f 432 430 433
f 263 437 436
f 263 264 437
f 436 439 438
f 436 437 439
f 263 436 440
f 436 441 440
f 436 438 441
f 425 441 428
f 425 440 441
f 438 443 442
f 438 439 443
f 442 445 444
f 442 443 445
f 438 446 441
f 438 442 446
f 428 446 431
f 428 441 446
f 442 447 446
f 442 444 447
f 431 447 434
f 431 446 447
f 252 448 393
f 426 449 448
f 426 429 449
f 393 449 394
f 393 448 449
f 429 450 449
f 429 432 450
f 394 450 399
f 394 449 450
f 432 451 450
f 432 435 451
f 399 451 400
f 399 450 451
f 434 452 433
f 434 453 452
f 435 452 454
f 435 433 452
f 453 455 452
f 453 456 455
f 454 455 457
f 454 452 455
f 456 458 455
f 456 459 458
f 457 458 460
f 457 455 458
f 459 461 458
f 459 462 461
f 460 461 463
f 460 458 461
f 444 465 464
f 444 445 465
f 464 467 466
f 464 465 467
f 444 468 447
f 444 464 468
f 434 468 453
f 434 447 468
f 464 469 468
f 464 466 469
f 453 469 456
f 453 468 469
f 466 471 470
f 466 467 471
f 470 473 472
f 470 471 473
f 466 474 469
f 466 470 474
f 456 474 459
f 456 469 474
f 470 475 474
f 470 472 475
f 459 475 462
f 459 474 475
f 435 476 451
f 435 454 476
f 400 476 417
f 400 451 476
f 454 477 476
f 454 457 477
f 417 477 418
f 417 476 477
f 457 478 477
f 457 460 478
f 418 478 423
f 418 477 478
f 460 479 478
f 460 463 479
f 423 479 424
f 423 478 479
f 480 205 481
f 480 204 205
f 480 482 204
f 480 483 482
f 480 484 483
f 480 481 484
f 481 207 485
f 481 205 207
f 481 486 484
f 481 485 486
f 483 487 482
f 483 488 487
f 483 489 488
f 483 484 489
f 484 490 489
f 484 486 490
f 204 491 203
f 204 482 491
f 203 492 206
f 203 491 492
f 482 493 491
f 482 487 493
f 491 494 492
f 491 493 494
f 488 495 487
f 488 496 495
f 488 497 496
f 488 489 497
f 489 498 497
f 489 490 498
f 496 499 495
f 496 500 499
f 496 501 500
f 496 497 501
f 497 502 501
f 497 498 502
f 487 503 493
f 487 495 503
f 493 504 494
f 493 503 504
f 495 505 503
f 495 499 505
f 503 506 504
f 503 505 506
f 507 510 509
f 507 511 508
f 507 509 511
f 206 512 218
f 206 492 512
f 218 513 219
f 218 512 513
f 492 514 512
f 492 494 514
f 512 515 513
f 512 514 515
f 219 509 222
f 219 513 509
f 222 510 223
f 222 509 510
f 513 511 509
f 513 515 511
f 508 517 516
f 508 511 517
f 516 519 518
f 516 517 519
f 494 520 514
f 494 504 520
f 514 521 515
f 514 520 521
f 504 522 520
f 504 506 522
f 520 523 521
f 520 522 523
f 515 517 511
f 515 521 517
f 521 519 517
f 521 523 519
f 524 501 525
f 524 500 501
f 524 526 500
f 524 527 526
f 524 528 527
f 524 525 528
f 500 529 499
f 500 526 529
f 525 502 530
f 525 501 502
f 525 531 528
f 525 530 531
f 527 532 526
f 527 533 532
f 527 534 533
f 527 528 534
f 526 535 529
f 526 532 535
f 528 536 534
f 528 531 536
f 499 537 505
f 499 529 537
f 505 538 506
f 505 537 538
f 529 539 537
f 529 535 539
f 537 540 538
f 537 539 540
f 533 541 532
f 533 542 541
f 533 543 542
f 533 534 543
f 532 544 535
f 532 541 544
f 534 545 543
f 534 536 545
f 542 546 541
f 542 547 546
f 542 548 547
f 542 543 548
f 541 549 544
f 541 546 549
f 543 550 548
f 543 545 550
f 535 551 539
f 535 544 551
f 539 552 540
f 539 551 552
f 544 553 551
f 544 549 553
f 551 554 552
f 551 553 554
f 518 556 555
f 518 519 556
f 557 556 558
f 557 555 556
f 557 558 559
f 506 560 522
f 506 538 560
f 522 558 523
f 522 560 558
f 538 561 560
f 538 540 561
f 560 559 558
f 560 561 559
f 523 556 519
f 523 558 556
f 540 564 561
f 540 552 564
f 561 562 559
f 561 564 562
f 552 565 564
f 552 554 565
f 564 563 562
f 564 565 563
f 566 568 567
f 485 345 573
f 485 207 345
f 485 574 486
f 485 573 574
f 573 346 575
f 573 345 346
f 573 576 574
f 573 575 576
f 486 577 490
f 486 574 577
f 574 578 577
f 574 576 578
f 575 351 579
f 575 346 351
f 575 580 576
f 575 579 580
f 579 352 581
f 579 351 352
f 579 582 580
f 579 581 582
f 576 583 578
f 576 580 583
f 580 584 583
f 580 582 584
f 490 585 498
f 490 577 585
f 577 586 585
f 577 578 586
f 498 587 502
f 498 585 587
f 585 588 587
f 585 586 588
f 578 589 586
f 578 583 589
f 583 590 589
f 583 584 590
f 586 591 588
f 586 589 591
f 589 592 591
f 589 590 592
f 571 594 593
f 593 596 595
f 593 594 596
f 594 598 596
f 594 597 598
f 595 600 599
f 595 596 600
f 599 602 601
f 599 600 602
f 596 603 600
f 596 598 603
f 600 604 602
f 600 603 604
f 581 369 605
f 581 352 369
f 581 606 582
f 581 605 606
f 605 370 607
f 605 369 370
f 605 608 606
f 605 607 608
f 582 609 584
f 582 606 609
f 606 610 609
f 606 608 610
f 607 375 611
f 607 370 375
f 607 612 608
f 607 611 612
f 611 376 613
f 611 375 376
f 611 614 612
f 611 613 614
f 608 615 610
f 608 612 615
f 612 616 615
f 612 614 616
f 584 617 590
f 584 609 617
f 609 618 617
f 609 610 618
f 590 619 592
f 590 617 619
f 617 620 619
f 617 618 620
f 610 621 618
f 610 615 621
f 615 622 621
f 615 616 622
f 618 623 620
f 618 621 623
f 621 624 623
f 621 622 624
f 601 626 625
f 601 602 626
f 625 628 627
f 625 626 628
f 602 629 626
f 602 604 629
f 626 630 628
f 626 629 630
f 627 632 631
f 627 628 632
f 631 634 633
f 631 632 634
f 628 635 632
f 628 630 635
f 632 636 634
f 632 635 636
f 530 587 637
f 530 502 587
f 530 638 531
f 530 637 638
f 637 588 639
f 637 587 588
f 637 640 638
f 637 639 640
f 531 641 536
f 531 638 641
f 638 642 641
f 638 640 642
f 639 591 643
f 639 588 591
f 639 644 640
f 639 643 644
f 643 592 645
f 643 591 592
f 643 646 644
f 643 645 646
f 640 647 642
f 640 644 647
f 644 648 647
f 644 646 648
f 536 649 545
f 536 641 649
f 641 650 649
f 641 642 650
f 545 651 550
f 545 649 651
f 649 652 651
f 649 650 652
f 642 653 650
f 642 647 653
f 647 654 653
f 647 648 654
f 650 655 652
f 650 653 655
f 653 656 655
f 653 654 656
f 597 658 598
f 597 657 658
f 566 660 659
f 660 661 659
f 660 662 661
f 657 661 658
f 657 659 661
f 598 663 603
f 598 658 663
f 603 664 604
f 603 663 664
f 662 665 661
f 662 666 665
f 658 665 663
f 658 661 665
f 666 667 665
f 666 668 667
f 663 667 664
f 663 665 667
f 566 669 660
f 566 567 669
f 660 670 662
f 660 669 670
f 568 672 671
f 568 572 672
f 567 671 669
f 567 568 671
f 671 674 673
f 671 672 674
f 669 673 670
f 669 671 673
f 662 675 666
f 662 670 675
f 666 676 668
f 666 675 676
f 673 678 677
f 673 674 678
f 670 677 675
f 670 673 677
f 677 680 679
f 677 678 680
f 675 679 676
f 675 677 679
f 645 619 681
f 645 592 619
f 645 682 646
f 645 681 682
f 681 620 683
f 681 619 620
f 681 684 682
f 681 683 684
f 646 685 648
f 646 682 685
f 682 686 685
f 682 684 686
f 683 623 687
f 683 620 623
f 683 688 684
f 683 687 688
f 687 624 689
f 687 623 624
f 687 690 688
f 687 689 690
f 684 691 686
f 684 688 691
f 688 692 691
f 688 690 692
f 648 693 654
f 648 685 693
f 685 694 693
f 685 686 694
f 654 695 656
f 654 693 695
f 693 696 695
f 693 694 696
f 686 697 694
f 686 691 697
f 691 698 697
f 691 692 698
f 694 699 696
f 694 697 699
f 697 700 699
f 697 698 700
f 604 701 629
f 604 664 701
f 629 702 630
f 629 701 702
f 668 703 667
f 668 704 703
f 664 703 701
f 664 667 703
f 704 705 703
f 704 706 705
f 701 705 702
f 701 703 705
f 630 707 635
f 630 702 707
f 635 708 636
f 635 707 708
f 706 709 705
f 706 710 709
f 702 709 707
f 702 705 709
f 710 711 709
f 710 712 711
f 707 711 708
f 707 709 711
f 668 713 704
f 668 676 713
f 704 714 706
f 704 713 714
f 679 716 715
f 679 680 716
f 676 715 713
f 676 679 715
f 715 718 717
f 715 716 718
f 713 717 714
f 713 715 717
f 706 719 710
f 706 714 719
f 710 720 712
f 710 719 720
f 717 722 721
f 717 718 722
f 714 721 719
f 714 717 721
f 721 724 723
f 721 722 724
f 719 723 720
f 719 721 723
f 569 725 570
f 569 726 725
f 264 725 437
f 264 570 725
f 726 727 725
f 726 728 727
f 437 727 439
f 437 725 727
f 571 593 729
f 569 729 726
f 593 730 729
f 593 595 730
f 726 730 728
f 726 729 730
f 728 731 727
f 728 732 731
f 439 731 443
f 439 727 731
f 732 733 731
f 732 734 733
f 443 733 445
f 443 731 733
f 595 735 730
f 595 599 735
f 728 735 732
f 728 730 735
f 599 736 735
f 599 601 736
f 732 736 734
f 732 735 736
f 734 737 733
f 734 738 737
f 445 737 465
f 445 733 737
f 738 739 737
f 738 740 739
f 465 739 467
f 465 737 739
f 601 741 736
f 601 625 741
f 734 741 738
f 734 736 741
f 625 742 741
f 625 627 742
f 738 742 740
f 738 741 742
f 740 743 739
f 740 744 743
f 467 743 471
f 467 739 743
f 744 745 743
f 744 746 745
f 471 745 473
f 471 743 745
f 627 747 742
f 627 631 747
f 740 747 744
f 740 742 747
f 631 748 747
f 631 633 748
f 744 748 746
f 744 747 748
f 310 750 749
f 310 311 750
f 310 751 312
f 310 749 751
f 749 753 752
f 749 750 753
f 749 754 751
f 749 752 754
f 315 100 755
f 315 86 100
f 315 756 316
f 315 755 756
f 755 102 757
f 755 100 102
f 755 758 756
f 755 757 758
f 311 756 750
f 311 316 756
f 750 758 753
f 750 756 758
f 752 760 759
f 752 753 760
f 752 761 754
f 752 759 761
f 759 763 762
f 759 760 763
f 759 764 761
f 759 762 764
f 757 116 765
f 757 102 116
f 757 766 758
f 757 765 766
f 765 118 767
f 765 116 118
f 765 768 766
f 765 767 768
f 753 766 760
f 753 758 766
f 760 768 763
f 760 766 768
f 312 769 324
f 312 751 769
f 751 770 769
f 751 754 770
f 327 769 771
f 327 324 769
f 327 772 328
f 327 771 772
f 771 770 773
f 771 769 770
f 771 774 772
f 771 773 774
f 754 775 770
f 754 761 775
f 761 776 775
f 761 764 776
f 773 775 777
f 773 770 775
f 773 778 774
f 773 777 778
f 777 776 779
f 777 775 776
f 777 780 778
f 777 779 780
f 762 782 781
f 762 763 782
f 762 783 764
f 762 781 783
f 781 785 784
f 781 782 785
f 781 786 783
f 781 784 786
f 767 132 787
f 767 118 132
f 767 788 768
f 767 787 788
f 787 134 789
f 787 132 134
f 787 790 788
f 787 789 790
f 763 788 782
f 763 768 788
f 782 790 785
f 782 788 790
f 791 793 792
f 791 794 793
f 784 794 791
f 784 785 794
f 784 792 786
f 784 791 792
f 795 797 796
f 795 144 797
f 789 144 795
f 789 134 144
f 789 796 790
f 789 795 796
f 794 798 793
f 794 796 798
f 785 796 794
f 785 790 796
f 796 799 798
f 796 797 799
f 764 800 776
f 764 783 800
f 783 801 800
f 783 786 801
f 779 800 802
f 779 776 800
f 779 803 780
f 779 802 803
f 802 801 804
f 802 800 801
f 802 805 803
f 802 804 805
f 792 807 806
f 792 793 807
f 786 806 801
f 786 792 806
f 808 810 809
f 808 806 810
f 804 806 808
f 804 801 806
f 804 809 805
f 804 808 809
f 806 811 810
f 806 807 811
f 793 812 807
f 793 798 812
f 798 813 812
f 798 799 813
f 807 814 811
f 807 812 814
f 812 815 814
f 812 813 815
f 361 772 816
f 361 328 772
f 361 817 362
f 361 816 817
f 816 774 818
f 816 772 774
f 816 819 817
f 816 818 819
f 362 820 364
f 362 817 820
f 817 821 820
f 817 819 821
f 818 778 822
f 818 774 778
f 818 823 819
f 818 822 823
f 822 780 824
f 822 778 780
f 822 825 823
f 822 824 825
f 819 826 821
f 819 823 826
f 823 827 826
f 823 825 827
f 373 820 828
f 373 364 820
f 373 829 374
f 373 828 829
f 828 821 830
f 828 820 821
f 828 831 829
f 828 830 831
f 374 832 376
f 374 829 832
f 829 833 832
f 829 831 833
f 830 826 834
f 830 821 826
f 830 835 831
f 830 834 835
f 834 827 836
f 834 826 827
f 834 837 835
f 834 836 837
f 831 838 833
f 831 835 838
f 835 839 838
f 835 837 839
f 824 803 840
f 824 780 803
f 824 841 825
f 824 840 841
f 840 805 842
f 840 803 805
f 840 843 841
f 840 842 843
f 825 844 827
f 825 841 844
f 841 845 844
f 841 843 845
f 846 848 847
f 846 809 848
f 842 809 846
f 842 805 809
f 842 847 843
f 842 846 847
f 847 850 849
f 847 848 850
f 843 849 845
f 843 847 849
f 836 844 851
f 836 827 844
f 836 852 837
f 836 851 852
f 851 845 853
f 851 844 845
f 851 854 852
f 851 853 854
f 837 855 839
f 837 852 855
f 852 856 855
f 852 854 856
f 857 859 858
f 857 849 859
f 853 849 857
f 853 845 849
f 853 858 854
f 853 857 858
f 849 860 859
f 849 850 860
f 858 862 861
f 858 859 862
f 854 861 856
f 854 858 861
f 859 863 862
f 859 860 863
f 809 864 848
f 809 810 864
f 810 865 864
f 810 811 865
f 848 866 850
f 848 864 866
f 864 867 866
f 864 865 867
f 811 868 865
f 811 814 868
f 814 869 868
f 814 815 869
f 865 870 867
f 865 868 870
f 868 871 870
f 868 869 871
f 850 872 860
f 850 866 872
f 866 873 872
f 866 867 873
f 860 874 863
f 860 872 874
f 872 875 874
f 872 873 875
f 867 876 873
f 867 870 876
f 870 877 876
f 870 871 877
f 873 878 875
f 873 876 878
f 876 879 878
f 876 877 879
f 409 881 880
f 409 410 881
f 90 880 104
f 90 409 880
f 880 883 882
f 880 881 883
f 104 882 106
f 104 880 882
f 410 884 881
f 410 412 884
f 881 885 883
f 881 884 885
f 882 887 886
f 882 883 887
f 106 886 120
f 106 882 886
f 886 889 888
f 886 887 889
f 120 888 122
f 120 886 888
f 883 890 887
f 883 885 890
f 887 891 889
f 887 890 891
f 421 893 892
f 421 422 893
f 412 892 884
f 412 421 892
f 892 895 894
f 892 893 895
f 884 894 885
f 884 892 894
f 422 896 893
f 422 424 896
f 893 897 895
f 893 896 897
f 894 899 898
f 894 895 899
f 885 898 890
f 885 894 898
f 898 901 900
f 898 899 901
f 890 900 891
f 890 898 900
f 895 902 899
f 895 897 902
f 899 903 901
f 899 902 903
f 888 905 904
f 888 889 905
f 122 904 136
f 122 888 904
f 904 907 906
f 904 905 907
f 136 906 138
f 136 904 906
f 889 908 905
f 889 891 908
f 905 909 907
f 905 908 909
f 144 910 797
f 144 145 910
f 145 911 910
f 145 146 911
f 797 912 799
f 797 910 912
f 910 913 912
f 910 911 913
f 146 914 911
f 146 147 914
f 147 915 914
f 147 916 915
f 906 915 916
f 906 907 915
f 138 916 147
f 138 906 916
f 911 917 913
f 911 914 917
f 914 918 917
f 914 915 918
f 907 918 915
f 907 909 918
f 799 919 813
f 799 912 919
f 912 920 919
f 912 913 920
f 813 921 815
f 813 919 921
f 919 922 921
f 919 920 922
f 913 923 920
f 913 917 923
f 917 924 923
f 917 918 924
f 920 925 922
f 920 923 925
f 923 926 925
f 923 924 926
f 900 928 927
f 900 901 928
f 891 927 908
f 891 900 927
f 927 930 929
f 927 928 930
f 908 929 909
f 908 927 929
f 901 931 928
f 901 903 931
f 928 932 930
f 928 931 932
f 918 933 924
f 918 934 933
f 929 933 934
f 929 930 933
f 909 934 918
f 909 929 934
f 924 935 926
f 924 933 935
f 930 935 933
f 930 932 935
f 462 936 461
f 462 937 936
f 463 936 938
f 463 461 936
f 937 939 936
f 937 940 939
f 938 939 941
f 938 936 939
f 940 942 939
f 940 943 942
f 941 942 944
f 941 939 942
f 943 945 942
f 943 946 945
f 944 945 947
f 944 942 945
f 472 949 948
f 472 473 949
f 948 951 950
f 948 949 951
f 472 952 475
f 472 948 952
f 462 952 937
f 462 475 952
f 948 953 952
f 948 950 953
f 937 953 940
f 937 952 953
f 950 955 954
f 950 951 955
f 954 957 956
f 954 955 957
f 950 958 953
f 950 954 958
f 940 958 943
f 940 953 958
f 954 959 958
f 954 956 959
f 943 959 946
f 943 958 959
f 463 960 479
f 463 938 960
f 424 960 896
f 424 479 960
f 938 961 960
f 938 941 961
f 896 961 897
f 896 960 961
f 941 962 961
f 941 944 962
f 897 962 902
f 897 961 962
f 944 963 962
f 944 947 963
f 902 963 903
f 902 962 963
f 946 964 945
f 946 965 964
f 947 964 966
f 947 945 964
f 965 967 964
f 965 968 967
f 966 967 969
f 966 964 967
f 815 970 869
f 815 921 970
f 921 971 970
f 921 922 971
f 869 972 871
f 869 970 972
f 970 973 972
f 970 971 973
f 922 974 971
f 922 925 974
f 925 975 974
f 925 926 975
f 971 976 973
f 971 974 976
f 968 977 967
f 968 976 977
f 974 977 976
f 974 975 977
f 969 977 975
f 969 967 977
f 956 979 978
f 956 957 979
f 978 981 980
f 978 979 981
f 956 982 959
f 956 978 982
f 946 982 965
f 946 959 982
f 978 983 982
f 978 980 983
f 965 983 968
f 965 982 983
f 871 984 877
f 871 972 984
f 972 985 984
f 972 973 985
f 877 986 879
f 877 984 986
f 984 987 986
f 984 985 987
f 980 987 985
f 980 981 987
f 980 988 983
f 980 985 988
f 973 988 985
f 973 976 988
f 968 988 976
f 968 983 988
f 947 989 963
f 947 966 989
f 903 989 931
f 903 963 989
f 966 990 989
f 966 969 990
f 931 990 932
f 931 989 990
f 969 991 990
f 969 975 991
f 926 991 975
f 926 935 991
f 932 991 935
f 932 990 991
f 613 832 992
f 613 376 832
f 613 993 614
f 613 992 993
f 992 833 994
f 992 832 833
f 992 995 993
f 992 994 995
f 614 996 616
f 614 993 996
f 993 997 996
f 993 995 997
f 994 838 998
f 994 833 838
f 994 999 995
f 994 998 999
f 998 839 1000
f 998 838 839
f 998 1001 999
f 998 1000 1001
f 995 1002 997
f 995 999 1002
f 999 1003 1002
f 999 1001 1003
f 616 1004 622
f 616 996 1004
f 996 1005 1004
f 996 997 1005
f 622 1006 624
f 622 1004 1006
f 1004 1007 1006
f 1004 1005 1007
f 997 1008 1005
f 997 1002 1008
f 1002 1009 1008
f 1002 1003 1009
f 1005 1010 1007
f 1005 1008 1010
f 1008 1011 1010
f 1008 1009 1011
f 633 1013 1012
f 633 634 1013
f 1012 1015 1014
f 1012 1013 1015
f 634 1016 1013
f 634 636 1016
f 1013 1017 1015
f 1013 1016 1017
f 1014 1019 1018
f 1014 1015 1019
f 1018 1021 1020
f 1018 1019 1021
f 1015 1022 1019
f 1015 1017 1022
f 1019 1023 1021
f 1019 1022 1023
f 1000 855 1024
f 1000 839 855
f 1000 1025 1001
f 1000 1024 1025
f 1024 856 1026
f 1024 855 856
f 1024 1027 1025
f 1024 1026 1027
f 1001 1028 1003
f 1001 1025 1028
f 1025 1029 1028
f 1025 1027 1029
f 1030 1032 1031
f 1030 861 1032
f 1026 861 1030
f 1026 856 861
f 1026 1031 1027
f 1026 1030 1031
f 1031 1034 1033
f 1031 1032 1034
f 1027 1033 1029
f 1027 1031 1033
f 861 1035 1032
f 861 862 1035
f 862 1036 1035
f 862 863 1036
f 1032 1037 1034
f 1032 1035 1037
f 1035 1038 1037
f 1035 1036 1038
f 1003 1039 1009
f 1003 1028 1039
f 1028 1040 1039
f 1028 1029 1040
f 1009 1041 1011
f 1009 1039 1041
f 1039 1042 1041
f 1039 1040 1042
f 1033 1044 1043
f 1033 1034 1044
f 1029 1043 1040
f 1029 1033 1043
f 1043 1046 1045
f 1043 1044 1046
f 1040 1045 1042
f 1040 1043 1045
f 1034 1047 1044
f 1034 1037 1047
f 1037 1048 1047
f 1037 1038 1048
f 1044 1049 1046
f 1044 1047 1049
f 1047 1050 1049
f 1047 1048 1050
f 863 1051 1036
f 863 874 1051
f 874 1052 1051
f 874 875 1052
f 1036 1053 1038
f 1036 1051 1053
f 1051 1054 1053
f 1051 1052 1054
f 875 1055 1052
f 875 878 1055
f 878 1056 1055
f 878 879 1056
f 1052 1057 1054
f 1052 1055 1057
f 1055 1058 1057
f 1055 1056 1058
f 1020 1060 1059
f 1020 1021 1060
f 1059 1062 1061
f 1059 1060 1062
f 1021 1063 1060
f 1021 1023 1063
f 1060 1064 1062
f 1060 1063 1064
f 1038 1065 1048
f 1038 1053 1065
f 1053 1066 1065
f 1053 1054 1066
f 1048 1067 1050
f 1048 1065 1067
f 1065 1068 1067
f 1065 1066 1068
f 1054 1069 1066
f 1054 1057 1069
f 1057 1070 1069
f 1057 1058 1070
f 1061 1070 1058
f 1061 1062 1070
f 1066 1071 1068
f 1066 1069 1071
f 1069 1072 1071
f 1069 1070 1072
f 1062 1072 1070
f 1062 1064 1072
f 689 1006 1073
f 689 624 1006
f 689 1074 690
f 689 1073 1074
f 1073 1007 1075
f 1073 1006 1007
f 1073 1076 1074
f 1073 1075 1076
f 690 1077 692
f 690 1074 1077
f 1074 1078 1077
f 1074 1076 1078
f 1075 1010 1079
f 1075 1007 1010
f 1075 1080 1076
f 1075 1079 1080
f 1079 1011 1081
f 1079 1010 1011
f 1079 1082 1080
f 1079 1081 1082
f 1076 1083 1078
f 1076 1080 1083
f 1080 1084 1083
f 1080 1082 1084
f 692 1085 698
f 692 1077 1085
f 1077 1086 1085
f 1077 1078 1086
f 698 1087 700
f 698 1085 1087
f 1085 1088 1087
f 1085 1086 1088
f 1078 1089 1086
f 1078 1083 1089
f 1083 1090 1089
f 1083 1084 1090
f 1086 1091 1088
f 1086 1089 1091
f 1089 1092 1091
f 1089 1090 1092
f 636 1093 1016
f 636 708 1093
f 1016 1094 1017
f 1016 1093 1094
f 712 1095 711
f 712 1096 1095
f 708 1095 1093
f 708 711 1095
f 1096 1097 1095
f 1096 1098 1097
f 1093 1097 1094
f 1093 1095 1097
f 1017 1099 1022
f 1017 1094 1099
f 1022 1100 1023
f 1022 1099 1100
f 1098 1101 1097
f 1098 1102 1101
f 1094 1101 1099
f 1094 1097 1101
f 1102 1103 1101
f 1102 1104 1103
f 1099 1103 1100
f 1099 1101 1103
f 712 1105 1096
f 712 720 1105
f 1096 1106 1098
f 1096 1105 1106
f 723 1108 1107
f 723 724 1108
f 720 1107 1105
f 720 723 1107
f 1107 1110 1109
f 1107 1108 1110
f 1105 1109 1106
f 1105 1107 1109
f 1098 1111 1102
f 1098 1106 1111
f 1102 1112 1104
f 1102 1111 1112
f 1109 1114 1113
f 1109 1110 1114
f 1106 1113 1111
f 1106 1109 1113
f 1113 1116 1115
f 1113 1114 1116
f 1111 1115 1112
f 1111 1113 1115
f 1081 1041 1117
f 1081 1011 1041
f 1081 1118 1082
f 1081 1117 1118
f 1117 1042 1119
f 1117 1041 1042
f 1117 1120 1118
f 1117 1119 1120
f 1082 1121 1084
f 1082 1118 1121
f 1118 1122 1121
f 1118 1120 1122
f 1123 1125 1124
f 1123 1045 1125
f 1119 1045 1123
f 1119 1042 1045
f 1119 1124 1120
f 1119 1123 1124
f 1045 1126 1125
f 1045 1046 1126
f 1124 1128 1127
f 1124 1125 1128
f 1120 1127 1122
f 1120 1124 1127
f 1125 1129 1128
f 1125 1126 1129
f 1046 1130 1126
f 1046 1049 1130
f 1049 1131 1130
f 1049 1050 1131
f 1126 1132 1129
f 1126 1130 1132
f 1130 1133 1132
f 1130 1131 1133
f 1084 1134 1090
f 1084 1121 1134
f 1121 1135 1134
f 1121 1122 1135
f 1090 1136 1092
f 1090 1134 1136
f 1134 1137 1136
f 1134 1135 1137
f 1127 1139 1138
f 1127 1128 1139
f 1122 1138 1135
f 1122 1127 1138
f 1128 1140 1139
f 1128 1129 1140
f 1138 1142 1141
f 1138 1139 1142
f 1135 1141 1137
f 1135 1138 1141
f 1139 1143 1142
f 1139 1140 1143
f 1129 1144 1140
f 1129 1132 1144
f 1132 1145 1144
f 1132 1133 1145
f 1140 1146 1143
f 1140 1144 1146
f 1144 1147 1146
f 1144 1145 1147
f 1023 1148 1063
f 1023 1100 1148
f 1063 1149 1064
f 1063 1148 1149
f 1104 1150 1103
f 1104 1151 1150
f 1100 1150 1148
f 1100 1103 1150
f 1151 1152 1150
f 1151 1153 1152
f 1148 1152 1149
f 1148 1150 1152
f 1050 1154 1131
f 1050 1067 1154
f 1067 1155 1154
f 1067 1068 1155
f 1131 1156 1133
f 1131 1154 1156
f 1154 1157 1156
f 1154 1155 1157
f 1068 1158 1155
f 1068 1071 1158
f 1071 1159 1158
f 1071 1072 1159
f 1064 1159 1072
f 1064 1149 1159
f 1155 1160 1157
f 1155 1158 1160
f 1153 1161 1152
f 1153 1160 1161
f 1158 1161 1160
f 1158 1159 1161
f 1149 1161 1159
f 1149 1152 1161
f 1104 1162 1151
f 1104 1112 1162
f 1151 1163 1153
f 1151 1162 1163
f 1115 1165 1164
f 1115 1116 1165
f 1112 1164 1162
f 1112 1115 1164
f 1164 1167 1166
f 1164 1165 1167
f 1162 1166 1163
f 1162 1164 1166
f 1133 1168 1145
f 1133 1156 1168
f 1156 1169 1168
f 1156 1157 1169
f 1145 1170 1147
f 1145 1168 1170
f 1168 1171 1170
f 1168 1169 1171
f 1157 1172 1169
f 1157 1160 1172
f 1153 1172 1160
f 1153 1163 1172
f 1169 1173 1171
f 1169 1172 1173
f 1172 1174 1173
f 1172 1175 1174
f 1166 1174 1175
f 1166 1167 1174
f 1163 1175 1172
f 1163 1166 1175
f 746 1176 745
f 746 1177 1176
f 473 1176 949
f 473 745 1176
f 1177 1178 1176
f 1177 1179 1178
f 949 1178 951
f 949 1176 1178
f 633 1180 748
f 633 1012 1180
f 746 1180 1177
f 746 748 1180
f 1012 1181 1180
f 1012 1014 1181
f 1177 1181 1179
f 1177 1180 1181
f 1179 1182 1178
f 1179 1183 1182
f 951 1182 955
f 951 1178 1182
f 1183 1184 1182
f 1183 1185 1184
f 955 1184 957
f 955 1182 1184
f 1014 1186 1181
f 1014 1018 1186
f 1179 1186 1183
f 1179 1181 1186
f 1018 1187 1186
f 1018 1020 1187
f 1183 1187 1185
f 1183 1186 1187
f 1185 1188 1184
f 1185 1189 1188
f 957 1188 979
f 957 1184 1188
f 1189 1190 1188
f 1189 1191 1190
f 979 1190 981
f 979 1188 1190
f 1020 1192 1187
f 1020 1059 1192
f 1185 1192 1189
f 1185 1187 1192
f 1059 1193 1192
f 1059 1061 1193
f 1189 1193 1191
f 1189 1192 1193
f 879 1194 1056
f 879 986 1194
f 1191 1195 1190
f 1191 1194 1195
f 986 1195 1194
f 986 987 1195
f 981 1195 987
f 981 1190 1195
f 1061 1196 1193
f 1061 1058 1196
f 1056 1196 1058
f 1056 1194 1196
f 1191 1196 1194
f 1191 1193 1196
f 1197 1199 1198
f 1197 1200 1199
f 547 1198 546
f 547 1197 1198
f 547 1200 1197
f 547 548 1200
f 546 1201 549
f 546 1198 1201
f 1200 1202 1199
f 1200 1203 1202
f 548 1203 1200
f 548 550 1203
f 1198 1204 1201
f 1198 1205 1204
f 1198 1206 1205
f 1198 1199 1206
f 1199 1207 1206
f 1199 1202 1207
f 549 1208 553
f 549 1201 1208
f 553 1209 554
f 553 1208 1209
f 1201 1210 1208
f 1201 1204 1210
f 1208 1211 1209
f 1208 1210 1211
f 1205 1212 1204
f 1205 1213 1212
f 1205 1214 1213
f 1205 1206 1214
f 1206 1215 1214
f 1206 1207 1215
f 1213 1216 1212
f 1213 1217 1216
f 1213 1218 1217
f 1213 1214 1218
f 1214 1219 1218
f 1214 1215 1219
f 1204 1220 1210
f 1204 1212 1220
f 1210 1221 1211
f 1210 1220 1221
f 1212 1222 1220
f 1212 1216 1222
f 1220 1223 1221
f 1220 1222 1223
f 554 1224 565
f 554 1209 1224
f 565 1225 563
f 565 1224 1225
f 1209 1226 1224
f 1209 1211 1226
f 1224 1227 1225
f 1224 1226 1227
f 1211 1231 1226
f 1211 1221 1231
f 1226 1232 1227
f 1226 1231 1232
f 1221 1233 1231
f 1221 1223 1233
f 1231 1234 1232
f 1231 1233 1234
f 1227 1232 1228
f 1232 1230 1228
f 1232 1234 1230
f 1217 1235 1216
f 1217 1236 1235
f 1217 1237 1236
f 1217 1218 1237
f 1218 1238 1237
f 1218 1219 1238
f 1239 1241 1240
f 1239 1242 1241
f 1236 1240 1235
f 1236 1239 1240
f 1236 1242 1239
f 1236 1237 1242
f 1242 1243 1241
f 1242 1244 1243
f 1237 1244 1242
f 1237 1238 1244
f 1216 1245 1222
f 1216 1235 1245
f 1222 1246 1223
f 1222 1245 1246
f 1235 1247 1245
f 1235 1240 1247
f 1245 1248 1246
f 1245 1247 1248
f 1240 1249 1247
f 1240 1250 1249
f 1240 1251 1250
f 1240 1241 1251
f 1247 1252 1248
f 1247 1249 1252
f 1241 1253 1251
f 1241 1243 1253
f 1254 1256 1255
f 1254 1257 1256
f 1250 1255 1249
f 1250 1254 1255
f 1250 1257 1254
f 1250 1251 1257
f 1249 1258 1252
f 1249 1255 1258
f 1257 1259 1256
f 1257 1260 1259
f 1251 1260 1257
f 1251 1253 1260
f 1223 1261 1233
f 1223 1246 1261
f 1233 1262 1234
f 1233 1261 1262
f 1246 1263 1261
f 1246 1248 1263
f 1261 1264 1262
f 1261 1263 1264
f 1234 1265 1230
f 1234 1262 1265
f 1230 1266 1229
f 1230 1265 1266
f 1262 1267 1265
f 1262 1264 1267
f 1265 1268 1266
f 1265 1267 1268
f 1248 1269 1263
f 1248 1252 1269
f 1263 1270 1264
f 1263 1269 1270
f 1252 1271 1269
f 1252 1258 1271
f 1269 1272 1270
f 1269 1271 1272
f 1264 1273 1267
f 1264 1270 1273
f 1267 1274 1268
f 1267 1273 1274
f 1270 1275 1273
f 1270 1272 1275
f 1273 1276 1274
f 1273 1275 1276
f 1278 1280 1279
f 1279 1282 1281
f 1279 1280 1282
f 1280 1283 1282
f 1282 1285 1284
f 1282 1283 1285
f 1268 1274 1286
f 1274 1288 1286
f 1274 1276 1288
f 1286 1288 1287
f 1285 1290 1289
f 1203 1293 1202
f 1203 1294 1293
f 550 1294 1203
f 550 651 1294
f 1294 1295 1293
f 1294 1296 1295
f 651 1296 1294
f 651 652 1296
f 1202 1297 1207
f 1202 1293 1297
f 1293 1298 1297
f 1293 1295 1298
f 1296 1299 1295
f 1296 1300 1299
f 652 1300 1296
f 652 655 1300
f 1300 1301 1299
f 1300 1302 1301
f 655 1302 1300
f 655 656 1302
f 1295 1303 1298
f 1295 1299 1303
f 1299 1304 1303
f 1299 1301 1304
f 1207 1305 1215
f 1207 1297 1305
f 1297 1306 1305
f 1297 1298 1306
f 1215 1307 1219
f 1215 1305 1307
f 1305 1308 1307
f 1305 1306 1308
f 1298 1309 1306
f 1298 1303 1309
f 1303 1310 1309
f 1303 1304 1310
f 1306 1311 1308
f 1306 1309 1311
f 1309 1312 1311
f 1309 1310 1312
f 572 1313 672
f 672 1314 674
f 672 1313 1314
f 1313 1316 1314
f 1313 1315 1316
f 674 1317 678
f 674 1314 1317
f 678 1318 680
f 678 1317 1318
f 1314 1319 1317
f 1314 1316 1319
f 1317 1320 1318
f 1317 1319 1320
f 1315 1322 1316
f 1315 1321 1322
f 1316 1323 1319
f 1316 1322 1323
f 1319 1324 1320
f 1319 1323 1324
f 1302 1325 1301
f 1302 1326 1325
f 656 1326 1302
f 656 695 1326
f 1326 1327 1325
f 1326 1328 1327
f 695 1328 1326
f 695 696 1328
f 1301 1329 1304
f 1301 1325 1329
f 1325 1330 1329
f 1325 1327 1330
f 1328 1331 1327
f 1328 1332 1331
f 696 1332 1328
f 696 699 1332
f 1332 1333 1331
f 1332 1334 1333
f 699 1334 1332
f 699 700 1334
f 1327 1335 1330
f 1327 1331 1335
f 1331 1336 1335
f 1331 1333 1336
f 1304 1337 1310
f 1304 1329 1337
f 1329 1338 1337
f 1329 1330 1338
f 1310 1339 1312
f 1310 1337 1339
f 1337 1340 1339
f 1337 1338 1340
f 1330 1341 1338
f 1330 1335 1341
f 1335 1342 1341
f 1335 1336 1342
f 1338 1343 1340
f 1338 1341 1343
f 1341 1344 1343
f 1341 1342 1344
f 680 1345 716
f 680 1318 1345
f 716 1346 718
f 716 1345 1346
f 1318 1347 1345
f 1318 1320 1347
f 1345 1348 1346
f 1345 1347 1348
f 718 1349 722
f 718 1346 1349
f 722 1350 724
f 722 1349 1350
f 1346 1351 1349
f 1346 1348 1351
f 1349 1352 1350
f 1349 1351 1352
f 1320 1353 1347
f 1320 1324 1353
f 1347 1354 1348
f 1347 1353 1354
f 1348 1355 1351
f 1348 1354 1355
f 1351 1356 1352
f 1351 1355 1356
f 1219 1357 1238
f 1219 1307 1357
f 1307 1358 1357
f 1307 1308 1358
f 1244 1359 1243
f 1244 1360 1359
f 1238 1360 1244
f 1238 1357 1360
f 1360 1361 1359
f 1360 1362 1361
f 1357 1362 1360
f 1357 1358 1362
f 1308 1363 1358
f 1308 1311 1363
f 1311 1364 1363
f 1311 1312 1364
f 1362 1365 1361
f 1362 1366 1365
f 1358 1366 1362
f 1358 1363 1366
f 1366 1367 1365
f 1366 1368 1367
f 1363 1368 1366
f 1363 1364 1368
f 1243 1369 1253
f 1243 1359 1369
f 1359 1370 1369
f 1359 1361 1370
f 1260 1371 1259
f 1260 1372 1371
f 1253 1372 1260
f 1253 1369 1372
f 1372 1373 1371
f 1372 1374 1373
f 1369 1374 1372
f 1369 1370 1374
f 1361 1375 1370
f 1361 1365 1375
f 1365 1376 1375
f 1365 1367 1376
f 1374 1377 1373
f 1374 1378 1377
f 1370 1378 1374
f 1370 1375 1378
f 1378 1379 1377
f 1378 1380 1379
f 1375 1380 1378
f 1375 1376 1380
f 1312 1381 1364
f 1312 1339 1381
f 1339 1382 1381
f 1339 1340 1382
f 1368 1383 1367
f 1368 1384 1383
f 1364 1384 1368
f 1364 1381 1384
f 1384 1385 1383
f 1384 1386 1385
f 1381 1386 1384
f 1381 1382 1386
f 1340 1387 1382
f 1340 1343 1387
f 1343 1388 1387
f 1343 1344 1388
f 1386 1389 1385
f 1386 1390 1389
f 1382 1390 1386
f 1382 1387 1390
f 1390 1391 1389
f 1390 1392 1391
f 1387 1392 1390
f 1387 1388 1392
f 1367 1393 1376
f 1367 1383 1393
f 1383 1394 1393
f 1383 1385 1394
f 1380 1395 1379
f 1380 1396 1395
f 1376 1396 1380
f 1376 1393 1396
f 1396 1397 1395
f 1396 1398 1397
f 1393 1398 1396
f 1393 1394 1398
f 1385 1399 1394
f 1385 1389 1399
f 1389 1400 1399
f 1389 1391 1400
f 1398 1401 1397
f 1398 1402 1401
f 1394 1402 1398
f 1394 1399 1402
f 1402 1403 1401
f 1402 1404 1403
f 1399 1404 1402
f 1399 1400 1404
f 1278 1406 1405
f 1278 1279 1406
f 1277 1405 1321
f 1277 1278 1405
f 1405 1408 1407
f 1405 1406 1408
f 1321 1407 1322
f 1321 1405 1407
f 1407 1410 1409
f 1407 1408 1410
f 1322 1409 1323
f 1322 1407 1409
f 1409 1412 1411
f 1409 1410 1412
f 1323 1411 1324
f 1323 1409 1411
f 1411 1414 1413
f 1411 1412 1414
f 1324 1413 1353
f 1324 1411 1413
f 1413 1416 1415
f 1413 1414 1416
f 1353 1415 1354
f 1353 1413 1415
f 1415 1418 1417
f 1415 1416 1418
f 1354 1417 1355
f 1354 1415 1417
f 1417 1420 1419
f 1417 1418 1420
f 1355 1419 1356
f 1355 1417 1419
f 1279 1421 1406
f 1279 1281 1421
f 1406 1422 1408
f 1406 1421 1422
f 1282 1424 1423
f 1282 1284 1424
f 1281 1423 1421
f 1281 1282 1423
f 1423 1426 1425
f 1423 1424 1426
f 1421 1425 1422
f 1421 1423 1425
f 1408 1427 1410
f 1408 1422 1427
f 1410 1428 1412
f 1410 1427 1428
f 1425 1430 1429
f 1425 1426 1430
f 1422 1429 1427
f 1422 1425 1429
f 1429 1432 1431
f 1429 1430 1432
f 1427 1431 1428
f 1427 1429 1431
f 1285 1434 1433
f 1285 1289 1434
f 1284 1433 1424
f 1284 1285 1433
f 1433 1436 1435
f 1433 1434 1436
f 1424 1435 1426
f 1424 1433 1435
f 1290 1438 1437
f 1290 1291 1438
f 1289 1437 1434
f 1289 1290 1437
f 1437 1440 1439
f 1437 1438 1440
f 1434 1439 1436
f 1434 1437 1439
f 1435 1442 1441
f 1435 1436 1442
f 1426 1441 1430
f 1426 1435 1441
f 1441 1444 1443
f 1441 1442 1444
f 1430 1443 1432
f 1430 1441 1443
f 1439 1446 1445
f 1439 1440 1446
f 1436 1445 1442
f 1436 1439 1445
f 1445 1448 1447
f 1445 1446 1448
f 1442 1447 1444
f 1442 1445 1447
f 1412 1449 1414
f 1412 1428 1449
f 1414 1450 1416
f 1414 1449 1450
f 1431 1452 1451
f 1431 1432 1452
f 1428 1451 1449
f 1428 1431 1451
f 1451 1454 1453
f 1451 1452 1454
f 1449 1453 1450
f 1449 1451 1453
f 1416 1455 1418
f 1416 1450 1455
f 1418 1456 1420
f 1418 1455 1456
f 1453 1458 1457
f 1453 1454 1458
f 1450 1457 1455
f 1450 1453 1457
f 1457 1460 1459
f 1457 1458 1460
f 1455 1459 1456
f 1455 1457 1459
f 1443 1462 1461
f 1443 1444 1462
f 1432 1461 1452
f 1432 1443 1461
f 1461 1464 1463
f 1461 1462 1464
f 1452 1463 1454
f 1452 1461 1463
f 1447 1466 1465
f 1447 1448 1466
f 1444 1465 1462
f 1444 1447 1465
f 1465 1468 1467
f 1465 1466 1468
f 1462 1467 1464
f 1462 1465 1467
f 1463 1470 1469
f 1463 1464 1470
f 1454 1469 1458
f 1454 1463 1469
f 1469 1472 1471
f 1469 1470 1472
f 1458 1471 1460
f 1458 1469 1471
f 1467 1474 1473
f 1467 1468 1474
f 1464 1473 1470
f 1464 1467 1473
f 1473 1476 1475
f 1473 1474 1476
f 1470 1475 1472
f 1470 1473 1475
f 1255 1477 1258
f 1255 1478 1477
f 1255 1479 1478
f 1255 1256 1479
f 1256 1480 1479
f 1256 1259 1480
f 1481 1483 1482
f 1481 1484 1483
f 1478 1482 1477
f 1478 1481 1482
f 1478 1484 1481
f 1478 1479 1484
f 1484 1485 1483
f 1484 1486 1485
f 1479 1486 1484
f 1479 1480 1486
f 1258 1487 1271
f 1258 1477 1487
f 1271 1488 1272
f 1271 1487 1488
f 1477 1489 1487
f 1477 1482 1489
f 1487 1490 1488
f 1487 1489 1490
f 1272 1491 1275
f 1272 1488 1491
f 1275 1492 1276
f 1275 1491 1492
f 1488 1493 1491
f 1488 1490 1493
f 1491 1494 1492
f 1491 1493 1494
f 1495 1497 1496
f 1495 1498 1497
f 1482 1496 1489
f 1482 1495 1496
f 1482 1498 1495
f 1482 1483 1498
f 1489 1499 1490
f 1489 1496 1499
f 1498 1500 1497
f 1498 1501 1500
f 1483 1501 1498
f 1483 1485 1501
f 1502 1504 1503
f 1502 1505 1504
f 1496 1503 1499
f 1496 1502 1503
f 1496 1505 1502
f 1496 1497 1505
f 1505 1506 1504
f 1505 1507 1506
f 1497 1507 1505
f 1497 1500 1507
f 1490 1508 1493
f 1490 1499 1508
f 1493 1509 1494
f 1493 1508 1509
f 1499 1510 1508
f 1499 1503 1510
f 1508 1511 1509
f 1508 1510 1511
f 1512 1514 1513
f 1512 1515 1514
f 1503 1513 1510
f 1503 1512 1513
f 1503 1515 1512
f 1503 1504 1515
f 1510 1516 1511
f 1510 1513 1516
f 1515 1517 1514
f 1515 1518 1517
f 1504 1518 1515
f 1504 1506 1518
f 1519 1521 1520
f 1519 1522 1521
f 1513 1520 1516
f 1513 1519 1520
f 1513 1522 1519
f 1513 1514 1522
f 1522 1523 1521
f 1522 1524 1523
f 1514 1524 1522
f 1514 1517 1524
f 1276 1526 1288
f 1276 1492 1526
f 1288 1527 1287
f 1288 1526 1527
f 1492 1528 1526
f 1492 1494 1528
f 1526 1529 1527
f 1526 1528 1529
f 1287 1527 1525
f 1527 1530 1525
f 1527 1529 1530
f 1525 1530 1531
f 1494 1532 1528
f 1494 1509 1532
f 1528 1533 1529
f 1528 1532 1533
f 1509 1534 1532
f 1509 1511 1534
f 1532 1535 1533
f 1532 1534 1535
f 1529 1536 1530
f 1529 1533 1536
f 1530 1537 1531
f 1530 1536 1537
f 1533 1538 1536
f 1533 1535 1538
f 1536 1539 1537
f 1536 1538 1539
f 1292 1541 1540
f 1542 1545 1544
f 1542 1543 1545
f 1531 1537 1549
f 1537 1550 1549
f 1537 1539 1550
f 1549 1551 1547
f 1549 1550 1551
f 1547 1552 1546
f 1547 1551 1552
f 1546 1553 1548
f 1546 1552 1553
f 1511 1554 1534
f 1511 1516 1554
f 1534 1555 1535
f 1534 1554 1555
f 1520 1557 1556
f 1520 1521 1557
f 1516 1556 1554
f 1516 1520 1556
f 1554 1558 1555
f 1554 1556 1558
f 1521 1559 1557
f 1521 1523 1559
f 1535 1560 1538
f 1535 1555 1560
f 1538 1561 1539
f 1538 1560 1561
f 1555 1562 1560
f 1555 1558 1562
f 1560 1563 1561
f 1560 1562 1563
f 1564 1566 1565
f 1564 1567 1566
f 1556 1565 1558
f 1556 1564 1565
f 1556 1567 1564
f 1556 1557 1567
f 1567 1568 1566
f 1567 1569 1568
f 1557 1569 1567
f 1557 1559 1569
f 1558 1570 1562
f 1558 1565 1570
f 1562 1571 1563
f 1562 1570 1571
f 1572 1574 1573
f 1572 1575 1574
f 1565 1573 1570
f 1565 1572 1573
f 1565 1575 1572
f 1565 1566 1575
f 1573 1577 1576
f 1573 1574 1577
f 1570 1576 1571
f 1570 1573 1576
f 1575 1578 1574
f 1575 1579 1578
f 1566 1579 1575
f 1566 1568 1579
f 1574 1580 1577
f 1574 1578 1580
f 1539 1581 1550
f 1539 1561 1581
f 1550 1582 1551
f 1550 1581 1582
f 1561 1583 1581
f 1561 1563 1583
f 1581 1584 1582
f 1581 1583 1584
f 1551 1585 1552
f 1551 1582 1585
f 1552 1586 1553
f 1552 1585 1586
f 1582 1587 1585
f 1582 1584 1587
f 1585 1588 1586
f 1585 1587 1588
f 1563 1589 1583
f 1563 1571 1589
f 1583 1590 1584
f 1583 1589 1590
f 1576 1592 1591
f 1576 1577 1592
f 1571 1591 1589
f 1571 1576 1591
f 1589 1593 1590
f 1589 1591 1593
f 1577 1594 1592
f 1577 1580 1594
f 1584 1595 1587
f 1584 1590 1595
f 1587 1596 1588
f 1587 1595 1596
f 1590 1597 1595
f 1590 1593 1597
f 1595 1598 1596
f 1595 1597 1598
f 1259 1599 1480
f 1259 1371 1599
f 1371 1600 1599
f 1371 1373 1600
f 1486 1601 1485
f 1486 1602 1601
f 1480 1602 1486
f 1480 1599 1602
f 1602 1603 1601
f 1602 1604 1603
f 1599 1604 1602
f 1599 1600 1604
f 1373 1605 1600
f 1373 1377 1605
f 1377 1606 1605
f 1377 1379 1606
f 1604 1607 1603
f 1604 1608 1607
f 1600 1608 1604
f 1600 1605 1608
f 1608 1609 1607
f 1608 1610 1609
f 1605 1610 1608
f 1605 1606 1610
f 1501 1611 1500
f 1501 1612 1611
f 1485 1612 1501
f 1485 1601 1612
f 1612 1613 1611
f 1612 1614 1613
f 1601 1614 1612
f 1601 1603 1614
f 1507 1615 1506
f 1507 1616 1615
f 1500 1616 1507
f 1500 1611 1616
f 1616 1617 1615
f 1616 1618 1617
f 1611 1618 1616
f 1611 1613 1618
f 1614 1619 1613
f 1614 1620 1619
f 1603 1620 1614
f 1603 1607 1620
f 1620 1621 1619
f 1620 1622 1621
f 1607 1622 1620
f 1607 1609 1622
f 1618 1623 1617
f 1618 1624 1623
f 1613 1624 1618
f 1613 1619 1624
f 1624 1625 1623
f 1624 1626 1625
f 1619 1626 1624
f 1619 1621 1626
f 1379 1627 1606
f 1379 1395 1627
f 1395 1628 1627
f 1395 1397 1628
f 1610 1629 1609
f 1610 1630 1629
f 1606 1630 1610
f 1606 1627 1630
f 1630 1631 1629
f 1630 1632 1631
f 1627 1632 1630
f 1627 1628 1632
f 1397 1633 1628
f 1397 1401 1633
f 1401 1634 1633
f 1401 1403 1634
f 1632 1635 1631
f 1632 1636 1635
f 1628 1636 1632
f 1628 1633 1636
f 1636 1637 1635
f 1636 1638 1637
f 1633 1638 1636
f 1633 1634 1638
f 1622 1639 1621
f 1622 1640 1639
f 1609 1640 1622
f 1609 1629 1640
f 1640 1641 1639
f 1640 1642 1641
f 1629 1642 1640
f 1629 1631 1642
f 1626 1643 1625
f 1626 1644 1643
f 1621 1644 1626
f 1621 1639 1644
f 1644 1645 1643
f 1644 1646 1645
f 1639 1646 1644
f 1639 1641 1646
f 1642 1647 1641
f 1642 1648 1647
f 1631 1648 1642
f 1631 1635 1648
f 1648 1649 1647
f 1648 1650 1649
f 1635 1650 1648
f 1635 1637 1650
f 1646 1651 1645
f 1646 1652 1651
f 1641 1652 1646
f 1641 1647 1652
f 1652 1653 1651
f 1652 1654 1653
f 1647 1654 1652
f 1647 1649 1654
f 1518 1655 1517
f 1518 1656 1655
f 1506 1656 1518
f 1506 1615 1656
f 1656 1657 1655
f 1656 1658 1657
f 1615 1658 1656
f 1615 1617 1658
f 1524 1659 1523
f 1524 1660 1659
f 1517 1660 1524
f 1517 1655 1660
f 1660 1661 1659
f 1660 1662 1661
f 1655 1662 1660
f 1655 1657 1662
f 1658 1663 1657
f 1658 1664 1663
f 1617 1664 1658
f 1617 1623 1664
f 1664 1665 1663
f 1664 1666 1665
f 1623 1666 1664
f 1623 1625 1666
f 1662 1667 1661
f 1662 1668 1667
f 1657 1668 1662
f 1657 1663 1668
f 1668 1669 1667
f 1668 1670 1669
f 1663 1670 1668
f 1663 1665 1670
f 1666 1671 1665
f 1666 1672 1671
f 1625 1672 1666
f 1625 1643 1672
f 1672 1673 1671
f 1672 1674 1673
f 1643 1674 1672
f 1643 1645 1674
f 1670 1675 1669
f 1670 1676 1675
f 1665 1676 1670
f 1665 1671 1676
f 1676 1677 1675
f 1676 1678 1677
f 1671 1678 1676
f 1671 1673 1678
f 1674 1679 1673
f 1674 1680 1679
f 1645 1680 1674
f 1645 1651 1680
f 1680 1681 1679
f 1680 1682 1681
f 1651 1682 1680
f 1651 1653 1682
f 1678 1683 1677
f 1678 1684 1683
f 1673 1684 1678
f 1673 1679 1684
f 1684 1685 1683
f 1684 1686 1685
f 1679 1686 1684
f 1679 1681 1686
f 1292 1688 1687
f 1292 1540 1688
f 1291 1687 1438
f 1687 1690 1689
f 1687 1688 1690
f 1438 1689 1440
f 1438 1687 1689
f 1540 1691 1688
f 1540 1541 1691
f 1688 1692 1690
f 1688 1691 1692
f 1542 1694 1693
f 1542 1544 1694
f 1541 1693 1691
f 1541 1542 1693
f 1693 1696 1695
f 1693 1694 1696
f 1691 1695 1692
f 1691 1693 1695
f 1689 1698 1697
f 1689 1690 1698
f 1440 1697 1446
f 1440 1689 1697
f 1697 1700 1699
f 1697 1698 1700
f 1446 1699 1448
f 1446 1697 1699
f 1690 1701 1698
f 1690 1692 1701
f 1698 1702 1700
f 1698 1701 1702
f 1695 1704 1703
f 1695 1696 1704
f 1692 1703 1701
f 1692 1695 1703
f 1703 1706 1705
f 1703 1704 1706
f 1701 1705 1702
f 1701 1703 1705
f 1544 1707 1694
f 1544 1545 1707
f 1694 1708 1696
f 1694 1707 1708
f 1696 1709 1704
f 1696 1708 1709
f 1704 1710 1706
f 1704 1709 1710
f 1699 1712 1711
f 1699 1700 1712
f 1448 1711 1466
f 1448 1699 1711
f 1711 1714 1713
f 1711 1712 1714
f 1466 1713 1468
f 1466 1711 1713
f 1700 1715 1712
f 1700 1702 1715
f 1712 1716 1714
f 1712 1715 1716
f 1705 1718 1717
f 1705 1706 1718
f 1702 1717 1715
f 1702 1705 1717
f 1717 1720 1719
f 1717 1718 1720
f 1715 1719 1716
f 1715 1717 1719
f 1713 1722 1721
f 1713 1714 1722
f 1468 1721 1474
f 1468 1713 1721
f 1721 1724 1723
f 1721 1722 1724
f 1474 1723 1476
f 1474 1721 1723
f 1714 1725 1722
f 1714 1716 1725
f 1722 1726 1724
f 1722 1725 1726
f 1719 1728 1727
f 1719 1720 1728
f 1716 1727 1725
f 1716 1719 1727
f 1727 1730 1729
f 1727 1728 1730
f 1725 1729 1726
f 1725 1727 1729
f 1706 1731 1718
f 1706 1710 1731
f 1718 1732 1720
f 1718 1731 1732
f 1720 1733 1728
f 1720 1732 1733
f 1728 1734 1730
f 1728 1733 1734
f 1523 1735 1559
f 1523 1659 1735
f 1659 1736 1735
f 1659 1661 1736
f 1661 1737 1736
f 1661 1667 1737
f 1667 1738 1737
f 1667 1669 1738
f 1569 1739 1568
f 1569 1740 1739
f 1559 1740 1569
f 1559 1735 1740
f 1740 1741 1739
f 1740 1742 1741
f 1735 1742 1740
f 1735 1736 1742
f 1579 1743 1578
f 1579 1744 1743
f 1568 1744 1579
f 1568 1739 1744
f 1578 1745 1580
f 1578 1743 1745
f 1744 1746 1743
f 1744 1747 1746
f 1739 1747 1744
f 1739 1741 1747
f 1743 1748 1745
f 1743 1746 1748
f 1742 1749 1741
f 1742 1750 1749
f 1736 1750 1742
f 1736 1737 1750
f 1750 1751 1749
f 1750 1752 1751
f 1737 1752 1750
f 1737 1738 1752
f 1747 1753 1746
f 1747 1754 1753
f 1741 1754 1747
f 1741 1749 1754
f 1746 1755 1748
f 1746 1753 1755
f 1754 1756 1753
f 1754 1757 1756
f 1749 1757 1754
f 1749 1751 1757
f 1753 1758 1755
f 1753 1756 1758
f 1580 1759 1594
f 1580 1745 1759
f 1745 1760 1759
f 1745 1748 1760
f 1748 1761 1760
f 1748 1755 1761
f 1755 1762 1761
f 1755 1758 1762
f 1669 1763 1738
f 1669 1675 1763
f 1675 1764 1763
f 1675 1677 1764
f 1677 1765 1764
f 1677 1683 1765
f 1683 1766 1765
f 1683 1685 1766
f 1752 1767 1751
f 1752 1768 1767
f 1738 1768 1752
f 1738 1763 1768
f 1768 1769 1767
f 1768 1770 1769
f 1763 1770 1768
f 1763 1764 1770
f 1757 1771 1756
f 1757 1772 1771
f 1751 1772 1757
f 1751 1767 1772
f 1756 1773 1758
f 1756 1771 1773
f 1772 1774 1771
f 1772 1775 1774
f 1767 1775 1772
f 1767 1769 1775
f 1771 1776 1773
f 1771 1774 1776
f 1770 1777 1769
f 1770 1778 1777
f 1764 1778 1770
f 1764 1765 1778
f 1778 1779 1777
f 1778 1780 1779
f 1765 1780 1778
f 1765 1766 1780
f 1775 1781 1774
f 1775 1782 1781
f 1769 1782 1775
f 1769 1777 1782
f 1774 1783 1776
f 1774 1781 1783
f 1782 1784 1781
f 1782 1785 1784
f 1777 1785 1782
f 1777 1779 1785
f 1781 1786 1783
f 1781 1784 1786
f 1758 1787 1762
f 1758 1773 1787
f 1773 1788 1787
f 1773 1776 1788
f 1776 1789 1788
f 1776 1783 1789
f 1783 1790 1789
f 1783 1786 1790
f 1334 1791 1333
f 1334 1792 1791
f 700 1792 1334
f 700 1087 1792
f 1792 1793 1791
f 1792 1794 1793
f 1087 1794 1792
f 1087 1088 1794
f 1333 1795 1336
f 1333 1791 1795
f 1791 1796 1795
f 1791 1793 1796
f 1794 1797 1793
f 1794 1798 1797
f 1088 1798 1794
f 1088 1091 1798
f 1798 1799 1797
f 1798 1800 1799
f 1091 1800 1798
f 1091 1092 1800
f 1793 1801 1796
f 1793 1797 1801
f 1797 1802 1801
f 1797 1799 1802
f 1336 1803 1342
f 1336 1795 1803
f 1795 1804 1803
f 1795 1796 1804
f 1342 1805 1344
f 1342 1803 1805
f 1803 1806 1805
f 1803 1804 1806
f 1796 1807 1804
f 1796 1801 1807
f 1801 1808 1807
f 1801 1802 1808
f 1804 1809 1806
f 1804 1807 1809
f 1807 1810 1809
f 1807 1808 1810
f 724 1811 1108
f 724 1350 1811
f 1108 1812 1110
f 1108 1811 1812
f 1350 1813 1811
f 1350 1352 1813
f 1811 1814 1812
f 1811 1813 1814
f 1110 1815 1114
f 1110 1812 1815
f 1114 1816 1116
f 1114 1815 1816
f 1812 1817 1815
f 1812 1814 1817
f 1815 1818 1816
f 1815 1817 1818
f 1352 1819 1813
f 1352 1356 1819
f 1813 1820 1814
f 1813 1819 1820
f 1814 1821 1817
f 1814 1820 1821
f 1817 1822 1818
f 1817 1821 1822
f 1800 1823 1799
f 1800 1824 1823
f 1092 1824 1800
f 1092 1136 1824
f 1824 1825 1823
f 1824 1826 1825
f 1136 1826 1824
f 1136 1137 1826
f 1799 1827 1802
f 1799 1823 1827
f 1823 1828 1827
f 1823 1825 1828
f 1826 1829 1825
f 1826 1830 1829
f 1141 1829 1830
f 1141 1142 1829
f 1137 1830 1826
f 1137 1141 1830
f 1142 1831 1829
f 1142 1143 1831
f 1829 1833 1832
f 1829 1831 1833
f 1825 1832 1828
f 1825 1829 1832
f 1143 1834 1831
f 1143 1146 1834
f 1146 1835 1834
f 1146 1147 1835
f 1831 1836 1833
f 1831 1834 1836
f 1834 1837 1836
f 1834 1835 1837
f 1802 1838 1808
f 1802 1827 1838
f 1827 1839 1838
f 1827 1828 1839
f 1808 1840 1810
f 1808 1838 1840
f 1838 1841 1840
f 1838 1839 1841
f 1832 1843 1842
f 1832 1833 1843
f 1828 1842 1839
f 1828 1832 1842
f 1842 1845 1844
f 1842 1843 1845
f 1839 1844 1841
f 1839 1842 1844
f 1833 1846 1843
f 1833 1836 1846
f 1836 1847 1846
f 1836 1837 1847
f 1843 1848 1845
f 1843 1846 1848
f 1846 1849 1848
f 1846 1847 1849
f 1116 1850 1165
f 1116 1816 1850
f 1165 1851 1167
f 1165 1850 1851
f 1816 1852 1850
f 1816 1818 1852
f 1850 1853 1851
f 1850 1852 1853
f 1147 1854 1835
f 1147 1170 1854
f 1170 1855 1854
f 1170 1171 1855
f 1835 1856 1837
f 1835 1854 1856
f 1854 1857 1856
f 1854 1855 1857
f 1171 1858 1855
f 1171 1173 1858
f 1173 1859 1858
f 1173 1174 1859
f 1167 1859 1174
f 1167 1851 1859
f 1855 1860 1857
f 1855 1858 1860
f 1858 1861 1860
f 1858 1859 1861
f 1851 1861 1859
f 1851 1853 1861
f 1818 1862 1852
f 1818 1822 1862
f 1852 1863 1853
f 1852 1862 1863
f 1837 1864 1847
f 1837 1856 1864
f 1856 1865 1864
f 1856 1857 1865
f 1847 1866 1849
f 1847 1864 1866
f 1864 1867 1866
f 1864 1865 1867
f 1857 1868 1865
f 1857 1860 1868
f 1860 1869 1868
f 1860 1861 1869
f 1853 1869 1861
f 1853 1863 1869
f 1865 1870 1867
f 1865 1868 1870
f 1868 1871 1870
f 1868 1869 1871
f 1344 1872 1388
f 1344 1805 1872
f 1805 1873 1872
f 1805 1806 1873
f 1392 1874 1391
f 1392 1875 1874
f 1388 1875 1392
f 1388 1872 1875
f 1875 1876 1874
f 1875 1877 1876
f 1872 1877 1875
f 1872 1873 1877
f 1806 1878 1873
f 1806 1809 1878
f 1809 1879 1878
f 1809 1810 1879
f 1877 1880 1876
f 1877 1881 1880
f 1873 1881 1877
f 1873 1878 1881
f 1881 1882 1880
f 1881 1883 1882
f 1878 1883 1881
f 1878 1879 1883
f 1391 1884 1400
f 1391 1874 1884
f 1874 1885 1884
f 1874 1876 1885
f 1404 1886 1403
f 1404 1887 1886
f 1400 1887 1404
f 1400 1884 1887
f 1887 1888 1886
f 1887 1889 1888
f 1884 1889 1887
f 1884 1885 1889
f 1876 1890 1885
f 1876 1880 1890
f 1880 1891 1890
f 1880 1882 1891
f 1889 1892 1888
f 1889 1893 1892
f 1885 1893 1889
f 1885 1890 1893
f 1893 1894 1892
f 1893 1895 1894
f 1890 1895 1893
f 1890 1891 1895
f 1810 1896 1879
f 1810 1840 1896
f 1840 1897 1896
f 1840 1841 1897
f 1883 1898 1882
f 1883 1899 1898
f 1879 1899 1883
f 1879 1896 1899
f 1899 1900 1898
f 1899 1901 1900
f 1896 1901 1899
f 1896 1897 1901
f 1844 1903 1902
f 1844 1845 1903
f 1841 1902 1897
f 1841 1844 1902
f 1901 1904 1900
f 1901 1905 1904
f 1902 1904 1905
f 1902 1903 1904
f 1897 1905 1901
f 1897 1902 1905
f 1845 1906 1903
f 1845 1848 1906
f 1848 1907 1906
f 1848 1849 1907
f 1903 1908 1904
f 1903 1906 1908
f 1906 1909 1908
f 1906 1907 1909
f 1882 1910 1891
f 1882 1898 1910
f 1898 1911 1910
f 1898 1900 1911
f 1895 1912 1894
f 1895 1913 1912
f 1891 1913 1895
f 1891 1910 1913
f 1913 1914 1912
f 1913 1915 1914
f 1910 1915 1913
f 1910 1911 1915
f 1904 1917 1916
f 1904 1908 1917
f 1900 1916 1911
f 1900 1904 1916
f 1908 1918 1917
f 1908 1909 1918
f 1915 1919 1914
f 1915 1920 1919
f 1916 1919 1920
f 1916 1917 1919
f 1911 1920 1915
f 1911 1916 1920
f 1917 1921 1919
f 1917 1918 1921
f 1849 1922 1907
f 1849 1866 1922
f 1866 1923 1922
f 1866 1867 1923
f 1907 1924 1909
f 1907 1922 1924
f 1922 1925 1924
f 1922 1923 1925
f 1867 1926 1923
f 1867 1870 1926
f 1870 1927 1926
f 1870 1871 1927
f 1923 1928 1925
f 1923 1926 1928
f 1926 1929 1928
f 1926 1927 1929
f 1909 1930 1918
f 1909 1924 1930
f 1924 1931 1930
f 1924 1925 1931
f 1918 1932 1921
f 1918 1930 1932
f 1930 1933 1932
f 1930 1931 1933
f 1925 1934 1931
f 1925 1928 1934
f 1928 1935 1934
f 1928 1929 1935
f 1931 1936 1933
f 1931 1934 1936
f 1934 1937 1936
f 1934 1935 1937
f 1419 1939 1938
f 1419 1420 1939
f 1356 1938 1819
f 1356 1419 1938
f 1938 1941 1940
f 1938 1939 1941
f 1819 1940 1820
f 1819 1938 1940
f 1940 1943 1942
f 1940 1941 1943
f 1820 1942 1821
f 1820 1940 1942
f 1942 1945 1944
f 1942 1943 1945
f 1821 1944 1822
f 1821 1942 1944
f 1944 1947 1946
f 1944 1945 1947
f 1822 1946 1862
f 1822 1944 1946
f 1946 1949 1948
f 1946 1947 1949
f 1862 1948 1863
f 1862 1946 1948
f 1869 1950 1871
f 1869 1951 1950
f 1948 1950 1951
f 1948 1949 1950
f 1863 1951 1869
f 1863 1948 1951
f 1420 1952 1939
f 1420 1456 1952
f 1939 1953 1941
f 1939 1952 1953
f 1459 1955 1954
f 1459 1460 1955
f 1456 1954 1952
f 1456 1459 1954
f 1954 1957 1956
f 1954 1955 1957
f 1952 1956 1953
f 1952 1954 1956
f 1941 1958 1943
f 1941 1953 1958
f 1943 1959 1945
f 1943 1958 1959
f 1956 1961 1960
f 1956 1957 1961
f 1953 1960 1958
f 1953 1956 1960
f 1960 1963 1962
f 1960 1961 1963
f 1958 1962 1959
f 1958 1960 1962
f 1471 1965 1964
f 1471 1472 1965
f 1460 1964 1955
f 1460 1471 1964
f 1964 1967 1966
f 1964 1965 1967
f 1955 1966 1957
f 1955 1964 1966
f 1475 1969 1968
f 1475 1476 1969
f 1472 1968 1965
f 1472 1475 1968
f 1968 1971 1970
f 1968 1969 1971
f 1965 1970 1967
f 1965 1968 1970
f 1966 1973 1972
f 1966 1967 1973
f 1957 1972 1961
f 1957 1966 1972
f 1972 1975 1974
f 1972 1973 1975
f 1961 1974 1963
f 1961 1972 1974
f 1970 1977 1976
f 1970 1971 1977
f 1967 1976 1973
f 1967 1970 1976
f 1976 1979 1978
f 1976 1977 1979
f 1973 1978 1975
f 1973 1976 1978
f 1945 1980 1947
f 1945 1959 1980
f 1947 1981 1949
f 1947 1980 1981
f 1962 1983 1982
f 1962 1963 1983
f 1959 1982 1980
f 1959 1962 1982
f 1982 1985 1984
f 1982 1983 1985
f 1980 1984 1981
f 1980 1982 1984
f 1871 1986 1927
f 1871 1950 1986
f 1949 1986 1950
f 1949 1981 1986
f 1927 1987 1929
f 1927 1986 1987
f 1986 1988 1987
f 1986 1989 1988
f 1984 1988 1989
f 1984 1985 1988
f 1981 1989 1986
f 1981 1984 1989
f 1974 1991 1990
f 1974 1975 1991
f 1963 1990 1983
f 1963 1974 1990
f 1990 1993 1992
f 1990 1991 1993
f 1983 1992 1985
f 1983 1990 1992
f 1978 1995 1994
f 1978 1979 1995
f 1975 1994 1991
f 1975 1978 1994
f 1994 1997 1996
f 1994 1995 1997
f 1991 1996 1993
f 1991 1994 1996
f 1929 1998 1935
f 1929 1987 1998
f 1987 1999 1998
f 1987 1988 1999
f 1935 2000 1937
f 1935 1998 2000
f 1998 2001 2000
f 1998 1999 2001
f 1988 2002 1999
f 1988 2003 2002
f 1992 2002 2003
f 1992 1993 2002
f 1985 2003 1988
f 1985 1992 2003
f 1999 2004 2001
f 1999 2002 2004
f 2002 2005 2004
f 2002 2006 2005
f 1996 2005 2006
f 1996 1997 2005
f 1993 2006 2002
f 1993 1996 2006
f 1403 2007 1634
f 1403 1886 2007
f 1886 2008 2007
f 1886 1888 2008
f 1638 2009 1637
f 1638 2010 2009
f 1634 2010 1638
f 1634 2007 2010
f 2010 2011 2009
f 2010 2012 2011
f 2007 2012 2010
f 2007 2008 2012
f 1888 2013 2008
f 1888 1892 2013
f 1892 2014 2013
f 1892 1894 2014
f 2012 2015 2011
f 2012 2016 2015
f 2008 2016 2012
f 2008 2013 2016
f 2016 2017 2015
f 2016 2018 2017
f 2013 2018 2016
f 2013 2014 2018
f 1650 2019 1649
f 1650 2020 2019
f 1637 2020 1650
f 1637 2009 2020
f 2020 2021 2019
f 2020 2022 2021
f 2009 2022 2020
f 2009 2011 2022
f 1654 2023 1653
f 1654 2024 2023
f 1649 2024 1654
f 1649 2019 2024
f 2024 2025 2023
f 2024 2026 2025
f 2019 2026 2024
f 2019 2021 2026
f 2022 2027 2021
f 2022 2028 2027
f 2011 2028 2022
f 2011 2015 2028
f 2028 2029 2027
f 2028 2030 2029
f 2015 2030 2028
f 2015 2017 2030
f 2026 2031 2025
f 2026 2032 2031
f 2021 2032 2026
f 2021 2027 2032
f 2032 2033 2031
f 2032 2034 2033
f 2027 2034 2032
f 2027 2029 2034
f 1894 2035 2014
f 1894 1912 2035
f 1912 2036 2035
f 1912 1914 2036
f 2018 2037 2017
f 2018 2038 2037
f 2014 2038 2018
f 2014 2035 2038
f 2038 2039 2037
f 2038 2040 2039
f 2035 2040 2038
f 2035 2036 2040
f 1919 2042 2041
f 1919 1921 2042
f 1914 2041 2036
f 1914 1919 2041
f 2040 2043 2039
f 2040 2044 2043
f 2041 2043 2044
f 2041 2042 2043
f 2036 2044 2040
f 2036 2041 2044
f 1921 2045 2042
f 1921 1932 2045
f 1932 2046 2045
f 1932 1933 2046
f 2042 2047 2043
f 2042 2045 2047
f 2045 2048 2047
f 2045 2046 2048
f 1933 2049 2046
f 1933 1936 2049
f 1936 2050 2049
f 1936 1937 2050
f 2046 2051 2048
f 2046 2049 2051
f 2049 2052 2051
f 2049 2050 2052
f 2030 2053 2029
f 2030 2054 2053
f 2017 2054 2030
f 2017 2037 2054
f 2054 2055 2053
f 2054 2056 2055
f 2037 2056 2054
f 2037 2039 2056
f 2034 2057 2033
f 2034 2058 2057
f 2029 2058 2034
f 2029 2053 2058
f 2058 2059 2057
f 2058 2060 2059
f 2053 2060 2058
f 2053 2055 2060
f 2056 2061 2055
f 2056 2062 2061
f 2043 2061 2062
f 2043 2047 2061
f 2039 2062 2056
f 2039 2043 2062
f 2047 2063 2061
f 2047 2048 2063
f 2060 2064 2059
f 2060 2065 2064
f 2061 2064 2065
f 2061 2063 2064
f 2055 2065 2060
f 2055 2061 2065
f 2048 2066 2063
f 2048 2051 2066
f 2051 2067 2066
f 2051 2052 2067
f 2063 2068 2064
f 2063 2066 2068
f 2066 2069 2068
f 2066 2067 2069
f 1682 2070 1681
f 1682 2071 2070
f 1653 2071 1682
f 1653 2023 2071
f 2071 2072 2070
f 2071 2073 2072
f 2023 2073 2071
f 2023 2025 2073
f 1686 2074 1685
f 1686 2075 2074
f 1681 2075 1686
f 1681 2070 2075
f 2075 2076 2074
f 2075 2077 2076
f 2070 2077 2075
f 2070 2072 2077
f 2073 2078 2072
f 2073 2079 2078
f 2025 2079 2073
f 2025 2031 2079
f 2079 2080 2078
f 2079 2081 2080
f 2031 2081 2079
f 2031 2033 2081
f 2077 2082 2076
f 2077 2083 2082
f 2072 2083 2077
f 2072 2078 2083
f 2083 2084 2082
f 2083 2085 2084
f 2078 2085 2083
f 2078 2080 2085
f 2081 2086 2080
f 2081 2087 2086
f 2033 2087 2081
f 2033 2057 2087
f 2087 2088 2086
f 2087 2089 2088
f 2057 2089 2087
f 2057 2059 2089
f 2085 2090 2084
f 2085 2091 2090
f 2080 2091 2085
f 2080 2086 2091
f 2091 2092 2090
f 2091 2093 2092
f 2086 2093 2091
f 2086 2088 2093
f 2089 2094 2088
f 2089 2095 2094
f 2064 2094 2095
f 2064 2068 2094
f 2059 2095 2089
f 2059 2064 2095
f 2068 2096 2094
f 2068 2069 2096
f 2093 2097 2092
f 2093 2098 2097
f 2094 2097 2098
f 2094 2096 2097
f 2088 2098 2093
f 2088 2094 2098
f 1723 2100 2099
f 1723 1724 2100
f 1476 2099 1969
f 1476 1723 2099
f 2099 2102 2101
f 2099 2100 2102
f 1969 2101 1971
f 1969 2099 2101
f 1724 2103 2100
f 1724 1726 2103
f 2100 2104 2102
f 2100 2103 2104
f 1729 2106 2105
f 1729 1730 2106
f 1726 2105 2103
f 1726 1729 2105
f 2105 2108 2107
f 2105 2106 2108
f 2103 2107 2104
f 2103 2105 2107
f 2101 2110 2109
f 2101 2102 2110
f 1971 2109 1977
f 1971 2101 2109
f 2109 2112 2111
f 2109 2110 2112
f 1977 2111 1979
f 1977 2109 2111
f 2102 2113 2110
f 2102 2104 2113
f 2110 2114 2112
f 2110 2113 2114
f 2107 2116 2115
f 2107 2108 2116
f 2104 2115 2113
f 2104 2107 2115
f 2115 2118 2117
f 2115 2116 2118
f 2113 2117 2114
f 2113 2115 2117
f 1730 2119 2106
f 1730 1734 2119
f 2106 2120 2108
f 2106 2119 2120
f 2108 2121 2116
f 2108 2120 2121
f 2116 2122 2118
f 2116 2121 2122
f 1937 2123 2050
f 1937 2000 2123
f 2000 2124 2123
f 2000 2001 2124
f 2050 2125 2052
f 2050 2123 2125
f 2123 2126 2125
f 2123 2124 2126
f 2001 2127 2124
f 2001 2004 2127
f 2004 2128 2127
f 2004 2005 2128
f 2124 2129 2126
f 2124 2127 2129
f 2127 2130 2129
f 2127 2128 2130
f 2052 2131 2067
f 2052 2125 2131
f 2125 2132 2131
f 2125 2126 2132
f 2067 2133 2069
f 2067 2131 2133
f 2131 2134 2133
f 2131 2132 2134
f 2126 2135 2132
f 2126 2129 2135
f 2129 2136 2135
f 2129 2130 2136
f 2132 2137 2134
f 2132 2135 2137
f 2135 2138 2137
f 2135 2136 2138
f 2111 2140 2139
f 2111 2112 2140
f 1979 2139 1995
f 1979 2111 2139
f 2139 2142 2141
f 2139 2140 2142
f 1995 2141 1997
f 1995 2139 2141
f 2112 2143 2140
f 2112 2114 2143
f 2140 2144 2142
f 2140 2143 2144
f 2117 2146 2145
f 2117 2118 2146
f 2114 2145 2143
f 2114 2117 2145
f 2145 2148 2147
f 2145 2146 2148
f 2143 2147 2144
f 2143 2145 2147
f 2005 2149 2128
f 2005 2150 2149
f 2141 2149 2150
f 2141 2142 2149
f 1997 2150 2005
f 1997 2141 2150
f 2128 2151 2130
f 2128 2149 2151
f 2149 2152 2151
f 2149 2153 2152
f 2142 2153 2149
f 2142 2144 2153
f 2153 2154 2152
f 2153 2155 2154
f 2147 2154 2155
f 2147 2148 2154
f 2144 2155 2153
f 2144 2147 2155
f 2118 2156 2146
f 2118 2122 2156
f 2146 2157 2148
f 2146 2156 2157
f 2130 2158 2136
f 2130 2151 2158
f 2151 2159 2158
f 2151 2152 2159
f 2136 2160 2138
f 2136 2158 2160
f 2158 2161 2160
f 2158 2159 2161
f 2152 2162 2159
f 2152 2154 2162
f 2154 2163 2162
f 2154 2164 2163
f 2148 2164 2154
f 2148 2157 2164
f 2159 2165 2161
f 2159 2162 2165
f 2162 2166 2165
f 2162 2163 2166
f 1685 2167 1766
f 1685 2074 2167
f 2074 2168 2167
f 2074 2076 2168
f 2076 2169 2168
f 2076 2082 2169
f 2082 2170 2169
f 2082 2084 2170
f 1780 2171 1779
f 1780 2172 2171
f 1766 2172 1780
f 1766 2167 2172
f 2172 2173 2171
f 2172 2174 2173
f 2167 2174 2172
f 2167 2168 2174
f 1785 2175 1784
f 1785 2176 2175
f 1779 2176 1785
f 1779 2171 2176
f 1784 2177 1786
f 1784 2175 2177
f 2176 2178 2175
f 2176 2179 2178
f 2171 2179 2176
f 2171 2173 2179
f 2175 2180 2177
f 2175 2178 2180
f 2174 2181 2173
f 2174 2182 2181
f 2168 2182 2174
f 2168 2169 2182
f 2182 2183 2181
f 2182 2184 2183
f 2169 2184 2182
f 2169 2170 2184
f 2179 2185 2178
f 2179 2186 2185
f 2173 2186 2179
f 2173 2181 2186
f 2178 2187 2180
f 2178 2185 2187
f 2186 2188 2185
f 2186 2189 2188
f 2181 2189 2186
f 2181 2183 2189
f 2185 2190 2187
f 2185 2188 2190
f 1786 2191 1790
f 1786 2177 2191
f 2177 2192 2191
f 2177 2180 2192
f 2180 2193 2192
f 2180 2187 2193
f 2187 2194 2193
f 2187 2190 2194
f 2084 2195 2170
f 2084 2090 2195
f 2090 2196 2195
f 2090 2092 2196
f 2069 2197 2096
f 2069 2133 2197
f 2133 2198 2197
f 2133 2134 2198
f 2092 2199 2196
f 2092 2097 2199
f 2096 2199 2097
f 2096 2197 2199
f 2197 2200 2199
f 2197 2198 2200
f 2134 2201 2198
f 2134 2137 2201
f 2137 2202 2201
f 2137 2138 2202
f 2198 2203 2200
f 2198 2201 2203
f 2201 2204 2203
f 2201 2202 2204
f 2184 2205 2183
f 2184 2206 2205
f 2170 2206 2184
f 2170 2195 2206
f 2206 2207 2205
f 2206 2208 2207
f 2195 2208 2206
f 2195 2196 2208
f 2189 2209 2188
f 2189 2210 2209
f 2183 2210 2189
f 2183 2205 2210
f 2188 2211 2190
f 2188 2209 2211
f 2210 2212 2209
f 2210 2213 2212
f 2205 2213 2210
f 2205 2207 2213
f 2209 2214 2211
f 2209 2212 2214
f 2208 2215 2207
f 2208 2216 2215
f 2199 2215 2216
f 2199 2200 2215
f 2196 2216 2208
f 2196 2199 2216
f 2200 2217 2215
f 2200 2203 2217
f 2203 2218 2217
f 2203 2204 2218
f 2213 2219 2212
f 2213 2220 2219
f 2215 2219 2220
f 2215 2217 2219
f 2207 2220 2213
f 2207 2215 2220
f 2212 2221 2214
f 2212 2219 2221
f 2217 2221 2219
f 2217 2218 2221
f 2138 2222 2202
f 2138 2160 2222
f 2160 2223 2222
f 2160 2161 2223
f 2202 2224 2204
f 2202 2222 2224
f 2222 2225 2224
f 2222 2223 2225
f 2161 2226 2223
f 2161 2165 2226
f 2165 2227 2226
f 2165 2166 2227
f 2223 2228 2225
f 2223 2226 2228
f 2226 2229 2228
f 2226 2227 2229
f 2190 2230 2194
f 2190 2211 2230
f 2211 2231 2230
f 2211 2214 2231
f 2204 2232 2218
f 2204 2224 2232
f 2224 2233 2232
f 2224 2225 2233
f 2214 2234 2231
f 2214 2221 2234
f 2218 2234 2221
f 2218 2232 2234
f 2232 2235 2234
f 2232 2233 2235
f 2225 2236 2233
f 2225 2228 2236
f 2228 2237 2236
f 2228 2229 2237
f 2233 2238 2235
f 2233 2236 2238
f 2236 2239 2238
f 2236 2237 2239
f 2240 2242 2241
f 2240 2243 2242
f 1591 2241 1593
f 1591 2240 2241
f 1591 2243 2240
f 1591 1592 2243
f 2243 2244 2242
f 2243 2245 2244
f 1592 2245 2243
f 1592 1594 2245
f 2241 2247 2246
f 2241 2242 2247
f 1593 2246 1597
f 1593 2241 2246
f 2246 2249 2248
f 2246 2247 2249
f 1597 2248 1598
f 1597 2246 2248
f 2242 2250 2247
f 2242 2244 2250
f 2247 2251 2249
f 2247 2250 2251
f 2245 2252 2244
f 2245 2253 2252
f 1594 2253 2245
f 1594 1759 2253
f 2253 2254 2252
f 2253 2255 2254
f 1759 2255 2253
f 1759 1760 2255
f 2244 2256 2250
f 2244 2252 2256
f 2250 2257 2251
f 2250 2256 2257
f 2252 2258 2256
f 2252 2254 2258
f 2256 2259 2257
f 2256 2258 2259
f 2255 2260 2254
f 2255 2261 2260
f 1760 2261 2255
f 1760 1761 2261
f 2261 2262 2260
f 2261 2263 2262
f 1761 2263 2261
f 1761 1762 2263
f 2254 2264 2258
f 2254 2260 2264
f 2258 2265 2259
f 2258 2264 2265
f 2260 2266 2264
f 2260 2262 2266
f 2264 2267 2265
f 2264 2266 2267
f 2263 2268 2262
f 2263 2269 2268
f 1762 2269 2263
f 1762 1787 2269
f 2269 2270 2268
f 2269 2271 2270
f 1787 2271 2269
f 1787 1788 2271
f 2262 2272 2266
f 2262 2268 2272
f 2266 2273 2267
f 2266 2272 2273
f 2268 2274 2272
f 2268 2270 2274
f 2272 2275 2273
f 2272 2274 2275
f 2271 2276 2270
f 2271 2277 2276
f 1788 2277 2271
f 1788 1789 2277
f 2277 2278 2276
f 2277 2279 2278
f 1789 2279 2277
f 1789 1790 2279
f 2270 2280 2274
f 2270 2276 2280
f 2274 2281 2275
f 2274 2280 2281
f 2276 2282 2280
f 2276 2278 2282
f 2280 2283 2281
f 2280 2282 2283
f 2279 2284 2278
f 2279 2285 2284
f 1790 2285 2279
f 1790 2191 2285
f 2285 2286 2284
f 2285 2287 2286
f 2191 2287 2285
f 2191 2192 2287
f 2278 2288 2282
f 2278 2284 2288
f 2282 2289 2283
f 2282 2288 2289
f 2284 2290 2288
f 2284 2286 2290
f 2288 2291 2289
f 2288 2290 2291
f 2287 2292 2286
f 2287 2293 2292
f 2192 2293 2287
f 2192 2193 2293
f 2293 2294 2292
f 2293 2295 2294
f 2193 2295 2293
f 2193 2194 2295
f 2286 2296 2290
f 2286 2292 2296
f 2290 2297 2291
f 2290 2296 2297
f 2292 2298 2296
f 2292 2294 2298
f 2296 2299 2297
f 2296 2298 2299
f 2295 2300 2294
f 2295 2301 2300
f 2194 2301 2295
f 2194 2230 2301
f 2301 2302 2300
f 2301 2303 2302
f 2230 2303 2301
f 2230 2231 2303
f 2294 2304 2298
f 2294 2300 2304
f 2298 2305 2299
f 2298 2304 2305
f 2300 2306 2304
f 2300 2302 2306
f 2304 2307 2305
f 2304 2306 2307
f 2303 2308 2302
f 2303 2309 2308
f 2234 2308 2309
f 2234 2235 2308
f 2231 2309 2303
f 2231 2234 2309
f 2302 2310 2306
f 2302 2308 2310
f 2235 2310 2308
f 2235 2238 2310
f 2306 2311 2307
f 2306 2310 2311
f 2238 2311 2310
f 2238 2239 2311
f 1543 2312 1545
f 1548 2320 2316
f 1548 1553 2320
f 2316 2321 2317
f 2316 2320 2321
f 2317 2322 2318
f 2317 2321 2322
f 2318 2323 2319
f 2318 2322 2323
f 2324 2329 2326
f 2324 2327 2329
f 2319 2335 2330
f 2319 2323 2335
f 2330 2336 2331
f 2330 2335 2336
f 2331 2337 2332
f 2331 2336 2337
f 2332 2338 2333
f 2332 2337 2338
f 1553 2339 2320
f 1553 1586 2339
f 2320 2340 2321
f 2320 2339 2340
f 1586 2341 2339
f 1586 1588 2341
f 2339 2342 2340
f 2339 2341 2342
f 2321 2343 2322
f 2321 2340 2343
f 2322 2344 2323
f 2322 2343 2344
f 2340 2345 2343
f 2340 2342 2345
f 2343 2346 2344
f 2343 2345 2346
f 1588 2347 2341
f 1588 1596 2347
f 2341 2348 2342
f 2341 2347 2348
f 1596 2349 2347
f 1596 1598 2349
f 2347 2350 2348
f 2347 2349 2350
f 2342 2351 2345
f 2342 2348 2351
f 2345 2352 2346
f 2345 2351 2352
f 2348 2353 2351
f 2348 2350 2353
f 2351 2354 2352
f 2351 2353 2354
f 2323 2355 2335
f 2323 2344 2355
f 2335 2356 2336
f 2335 2355 2356
f 2344 2357 2355
f 2344 2346 2357
f 2355 2358 2356
f 2355 2357 2358
f 2336 2359 2337
f 2336 2356 2359
f 2337 2360 2338
f 2337 2359 2360
f 2356 2361 2359
f 2356 2358 2361
f 2359 2362 2360
f 2359 2361 2362
f 2346 2363 2357
f 2346 2352 2363
f 2357 2364 2358
f 2357 2363 2364
f 2352 2365 2363
f 2352 2354 2365
f 2363 2366 2364
f 2363 2365 2366
f 2358 2367 2361
f 2358 2364 2367
f 2361 2368 2362
f 2361 2367 2368
f 2364 2369 2367
f 2364 2366 2369
f 2367 2370 2368
f 2367 2369 2370
f 2373 2377 2376
f 2373 2372 2377
f 2376 2378 2375
f 2376 2377 2378
f 2334 2379 2371
f 2334 2333 2379
f 2371 2380 2372
f 2371 2379 2380
f 2333 2381 2379
f 2333 2338 2381
f 2379 2382 2380
f 2379 2381 2382
f 2383 2385 2384
f 2383 2386 2385
f 2372 2384 2377
f 2372 2383 2384
f 2372 2386 2383
f 2372 2380 2386
f 2384 2388 2387
f 2384 2385 2388
f 2377 2387 2378
f 2377 2384 2387
f 2386 2389 2385
f 2386 2390 2389
f 2380 2390 2386
f 2380 2382 2390
f 2385 2391 2388
f 2385 2389 2391
f 2338 2392 2381
f 2338 2360 2392
f 2381 2393 2382
f 2381 2392 2393
f 2360 2394 2392
f 2360 2362 2394
f 2392 2395 2393
f 2392 2394 2395
f 2382 2396 2390
f 2382 2393 2396
f 2397 2399 2398
f 2397 2400 2399
f 2390 2398 2389
f 2390 2397 2398
f 2390 2400 2397
f 2390 2396 2400
f 2398 2402 2401
f 2398 2399 2402
f 2389 2401 2391
f 2389 2398 2401
f 2393 2403 2396
f 2393 2395 2403
f 2400 2404 2399
f 2400 2405 2404
f 2396 2405 2400
f 2396 2403 2405
f 2399 2406 2402
f 2399 2404 2406
f 2362 2407 2394
f 2362 2368 2407
f 2394 2408 2395
f 2394 2407 2408
f 2368 2409 2407
f 2368 2370 2409
f 2407 2410 2408
f 2407 2409 2410
f 2395 2411 2403
f 2395 2408 2411
f 2403 2412 2405
f 2403 2411 2412
f 2410 2414 2413
f 2410 2415 2414
f 2408 2413 2411
f 2408 2410 2413
f 2413 2417 2416
f 2413 2414 2417
f 2412 2417 2418
f 2412 2416 2417
f 2411 2416 2412
f 2411 2413 2416
f 2415 2419 2414
f 2415 2420 2419
f 2414 2421 2417
f 2414 2419 2421
f 2418 2421 2422
f 2418 2417 2421
f 2412 2424 2423
f 2412 2418 2424
f 2425 2424 2426
f 2425 2423 2424
f 2405 2426 2404
f 2405 2425 2426
f 2405 2423 2425
f 2405 2412 2423
f 2418 2427 2424
f 2418 2422 2427
f 2426 2427 2428
f 2426 2424 2427
f 2404 2428 2406
f 2404 2426 2428
f 1545 2429 1707
f 1545 2312 2429
f 2312 2430 2429
f 2312 2313 2430
f 1707 2431 1708
f 1707 2429 2431
f 2429 2432 2431
f 2429 2430 2432
f 2313 2433 2430
f 2313 2314 2433
f 2314 2434 2433
f 2314 2315 2434
f 2430 2435 2432
f 2430 2433 2435
f 2433 2436 2435
f 2433 2434 2436
f 1708 2437 1709
f 1708 2431 2437
f 2431 2438 2437
f 2431 2432 2438
f 1709 2439 1710
f 1709 2437 2439
f 2437 2440 2439
f 2437 2438 2440
f 2432 2441 2438
f 2432 2435 2441
f 2435 2442 2441
f 2435 2436 2442
f 2438 2443 2440
f 2438 2441 2443
f 2441 2444 2443
f 2441 2442 2444
f 2327 2446 2445
f 2327 2328 2446
f 2327 2447 2329
f 2327 2445 2447
f 2445 2449 2448
f 2445 2446 2449
f 2445 2450 2447
f 2445 2448 2450
f 2448 2452 2451
f 2448 2449 2452
f 2448 2453 2450
f 2448 2451 2453
f 2451 2455 2454
f 2451 2452 2455
f 2451 2456 2453
f 2451 2454 2456
f 2315 2457 2434
f 2315 2325 2457
f 2325 2458 2457
f 2325 2326 2458
f 2434 2459 2436
f 2434 2457 2459
f 2457 2460 2459
f 2457 2458 2460
f 2326 2447 2458
f 2326 2329 2447
f 2458 2450 2460
f 2458 2447 2450
f 2436 2461 2442
f 2436 2459 2461
f 2459 2462 2461
f 2459 2460 2462
f 2442 2463 2444
f 2442 2461 2463
f 2461 2464 2463
f 2461 2462 2464
f 2460 2453 2462
f 2460 2450 2453
f 2462 2456 2464
f 2462 2453 2456
f 1710 2465 1731
f 1710 2439 2465
f 2439 2466 2465
f 2439 2440 2466
f 1731 2467 1732
f 1731 2465 2467
f 2465 2468 2467
f 2465 2466 2468
f 2440 2469 2466
f 2440 2443 2469
f 2443 2470 2469
f 2443 2444 2470
f 2466 2471 2468
f 2466 2469 2471
f 2469 2472 2471
f 2469 2470 2472
f 1732 2473 1733
f 1732 2467 2473
f 2467 2474 2473
f 2467 2468 2474
f 1733 2475 1734
f 1733 2473 2475
f 2473 2476 2475
f 2473 2474 2476
f 2468 2477 2474
f 2468 2471 2477
f 2471 2478 2477
f 2471 2472 2478
f 2474 2479 2476
f 2474 2477 2479
f 2477 2480 2479
f 2477 2478 2480
f 2454 2482 2481
f 2454 2455 2482
f 2454 2483 2456
f 2454 2481 2483
f 2481 2485 2484
f 2481 2482 2485
f 2481 2486 2483
f 2481 2484 2486
f 2484 2488 2487
f 2484 2485 2488
f 2484 2489 2486
f 2484 2487 2489
f 2487 2491 2490
f 2487 2488 2491
f 2487 2492 2489
f 2487 2490 2492
f 2444 2493 2470
f 2444 2463 2493
f 2463 2494 2493
f 2463 2464 2494
f 2470 2495 2472
f 2470 2493 2495
f 2493 2496 2495
f 2493 2494 2496
f 2464 2483 2494
f 2464 2456 2483
f 2494 2486 2496
f 2494 2483 2486
f 2472 2497 2478
f 2472 2495 2497
f 2495 2498 2497
f 2495 2496 2498
f 2478 2499 2480
f 2478 2497 2499
f 2497 2500 2499
f 2497 2498 2500
f 2496 2489 2498
f 2496 2486 2489
f 2498 2492 2500
f 2498 2489 2492
f 2328 2501 2446
f 2328 2374 2501
f 2375 2503 2502
f 2375 2378 2503
f 2374 2502 2501
f 2374 2375 2502
f 2446 2504 2449
f 2446 2501 2504
f 2502 2506 2505
f 2502 2503 2506
f 2501 2505 2504
f 2501 2502 2505
f 2449 2507 2452
f 2449 2504 2507
f 2505 2509 2508
f 2505 2506 2509
f 2504 2508 2507
f 2504 2505 2508
f 2452 2510 2455
f 2452 2507 2510
f 2508 2512 2511
f 2508 2509 2512
f 2507 2511 2510
f 2507 2508 2511
f 2387 2514 2513
f 2387 2388 2514
f 2378 2513 2503
f 2378 2387 2513
f 2513 2516 2515
f 2513 2514 2516
f 2503 2515 2506
f 2503 2513 2515
f 2388 2517 2514
f 2388 2391 2517
f 2514 2518 2516
f 2514 2517 2518
f 2515 2520 2519
f 2515 2516 2520
f 2506 2519 2509
f 2506 2515 2519
f 2519 2522 2521
f 2519 2520 2522
f 2509 2521 2512
f 2509 2519 2521
f 2516 2523 2520
f 2516 2518 2523
f 2520 2524 2522
f 2520 2523 2524
f 2455 2525 2482
f 2455 2510 2525
f 2511 2527 2526
f 2511 2512 2527
f 2510 2526 2525
f 2510 2511 2526
f 2482 2528 2485
f 2482 2525 2528
f 2526 2530 2529
f 2526 2527 2530
f 2525 2529 2528
f 2525 2526 2529
f 2485 2531 2488
f 2485 2528 2531
f 2529 2533 2532
f 2529 2530 2533
f 2528 2532 2531
f 2528 2529 2532
f 2488 2534 2491
f 2488 2531 2534
f 2532 2536 2535
f 2532 2533 2536
f 2531 2535 2534
f 2531 2532 2535
f 2521 2538 2537
f 2521 2522 2538
f 2512 2537 2527
f 2512 2521 2537
f 2537 2540 2539
f 2537 2538 2540
f 2527 2539 2530
f 2527 2537 2539
f 2522 2541 2538
f 2522 2524 2541
f 2538 2542 2540
f 2538 2541 2542
f 2539 2544 2543
f 2539 2540 2544
f 2530 2543 2533
f 2530 2539 2543
f 2543 2546 2545
f 2543 2544 2546
f 2533 2545 2536
f 2533 2543 2545
f 2540 2547 2544
f 2540 2542 2547
f 2544 2548 2546
f 2544 2547 2548
f 2401 2550 2549
f 2401 2402 2550
f 2391 2549 2517
f 2391 2401 2549
f 2549 2552 2551
f 2549 2550 2552
f 2517 2551 2518
f 2517 2549 2551
f 2402 2553 2550
f 2402 2406 2553
f 2550 2554 2552
f 2550 2553 2554
f 2551 2556 2555
f 2551 2552 2556
f 2518 2555 2523
f 2518 2551 2555
f 2555 2558 2557
f 2555 2556 2558
f 2523 2557 2524
f 2523 2555 2557
f 2552 2559 2556
f 2552 2554 2559
f 2556 2560 2558
f 2556 2559 2560
f 2420 2561 2419
f 2420 2562 2561
f 2419 2563 2421
f 2419 2561 2563
f 2422 2563 2564
f 2422 2421 2563
f 2562 2565 2561
f 2562 2566 2565
f 2561 2567 2563
f 2561 2565 2567
f 2564 2567 2568
f 2564 2563 2567
f 2566 2569 2565
f 2566 2570 2569
f 2565 2571 2567
f 2565 2569 2571
f 2568 2571 2572
f 2568 2567 2571
f 2570 2573 2569
f 2570 2574 2573
f 2569 2575 2571
f 2569 2573 2575
f 2572 2575 2576
f 2572 2571 2575
f 2422 2577 2427
f 2422 2564 2577
f 2428 2577 2578
f 2428 2427 2577
f 2406 2578 2553
f 2406 2428 2578
f 2564 2579 2577
f 2564 2568 2579
f 2578 2579 2580
f 2578 2577 2579
f 2553 2580 2554
f 2553 2578 2580
f 2568 2581 2579
f 2568 2572 2581
f 2580 2581 2582
f 2580 2579 2581
f 2554 2582 2559
f 2554 2580 2582
f 2572 2583 2581
f 2572 2576 2583
f 2582 2583 2584
f 2582 2581 2583
f 2559 2584 2560
f 2559 2582 2584
f 2557 2586 2585
f 2557 2558 2586
f 2524 2585 2541
f 2524 2557 2585
f 2585 2588 2587
f 2585 2586 2588
f 2541 2587 2542
f 2541 2585 2587
f 2558 2589 2586
f 2558 2560 2589
f 2586 2590 2588
f 2586 2589 2590
f 2587 2592 2591
f 2587 2588 2592
f 2542 2591 2547
f 2542 2587 2591
f 2591 2594 2593
f 2591 2592 2594
f 2547 2593 2548
f 2547 2591 2593
f 2588 2595 2592
f 2588 2590 2595
f 2592 2596 2594
f 2592 2595 2596
f 2574 2597 2573
f 2574 2598 2597
f 2573 2599 2575
f 2573 2597 2599
f 2576 2599 2600
f 2576 2575 2599
f 2598 2601 2597
f 2598 2602 2601
f 2597 2603 2599
f 2597 2601 2603
f 2600 2603 2604
f 2600 2599 2603
f 2602 2605 2601
f 2602 2606 2605
f 2601 2607 2603
f 2601 2605 2607
f 2604 2607 2608
f 2604 2603 2607
f 2606 2609 2605
f 2606 2610 2609
f 2605 2611 2607
f 2605 2609 2611
f 2608 2611 2612
f 2608 2607 2611
f 2576 2613 2583
f 2576 2600 2613
f 2584 2613 2614
f 2584 2583 2613
f 2560 2614 2589
f 2560 2584 2614
f 2600 2615 2613
f 2600 2604 2615
f 2614 2615 2616
f 2614 2613 2615
f 2589 2616 2590
f 2589 2614 2616
f 2604 2617 2615
f 2604 2608 2617
f 2616 2617 2618
f 2616 2615 2617
f 2590 2618 2595
f 2590 2616 2618
f 2608 2619 2617
f 2608 2612 2619
f 2618 2619 2620
f 2618 2617 2619
f 2595 2620 2596
f 2595 2618 2620
f 1734 2621 2119
f 1734 2475 2621
f 2475 2622 2621
f 2475 2476 2622
f 2119 2623 2120
f 2119 2621 2623
f 2621 2624 2623
f 2621 2622 2624
f 2476 2625 2622
f 2476 2479 2625
f 2479 2626 2625
f 2479 2480 2626
f 2622 2627 2624
f 2622 2625 2627
f 2625 2628 2627
f 2625 2626 2628
f 2120 2629 2121
f 2120 2623 2629
f 2623 2630 2629
f 2623 2624 2630
f 2121 2631 2122
f 2121 2629 2631
f 2629 2632 2631
f 2629 2630 2632
f 2624 2633 2630
f 2624 2627 2633
f 2627 2634 2633
f 2627 2628 2634
f 2630 2635 2632
f 2630 2633 2635
f 2633 2636 2635
f 2633 2634 2636
f 2490 2638 2637
f 2490 2491 2638
f 2490 2639 2492
f 2490 2637 2639
f 2637 2641 2640
f 2637 2638 2641
f 2637 2642 2639
f 2637 2640 2642
f 2640 2644 2643
f 2640 2641 2644
f 2640 2645 2642
f 2640 2643 2645
f 2643 2647 2646
f 2643 2644 2647
f 2643 2648 2645
f 2643 2646 2648
f 2480 2649 2626
f 2480 2499 2649
f 2499 2650 2649
f 2499 2500 2650
f 2626 2651 2628
f 2626 2649 2651
f 2649 2652 2651
f 2649 2650 2652
f 2500 2639 2650
f 2500 2492 2639
f 2650 2642 2652
f 2650 2639 2642
f 2628 2653 2634
f 2628 2651 2653
f 2651 2654 2653
f 2651 2652 2654
f 2634 2655 2636
f 2634 2653 2655
f 2653 2656 2655
f 2653 2654 2656
f 2652 2645 2654
f 2652 2642 2645
f 2654 2648 2656
f 2654 2645 2648
f 2122 2657 2156
f 2122 2631 2657
f 2631 2658 2657
f 2631 2632 2658
f 2156 2659 2157
f 2156 2657 2659
f 2657 2660 2659
f 2657 2658 2660
f 2632 2661 2658
f 2632 2635 2661
f 2635 2662 2661
f 2635 2636 2662
f 2658 2663 2660
f 2658 2661 2663
f 2661 2664 2663
f 2661 2662 2664
f 2164 2665 2163
f 2164 2666 2665
f 2157 2666 2164
f 2157 2659 2666
f 2666 2667 2665
f 2666 2668 2667
f 2659 2668 2666
f 2659 2660 2668
f 2163 2669 2166
f 2163 2665 2669
f 2665 2670 2669
f 2665 2667 2670
f 2668 2671 2667
f 2668 2672 2671
f 2660 2672 2668
f 2660 2663 2672
f 2672 2673 2671
f 2672 2674 2673
f 2663 2674 2672
f 2663 2664 2674
f 2667 2675 2670
f 2667 2671 2675
f 2671 2676 2675
f 2671 2673 2676
f 2646 2678 2677
f 2646 2647 2678
f 2646 2679 2648
f 2646 2677 2679
f 2677 2681 2680
f 2677 2678 2681
f 2677 2682 2679
f 2677 2680 2682
f 2683 2685 2684
f 2683 2686 2685
f 2680 2686 2683
f 2680 2681 2686
f 2680 2684 2682
f 2680 2683 2684
f 2636 2687 2662
f 2636 2655 2687
f 2655 2688 2687
f 2655 2656 2688
f 2662 2689 2664
f 2662 2687 2689
f 2687 2690 2689
f 2687 2688 2690
f 2656 2679 2688
f 2656 2648 2679
f 2688 2682 2690
f 2688 2679 2682
f 2674 2691 2673
f 2674 2692 2691
f 2664 2692 2674
f 2664 2689 2692
f 2692 2693 2691
f 2692 2694 2693
f 2689 2694 2692
f 2689 2690 2694
f 2673 2695 2676
f 2673 2691 2695
f 2691 2696 2695
f 2691 2693 2696
f 2694 2697 2693
f 2694 2684 2697
f 2690 2684 2694
f 2690 2682 2684
f 2684 2698 2697
f 2684 2685 2698
f 2693 2699 2696
f 2693 2697 2699
f 2697 2700 2699
f 2697 2698 2700
f 2166 2701 2227
f 2166 2669 2701
f 2669 2702 2701
f 2669 2670 2702
f 2227 2703 2229
f 2227 2701 2703
f 2701 2704 2703
f 2701 2702 2704
f 2670 2705 2702
f 2670 2675 2705
f 2675 2706 2705
f 2675 2676 2706
f 2702 2707 2704
f 2702 2705 2707
f 2705 2708 2707
f 2705 2706 2708
f 2229 2709 2237
f 2229 2703 2709
f 2703 2710 2709
f 2703 2704 2710
f 2237 2711 2239
f 2237 2709 2711
f 2709 2712 2711
f 2709 2710 2712
f 2704 2713 2710
f 2704 2707 2713
f 2707 2714 2713
f 2707 2708 2714
f 2710 2715 2712
f 2710 2713 2715
f 2713 2716 2715
f 2713 2714 2716
f 2676 2717 2706
f 2676 2695 2717
f 2695 2718 2717
f 2695 2696 2718
f 2706 2719 2708
f 2706 2717 2719
f 2717 2720 2719
f 2717 2718 2720
f 2696 2721 2718
f 2696 2699 2721
f 2699 2722 2721
f 2699 2700 2722
f 2718 2723 2720
f 2718 2721 2723
f 2721 2724 2723
f 2721 2722 2724
f 2708 2725 2714
f 2708 2719 2725
f 2719 2726 2725
f 2719 2720 2726
f 2714 2727 2716
f 2714 2725 2727
f 2725 2728 2727
f 2725 2726 2728
f 2720 2729 2726
f 2720 2723 2729
f 2723 2730 2729
f 2723 2724 2730
f 2726 2731 2728
f 2726 2729 2731
f 2729 2732 2731
f 2729 2730 2732
f 2491 2733 2638
f 2491 2534 2733
f 2535 2735 2734
f 2535 2536 2735
f 2534 2734 2733
f 2534 2535 2734
f 2638 2736 2641
f 2638 2733 2736
f 2734 2738 2737
f 2734 2735 2738
f 2733 2737 2736
f 2733 2734 2737
f 2641 2739 2644
f 2641 2736 2739
f 2737 2741 2740
f 2737 2738 2741
f 2736 2740 2739
f 2736 2737 2740
f 2644 2742 2647
f 2644 2739 2742
f 2740 2744 2743
f 2740 2741 2744
f 2739 2743 2742
f 2739 2740 2743
f 2545 2746 2745
f 2545 2546 2746
f 2536 2745 2735
f 2536 2545 2745
f 2745 2748 2747
f 2745 2746 2748
f 2735 2747 2738
f 2735 2745 2747
f 2546 2749 2746
f 2546 2548 2749
f 2746 2750 2748
f 2746 2749 2750
f 2747 2752 2751
f 2747 2748 2752
f 2738 2751 2741
f 2738 2747 2751
f 2751 2754 2753
f 2751 2752 2754
f 2741 2753 2744
f 2741 2751 2753
f 2748 2755 2752
f 2748 2750 2755
f 2752 2756 2754
f 2752 2755 2756
f 2647 2757 2678
f 2647 2742 2757
f 2743 2759 2758
f 2743 2744 2759
f 2742 2758 2757
f 2742 2743 2758
f 2678 2760 2681
f 2678 2757 2760
f 2758 2762 2761
f 2758 2759 2762
f 2757 2761 2760
f 2757 2758 2761
f 2686 2763 2685
f 2686 2764 2763
f 2681 2764 2686
f 2681 2760 2764
f 2764 2765 2763
f 2764 2766 2765
f 2761 2765 2766
f 2761 2762 2765
f 2760 2766 2764
f 2760 2761 2766
f 2753 2768 2767
f 2753 2754 2768
f 2744 2767 2759
f 2744 2753 2767
f 2767 2770 2769
f 2767 2768 2770
f 2759 2769 2762
f 2759 2767 2769
f 2754 2771 2768
f 2754 2756 2771
f 2768 2772 2770
f 2768 2771 2772
f 2685 2773 2698
f 2685 2763 2773
f 2763 2774 2773
f 2763 2765 2774
f 2698 2775 2700
f 2698 2773 2775
f 2773 2776 2775
f 2773 2774 2776
f 2765 2777 2774
f 2765 2778 2777
f 2769 2777 2778
f 2769 2770 2777
f 2762 2778 2765
f 2762 2769 2778
f 2774 2779 2776
f 2774 2777 2779
f 2770 2779 2777
f 2770 2772 2779
f 2593 2781 2780
f 2593 2594 2781
f 2548 2780 2749
f 2548 2593 2780
f 2780 2783 2782
f 2780 2781 2783
f 2749 2782 2750
f 2749 2780 2782
f 2594 2784 2781
f 2594 2596 2784
f 2781 2785 2783
f 2781 2784 2785
f 2782 2787 2786
f 2782 2783 2787
f 2750 2786 2755
f 2750 2782 2786
f 2786 2789 2788
f 2786 2787 2789
f 2755 2788 2756
f 2755 2786 2788
f 2783 2790 2787
f 2783 2785 2790
f 2787 2791 2789
f 2787 2790 2791
f 2610 2792 2609
f 2610 2793 2792
f 2609 2794 2611
f 2609 2792 2794
f 2612 2794 2795
f 2612 2611 2794
f 2793 2796 2792
f 2793 2797 2796
f 2792 2798 2794
f 2792 2796 2798
f 2795 2798 2799
f 2795 2794 2798
f 2797 2800 2796
f 2797 2801 2800
f 2796 2802 2798
f 2796 2800 2802
f 2799 2802 2803
f 2799 2798 2802
f 2801 2804 2800
f 2801 2805 2804
f 2800 2806 2802
f 2800 2804 2806
f 2803 2806 2807
f 2803 2802 2806
f 2612 2808 2619
f 2612 2795 2808
f 2620 2808 2809
f 2620 2619 2808
f 2596 2809 2784
f 2596 2620 2809
f 2795 2810 2808
f 2795 2799 2810
f 2809 2810 2811
f 2809 2808 2810
f 2784 2811 2785
f 2784 2809 2811
f 2799 2812 2810
f 2799 2803 2812
f 2811 2812 2813
f 2811 2810 2812
f 2785 2813 2790
f 2785 2811 2813
f 2803 2814 2812
f 2803 2807 2814
f 2813 2814 2815
f 2813 2812 2814
f 2790 2815 2791
f 2790 2813 2815
f 2788 2817 2816
f 2788 2789 2817
f 2756 2816 2771
f 2756 2788 2816
f 2816 2819 2818
f 2816 2817 2819
f 2771 2818 2772
f 2771 2816 2818
f 2789 2820 2817
f 2789 2791 2820
f 2817 2821 2819
f 2817 2820 2821
f 2700 2822 2722
f 2700 2775 2822
f 2775 2823 2822
f 2775 2776 2823
f 2722 2824 2724
f 2722 2822 2824
f 2822 2825 2824
f 2822 2823 2825
f 2776 2826 2823
f 2776 2779 2826
f 2779 2827 2826
f 2779 2828 2827
f 2818 2827 2828
f 2818 2819 2827
f 2772 2828 2779
f 2772 2818 2828
f 2823 2829 2825
f 2823 2826 2829
f 2826 2830 2829
f 2826 2827 2830
f 2819 2830 2827
f 2819 2821 2830
f 2805 2831 2804
f 2805 2832 2831
f 2804 2833 2806
f 2804 2831 2833
f 2807 2833 2834
f 2807 2806 2833
f 2832 2835 2831
f 2832 2836 2835
f 2831 2837 2833
f 2831 2835 2837
f 2834 2837 2838
f 2834 2833 2837
f 2724 2839 2730
f 2724 2824 2839
f 2824 2840 2839
f 2824 2825 2840
f 2730 2841 2732
f 2730 2839 2841
f 2839 2842 2841
f 2839 2840 2842
f 2825 2843 2840
f 2825 2829 2843
f 2829 2844 2843
f 2829 2830 2844
f 2836 2845 2835
f 2836 2842 2845
f 2840 2845 2842
f 2840 2843 2845
f 2835 2846 2837
f 2835 2845 2846
f 2843 2846 2845
f 2843 2844 2846
f 2838 2846 2844
f 2838 2837 2846
f 2807 2847 2814
f 2807 2834 2847
f 2815 2847 2848
f 2815 2814 2847
f 2791 2848 2820
f 2791 2815 2848
f 2834 2849 2847
f 2834 2838 2849
f 2848 2849 2850
f 2848 2847 2849
f 2820 2850 2821
f 2820 2848 2850
f 2838 2851 2849
f 2838 2844 2851
f 2830 2851 2844
f 2830 2852 2851
f 2850 2851 2852
f 2850 2849 2851
f 2821 2852 2830
f 2821 2850 2852
f 2248 2854 2853
f 2248 2249 2854
f 1598 2853 2349
f 1598 2248 2853
f 2853 2856 2855
f 2853 2854 2856
f 2349 2855 2350
f 2349 2853 2855
f 2249 2857 2854
f 2249 2251 2857
f 2854 2858 2856
f 2854 2857 2858
f 2350 2859 2353
f 2350 2855 2859
f 2353 2860 2354
f 2353 2859 2860
f 2861 2863 2862
f 2861 2864 2863
f 2855 2862 2859
f 2855 2861 2862
f 2855 2864 2861
f 2855 2856 2864
f 2862 2866 2865
f 2862 2863 2866
f 2859 2865 2860
f 2859 2862 2865
f 2864 2867 2863
f 2864 2868 2867
f 2856 2868 2864
f 2856 2858 2868
f 2863 2869 2866
f 2863 2867 2869
f 2354 2870 2365
f 2354 2860 2870
f 2870 2872 2871
f 2870 2873 2872
f 2365 2871 2366
f 2365 2870 2871
f 2873 2874 2872
f 2873 2875 2874
f 2865 2877 2876
f 2865 2866 2877
f 2870 2877 2873
f 2870 2876 2877
f 2860 2876 2870
f 2860 2865 2876
f 2866 2878 2877
f 2866 2869 2878
f 2873 2878 2875
f 2873 2877 2878
f 2871 2880 2879
f 2871 2872 2880
f 2366 2879 2369
f 2366 2871 2879
f 2879 2882 2881
f 2879 2880 2882
f 2369 2881 2370
f 2369 2879 2881
f 2872 2883 2880
f 2872 2874 2883
f 2880 2884 2882
f 2880 2883 2884
f 2881 2886 2885
f 2881 2882 2886
f 2370 2885 2409
f 2370 2881 2885
f 2885 2888 2887
f 2885 2886 2888
f 2410 2888 2415
f 2410 2887 2888
f 2409 2887 2410
f 2409 2885 2887
f 2882 2889 2886
f 2882 2884 2889
f 2886 2890 2888
f 2886 2889 2890
f 2415 2890 2420
f 2415 2888 2890
f 2251 2891 2857
f 2251 2257 2891
f 2857 2892 2858
f 2857 2891 2892
f 2257 2893 2891
f 2257 2259 2893
f 2891 2894 2892
f 2891 2893 2894
f 2868 2895 2867
f 2868 2896 2895
f 2858 2896 2868
f 2858 2892 2896
f 2867 2897 2869
f 2867 2895 2897
f 2896 2898 2895
f 2896 2899 2898
f 2892 2899 2896
f 2892 2894 2899
f 2895 2900 2897
f 2895 2898 2900
f 2259 2901 2893
f 2259 2265 2901
f 2893 2902 2894
f 2893 2901 2902
f 2265 2903 2901
f 2265 2267 2903
f 2901 2904 2902
f 2901 2903 2904
f 2899 2905 2898
f 2899 2906 2905
f 2894 2906 2899
f 2894 2902 2906
f 2898 2907 2900
f 2898 2905 2907
f 2906 2908 2905
f 2906 2909 2908
f 2902 2909 2906
f 2902 2904 2909
f 2905 2910 2907
f 2905 2908 2910
f 2875 2911 2874
f 2875 2912 2911
f 2912 2913 2911
f 2912 2914 2913
f 2869 2915 2878
f 2869 2897 2915
f 2875 2915 2912
f 2875 2878 2915
f 2897 2916 2915
f 2897 2900 2916
f 2912 2916 2914
f 2912 2915 2916
f 2874 2917 2883
f 2874 2911 2917
f 2883 2918 2884
f 2883 2917 2918
f 2911 2919 2917
f 2911 2913 2919
f 2917 2920 2918
f 2917 2919 2920
f 2914 2921 2913
f 2914 2922 2921
f 2922 2923 2921
f 2922 2924 2923
f 2900 2925 2916
f 2900 2907 2925
f 2914 2925 2922
f 2914 2916 2925
f 2907 2926 2925
f 2907 2910 2926
f 2922 2926 2924
f 2922 2925 2926
f 2913 2927 2919
f 2913 2921 2927
f 2919 2928 2920
f 2919 2927 2928
f 2921 2929 2927
f 2921 2923 2929
f 2927 2930 2928
f 2927 2929 2930
f 2267 2931 2903
f 2267 2273 2931
f 2903 2932 2904
f 2903 2931 2932
f 2273 2933 2931
f 2273 2275 2933
f 2931 2934 2932
f 2931 2933 2934
f 2909 2935 2908
f 2909 2936 2935
f 2904 2936 2909
f 2904 2932 2936
f 2908 2937 2910
f 2908 2935 2937
f 2936 2938 2935
f 2936 2939 2938
f 2932 2939 2936
f 2932 2934 2939
f 2935 2940 2937
f 2935 2938 2940
f 2275 2941 2933
f 2275 2281 2941
f 2933 2942 2934
f 2933 2941 2942
f 2281 2943 2941
f 2281 2283 2943
f 2941 2944 2942
f 2941 2943 2944
f 2939 2945 2938
f 2939 2946 2945
f 2934 2946 2939
f 2934 2942 2946
f 2938 2947 2940
f 2938 2945 2947
f 2946 2948 2945
f 2946 2949 2948
f 2942 2949 2946
f 2942 2944 2949
f 2945 2950 2947
f 2945 2948 2950
f 2924 2951 2923
f 2924 2952 2951
f 2952 2953 2951
f 2952 2954 2953
f 2910 2955 2926
f 2910 2937 2955
f 2924 2955 2952
f 2924 2926 2955
f 2937 2956 2955
f 2937 2940 2956
f 2952 2956 2954
f 2952 2955 2956
f 2923 2957 2929
f 2923 2951 2957
f 2929 2958 2930
f 2929 2957 2958
f 2951 2959 2957
f 2951 2953 2959
f 2957 2960 2958
f 2957 2959 2960
f 2954 2961 2953
f 2954 2962 2961
f 2962 2963 2961
f 2962 2964 2963
f 2940 2965 2956
f 2940 2947 2965
f 2954 2965 2962
f 2954 2956 2965
f 2947 2966 2965
f 2947 2950 2966
f 2962 2966 2964
f 2962 2965 2966
f 2953 2967 2959
f 2953 2961 2967
f 2959 2968 2960
f 2959 2967 2968
f 2961 2969 2967
f 2961 2963 2969
f 2967 2970 2968
f 2967 2969 2970
f 2884 2971 2889
f 2884 2918 2971
f 2889 2972 2890
f 2889 2971 2972
f 2420 2972 2562
f 2420 2890 2972
f 2918 2973 2971
f 2918 2920 2973
f 2971 2974 2972
f 2971 2973 2974
f 2562 2974 2566
f 2562 2972 2974
f 2920 2975 2973
f 2920 2928 2975
f 2973 2976 2974
f 2973 2975 2976
f 2566 2976 2570
f 2566 2974 2976
f 2928 2977 2975
f 2928 2930 2977
f 2975 2978 2976
f 2975 2977 2978
f 2570 2978 2574
f 2570 2976 2978
f 2930 2979 2977
f 2930 2958 2979
f 2977 2980 2978
f 2977 2979 2980
f 2574 2980 2598
f 2574 2978 2980
f 2958 2981 2979
f 2958 2960 2981
f 2979 2982 2980
f 2979 2981 2982
f 2598 2982 2602
f 2598 2980 2982
f 2960 2983 2981
f 2960 2968 2983
f 2981 2984 2982
f 2981 2983 2984
f 2602 2984 2606
f 2602 2982 2984
f 2968 2985 2983
f 2968 2970 2985
f 2983 2986 2984
f 2983 2985 2986
f 2606 2986 2610
f 2606 2984 2986
f 2283 2987 2943
f 2283 2289 2987
f 2943 2988 2944
f 2943 2987 2988
f 2289 2989 2987
f 2289 2291 2989
f 2987 2990 2988
f 2987 2989 2990
f 2949 2991 2948
f 2949 2992 2991
f 2944 2992 2949
f 2944 2988 2992
f 2948 2993 2950
f 2948 2991 2993
f 2992 2994 2991
f 2992 2995 2994
f 2988 2995 2992
f 2988 2990 2995
f 2991 2996 2993
f 2991 2994 2996
f 2291 2997 2989
f 2291 2297 2997
f 2989 2998 2990
f 2989 2997 2998
f 2297 2999 2997
f 2297 2299 2999
f 2997 3000 2998
f 2997 2999 3000
f 2995 3001 2994
f 2995 3002 3001
f 2990 3002 2995
f 2990 2998 3002
f 2994 3003 2996
f 2994 3001 3003
f 3002 3004 3001
f 3002 3005 3004
f 2998 3005 3002
f 2998 3000 3005
f 3001 3006 3003
f 3001 3004 3006
f 2964 3007 2963
f 2964 3008 3007
f 3008 3009 3007
f 3008 3010 3009
f 2950 3011 2966
f 2950 2993 3011
f 2964 3011 3008
f 2964 2966 3011
f 2993 3012 3011
f 2993 2996 3012
f 3008 3012 3010
f 3008 3011 3012
f 2963 3013 2969
f 2963 3007 3013
f 2969 3014 2970
f 2969 3013 3014
f 3007 3015 3013
f 3007 3009 3015
f 3013 3016 3014
f 3013 3015 3016
f 3010 3017 3009
f 3010 3018 3017
f 3018 3019 3017
f 3018 3020 3019
f 2996 3021 3012
f 2996 3003 3021
f 3010 3021 3018
f 3010 3012 3021
f 3003 3022 3021
f 3003 3006 3022
f 3018 3022 3020
f 3018 3021 3022
f 3009 3023 3015
f 3009 3017 3023
f 3015 3024 3016
f 3015 3023 3024
f 3017 3025 3023
f 3017 3019 3025
f 3023 3026 3024
f 3023 3025 3026
f 2299 3027 2999
f 2299 2305 3027
f 2999 3028 3000
f 2999 3027 3028
f 2305 3029 3027
f 2305 2307 3029
f 3027 3030 3028
f 3027 3029 3030
f 3005 3031 3004
f 3005 3032 3031
f 3000 3032 3005
f 3000 3028 3032
f 3004 3033 3006
f 3004 3031 3033
f 3032 3034 3031
f 3032 3035 3034
f 3028 3035 3032
f 3028 3030 3035
f 3031 3036 3033
f 3031 3034 3036
f 2307 3037 3029
f 2307 2311 3037
f 2239 3037 2311
f 2239 2711 3037
f 3029 3038 3030
f 3029 3037 3038
f 2711 3038 3037
f 2711 2712 3038
f 2712 3039 3038
f 2712 2715 3039
f 2715 3040 3039
f 2715 2716 3040
f 3035 3041 3034
f 3035 3042 3041
f 3038 3041 3042
f 3038 3039 3041
f 3030 3042 3035
f 3030 3038 3042
f 3034 3043 3036
f 3034 3041 3043
f 3039 3043 3041
f 3039 3040 3043
f 3020 3044 3019
f 3020 3045 3044
f 3045 3046 3044
f 3045 3047 3046
f 3006 3048 3022
f 3006 3033 3048
f 3020 3048 3045
f 3020 3022 3048
f 3033 3049 3048
f 3033 3036 3049
f 3045 3049 3047
f 3045 3048 3049
f 3019 3050 3025
f 3019 3044 3050
f 3025 3051 3026
f 3025 3050 3051
f 3044 3052 3050
f 3044 3046 3052
f 3050 3053 3051
f 3050 3052 3053
f 2716 3054 3040
f 2716 2727 3054
f 3047 3055 3046
f 3047 3054 3055
f 2727 3055 3054
f 2727 2728 3055
f 3036 3056 3049
f 3036 3043 3056
f 3040 3056 3043
f 3040 3054 3056
f 3047 3056 3054
f 3047 3049 3056
f 3046 3057 3052
f 3046 3055 3057
f 2728 3057 3055
f 2728 2731 3057
f 3052 3058 3053
f 3052 3057 3058
f 2731 3058 3057
f 2731 2732 3058
f 2970 3059 2985
f 2970 3014 3059
f 2985 3060 2986
f 2985 3059 3060
f 2610 3060 2793
f 2610 2986 3060
f 3014 3061 3059
f 3014 3016 3061
f 3059 3062 3060
f 3059 3061 3062
f 2793 3062 2797
f 2793 3060 3062
f 3016 3063 3061
f 3016 3024 3063
f 3061 3064 3062
f 3061 3063 3064
f 2797 3064 2801
f 2797 3062 3064
f 3024 3065 3063
f 3024 3026 3065
f 3063 3066 3064
f 3063 3065 3066
f 2801 3066 2805
f 2801 3064 3066
f 3026 3067 3065
f 3026 3051 3067
f 3065 3068 3066
f 3065 3067 3068
f 2805 3068 2832
f 2805 3066 3068
f 3051 3069 3067
f 3051 3053 3069
f 3067 3070 3068
f 3067 3069 3070
f 2832 3070 2836
f 2832 3068 3070
f 3053 3071 3069
f 3053 3058 3071
f 2732 3071 3058
f 2732 2841 3071
f 3069 3072 3070
f 3069 3071 3072
f 2841 3072 3071
f 2841 2842 3072
f 2836 3072 2842
f 2836 3070 3072
f 3088 3090 3089
f 3088 3091 3090
f 3088 3092 3091
f 3088 3093 3092
f 3088 3094 3093
f 3088 3089 3094
f 3089 3096 3095
f 3089 3090 3096
f 3089 3097 3094
f 3089 3095 3097
f 3098 3100 3099
f 3098 3101 3100
f 3098 3102 3101
f 3098 3103 3102
f 3098 3104 3103
f 3098 3099 3104
f 3099 3106 3105
f 3099 3100 3106
f 3099 3107 3104
f 3099 3105 3107
f 3091 3104 3090
f 3091 3103 3104
f 3091 3108 3103
f 3091 3092 3108
f 3103 3109 3102
f 3103 3108 3109
f 3090 3107 3096
f 3090 3104 3107
f 3095 3111 3110
f 3095 3096 3111
f 3095 3112 3097
f 3095 3110 3112
f 3110 3114 3113
f 3110 3111 3114
f 3110 3115 3112
f 3110 3113 3115
f 3105 3117 3116
f 3105 3106 3117
f 3105 3118 3107
f 3105 3116 3118
f 3116 3120 3119
f 3116 3117 3120
f 3116 3121 3118
f 3116 3119 3121
f 3096 3118 3111
f 3096 3107 3118
f 3111 3121 3114
f 3111 3118 3121
f 243 3122 244
f 243 245 3122
f 3113 3124 3123
f 3113 3114 3124
f 3113 3125 3115
f 3113 3123 3125
f 3123 3126 246
f 3123 3124 3126
f 3123 3127 3125
f 3123 246 3127
f 3119 3129 3128
f 3119 3120 3129
f 3119 3130 3121
f 3119 3128 3130
f 3128 3132 3131
f 3128 3129 3132
f 3128 3133 3130
f 3128 3131 3133
f 3114 3130 3124
f 3114 3121 3130
f 3124 3133 3126
f 3124 3130 3133
f 244 3127 246
f 244 3122 3127
f 246 3134 249
f 246 3126 3134
f 251 3135 252
f 251 3136 3135
f 249 3136 251
f 249 3134 3136
f 3131 3138 3137
f 3131 3132 3138
f 3131 3139 3133
f 3131 3137 3139
f 3140 3142 3141
f 3140 3143 3142
f 3137 3143 3140
f 3137 3138 3143
f 3137 3141 3139
f 3137 3140 3141
f 3126 3139 3134
f 3126 3133 3139
f 3136 3144 3135
f 3136 3141 3144
f 3134 3141 3136
f 3134 3139 3141
f 3141 3145 3144
f 3141 3142 3145
f 3146 3148 3147
f 3146 3149 3148
f 3146 3150 3149
f 3146 3151 3150
f 3146 3152 3151
f 3146 3147 3152
f 3147 3154 3153
f 3147 3148 3154
f 3147 3155 3152
f 3147 3153 3155
f 3156 3152 3157
f 3156 3151 3152
f 3156 3158 3151
f 3156 3159 3158
f 3156 3160 3159
f 3156 3157 3160
f 3151 3161 3150
f 3151 3158 3161
f 3157 3155 3162
f 3157 3152 3155
f 3157 3163 3160
f 3157 3162 3163
f 3153 3165 3164
f 3153 3154 3165
f 3153 3166 3155
f 3153 3164 3166
f 3164 3168 3167
f 3164 3165 3168
f 3164 3169 3166
f 3164 3167 3169
f 3162 3166 3170
f 3162 3155 3166
f 3162 3171 3163
f 3162 3170 3171
f 3170 3169 3172
f 3170 3166 3169
f 3170 3173 3171
f 3170 3172 3173
f 3174 3160 3175
f 3174 3159 3160
f 3174 3176 3159
f 3174 3177 3176
f 3174 3178 3177
f 3174 3175 3178
f 3175 3163 3179
f 3175 3160 3163
f 3175 3180 3178
f 3175 3179 3180
f 3177 3181 3176
f 3177 3182 3181
f 3177 3183 3182
f 3177 3178 3183
f 3178 3184 3183
f 3178 3180 3184
f 3159 3185 3158
f 3159 3176 3185
f 3158 3186 3161
f 3158 3185 3186
f 3176 3187 3185
f 3176 3181 3187
f 3185 3188 3186
f 3185 3187 3188
f 3179 3171 3189
f 3179 3163 3171
f 3179 3190 3180
f 3179 3189 3190
f 3189 3173 3191
f 3189 3171 3173
f 3189 3192 3190
f 3189 3191 3192
f 3180 3193 3184
f 3180 3190 3193
f 3190 3194 3193
f 3190 3192 3194
f 3149 3094 3148
f 3149 3093 3094
f 3149 3195 3093
f 3149 3150 3195
f 3093 3196 3092
f 3093 3195 3196
f 3148 3097 3154
f 3148 3094 3097
f 3150 3197 3195
f 3150 3161 3197
f 3195 3198 3196
f 3195 3197 3198
f 3092 3199 3108
f 3092 3196 3199
f 3108 3200 3109
f 3108 3199 3200
f 3196 3201 3199
f 3196 3198 3201
f 3199 3202 3200
f 3199 3201 3202
f 3154 3112 3165
f 3154 3097 3112
f 3165 3115 3168
f 3165 3112 3115
f 3161 3203 3197
f 3161 3186 3203
f 3197 3204 3198
f 3197 3203 3204
f 3186 3205 3203
f 3186 3188 3205
f 3203 3206 3204
f 3203 3205 3206
f 3198 3207 3201
f 3198 3204 3207
f 3201 3208 3202
f 3201 3207 3208
f 3204 3209 3207
f 3204 3206 3209
f 3207 3210 3208
f 3207 3209 3210
f 3167 3212 3211
f 3167 3168 3212
f 3167 3213 3169
f 3167 3211 3213
f 3211 3122 245
f 3211 3212 3122
f 3211 253 3213
f 3211 245 253
f 3172 3213 254
f 3172 3169 3213
f 3172 255 3173
f 3172 254 255
f 254 3213 253
f 3191 255 260
f 3191 3173 255
f 3191 3214 3192
f 3191 260 3214
f 260 261 3214
f 3192 3215 3194
f 3192 3214 3215
f 3214 262 3215
f 3214 261 262
f 3216 3218 3217
f 3216 3219 3218
f 263 3220 264
f 263 3217 3220
f 3217 3221 3220
f 3217 3218 3221
f 3168 3125 3212
f 3168 3115 3125
f 3212 3127 3122
f 3212 3125 3127
f 252 3223 3222
f 252 3135 3223
f 3224 3225 3219
f 3224 3222 3225
f 3222 3226 3225
f 3222 3223 3226
f 3135 3227 3223
f 3135 3144 3227
f 3144 3228 3227
f 3144 3145 3228
f 3223 3229 3226
f 3223 3227 3229
f 3227 3230 3229
f 3227 3228 3230
f 3219 3231 3218
f 3219 3225 3231
f 3225 3232 3231
f 3225 3226 3232
f 3218 3233 3221
f 3218 3231 3233
f 3231 3234 3233
f 3231 3232 3234
f 3226 3235 3232
f 3226 3229 3235
f 3229 3236 3235
f 3229 3230 3236
f 3232 3237 3234
f 3232 3235 3237
f 3235 3238 3237
f 3235 3236 3238
f 3216 3239 3219
f 3216 425 3239
f 3224 3239 426
f 3224 3219 3239
f 425 427 3239
f 426 3239 427
f 263 440 3217
f 3216 440 425
f 3216 3217 440
f 3224 448 3222
f 3224 426 448
f 252 3222 448
f 3240 3242 3241
f 3240 3243 3242
f 3240 3244 3243
f 3240 3245 3244
f 3240 3246 3245
f 3240 3241 3246
f 3241 3248 3247
f 3241 3242 3248
f 3241 3249 3246
f 3241 3247 3249
f 3247 3251 3250
f 3247 3248 3251
f 3247 3252 3249
f 3247 3250 3252
f 3250 3254 3253
f 3250 3251 3254
f 3250 3255 3252
f 3250 3253 3255
f 3245 3256 3244
f 3245 3257 3256
f 3245 3258 3257
f 3245 3246 3258
f 3246 3259 3258
f 3246 3249 3259
f 3257 3260 3256
f 3257 3261 3260
f 3257 3262 3261
f 3257 3258 3262
f 3258 3263 3262
f 3258 3259 3263
f 3249 3264 3259
f 3249 3252 3264
f 3252 3265 3264
f 3252 3255 3265
f 3259 3266 3263
f 3259 3264 3266
f 3264 3267 3266
f 3264 3265 3267
f 3253 3268 507
f 3253 3254 3268
f 3253 508 3255
f 3253 507 508
f 507 3268 510
f 3255 516 3265
f 3255 508 516
f 3265 518 3267
f 3265 516 518
f 3261 3269 3260
f 3261 3270 3269
f 3261 3271 3270
f 3261 3262 3271
f 3262 3272 3271
f 3262 3263 3272
f 3273 3271 3274
f 3273 3270 3271
f 3273 3275 3270
f 3273 3276 3275
f 3273 3277 3276
f 3273 3274 3277
f 3270 3278 3269
f 3270 3275 3278
f 3274 3272 3279
f 3274 3271 3272
f 3274 3280 3277
f 3274 3279 3280
f 3263 3281 3272
f 3263 3266 3281
f 3266 3282 3281
f 3266 3267 3282
f 3279 3281 3283
f 3279 3272 3281
f 3279 3284 3280
f 3279 3283 3284
f 3283 3282 3285
f 3283 3281 3282
f 3283 3286 3284
f 3283 3285 3286
f 3276 3287 3275
f 3276 3288 3287
f 3276 3289 3288
f 3276 3277 3289
f 3275 3290 3278
f 3275 3287 3290
f 3277 3291 3289
f 3277 3280 3291
f 3292 3294 3293
f 3292 3295 3294
f 3288 3293 3287
f 3288 3292 3293
f 3288 3295 3292
f 3288 3289 3295
f 3287 3296 3290
f 3287 3293 3296
f 3295 3297 3294
f 3295 3298 3297
f 3289 3298 3295
f 3289 3291 3298
f 3280 3299 3291
f 3280 3284 3299
f 3284 3300 3299
f 3284 3286 3300
f 3298 3301 3297
f 3298 3302 3301
f 3291 3302 3298
f 3291 3299 3302
f 3302 3303 3301
f 3302 3304 3303
f 3299 3304 3302
f 3299 3300 3304
f 3267 555 3282
f 3267 518 555
f 3285 555 557
f 3285 3282 555
f 3285 3305 3286
f 3285 557 3305
f 557 559 3305
f 3286 3306 3300
f 3286 3305 3306
f 3305 562 3306
f 3305 559 562
f 3304 3307 3303
f 3304 3308 3307
f 3300 3308 3304
f 3300 3306 3308
f 3308 3309 3307
f 3308 563 3309
f 3306 563 3308
f 3306 562 563
f 566 3310 568
f 3311 3183 3312
f 3311 3182 3183
f 3311 3313 3182
f 3311 3243 3313
f 3311 3242 3243
f 3311 3312 3242
f 3182 3314 3181
f 3182 3313 3314
f 3312 3184 3315
f 3312 3183 3184
f 3312 3248 3242
f 3312 3315 3248
f 3243 3316 3313
f 3243 3244 3316
f 3313 3317 3314
f 3313 3316 3317
f 3181 3318 3187
f 3181 3314 3318
f 3187 3319 3188
f 3187 3318 3319
f 3314 3320 3318
f 3314 3317 3320
f 3318 3321 3319
f 3318 3320 3321
f 3315 3193 3322
f 3315 3184 3193
f 3315 3251 3248
f 3315 3322 3251
f 3322 3194 3323
f 3322 3193 3194
f 3322 3254 3251
f 3322 3323 3254
f 3244 3324 3316
f 3244 3256 3324
f 3316 3325 3317
f 3316 3324 3325
f 3256 3326 3324
f 3256 3260 3326
f 3324 3327 3325
f 3324 3326 3327
f 3317 3328 3320
f 3317 3325 3328
f 3320 3329 3321
f 3320 3328 3329
f 3325 3330 3328
f 3325 3327 3330
f 3328 3331 3329
f 3328 3330 3331
f 3188 3332 3205
f 3188 3319 3332
f 3205 3333 3206
f 3205 3332 3333
f 3319 3334 3332
f 3319 3321 3334
f 3332 3335 3333
f 3332 3334 3335
f 3206 3336 3209
f 3206 3333 3336
f 3209 3337 3210
f 3209 3336 3337
f 3333 3338 3336
f 3333 3335 3338
f 3336 3339 3337
f 3336 3338 3339
f 3321 3340 3334
f 3321 3329 3340
f 3334 3341 3335
f 3334 3340 3341
f 3329 3342 3340
f 3329 3331 3342
f 3340 3343 3341
f 3340 3342 3343
f 3335 3344 3338
f 3335 3341 3344
f 3338 3345 3339
f 3338 3344 3345
f 3341 3346 3344
f 3341 3343 3346
f 3344 3078 3345
f 3344 3346 3078
f 3323 3215 3347
f 3323 3194 3215
f 3323 3268 3254
f 3323 3347 3268
f 3347 262 223
f 3347 3215 262
f 3347 510 3268
f 3347 223 510
f 569 3349 3348
f 569 570 3349
f 264 3350 570
f 264 3220 3350
f 3220 3351 3350
f 3220 3221 3351
f 570 3352 3349
f 570 3350 3352
f 3350 3353 3352
f 3350 3351 3353
f 571 3355 3354
f 571 3348 3355
f 3348 3356 3355
f 3348 3349 3356
f 3354 3358 3357
f 3354 3355 3358
f 3355 3359 3358
f 3355 3356 3359
f 3349 3360 3356
f 3349 3352 3360
f 3352 3361 3360
f 3352 3353 3361
f 3356 3362 3359
f 3356 3360 3362
f 3360 3363 3362
f 3360 3361 3363
f 3221 3364 3351
f 3221 3233 3364
f 3233 3365 3364
f 3233 3234 3365
f 3351 3366 3353
f 3351 3364 3366
f 3364 3367 3366
f 3364 3365 3367
f 3234 3368 3365
f 3234 3237 3368
f 3237 3369 3368
f 3237 3238 3369
f 3365 3370 3367
f 3365 3368 3370
f 3368 3371 3370
f 3368 3369 3371
f 3353 3372 3361
f 3353 3366 3372
f 3366 3373 3372
f 3366 3367 3373
f 3361 3374 3363
f 3361 3372 3374
f 3372 3375 3374
f 3372 3373 3375
f 3367 3376 3373
f 3367 3370 3376
f 3370 3377 3376
f 3370 3371 3377
f 3373 3378 3375
f 3373 3376 3378
f 3376 3379 3378
f 3376 3377 3379
f 3260 3380 3326
f 3260 3269 3380
f 3326 3381 3327
f 3326 3380 3381
f 3269 3382 3380
f 3269 3278 3382
f 3380 3383 3381
f 3380 3382 3383
f 3327 3384 3330
f 3327 3381 3384
f 3330 3385 3331
f 3330 3384 3385
f 3381 3386 3384
f 3381 3383 3386
f 3384 3387 3385
f 3384 3386 3387
f 3278 3388 3382
f 3278 3290 3388
f 3382 3389 3383
f 3382 3388 3389
f 3290 3390 3388
f 3290 3296 3390
f 3388 3391 3389
f 3388 3390 3391
f 3383 3392 3386
f 3383 3389 3392
f 3386 3393 3387
f 3386 3392 3393
f 3389 3394 3392
f 3389 3391 3394
f 3392 3395 3393
f 3392 3394 3395
f 3331 3396 3342
f 3331 3385 3396
f 3342 3397 3343
f 3342 3396 3397
f 3385 3398 3396
f 3385 3387 3398
f 3396 3399 3397
f 3396 3398 3399
f 3343 3400 3346
f 3343 3397 3400
f 3346 3080 3078
f 3346 3400 3080
f 3397 3401 3400
f 3397 3399 3401
f 3400 3081 3080
f 3400 3401 3081
f 3387 3402 3398
f 3387 3393 3402
f 3398 3403 3399
f 3398 3402 3403
f 3393 3404 3402
f 3393 3395 3404
f 3402 3405 3403
f 3402 3404 3405
f 3399 3406 3401
f 3399 3403 3406
f 3401 3082 3081
f 3401 3406 3082
f 3403 3407 3406
f 3403 3405 3407
f 3406 3083 3082
f 3406 3407 3083
f 3357 3409 3408
f 3357 3358 3409
f 3358 3410 3409
f 3358 3359 3410
f 3408 3411 3310
f 3408 3409 3411
f 3409 3412 3411
f 3409 3410 3412
f 3359 3413 3410
f 3359 3362 3413
f 3362 3414 3413
f 3362 3363 3414
f 3410 3415 3412
f 3410 3413 3415
f 3413 3416 3415
f 3413 3414 3416
f 3310 3417 568
f 3310 3411 3417
f 3411 3418 3417
f 3411 3412 3418
f 568 3419 572
f 568 3417 3419
f 3417 3420 3419
f 3417 3418 3420
f 3412 3421 3418
f 3412 3415 3421
f 3415 3422 3421
f 3415 3416 3422
f 3418 3423 3420
f 3418 3421 3423
f 3421 3424 3423
f 3421 3422 3424
f 3363 3425 3414
f 3363 3374 3425
f 3374 3426 3425
f 3374 3375 3426
f 3414 3427 3416
f 3414 3425 3427
f 3425 3428 3427
f 3425 3426 3428
f 3375 3429 3426
f 3375 3378 3429
f 3378 3430 3429
f 3378 3379 3430
f 3426 3431 3428
f 3426 3429 3431
f 3429 3432 3431
f 3429 3430 3432
f 3416 3433 3422
f 3416 3427 3433
f 3427 3434 3433
f 3427 3428 3434
f 3422 3435 3424
f 3422 3433 3435
f 3433 3436 3435
f 3433 3434 3436
f 3428 3437 3434
f 3428 3431 3437
f 3431 3438 3437
f 3431 3432 3438
f 3434 3439 3436
f 3434 3437 3439
f 3437 3440 3439
f 3437 3438 3440
f 571 3354 594
f 3354 597 594
f 3354 3357 597
f 3357 657 597
f 3357 3408 657
f 566 659 3310
f 3408 659 657
f 3408 3310 659
f 571 729 3348
f 569 3348 729
f 3101 3441 3100
f 3101 3442 3441
f 3101 3443 3442
f 3101 3102 3443
f 3442 3444 3441
f 3442 3445 3444
f 3442 3446 3445
f 3442 3443 3446
f 3100 3447 3106
f 3100 3441 3447
f 3441 3448 3447
f 3441 3444 3448
f 3102 3449 3443
f 3102 3109 3449
f 3443 3450 3446
f 3443 3449 3450
f 3445 3451 3444
f 3445 3452 3451
f 3445 3453 3452
f 3445 3446 3453
f 3452 3454 3451
f 3452 3455 3454
f 3452 3456 3455
f 3452 3453 3456
f 3444 3457 3448
f 3444 3451 3457
f 3451 3458 3457
f 3451 3454 3458
f 3446 3459 3453
f 3446 3450 3459
f 3453 3460 3456
f 3453 3459 3460
f 3106 3461 3117
f 3106 3447 3461
f 3447 3462 3461
f 3447 3448 3462
f 3117 3463 3120
f 3117 3461 3463
f 3461 3464 3463
f 3461 3462 3464
f 3448 3465 3462
f 3448 3457 3465
f 3457 3466 3465
f 3457 3458 3466
f 3462 3467 3464
f 3462 3465 3467
f 3465 3468 3467
f 3465 3466 3468
f 3455 3469 3454
f 3455 3470 3469
f 3455 3471 3470
f 3455 3456 3471
f 3470 3472 3469
f 3470 3473 3472
f 3470 3474 3473
f 3470 3471 3474
f 3454 3475 3458
f 3454 3469 3475
f 3469 3476 3475
f 3469 3472 3476
f 3456 3477 3471
f 3456 3460 3477
f 3471 3478 3474
f 3471 3477 3478
f 3479 3481 3480
f 3479 3482 3481
f 3473 3480 3472
f 3473 3479 3480
f 3473 3482 3479
f 3473 3474 3482
f 3480 3484 3483
f 3480 3481 3484
f 3472 3483 3476
f 3472 3480 3483
f 3474 3485 3482
f 3474 3478 3485
f 3482 3486 3481
f 3482 3487 3486
f 3482 3488 3487
f 3482 3485 3488
f 3481 3489 3484
f 3481 3486 3489
f 3458 3490 3466
f 3458 3475 3490
f 3475 3491 3490
f 3475 3476 3491
f 3466 3492 3468
f 3466 3490 3492
f 3490 3493 3492
f 3490 3491 3493
f 3483 3495 3494
f 3483 3484 3495
f 3476 3494 3491
f 3476 3483 3494
f 3494 3497 3496
f 3494 3495 3497
f 3491 3496 3493
f 3491 3494 3496
f 3484 3498 3495
f 3484 3489 3498
f 3495 3499 3497
f 3495 3498 3499
f 3120 3500 3129
f 3120 3463 3500
f 3463 3501 3500
f 3463 3464 3501
f 3129 3502 3132
f 3129 3500 3502
f 3500 3503 3502
f 3500 3501 3503
f 3464 3504 3501
f 3464 3467 3504
f 3467 3505 3504
f 3467 3468 3505
f 3501 3506 3503
f 3501 3504 3506
f 3504 3507 3506
f 3504 3505 3507
f 3132 3508 3138
f 3132 3502 3508
f 3502 3509 3508
f 3502 3503 3509
f 3143 3510 3142
f 3143 3511 3510
f 3138 3511 3143
f 3138 3508 3511
f 3511 3512 3510
f 3511 3513 3512
f 3508 3513 3511
f 3508 3509 3513
f 3142 3514 3145
f 3142 3510 3514
f 3510 3515 3514
f 3510 3512 3515
f 3503 3516 3509
f 3503 3506 3516
f 3506 3517 3516
f 3506 3507 3517
f 3513 3518 3512
f 3513 3519 3518
f 3509 3519 3513
f 3509 3516 3519
f 3519 3520 3518
f 3519 3521 3520
f 3516 3521 3519
f 3516 3517 3521
f 3512 3522 3515
f 3512 3518 3522
f 3518 3523 3522
f 3518 3520 3523
f 3468 3524 3505
f 3468 3492 3524
f 3492 3525 3524
f 3492 3493 3525
f 3505 3526 3507
f 3505 3524 3526
f 3524 3527 3526
f 3524 3525 3527
f 3496 3529 3528
f 3496 3497 3529
f 3493 3528 3525
f 3493 3496 3528
f 3528 3531 3530
f 3528 3529 3531
f 3525 3530 3527
f 3525 3528 3530
f 3497 3532 3529
f 3497 3499 3532
f 3529 3533 3531
f 3529 3532 3533
f 3507 3534 3517
f 3507 3526 3534
f 3526 3535 3534
f 3526 3527 3535
f 3521 3536 3520
f 3521 3537 3536
f 3517 3537 3521
f 3517 3534 3537
f 3537 3538 3536
f 3537 3539 3538
f 3534 3539 3537
f 3534 3535 3539
f 3520 3540 3523
f 3520 3536 3540
f 3536 3541 3540
f 3536 3538 3541
f 3530 3543 3542
f 3530 3531 3543
f 3527 3542 3535
f 3527 3530 3542
f 3539 3544 3538
f 3539 3545 3544
f 3542 3544 3545
f 3542 3543 3544
f 3535 3545 3539
f 3535 3542 3545
f 3531 3546 3543
f 3531 3533 3546
f 3538 3547 3541
f 3538 3544 3547
f 3544 3548 3547
f 3544 3549 3548
f 3543 3549 3544
f 3543 3546 3549
f 3109 3550 3449
f 3109 3200 3550
f 3449 3551 3450
f 3449 3550 3551
f 3200 3552 3550
f 3200 3202 3552
f 3550 3553 3551
f 3550 3552 3553
f 3450 3554 3459
f 3450 3551 3554
f 3459 3555 3460
f 3459 3554 3555
f 3551 3556 3554
f 3551 3553 3556
f 3554 3557 3555
f 3554 3556 3557
f 3202 3558 3552
f 3202 3208 3558
f 3552 3559 3553
f 3552 3558 3559
f 3208 3560 3558
f 3208 3210 3560
f 3558 3561 3559
f 3558 3560 3561
f 3553 3562 3556
f 3553 3559 3562
f 3556 3563 3557
f 3556 3562 3563
f 3559 3564 3562
f 3559 3561 3564
f 3562 3565 3563
f 3562 3564 3565
f 3460 3566 3477
f 3460 3555 3566
f 3477 3567 3478
f 3477 3566 3567
f 3555 3568 3566
f 3555 3557 3568
f 3566 3569 3567
f 3566 3568 3569
f 3478 3570 3485
f 3478 3567 3570
f 3485 3571 3488
f 3485 3570 3571
f 3567 3572 3570
f 3567 3569 3572
f 3570 3573 3571
f 3570 3572 3573
f 3557 3574 3568
f 3557 3563 3574
f 3568 3575 3569
f 3568 3574 3575
f 3563 3576 3574
f 3563 3565 3576
f 3574 3577 3575
f 3574 3576 3577
f 3569 3578 3572
f 3569 3575 3578
f 3572 3579 3573
f 3572 3578 3579
f 3575 3580 3578
f 3575 3577 3580
f 3578 3581 3579
f 3578 3580 3581
f 3145 3582 3228
f 3145 3514 3582
f 3514 3583 3582
f 3514 3515 3583
f 3228 3584 3230
f 3228 3582 3584
f 3582 3585 3584
f 3582 3583 3585
f 3515 3586 3583
f 3515 3522 3586
f 3522 3587 3586
f 3522 3523 3587
f 3583 3588 3585
f 3583 3586 3588
f 3586 3589 3588
f 3586 3587 3589
f 3230 3590 3236
f 3230 3584 3590
f 3584 3591 3590
f 3584 3585 3591
f 3236 3592 3238
f 3236 3590 3592
f 3590 3593 3592
f 3590 3591 3593
f 3585 3594 3591
f 3585 3588 3594
f 3588 3595 3594
f 3588 3589 3595
f 3591 3596 3593
f 3591 3594 3596
f 3594 3597 3596
f 3594 3595 3597
f 3523 3598 3587
f 3523 3540 3598
f 3540 3599 3598
f 3540 3541 3599
f 3587 3600 3589
f 3587 3598 3600
f 3598 3601 3600
f 3598 3599 3601
f 3541 3602 3599
f 3541 3547 3602
f 3547 3603 3602
f 3547 3548 3603
f 3599 3604 3601
f 3599 3602 3604
f 3602 3605 3604
f 3602 3603 3605
f 3589 3606 3595
f 3589 3600 3606
f 3600 3607 3606
f 3600 3601 3607
f 3595 3608 3597
f 3595 3606 3608
f 3606 3609 3608
f 3606 3607 3609
f 3601 3610 3607
f 3601 3604 3610
f 3604 3611 3610
f 3604 3605 3611
f 3607 3612 3609
f 3607 3610 3612
f 3610 3613 3612
f 3610 3611 3613
f 3614 3616 3615
f 3614 3617 3616
f 3487 3615 3486
f 3487 3614 3615
f 3487 3617 3614
f 3487 3488 3617
f 3615 3619 3618
f 3615 3616 3619
f 3486 3618 3489
f 3486 3615 3618
f 3618 3621 3620
f 3618 3619 3621
f 3489 3620 3498
f 3489 3618 3620
f 3620 3623 3622
f 3620 3621 3623
f 3498 3622 3499
f 3498 3620 3622
f 3622 3625 3624
f 3622 3623 3625
f 3499 3624 3532
f 3499 3622 3624
f 3624 3627 3626
f 3624 3625 3627
f 3532 3626 3533
f 3532 3624 3626
f 3626 3629 3628
f 3626 3627 3629
f 3533 3628 3546
f 3533 3626 3628
f 3549 3630 3548
f 3549 3631 3630
f 3628 3630 3631
f 3628 3629 3630
f 3546 3631 3549
f 3546 3628 3631
f 3488 3632 3617
f 3488 3571 3632
f 3617 3633 3616
f 3617 3634 3633
f 3617 3635 3634
f 3617 3632 3635
f 3616 3636 3619
f 3616 3633 3636
f 3571 3637 3632
f 3571 3573 3637
f 3632 3638 3635
f 3632 3637 3638
f 3639 3641 3640
f 3639 3642 3641
f 3634 3640 3633
f 3634 3639 3640
f 3634 3642 3639
f 3634 3635 3642
f 3640 3644 3643
f 3640 3641 3644
f 3633 3643 3636
f 3633 3640 3643
f 3635 3645 3642
f 3635 3638 3645
f 3646 3648 3647
f 3646 3649 3648
f 3642 3647 3641
f 3642 3646 3647
f 3642 3649 3646
f 3642 3645 3649
f 3647 3651 3650
f 3647 3648 3651
f 3641 3650 3644
f 3641 3647 3650
f 3619 3652 3621
f 3619 3636 3652
f 3621 3653 3623
f 3621 3652 3653
f 3643 3655 3654
f 3643 3644 3655
f 3636 3654 3652
f 3636 3643 3654
f 3654 3657 3656
f 3654 3655 3657
f 3652 3656 3653
f 3652 3654 3656
f 3650 3659 3658
f 3650 3651 3659
f 3644 3658 3655
f 3644 3650 3658
f 3658 3661 3660
f 3658 3659 3661
f 3655 3660 3657
f 3655 3658 3660
f 3573 3662 3637
f 3573 3579 3662
f 3637 3663 3638
f 3637 3662 3663
f 3579 3664 3662
f 3579 3581 3664
f 3662 3665 3663
f 3662 3664 3665
f 3638 3666 3645
f 3638 3663 3666
f 3645 3667 3649
f 3645 3666 3667
f 3663 3668 3666
f 3663 3665 3668
f 3666 3669 3667
f 3666 3668 3669
f 3670 3672 3671
f 3670 3673 3672
f 3649 3671 3648
f 3649 3670 3671
f 3649 3673 3670
f 3649 3667 3673
f 3671 3675 3674
f 3671 3672 3675
f 3648 3674 3651
f 3648 3671 3674
f 3667 3676 3673
f 3667 3669 3676
f 3677 3679 3678
f 3677 3680 3679
f 3673 3678 3672
f 3673 3677 3678
f 3673 3680 3677
f 3673 3676 3680
f 3678 3682 3681
f 3678 3679 3682
f 3672 3681 3675
f 3672 3678 3681
f 3674 3684 3683
f 3674 3675 3684
f 3651 3683 3659
f 3651 3674 3683
f 3683 3686 3685
f 3683 3684 3686
f 3659 3685 3661
f 3659 3683 3685
f 3681 3688 3687
f 3681 3682 3688
f 3675 3687 3684
f 3675 3681 3687
f 3687 3690 3689
f 3687 3688 3690
f 3684 3689 3686
f 3684 3687 3689
f 3623 3691 3625
f 3623 3653 3691
f 3625 3692 3627
f 3625 3691 3692
f 3656 3694 3693
f 3656 3657 3694
f 3653 3693 3691
f 3653 3656 3693
f 3693 3696 3695
f 3693 3694 3696
f 3691 3695 3692
f 3691 3693 3695
f 3660 3698 3697
f 3660 3661 3698
f 3657 3697 3694
f 3657 3660 3697
f 3697 3700 3699
f 3697 3698 3700
f 3694 3699 3696
f 3694 3697 3699
f 3627 3701 3629
f 3627 3692 3701
f 3548 3702 3603
f 3548 3630 3702
f 3630 3703 3702
f 3630 3704 3703
f 3629 3704 3630
f 3629 3701 3704
f 3603 3705 3605
f 3603 3702 3705
f 3702 3706 3705
f 3702 3703 3706
f 3695 3708 3707
f 3695 3696 3708
f 3692 3707 3701
f 3692 3695 3707
f 3704 3709 3703
f 3704 3710 3709
f 3707 3709 3710
f 3707 3708 3709
f 3701 3710 3704
f 3701 3707 3710
f 3699 3712 3711
f 3699 3700 3712
f 3696 3711 3708
f 3696 3699 3711
f 3703 3713 3706
f 3703 3709 3713
f 3709 3714 3713
f 3709 3715 3714
f 3711 3714 3715
f 3711 3712 3714
f 3708 3715 3709
f 3708 3711 3715
f 3605 3716 3611
f 3605 3705 3716
f 3705 3717 3716
f 3705 3706 3717
f 3611 3718 3613
f 3611 3716 3718
f 3716 3719 3718
f 3716 3717 3719
f 3706 3720 3717
f 3706 3713 3720
f 3713 3721 3720
f 3713 3714 3721
f 3717 3722 3719
f 3717 3720 3722
f 3720 3723 3722
f 3720 3721 3723
f 3685 3725 3724
f 3685 3686 3725
f 3661 3724 3698
f 3661 3685 3724
f 3724 3727 3726
f 3724 3725 3727
f 3698 3726 3700
f 3698 3724 3726
f 3689 3729 3728
f 3689 3690 3729
f 3686 3728 3725
f 3686 3689 3728
f 3728 3731 3730
f 3728 3729 3731
f 3725 3730 3727
f 3725 3728 3730
f 3726 3733 3732
f 3726 3727 3733
f 3700 3732 3712
f 3700 3726 3732
f 3714 3734 3721
f 3714 3735 3734
f 3732 3734 3735
f 3732 3733 3734
f 3712 3735 3714
f 3712 3732 3735
f 3730 3737 3736
f 3730 3731 3737
f 3727 3736 3733
f 3727 3730 3736
f 3721 3738 3723
f 3721 3734 3738
f 3734 3739 3738
f 3734 3740 3739
f 3736 3739 3740
f 3736 3737 3739
f 3733 3740 3734
f 3733 3736 3740
f 3210 3741 3560
f 3210 3337 3741
f 3560 3742 3561
f 3560 3741 3742
f 3337 3743 3741
f 3337 3339 3743
f 3741 3744 3742
f 3741 3743 3744
f 3561 3745 3564
f 3561 3742 3745
f 3564 3746 3565
f 3564 3745 3746
f 3742 3747 3745
f 3742 3744 3747
f 3745 3748 3746
f 3745 3747 3748
f 3339 3749 3743
f 3339 3345 3749
f 3743 3073 3744
f 3743 3749 3073
f 3345 3079 3749
f 3345 3078 3079
f 3744 3074 3747
f 3744 3073 3074
f 3747 3075 3748
f 3747 3074 3075
f 3565 3750 3576
f 3565 3746 3750
f 3576 3751 3577
f 3576 3750 3751
f 3746 3752 3750
f 3746 3748 3752
f 3750 3753 3751
f 3750 3752 3753
f 3577 3754 3580
f 3577 3751 3754
f 3580 3755 3581
f 3580 3754 3755
f 3751 3756 3754
f 3751 3753 3756
f 3754 3757 3755
f 3754 3756 3757
f 3748 3076 3752
f 3748 3075 3076
f 3752 3758 3753
f 3752 3076 3758
f 3076 3084 3758
f 3076 3077 3084
f 3753 3759 3756
f 3753 3758 3759
f 3756 3760 3757
f 3756 3759 3760
f 3758 3761 3759
f 3758 3084 3761
f 3759 3762 3760
f 3759 3761 3762
f 3238 3763 3369
f 3238 3592 3763
f 3592 3764 3763
f 3592 3593 3764
f 3369 3765 3371
f 3369 3763 3765
f 3763 3766 3765
f 3763 3764 3766
f 3593 3767 3764
f 3593 3596 3767
f 3596 3768 3767
f 3596 3597 3768
f 3764 3769 3766
f 3764 3767 3769
f 3767 3770 3769
f 3767 3768 3770
f 3371 3771 3377
f 3371 3765 3771
f 3765 3772 3771
f 3765 3766 3772
f 3377 3773 3379
f 3377 3771 3773
f 3771 3774 3773
f 3771 3772 3774
f 3766 3775 3772
f 3766 3769 3775
f 3769 3776 3775
f 3769 3770 3776
f 3772 3777 3774
f 3772 3775 3777
f 3775 3778 3777
f 3775 3776 3778
f 3597 3779 3768
f 3597 3608 3779
f 3608 3780 3779
f 3608 3609 3780
f 3768 3781 3770
f 3768 3779 3781
f 3779 3782 3781
f 3779 3780 3782
f 3609 3783 3780
f 3609 3612 3783
f 3612 3784 3783
f 3612 3613 3784
f 3780 3785 3782
f 3780 3783 3785
f 3783 3786 3785
f 3783 3784 3786
f 3770 3787 3776
f 3770 3781 3787
f 3781 3788 3787
f 3781 3782 3788
f 3776 3789 3778
f 3776 3787 3789
f 3787 3790 3789
f 3787 3788 3790
f 3782 3791 3788
f 3782 3785 3791
f 3785 3792 3791
f 3785 3786 3792
f 3788 3793 3790
f 3788 3791 3793
f 3791 3794 3793
f 3791 3792 3794
f 3084 3795 3761
f 3761 3796 3762
f 3761 3795 3796
f 3795 3797 3796
f 3795 3087 3797
f 3087 3798 3797
f 3087 3086 3798
f 3086 3800 3798
f 3086 3799 3800
f 3379 3801 3430
f 3379 3773 3801
f 3773 3802 3801
f 3773 3774 3802
f 3430 3803 3432
f 3430 3801 3803
f 3801 3804 3803
f 3801 3802 3804
f 3774 3805 3802
f 3774 3777 3805
f 3777 3806 3805
f 3777 3778 3806
f 3802 3807 3804
f 3802 3805 3807
f 3805 3808 3807
f 3805 3806 3808
f 3432 3809 3438
f 3432 3803 3809
f 3803 3810 3809
f 3803 3804 3810
f 3438 3811 3440
f 3438 3809 3811
f 3809 3812 3811
f 3809 3810 3812
f 3804 3813 3810
f 3804 3807 3813
f 3807 3814 3813
f 3807 3808 3814
f 3810 3815 3812
f 3810 3813 3815
f 3813 3816 3815
f 3813 3814 3816
f 3778 3817 3806
f 3778 3789 3817
f 3789 3818 3817
f 3789 3790 3818
f 3806 3819 3808
f 3806 3817 3819
f 3817 3820 3819
f 3817 3818 3820
f 3790 3821 3818
f 3790 3793 3821
f 3793 3822 3821
f 3793 3794 3822
f 3818 3823 3820
f 3818 3821 3823
f 3821 3824 3823
f 3821 3822 3824
f 3808 3825 3814
f 3808 3819 3825
f 3819 3826 3825
f 3819 3820 3826
f 3814 3827 3816
f 3814 3825 3827
f 3825 3828 3827
f 3825 3826 3828
f 3820 3829 3826
f 3820 3823 3829
f 3823 3830 3829
f 3823 3824 3830
f 3826 3831 3828
f 3826 3829 3831
f 3829 3832 3831
f 3829 3830 3832
f 3581 3833 3664
f 3581 3755 3833
f 3664 3834 3665
f 3664 3833 3834
f 3755 3835 3833
f 3755 3757 3835
f 3833 3836 3834
f 3833 3835 3836
f 3665 3837 3668
f 3665 3834 3837
f 3668 3838 3669
f 3668 3837 3838
f 3834 3839 3837
f 3834 3836 3839
f 3837 3840 3838
f 3837 3839 3840
f 3757 3841 3835
f 3757 3760 3841
f 3835 3842 3836
f 3835 3841 3842
f 3760 3843 3841
f 3760 3762 3843
f 3841 3844 3842
f 3841 3843 3844
f 3836 3845 3839
f 3836 3842 3845
f 3839 3846 3840
f 3839 3845 3846
f 3842 3847 3845
f 3842 3844 3847
f 3845 3848 3846
f 3845 3847 3848
f 3669 3849 3676
f 3669 3838 3849
f 3680 3850 3679
f 3680 3851 3850
f 3676 3851 3680
f 3676 3849 3851
f 3679 3852 3682
f 3679 3850 3852
f 3838 3853 3849
f 3838 3840 3853
f 3849 3854 3851
f 3849 3853 3854
f 3855 3857 3856
f 3855 3858 3857
f 3851 3856 3850
f 3851 3855 3856
f 3851 3858 3855
f 3851 3854 3858
f 3856 3860 3859
f 3856 3857 3860
f 3850 3859 3852
f 3850 3856 3859
f 3682 3861 3688
f 3682 3852 3861
f 3688 3862 3690
f 3688 3861 3862
f 3859 3864 3863
f 3859 3860 3864
f 3852 3863 3861
f 3852 3859 3863
f 3863 3866 3865
f 3863 3864 3866
f 3861 3865 3862
f 3861 3863 3865
f 3840 3867 3853
f 3840 3846 3867
f 3853 3868 3854
f 3853 3867 3868
f 3846 3869 3867
f 3846 3848 3869
f 3867 3870 3868
f 3867 3869 3870
f 3858 3871 3857
f 3858 3872 3871
f 3854 3872 3858
f 3854 3868 3872
f 3857 3873 3860
f 3857 3871 3873
f 3872 3874 3871
f 3872 3875 3874
f 3868 3875 3872
f 3868 3870 3875
f 3871 3876 3873
f 3871 3874 3876
f 3860 3877 3864
f 3860 3873 3877
f 3864 3878 3866
f 3864 3877 3878
f 3873 3879 3877
f 3873 3876 3879
f 3877 3880 3878
f 3877 3879 3880
f 3613 3881 3784
f 3613 3718 3881
f 3718 3882 3881
f 3718 3719 3882
f 3784 3883 3786
f 3784 3881 3883
f 3881 3884 3883
f 3881 3882 3884
f 3719 3885 3882
f 3719 3722 3885
f 3722 3886 3885
f 3722 3723 3886
f 3882 3887 3884
f 3882 3885 3887
f 3885 3888 3887
f 3885 3886 3888
f 3786 3889 3792
f 3786 3883 3889
f 3883 3890 3889
f 3883 3884 3890
f 3792 3891 3794
f 3792 3889 3891
f 3889 3892 3891
f 3889 3890 3892
f 3884 3893 3890
f 3884 3887 3893
f 3887 3894 3893
f 3887 3888 3894
f 3890 3895 3892
f 3890 3893 3895
f 3893 3896 3895
f 3893 3894 3896
f 3690 3897 3729
f 3690 3862 3897
f 3729 3898 3731
f 3729 3897 3898
f 3865 3900 3899
f 3865 3866 3900
f 3862 3899 3897
f 3862 3865 3899
f 3899 3902 3901
f 3899 3900 3902
f 3897 3901 3898
f 3897 3899 3901
f 3731 3903 3737
f 3731 3898 3903
f 3723 3904 3886
f 3723 3738 3904
f 3738 3905 3904
f 3738 3739 3905
f 3737 3905 3739
f 3737 3903 3905
f 3886 3906 3888
f 3886 3904 3906
f 3904 3907 3906
f 3904 3905 3907
f 3901 3909 3908
f 3901 3902 3909
f 3898 3908 3903
f 3898 3901 3908
f 3905 3910 3907
f 3905 3911 3910
f 3908 3910 3911
f 3908 3909 3910
f 3903 3911 3905
f 3903 3908 3911
f 3866 3912 3900
f 3866 3878 3912
f 3900 3913 3902
f 3900 3912 3913
f 3878 3914 3912
f 3878 3880 3914
f 3912 3915 3913
f 3912 3914 3915
f 3888 3916 3894
f 3888 3906 3916
f 3906 3917 3916
f 3906 3907 3917
f 3894 3918 3896
f 3894 3916 3918
f 3916 3919 3918
f 3916 3917 3919
f 3902 3920 3909
f 3902 3913 3920
f 3907 3921 3917
f 3907 3910 3921
f 3909 3921 3910
f 3909 3920 3921
f 3913 3922 3920
f 3913 3915 3922
f 3917 3923 3919
f 3917 3921 3923
f 3920 3923 3921
f 3920 3922 3923
f 3762 3924 3843
f 3762 3796 3924
f 3843 3925 3844
f 3843 3924 3925
f 3796 3926 3924
f 3796 3797 3926
f 3924 3927 3925
f 3924 3926 3927
f 3844 3928 3847
f 3844 3925 3928
f 3847 3929 3848
f 3847 3928 3929
f 3925 3930 3928
f 3925 3927 3930
f 3928 3931 3929
f 3928 3930 3931
f 3797 3932 3926
f 3797 3798 3932
f 3926 3933 3927
f 3926 3932 3933
f 3798 3934 3932
f 3798 3800 3934
f 3932 3935 3933
f 3932 3934 3935
f 3927 3936 3930
f 3927 3933 3936
f 3930 3937 3931
f 3930 3936 3937
f 3933 3938 3936
f 3933 3935 3938
f 3936 3939 3937
f 3936 3938 3939
f 3848 3940 3869
f 3848 3929 3940
f 3869 3941 3870
f 3869 3940 3941
f 3929 3942 3940
f 3929 3931 3942
f 3940 3943 3941
f 3940 3942 3943
f 3870 3944 3875
f 3870 3941 3944
f 3945 3947 3946
f 3945 3948 3947
f 3875 3946 3874
f 3875 3945 3946
f 3875 3948 3945
f 3875 3944 3948
f 3946 3950 3949
f 3946 3947 3950
f 3874 3949 3876
f 3874 3946 3949
f 3941 3951 3944
f 3941 3943 3951
f 3948 3952 3947
f 3948 3953 3952
f 3944 3953 3948
f 3944 3951 3953
f 3947 3954 3950
f 3947 3952 3954
f 3949 3956 3955
f 3949 3950 3956
f 3876 3955 3879
f 3876 3949 3955
f 3955 3958 3957
f 3955 3956 3958
f 3879 3957 3880
f 3879 3955 3957
f 3950 3959 3956
f 3950 3954 3959
f 3956 3960 3958
f 3956 3959 3960
f 3931 3961 3942
f 3931 3937 3961
f 3942 3962 3943
f 3942 3961 3962
f 3937 3963 3961
f 3937 3939 3963
f 3961 3964 3962
f 3961 3963 3964
f 3943 3965 3951
f 3943 3962 3965
f 3953 3966 3952
f 3953 3967 3966
f 3951 3967 3953
f 3951 3965 3967
f 3952 3968 3954
f 3952 3966 3968
f 3962 3969 3965
f 3962 3964 3969
f 3967 3970 3966
f 3967 3971 3970
f 3965 3971 3967
f 3965 3969 3971
f 3966 3972 3968
f 3966 3970 3972
f 3954 3973 3959
f 3954 3968 3973
f 3959 3974 3960
f 3959 3973 3974
f 3968 3975 3973
f 3968 3972 3975
f 3973 3976 3974
f 3973 3975 3976
f 3794 3977 3822
f 3794 3891 3977
f 3891 3978 3977
f 3891 3892 3978
f 3822 3979 3824
f 3822 3977 3979
f 3977 3980 3979
f 3977 3978 3980
f 3892 3981 3978
f 3892 3895 3981
f 3895 3982 3981
f 3895 3896 3982
f 3978 3983 3980
f 3978 3981 3983
f 3981 3984 3983
f 3981 3982 3984
f 3824 3985 3830
f 3824 3979 3985
f 3979 3986 3985
f 3979 3980 3986
f 3830 3987 3832
f 3830 3985 3987
f 3985 3988 3987
f 3985 3986 3988
f 3980 3989 3986
f 3980 3983 3989
f 3983 3990 3989
f 3983 3984 3990
f 3986 3991 3988
f 3986 3989 3991
f 3989 3992 3991
f 3989 3990 3992
f 3957 3994 3993
f 3957 3958 3994
f 3880 3993 3914
f 3880 3957 3993
f 3993 3996 3995
f 3993 3994 3996
f 3914 3995 3915
f 3914 3993 3995
f 3958 3997 3994
f 3958 3960 3997
f 3994 3998 3996
f 3994 3997 3998
f 3896 3999 3982
f 3896 3918 3999
f 3918 4000 3999
f 3918 3919 4000
f 3982 4001 3984
f 3982 3999 4001
f 3999 4002 4001
f 3999 4000 4002
f 3995 4004 4003
f 3995 3996 4004
f 3915 4003 3922
f 3915 3995 4003
f 3919 4005 4000
f 3919 3923 4005
f 3923 4006 4005
f 3923 4007 4006
f 4003 4006 4007
f 4003 4004 4006
f 3922 4007 3923
f 3922 4003 4007
f 3996 4008 4004
f 3996 3998 4008
f 4000 4009 4002
f 4000 4005 4009
f 4005 4010 4009
f 4005 4006 4010
f 4004 4010 4006
f 4004 4008 4010
f 3960 4011 3997
f 3960 3974 4011
f 3997 4012 3998
f 3997 4011 4012
f 3974 4013 4011
f 3974 3976 4013
f 4011 4014 4012
f 4011 4013 4014
f 3984 4015 3990
f 3984 4001 4015
f 4001 4016 4015
f 4001 4002 4016
f 3990 4017 3992
f 3990 4015 4017
f 4015 4018 4017
f 4015 4016 4018
f 3998 4019 4008
f 3998 4012 4019
f 4002 4020 4016
f 4002 4009 4020
f 4009 4021 4020
f 4009 4010 4021
f 4008 4021 4010
f 4008 4019 4021
f 4012 4022 4019
f 4012 4014 4022
f 4016 4023 4018
f 4016 4020 4023
f 4020 4024 4023
f 4020 4021 4024
f 4019 4024 4021
f 4019 4022 4024
f 3293 4033 3296
f 3293 4034 4033
f 3293 4035 4034
f 3293 3294 4035
f 3294 4036 4035
f 3294 3297 4036
f 4034 4037 4033
f 4034 4038 4037
f 4034 4039 4038
f 4034 4035 4039
f 4035 4040 4039
f 4035 4036 4040
f 3297 4041 4036
f 3297 3301 4041
f 3301 4042 4041
f 3301 3303 4042
f 4036 4043 4040
f 4036 4041 4043
f 4041 4044 4043
f 4041 4042 4044
f 4038 4045 4037
f 4038 4046 4045
f 4038 4047 4046
f 4038 4039 4047
f 4039 4048 4047
f 4039 4040 4048
f 4049 4051 4050
f 4049 4052 4051
f 4046 4050 4045
f 4046 4049 4050
f 4046 4052 4049
f 4046 4047 4052
f 4052 4053 4051
f 4052 4054 4053
f 4047 4054 4052
f 4047 4048 4054
f 4040 4055 4048
f 4040 4043 4055
f 4043 4056 4055
f 4043 4044 4056
f 4054 4057 4053
f 4054 4058 4057
f 4048 4058 4054
f 4048 4055 4058
f 4058 4059 4057
f 4058 4060 4059
f 4055 4060 4058
f 4055 4056 4060
f 3303 4061 4042
f 3303 3307 4061
f 3307 4062 4061
f 3307 3309 4062
f 4042 4063 4044
f 4042 4061 4063
f 4061 4064 4063
f 4061 4062 4064
f 563 4062 3309
f 563 1225 4062
f 1225 4064 4062
f 1225 1227 4064
f 4044 4065 4056
f 4044 4063 4065
f 4063 1228 4065
f 4063 4064 1228
f 4060 4066 4059
f 4060 4067 4066
f 4056 4067 4060
f 4056 4065 4067
f 4067 1229 4066
f 4067 1230 1229
f 4065 1230 4067
f 4065 1228 1230
f 1227 1228 4064
f 3296 4068 3390
f 3296 4033 4068
f 3390 4069 3391
f 3390 4068 4069
f 4033 4070 4068
f 4033 4037 4070
f 4068 4071 4069
f 4068 4070 4071
f 3391 4072 3394
f 3391 4069 4072
f 3394 4073 3395
f 3394 4072 4073
f 4069 4074 4072
f 4069 4071 4074
f 4072 4075 4073
f 4072 4074 4075
f 4037 4076 4070
f 4037 4045 4076
f 4070 4077 4071
f 4070 4076 4077
f 4045 4078 4076
f 4045 4050 4078
f 4076 4079 4077
f 4076 4078 4079
f 4071 4080 4074
f 4071 4077 4080
f 4074 4081 4075
f 4074 4080 4081
f 4077 4082 4080
f 4077 4079 4082
f 4080 4083 4081
f 4080 4082 4083
f 3395 4084 3404
f 3395 4073 4084
f 3404 4085 3405
f 3404 4084 4085
f 4073 4086 4084
f 4073 4075 4086
f 4084 4087 4085
f 4084 4086 4087
f 3405 4088 3407
f 3405 4085 4088
f 3407 4025 3083
f 3407 4088 4025
f 4085 4089 4088
f 4085 4087 4089
f 4088 4090 4025
f 4088 4089 4090
f 4075 4091 4086
f 4075 4081 4091
f 4086 4092 4087
f 4086 4091 4092
f 4081 4093 4091
f 4081 4083 4093
f 4091 4094 4092
f 4091 4093 4094
f 4087 4095 4089
f 4087 4092 4095
f 4089 4096 4090
f 4089 4095 4096
f 4092 4097 4095
f 4092 4094 4097
f 4095 4098 4096
f 4095 4097 4098
f 572 4100 4099
f 572 3419 4100
f 3419 4101 4100
f 3419 3420 4101
f 4099 4103 4102
f 4099 4100 4103
f 4100 4104 4103
f 4100 4101 4104
f 3420 4105 4101
f 3420 3423 4105
f 3423 4106 4105
f 3423 3424 4106
f 4101 4107 4104
f 4101 4105 4107
f 4105 4108 4107
f 4105 4106 4108
f 4102 1278 1277
f 4102 4103 1278
f 4103 4109 1278
f 4103 4104 4109
f 1278 4109 1280
f 4104 4110 4109
f 4104 4107 4110
f 4107 4111 4110
f 4107 4108 4111
f 4109 4112 1280
f 4109 4110 4112
f 4110 4113 4112
f 4110 4111 4113
f 3424 4114 4106
f 3424 3435 4114
f 3435 4115 4114
f 3435 3436 4115
f 4106 4116 4108
f 4106 4114 4116
f 4114 4117 4116
f 4114 4115 4117
f 3436 4118 4115
f 3436 3439 4118
f 3439 4119 4118
f 3439 3440 4119
f 4115 4120 4117
f 4115 4118 4120
f 4118 4121 4120
f 4118 4119 4121
f 4108 4122 4111
f 4108 4116 4122
f 4116 4123 4122
f 4116 4117 4123
f 4111 4124 4113
f 4111 4122 4124
f 4122 4125 4124
f 4122 4123 4125
f 4117 4126 4123
f 4117 4120 4126
f 4120 4127 4126
f 4120 4121 4127
f 4123 4128 4125
f 4123 4126 4128
f 4126 4129 4128
f 4126 4127 4129
f 4050 4130 4078
f 4050 4131 4130
f 4050 4132 4131
f 4050 4051 4132
f 4078 4133 4079
f 4078 4130 4133
f 4051 4134 4132
f 4051 4053 4134
f 4135 4137 4136
f 4135 4138 4137
f 4131 4136 4130
f 4131 4135 4136
f 4131 4138 4135
f 4131 4132 4138
f 4130 4139 4133
f 4130 4136 4139
f 4138 4140 4137
f 4138 4141 4140
f 4132 4141 4138
f 4132 4134 4141
f 4079 4142 4082
f 4079 4133 4142
f 4082 4143 4083
f 4082 4142 4143
f 4133 4144 4142
f 4133 4139 4144
f 4142 4145 4143
f 4142 4144 4145
f 4053 4146 4134
f 4053 4057 4146
f 4057 4147 4146
f 4057 4059 4147
f 4141 4148 4140
f 4141 4149 4148
f 4134 4149 4141
f 4134 4146 4149
f 4149 4150 4148
f 4149 4151 4150
f 4146 4151 4149
f 4146 4147 4151
f 4152 4154 4153
f 4152 4155 4154
f 4136 4153 4139
f 4136 4152 4153
f 4136 4155 4152
f 4136 4137 4155
f 4155 4156 4154
f 4155 4157 4156
f 4137 4157 4155
f 4137 4140 4157
f 4139 4158 4144
f 4139 4153 4158
f 4144 4159 4145
f 4144 4158 4159
f 4160 4162 4161
f 4160 4163 4162
f 4153 4161 4158
f 4153 4160 4161
f 4153 4163 4160
f 4153 4154 4163
f 4158 4164 4159
f 4158 4161 4164
f 4163 4165 4162
f 4163 4166 4165
f 4154 4166 4163
f 4154 4156 4166
f 4157 4167 4156
f 4157 4168 4167
f 4140 4168 4157
f 4140 4148 4168
f 4168 4169 4167
f 4168 4170 4169
f 4148 4170 4168
f 4148 4150 4170
f 4166 4171 4165
f 4166 4172 4171
f 4156 4172 4166
f 4156 4167 4172
f 4172 4173 4171
f 4172 4174 4173
f 4167 4174 4172
f 4167 4169 4174
f 4083 4175 4093
f 4083 4143 4175
f 4093 4176 4094
f 4093 4175 4176
f 4143 4177 4175
f 4143 4145 4177
f 4175 4178 4176
f 4175 4177 4178
f 4094 4179 4097
f 4094 4176 4179
f 4097 4180 4098
f 4097 4179 4180
f 4176 4181 4179
f 4176 4178 4181
f 4179 4182 4180
f 4179 4181 4182
f 4145 4183 4177
f 4145 4159 4183
f 4177 4184 4178
f 4177 4183 4184
f 4159 4185 4183
f 4159 4164 4185
f 4183 4186 4184
f 4183 4185 4186
f 4178 4187 4181
f 4178 4184 4187
f 4181 4188 4182
f 4181 4187 4188
f 4184 4189 4187
f 4184 4186 4189
f 4187 4190 4188
f 4187 4189 4190
f 4059 4191 4147
f 4059 4066 4191
f 4066 1266 4191
f 4066 1229 1266
f 4151 4192 4150
f 4151 4193 4192
f 4147 4193 4151
f 4147 4191 4193
f 4193 4194 4192
f 4193 1268 4194
f 4191 1268 4193
f 4191 1266 1268
f 1280 4112 1283
f 4112 4195 1283
f 4112 4113 4195
f 1283 4196 1285
f 1283 4195 4196
f 4170 4197 4169
f 4170 4198 4197
f 4150 4198 4170
f 4150 4192 4198
f 4198 4199 4197
f 4198 1286 4199
f 4192 1286 4198
f 4192 4194 1286
f 4174 4200 4173
f 4174 4201 4200
f 4169 4201 4174
f 4169 4197 4201
f 4201 4202 4200
f 4201 1287 4202
f 4197 1287 4201
f 4197 4199 1287
f 1268 1286 4194
f 1286 1287 4199
f 1285 4196 1290
f 4113 4203 4195
f 4113 4124 4203
f 4124 4204 4203
f 4124 4125 4204
f 4195 4205 4196
f 4195 4203 4205
f 4203 4206 4205
f 4203 4204 4206
f 4125 4207 4204
f 4125 4128 4207
f 4128 4208 4207
f 4128 4129 4208
f 4204 4209 4206
f 4204 4207 4209
f 4207 4210 4209
f 4207 4208 4210
f 4196 4211 1290
f 4196 4205 4211
f 4205 4212 4211
f 4205 4206 4212
f 1290 1292 1291
f 1290 4211 1292
f 4211 4213 1292
f 4211 4212 4213
f 4206 4214 4212
f 4206 4209 4214
f 4209 4215 4214
f 4209 4210 4215
f 4212 4216 4213
f 4212 4214 4216
f 4214 4217 4216
f 4214 4215 4217
f 572 4099 1313
f 4099 1315 1313
f 4099 4102 1315
f 4102 1321 1315
f 4102 1277 1321
f 4218 4220 4219
f 4218 4221 4220
f 4161 4219 4164
f 4161 4218 4219
f 4161 4221 4218
f 4161 4162 4221
f 4221 4222 4220
f 4221 4223 4222
f 4162 4223 4221
f 4162 4165 4223
f 4223 4224 4222
f 4223 4225 4224
f 4165 4225 4223
f 4165 4171 4225
f 4225 4226 4224
f 4225 4227 4226
f 4171 4227 4225
f 4171 4173 4227
f 4164 4228 4185
f 4164 4219 4228
f 4185 4229 4186
f 4185 4228 4229
f 4230 4232 4231
f 4230 4233 4232
f 4219 4231 4228
f 4219 4230 4231
f 4219 4233 4230
f 4219 4220 4233
f 4231 4235 4234
f 4231 4232 4235
f 4228 4234 4229
f 4228 4231 4234
f 4233 4236 4232
f 4233 4237 4236
f 4220 4237 4233
f 4220 4222 4237
f 4232 4238 4235
f 4232 4236 4238
f 4186 4239 4189
f 4186 4229 4239
f 4189 4240 4190
f 4189 4239 4240
f 4229 4241 4239
f 4229 4234 4241
f 4239 4242 4240
f 4239 4241 4242
f 4237 4243 4236
f 4237 4244 4243
f 4222 4244 4237
f 4222 4224 4244
f 4236 4245 4238
f 4236 4243 4245
f 4244 4246 4243
f 4244 4247 4246
f 4224 4247 4244
f 4224 4226 4247
f 4243 4248 4245
f 4243 4246 4248
f 4249 4251 4250
f 4249 4252 4251
f 4234 4250 4241
f 4234 4249 4250
f 4234 4252 4249
f 4234 4235 4252
f 4250 4254 4253
f 4250 4251 4254
f 4241 4253 4242
f 4241 4250 4253
f 4252 4255 4251
f 4252 4256 4255
f 4235 4256 4252
f 4235 4238 4256
f 4251 4257 4254
f 4251 4255 4257
f 4256 4258 4255
f 4256 4259 4258
f 4238 4259 4256
f 4238 4245 4259
f 4255 4260 4257
f 4255 4258 4260
f 4259 4261 4258
f 4259 4262 4261
f 4245 4262 4259
f 4245 4248 4262
f 4258 4263 4260
f 4258 4261 4263
f 4227 4264 4226
f 4227 4265 4264
f 4173 4265 4227
f 4173 4200 4265
f 4265 4266 4264
f 4265 1525 4266
f 4200 1525 4265
f 4200 4202 1525
f 1287 1525 4202
f 1525 1531 4266
f 4247 4267 4246
f 4247 4268 4267
f 4226 4268 4247
f 4226 4264 4268
f 4246 4269 4248
f 4246 4267 4269
f 4268 4270 4267
f 4268 1531 4270
f 4264 1531 4268
f 4264 4266 1531
f 4267 4271 4269
f 4267 4270 4271
f 1292 4213 1541
f 4213 1542 1541
f 4213 4216 1542
f 4216 1543 1542
f 4216 4217 1543
f 4262 4272 4261
f 4262 4273 4272
f 4248 4273 4262
f 4248 4269 4273
f 4261 4274 4263
f 4261 4272 4274
f 4273 1546 4272
f 4273 1547 1546
f 4269 1547 4273
f 4269 4271 1547
f 4272 1548 4274
f 4272 1546 1548
f 1531 1549 4270
f 4270 1547 4271
f 4270 1549 1547
f 1291 1292 1687
f 4090 4275 4027
f 4090 4096 4275
f 4027 4276 4026
f 4027 4275 4276
f 4096 4277 4275
f 4096 4098 4277
f 4275 4278 4276
f 4275 4277 4278
f 4026 4279 4028
f 4026 4276 4279
f 4028 4280 4029
f 4028 4279 4280
f 4276 4281 4279
f 4276 4278 4281
f 4279 4282 4280
f 4279 4281 4282
f 4031 4283 4030
f 4031 4032 4283
f 3085 4284 3799
f 3085 4030 4284
f 3799 4285 3800
f 3799 4284 4285
f 4030 4286 4284
f 4030 4283 4286
f 4284 4287 4285
f 4284 4286 4287
f 4029 4288 4032
f 4029 4280 4288
f 4032 4289 4283
f 4032 4288 4289
f 4280 4290 4288
f 4280 4282 4290
f 4288 4291 4289
f 4288 4290 4291
f 4283 4292 4286
f 4283 4289 4292
f 4286 4293 4287
f 4286 4292 4293
f 4289 4294 4292
f 4289 4291 4294
f 4292 4295 4293
f 4292 4294 4295
f 3440 4296 4119
f 3440 3811 4296
f 3811 4297 4296
f 3811 3812 4297
f 4119 4298 4121
f 4119 4296 4298
f 4296 4299 4298
f 4296 4297 4299
f 3812 4300 4297
f 3812 3815 4300
f 3815 4301 4300
f 3815 3816 4301
f 4297 4302 4299
f 4297 4300 4302
f 4300 4303 4302
f 4300 4301 4303
f 4121 4304 4127
f 4121 4298 4304
f 4298 4305 4304
f 4298 4299 4305
f 4127 4306 4129
f 4127 4304 4306
f 4304 4307 4306
f 4304 4305 4307
f 4299 4308 4305
f 4299 4302 4308
f 4302 4309 4308
f 4302 4303 4309
f 4305 4310 4307
f 4305 4308 4310
f 4308 4311 4310
f 4308 4309 4311
f 3816 4312 4301
f 3816 3827 4312
f 3827 4313 4312
f 3827 3828 4313
f 4301 4314 4303
f 4301 4312 4314
f 4312 4315 4314
f 4312 4313 4315
f 3828 4316 4313
f 3828 3831 4316
f 3831 4317 4316
f 3831 3832 4317
f 4313 4318 4315
f 4313 4316 4318
f 4316 4319 4318
f 4316 4317 4319
f 4303 4320 4309
f 4303 4314 4320
f 4314 4321 4320
f 4314 4315 4321
f 4309 4322 4311
f 4309 4320 4322
f 4320 4323 4322
f 4320 4321 4323
f 4315 4324 4321
f 4315 4318 4324
f 4318 4325 4324
f 4318 4319 4325
f 4321 4326 4323
f 4321 4324 4326
f 4324 4327 4326
f 4324 4325 4327
f 4098 4328 4277
f 4098 4180 4328
f 4277 4329 4278
f 4277 4328 4329
f 4180 4330 4328
f 4180 4182 4330
f 4328 4331 4329
f 4328 4330 4331
f 4278 4332 4281
f 4278 4329 4332
f 4281 4333 4282
f 4281 4332 4333
f 4329 4334 4332
f 4329 4331 4334
f 4332 4335 4333
f 4332 4334 4335
f 4182 4336 4330
f 4182 4188 4336
f 4330 4337 4331
f 4330 4336 4337
f 4188 4338 4336
f 4188 4190 4338
f 4336 4339 4337
f 4336 4338 4339
f 4331 4340 4334
f 4331 4337 4340
f 4334 4341 4335
f 4334 4340 4341
f 4337 4342 4340
f 4337 4339 4342
f 4340 4343 4341
f 4340 4342 4343
f 4282 4344 4290
f 4282 4333 4344
f 4290 4345 4291
f 4290 4344 4345
f 4333 4346 4344
f 4333 4335 4346
f 4344 4347 4345
f 4344 4346 4347
f 4291 4348 4294
f 4291 4345 4348
f 4294 4349 4295
f 4294 4348 4349
f 4345 4350 4348
f 4345 4347 4350
f 4348 4351 4349
f 4348 4350 4351
f 4335 4352 4346
f 4335 4341 4352
f 4346 4353 4347
f 4346 4352 4353
f 4341 4354 4352
f 4341 4343 4354
f 4352 4355 4353
f 4352 4354 4355
f 4347 4356 4350
f 4347 4353 4356
f 4350 4357 4351
f 4350 4356 4357
f 4353 4358 4356
f 4353 4355 4358
f 4356 4359 4357
f 4356 4358 4359
f 4129 4360 4208
f 4129 4306 4360
f 4306 4361 4360
f 4306 4307 4361
f 4208 4362 4210
f 4208 4360 4362
f 4360 4363 4362
f 4360 4361 4363
f 4307 4364 4361
f 4307 4310 4364
f 4310 4365 4364
f 4310 4311 4365
f 4361 4366 4363
f 4361 4364 4366
f 4364 4367 4366
f 4364 4365 4367
f 4210 4368 4215
f 4210 4362 4368
f 4362 4369 4368
f 4362 4363 4369
f 4215 4370 4217
f 4215 4368 4370
f 4368 4371 4370
f 4368 4369 4371
f 4363 4372 4369
f 4363 4366 4372
f 4366 4373 4372
f 4366 4367 4373
f 4369 4374 4371
f 4369 4372 4374
f 4372 4375 4374
f 4372 4373 4375
f 4311 4376 4365
f 4311 4322 4376
f 4322 4377 4376
f 4322 4323 4377
f 4365 4378 4367
f 4365 4376 4378
f 4376 4379 4378
f 4376 4377 4379
f 4323 4380 4377
f 4323 4326 4380
f 4326 4381 4380
f 4326 4327 4381
f 4377 4382 4379
f 4377 4380 4382
f 4380 4383 4382
f 4380 4381 4383
f 4367 4384 4373
f 4367 4378 4384
f 4378 4385 4384
f 4378 4379 4385
f 4373 4386 4375
f 4373 4384 4386
f 4384 4387 4386
f 4384 4385 4387
f 4379 4388 4385
f 4379 4382 4388
f 4382 4389 4388
f 4382 4383 4389
f 4385 4390 4387
f 4385 4388 4390
f 4388 4391 4390
f 4388 4389 4391
f 3800 4392 3934
f 3800 4285 4392
f 3934 4393 3935
f 3934 4392 4393
f 4285 4394 4392
f 4285 4287 4394
f 4392 4395 4393
f 4392 4394 4395
f 3935 4396 3938
f 3935 4393 4396
f 3938 4397 3939
f 3938 4396 4397
f 4393 4398 4396
f 4393 4395 4398
f 4396 4399 4397
f 4396 4398 4399
f 4287 4400 4394
f 4287 4293 4400
f 4394 4401 4395
f 4394 4400 4401
f 4293 4402 4400
f 4293 4295 4402
f 4400 4403 4401
f 4400 4402 4403
f 4395 4404 4398
f 4395 4401 4404
f 4398 4405 4399
f 4398 4404 4405
f 4401 4406 4404
f 4401 4403 4406
f 4404 4407 4405
f 4404 4406 4407
f 3939 4408 3963
f 3939 4397 4408
f 3963 4409 3964
f 3963 4408 4409
f 4397 4410 4408
f 4397 4399 4410
f 4408 4411 4409
f 4408 4410 4411
f 3964 4412 3969
f 3964 4409 4412
f 4412 4414 4413
f 4412 4415 4414
f 3971 4414 3970
f 3971 4413 4414
f 3969 4413 3971
f 3969 4412 4413
f 4415 4416 4414
f 4415 4417 4416
f 3970 4416 3972
f 3970 4414 4416
f 4412 4418 4415
f 4412 4419 4418
f 4409 4419 4412
f 4409 4411 4419
f 4415 4420 4417
f 4415 4418 4420
f 4417 4421 4416
f 4417 4422 4421
f 3972 4421 3975
f 3972 4416 4421
f 4422 4423 4421
f 4422 4424 4423
f 3975 4423 3976
f 3975 4421 4423
f 4417 4425 4422
f 4417 4420 4425
f 4422 4426 4424
f 4422 4425 4426
f 4399 4427 4410
f 4399 4405 4427
f 4410 4428 4411
f 4410 4427 4428
f 4405 4429 4427
f 4405 4407 4429
f 4427 4430 4428
f 4427 4429 4430
f 4419 4431 4418
f 4419 4432 4431
f 4411 4432 4419
f 4411 4428 4432
f 4418 4433 4420
f 4418 4431 4433
f 4430 4435 4434
f 4430 4436 4435
f 4432 4435 4431
f 4432 4434 4435
f 4428 4434 4432
f 4428 4430 4434
f 4436 4437 4435
f 4436 4438 4437
f 4431 4437 4433
f 4431 4435 4437
f 4420 4439 4425
f 4420 4433 4439
f 4425 4440 4426
f 4425 4439 4440
f 4438 4441 4437
f 4438 4442 4441
f 4433 4441 4439
f 4433 4437 4441
f 4442 4443 4441
f 4442 4444 4443
f 4439 4443 4440
f 4439 4441 4443
f 3832 4445 4317
f 3832 3987 4445
f 3987 4446 4445
f 3987 3988 4446
f 4317 4447 4319
f 4317 4445 4447
f 4445 4448 4447
f 4445 4446 4448
f 3988 4449 4446
f 3988 3991 4449
f 3991 4450 4449
f 3991 3992 4450
f 4446 4451 4448
f 4446 4449 4451
f 4449 4452 4451
f 4449 4450 4452
f 4319 4453 4325
f 4319 4447 4453
f 4447 4454 4453
f 4447 4448 4454
f 4325 4455 4327
f 4325 4453 4455
f 4453 4456 4455
f 4453 4454 4456
f 4448 4457 4454
f 4448 4451 4457
f 4451 4458 4457
f 4451 4452 4458
f 4454 4459 4456
f 4454 4457 4459
f 4457 4460 4459
f 4457 4458 4460
f 4424 4461 4423
f 4424 4462 4461
f 3976 4461 4013
f 3976 4423 4461
f 4462 4463 4461
f 4462 4464 4463
f 4013 4463 4014
f 4013 4461 4463
f 4424 4465 4462
f 4424 4426 4465
f 4462 4466 4464
f 4462 4465 4466
f 3992 4467 4450
f 3992 4017 4467
f 4017 4468 4467
f 4017 4018 4468
f 4450 4469 4452
f 4450 4467 4469
f 4467 4470 4469
f 4467 4468 4470
f 4464 4471 4463
f 4464 4472 4471
f 4014 4471 4022
f 4014 4463 4471
f 4018 4473 4468
f 4018 4023 4473
f 4472 4474 4471
f 4472 4473 4474
f 4023 4474 4473
f 4023 4024 4474
f 4022 4474 4024
f 4022 4471 4474
f 4464 4475 4472
f 4464 4466 4475
f 4468 4476 4470
f 4468 4473 4476
f 4472 4476 4473
f 4472 4475 4476
f 4426 4477 4465
f 4426 4440 4477
f 4465 4478 4466
f 4465 4477 4478
f 4444 4479 4443
f 4444 4480 4479
f 4440 4479 4477
f 4440 4443 4479
f 4480 4481 4479
f 4480 4482 4481
f 4477 4481 4478
f 4477 4479 4481
f 4452 4483 4458
f 4452 4469 4483
f 4469 4484 4483
f 4469 4470 4484
f 4458 4485 4460
f 4458 4483 4485
f 4483 4486 4485
f 4483 4484 4486
f 4466 4487 4475
f 4466 4478 4487
f 4470 4488 4484
f 4470 4476 4488
f 4475 4488 4476
f 4475 4487 4488
f 4482 4489 4481
f 4482 4490 4489
f 4478 4489 4487
f 4478 4481 4489
f 4490 4491 4489
f 4490 4486 4491
f 4484 4491 4486
f 4484 4488 4491
f 4487 4491 4488
f 4487 4489 4491
f 4295 4492 4402
f 4295 4349 4492
f 4402 4493 4403
f 4402 4492 4493
f 4349 4494 4492
f 4349 4351 4494
f 4492 4495 4493
f 4492 4494 4495
f 4403 4496 4406
f 4403 4493 4496
f 4406 4497 4407
f 4406 4496 4497
f 4493 4498 4496
f 4493 4495 4498
f 4496 4499 4497
f 4496 4498 4499
f 4351 4500 4494
f 4351 4357 4500
f 4494 4501 4495
f 4494 4500 4501
f 4357 4502 4500
f 4357 4359 4502
f 4500 4503 4501
f 4500 4502 4503
f 4495 4504 4498
f 4495 4501 4504
f 4498 4505 4499
f 4498 4504 4505
f 4501 4506 4504
f 4501 4503 4506
f 4506 4508 4507
f 4506 4509 4508
f 4504 4507 4505
f 4504 4506 4507
f 4509 4510 4508
f 4509 4511 4510
f 4511 4512 4510
f 4511 4513 4512
f 4513 4514 4512
f 4513 4515 4514
f 4407 4516 4429
f 4407 4497 4516
f 4430 4517 4436
f 4430 4518 4517
f 4429 4518 4430
f 4429 4516 4518
f 4436 4519 4438
f 4436 4517 4519
f 4497 4520 4516
f 4497 4499 4520
f 4520 4522 4521
f 4520 4523 4522
f 4518 4522 4517
f 4518 4521 4522
f 4516 4521 4518
f 4516 4520 4521
f 4523 4524 4522
f 4523 4525 4524
f 4517 4524 4519
f 4517 4522 4524
f 4438 4526 4442
f 4438 4519 4526
f 4442 4527 4444
f 4442 4526 4527
f 4525 4528 4524
f 4525 4529 4528
f 4519 4528 4526
f 4519 4524 4528
f 4529 4530 4528
f 4529 4531 4530
f 4526 4530 4527
f 4526 4528 4530
f 4520 4532 4523
f 4520 4533 4532
f 4499 4533 4520
f 4499 4505 4533
f 4523 4534 4525
f 4523 4532 4534
f 4507 4536 4535
f 4507 4508 4536
f 4533 4536 4532
f 4533 4535 4536
f 4505 4535 4533
f 4505 4507 4535
f 4508 4537 4536
f 4508 4510 4537
f 4532 4537 4534
f 4532 4536 4537
f 4525 4538 4529
f 4525 4534 4538
f 4529 4539 4531
f 4529 4538 4539
f 4510 4540 4537
f 4510 4512 4540
f 4534 4540 4538
f 4534 4537 4540
f 4512 4541 4540
f 4512 4514 4541
f 4538 4541 4539
f 4538 4540 4541
f 4327 4542 4381
f 4327 4455 4542
f 4455 4543 4542
f 4455 4456 4543
f 4381 4544 4383
f 4381 4542 4544
f 4542 4545 4544
f 4542 4543 4545
f 4456 4546 4543
f 4456 4459 4546
f 4459 4547 4546
f 4459 4460 4547
f 4543 4548 4545
f 4543 4546 4548
f 4546 4549 4548
f 4546 4547 4549
f 4515 4550 4514
f 4515 4551 4550
f 4551 4552 4550
f 4551 4553 4552
f 4383 4554 4389
f 4383 4544 4554
f 4544 4555 4554
f 4544 4545 4555
f 4389 4556 4391
f 4389 4554 4556
f 4554 4557 4556
f 4554 4555 4557
f 4545 4558 4555
f 4545 4548 4558
f 4548 4559 4558
f 4548 4549 4559
f 4553 4560 4552
f 4553 4561 4560
f 4555 4562 4557
f 4555 4558 4562
f 4561 4563 4560
f 4561 4562 4563
f 4558 4563 4562
f 4558 4559 4563
f 4444 4564 4480
f 4444 4527 4564
f 4480 4565 4482
f 4480 4564 4565
f 4531 4566 4530
f 4531 4567 4566
f 4527 4566 4564
f 4527 4530 4566
f 4567 4568 4566
f 4567 4569 4568
f 4564 4568 4565
f 4564 4566 4568
f 4482 4570 4490
f 4482 4565 4570
f 4460 4571 4547
f 4460 4485 4571
f 4485 4572 4571
f 4485 4486 4572
f 4490 4572 4486
f 4490 4570 4572
f 4569 4573 4568
f 4569 4574 4573
f 4565 4573 4570
f 4565 4568 4573
f 4547 4575 4549
f 4547 4571 4575
f 4574 4576 4573
f 4574 4575 4576
f 4571 4576 4575
f 4571 4572 4576
f 4570 4576 4572
f 4570 4573 4576
f 4531 4577 4567
f 4531 4539 4577
f 4567 4578 4569
f 4567 4577 4578
f 4514 4579 4541
f 4514 4550 4579
f 4539 4579 4577
f 4539 4541 4579
f 4550 4580 4579
f 4550 4552 4580
f 4577 4580 4578
f 4577 4579 4580
f 4569 4581 4574
f 4569 4578 4581
f 4549 4582 4559
f 4549 4575 4582
f 4574 4582 4575
f 4574 4581 4582
f 4552 4583 4580
f 4552 4560 4583
f 4578 4583 4581
f 4578 4580 4583
f 4560 4584 4583
f 4560 4563 4584
f 4559 4584 4563
f 4559 4582 4584
f 4581 4584 4582
f 4581 4583 4584
f 4190 4585 4338
f 4190 4240 4585
f 4338 4586 4339
f 4338 4585 4586
f 4240 4587 4585
f 4240 4242 4587
f 4585 4588 4586
f 4585 4587 4588
f 4339 4589 4342
f 4339 4586 4589
f 4342 4590 4343
f 4342 4589 4590
f 4586 4591 4589
f 4586 4588 4591
f 4589 4592 4590
f 4589 4591 4592
f 4253 4594 4593
f 4253 4254 4594
f 4242 4593 4587
f 4242 4253 4593
f 4593 4596 4595
f 4593 4594 4596
f 4587 4595 4588
f 4587 4593 4595
f 4254 4597 4594
f 4254 4257 4597
f 4594 4598 4596
f 4594 4597 4598
f 4595 4600 4599
f 4595 4596 4600
f 4588 4599 4591
f 4588 4595 4599
f 4599 4602 4601
f 4599 4600 4602
f 4591 4601 4592
f 4591 4599 4601
f 4596 4603 4600
f 4596 4598 4603
f 4600 4604 4602
f 4600 4603 4604
f 4257 4605 4597
f 4257 4260 4605
f 4597 4606 4598
f 4597 4605 4606
f 4260 4607 4605
f 4260 4263 4607
f 4605 4608 4606
f 4605 4607 4608
f 4598 4609 4603
f 4598 4606 4609
f 4603 4610 4604
f 4603 4609 4610
f 4606 4611 4609
f 4606 4608 4611
f 4609 4612 4610
f 4609 4611 4612
f 4343 4613 4354
f 4343 4590 4613
f 4354 4614 4355
f 4354 4613 4614
f 4590 4615 4613
f 4590 4592 4615
f 4613 4616 4614
f 4613 4615 4616
f 4355 4617 4358
f 4355 4614 4617
f 4358 4618 4359
f 4358 4617 4618
f 4614 4619 4617
f 4614 4616 4619
f 4617 4620 4618
f 4617 4619 4620
f 4601 4622 4621
f 4601 4602 4622
f 4592 4621 4615
f 4592 4601 4621
f 4621 4624 4623
f 4621 4622 4624
f 4615 4623 4616
f 4615 4621 4623
f 4602 4625 4622
f 4602 4604 4625
f 4622 4626 4624
f 4622 4625 4626
f 4623 4628 4627
f 4623 4624 4628
f 4616 4627 4619
f 4616 4623 4627
f 4627 4630 4629
f 4627 4628 4630
f 4620 4630 4631
f 4620 4629 4630
f 4619 4629 4620
f 4619 4627 4629
f 4624 4632 4628
f 4624 4626 4632
f 4628 4633 4630
f 4628 4632 4633
f 4631 4633 4634
f 4631 4630 4633
f 4604 4635 4625
f 4604 4610 4635
f 4625 4636 4626
f 4625 4635 4636
f 4610 4637 4635
f 4610 4612 4637
f 4635 4638 4636
f 4635 4637 4638
f 4626 4639 4632
f 4626 4636 4639
f 4632 4640 4633
f 4632 4639 4640
f 4634 4640 4641
f 4634 4633 4640
f 4636 4642 4639
f 4636 4638 4642
f 4639 4643 4640
f 4639 4642 4643
f 4641 4643 4644
f 4641 4640 4643
f 4217 4645 1543
f 4217 4370 4645
f 4370 4646 4645
f 4370 4371 4646
f 1543 4645 2312
f 4645 2313 2312
f 4645 4646 2313
f 4371 4647 4646
f 4371 4374 4647
f 4374 4648 4647
f 4374 4375 4648
f 4646 2314 2313
f 4646 4647 2314
f 4647 2315 2314
f 4647 4648 2315
f 4263 4649 4607
f 4263 4274 4649
f 4607 4650 4608
f 4607 4649 4650
f 4274 2316 4649
f 4274 1548 2316
f 4649 2317 4650
f 4649 2316 2317
f 4608 4651 4611
f 4608 4650 4651
f 4611 4652 4612
f 4611 4651 4652
f 4650 2318 4651
f 4650 2317 2318
f 4651 2319 4652
f 4651 2318 2319
f 4375 4653 4648
f 4375 4386 4653
f 4386 2324 4653
f 4386 4387 2324
f 4648 2325 2315
f 4648 4653 2325
f 4653 2326 2325
f 4653 2324 2326
f 4387 2327 2324
f 4387 4390 2327
f 4390 2328 2327
f 4390 4391 2328
f 4612 4654 4637
f 4612 4652 4654
f 4637 4655 4638
f 4637 4654 4655
f 4652 2330 4654
f 4652 2319 2330
f 4654 2331 4655
f 4654 2330 2331
f 4638 4656 4642
f 4638 4655 4656
f 4642 4657 4643
f 4642 4656 4657
f 4644 4657 4658
f 4644 4643 4657
f 4655 2332 4656
f 4655 2331 2332
f 4656 2333 4657
f 4656 2332 2333
f 4658 2333 2334
f 4658 4657 2333
f 4359 4659 4502
f 4359 4618 4659
f 4502 4660 4503
f 4502 4659 4660
f 4620 4662 4661
f 4620 4631 4662
f 4618 4661 4659
f 4618 4620 4661
f 4661 4664 4663
f 4661 4662 4664
f 4660 4664 4665
f 4660 4663 4664
f 4659 4663 4660
f 4659 4661 4663
f 4631 4666 4662
f 4631 4634 4666
f 4662 4667 4664
f 4662 4666 4667
f 4665 4667 4668
f 4665 4664 4667
f 4660 4670 4669
f 4660 4665 4670
f 4506 4670 4509
f 4506 4669 4670
f 4503 4669 4506
f 4503 4660 4669
f 4665 4671 4670
f 4665 4668 4671
f 4509 4671 4511
f 4509 4670 4671
f 4634 4672 4666
f 4634 4641 4672
f 4666 4673 4667
f 4666 4672 4673
f 4668 4673 4674
f 4668 4667 4673
f 4641 4675 4672
f 4641 4644 4675
f 4672 4676 4673
f 4672 4675 4676
f 4674 4676 4677
f 4674 4673 4676
f 4668 4678 4671
f 4668 4674 4678
f 4511 4678 4513
f 4511 4671 4678
f 4674 4679 4678
f 4674 4677 4679
f 4513 4679 4515
f 4513 4678 4679
f 4644 4680 4675
f 4644 4658 4680
f 4675 4681 4676
f 4675 4680 4681
f 4677 4681 4682
f 4677 4676 4681
f 4658 2371 4680
f 4658 2334 2371
f 4680 2372 4681
f 4680 2371 2372
f 4682 2372 2373
f 4682 4681 2372
f 4677 4683 4679
f 4677 4682 4683
f 4515 4683 4551
f 4515 4679 4683
f 4682 4684 4683
f 4682 2373 4684
f 4551 4684 4553
f 4551 4683 4684
f 4391 2374 2328
f 4391 4556 2374
f 4556 2375 2374
f 4556 4557 2375
f 2373 4685 4684
f 2373 2376 4685
f 4553 4685 4561
f 4553 4684 4685
f 2376 4686 4685
f 2376 2375 4686
f 4557 4686 2375
f 4557 4562 4686
f 4561 4686 4562
f 4561 4685 4686
f 4687 4696 4688
f 4687 4694 4696
f 4694 4697 4696
f 4694 4695 4697
f 4693 4698 4695
f 4695 4701 4700
f 4695 4698 4701
f 4695 4702 4697
f 4695 4700 4702
f 4698 4703 4701
f 4698 4699 4703
f 4700 4705 4704
f 4700 4701 4705
f 4700 4706 4702
f 4700 4704 4706
f 4701 4707 4705
f 4701 4703 4707
f 4704 4709 4708
f 4704 4705 4709
f 4704 4710 4706
f 4704 4708 4710
f 4705 4711 4709
f 4705 4707 4711
f 4712 4715 4714
f 4712 4713 4715
f 4712 4717 4716
f 4712 4714 4717
f 4699 4716 4703
f 4699 4712 4716
f 4713 4718 4715
f 4716 4720 4719
f 4716 4717 4720
f 4703 4719 4707
f 4703 4716 4719
f 4719 4722 4721
f 4719 4720 4722
f 4707 4721 4711
f 4707 4719 4721
f 4688 4724 4723
f 4688 4696 4724
f 4688 4725 4689
f 4688 4723 4725
f 4696 4702 4724
f 4696 4697 4702
f 4689 4726 4690
f 4689 4725 4726
f 4723 4728 4727
f 4723 4724 4728
f 4723 4729 4725
f 4723 4727 4729
f 4724 4706 4728
f 4724 4702 4706
f 4727 4731 4730
f 4727 4728 4731
f 4727 4732 4729
f 4727 4730 4732
f 4728 4710 4731
f 4728 4706 4710
f 4725 4733 4726
f 4725 4729 4733
f 4729 4734 4733
f 4729 4732 4734
f 4690 4735 4691
f 4690 4726 4735
f 4691 4736 4692
f 4691 4735 4736
f 4726 4737 4735
f 4726 4733 4737
f 4733 4738 4737
f 4733 4734 4738
f 4735 4739 4736
f 4735 4737 4739
f 4737 4740 4739
f 4737 4738 4740
f 4715 4742 4741
f 4715 4743 4742
f 4714 4741 4717
f 4714 4715 4741
f 4743 4744 4742
f 4743 4745 4744
f 4715 4746 4743
f 4715 4718 4746
f 4743 4747 4745
f 4743 4746 4747
f 4741 4749 4748
f 4741 4742 4749
f 4717 4748 4720
f 4717 4741 4748
f 4748 4751 4750
f 4748 4749 4751
f 4720 4750 4722
f 4720 4748 4750
f 4742 4752 4749
f 4742 4744 4752
f 4749 4753 4751
f 4749 4752 4753
f 4754 4756 4755
f 4754 4757 4756
f 4754 4759 4758
f 4754 4755 4759
f 4747 4759 4760
f 4747 4758 4759
f 4745 4760 4744
f 4745 4747 4760
f 4754 4761 4757
f 4754 4758 4761
f 4755 4763 4762
f 4755 4756 4763
f 4762 4765 4764
f 4762 4763 4765
f 4755 4766 4759
f 4755 4762 4766
f 4760 4766 4767
f 4760 4759 4766
f 4744 4767 4752
f 4744 4760 4767
f 4762 4768 4766
f 4762 4764 4768
f 4767 4768 4769
f 4767 4766 4768
f 4752 4769 4753
f 4752 4767 4769
f 4708 4771 4770
f 4708 4709 4771
f 4708 4772 4710
f 4708 4770 4772
f 4709 4773 4771
f 4709 4711 4773
f 4770 4775 4774
f 4770 4771 4775
f 4770 4776 4772
f 4770 4774 4776
f 4771 4777 4775
f 4771 4773 4777
f 4774 4779 4778
f 4774 4775 4779
f 4774 4780 4776
f 4774 4778 4780
f 4775 4781 4779
f 4775 4777 4781
f 4778 4783 4782
f 4778 4779 4783
f 4778 4784 4780
f 4778 4782 4784
f 4779 4785 4783
f 4779 4781 4785
f 4721 4787 4786
f 4721 4722 4787
f 4711 4786 4773
f 4711 4721 4786
f 4786 4789 4788
f 4786 4787 4789
f 4773 4788 4777
f 4773 4786 4788
f 4788 4791 4790
f 4788 4789 4791
f 4777 4790 4781
f 4777 4788 4790
f 4790 4793 4792
f 4790 4791 4793
f 4781 4792 4785
f 4781 4790 4792
f 4782 4795 4794
f 4782 4783 4795
f 4782 4796 4784
f 4782 4794 4796
f 4783 4797 4795
f 4783 4785 4797
f 4794 4799 4798
f 4794 4795 4799
f 4794 4800 4796
f 4794 4798 4800
f 4795 4801 4799
f 4795 4797 4801
f 4798 4803 4802
f 4798 4799 4803
f 4798 4804 4800
f 4798 4802 4804
f 4799 4805 4803
f 4799 4801 4805
f 4802 4807 4806
f 4802 4803 4807
f 4802 4808 4804
f 4802 4806 4808
f 4803 4809 4807
f 4803 4805 4809
f 4792 4811 4810
f 4792 4793 4811
f 4785 4810 4797
f 4785 4792 4810
f 4810 4813 4812
f 4810 4811 4813
f 4797 4812 4801
f 4797 4810 4812
f 4812 4815 4814
f 4812 4813 4815
f 4801 4814 4805
f 4801 4812 4814
f 4814 4817 4816
f 4814 4815 4817
f 4805 4816 4809
f 4805 4814 4816
f 4730 4819 4818
f 4730 4731 4819
f 4730 4820 4732
f 4730 4818 4820
f 4731 4772 4819
f 4731 4710 4772
f 4818 4822 4821
f 4818 4819 4822
f 4818 4823 4820
f 4818 4821 4823
f 4819 4776 4822
f 4819 4772 4776
f 4732 4824 4734
f 4732 4820 4824
f 4820 4825 4824
f 4820 4823 4825
f 4821 4827 4826
f 4821 4822 4827
f 4821 4828 4823
f 4821 4826 4828
f 4822 4780 4827
f 4822 4776 4780
f 4826 4830 4829
f 4826 4827 4830
f 4826 4831 4828
f 4826 4829 4831
f 4827 4784 4830
f 4827 4780 4784
f 4823 4832 4825
f 4823 4828 4832
f 4828 4833 4832
f 4828 4831 4833
f 4734 4834 4738
f 4734 4824 4834
f 4824 4835 4834
f 4824 4825 4835
f 4738 4836 4740
f 4738 4834 4836
f 4834 4837 4836
f 4834 4835 4837
f 4825 4838 4835
f 4825 4832 4838
f 4832 4839 4838
f 4832 4833 4839
f 4835 4840 4837
f 4835 4838 4840
f 4838 4841 4840
f 4838 4839 4841
f 4750 4843 4842
f 4750 4751 4843
f 4722 4842 4787
f 4722 4750 4842
f 4842 4845 4844
f 4842 4843 4845
f 4787 4844 4789
f 4787 4842 4844
f 4751 4846 4843
f 4751 4753 4846
f 4843 4847 4845
f 4843 4846 4847
f 4844 4849 4848
f 4844 4845 4849
f 4789 4848 4791
f 4789 4844 4848
f 4848 4851 4850
f 4848 4849 4851
f 4791 4850 4793
f 4791 4848 4850
f 4845 4852 4849
f 4845 4847 4852
f 4849 4853 4851
f 4849 4852 4853
f 4764 4855 4854
f 4764 4765 4855
f 4854 4857 4856
f 4854 4855 4857
f 4764 4858 4768
f 4764 4854 4858
f 4769 4858 4859
f 4769 4768 4858
f 4753 4859 4846
f 4753 4769 4859
f 4854 4860 4858
f 4854 4856 4860
f 4859 4860 4861
f 4859 4858 4860
f 4846 4861 4847
f 4846 4859 4861
f 4856 4863 4862
f 4856 4857 4863
f 4862 4865 4864
f 4862 4863 4865
f 4856 4866 4860
f 4856 4862 4866
f 4861 4866 4867
f 4861 4860 4866
f 4847 4867 4852
f 4847 4861 4867
f 4862 4868 4866
f 4862 4864 4868
f 4867 4868 4869
f 4867 4866 4868
f 4852 4869 4853
f 4852 4867 4869
f 4829 4871 4870
f 4829 4830 4871
f 4829 4872 4831
f 4829 4870 4872
f 4830 4796 4871
f 4830 4784 4796
f 4870 4874 4873
f 4870 4871 4874
f 4870 4875 4872
f 4870 4873 4875
f 4871 4800 4874
f 4871 4796 4800
f 4831 4876 4833
f 4831 4872 4876
f 4872 4877 4876
f 4872 4875 4877
f 4873 4879 4878
f 4873 4874 4879
f 4873 4880 4875
f 4873 4878 4880
f 4874 4804 4879
f 4874 4800 4804
f 4878 4882 4881
f 4878 4879 4882
f 4878 4883 4880
f 4878 4881 4883
f 4879 4808 4882
f 4879 4804 4808
f 4875 4884 4877
f 4875 4880 4884
f 4880 4885 4884
f 4880 4883 4885
f 4833 4886 4839
f 4833 4876 4886
f 4876 4887 4886
f 4876 4877 4887
f 4839 4888 4841
f 4839 4886 4888
f 4886 4889 4888
f 4886 4887 4889
f 4877 4890 4887
f 4877 4884 4890
f 4884 4891 4890
f 4884 4885 4891
f 4887 4892 4889
f 4887 4890 4892
f 4890 4893 4892
f 4890 4891 4893
f 4850 4895 4894
f 4850 4851 4895
f 4793 4894 4811
f 4793 4850 4894
f 4894 4897 4896
f 4894 4895 4897
f 4811 4896 4813
f 4811 4894 4896
f 4851 4898 4895
f 4851 4853 4898
f 4895 4899 4897
f 4895 4898 4899
f 4896 4901 4900
f 4896 4897 4901
f 4813 4900 4815
f 4813 4896 4900
f 4900 4903 4902
f 4900 4901 4903
f 4815 4902 4817
f 4815 4900 4902
f 4897 4904 4901
f 4897 4899 4904
f 4901 4905 4903
f 4901 4904 4905
f 4864 4907 4906
f 4864 4865 4907
f 4906 4909 4908
f 4906 4907 4909
f 4864 4910 4868
f 4864 4906 4910
f 4869 4910 4911
f 4869 4868 4910
f 4853 4911 4898
f 4853 4869 4911
f 4906 4912 4910
f 4906 4908 4912
f 4911 4912 4913
f 4911 4910 4912
f 4898 4913 4899
f 4898 4911 4913
f 4908 4915 4914
f 4908 4909 4915
f 4914 4917 4916
f 4914 4915 4917
f 4908 4918 4912
f 4908 4914 4918
f 4913 4918 4919
f 4913 4912 4918
f 4899 4919 4904
f 4899 4913 4919
f 4914 4920 4918
f 4914 4916 4920
f 4919 4920 4921
f 4919 4918 4920
f 4904 4921 4905
f 4904 4919 4921
f 4806 4923 4922
f 4806 4807 4923
f 4806 4924 4808
f 4806 4922 4924
f 4807 4925 4923
f 4807 4809 4925
f 4922 4927 4926
f 4922 4923 4927
f 4922 4928 4924
f 4922 4926 4928
f 4923 4929 4927
f 4923 4925 4929
f 4926 4931 4930
f 4926 4927 4931
f 4926 4932 4928
f 4926 4930 4932
f 4927 4933 4931
f 4927 4929 4933
f 4930 4935 4934
f 4930 4931 4935
f 4930 4936 4932
f 4930 4934 4936
f 4931 4937 4935
f 4931 4933 4937
f 4816 4939 4938
f 4816 4817 4939
f 4809 4938 4925
f 4809 4816 4938
f 4938 4941 4940
f 4938 4939 4941
f 4925 4940 4929
f 4925 4938 4940
f 4940 4943 4942
f 4940 4941 4943
f 4929 4942 4933
f 4929 4940 4942
f 4942 4945 4944
f 4942 4943 4945
f 4933 4944 4937
f 4933 4942 4944
f 4934 4947 4946
f 4934 4935 4947
f 4934 4948 4936
f 4934 4946 4948
f 4935 4949 4947
f 4935 4937 4949
f 4946 4951 4950
f 4946 4947 4951
f 4946 4952 4948
f 4946 4950 4952
f 4947 4953 4951
f 4947 4949 4953
f 4950 4955 4954
f 4950 4951 4955
f 4950 4956 4952
f 4950 4954 4956
f 4951 4957 4955
f 4951 4953 4957
f 4954 3074 3073
f 4954 4955 3074
f 4954 4958 4956
f 4954 3073 4958
f 4955 3075 3074
f 4955 4957 3075
f 4944 4960 4959
f 4944 4945 4960
f 4937 4959 4949
f 4937 4944 4959
f 4959 4962 4961
f 4959 4960 4962
f 4949 4961 4953
f 4949 4959 4961
f 4961 4964 4963
f 4961 4962 4964
f 4953 4963 4957
f 4953 4961 4963
f 4963 3077 3076
f 4963 4964 3077
f 4957 3076 3075
f 4957 4963 3076
f 4881 4966 4965
f 4881 4882 4966
f 4881 4967 4883
f 4881 4965 4967
f 4882 4924 4966
f 4882 4808 4924
f 4965 4969 4968
f 4965 4966 4969
f 4965 4970 4967
f 4965 4968 4970
f 4966 4928 4969
f 4966 4924 4928
f 4883 4971 4885
f 4883 4967 4971
f 4967 4972 4971
f 4967 4970 4972
f 4968 4974 4973
f 4968 4969 4974
f 4968 4975 4970
f 4968 4973 4975
f 4969 4932 4974
f 4969 4928 4932
f 4973 4977 4976
f 4973 4974 4977
f 4973 4978 4975
f 4973 4976 4978
f 4974 4936 4977
f 4974 4932 4936
f 4970 4979 4972
f 4970 4975 4979
f 4975 4980 4979
f 4975 4978 4980
f 4885 4981 4891
f 4885 4971 4981
f 4971 4982 4981
f 4971 4972 4982
f 4891 4983 4893
f 4891 4981 4983
f 4981 4984 4983
f 4981 4982 4984
f 4972 4985 4982
f 4972 4979 4985
f 4979 4986 4985
f 4979 4980 4986
f 4982 4987 4984
f 4982 4985 4987
f 4985 4988 4987
f 4985 4986 4988
f 4902 4990 4989
f 4902 4903 4990
f 4817 4989 4939
f 4817 4902 4989
f 4989 4992 4991
f 4989 4990 4992
f 4939 4991 4941
f 4939 4989 4991
f 4903 4993 4990
f 4903 4905 4993
f 4990 4994 4992
f 4990 4993 4994
f 4991 4996 4995
f 4991 4992 4996
f 4941 4995 4943
f 4941 4991 4995
f 4995 4998 4997
f 4995 4996 4998
f 4943 4997 4945
f 4943 4995 4997
f 4992 4999 4996
f 4992 4994 4999
f 4996 5000 4998
f 4996 4999 5000
f 4916 5002 5001
f 4916 4917 5002
f 5001 5004 5003
f 5001 5002 5004
f 4916 5005 4920
f 4916 5001 5005
f 4921 5005 5006
f 4921 4920 5005
f 4905 5006 4993
f 4905 4921 5006
f 5001 5007 5005
f 5001 5003 5007
f 5006 5007 5008
f 5006 5005 5007
f 4993 5008 4994
f 4993 5006 5008
f 5003 5010 5009
f 5003 5004 5010
f 5009 5012 5011
f 5009 5010 5012
f 5003 5013 5007
f 5003 5009 5013
f 5008 5013 5014
f 5008 5007 5013
f 4994 5014 4999
f 4994 5008 5014
f 5009 5015 5013
f 5009 5011 5015
f 5014 5015 5016
f 5014 5013 5015
f 4999 5016 5000
f 4999 5014 5016
f 4976 5018 5017
f 4976 4977 5018
f 4976 5019 4978
f 4976 5017 5019
f 4977 4948 5018
f 4977 4936 4948
f 5017 5021 5020
f 5017 5018 5021
f 5017 5022 5019
f 5017 5020 5022
f 5018 4952 5021
f 5018 4948 4952
f 4978 5023 4980
f 4978 5019 5023
f 5019 5024 5023
f 5019 5022 5024
f 5020 5026 5025
f 5020 5021 5026
f 5020 5027 5022
f 5020 5025 5027
f 5021 4956 5026
f 5021 4952 4956
f 5025 3079 3078
f 5025 5026 3079
f 5025 3080 5027
f 5025 3078 3080
f 5026 4958 3079
f 5026 4956 4958
f 5022 5028 5024
f 5022 5027 5028
f 5027 3081 5028
f 5027 3080 3081
f 4980 5029 4986
f 4980 5023 5029
f 5023 5030 5029
f 5023 5024 5030
f 4986 5031 4988
f 4986 5029 5031
f 5029 5032 5031
f 5029 5030 5032
f 5024 5033 5030
f 5024 5028 5033
f 5028 3082 5033
f 5028 3081 3082
f 5030 5034 5032
f 5030 5033 5034
f 5033 3083 5034
f 5033 3082 3083
f 4997 5036 5035
f 4997 4998 5036
f 4945 5035 4960
f 4945 4997 5035
f 5035 5038 5037
f 5035 5036 5038
f 4960 5037 4962
f 4960 5035 5037
f 4998 5039 5036
f 4998 5000 5039
f 5036 5040 5038
f 5036 5039 5040
f 5037 5042 5041
f 5037 5038 5042
f 4962 5041 4964
f 4962 5037 5041
f 5041 5043 3084
f 5041 5042 5043
f 4964 3084 3077
f 4964 5041 3084
f 5038 5044 5042
f 5038 5040 5044
f 5042 5045 5043
f 5042 5044 5045
f 5011 5047 5046
f 5011 5012 5047
f 5046 5049 5048
f 5046 5047 5049
f 5011 5050 5015
f 5011 5046 5050
f 5016 5050 5051
f 5016 5015 5050
f 5000 5051 5039
f 5000 5016 5051
f 5046 5052 5050
f 5046 5048 5052
f 5051 5052 5053
f 5051 5050 5052
f 5039 5053 5040
f 5039 5051 5053
f 5048 5055 5054
f 5048 5049 5055
f 5054 3085 5056
f 5054 5055 3085
f 5048 5057 5052
f 5048 5054 5057
f 5053 5057 5058
f 5053 5052 5057
f 5040 5058 5044
f 5040 5053 5058
f 5054 3086 5057
f 5054 5056 3086
f 5058 3086 3087
f 5058 5057 3086
f 5044 3087 5045
f 5044 5058 3087
f 3749 4958 3073
f 3749 3079 4958
f 3084 5043 3795
f 5043 3087 3795
f 5043 5045 3087
f 5056 3799 3086
f 5056 3085 3799
f 5059 5061 5060
f 5059 5062 5061
f 4692 5062 5059
f 4692 4736 5062
f 5059 5060 5063
f 5063 5065 5064
f 5063 5066 5065
f 5060 5066 5063
f 5060 5061 5066
f 5064 5068 5067
f 5064 5065 5068
f 5067 5070 5069
f 5067 5068 5070
f 5062 5071 5061
f 5062 5072 5071
f 4736 5072 5062
f 4736 4739 5072
f 5072 5073 5071
f 5072 5074 5073
f 4739 5074 5072
f 4739 4740 5074
f 5066 5075 5065
f 5066 5076 5075
f 5061 5076 5066
f 5061 5071 5076
f 5076 5077 5075
f 5076 5078 5077
f 5071 5078 5076
f 5071 5073 5078
f 5065 5079 5068
f 5065 5075 5079
f 5068 5080 5070
f 5068 5079 5080
f 5075 5081 5079
f 5075 5077 5081
f 5079 5082 5080
f 5079 5081 5082
f 5083 5085 5084
f 5083 5086 5085
f 4757 5085 4756
f 4757 5084 5085
f 5069 5070 5087
f 5083 5087 5086
f 4757 5088 5084
f 4757 4761 5088
f 5086 5089 5085
f 5086 5090 5089
f 4756 5089 4763
f 4756 5085 5089
f 5090 5091 5089
f 5090 5092 5091
f 4763 5091 4765
f 4763 5089 5091
f 5070 5093 5087
f 5070 5080 5093
f 5086 5093 5090
f 5086 5087 5093
f 5080 5094 5093
f 5080 5082 5094
f 5090 5094 5092
f 5090 5093 5094
f 5074 5095 5073
f 5074 5096 5095
f 4740 5096 5074
f 4740 4836 5096
f 5096 5097 5095
f 5096 5098 5097
f 4836 5098 5096
f 4836 4837 5098
f 5078 5099 5077
f 5078 5100 5099
f 5073 5100 5078
f 5073 5095 5100
f 5100 5101 5099
f 5100 5102 5101
f 5095 5102 5100
f 5095 5097 5102
f 5077 5103 5081
f 5077 5099 5103
f 5081 5104 5082
f 5081 5103 5104
f 5099 5105 5103
f 5099 5101 5105
f 5103 5106 5104
f 5103 5105 5106
f 5098 5107 5097
f 5098 5108 5107
f 4837 5108 5098
f 4837 4840 5108
f 5108 5109 5107
f 5108 5110 5109
f 4840 5110 5108
f 4840 4841 5110
f 5102 5111 5101
f 5102 5112 5111
f 5097 5112 5102
f 5097 5107 5112
f 5112 5113 5111
f 5112 5114 5113
f 5107 5114 5112
f 5107 5109 5114
f 5101 5115 5105
f 5101 5111 5115
f 5105 5116 5106
f 5105 5115 5116
f 5111 5117 5115
f 5111 5113 5117
f 5115 5118 5116
f 5115 5117 5118
f 5092 5119 5091
f 5092 5120 5119
f 4765 5119 4855
f 4765 5091 5119
f 5120 5121 5119
f 5120 5122 5121
f 4855 5121 4857
f 4855 5119 5121
f 5082 5123 5094
f 5082 5104 5123
f 5092 5123 5120
f 5092 5094 5123
f 5104 5124 5123
f 5104 5106 5124
f 5120 5124 5122
f 5120 5123 5124
f 5122 5125 5121
f 5122 5126 5125
f 4857 5125 4863
f 4857 5121 5125
f 5126 5127 5125
f 5126 5128 5127
f 4863 5127 4865
f 4863 5125 5127
f 5106 5129 5124
f 5106 5116 5129
f 5122 5129 5126
f 5122 5124 5129
f 5116 5130 5129
f 5116 5118 5130
f 5126 5130 5128
f 5126 5129 5130
f 5110 5131 5109
f 5110 5132 5131
f 4841 5132 5110
f 4841 4888 5132
f 5132 5133 5131
f 5132 5134 5133
f 4888 5134 5132
f 4888 4889 5134
f 5114 5135 5113
f 5114 5136 5135
f 5109 5136 5114
f 5109 5131 5136
f 5136 5137 5135
f 5136 5138 5137
f 5131 5138 5136
f 5131 5133 5138
f 5113 5139 5117
f 5113 5135 5139
f 5117 5140 5118
f 5117 5139 5140
f 5135 5141 5139
f 5135 5137 5141
f 5139 5142 5140
f 5139 5141 5142
f 5134 5143 5133
f 5134 5144 5143
f 4889 5144 5134
f 4889 4892 5144
f 5144 5145 5143
f 5144 5146 5145
f 4892 5146 5144
f 4892 4893 5146
f 5138 5147 5137
f 5138 5148 5147
f 5133 5148 5138
f 5133 5143 5148
f 5148 5149 5147
f 5148 5150 5149
f 5143 5150 5148
f 5143 5145 5150
f 5137 5151 5141
f 5137 5147 5151
f 5141 5152 5142
f 5141 5151 5152
f 5147 5153 5151
f 5147 5149 5153
f 5151 5154 5152
f 5151 5153 5154
f 5128 5155 5127
f 5128 5156 5155
f 4865 5155 4907
f 4865 5127 5155
f 5156 5157 5155
f 5156 5158 5157
f 4907 5157 4909
f 4907 5155 5157
f 5118 5159 5130
f 5118 5140 5159
f 5128 5159 5156
f 5128 5130 5159
f 5140 5160 5159
f 5140 5142 5160
f 5156 5160 5158
f 5156 5159 5160
f 5158 5161 5157
f 5158 5162 5161
f 4909 5161 4915
f 4909 5157 5161
f 5162 5163 5161
f 5162 5164 5163
f 4915 5163 4917
f 4915 5161 5163
f 5142 5165 5160
f 5142 5152 5165
f 5158 5165 5162
f 5158 5160 5165
f 5152 5166 5165
f 5152 5154 5166
f 5162 5166 5164
f 5162 5165 5166
f 5146 5167 5145
f 5146 5168 5167
f 4893 5168 5146
f 4893 4983 5168
f 5168 5169 5167
f 5168 5170 5169
f 4983 5170 5168
f 4983 4984 5170
f 5150 5171 5149
f 5150 5172 5171
f 5145 5172 5150
f 5145 5167 5172
f 5172 5173 5171
f 5172 5174 5173
f 5167 5174 5172
f 5167 5169 5174
f 5149 5175 5153
f 5149 5171 5175
f 5153 5176 5154
f 5153 5175 5176
f 5171 5177 5175
f 5171 5173 5177
f 5175 5178 5176
f 5175 5177 5178
f 5170 5179 5169
f 5170 5180 5179
f 4984 5180 5170
f 4984 4987 5180
f 5180 5181 5179
f 5180 5182 5181
f 4987 5182 5180
f 4987 4988 5182
f 5174 5183 5173
f 5174 5184 5183
f 5169 5184 5174
f 5169 5179 5184
f 5184 5185 5183
f 5184 5186 5185
f 5179 5186 5184
f 5179 5181 5186
f 5173 5187 5177
f 5173 5183 5187
f 5177 5188 5178
f 5177 5187 5188
f 5183 5189 5187
f 5183 5185 5189
f 5187 5190 5188
f 5187 5189 5190
f 5164 5191 5163
f 5164 5192 5191
f 4917 5191 5002
f 4917 5163 5191
f 5192 5193 5191
f 5192 5194 5193
f 5002 5193 5004
f 5002 5191 5193
f 5154 5195 5166
f 5154 5176 5195
f 5164 5195 5192
f 5164 5166 5195
f 5176 5196 5195
f 5176 5178 5196
f 5192 5196 5194
f 5192 5195 5196
f 5194 5197 5193
f 5194 5198 5197
f 5004 5197 5010
f 5004 5193 5197
f 5198 5199 5197
f 5198 5200 5199
f 5010 5199 5012
f 5010 5197 5199
f 5178 5201 5196
f 5178 5188 5201
f 5194 5201 5198
f 5194 5196 5201
f 5188 5202 5201
f 5188 5190 5202
f 5198 5202 5200
f 5198 5201 5202
f 5182 5203 5181
f 5182 5204 5203
f 4988 5204 5182
f 4988 5031 5204
f 5204 5205 5203
f 5204 5206 5205
f 5031 5206 5204
f 5031 5032 5206
f 5186 5207 5185
f 5186 5208 5207
f 5181 5208 5186
f 5181 5203 5208
f 5208 5209 5207
f 5208 5210 5209
f 5203 5210 5208
f 5203 5205 5210
f 5185 5211 5189
f 5185 5207 5211
f 5189 5212 5190
f 5189 5211 5212
f 5207 5213 5211
f 5207 5209 5213
f 5211 5214 5212
f 5211 5213 5214
f 5206 5215 5205
f 5206 5216 5215
f 5032 5216 5206
f 5032 5034 5216
f 5216 5217 5215
f 5216 4025 5217
f 5034 4025 5216
f 5034 3083 4025
f 5210 5218 5209
f 5210 5219 5218
f 5205 5219 5210
f 5205 5215 5219
f 5219 4026 5218
f 5219 4027 4026
f 5215 4027 5219
f 5215 5217 4027
f 5209 5220 5213
f 5209 5218 5220
f 5213 5221 5214
f 5213 5220 5221
f 5218 4028 5220
f 5218 4026 4028
f 5220 4029 5221
f 5220 4028 4029
f 5200 5222 5199
f 5200 5223 5222
f 5012 5222 5047
f 5012 5199 5222
f 5223 5224 5222
f 5223 5225 5224
f 5047 5224 5049
f 5047 5222 5224
f 5190 5226 5202
f 5190 5212 5226
f 5200 5226 5223
f 5200 5202 5226
f 5212 5227 5226
f 5212 5214 5227
f 5223 5227 5225
f 5223 5226 5227
f 5225 5228 5224
f 5225 5229 5228
f 5049 5228 5055
f 5049 5224 5228
f 5229 4030 5228
f 5229 4031 4030
f 5055 4030 3085
f 5055 5228 4030
f 5214 5230 5227
f 5214 5221 5230
f 5225 5230 5229
f 5225 5227 5230
f 5221 4032 5230
f 5221 4029 4032
f 5229 4032 4031
f 5229 5230 4032
f 4025 4027 5217
f 4025 4090 4027
f 5231 5233 5232
f 5231 5234 5233
f 5231 5235 5234
f 5231 5236 5235
f 5231 5237 5236
f 5231 5232 5237
f 5238 5237 5239
f 5238 5236 5237
f 5238 5240 5236
f 5238 5241 5240
f 5238 5242 5241
f 5238 5239 5242
f 5236 5243 5235
f 5236 5240 5243
f 5232 5245 5244
f 5232 5233 5245
f 5232 5246 5237
f 5232 5244 5246
f 5244 5248 5247
f 5244 5245 5248
f 5244 5249 5246
f 5244 5247 5249
f 5239 5246 5250
f 5239 5237 5246
f 5239 5251 5242
f 5239 5250 5251
f 5250 5249 5252
f 5250 5246 5249
f 5250 5253 5251
f 5250 5252 5253
f 5254 5256 5255
f 5254 5257 5256
f 5254 5258 5257
f 5254 5259 5258
f 5254 5260 5259
f 5254 5255 5260
f 5261 5260 5262
f 5261 5259 5260
f 5261 5263 5259
f 5261 5234 5263
f 5261 5233 5234
f 5261 5262 5233
f 5259 5264 5258
f 5259 5263 5264
f 5257 5265 5256
f 5257 5266 5265
f 5257 5267 5266
f 5257 5258 5267
f 5266 5268 5265
f 5266 5269 5268
f 5266 5270 5269
f 5266 5267 5270
f 5258 5271 5267
f 5258 5264 5271
f 5267 5272 5270
f 5267 5271 5272
f 5255 5274 5273
f 5255 5256 5274
f 5255 5275 5260
f 5255 5273 5275
f 5273 5277 5276
f 5273 5274 5277
f 5273 5278 5275
f 5273 5276 5278
f 5262 5275 5279
f 5262 5260 5275
f 5262 5245 5233
f 5262 5279 5245
f 5279 5278 5280
f 5279 5275 5278
f 5279 5248 5245
f 5279 5280 5248
f 5256 5281 5274
f 5256 5265 5281
f 5265 5282 5281
f 5265 5268 5282
f 5274 5283 5277
f 5274 5281 5283
f 5281 5284 5283
f 5281 5282 5284
f 5234 5285 5263
f 5234 5235 5285
f 5263 5286 5264
f 5263 5285 5286
f 5235 5287 5285
f 5235 5243 5287
f 5285 5288 5286
f 5285 5287 5288
f 5264 5289 5271
f 5264 5286 5289
f 5271 5290 5272
f 5271 5289 5290
f 5286 5291 5289
f 5286 5288 5291
f 5289 5292 5290
f 5289 5291 5292
f 5293 5295 5294
f 5293 5296 5295
f 5247 5296 5293
f 5247 5248 5296
f 5247 5294 5249
f 5247 5293 5294
f 5297 5299 5298
f 5297 5294 5299
f 5252 5294 5297
f 5252 5249 5294
f 5252 5298 5253
f 5252 5297 5298
f 5294 5300 5299
f 5294 5295 5300
f 5301 5303 5302
f 5301 5304 5303
f 5276 5304 5301
f 5276 5277 5304
f 5276 5302 5278
f 5276 5301 5302
f 5305 5306 5296
f 5305 5302 5306
f 5280 5302 5305
f 5280 5278 5302
f 5280 5296 5248
f 5280 5305 5296
f 5302 5307 5306
f 5302 5303 5307
f 5304 5308 5303
f 5304 5309 5308
f 5277 5309 5304
f 5277 5283 5309
f 5309 5310 5308
f 5309 5311 5310
f 5283 5311 5309
f 5283 5284 5311
f 5303 5312 5307
f 5303 5308 5312
f 5308 5313 5312
f 5308 5310 5313
f 5296 5314 5295
f 5296 5306 5314
f 5306 5315 5314
f 5306 5307 5315
f 5295 5316 5300
f 5295 5314 5316
f 5314 5317 5316
f 5314 5315 5317
f 5307 5318 5315
f 5307 5312 5318
f 5312 5319 5318
f 5312 5313 5319
f 5315 5320 5317
f 5315 5318 5320
f 5318 5321 5320
f 5318 5319 5321
f 5322 5324 5323
f 5322 5325 5324
f 5322 5326 5325
f 5322 5327 5326
f 5322 5328 5327
f 5322 5323 5328
f 5329 5331 5330
f 5329 5332 5331
f 5327 5330 5326
f 5327 5329 5330
f 5327 5332 5329
f 5327 5328 5332
f 5323 5334 5333
f 5323 5324 5334
f 5323 5335 5328
f 5323 5333 5335
f 5333 5337 5336
f 5333 5334 5337
f 5333 5338 5335
f 5333 5336 5338
f 5332 5339 5331
f 5332 5340 5339
f 5328 5340 5332
f 5328 5335 5340
f 5340 5341 5339
f 5340 5342 5341
f 5335 5342 5340
f 5335 5338 5342
f 5343 5345 5344
f 5343 5346 5345
f 5336 5346 5343
f 5336 5337 5346
f 5336 5344 5338
f 5336 5343 5344
f 5342 5347 5341
f 5342 5348 5347
f 5344 5347 5348
f 5344 5345 5347
f 5338 5348 5342
f 5338 5344 5348
f 5349 5242 5350
f 5349 5241 5242
f 5349 5351 5241
f 5349 5352 5351
f 5349 5353 5352
f 5349 5350 5353
f 5352 5354 5351
f 5352 5355 5354
f 5352 5356 5355
f 5352 5353 5356
f 5241 5357 5240
f 5241 5351 5357
f 5240 5358 5243
f 5240 5357 5358
f 5351 5359 5357
f 5351 5354 5359
f 5357 5360 5358
f 5357 5359 5360
f 5350 5251 5361
f 5350 5242 5251
f 5350 5362 5353
f 5350 5361 5362
f 5361 5253 5363
f 5361 5251 5253
f 5361 5364 5362
f 5361 5363 5364
f 5353 5365 5356
f 5353 5362 5365
f 5362 5366 5365
f 5362 5364 5366
f 5367 5356 5368
f 5367 5355 5356
f 5367 5369 5355
f 5367 5370 5369
f 5367 5371 5370
f 5367 5368 5371
f 5355 5372 5354
f 5355 5369 5372
f 5370 5373 5369
f 5370 5374 5373
f 5370 5375 5374
f 5370 5371 5375
f 5369 5376 5372
f 5369 5373 5376
f 5354 5377 5359
f 5354 5372 5377
f 5359 5378 5360
f 5359 5377 5378
f 5372 5379 5377
f 5372 5376 5379
f 5377 5380 5378
f 5377 5379 5380
f 5368 5365 5381
f 5368 5356 5365
f 5368 5382 5371
f 5368 5381 5382
f 5381 5366 5383
f 5381 5365 5366
f 5381 5384 5382
f 5381 5383 5384
f 5371 5385 5375
f 5371 5382 5385
f 5382 5386 5385
f 5382 5384 5386
f 5243 5387 5287
f 5243 5358 5387
f 5287 5388 5288
f 5287 5387 5388
f 5358 5389 5387
f 5358 5360 5389
f 5387 5390 5388
f 5387 5389 5390
f 5288 5391 5291
f 5288 5388 5391
f 5291 5392 5292
f 5291 5391 5392
f 5388 5393 5391
f 5388 5390 5393
f 5391 5394 5392
f 5391 5393 5394
f 5360 5395 5389
f 5360 5378 5395
f 5389 5396 5390
f 5389 5395 5396
f 5378 5397 5395
f 5378 5380 5397
f 5395 5398 5396
f 5395 5397 5398
f 5390 5399 5393
f 5390 5396 5399
f 5393 5400 5394
f 5393 5399 5400
f 5396 5401 5399
f 5396 5398 5401
f 5399 5402 5400
f 5399 5401 5402
f 5403 5405 5404
f 5403 5298 5405
f 5363 5298 5403
f 5363 5253 5298
f 5363 5404 5364
f 5363 5403 5404
f 5404 5407 5406
f 5404 5405 5407
f 5364 5406 5366
f 5364 5404 5406
f 5298 5408 5405
f 5298 5299 5408
f 5299 5409 5408
f 5299 5300 5409
f 5405 5410 5407
f 5405 5408 5410
f 5408 5411 5410
f 5408 5409 5411
f 5412 5414 5413
f 5412 5406 5414
f 5383 5406 5412
f 5383 5366 5406
f 5383 5413 5384
f 5383 5412 5413
f 5406 5415 5414
f 5406 5407 5415
f 5413 5417 5416
f 5413 5414 5417
f 5384 5416 5386
f 5384 5413 5416
f 5414 5418 5417
f 5414 5415 5418
f 5407 5419 5415
f 5407 5410 5419
f 5410 5420 5419
f 5410 5411 5420
f 5415 5421 5418
f 5415 5419 5421
f 5419 5422 5421
f 5419 5420 5422
f 5300 5423 5409
f 5300 5316 5423
f 5316 5424 5423
f 5316 5317 5424
f 5409 5425 5411
f 5409 5423 5425
f 5423 5426 5425
f 5423 5424 5426
f 5317 5427 5424
f 5317 5320 5427
f 5320 5428 5427
f 5320 5321 5428
f 5424 5429 5426
f 5424 5427 5429
f 5427 5430 5429
f 5427 5428 5430
f 5411 5431 5420
f 5411 5425 5431
f 5425 5432 5431
f 5425 5426 5432
f 5420 5433 5422
f 5420 5431 5433
f 5431 5434 5433
f 5431 5432 5434
f 5426 5435 5432
f 5426 5429 5435
f 5429 4687 5435
f 5429 5430 4687
f 5432 5436 5434
f 5432 5435 5436
f 5435 4688 5436
f 5435 4687 4688
f 5374 5437 5373
f 5374 5438 5437
f 5374 5439 5438
f 5374 5375 5439
f 5373 5440 5376
f 5373 5437 5440
f 5438 5441 5437
f 5438 5325 5441
f 5438 5324 5325
f 5438 5439 5324
f 5437 5442 5440
f 5437 5441 5442
f 5376 5443 5379
f 5376 5440 5443
f 5379 5444 5380
f 5379 5443 5444
f 5440 5445 5443
f 5440 5442 5445
f 5443 5446 5444
f 5443 5445 5446
f 5375 5447 5439
f 5375 5385 5447
f 5385 5448 5447
f 5385 5386 5448
f 5439 5334 5324
f 5439 5447 5334
f 5447 5337 5334
f 5447 5448 5337
f 5325 5449 5441
f 5325 5326 5449
f 5441 5450 5442
f 5441 5449 5450
f 5326 5451 5449
f 5326 5330 5451
f 5449 5452 5450
f 5449 5451 5452
f 5442 5453 5445
f 5442 5450 5453
f 5445 5454 5446
f 5445 5453 5454
f 5450 5455 5453
f 5450 5452 5455
f 5453 5456 5454
f 5453 5455 5456
f 5380 5457 5397
f 5380 5444 5457
f 5397 5458 5398
f 5397 5457 5458
f 5444 5459 5457
f 5444 5446 5459
f 5457 5460 5458
f 5457 5459 5460
f 5398 5461 5401
f 5398 5458 5461
f 5401 5462 5402
f 5401 5461 5462
f 5458 5463 5461
f 5458 5460 5463
f 5461 5464 5462
f 5461 5463 5464
f 5446 5465 5459
f 5446 5454 5465
f 5459 5466 5460
f 5459 5465 5466
f 5454 5467 5465
f 5454 5456 5467
f 5465 5468 5466
f 5465 5467 5468
f 5460 5469 5463
f 5460 5466 5469
f 5463 5470 5464
f 5463 5469 5470
f 5466 5471 5469
f 5466 5468 5471
f 5469 5472 5470
f 5469 5471 5472
f 5416 5474 5473
f 5416 5417 5474
f 5386 5473 5448
f 5386 5416 5473
f 5417 5475 5474
f 5417 5418 5475
f 5473 5476 5346
f 5473 5474 5476
f 5448 5346 5337
f 5448 5473 5346
f 5474 5477 5476
f 5474 5475 5477
f 5418 5478 5475
f 5418 5421 5478
f 5421 5479 5478
f 5421 5422 5479
f 5475 5480 5477
f 5475 5478 5480
f 5478 5481 5480
f 5478 5479 5481
f 5346 5482 5345
f 5346 5476 5482
f 5476 5483 5482
f 5476 5477 5483
f 5345 5484 5347
f 5345 5482 5484
f 5482 5485 5484
f 5482 5483 5485
f 5477 5486 5483
f 5477 5480 5486
f 5480 5487 5486
f 5480 5481 5487
f 5483 5488 5485
f 5483 5486 5488
f 5486 5489 5488
f 5486 5487 5489
f 5422 5490 5479
f 5422 5433 5490
f 5433 5491 5490
f 5433 5434 5491
f 5479 5492 5481
f 5479 5490 5492
f 5490 5493 5492
f 5490 5491 5493
f 5434 5494 5491
f 5434 5436 5494
f 5436 4689 5494
f 5436 4688 4689
f 5491 5495 5493
f 5491 5494 5495
f 5494 4690 5495
f 5494 4689 4690
f 5481 5496 5487
f 5481 5492 5496
f 5492 5497 5496
f 5492 5493 5497
f 5487 5498 5489
f 5487 5496 5498
f 5496 5499 5498
f 5496 5497 5499
f 5493 5500 5497
f 5493 5495 5500
f 5495 4691 5500
f 5495 4690 4691
f 5497 5501 5499
f 5497 5500 5501
f 5500 4692 5501
f 5500 4691 4692
f 5502 5504 5503
f 5502 5505 5504
f 5502 5506 5505
f 5502 5269 5506
f 5502 5268 5269
f 5502 5503 5268
f 5505 5507 5504
f 5505 5508 5507
f 5505 5509 5508
f 5505 5506 5509
f 5508 5510 5507
f 5508 5511 5510
f 5508 5512 5511
f 5508 5509 5512
f 5511 5513 5510
f 5511 5514 5513
f 5511 5515 5514
f 5511 5512 5515
f 5503 5517 5516
f 5503 5504 5517
f 5503 5282 5268
f 5503 5516 5282
f 5504 5518 5517
f 5504 5507 5518
f 5516 5520 5519
f 5516 5517 5520
f 5516 5284 5282
f 5516 5519 5284
f 5517 5521 5520
f 5517 5518 5521
f 5507 5522 5518
f 5507 5510 5522
f 5510 5523 5522
f 5510 5513 5523
f 5518 5524 5521
f 5518 5522 5524
f 5522 5525 5524
f 5522 5523 5525
f 5514 5526 5513
f 5514 5527 5526
f 5514 5528 5527
f 5514 5515 5528
f 5529 5531 5530
f 5529 5532 5531
f 5527 5530 5526
f 5527 5529 5530
f 5527 5532 5529
f 5527 5528 5532
f 5513 5533 5523
f 5513 5526 5533
f 5530 5535 5534
f 5530 5531 5535
f 5526 5534 5533
f 5526 5530 5534
f 5523 5536 5525
f 5523 5533 5536
f 5534 5538 5537
f 5534 5535 5538
f 5533 5537 5536
f 5533 5534 5537
f 5539 5540 5311
f 5539 5541 5540
f 5519 5541 5539
f 5519 5520 5541
f 5519 5311 5284
f 5519 5539 5311
f 5541 5542 5540
f 5541 5543 5542
f 5520 5543 5541
f 5520 5521 5543
f 5543 5544 5542
f 5543 5545 5544
f 5521 5545 5543
f 5521 5524 5545
f 5545 5546 5544
f 5545 5547 5546
f 5524 5547 5545
f 5524 5525 5547
f 5547 5548 5546
f 5547 5549 5548
f 5525 5549 5547
f 5525 5536 5549
f 5549 5550 5548
f 5549 5551 5550
f 5537 5550 5551
f 5537 5538 5550
f 5536 5551 5549
f 5536 5537 5551
f 5269 5552 5506
f 5269 5270 5552
f 5506 5553 5509
f 5506 5552 5553
f 5270 5554 5552
f 5270 5272 5554
f 5552 5555 5553
f 5552 5554 5555
f 5509 5556 5512
f 5509 5553 5556
f 5512 5557 5515
f 5512 5556 5557
f 5553 5558 5556
f 5553 5555 5558
f 5556 5559 5557
f 5556 5558 5559
f 5272 5560 5554
f 5272 5290 5560
f 5554 5561 5555
f 5554 5560 5561
f 5290 5562 5560
f 5290 5292 5562
f 5560 5563 5561
f 5560 5562 5563
f 5555 5564 5558
f 5555 5561 5564
f 5558 5565 5559
f 5558 5564 5565
f 5561 5566 5564
f 5561 5563 5566
f 5564 5567 5565
f 5564 5566 5567
f 5515 5568 5528
f 5515 5557 5568
f 5528 5569 5532
f 5528 5568 5569
f 5557 5570 5568
f 5557 5559 5570
f 5568 5571 5569
f 5568 5570 5571
f 5532 5572 5531
f 5532 5573 5572
f 5532 5574 5573
f 5532 5569 5574
f 5573 5575 5572
f 5573 5576 5575
f 5573 5577 5576
f 5573 5574 5577
f 5569 5578 5574
f 5569 5571 5578
f 5574 5579 5577
f 5574 5578 5579
f 5531 5580 5535
f 5531 5572 5580
f 5572 5581 5580
f 5572 5575 5581
f 5535 5582 5538
f 5535 5580 5582
f 5580 5583 5582
f 5580 5581 5583
f 5559 5584 5570
f 5559 5565 5584
f 5570 5585 5571
f 5570 5584 5585
f 5565 5586 5584
f 5565 5567 5586
f 5584 5587 5585
f 5584 5586 5587
f 5571 5588 5578
f 5571 5585 5588
f 5578 5589 5579
f 5578 5588 5589
f 5585 5590 5588
f 5585 5587 5590
f 5588 5591 5589
f 5588 5590 5591
f 5311 5592 5310
f 5311 5540 5592
f 5540 5593 5592
f 5540 5542 5593
f 5310 5594 5313
f 5310 5592 5594
f 5592 5595 5594
f 5592 5593 5595
f 5542 5596 5593
f 5542 5544 5596
f 5544 5597 5596
f 5544 5546 5597
f 5593 5598 5595
f 5593 5596 5598
f 5596 5599 5598
f 5596 5597 5599
f 5313 5600 5319
f 5313 5594 5600
f 5594 5601 5600
f 5594 5595 5601
f 5319 5602 5321
f 5319 5600 5602
f 5600 5603 5602
f 5600 5601 5603
f 5595 5604 5601
f 5595 5598 5604
f 5598 5605 5604
f 5598 5599 5605
f 5601 5606 5603
f 5601 5604 5606
f 5604 5607 5606
f 5604 5605 5607
f 5546 5608 5597
f 5546 5548 5608
f 5548 5609 5608
f 5548 5550 5609
f 5597 5610 5599
f 5597 5608 5610
f 5608 5611 5610
f 5608 5609 5611
f 5550 5612 5609
f 5550 5613 5612
f 5538 5613 5550
f 5538 5582 5613
f 5613 5614 5612
f 5613 5615 5614
f 5582 5615 5613
f 5582 5583 5615
f 5609 5616 5611
f 5609 5612 5616
f 5612 5617 5616
f 5612 5614 5617
f 5599 5618 5605
f 5599 5610 5618
f 5610 5619 5618
f 5610 5611 5619
f 5605 5620 5607
f 5605 5618 5620
f 5618 5621 5620
f 5618 5619 5621
f 5611 5622 5619
f 5611 5616 5622
f 5616 5623 5622
f 5616 5617 5623
f 5619 5624 5621
f 5619 5622 5624
f 5622 5625 5624
f 5622 5623 5625
f 5626 5628 5627
f 5626 5629 5628
f 5576 5627 5575
f 5576 5626 5627
f 5576 5629 5626
f 5576 5577 5629
f 5577 5630 5629
f 5577 5579 5630
f 5631 5633 5632
f 5631 5634 5633
f 5629 5632 5628
f 5629 5631 5632
f 5629 5634 5631
f 5629 5630 5634
f 5627 5636 5635
f 5627 5628 5636
f 5575 5635 5581
f 5575 5627 5635
f 5635 5638 5637
f 5635 5636 5638
f 5581 5637 5583
f 5581 5635 5637
f 5632 5640 5639
f 5632 5633 5640
f 5628 5639 5636
f 5628 5632 5639
f 5639 5642 5641
f 5639 5640 5642
f 5636 5641 5638
f 5636 5639 5641
f 5579 5643 5630
f 5579 5589 5643
f 5630 5644 5634
f 5630 5643 5644
f 5589 5645 5643
f 5589 5591 5645
f 5643 5646 5644
f 5643 5645 5646
f 5634 5647 5633
f 5634 5648 5647
f 5634 5649 5648
f 5634 5644 5649
f 5650 5652 5651
f 5650 5653 5652
f 5648 5651 5647
f 5648 5650 5651
f 5648 5653 5650
f 5648 5649 5653
f 5644 5654 5649
f 5644 5646 5654
f 5653 5655 5652
f 5653 5656 5655
f 5649 5656 5653
f 5649 5654 5656
f 5633 5657 5640
f 5633 5647 5657
f 5651 5659 5658
f 5651 5652 5659
f 5647 5658 5657
f 5647 5651 5658
f 5640 5660 5642
f 5640 5657 5660
f 5658 5662 5661
f 5658 5659 5662
f 5657 5661 5660
f 5657 5658 5661
f 5652 5663 5659
f 5652 5655 5663
f 5659 5664 5662
f 5659 5663 5664
f 5615 5665 5614
f 5615 5666 5665
f 5637 5665 5666
f 5637 5638 5665
f 5583 5666 5615
f 5583 5637 5666
f 5614 5667 5617
f 5614 5665 5667
f 5665 5668 5667
f 5665 5669 5668
f 5641 5668 5669
f 5641 5642 5668
f 5638 5669 5665
f 5638 5641 5669
f 5617 5670 5623
f 5617 5667 5670
f 5667 5671 5670
f 5667 5668 5671
f 5623 5672 5625
f 5623 5670 5672
f 5670 5673 5672
f 5670 5671 5673
f 5668 5674 5671
f 5668 5675 5674
f 5642 5675 5668
f 5642 5660 5675
f 5675 5676 5674
f 5675 5677 5676
f 5661 5676 5677
f 5661 5662 5676
f 5660 5677 5675
f 5660 5661 5677
f 5671 5678 5673
f 5671 5674 5678
f 5674 5679 5678
f 5674 5676 5679
f 5662 5679 5676
f 5662 5664 5679
f 5292 5680 5562
f 5292 5392 5680
f 5562 5681 5563
f 5562 5680 5681
f 5392 5682 5680
f 5392 5394 5682
f 5680 5683 5681
f 5680 5682 5683
f 5563 5684 5566
f 5563 5681 5684
f 5566 5685 5567
f 5566 5684 5685
f 5681 5686 5684
f 5681 5683 5686
f 5684 5687 5685
f 5684 5686 5687
f 5394 5688 5682
f 5394 5400 5688
f 5682 5689 5683
f 5682 5688 5689
f 5400 5690 5688
f 5400 5402 5690
f 5688 5691 5689
f 5688 5690 5691
f 5683 5692 5686
f 5683 5689 5692
f 5686 5693 5687
f 5686 5692 5693
f 5689 5694 5692
f 5689 5691 5694
f 5694 5696 5695
f 5694 5697 5696
f 5692 5695 5693
f 5692 5694 5695
f 5697 5698 5696
f 5697 5699 5698
f 5699 5700 5698
f 5699 5701 5700
f 5567 5702 5586
f 5567 5685 5702
f 5586 5703 5587
f 5586 5702 5703
f 5685 5704 5702
f 5685 5687 5704
f 5702 5705 5703
f 5702 5704 5705
f 5587 5706 5590
f 5587 5703 5706
f 5590 5707 5591
f 5590 5706 5707
f 5703 5708 5706
f 5703 5705 5708
f 5706 5709 5707
f 5706 5708 5709
f 5687 5710 5704
f 5687 5693 5710
f 5704 5711 5705
f 5704 5710 5711
f 5693 5712 5710
f 5693 5695 5712
f 5710 5713 5711
f 5710 5712 5713
f 5705 5714 5708
f 5705 5711 5714
f 5708 5715 5709
f 5708 5714 5715
f 5711 5716 5714
f 5711 5713 5716
f 5714 5717 5715
f 5714 5716 5717
f 5321 5718 5428
f 5321 5602 5718
f 5602 5719 5718
f 5602 5603 5719
f 5428 5720 5430
f 5428 5718 5720
f 5718 4693 5720
f 5718 5719 4693
f 5603 5721 5719
f 5603 5606 5721
f 5606 5722 5721
f 5606 5607 5722
f 5719 5723 4693
f 5719 5721 5723
f 5721 5724 5723
f 5721 5722 5724
f 5430 4694 4687
f 5430 5720 4694
f 5720 4695 4694
f 5720 4693 4695
f 4693 5723 4698
f 5723 4699 4698
f 5723 5724 4699
f 5607 5725 5722
f 5607 5620 5725
f 5620 5726 5725
f 5620 5621 5726
f 5722 5727 5724
f 5722 5725 5727
f 5725 5728 5727
f 5725 5726 5728
f 5621 5729 5726
f 5621 5624 5729
f 5624 5730 5729
f 5624 5625 5730
f 5726 5731 5728
f 5726 5729 5731
f 5729 5732 5731
f 5729 5730 5732
f 5724 4712 4699
f 5724 5727 4712
f 5727 4713 4712
f 5727 5728 4713
f 5728 5733 4713
f 5728 5731 5733
f 5731 5734 5733
f 5731 5732 5734
f 4713 5733 4718
f 5733 5735 4718
f 5733 5734 5735
f 5402 5736 5690
f 5402 5462 5736
f 5736 5738 5737
f 5736 5739 5738
f 5690 5737 5691
f 5690 5736 5737
f 5736 5740 5739
f 5736 5741 5740
f 5462 5741 5736
f 5462 5464 5741
f 5737 5743 5742
f 5737 5738 5743
f 5694 5743 5697
f 5694 5742 5743
f 5691 5742 5694
f 5691 5737 5742
f 5739 5744 5738
f 5739 5745 5744
f 5745 5746 5744
f 5745 5747 5746
f 5739 5748 5745
f 5739 5740 5748
f 5745 5749 5747
f 5745 5748 5749
f 5738 5750 5743
f 5738 5744 5750
f 5697 5750 5699
f 5697 5743 5750
f 5744 5751 5750
f 5744 5746 5751
f 5699 5751 5701
f 5699 5750 5751
f 5741 5752 5740
f 5741 5753 5752
f 5464 5753 5741
f 5464 5470 5753
f 5753 5754 5752
f 5753 5755 5754
f 5470 5755 5753
f 5470 5472 5755
f 5740 5756 5748
f 5740 5752 5756
f 5748 5757 5749
f 5748 5756 5757
f 5752 5758 5756
f 5752 5754 5758
f 5756 5759 5757
f 5756 5758 5759
f 5760 5762 5761
f 5760 5763 5762
f 5695 5761 5712
f 5695 5760 5761
f 5695 5763 5760
f 5695 5696 5763
f 5712 5764 5713
f 5712 5761 5764
f 5761 5765 5764
f 5761 5766 5765
f 5761 5767 5766
f 5761 5762 5767
f 5713 5768 5716
f 5713 5764 5768
f 5716 5769 5717
f 5716 5768 5769
f 5764 5770 5768
f 5764 5765 5770
f 5768 5771 5769
f 5768 5770 5771
f 5763 5772 5762
f 5763 5773 5772
f 5696 5773 5763
f 5696 5698 5773
f 5773 5774 5772
f 5773 5775 5774
f 5698 5775 5773
f 5698 5700 5775
f 5762 5776 5767
f 5762 5772 5776
f 5772 5777 5776
f 5772 5774 5777
f 5766 5778 5765
f 5766 5779 5778
f 5766 5780 5779
f 5766 5767 5780
f 5779 5781 5778
f 5779 5782 5781
f 5779 5783 5782
f 5779 5780 5783
f 5765 5784 5770
f 5765 5778 5784
f 5770 5785 5771
f 5770 5784 5785
f 5778 5786 5784
f 5778 5781 5786
f 5784 5787 5785
f 5784 5786 5787
f 5767 5788 5780
f 5767 5776 5788
f 5776 5789 5788
f 5776 5777 5789
f 5780 5790 5783
f 5780 5788 5790
f 5788 5791 5790
f 5788 5789 5791
f 5747 5792 5746
f 5747 5749 5792
f 5701 5775 5700
f 5701 5751 5775
f 5746 5793 5751
f 5746 5792 5793
f 5751 5794 5775
f 5751 5793 5794
f 5749 5795 5792
f 5749 5757 5795
f 5757 5796 5795
f 5757 5759 5796
f 5792 5797 5793
f 5792 5795 5797
f 5793 5798 5794
f 5793 5797 5798
f 5795 5799 5797
f 5795 5796 5799
f 5797 5800 5798
f 5797 5799 5800
f 5775 5777 5774
f 5775 5794 5777
f 4718 5801 4746
f 4718 5735 5801
f 4746 5802 4747
f 4746 5801 5802
f 5794 5789 5777
f 5794 5798 5789
f 5798 5791 5789
f 5798 5800 5791
f 4747 5803 4758
f 4747 5802 5803
f 4758 5804 4761
f 4758 5803 5804
f 5591 5805 5645
f 5591 5707 5805
f 5645 5806 5646
f 5645 5805 5806
f 5707 5807 5805
f 5707 5709 5807
f 5805 5808 5806
f 5805 5807 5808
f 5646 5809 5654
f 5646 5806 5809
f 5654 5810 5656
f 5654 5809 5810
f 5806 5811 5809
f 5806 5808 5811
f 5809 5812 5810
f 5809 5811 5812
f 5709 5813 5807
f 5709 5715 5813
f 5807 5814 5808
f 5807 5813 5814
f 5715 5815 5813
f 5715 5717 5815
f 5813 5816 5814
f 5813 5815 5816
f 5808 5817 5811
f 5808 5814 5817
f 5811 5818 5812
f 5811 5817 5818
f 5814 5819 5817
f 5814 5816 5819
f 5817 5820 5818
f 5817 5819 5820
f 5821 5823 5822
f 5821 5824 5823
f 5656 5822 5655
f 5656 5821 5822
f 5656 5824 5821
f 5656 5810 5824
f 5810 5825 5824
f 5810 5812 5825
f 5826 5828 5827
f 5826 5829 5828
f 5824 5827 5823
f 5824 5826 5827
f 5824 5829 5826
f 5824 5825 5829
f 5822 5831 5830
f 5822 5823 5831
f 5655 5830 5663
f 5655 5822 5830
f 5830 5833 5832
f 5830 5831 5833
f 5663 5832 5664
f 5663 5830 5832
f 5827 5835 5834
f 5827 5828 5835
f 5823 5834 5831
f 5823 5827 5834
f 5834 5837 5836
f 5834 5835 5837
f 5831 5836 5833
f 5831 5834 5836
f 5812 5838 5825
f 5812 5818 5838
f 5829 5839 5828
f 5829 5840 5839
f 5825 5840 5829
f 5825 5838 5840
f 5818 5841 5838
f 5818 5820 5841
f 5840 5842 5839
f 5840 5843 5842
f 5838 5843 5840
f 5838 5841 5843
f 5828 5844 5835
f 5828 5839 5844
f 5835 5845 5837
f 5835 5844 5845
f 5839 5846 5844
f 5839 5842 5846
f 5844 5847 5845
f 5844 5846 5847
f 5625 5848 5730
f 5625 5672 5848
f 5672 5849 5848
f 5672 5673 5849
f 5730 5850 5732
f 5730 5848 5850
f 5848 5851 5850
f 5848 5849 5851
f 5673 5852 5849
f 5673 5678 5852
f 5678 5853 5852
f 5678 5679 5853
f 5849 5854 5851
f 5849 5852 5854
f 5852 5855 5854
f 5852 5853 5855
f 5732 5856 5734
f 5732 5850 5856
f 5850 5857 5856
f 5850 5851 5857
f 5734 5858 5735
f 5734 5856 5858
f 5856 5859 5858
f 5856 5857 5859
f 5851 5860 5857
f 5851 5854 5860
f 5854 5861 5860
f 5854 5855 5861
f 5857 5862 5859
f 5857 5860 5862
f 5860 5863 5862
f 5860 5861 5863
f 5679 5864 5853
f 5679 5865 5864
f 5832 5864 5865
f 5832 5833 5864
f 5664 5865 5679
f 5664 5832 5865
f 5853 5866 5855
f 5853 5864 5866
f 5864 5867 5866
f 5864 5868 5867
f 5836 5867 5868
f 5836 5837 5867
f 5833 5868 5864
f 5833 5836 5868
f 5855 5869 5861
f 5855 5866 5869
f 5866 5870 5869
f 5866 5867 5870
f 5837 5870 5867
f 5837 5845 5870
f 5861 5871 5863
f 5861 5869 5871
f 5869 5872 5871
f 5869 5870 5872
f 5845 5872 5870
f 5845 5847 5872
f 5717 5873 5815
f 5717 5769 5873
f 5815 5874 5816
f 5815 5873 5874
f 5769 5875 5873
f 5769 5771 5875
f 5873 5876 5874
f 5873 5875 5876
f 5816 5877 5819
f 5816 5874 5877
f 5819 5878 5820
f 5819 5877 5878
f 5874 5879 5877
f 5874 5876 5879
f 5877 5880 5878
f 5877 5879 5880
f 5771 5881 5875
f 5771 5785 5881
f 5875 5882 5876
f 5875 5881 5882
f 5785 5883 5881
f 5785 5787 5883
f 5881 5884 5882
f 5881 5883 5884
f 5876 5885 5879
f 5876 5882 5885
f 5879 5886 5880
f 5879 5885 5886
f 5882 5887 5885
f 5882 5884 5887
f 5885 5888 5886
f 5885 5887 5888
f 5820 5889 5841
f 5820 5878 5889
f 5843 5890 5842
f 5843 5891 5890
f 5841 5891 5843
f 5841 5889 5891
f 5878 5892 5889
f 5878 5880 5892
f 5889 5893 5891
f 5889 5892 5893
f 5894 5896 5895
f 5894 5897 5896
f 5891 5895 5890
f 5891 5894 5895
f 5891 5897 5894
f 5891 5893 5897
f 5842 5898 5846
f 5842 5890 5898
f 5846 5899 5847
f 5846 5898 5899
f 5895 5901 5900
f 5895 5896 5901
f 5890 5900 5898
f 5890 5895 5900
f 5900 5903 5902
f 5900 5901 5903
f 5898 5902 5899
f 5898 5900 5902
f 5880 5904 5892
f 5880 5886 5904
f 5892 5905 5893
f 5892 5904 5905
f 5886 5906 5904
f 5886 5888 5906
f 5904 5907 5905
f 5904 5906 5907
f 5897 5908 5896
f 5897 5909 5908
f 5893 5909 5897
f 5893 5905 5909
f 5909 5910 5908
f 5909 5911 5910
f 5905 5911 5909
f 5905 5907 5911
f 5896 5912 5901
f 5896 5908 5912
f 5901 5913 5903
f 5901 5912 5913
f 5908 5914 5912
f 5908 5910 5914
f 5912 5915 5913
f 5912 5914 5915
f 5735 5916 5801
f 5735 5858 5916
f 5858 5917 5916
f 5858 5859 5917
f 5801 5918 5802
f 5801 5916 5918
f 5916 5919 5918
f 5916 5917 5919
f 5859 5920 5917
f 5859 5862 5920
f 5862 5921 5920
f 5862 5863 5921
f 5917 5922 5919
f 5917 5920 5922
f 5920 5923 5922
f 5920 5921 5923
f 5802 5924 5803
f 5802 5918 5924
f 5918 5925 5924
f 5918 5919 5925
f 5803 5926 5804
f 5803 5924 5926
f 5924 5927 5926
f 5924 5925 5927
f 5919 5928 5925
f 5919 5922 5928
f 5922 5929 5928
f 5922 5923 5929
f 5925 5930 5927
f 5925 5928 5930
f 5928 5931 5930
f 5928 5929 5931
f 5863 5932 5921
f 5863 5871 5932
f 5871 5933 5932
f 5871 5872 5933
f 5847 5933 5872
f 5847 5899 5933
f 5921 5934 5923
f 5921 5932 5934
f 5932 5935 5934
f 5932 5933 5935
f 5933 5936 5935
f 5933 5937 5936
f 5902 5936 5937
f 5902 5903 5936
f 5899 5937 5933
f 5899 5902 5937
f 5923 5938 5929
f 5923 5934 5938
f 5934 5939 5938
f 5934 5935 5939
f 5929 5940 5931
f 5929 5938 5940
f 5938 5941 5940
f 5938 5939 5941
f 5935 5942 5939
f 5935 5936 5942
f 5903 5942 5936
f 5903 5913 5942
f 5939 5943 5941
f 5939 5942 5943
f 5913 5943 5942
f 5913 5915 5943
f 5330 5944 5451
f 5330 5945 5944
f 5330 5946 5945
f 5330 5331 5946
f 5451 5947 5452
f 5451 5944 5947
f 5945 5948 5944
f 5945 5949 5948
f 5945 5950 5949
f 5945 5946 5950
f 5944 5951 5947
f 5944 5948 5951
f 5452 5952 5455
f 5452 5947 5952
f 5455 5953 5456
f 5455 5952 5953
f 5947 5954 5952
f 5947 5951 5954
f 5952 5955 5953
f 5952 5954 5955
f 5331 5956 5946
f 5331 5339 5956
f 5339 5957 5956
f 5339 5341 5957
f 5946 5958 5950
f 5946 5956 5958
f 5956 5959 5958
f 5956 5957 5959
f 5949 5960 5948
f 5949 5961 5960
f 5949 5962 5961
f 5949 5950 5962
f 5948 5963 5951
f 5948 5960 5963
f 5964 5966 5965
f 5964 5967 5966
f 5961 5965 5960
f 5961 5964 5965
f 5961 5967 5964
f 5961 5962 5967
f 5960 5968 5963
f 5960 5965 5968
f 5951 5969 5954
f 5951 5963 5969
f 5954 5970 5955
f 5954 5969 5970
f 5963 5971 5969
f 5963 5968 5971
f 5969 5972 5970
f 5969 5971 5972
f 5950 5973 5962
f 5950 5958 5973
f 5958 5974 5973
f 5958 5959 5974
f 5967 5975 5966
f 5967 5976 5975
f 5962 5976 5967
f 5962 5973 5976
f 5976 5977 5975
f 5976 5978 5977
f 5973 5978 5976
f 5973 5974 5978
f 5456 5979 5467
f 5456 5953 5979
f 5467 5980 5468
f 5467 5979 5980
f 5953 5981 5979
f 5953 5955 5981
f 5979 5982 5980
f 5979 5981 5982
f 5468 5983 5471
f 5468 5980 5983
f 5471 5984 5472
f 5471 5983 5984
f 5980 5985 5983
f 5980 5982 5985
f 5983 5986 5984
f 5983 5985 5986
f 5955 5987 5981
f 5955 5970 5987
f 5981 5988 5982
f 5981 5987 5988
f 5970 5989 5987
f 5970 5972 5989
f 5987 5990 5988
f 5987 5989 5990
f 5982 5991 5985
f 5982 5988 5991
f 5985 5992 5986
f 5985 5991 5992
f 5988 5993 5991
f 5988 5990 5993
f 5991 5994 5992
f 5991 5993 5994
f 5347 5996 5995
f 5347 5484 5996
f 5341 5995 5957
f 5341 5347 5995
f 5484 5997 5996
f 5484 5485 5997
f 5995 5999 5998
f 5995 5996 5999
f 5957 5998 5959
f 5957 5995 5998
f 5996 6000 5999
f 5996 5997 6000
f 5485 6001 5997
f 5485 5488 6001
f 5488 6002 6001
f 5488 5489 6002
f 5997 6003 6000
f 5997 6001 6003
f 6001 6004 6003
f 6001 6002 6004
f 5998 6006 6005
f 5998 5999 6006
f 5959 6005 5974
f 5959 5998 6005
f 5999 6007 6006
f 5999 6000 6007
f 5978 6008 5977
f 5978 6009 6008
f 6005 6008 6009
f 6005 6006 6008
f 5974 6009 5978
f 5974 6005 6009
f 6006 6010 6008
f 6006 6007 6010
f 6000 6011 6007
f 6000 6003 6011
f 6003 6012 6011
f 6003 6004 6012
f 6007 6013 6010
f 6007 6011 6013
f 6011 6014 6013
f 6011 6012 6014
f 5489 6015 6002
f 5489 5498 6015
f 5498 6016 6015
f 5498 5499 6016
f 6002 6017 6004
f 6002 6015 6017
f 6015 6018 6017
f 6015 6016 6018
f 5499 6019 6016
f 5499 5501 6019
f 5501 5059 6019
f 5501 4692 5059
f 6016 6020 6018
f 6016 6019 6020
f 6019 6021 6020
f 6019 5059 6021
f 6004 6022 6012
f 6004 6017 6022
f 6017 6023 6022
f 6017 6018 6023
f 6012 6024 6014
f 6012 6022 6024
f 6022 6025 6024
f 6022 6023 6025
f 6018 6026 6023
f 6018 6020 6026
f 6020 6027 6026
f 6020 6021 6027
f 6023 6028 6025
f 6023 6026 6028
f 6026 6029 6028
f 6026 6027 6029
f 5965 6030 5968
f 5965 6031 6030
f 5965 6032 6031
f 5965 5966 6032
f 6033 6035 6034
f 6033 6036 6035
f 6031 6034 6030
f 6031 6033 6034
f 6031 6036 6033
f 6031 6032 6036
f 5968 6037 5971
f 5968 6030 6037
f 5971 6038 5972
f 5971 6037 6038
f 6030 6039 6037
f 6030 6034 6039
f 6037 6040 6038
f 6037 6039 6040
f 5966 6041 6032
f 5966 5975 6041
f 5975 6042 6041
f 5975 5977 6042
f 6036 6043 6035
f 6036 6044 6043
f 6032 6044 6036
f 6032 6041 6044
f 6044 6045 6043
f 6044 6046 6045
f 6041 6046 6044
f 6041 6042 6046
f 6047 6049 6048
f 6047 6050 6049
f 6034 6048 6039
f 6034 6047 6048
f 6034 6050 6047
f 6034 6035 6050
f 6039 6051 6040
f 6039 6048 6051
f 6052 6054 6053
f 6052 6055 6054
f 6048 6053 6051
f 6048 6052 6053
f 6048 6055 6052
f 6048 6049 6055
f 6050 6056 6049
f 6050 6057 6056
f 6035 6057 6050
f 6035 6043 6057
f 6057 6058 6056
f 6057 6059 6058
f 6043 6059 6057
f 6043 6045 6059
f 6055 6060 6054
f 6055 6061 6060
f 6049 6061 6055
f 6049 6056 6061
f 6061 6062 6060
f 6061 6063 6062
f 6056 6063 6061
f 6056 6058 6063
f 5972 6064 5989
f 5972 6038 6064
f 5989 6065 5990
f 5989 6064 6065
f 6038 6066 6064
f 6038 6040 6066
f 6064 6067 6065
f 6064 6066 6067
f 5990 6068 5993
f 5990 6065 6068
f 5993 6069 5994
f 5993 6068 6069
f 6065 6070 6068
f 6065 6067 6070
f 6068 6071 6069
f 6068 6070 6071
f 6040 6072 6066
f 6040 6051 6072
f 6066 6073 6067
f 6066 6072 6073
f 6053 6075 6074
f 6053 6054 6075
f 6051 6074 6072
f 6051 6053 6074
f 6072 6076 6073
f 6072 6074 6076
f 6067 6077 6070
f 6067 6073 6077
f 6070 6078 6071
f 6070 6077 6078
f 6073 6079 6077
f 6073 6076 6079
f 6077 6080 6078
f 6077 6079 6080
f 6054 6081 6075
f 6054 6060 6081
f 6060 6082 6081
f 6060 6062 6082
f 6008 6084 6083
f 6008 6010 6084
f 5977 6083 6042
f 5977 6008 6083
f 6046 6085 6045
f 6046 6086 6085
f 6083 6085 6086
f 6083 6084 6085
f 6042 6086 6046
f 6042 6083 6086
f 6010 6087 6084
f 6010 6013 6087
f 6013 6088 6087
f 6013 6014 6088
f 6084 6089 6085
f 6084 6087 6089
f 6087 6090 6089
f 6087 6088 6090
f 6059 6091 6058
f 6059 6092 6091
f 6085 6091 6092
f 6085 6089 6091
f 6045 6092 6059
f 6045 6085 6092
f 6089 6093 6091
f 6089 6090 6093
f 6063 6094 6062
f 6063 6095 6094
f 6091 6094 6095
f 6091 6093 6094
f 6058 6095 6063
f 6058 6091 6095
f 6014 6096 6088
f 6014 6024 6096
f 6024 6097 6096
f 6024 6025 6097
f 6088 6098 6090
f 6088 6096 6098
f 6096 6099 6098
f 6096 6097 6099
f 6025 6100 6097
f 6025 6028 6100
f 6028 6101 6100
f 6028 6029 6101
f 6097 6102 6099
f 6097 6100 6102
f 6100 6103 6102
f 6100 6101 6103
f 6090 6104 6093
f 6090 6098 6104
f 6098 6105 6104
f 6098 6099 6105
f 6062 6106 6082
f 6062 6094 6106
f 6093 6106 6094
f 6093 6104 6106
f 6104 6107 6106
f 6104 6105 6107
f 6099 6108 6105
f 6099 6102 6108
f 6102 6109 6108
f 6102 6103 6109
f 6105 6110 6107
f 6105 6108 6110
f 6108 6111 6110
f 6108 6109 6111
f 6112 6114 6113
f 6112 6115 6114
f 6074 6113 6076
f 6074 6112 6113
f 6074 6115 6112
f 6074 6075 6115
f 6076 6116 6079
f 6076 6113 6116
f 6079 6117 6080
f 6079 6116 6117
f 6118 6120 6119
f 6118 6121 6120
f 6113 6119 6116
f 6113 6118 6119
f 6113 6121 6118
f 6113 6114 6121
f 6119 6123 6122
f 6119 6120 6123
f 6116 6122 6117
f 6116 6119 6122
f 6115 6124 6114
f 6115 6125 6124
f 6075 6125 6115
f 6075 6081 6125
f 6125 6126 6124
f 6125 6127 6126
f 6081 6127 6125
f 6081 6082 6127
f 6121 6128 6120
f 6121 6129 6128
f 6114 6129 6121
f 6114 6124 6129
f 6120 6130 6123
f 6120 6128 6130
f 6129 6131 6128
f 6129 6132 6131
f 6124 6132 6129
f 6124 6126 6132
f 6128 6133 6130
f 6128 6131 6133
f 6127 6134 6126
f 6127 6135 6134
f 6106 6134 6135
f 6106 6107 6134
f 6082 6135 6127
f 6082 6106 6135
f 6107 6136 6134
f 6107 6110 6136
f 6110 6137 6136
f 6110 6111 6137
f 6132 6138 6131
f 6132 6139 6138
f 6134 6138 6139
f 6134 6136 6138
f 6126 6139 6132
f 6126 6134 6139
f 6131 6140 6133
f 6131 6138 6140
f 6136 6140 6138
f 6136 6137 6140
f 5472 6141 5755
f 5472 5984 6141
f 6142 6144 6143
f 6142 6145 6144
f 5755 6143 5754
f 5755 6142 6143
f 5755 6145 6142
f 5755 6141 6145
f 5984 6146 6141
f 5984 5986 6146
f 6141 6147 6145
f 6141 6146 6147
f 6145 6148 6144
f 6145 6149 6148
f 6145 6150 6149
f 6145 6147 6150
f 6149 6151 6148
f 6149 6152 6151
f 6149 6153 6152
f 6149 6150 6153
f 6143 6155 6154
f 6143 6144 6155
f 5754 6154 5758
f 5754 6143 6154
f 6154 6156 5796
f 6154 6155 6156
f 5758 5796 5759
f 5758 6154 5796
f 6144 6157 6155
f 6144 6148 6157
f 6148 6158 6157
f 6148 6151 6158
f 6155 6159 6156
f 6155 6157 6159
f 6157 6160 6159
f 6157 6158 6160
f 5986 6161 6146
f 5986 5992 6161
f 6146 6162 6147
f 6146 6161 6162
f 5992 6163 6161
f 5992 5994 6163
f 6161 6164 6162
f 6161 6163 6164
f 6147 6165 6150
f 6147 6162 6165
f 6150 6166 6153
f 6150 6165 6166
f 6162 6167 6165
f 6162 6164 6167
f 6165 6168 6166
f 6165 6167 6168
f 6169 5783 6170
f 6169 5782 5783
f 6169 6171 5782
f 6169 6152 6171
f 6169 6151 6152
f 6169 6170 6151
f 5782 6172 5781
f 5782 6171 6172
f 6152 6173 6171
f 6152 6153 6173
f 6171 6174 6172
f 6171 6173 6174
f 5781 6175 5786
f 5781 6172 6175
f 5786 6176 5787
f 5786 6175 6176
f 6172 6177 6175
f 6172 6174 6177
f 6175 6178 6176
f 6175 6177 6178
f 6170 5790 6179
f 6170 5783 5790
f 6170 6158 6151
f 6170 6179 6158
f 6179 5791 5800
f 6179 5790 5791
f 6179 6160 6158
f 6179 5800 6160
f 6153 6180 6173
f 6153 6166 6180
f 6173 6181 6174
f 6173 6180 6181
f 6166 6182 6180
f 6166 6168 6182
f 6180 6183 6181
f 6180 6182 6183
f 6174 6184 6177
f 6174 6181 6184
f 6177 6185 6178
f 6177 6184 6185
f 6181 6186 6184
f 6181 6183 6186
f 6184 6187 6185
f 6184 6186 6187
f 5059 5063 6021
f 5796 6159 5799
f 5796 6156 6159
f 5799 6160 5800
f 5799 6159 6160
f 6021 6188 6027
f 6021 5063 6188
f 5063 6189 6188
f 5063 5064 6189
f 6027 6190 6029
f 6027 6188 6190
f 6188 6191 6190
f 6188 6189 6191
f 5064 6192 6189
f 5064 5067 6192
f 5067 6193 6192
f 5067 5069 6193
f 6189 6194 6191
f 6189 6192 6194
f 6192 6195 6194
f 6192 6193 6195
f 5083 6197 6196
f 5083 5084 6197
f 5069 5087 6196
f 5083 6196 5087
f 4761 6198 5088
f 4761 5804 6198
f 5084 6199 6197
f 5084 5088 6199
f 5088 6200 6199
f 5088 6198 6200
f 5069 6201 6193
f 5069 6196 6201
f 6196 6202 6201
f 6196 6197 6202
f 6193 6203 6195
f 6193 6201 6203
f 6201 6204 6203
f 6201 6202 6204
f 6197 6205 6202
f 6197 6199 6205
f 6199 6206 6205
f 6199 6200 6206
f 6202 6207 6204
f 6202 6205 6207
f 6205 6208 6207
f 6205 6206 6208
f 5994 6209 6163
f 5994 6069 6209
f 6163 6210 6164
f 6163 6209 6210
f 6069 6211 6209
f 6069 6071 6211
f 6209 6212 6210
f 6209 6211 6212
f 6164 6213 6167
f 6164 6210 6213
f 6167 6214 6168
f 6167 6213 6214
f 6210 6215 6213
f 6210 6212 6215
f 6213 6216 6214
f 6213 6215 6216
f 6071 6217 6211
f 6071 6078 6217
f 6211 6218 6212
f 6211 6217 6218
f 6078 6219 6217
f 6078 6080 6219
f 6217 6220 6218
f 6217 6219 6220
f 6212 6221 6215
f 6212 6218 6221
f 6215 6222 6216
f 6215 6221 6222
f 6218 6223 6221
f 6218 6220 6223
f 6221 6224 6222
f 6221 6223 6224
f 6168 6225 6182
f 6168 6214 6225
f 6182 6226 6183
f 6182 6225 6226
f 6214 6227 6225
f 6214 6216 6227
f 6225 6228 6226
f 6225 6227 6228
f 6183 6229 6186
f 6183 6226 6229
f 6186 6230 6187
f 6186 6229 6230
f 6226 6231 6229
f 6226 6228 6231
f 6229 6232 6230
f 6229 6231 6232
f 6216 6233 6227
f 6216 6222 6233
f 6227 6234 6228
f 6227 6233 6234
f 6222 6235 6233
f 6222 6224 6235
f 6233 6236 6234
f 6233 6235 6236
f 6228 6237 6231
f 6228 6234 6237
f 6231 6238 6232
f 6231 6237 6238
f 6234 6239 6237
f 6234 6236 6239
f 6237 6240 6238
f 6237 6239 6240
f 6029 6241 6101
f 6029 6190 6241
f 6190 6242 6241
f 6190 6191 6242
f 6101 6243 6103
f 6101 6241 6243
f 6241 6244 6243
f 6241 6242 6244
f 6191 6245 6242
f 6191 6194 6245
f 6194 6246 6245
f 6194 6195 6246
f 6242 6247 6244
f 6242 6245 6247
f 6245 6248 6247
f 6245 6246 6248
f 6103 6249 6109
f 6103 6243 6249
f 6243 6250 6249
f 6243 6244 6250
f 6109 6251 6111
f 6109 6249 6251
f 6249 6252 6251
f 6249 6250 6252
f 6244 6253 6250
f 6244 6247 6253
f 6247 6254 6253
f 6247 6248 6254
f 6250 6255 6252
f 6250 6253 6255
f 6253 6256 6255
f 6253 6254 6256
f 6195 6257 6246
f 6195 6203 6257
f 6203 6258 6257
f 6203 6204 6258
f 6246 6259 6248
f 6246 6257 6259
f 6257 6260 6259
f 6257 6258 6260
f 6204 6261 6258
f 6204 6207 6261
f 6207 6262 6261
f 6207 6208 6262
f 6258 6263 6260
f 6258 6261 6263
f 6261 6264 6263
f 6261 6262 6264
f 6248 6265 6254
f 6248 6259 6265
f 6259 6266 6265
f 6259 6260 6266
f 6254 6267 6256
f 6254 6265 6267
f 6265 6268 6267
f 6265 6266 6268
f 6260 6269 6266
f 6260 6263 6269
f 6263 6270 6269
f 6263 6264 6270
f 6266 6271 6268
f 6266 6269 6271
f 6269 6272 6271
f 6269 6270 6272
f 5787 6273 5883
f 5787 6176 6273
f 5883 6274 5884
f 5883 6273 6274
f 6176 6275 6273
f 6176 6178 6275
f 6273 6276 6274
f 6273 6275 6276
f 5884 6277 5887
f 5884 6274 6277
f 5887 6278 5888
f 5887 6277 6278
f 6274 6279 6277
f 6274 6276 6279
f 6277 6280 6278
f 6277 6279 6280
f 6178 6281 6275
f 6178 6185 6281
f 6275 6282 6276
f 6275 6281 6282
f 6185 6283 6281
f 6185 6187 6283
f 6281 6284 6282
f 6281 6283 6284
f 6276 6285 6279
f 6276 6282 6285
f 6279 6286 6280
f 6279 6285 6286
f 6282 6287 6285
f 6282 6284 6287
f 6285 6288 6286
f 6285 6287 6288
f 5888 6289 5906
f 5888 6278 6289
f 5906 6290 5907
f 5906 6289 6290
f 6278 6291 6289
f 6278 6280 6291
f 6290 6293 6292
f 6290 6294 6293
f 6289 6294 6290
f 6289 6291 6294
f 6290 6296 6295
f 6290 6292 6296
f 5911 6296 5910
f 5911 6295 6296
f 5907 6295 5911
f 5907 6290 6295
f 6292 6298 6297
f 6292 6293 6298
f 6297 6300 6299
f 6297 6298 6300
f 6292 6301 6296
f 6292 6297 6301
f 5910 6301 5914
f 5910 6296 6301
f 6297 6302 6301
f 6297 6299 6302
f 5914 6302 5915
f 5914 6301 6302
f 6280 6303 6291
f 6280 6286 6303
f 6294 6304 6293
f 6294 6305 6304
f 6291 6305 6294
f 6291 6303 6305
f 6286 6306 6303
f 6286 6288 6306
f 6306 6308 6307
f 6306 6309 6308
f 6305 6308 6304
f 6305 6307 6308
f 6303 6307 6305
f 6303 6306 6307
f 6293 6310 6298
f 6293 6304 6310
f 6298 6311 6300
f 6298 6310 6311
f 6309 6312 6308
f 6309 6313 6312
f 6304 6312 6310
f 6304 6308 6312
f 6313 6314 6312
f 6313 6315 6314
f 6310 6314 6311
f 6310 6312 6314
f 5804 6316 6198
f 5804 5926 6316
f 5926 6317 6316
f 5926 5927 6317
f 6198 6318 6200
f 6198 6316 6318
f 6316 6319 6318
f 6316 6317 6319
f 5927 6320 6317
f 5927 5930 6320
f 5930 6321 6320
f 5930 5931 6321
f 6317 6322 6319
f 6317 6320 6322
f 6320 6323 6322
f 6320 6321 6323
f 6200 6324 6206
f 6200 6318 6324
f 6318 6325 6324
f 6318 6319 6325
f 6206 6326 6208
f 6206 6324 6326
f 6324 6327 6326
f 6324 6325 6327
f 6319 6328 6325
f 6319 6322 6328
f 6322 6329 6328
f 6322 6323 6329
f 6325 6330 6327
f 6325 6328 6330
f 6328 6331 6330
f 6328 6329 6331
f 5931 6332 6321
f 5931 5940 6332
f 5940 6333 6332
f 5940 5941 6333
f 6321 6334 6323
f 6321 6332 6334
f 6332 6335 6334
f 6332 6333 6335
f 6299 6335 6333
f 6299 6300 6335
f 6299 6336 6302
f 6299 6333 6336
f 5941 6336 6333
f 5941 5943 6336
f 5915 6336 5943
f 5915 6302 6336
f 6323 6337 6329
f 6323 6334 6337
f 6334 6338 6337
f 6334 6335 6338
f 6300 6338 6335
f 6300 6311 6338
f 6329 6339 6331
f 6329 6337 6339
f 6315 6340 6314
f 6315 6339 6340
f 6337 6340 6339
f 6337 6338 6340
f 6311 6340 6338
f 6311 6314 6340
f 6187 6341 6283
f 6187 6230 6341
f 6283 6342 6284
f 6283 6341 6342
f 6230 6343 6341
f 6230 6232 6343
f 6341 6344 6342
f 6341 6343 6344
f 6284 6345 6287
f 6284 6342 6345
f 6287 6346 6288
f 6287 6345 6346
f 6342 6347 6345
f 6342 6344 6347
f 6345 6348 6346
f 6345 6347 6348
f 6232 6349 6343
f 6232 6238 6349
f 6343 6350 6344
f 6343 6349 6350
f 6238 6351 6349
f 6238 6240 6351
f 6349 6352 6350
f 6349 6351 6352
f 6344 6353 6347
f 6344 6350 6353
f 6353 6355 6354
f 6353 6356 6355
f 6348 6355 6357
f 6348 6354 6355
f 6347 6354 6348
f 6347 6353 6354
f 6352 6359 6358
f 6352 6360 6359
f 6353 6359 6356
f 6353 6358 6359
f 6350 6358 6353
f 6350 6352 6358
f 6356 6361 6355
f 6356 6362 6361
f 6357 6361 6363
f 6357 6355 6361
f 6362 6364 6361
f 6362 6365 6364
f 6363 6364 6366
f 6363 6361 6364
f 6360 6367 6359
f 6360 6368 6367
f 6356 6367 6362
f 6356 6359 6367
f 6368 6369 6367
f 6368 6370 6369
f 6362 6369 6365
f 6362 6367 6369
f 6306 6371 6309
f 6306 6372 6371
f 6288 6372 6306
f 6288 6346 6372
f 6348 6374 6373
f 6348 6357 6374
f 6372 6374 6371
f 6372 6373 6374
f 6346 6373 6372
f 6346 6348 6373
f 6309 6375 6313
f 6309 6371 6375
f 6313 6376 6315
f 6313 6375 6376
f 6357 6377 6374
f 6357 6363 6377
f 6371 6377 6375
f 6371 6374 6377
f 6363 6378 6377
f 6363 6366 6378
f 6375 6378 6376
f 6375 6377 6378
f 6208 6379 6262
f 6208 6326 6379
f 6326 6380 6379
f 6326 6327 6380
f 6262 6381 6264
f 6262 6379 6381
f 6379 6382 6381
f 6379 6380 6382
f 6327 6383 6380
f 6327 6330 6383
f 6330 6384 6383
f 6330 6331 6384
f 6380 6385 6382
f 6380 6383 6385
f 6383 6386 6385
f 6383 6384 6386
f 6264 6387 6270
f 6264 6381 6387
f 6381 6388 6387
f 6381 6382 6388
f 6270 6389 6272
f 6270 6387 6389
f 6387 6390 6389
f 6387 6388 6390
f 6382 6391 6388
f 6382 6385 6391
f 6365 6392 6364
f 6365 6391 6392
f 6385 6392 6391
f 6385 6386 6392
f 6366 6392 6386
f 6366 6364 6392
f 6370 6393 6369
f 6370 6390 6393
f 6388 6393 6390
f 6388 6391 6393
f 6365 6393 6391
f 6365 6369 6393
f 6331 6394 6384
f 6331 6339 6394
f 6315 6394 6339
f 6315 6376 6394
f 6366 6395 6378
f 6366 6386 6395
f 6384 6395 6386
f 6384 6394 6395
f 6376 6395 6394
f 6376 6378 6395
f 6080 6396 6219
f 6080 6117 6396
f 6219 6397 6220
f 6219 6396 6397
f 6122 6399 6398
f 6122 6123 6399
f 6117 6398 6396
f 6117 6122 6398
f 6398 6401 6400
f 6398 6399 6401
f 6396 6400 6397
f 6396 6398 6400
f 6220 6402 6223
f 6220 6397 6402
f 6223 6403 6224
f 6223 6402 6403
f 6400 6405 6404
f 6400 6401 6405
f 6397 6404 6402
f 6397 6400 6404
f 6404 6407 6406
f 6404 6405 6407
f 6402 6406 6403
f 6402 6404 6406
f 6123 6408 6399
f 6123 6130 6408
f 6399 6409 6401
f 6399 6408 6409
f 6130 6410 6408
f 6130 6133 6410
f 6408 6411 6409
f 6408 6410 6411
f 6401 6412 6405
f 6401 6409 6412
f 6405 6413 6407
f 6405 6412 6413
f 6409 6414 6412
f 6409 6411 6414
f 6412 6415 6413
f 6412 6414 6415
f 6224 6416 6235
f 6224 6403 6416
f 6235 6417 6236
f 6235 6416 6417
f 6406 6419 6418
f 6406 6407 6419
f 6403 6418 6416
f 6403 6406 6418
f 6418 6421 6420
f 6418 6419 6421
f 6416 6420 6417
f 6416 6418 6420
f 6236 6422 6239
f 6236 6417 6422
f 6239 6423 6240
f 6239 6422 6423
f 6420 6425 6424
f 6420 6421 6425
f 6417 6424 6422
f 6417 6420 6424
f 6424 6427 6426
f 6424 6425 6427
f 6423 6427 6428
f 6423 6426 6427
f 6422 6426 6423
f 6422 6424 6426
f 6407 6429 6419
f 6407 6413 6429
f 6419 6430 6421
f 6419 6429 6430
f 6413 6431 6429
f 6413 6415 6431
f 6429 6432 6430
f 6429 6431 6432
f 6421 6433 6425
f 6421 6430 6433
f 6425 6434 6427
f 6425 6433 6434
f 6428 6434 6435
f 6428 6427 6434
f 6430 6436 6433
f 6430 6432 6436
f 6433 6437 6434
f 6433 6436 6437
f 6435 6437 6438
f 6435 6434 6437
f 6111 6439 6137
f 6111 6251 6439
f 6251 6440 6439
f 6251 6252 6440
f 6133 6441 6410
f 6133 6140 6441
f 6137 6441 6140
f 6137 6439 6441
f 6410 6442 6411
f 6410 6441 6442
f 6439 6442 6441
f 6439 6440 6442
f 6252 6443 6440
f 6252 6255 6443
f 6255 6444 6443
f 6255 6256 6444
f 6411 6445 6414
f 6411 6442 6445
f 6440 6445 6442
f 6440 6443 6445
f 6414 6446 6415
f 6414 6445 6446
f 6443 6446 6445
f 6443 6444 6446
f 6256 6447 6444
f 6256 6267 6447
f 6267 6448 6447
f 6267 6268 6448
f 6415 6449 6431
f 6415 6446 6449
f 6444 6449 6446
f 6444 6447 6449
f 6431 6450 6432
f 6431 6449 6450
f 6447 6450 6449
f 6447 6448 6450
f 6268 6451 6448
f 6268 6271 6451
f 6271 6452 6451
f 6271 6272 6452
f 6432 6453 6436
f 6432 6450 6453
f 6448 6453 6450
f 6448 6451 6453
f 6436 6454 6437
f 6436 6453 6454
f 6451 6454 6453
f 6451 6452 6454
f 6438 6454 6452
f 6438 6437 6454
f 6423 6456 6455
f 6423 6428 6456
f 6240 6455 6351
f 6240 6423 6455
f 6455 6458 6457
f 6455 6456 6458
f 6352 6458 6360
f 6352 6457 6458
f 6351 6457 6352
f 6351 6455 6457
f 6428 6459 6456
f 6428 6435 6459
f 6456 6460 6458
f 6456 6459 6460
f 6360 6460 6368
f 6360 6458 6460
f 6435 6461 6459
f 6435 6438 6461
f 6459 6462 6460
f 6459 6461 6462
f 6368 6462 6370
f 6368 6460 6462
f 6438 6463 6461
f 6438 6452 6463
f 6272 6463 6452
f 6272 6389 6463
f 6461 6464 6462
f 6461 6463 6464
f 6389 6464 6463
f 6389 6390 6464
f 6370 6464 6390
f 6370 6462 6464

