# https://github.com/mikedh/trimesh

o 0.obj
v -0.34367811 0.39412156 -0.58701788
v -0.34792231 0.38205253 -0.57444824
v -0.34508557 0.37462928 -0.59070221
v -0.33346723 0.38204785 -0.59811533
v -0.32781480 0.39732869 -0.59076693
v -0.33352104 0.40367901 -0.57449191
v -0.31349306 0.38215078 -0.59837109
v -0.30480582 0.39743552 -0.59086284
v -0.31347278 0.40401196 -0.57458938
v -0.34804473 0.35858350 -0.57449269
v -0.34511208 0.34985649 -0.59076070
v -0.33350700 0.35853671 -0.59829234
v -0.34804473 0.33244771 -0.57450439
v -0.34511208 0.32372616 -0.59076148
v -0.33350466 0.33241340 -0.59829234
v -0.31350553 0.35854061 -0.59862919
v -0.31349930 0.33241808 -0.59862919
v -0.34804473 0.30631503 -0.57450439
v -0.34511208 0.29759348 -0.59076148
v -0.33350466 0.30628072 -0.59829234
v -0.34804473 0.28018236 -0.57450439
v -0.34511208 0.27146081 -0.59076148
v -0.33350466 0.28014805 -0.59829234
v -0.31349930 0.30628540 -0.59862919
v -0.31349930 0.28015273 -0.59862919
v -0.34804473 0.25404890 -0.57450439
v -0.34511208 0.24532814 -0.59076148
v -0.33350466 0.25401538 -0.59829234
v -0.34804473 0.22791623 -0.57450439
v -0.34511208 0.21919546 -0.59076148
v -0.33350466 0.22788270 -0.59829234
v -0.31349930 0.25402005 -0.59862919
v -0.31349930 0.22788738 -0.59862919
v -0.28740873 0.38215546 -0.59837265
v -0.27870200 0.39743786 -0.59086284
v -0.28741029 0.40401586 -0.57459796
v -0.26127605 0.38215546 -0.59837265
v -0.25256932 0.39743786 -0.59086284
v -0.26127761 0.40401586 -0.57459796
v -0.28741029 0.35854373 -0.59863075
v -0.28740327 0.33241808 -0.59863075
v -0.26127761 0.35854373 -0.59863075
v -0.26127060 0.33241808 -0.59863075
v -0.23514338 0.38215546 -0.59837265
v -0.22643665 0.39743786 -0.59086284
v -0.23514494 0.40401586 -0.57459796
v -0.20901071 0.38215546 -0.59837265
v -0.20030397 0.39743786 -0.59086284
v -0.20901227 0.40401586 -0.57459796
v -0.23514416 0.35854373 -0.59863075
v -0.23513792 0.33241808 -0.59863075
v -0.20901149 0.35854373 -0.59863075
v -0.20900525 0.33241808 -0.59863075
v -0.28740327 0.30628540 -0.59863075
v -0.28740327 0.28015273 -0.59863075
v -0.26127060 0.30628540 -0.59863075
v -0.26127060 0.28015273 -0.59863075
v -0.28740327 0.25402005 -0.59863075
v -0.28740327 0.22788738 -0.59863075
v -0.26127060 0.25402005 -0.59863075
v -0.26127060 0.22788738 -0.59863075
v -0.23513792 0.30628540 -0.59863075
v -0.23513792 0.28015273 -0.59863075
v -0.20900525 0.30628540 -0.59863075
v -0.20900525 0.28015273 -0.59863075
v -0.23513792 0.25402005 -0.59863075
v -0.23513792 0.22788738 -0.59863075
v -0.20900525 0.25402005 -0.59863075
v -0.20900525 0.22788738 -0.59863075
v -0.34804473 0.20178356 -0.57450439
v -0.34511208 0.19306279 -0.59076148
v -0.33350466 0.20174925 -0.59829234
v -0.34804473 0.17565088 -0.57450439
v -0.34511208 0.16693012 -0.59076148
v -0.33350466 0.17561657 -0.59829234
v -0.31349930 0.20175471 -0.59862919
v -0.31349930 0.17562203 -0.59862919
v -0.34804473 0.14951821 -0.57450439
v -0.34511442 0.14079588 -0.59075758
v -0.33350466 0.14948390 -0.59829234
v -0.34804785 0.12338476 -0.57449971
v -0.34518304 0.11466399 -0.59068818
v -0.33350856 0.12334967 -0.59828922
v -0.31349930 0.14948858 -0.59862919
v -0.31349930 0.12335591 -0.59862919
v -0.34811803 0.09725130 -0.57442875
v -0.34511676 0.08853053 -0.59075680
v -0.33357796 0.09721855 -0.59821748
v -0.34811491 0.07112019 -0.57443109
v -0.34518226 0.06239864 -0.59068896
v -0.33357562 0.07108510 -0.59822060
v -0.31350085 0.09722323 -0.59862919
v -0.31350163 0.07109056 -0.59862919
v -0.34804473 0.04498595 -0.57450361
v -0.34511208 0.03626597 -0.59076148
v -0.33350544 0.04495321 -0.59829234
v -0.34804473 0.01885406 -0.57450439
v -0.34511208 0.01013329 -0.59076148
v -0.33350466 0.01881975 -0.59829234
v -0.31350008 0.04495866 -0.59862919
v -0.31349930 0.01882521 -0.59862919
v -0.28740327 0.20175471 -0.59863075
v -0.28740327 0.17562203 -0.59863075
v -0.26127060 0.20175471 -0.59863075
v -0.26127060 0.17562203 -0.59863075
v -0.28740327 0.14948858 -0.59863075
v -0.28740327 0.12335591 -0.59863075
v -0.26127060 0.14948858 -0.59863075
v -0.26127060 0.12335591 -0.59863075
v -0.23513792 0.20175471 -0.59863075
v -0.23513792 0.17562203 -0.59863075
v -0.20900525 0.20175471 -0.59863075
v -0.20900525 0.17562203 -0.59863075
v -0.23513792 0.14948858 -0.59863075
v -0.23513792 0.12335591 -0.59863075
v -0.20900525 0.14948858 -0.59863075
v -0.20900525 0.12335591 -0.59863075
v -0.28740327 0.09722323 -0.59863075
v -0.28740327 0.07109056 -0.59863075
v -0.26127060 0.09722323 -0.59863075
v -0.26127060 0.07109056 -0.59863075
v -0.28740327 0.04495788 -0.59863075
v -0.28740327 0.01882521 -0.59863075
v -0.26127060 0.04495788 -0.59863075
v -0.26127060 0.01882521 -0.59863075
v -0.23513792 0.09722323 -0.59863075
v -0.23513792 0.07109056 -0.59863075
v -0.20900525 0.09722323 -0.59863075
v -0.20900525 0.07109056 -0.59863075
v -0.23513792 0.04495788 -0.59863075
v -0.23513792 0.01882521 -0.59863075
v -0.20900525 0.04495788 -0.59863075
v -0.20900525 0.01882521 -0.59863075
v -0.18287803 0.38215546 -0.59837265
v -0.17417052 0.39743786 -0.59086284
v -0.18287881 0.40401586 -0.57459796
v -0.15674536 0.38215546 -0.59837265
v -0.14803785 0.39743786 -0.59086284
v -0.15674614 0.40401586 -0.57459796
v -0.18287881 0.35854373 -0.59863075
v -0.18287257 0.33241808 -0.59863075
v -0.15674614 0.35854373 -0.59863075
v -0.15673990 0.33241808 -0.59863075
v -0.13061269 0.38215546 -0.59837265
v -0.12190517 0.39743786 -0.59086284
v -0.13061346 0.40401586 -0.57459796
v -0.10448001 0.38215546 -0.59837265
v -0.09577250 0.39743786 -0.59086284
v -0.10448079 0.40401586 -0.57459796
v -0.13061346 0.35854373 -0.59863075
v -0.13060723 0.33241808 -0.59863075
v -0.10448079 0.35854373 -0.59863075
v -0.10447377 0.33241808 -0.59863075
v -0.18287257 0.30628540 -0.59863075
v -0.18287257 0.28015273 -0.59863075
v -0.15673990 0.30628540 -0.59863075
v -0.15673990 0.28015273 -0.59863075
v -0.18287257 0.25402005 -0.59863075
v -0.18287257 0.22788738 -0.59863075
v -0.15673990 0.25402005 -0.59863075
v -0.15673990 0.22788738 -0.59863075
v -0.13060723 0.30628540 -0.59863075
v -0.13060723 0.28015273 -0.59863075
v -0.10447377 0.30628540 -0.59863075
v -0.10447377 0.28015273 -0.59863075
v -0.13060723 0.25402005 -0.59863075
v -0.13060723 0.22788738 -0.59863075
v -0.10447377 0.25402005 -0.59863075
v -0.10447377 0.22788738 -0.59863075
v -0.07834656 0.38215546 -0.59837265
v -0.06963983 0.39743786 -0.59086284
v -0.07834812 0.40401586 -0.57459796
v -0.05221388 0.38215546 -0.59837265
v -0.04350715 0.39743786 -0.59086284
v -0.05221544 0.40401586 -0.57459796
v -0.07834812 0.35854373 -0.59863075
v -0.07834110 0.33241808 -0.59863075
v -0.05221466 0.35854373 -0.59863075
v -0.05220843 0.33241808 -0.59863075
v -0.02608121 0.38215546 -0.59837265
v -0.01737448 0.39743786 -0.59086284
v -0.02608277 0.40401586 -0.57459796
v 0.00005146 0.38215546 -0.59837265
v 0.00875820 0.39743786 -0.59086284
v 0.00005068 0.40401586 -0.57459796
v -0.02608199 0.35854373 -0.59863075
v -0.02607575 0.33241808 -0.59863075
v 0.00005068 0.35854373 -0.59863075
v 0.00005692 0.33241808 -0.59863075
v -0.07834110 0.30628540 -0.59863075
v -0.07834110 0.28015273 -0.59863075
v -0.05220843 0.30628540 -0.59863075
v -0.05220843 0.28015273 -0.59863075
v -0.07834110 0.25402005 -0.59863075
v -0.07834110 0.22788738 -0.59863075
v -0.05220843 0.25402005 -0.59863075
v -0.05220843 0.22788738 -0.59863075
v -0.02607575 0.30628540 -0.59863075
v -0.02607575 0.28015273 -0.59863075
v 0.00005692 0.30628540 -0.59863075
v 0.00005692 0.28015273 -0.59863075
v -0.02607575 0.25402005 -0.59863075
v -0.02607575 0.22788738 -0.59863075
v 0.00005692 0.25402005 -0.59863075
v 0.00005692 0.22788738 -0.59863075
v -0.18287257 0.20175471 -0.59863075
v -0.18287257 0.17562203 -0.59863075
v -0.15673990 0.20175471 -0.59863075
v -0.15673990 0.17562203 -0.59863075
v -0.18287257 0.14948858 -0.59863075
v -0.18287257 0.12335591 -0.59863075
v -0.15673990 0.14948858 -0.59863075
v -0.15673990 0.12335591 -0.59863075
v -0.13060723 0.20175471 -0.59863075
v -0.13060723 0.17562203 -0.59863075
v -0.10447377 0.20175471 -0.59863075
v -0.10447377 0.17562203 -0.59863075
v -0.13060645 0.14948858 -0.59863075
v -0.13060645 0.12335591 -0.59863075
v -0.10447377 0.14948858 -0.59863075
v -0.10447377 0.12335591 -0.59863075
v -0.18287257 0.09722323 -0.59863075
v -0.18287257 0.07109056 -0.59863075
v -0.15673990 0.09722323 -0.59863075
v -0.15673990 0.07109056 -0.59863075
v -0.18287257 0.04495788 -0.59863075
v -0.18287257 0.01882521 -0.59863075
v -0.15673990 0.04495788 -0.59863075
v -0.15673990 0.01882521 -0.59863075
v -0.13060645 0.09722323 -0.59863075
v -0.13060645 0.07109056 -0.59863075
v -0.10447377 0.09722323 -0.59863075
v -0.10447377 0.07109056 -0.59863075
v -0.13060645 0.04495788 -0.59863075
v -0.13060645 0.01882521 -0.59863075
v -0.10447377 0.04495788 -0.59863075
v -0.10447377 0.01882521 -0.59863075
v -0.07834110 0.20175471 -0.59863075
v -0.07834110 0.17562203 -0.59863075
v -0.05220843 0.20175471 -0.59863075
v -0.05220843 0.17562203 -0.59863075
v -0.07834110 0.14948858 -0.59863075
v -0.07834110 0.12335591 -0.59863075
v -0.05220843 0.14948858 -0.59863075
v -0.05220843 0.12335591 -0.59863075
v -0.02607575 0.20175471 -0.59863075
v -0.02607575 0.17562203 -0.59863075
v 0.00005692 0.20175471 -0.59863075
v 0.00005692 0.17562203 -0.59863075
v -0.02607575 0.14948858 -0.59863075
v -0.02607575 0.12335591 -0.59863075
v 0.00005692 0.14948858 -0.59863075
v 0.00005692 0.12335591 -0.59863075
v -0.07834110 0.09722323 -0.59863075
v -0.07834110 0.07109056 -0.59863075
v -0.05220843 0.09722323 -0.59863075
v -0.05220843 0.07109056 -0.59863075
v -0.07834110 0.04495788 -0.59863075
v -0.07834110 0.01882521 -0.59863075
v -0.05220843 0.04495788 -0.59863075
v -0.05220843 0.01882521 -0.59863075
v -0.02607575 0.09722323 -0.59863075
v -0.02607575 0.07109056 -0.59863075
v 0.00005692 0.09722323 -0.59863075
v 0.00005692 0.07109056 -0.59863075
v -0.02607575 0.04495788 -0.59863075
v -0.02607575 0.01882521 -0.59863075
v 0.00005692 0.04495788 -0.59863075
v 0.00005692 0.01882521 -0.59863075
v -0.34804473 -0.00727861 -0.57450439
v -0.34511208 -0.01599938 -0.59076148
v -0.33350466 -0.00731292 -0.59829234
v -0.34804473 -0.03341129 -0.57450439
v -0.34511208 -0.04213283 -0.59076148
v -0.33350466 -0.03344560 -0.59829234
v -0.31349930 -0.00730746 -0.59862919
v -0.31349930 -0.03344014 -0.59862919
v -0.34804473 -0.05954396 -0.57450439
v -0.34511208 -0.06826551 -0.59076148
v -0.33350466 -0.05957827 -0.59829234
v -0.34804473 -0.08567663 -0.57450439
v -0.34511208 -0.09439818 -0.59076148
v -0.33350466 -0.08571094 -0.59829234
v -0.31349930 -0.05957359 -0.59862919
v -0.31349930 -0.08570627 -0.59862919
v -0.34804473 -0.11180931 -0.57450439
v -0.34511208 -0.12053086 -0.59076148
v -0.33350466 -0.11184362 -0.59829234
v -0.34804473 -0.13794276 -0.57450439
v -0.34511208 -0.14666353 -0.59076148
v -0.33350466 -0.13797629 -0.59829234
v -0.31349930 -0.11183894 -0.59862919
v -0.31349930 -0.13797161 -0.59862919
v -0.34804473 -0.16407544 -0.57450439
v -0.34511208 -0.17279620 -0.59076148
v -0.33350466 -0.16410897 -0.59829234
v -0.34804473 -0.19020811 -0.57450439
v -0.34511208 -0.19892888 -0.59076148
v -0.33350466 -0.19024242 -0.59829234
v -0.31349930 -0.16410429 -0.59862919
v -0.31349930 -0.19023696 -0.59862919
v -0.28740327 -0.00730746 -0.59863075
v -0.28740327 -0.03344014 -0.59863075
v -0.26127060 -0.00730746 -0.59863075
v -0.26127060 -0.03344014 -0.59863075
v -0.28740327 -0.05957359 -0.59863075
v -0.28740327 -0.08570627 -0.59863075
v -0.26127060 -0.05957359 -0.59863075
v -0.26127060 -0.08570627 -0.59863075
v -0.23513792 -0.00730746 -0.59863075
v -0.23513792 -0.03344014 -0.59863075
v -0.20900525 -0.00730746 -0.59863075
v -0.20900525 -0.03344014 -0.59863075
v -0.23513792 -0.05957359 -0.59863075
v -0.23513792 -0.08570627 -0.59863075
v -0.20900525 -0.05957359 -0.59863075
v -0.20900525 -0.08570627 -0.59863075
v -0.28740327 -0.11183894 -0.59863075
v -0.28740327 -0.13797161 -0.59863075
v -0.26127060 -0.11183894 -0.59863075
v -0.26127060 -0.13797161 -0.59863075
v -0.28740327 -0.16410429 -0.59863075
v -0.28740327 -0.19023696 -0.59863075
v -0.26127060 -0.16410429 -0.59863075
v -0.26127060 -0.19023696 -0.59863075
v -0.23513792 -0.11183894 -0.59863075
v -0.23513792 -0.13797161 -0.59863075
v -0.20900525 -0.11183894 -0.59863075
v -0.20900525 -0.13797161 -0.59863075
v -0.23513792 -0.16410429 -0.59863075
v -0.23513792 -0.19023696 -0.59863075
v -0.20900525 -0.16410429 -0.59863075
v -0.20900525 -0.19023696 -0.59863075
v -0.34804473 -0.21634078 -0.57450439
v -0.34511442 -0.22506233 -0.59075758
v -0.33350466 -0.21637509 -0.59829234
v -0.34804785 -0.24247424 -0.57449971
v -0.34518538 -0.25119579 -0.59068506
v -0.33350856 -0.24250933 -0.59828922
v -0.31349930 -0.21636963 -0.59862919
v -0.31349930 -0.24250309 -0.59862919
v -0.34812037 -0.26859677 -0.57442407
v -0.34519317 -0.27734171 -0.59067492
v -0.33358186 -0.26864200 -0.59821436
v -0.34811101 -0.29304128 -0.57432348
v -0.34514873 -0.30175035 -0.58988035
v -0.33363410 -0.29480976 -0.59740576
v -0.31350085 -0.26863576 -0.59862919
v -0.31349774 -0.29480976 -0.59789856
v -0.34579748 -0.31468569 -0.57399677
v -0.34197201 -0.32332692 -0.58922770
v -0.33260327 -0.31911391 -0.59659871
v -0.31347980 -0.32083951 -0.59716793
v -0.28740327 -0.21636963 -0.59863075
v -0.28740327 -0.24250309 -0.59863075
v -0.26127060 -0.21636963 -0.59863075
v -0.26127060 -0.24250309 -0.59863075
v -0.28740327 -0.26863576 -0.59863075
v -0.28739859 -0.29480898 -0.59790012
v -0.26127060 -0.26863576 -0.59863075
v -0.26126592 -0.29480898 -0.59790012
v -0.23513792 -0.21636963 -0.59863075
v -0.23513792 -0.24250309 -0.59863075
v -0.20900525 -0.21636963 -0.59863075
v -0.20900525 -0.24250309 -0.59863075
v -0.23513792 -0.26863576 -0.59863075
v -0.23513324 -0.29480898 -0.59790012
v -0.20900525 -0.26863576 -0.59863075
v -0.20900057 -0.29480898 -0.59790012
v -0.28739391 -0.32086368 -0.59716949
v -0.26126124 -0.32086368 -0.59716949
v -0.23512857 -0.32086368 -0.59716949
v -0.23512934 -0.34285118 -0.59605133
v -0.20899589 -0.32086368 -0.59716949
v -0.20899667 -0.34285118 -0.59605133
v -0.18287257 -0.00730746 -0.59863075
v -0.18287257 -0.03344014 -0.59863075
v -0.15673990 -0.00730746 -0.59863075
v -0.15673990 -0.03344014 -0.59863075
v -0.18287257 -0.05957359 -0.59863075
v -0.18287257 -0.08570627 -0.59863075
v -0.15673990 -0.05957359 -0.59863075
v -0.15673990 -0.08570627 -0.59863075
v -0.13060645 -0.00730746 -0.59863075
v -0.13060645 -0.03344014 -0.59863075
v -0.10447377 -0.00730746 -0.59863075
v -0.10447377 -0.03344014 -0.59863075
v -0.13060645 -0.05957359 -0.59863075
v -0.13060645 -0.08570627 -0.59863075
v -0.10447377 -0.05957359 -0.59863075
v -0.10447377 -0.08570627 -0.59863075
v -0.18287257 -0.11183894 -0.59863075
v -0.18287257 -0.13797161 -0.59863075
v -0.15673990 -0.11183894 -0.59863075
v -0.15673990 -0.13797161 -0.59863075
v -0.18287257 -0.16410429 -0.59863075
v -0.18287257 -0.19023696 -0.59863075
v -0.15673990 -0.16410429 -0.59863075
v -0.15673990 -0.19023696 -0.59863075
v -0.13060645 -0.11183894 -0.59863075
v -0.13060645 -0.13797161 -0.59863075
v -0.10447377 -0.11183894 -0.59863075
v -0.10447377 -0.13797161 -0.59863075
v -0.13060645 -0.16410429 -0.59863075
v -0.13060645 -0.19023696 -0.59863075
v -0.10447377 -0.16410429 -0.59863075
v -0.10447377 -0.19023696 -0.59863075
v -0.07834110 -0.00730746 -0.59863075
v -0.07834110 -0.03344014 -0.59863075
v -0.05220843 -0.00730746 -0.59863075
v -0.05220843 -0.03344014 -0.59863075
v -0.07834110 -0.05957359 -0.59863075
v -0.07834110 -0.08570627 -0.59863075
v -0.05220843 -0.05957359 -0.59863075
v -0.05220843 -0.08570627 -0.59863075
v -0.02607575 -0.00730746 -0.59863075
v -0.02607575 -0.03344014 -0.59863075
v 0.00005692 -0.00730746 -0.59863075
v 0.00005692 -0.03344014 -0.59863075
v -0.02607575 -0.05957359 -0.59863075
v -0.02607575 -0.08570627 -0.59863075
v 0.00005692 -0.05957359 -0.59863075
v 0.00005692 -0.08570627 -0.59863075
v -0.07834110 -0.11183894 -0.59863075
v -0.07834110 -0.13797161 -0.59863075
v -0.05220843 -0.11183894 -0.59863075
v -0.05220843 -0.13797161 -0.59863075
v -0.07834110 -0.16410429 -0.59863075
v -0.07834110 -0.19023696 -0.59863075
v -0.05220843 -0.16410429 -0.59863075
v -0.05220843 -0.19023696 -0.59863075
v -0.02607575 -0.11183894 -0.59863075
v -0.02607575 -0.13797161 -0.59863075
v 0.00005692 -0.11183894 -0.59863075
v 0.00005692 -0.13797161 -0.59863075
v -0.02607575 -0.16410429 -0.59863075
v -0.02607575 -0.19023696 -0.59863075
v 0.00005692 -0.16410429 -0.59863075
v 0.00005692 -0.19023696 -0.59863075
v -0.18287257 -0.21636963 -0.59863075
v -0.18287257 -0.24250309 -0.59863075
v -0.15673990 -0.21636963 -0.59863075
v -0.15673990 -0.24250309 -0.59863075
v -0.18287257 -0.26863576 -0.59863075
v -0.18286790 -0.29480898 -0.59790012
v -0.15673990 -0.26863576 -0.59863075
v -0.15673522 -0.29480898 -0.59790012
v -0.13060645 -0.21636963 -0.59863075
v -0.13060645 -0.24250309 -0.59863075
v -0.10447377 -0.21636963 -0.59863075
v -0.10447377 -0.24250309 -0.59863075
v -0.13060645 -0.26863576 -0.59863075
v -0.13060177 -0.29480898 -0.59790012
v -0.10447377 -0.26863576 -0.59863075
v -0.10446909 -0.29480898 -0.59790012
v -0.18286244 -0.32086368 -0.59716949
v -0.18286400 -0.34285118 -0.59605133
v -0.15672976 -0.32086368 -0.59716949
v -0.15673132 -0.34285118 -0.59605133
v -0.13059709 -0.32086368 -0.59716949
v -0.13059865 -0.34285118 -0.59605133
v -0.10446442 -0.32086368 -0.59716949
v -0.10446598 -0.34285118 -0.59605133
v -0.07834110 -0.21636963 -0.59863075
v -0.07834110 -0.24250309 -0.59863075
v -0.05220843 -0.21636963 -0.59863075
v -0.05220843 -0.24250309 -0.59863075
v -0.07834110 -0.26863576 -0.59863075
v -0.07833642 -0.29480898 -0.59790012
v -0.05220843 -0.26863576 -0.59863075
v -0.05220375 -0.29480898 -0.59790012
v -0.02607575 -0.21636963 -0.59863075
v -0.02607575 -0.24250309 -0.59863075
v 0.00005692 -0.21636963 -0.59863075
v 0.00005692 -0.24250309 -0.59863075
v -0.02607575 -0.26863576 -0.59863075
v -0.02607107 -0.29480898 -0.59790012
v 0.00005692 -0.26863576 -0.59863075
v 0.00006160 -0.29480898 -0.59790012
v -0.07833174 -0.32086368 -0.59716949
v -0.07833330 -0.34285118 -0.59605133
v -0.05219907 -0.32086368 -0.59716949
v -0.05219985 -0.34285118 -0.59605133
v -0.02606639 -0.32086368 -0.59716949
v -0.02606484 -0.34285352 -0.59604977
v 0.00006706 -0.32086368 -0.59716949
v 0.00006784 -0.34285976 -0.59604275
v 0.02618414 0.38215546 -0.59837265
v 0.03489165 0.39743786 -0.59086284
v 0.02618336 0.40401586 -0.57459796
v 0.05231681 0.38215546 -0.59837265
v 0.06102432 0.39743786 -0.59086284
v 0.05231603 0.40401586 -0.57459796
v 0.02618336 0.35854373 -0.59863075
v 0.02618960 0.33241808 -0.59863075
v 0.05231603 0.35854373 -0.59863075
v 0.05232227 0.33241808 -0.59863075
v 0.07845027 0.38215546 -0.59837265
v 0.08715700 0.39743786 -0.59086284
v 0.07844871 0.40401586 -0.57459796
v 0.10458294 0.38215546 -0.59837265
v 0.11328967 0.39743786 -0.59086284
v 0.10458138 0.40401586 -0.57459796
v 0.07844871 0.35854373 -0.59863075
v 0.07845572 0.33241808 -0.59863075
v 0.10458138 0.35854373 -0.59863075
v 0.10458840 0.33241808 -0.59863075
v 0.02618960 0.30628540 -0.59863075
v 0.02618960 0.28015273 -0.59863075
v 0.05232227 0.30628540 -0.59863075
v 0.05232227 0.28015273 -0.59863075
v 0.02618960 0.25402005 -0.59863075
v 0.02618960 0.22788738 -0.59863075
v 0.05232227 0.25402005 -0.59863075
v 0.05232227 0.22788738 -0.59863075
v 0.07845572 0.30628540 -0.59863075
v 0.07845572 0.28015273 -0.59863075
v 0.10458840 0.30628540 -0.59863075
v 0.10458840 0.28015273 -0.59863075
v 0.07845572 0.25402005 -0.59863075
v 0.07845572 0.22788738 -0.59863075
v 0.10458840 0.25402005 -0.59863075
v 0.10458840 0.22788738 -0.59863075
v 0.13071561 0.38215546 -0.59837265
v 0.13942235 0.39743786 -0.59086284
v 0.13071405 0.40401586 -0.57459796
v 0.15684829 0.38215546 -0.59837265
v 0.16555502 0.39743786 -0.59086284
v 0.15684673 0.40401586 -0.57459796
v 0.13071405 0.35854373 -0.59863075
v 0.13072107 0.33241808 -0.59863075
v 0.15684751 0.35854373 -0.59863075
v 0.15685374 0.33241808 -0.59863075
v 0.18298096 0.38215546 -0.59837265
v 0.19168769 0.39743786 -0.59086284
v 0.18298018 0.40401586 -0.57459796
v 0.20911363 0.38215546 -0.59837265
v 0.21782115 0.39743786 -0.59086284
v 0.20911285 0.40401586 -0.57459796
v 0.18298018 0.35854373 -0.59863075
v 0.18298642 0.33241808 -0.59863075
v 0.20911285 0.35854373 -0.59863075
v 0.20911909 0.33241808 -0.59863075
v 0.13072107 0.30628540 -0.59863075
v 0.13072107 0.28015273 -0.59863075
v 0.15685374 0.30628540 -0.59863075
v 0.15685374 0.28015273 -0.59863075
v 0.13072107 0.25402005 -0.59863075
v 0.13072107 0.22788738 -0.59863075
v 0.15685374 0.25402005 -0.59863075
v 0.15685374 0.22788738 -0.59863075
v 0.18298642 0.30628540 -0.59863075
v 0.18298642 0.28015273 -0.59863075
v 0.20911909 0.30628540 -0.59863075
v 0.20911909 0.28015273 -0.59863075
v 0.18298642 0.25402005 -0.59863075
v 0.18298642 0.22788738 -0.59863075
v 0.20911909 0.25402005 -0.59863075
v 0.20911909 0.22788738 -0.59863075
v 0.02618960 0.20175471 -0.59863075
v 0.02618960 0.17562203 -0.59863075
v 0.05232227 0.20175471 -0.59863075
v 0.05232227 0.17562203 -0.59863075
v 0.02618960 0.14948858 -0.59863075
v 0.02618960 0.12335591 -0.59863075
v 0.05232227 0.14948858 -0.59863075
v 0.05232227 0.12335591 -0.59863075
v 0.07845572 0.20175471 -0.59863075
v 0.07845572 0.17562203 -0.59863075
v 0.10458840 0.20175471 -0.59863075
v 0.10458840 0.17562203 -0.59863075
v 0.07845572 0.14948858 -0.59863075
v 0.07845572 0.12335591 -0.59863075
v 0.10458840 0.14948858 -0.59863075
v 0.10458840 0.12335591 -0.59863075
v 0.02618960 0.09722323 -0.59863075
v 0.02618960 0.07109056 -0.59863075
v 0.05232227 0.09722323 -0.59863075
v 0.05232227 0.07109056 -0.59863075
v 0.02618960 0.04495788 -0.59863075
v 0.02618960 0.01882521 -0.59863075
v 0.05232227 0.04495788 -0.59863075
v 0.05232227 0.01882521 -0.59863075
v 0.07845572 0.09722323 -0.59863075
v 0.07845572 0.07109056 -0.59863075
v 0.10458840 0.09722323 -0.59863075
v 0.10458840 0.07109056 -0.59863075
v 0.07845572 0.04495788 -0.59863075
v 0.07845572 0.01882521 -0.59863075
v 0.10458840 0.04495788 -0.59863075
v 0.10458840 0.01882521 -0.59863075
v 0.13072107 0.20175471 -0.59863075
v 0.13072107 0.17562203 -0.59863075
v 0.15685374 0.20175471 -0.59863075
v 0.15685374 0.17562203 -0.59863075
v 0.13072107 0.14948858 -0.59863075
v 0.13072107 0.12335591 -0.59863075
v 0.15685374 0.14948858 -0.59863075
v 0.15685374 0.12335591 -0.59863075
v 0.18298642 0.20175471 -0.59863075
v 0.18298642 0.17562203 -0.59863075
v 0.20911909 0.20175471 -0.59863075
v 0.20911909 0.17562203 -0.59863075
v 0.18298642 0.14948858 -0.59863075
v 0.18298642 0.12335591 -0.59863075
v 0.20911909 0.14948858 -0.59863075
v 0.20911909 0.12335591 -0.59863075
v 0.13072107 0.09722323 -0.59863075
v 0.13072107 0.07109056 -0.59863075
v 0.15685374 0.09722323 -0.59863075
v 0.15685374 0.07109056 -0.59863075
v 0.13072107 0.04495788 -0.59863075
v 0.13072107 0.01882521 -0.59863075
v 0.15685374 0.04495788 -0.59863075
v 0.15685374 0.01882521 -0.59863075
v 0.18298642 0.09722323 -0.59863075
v 0.18298642 0.07109056 -0.59863075
v 0.20911909 0.09722323 -0.59863075
v 0.20911909 0.07109056 -0.59863075
v 0.18298642 0.04495788 -0.59863075
v 0.18298642 0.01882521 -0.59863075
v 0.20911909 0.04495788 -0.59863075
v 0.20911909 0.01882521 -0.59863075
v 0.23524631 0.38215546 -0.59837265
v 0.24395382 0.39743786 -0.59086284
v 0.23524553 0.40401586 -0.57459796
v 0.26137898 0.38215546 -0.59837265
v 0.27008649 0.39743786 -0.59086284
v 0.26137820 0.40401586 -0.57459796
v 0.23524553 0.35854373 -0.59863075
v 0.23525177 0.33241808 -0.59863075
v 0.26137820 0.35854373 -0.59863075
v 0.26138522 0.33241808 -0.59863075
v 0.28751244 0.38215546 -0.59837265
v 0.29621917 0.39743786 -0.59086284
v 0.28751088 0.40401586 -0.57459796
v 0.31356869 0.38215546 -0.59837031
v 0.32220525 0.39743162 -0.59086206
v 0.31353984 0.40401196 -0.57459796
v 0.28751088 0.35854373 -0.59863075
v 0.28751789 0.33241808 -0.59863075
v 0.31356791 0.35854373 -0.59862919
v 0.31357415 0.33241808 -0.59862919
v 0.23525177 0.30628540 -0.59863075
v 0.23525177 0.28015273 -0.59863075
v 0.26138522 0.30628540 -0.59863075
v 0.26138522 0.28015273 -0.59863075
v 0.23525177 0.25402005 -0.59863075
v 0.23525177 0.22788738 -0.59863075
v 0.26138522 0.25402005 -0.59863075
v 0.26138522 0.22788738 -0.59863075
v 0.28751789 0.30628540 -0.59863075
v 0.28751789 0.28015273 -0.59863075
v 0.31357415 0.30628540 -0.59862919
v 0.31357415 0.28015273 -0.59862919
v 0.28751789 0.25402005 -0.59863075
v 0.28751789 0.22788738 -0.59863075
v 0.31357415 0.25402005 -0.59862919
v 0.31357493 0.22788660 -0.59862919
v 0.33349687 0.38215234 -0.59806465
v 0.33914540 0.39713375 -0.59056264
v 0.33341811 0.40363768 -0.57458314
v 0.34561814 0.39400694 -0.58692431
v 0.34509960 0.38199483 -0.59058837
v 0.33351246 0.35854061 -0.59831963
v 0.33351870 0.33241496 -0.59832041
v 0.34508245 0.35855465 -0.59082542
v 0.34508713 0.33242509 -0.59082464
v 0.33351870 0.30628150 -0.59832041
v 0.33351870 0.28014883 -0.59832041
v 0.34508713 0.30629164 -0.59082464
v 0.34508713 0.28015897 -0.59082464
v 0.33351870 0.25401616 -0.59832041
v 0.33351948 0.22788192 -0.59831963
v 0.34508713 0.25402629 -0.59082464
v 0.34508713 0.22789284 -0.59082386
v 0.23525177 0.20175471 -0.59863075
v 0.23525177 0.17562203 -0.59863075
v 0.26138522 0.20175471 -0.59863075
v 0.26138522 0.17562203 -0.59863075
v 0.23525177 0.14948858 -0.59863075
v 0.23525177 0.12335591 -0.59863075
v 0.26138522 0.14948858 -0.59863075
v 0.26138522 0.12335591 -0.59863075
v 0.28751789 0.20175471 -0.59863075
v 0.28751789 0.17562203 -0.59863075
v 0.31357571 0.20175471 -0.59862919
v 0.31357493 0.17562203 -0.59862919
v 0.28751789 0.14948858 -0.59863075
v 0.28751789 0.12335591 -0.59863075
v 0.31357415 0.14948858 -0.59862919
v 0.31357415 0.12335591 -0.59862919
v 0.23525177 0.09722323 -0.59863075
v 0.23525177 0.07109056 -0.59863075
v 0.26138522 0.09722323 -0.59863075
v 0.26138522 0.07109056 -0.59863075
v 0.23525177 0.04495788 -0.59863075
v 0.23525177 0.01882521 -0.59863075
v 0.26138522 0.04495788 -0.59863075
v 0.26138522 0.01882521 -0.59863075
v 0.28751789 0.09722323 -0.59863075
v 0.28751789 0.07109056 -0.59863075
v 0.31357415 0.09722323 -0.59862919
v 0.31357415 0.07109056 -0.59862919
v 0.28751789 0.04495788 -0.59863075
v 0.28751789 0.01882521 -0.59863075
v 0.31357415 0.04495788 -0.59862919
v 0.31357415 0.01882521 -0.59862919
v 0.33359044 0.20175003 -0.59824789
v 0.33359200 0.17561735 -0.59824633
v 0.34515809 0.20176094 -0.59075212
v 0.34509025 0.17562671 -0.59082074
v 0.33352182 0.14948546 -0.59831807
v 0.33351870 0.12335201 -0.59831963
v 0.34515887 0.14949560 -0.59075212
v 0.34508869 0.12336214 -0.59082230
v 0.33351870 0.09721933 -0.59832041
v 0.33351870 0.07108666 -0.59832041
v 0.34508713 0.09722947 -0.59082464
v 0.34508713 0.07109680 -0.59082464
v 0.33351870 0.04495398 -0.59832041
v 0.33351870 0.01882131 -0.59832041
v 0.34508713 0.04496412 -0.59082464
v 0.34508713 0.01883145 -0.59082464
v 0.02618960 -0.00730746 -0.59863075
v 0.02618960 -0.03344014 -0.59863075
v 0.05232227 -0.00730746 -0.59863075
v 0.05232227 -0.03344014 -0.59863075
v 0.02618960 -0.05957359 -0.59863075
v 0.02618960 -0.08570627 -0.59863075
v 0.05232227 -0.05957359 -0.59863075
v 0.05232227 -0.08570627 -0.59863075
v 0.07845572 -0.00730746 -0.59863075
v 0.07845572 -0.03344014 -0.59863075
v 0.10458840 -0.00730746 -0.59863075
v 0.10458840 -0.03344014 -0.59863075
v 0.07845572 -0.05957359 -0.59863075
v 0.07845572 -0.08570627 -0.59863075
v 0.10458840 -0.05957359 -0.59863075
v 0.10458840 -0.08570627 -0.59863075
v 0.02618960 -0.11183894 -0.59863075
v 0.02618960 -0.13797161 -0.59863075
v 0.05232227 -0.11183894 -0.59863075
v 0.05232227 -0.13797161 -0.59863075
v 0.02618960 -0.16410429 -0.59863075
v 0.02618960 -0.19023696 -0.59863075
v 0.05232227 -0.16410429 -0.59863075
v 0.05232227 -0.19023696 -0.59863075
v 0.07845572 -0.11183894 -0.59863075
v 0.07845572 -0.13797161 -0.59863075
v 0.10458840 -0.11183894 -0.59863075
v 0.10458840 -0.13797161 -0.59863075
v 0.07845572 -0.16410429 -0.59863075
v 0.07845572 -0.19023696 -0.59863075
v 0.10458840 -0.16410429 -0.59863075
v 0.10458840 -0.19023696 -0.59863075
v 0.13072107 -0.00730746 -0.59863075
v 0.13072107 -0.03344014 -0.59863075
v 0.15685374 -0.00730746 -0.59863075
v 0.15685374 -0.03344014 -0.59863075
v 0.13072107 -0.05957359 -0.59863075
v 0.13072107 -0.08570627 -0.59863075
v 0.15685374 -0.05957359 -0.59863075
v 0.15685374 -0.08570627 -0.59863075
v 0.18298642 -0.00730746 -0.59863075
v 0.18298642 -0.03344014 -0.59863075
v 0.20911909 -0.00730746 -0.59863075
v 0.20911909 -0.03344014 -0.59863075
v 0.18298642 -0.05957359 -0.59863075
v 0.18298642 -0.08570627 -0.59863075
v 0.20911909 -0.05957359 -0.59863075
v 0.20911909 -0.08570627 -0.59863075
v 0.13072107 -0.11183894 -0.59863075
v 0.13072107 -0.13797161 -0.59863075
v 0.15685374 -0.11183894 -0.59863075
v 0.15685374 -0.13797161 -0.59863075
v 0.13072107 -0.16410429 -0.59863075
v 0.13072107 -0.19023696 -0.59863075
v 0.15685374 -0.16410429 -0.59863075
v 0.15685374 -0.19023696 -0.59863075
v 0.18298642 -0.11183894 -0.59863075
v 0.18298642 -0.13797161 -0.59863075
v 0.20911909 -0.11183894 -0.59863075
v 0.20911909 -0.13797161 -0.59863075
v 0.18298642 -0.16410429 -0.59863075
v 0.18298642 -0.19023696 -0.59863075
v 0.20911909 -0.16410429 -0.59863075
v 0.20911909 -0.19023696 -0.59863075
v 0.02618960 -0.21636963 -0.59863075
v 0.02618960 -0.24250309 -0.59863075
v 0.05232227 -0.21636963 -0.59863075
v 0.05232227 -0.24250309 -0.59863075
v 0.02618960 -0.26863576 -0.59863075
v 0.02619505 -0.29480898 -0.59790012
v 0.05232227 -0.26863576 -0.59863075
v 0.05232773 -0.29480898 -0.59790012
v 0.07845572 -0.21636963 -0.59863075
v 0.07845572 -0.24250309 -0.59863075
v 0.10458840 -0.21636963 -0.59863075
v 0.10458840 -0.24250309 -0.59863075
v 0.07845572 -0.26863576 -0.59863075
v 0.07846040 -0.29480898 -0.59790012
v 0.10458840 -0.26863576 -0.59863075
v 0.10459308 -0.29480898 -0.59790012
v 0.02619973 -0.32086368 -0.59716949
v 0.02619817 -0.34286444 -0.59603807
v 0.05233241 -0.32086368 -0.59716949
v 0.05233085 -0.34286444 -0.59603807
v 0.07846508 -0.32086368 -0.59716949
v 0.07846352 -0.34286444 -0.59603807
v 0.10459775 -0.32086368 -0.59716949
v 0.10459619 -0.34286444 -0.59603807
v 0.13072107 -0.21636963 -0.59863075
v 0.13072107 -0.24250309 -0.59863075
v 0.15685374 -0.21636963 -0.59863075
v 0.15685374 -0.24250309 -0.59863075
v 0.13072107 -0.26863576 -0.59863075
v 0.13072575 -0.29480898 -0.59790012
v 0.15685374 -0.26863576 -0.59863075
v 0.15685842 -0.29480898 -0.59790012
v 0.18298642 -0.21636963 -0.59863075
v 0.18298642 -0.24250309 -0.59863075
v 0.20911909 -0.21636963 -0.59863075
v 0.20911909 -0.24250309 -0.59863075
v 0.18298642 -0.26863576 -0.59863075
v 0.18299110 -0.29480898 -0.59790012
v 0.20911909 -0.26863576 -0.59863075
v 0.20912377 -0.29480898 -0.59790012
v 0.13073043 -0.32086368 -0.59716949
v 0.13072887 -0.34286444 -0.59603807
v 0.15686310 -0.32086368 -0.59716949
v 0.15686232 -0.34286444 -0.59603807
v 0.18299578 -0.32086368 -0.59716949
v 0.18299500 -0.34286444 -0.59603807
v 0.20912923 -0.32086368 -0.59716949
v 0.20912767 -0.34286444 -0.59603807
v 0.23525177 -0.00730746 -0.59863075
v 0.23525177 -0.03344014 -0.59863075
v 0.26138522 -0.00730746 -0.59863075
v 0.26138522 -0.03344014 -0.59863075
v 0.23525177 -0.05957359 -0.59863075
v 0.23525177 -0.08570627 -0.59863075
v 0.26138522 -0.05957359 -0.59863075
v 0.26138522 -0.08570627 -0.59863075
v 0.28751789 -0.00730746 -0.59863075
v 0.28751789 -0.03344014 -0.59863075
v 0.31357415 -0.00730746 -0.59862919
v 0.31357415 -0.03344092 -0.59862919
v 0.28751789 -0.05957359 -0.59863075
v 0.28751789 -0.08570627 -0.59863075
v 0.31357415 -0.05957359 -0.59862919
v 0.31357415 -0.08570627 -0.59862919
v 0.23525177 -0.11183894 -0.59863075
v 0.23525177 -0.13797161 -0.59863075
v 0.26138522 -0.11183894 -0.59863075
v 0.26138522 -0.13797161 -0.59863075
v 0.23525177 -0.16410429 -0.59863075
v 0.23525177 -0.19023696 -0.59863075
v 0.26138522 -0.16410429 -0.59863075
v 0.26138522 -0.19023696 -0.59863075
v 0.28751789 -0.11183894 -0.59863075
v 0.28751789 -0.13797161 -0.59863075
v 0.31357415 -0.11183894 -0.59862919
v 0.31357415 -0.13797161 -0.59862919
v 0.28751789 -0.16410429 -0.59863075
v 0.28751789 -0.19023696 -0.59863075
v 0.31357415 -0.16410429 -0.59862919
v 0.31357415 -0.19023696 -0.59862919
v 0.33351870 -0.00731136 -0.59832041
v 0.33351870 -0.03344404 -0.59832041
v 0.34508713 -0.00730123 -0.59082464
v 0.34508713 -0.03343390 -0.59082464
v 0.33351870 -0.05957671 -0.59832041
v 0.33351870 -0.08571016 -0.59832041
v 0.34508713 -0.05956657 -0.59082464
v 0.34508713 -0.08569925 -0.59082464
v 0.33351870 -0.11184284 -0.59832041
v 0.33351870 -0.13797551 -0.59832041
v 0.34508713 -0.11183270 -0.59082464
v 0.34508713 -0.13796538 -0.59082464
v 0.33351870 -0.16410819 -0.59832041
v 0.33351870 -0.19024086 -0.59832041
v 0.34508713 -0.16409805 -0.59082464
v 0.34508713 -0.19023072 -0.59082464
v 0.23525177 -0.21636963 -0.59863075
v 0.23525177 -0.24250309 -0.59863075
v 0.26138522 -0.21636963 -0.59863075
v 0.26138522 -0.24250309 -0.59863075
v 0.23525177 -0.26863576 -0.59863075
v 0.23525722 -0.29480898 -0.59790012
v 0.26138522 -0.26863576 -0.59863075
v 0.26138990 -0.29480898 -0.59790012
v 0.28751789 -0.21636963 -0.59863075
v 0.28751789 -0.24250309 -0.59863075
v 0.31357415 -0.21637041 -0.59862919
v 0.31357415 -0.24250309 -0.59862919
v 0.28751789 -0.26863576 -0.59863075
v 0.28751789 -0.29480430 -0.59790012
v 0.31357649 -0.26863732 -0.59862919
v 0.31356557 -0.29479339 -0.59789934
v 0.23526190 -0.32086368 -0.59716949
v 0.23526034 -0.34286444 -0.59603807
v 0.26139380 -0.32086290 -0.59716949
v 0.26139302 -0.34286522 -0.59603651
v 0.28750776 -0.32085978 -0.59717027
v 0.28708825 -0.34280518 -0.59603027
v 0.31302053 -0.32036230 -0.59709620
v 0.31054871 -0.34108660 -0.59594450
v 0.33351870 -0.21637353 -0.59832041
v 0.33351870 -0.24250621 -0.59832041
v 0.34508713 -0.21636340 -0.59082464
v 0.34508713 -0.24249607 -0.59082464
v 0.33352338 -0.26864590 -0.59831729
v 0.33353273 -0.29455556 -0.59751258
v 0.34508947 -0.26863342 -0.59082152
v 0.34505594 -0.29428265 -0.59038018
v 0.33221495 -0.31817119 -0.59669930
v 0.33017199 -0.33944522 -0.58853138
v 0.34342079 -0.31675828 -0.59006593
v 0.34634565 -0.31660311 -0.57412075
v 0.34168584 -0.32998056 -0.59090339
v 0.34198371 -0.33368985 -0.58142704
v -0.34511520 0.39733649 -0.56648072
v -0.34521735 0.39740511 -0.54113481
v -0.34817027 0.38213285 -0.54984857
v -0.33360369 0.40393399 -0.54985324
v -0.34521735 0.39740433 -0.51499902
v -0.34817027 0.38213519 -0.52371589
v -0.33361461 0.40393477 -0.52370342
v -0.31347668 0.40439404 -0.54987196
v -0.31348760 0.40439482 -0.52370264
v -0.34835820 0.35861703 -0.54985948
v -0.34835820 0.33246252 -0.54987118
v -0.34835820 0.35861313 -0.52372213
v -0.34835820 0.33244927 -0.52372213
v -0.34835820 0.30632985 -0.54987118
v -0.34835820 0.28019717 -0.54987118
v -0.34835820 0.30631659 -0.52372213
v -0.34835820 0.28018314 -0.52372213
v -0.34835820 0.25406450 -0.54987118
v -0.34835820 0.22793183 -0.54987118
v -0.34835820 0.25405046 -0.52372213
v -0.34835820 0.22791779 -0.52372213
v -0.34521735 0.39740433 -0.48886635
v -0.34817027 0.38213519 -0.49758322
v -0.33361461 0.40393477 -0.49757074
v -0.34521735 0.39740433 -0.46273289
v -0.34817027 0.38213519 -0.47145054
v -0.33361461 0.40393477 -0.47143807
v -0.31348760 0.40439482 -0.49756996
v -0.31348760 0.40439482 -0.47143729
v -0.34835820 0.35861313 -0.49758946
v -0.34835820 0.33244927 -0.49758946
v -0.34835820 0.35861313 -0.47145678
v -0.34835820 0.33244927 -0.47145678
v -0.34521735 0.39740433 -0.43660022
v -0.34817027 0.38213519 -0.44531787
v -0.33361461 0.40393477 -0.44530539
v -0.34521735 0.39740433 -0.41046755
v -0.34817027 0.38213519 -0.41918520
v -0.33361461 0.40393477 -0.41917194
v -0.31348760 0.40439482 -0.44530461
v -0.31348760 0.40439482 -0.41917194
v -0.34835820 0.35861313 -0.44532333
v -0.34835820 0.33244927 -0.44532333
v -0.34835820 0.35861313 -0.41919065
v -0.34835820 0.33244927 -0.41919065
v -0.34835820 0.30631659 -0.49758946
v -0.34835820 0.28018314 -0.49758946
v -0.34835820 0.30631659 -0.47145678
v -0.34835820 0.28018314 -0.47145678
v -0.34835820 0.25405046 -0.49758946
v -0.34835820 0.22791779 -0.49758946
v -0.34835820 0.25405046 -0.47145678
v -0.34835820 0.22791779 -0.47145678
v -0.34835820 0.30631659 -0.44532333
v -0.34835820 0.28018314 -0.44532333
v -0.34835820 0.30631659 -0.41919065
v -0.34835820 0.28018314 -0.41919065
v -0.34835820 0.25405046 -0.44532333
v -0.34835820 0.22791779 -0.44532333
v -0.34835820 0.25405046 -0.41919065
v -0.34835820 0.22791779 -0.41919065
v -0.28741497 0.40439794 -0.54988054
v -0.28741497 0.40439794 -0.52370342
v -0.26128229 0.40439794 -0.54988054
v -0.26128229 0.40439794 -0.52370264
v -0.23514962 0.40439794 -0.54988054
v -0.23514962 0.40439794 -0.52370264
v -0.20901694 0.40439794 -0.54988054
v -0.20901694 0.40439794 -0.52370264
v -0.28741497 0.40439794 -0.49756996
v -0.28741497 0.40439794 -0.47143729
v -0.26128229 0.40439794 -0.49756996
v -0.26128229 0.40439794 -0.47143729
v -0.28741497 0.40439794 -0.44530461
v -0.28741497 0.40439794 -0.41917194
v -0.26128229 0.40439794 -0.44530461
v -0.26128229 0.40439794 -0.41917194
v -0.23514962 0.40439794 -0.49756996
v -0.23514962 0.40439794 -0.47143729
v -0.20901694 0.40439794 -0.49756996
v -0.20901694 0.40439794 -0.47143729
v -0.23514962 0.40439794 -0.44530461
v -0.23514962 0.40439794 -0.41917194
v -0.20901694 0.40439794 -0.44530461
v -0.20901694 0.40439794 -0.41917194
v -0.34835820 0.20179915 -0.54987118
v -0.34835820 0.17566570 -0.54987118
v -0.34835820 0.20178512 -0.52372213
v -0.34835820 0.17565244 -0.52372213
v -0.34835820 0.14953302 -0.54987118
v -0.34835820 0.12340035 -0.54987118
v -0.34835820 0.14951977 -0.52372213
v -0.34835820 0.12338710 -0.52372213
v -0.34835820 0.09726846 -0.54987040
v -0.34835820 0.07113500 -0.54986962
v -0.34835820 0.09725364 -0.52372213
v -0.34835820 0.07112097 -0.52372213
v -0.34835820 0.04500155 -0.54987118
v -0.34835820 0.01886966 -0.54987118
v -0.34835820 0.04498829 -0.52372213
v -0.34835820 0.01885562 -0.52372213
v -0.34835820 0.20178512 -0.49758946
v -0.34835820 0.17565244 -0.49758946
v -0.34835820 0.20178512 -0.47145678
v -0.34835820 0.17565244 -0.47145678
v -0.34835820 0.14951977 -0.49758946
v -0.34835820 0.12338710 -0.49758946
v -0.34835820 0.14951977 -0.47145678
v -0.34835820 0.12338710 -0.47145678
v -0.34835820 0.20178512 -0.44532333
v -0.34835820 0.17565244 -0.44532333
v -0.34835820 0.20178512 -0.41919065
v -0.34835820 0.17565244 -0.41919065
v -0.34835820 0.14951977 -0.44532333
v -0.34835820 0.12338710 -0.44532333
v -0.34835820 0.14951977 -0.41919065
v -0.34835820 0.12338710 -0.41919065
v -0.34835820 0.09725364 -0.49758946
v -0.34835820 0.07112097 -0.49758946
v -0.34835820 0.09725364 -0.47145678
v -0.34835820 0.07112097 -0.47145678
v -0.34835820 0.04498829 -0.49758946
v -0.34835820 0.01885562 -0.49758946
v -0.34835820 0.04498829 -0.47145678
v -0.34835820 0.01885562 -0.47145678
v -0.34835820 0.09725364 -0.44532333
v -0.34835820 0.07112097 -0.44532333
v -0.34835820 0.09725364 -0.41919065
v -0.34835820 0.07112097 -0.41919065
v -0.34835820 0.04498829 -0.44532333
v -0.34835820 0.01885562 -0.44532333
v -0.34835820 0.04498829 -0.41919065
v -0.34835820 0.01885562 -0.41919065
v -0.18288427 0.40439794 -0.54988054
v -0.18288427 0.40439794 -0.52370264
v -0.15675082 0.40439794 -0.54988054
v -0.15675082 0.40439794 -0.52370264
v -0.13061814 0.40439794 -0.54988054
v -0.13061814 0.40439794 -0.52370264
v -0.10448547 0.40439794 -0.54988054
v -0.10448547 0.40439794 -0.52370264
v -0.18288427 0.40439794 -0.49756996
v -0.18288427 0.40439794 -0.47143729
v -0.15675082 0.40439794 -0.49756996
v -0.15675082 0.40439794 -0.47143729
v -0.18288427 0.40439794 -0.44530461
v -0.18288427 0.40439794 -0.41917194
v -0.15675082 0.40439794 -0.44530461
v -0.15675082 0.40439794 -0.41917194
v -0.13061814 0.40439794 -0.49756996
v -0.13061814 0.40439794 -0.47143729
v -0.10448547 0.40439794 -0.49756996
v -0.10448547 0.40439794 -0.47143729
v -0.13061814 0.40439794 -0.44530461
v -0.13061814 0.40439794 -0.41917194
v -0.10448547 0.40439794 -0.44530461
v -0.10448547 0.40439794 -0.41917194
v -0.07835280 0.40439794 -0.54988054
v -0.07835280 0.40439794 -0.52370264
v -0.05222012 0.40439794 -0.54988054
v -0.05222012 0.40439794 -0.52370264
v -0.02608745 0.40439794 -0.54988054
v -0.02608745 0.40439794 -0.52370264
v 0.00004523 0.40439794 -0.54988054
v 0.00004523 0.40439794 -0.52370264
v -0.07835280 0.40439794 -0.49756996
v -0.07835280 0.40439794 -0.47143729
v -0.05222012 0.40439794 -0.49756996
v -0.05222012 0.40439794 -0.47143729
v -0.07835280 0.40439794 -0.44530461
v -0.07835280 0.40439794 -0.41917194
v -0.05222012 0.40439794 -0.44530461
v -0.05222012 0.40439794 -0.41917194
v -0.02608745 0.40439794 -0.49756996
v -0.02608745 0.40439794 -0.47143729
v 0.00004523 0.40439794 -0.49756996
v 0.00004523 0.40439794 -0.47143729
v -0.02608745 0.40439794 -0.44530461
v -0.02608745 0.40439794 -0.41917194
v 0.00004523 0.40439794 -0.44530461
v 0.00004523 0.40439794 -0.41917194
v -0.34521735 0.39740433 -0.38433487
v -0.34817027 0.38213519 -0.39305252
v -0.33361461 0.40393477 -0.39303927
v -0.34521735 0.39740433 -0.35820220
v -0.34817027 0.38213519 -0.36691985
v -0.33361461 0.40393477 -0.36690659
v -0.31348760 0.40439482 -0.39303927
v -0.31348760 0.40439482 -0.36690659
v -0.34835820 0.35861313 -0.39305798
v -0.34835820 0.33244927 -0.39305798
v -0.34835820 0.35861313 -0.36692531
v -0.34835820 0.33244927 -0.36692531
v -0.34521735 0.39740433 -0.33206953
v -0.34817027 0.38213519 -0.34078639
v -0.33361461 0.40393477 -0.34077392
v -0.34521735 0.39740433 -0.30593685
v -0.34817027 0.38213519 -0.31465372
v -0.33361461 0.40393477 -0.31464124
v -0.31348760 0.40439482 -0.34077314
v -0.31348760 0.40439482 -0.31464047
v -0.34835820 0.35861313 -0.34079263
v -0.34835820 0.33244927 -0.34079263
v -0.34835820 0.35861313 -0.31465996
v -0.34835820 0.33244927 -0.31465996
v -0.34835820 0.30631659 -0.39305798
v -0.34835820 0.28018314 -0.39305798
v -0.34835820 0.30631659 -0.36692531
v -0.34835820 0.28018314 -0.36692531
v -0.34835820 0.25405046 -0.39305798
v -0.34835820 0.22791779 -0.39305798
v -0.34835820 0.25405046 -0.36692531
v -0.34835820 0.22791779 -0.36692531
v -0.34835820 0.30631659 -0.34079263
v -0.34835820 0.28018392 -0.34079263
v -0.34835820 0.30631659 -0.31465996
v -0.34835820 0.28018392 -0.31465996
v -0.34835820 0.25405046 -0.34079263
v -0.34835820 0.22791779 -0.34079263
v -0.34835820 0.25405046 -0.31465996
v -0.34835820 0.22791779 -0.31465996
v -0.34521735 0.39740433 -0.27980418
v -0.34817027 0.38213519 -0.28852105
v -0.33361461 0.40393477 -0.28850857
v -0.34521735 0.39740433 -0.25367072
v -0.34817027 0.38213519 -0.26238837
v -0.33361461 0.40393477 -0.26237590
v -0.31348760 0.40439482 -0.28850779
v -0.31348760 0.40439482 -0.26237512
v -0.34835820 0.35861313 -0.28852729
v -0.34835820 0.33244927 -0.28852729
v -0.34835820 0.35861313 -0.26239461
v -0.34835820 0.33244927 -0.26239461
v -0.34521735 0.39740433 -0.22753805
v -0.34817027 0.38213519 -0.23625570
v -0.33361461 0.40393477 -0.23624322
v -0.34521735 0.39740433 -0.20140538
v -0.34817027 0.38213519 -0.21012303
v -0.33361461 0.40393477 -0.21010977
v -0.31348760 0.40439482 -0.23624244
v -0.31348760 0.40439482 -0.21010977
v -0.34835820 0.35861313 -0.23626116
v -0.34835820 0.33244927 -0.23626116
v -0.34835820 0.35861313 -0.21012848
v -0.34835820 0.33244927 -0.21012848
v -0.34835820 0.30631659 -0.28852729
v -0.34835820 0.28018392 -0.28852729
v -0.34835820 0.30631659 -0.26239461
v -0.34835820 0.28018392 -0.26239461
v -0.34835820 0.25405046 -0.28852729
v -0.34835820 0.22791779 -0.28852729
v -0.34835820 0.25405046 -0.26239461
v -0.34835820 0.22791779 -0.26239461
v -0.34835820 0.30631659 -0.23626116
v -0.34835820 0.28018392 -0.23626116
v -0.34835820 0.30631659 -0.21012848
v -0.34835820 0.28018392 -0.21012848
v -0.34835820 0.25405046 -0.23626116
v -0.34835820 0.22791779 -0.23626116
v -0.34835820 0.25405046 -0.21012848
v -0.34835820 0.22791779 -0.21012848
v -0.28741497 0.40439794 -0.39303927
v -0.28741497 0.40439794 -0.36690659
v -0.26128229 0.40439794 -0.39303927
v -0.26128229 0.40439794 -0.36690659
v -0.28741497 0.40439794 -0.34077392
v -0.28741497 0.40439794 -0.31464047
v -0.26128229 0.40439794 -0.34077392
v -0.26128229 0.40439794 -0.31464047
v -0.23514962 0.40439794 -0.39303927
v -0.23514962 0.40439794 -0.36690659
v -0.20901694 0.40439794 -0.39303927
v -0.20901694 0.40439794 -0.36690659
v -0.23514962 0.40439794 -0.34077392
v -0.23514962 0.40439794 -0.31464047
v -0.20901694 0.40439794 -0.34077314
v -0.20901694 0.40439794 -0.31464047
v -0.28741497 0.40439794 -0.28850779
v -0.28741497 0.40439794 -0.26237512
v -0.26128229 0.40439794 -0.28850779
v -0.26128229 0.40439794 -0.26237512
v -0.28741497 0.40439794 -0.23624244
v -0.28741497 0.40439794 -0.21010977
v -0.26128229 0.40439794 -0.23624244
v -0.26128229 0.40439794 -0.21010977
v -0.23514962 0.40439794 -0.28850779
v -0.23514962 0.40439794 -0.26237512
v -0.20901694 0.40439794 -0.28850779
v -0.20901694 0.40439794 -0.26237512
v -0.23514962 0.40439794 -0.23624244
v -0.23514962 0.40439794 -0.21010977
v -0.20901694 0.40439794 -0.23624244
v -0.20901694 0.40439794 -0.21010977
v -0.34835820 0.20178512 -0.39305798
v -0.34835820 0.17565244 -0.39305798
v -0.34835820 0.20178512 -0.36692531
v -0.34835820 0.17565244 -0.36692531
v -0.34835820 0.14951977 -0.39305798
v -0.34835820 0.12338710 -0.39305798
v -0.34835820 0.14951977 -0.36692531
v -0.34835820 0.12338710 -0.36692531
v -0.34835820 0.20178512 -0.34079263
v -0.34835820 0.17565244 -0.34079263
v -0.34835820 0.20178512 -0.31465996
v -0.34835820 0.17565244 -0.31465996
v -0.34835820 0.14951977 -0.34079263
v -0.34835820 0.12338710 -0.34079263
v -0.34835820 0.14951977 -0.31465996
v -0.34835820 0.12338710 -0.31465996
v -0.34835820 0.09725364 -0.39305798
v -0.34835820 0.07112097 -0.39305798
v -0.34835820 0.09725364 -0.36692531
v -0.34835820 0.07112097 -0.36692531
v -0.34835820 0.04498829 -0.39305798
v -0.34835820 0.01885562 -0.39305798
v -0.34835820 0.04498829 -0.36692531
v -0.34835820 0.01885562 -0.36692531
v -0.34835820 0.09725364 -0.34079263
v -0.34835820 0.07112097 -0.34079263
v -0.34835820 0.09725364 -0.31465996
v -0.34835820 0.07112097 -0.31465996
v -0.34835820 0.04498829 -0.34079263
v -0.34835820 0.01885562 -0.34079263
v -0.34835820 0.04498829 -0.31465996
v -0.34835820 0.01885562 -0.31465996
v -0.34835820 0.20178512 -0.28852729
v -0.34835820 0.17565244 -0.28852729
v -0.34835820 0.20178512 -0.26239461
v -0.34835820 0.17565244 -0.26239461
v -0.34835820 0.14951977 -0.28852729
v -0.34835820 0.12338710 -0.28852729
v -0.34835820 0.14951977 -0.26239461
v -0.34835820 0.12338710 -0.26239461
v -0.34835820 0.20178512 -0.23626116
v -0.34835820 0.17565244 -0.23626116
v -0.34835820 0.20178512 -0.21012848
v -0.34835820 0.17565244 -0.21012848
v -0.34835820 0.14951977 -0.23626116
v -0.34835820 0.12338710 -0.23626116
v -0.34835820 0.14951977 -0.21012848
v -0.34835820 0.12338710 -0.21012848
v -0.34835820 0.09725364 -0.28852729
v -0.34835820 0.07112097 -0.28852729
v -0.34835820 0.09725364 -0.26239461
v -0.34835820 0.07112097 -0.26239461
v -0.34835820 0.04498829 -0.28852729
v -0.34835820 0.01885562 -0.28852729
v -0.34835820 0.04498829 -0.26239461
v -0.34835820 0.01885562 -0.26239461
v -0.34835820 0.09725364 -0.23626116
v -0.34835820 0.07112097 -0.23626116
v -0.34835820 0.09725364 -0.21012848
v -0.34835820 0.07112097 -0.21012848
v -0.34835820 0.04498829 -0.23626116
v -0.34835820 0.01885562 -0.23626116
v -0.34835820 0.04498829 -0.21012848
v -0.34835820 0.01885562 -0.21012848
v -0.34521735 0.39740433 -0.17527270
v -0.34817027 0.38213519 -0.18399035
v -0.33361461 0.40393477 -0.18397710
v -0.34521735 0.39740433 -0.14914003
v -0.34817027 0.38213519 -0.15785690
v -0.33361461 0.40393477 -0.15784442
v -0.31348760 0.40439482 -0.18397710
v -0.31348760 0.40439482 -0.15784364
v -0.34835820 0.35861313 -0.18399581
v -0.34835820 0.33244927 -0.18399581
v -0.34835820 0.35861313 -0.15786314
v -0.34835820 0.33244927 -0.15786314
v -0.34521735 0.39740433 -0.12300736
v -0.34817027 0.38213519 -0.13172422
v -0.33361461 0.40393477 -0.13171175
v -0.34521735 0.39740433 -0.09687468
v -0.34817027 0.38213519 -0.10559155
v -0.33361461 0.40393477 -0.10557907
v -0.31348760 0.40439482 -0.13171097
v -0.31348760 0.40439482 -0.10557829
v -0.34835820 0.35861313 -0.13173046
v -0.34835820 0.33244927 -0.13173046
v -0.34835820 0.35861313 -0.10559779
v -0.34835820 0.33244927 -0.10559779
v -0.34835820 0.30631659 -0.18399581
v -0.34835820 0.28018392 -0.18399581
v -0.34835820 0.30631659 -0.15786314
v -0.34835820 0.28018392 -0.15786314
v -0.34835820 0.25405046 -0.18399581
v -0.34835820 0.22791779 -0.18399581
v -0.34835820 0.25405046 -0.15786314
v -0.34835820 0.22791779 -0.15786314
v -0.34835820 0.30631659 -0.13173046
v -0.34835820 0.28018392 -0.13173046
v -0.34835820 0.30631659 -0.10559779
v -0.34835820 0.28018392 -0.10559779
v -0.34835820 0.25405046 -0.13173046
v -0.34835820 0.22791779 -0.13173046
v -0.34835820 0.25405046 -0.10559779
v -0.34835820 0.22791779 -0.10559779
v -0.34521735 0.39740433 -0.07074123
v -0.34817027 0.38213519 -0.07945888
v -0.33361461 0.40393477 -0.07944640
v -0.34521735 0.39740433 -0.04460855
v -0.34817027 0.38213519 -0.05332620
v -0.33361461 0.40393477 -0.05331373
v -0.31348760 0.40439482 -0.07944562
v -0.31348760 0.40439482 -0.05331295
v -0.34835820 0.35861313 -0.07946511
v -0.34835820 0.33244927 -0.07946511
v -0.34835820 0.35861313 -0.05333166
v -0.34835820 0.33244927 -0.05333166
v -0.34521735 0.39740433 -0.01847588
v -0.34817027 0.38213519 -0.02719353
v -0.33361461 0.40393477 -0.02718027
v -0.34521735 0.39740433 0.00765679
v -0.34817027 0.38213519 -0.00106086
v -0.33361461 0.40393477 -0.00104760
v -0.31348760 0.40439482 -0.02718027
v -0.31348760 0.40439482 -0.00104760
v -0.34835820 0.35861313 -0.02719899
v -0.34835820 0.33244927 -0.02719899
v -0.34835820 0.35861313 -0.00106631
v -0.34835820 0.33244927 -0.00106631
v -0.34835820 0.30631659 -0.07946511
v -0.34835820 0.28018392 -0.07946511
v -0.34835820 0.30631659 -0.05333166
v -0.34835820 0.28018392 -0.05333166
v -0.34835820 0.25405046 -0.07946511
v -0.34835820 0.22791779 -0.07946511
v -0.34835820 0.25405046 -0.05333166
v -0.34835820 0.22791779 -0.05333166
v -0.34835820 0.30631659 -0.02719899
v -0.34835820 0.28018392 -0.02719899
v -0.34835820 0.30631659 -0.00106631
v -0.34835820 0.28018392 -0.00106631
v -0.34835820 0.25405046 -0.02719899
v -0.34835820 0.22791779 -0.02719899
v -0.34835820 0.25405046 -0.00106631
v -0.34835820 0.22791779 -0.00106631
v -0.28741497 0.40439794 -0.18397710
v -0.28741497 0.40439794 -0.15784442
v -0.26128229 0.40439794 -0.18397710
v -0.26128229 0.40439794 -0.15784442
v -0.28741497 0.40439794 -0.13171097
v -0.28741497 0.40439794 -0.10557829
v -0.26128229 0.40439794 -0.13171097
v -0.26128229 0.40439794 -0.10557829
v -0.23514962 0.40439794 -0.18397710
v -0.23514962 0.40439794 -0.15784442
v -0.20901694 0.40439794 -0.18397710
v -0.20901694 0.40439794 -0.15784442
v -0.23514962 0.40439794 -0.13171097
v -0.23514962 0.40439794 -0.10557829
v -0.20901694 0.40439794 -0.13171097
v -0.20901694 0.40439794 -0.10557829
v -0.28741497 0.40439794 -0.07944562
v -0.28741497 0.40439794 -0.05331295
v -0.26128229 0.40439794 -0.07944562
v -0.26128229 0.40439794 -0.05331295
v -0.28741497 0.40439794 -0.02718027
v -0.28741497 0.40439794 -0.00104760
v -0.26128229 0.40439794 -0.02718027
v -0.26128229 0.40439794 -0.00104760
v -0.23514962 0.40439794 -0.07944562
v -0.23514962 0.40439794 -0.05331295
v -0.20901694 0.40439794 -0.07944562
v -0.20901694 0.40439794 -0.05331295
v -0.23514962 0.40439794 -0.02718027
v -0.23514962 0.40439794 -0.00104760
v -0.20901694 0.40439794 -0.02718027
v -0.20901694 0.40439794 -0.00104760
v -0.34835820 0.20178512 -0.18399581
v -0.34835820 0.17565244 -0.18399581
v -0.34835820 0.20178512 -0.15786314
v -0.34835820 0.17565244 -0.15786314
v -0.34835820 0.14951977 -0.18399581
v -0.34835820 0.12338710 -0.18399581
v -0.34835820 0.14951977 -0.15786314
v -0.34835820 0.12338710 -0.15786314
v -0.34835820 0.20178512 -0.13173046
v -0.34835820 0.17565244 -0.13173046
v -0.34835820 0.20178512 -0.10559779
v -0.34835820 0.17565244 -0.10559779
v -0.34835820 0.14951977 -0.13173046
v -0.34835820 0.12338710 -0.13173046
v -0.34835820 0.14951977 -0.10559779
v -0.34835820 0.12338710 -0.10559779
v -0.34835820 0.09725364 -0.18399581
v -0.34835820 0.07112097 -0.18399581
v -0.34835820 0.09725364 -0.15786314
v -0.34835820 0.07112097 -0.15786314
v -0.34835820 0.04498829 -0.18399581
v -0.34835820 0.01885562 -0.18399581
v -0.34835820 0.04498829 -0.15786314
v -0.34835820 0.01885562 -0.15786314
v -0.34835820 0.09725364 -0.13173046
v -0.34835820 0.07112097 -0.13173046
v -0.34835820 0.09725364 -0.10559779
v -0.34835820 0.07112097 -0.10559779
v -0.34835820 0.04498829 -0.13173046
v -0.34835820 0.01885562 -0.13173046
v -0.34835820 0.04498829 -0.10559779
v -0.34835820 0.01885562 -0.10559779
v -0.34835820 0.20178512 -0.07946511
v -0.34835820 0.17565244 -0.07946511
v -0.34835820 0.20178512 -0.05333166
v -0.34835820 0.17565244 -0.05333166
v -0.34835820 0.14951977 -0.07946511
v -0.34835820 0.12338710 -0.07946511
v -0.34835820 0.14951977 -0.05333166
v -0.34835820 0.12338710 -0.05333166
v -0.34835820 0.20178512 -0.02719899
v -0.34835820 0.17565244 -0.02719899
v -0.34835820 0.20178512 -0.00106631
v -0.34835820 0.17565244 -0.00106631
v -0.34835820 0.14951977 -0.02719899
v -0.34835820 0.12338710 -0.02719899
v -0.34835820 0.14951977 -0.00106631
v -0.34835820 0.12338710 -0.00106631
v -0.34835820 0.09725442 -0.07946511
v -0.34835820 0.07112097 -0.07946511
v -0.34835820 0.09725442 -0.05333166
v -0.34835820 0.07112097 -0.05333166
v -0.34835820 0.04498829 -0.07946511
v -0.34835820 0.01885562 -0.07946511
v -0.34835820 0.04498829 -0.05333166
v -0.34835820 0.01885562 -0.05333166
v -0.34835820 0.09725442 -0.02719899
v -0.34835820 0.07112097 -0.02719899
v -0.34835820 0.09725442 -0.00106631
v -0.34835820 0.07112097 -0.00106631
v -0.34835820 0.04498829 -0.02719899
v -0.34835820 0.01885562 -0.02719899
v -0.34835820 0.04498829 -0.00106631
v -0.34835820 0.01885562 -0.00106631
v -0.18288427 0.40439794 -0.39303927
v -0.18288427 0.40439794 -0.36690659
v -0.15675082 0.40439794 -0.39303927
v -0.15675082 0.40439794 -0.36690659
v -0.18288427 0.40439794 -0.34077314
v -0.18288427 0.40439794 -0.31464047
v -0.15675082 0.40439794 -0.34077314
v -0.15675082 0.40439794 -0.31464047
v -0.13061814 0.40439794 -0.39303927
v -0.13061814 0.40439794 -0.36690659
v -0.10448547 0.40439794 -0.39303927
v -0.10448547 0.40439794 -0.36690659
v -0.13061814 0.40439794 -0.34077314
v -0.13061814 0.40439794 -0.31464047
v -0.10448547 0.40439794 -0.34077314
v -0.10448547 0.40439794 -0.31464047
v -0.18288427 0.40439794 -0.28850779
v -0.18288427 0.40439794 -0.26237512
v -0.15675082 0.40439794 -0.28850779
v -0.15675082 0.40439794 -0.26237512
v -0.18288427 0.40439794 -0.23624244
v -0.18288427 0.40439794 -0.21010977
v -0.15675082 0.40439794 -0.23624244
v -0.15675082 0.40439794 -0.21010977
v -0.13061814 0.40439794 -0.28850779
v -0.13061814 0.40439794 -0.26237512
v -0.10448547 0.40439794 -0.28850779
v -0.10448547 0.40439794 -0.26237512
v -0.13061814 0.40439794 -0.23624244
v -0.13061814 0.40439794 -0.21010977
v -0.10448547 0.40439794 -0.23624244
v -0.10448547 0.40439794 -0.21010977
v -0.07835280 0.40439794 -0.39303927
v -0.07835280 0.40439794 -0.36690659
v -0.05222012 0.40439794 -0.39303927
v -0.05222012 0.40439794 -0.36690659
v -0.07835280 0.40439794 -0.34077314
v -0.07835280 0.40439794 -0.31464047
v -0.05222012 0.40439794 -0.34077314
v -0.05222012 0.40439794 -0.31464047
v -0.02608745 0.40439794 -0.39303927
v -0.02608745 0.40439794 -0.36690659
v 0.00004523 0.40439794 -0.39303927
v 0.00004523 0.40439794 -0.36690659
v -0.02608745 0.40439794 -0.34077314
v -0.02608745 0.40439794 -0.31464047
v 0.00004523 0.40439794 -0.34077314
v 0.00004523 0.40439794 -0.31464047
v -0.07835280 0.40439794 -0.28850779
v -0.07835280 0.40439794 -0.26237512
v -0.05222012 0.40439794 -0.28850779
v -0.05222012 0.40439794 -0.26237512
v -0.07835280 0.40439794 -0.23624244
v -0.07835280 0.40439794 -0.21010977
v -0.05222012 0.40439794 -0.23624244
v -0.05222012 0.40439794 -0.21010977
v -0.02608745 0.40439794 -0.28850779
v -0.02608745 0.40439794 -0.26237512
v 0.00004523 0.40439794 -0.28850779
v 0.00004523 0.40439794 -0.26237512
v -0.02608745 0.40439794 -0.23624244
v -0.02608745 0.40439794 -0.21010977
v 0.00004523 0.40439794 -0.23624244
v 0.00004523 0.40439794 -0.21010977
v -0.18288427 0.40439794 -0.18397710
v -0.18288427 0.40439794 -0.15784442
v -0.15675082 0.40439794 -0.18397710
v -0.15675082 0.40439794 -0.15784442
v -0.18288427 0.40439794 -0.13171097
v -0.18288427 0.40439794 -0.10557829
v -0.15675082 0.40439794 -0.13171097
v -0.15675082 0.40439794 -0.10557829
v -0.13061814 0.40439794 -0.18397710
v -0.13061814 0.40439794 -0.15784442
v -0.10448547 0.40439794 -0.18397710
v -0.10448547 0.40439794 -0.15784364
v -0.13061814 0.40439794 -0.13171097
v -0.13061814 0.40439794 -0.10557829
v -0.10448547 0.40439794 -0.13171097
v -0.10448547 0.40439794 -0.10557829
v -0.18288427 0.40439794 -0.07944562
v -0.18288427 0.40439794 -0.05331295
v -0.15675082 0.40439794 -0.07944562
v -0.15675082 0.40439794 -0.05331295
v -0.18288427 0.40439794 -0.02718027
v -0.18288427 0.40439794 -0.00104760
v -0.15675082 0.40439794 -0.02718027
v -0.15675082 0.40439794 -0.00104760
v -0.13061814 0.40439794 -0.07944562
v -0.13061814 0.40439794 -0.05331295
v -0.10448547 0.40439794 -0.07944562
v -0.10448547 0.40439794 -0.05331295
v -0.13061814 0.40439794 -0.02718027
v -0.13061814 0.40439794 -0.00104760
v -0.10448547 0.40439794 -0.02718027
v -0.10448547 0.40439794 -0.00104760
v -0.07835280 0.40439794 -0.18397710
v -0.07835280 0.40439794 -0.15784364
v -0.05222012 0.40439794 -0.18397710
v -0.05222012 0.40439794 -0.15784364
v -0.07835280 0.40439794 -0.13171097
v -0.07835280 0.40439794 -0.10557829
v -0.05222012 0.40439794 -0.13171097
v -0.05222012 0.40439794 -0.10557829
v -0.02608745 0.40439794 -0.18397710
v -0.02608745 0.40439794 -0.15784364
v 0.00004523 0.40439794 -0.18397710
v 0.00004523 0.40439794 -0.15784364
v -0.02608745 0.40439794 -0.13171097
v -0.02608745 0.40439794 -0.10557829
v 0.00004523 0.40439794 -0.13171097
v 0.00004523 0.40439794 -0.10557829
v -0.07835280 0.40439794 -0.07944562
v -0.07835280 0.40439794 -0.05331295
v -0.05222012 0.40439794 -0.07944562
v -0.05222012 0.40439794 -0.05331295
v -0.07835280 0.40439794 -0.02718027
v -0.07835280 0.40439794 -0.00104760
v -0.05222012 0.40439794 -0.02718027
v -0.05222012 0.40439794 -0.00104760
v -0.02608745 0.40439794 -0.07944562
v -0.02608745 0.40439794 -0.05331295
v 0.00004523 0.40439794 -0.07944562
v 0.00004523 0.40439794 -0.05331295
v -0.02608745 0.40439794 -0.02718027
v -0.02608745 0.40439794 -0.00104760
v 0.00004523 0.40439794 -0.02718027
v 0.00004523 0.40439794 -0.00104760
v -0.34835820 -0.00726302 -0.54987118
v -0.34835820 -0.03339647 -0.54987118
v -0.34835820 -0.00727705 -0.52372213
v -0.34835820 -0.03340973 -0.52372213
v -0.34835820 -0.05952915 -0.54987118
v -0.34835820 -0.08566182 -0.54987118
v -0.34835820 -0.05954240 -0.52372213
v -0.34835820 -0.08567585 -0.52372213
v -0.34835820 -0.11179449 -0.54987118
v -0.34835820 -0.13792717 -0.54987118
v -0.34835820 -0.11180853 -0.52372213
v -0.34835820 -0.13794120 -0.52372213
v -0.34835820 -0.16405984 -0.54987118
v -0.34835820 -0.19019251 -0.54987118
v -0.34835820 -0.16407388 -0.52372213
v -0.34835820 -0.19020655 -0.52372213
v -0.34835820 -0.00727705 -0.49758946
v -0.34835820 -0.03340973 -0.49758946
v -0.34835820 -0.00727705 -0.47145678
v -0.34835820 -0.03340973 -0.47145678
v -0.34835820 -0.05954240 -0.49758946
v -0.34835820 -0.08567585 -0.49758946
v -0.34835820 -0.05954240 -0.47145678
v -0.34835820 -0.08567585 -0.47145678
v -0.34835820 -0.00727705 -0.44532333
v -0.34835820 -0.03340973 -0.44532333
v -0.34835820 -0.00727705 -0.41919065
v -0.34835820 -0.03340973 -0.41919065
v -0.34835820 -0.05954240 -0.44532333
v -0.34835820 -0.08567585 -0.44532333
v -0.34835820 -0.05954240 -0.41919065
v -0.34835820 -0.08567585 -0.41919065
v -0.34835820 -0.11180853 -0.49758946
v -0.34835820 -0.13794120 -0.49758946
v -0.34835820 -0.11180853 -0.47145678
v -0.34835820 -0.13794120 -0.47145678
v -0.34835820 -0.16407388 -0.49758946
v -0.34835820 -0.19020655 -0.49758946
v -0.34835820 -0.16407388 -0.47145678
v -0.34835820 -0.19020655 -0.47145678
v -0.34835820 -0.11180853 -0.44532333
v -0.34835820 -0.13794120 -0.44532333
v -0.34835820 -0.11180853 -0.41919065
v -0.34835820 -0.13794120 -0.41919065
v -0.34835820 -0.16407388 -0.44532333
v -0.34835820 -0.19020655 -0.44532333
v -0.34835820 -0.16407388 -0.41919065
v -0.34835820 -0.19020655 -0.41919065
v -0.34835820 -0.21632597 -0.54987118
v -0.34835820 -0.24245864 -0.54987118
v -0.34835820 -0.21633922 -0.52372213
v -0.34835820 -0.24247190 -0.52372213
v -0.34835820 -0.26857962 -0.54987040
v -0.34827632 -0.29299372 -0.54984935
v -0.34835820 -0.26859366 -0.52372213
v -0.34827632 -0.29300775 -0.52370264
v -0.34597761 -0.31463111 -0.54984467
v -0.34597761 -0.31463657 -0.52370186
v -0.34835820 -0.21633922 -0.49758946
v -0.34835820 -0.24247190 -0.49758946
v -0.34835820 -0.21633922 -0.47145678
v -0.34835820 -0.24247190 -0.47145678
v -0.34835820 -0.26859366 -0.49758946
v -0.34827632 -0.29300775 -0.49756996
v -0.34835820 -0.26859366 -0.47145678
v -0.34827632 -0.29300775 -0.47143729
v -0.34835820 -0.21633922 -0.44532333
v -0.34835820 -0.24247190 -0.44532333
v -0.34835820 -0.21633922 -0.41919065
v -0.34835820 -0.24247190 -0.41919065
v -0.34835820 -0.26859366 -0.44532333
v -0.34827632 -0.29300775 -0.44530461
v -0.34835820 -0.26859366 -0.41919065
v -0.34827632 -0.29300775 -0.41917194
v -0.34597761 -0.31463657 -0.49756918
v -0.34597761 -0.31463657 -0.47143651
v -0.34597761 -0.31463657 -0.44530383
v -0.34597761 -0.31463657 -0.41917038
v -0.34835820 -0.00727705 -0.39305798
v -0.34835820 -0.03340973 -0.39305798
v -0.34835820 -0.00727705 -0.36692531
v -0.34835820 -0.03340973 -0.36692531
v -0.34835820 -0.05954240 -0.39305798
v -0.34835820 -0.08567585 -0.39305798
v -0.34835820 -0.05954240 -0.36692531
v -0.34835820 -0.08567585 -0.36692531
v -0.34835820 -0.00727705 -0.34079263
v -0.34835820 -0.03340973 -0.34079263
v -0.34835820 -0.00727705 -0.31465996
v -0.34835820 -0.03340973 -0.31465996
v -0.34835820 -0.05954240 -0.34079263
v -0.34835820 -0.08567585 -0.34079263
v -0.34835820 -0.05954240 -0.31465996
v -0.34835820 -0.08567585 -0.31465996
v -0.34835820 -0.11180853 -0.39305798
v -0.34835820 -0.13794120 -0.39305798
v -0.34835820 -0.11180853 -0.36692531
v -0.34835820 -0.13794120 -0.36692531
v -0.34835820 -0.16407388 -0.39305798
v -0.34835820 -0.19020655 -0.39305798
v -0.34835820 -0.16407388 -0.36692531
v -0.34835820 -0.19020655 -0.36692531
v -0.34835820 -0.11180853 -0.34079263
v -0.34835820 -0.13794120 -0.34079263
v -0.34835820 -0.11180853 -0.31465996
v -0.34835820 -0.13794120 -0.31465996
v -0.34835820 -0.16407388 -0.34079263
v -0.34835820 -0.19020655 -0.34079263
v -0.34835820 -0.16407388 -0.31465996
v -0.34835820 -0.19020655 -0.31465996
v -0.34835820 -0.00727705 -0.28852729
v -0.34835820 -0.03340973 -0.28852729
v -0.34835820 -0.00727705 -0.26239461
v -0.34835820 -0.03340973 -0.26239461
v -0.34835820 -0.05954240 -0.28852729
v -0.34835820 -0.08567585 -0.28852729
v -0.34835820 -0.05954240 -0.26239461
v -0.34835820 -0.08567585 -0.26239461
v -0.34835820 -0.00727705 -0.23626116
v -0.34835820 -0.03340973 -0.23626116
v -0.34835820 -0.00727705 -0.21012848
v -0.34835820 -0.03340973 -0.21012848
v -0.34835820 -0.05954240 -0.23626116
v -0.34835820 -0.08567585 -0.23626116
v -0.34835820 -0.05954240 -0.21012848
v -0.34835820 -0.08567585 -0.21012848
v -0.34835820 -0.11180853 -0.28852729
v -0.34835820 -0.13794120 -0.28852729
v -0.34835820 -0.11180853 -0.26239461
v -0.34835820 -0.13794120 -0.26239461
v -0.34835820 -0.16407388 -0.28852729
v -0.34835820 -0.19020655 -0.28852729
v -0.34835820 -0.16407388 -0.26239461
v -0.34835820 -0.19020655 -0.26239461
v -0.34835820 -0.11180853 -0.23626116
v -0.34835820 -0.13794120 -0.23626116
v -0.34835820 -0.11180853 -0.21012848
v -0.34835820 -0.13794120 -0.21012848
v -0.34835820 -0.16407388 -0.23626116
v -0.34835820 -0.19020655 -0.23626116
v -0.34835820 -0.16407388 -0.21012848
v -0.34835820 -0.19020655 -0.21012848
v -0.34835820 -0.21633922 -0.39305798
v -0.34835820 -0.24247190 -0.39305798
v -0.34835820 -0.21633922 -0.36692531
v -0.34835820 -0.24247190 -0.36692531
v -0.34835820 -0.26859366 -0.39305798
v -0.34827632 -0.29300775 -0.39303849
v -0.34835820 -0.26859366 -0.36692531
v -0.34827632 -0.29300775 -0.36690581
v -0.34835820 -0.21633922 -0.34079263
v -0.34835820 -0.24247190 -0.34079263
v -0.34835820 -0.21633922 -0.31465996
v -0.34835820 -0.24247190 -0.31465996
v -0.34835820 -0.26859366 -0.34079263
v -0.34827632 -0.29300775 -0.34077314
v -0.34835820 -0.26859366 -0.31465996
v -0.34827632 -0.29300775 -0.31464047
v -0.34597761 -0.31463657 -0.39303771
v -0.34597761 -0.31463657 -0.36690503
v -0.34597761 -0.31463657 -0.34077236
v -0.34597761 -0.31463657 -0.31463969
v -0.34835820 -0.21633922 -0.28852729
v -0.34835820 -0.24247190 -0.28852729
v -0.34835820 -0.21633922 -0.26239461
v -0.34835820 -0.24247190 -0.26239461
v -0.34835820 -0.26859366 -0.28852729
v -0.34827632 -0.29300775 -0.28850779
v -0.34835820 -0.26859366 -0.26239461
v -0.34827632 -0.29300775 -0.26237512
v -0.34835820 -0.21633922 -0.23626116
v -0.34835820 -0.24247190 -0.23626116
v -0.34835820 -0.21633922 -0.21012848
v -0.34835820 -0.24247190 -0.21012848
v -0.34835820 -0.26859366 -0.23626116
v -0.34827632 -0.29300775 -0.23624244
v -0.34835820 -0.26859366 -0.21012848
v -0.34827632 -0.29300775 -0.21010899
v -0.34597761 -0.31463657 -0.28850701
v -0.34597761 -0.31463657 -0.26237434
v -0.34597761 -0.31463657 -0.23624088
v -0.34597761 -0.31463657 -0.21010821
v -0.34835820 -0.00727705 -0.18399581
v -0.34835820 -0.03340973 -0.18399581
v -0.34835820 -0.00727705 -0.15786314
v -0.34835820 -0.03340973 -0.15786314
v -0.34835820 -0.05954240 -0.18399581
v -0.34835820 -0.08567585 -0.18399581
v -0.34835820 -0.05954240 -0.15786314
v -0.34835820 -0.08567585 -0.15786314
v -0.34835820 -0.00727705 -0.13173046
v -0.34835820 -0.03340973 -0.13173046
v -0.34835820 -0.00727705 -0.10559779
v -0.34835820 -0.03340973 -0.10559779
v -0.34835820 -0.05954240 -0.13173046
v -0.34835820 -0.08567585 -0.13173046
v -0.34835820 -0.05954240 -0.10559779
v -0.34835820 -0.08567585 -0.10559779
v -0.34835820 -0.11180853 -0.18399581
v -0.34835820 -0.13794120 -0.18399581
v -0.34835820 -0.11180853 -0.15786314
v -0.34835820 -0.13794120 -0.15786314
v -0.34835820 -0.16407388 -0.18399581
v -0.34835820 -0.19020655 -0.18399581
v -0.34835820 -0.16407388 -0.15786314
v -0.34835820 -0.19020655 -0.15786314
v -0.34835820 -0.11180853 -0.13173046
v -0.34835820 -0.13794120 -0.13173046
v -0.34835820 -0.11180853 -0.10559779
v -0.34835820 -0.13794120 -0.10559779
v -0.34835820 -0.16407388 -0.13173046
v -0.34835820 -0.19020655 -0.13173046
v -0.34835820 -0.16407388 -0.10559779
v -0.34835820 -0.19020655 -0.10559779
v -0.34835820 -0.00727705 -0.07946511
v -0.34835820 -0.03340973 -0.07946511
v -0.34835820 -0.00727705 -0.05333166
v -0.34835820 -0.03340973 -0.05333166
v -0.34835820 -0.05954240 -0.07946511
v -0.34835820 -0.08567585 -0.07946511
v -0.34835820 -0.05954240 -0.05333166
v -0.34835820 -0.08567585 -0.05333166
v -0.34835820 -0.00727705 -0.02719899
v -0.34835820 -0.03340973 -0.02719899
v -0.34835820 -0.00727705 -0.00106631
v -0.34835820 -0.03340973 -0.00106631
v -0.34835820 -0.05954240 -0.02719899
v -0.34835820 -0.08567585 -0.02719899
v -0.34835820 -0.05954240 -0.00106631
v -0.34835820 -0.08567585 -0.00106631
v -0.34835820 -0.11180853 -0.07946511
v -0.34835820 -0.13794120 -0.07946511
v -0.34835820 -0.11180853 -0.05333166
v -0.34835820 -0.13794120 -0.05333166
v -0.34835820 -0.16407388 -0.07946511
v -0.34835820 -0.19020655 -0.07946511
v -0.34835820 -0.16407388 -0.05333166
v -0.34835820 -0.19020655 -0.05333166
v -0.34835820 -0.11180853 -0.02719899
v -0.34835820 -0.13794120 -0.02719899
v -0.34835820 -0.11180853 -0.00106631
v -0.34835820 -0.13794120 -0.00106631
v -0.34835820 -0.16407388 -0.02719899
v -0.34835820 -0.19020655 -0.02719899
v -0.34835820 -0.16407388 -0.00106631
v -0.34835820 -0.19020655 -0.00106631
v -0.34835820 -0.21633922 -0.18399581
v -0.34835820 -0.24247190 -0.18399581
v -0.34835820 -0.21633922 -0.15786314
v -0.34835820 -0.24247190 -0.15786314
v -0.34835820 -0.26859366 -0.18399581
v -0.34827632 -0.29300775 -0.18397632
v -0.34835820 -0.26859366 -0.15786314
v -0.34827632 -0.29300775 -0.15784364
v -0.34835820 -0.21633922 -0.13173046
v -0.34835820 -0.24247190 -0.13173046
v -0.34835820 -0.21633922 -0.10559779
v -0.34835820 -0.24247190 -0.10559779
v -0.34835820 -0.26859366 -0.13173046
v -0.34827632 -0.29300775 -0.13171097
v -0.34835820 -0.26859366 -0.10559779
v -0.34827632 -0.29300775 -0.10557829
v -0.34597761 -0.31463657 -0.18397554
v -0.34597761 -0.31463657 -0.15784286
v -0.34597761 -0.31463657 -0.13171019
v -0.34597761 -0.31463657 -0.10557752
v -0.34835820 -0.21633922 -0.07946511
v -0.34835820 -0.24247190 -0.07946511
v -0.34835820 -0.21633922 -0.05333166
v -0.34835820 -0.24247190 -0.05333166
v -0.34835820 -0.26859366 -0.07946511
v -0.34827632 -0.29300775 -0.07944562
v -0.34835820 -0.26859366 -0.05333166
v -0.34827632 -0.29300775 -0.05331295
v -0.34835820 -0.21633922 -0.02719899
v -0.34835820 -0.24247190 -0.02719899
v -0.34835820 -0.21633922 -0.00106631
v -0.34835820 -0.24247190 -0.00106631
v -0.34835820 -0.26859366 -0.02719899
v -0.34827632 -0.29300775 -0.02718027
v -0.34835820 -0.26859366 -0.00106631
v -0.34827632 -0.29300775 -0.00104682
v -0.34597761 -0.31463657 -0.07944484
v -0.34597761 -0.31463657 -0.05331217
v -0.34597761 -0.31463657 -0.02717871
v -0.34597761 -0.31463657 -0.00104604
v -0.34521735 0.39740433 0.03378947
v -0.34817027 0.38213519 0.02507260
v -0.33361461 0.40393477 0.02508507
v -0.34521735 0.39740433 0.05992214
v -0.34817027 0.38213519 0.05120527
v -0.33361461 0.40393477 0.05121775
v -0.31348760 0.40439482 0.02508507
v -0.31348760 0.40439482 0.05121853
v -0.34835820 0.35861313 0.02506636
v -0.34835820 0.33244927 0.02506636
v -0.34835820 0.35861313 0.05119903
v -0.34835820 0.33244927 0.05119903
v -0.34521735 0.39740433 0.08605482
v -0.34817027 0.38213519 0.07733795
v -0.33361461 0.40393477 0.07735042
v -0.34521735 0.39740433 0.11218827
v -0.34817027 0.38213519 0.10347062
v -0.33361461 0.40393477 0.10348310
v -0.31348760 0.40439482 0.07735120
v -0.31348760 0.40439482 0.10348388
v -0.34835820 0.35861313 0.07733171
v -0.34835820 0.33244927 0.07733171
v -0.34835820 0.35861313 0.10346516
v -0.34835820 0.33244927 0.10346516
v -0.34835820 0.30631659 0.02506636
v -0.34835820 0.28018392 0.02506636
v -0.34835820 0.30631659 0.05119903
v -0.34835820 0.28018392 0.05119903
v -0.34835820 0.25405046 0.02506636
v -0.34835820 0.22791779 0.02506636
v -0.34835820 0.25405046 0.05119903
v -0.34835820 0.22791779 0.05119903
v -0.34835820 0.30631659 0.07733171
v -0.34835820 0.28018392 0.07733171
v -0.34835820 0.30631659 0.10346516
v -0.34835820 0.28018392 0.10346516
v -0.34835820 0.25405046 0.07733171
v -0.34835820 0.22791779 0.07733171
v -0.34835820 0.25405046 0.10346516
v -0.34835820 0.22791779 0.10346516
v -0.34521735 0.39740433 0.13832094
v -0.34817027 0.38213519 0.12960329
v -0.33361461 0.40393477 0.12961577
v -0.34521735 0.39740433 0.16445362
v -0.34817027 0.38213519 0.15573597
v -0.33361461 0.40393477 0.15574922
v -0.31348760 0.40439482 0.12961655
v -0.31348760 0.40439482 0.15574922
v -0.34835820 0.35861313 0.12959784
v -0.34835820 0.33244927 0.12959784
v -0.34835820 0.35861313 0.15573051
v -0.34835820 0.33244927 0.15573051
v -0.34521735 0.39740433 0.19058629
v -0.34817027 0.38213519 0.18186864
v -0.33361461 0.40393477 0.18188190
v -0.34521735 0.39740433 0.21671896
v -0.34817027 0.38213519 0.20800209
v -0.33361461 0.40393477 0.20801457
v -0.31348760 0.40439482 0.18188190
v -0.31348760 0.40439482 0.20801457
v -0.34835820 0.35861313 0.18186318
v -0.34835820 0.33244927 0.18186318
v -0.34835820 0.35861313 0.20799586
v -0.34835820 0.33244927 0.20799586
v -0.34835820 0.30631659 0.12959784
v -0.34835820 0.28018392 0.12959784
v -0.34835820 0.30631659 0.15573051
v -0.34835820 0.28018392 0.15573051
v -0.34835820 0.25405046 0.12959784
v -0.34835820 0.22791779 0.12959784
v -0.34835820 0.25405046 0.15573051
v -0.34835820 0.22791779 0.15573051
v -0.34835820 0.30631659 0.18186318
v -0.34835820 0.28018392 0.18186318
v -0.34835820 0.30631659 0.20799586
v -0.34835820 0.28018392 0.20799586
v -0.34835820 0.25405046 0.18186318
v -0.34835820 0.22791779 0.18186318
v -0.34835820 0.25405046 0.20799586
v -0.34835820 0.22791779 0.20799586
v -0.28741497 0.40439794 0.02508507
v -0.28741497 0.40439794 0.05121853
v -0.26128229 0.40439794 0.02508507
v -0.26128229 0.40439794 0.05121853
v -0.28741497 0.40439794 0.07735120
v -0.28741497 0.40439794 0.10348388
v -0.26128229 0.40439794 0.07735120
v -0.26128229 0.40439794 0.10348388
v -0.23514962 0.40439794 0.02508507
v -0.23514962 0.40439794 0.05121853
v -0.20901694 0.40439794 0.02508507
v -0.20901694 0.40439794 0.05121853
v -0.23514962 0.40439794 0.07735120
v -0.23514962 0.40439794 0.10348388
v -0.20901694 0.40439794 0.07735120
v -0.20901694 0.40439794 0.10348388
v -0.28741497 0.40439794 0.12961655
v -0.28741497 0.40439794 0.15574922
v -0.26128229 0.40439794 0.12961655
v -0.26128229 0.40439794 0.15574922
v -0.28741497 0.40439794 0.18188190
v -0.28741497 0.40439794 0.20801457
v -0.26128229 0.40439794 0.18188190
v -0.26128229 0.40439794 0.20801457
v -0.23514962 0.40439794 0.12961655
v -0.23514962 0.40439794 0.15574922
v -0.20901694 0.40439794 0.12961655
v -0.20901694 0.40439794 0.15574922
v -0.23514962 0.40439794 0.18188190
v -0.23514962 0.40439794 0.20801457
v -0.20901694 0.40439794 0.18188190
v -0.20901694 0.40439794 0.20801457
v -0.34835820 0.20178512 0.02506636
v -0.34835820 0.17565244 0.02506636
v -0.34835820 0.20178512 0.05119903
v -0.34835820 0.17565244 0.05119903
v -0.34835820 0.14951977 0.02506636
v -0.34835820 0.12338710 0.02506636
v -0.34835820 0.14951977 0.05119903
v -0.34835820 0.12338710 0.05119903
v -0.34835820 0.20178512 0.07733171
v -0.34835820 0.17565244 0.07733171
v -0.34835820 0.20178512 0.10346516
v -0.34835820 0.17565244 0.10346516
v -0.34835820 0.14951977 0.07733171
v -0.34835820 0.12338710 0.07733171
v -0.34835820 0.14951977 0.10346516
v -0.34835820 0.12338710 0.10346516
v -0.34835820 0.09725442 0.02506636
v -0.34835820 0.07112097 0.02506636
v -0.34835820 0.09725442 0.05119903
v -0.34835820 0.07112097 0.05119903
v -0.34835820 0.04498829 0.02506636
v -0.34835820 0.01885562 0.02506636
v -0.34835820 0.04498829 0.05119903
v -0.34835820 0.01885562 0.05119903
v -0.34835820 0.09725442 0.07733171
v -0.34835820 0.07112097 0.07733171
v -0.34835820 0.09725442 0.10346516
v -0.34835820 0.07112097 0.10346516
v -0.34835820 0.04498829 0.07733171
v -0.34835820 0.01885562 0.07733171
v -0.34835820 0.04498829 0.10346516
v -0.34835820 0.01885562 0.10346516
v -0.34835820 0.20178512 0.12959784
v -0.34835820 0.17565244 0.12959784
v -0.34835820 0.20178512 0.15573051
v -0.34835820 0.17565244 0.15573051
v -0.34835820 0.14951977 0.12959784
v -0.34835820 0.12338710 0.12959784
v -0.34835820 0.14951977 0.15573051
v -0.34835820 0.12338710 0.15573051
v -0.34835820 0.20178512 0.18186318
v -0.34835820 0.17565244 0.18186318
v -0.34835820 0.20178512 0.20799586
v -0.34835820 0.17565244 0.20799586
v -0.34835820 0.14951977 0.18186318
v -0.34835820 0.12338710 0.18186318
v -0.34835820 0.14951977 0.20799586
v -0.34835820 0.12338710 0.20799586
v -0.34835820 0.09725442 0.12959784
v -0.34835820 0.07112097 0.12959784
v -0.34835820 0.09725442 0.15573051
v -0.34835820 0.07112097 0.15573051
v -0.34835820 0.04498829 0.12959784
v -0.34835820 0.01885562 0.12959784
v -0.34835820 0.04498829 0.15573051
v -0.34835820 0.01885562 0.15573051
v -0.34835820 0.09725442 0.18186318
v -0.34835820 0.07112097 0.18186318
v -0.34835820 0.09725442 0.20799586
v -0.34835820 0.07112097 0.20799586
v -0.34835820 0.04498829 0.18186318
v -0.34835820 0.01885562 0.18186318
v -0.34835820 0.04498829 0.20799586
v -0.34835820 0.01885562 0.20799586
v -0.34521735 0.39740433 0.24285164
v -0.34817027 0.38213519 0.23413477
v -0.33361461 0.40393477 0.23414724
v -0.34521735 0.39740433 0.26898431
v -0.34817027 0.38213519 0.26026744
v -0.33361461 0.40393477 0.26027992
v -0.31348760 0.40439482 0.23414802
v -0.31348760 0.40439482 0.26028070
v -0.34835820 0.35861313 0.23412853
v -0.34835820 0.33244927 0.23412853
v -0.34835820 0.35861313 0.26026120
v -0.34835820 0.33244927 0.26026120
v -0.34521501 0.39740745 0.29511699
v -0.34817027 0.38213519 0.28640012
v -0.33361461 0.40393477 0.28641259
v -0.34514561 0.39747685 0.32124966
v -0.34816794 0.38213987 0.31253279
v -0.33360993 0.40393711 0.31254449
v -0.31348760 0.40439482 0.28641337
v -0.31348760 0.40439482 0.31254605
v -0.34835820 0.35861313 0.28639388
v -0.34835820 0.33244927 0.28639388
v -0.34835820 0.35861313 0.31252733
v -0.34835820 0.33244927 0.31252733
v -0.34835820 0.30631659 0.23412853
v -0.34835820 0.28018392 0.23412853
v -0.34835820 0.30631659 0.26026120
v -0.34835820 0.28018392 0.26026120
v -0.34835820 0.25405046 0.23412853
v -0.34835820 0.22791779 0.23412853
v -0.34835820 0.25405046 0.26026120
v -0.34835820 0.22791779 0.26026120
v -0.34835820 0.30631659 0.28639388
v -0.34835820 0.28018392 0.28639388
v -0.34835820 0.30631659 0.31252733
v -0.34835820 0.28018392 0.31252733
v -0.34835820 0.25405046 0.28639388
v -0.34835820 0.22791779 0.28639388
v -0.34835820 0.25405046 0.31252733
v -0.34835820 0.22791779 0.31252733
v -0.34521189 0.39740979 0.34738155
v -0.34809776 0.38221082 0.33866468
v -0.33354053 0.40400885 0.33867794
v -0.34514639 0.39747607 0.37351579
v -0.34810010 0.38220848 0.36479814
v -0.33354209 0.40400573 0.36480983
v -0.31348604 0.40439482 0.33867794
v -0.31348448 0.40439482 0.36481139
v -0.34835820 0.35861469 0.33866001
v -0.34835820 0.33244927 0.33866001
v -0.34835820 0.35861547 0.36479268
v -0.34835820 0.33244927 0.36479268
v -0.34521735 0.39740433 0.39964846
v -0.34817027 0.38213597 0.39093003
v -0.33361383 0.40393399 0.39094407
v -0.34521735 0.39740433 0.42578113
v -0.34817027 0.38213519 0.41706427
v -0.33361461 0.40393477 0.41707674
v -0.31348682 0.40439482 0.39094485
v -0.31348760 0.40439482 0.41707752
v -0.34835820 0.35861391 0.39092457
v -0.34835820 0.33244927 0.39092535
v -0.34835820 0.35861313 0.41705803
v -0.34835820 0.33244927 0.41705803
v -0.34835820 0.30631659 0.33866001
v -0.34835820 0.28018392 0.33866001
v -0.34835820 0.30631659 0.36479268
v -0.34835820 0.28018392 0.36479268
v -0.34835820 0.25405046 0.33866001
v -0.34835820 0.22791779 0.33866001
v -0.34835820 0.25405046 0.36479268
v -0.34835820 0.22791779 0.36479268
v -0.34835820 0.30631659 0.39092535
v -0.34835820 0.28018392 0.39092535
v -0.34835820 0.30631659 0.41705803
v -0.34835820 0.28018392 0.41705803
v -0.34835820 0.25405046 0.39092535
v -0.34835820 0.22791779 0.39092535
v -0.34835820 0.25405046 0.41705803
v -0.34835820 0.22791779 0.41705803
v -0.28741497 0.40439794 0.23414802
v -0.28741497 0.40439794 0.26028070
v -0.26128229 0.40439794 0.23414802
v -0.26128229 0.40439794 0.26028070
v -0.28741497 0.40439794 0.28641337
v -0.28741497 0.40439794 0.31254605
v -0.26128229 0.40439794 0.28641337
v -0.26128229 0.40439794 0.31254605
v -0.23514962 0.40439794 0.23414802
v -0.23514962 0.40439794 0.26028070
v -0.20901694 0.40439794 0.23414802
v -0.20901694 0.40439794 0.26028070
v -0.23514962 0.40439794 0.28641337
v -0.23514962 0.40439794 0.31254605
v -0.20901694 0.40439794 0.28641337
v -0.20901694 0.40439794 0.31254605
v -0.28741497 0.40439794 0.33867872
v -0.28741497 0.40439794 0.36481139
v -0.26128229 0.40439794 0.33867872
v -0.26128229 0.40439794 0.36481139
v -0.28741497 0.40439794 0.39094407
v -0.28741497 0.40439794 0.41707752
v -0.26128229 0.40439794 0.39094407
v -0.26128229 0.40439794 0.41707752
v -0.23514962 0.40439794 0.33867872
v -0.23514962 0.40439794 0.36481139
v -0.20901694 0.40439794 0.33867872
v -0.20901694 0.40439794 0.36481139
v -0.23514962 0.40439794 0.39094407
v -0.23514962 0.40439794 0.41707752
v -0.20901694 0.40439794 0.39094407
v -0.20901694 0.40439794 0.41707752
v -0.34835820 0.20178512 0.23412853
v -0.34835820 0.17565244 0.23412853
v -0.34835820 0.20178512 0.26026120
v -0.34835820 0.17565244 0.26026120
v -0.34835820 0.14951977 0.23412853
v -0.34835820 0.12338710 0.23412853
v -0.34835820 0.14951977 0.26026120
v -0.34835820 0.12338710 0.26026120
v -0.34835820 0.20178512 0.28639388
v -0.34835820 0.17565244 0.28639388
v -0.34835820 0.20178512 0.31252733
v -0.34835820 0.17565244 0.31252733
v -0.34835820 0.14951977 0.28639388
v -0.34835820 0.12338710 0.28639388
v -0.34835820 0.14951977 0.31252733
v -0.34835820 0.12338710 0.31252733
v -0.34835820 0.09725442 0.23412853
v -0.34835820 0.07112097 0.23412853
v -0.34835820 0.09725442 0.26026120
v -0.34835820 0.07112097 0.26026120
v -0.34835820 0.04498829 0.23412853
v -0.34835820 0.01885562 0.23412853
v -0.34835820 0.04498829 0.26026120
v -0.34835820 0.01885562 0.26026120
v -0.34835820 0.09725442 0.28639388
v -0.34835820 0.07112097 0.28639388
v -0.34835820 0.09725442 0.31252733
v -0.34835820 0.07112097 0.31252733
v -0.34835820 0.04498829 0.28639388
v -0.34835820 0.01885562 0.28639388
v -0.34835820 0.04498829 0.31252733
v -0.34835820 0.01885562 0.31252733
v -0.34835820 0.20178512 0.33866001
v -0.34835820 0.17565244 0.33866001
v -0.34835820 0.20178512 0.36479268
v -0.34835820 0.17565244 0.36479268
v -0.34835820 0.14951977 0.33866001
v -0.34835820 0.12338710 0.33866001
v -0.34835820 0.14951977 0.36479268
v -0.34835820 0.12338710 0.36479268
v -0.34835820 0.20178512 0.39092535
v -0.34835820 0.17565244 0.39092535
v -0.34835820 0.20178512 0.41705803
v -0.34835820 0.17565244 0.41705803
v -0.34835820 0.14951977 0.39092535
v -0.34835820 0.12338710 0.39092535
v -0.34835820 0.14951977 0.41705803
v -0.34835820 0.12338710 0.41705803
v -0.34835820 0.09725442 0.33866001
v -0.34835820 0.07112097 0.33866001
v -0.34835820 0.09725442 0.36479268
v -0.34835820 0.07112097 0.36479268
v -0.34835820 0.04498829 0.33866001
v -0.34835820 0.01885562 0.33866001
v -0.34835820 0.04498829 0.36479268
v -0.34835820 0.01885562 0.36479268
v -0.34835820 0.09725442 0.39092535
v -0.34835820 0.07112097 0.39092535
v -0.34835820 0.09725442 0.41705803
v -0.34835820 0.07112097 0.41705803
v -0.34835820 0.04498829 0.39092535
v -0.34835820 0.01885562 0.39092535
v -0.34835820 0.04498829 0.41705803
v -0.34835820 0.01885562 0.41705803
v -0.18288427 0.40439794 0.02508507
v -0.18288427 0.40439794 0.05121853
v -0.15675082 0.40439794 0.02508507
v -0.15675082 0.40439794 0.05121853
v -0.18288427 0.40439794 0.07735120
v -0.18288427 0.40439794 0.10348388
v -0.15675082 0.40439794 0.07735120
v -0.15675082 0.40439794 0.10348388
v -0.13061814 0.40439794 0.02508507
v -0.13061814 0.40439794 0.05121853
v -0.10448547 0.40439794 0.02508507
v -0.10448547 0.40439794 0.05121853
v -0.13061814 0.40439794 0.07735120
v -0.13061814 0.40439794 0.10348388
v -0.10448547 0.40439794 0.07735120
v -0.10448547 0.40439794 0.10348388
v -0.18288427 0.40439794 0.12961655
v -0.18288427 0.40439794 0.15574922
v -0.15675082 0.40439794 0.12961655
v -0.15675082 0.40439794 0.15574922
v -0.18288427 0.40439794 0.18188190
v -0.18288427 0.40439794 0.20801457
v -0.15675082 0.40439794 0.18188190
v -0.15675082 0.40439794 0.20801457
v -0.13061814 0.40439794 0.12961655
v -0.13061814 0.40439794 0.15574922
v -0.10448547 0.40439794 0.12961655
v -0.10448547 0.40439794 0.15574922
v -0.13061814 0.40439794 0.18188190
v -0.13061814 0.40439794 0.20801457
v -0.10448547 0.40439794 0.18188190
v -0.10448547 0.40439794 0.20801457
v -0.07835280 0.40439794 0.02508507
v -0.07835280 0.40439794 0.05121853
v -0.05222012 0.40439794 0.02508507
v -0.05222012 0.40439794 0.05121853
v -0.07835280 0.40439794 0.07735120
v -0.07835280 0.40439794 0.10348388
v -0.05222012 0.40439794 0.07735120
v -0.05222012 0.40439794 0.10348388
v -0.02608745 0.40439794 0.02508507
v -0.02608745 0.40439794 0.05121853
v 0.00004523 0.40439794 0.02508507
v 0.00004523 0.40439794 0.05121853
v -0.02608745 0.40439794 0.07735120
v -0.02608745 0.40439794 0.10348388
v 0.00004523 0.40439794 0.07735120
v 0.00004523 0.40439794 0.10348388
v -0.07835280 0.40439794 0.12961655
v -0.07835280 0.40439794 0.15574922
v -0.05222012 0.40439794 0.12961655
v -0.05222012 0.40439794 0.15574922
v -0.07835280 0.40439794 0.18188190
v -0.07835280 0.40439794 0.20801457
v -0.05222012 0.40439794 0.18188190
v -0.05222012 0.40439794 0.20801457
v -0.02608745 0.40439794 0.12961655
v -0.02608745 0.40439794 0.15574922
v 0.00004523 0.40439794 0.12961655
v 0.00004523 0.40439794 0.15574922
v -0.02608745 0.40439794 0.18188190
v -0.02608745 0.40439794 0.20801457
v 0.00004523 0.40439794 0.18188190
v 0.00004523 0.40439794 0.20801457
v -0.18288427 0.40439794 0.23414802
v -0.18288427 0.40439794 0.26028070
v -0.15675082 0.40439794 0.23414802
v -0.15675082 0.40439794 0.26028070
v -0.18288427 0.40439794 0.28641337
v -0.18288427 0.40439794 0.31254605
v -0.15675082 0.40439794 0.28641337
v -0.15675082 0.40439794 0.31254605
v -0.13061814 0.40439794 0.23414802
v -0.13061814 0.40439794 0.26028070
v -0.10448547 0.40439794 0.23414802
v -0.10448547 0.40439794 0.26028070
v -0.13061814 0.40439794 0.28641337
v -0.13061814 0.40439794 0.31254605
v -0.10448547 0.40439794 0.28641337
v -0.10448547 0.40439794 0.31254605
v -0.18288427 0.40439794 0.33867872
v -0.18288427 0.40439794 0.36481139
v -0.15675082 0.40439794 0.33867872
v -0.15675082 0.40439794 0.36481139
v -0.18288427 0.40439794 0.39094407
v -0.18288427 0.40439794 0.41707752
v -0.15675082 0.40439794 0.39094407
v -0.15675082 0.40439794 0.41707752
v -0.13061814 0.40439794 0.33867872
v -0.13061814 0.40439794 0.36481139
v -0.10448547 0.40439794 0.33867872
v -0.10448547 0.40439794 0.36481139
v -0.13061814 0.40439794 0.39094407
v -0.13061814 0.40439794 0.41707752
v -0.10448547 0.40439794 0.39094407
v -0.10448547 0.40439794 0.41707752
v -0.07835280 0.40439794 0.23414802
v -0.07835280 0.40439794 0.26028070
v -0.05222012 0.40439794 0.23414802
v -0.05222012 0.40439794 0.26028070
v -0.07835280 0.40439794 0.28641337
v -0.07835280 0.40439794 0.31254605
v -0.05222012 0.40439794 0.28641337
v -0.05222012 0.40439794 0.31254605
v -0.02608745 0.40439794 0.23414802
v -0.02608745 0.40439794 0.26028070
v 0.00004523 0.40439794 0.23414802
v 0.00004523 0.40439794 0.26028070
v -0.02608745 0.40439794 0.28641337
v -0.02608745 0.40439794 0.31254605
v 0.00004523 0.40439794 0.28641337
v 0.00004523 0.40439794 0.31254605
v -0.07835280 0.40439794 0.33867872
v -0.07835280 0.40439794 0.36481139
v -0.05222012 0.40439794 0.33867872
v -0.05222012 0.40439794 0.36481139
v -0.07835280 0.40439794 0.39094407
v -0.07835280 0.40439794 0.41707752
v -0.05222012 0.40439794 0.39094407
v -0.05222012 0.40439794 0.41707752
v -0.02608745 0.40439794 0.33867872
v -0.02608745 0.40439794 0.36481139
v 0.00004523 0.40439794 0.33867872
v 0.00004523 0.40439794 0.36481139
v -0.02608745 0.40439794 0.39094407
v -0.02608745 0.40439794 0.41707752
v 0.00004523 0.40439794 0.39094407
v 0.00004523 0.40439794 0.41707752
v -0.34521735 0.39740433 0.45191381
v -0.34817027 0.38213519 0.44319694
v -0.33361461 0.40393477 0.44320942
v -0.34521735 0.39740433 0.47804648
v -0.34817027 0.38213519 0.46932961
v -0.33361461 0.40393477 0.46934209
v -0.31348760 0.40439482 0.44321020
v -0.31348760 0.40439482 0.46934287
v -0.34835820 0.35861313 0.44319070
v -0.34835820 0.33244927 0.44319070
v -0.34835820 0.35861313 0.46932338
v -0.34835820 0.33244927 0.46932338
v -0.34521735 0.39740433 0.50417994
v -0.34817027 0.38213519 0.49546229
v -0.33361461 0.40393477 0.49547476
v -0.34521501 0.39740745 0.53031183
v -0.34817027 0.38213519 0.52159496
v -0.33361461 0.40393477 0.52160822
v -0.31348760 0.40439482 0.49547554
v -0.31348760 0.40439482 0.52160822
v -0.34835820 0.35861313 0.49545683
v -0.34835820 0.33244927 0.49545683
v -0.34835820 0.35861313 0.52158950
v -0.34835820 0.33244927 0.52158950
v -0.34835820 0.30631659 0.44319070
v -0.34835820 0.28018392 0.44319070
v -0.34835820 0.30631659 0.46932338
v -0.34835820 0.28018392 0.46932338
v -0.34835820 0.25405046 0.44319070
v -0.34835820 0.22791779 0.44319070
v -0.34835820 0.25405046 0.46932338
v -0.34835820 0.22791779 0.46932338
v -0.34835820 0.30631659 0.49545683
v -0.34835820 0.28018392 0.49545683
v -0.34835820 0.30631659 0.52158950
v -0.34835820 0.28018392 0.52158950
v -0.34835820 0.25405046 0.49545683
v -0.34835820 0.22791779 0.49545683
v -0.34835820 0.25405046 0.52158950
v -0.34835820 0.22791779 0.52158950
v -0.34514249 0.39747997 0.55642969
v -0.34816794 0.38213987 0.54770736
v -0.33360993 0.40393711 0.54770892
v -0.34440250 0.39572786 0.57915172
v -0.34791140 0.38220303 0.57216044
v -0.33353195 0.40363534 0.57215577
v -0.31348760 0.40439482 0.54771048
v -0.31348604 0.40401664 0.57213393
v -0.34835820 0.35861313 0.54770112
v -0.34835820 0.33244927 0.54770190
v -0.34817807 0.35859753 0.57213081
v -0.34817651 0.33243211 0.57213237
v -0.34353620 0.39406152 0.58983903
v -0.33283719 0.39576919 0.58729313
v -0.33290893 0.38066847 0.59443256
v -0.34435650 0.38069576 0.58729391
v -0.31348370 0.39745969 0.58810563
v -0.31349306 0.38218743 0.59539945
v -0.33363488 0.35858740 0.59540491
v -0.34523528 0.35860533 0.58811499
v -0.33364034 0.33243133 0.59540023
v -0.34523762 0.33243367 0.58811109
v -0.31350943 0.35858194 0.59566379
v -0.31351099 0.33244693 0.59566379
v -0.34835820 0.30631659 0.54770190
v -0.34835820 0.28018392 0.54770190
v -0.34817417 0.30630022 0.57216200
v -0.34817495 0.28016598 0.57216044
v -0.34835820 0.25405046 0.54770112
v -0.34835820 0.22791779 0.54770112
v -0.34817807 0.25403331 0.57213081
v -0.34817807 0.22790064 0.57213003
v -0.33363878 0.30629944 0.59540179
v -0.34523528 0.30630022 0.58813916
v -0.33363566 0.28016598 0.59543220
v -0.34523684 0.28016676 0.58811187
v -0.31351099 0.30631425 0.59566379
v -0.31351021 0.28018158 0.59566379
v -0.33363722 0.25403253 0.59543064
v -0.34523528 0.25403409 0.58813994
v -0.33363956 0.22789908 0.59540023
v -0.34523840 0.22790142 0.58810953
v -0.31351021 0.25404813 0.59566379
v -0.31351021 0.22791545 0.59566379
v -0.28741497 0.40439794 0.44321020
v -0.28741497 0.40439794 0.46934287
v -0.26128229 0.40439794 0.44321020
v -0.26128229 0.40439794 0.46934287
v -0.28741497 0.40439794 0.49547554
v -0.28741497 0.40439794 0.52160822
v -0.26128229 0.40439794 0.49547554
v -0.26128229 0.40439794 0.52160822
v -0.23514962 0.40439794 0.44321020
v -0.23514962 0.40439794 0.46934287
v -0.20901694 0.40439794 0.44321020
v -0.20901694 0.40439794 0.46934287
v -0.23514962 0.40439794 0.49547554
v -0.23514962 0.40439794 0.52160822
v -0.20901694 0.40439794 0.49547554
v -0.20901694 0.40439794 0.52160822
v -0.28741497 0.40439794 0.54771048
v -0.28741575 0.40401976 0.57213471
v -0.26128229 0.40439794 0.54771048
v -0.26128229 0.40401976 0.57213471
v -0.28742042 0.39746125 0.58810953
v -0.28742510 0.38218743 0.59540413
v -0.26128775 0.39746125 0.58811031
v -0.26129243 0.38218743 0.59540413
v -0.28742978 0.35858116 0.59566613
v -0.28742978 0.33244459 0.59566613
v -0.26129711 0.35858116 0.59566613
v -0.26129711 0.33244459 0.59566613
v -0.23514962 0.40439794 0.54771048
v -0.23514962 0.40401976 0.57213471
v -0.20901694 0.40439794 0.54771048
v -0.20901694 0.40401976 0.57213471
v -0.23515430 0.39746125 0.58811031
v -0.23515976 0.38218743 0.59540413
v -0.20902162 0.39746125 0.58811031
v -0.20902708 0.38218743 0.59540413
v -0.23516365 0.35858116 0.59566613
v -0.23516365 0.33244459 0.59566613
v -0.20903098 0.35858116 0.59566613
v -0.20903098 0.33244459 0.59566613
v -0.28742978 0.30631191 0.59566613
v -0.28742978 0.28017924 0.59566613
v -0.26129711 0.30631191 0.59566613
v -0.26129711 0.28017924 0.59566613
v -0.28742978 0.25404579 0.59566613
v -0.28742978 0.22791311 0.59566613
v -0.26129711 0.25404579 0.59566613
v -0.26129711 0.22791311 0.59566613
v -0.23516365 0.30631191 0.59566613
v -0.23516365 0.28017924 0.59566613
v -0.20903098 0.30631191 0.59566613
v -0.20903098 0.28017924 0.59566613
v -0.23516365 0.25404579 0.59566613
v -0.23516365 0.22791311 0.59566613
v -0.20903098 0.25404579 0.59566613
v -0.20903098 0.22791311 0.59566613
v -0.34835820 0.20178512 0.44319070
v -0.34835820 0.17565244 0.44319070
v -0.34835820 0.20178512 0.46932338
v -0.34835820 0.17565244 0.46932338
v -0.34835820 0.14951977 0.44319070
v -0.34835820 0.12338710 0.44319070
v -0.34835820 0.14951977 0.46932338
v -0.34835820 0.12338710 0.46932338
v -0.34835820 0.20178512 0.49545683
v -0.34835820 0.17565244 0.49545683
v -0.34835820 0.20178512 0.52158950
v -0.34835820 0.17565244 0.52158950
v -0.34835820 0.14951977 0.49545683
v -0.34835820 0.12338710 0.49545683
v -0.34835820 0.14951977 0.52158950
v -0.34835820 0.12338710 0.52158950
v -0.34835820 0.09725442 0.44319070
v -0.34835820 0.07112097 0.44319070
v -0.34835820 0.09725442 0.46932338
v -0.34835820 0.07112097 0.46932338
v -0.34835820 0.04498829 0.44319070
v -0.34835820 0.01885562 0.44319070
v -0.34835820 0.04498829 0.46932338
v -0.34835820 0.01885562 0.46932338
v -0.34835820 0.09725442 0.49545683
v -0.34835820 0.07112097 0.49545683
v -0.34835820 0.09725442 0.52158950
v -0.34835820 0.07112097 0.52158950
v -0.34835820 0.04498829 0.49545683
v -0.34835820 0.01885562 0.49545683
v -0.34835820 0.04498829 0.52158950
v -0.34835820 0.01885562 0.52158950
v -0.34835820 0.20178512 0.54770112
v -0.34835820 0.17565244 0.54770112
v -0.34817807 0.20176796 0.57213003
v -0.34817807 0.17563529 0.57213003
v -0.34835820 0.14951977 0.54770112
v -0.34835820 0.12338710 0.54770112
v -0.34817807 0.14950261 0.57213003
v -0.34817807 0.12336994 0.57213003
v -0.33364034 0.20176718 0.59540023
v -0.34523840 0.20176874 0.58810953
v -0.33364034 0.17563451 0.59540023
v -0.34523840 0.17563607 0.58810953
v -0.31351099 0.20178278 0.59566379
v -0.31351099 0.17565010 0.59566379
v -0.33364034 0.14950183 0.59540023
v -0.34523840 0.14950339 0.58810953
v -0.33364034 0.12336916 0.59540023
v -0.34523840 0.12337072 0.58810953
v -0.31351099 0.14951743 0.59566379
v -0.31351099 0.12338476 0.59566379
v -0.34835820 0.09725442 0.54770112
v -0.34835820 0.07112097 0.54770112
v -0.34818275 0.09723961 0.57212458
v -0.34819601 0.07110693 0.57210664
v -0.34835820 0.04498829 0.54770112
v -0.34835820 0.01885562 0.54770112
v -0.34820458 0.04497192 0.57209417
v -0.34820458 0.01883925 0.57209339
v -0.33364034 0.09723649 0.59540023
v -0.34524308 0.09724039 0.58810329
v -0.33364034 0.07110849 0.59565443
v -0.34525166 0.07110537 0.58822182
v -0.31351099 0.09725130 0.59566379
v -0.31350163 0.07112331 0.59592345
v -0.33365204 0.04496646 0.59576672
v -0.34525945 0.04497036 0.58834502
v -0.33366061 0.01882521 0.59588368
v -0.34527115 0.01883067 0.58833332
v -0.31349774 0.04497972 0.59618310
v -0.31349618 0.01883847 0.59644354
v -0.28742978 0.20178044 0.59566613
v -0.28742978 0.17564776 0.59566613
v -0.26129711 0.20178044 0.59566613
v -0.26129711 0.17564776 0.59566613
v -0.28742978 0.14951509 0.59566613
v -0.28742978 0.12338242 0.59566613
v -0.26129711 0.14951509 0.59566613
v -0.26129711 0.12338242 0.59566613
v -0.23516365 0.20178044 0.59566613
v -0.23516365 0.17564776 0.59566613
v -0.20903098 0.20178044 0.59566613
v -0.20903098 0.17564776 0.59566613
v -0.23516365 0.14951509 0.59566613
v -0.23516365 0.12338242 0.59566613
v -0.20903098 0.14951509 0.59566613
v -0.20903098 0.12338242 0.59566613
v -0.28742978 0.09724974 0.59566613
v -0.28742120 0.07112097 0.59592579
v -0.26129711 0.09724974 0.59566613
v -0.26128775 0.07112097 0.59592579
v -0.28741185 0.04497972 0.59618544
v -0.28740327 0.01883769 0.59644510
v -0.26127917 0.04497972 0.59618544
v -0.26127060 0.01883769 0.59644510
v -0.23516365 0.09724974 0.59566613
v -0.23515508 0.07112097 0.59592579
v -0.20903098 0.09724974 0.59566613
v -0.20902240 0.07112097 0.59592579
v -0.23514650 0.04497972 0.59618544
v -0.23513792 0.01883769 0.59644510
v -0.20901383 0.04497972 0.59618544
v -0.20900525 0.01883769 0.59644510
v -0.18288427 0.40439794 0.44321020
v -0.18288427 0.40439794 0.46934287
v -0.15675082 0.40439794 0.44321020
v -0.15675082 0.40439794 0.46934287
v -0.18288427 0.40439794 0.49547554
v -0.18288427 0.40439794 0.52160822
v -0.15675082 0.40439794 0.49547554
v -0.15675082 0.40439794 0.52160822
v -0.13061814 0.40439794 0.44321020
v -0.13061814 0.40439794 0.46934287
v -0.10448547 0.40439794 0.44321020
v -0.10448547 0.40439794 0.46934287
v -0.13061814 0.40439794 0.49547554
v -0.13061814 0.40439794 0.52160822
v -0.10448547 0.40439794 0.49547554
v -0.10448547 0.40439794 0.52160822
v -0.18288427 0.40439794 0.54771048
v -0.18288427 0.40401976 0.57213471
v -0.15675082 0.40439794 0.54771048
v -0.15675160 0.40401976 0.57213471
v -0.18288895 0.39746125 0.58811031
v -0.18289363 0.38218743 0.59540413
v -0.15675628 0.39746125 0.58811031
v -0.15676095 0.38218743 0.59540413
v -0.18289831 0.35858116 0.59566613
v -0.18289831 0.33244459 0.59566613
v -0.15676563 0.35858116 0.59566613
v -0.15676563 0.33244459 0.59566613
v -0.13061736 0.40439794 0.54771126
v -0.13061892 0.40401820 0.57213705
v -0.10448547 0.40439794 0.54771360
v -0.10448703 0.40401430 0.57227195
v -0.13062438 0.39745969 0.58811109
v -0.13062828 0.38218743 0.59540413
v -0.10449093 0.39745423 0.58824521
v -0.10449717 0.38218353 0.59540569
v -0.13063296 0.35858116 0.59566613
v -0.13063296 0.33244459 0.59566613
v -0.10450028 0.35858116 0.59566613
v -0.10450028 0.33244459 0.59566613
v -0.18289831 0.30631191 0.59566613
v -0.18289831 0.28017924 0.59566613
v -0.15676563 0.30631191 0.59566613
v -0.15676563 0.28017924 0.59566613
v -0.18289831 0.25404579 0.59566613
v -0.18289831 0.22791311 0.59566613
v -0.15676563 0.25404579 0.59566613
v -0.15676563 0.22791311 0.59566613
v -0.13063296 0.30631191 0.59566613
v -0.13063296 0.28017924 0.59566613
v -0.10450028 0.30631191 0.59566613
v -0.10450028 0.28017924 0.59566613
v -0.13063296 0.25404579 0.59566613
v -0.13063296 0.22791311 0.59566613
v -0.10450028 0.25404579 0.59566613
v -0.10450028 0.22791311 0.59566613
v -0.07835280 0.40439794 0.44321020
v -0.07835280 0.40439794 0.46934287
v -0.05222012 0.40439794 0.44321020
v -0.05222012 0.40439794 0.46934287
v -0.07835280 0.40439794 0.49547554
v -0.07835280 0.40439794 0.52160822
v -0.05222012 0.40439794 0.49547554
v -0.05222012 0.40439794 0.52160822
v -0.02608745 0.40439794 0.44321020
v -0.02608745 0.40439794 0.46934287
v 0.00004523 0.40439794 0.44321020
v 0.00004523 0.40439794 0.46934287
v -0.02608745 0.40439794 0.49547554
v -0.02608745 0.40439794 0.52160822
v 0.00004523 0.40439794 0.49547554
v 0.00004523 0.40439794 0.52160822
v -0.07835358 0.40439794 0.54771282
v -0.07834968 0.40401586 0.57226961
v -0.05221934 0.40439794 0.54771126
v -0.05221778 0.40401898 0.57213861
v -0.07835591 0.39745579 0.58811343
v -0.07836215 0.38218041 0.59553981
v -0.05222558 0.39745423 0.58824677
v -0.05222792 0.38218041 0.59553825
v -0.07836839 0.35857804 0.59566613
v -0.07836761 0.33244459 0.59566613
v -0.05223416 0.35857726 0.59566613
v -0.05223416 0.33244459 0.59566613
v -0.02608745 0.40439794 0.54771360
v -0.02608901 0.40401430 0.57227195
v 0.00004445 0.40439794 0.54771282
v 0.00004912 0.40401586 0.57226961
v -0.02608979 0.39745423 0.58824443
v -0.02609525 0.38218197 0.59540569
v 0.00004289 0.39745579 0.58811343
v 0.00003587 0.38218041 0.59553981
v -0.02610070 0.35857960 0.59566613
v -0.02610148 0.33244459 0.59566613
v 0.00003041 0.35857804 0.59566613
v 0.00003119 0.33244459 0.59566613
v -0.07836761 0.30631191 0.59566613
v -0.07836761 0.28017924 0.59566613
v -0.05223416 0.30631191 0.59566613
v -0.05223416 0.28017924 0.59566613
v -0.07836761 0.25404579 0.59566613
v -0.07836761 0.22791311 0.59566613
v -0.05223416 0.25404579 0.59566613
v -0.05223416 0.22791311 0.59566613
v -0.02610148 0.30631191 0.59566613
v -0.02610148 0.28017924 0.59566613
v 0.00003119 0.30631191 0.59566613
v 0.00003119 0.28017924 0.59566613
v -0.02610148 0.25404579 0.59566613
v -0.02610148 0.22791311 0.59566613
v 0.00003119 0.25404579 0.59566613
v 0.00003119 0.22791311 0.59566613
v -0.18289831 0.20178044 0.59566613
v -0.18289831 0.17564776 0.59566613
v -0.15676563 0.20178044 0.59566613
v -0.15676563 0.17564776 0.59566613
v -0.18289831 0.14951509 0.59566613
v -0.18289831 0.12338242 0.59566613
v -0.15676563 0.14951509 0.59566613
v -0.15676563 0.12338242 0.59566613
v -0.13063296 0.20178044 0.59566613
v -0.13063296 0.17564776 0.59566613
v -0.10450028 0.20178044 0.59566613
v -0.10450028 0.17564776 0.59566613
v -0.13063296 0.14951509 0.59566613
v -0.13063296 0.12338242 0.59566613
v -0.10450028 0.14951509 0.59566613
v -0.10450028 0.12338242 0.59566613
v -0.18289831 0.09724974 0.59566613
v -0.18288973 0.07112097 0.59592579
v -0.15676563 0.09724974 0.59566613
v -0.15675706 0.07112097 0.59592579
v -0.18288115 0.04497972 0.59618544
v -0.18287257 0.01883769 0.59644510
v -0.15674848 0.04497972 0.59618544
v -0.15673990 0.01883769 0.59644510
v -0.13063296 0.09724974 0.59566613
v -0.13062438 0.07112097 0.59592579
v -0.10450028 0.09724974 0.59566613
v -0.10449171 0.07112097 0.59592579
v -0.13061580 0.04497972 0.59618544
v -0.13060645 0.01883769 0.59644510
v -0.10448235 0.04497972 0.59618544
v -0.10447377 0.01883769 0.59644510
v -0.07836761 0.20178044 0.59566613
v -0.07836761 0.17564776 0.59566613
v -0.05223416 0.20178044 0.59566613
v -0.05223416 0.17564776 0.59566613
v -0.07836761 0.14951509 0.59566613
v -0.07836761 0.12338242 0.59566613
v -0.05223416 0.14951509 0.59566613
v -0.05223416 0.12338242 0.59566613
v -0.02610148 0.20178044 0.59566613
v -0.02610148 0.17564776 0.59566613
v 0.00003119 0.20178044 0.59566613
v 0.00003119 0.17564776 0.59566613
v -0.02610148 0.14951509 0.59566613
v -0.02610148 0.12338242 0.59579635
v 0.00003119 0.14951509 0.59579635
v 0.00003353 0.12338008 0.59605600
v -0.07836761 0.09724974 0.59566613
v -0.07835825 0.07112097 0.59592579
v -0.05223416 0.09724974 0.59579635
v -0.05222792 0.07111629 0.59605600
v -0.07834968 0.04497972 0.59618544
v -0.07834110 0.01883769 0.59644510
v -0.05221934 0.04497504 0.59618544
v -0.05220843 0.01883769 0.59631488
v -0.02609914 0.09724740 0.59605600
v -0.02609291 0.07110771 0.59592579
v 0.00003977 0.09724039 0.59605600
v 0.00003977 0.07110147 0.59605522
v -0.02608199 0.04497738 0.59605522
v -0.02607809 0.01884003 0.59605522
v 0.00004211 0.04497270 0.59605522
v 0.00004445 0.01883769 0.59592579
v -0.34835820 -0.00727705 0.02506636
v -0.34835820 -0.03340973 0.02506636
v -0.34835820 -0.00727705 0.05119903
v -0.34835820 -0.03340973 0.05119903
v -0.34835820 -0.05954240 0.02506636
v -0.34835820 -0.08567585 0.02506636
v -0.34835820 -0.05954240 0.05119903
v -0.34835820 -0.08567585 0.05119903
v -0.34835820 -0.00727705 0.07733171
v -0.34835820 -0.03340973 0.07733171
v -0.34835820 -0.00727705 0.10346516
v -0.34835820 -0.03340973 0.10346516
v -0.34835820 -0.05954240 0.07733171
v -0.34835820 -0.08567585 0.07733171
v -0.34835820 -0.05954240 0.10346516
v -0.34835820 -0.08567585 0.10346516
v -0.34835820 -0.11180853 0.02506636
v -0.34835820 -0.13794120 0.02506636
v -0.34835820 -0.11180853 0.05119903
v -0.34835820 -0.13794120 0.05119903
v -0.34835820 -0.16407388 0.02506636
v -0.34835820 -0.19020655 0.02506636
v -0.34835820 -0.16407388 0.05119903
v -0.34835820 -0.19020655 0.05119903
v -0.34835820 -0.11180853 0.07733171
v -0.34835820 -0.13794120 0.07733171
v -0.34835820 -0.11180853 0.10346516
v -0.34835820 -0.13794120 0.10346516
v -0.34835820 -0.16407388 0.07733171
v -0.34835820 -0.19020655 0.07733171
v -0.34835820 -0.16407388 0.10346516
v -0.34835820 -0.19020655 0.10346516
v -0.34835820 -0.00727705 0.12959784
v -0.34835820 -0.03340973 0.12959784
v -0.34835820 -0.00727705 0.15573051
v -0.34835820 -0.03340973 0.15573051
v -0.34835820 -0.05954240 0.12959784
v -0.34835820 -0.08567585 0.12959784
v -0.34835820 -0.05954240 0.15573051
v -0.34835820 -0.08567585 0.15573051
v -0.34835820 -0.00727705 0.18186318
v -0.34835820 -0.03340973 0.18186318
v -0.34835820 -0.00727705 0.20799586
v -0.34835820 -0.03340973 0.20799586
v -0.34835820 -0.05954240 0.18186318
v -0.34835820 -0.08567585 0.18186318
v -0.34835820 -0.05954240 0.20799586
v -0.34835820 -0.08567508 0.20799586
v -0.34835820 -0.11180853 0.12959784
v -0.34835820 -0.13794120 0.12959784
v -0.34835820 -0.11180853 0.15573051
v -0.34835820 -0.13794120 0.15573051
v -0.34835820 -0.16407388 0.12959784
v -0.34835820 -0.19020655 0.12959784
v -0.34835820 -0.16407388 0.15573051
v -0.34835820 -0.19020655 0.15573051
v -0.34835820 -0.11180853 0.18186318
v -0.34835820 -0.13794120 0.18186318
v -0.34835820 -0.11180853 0.20799586
v -0.34835820 -0.13794120 0.20799586
v -0.34835820 -0.16407388 0.18186318
v -0.34835820 -0.19020655 0.18186318
v -0.34835820 -0.16407388 0.20799586
v -0.34835820 -0.19020655 0.20799586
v -0.34835820 -0.21633922 0.02506636
v -0.34835820 -0.24247190 0.02506636
v -0.34835820 -0.21633922 0.05119903
v -0.34835820 -0.24247190 0.05119903
v -0.34835820 -0.26859366 0.02506636
v -0.34827632 -0.29300775 0.02508585
v -0.34835820 -0.26859366 0.05119903
v -0.34827632 -0.29300775 0.05121853
v -0.34835820 -0.21633922 0.07733171
v -0.34835820 -0.24247190 0.07733171
v -0.34835820 -0.21633922 0.10346516
v -0.34835820 -0.24247190 0.10346516
v -0.34835820 -0.26859366 0.07733171
v -0.34827632 -0.29300775 0.07735120
v -0.34835820 -0.26859366 0.10346516
v -0.34827632 -0.29300775 0.10348388
v -0.34597761 -0.31463657 0.02508663
v -0.34597761 -0.31463657 0.05121931
v -0.34597761 -0.31463657 0.07735198
v -0.34597761 -0.31463657 0.10348466
v -0.34835820 -0.21633922 0.12959784
v -0.34835820 -0.24247190 0.12959784
v -0.34835820 -0.21633922 0.15573051
v -0.34835820 -0.24247190 0.15573051
v -0.34835820 -0.26859366 0.12959784
v -0.34827632 -0.29300775 0.12961655
v -0.34835820 -0.26859366 0.15573051
v -0.34827632 -0.29300775 0.15575000
v -0.34835820 -0.21633922 0.18186318
v -0.34835820 -0.24247190 0.18186318
v -0.34835820 -0.21633922 0.20799586
v -0.34835820 -0.24247190 0.20799586
v -0.34835820 -0.26859366 0.18186318
v -0.34827632 -0.29300775 0.18188268
v -0.34835820 -0.26859366 0.20799586
v -0.34827632 -0.29300541 0.20801301
v -0.34597761 -0.31463657 0.12961733
v -0.34597761 -0.31463657 0.15575078
v -0.34597761 -0.31463657 0.18188346
v -0.34597839 -0.31463345 0.20801379
v -0.34835820 -0.00727705 0.23412853
v -0.34835820 -0.03340973 0.23412853
v -0.34835820 -0.00727705 0.26026120
v -0.34835820 -0.03340973 0.26026120
v -0.34835820 -0.05954240 0.23412853
v -0.34835820 -0.08567508 0.23412853
v -0.34835820 -0.05954240 0.26026120
v -0.34835820 -0.08567508 0.26026120
v -0.34835820 -0.00727705 0.28639388
v -0.34835820 -0.03340973 0.28639388
v -0.34835820 -0.00727705 0.31252733
v -0.34835820 -0.03340973 0.31252733
v -0.34835820 -0.05954240 0.28639388
v -0.34835820 -0.08567508 0.28639388
v -0.34835820 -0.05954240 0.31252733
v -0.34835820 -0.08567508 0.31252733
v -0.34835820 -0.11180853 0.23412853
v -0.34835820 -0.13794120 0.23412853
v -0.34835820 -0.11180853 0.26026120
v -0.34835820 -0.13794120 0.26026120
v -0.34835820 -0.16407388 0.23412853
v -0.34835820 -0.19020655 0.23412853
v -0.34835820 -0.16407388 0.26026120
v -0.34835820 -0.19020655 0.26026120
v -0.34835820 -0.11180853 0.28639388
v -0.34835820 -0.13794120 0.28639388
v -0.34835820 -0.11180775 0.31252733
v -0.34835820 -0.13794120 0.31252733
v -0.34835820 -0.16407388 0.28639388
v -0.34835820 -0.19020655 0.28639388
v -0.34835820 -0.16407388 0.31252733
v -0.34835820 -0.19020655 0.31252733
v -0.34835820 -0.00727705 0.33866001
v -0.34835820 -0.03340973 0.33866001
v -0.34835820 -0.00727705 0.36479268
v -0.34835820 -0.03340973 0.36479268
v -0.34835820 -0.05954240 0.33866001
v -0.34835820 -0.08567508 0.33866001
v -0.34835820 -0.05954240 0.36479268
v -0.34835820 -0.08567508 0.36479268
v -0.34835820 -0.00727705 0.39092535
v -0.34835820 -0.03340973 0.39092535
v -0.34835820 -0.00727705 0.41705803
v -0.34835820 -0.03340973 0.41705803
v -0.34835820 -0.05954240 0.39092535
v -0.34835820 -0.08567508 0.39092535
v -0.34835820 -0.05954240 0.41705803
v -0.34835820 -0.08567508 0.41705803
v -0.34835820 -0.11180775 0.33866001
v -0.34835820 -0.13794120 0.33866001
v -0.34835820 -0.11180775 0.36479268
v -0.34835820 -0.13794120 0.36479268
v -0.34835820 -0.16407388 0.33866001
v -0.34835820 -0.19020655 0.33866001
v -0.34835820 -0.16407388 0.36479268
v -0.34835820 -0.19020655 0.36479268
v -0.34835820 -0.11180775 0.39092535
v -0.34835820 -0.13794120 0.39092535
v -0.34835820 -0.11180775 0.41705803
v -0.34835820 -0.13794120 0.41705803
v -0.34835820 -0.16407388 0.39092535
v -0.34835820 -0.19020655 0.39092535
v -0.34835820 -0.16407388 0.41705803
v -0.34835820 -0.19020655 0.41705803
v -0.34835820 -0.21633922 0.23412853
v -0.34835820 -0.24247190 0.23412853
v -0.34835820 -0.21633922 0.26026120
v -0.34835820 -0.24247190 0.26026120
v -0.34835820 -0.26859366 0.23412853
v -0.34827632 -0.29299761 0.23414647
v -0.34835820 -0.26859366 0.26026120
v -0.34827632 -0.29299372 0.26028148
v -0.34835820 -0.21633922 0.28639388
v -0.34835820 -0.24247190 0.28639388
v -0.34835820 -0.21633922 0.31252733
v -0.34835820 -0.24247190 0.31252733
v -0.34835820 -0.26859366 0.28639388
v -0.34827632 -0.29299450 0.28641415
v -0.34835820 -0.26859366 0.31252733
v -0.34827632 -0.29299606 0.31254683
v -0.34611172 -0.31436755 0.23415114
v -0.34623493 -0.31412427 0.26028382
v -0.34621465 -0.31416014 0.28641805
v -0.34619360 -0.31420302 0.31255072
v -0.34835820 -0.21633922 0.33866001
v -0.34835820 -0.24247190 0.33866001
v -0.34835820 -0.21633922 0.36479268
v -0.34835820 -0.24247190 0.36479268
v -0.34835820 -0.26859366 0.33866001
v -0.34827632 -0.29299761 0.33867950
v -0.34835820 -0.26859366 0.36479268
v -0.34827632 -0.29299839 0.36481217
v -0.34835820 -0.21633922 0.39092535
v -0.34835820 -0.24247190 0.39092535
v -0.34835820 -0.21633922 0.41705803
v -0.34835820 -0.24247190 0.41705803
v -0.34835820 -0.26859366 0.39092535
v -0.34827632 -0.29299995 0.39094485
v -0.34835820 -0.26859366 0.41705803
v -0.34827632 -0.29300073 0.41707752
v -0.34617177 -0.31424591 0.33868418
v -0.34614915 -0.31429114 0.36481685
v -0.34612732 -0.31433558 0.39094875
v -0.34610705 -0.31437691 0.41708142
v -0.34835820 -0.00727705 0.44319070
v -0.34835820 -0.03340973 0.44319070
v -0.34835820 -0.00727705 0.46932338
v -0.34835820 -0.03340973 0.46932338
v -0.34835820 -0.05954240 0.44319070
v -0.34835820 -0.08567508 0.44319070
v -0.34835820 -0.05954240 0.46932338
v -0.34835820 -0.08567508 0.46932338
v -0.34835820 -0.00727705 0.49545683
v -0.34835820 -0.03340973 0.49545683
v -0.34835820 -0.00727705 0.52158950
v -0.34835820 -0.03340973 0.52158950
v -0.34835820 -0.05954240 0.49545683
v -0.34835820 -0.08567508 0.49545683
v -0.34835820 -0.05954240 0.52158950
v -0.34835820 -0.08567508 0.52158950
v -0.34835820 -0.11180775 0.44319070
v -0.34835820 -0.13794120 0.44319070
v -0.34835820 -0.11180775 0.46932338
v -0.34835820 -0.13794120 0.46932338
v -0.34835820 -0.16407388 0.44319070
v -0.34835820 -0.19020655 0.44319070
v -0.34835820 -0.16407388 0.46932338
v -0.34835820 -0.19020655 0.46932338
v -0.34835820 -0.11180775 0.49545683
v -0.34835820 -0.13794120 0.49545683
v -0.34835820 -0.11180775 0.52158950
v -0.34835820 -0.13794120 0.52158950
v -0.34835820 -0.16407388 0.49545683
v -0.34835820 -0.19020655 0.49545683
v -0.34835820 -0.16407388 0.52158950
v -0.34835820 -0.19020655 0.52158950
v -0.34835820 -0.00727705 0.54770112
v -0.34835820 -0.03340973 0.54770112
v -0.34820458 -0.00729421 0.57209339
v -0.34820458 -0.03342688 0.57209339
v -0.34835820 -0.05954240 0.54770112
v -0.34835820 -0.08567508 0.54770112
v -0.34820458 -0.05955956 0.57209339
v -0.34820458 -0.08569223 0.57209339
v -0.33366373 -0.00731214 0.59588368
v -0.34527115 -0.00730201 0.58833332
v -0.33366373 -0.03344482 0.59588368
v -0.34527115 -0.03343468 0.58833332
v -0.31349930 -0.00730512 0.59644354
v -0.31349930 -0.03343858 0.59644354
v -0.33366373 -0.05957749 0.59588368
v -0.34527115 -0.05956735 0.58833332
v -0.33366373 -0.08571016 0.59588368
v -0.34527115 -0.08570003 0.58833332
v -0.31349930 -0.05957125 0.59644354
v -0.31349930 -0.08570393 0.59644354
v -0.34835820 -0.11180853 0.54770112
v -0.34835820 -0.13794120 0.54770112
v -0.34820458 -0.11182490 0.57209339
v -0.34820458 -0.13795758 0.57209339
v -0.34835820 -0.16407388 0.54770112
v -0.34835820 -0.19020655 0.54770112
v -0.34820458 -0.16409025 0.57209339
v -0.34820458 -0.19022370 0.57209339
v -0.33366373 -0.11184362 0.59588368
v -0.34527115 -0.11183270 0.58833332
v -0.33366373 -0.13797629 0.59588368
v -0.34527115 -0.13796615 0.58833332
v -0.31349930 -0.11183660 0.59644354
v -0.31349930 -0.13796927 0.59644354
v -0.33366373 -0.16410897 0.59588368
v -0.34527115 -0.16409883 0.58833332
v -0.33366373 -0.19024164 0.59588368
v -0.34527115 -0.19023150 0.58833332
v -0.31349930 -0.16410195 0.59644354
v -0.31349930 -0.19023462 0.59644354
v -0.28740327 -0.00730746 0.59644510
v -0.28740327 -0.03344014 0.59644510
v -0.26127060 -0.00730746 0.59644510
v -0.26127060 -0.03344014 0.59644510
v -0.28740327 -0.05957359 0.59644510
v -0.28740327 -0.08570627 0.59644510
v -0.26127060 -0.05957359 0.59644510
v -0.26127060 -0.08570627 0.59644510
v -0.23513792 -0.00730746 0.59644510
v -0.23513792 -0.03344014 0.59644510
v -0.20900525 -0.00730746 0.59644510
v -0.20900525 -0.03344014 0.59644510
v -0.23513792 -0.05957359 0.59644510
v -0.23513792 -0.08570627 0.59644510
v -0.20900525 -0.05957359 0.59644510
v -0.20900525 -0.08570627 0.59644510
v -0.28740327 -0.11183894 0.59644510
v -0.28740327 -0.13797161 0.59644510
v -0.26127060 -0.11183894 0.59644510
v -0.26127060 -0.13797161 0.59644510
v -0.28740327 -0.16410429 0.59644510
v -0.28740327 -0.19023696 0.59644510
v -0.26127060 -0.16410429 0.59644510
v -0.26127060 -0.19023696 0.59631488
v -0.23513792 -0.11183894 0.59644510
v -0.23513792 -0.13797161 0.59644510
v -0.20900525 -0.11183894 0.59644510
v -0.20900525 -0.13797161 0.59631488
v -0.23513792 -0.16410429 0.59631488
v -0.23514026 -0.19023540 0.59605522
v -0.20900759 -0.16410195 0.59605522
v -0.20901383 -0.19022838 0.59605522
v -0.34835820 -0.21633922 0.44319070
v -0.34835820 -0.24247190 0.44319070
v -0.34835820 -0.21633922 0.46932338
v -0.34835820 -0.24247190 0.46932338
v -0.34835820 -0.26859366 0.44319070
v -0.34827632 -0.29300229 0.44321020
v -0.34835820 -0.26859366 0.46932338
v -0.34827632 -0.29300307 0.46934365
v -0.34835820 -0.21633922 0.49545683
v -0.34835820 -0.24247190 0.49545683
v -0.34835820 -0.21633922 0.52158950
v -0.34835820 -0.24247190 0.52158950
v -0.34835820 -0.26859366 0.49545683
v -0.34827632 -0.29300463 0.49547632
v -0.34835820 -0.26859366 0.52158950
v -0.34827632 -0.29300541 0.52160900
v -0.34608599 -0.31441824 0.44321409
v -0.34606572 -0.31445956 0.46934677
v -0.34604467 -0.31450167 0.49547944
v -0.34602439 -0.31454300 0.52161134
v -0.34835820 -0.21633922 0.54770112
v -0.34835820 -0.24247268 0.54770190
v -0.34820458 -0.21635638 0.57209339
v -0.34820147 -0.24248827 0.57209884
v -0.34835820 -0.26859444 0.54770424
v -0.34827632 -0.29300853 0.54772608
v -0.34812583 -0.26861081 0.57220723
v -0.34802992 -0.29303270 0.57226259
v -0.33366373 -0.21637431 0.59588368
v -0.34527115 -0.21636418 0.58833332
v -0.33366373 -0.24250699 0.59588368
v -0.34526803 -0.24249529 0.58833800
v -0.31349930 -0.21636730 0.59644354
v -0.31349930 -0.24250075 0.59631332
v -0.33365983 -0.26863810 0.59588836
v -0.34519395 -0.26862640 0.58844093
v -0.33357406 -0.29475128 0.59599440
v -0.34519863 -0.29388419 0.58838868
v -0.31349696 -0.26862874 0.59631332
v -0.31349618 -0.29476142 0.59644354
v -0.34600100 -0.31459212 0.54773387
v -0.34638308 -0.31366187 0.57051828
v -0.33249332 -0.31918721 0.59592812
v -0.34352762 -0.31594655 0.58669662
v -0.31348916 -0.32082235 0.59644198
v -0.28740327 -0.21636963 0.59631488
v -0.28740561 -0.24250075 0.59605522
v -0.26127294 -0.21636808 0.59605522
v -0.26127917 -0.24249373 0.59605522
v -0.28740327 -0.26862251 0.59631488
v -0.28740327 -0.29476142 0.59631488
v -0.26127527 -0.26861783 0.59605522
v -0.26127060 -0.29475518 0.59618544
v -0.23514650 -0.21636106 0.59605522
v -0.23515118 -0.24248983 0.59579557
v -0.20901850 -0.21635716 0.59579557
v -0.20902240 -0.24248515 0.59566613
v -0.23514650 -0.26861393 0.59592579
v -0.23514416 -0.29474894 0.59618544
v -0.20902006 -0.26860769 0.59592579
v -0.20901383 -0.29474660 0.59618544
v -0.28740093 -0.32083717 0.59644432
v -0.26126826 -0.32083093 0.59644432
v -0.23513792 -0.32082859 0.59644432
v -0.20900525 -0.32082859 0.59644432
v -0.18287257 -0.00730746 0.59644510
v -0.18287257 -0.03344014 0.59644510
v -0.15673990 -0.00730746 0.59644510
v -0.15673990 -0.03344014 0.59644510
v -0.18287257 -0.05957359 0.59644510
v -0.18287257 -0.08570627 0.59644510
v -0.15673990 -0.05957359 0.59644510
v -0.15673990 -0.08570627 0.59631488
v -0.13060645 -0.00730746 0.59644510
v -0.13060645 -0.03344014 0.59644510
v -0.10447377 -0.00730746 0.59644510
v -0.10447377 -0.03344014 0.59631488
v -0.13060645 -0.05957359 0.59631488
v -0.13060879 -0.08570393 0.59605522
v -0.10447611 -0.05957125 0.59605522
v -0.10448235 -0.08569769 0.59605522
v -0.18287257 -0.11183894 0.59631488
v -0.18287491 -0.13796927 0.59605522
v -0.15674146 -0.11183660 0.59605522
v -0.15674848 -0.13796304 0.59605522
v -0.18288115 -0.16409571 0.59605522
v -0.18288505 -0.19022448 0.59579557
v -0.15675238 -0.16409103 0.59579557
v -0.15675706 -0.19021981 0.59566613
v -0.13061580 -0.11183036 0.59605522
v -0.13061970 -0.13795836 0.59579557
v -0.10448703 -0.11182568 0.59579557
v -0.10449171 -0.13795446 0.59566613
v -0.13062438 -0.16408713 0.59566613
v -0.13063062 -0.19021357 0.59566613
v -0.10449795 -0.16408089 0.59566613
v -0.10450028 -0.19021123 0.59566613
v -0.07834110 -0.00730746 0.59631488
v -0.07834344 -0.03343858 0.59605522
v -0.05221076 -0.00730512 0.59605522
v -0.05221700 -0.03343156 0.59605522
v -0.07834968 -0.05956423 0.59605522
v -0.07835436 -0.08569301 0.59579557
v -0.05222168 -0.05956034 0.59579557
v -0.05222558 -0.08568833 0.59566613
v -0.02608433 -0.00729889 0.59605522
v -0.02608901 -0.03342766 0.59579557
v 0.00004601 -0.00729031 0.59579557
v 0.00003977 -0.03342298 0.59566613
v -0.02609291 -0.05955566 0.59566613
v -0.02609914 -0.08568209 0.59566613
v 0.00003353 -0.05954942 0.59566613
v 0.00003119 -0.08567975 0.59566613
v -0.07835825 -0.11182178 0.59566613
v -0.07836527 -0.13794744 0.59566613
v -0.05223260 -0.11181477 0.59566613
v -0.05223494 -0.13794588 0.59566613
v -0.07836761 -0.16407856 0.59566613
v -0.07836761 -0.19021123 0.59566613
v -0.05223494 -0.16407856 0.59566613
v -0.05223494 -0.19021123 0.59566613
v -0.02610148 -0.11181321 0.59566613
v -0.02610148 -0.13794588 0.59566613
v 0.00003119 -0.11181321 0.59566613
v 0.00003119 -0.13794588 0.59566613
v -0.02610148 -0.16407856 0.59566613
v -0.02610148 -0.19021123 0.59566613
v 0.00003119 -0.16407856 0.59566613
v 0.00003119 -0.19021123 0.59566613
v -0.18288973 -0.21635248 0.59566613
v -0.18289597 -0.24247892 0.59566613
v -0.15676329 -0.21634624 0.59566613
v -0.15676563 -0.24247658 0.59566613
v -0.18288973 -0.26860535 0.59592579
v -0.18288115 -0.29474660 0.59618544
v -0.15675706 -0.26860535 0.59592579
v -0.15674848 -0.29474660 0.59618544
v -0.13063296 -0.21634390 0.59566613
v -0.13063296 -0.24247658 0.59566613
v -0.10450028 -0.21634390 0.59566613
v -0.10450028 -0.24247658 0.59566613
v -0.13062438 -0.26860535 0.59592579
v -0.13061580 -0.29474660 0.59618544
v -0.10449171 -0.26860535 0.59592579
v -0.10448235 -0.29474660 0.59618544
v -0.18287257 -0.32082859 0.59644432
v -0.15673990 -0.32082859 0.59644432
v -0.13060645 -0.32082859 0.59644432
v -0.10447377 -0.32082859 0.59644432
v -0.07836761 -0.21634390 0.59566613
v -0.07836761 -0.24247658 0.59566613
v -0.05223494 -0.21634390 0.59566613
v -0.05223494 -0.24247658 0.59566613
v -0.07835825 -0.26860535 0.59592579
v -0.07834968 -0.29474660 0.59618544
v -0.05222558 -0.26860535 0.59592579
v -0.05221700 -0.29474660 0.59618544
v -0.02610148 -0.21634390 0.59566613
v -0.02610148 -0.24247658 0.59566613
v 0.00003119 -0.21634390 0.59566613
v 0.00003119 -0.24247658 0.59566613
v -0.02609291 -0.26860535 0.59592579
v -0.02608433 -0.29474660 0.59618544
v 0.00003977 -0.26860535 0.59592579
v 0.00004834 -0.29474660 0.59618544
v -0.07834110 -0.32082859 0.59644432
v -0.05220843 -0.32082859 0.59644432
v -0.02607575 -0.32082859 0.59644432
v 0.00005692 -0.32082859 0.59644432
v 0.02617868 0.40439794 -0.54988054
v 0.02617868 0.40439794 -0.52370264
v 0.05231135 0.40439794 -0.54988054
v 0.05231135 0.40439794 -0.52370264
v 0.07844403 0.40439794 -0.54988054
v 0.07844403 0.40439794 -0.52370264
v 0.10457670 0.40439794 -0.54988054
v 0.10457670 0.40439794 -0.52370264
v 0.02617868 0.40439794 -0.49756996
v 0.02617868 0.40439794 -0.47143729
v 0.05231135 0.40439794 -0.49756996
v 0.05231135 0.40439794 -0.47143729
v 0.02617868 0.40439794 -0.44530461
v 0.02617868 0.40439794 -0.41917194
v 0.05231135 0.40439794 -0.44530461
v 0.05231135 0.40439794 -0.41917194
v 0.07844403 0.40439794 -0.49756996
v 0.07844403 0.40439794 -0.47143729
v 0.10457670 0.40439794 -0.49756996
v 0.10457670 0.40439794 -0.47143729
v 0.07844403 0.40439794 -0.44530461
v 0.07844403 0.40439794 -0.41917194
v 0.10457670 0.40439794 -0.44530461
v 0.10457670 0.40439794 -0.41917194
v 0.13070937 0.40439794 -0.54988054
v 0.13070937 0.40439794 -0.52370264
v 0.15684205 0.40439794 -0.54988054
v 0.15684205 0.40439794 -0.52370264
v 0.18297472 0.40439794 -0.54988054
v 0.18297472 0.40439794 -0.52370264
v 0.20910740 0.40439794 -0.54988054
v 0.20910740 0.40439794 -0.52370264
v 0.13070937 0.40439794 -0.49756996
v 0.13070937 0.40439794 -0.47143729
v 0.15684205 0.40439794 -0.49756996
v 0.15684205 0.40439794 -0.47143729
v 0.13070937 0.40439794 -0.44530461
v 0.13070937 0.40439794 -0.41917194
v 0.15684205 0.40439794 -0.44530461
v 0.15684205 0.40439794 -0.41917194
v 0.18297472 0.40439794 -0.49756996
v 0.18297472 0.40439794 -0.47143729
v 0.20910740 0.40439794 -0.49756996
v 0.20910740 0.40439794 -0.47143729
v 0.18297472 0.40439794 -0.44530461
v 0.18297472 0.40439794 -0.41917194
v 0.20910740 0.40439794 -0.44530461
v 0.20910740 0.40439794 -0.41917194
v 0.23524085 0.40439794 -0.54988054
v 0.23524085 0.40439794 -0.52370264
v 0.26137352 0.40439794 -0.54988054
v 0.26137352 0.40439794 -0.52370264
v 0.28750620 0.40439794 -0.54988054
v 0.28750620 0.40439794 -0.52370264
v 0.31353594 0.40439326 -0.54988054
v 0.31353594 0.40439404 -0.52370264
v 0.23524085 0.40439794 -0.49756996
v 0.23524085 0.40439794 -0.47143729
v 0.26137352 0.40439794 -0.49756996
v 0.26137352 0.40439794 -0.47143729
v 0.23524085 0.40439794 -0.44530461
v 0.23524085 0.40439794 -0.41917194
v 0.26137352 0.40439794 -0.44530461
v 0.26137352 0.40439794 -0.41917194
v 0.28750620 0.40439794 -0.49756996
v 0.28750620 0.40439794 -0.47143729
v 0.31353594 0.40439404 -0.49756996
v 0.31353594 0.40439404 -0.47143729
v 0.28750620 0.40439794 -0.44530461
v 0.28750620 0.40439794 -0.41917194
v 0.31353594 0.40439404 -0.44530461
v 0.31353594 0.40439404 -0.41917194
v 0.34762289 0.38206579 -0.57444590
v 0.34489453 0.39705578 -0.57448255
v 0.34776012 0.35856245 -0.57456131
v 0.34776168 0.33244381 -0.57456365
v 0.33336119 0.40394568 -0.54988521
v 0.33336431 0.40394257 -0.52371121
v 0.34756597 0.38218119 -0.54989067
v 0.34473312 0.39744955 -0.54989145
v 0.34738038 0.38211881 -0.52374630
v 0.34467464 0.39737392 -0.52373539
v 0.34783732 0.35857804 -0.54991640
v 0.34783732 0.33246642 -0.54991095
v 0.34757844 0.35859208 -0.52375020
v 0.34757844 0.33247500 -0.52373539
v 0.34776168 0.30631113 -0.57456287
v 0.34776168 0.28017846 -0.57456287
v 0.34776168 0.25404579 -0.57456287
v 0.34776168 0.22791233 -0.57456287
v 0.34783732 0.30633375 -0.54991095
v 0.34783732 0.28020107 -0.54991095
v 0.34757844 0.30634232 -0.52373539
v 0.34757844 0.28020965 -0.52373539
v 0.34783732 0.25406840 -0.54991095
v 0.34783732 0.22793495 -0.54991095
v 0.34757844 0.25407698 -0.52373539
v 0.34757844 0.22794430 -0.52373539
v 0.33336509 0.40394257 -0.49757776
v 0.33336509 0.40394257 -0.47144509
v 0.34738350 0.38211179 -0.49762065
v 0.34467776 0.39737080 -0.49760583
v 0.34738350 0.38211179 -0.47148797
v 0.34467776 0.39737080 -0.47147316
v 0.34757844 0.35858896 -0.49762766
v 0.34757844 0.33247500 -0.49761519
v 0.34757844 0.35858896 -0.47149499
v 0.34757844 0.33247500 -0.47148251
v 0.33336509 0.40394257 -0.44531241
v 0.33336509 0.40394257 -0.41917974
v 0.34738350 0.38211179 -0.44535530
v 0.34467776 0.39737080 -0.44534048
v 0.34738350 0.38211179 -0.41922262
v 0.34467776 0.39737080 -0.41920703
v 0.34757844 0.35858896 -0.44536232
v 0.34757844 0.33247500 -0.44534984
v 0.34757844 0.35858896 -0.41922964
v 0.34757844 0.33247500 -0.41921717
v 0.34757844 0.30634232 -0.49761519
v 0.34757844 0.28020965 -0.49761519
v 0.34757844 0.30634232 -0.47148251
v 0.34757844 0.28020965 -0.47148251
v 0.34757844 0.25407698 -0.49761519
v 0.34757844 0.22794430 -0.49761519
v 0.34757844 0.25407698 -0.47148251
v 0.34757844 0.22794430 -0.47148251
v 0.34757844 0.30634232 -0.44534984
v 0.34757844 0.28020965 -0.44534984
v 0.34757844 0.30634232 -0.41921717
v 0.34757844 0.28020965 -0.41921717
v 0.34757844 0.25407698 -0.44534984
v 0.34757844 0.22794430 -0.44534984
v 0.34757844 0.25407698 -0.41921717
v 0.34757844 0.22794430 -0.41921717
v 0.34776168 0.20177888 -0.57456209
v 0.34783264 0.17564543 -0.57449113
v 0.34783420 0.14951431 -0.57448879
v 0.34776324 0.12338086 -0.57456053
v 0.34783732 0.20180227 -0.54991095
v 0.34783732 0.17567038 -0.54991017
v 0.34757844 0.20181085 -0.52373539
v 0.34757844 0.17567817 -0.52373539
v 0.34783732 0.14953692 -0.54991017
v 0.34783732 0.12340425 -0.54991095
v 0.34757844 0.14954550 -0.52373539
v 0.34757844 0.12341283 -0.52373539
v 0.34776168 0.09724896 -0.57456287
v 0.34776168 0.07111629 -0.57456287
v 0.34776168 0.04498362 -0.57456287
v 0.34776168 0.01885016 -0.57456287
v 0.34783732 0.09727158 -0.54991095
v 0.34783732 0.07113890 -0.54991095
v 0.34757844 0.09728015 -0.52373539
v 0.34757844 0.07114748 -0.52373539
v 0.34783732 0.04500545 -0.54991095
v 0.34783732 0.01887277 -0.54991095
v 0.34757844 0.04501481 -0.52373539
v 0.34757844 0.01888213 -0.52373539
v 0.34757844 0.20181085 -0.49761519
v 0.34757844 0.17567817 -0.49761519
v 0.34757844 0.20181085 -0.47148251
v 0.34757844 0.17567817 -0.47148251
v 0.34757844 0.14954550 -0.49761519
v 0.34757844 0.12341283 -0.49761519
v 0.34757844 0.14954550 -0.47148251
v 0.34757844 0.12341283 -0.47148251
v 0.34757844 0.20181085 -0.44534984
v 0.34757844 0.17567817 -0.44534984
v 0.34757844 0.20181085 -0.41921717
v 0.34757844 0.17567817 -0.41921717
v 0.34757844 0.14954550 -0.44534984
v 0.34757844 0.12341283 -0.44534984
v 0.34757844 0.14954550 -0.41921717
v 0.34757844 0.12341283 -0.41921717
v 0.34757844 0.09728015 -0.49761519
v 0.34757844 0.07114748 -0.49761519
v 0.34757844 0.09728015 -0.47148251
v 0.34757844 0.07114748 -0.47148251
v 0.34757844 0.04501481 -0.49761519
v 0.34757844 0.01888213 -0.49761519
v 0.34757844 0.04501481 -0.47148251
v 0.34757844 0.01888213 -0.47148251
v 0.34757844 0.09728015 -0.44534984
v 0.34757844 0.07114748 -0.44534984
v 0.34757844 0.09728015 -0.41921717
v 0.34757844 0.07114748 -0.41921717
v 0.34757844 0.04501481 -0.44534984
v 0.34757844 0.01888213 -0.44534984
v 0.34757844 0.04501481 -0.41921717
v 0.34757844 0.01888213 -0.41921717
v 0.02617868 0.40439794 -0.39303927
v 0.02617868 0.40439794 -0.36690659
v 0.05231135 0.40439794 -0.39303927
v 0.05231135 0.40439794 -0.36690659
v 0.02617868 0.40439794 -0.34077314
v 0.02617868 0.40439794 -0.31464047
v 0.05231135 0.40439794 -0.34077314
v 0.05231135 0.40439794 -0.31464047
v 0.07844403 0.40439794 -0.39303927
v 0.07844403 0.40439794 -0.36690659
v 0.10457670 0.40439794 -0.39303927
v 0.10457670 0.40439794 -0.36690659
v 0.07844403 0.40439794 -0.34077314
v 0.07844403 0.40439794 -0.31464047
v 0.10457670 0.40439794 -0.34077314
v 0.10457670 0.40439794 -0.31464047
v 0.02617868 0.40439794 -0.28850779
v 0.02617868 0.40439794 -0.26237512
v 0.05231135 0.40439794 -0.28850779
v 0.05231135 0.40439794 -0.26237512
v 0.02617868 0.40439794 -0.23624244
v 0.02617868 0.40439794 -0.21010977
v 0.05231135 0.40439794 -0.23624244
v 0.05231135 0.40439794 -0.21010977
v 0.07844403 0.40439794 -0.28850779
v 0.07844403 0.40439794 -0.26237512
v 0.10457670 0.40439794 -0.28850779
v 0.10457670 0.40439794 -0.26237512
v 0.07844403 0.40439794 -0.23624244
v 0.07844403 0.40439794 -0.21010977
v 0.10457670 0.40439794 -0.23624244
v 0.10457670 0.40439794 -0.21010977
v 0.13070937 0.40439794 -0.39303927
v 0.13070937 0.40439794 -0.36690659
v 0.15684205 0.40439794 -0.39303927
v 0.15684205 0.40439794 -0.36690659
v 0.13070937 0.40439794 -0.34077314
v 0.13070937 0.40439794 -0.31464047
v 0.15684205 0.40439794 -0.34077314
v 0.15684205 0.40439794 -0.31464047
v 0.18297472 0.40439794 -0.39303927
v 0.18297472 0.40439794 -0.36690659
v 0.20910740 0.40439794 -0.39303927
v 0.20910740 0.40439794 -0.36690659
v 0.18297472 0.40439794 -0.34077314
v 0.18297472 0.40439794 -0.31464047
v 0.20910740 0.40439794 -0.34077314
v 0.20910740 0.40439794 -0.31464047
v 0.13070937 0.40439794 -0.28850779
v 0.13070937 0.40439794 -0.26237512
v 0.15684205 0.40439794 -0.28850779
v 0.15684205 0.40439794 -0.26237512
v 0.13070937 0.40439794 -0.23624244
v 0.13070937 0.40439794 -0.21010977
v 0.15684205 0.40439794 -0.23624244
v 0.15684205 0.40439794 -0.21010977
v 0.18297472 0.40439794 -0.28850779
v 0.18297472 0.40439794 -0.26237512
v 0.20910740 0.40439794 -0.28850779
v 0.20910740 0.40439794 -0.26237512
v 0.18297472 0.40439794 -0.23624244
v 0.18297472 0.40439794 -0.21010977
v 0.20910740 0.40439794 -0.23624244
v 0.20910740 0.40439794 -0.21010977
v 0.02617868 0.40439794 -0.18397710
v 0.02617868 0.40439794 -0.15784364
v 0.05231135 0.40439794 -0.18397710
v 0.05231135 0.40439794 -0.15784364
v 0.02617868 0.40439794 -0.13171097
v 0.02617868 0.40439794 -0.10557829
v 0.05231135 0.40439794 -0.13171097
v 0.05231135 0.40439794 -0.10557829
v 0.07844403 0.40439794 -0.18397710
v 0.07844403 0.40439794 -0.15784364
v 0.10457670 0.40439794 -0.18397710
v 0.10457670 0.40439794 -0.15784364
v 0.07844403 0.40439794 -0.13171097
v 0.07844403 0.40439794 -0.10557829
v 0.10457670 0.40439794 -0.13171097
v 0.10457670 0.40439794 -0.10557829
v 0.02617868 0.40439794 -0.07944562
v 0.02617868 0.40439794 -0.05331295
v 0.05231135 0.40439794 -0.07944562
v 0.05231135 0.40439794 -0.05331295
v 0.02617868 0.40439794 -0.02718027
v 0.02617868 0.40439794 -0.00104760
v 0.05231135 0.40439794 -0.02718027
v 0.05231135 0.40439794 -0.00104760
v 0.07844403 0.40439794 -0.07944562
v 0.07844403 0.40439794 -0.05331295
v 0.10457670 0.40439794 -0.07944562
v 0.10457670 0.40439794 -0.05331295
v 0.07844403 0.40439794 -0.02718027
v 0.07844403 0.40439794 -0.00104760
v 0.10457670 0.40439794 -0.02718027
v 0.10457670 0.40439794 -0.00104760
v 0.13070937 0.40439794 -0.18397710
v 0.13070937 0.40439794 -0.15784364
v 0.15684205 0.40439794 -0.18397710
v 0.15684205 0.40439794 -0.15784364
v 0.13070937 0.40439794 -0.13171097
v 0.13070937 0.40439794 -0.10557829
v 0.15684205 0.40439794 -0.13171097
v 0.15684205 0.40439794 -0.10557829
v 0.18297472 0.40439794 -0.18397710
v 0.18297472 0.40439794 -0.15784364
v 0.20910740 0.40439794 -0.18397710
v 0.20910740 0.40439794 -0.15784364
v 0.18297472 0.40439794 -0.13171097
v 0.18297472 0.40439794 -0.10557829
v 0.20910740 0.40439794 -0.13171097
v 0.20910740 0.40439794 -0.10557829
v 0.13070937 0.40439794 -0.07944562
v 0.13070937 0.40439794 -0.05331295
v 0.15684205 0.40439794 -0.07944562
v 0.15684205 0.40439794 -0.05331295
v 0.13070937 0.40439794 -0.02718027
v 0.13070937 0.40439794 -0.00104760
v 0.15684205 0.40439794 -0.02718027
v 0.15684205 0.40439794 -0.00104760
v 0.18297472 0.40439794 -0.07944562
v 0.18297472 0.40439794 -0.05331295
v 0.20910740 0.40439794 -0.07944562
v 0.20910740 0.40439794 -0.05331295
v 0.18297472 0.40439794 -0.02718027
v 0.18297472 0.40439794 -0.00104760
v 0.20910740 0.40439794 -0.02718027
v 0.20910740 0.40439794 -0.00104760
v 0.23524085 0.40439794 -0.39303927
v 0.23524085 0.40439794 -0.36690659
v 0.26137352 0.40439794 -0.39303927
v 0.26137352 0.40439794 -0.36690659
v 0.23524085 0.40439794 -0.34077314
v 0.23524085 0.40439794 -0.31464047
v 0.26137352 0.40439794 -0.34077314
v 0.26137352 0.40439794 -0.31464047
v 0.28750620 0.40439794 -0.39303927
v 0.28750620 0.40439794 -0.36690659
v 0.31353516 0.40439404 -0.39303927
v 0.31353516 0.40439404 -0.36690581
v 0.28750620 0.40439794 -0.34077314
v 0.28750620 0.40439794 -0.31464047
v 0.31353516 0.40439404 -0.34077314
v 0.31353594 0.40439404 -0.31464047
v 0.23524085 0.40439794 -0.28850779
v 0.23524085 0.40439794 -0.26237512
v 0.26137352 0.40439794 -0.28850779
v 0.26137352 0.40439794 -0.26237512
v 0.23524085 0.40439794 -0.23624244
v 0.23524085 0.40439794 -0.21010977
v 0.26137352 0.40439794 -0.23624244
v 0.26137352 0.40439794 -0.21010977
v 0.28750620 0.40439794 -0.28850779
v 0.28750620 0.40439794 -0.26237512
v 0.31353594 0.40439404 -0.28850779
v 0.31353594 0.40439404 -0.26237512
v 0.28750620 0.40439794 -0.23624244
v 0.28750620 0.40439794 -0.21010977
v 0.31353594 0.40439404 -0.23624244
v 0.31353594 0.40439404 -0.21010977
v 0.33336431 0.40394257 -0.39304706
v 0.33342669 0.40401040 -0.36691439
v 0.34738350 0.38211179 -0.39308995
v 0.34467776 0.39737080 -0.39307514
v 0.34738350 0.38211257 -0.36695728
v 0.34474014 0.39743864 -0.36694168
v 0.34757844 0.35858896 -0.39309697
v 0.34757844 0.33247500 -0.39308449
v 0.34757844 0.35858896 -0.36696429
v 0.34757844 0.33247500 -0.36695104
v 0.33342513 0.40401274 -0.34077860
v 0.33336197 0.40394568 -0.31464514
v 0.34744588 0.38217963 -0.34082460
v 0.34467464 0.39737470 -0.34080667
v 0.34744354 0.38218275 -0.31468803
v 0.34474014 0.39743864 -0.31467633
v 0.34757844 0.35858974 -0.34083084
v 0.34757844 0.33247500 -0.34081836
v 0.34757844 0.35858974 -0.31469817
v 0.34757844 0.33247500 -0.31468569
v 0.34757844 0.30634232 -0.39308449
v 0.34757844 0.28020965 -0.39308449
v 0.34757844 0.30634232 -0.36695104
v 0.34757844 0.28020965 -0.36695104
v 0.34757844 0.25407698 -0.39308449
v 0.34757844 0.22794430 -0.39308449
v 0.34757844 0.25407698 -0.36695104
v 0.34757844 0.22794430 -0.36695104
v 0.34757844 0.30634232 -0.34081836
v 0.34757844 0.28020965 -0.34081836
v 0.34757844 0.30634232 -0.31468569
v 0.34757844 0.28020965 -0.31468569
v 0.34757844 0.25407698 -0.34081836
v 0.34757844 0.22794430 -0.34081836
v 0.34757844 0.25407698 -0.31468569
v 0.34757844 0.22794430 -0.31468569
v 0.33336431 0.40394257 -0.28851559
v 0.33336509 0.40394257 -0.26238292
v 0.34738116 0.38211491 -0.28855614
v 0.34467542 0.39737392 -0.28854054
v 0.34738350 0.38211179 -0.26242580
v 0.34467776 0.39737080 -0.26241099
v 0.34757844 0.35858896 -0.28856627
v 0.34757844 0.33247500 -0.28855302
v 0.34757844 0.35858896 -0.26243282
v 0.34757844 0.33247500 -0.26242034
v 0.33336509 0.40394257 -0.23625024
v 0.33336509 0.40394257 -0.21011757
v 0.34738350 0.38211179 -0.23629313
v 0.34467776 0.39737080 -0.23627753
v 0.34738350 0.38211179 -0.21016045
v 0.34467776 0.39737080 -0.21014486
v 0.34757844 0.35858896 -0.23630015
v 0.34757844 0.33247500 -0.23628767
v 0.34757844 0.35858896 -0.21016747
v 0.34757844 0.33247500 -0.21015500
v 0.34757844 0.30634232 -0.28855302
v 0.34757844 0.28020965 -0.28855302
v 0.34757844 0.30634232 -0.26242034
v 0.34757844 0.28020965 -0.26242034
v 0.34757844 0.25407698 -0.28855302
v 0.34757844 0.22794430 -0.28855302
v 0.34757844 0.25407698 -0.26242034
v 0.34757844 0.22794430 -0.26242034
v 0.34757844 0.30634232 -0.23628767
v 0.34757844 0.28020965 -0.23628767
v 0.34757844 0.30634232 -0.21015500
v 0.34757844 0.28020965 -0.21015500
v 0.34757844 0.25407698 -0.23628767
v 0.34757844 0.22794430 -0.23628767
v 0.34757844 0.25407698 -0.21015500
v 0.34757844 0.22794430 -0.21015500
v 0.34757844 0.20181085 -0.39308449
v 0.34757844 0.17567817 -0.39308449
v 0.34757844 0.20181085 -0.36695104
v 0.34757844 0.17567817 -0.36695104
v 0.34757844 0.14954550 -0.39308449
v 0.34757844 0.12341283 -0.39308449
v 0.34757844 0.14954550 -0.36695104
v 0.34757844 0.12341283 -0.36695104
v 0.34757844 0.20181085 -0.34081836
v 0.34757844 0.17567817 -0.34081836
v 0.34757844 0.20181085 -0.31468569
v 0.34757844 0.17567817 -0.31468569
v 0.34757844 0.14954550 -0.34081836
v 0.34757844 0.12341283 -0.34081836
v 0.34757844 0.14954550 -0.31468569
v 0.34757844 0.12341283 -0.31468569
v 0.34757844 0.09728015 -0.39308449
v 0.34757844 0.07114748 -0.39308449
v 0.34757844 0.09728015 -0.36695104
v 0.34757844 0.07114748 -0.36695104
v 0.34757844 0.04501481 -0.39308449
v 0.34757844 0.01888213 -0.39308449
v 0.34757844 0.04501481 -0.36695104
v 0.34757844 0.01888213 -0.36695104
v 0.34757844 0.09728015 -0.34081836
v 0.34757844 0.07114748 -0.34081836
v 0.34757844 0.09728015 -0.31468569
v 0.34757844 0.07114748 -0.31468569
v 0.34757844 0.04501481 -0.34081836
v 0.34757844 0.01888213 -0.34081836
v 0.34757844 0.04501481 -0.31468569
v 0.34757844 0.01888213 -0.31468569
v 0.34757844 0.20181085 -0.28855302
v 0.34757844 0.17567817 -0.28855302
v 0.34757844 0.20181085 -0.26242034
v 0.34757844 0.17567817 -0.26242034
v 0.34757844 0.14954550 -0.28855302
v 0.34757844 0.12341283 -0.28855302
v 0.34757844 0.14954550 -0.26242034
v 0.34757844 0.12341283 -0.26242034
v 0.34757844 0.20181085 -0.23628767
v 0.34757844 0.17567817 -0.23628767
v 0.34757844 0.20181085 -0.21015500
v 0.34757844 0.17567817 -0.21015500
v 0.34757844 0.14954550 -0.23628767
v 0.34757844 0.12341283 -0.23628767
v 0.34757844 0.14954550 -0.21015500
v 0.34757844 0.12341283 -0.21015500
v 0.34757844 0.09728015 -0.28855302
v 0.34757844 0.07114748 -0.28855302
v 0.34757844 0.09728015 -0.26242034
v 0.34757844 0.07114748 -0.26242034
v 0.34757844 0.04501481 -0.28855302
v 0.34757844 0.01888213 -0.28855302
v 0.34757844 0.04501481 -0.26242034
v 0.34757844 0.01888213 -0.26242034
v 0.34757844 0.09728015 -0.23628767
v 0.34757844 0.07114748 -0.23628767
v 0.34757844 0.09728015 -0.21015500
v 0.34757844 0.07114748 -0.21015500
v 0.34757844 0.04501481 -0.23628767
v 0.34757844 0.01888213 -0.23628767
v 0.34757844 0.04501481 -0.21015500
v 0.34757844 0.01888213 -0.21015500
v 0.23524085 0.40439794 -0.18397710
v 0.23524085 0.40439794 -0.15784364
v 0.26137352 0.40439794 -0.18397710
v 0.26137352 0.40439794 -0.15784364
v 0.23524085 0.40439794 -0.13171097
v 0.23524085 0.40439794 -0.10557829
v 0.26137352 0.40439794 -0.13171097
v 0.26137352 0.40439794 -0.10557829
v 0.28750620 0.40439794 -0.18397710
v 0.28750620 0.40439794 -0.15784364
v 0.31353594 0.40439404 -0.18397632
v 0.31353594 0.40439404 -0.15784364
v 0.28750620 0.40439794 -0.13171097
v 0.28750620 0.40439794 -0.10557829
v 0.31353594 0.40439404 -0.13171097
v 0.31353594 0.40439404 -0.10557829
v 0.23524085 0.40439794 -0.07944562
v 0.23524085 0.40439794 -0.05331295
v 0.26137352 0.40439794 -0.07944562
v 0.26137352 0.40439794 -0.05331295
v 0.23524085 0.40439794 -0.02718027
v 0.23524085 0.40439794 -0.00104760
v 0.26137352 0.40439794 -0.02718027
v 0.26137352 0.40439794 -0.00104760
v 0.28750620 0.40439794 -0.07944562
v 0.28750620 0.40439794 -0.05331295
v 0.31353594 0.40439404 -0.07944562
v 0.31353594 0.40439404 -0.05331295
v 0.28750620 0.40439794 -0.02718027
v 0.28750620 0.40439794 -0.00104760
v 0.31353594 0.40439404 -0.02718027
v 0.31353594 0.40439404 -0.00104682
v 0.33336509 0.40394257 -0.18398489
v 0.33336509 0.40394257 -0.15785222
v 0.34738350 0.38211179 -0.18402778
v 0.34467776 0.39737080 -0.18401218
v 0.34738350 0.38211179 -0.15789511
v 0.34467776 0.39737080 -0.15787951
v 0.34757844 0.35858896 -0.18403480
v 0.34757844 0.33247500 -0.18402154
v 0.34757844 0.35858896 -0.15790212
v 0.34757844 0.33247500 -0.15788887
v 0.33336509 0.40394257 -0.13171877
v 0.33336509 0.40394257 -0.10558609
v 0.34738350 0.38211179 -0.13176165
v 0.34467776 0.39737080 -0.13174684
v 0.34738350 0.38211179 -0.10562898
v 0.34467776 0.39737080 -0.10561416
v 0.34757844 0.35858896 -0.13176867
v 0.34757844 0.33247500 -0.13175619
v 0.34757844 0.35858896 -0.10563600
v 0.34757844 0.33247500 -0.10562352
v 0.34757844 0.30634232 -0.18402154
v 0.34757844 0.28020965 -0.18402154
v 0.34757844 0.30634232 -0.15788887
v 0.34757844 0.28020965 -0.15788887
v 0.34757844 0.25407698 -0.18402154
v 0.34757844 0.22794430 -0.18402154
v 0.34757844 0.25407698 -0.15788887
v 0.34757844 0.22794430 -0.15788887
v 0.34757844 0.30634232 -0.13175619
v 0.34757844 0.28020965 -0.13175619
v 0.34757844 0.30634232 -0.10562352
v 0.34757844 0.28020965 -0.10562352
v 0.34757844 0.25407698 -0.13175619
v 0.34757844 0.22794430 -0.13175619
v 0.34757844 0.25407698 -0.10562352
v 0.34757844 0.22794430 -0.10562352
v 0.33336509 0.40394257 -0.07945342
v 0.33336509 0.40394257 -0.05332074
v 0.34738350 0.38211179 -0.07949630
v 0.34467776 0.39737080 -0.07948149
v 0.34738350 0.38211179 -0.05336363
v 0.34467776 0.39737080 -0.05334882
v 0.34757844 0.35858896 -0.07950332
v 0.34757844 0.33247500 -0.07949085
v 0.34757844 0.35858896 -0.05337065
v 0.34757844 0.33247500 -0.05335817
v 0.33336275 0.40394491 -0.02719041
v 0.33335651 0.40395270 -0.00105774
v 0.34738350 0.38211179 -0.02723096
v 0.34467542 0.39737314 -0.02721848
v 0.34764160 0.38211024 -0.00110296
v 0.34480174 0.39737860 -0.00108269
v 0.34757844 0.35858896 -0.02723798
v 0.34757844 0.33247500 -0.02722550
v 0.34783810 0.35858038 -0.00110920
v 0.34783888 0.33246642 -0.00109672
v 0.34757844 0.30634232 -0.07949085
v 0.34757844 0.28020965 -0.07949085
v 0.34757844 0.30634232 -0.05335817
v 0.34757844 0.28020965 -0.05335817
v 0.34757844 0.25407698 -0.07949085
v 0.34757844 0.22794430 -0.07949085
v 0.34757844 0.25407698 -0.05335817
v 0.34757844 0.22794430 -0.05335817
v 0.34757844 0.30634232 -0.02722550
v 0.34757844 0.28020965 -0.02722550
v 0.34783888 0.30633375 -0.00109672
v 0.34783888 0.28020107 -0.00109672
v 0.34757844 0.25407698 -0.02722550
v 0.34757844 0.22794430 -0.02722550
v 0.34783888 0.25406840 -0.00109672
v 0.34783888 0.22793495 -0.00109672
v 0.34757844 0.20181085 -0.18402154
v 0.34757844 0.17567817 -0.18402154
v 0.34757844 0.20181085 -0.15788887
v 0.34757844 0.17567817 -0.15788887
v 0.34757844 0.14954550 -0.18402154
v 0.34757844 0.12341283 -0.18402154
v 0.34757844 0.14954550 -0.15788887
v 0.34757844 0.12341283 -0.15788887
v 0.34757844 0.20181085 -0.13175619
v 0.34757844 0.17567817 -0.13175619
v 0.34757844 0.20181085 -0.10562352
v 0.34757844 0.17567817 -0.10562352
v 0.34757844 0.14954550 -0.13175619
v 0.34757844 0.12341283 -0.13175619
v 0.34757844 0.14954550 -0.10562352
v 0.34757844 0.12341283 -0.10562352
v 0.34757844 0.09728015 -0.18402154
v 0.34757844 0.07114748 -0.18402154
v 0.34757844 0.09728015 -0.15788887
v 0.34757844 0.07114748 -0.15788887
v 0.34757844 0.04501481 -0.18402154
v 0.34770866 0.01888213 -0.18402154
v 0.34757844 0.04501481 -0.15788887
v 0.34783888 0.01888369 -0.15788497
v 0.34757844 0.09728015 -0.13175619
v 0.34757844 0.07114748 -0.13175619
v 0.34757844 0.09728015 -0.10562352
v 0.34757844 0.07114748 -0.10562352
v 0.34770866 0.04501481 -0.13175619
v 0.34796832 0.01888213 -0.13174996
v 0.34783888 0.04501637 -0.10561962
v 0.34796832 0.01887745 -0.10561260
v 0.34757844 0.20181085 -0.07949085
v 0.34757844 0.17567817 -0.07949085
v 0.34757844 0.20181085 -0.05335817
v 0.34757844 0.17567817 -0.05335817
v 0.34757844 0.14954550 -0.07949085
v 0.34757844 0.12341283 -0.07949085
v 0.34757844 0.14954550 -0.05335817
v 0.34757844 0.12341283 -0.05335817
v 0.34757844 0.20181085 -0.02722550
v 0.34757844 0.17567817 -0.02722550
v 0.34783888 0.20180227 -0.00109672
v 0.34783888 0.17566960 -0.00109672
v 0.34757844 0.14954550 -0.02722550
v 0.34757844 0.12341283 -0.02722550
v 0.34783888 0.14953692 -0.00109672
v 0.34783888 0.12340425 -0.00109672
v 0.34757844 0.09728015 -0.07949085
v 0.34770866 0.07114748 -0.07949085
v 0.34770866 0.09728015 -0.05335817
v 0.34796832 0.07114514 -0.05335583
v 0.34796832 0.04501481 -0.07948461
v 0.34809854 0.01887122 -0.07947993
v 0.34796832 0.04500545 -0.05334960
v 0.34822876 0.01887122 -0.05334102
v 0.34783888 0.09728249 -0.02722082
v 0.34796832 0.07114280 -0.02721458
v 0.34796832 0.09727547 -0.00108815
v 0.34796832 0.07113656 -0.00108191
v 0.34822876 0.04500155 -0.02721224
v 0.34835820 0.01886420 -0.02720756
v 0.34809854 0.04500545 -0.00107099
v 0.34809854 0.01886654 -0.00106397
v 0.34776168 -0.00728251 -0.57456287
v 0.34776168 -0.03341519 -0.57456287
v 0.34776168 -0.05954786 -0.57456287
v 0.34776168 -0.08568053 -0.57456287
v 0.34783732 -0.00725990 -0.54991095
v 0.34783732 -0.03339257 -0.54991095
v 0.34757844 -0.00725132 -0.52373539
v 0.34757844 -0.03338400 -0.52373539
v 0.34783732 -0.05952525 -0.54991095
v 0.34783732 -0.08565792 -0.54991095
v 0.34757844 -0.05951667 -0.52373539
v 0.34757844 -0.08564934 -0.52373539
v 0.34776168 -0.11181321 -0.57456287
v 0.34776168 -0.13794588 -0.57456287
v 0.34776168 -0.16407933 -0.57456287
v 0.34776168 -0.19021201 -0.57456287
v 0.34783732 -0.11179059 -0.54991095
v 0.34783732 -0.13792327 -0.54991095
v 0.34757844 -0.11178202 -0.52373539
v 0.34757844 -0.13791469 -0.52373539
v 0.34783732 -0.16405672 -0.54991095
v 0.34783732 -0.19018940 -0.54991095
v 0.34757844 -0.16404736 -0.52373539
v 0.34770866 -0.19018082 -0.52373539
v 0.34757844 -0.00725132 -0.49761519
v 0.34757844 -0.03338400 -0.49761519
v 0.34757844 -0.00725132 -0.47148251
v 0.34757844 -0.03338400 -0.47148251
v 0.34757844 -0.05951667 -0.49761519
v 0.34757844 -0.08564934 -0.49761519
v 0.34757844 -0.05951667 -0.47148251
v 0.34757844 -0.08564934 -0.47148251
v 0.34757844 -0.00725132 -0.44534984
v 0.34757844 -0.03338400 -0.44534984
v 0.34757844 -0.00725132 -0.41921717
v 0.34757844 -0.03338400 -0.41921717
v 0.34757844 -0.05951667 -0.44534984
v 0.34757844 -0.08564934 -0.44534984
v 0.34757844 -0.05951667 -0.41921717
v 0.34757844 -0.08564934 -0.41921717
v 0.34757844 -0.11178202 -0.49761519
v 0.34757844 -0.13791469 -0.49761519
v 0.34757844 -0.11178202 -0.47148251
v 0.34757844 -0.13791469 -0.47148251
v 0.34757844 -0.16404736 -0.49761519
v 0.34783888 -0.19017848 -0.49761129
v 0.34770866 -0.16404736 -0.47148251
v 0.34796832 -0.19018082 -0.47147628
v 0.34757844 -0.11178202 -0.44534984
v 0.34770866 -0.13791469 -0.44534984
v 0.34757844 -0.11178202 -0.41921717
v 0.34783888 -0.13791313 -0.41921249
v 0.34796832 -0.16404970 -0.44534750
v 0.34796832 -0.19018940 -0.44534126
v 0.34796832 -0.16405204 -0.41920625
v 0.34822876 -0.19019329 -0.41920391
v 0.34789190 -0.21634468 -0.57456287
v 0.34802134 -0.24248203 -0.57456521
v 0.34802134 -0.26861783 -0.57456755
v 0.34791685 -0.29425536 -0.57456131
v 0.34809698 -0.21631973 -0.54990705
v 0.34822720 -0.24246098 -0.54990471
v 0.34796832 -0.21631349 -0.52372837
v 0.34809854 -0.24245708 -0.52372447
v 0.34835742 -0.26859989 -0.54990471
v 0.34825059 -0.29423898 -0.54991095
v 0.34835820 -0.26859366 -0.52371979
v 0.34825137 -0.29423898 -0.52372603
v 0.34660453 -0.31656334 -0.54990237
v 0.34182074 -0.33454758 -0.55864419
v 0.34660609 -0.31656568 -0.52372447
v 0.34183088 -0.33454368 -0.53247253
v 0.34796832 -0.21631739 -0.49760427
v 0.34822876 -0.24245708 -0.49759803
v 0.34809854 -0.21632441 -0.47147160
v 0.34835820 -0.24245942 -0.47146302
v 0.34835820 -0.26859521 -0.49759102
v 0.34825137 -0.29423898 -0.49759335
v 0.34835820 -0.26860223 -0.47145834
v 0.34825137 -0.29423898 -0.47146068
v 0.34822876 -0.21632441 -0.44533269
v 0.34835820 -0.24246332 -0.44532567
v 0.34835820 -0.21633065 -0.41919923
v 0.34835820 -0.24246956 -0.41919299
v 0.34835820 -0.26860379 -0.44532333
v 0.34825137 -0.29423898 -0.44532723
v 0.34835820 -0.26860379 -0.41919065
v 0.34825137 -0.29423898 -0.41919455
v 0.34660609 -0.31656568 -0.49759102
v 0.34184413 -0.33453979 -0.50633050
v 0.34660609 -0.31656568 -0.47145834
v 0.34184491 -0.33453901 -0.48018223
v 0.34660609 -0.31656568 -0.44532567
v 0.34184491 -0.33453901 -0.45404955
v 0.34660609 -0.31656568 -0.41919299
v 0.34184491 -0.33453901 -0.42791688
v 0.34757844 -0.00725132 -0.39308449
v 0.34757844 -0.03338400 -0.39308449
v 0.34757844 -0.00725132 -0.36695104
v 0.34757844 -0.03338400 -0.36695104
v 0.34757844 -0.05951667 -0.39308449
v 0.34757844 -0.08564934 -0.39308449
v 0.34757844 -0.05951667 -0.36695104
v 0.34757844 -0.08564934 -0.36695104
v 0.34757844 -0.00725132 -0.34081836
v 0.34757844 -0.03338400 -0.34081836
v 0.34757844 -0.00725132 -0.31468569
v 0.34757844 -0.03338400 -0.31468569
v 0.34757844 -0.05951667 -0.34081836
v 0.34770866 -0.08564934 -0.34081836
v 0.34770866 -0.05951667 -0.31468569
v 0.34796832 -0.08565168 -0.31468335
v 0.34770866 -0.11178202 -0.39308449
v 0.34796832 -0.13791469 -0.39307747
v 0.34783888 -0.11177968 -0.36694714
v 0.34796832 -0.13791937 -0.36694090
v 0.34809854 -0.16405828 -0.39307358
v 0.34835820 -0.19019329 -0.39306500
v 0.34822876 -0.16405828 -0.36693388
v 0.34835820 -0.19019797 -0.36692765
v 0.34796832 -0.11178202 -0.34081213
v 0.34809854 -0.13792561 -0.34080745
v 0.34796832 -0.11179059 -0.31467711
v 0.34822876 -0.13792561 -0.31466854
v 0.34835820 -0.16406062 -0.34079887
v 0.34835820 -0.19020421 -0.34079497
v 0.34835820 -0.16406530 -0.31466230
v 0.34835820 -0.19020655 -0.31465996
v 0.34757844 -0.00725132 -0.28855302
v 0.34757844 -0.03338400 -0.28855302
v 0.34757844 -0.00725132 -0.26242034
v 0.34770866 -0.03338400 -0.26242034
v 0.34783888 -0.05951433 -0.28854834
v 0.34796832 -0.08565402 -0.28854210
v 0.34796832 -0.05951667 -0.26241411
v 0.34809854 -0.08566026 -0.26240943
v 0.34757844 -0.00725132 -0.23628767
v 0.34783888 -0.03338166 -0.23628299
v 0.34770866 -0.00725132 -0.21015500
v 0.34796832 -0.03338400 -0.21014798
v 0.34796832 -0.05952057 -0.23627675
v 0.34822876 -0.08566026 -0.23626974
v 0.34809854 -0.05952759 -0.21014408
v 0.34835820 -0.08566260 -0.21013550
v 0.34822876 -0.11179527 -0.28853976
v 0.34835820 -0.13793263 -0.28853586
v 0.34835820 -0.11179527 -0.26240085
v 0.34835820 -0.13793886 -0.26239617
v 0.34835820 -0.16407154 -0.28852884
v 0.34835820 -0.19020655 -0.28852729
v 0.34835820 -0.16407388 -0.26239383
v 0.34835820 -0.19020655 -0.26239383
v 0.34835820 -0.11179917 -0.23626350
v 0.34835820 -0.13794120 -0.23626116
v 0.34835820 -0.11180619 -0.21013082
v 0.34835820 -0.13794120 -0.21012848
v 0.34835820 -0.16407388 -0.23626116
v 0.34835820 -0.19020655 -0.23626116
v 0.34835820 -0.16407388 -0.21012848
v 0.34835820 -0.19020655 -0.21012848
v 0.34835820 -0.21633688 -0.39306032
v 0.34835820 -0.24247190 -0.39305798
v 0.34835820 -0.21633922 -0.36692531
v 0.34835820 -0.24247190 -0.36692531
v 0.34835820 -0.26860379 -0.39305798
v 0.34825137 -0.29423898 -0.39306188
v 0.34835820 -0.26860379 -0.36692531
v 0.34825137 -0.29423898 -0.36692921
v 0.34835820 -0.21633922 -0.34079263
v 0.34835820 -0.24247190 -0.34079263
v 0.34835820 -0.21633922 -0.31465996
v 0.34835820 -0.24247190 -0.31465996
v 0.34835820 -0.26860379 -0.34079263
v 0.34825137 -0.29423898 -0.34079653
v 0.34835820 -0.26860379 -0.31465996
v 0.34825137 -0.29423898 -0.31466386
v 0.34660609 -0.31656568 -0.39306032
v 0.34184491 -0.33453901 -0.40178421
v 0.34660609 -0.31656568 -0.36692765
v 0.34184491 -0.33453901 -0.37565153
v 0.34660609 -0.31656568 -0.34079419
v 0.34184491 -0.33453901 -0.34951886
v 0.34660609 -0.31656568 -0.31466152
v 0.34184491 -0.33453901 -0.32338619
v 0.34835820 -0.21633922 -0.28852729
v 0.34835820 -0.24247190 -0.28852729
v 0.34835820 -0.21633922 -0.26239383
v 0.34835820 -0.24247190 -0.26239383
v 0.34835820 -0.26860379 -0.28852729
v 0.34825137 -0.29423898 -0.28853118
v 0.34835820 -0.26860379 -0.26239383
v 0.34825137 -0.29423898 -0.26239773
v 0.34835820 -0.21633922 -0.23626116
v 0.34835820 -0.24247190 -0.23626116
v 0.34835820 -0.21633922 -0.21012848
v 0.34835820 -0.24247190 -0.21012848
v 0.34835820 -0.26860379 -0.23626116
v 0.34825137 -0.29423898 -0.23626506
v 0.34835820 -0.26860379 -0.21012848
v 0.34825137 -0.29423898 -0.21013238
v 0.34660609 -0.31656568 -0.28852884
v 0.34184491 -0.33453901 -0.29725273
v 0.34660609 -0.31656568 -0.26239617
v 0.34184491 -0.33453901 -0.27112006
v 0.34660609 -0.31656568 -0.23626350
v 0.34184491 -0.33453901 -0.24498738
v 0.34660609 -0.31656568 -0.21013082
v 0.34184491 -0.33453901 -0.21885471
v 0.34796832 -0.00725288 -0.18401998
v 0.34796832 -0.03339257 -0.18401296
v 0.34796832 -0.00725522 -0.15787795
v 0.34822876 -0.03339647 -0.15787639
v 0.34822876 -0.05952759 -0.18400439
v 0.34835820 -0.08566650 -0.18399815
v 0.34835820 -0.05953382 -0.15787171
v 0.34835820 -0.08567352 -0.15786548
v 0.34809854 -0.00726224 -0.13174528
v 0.34835820 -0.03339647 -0.13173670
v 0.34822876 -0.00726224 -0.10560637
v 0.34835820 -0.03340115 -0.10559935
v 0.34835820 -0.05954084 -0.13173280
v 0.34835820 -0.08567508 -0.13173046
v 0.34835820 -0.05954240 -0.10559779
v 0.34835820 -0.08567508 -0.10559779
v 0.34835820 -0.11180853 -0.18399581
v 0.34835820 -0.13794120 -0.18399581
v 0.34835820 -0.11180853 -0.15786314
v 0.34835820 -0.13794120 -0.15786314
v 0.34835820 -0.16407388 -0.18399581
v 0.34835820 -0.19020655 -0.18399581
v 0.34835820 -0.16407388 -0.15786314
v 0.34835820 -0.19020655 -0.15786314
v 0.34835820 -0.11180853 -0.13173046
v 0.34835820 -0.13794120 -0.13173046
v 0.34835820 -0.11180853 -0.10559779
v 0.34835820 -0.13794120 -0.10559779
v 0.34835820 -0.16407388 -0.13173046
v 0.34835820 -0.19020655 -0.13173046
v 0.34835820 -0.16407388 -0.10559779
v 0.34835820 -0.19020655 -0.10559779
v 0.34835820 -0.00726380 -0.07947135
v 0.34835820 -0.03340739 -0.07946667
v 0.34835820 -0.00726848 -0.05333400
v 0.34835820 -0.03340973 -0.05333166
v 0.34835820 -0.05954240 -0.07946434
v 0.34835820 -0.08567508 -0.07946434
v 0.34835820 -0.05954240 -0.05333166
v 0.34835820 -0.08567508 -0.05333166
v 0.34835820 -0.00727471 -0.02720133
v 0.34835820 -0.03340973 -0.02719899
v 0.34809854 -0.00726848 -0.00106241
v 0.34809854 -0.03340115 -0.00106241
v 0.34835820 -0.05954240 -0.02719899
v 0.34835820 -0.08567508 -0.02719899
v 0.34809854 -0.05953382 -0.00106241
v 0.34809854 -0.08566650 -0.00106241
v 0.34835820 -0.11180853 -0.07946434
v 0.34835820 -0.13794120 -0.07946434
v 0.34835820 -0.11180853 -0.05333166
v 0.34835820 -0.13794120 -0.05333166
v 0.34835820 -0.16407388 -0.07946434
v 0.34835820 -0.19020655 -0.07946434
v 0.34835820 -0.16407388 -0.05333166
v 0.34835820 -0.19020655 -0.05333166
v 0.34835820 -0.11180853 -0.02719899
v 0.34835820 -0.13794120 -0.02719899
v 0.34809854 -0.11179917 -0.00106241
v 0.34809854 -0.13793263 -0.00106241
v 0.34835820 -0.16407388 -0.02719899
v 0.34835820 -0.19020655 -0.02719899
v 0.34809854 -0.16406530 -0.00106241
v 0.34809854 -0.19019797 -0.00106241
v 0.34835820 -0.21633922 -0.18399581
v 0.34835820 -0.24247190 -0.18399581
v 0.34835820 -0.21633922 -0.15786314
v 0.34835820 -0.24247190 -0.15786314
v 0.34835820 -0.26860379 -0.18399581
v 0.34825137 -0.29423898 -0.18399971
v 0.34835820 -0.26860379 -0.15786314
v 0.34825137 -0.29423898 -0.15786704
v 0.34835820 -0.21633922 -0.13173046
v 0.34835820 -0.24247190 -0.13173046
v 0.34835820 -0.21633922 -0.10559779
v 0.34835820 -0.24247190 -0.10559779
v 0.34835820 -0.26860379 -0.13173046
v 0.34825137 -0.29423898 -0.13173436
v 0.34835820 -0.26860379 -0.10559779
v 0.34825137 -0.29423898 -0.10560169
v 0.34660609 -0.31656568 -0.18399815
v 0.34184491 -0.33453901 -0.19272204
v 0.34660609 -0.31656568 -0.15786470
v 0.34184491 -0.33453901 -0.16658936
v 0.34660609 -0.31656568 -0.13173202
v 0.34184491 -0.33453901 -0.14045669
v 0.34660609 -0.31656568 -0.10559935
v 0.34184491 -0.33453901 -0.11432324
v 0.34835820 -0.21633922 -0.07946434
v 0.34835820 -0.24247190 -0.07946434
v 0.34835820 -0.21633922 -0.05333166
v 0.34835820 -0.24247190 -0.05333166
v 0.34835820 -0.26860379 -0.07946434
v 0.34825137 -0.29423898 -0.07946823
v 0.34835820 -0.26860379 -0.05333166
v 0.34825137 -0.29423898 -0.05333556
v 0.34835820 -0.21633922 -0.02719899
v 0.34835820 -0.24247190 -0.02719899
v 0.34809854 -0.21633065 -0.00106241
v 0.34809854 -0.24246332 -0.00106241
v 0.34835820 -0.26860379 -0.02719899
v 0.34825137 -0.29423898 -0.02720289
v 0.34822798 -0.26859521 -0.00106241
v 0.34825137 -0.29423508 -0.00106787
v 0.34660609 -0.31656568 -0.07946667
v 0.34184491 -0.33453901 -0.08819056
v 0.34660609 -0.31656568 -0.05333400
v 0.34184491 -0.33453901 -0.06205789
v 0.34660609 -0.31656568 -0.02720133
v 0.34184491 -0.33453901 -0.03592521
v 0.34660609 -0.31656568 -0.00106865
v 0.34184491 -0.33453901 -0.00979254
v 0.02617868 0.40439794 0.02508507
v 0.02617868 0.40439794 0.05121853
v 0.05231135 0.40439794 0.02508585
v 0.05231135 0.40439794 0.05121853
v 0.02617868 0.40439794 0.07735120
v 0.02617868 0.40439794 0.10348388
v 0.05231135 0.40439794 0.07735120
v 0.05231135 0.40439794 0.10348388
v 0.07844403 0.40439794 0.02508585
v 0.07844403 0.40439794 0.05121853
v 0.10457670 0.40439794 0.02508585
v 0.10457670 0.40439794 0.05121853
v 0.07844403 0.40439794 0.07735120
v 0.07844403 0.40439794 0.10348388
v 0.10457670 0.40439794 0.07735120
v 0.10457670 0.40439794 0.10348388
v 0.02617868 0.40439794 0.12961655
v 0.02617868 0.40439794 0.15574922
v 0.05231135 0.40439794 0.12961655
v 0.05231135 0.40439794 0.15574922
v 0.02617868 0.40439794 0.18188190
v 0.02617868 0.40439794 0.20801457
v 0.05231135 0.40439794 0.18188190
v 0.05231135 0.40439794 0.20801457
v 0.07844403 0.40439794 0.12961655
v 0.07844403 0.40439794 0.15574922
v 0.10457670 0.40439794 0.12961655
v 0.10457670 0.40439794 0.15574922
v 0.07844403 0.40439794 0.18188190
v 0.07844403 0.40439794 0.20801457
v 0.10457670 0.40439794 0.18188190
v 0.10457670 0.40439794 0.20801457
v 0.13070937 0.40439794 0.02508585
v 0.13070937 0.40439794 0.05121853
v 0.15684205 0.40439794 0.02508585
v 0.15684205 0.40439794 0.05121853
v 0.13070937 0.40439794 0.07735120
v 0.13070937 0.40439794 0.10348388
v 0.15684205 0.40439794 0.07735120
v 0.15684205 0.40439794 0.10348388
v 0.18297472 0.40439794 0.02508585
v 0.18297472 0.40439794 0.05121853
v 0.20910740 0.40439794 0.02508585
v 0.20910740 0.40439794 0.05121853
v 0.18297472 0.40439794 0.07735120
v 0.18297472 0.40439794 0.10348388
v 0.20910740 0.40439794 0.07735120
v 0.20910740 0.40439794 0.10348388
v 0.13070937 0.40439794 0.12961655
v 0.13070937 0.40439794 0.15574922
v 0.15684205 0.40439794 0.12961655
v 0.15684205 0.40439794 0.15574922
v 0.13070937 0.40439794 0.18188190
v 0.13070937 0.40439794 0.20801457
v 0.15684205 0.40439794 0.18188190
v 0.15684205 0.40439794 0.20801535
v 0.18297472 0.40439794 0.12961655
v 0.18297472 0.40439794 0.15574922
v 0.20910740 0.40439794 0.12961655
v 0.20910740 0.40439794 0.15574922
v 0.18297472 0.40439794 0.18188190
v 0.18297472 0.40439794 0.20801535
v 0.20910740 0.40439794 0.18188190
v 0.20910740 0.40439794 0.20801535
v 0.02617868 0.40439794 0.23414802
v 0.02617868 0.40439794 0.26028070
v 0.05231135 0.40439794 0.23414802
v 0.05231135 0.40439794 0.26028070
v 0.02617868 0.40439794 0.28641337
v 0.02617868 0.40439794 0.31254605
v 0.05231135 0.40439794 0.28641337
v 0.05231135 0.40439794 0.31254605
v 0.07844403 0.40439794 0.23414802
v 0.07844403 0.40439794 0.26028070
v 0.10457670 0.40439794 0.23414802
v 0.10457670 0.40439794 0.26028070
v 0.07844403 0.40439794 0.28641337
v 0.07844403 0.40439794 0.31254605
v 0.10457670 0.40439794 0.28641337
v 0.10457670 0.40439794 0.31254605
v 0.02617868 0.40439794 0.33867872
v 0.02617868 0.40439794 0.36481139
v 0.05231135 0.40439794 0.33867872
v 0.05231135 0.40439794 0.36481139
v 0.02617868 0.40439794 0.39094407
v 0.02617868 0.40439794 0.41707752
v 0.05231135 0.40439794 0.39094407
v 0.05231135 0.40439794 0.41707752
v 0.07844403 0.40439794 0.33867872
v 0.07844403 0.40439794 0.36481139
v 0.10457670 0.40439794 0.33867872
v 0.10457670 0.40439794 0.36481139
v 0.07844403 0.40439794 0.39094407
v 0.07844403 0.40439794 0.41707752
v 0.10457670 0.40439794 0.39094407
v 0.10457670 0.40439794 0.41707752
v 0.13070937 0.40439794 0.23414802
v 0.13070937 0.40439794 0.26028070
v 0.15684205 0.40439794 0.23414802
v 0.15684205 0.40439794 0.26028070
v 0.13070937 0.40439794 0.28641337
v 0.13070937 0.40439794 0.31254605
v 0.15684205 0.40439794 0.28641337
v 0.15684205 0.40439794 0.31254605
v 0.18297472 0.40439794 0.23414802
v 0.18297472 0.40439794 0.26028070
v 0.20910740 0.40439794 0.23414802
v 0.20910740 0.40439794 0.26028070
v 0.18297472 0.40439794 0.28641337
v 0.18297472 0.40439794 0.31254605
v 0.20910740 0.40439794 0.28641337
v 0.20910740 0.40439794 0.31254605
v 0.13070937 0.40439794 0.33867872
v 0.13070937 0.40439794 0.36481139
v 0.15684205 0.40439794 0.33867872
v 0.15684205 0.40439794 0.36481139
v 0.13070937 0.40439794 0.39094407
v 0.13070937 0.40439794 0.41707752
v 0.15684205 0.40439794 0.39094407
v 0.15684205 0.40439794 0.41707752
v 0.18297472 0.40439794 0.33867872
v 0.18297472 0.40439794 0.36481139
v 0.20910740 0.40439794 0.33867872
v 0.20910740 0.40439794 0.36481139
v 0.18297472 0.40439794 0.39094407
v 0.18297472 0.40439794 0.41707752
v 0.20910740 0.40439794 0.39094407
v 0.20910740 0.40439794 0.41707752
v 0.23524085 0.40439794 0.02508585
v 0.23524085 0.40439794 0.05121853
v 0.26137352 0.40439794 0.02508585
v 0.26137352 0.40439794 0.05121853
v 0.23524085 0.40439794 0.07735120
v 0.23524085 0.40439794 0.10348388
v 0.26137352 0.40439794 0.07735120
v 0.26137352 0.40439794 0.10348388
v 0.28750620 0.40439794 0.02508585
v 0.28750620 0.40439794 0.05121853
v 0.31353594 0.40439404 0.02508585
v 0.31353594 0.40439404 0.05121853
v 0.28750620 0.40439794 0.07735120
v 0.28750620 0.40439794 0.10348388
v 0.31353594 0.40439404 0.07735120
v 0.31353594 0.40439404 0.10348388
v 0.23524085 0.40439794 0.12961655
v 0.23524085 0.40439794 0.15574922
v 0.26137352 0.40439794 0.12961655
v 0.26137352 0.40439794 0.15574922
v 0.23524085 0.40439794 0.18188190
v 0.23524085 0.40439794 0.20801535
v 0.26137352 0.40439794 0.18188190
v 0.26137352 0.40439794 0.20801535
v 0.28750620 0.40439794 0.12961655
v 0.28750620 0.40439794 0.15574922
v 0.31353594 0.40439404 0.12961655
v 0.31353594 0.40439404 0.15574922
v 0.28750620 0.40439794 0.18188190
v 0.28750620 0.40439794 0.20801535
v 0.31353594 0.40439404 0.18188268
v 0.31353594 0.40439404 0.20801535
v 0.33335183 0.40395738 0.02507806
v 0.33335183 0.40395816 0.05121073
v 0.34776480 0.38211647 0.02503829
v 0.34492962 0.39738406 0.02505154
v 0.34789034 0.38212115 0.05118110
v 0.34492494 0.39739263 0.05119124
v 0.34809854 0.35857570 0.02503439
v 0.34809854 0.33245784 0.02504453
v 0.34835820 0.35857492 0.05117564
v 0.34835820 0.33244927 0.05118656
v 0.33335183 0.40395816 0.07734340
v 0.33335183 0.40395816 0.10347608
v 0.34789034 0.38212505 0.07731767
v 0.34492494 0.39739263 0.07732469
v 0.34789034 0.38212505 0.10345035
v 0.34492494 0.39739263 0.10345736
v 0.34835820 0.35857804 0.07731923
v 0.34835820 0.33244927 0.07733171
v 0.34835820 0.35857804 0.10345191
v 0.34835820 0.33244927 0.10346516
v 0.34809854 0.30632517 0.02504453
v 0.34809854 0.28019250 0.02504453
v 0.34835820 0.30631659 0.05118656
v 0.34835820 0.28018392 0.05118656
v 0.34809854 0.25405904 0.02504453
v 0.34809854 0.22792637 0.02504453
v 0.34835820 0.25405046 0.05118656
v 0.34835820 0.22791779 0.05118656
v 0.34835820 0.30631659 0.07733171
v 0.34835820 0.28018392 0.07733171
v 0.34835820 0.30631659 0.10346516
v 0.34835820 0.28018392 0.10346516
v 0.34835820 0.25405046 0.07733171
v 0.34835820 0.22791779 0.07733171
v 0.34835820 0.25405046 0.10346516
v 0.34835820 0.22791779 0.10346516
v 0.33335183 0.40395816 0.12960875
v 0.33335183 0.40395816 0.15574143
v 0.34789034 0.38212505 0.12958302
v 0.34492494 0.39739263 0.12959004
v 0.34789034 0.38212505 0.15571647
v 0.34492494 0.39739263 0.15572271
v 0.34835820 0.35857804 0.12958458
v 0.34835820 0.33244927 0.12959784
v 0.34835820 0.35857804 0.15571803
v 0.34835820 0.33244927 0.15573051
v 0.33335183 0.40395816 0.18187410
v 0.33335183 0.40395816 0.20800755
v 0.34789034 0.38212505 0.18184915
v 0.34492494 0.39739263 0.18185539
v 0.34789034 0.38212505 0.20798182
v 0.34492494 0.39739263 0.20798806
v 0.34835820 0.35857804 0.18185071
v 0.34835820 0.33244927 0.18186318
v 0.34835820 0.35857804 0.20798338
v 0.34835820 0.33244927 0.20799586
v 0.34835820 0.30631659 0.12959784
v 0.34835820 0.28018392 0.12959784
v 0.34835820 0.30631659 0.15573051
v 0.34835820 0.28018392 0.15573051
v 0.34835820 0.25405046 0.12959784
v 0.34835820 0.22791779 0.12959784
v 0.34835820 0.25405046 0.15573051
v 0.34835820 0.22791779 0.15573051
v 0.34835820 0.30631659 0.18186318
v 0.34835820 0.28018392 0.18186318
v 0.34835820 0.30631659 0.20799586
v 0.34835820 0.28018392 0.20799586
v 0.34835820 0.25405046 0.18186318
v 0.34835820 0.22791779 0.18186318
v 0.34835820 0.25405046 0.20799586
v 0.34835820 0.22791779 0.20799586
v 0.34809854 0.20179369 0.02504453
v 0.34809854 0.17566102 0.02504453
v 0.34835820 0.20178512 0.05118656
v 0.34835820 0.17565244 0.05118656
v 0.34809854 0.14952835 0.02504453
v 0.34809854 0.12339567 0.02504453
v 0.34835820 0.14951977 0.05118656
v 0.34835820 0.12338710 0.05118656
v 0.34835820 0.20178512 0.07733171
v 0.34835820 0.17565244 0.07733171
v 0.34835820 0.20178512 0.10346516
v 0.34835820 0.17565244 0.10346516
v 0.34835820 0.14951977 0.07733171
v 0.34822798 0.12338710 0.07733171
v 0.34835820 0.14951977 0.10346516
v 0.34809854 0.12338476 0.10346048
v 0.34796832 0.09726456 0.02504921
v 0.34783888 0.07113422 0.02505310
v 0.34809854 0.09725208 0.05118188
v 0.34796832 0.07112799 0.05117954
v 0.34796832 0.04500779 0.02506012
v 0.34783888 0.01886888 0.02506012
v 0.34770866 0.04500389 0.05118422
v 0.34757844 0.01887511 0.05118578
v 0.34796832 0.09725442 0.07732547
v 0.34783888 0.07113188 0.07732079
v 0.34796832 0.09725832 0.10345425
v 0.34770866 0.07113188 0.10344723
v 0.34757844 0.04500155 0.07731221
v 0.34757844 0.01887979 0.07730832
v 0.34757844 0.04500545 0.10344099
v 0.34757844 0.01888213 0.10343865
v 0.34835820 0.20178512 0.12959784
v 0.34835820 0.17565244 0.12959784
v 0.34835820 0.20178512 0.15573051
v 0.34822798 0.17565244 0.15573051
v 0.34822798 0.14951977 0.12959784
v 0.34796832 0.12338710 0.12959082
v 0.34796832 0.14952211 0.15572817
v 0.34796832 0.12339567 0.15572193
v 0.34835820 0.20178512 0.18186318
v 0.34809854 0.17565010 0.18185850
v 0.34822798 0.20178512 0.20799586
v 0.34796832 0.17565244 0.20798962
v 0.34796832 0.14952367 0.18185227
v 0.34770866 0.12339957 0.18184993
v 0.34783888 0.14953069 0.20798494
v 0.34757844 0.12339957 0.20797636
v 0.34783888 0.09726456 0.12958692
v 0.34757844 0.07113422 0.12957834
v 0.34770866 0.09726456 0.15571257
v 0.34757844 0.07113890 0.15570634
v 0.34757844 0.04501247 0.12957366
v 0.34757844 0.01888213 0.12957132
v 0.34757844 0.04501481 0.15570400
v 0.34757844 0.01888213 0.15570400
v 0.34757844 0.09727158 0.18184603
v 0.34757844 0.07114514 0.18183901
v 0.34757844 0.09727781 0.20797168
v 0.34757844 0.07114748 0.20797013
v 0.34757844 0.04501481 0.18183667
v 0.34757844 0.01888213 0.18183667
v 0.34757844 0.04501481 0.20797013
v 0.34757844 0.01888213 0.20797013
v 0.23524085 0.40439794 0.23414802
v 0.23524085 0.40439794 0.26028070
v 0.26137352 0.40439794 0.23414802
v 0.26137352 0.40439794 0.26028070
v 0.23524085 0.40439794 0.28641337
v 0.23524085 0.40439794 0.31254605
v 0.26137352 0.40439794 0.28641337
v 0.26137352 0.40439794 0.31254605
v 0.28750620 0.40439794 0.23414802
v 0.28750620 0.40439794 0.26028070
v 0.31353594 0.40439404 0.23414802
v 0.31353594 0.40439404 0.26028070
v 0.28750620 0.40439794 0.28641337
v 0.28750620 0.40439794 0.31254605
v 0.31353594 0.40439404 0.28641337
v 0.31353594 0.40439404 0.31254605
v 0.23524085 0.40439794 0.33867872
v 0.23524085 0.40439794 0.36481139
v 0.26137352 0.40439794 0.33867872
v 0.26137352 0.40439794 0.36481139
v 0.23524085 0.40439794 0.39094407
v 0.23524085 0.40439794 0.41707752
v 0.26137352 0.40439794 0.39094485
v 0.26137352 0.40439794 0.41707752
v 0.28750620 0.40439794 0.33867872
v 0.28750620 0.40439794 0.36481139
v 0.31353594 0.40439404 0.33867872
v 0.31353594 0.40439404 0.36481217
v 0.28750620 0.40439794 0.39094485
v 0.28750620 0.40439794 0.41707752
v 0.31353594 0.40439404 0.39094485
v 0.31353594 0.40439404 0.41707752
v 0.33335183 0.40395816 0.23414023
v 0.33335183 0.40395816 0.26027290
v 0.34789034 0.38212505 0.23411450
v 0.34492494 0.39739263 0.23412073
v 0.34789034 0.38212505 0.26024717
v 0.34492494 0.39739263 0.26025419
v 0.34835820 0.35857804 0.23411605
v 0.34835820 0.33244927 0.23412853
v 0.34835820 0.35857804 0.26024873
v 0.34835820 0.33244927 0.26026120
v 0.33335183 0.40395816 0.28640557
v 0.33335183 0.40395816 0.31253825
v 0.34789034 0.38212505 0.28637984
v 0.34492494 0.39739263 0.28638686
v 0.34789034 0.38212505 0.31251252
v 0.34492494 0.39739263 0.31251953
v 0.34835820 0.35857804 0.28638140
v 0.34835820 0.33244927 0.28639388
v 0.34835820 0.35857804 0.31251408
v 0.34835820 0.33244927 0.31252733
v 0.34835820 0.30631659 0.23412853
v 0.34835820 0.28018392 0.23412853
v 0.34835820 0.30631659 0.26026120
v 0.34835820 0.28018392 0.26026120
v 0.34835820 0.25405046 0.23412853
v 0.34835820 0.22791779 0.23412853
v 0.34835820 0.25405046 0.26026120
v 0.34822798 0.22791779 0.26026120
v 0.34835820 0.30631659 0.28639388
v 0.34835820 0.28018392 0.28639388
v 0.34835820 0.30631659 0.31252733
v 0.34835820 0.28018392 0.31252733
v 0.34822798 0.25405046 0.28639388
v 0.34796832 0.22792013 0.28639232
v 0.34809854 0.25404890 0.31252265
v 0.34796832 0.22792247 0.31251642
v 0.33335183 0.40395816 0.33867092
v 0.33335183 0.40395816 0.36480360
v 0.34789034 0.38212505 0.33864597
v 0.34492494 0.39739263 0.33865221
v 0.34789034 0.38212505 0.36477864
v 0.34492494 0.39739263 0.36478488
v 0.34835820 0.35857804 0.33864675
v 0.34835820 0.33244927 0.33866001
v 0.34835820 0.35857804 0.36478020
v 0.34835820 0.33244927 0.36479268
v 0.33335183 0.40395816 0.39093705
v 0.33335183 0.40395816 0.41706972
v 0.34789034 0.38212505 0.39091132
v 0.34492494 0.39739263 0.39091756
v 0.34789034 0.38212505 0.41704399
v 0.34492494 0.39739263 0.41705023
v 0.34835820 0.35857804 0.39091288
v 0.34835820 0.33244927 0.39092535
v 0.34835820 0.35857804 0.41704555
v 0.34822798 0.33244927 0.41705803
v 0.34835820 0.30631659 0.33866001
v 0.34822798 0.28018392 0.33866001
v 0.34835820 0.30631659 0.36479268
v 0.34809854 0.28018158 0.36478800
v 0.34796832 0.25405046 0.33865299
v 0.34783888 0.22792871 0.33864909
v 0.34796832 0.25405514 0.36478176
v 0.34770866 0.22792871 0.36477553
v 0.34822798 0.30631659 0.39092535
v 0.34796832 0.28018392 0.39091912
v 0.34796832 0.30631815 0.41705569
v 0.34796832 0.28019250 0.41704945
v 0.34783888 0.25406138 0.39091444
v 0.34757844 0.22793105 0.39090586
v 0.34770866 0.25406138 0.41704087
v 0.34757844 0.22793495 0.41703463
v 0.34809854 0.20178278 0.23412463
v 0.34796832 0.17565712 0.23411761
v 0.34796832 0.20178512 0.26025497
v 0.34783888 0.17566336 0.26025029
v 0.34770866 0.14953069 0.23411138
v 0.34757844 0.12340425 0.23410514
v 0.34757844 0.14953302 0.26024171
v 0.34757844 0.12341049 0.26023781
v 0.34796832 0.20179369 0.28638530
v 0.34770866 0.17566336 0.28637672
v 0.34770866 0.20179837 0.31251408
v 0.34757844 0.17566960 0.31250940
v 0.34757844 0.14953692 0.28637049
v 0.34757844 0.12341283 0.28636815
v 0.34757844 0.14954316 0.31250316
v 0.34757844 0.12341283 0.31250082
v 0.34757844 0.09728015 0.23410280
v 0.34757844 0.07114748 0.23410280
v 0.34757844 0.09728015 0.26023547
v 0.34757844 0.07114748 0.26023547
v 0.34757844 0.04501481 0.23410280
v 0.34757844 0.01888213 0.23410280
v 0.34757844 0.04501481 0.26023547
v 0.34757844 0.01888213 0.26023547
v 0.34757844 0.09728015 0.28636815
v 0.34757844 0.07114748 0.28636815
v 0.34757844 0.09728015 0.31250082
v 0.34757844 0.07114748 0.31250082
v 0.34757844 0.04501481 0.28636815
v 0.34757844 0.01888213 0.28636815
v 0.34757844 0.04501481 0.31250082
v 0.34757844 0.01888213 0.31250082
v 0.34757844 0.20179837 0.33864051
v 0.34757844 0.17567662 0.33863583
v 0.34757844 0.20180227 0.36476851
v 0.34757844 0.17567817 0.36476617
v 0.34757844 0.14954550 0.33863349
v 0.34757844 0.12341283 0.33863349
v 0.34757844 0.14954550 0.36476617
v 0.34757844 0.12341283 0.36476617
v 0.34757844 0.20180929 0.39090118
v 0.34757844 0.17567817 0.39089962
v 0.34757844 0.20181085 0.41703230
v 0.34757844 0.17567817 0.41703230
v 0.34757844 0.14954550 0.39089962
v 0.34757844 0.12341283 0.39089962
v 0.34757844 0.14954550 0.41703230
v 0.34757844 0.12341283 0.41703230
v 0.34757844 0.09728015 0.33863349
v 0.34757844 0.07114748 0.33863349
v 0.34757844 0.09728015 0.36476617
v 0.34757844 0.07114748 0.36476617
v 0.34757844 0.04501481 0.33863349
v 0.34757844 0.01888213 0.33863349
v 0.34757844 0.04501481 0.36476617
v 0.34757844 0.01888213 0.36476617
v 0.34757844 0.09728015 0.39089962
v 0.34757844 0.07114748 0.39089962
v 0.34757844 0.09728015 0.41703230
v 0.34757844 0.07114748 0.41703230
v 0.34757844 0.04501481 0.39089962
v 0.34757844 0.01888213 0.39089962
v 0.34757844 0.04501481 0.41703230
v 0.34757844 0.01888213 0.41703230
v 0.02617868 0.40439794 0.44321020
v 0.02617868 0.40439794 0.46934287
v 0.05231135 0.40439794 0.44321020
v 0.05231135 0.40439794 0.46934287
v 0.02617868 0.40439794 0.49547554
v 0.02617868 0.40439794 0.52160822
v 0.05231135 0.40439794 0.49547554
v 0.05231135 0.40439794 0.52160822
v 0.07844403 0.40439794 0.44321020
v 0.07844403 0.40439794 0.46934287
v 0.10457670 0.40439794 0.44321020
v 0.10457670 0.40439794 0.46934287
v 0.07844403 0.40439794 0.49547554
v 0.07844403 0.40439794 0.52160822
v 0.10457670 0.40439794 0.49547554
v 0.10457670 0.40439794 0.52160822
v 0.02617868 0.40439794 0.54771126
v 0.02618024 0.40401898 0.57213861
v 0.05231135 0.40439794 0.54771360
v 0.05230979 0.40401430 0.57227195
v 0.02617244 0.39745423 0.58824677
v 0.02617010 0.38218041 0.59553825
v 0.05230823 0.39745423 0.58824443
v 0.05230356 0.38218197 0.59540569
v 0.02616386 0.35857726 0.59566613
v 0.02616386 0.33244459 0.59566613
v 0.05229732 0.35857960 0.59566613
v 0.05229654 0.33244459 0.59566613
v 0.07844325 0.40439794 0.54771282
v 0.07844715 0.40401586 0.57226961
v 0.10457670 0.40439794 0.54771048
v 0.10457826 0.40401976 0.57213627
v 0.07844091 0.39745579 0.58811343
v 0.07843467 0.38218041 0.59553981
v 0.10457202 0.39745579 0.58824599
v 0.10456890 0.38218041 0.59553825
v 0.07842843 0.35857804 0.59566613
v 0.07842921 0.33244459 0.59566613
v 0.10456189 0.35857726 0.59566613
v 0.10456189 0.33244459 0.59566613
v 0.02616386 0.30631191 0.59566613
v 0.02616386 0.28017924 0.59566613
v 0.05229654 0.30631191 0.59566613
v 0.05229654 0.28017924 0.59566613
v 0.02616386 0.25404579 0.59566613
v 0.02616386 0.22791311 0.59566613
v 0.05229654 0.25404579 0.59566613
v 0.05229654 0.22791311 0.59566613
v 0.07842921 0.30631191 0.59566613
v 0.07842921 0.28017924 0.59566613
v 0.10456189 0.30631191 0.59566613
v 0.10456189 0.28017924 0.59566613
v 0.07842921 0.25404579 0.59566613
v 0.07842921 0.22791311 0.59579635
v 0.10456189 0.25404579 0.59579635
v 0.10456422 0.22791077 0.59605600
v 0.13070937 0.40439794 0.44321020
v 0.13070937 0.40439794 0.46934287
v 0.15684205 0.40439794 0.44321020
v 0.15684205 0.40439794 0.46934287
v 0.13070937 0.40439794 0.49547554
v 0.13070937 0.40439794 0.52160822
v 0.15684205 0.40439794 0.49547554
v 0.15684205 0.40439794 0.52160822
v 0.18297472 0.40439794 0.44321020
v 0.18297472 0.40439794 0.46934287
v 0.20910740 0.40439794 0.44321020
v 0.20910740 0.40439794 0.46934287
v 0.18297472 0.40439794 0.49547554
v 0.18297472 0.40439794 0.52160822
v 0.20910740 0.40439794 0.49547554
v 0.20910740 0.40439794 0.52160822
v 0.13070937 0.40439794 0.54771048
v 0.13070937 0.40401976 0.57213471
v 0.15684205 0.40439794 0.54771048
v 0.15684205 0.40401976 0.57213471
v 0.13070704 0.39746125 0.58810953
v 0.13070314 0.38218587 0.59540413
v 0.15683737 0.39746125 0.58811031
v 0.15683191 0.38218743 0.59540413
v 0.13069612 0.35857960 0.59566613
v 0.13069534 0.33244459 0.59566613
v 0.15682801 0.35858116 0.59566613
v 0.15682801 0.33244459 0.59566613
v 0.18297472 0.40439794 0.54771048
v 0.18297472 0.40401976 0.57213471
v 0.20910740 0.40439794 0.54771048
v 0.20910740 0.40401976 0.57213471
v 0.18297004 0.39746125 0.58811031
v 0.18296537 0.38218743 0.59540413
v 0.20910272 0.39746125 0.58811031
v 0.20909804 0.38218743 0.59540413
v 0.18296069 0.35858116 0.59566613
v 0.18296069 0.33244459 0.59579635
v 0.20909336 0.35858116 0.59579635
v 0.20909570 0.33244225 0.59605600
v 0.13069534 0.30631191 0.59566613
v 0.13069534 0.28017924 0.59579635
v 0.15682801 0.30631191 0.59579635
v 0.15683035 0.28017690 0.59605600
v 0.13069690 0.25404423 0.59605600
v 0.13070392 0.22790453 0.59605600
v 0.15683659 0.25403721 0.59605600
v 0.15684049 0.22790064 0.59631566
v 0.18296303 0.30630957 0.59605600
v 0.18296926 0.28016988 0.59605600
v 0.20910194 0.30630334 0.59605600
v 0.20910662 0.28016598 0.59631566
v 0.18297316 0.25403331 0.59631566
v 0.18297784 0.22789596 0.59644510
v 0.20911052 0.25402863 0.59644510
v 0.20911675 0.22788972 0.59644510
v 0.02616386 0.20178044 0.59566613
v 0.02616386 0.17564776 0.59579635
v 0.05229654 0.20178044 0.59579635
v 0.05229888 0.17564543 0.59605600
v 0.02616620 0.14951275 0.59605600
v 0.02617244 0.12337384 0.59605600
v 0.05230512 0.14950651 0.59605600
v 0.05230979 0.12336916 0.59631566
v 0.07843155 0.20177810 0.59605600
v 0.07843779 0.17563919 0.59605600
v 0.10457124 0.20177186 0.59605600
v 0.10457514 0.17563451 0.59631566
v 0.07844247 0.14950183 0.59631566
v 0.07844715 0.12336448 0.59644510
v 0.10457982 0.14949794 0.59644510
v 0.10458606 0.12335824 0.59644510
v 0.02617712 0.09723649 0.59631566
v 0.02617244 0.07109524 0.59618544
v 0.05231369 0.09723181 0.59644510
v 0.05231135 0.07108822 0.59618544
v 0.02617478 0.04496646 0.59592579
v 0.02617478 0.01884003 0.59566535
v 0.05230512 0.04496256 0.59592579
v 0.05229654 0.01883769 0.59566613
v 0.07845338 0.09722557 0.59644510
v 0.07844715 0.07108666 0.59618544
v 0.10458840 0.09722323 0.59644510
v 0.10457982 0.07108666 0.59618544
v 0.07843779 0.04496256 0.59592579
v 0.07842921 0.01883769 0.59566613
v 0.10457046 0.04496256 0.59592579
v 0.10456189 0.01883769 0.59566613
v 0.13070782 0.20176718 0.59631566
v 0.13071249 0.17563061 0.59644510
v 0.15684517 0.20176328 0.59644510
v 0.15685141 0.17562359 0.59644510
v 0.13071873 0.14949092 0.59644510
v 0.13072107 0.12335591 0.59644510
v 0.15685374 0.14948858 0.59644510
v 0.15685374 0.12335591 0.59644510
v 0.18298408 0.20175705 0.59644510
v 0.18298642 0.17562203 0.59644510
v 0.20911909 0.20175471 0.59644510
v 0.20911909 0.17562203 0.59644510
v 0.18298642 0.14948858 0.59644510
v 0.18298642 0.12335591 0.59644510
v 0.20911909 0.14948858 0.59644510
v 0.20911909 0.12335591 0.59644510
v 0.13072107 0.09722323 0.59644510
v 0.13071249 0.07108666 0.59618544
v 0.15685374 0.09722323 0.59644510
v 0.15684517 0.07108666 0.59618544
v 0.13070392 0.04496256 0.59592579
v 0.13069534 0.01883769 0.59566613
v 0.15683659 0.04496256 0.59592579
v 0.15682801 0.01883769 0.59566613
v 0.18298642 0.09722323 0.59644510
v 0.18297784 0.07108666 0.59618544
v 0.20911909 0.09722323 0.59644510
v 0.20911052 0.07108666 0.59618544
v 0.18296926 0.04496256 0.59592579
v 0.18296069 0.01883769 0.59566613
v 0.20910194 0.04496256 0.59592579
v 0.20909336 0.01883769 0.59566613
v 0.23524085 0.40439794 0.44321020
v 0.23524085 0.40439794 0.46934287
v 0.26137352 0.40439794 0.44321020
v 0.26137352 0.40439794 0.46934287
v 0.23524085 0.40439794 0.49547554
v 0.23524085 0.40439794 0.52160822
v 0.26137352 0.40439794 0.49547554
v 0.26137352 0.40439794 0.52160822
v 0.28750620 0.40439794 0.44321020
v 0.28750620 0.40439794 0.46934287
v 0.31353594 0.40439404 0.44321020
v 0.31353594 0.40439404 0.46934287
v 0.28750620 0.40439794 0.49547554
v 0.28750620 0.40439794 0.52160822
v 0.31353594 0.40439404 0.49547632
v 0.31353750 0.40439404 0.52160900
v 0.23524085 0.40439794 0.54771048
v 0.23523773 0.40402210 0.57213237
v 0.26137430 0.40439794 0.54771126
v 0.26137040 0.40402756 0.57212770
v 0.23523227 0.39746281 0.58810797
v 0.23523071 0.38218743 0.59553435
v 0.26136729 0.39746593 0.58823429
v 0.26136261 0.38218743 0.59579167
v 0.23522837 0.35857882 0.59605600
v 0.23523461 0.33243601 0.59605600
v 0.26136729 0.35857258 0.59605600
v 0.26137196 0.33243133 0.59631566
v 0.28750698 0.40439794 0.54771438
v 0.28750464 0.40402678 0.57226025
v 0.31354296 0.40439482 0.54771984
v 0.31355232 0.40401196 0.57240685
v 0.28750152 0.39746515 0.58849707
v 0.28750230 0.38218821 0.59578621
v 0.31356479 0.39745735 0.58850253
v 0.31356869 0.38218431 0.59604509
v 0.28750464 0.35856790 0.59631566
v 0.28750932 0.33242743 0.59644510
v 0.31357025 0.35856556 0.59644354
v 0.31357571 0.33242041 0.59644354
v 0.23523929 0.30629866 0.59631566
v 0.23524319 0.28016131 0.59644510
v 0.26137586 0.30629398 0.59644510
v 0.26138288 0.28015507 0.59644510
v 0.23525021 0.25402239 0.59644510
v 0.23525177 0.22788738 0.59644510
v 0.26138522 0.25402005 0.59644510
v 0.26138522 0.22788738 0.59644510
v 0.28751555 0.30628774 0.59644510
v 0.28751789 0.28015273 0.59644510
v 0.31357805 0.30628540 0.59644354
v 0.31357805 0.28015273 0.59644354
v 0.28751789 0.25402005 0.59644510
v 0.28751789 0.22788738 0.59644510
v 0.31357805 0.25402005 0.59644354
v 0.31357805 0.22788738 0.59644354
v 0.33335183 0.40395816 0.44320240
v 0.33335183 0.40395816 0.46933507
v 0.34789034 0.38212505 0.44317667
v 0.34492494 0.39739263 0.44318290
v 0.34789034 0.38212505 0.46930934
v 0.34492494 0.39739263 0.46931636
v 0.34835820 0.35857804 0.44317823
v 0.34809854 0.33244693 0.44318680
v 0.34822798 0.35857804 0.46931090
v 0.34796832 0.33244927 0.46931714
v 0.33335261 0.40395738 0.49546852
v 0.33348673 0.40395348 0.52160120
v 0.34789034 0.38212505 0.49544201
v 0.34492572 0.39739263 0.49544903
v 0.34776090 0.38212349 0.52157547
v 0.34505906 0.39738717 0.52158170
v 0.34809854 0.35857570 0.49543967
v 0.34796832 0.33245316 0.49544591
v 0.34796832 0.35857804 0.52157001
v 0.34783888 0.33246018 0.52157859
v 0.34796832 0.30632049 0.44317978
v 0.34770866 0.28019639 0.44317823
v 0.34783888 0.30632751 0.46931246
v 0.34757844 0.28019639 0.46930388
v 0.34757844 0.25406840 0.44317355
v 0.34757844 0.22794196 0.44316731
v 0.34757844 0.25407464 0.46929998
v 0.34757844 0.22794430 0.46929764
v 0.34770866 0.30632751 0.49543889
v 0.34757844 0.28020107 0.49543266
v 0.34757844 0.30632907 0.52157001
v 0.34757844 0.28020731 0.52156533
v 0.34757844 0.25407698 0.49543032
v 0.34757844 0.22794430 0.49543032
v 0.34757844 0.25407698 0.52156299
v 0.34757844 0.22794430 0.52156299
v 0.33363176 0.40394179 0.54773465
v 0.33346723 0.40379441 0.57229456
v 0.34789424 0.38211647 0.54768397
v 0.34506685 0.39737704 0.54771360
v 0.34798859 0.38209464 0.57213237
v 0.34494053 0.39742928 0.57213159
v 0.34822798 0.35857726 0.54767539
v 0.34796832 0.33245160 0.54768007
v 0.34805331 0.35856011 0.57210352
v 0.34792309 0.33243367 0.57211054
v 0.33348283 0.39746905 0.58824365
v 0.33367231 0.38216482 0.59565911
v 0.34496861 0.38958808 0.58825613
v 0.34366174 0.39882816 0.58457179
v 0.33368245 0.35855699 0.59591331
v 0.33368323 0.33241340 0.59591331
v 0.34525166 0.36726996 0.58835360
v 0.34525244 0.34113183 0.58835204
v 0.34783810 0.30632517 0.54767305
v 0.34783810 0.28020107 0.54767149
v 0.34792387 0.30630723 0.57210352
v 0.34792387 0.28017690 0.57210118
v 0.34783810 0.25406840 0.54767149
v 0.34783810 0.22793495 0.54767149
v 0.34792387 0.25404345 0.57210118
v 0.34792387 0.22791077 0.57210118
v 0.33368323 0.30627994 0.59591331
v 0.33368323 0.28014727 0.59591331
v 0.34525244 0.31500149 0.58834970
v 0.34525244 0.28886882 0.58834970
v 0.33368323 0.25401460 0.59591331
v 0.33368323 0.22788192 0.59591331
v 0.34525244 0.26273614 0.58834970
v 0.34525244 0.23660269 0.58834970
v 0.23525177 0.20175471 0.59644510
v 0.23525177 0.17562203 0.59644510
v 0.26138522 0.20175471 0.59644510
v 0.26138522 0.17562203 0.59644510
v 0.23525177 0.14948858 0.59644510
v 0.23525177 0.12335591 0.59644510
v 0.26138522 0.14948858 0.59644510
v 0.26138522 0.12335591 0.59644510
v 0.28751789 0.20175471 0.59644510
v 0.28751789 0.17562203 0.59644510
v 0.31357805 0.20175471 0.59644354
v 0.31357805 0.17562203 0.59644354
v 0.28751789 0.14948858 0.59644510
v 0.28751789 0.12335591 0.59644510
v 0.31357805 0.14948858 0.59644354
v 0.31357805 0.12335591 0.59644354
v 0.23525177 0.09722323 0.59644510
v 0.23524319 0.07108666 0.59618544
v 0.26138522 0.09722323 0.59644510
v 0.26137586 0.07108666 0.59618544
v 0.23523461 0.04496256 0.59592579
v 0.23522603 0.01883769 0.59566613
v 0.26136729 0.04496256 0.59592579
v 0.26135871 0.01883769 0.59566613
v 0.28751789 0.09722323 0.59644510
v 0.28750932 0.07108666 0.59618544
v 0.31357805 0.09722323 0.59644354
v 0.31356947 0.07108588 0.59618310
v 0.28749996 0.04496256 0.59592579
v 0.28749138 0.01883769 0.59566613
v 0.31356090 0.04496178 0.59592345
v 0.31355232 0.01883769 0.59566379
v 0.34757844 0.20181085 0.44316497
v 0.34757844 0.17567817 0.44316497
v 0.34757844 0.20181085 0.46929764
v 0.34757844 0.17567817 0.46929764
v 0.34757844 0.14954550 0.44316497
v 0.34757844 0.12341283 0.44316497
v 0.34757844 0.14954550 0.46929764
v 0.34757844 0.12341283 0.46929764
v 0.34757844 0.20181085 0.49543032
v 0.34757844 0.17567817 0.49543032
v 0.34757844 0.20181085 0.52156299
v 0.34757844 0.17567817 0.52156299
v 0.34757844 0.14954550 0.49543032
v 0.34757844 0.12341283 0.49543032
v 0.34757844 0.14954550 0.52156299
v 0.34757844 0.12341283 0.52156299
v 0.34757844 0.09728015 0.44316497
v 0.34757844 0.07114748 0.44316497
v 0.34757844 0.09728015 0.46929764
v 0.34757844 0.07114748 0.46929764
v 0.34757844 0.04501481 0.44316497
v 0.34757844 0.01888213 0.44316497
v 0.34757844 0.04501481 0.46929764
v 0.34757844 0.01888213 0.46929764
v 0.34757844 0.09728015 0.49543032
v 0.34757844 0.07114748 0.49543032
v 0.34757844 0.09728015 0.52156299
v 0.34757844 0.07114748 0.52156299
v 0.34757844 0.04501481 0.49543032
v 0.34757844 0.01888213 0.49543032
v 0.34757844 0.04501481 0.52156299
v 0.34757844 0.01888213 0.52156299
v 0.34783810 0.20180227 0.54767149
v 0.34783810 0.17566960 0.54767149
v 0.34792387 0.20177810 0.57210118
v 0.34792387 0.17564543 0.57210118
v 0.34783810 0.14953692 0.54767149
v 0.34783810 0.12340425 0.54767149
v 0.34792387 0.14951275 0.57210118
v 0.34792387 0.12338008 0.57210118
v 0.33368323 0.20174925 0.59591331
v 0.33368323 0.17561657 0.59591331
v 0.34525244 0.21047002 0.58834970
v 0.34525244 0.18433734 0.58834970
v 0.33368323 0.14948390 0.59591331
v 0.33368323 0.12335045 0.59591331
v 0.34525244 0.15820467 0.58834970
v 0.34525244 0.13207199 0.58834970
v 0.34783810 0.09727158 0.54767149
v 0.34783810 0.07113890 0.54767149
v 0.34792387 0.09724740 0.57210118
v 0.34791374 0.07111161 0.57211366
v 0.34783810 0.04500545 0.54767149
v 0.34783810 0.01887277 0.54767149
v 0.34789970 0.04497894 0.57213159
v 0.34789580 0.01884860 0.57213705
v 0.33368323 0.09721777 0.59591331
v 0.33366997 0.07108042 0.59579557
v 0.34525244 0.10593932 0.58834970
v 0.34524308 0.07980353 0.58836217
v 0.33365126 0.04495165 0.59568328
v 0.33363800 0.01882443 0.59542830
v 0.34523450 0.05367163 0.58823663
v 0.34522047 0.02754052 0.58811967
v 0.34783888 -0.00725990 0.02506168
v 0.34783888 -0.03339257 0.02506168
v 0.34757844 -0.00725132 0.05118578
v 0.34757844 -0.03338400 0.05118578
v 0.34783888 -0.05952525 0.02506168
v 0.34783888 -0.08565792 0.02506168
v 0.34757844 -0.05951667 0.05118578
v 0.34757844 -0.08564934 0.05118578
v 0.34757844 -0.00725132 0.07730598
v 0.34757844 -0.03338400 0.07730598
v 0.34757844 -0.00725132 0.10343865
v 0.34757844 -0.03338400 0.10343865
v 0.34757844 -0.05951667 0.07730598
v 0.34757844 -0.08564934 0.07730598
v 0.34757844 -0.05951667 0.10343865
v 0.34757844 -0.08564934 0.10343865
v 0.34783888 -0.11179059 0.02506168
v 0.34783888 -0.13792327 0.02506168
v 0.34757844 -0.11178202 0.05118578
v 0.34757844 -0.13791469 0.05118578
v 0.34783888 -0.16405672 0.02506168
v 0.34783888 -0.19018940 0.02506168
v 0.34757844 -0.16404736 0.05118578
v 0.34757844 -0.19018082 0.05118578
v 0.34757844 -0.11178202 0.07730598
v 0.34757844 -0.13791469 0.07730598
v 0.34757844 -0.11178202 0.10343865
v 0.34757844 -0.13791469 0.10343865
v 0.34757844 -0.16404736 0.07730598
v 0.34757844 -0.19018082 0.07730598
v 0.34757844 -0.16404736 0.10343865
v 0.34757844 -0.19018082 0.10343865
v 0.34757844 -0.00725132 0.12957132
v 0.34757844 -0.03338400 0.12957132
v 0.34757844 -0.00725132 0.15570400
v 0.34757844 -0.03338400 0.15570400
v 0.34757844 -0.05951667 0.12957132
v 0.34757844 -0.08564934 0.12957132
v 0.34757844 -0.05951667 0.15570400
v 0.34757844 -0.08564934 0.15570400
v 0.34757844 -0.00725132 0.18183667
v 0.34757844 -0.03338400 0.18183667
v 0.34757844 -0.00725132 0.20797013
v 0.34757844 -0.03338400 0.20797013
v 0.34757844 -0.05951667 0.18183667
v 0.34757844 -0.08564934 0.18183667
v 0.34757844 -0.05951667 0.20797013
v 0.34757844 -0.08564934 0.20797013
v 0.34757844 -0.11178202 0.12957132
v 0.34757844 -0.13791469 0.12957132
v 0.34757844 -0.11178202 0.15570400
v 0.34757844 -0.13791469 0.15570400
v 0.34757844 -0.16404736 0.12957132
v 0.34757844 -0.19018082 0.12957132
v 0.34757844 -0.16404736 0.15570400
v 0.34757844 -0.19018082 0.15570400
v 0.34757844 -0.11178202 0.18183667
v 0.34757844 -0.13791469 0.18183667
v 0.34757844 -0.11178202 0.20797013
v 0.34757844 -0.13791469 0.20797013
v 0.34757844 -0.16404736 0.18183667
v 0.34757844 -0.19018082 0.18183667
v 0.34757844 -0.16404736 0.20797013
v 0.34757844 -0.19018082 0.20797013
v 0.34783888 -0.21632207 0.02506168
v 0.34783888 -0.24245474 0.02506168
v 0.34757844 -0.21631349 0.05118578
v 0.34757844 -0.24244617 0.05118578
v 0.34809854 -0.26858430 0.02506636
v 0.34812115 -0.29422807 0.02506480
v 0.34783888 -0.26857416 0.05119514
v 0.34799171 -0.29421949 0.05119514
v 0.34757844 -0.21631349 0.07730598
v 0.34757844 -0.24244617 0.07730598
v 0.34757844 -0.21631349 0.10343865
v 0.34757844 -0.24244617 0.10343865
v 0.34783888 -0.26857416 0.07731455
v 0.34799171 -0.29421793 0.07731923
v 0.34783888 -0.26857416 0.10344723
v 0.34799171 -0.29421793 0.10345191
v 0.34660609 -0.31656178 0.02506636
v 0.34184491 -0.33453901 0.01634013
v 0.34660609 -0.31655476 0.05119903
v 0.34184491 -0.33453901 0.04247281
v 0.34660609 -0.31655242 0.07733015
v 0.34184491 -0.33453901 0.06860626
v 0.34660609 -0.31655242 0.10346282
v 0.34184491 -0.33453901 0.09473894
v 0.34757844 -0.21631349 0.12957132
v 0.34757844 -0.24244617 0.12957132
v 0.34757844 -0.21631349 0.15570400
v 0.34757844 -0.24244617 0.15570400
v 0.34783888 -0.26857416 0.12957990
v 0.34799171 -0.29421793 0.12958458
v 0.34783888 -0.26857416 0.15571257
v 0.34799171 -0.29421793 0.15571803
v 0.34757844 -0.21631349 0.18183667
v 0.34757844 -0.24244617 0.18183667
v 0.34757844 -0.21631349 0.20797013
v 0.34757844 -0.24244617 0.20797013
v 0.34783888 -0.26857416 0.18184603
v 0.34799171 -0.29421793 0.18185071
v 0.34783888 -0.26857416 0.20797870
v 0.34799171 -0.29421793 0.20798338
v 0.34660609 -0.31655242 0.12959550
v 0.34184491 -0.33453901 0.12087161
v 0.34660609 -0.31655242 0.15572817
v 0.34184491 -0.33453901 0.14700428
v 0.34660609 -0.31655242 0.18186084
v 0.34184491 -0.33453901 0.17313696
v 0.34660609 -0.31655242 0.20799352
v 0.34184491 -0.33453901 0.19926963
v 0.34757844 -0.00725132 0.23410280
v 0.34757844 -0.03338400 0.23410280
v 0.34757844 -0.00725132 0.26023547
v 0.34757844 -0.03338400 0.26023547
v 0.34757844 -0.05951667 0.23410280
v 0.34757844 -0.08564934 0.23410280
v 0.34757844 -0.05951667 0.26023547
v 0.34757844 -0.08564934 0.26023547
v 0.34757844 -0.00725132 0.28636815
v 0.34757844 -0.03338400 0.28636815
v 0.34757844 -0.00725132 0.31250082
v 0.34757844 -0.03338400 0.31250082
v 0.34757844 -0.05951667 0.28636815
v 0.34757844 -0.08564934 0.28636815
v 0.34757844 -0.05951667 0.31250082
v 0.34757844 -0.08564934 0.31250082
v 0.34757844 -0.11178202 0.23410280
v 0.34757844 -0.13791469 0.23410280
v 0.34757844 -0.11178202 0.26023547
v 0.34757844 -0.13791469 0.26023547
v 0.34757844 -0.16404736 0.23410280
v 0.34757844 -0.19018082 0.23410280
v 0.34757844 -0.16404736 0.26023547
v 0.34757844 -0.19018082 0.26023547
v 0.34757844 -0.11178202 0.28636815
v 0.34757844 -0.13791469 0.28636815
v 0.34757844 -0.11178202 0.31250082
v 0.34757844 -0.13791469 0.31250082
v 0.34757844 -0.16404736 0.28636815
v 0.34757844 -0.19018082 0.28636815
v 0.34757844 -0.16404736 0.31250082
v 0.34757844 -0.19018082 0.31250082
v 0.34757844 -0.00725132 0.33863349
v 0.34757844 -0.03338400 0.33863349
v 0.34757844 -0.00725132 0.36476617
v 0.34757844 -0.03338400 0.36476617
v 0.34757844 -0.05951667 0.33863349
v 0.34757844 -0.08564934 0.33863349
v 0.34757844 -0.05951667 0.36476617
v 0.34757844 -0.08564934 0.36476617
v 0.34757844 -0.00725132 0.39089962
v 0.34757844 -0.03338400 0.39089962
v 0.34757844 -0.00725132 0.41703230
v 0.34757844 -0.03338400 0.41703230
v 0.34757844 -0.05951667 0.39089962
v 0.34757844 -0.08564934 0.39089962
v 0.34757844 -0.05951667 0.41703230
v 0.34757844 -0.08564934 0.41703230
v 0.34757844 -0.11178202 0.33863349
v 0.34757844 -0.13791469 0.33863349
v 0.34757844 -0.11178202 0.36476617
v 0.34757844 -0.13791469 0.36476617
v 0.34757844 -0.16404736 0.33863349
v 0.34757844 -0.19018082 0.33863349
v 0.34757844 -0.16404736 0.36476617
v 0.34757844 -0.19018082 0.36476617
v 0.34757844 -0.11178202 0.39089962
v 0.34757844 -0.13791469 0.39089962
v 0.34757844 -0.11178202 0.41703230
v 0.34757844 -0.13791469 0.41703230
v 0.34757844 -0.16404736 0.39089962
v 0.34757844 -0.19018082 0.39089962
v 0.34757844 -0.16404736 0.41703230
v 0.34757844 -0.19018082 0.41703230
v 0.34757844 -0.21631349 0.23410280
v 0.34757844 -0.24244617 0.23410280
v 0.34757844 -0.21631349 0.26023547
v 0.34757844 -0.24244617 0.26023547
v 0.34783888 -0.26857416 0.23411138
v 0.34799171 -0.29421793 0.23411605
v 0.34783888 -0.26857416 0.26024405
v 0.34799171 -0.29421793 0.26024873
v 0.34757844 -0.21631349 0.28636815
v 0.34757844 -0.24244617 0.28636815
v 0.34757844 -0.21631349 0.31250082
v 0.34757844 -0.24244617 0.31250082
v 0.34783888 -0.26857416 0.28637672
v 0.34799171 -0.29421793 0.28638140
v 0.34783888 -0.26857416 0.31250940
v 0.34799171 -0.29421793 0.31251408
v 0.34660609 -0.31655242 0.23412697
v 0.34184491 -0.33453901 0.22540230
v 0.34660609 -0.31655242 0.26025965
v 0.34184491 -0.33453901 0.25153576
v 0.34660609 -0.31655242 0.28639232
v 0.34184491 -0.33453901 0.27766843
v 0.34660609 -0.31655242 0.31252499
v 0.34184491 -0.33453901 0.30380111
v 0.34757844 -0.21631349 0.33863349
v 0.34757844 -0.24244617 0.33863349
v 0.34757844 -0.21631349 0.36476617
v 0.34757844 -0.24244617 0.36476617
v 0.34783888 -0.26857416 0.33864207
v 0.34799171 -0.29421793 0.33864753
v 0.34783888 -0.26857416 0.36477553
v 0.34799171 -0.29421793 0.36478020
v 0.34757844 -0.21631349 0.39089962
v 0.34757844 -0.24244617 0.39089962
v 0.34757844 -0.21631349 0.41703230
v 0.34757844 -0.24244617 0.41703230
v 0.34783888 -0.26857416 0.39090820
v 0.34799171 -0.29421793 0.39091288
v 0.34783888 -0.26857416 0.41704087
v 0.34799171 -0.29421793 0.41704555
v 0.34660609 -0.31655242 0.33865767
v 0.34184491 -0.33453901 0.32993378
v 0.34660609 -0.31655242 0.36479034
v 0.34184491 -0.33453901 0.35606645
v 0.34660609 -0.31655242 0.39092301
v 0.34184491 -0.33453901 0.38219913
v 0.34660609 -0.31655242 0.41705647
v 0.34184491 -0.33453901 0.40833180
v 0.02617244 -0.00728407 0.59566613
v 0.02616620 -0.03341675 0.59566613
v 0.05229654 -0.00728173 0.59566613
v 0.05229654 -0.03341441 0.59566613
v 0.02616386 -0.05954708 0.59566613
v 0.02616386 -0.08567975 0.59566613
v 0.05229654 -0.05954708 0.59566613
v 0.05229654 -0.08567975 0.59566613
v 0.07842921 -0.00728173 0.59566613
v 0.07842921 -0.03341441 0.59566613
v 0.10456189 -0.00728173 0.59566613
v 0.10456189 -0.03341441 0.59566613
v 0.07842921 -0.05954708 0.59566613
v 0.07842921 -0.08567975 0.59566613
v 0.10456189 -0.05954708 0.59566613
v 0.10456189 -0.08567975 0.59566613
v 0.02616386 -0.11181321 0.59566613
v 0.02616386 -0.13794588 0.59566613
v 0.05229654 -0.11181321 0.59566613
v 0.05229654 -0.13794588 0.59566613
v 0.02616386 -0.16407856 0.59566613
v 0.02616386 -0.19021123 0.59566613
v 0.05229654 -0.16407856 0.59566613
v 0.05229654 -0.19021123 0.59566613
v 0.07842921 -0.11181321 0.59566613
v 0.07842921 -0.13794588 0.59566613
v 0.10456189 -0.11181321 0.59566613
v 0.10456189 -0.13794588 0.59566613
v 0.07842921 -0.16407856 0.59566613
v 0.07842921 -0.19021123 0.59566613
v 0.10456189 -0.16407856 0.59566613
v 0.10456189 -0.19021123 0.59566613
v 0.13069534 -0.00728173 0.59566613
v 0.13069534 -0.03341441 0.59566613
v 0.15682801 -0.00728173 0.59566613
v 0.15682801 -0.03341441 0.59566613
v 0.13069534 -0.05954708 0.59566613
v 0.13069534 -0.08567975 0.59566613
v 0.15682801 -0.05954708 0.59566613
v 0.15682801 -0.08567975 0.59566613
v 0.18296069 -0.00728173 0.59566613
v 0.18296069 -0.03341441 0.59566613
v 0.20909336 -0.00728173 0.59566613
v 0.20909336 -0.03341441 0.59566613
v 0.18296069 -0.05954708 0.59566613
v 0.18296069 -0.08567975 0.59566613
v 0.20909336 -0.05954708 0.59566613
v 0.20909336 -0.08567975 0.59566613
v 0.13069534 -0.11181321 0.59566613
v 0.13069534 -0.13794588 0.59566613
v 0.15682801 -0.11181321 0.59566613
v 0.15682801 -0.13794588 0.59566613
v 0.13069534 -0.16407856 0.59566613
v 0.13069534 -0.19021123 0.59566613
v 0.15682801 -0.16407856 0.59566613
v 0.15682801 -0.19021123 0.59566613
v 0.18296069 -0.11181321 0.59566613
v 0.18296069 -0.13794588 0.59566613
v 0.20909336 -0.11181321 0.59566613
v 0.20909336 -0.13794588 0.59566613
v 0.18296069 -0.16407856 0.59566613
v 0.18296069 -0.19021123 0.59566613
v 0.20909336 -0.16407856 0.59566613
v 0.20909336 -0.19021123 0.59566613
v 0.02616386 -0.21634390 0.59566613
v 0.02616386 -0.24247658 0.59566613
v 0.05229654 -0.21634390 0.59566613
v 0.05229654 -0.24247658 0.59566613
v 0.02617244 -0.26860535 0.59592579
v 0.02618102 -0.29474660 0.59618544
v 0.05230512 -0.26860535 0.59592579
v 0.05231369 -0.29474660 0.59618544
v 0.07842921 -0.21634390 0.59566613
v 0.07842921 -0.24247658 0.59566613
v 0.10456189 -0.21634390 0.59566613
v 0.10456189 -0.24247658 0.59566613
v 0.07843779 -0.26860535 0.59592579
v 0.07844715 -0.29474660 0.59618544
v 0.10457046 -0.26860535 0.59592579
v 0.10457982 -0.29474660 0.59618544
v 0.02618960 -0.32082859 0.59644432
v 0.05232227 -0.32082859 0.59644432
v 0.07845572 -0.32082859 0.59644432
v 0.10458840 -0.32082859 0.59644432
v 0.13069534 -0.21634390 0.59566613
v 0.13069534 -0.24247658 0.59566613
v 0.15682801 -0.21634390 0.59566613
v 0.15682801 -0.24247658 0.59566613
v 0.13070392 -0.26860535 0.59592579
v 0.13071249 -0.29474660 0.59618544
v 0.15683659 -0.26860535 0.59592579
v 0.15684517 -0.29474660 0.59618544
v 0.18296069 -0.21634390 0.59566613
v 0.18296069 -0.24247658 0.59566613
v 0.20909336 -0.21634390 0.59566613
v 0.20909336 -0.24247658 0.59566613
v 0.18296926 -0.26860535 0.59592579
v 0.18297784 -0.29474660 0.59618544
v 0.20910194 -0.26860535 0.59592579
v 0.20911052 -0.29474660 0.59618544
v 0.13072107 -0.32082859 0.59644432
v 0.15685374 -0.32082859 0.59644432
v 0.18298642 -0.32082859 0.59644432
v 0.20911909 -0.32082859 0.59644432
v 0.23522603 -0.00728173 0.59566613
v 0.23522603 -0.03341441 0.59566613
v 0.26135871 -0.00728173 0.59566613
v 0.26135871 -0.03341441 0.59566613
v 0.23522603 -0.05954708 0.59566613
v 0.23522603 -0.08567975 0.59566613
v 0.26135871 -0.05954708 0.59566613
v 0.26135871 -0.08567975 0.59566613
v 0.28749138 -0.00728173 0.59566613
v 0.28749138 -0.03341441 0.59566613
v 0.31355232 -0.00728173 0.59566379
v 0.31355232 -0.03341441 0.59566379
v 0.28749138 -0.05954708 0.59566613
v 0.28749138 -0.08567975 0.59566613
v 0.31355232 -0.05954708 0.59566379
v 0.31355232 -0.08568053 0.59566379
v 0.23522603 -0.11181321 0.59566613
v 0.23522603 -0.13794588 0.59566613
v 0.26135871 -0.11181321 0.59566613
v 0.26135871 -0.13794588 0.59566613
v 0.23522603 -0.16407856 0.59566613
v 0.23522603 -0.19021123 0.59566613
v 0.26135871 -0.16407856 0.59566613
v 0.26135871 -0.19021123 0.59566613
v 0.28749138 -0.11181321 0.59566613
v 0.28749138 -0.13794588 0.59566613
v 0.31355232 -0.11181321 0.59566379
v 0.31355232 -0.13794588 0.59566379
v 0.28749138 -0.16407856 0.59566613
v 0.28749138 -0.19021123 0.59566613
v 0.31355232 -0.16407856 0.59566379
v 0.31355232 -0.19021123 0.59566379
v 0.34757844 -0.00725132 0.44316497
v 0.34757844 -0.03338400 0.44316497
v 0.34757844 -0.00725132 0.46929764
v 0.34757844 -0.03338400 0.46929764
v 0.34757844 -0.05951667 0.44316497
v 0.34757844 -0.08564934 0.44316497
v 0.34757844 -0.05951667 0.46929764
v 0.34757844 -0.08564934 0.46929764
v 0.34757844 -0.00725132 0.49543032
v 0.34757844 -0.03338400 0.49543032
v 0.34757844 -0.00725132 0.52156299
v 0.34757844 -0.03338400 0.52156299
v 0.34757844 -0.05951667 0.49543032
v 0.34757844 -0.08564934 0.49543032
v 0.34757844 -0.05951667 0.52156299
v 0.34757844 -0.08564934 0.52156299
v 0.34757844 -0.11178202 0.44316497
v 0.34757844 -0.13791469 0.44316497
v 0.34757844 -0.11178202 0.46929764
v 0.34757844 -0.13791469 0.46929764
v 0.34757844 -0.16404736 0.44316497
v 0.34757844 -0.19018082 0.44316497
v 0.34757844 -0.16404736 0.46929764
v 0.34757844 -0.19018082 0.46929764
v 0.34757844 -0.11178202 0.49543032
v 0.34757844 -0.13791469 0.49543032
v 0.34757844 -0.11178202 0.52156299
v 0.34757844 -0.13791469 0.52156299
v 0.34757844 -0.16404736 0.49543032
v 0.34757844 -0.19018082 0.49543032
v 0.34757844 -0.16404736 0.52156299
v 0.34757844 -0.19018082 0.52156299
v 0.34783810 -0.00725990 0.54767149
v 0.34783810 -0.03339257 0.54767149
v 0.34789502 -0.00728407 0.57213705
v 0.34789502 -0.03341675 0.57213705
v 0.34783810 -0.05952525 0.54767149
v 0.34783810 -0.08565792 0.54767149
v 0.34789502 -0.05954942 0.57213705
v 0.34789502 -0.08568209 0.57213705
v 0.33363800 -0.00729577 0.59542908
v 0.33363800 -0.03342844 0.59542908
v 0.34521579 0.00141642 0.58812513
v 0.34521579 -0.02471625 0.58812513
v 0.33363800 -0.05956112 0.59542908
v 0.33363800 -0.08569379 0.59542908
v 0.34521579 -0.05084892 0.58812513
v 0.34521579 -0.07698160 0.58812513
v 0.34783810 -0.11179059 0.54767149
v 0.34783810 -0.13792327 0.54767149
v 0.34789502 -0.11181477 0.57213705
v 0.34789502 -0.13794744 0.57213705
v 0.34783810 -0.16405672 0.54767149
v 0.34783810 -0.19018940 0.54767149
v 0.34789502 -0.16408089 0.57213705
v 0.34789502 -0.19021357 0.57213705
v 0.33363800 -0.11182646 0.59542908
v 0.33363800 -0.13795992 0.59542908
v 0.34521579 -0.10311427 0.58812513
v 0.34521579 -0.12924695 0.58812513
v 0.33363800 -0.16409259 0.59542908
v 0.33363800 -0.19022526 0.59542908
v 0.34521579 -0.15537962 0.58812513
v 0.34521579 -0.18151307 0.58812513
v 0.23522603 -0.21634390 0.59566613
v 0.23522603 -0.24247658 0.59566613
v 0.26135871 -0.21634390 0.59566613
v 0.26135871 -0.24247658 0.59566613
v 0.23523461 -0.26860535 0.59592579
v 0.23524319 -0.29474660 0.59618544
v 0.26136729 -0.26860535 0.59592579
v 0.26137586 -0.29474660 0.59618544
v 0.28749138 -0.21634390 0.59566613
v 0.28749138 -0.24247658 0.59566613
v 0.31355232 -0.21634390 0.59566379
v 0.31355154 -0.24247658 0.59566379
v 0.28749996 -0.26860535 0.59592579
v 0.28750464 -0.29474192 0.59618544
v 0.31355856 -0.26860535 0.59592423
v 0.31356713 -0.29473179 0.59618466
v 0.23525177 -0.32082859 0.59644432
v 0.26138366 -0.32082703 0.59644432
v 0.28750074 -0.32082313 0.59644432
v 0.31294255 -0.32025859 0.59642327
v 0.31044890 -0.34090882 0.59606302
v 0.34757844 -0.21631349 0.44316497
v 0.34757844 -0.24244617 0.44316497
v 0.34757844 -0.21631349 0.46929764
v 0.34757844 -0.24244617 0.46929764
v 0.34783888 -0.26857416 0.44317355
v 0.34799171 -0.29421793 0.44317823
v 0.34783888 -0.26857416 0.46930622
v 0.34799171 -0.29421793 0.46931090
v 0.34757844 -0.21631349 0.49543032
v 0.34757844 -0.24244617 0.49543032
v 0.34757844 -0.21631349 0.52156299
v 0.34757844 -0.24244617 0.52156299
v 0.34783888 -0.26857416 0.49543889
v 0.34799171 -0.29421793 0.49544357
v 0.34783888 -0.26857416 0.52157157
v 0.34799171 -0.29421793 0.52157703
v 0.34660609 -0.31655242 0.44318914
v 0.34184491 -0.33453901 0.43446447
v 0.34660609 -0.31655242 0.46932182
v 0.34184491 -0.33453901 0.46059793
v 0.34660609 -0.31655242 0.49545449
v 0.34184491 -0.33453901 0.48673060
v 0.34660609 -0.31655242 0.52158716
v 0.34184491 -0.33453901 0.51286328
v 0.34783810 -0.21632207 0.54767149
v 0.34783810 -0.24245552 0.54767227
v 0.34789502 -0.21634624 0.57213705
v 0.34789502 -0.24247814 0.57213783
v 0.34796832 -0.26858274 0.54768241
v 0.34799171 -0.29422339 0.54769099
v 0.34783186 -0.26860379 0.57223218
v 0.34779833 -0.29424288 0.57232029
v 0.33363800 -0.21635794 0.59542908
v 0.33363722 -0.24248905 0.59542908
v 0.34521579 -0.20764575 0.58812513
v 0.34521579 -0.23377686 0.58812513
v 0.33357796 -0.26861627 0.59564819
v 0.33347659 -0.29449474 0.59586029
v 0.34515185 -0.25990798 0.58821480
v 0.34510740 -0.28578879 0.58834424
v 0.34660609 -0.31655476 0.54770736
v 0.34184491 -0.33453901 0.53899049
v 0.34609769 -0.31584129 0.57057443
v 0.34148466 -0.33383021 0.56261236
v 0.33183989 -0.31741561 0.59434055
v 0.32820701 -0.33699055 0.59052443
v 0.34403992 -0.30928122 0.58681826
v 0.34132481 -0.33124377 0.58494139
f 1 3 2
f 1 4 3
f 1 5 4
f 1 6 5
f 5 7 4
f 5 8 7
f 5 9 8
f 5 6 9
f 3 10 2
f 3 11 10
f 3 12 11
f 3 4 12
f 11 13 10
f 11 14 13
f 11 15 14
f 11 12 15
f 4 16 12
f 4 7 16
f 12 17 15
f 12 16 17
f 14 18 13
f 14 19 18
f 14 20 19
f 14 15 20
f 19 21 18
f 19 22 21
f 19 23 22
f 19 20 23
f 15 24 20
f 15 17 24
f 20 25 23
f 20 24 25
f 22 26 21
f 22 27 26
f 22 28 27
f 22 23 28
f 27 29 26
f 27 30 29
f 27 31 30
f 27 28 31
f 23 32 28
f 23 25 32
f 28 33 31
f 28 32 33
f 8 34 7
f 8 35 34
f 8 36 35
f 8 9 36
f 35 37 34
f 35 38 37
f 35 39 38
f 35 36 39
f 7 40 16
f 7 34 40
f 16 41 17
f 16 40 41
f 34 42 40
f 34 37 42
f 40 43 41
f 40 42 43
f 38 44 37
f 38 45 44
f 38 46 45
f 38 39 46
f 45 47 44
f 45 48 47
f 45 49 48
f 45 46 49
f 37 50 42
f 37 44 50
f 42 51 43
f 42 50 51
f 44 52 50
f 44 47 52
f 50 53 51
f 50 52 53
f 17 54 24
f 17 41 54
f 24 55 25
f 24 54 55
f 41 56 54
f 41 43 56
f 54 57 55
f 54 56 57
f 25 58 32
f 25 55 58
f 32 59 33
f 32 58 59
f 55 60 58
f 55 57 60
f 58 61 59
f 58 60 61
f 43 62 56
f 43 51 62
f 56 63 57
f 56 62 63
f 51 64 62
f 51 53 64
f 62 65 63
f 62 64 65
f 57 66 60
f 57 63 66
f 60 67 61
f 60 66 67
f 63 68 66
f 63 65 68
f 66 69 67
f 66 68 69
f 30 70 29
f 30 71 70
f 30 72 71
f 30 31 72
f 71 73 70
f 71 74 73
f 71 75 74
f 71 72 75
f 31 76 72
f 31 33 76
f 72 77 75
f 72 76 77
f 74 78 73
f 74 79 78
f 74 80 79
f 74 75 80
f 79 81 78
f 79 82 81
f 79 83 82
f 79 80 83
f 75 84 80
f 75 77 84
f 80 85 83
f 80 84 85
f 82 86 81
f 82 87 86
f 82 88 87
f 82 83 88
f 87 89 86
f 87 90 89
f 87 91 90
f 87 88 91
f 83 92 88
f 83 85 92
f 88 93 91
f 88 92 93
f 90 94 89
f 90 95 94
f 90 96 95
f 90 91 96
f 95 97 94
f 95 98 97
f 95 99 98
f 95 96 99
f 91 100 96
f 91 93 100
f 96 101 99
f 96 100 101
f 33 102 76
f 33 59 102
f 76 103 77
f 76 102 103
f 59 104 102
f 59 61 104
f 102 105 103
f 102 104 105
f 77 106 84
f 77 103 106
f 84 107 85
f 84 106 107
f 103 108 106
f 103 105 108
f 106 109 107
f 106 108 109
f 61 110 104
f 61 67 110
f 104 111 105
f 104 110 111
f 67 112 110
f 67 69 112
f 110 113 111
f 110 112 113
f 105 114 108
f 105 111 114
f 108 115 109
f 108 114 115
f 111 116 114
f 111 113 116
f 114 117 115
f 114 116 117
f 85 118 92
f 85 107 118
f 92 119 93
f 92 118 119
f 107 120 118
f 107 109 120
f 118 121 119
f 118 120 121
f 93 122 100
f 93 119 122
f 100 123 101
f 100 122 123
f 119 124 122
f 119 121 124
f 122 125 123
f 122 124 125
f 109 126 120
f 109 115 126
f 120 127 121
f 120 126 127
f 115 128 126
f 115 117 128
f 126 129 127
f 126 128 129
f 121 130 124
f 121 127 130
f 124 131 125
f 124 130 131
f 127 132 130
f 127 129 132
f 130 133 131
f 130 132 133
f 48 134 47
f 48 135 134
f 48 136 135
f 48 49 136
f 135 137 134
f 135 138 137
f 135 139 138
f 135 136 139
f 47 140 52
f 47 134 140
f 52 141 53
f 52 140 141
f 134 142 140
f 134 137 142
f 140 143 141
f 140 142 143
f 138 144 137
f 138 145 144
f 138 146 145
f 138 139 146
f 145 147 144
f 145 148 147
f 145 149 148
f 145 146 149
f 137 150 142
f 137 144 150
f 142 151 143
f 142 150 151
f 144 152 150
f 144 147 152
f 150 153 151
f 150 152 153
f 53 154 64
f 53 141 154
f 64 155 65
f 64 154 155
f 141 156 154
f 141 143 156
f 154 157 155
f 154 156 157
f 65 158 68
f 65 155 158
f 68 159 69
f 68 158 159
f 155 160 158
f 155 157 160
f 158 161 159
f 158 160 161
f 143 162 156
f 143 151 162
f 156 163 157
f 156 162 163
f 151 164 162
f 151 153 164
f 162 165 163
f 162 164 165
f 157 166 160
f 157 163 166
f 160 167 161
f 160 166 167
f 163 168 166
f 163 165 168
f 166 169 167
f 166 168 169
f 148 170 147
f 148 171 170
f 148 172 171
f 148 149 172
f 171 173 170
f 171 174 173
f 171 175 174
f 171 172 175
f 147 176 152
f 147 170 176
f 152 177 153
f 152 176 177
f 170 178 176
f 170 173 178
f 176 179 177
f 176 178 179
f 174 180 173
f 174 181 180
f 174 182 181
f 174 175 182
f 181 183 180
f 181 184 183
f 181 185 184
f 181 182 185
f 173 186 178
f 173 180 186
f 178 187 179
f 178 186 187
f 180 188 186
f 180 183 188
f 186 189 187
f 186 188 189
f 153 190 164
f 153 177 190
f 164 191 165
f 164 190 191
f 177 192 190
f 177 179 192
f 190 193 191
f 190 192 193
f 165 194 168
f 165 191 194
f 168 195 169
f 168 194 195
f 191 196 194
f 191 193 196
f 194 197 195
f 194 196 197
f 179 198 192
f 179 187 198
f 192 199 193
f 192 198 199
f 187 200 198
f 187 189 200
f 198 201 199
f 198 200 201
f 193 202 196
f 193 199 202
f 196 203 197
f 196 202 203
f 199 204 202
f 199 201 204
f 202 205 203
f 202 204 205
f 69 206 112
f 69 159 206
f 112 207 113
f 112 206 207
f 159 208 206
f 159 161 208
f 206 209 207
f 206 208 209
f 113 210 116
f 113 207 210
f 116 211 117
f 116 210 211
f 207 212 210
f 207 209 212
f 210 213 211
f 210 212 213
f 161 214 208
f 161 167 214
f 208 215 209
f 208 214 215
f 167 216 214
f 167 169 216
f 214 217 215
f 214 216 217
f 209 218 212
f 209 215 218
f 212 219 213
f 212 218 219
f 215 220 218
f 215 217 220
f 218 221 219
f 218 220 221
f 117 222 128
f 117 211 222
f 128 223 129
f 128 222 223
f 211 224 222
f 211 213 224
f 222 225 223
f 222 224 225
f 129 226 132
f 129 223 226
f 132 227 133
f 132 226 227
f 223 228 226
f 223 225 228
f 226 229 227
f 226 228 229
f 213 230 224
f 213 219 230
f 224 231 225
f 224 230 231
f 219 232 230
f 219 221 232
f 230 233 231
f 230 232 233
f 225 234 228
f 225 231 234
f 228 235 229
f 228 234 235
f 231 236 234
f 231 233 236
f 234 237 235
f 234 236 237
f 169 238 216
f 169 195 238
f 216 239 217
f 216 238 239
f 195 240 238
f 195 197 240
f 238 241 239
f 238 240 241
f 217 242 220
f 217 239 242
f 220 243 221
f 220 242 243
f 239 244 242
f 239 241 244
f 242 245 243
f 242 244 245
f 197 246 240
f 197 203 246
f 240 247 241
f 240 246 247
f 203 248 246
f 203 205 248
f 246 249 247
f 246 248 249
f 241 250 244
f 241 247 250
f 244 251 245
f 244 250 251
f 247 252 250
f 247 249 252
f 250 253 251
f 250 252 253
f 221 254 232
f 221 243 254
f 232 255 233
f 232 254 255
f 243 256 254
f 243 245 256
f 254 257 255
f 254 256 257
f 233 258 236
f 233 255 258
f 236 259 237
f 236 258 259
f 255 260 258
f 255 257 260
f 258 261 259
f 258 260 261
f 245 262 256
f 245 251 262
f 256 263 257
f 256 262 263
f 251 264 262
f 251 253 264
f 262 265 263
f 262 264 265
f 257 266 260
f 257 263 266
f 260 267 261
f 260 266 267
f 263 268 266
f 263 265 268
f 266 269 267
f 266 268 269
f 98 270 97
f 98 271 270
f 98 272 271
f 98 99 272
f 271 273 270
f 271 274 273
f 271 275 274
f 271 272 275
f 99 276 272
f 99 101 276
f 272 277 275
f 272 276 277
f 274 278 273
f 274 279 278
f 274 280 279
f 274 275 280
f 279 281 278
f 279 282 281
f 279 283 282
f 279 280 283
f 275 284 280
f 275 277 284
f 280 285 283
f 280 284 285
f 282 286 281
f 282 287 286
f 282 288 287
f 282 283 288
f 287 289 286
f 287 290 289
f 287 291 290
f 287 288 291
f 283 292 288
f 283 285 292
f 288 293 291
f 288 292 293
f 290 294 289
f 290 295 294
f 290 296 295
f 290 291 296
f 295 297 294
f 295 298 297
f 295 299 298
f 295 296 299
f 291 300 296
f 291 293 300
f 296 301 299
f 296 300 301
f 101 302 276
f 101 123 302
f 276 303 277
f 276 302 303
f 123 304 302
f 123 125 304
f 302 305 303
f 302 304 305
f 277 306 284
f 277 303 306
f 284 307 285
f 284 306 307
f 303 308 306
f 303 305 308
f 306 309 307
f 306 308 309
f 125 310 304
f 125 131 310
f 304 311 305
f 304 310 311
f 131 312 310
f 131 133 312
f 310 313 311
f 310 312 313
f 305 314 308
f 305 311 314
f 308 315 309
f 308 314 315
f 311 316 314
f 311 313 316
f 314 317 315
f 314 316 317
f 285 318 292
f 285 307 318
f 292 319 293
f 292 318 319
f 307 320 318
f 307 309 320
f 318 321 319
f 318 320 321
f 293 322 300
f 293 319 322
f 300 323 301
f 300 322 323
f 319 324 322
f 319 321 324
f 322 325 323
f 322 324 325
f 309 326 320
f 309 315 326
f 320 327 321
f 320 326 327
f 315 328 326
f 315 317 328
f 326 329 327
f 326 328 329
f 321 330 324
f 321 327 330
f 324 331 325
f 324 330 331
f 327 332 330
f 327 329 332
f 330 333 331
f 330 332 333
f 298 334 297
f 298 335 334
f 298 336 335
f 298 299 336
f 335 337 334
f 335 338 337
f 335 339 338
f 335 336 339
f 299 340 336
f 299 301 340
f 336 341 339
f 336 340 341
f 338 342 337
f 338 343 342
f 338 344 343
f 338 339 344
f 343 345 342
f 343 346 345
f 343 347 346
f 343 344 347
f 339 348 344
f 339 341 348
f 344 349 347
f 344 348 349
f 346 350 345
f 346 351 350
f 346 352 351
f 346 347 352
f 347 353 352
f 347 349 353
f 301 354 340
f 301 323 354
f 340 355 341
f 340 354 355
f 323 356 354
f 323 325 356
f 354 357 355
f 354 356 357
f 341 358 348
f 341 355 358
f 348 359 349
f 348 358 359
f 355 360 358
f 355 357 360
f 358 361 359
f 358 360 361
f 325 362 356
f 325 331 362
f 356 363 357
f 356 362 363
f 331 364 362
f 331 333 364
f 362 365 363
f 362 364 365
f 357 366 360
f 357 363 366
f 360 367 361
f 360 366 367
f 363 368 366
f 363 365 368
f 366 369 367
f 366 368 369
f 349 370 353
f 349 359 370
f 359 371 370
f 359 361 371
f 361 372 371
f 361 367 372
f 371 372 373
f 367 374 372
f 367 369 374
f 372 375 373
f 372 374 375
f 133 376 312
f 133 227 376
f 312 377 313
f 312 376 377
f 227 378 376
f 227 229 378
f 376 379 377
f 376 378 379
f 313 380 316
f 313 377 380
f 316 381 317
f 316 380 381
f 377 382 380
f 377 379 382
f 380 383 381
f 380 382 383
f 229 384 378
f 229 235 384
f 378 385 379
f 378 384 385
f 235 386 384
f 235 237 386
f 384 387 385
f 384 386 387
f 379 388 382
f 379 385 388
f 382 389 383
f 382 388 389
f 385 390 388
f 385 387 390
f 388 391 389
f 388 390 391
f 317 392 328
f 317 381 392
f 328 393 329
f 328 392 393
f 381 394 392
f 381 383 394
f 392 395 393
f 392 394 395
f 329 396 332
f 329 393 396
f 332 397 333
f 332 396 397
f 393 398 396
f 393 395 398
f 396 399 397
f 396 398 399
f 383 400 394
f 383 389 400
f 394 401 395
f 394 400 401
f 389 402 400
f 389 391 402
f 400 403 401
f 400 402 403
f 395 404 398
f 395 401 404
f 398 405 399
f 398 404 405
f 401 406 404
f 401 403 406
f 404 407 405
f 404 406 407
f 237 408 386
f 237 259 408
f 386 409 387
f 386 408 409
f 259 410 408
f 259 261 410
f 408 411 409
f 408 410 411
f 387 412 390
f 387 409 412
f 390 413 391
f 390 412 413
f 409 414 412
f 409 411 414
f 412 415 413
f 412 414 415
f 261 416 410
f 261 267 416
f 410 417 411
f 410 416 417
f 267 418 416
f 267 269 418
f 416 419 417
f 416 418 419
f 411 420 414
f 411 417 420
f 414 421 415
f 414 420 421
f 417 422 420
f 417 419 422
f 420 423 421
f 420 422 423
f 391 424 402
f 391 413 424
f 402 425 403
f 402 424 425
f 413 426 424
f 413 415 426
f 424 427 425
f 424 426 427
f 403 428 406
f 403 425 428
f 406 429 407
f 406 428 429
f 425 430 428
f 425 427 430
f 428 431 429
f 428 430 431
f 415 432 426
f 415 421 432
f 426 433 427
f 426 432 433
f 421 434 432
f 421 423 434
f 432 435 433
f 432 434 435
f 427 436 430
f 427 433 436
f 430 437 431
f 430 436 437
f 433 438 436
f 433 435 438
f 436 439 437
f 436 438 439
f 333 440 364
f 333 397 440
f 364 441 365
f 364 440 441
f 397 442 440
f 397 399 442
f 440 443 441
f 440 442 443
f 365 444 368
f 365 441 444
f 368 445 369
f 368 444 445
f 441 446 444
f 441 443 446
f 444 447 445
f 444 446 447
f 399 448 442
f 399 405 448
f 442 449 443
f 442 448 449
f 405 450 448
f 405 407 450
f 448 451 449
f 448 450 451
f 443 452 446
f 443 449 452
f 446 453 447
f 446 452 453
f 449 454 452
f 449 451 454
f 452 455 453
f 452 454 455
f 369 456 374
f 369 445 456
f 374 457 375
f 374 456 457
f 445 458 456
f 445 447 458
f 456 459 457
f 456 458 459
f 447 460 458
f 447 453 460
f 458 461 459
f 458 460 461
f 453 462 460
f 453 455 462
f 460 463 461
f 460 462 463
f 407 464 450
f 407 429 464
f 450 465 451
f 450 464 465
f 429 466 464
f 429 431 466
f 464 467 465
f 464 466 467
f 451 468 454
f 451 465 468
f 454 469 455
f 454 468 469
f 465 470 468
f 465 467 470
f 468 471 469
f 468 470 471
f 431 472 466
f 431 437 472
f 466 473 467
f 466 472 473
f 437 474 472
f 437 439 474
f 472 475 473
f 472 474 475
f 467 476 470
f 467 473 476
f 470 477 471
f 470 476 477
f 473 478 476
f 473 475 478
f 476 479 477
f 476 478 479
f 455 480 462
f 455 469 480
f 462 481 463
f 462 480 481
f 469 482 480
f 469 471 482
f 480 483 481
f 480 482 483
f 471 484 482
f 471 477 484
f 482 485 483
f 482 484 485
f 477 486 484
f 477 479 486
f 484 487 485
f 484 486 487
f 184 488 183
f 184 489 488
f 184 490 489
f 184 185 490
f 489 491 488
f 489 492 491
f 489 493 492
f 489 490 493
f 183 494 188
f 183 488 494
f 188 495 189
f 188 494 495
f 488 496 494
f 488 491 496
f 494 497 495
f 494 496 497
f 492 498 491
f 492 499 498
f 492 500 499
f 492 493 500
f 499 501 498
f 499 502 501
f 499 503 502
f 499 500 503
f 491 504 496
f 491 498 504
f 496 505 497
f 496 504 505
f 498 506 504
f 498 501 506
f 504 507 505
f 504 506 507
f 189 508 200
f 189 495 508
f 200 509 201
f 200 508 509
f 495 510 508
f 495 497 510
f 508 511 509
f 508 510 511
f 201 512 204
f 201 509 512
f 204 513 205
f 204 512 513
f 509 514 512
f 509 511 514
f 512 515 513
f 512 514 515
f 497 516 510
f 497 505 516
f 510 517 511
f 510 516 517
f 505 518 516
f 505 507 518
f 516 519 517
f 516 518 519
f 511 520 514
f 511 517 520
f 514 521 515
f 514 520 521
f 517 522 520
f 517 519 522
f 520 523 521
f 520 522 523
f 502 524 501
f 502 525 524
f 502 526 525
f 502 503 526
f 525 527 524
f 525 528 527
f 525 529 528
f 525 526 529
f 501 530 506
f 501 524 530
f 506 531 507
f 506 530 531
f 524 532 530
f 524 527 532
f 530 533 531
f 530 532 533
f 528 534 527
f 528 535 534
f 528 536 535
f 528 529 536
f 535 537 534
f 535 538 537
f 535 539 538
f 535 536 539
f 527 540 532
f 527 534 540
f 532 541 533
f 532 540 541
f 534 542 540
f 534 537 542
f 540 543 541
f 540 542 543
f 507 544 518
f 507 531 544
f 518 545 519
f 518 544 545
f 531 546 544
f 531 533 546
f 544 547 545
f 544 546 547
f 519 548 522
f 519 545 548
f 522 549 523
f 522 548 549
f 545 550 548
f 545 547 550
f 548 551 549
f 548 550 551
f 533 552 546
f 533 541 552
f 546 553 547
f 546 552 553
f 541 554 552
f 541 543 554
f 552 555 553
f 552 554 555
f 547 556 550
f 547 553 556
f 550 557 551
f 550 556 557
f 553 558 556
f 553 555 558
f 556 559 557
f 556 558 559
f 205 560 248
f 205 513 560
f 248 561 249
f 248 560 561
f 513 562 560
f 513 515 562
f 560 563 561
f 560 562 563
f 249 564 252
f 249 561 564
f 252 565 253
f 252 564 565
f 561 566 564
f 561 563 566
f 564 567 565
f 564 566 567
f 515 568 562
f 515 521 568
f 562 569 563
f 562 568 569
f 521 570 568
f 521 523 570
f 568 571 569
f 568 570 571
f 563 572 566
f 563 569 572
f 566 573 567
f 566 572 573
f 569 574 572
f 569 571 574
f 572 575 573
f 572 574 575
f 253 576 264
f 253 565 576
f 264 577 265
f 264 576 577
f 565 578 576
f 565 567 578
f 576 579 577
f 576 578 579
f 265 580 268
f 265 577 580
f 268 581 269
f 268 580 581
f 577 582 580
f 577 579 582
f 580 583 581
f 580 582 583
f 567 584 578
f 567 573 584
f 578 585 579
f 578 584 585
f 573 586 584
f 573 575 586
f 584 587 585
f 584 586 587
f 579 588 582
f 579 585 588
f 582 589 583
f 582 588 589
f 585 590 588
f 585 587 590
f 588 591 589
f 588 590 591
f 523 592 570
f 523 549 592
f 570 593 571
f 570 592 593
f 549 594 592
f 549 551 594
f 592 595 593
f 592 594 595
f 571 596 574
f 571 593 596
f 574 597 575
f 574 596 597
f 593 598 596
f 593 595 598
f 596 599 597
f 596 598 599
f 551 600 594
f 551 557 600
f 594 601 595
f 594 600 601
f 557 602 600
f 557 559 602
f 600 603 601
f 600 602 603
f 595 604 598
f 595 601 604
f 598 605 599
f 598 604 605
f 601 606 604
f 601 603 606
f 604 607 605
f 604 606 607
f 575 608 586
f 575 597 608
f 586 609 587
f 586 608 609
f 597 610 608
f 597 599 610
f 608 611 609
f 608 610 611
f 587 612 590
f 587 609 612
f 590 613 591
f 590 612 613
f 609 614 612
f 609 611 614
f 612 615 613
f 612 614 615
f 599 616 610
f 599 605 616
f 610 617 611
f 610 616 617
f 605 618 616
f 605 607 618
f 616 619 617
f 616 618 619
f 611 620 614
f 611 617 620
f 614 621 615
f 614 620 621
f 617 622 620
f 617 619 622
f 620 623 621
f 620 622 623
f 538 624 537
f 538 625 624
f 538 626 625
f 538 539 626
f 625 627 624
f 625 628 627
f 625 629 628
f 625 626 629
f 537 630 542
f 537 624 630
f 542 631 543
f 542 630 631
f 624 632 630
f 624 627 632
f 630 633 631
f 630 632 633
f 628 634 627
f 628 635 634
f 628 636 635
f 628 629 636
f 635 637 634
f 635 638 637
f 635 639 638
f 635 636 639
f 627 640 632
f 627 634 640
f 632 641 633
f 632 640 641
f 634 642 640
f 634 637 642
f 640 643 641
f 640 642 643
f 543 644 554
f 543 631 644
f 554 645 555
f 554 644 645
f 631 646 644
f 631 633 646
f 644 647 645
f 644 646 647
f 555 648 558
f 555 645 648
f 558 649 559
f 558 648 649
f 645 650 648
f 645 647 650
f 648 651 649
f 648 650 651
f 633 652 646
f 633 641 652
f 646 653 647
f 646 652 653
f 641 654 652
f 641 643 654
f 652 655 653
f 652 654 655
f 647 656 650
f 647 653 656
f 650 657 651
f 650 656 657
f 653 658 656
f 653 655 658
f 656 659 657
f 656 658 659
f 638 660 637
f 638 661 660
f 638 662 661
f 638 639 662
f 661 664 660
f 661 663 664
f 637 665 642
f 637 660 665
f 642 666 643
f 642 665 666
f 660 667 665
f 660 664 667
f 665 668 666
f 665 667 668
f 643 669 654
f 643 666 669
f 654 670 655
f 654 669 670
f 666 671 669
f 666 668 671
f 669 672 670
f 669 671 672
f 655 673 658
f 655 670 673
f 658 674 659
f 658 673 674
f 670 675 673
f 670 672 675
f 673 676 674
f 673 675 676
f 559 677 602
f 559 649 677
f 602 678 603
f 602 677 678
f 649 679 677
f 649 651 679
f 677 680 678
f 677 679 680
f 603 681 606
f 603 678 681
f 606 682 607
f 606 681 682
f 678 683 681
f 678 680 683
f 681 684 682
f 681 683 684
f 651 685 679
f 651 657 685
f 679 686 680
f 679 685 686
f 657 687 685
f 657 659 687
f 685 688 686
f 685 687 688
f 680 689 683
f 680 686 689
f 683 690 684
f 683 689 690
f 686 691 689
f 686 688 691
f 689 692 690
f 689 691 692
f 607 693 618
f 607 682 693
f 618 694 619
f 618 693 694
f 682 695 693
f 682 684 695
f 693 696 694
f 693 695 696
f 619 697 622
f 619 694 697
f 622 698 623
f 622 697 698
f 694 699 697
f 694 696 699
f 697 700 698
f 697 699 700
f 684 701 695
f 684 690 701
f 695 702 696
f 695 701 702
f 690 703 701
f 690 692 703
f 701 704 702
f 701 703 704
f 696 705 699
f 696 702 705
f 699 706 700
f 699 705 706
f 702 707 705
f 702 704 707
f 705 708 706
f 705 707 708
f 659 709 687
f 659 674 709
f 687 710 688
f 687 709 710
f 674 711 709
f 674 676 711
f 709 712 710
f 709 711 712
f 688 713 691
f 688 710 713
f 691 714 692
f 691 713 714
f 710 715 713
f 710 712 715
f 713 716 714
f 713 715 716
f 692 717 703
f 692 714 717
f 703 718 704
f 703 717 718
f 714 719 717
f 714 716 719
f 717 720 718
f 717 719 720
f 704 721 707
f 704 718 721
f 707 722 708
f 707 721 722
f 718 723 721
f 718 720 723
f 721 724 722
f 721 723 724
f 269 725 418
f 269 581 725
f 418 726 419
f 418 725 726
f 581 727 725
f 581 583 727
f 725 728 726
f 725 727 728
f 419 729 422
f 419 726 729
f 422 730 423
f 422 729 730
f 726 731 729
f 726 728 731
f 729 732 730
f 729 731 732
f 583 733 727
f 583 589 733
f 727 734 728
f 727 733 734
f 589 735 733
f 589 591 735
f 733 736 734
f 733 735 736
f 728 737 731
f 728 734 737
f 731 738 732
f 731 737 738
f 734 739 737
f 734 736 739
f 737 740 738
f 737 739 740
f 423 741 434
f 423 730 741
f 434 742 435
f 434 741 742
f 730 743 741
f 730 732 743
f 741 744 742
f 741 743 744
f 435 745 438
f 435 742 745
f 438 746 439
f 438 745 746
f 742 747 745
f 742 744 747
f 745 748 746
f 745 747 748
f 732 749 743
f 732 738 749
f 743 750 744
f 743 749 750
f 738 751 749
f 738 740 751
f 749 752 750
f 749 751 752
f 744 753 747
f 744 750 753
f 747 754 748
f 747 753 754
f 750 755 753
f 750 752 755
f 753 756 754
f 753 755 756
f 591 757 735
f 591 613 757
f 735 758 736
f 735 757 758
f 613 759 757
f 613 615 759
f 757 760 758
f 757 759 760
f 736 761 739
f 736 758 761
f 739 762 740
f 739 761 762
f 758 763 761
f 758 760 763
f 761 764 762
f 761 763 764
f 615 765 759
f 615 621 765
f 759 766 760
f 759 765 766
f 621 767 765
f 621 623 767
f 765 768 766
f 765 767 768
f 760 769 763
f 760 766 769
f 763 770 764
f 763 769 770
f 766 771 769
f 766 768 771
f 769 772 770
f 769 771 772
f 740 773 751
f 740 762 773
f 751 774 752
f 751 773 774
f 762 775 773
f 762 764 775
f 773 776 774
f 773 775 776
f 752 777 755
f 752 774 777
f 755 778 756
f 755 777 778
f 774 779 777
f 774 776 779
f 777 780 778
f 777 779 780
f 764 781 775
f 764 770 781
f 775 782 776
f 775 781 782
f 770 783 781
f 770 772 783
f 781 784 782
f 781 783 784
f 776 785 779
f 776 782 785
f 779 786 780
f 779 785 786
f 782 787 785
f 782 784 787
f 785 788 786
f 785 787 788
f 439 789 474
f 439 746 789
f 474 790 475
f 474 789 790
f 746 791 789
f 746 748 791
f 789 792 790
f 789 791 792
f 475 793 478
f 475 790 793
f 478 794 479
f 478 793 794
f 790 795 793
f 790 792 795
f 793 796 794
f 793 795 796
f 748 797 791
f 748 754 797
f 791 798 792
f 791 797 798
f 754 799 797
f 754 756 799
f 797 800 798
f 797 799 800
f 792 801 795
f 792 798 801
f 795 802 796
f 795 801 802
f 798 803 801
f 798 800 803
f 801 804 802
f 801 803 804
f 479 805 486
f 479 794 805
f 486 806 487
f 486 805 806
f 794 807 805
f 794 796 807
f 805 808 806
f 805 807 808
f 796 809 807
f 796 802 809
f 807 810 808
f 807 809 810
f 802 811 809
f 802 804 811
f 809 812 810
f 809 811 812
f 756 813 799
f 756 778 813
f 799 814 800
f 799 813 814
f 778 815 813
f 778 780 815
f 813 816 814
f 813 815 816
f 800 817 803
f 800 814 817
f 803 818 804
f 803 817 818
f 814 819 817
f 814 816 819
f 817 820 818
f 817 819 820
f 780 821 815
f 780 786 821
f 815 822 816
f 815 821 822
f 786 823 821
f 786 788 823
f 821 824 822
f 821 823 824
f 816 825 819
f 816 822 825
f 819 826 820
f 819 825 826
f 822 827 825
f 822 824 827
f 825 828 826
f 825 827 828
f 804 829 811
f 804 818 829
f 811 830 812
f 811 829 830
f 818 831 829
f 818 820 831
f 829 832 830
f 829 831 832
f 820 833 831
f 820 826 833
f 831 834 832
f 831 833 834
f 826 835 833
f 826 828 835
f 833 836 834
f 833 835 836
f 623 837 767
f 623 698 837
f 767 838 768
f 767 837 838
f 698 839 837
f 698 700 839
f 837 840 838
f 837 839 840
f 768 841 771
f 768 838 841
f 771 842 772
f 771 841 842
f 838 843 841
f 838 840 843
f 841 844 842
f 841 843 844
f 700 845 839
f 700 706 845
f 839 846 840
f 839 845 846
f 706 847 845
f 706 708 847
f 845 848 846
f 845 847 848
f 840 849 843
f 840 846 849
f 843 850 844
f 843 849 850
f 846 851 849
f 846 848 851
f 849 852 850
f 849 851 852
f 772 853 783
f 772 842 853
f 783 854 784
f 783 853 854
f 842 855 853
f 842 844 855
f 853 856 854
f 853 855 856
f 784 857 787
f 784 854 857
f 787 858 788
f 787 857 858
f 854 859 857
f 854 856 859
f 857 860 858
f 857 859 860
f 844 861 855
f 844 850 861
f 855 862 856
f 855 861 862
f 850 863 861
f 850 852 863
f 861 864 862
f 861 863 864
f 856 865 859
f 856 862 865
f 859 866 860
f 859 865 866
f 862 867 865
f 862 864 867
f 865 868 866
f 865 867 868
f 708 869 847
f 708 722 869
f 847 870 848
f 847 869 870
f 722 871 869
f 722 724 871
f 869 872 870
f 869 871 872
f 848 873 851
f 848 870 873
f 851 874 852
f 851 873 874
f 870 875 873
f 870 872 875
f 873 876 874
f 873 875 876
f 852 877 863
f 852 874 877
f 863 878 864
f 863 877 878
f 874 879 877
f 874 876 879
f 877 880 878
f 877 879 880
f 864 881 867
f 864 878 881
f 867 882 868
f 867 881 882
f 878 883 881
f 878 880 883
f 881 884 882
f 881 883 884
f 788 885 823
f 788 858 885
f 823 886 824
f 823 885 886
f 858 887 885
f 858 860 887
f 885 888 886
f 885 887 888
f 824 889 827
f 824 886 889
f 827 890 828
f 827 889 890
f 886 891 889
f 886 888 891
f 889 892 890
f 889 891 892
f 860 893 887
f 860 866 893
f 887 894 888
f 887 893 894
f 866 895 893
f 866 868 895
f 893 896 894
f 893 895 896
f 888 897 891
f 888 894 897
f 891 898 892
f 891 897 898
f 894 899 897
f 894 896 899
f 897 900 898
f 897 899 900
f 828 901 835
f 828 890 901
f 835 902 836
f 835 901 902
f 890 903 901
f 890 892 903
f 901 904 902
f 901 903 904
f 892 905 903
f 892 898 905
f 903 906 904
f 903 905 906
f 898 907 905
f 898 900 907
f 905 908 906
f 905 907 908
f 868 909 895
f 868 882 909
f 895 910 896
f 895 909 910
f 882 911 909
f 882 884 911
f 909 912 910
f 909 911 912
f 896 913 899
f 896 910 913
f 899 914 900
f 899 913 914
f 910 915 913
f 910 912 915
f 913 916 914
f 913 915 916
f 900 917 907
f 900 914 917
f 907 918 908
f 907 917 918
f 916 920 919
f 914 919 917
f 914 916 919
f 919 922 921
f 919 920 922
f 917 921 918
f 917 919 921
f 1 2 923
f 1 923 6
f 923 925 924
f 923 2 925
f 923 926 6
f 923 924 926
f 924 928 927
f 924 925 928
f 924 929 926
f 924 927 929
f 6 930 9
f 6 926 930
f 926 931 930
f 926 929 931
f 2 932 925
f 2 10 932
f 10 933 932
f 10 13 933
f 925 934 928
f 925 932 934
f 932 935 934
f 932 933 935
f 13 936 933
f 13 18 936
f 18 937 936
f 18 21 937
f 933 938 935
f 933 936 938
f 936 939 938
f 936 937 939
f 21 940 937
f 21 26 940
f 26 941 940
f 26 29 941
f 937 942 939
f 937 940 942
f 940 943 942
f 940 941 943
f 927 945 944
f 927 928 945
f 927 946 929
f 927 944 946
f 944 948 947
f 944 945 948
f 944 949 946
f 944 947 949
f 929 950 931
f 929 946 950
f 946 951 950
f 946 949 951
f 928 952 945
f 928 934 952
f 934 953 952
f 934 935 953
f 945 954 948
f 945 952 954
f 952 955 954
f 952 953 955
f 947 957 956
f 947 948 957
f 947 958 949
f 947 956 958
f 956 960 959
f 956 957 960
f 956 961 958
f 956 959 961
f 949 962 951
f 949 958 962
f 958 963 962
f 958 961 963
f 948 964 957
f 948 954 964
f 954 965 964
f 954 955 965
f 957 966 960
f 957 964 966
f 964 967 966
f 964 965 967
f 935 968 953
f 935 938 968
f 938 969 968
f 938 939 969
f 953 970 955
f 953 968 970
f 968 971 970
f 968 969 971
f 939 972 969
f 939 942 972
f 942 973 972
f 942 943 973
f 969 974 971
f 969 972 974
f 972 975 974
f 972 973 975
f 955 976 965
f 955 970 976
f 970 977 976
f 970 971 977
f 965 978 967
f 965 976 978
f 976 979 978
f 976 977 979
f 971 980 977
f 971 974 980
f 974 981 980
f 974 975 981
f 977 982 979
f 977 980 982
f 980 983 982
f 980 981 983
f 9 984 36
f 9 930 984
f 930 985 984
f 930 931 985
f 36 986 39
f 36 984 986
f 984 987 986
f 984 985 987
f 39 988 46
f 39 986 988
f 986 989 988
f 986 987 989
f 46 990 49
f 46 988 990
f 988 991 990
f 988 989 991
f 931 992 985
f 931 950 992
f 950 993 992
f 950 951 993
f 985 994 987
f 985 992 994
f 992 995 994
f 992 993 995
f 951 996 993
f 951 962 996
f 962 997 996
f 962 963 997
f 993 998 995
f 993 996 998
f 996 999 998
f 996 997 999
f 987 1000 989
f 987 994 1000
f 994 1001 1000
f 994 995 1001
f 989 1002 991
f 989 1000 1002
f 1000 1003 1002
f 1000 1001 1003
f 995 1004 1001
f 995 998 1004
f 998 1005 1004
f 998 999 1005
f 1001 1006 1003
f 1001 1004 1006
f 1004 1007 1006
f 1004 1005 1007
f 29 1008 941
f 29 70 1008
f 70 1009 1008
f 70 73 1009
f 941 1010 943
f 941 1008 1010
f 1008 1011 1010
f 1008 1009 1011
f 73 1012 1009
f 73 78 1012
f 78 1013 1012
f 78 81 1013
f 1009 1014 1011
f 1009 1012 1014
f 1012 1015 1014
f 1012 1013 1015
f 81 1016 1013
f 81 86 1016
f 86 1017 1016
f 86 89 1017
f 1013 1018 1015
f 1013 1016 1018
f 1016 1019 1018
f 1016 1017 1019
f 89 1020 1017
f 89 94 1020
f 94 1021 1020
f 94 97 1021
f 1017 1022 1019
f 1017 1020 1022
f 1020 1023 1022
f 1020 1021 1023
f 943 1024 973
f 943 1010 1024
f 1010 1025 1024
f 1010 1011 1025
f 973 1026 975
f 973 1024 1026
f 1024 1027 1026
f 1024 1025 1027
f 1011 1028 1025
f 1011 1014 1028
f 1014 1029 1028
f 1014 1015 1029
f 1025 1030 1027
f 1025 1028 1030
f 1028 1031 1030
f 1028 1029 1031
f 975 1032 981
f 975 1026 1032
f 1026 1033 1032
f 1026 1027 1033
f 981 1034 983
f 981 1032 1034
f 1032 1035 1034
f 1032 1033 1035
f 1027 1036 1033
f 1027 1030 1036
f 1030 1037 1036
f 1030 1031 1037
f 1033 1038 1035
f 1033 1036 1038
f 1036 1039 1038
f 1036 1037 1039
f 1015 1040 1029
f 1015 1018 1040
f 1018 1041 1040
f 1018 1019 1041
f 1029 1042 1031
f 1029 1040 1042
f 1040 1043 1042
f 1040 1041 1043
f 1019 1044 1041
f 1019 1022 1044
f 1022 1045 1044
f 1022 1023 1045
f 1041 1046 1043
f 1041 1044 1046
f 1044 1047 1046
f 1044 1045 1047
f 1031 1048 1037
f 1031 1042 1048
f 1042 1049 1048
f 1042 1043 1049
f 1037 1050 1039
f 1037 1048 1050
f 1048 1051 1050
f 1048 1049 1051
f 1043 1052 1049
f 1043 1046 1052
f 1046 1053 1052
f 1046 1047 1053
f 1049 1054 1051
f 1049 1052 1054
f 1052 1055 1054
f 1052 1053 1055
f 49 1056 136
f 49 990 1056
f 990 1057 1056
f 990 991 1057
f 136 1058 139
f 136 1056 1058
f 1056 1059 1058
f 1056 1057 1059
f 139 1060 146
f 139 1058 1060
f 1058 1061 1060
f 1058 1059 1061
f 146 1062 149
f 146 1060 1062
f 1060 1063 1062
f 1060 1061 1063
f 991 1064 1057
f 991 1002 1064
f 1002 1065 1064
f 1002 1003 1065
f 1057 1066 1059
f 1057 1064 1066
f 1064 1067 1066
f 1064 1065 1067
f 1003 1068 1065
f 1003 1006 1068
f 1006 1069 1068
f 1006 1007 1069
f 1065 1070 1067
f 1065 1068 1070
f 1068 1071 1070
f 1068 1069 1071
f 1059 1072 1061
f 1059 1066 1072
f 1066 1073 1072
f 1066 1067 1073
f 1061 1074 1063
f 1061 1072 1074
f 1072 1075 1074
f 1072 1073 1075
f 1067 1076 1073
f 1067 1070 1076
f 1070 1077 1076
f 1070 1071 1077
f 1073 1078 1075
f 1073 1076 1078
f 1076 1079 1078
f 1076 1077 1079
f 149 1080 172
f 149 1062 1080
f 1062 1081 1080
f 1062 1063 1081
f 172 1082 175
f 172 1080 1082
f 1080 1083 1082
f 1080 1081 1083
f 175 1084 182
f 175 1082 1084
f 1082 1085 1084
f 1082 1083 1085
f 182 1086 185
f 182 1084 1086
f 1084 1087 1086
f 1084 1085 1087
f 1063 1088 1081
f 1063 1074 1088
f 1074 1089 1088
f 1074 1075 1089
f 1081 1090 1083
f 1081 1088 1090
f 1088 1091 1090
f 1088 1089 1091
f 1075 1092 1089
f 1075 1078 1092
f 1078 1093 1092
f 1078 1079 1093
f 1089 1094 1091
f 1089 1092 1094
f 1092 1095 1094
f 1092 1093 1095
f 1083 1096 1085
f 1083 1090 1096
f 1090 1097 1096
f 1090 1091 1097
f 1085 1098 1087
f 1085 1096 1098
f 1096 1099 1098
f 1096 1097 1099
f 1091 1100 1097
f 1091 1094 1100
f 1094 1101 1100
f 1094 1095 1101
f 1097 1102 1099
f 1097 1100 1102
f 1100 1103 1102
f 1100 1101 1103
f 959 1105 1104
f 959 960 1105
f 959 1106 961
f 959 1104 1106
f 1104 1108 1107
f 1104 1105 1108
f 1104 1109 1106
f 1104 1107 1109
f 961 1110 963
f 961 1106 1110
f 1106 1111 1110
f 1106 1109 1111
f 960 1112 1105
f 960 966 1112
f 966 1113 1112
f 966 967 1113
f 1105 1114 1108
f 1105 1112 1114
f 1112 1115 1114
f 1112 1113 1115
f 1107 1117 1116
f 1107 1108 1117
f 1107 1118 1109
f 1107 1116 1118
f 1116 1120 1119
f 1116 1117 1120
f 1116 1121 1118
f 1116 1119 1121
f 1109 1122 1111
f 1109 1118 1122
f 1118 1123 1122
f 1118 1121 1123
f 1108 1124 1117
f 1108 1114 1124
f 1114 1125 1124
f 1114 1115 1125
f 1117 1126 1120
f 1117 1124 1126
f 1124 1127 1126
f 1124 1125 1127
f 967 1128 1113
f 967 978 1128
f 978 1129 1128
f 978 979 1129
f 1113 1130 1115
f 1113 1128 1130
f 1128 1131 1130
f 1128 1129 1131
f 979 1132 1129
f 979 982 1132
f 982 1133 1132
f 982 983 1133
f 1129 1134 1131
f 1129 1132 1134
f 1132 1135 1134
f 1132 1133 1135
f 1115 1136 1125
f 1115 1130 1136
f 1130 1137 1136
f 1130 1131 1137
f 1125 1138 1127
f 1125 1136 1138
f 1136 1139 1138
f 1136 1137 1139
f 1131 1140 1137
f 1131 1134 1140
f 1134 1141 1140
f 1134 1135 1141
f 1137 1142 1139
f 1137 1140 1142
f 1140 1143 1142
f 1140 1141 1143
f 1119 1145 1144
f 1119 1120 1145
f 1119 1146 1121
f 1119 1144 1146
f 1144 1148 1147
f 1144 1145 1148
f 1144 1149 1146
f 1144 1147 1149
f 1121 1150 1123
f 1121 1146 1150
f 1146 1151 1150
f 1146 1149 1151
f 1120 1152 1145
f 1120 1126 1152
f 1126 1153 1152
f 1126 1127 1153
f 1145 1154 1148
f 1145 1152 1154
f 1152 1155 1154
f 1152 1153 1155
f 1147 1157 1156
f 1147 1148 1157
f 1147 1158 1149
f 1147 1156 1158
f 1156 1160 1159
f 1156 1157 1160
f 1156 1161 1158
f 1156 1159 1161
f 1149 1162 1151
f 1149 1158 1162
f 1158 1163 1162
f 1158 1161 1163
f 1148 1164 1157
f 1148 1154 1164
f 1154 1165 1164
f 1154 1155 1165
f 1157 1166 1160
f 1157 1164 1166
f 1164 1167 1166
f 1164 1165 1167
f 1127 1168 1153
f 1127 1138 1168
f 1138 1169 1168
f 1138 1139 1169
f 1153 1170 1155
f 1153 1168 1170
f 1168 1171 1170
f 1168 1169 1171
f 1139 1172 1169
f 1139 1142 1172
f 1142 1173 1172
f 1142 1143 1173
f 1169 1174 1171
f 1169 1172 1174
f 1172 1175 1174
f 1172 1173 1175
f 1155 1176 1165
f 1155 1170 1176
f 1170 1177 1176
f 1170 1171 1177
f 1165 1178 1167
f 1165 1176 1178
f 1176 1179 1178
f 1176 1177 1179
f 1171 1180 1177
f 1171 1174 1180
f 1174 1181 1180
f 1174 1175 1181
f 1177 1182 1179
f 1177 1180 1182
f 1180 1183 1182
f 1180 1181 1183
f 963 1184 997
f 963 1110 1184
f 1110 1185 1184
f 1110 1111 1185
f 997 1186 999
f 997 1184 1186
f 1184 1187 1186
f 1184 1185 1187
f 1111 1188 1185
f 1111 1122 1188
f 1122 1189 1188
f 1122 1123 1189
f 1185 1190 1187
f 1185 1188 1190
f 1188 1191 1190
f 1188 1189 1191
f 999 1192 1005
f 999 1186 1192
f 1186 1193 1192
f 1186 1187 1193
f 1005 1194 1007
f 1005 1192 1194
f 1192 1195 1194
f 1192 1193 1195
f 1187 1196 1193
f 1187 1190 1196
f 1190 1197 1196
f 1190 1191 1197
f 1193 1198 1195
f 1193 1196 1198
f 1196 1199 1198
f 1196 1197 1199
f 1123 1200 1189
f 1123 1150 1200
f 1150 1201 1200
f 1150 1151 1201
f 1189 1202 1191
f 1189 1200 1202
f 1200 1203 1202
f 1200 1201 1203
f 1151 1204 1201
f 1151 1162 1204
f 1162 1205 1204
f 1162 1163 1205
f 1201 1206 1203
f 1201 1204 1206
f 1204 1207 1206
f 1204 1205 1207
f 1191 1208 1197
f 1191 1202 1208
f 1202 1209 1208
f 1202 1203 1209
f 1197 1210 1199
f 1197 1208 1210
f 1208 1211 1210
f 1208 1209 1211
f 1203 1212 1209
f 1203 1206 1212
f 1206 1213 1212
f 1206 1207 1213
f 1209 1214 1211
f 1209 1212 1214
f 1212 1215 1214
f 1212 1213 1215
f 983 1216 1133
f 983 1034 1216
f 1034 1217 1216
f 1034 1035 1217
f 1133 1218 1135
f 1133 1216 1218
f 1216 1219 1218
f 1216 1217 1219
f 1035 1220 1217
f 1035 1038 1220
f 1038 1221 1220
f 1038 1039 1221
f 1217 1222 1219
f 1217 1220 1222
f 1220 1223 1222
f 1220 1221 1223
f 1135 1224 1141
f 1135 1218 1224
f 1218 1225 1224
f 1218 1219 1225
f 1141 1226 1143
f 1141 1224 1226
f 1224 1227 1226
f 1224 1225 1227
f 1219 1228 1225
f 1219 1222 1228
f 1222 1229 1228
f 1222 1223 1229
f 1225 1230 1227
f 1225 1228 1230
f 1228 1231 1230
f 1228 1229 1231
f 1039 1232 1221
f 1039 1050 1232
f 1050 1233 1232
f 1050 1051 1233
f 1221 1234 1223
f 1221 1232 1234
f 1232 1235 1234
f 1232 1233 1235
f 1051 1236 1233
f 1051 1054 1236
f 1054 1237 1236
f 1054 1055 1237
f 1233 1238 1235
f 1233 1236 1238
f 1236 1239 1238
f 1236 1237 1239
f 1223 1240 1229
f 1223 1234 1240
f 1234 1241 1240
f 1234 1235 1241
f 1229 1242 1231
f 1229 1240 1242
f 1240 1243 1242
f 1240 1241 1243
f 1235 1244 1241
f 1235 1238 1244
f 1238 1245 1244
f 1238 1239 1245
f 1241 1246 1243
f 1241 1244 1246
f 1244 1247 1246
f 1244 1245 1247
f 1143 1248 1173
f 1143 1226 1248
f 1226 1249 1248
f 1226 1227 1249
f 1173 1250 1175
f 1173 1248 1250
f 1248 1251 1250
f 1248 1249 1251
f 1227 1252 1249
f 1227 1230 1252
f 1230 1253 1252
f 1230 1231 1253
f 1249 1254 1251
f 1249 1252 1254
f 1252 1255 1254
f 1252 1253 1255
f 1175 1256 1181
f 1175 1250 1256
f 1250 1257 1256
f 1250 1251 1257
f 1181 1258 1183
f 1181 1256 1258
f 1256 1259 1258
f 1256 1257 1259
f 1251 1260 1257
f 1251 1254 1260
f 1254 1261 1260
f 1254 1255 1261
f 1257 1262 1259
f 1257 1260 1262
f 1260 1263 1262
f 1260 1261 1263
f 1231 1264 1253
f 1231 1242 1264
f 1242 1265 1264
f 1242 1243 1265
f 1253 1266 1255
f 1253 1264 1266
f 1264 1267 1266
f 1264 1265 1267
f 1243 1268 1265
f 1243 1246 1268
f 1246 1269 1268
f 1246 1247 1269
f 1265 1270 1267
f 1265 1268 1270
f 1268 1271 1270
f 1268 1269 1271
f 1255 1272 1261
f 1255 1266 1272
f 1266 1273 1272
f 1266 1267 1273
f 1261 1274 1263
f 1261 1272 1274
f 1272 1275 1274
f 1272 1273 1275
f 1267 1276 1273
f 1267 1270 1276
f 1270 1277 1276
f 1270 1271 1277
f 1273 1278 1275
f 1273 1276 1278
f 1276 1279 1278
f 1276 1277 1279
f 1159 1281 1280
f 1159 1160 1281
f 1159 1282 1161
f 1159 1280 1282
f 1280 1284 1283
f 1280 1281 1284
f 1280 1285 1282
f 1280 1283 1285
f 1161 1286 1163
f 1161 1282 1286
f 1282 1287 1286
f 1282 1285 1287
f 1160 1288 1281
f 1160 1166 1288
f 1166 1289 1288
f 1166 1167 1289
f 1281 1290 1284
f 1281 1288 1290
f 1288 1291 1290
f 1288 1289 1291
f 1283 1293 1292
f 1283 1284 1293
f 1283 1294 1285
f 1283 1292 1294
f 1292 1296 1295
f 1292 1293 1296
f 1292 1297 1294
f 1292 1295 1297
f 1285 1298 1287
f 1285 1294 1298
f 1294 1299 1298
f 1294 1297 1299
f 1284 1300 1293
f 1284 1290 1300
f 1290 1301 1300
f 1290 1291 1301
f 1293 1302 1296
f 1293 1300 1302
f 1300 1303 1302
f 1300 1301 1303
f 1167 1304 1289
f 1167 1178 1304
f 1178 1305 1304
f 1178 1179 1305
f 1289 1306 1291
f 1289 1304 1306
f 1304 1307 1306
f 1304 1305 1307
f 1179 1308 1305
f 1179 1182 1308
f 1182 1309 1308
f 1182 1183 1309
f 1305 1310 1307
f 1305 1308 1310
f 1308 1311 1310
f 1308 1309 1311
f 1291 1312 1301
f 1291 1306 1312
f 1306 1313 1312
f 1306 1307 1313
f 1301 1314 1303
f 1301 1312 1314
f 1312 1315 1314
f 1312 1313 1315
f 1307 1316 1313
f 1307 1310 1316
f 1310 1317 1316
f 1310 1311 1317
f 1313 1318 1315
f 1313 1316 1318
f 1316 1319 1318
f 1316 1317 1319
f 1295 1321 1320
f 1295 1296 1321
f 1295 1322 1297
f 1295 1320 1322
f 1320 1324 1323
f 1320 1321 1324
f 1320 1325 1322
f 1320 1323 1325
f 1297 1326 1299
f 1297 1322 1326
f 1322 1327 1326
f 1322 1325 1327
f 1296 1328 1321
f 1296 1302 1328
f 1302 1329 1328
f 1302 1303 1329
f 1321 1330 1324
f 1321 1328 1330
f 1328 1331 1330
f 1328 1329 1331
f 1323 1333 1332
f 1323 1324 1333
f 1323 1334 1325
f 1323 1332 1334
f 1332 1336 1335
f 1332 1333 1336
f 1332 1337 1334
f 1332 1335 1337
f 1325 1338 1327
f 1325 1334 1338
f 1334 1339 1338
f 1334 1337 1339
f 1324 1340 1333
f 1324 1330 1340
f 1330 1341 1340
f 1330 1331 1341
f 1333 1342 1336
f 1333 1340 1342
f 1340 1343 1342
f 1340 1341 1343
f 1303 1344 1329
f 1303 1314 1344
f 1314 1345 1344
f 1314 1315 1345
f 1329 1346 1331
f 1329 1344 1346
f 1344 1347 1346
f 1344 1345 1347
f 1315 1348 1345
f 1315 1318 1348
f 1318 1349 1348
f 1318 1319 1349
f 1345 1350 1347
f 1345 1348 1350
f 1348 1351 1350
f 1348 1349 1351
f 1331 1352 1341
f 1331 1346 1352
f 1346 1353 1352
f 1346 1347 1353
f 1341 1354 1343
f 1341 1352 1354
f 1352 1355 1354
f 1352 1353 1355
f 1347 1356 1353
f 1347 1350 1356
f 1350 1357 1356
f 1350 1351 1357
f 1353 1358 1355
f 1353 1356 1358
f 1356 1359 1358
f 1356 1357 1359
f 1163 1360 1205
f 1163 1286 1360
f 1286 1361 1360
f 1286 1287 1361
f 1205 1362 1207
f 1205 1360 1362
f 1360 1363 1362
f 1360 1361 1363
f 1287 1364 1361
f 1287 1298 1364
f 1298 1365 1364
f 1298 1299 1365
f 1361 1366 1363
f 1361 1364 1366
f 1364 1367 1366
f 1364 1365 1367
f 1207 1368 1213
f 1207 1362 1368
f 1362 1369 1368
f 1362 1363 1369
f 1213 1370 1215
f 1213 1368 1370
f 1368 1371 1370
f 1368 1369 1371
f 1363 1372 1369
f 1363 1366 1372
f 1366 1373 1372
f 1366 1367 1373
f 1369 1374 1371
f 1369 1372 1374
f 1372 1375 1374
f 1372 1373 1375
f 1299 1376 1365
f 1299 1326 1376
f 1326 1377 1376
f 1326 1327 1377
f 1365 1378 1367
f 1365 1376 1378
f 1376 1379 1378
f 1376 1377 1379
f 1327 1380 1377
f 1327 1338 1380
f 1338 1381 1380
f 1338 1339 1381
f 1377 1382 1379
f 1377 1380 1382
f 1380 1383 1382
f 1380 1381 1383
f 1367 1384 1373
f 1367 1378 1384
f 1378 1385 1384
f 1378 1379 1385
f 1373 1386 1375
f 1373 1384 1386
f 1384 1387 1386
f 1384 1385 1387
f 1379 1388 1385
f 1379 1382 1388
f 1382 1389 1388
f 1382 1383 1389
f 1385 1390 1387
f 1385 1388 1390
f 1388 1391 1390
f 1388 1389 1391
f 1183 1392 1309
f 1183 1258 1392
f 1258 1393 1392
f 1258 1259 1393
f 1309 1394 1311
f 1309 1392 1394
f 1392 1395 1394
f 1392 1393 1395
f 1259 1396 1393
f 1259 1262 1396
f 1262 1397 1396
f 1262 1263 1397
f 1393 1398 1395
f 1393 1396 1398
f 1396 1399 1398
f 1396 1397 1399
f 1311 1400 1317
f 1311 1394 1400
f 1394 1401 1400
f 1394 1395 1401
f 1317 1402 1319
f 1317 1400 1402
f 1400 1403 1402
f 1400 1401 1403
f 1395 1404 1401
f 1395 1398 1404
f 1398 1405 1404
f 1398 1399 1405
f 1401 1406 1403
f 1401 1404 1406
f 1404 1407 1406
f 1404 1405 1407
f 1263 1408 1397
f 1263 1274 1408
f 1274 1409 1408
f 1274 1275 1409
f 1397 1410 1399
f 1397 1408 1410
f 1408 1411 1410
f 1408 1409 1411
f 1275 1412 1409
f 1275 1278 1412
f 1278 1413 1412
f 1278 1279 1413
f 1409 1414 1411
f 1409 1412 1414
f 1412 1415 1414
f 1412 1413 1415
f 1399 1416 1405
f 1399 1410 1416
f 1410 1417 1416
f 1410 1411 1417
f 1405 1418 1407
f 1405 1416 1418
f 1416 1419 1418
f 1416 1417 1419
f 1411 1420 1417
f 1411 1414 1420
f 1414 1421 1420
f 1414 1415 1421
f 1417 1422 1419
f 1417 1420 1422
f 1420 1423 1422
f 1420 1421 1423
f 1319 1424 1349
f 1319 1402 1424
f 1402 1425 1424
f 1402 1403 1425
f 1349 1426 1351
f 1349 1424 1426
f 1424 1427 1426
f 1424 1425 1427
f 1403 1428 1425
f 1403 1406 1428
f 1406 1429 1428
f 1406 1407 1429
f 1425 1430 1427
f 1425 1428 1430
f 1428 1431 1430
f 1428 1429 1431
f 1351 1432 1357
f 1351 1426 1432
f 1426 1433 1432
f 1426 1427 1433
f 1357 1434 1359
f 1357 1432 1434
f 1432 1435 1434
f 1432 1433 1435
f 1427 1436 1433
f 1427 1430 1436
f 1430 1437 1436
f 1430 1431 1437
f 1433 1438 1435
f 1433 1436 1438
f 1436 1439 1438
f 1436 1437 1439
f 1407 1440 1429
f 1407 1418 1440
f 1418 1441 1440
f 1418 1419 1441
f 1429 1442 1431
f 1429 1440 1442
f 1440 1443 1442
f 1440 1441 1443
f 1419 1444 1441
f 1419 1422 1444
f 1422 1445 1444
f 1422 1423 1445
f 1441 1446 1443
f 1441 1444 1446
f 1444 1447 1446
f 1444 1445 1447
f 1431 1448 1437
f 1431 1442 1448
f 1442 1449 1448
f 1442 1443 1449
f 1437 1450 1439
f 1437 1448 1450
f 1448 1451 1450
f 1448 1449 1451
f 1443 1452 1449
f 1443 1446 1452
f 1446 1453 1452
f 1446 1447 1453
f 1449 1454 1451
f 1449 1452 1454
f 1452 1455 1454
f 1452 1453 1455
f 1007 1456 1069
f 1007 1194 1456
f 1194 1457 1456
f 1194 1195 1457
f 1069 1458 1071
f 1069 1456 1458
f 1456 1459 1458
f 1456 1457 1459
f 1195 1460 1457
f 1195 1198 1460
f 1198 1461 1460
f 1198 1199 1461
f 1457 1462 1459
f 1457 1460 1462
f 1460 1463 1462
f 1460 1461 1463
f 1071 1464 1077
f 1071 1458 1464
f 1458 1465 1464
f 1458 1459 1465
f 1077 1466 1079
f 1077 1464 1466
f 1464 1467 1466
f 1464 1465 1467
f 1459 1468 1465
f 1459 1462 1468
f 1462 1469 1468
f 1462 1463 1469
f 1465 1470 1467
f 1465 1468 1470
f 1468 1471 1470
f 1468 1469 1471
f 1199 1472 1461
f 1199 1210 1472
f 1210 1473 1472
f 1210 1211 1473
f 1461 1474 1463
f 1461 1472 1474
f 1472 1475 1474
f 1472 1473 1475
f 1211 1476 1473
f 1211 1214 1476
f 1214 1477 1476
f 1214 1215 1477
f 1473 1478 1475
f 1473 1476 1478
f 1476 1479 1478
f 1476 1477 1479
f 1463 1480 1469
f 1463 1474 1480
f 1474 1481 1480
f 1474 1475 1481
f 1469 1482 1471
f 1469 1480 1482
f 1480 1483 1482
f 1480 1481 1483
f 1475 1484 1481
f 1475 1478 1484
f 1478 1485 1484
f 1478 1479 1485
f 1481 1486 1483
f 1481 1484 1486
f 1484 1487 1486
f 1484 1485 1487
f 1079 1488 1093
f 1079 1466 1488
f 1466 1489 1488
f 1466 1467 1489
f 1093 1490 1095
f 1093 1488 1490
f 1488 1491 1490
f 1488 1489 1491
f 1467 1492 1489
f 1467 1470 1492
f 1470 1493 1492
f 1470 1471 1493
f 1489 1494 1491
f 1489 1492 1494
f 1492 1495 1494
f 1492 1493 1495
f 1095 1496 1101
f 1095 1490 1496
f 1490 1497 1496
f 1490 1491 1497
f 1101 1498 1103
f 1101 1496 1498
f 1496 1499 1498
f 1496 1497 1499
f 1491 1500 1497
f 1491 1494 1500
f 1494 1501 1500
f 1494 1495 1501
f 1497 1502 1499
f 1497 1500 1502
f 1500 1503 1502
f 1500 1501 1503
f 1471 1504 1493
f 1471 1482 1504
f 1482 1505 1504
f 1482 1483 1505
f 1493 1506 1495
f 1493 1504 1506
f 1504 1507 1506
f 1504 1505 1507
f 1483 1508 1505
f 1483 1486 1508
f 1486 1509 1508
f 1486 1487 1509
f 1505 1510 1507
f 1505 1508 1510
f 1508 1511 1510
f 1508 1509 1511
f 1495 1512 1501
f 1495 1506 1512
f 1506 1513 1512
f 1506 1507 1513
f 1501 1514 1503
f 1501 1512 1514
f 1512 1515 1514
f 1512 1513 1515
f 1507 1516 1513
f 1507 1510 1516
f 1510 1517 1516
f 1510 1511 1517
f 1513 1518 1515
f 1513 1516 1518
f 1516 1519 1518
f 1516 1517 1519
f 1215 1520 1477
f 1215 1370 1520
f 1370 1521 1520
f 1370 1371 1521
f 1477 1522 1479
f 1477 1520 1522
f 1520 1523 1522
f 1520 1521 1523
f 1371 1524 1521
f 1371 1374 1524
f 1374 1525 1524
f 1374 1375 1525
f 1521 1526 1523
f 1521 1524 1526
f 1524 1527 1526
f 1524 1525 1527
f 1479 1528 1485
f 1479 1522 1528
f 1522 1529 1528
f 1522 1523 1529
f 1485 1530 1487
f 1485 1528 1530
f 1528 1531 1530
f 1528 1529 1531
f 1523 1532 1529
f 1523 1526 1532
f 1526 1533 1532
f 1526 1527 1533
f 1529 1534 1531
f 1529 1532 1534
f 1532 1535 1534
f 1532 1533 1535
f 1375 1536 1525
f 1375 1386 1536
f 1386 1537 1536
f 1386 1387 1537
f 1525 1538 1527
f 1525 1536 1538
f 1536 1539 1538
f 1536 1537 1539
f 1387 1540 1537
f 1387 1390 1540
f 1390 1541 1540
f 1390 1391 1541
f 1537 1542 1539
f 1537 1540 1542
f 1540 1543 1542
f 1540 1541 1543
f 1527 1544 1533
f 1527 1538 1544
f 1538 1545 1544
f 1538 1539 1545
f 1533 1546 1535
f 1533 1544 1546
f 1544 1547 1546
f 1544 1545 1547
f 1539 1548 1545
f 1539 1542 1548
f 1542 1549 1548
f 1542 1543 1549
f 1545 1550 1547
f 1545 1548 1550
f 1548 1551 1550
f 1548 1549 1551
f 1487 1552 1509
f 1487 1530 1552
f 1530 1553 1552
f 1530 1531 1553
f 1509 1554 1511
f 1509 1552 1554
f 1552 1555 1554
f 1552 1553 1555
f 1531 1556 1553
f 1531 1534 1556
f 1534 1557 1556
f 1534 1535 1557
f 1553 1558 1555
f 1553 1556 1558
f 1556 1559 1558
f 1556 1557 1559
f 1511 1560 1517
f 1511 1554 1560
f 1554 1561 1560
f 1554 1555 1561
f 1517 1562 1519
f 1517 1560 1562
f 1560 1563 1562
f 1560 1561 1563
f 1555 1564 1561
f 1555 1558 1564
f 1558 1565 1564
f 1558 1559 1565
f 1561 1566 1563
f 1561 1564 1566
f 1564 1567 1566
f 1564 1565 1567
f 1535 1568 1557
f 1535 1546 1568
f 1546 1569 1568
f 1546 1547 1569
f 1557 1570 1559
f 1557 1568 1570
f 1568 1571 1570
f 1568 1569 1571
f 1547 1572 1569
f 1547 1550 1572
f 1550 1573 1572
f 1550 1551 1573
f 1569 1574 1571
f 1569 1572 1574
f 1572 1575 1574
f 1572 1573 1575
f 1559 1576 1565
f 1559 1570 1576
f 1570 1577 1576
f 1570 1571 1577
f 1565 1578 1567
f 1565 1576 1578
f 1576 1579 1578
f 1576 1577 1579
f 1571 1580 1577
f 1571 1574 1580
f 1574 1581 1580
f 1574 1575 1581
f 1577 1582 1579
f 1577 1580 1582
f 1580 1583 1582
f 1580 1581 1583
f 97 1584 1021
f 97 270 1584
f 270 1585 1584
f 270 273 1585
f 1021 1586 1023
f 1021 1584 1586
f 1584 1587 1586
f 1584 1585 1587
f 273 1588 1585
f 273 278 1588
f 278 1589 1588
f 278 281 1589
f 1585 1590 1587
f 1585 1588 1590
f 1588 1591 1590
f 1588 1589 1591
f 281 1592 1589
f 281 286 1592
f 286 1593 1592
f 286 289 1593
f 1589 1594 1591
f 1589 1592 1594
f 1592 1595 1594
f 1592 1593 1595
f 289 1596 1593
f 289 294 1596
f 294 1597 1596
f 294 297 1597
f 1593 1598 1595
f 1593 1596 1598
f 1596 1599 1598
f 1596 1597 1599
f 1023 1600 1045
f 1023 1586 1600
f 1586 1601 1600
f 1586 1587 1601
f 1045 1602 1047
f 1045 1600 1602
f 1600 1603 1602
f 1600 1601 1603
f 1587 1604 1601
f 1587 1590 1604
f 1590 1605 1604
f 1590 1591 1605
f 1601 1606 1603
f 1601 1604 1606
f 1604 1607 1606
f 1604 1605 1607
f 1047 1608 1053
f 1047 1602 1608
f 1602 1609 1608
f 1602 1603 1609
f 1053 1610 1055
f 1053 1608 1610
f 1608 1611 1610
f 1608 1609 1611
f 1603 1612 1609
f 1603 1606 1612
f 1606 1613 1612
f 1606 1607 1613
f 1609 1614 1611
f 1609 1612 1614
f 1612 1615 1614
f 1612 1613 1615
f 1591 1616 1605
f 1591 1594 1616
f 1594 1617 1616
f 1594 1595 1617
f 1605 1618 1607
f 1605 1616 1618
f 1616 1619 1618
f 1616 1617 1619
f 1595 1620 1617
f 1595 1598 1620
f 1598 1621 1620
f 1598 1599 1621
f 1617 1622 1619
f 1617 1620 1622
f 1620 1623 1622
f 1620 1621 1623
f 1607 1624 1613
f 1607 1618 1624
f 1618 1625 1624
f 1618 1619 1625
f 1613 1626 1615
f 1613 1624 1626
f 1624 1627 1626
f 1624 1625 1627
f 1619 1628 1625
f 1619 1622 1628
f 1622 1629 1628
f 1622 1623 1629
f 1625 1630 1627
f 1625 1628 1630
f 1628 1631 1630
f 1628 1629 1631
f 297 1632 1597
f 297 334 1632
f 334 1633 1632
f 334 337 1633
f 1597 1634 1599
f 1597 1632 1634
f 1632 1635 1634
f 1632 1633 1635
f 337 1636 1633
f 337 342 1636
f 342 1637 1636
f 342 345 1637
f 1633 1638 1635
f 1633 1636 1638
f 1636 1639 1638
f 1636 1637 1639
f 345 1640 1637
f 345 350 1640
f 1637 1641 1639
f 1637 1640 1641
f 1599 1642 1621
f 1599 1634 1642
f 1634 1643 1642
f 1634 1635 1643
f 1621 1644 1623
f 1621 1642 1644
f 1642 1645 1644
f 1642 1643 1645
f 1635 1646 1643
f 1635 1638 1646
f 1638 1647 1646
f 1638 1639 1647
f 1643 1648 1645
f 1643 1646 1648
f 1646 1649 1648
f 1646 1647 1649
f 1623 1650 1629
f 1623 1644 1650
f 1644 1651 1650
f 1644 1645 1651
f 1629 1652 1631
f 1629 1650 1652
f 1650 1653 1652
f 1650 1651 1653
f 1645 1654 1651
f 1645 1648 1654
f 1648 1655 1654
f 1648 1649 1655
f 1651 1656 1653
f 1651 1654 1656
f 1654 1657 1656
f 1654 1655 1657
f 1639 1658 1647
f 1639 1641 1658
f 1647 1659 1649
f 1647 1658 1659
f 1649 1660 1655
f 1649 1659 1660
f 1655 1661 1657
f 1655 1660 1661
f 1055 1662 1237
f 1055 1610 1662
f 1610 1663 1662
f 1610 1611 1663
f 1237 1664 1239
f 1237 1662 1664
f 1662 1665 1664
f 1662 1663 1665
f 1611 1666 1663
f 1611 1614 1666
f 1614 1667 1666
f 1614 1615 1667
f 1663 1668 1665
f 1663 1666 1668
f 1666 1669 1668
f 1666 1667 1669
f 1239 1670 1245
f 1239 1664 1670
f 1664 1671 1670
f 1664 1665 1671
f 1245 1672 1247
f 1245 1670 1672
f 1670 1673 1672
f 1670 1671 1673
f 1665 1674 1671
f 1665 1668 1674
f 1668 1675 1674
f 1668 1669 1675
f 1671 1676 1673
f 1671 1674 1676
f 1674 1677 1676
f 1674 1675 1677
f 1615 1678 1667
f 1615 1626 1678
f 1626 1679 1678
f 1626 1627 1679
f 1667 1680 1669
f 1667 1678 1680
f 1678 1681 1680
f 1678 1679 1681
f 1627 1682 1679
f 1627 1630 1682
f 1630 1683 1682
f 1630 1631 1683
f 1679 1684 1681
f 1679 1682 1684
f 1682 1685 1684
f 1682 1683 1685
f 1669 1686 1675
f 1669 1680 1686
f 1680 1687 1686
f 1680 1681 1687
f 1675 1688 1677
f 1675 1686 1688
f 1686 1689 1688
f 1686 1687 1689
f 1681 1690 1687
f 1681 1684 1690
f 1684 1691 1690
f 1684 1685 1691
f 1687 1692 1689
f 1687 1690 1692
f 1690 1693 1692
f 1690 1691 1693
f 1247 1694 1269
f 1247 1672 1694
f 1672 1695 1694
f 1672 1673 1695
f 1269 1696 1271
f 1269 1694 1696
f 1694 1697 1696
f 1694 1695 1697
f 1673 1698 1695
f 1673 1676 1698
f 1676 1699 1698
f 1676 1677 1699
f 1695 1700 1697
f 1695 1698 1700
f 1698 1701 1700
f 1698 1699 1701
f 1271 1702 1277
f 1271 1696 1702
f 1696 1703 1702
f 1696 1697 1703
f 1277 1704 1279
f 1277 1702 1704
f 1702 1705 1704
f 1702 1703 1705
f 1697 1706 1703
f 1697 1700 1706
f 1700 1707 1706
f 1700 1701 1707
f 1703 1708 1705
f 1703 1706 1708
f 1706 1709 1708
f 1706 1707 1709
f 1677 1710 1699
f 1677 1688 1710
f 1688 1711 1710
f 1688 1689 1711
f 1699 1712 1701
f 1699 1710 1712
f 1710 1713 1712
f 1710 1711 1713
f 1689 1714 1711
f 1689 1692 1714
f 1692 1715 1714
f 1692 1693 1715
f 1711 1716 1713
f 1711 1714 1716
f 1714 1717 1716
f 1714 1715 1717
f 1701 1718 1707
f 1701 1712 1718
f 1712 1719 1718
f 1712 1713 1719
f 1707 1720 1709
f 1707 1718 1720
f 1718 1721 1720
f 1718 1719 1721
f 1713 1722 1719
f 1713 1716 1722
f 1716 1723 1722
f 1716 1717 1723
f 1719 1724 1721
f 1719 1722 1724
f 1722 1725 1724
f 1722 1723 1725
f 1631 1726 1683
f 1631 1652 1726
f 1652 1727 1726
f 1652 1653 1727
f 1683 1728 1685
f 1683 1726 1728
f 1726 1729 1728
f 1726 1727 1729
f 1653 1730 1727
f 1653 1656 1730
f 1656 1731 1730
f 1656 1657 1731
f 1727 1732 1729
f 1727 1730 1732
f 1730 1733 1732
f 1730 1731 1733
f 1685 1734 1691
f 1685 1728 1734
f 1728 1735 1734
f 1728 1729 1735
f 1691 1736 1693
f 1691 1734 1736
f 1734 1737 1736
f 1734 1735 1737
f 1729 1738 1735
f 1729 1732 1738
f 1732 1739 1738
f 1732 1733 1739
f 1735 1740 1737
f 1735 1738 1740
f 1738 1741 1740
f 1738 1739 1741
f 1657 1742 1731
f 1657 1661 1742
f 1731 1743 1733
f 1731 1742 1743
f 1733 1744 1739
f 1733 1743 1744
f 1739 1745 1741
f 1739 1744 1745
f 1693 1746 1715
f 1693 1736 1746
f 1736 1747 1746
f 1736 1737 1747
f 1715 1748 1717
f 1715 1746 1748
f 1746 1749 1748
f 1746 1747 1749
f 1737 1750 1747
f 1737 1740 1750
f 1740 1751 1750
f 1740 1741 1751
f 1747 1752 1749
f 1747 1750 1752
f 1750 1753 1752
f 1750 1751 1753
f 1717 1754 1723
f 1717 1748 1754
f 1748 1755 1754
f 1748 1749 1755
f 1723 1756 1725
f 1723 1754 1756
f 1754 1757 1756
f 1754 1755 1757
f 1749 1758 1755
f 1749 1752 1758
f 1752 1759 1758
f 1752 1753 1759
f 1755 1760 1757
f 1755 1758 1760
f 1758 1761 1760
f 1758 1759 1761
f 1741 1762 1751
f 1741 1745 1762
f 1751 1763 1753
f 1751 1762 1763
f 1753 1764 1759
f 1753 1763 1764
f 1759 1765 1761
f 1759 1764 1765
f 1279 1766 1413
f 1279 1704 1766
f 1704 1767 1766
f 1704 1705 1767
f 1413 1768 1415
f 1413 1766 1768
f 1766 1769 1768
f 1766 1767 1769
f 1705 1770 1767
f 1705 1708 1770
f 1708 1771 1770
f 1708 1709 1771
f 1767 1772 1769
f 1767 1770 1772
f 1770 1773 1772
f 1770 1771 1773
f 1415 1774 1421
f 1415 1768 1774
f 1768 1775 1774
f 1768 1769 1775
f 1421 1776 1423
f 1421 1774 1776
f 1774 1777 1776
f 1774 1775 1777
f 1769 1778 1775
f 1769 1772 1778
f 1772 1779 1778
f 1772 1773 1779
f 1775 1780 1777
f 1775 1778 1780
f 1778 1781 1780
f 1778 1779 1781
f 1709 1782 1771
f 1709 1720 1782
f 1720 1783 1782
f 1720 1721 1783
f 1771 1784 1773
f 1771 1782 1784
f 1782 1785 1784
f 1782 1783 1785
f 1721 1786 1783
f 1721 1724 1786
f 1724 1787 1786
f 1724 1725 1787
f 1783 1788 1785
f 1783 1786 1788
f 1786 1789 1788
f 1786 1787 1789
f 1773 1790 1779
f 1773 1784 1790
f 1784 1791 1790
f 1784 1785 1791
f 1779 1792 1781
f 1779 1790 1792
f 1790 1793 1792
f 1790 1791 1793
f 1785 1794 1791
f 1785 1788 1794
f 1788 1795 1794
f 1788 1789 1795
f 1791 1796 1793
f 1791 1794 1796
f 1794 1797 1796
f 1794 1795 1797
f 1423 1798 1445
f 1423 1776 1798
f 1776 1799 1798
f 1776 1777 1799
f 1445 1800 1447
f 1445 1798 1800
f 1798 1801 1800
f 1798 1799 1801
f 1777 1802 1799
f 1777 1780 1802
f 1780 1803 1802
f 1780 1781 1803
f 1799 1804 1801
f 1799 1802 1804
f 1802 1805 1804
f 1802 1803 1805
f 1447 1806 1453
f 1447 1800 1806
f 1800 1807 1806
f 1800 1801 1807
f 1453 1808 1455
f 1453 1806 1808
f 1806 1809 1808
f 1806 1807 1809
f 1801 1810 1807
f 1801 1804 1810
f 1804 1811 1810
f 1804 1805 1811
f 1807 1812 1809
f 1807 1810 1812
f 1810 1813 1812
f 1810 1811 1813
f 1781 1814 1803
f 1781 1792 1814
f 1792 1815 1814
f 1792 1793 1815
f 1803 1816 1805
f 1803 1814 1816
f 1814 1817 1816
f 1814 1815 1817
f 1793 1818 1815
f 1793 1796 1818
f 1796 1819 1818
f 1796 1797 1819
f 1815 1820 1817
f 1815 1818 1820
f 1818 1821 1820
f 1818 1819 1821
f 1805 1822 1811
f 1805 1816 1822
f 1816 1823 1822
f 1816 1817 1823
f 1811 1824 1813
f 1811 1822 1824
f 1822 1825 1824
f 1822 1823 1825
f 1817 1826 1823
f 1817 1820 1826
f 1820 1827 1826
f 1820 1821 1827
f 1823 1828 1825
f 1823 1826 1828
f 1826 1829 1828
f 1826 1827 1829
f 1725 1830 1787
f 1725 1756 1830
f 1756 1831 1830
f 1756 1757 1831
f 1787 1832 1789
f 1787 1830 1832
f 1830 1833 1832
f 1830 1831 1833
f 1757 1834 1831
f 1757 1760 1834
f 1760 1835 1834
f 1760 1761 1835
f 1831 1836 1833
f 1831 1834 1836
f 1834 1837 1836
f 1834 1835 1837
f 1789 1838 1795
f 1789 1832 1838
f 1832 1839 1838
f 1832 1833 1839
f 1795 1840 1797
f 1795 1838 1840
f 1838 1841 1840
f 1838 1839 1841
f 1833 1842 1839
f 1833 1836 1842
f 1836 1843 1842
f 1836 1837 1843
f 1839 1844 1841
f 1839 1842 1844
f 1842 1845 1844
f 1842 1843 1845
f 1761 1846 1835
f 1761 1765 1846
f 1835 1847 1837
f 1835 1846 1847
f 1837 1848 1843
f 1837 1847 1848
f 1843 1849 1845
f 1843 1848 1849
f 1797 1850 1819
f 1797 1840 1850
f 1840 1851 1850
f 1840 1841 1851
f 1819 1852 1821
f 1819 1850 1852
f 1850 1853 1852
f 1850 1851 1853
f 1841 1854 1851
f 1841 1844 1854
f 1844 1855 1854
f 1844 1845 1855
f 1851 1856 1853
f 1851 1854 1856
f 1854 1857 1856
f 1854 1855 1857
f 1821 1858 1827
f 1821 1852 1858
f 1852 1859 1858
f 1852 1853 1859
f 1827 1860 1829
f 1827 1858 1860
f 1858 1861 1860
f 1858 1859 1861
f 1853 1862 1859
f 1853 1856 1862
f 1856 1863 1862
f 1856 1857 1863
f 1859 1864 1861
f 1859 1862 1864
f 1862 1865 1864
f 1862 1863 1865
f 1845 1866 1855
f 1845 1849 1866
f 1855 1867 1857
f 1855 1866 1867
f 1857 1868 1863
f 1857 1867 1868
f 1863 1869 1865
f 1863 1868 1869
f 1335 1871 1870
f 1335 1336 1871
f 1335 1872 1337
f 1335 1870 1872
f 1870 1874 1873
f 1870 1871 1874
f 1870 1875 1872
f 1870 1873 1875
f 1337 1876 1339
f 1337 1872 1876
f 1872 1877 1876
f 1872 1875 1877
f 1336 1878 1871
f 1336 1342 1878
f 1342 1879 1878
f 1342 1343 1879
f 1871 1880 1874
f 1871 1878 1880
f 1878 1881 1880
f 1878 1879 1881
f 1873 1883 1882
f 1873 1874 1883
f 1873 1884 1875
f 1873 1882 1884
f 1882 1886 1885
f 1882 1883 1886
f 1882 1887 1884
f 1882 1885 1887
f 1875 1888 1877
f 1875 1884 1888
f 1884 1889 1888
f 1884 1887 1889
f 1874 1890 1883
f 1874 1880 1890
f 1880 1891 1890
f 1880 1881 1891
f 1883 1892 1886
f 1883 1890 1892
f 1890 1893 1892
f 1890 1891 1893
f 1343 1894 1879
f 1343 1354 1894
f 1354 1895 1894
f 1354 1355 1895
f 1879 1896 1881
f 1879 1894 1896
f 1894 1897 1896
f 1894 1895 1897
f 1355 1898 1895
f 1355 1358 1898
f 1358 1899 1898
f 1358 1359 1899
f 1895 1900 1897
f 1895 1898 1900
f 1898 1901 1900
f 1898 1899 1901
f 1881 1902 1891
f 1881 1896 1902
f 1896 1903 1902
f 1896 1897 1903
f 1891 1904 1893
f 1891 1902 1904
f 1902 1905 1904
f 1902 1903 1905
f 1897 1906 1903
f 1897 1900 1906
f 1900 1907 1906
f 1900 1901 1907
f 1903 1908 1905
f 1903 1906 1908
f 1906 1909 1908
f 1906 1907 1909
f 1885 1911 1910
f 1885 1886 1911
f 1885 1912 1887
f 1885 1910 1912
f 1910 1914 1913
f 1910 1911 1914
f 1910 1915 1912
f 1910 1913 1915
f 1887 1916 1889
f 1887 1912 1916
f 1912 1917 1916
f 1912 1915 1917
f 1886 1918 1911
f 1886 1892 1918
f 1892 1919 1918
f 1892 1893 1919
f 1911 1920 1914
f 1911 1918 1920
f 1918 1921 1920
f 1918 1919 1921
f 1913 1923 1922
f 1913 1914 1923
f 1913 1924 1915
f 1913 1922 1924
f 1922 1926 1925
f 1922 1923 1926
f 1922 1927 1924
f 1922 1925 1927
f 1915 1928 1917
f 1915 1924 1928
f 1924 1929 1928
f 1924 1927 1929
f 1914 1930 1923
f 1914 1920 1930
f 1920 1931 1930
f 1920 1921 1931
f 1923 1932 1926
f 1923 1930 1932
f 1930 1933 1932
f 1930 1931 1933
f 1893 1934 1919
f 1893 1904 1934
f 1904 1935 1934
f 1904 1905 1935
f 1919 1936 1921
f 1919 1934 1936
f 1934 1937 1936
f 1934 1935 1937
f 1905 1938 1935
f 1905 1908 1938
f 1908 1939 1938
f 1908 1909 1939
f 1935 1940 1937
f 1935 1938 1940
f 1938 1941 1940
f 1938 1939 1941
f 1921 1942 1931
f 1921 1936 1942
f 1936 1943 1942
f 1936 1937 1943
f 1931 1944 1933
f 1931 1942 1944
f 1942 1945 1944
f 1942 1943 1945
f 1937 1946 1943
f 1937 1940 1946
f 1940 1947 1946
f 1940 1941 1947
f 1943 1948 1945
f 1943 1946 1948
f 1946 1949 1948
f 1946 1947 1949
f 1339 1950 1381
f 1339 1876 1950
f 1876 1951 1950
f 1876 1877 1951
f 1381 1952 1383
f 1381 1950 1952
f 1950 1953 1952
f 1950 1951 1953
f 1877 1954 1951
f 1877 1888 1954
f 1888 1955 1954
f 1888 1889 1955
f 1951 1956 1953
f 1951 1954 1956
f 1954 1957 1956
f 1954 1955 1957
f 1383 1958 1389
f 1383 1952 1958
f 1952 1959 1958
f 1952 1953 1959
f 1389 1960 1391
f 1389 1958 1960
f 1958 1961 1960
f 1958 1959 1961
f 1953 1962 1959
f 1953 1956 1962
f 1956 1963 1962
f 1956 1957 1963
f 1959 1964 1961
f 1959 1962 1964
f 1962 1965 1964
f 1962 1963 1965
f 1889 1966 1955
f 1889 1916 1966
f 1916 1967 1966
f 1916 1917 1967
f 1955 1968 1957
f 1955 1966 1968
f 1966 1969 1968
f 1966 1967 1969
f 1917 1970 1967
f 1917 1928 1970
f 1928 1971 1970
f 1928 1929 1971
f 1967 1972 1969
f 1967 1970 1972
f 1970 1973 1972
f 1970 1971 1973
f 1957 1974 1963
f 1957 1968 1974
f 1968 1975 1974
f 1968 1969 1975
f 1963 1976 1965
f 1963 1974 1976
f 1974 1977 1976
f 1974 1975 1977
f 1969 1978 1975
f 1969 1972 1978
f 1972 1979 1978
f 1972 1973 1979
f 1975 1980 1977
f 1975 1978 1980
f 1978 1981 1980
f 1978 1979 1981
f 1359 1982 1899
f 1359 1434 1982
f 1434 1983 1982
f 1434 1435 1983
f 1899 1984 1901
f 1899 1982 1984
f 1982 1985 1984
f 1982 1983 1985
f 1435 1986 1983
f 1435 1438 1986
f 1438 1987 1986
f 1438 1439 1987
f 1983 1988 1985
f 1983 1986 1988
f 1986 1989 1988
f 1986 1987 1989
f 1901 1990 1907
f 1901 1984 1990
f 1984 1991 1990
f 1984 1985 1991
f 1907 1992 1909
f 1907 1990 1992
f 1990 1993 1992
f 1990 1991 1993
f 1985 1994 1991
f 1985 1988 1994
f 1988 1995 1994
f 1988 1989 1995
f 1991 1996 1993
f 1991 1994 1996
f 1994 1997 1996
f 1994 1995 1997
f 1439 1998 1987
f 1439 1450 1998
f 1450 1999 1998
f 1450 1451 1999
f 1987 2000 1989
f 1987 1998 2000
f 1998 2001 2000
f 1998 1999 2001
f 1451 2002 1999
f 1451 1454 2002
f 1454 2003 2002
f 1454 1455 2003
f 1999 2004 2001
f 1999 2002 2004
f 2002 2005 2004
f 2002 2003 2005
f 1989 2006 1995
f 1989 2000 2006
f 2000 2007 2006
f 2000 2001 2007
f 1995 2008 1997
f 1995 2006 2008
f 2006 2009 2008
f 2006 2007 2009
f 2001 2010 2007
f 2001 2004 2010
f 2004 2011 2010
f 2004 2005 2011
f 2007 2012 2009
f 2007 2010 2012
f 2010 2013 2012
f 2010 2011 2013
f 1909 2014 1939
f 1909 1992 2014
f 1992 2015 2014
f 1992 1993 2015
f 1939 2016 1941
f 1939 2014 2016
f 2014 2017 2016
f 2014 2015 2017
f 1993 2018 2015
f 1993 1996 2018
f 1996 2019 2018
f 1996 1997 2019
f 2015 2020 2017
f 2015 2018 2020
f 2018 2021 2020
f 2018 2019 2021
f 1941 2022 1947
f 1941 2016 2022
f 2016 2023 2022
f 2016 2017 2023
f 1947 2024 1949
f 1947 2022 2024
f 2022 2025 2024
f 2022 2023 2025
f 2017 2026 2023
f 2017 2020 2026
f 2020 2027 2026
f 2020 2021 2027
f 2023 2028 2025
f 2023 2026 2028
f 2026 2029 2028
f 2026 2027 2029
f 1997 2030 2019
f 1997 2008 2030
f 2008 2031 2030
f 2008 2009 2031
f 2019 2032 2021
f 2019 2030 2032
f 2030 2033 2032
f 2030 2031 2033
f 2009 2034 2031
f 2009 2012 2034
f 2012 2035 2034
f 2012 2013 2035
f 2031 2036 2033
f 2031 2034 2036
f 2034 2037 2036
f 2034 2035 2037
f 2021 2038 2027
f 2021 2032 2038
f 2032 2039 2038
f 2032 2033 2039
f 2027 2040 2029
f 2027 2038 2040
f 2038 2041 2040
f 2038 2039 2041
f 2033 2042 2039
f 2033 2036 2042
f 2036 2043 2042
f 2036 2037 2043
f 2039 2044 2041
f 2039 2042 2044
f 2042 2045 2044
f 2042 2043 2045
f 1925 2047 2046
f 1925 1926 2047
f 1925 2048 1927
f 1925 2046 2048
f 2046 2050 2049
f 2046 2047 2050
f 2046 2051 2048
f 2046 2049 2051
f 1927 2052 1929
f 1927 2048 2052
f 2048 2053 2052
f 2048 2051 2053
f 1926 2054 2047
f 1926 1932 2054
f 1932 2055 2054
f 1932 1933 2055
f 2047 2056 2050
f 2047 2054 2056
f 2054 2057 2056
f 2054 2055 2057
f 2049 2059 2058
f 2049 2050 2059
f 2049 2060 2051
f 2049 2058 2060
f 2058 2062 2061
f 2058 2059 2062
f 2058 2063 2060
f 2058 2061 2063
f 2051 2064 2053
f 2051 2060 2064
f 2060 2065 2064
f 2060 2063 2065
f 2050 2066 2059
f 2050 2056 2066
f 2056 2067 2066
f 2056 2057 2067
f 2059 2068 2062
f 2059 2066 2068
f 2066 2069 2068
f 2066 2067 2069
f 1933 2070 2055
f 1933 1944 2070
f 1944 2071 2070
f 1944 1945 2071
f 2055 2072 2057
f 2055 2070 2072
f 2070 2073 2072
f 2070 2071 2073
f 1945 2074 2071
f 1945 1948 2074
f 1948 2075 2074
f 1948 1949 2075
f 2071 2076 2073
f 2071 2074 2076
f 2074 2077 2076
f 2074 2075 2077
f 2057 2078 2067
f 2057 2072 2078
f 2072 2079 2078
f 2072 2073 2079
f 2067 2080 2069
f 2067 2078 2080
f 2078 2081 2080
f 2078 2079 2081
f 2073 2082 2079
f 2073 2076 2082
f 2076 2083 2082
f 2076 2077 2083
f 2079 2084 2081
f 2079 2082 2084
f 2082 2085 2084
f 2082 2083 2085
f 2061 2087 2086
f 2061 2062 2087
f 2061 2088 2063
f 2061 2086 2088
f 2086 2090 2089
f 2086 2087 2090
f 2086 2091 2088
f 2086 2089 2091
f 2063 2092 2065
f 2063 2088 2092
f 2088 2093 2092
f 2088 2091 2093
f 2062 2094 2087
f 2062 2068 2094
f 2068 2095 2094
f 2068 2069 2095
f 2087 2096 2090
f 2087 2094 2096
f 2094 2097 2096
f 2094 2095 2097
f 2089 2099 2098
f 2089 2090 2099
f 2089 2100 2091
f 2089 2098 2100
f 2098 2102 2101
f 2098 2099 2102
f 2098 2103 2100
f 2098 2101 2103
f 2091 2104 2093
f 2091 2100 2104
f 2100 2105 2104
f 2100 2103 2105
f 2090 2106 2099
f 2090 2096 2106
f 2096 2107 2106
f 2096 2097 2107
f 2099 2108 2102
f 2099 2106 2108
f 2106 2109 2108
f 2106 2107 2109
f 2069 2110 2095
f 2069 2080 2110
f 2080 2111 2110
f 2080 2081 2111
f 2095 2112 2097
f 2095 2110 2112
f 2110 2113 2112
f 2110 2111 2113
f 2081 2114 2111
f 2081 2084 2114
f 2084 2115 2114
f 2084 2085 2115
f 2111 2116 2113
f 2111 2114 2116
f 2114 2117 2116
f 2114 2115 2117
f 2097 2118 2107
f 2097 2112 2118
f 2112 2119 2118
f 2112 2113 2119
f 2107 2120 2109
f 2107 2118 2120
f 2118 2121 2120
f 2118 2119 2121
f 2113 2122 2119
f 2113 2116 2122
f 2116 2123 2122
f 2116 2117 2123
f 2119 2124 2121
f 2119 2122 2124
f 2122 2125 2124
f 2122 2123 2125
f 1929 2126 1971
f 1929 2052 2126
f 2052 2127 2126
f 2052 2053 2127
f 1971 2128 1973
f 1971 2126 2128
f 2126 2129 2128
f 2126 2127 2129
f 2053 2130 2127
f 2053 2064 2130
f 2064 2131 2130
f 2064 2065 2131
f 2127 2132 2129
f 2127 2130 2132
f 2130 2133 2132
f 2130 2131 2133
f 1973 2134 1979
f 1973 2128 2134
f 2128 2135 2134
f 2128 2129 2135
f 1979 2136 1981
f 1979 2134 2136
f 2134 2137 2136
f 2134 2135 2137
f 2129 2138 2135
f 2129 2132 2138
f 2132 2139 2138
f 2132 2133 2139
f 2135 2140 2137
f 2135 2138 2140
f 2138 2141 2140
f 2138 2139 2141
f 2065 2142 2131
f 2065 2092 2142
f 2092 2143 2142
f 2092 2093 2143
f 2131 2144 2133
f 2131 2142 2144
f 2142 2145 2144
f 2142 2143 2145
f 2093 2146 2143
f 2093 2104 2146
f 2104 2147 2146
f 2104 2105 2147
f 2143 2148 2145
f 2143 2146 2148
f 2146 2149 2148
f 2146 2147 2149
f 2133 2150 2139
f 2133 2144 2150
f 2144 2151 2150
f 2144 2145 2151
f 2139 2152 2141
f 2139 2150 2152
f 2150 2153 2152
f 2150 2151 2153
f 2145 2154 2151
f 2145 2148 2154
f 2148 2155 2154
f 2148 2149 2155
f 2151 2156 2153
f 2151 2154 2156
f 2154 2157 2156
f 2154 2155 2157
f 1949 2158 2075
f 1949 2024 2158
f 2024 2159 2158
f 2024 2025 2159
f 2075 2160 2077
f 2075 2158 2160
f 2158 2161 2160
f 2158 2159 2161
f 2025 2162 2159
f 2025 2028 2162
f 2028 2163 2162
f 2028 2029 2163
f 2159 2164 2161
f 2159 2162 2164
f 2162 2165 2164
f 2162 2163 2165
f 2077 2166 2083
f 2077 2160 2166
f 2160 2167 2166
f 2160 2161 2167
f 2083 2168 2085
f 2083 2166 2168
f 2166 2169 2168
f 2166 2167 2169
f 2161 2170 2167
f 2161 2164 2170
f 2164 2171 2170
f 2164 2165 2171
f 2167 2172 2169
f 2167 2170 2172
f 2170 2173 2172
f 2170 2171 2173
f 2029 2174 2163
f 2029 2040 2174
f 2040 2175 2174
f 2040 2041 2175
f 2163 2176 2165
f 2163 2174 2176
f 2174 2177 2176
f 2174 2175 2177
f 2041 2178 2175
f 2041 2044 2178
f 2044 2179 2178
f 2044 2045 2179
f 2175 2180 2177
f 2175 2178 2180
f 2178 2181 2180
f 2178 2179 2181
f 2165 2182 2171
f 2165 2176 2182
f 2176 2183 2182
f 2176 2177 2183
f 2171 2184 2173
f 2171 2182 2184
f 2182 2185 2184
f 2182 2183 2185
f 2177 2186 2183
f 2177 2180 2186
f 2180 2187 2186
f 2180 2181 2187
f 2183 2188 2185
f 2183 2186 2188
f 2186 2189 2188
f 2186 2187 2189
f 2085 2190 2115
f 2085 2168 2190
f 2168 2191 2190
f 2168 2169 2191
f 2115 2192 2117
f 2115 2190 2192
f 2190 2193 2192
f 2190 2191 2193
f 2169 2194 2191
f 2169 2172 2194
f 2172 2195 2194
f 2172 2173 2195
f 2191 2196 2193
f 2191 2194 2196
f 2194 2197 2196
f 2194 2195 2197
f 2117 2198 2123
f 2117 2192 2198
f 2192 2199 2198
f 2192 2193 2199
f 2123 2200 2125
f 2123 2198 2200
f 2198 2201 2200
f 2198 2199 2201
f 2193 2202 2199
f 2193 2196 2202
f 2196 2203 2202
f 2196 2197 2203
f 2199 2204 2201
f 2199 2202 2204
f 2202 2205 2204
f 2202 2203 2205
f 2173 2206 2195
f 2173 2184 2206
f 2184 2207 2206
f 2184 2185 2207
f 2195 2208 2197
f 2195 2206 2208
f 2206 2209 2208
f 2206 2207 2209
f 2185 2210 2207
f 2185 2188 2210
f 2188 2211 2210
f 2188 2189 2211
f 2207 2212 2209
f 2207 2210 2212
f 2210 2213 2212
f 2210 2211 2213
f 2197 2214 2203
f 2197 2208 2214
f 2208 2215 2214
f 2208 2209 2215
f 2203 2216 2205
f 2203 2214 2216
f 2214 2217 2216
f 2214 2215 2217
f 2209 2218 2215
f 2209 2212 2218
f 2212 2219 2218
f 2212 2213 2219
f 2215 2220 2217
f 2215 2218 2220
f 2218 2221 2220
f 2218 2219 2221
f 1391 2222 1541
f 1391 1960 2222
f 1960 2223 2222
f 1960 1961 2223
f 1541 2224 1543
f 1541 2222 2224
f 2222 2225 2224
f 2222 2223 2225
f 1961 2226 2223
f 1961 1964 2226
f 1964 2227 2226
f 1964 1965 2227
f 2223 2228 2225
f 2223 2226 2228
f 2226 2229 2228
f 2226 2227 2229
f 1543 2230 1549
f 1543 2224 2230
f 2224 2231 2230
f 2224 2225 2231
f 1549 2232 1551
f 1549 2230 2232
f 2230 2233 2232
f 2230 2231 2233
f 2225 2234 2231
f 2225 2228 2234
f 2228 2235 2234
f 2228 2229 2235
f 2231 2236 2233
f 2231 2234 2236
f 2234 2237 2236
f 2234 2235 2237
f 1965 2238 2227
f 1965 1976 2238
f 1976 2239 2238
f 1976 1977 2239
f 2227 2240 2229
f 2227 2238 2240
f 2238 2241 2240
f 2238 2239 2241
f 1977 2242 2239
f 1977 1980 2242
f 1980 2243 2242
f 1980 1981 2243
f 2239 2244 2241
f 2239 2242 2244
f 2242 2245 2244
f 2242 2243 2245
f 2229 2246 2235
f 2229 2240 2246
f 2240 2247 2246
f 2240 2241 2247
f 2235 2248 2237
f 2235 2246 2248
f 2246 2249 2248
f 2246 2247 2249
f 2241 2250 2247
f 2241 2244 2250
f 2244 2251 2250
f 2244 2245 2251
f 2247 2252 2249
f 2247 2250 2252
f 2250 2253 2252
f 2250 2251 2253
f 1551 2254 1573
f 1551 2232 2254
f 2232 2255 2254
f 2232 2233 2255
f 1573 2256 1575
f 1573 2254 2256
f 2254 2257 2256
f 2254 2255 2257
f 2233 2258 2255
f 2233 2236 2258
f 2236 2259 2258
f 2236 2237 2259
f 2255 2260 2257
f 2255 2258 2260
f 2258 2261 2260
f 2258 2259 2261
f 1575 2262 1581
f 1575 2256 2262
f 2256 2263 2262
f 2256 2257 2263
f 1581 2264 1583
f 1581 2262 2264
f 2262 2265 2264
f 2262 2263 2265
f 2257 2266 2263
f 2257 2260 2266
f 2260 2267 2266
f 2260 2261 2267
f 2263 2268 2265
f 2263 2266 2268
f 2266 2269 2268
f 2266 2267 2269
f 2237 2270 2259
f 2237 2248 2270
f 2248 2271 2270
f 2248 2249 2271
f 2259 2272 2261
f 2259 2270 2272
f 2270 2273 2272
f 2270 2271 2273
f 2249 2274 2271
f 2249 2252 2274
f 2252 2275 2274
f 2252 2253 2275
f 2271 2276 2273
f 2271 2274 2276
f 2274 2277 2276
f 2274 2275 2277
f 2261 2278 2267
f 2261 2272 2278
f 2272 2279 2278
f 2272 2273 2279
f 2267 2280 2269
f 2267 2278 2280
f 2278 2281 2280
f 2278 2279 2281
f 2273 2282 2279
f 2273 2276 2282
f 2276 2283 2282
f 2276 2277 2283
f 2279 2284 2281
f 2279 2282 2284
f 2282 2285 2284
f 2282 2283 2285
f 1981 2286 2243
f 1981 2136 2286
f 2136 2287 2286
f 2136 2137 2287
f 2243 2288 2245
f 2243 2286 2288
f 2286 2289 2288
f 2286 2287 2289
f 2137 2290 2287
f 2137 2140 2290
f 2140 2291 2290
f 2140 2141 2291
f 2287 2292 2289
f 2287 2290 2292
f 2290 2293 2292
f 2290 2291 2293
f 2245 2294 2251
f 2245 2288 2294
f 2288 2295 2294
f 2288 2289 2295
f 2251 2296 2253
f 2251 2294 2296
f 2294 2297 2296
f 2294 2295 2297
f 2289 2298 2295
f 2289 2292 2298
f 2292 2299 2298
f 2292 2293 2299
f 2295 2300 2297
f 2295 2298 2300
f 2298 2301 2300
f 2298 2299 2301
f 2141 2302 2291
f 2141 2152 2302
f 2152 2303 2302
f 2152 2153 2303
f 2291 2304 2293
f 2291 2302 2304
f 2302 2305 2304
f 2302 2303 2305
f 2153 2306 2303
f 2153 2156 2306
f 2156 2307 2306
f 2156 2157 2307
f 2303 2308 2305
f 2303 2306 2308
f 2306 2309 2308
f 2306 2307 2309
f 2293 2310 2299
f 2293 2304 2310
f 2304 2311 2310
f 2304 2305 2311
f 2299 2312 2301
f 2299 2310 2312
f 2310 2313 2312
f 2310 2311 2313
f 2305 2314 2311
f 2305 2308 2314
f 2308 2315 2314
f 2308 2309 2315
f 2311 2316 2313
f 2311 2314 2316
f 2314 2317 2316
f 2314 2315 2317
f 2253 2318 2275
f 2253 2296 2318
f 2296 2319 2318
f 2296 2297 2319
f 2275 2320 2277
f 2275 2318 2320
f 2318 2321 2320
f 2318 2319 2321
f 2297 2322 2319
f 2297 2300 2322
f 2300 2323 2322
f 2300 2301 2323
f 2319 2324 2321
f 2319 2322 2324
f 2322 2325 2324
f 2322 2323 2325
f 2277 2326 2283
f 2277 2320 2326
f 2320 2327 2326
f 2320 2321 2327
f 2283 2328 2285
f 2283 2326 2328
f 2326 2329 2328
f 2326 2327 2329
f 2321 2330 2327
f 2321 2324 2330
f 2324 2331 2330
f 2324 2325 2331
f 2327 2332 2329
f 2327 2330 2332
f 2330 2333 2332
f 2330 2331 2333
f 2301 2334 2323
f 2301 2312 2334
f 2312 2335 2334
f 2312 2313 2335
f 2323 2336 2325
f 2323 2334 2336
f 2334 2337 2336
f 2334 2335 2337
f 2313 2338 2335
f 2313 2316 2338
f 2316 2339 2338
f 2316 2317 2339
f 2335 2340 2337
f 2335 2338 2340
f 2338 2341 2340
f 2338 2339 2341
f 2325 2342 2331
f 2325 2336 2342
f 2336 2343 2342
f 2336 2337 2343
f 2331 2344 2333
f 2331 2342 2344
f 2342 2345 2344
f 2342 2343 2345
f 2337 2346 2343
f 2337 2340 2346
f 2340 2347 2346
f 2340 2341 2347
f 2343 2348 2345
f 2343 2346 2348
f 2346 2349 2348
f 2346 2347 2349
f 2101 2351 2350
f 2101 2102 2351
f 2101 2352 2103
f 2101 2350 2352
f 2350 2354 2353
f 2350 2351 2354
f 2350 2355 2352
f 2350 2353 2355
f 2103 2356 2105
f 2103 2352 2356
f 2352 2357 2356
f 2352 2355 2357
f 2102 2358 2351
f 2102 2108 2358
f 2108 2359 2358
f 2108 2109 2359
f 2351 2360 2354
f 2351 2358 2360
f 2358 2361 2360
f 2358 2359 2361
f 2353 2363 2362
f 2353 2354 2363
f 2353 2364 2355
f 2353 2362 2364
f 2362 2366 2365
f 2362 2363 2366
f 2362 2367 2364
f 2362 2365 2367
f 2355 2368 2357
f 2355 2364 2368
f 2364 2369 2368
f 2364 2367 2369
f 2354 2370 2363
f 2354 2360 2370
f 2360 2371 2370
f 2360 2361 2371
f 2363 2372 2366
f 2363 2370 2372
f 2370 2373 2372
f 2370 2371 2373
f 2109 2374 2359
f 2109 2120 2374
f 2120 2375 2374
f 2120 2121 2375
f 2359 2376 2361
f 2359 2374 2376
f 2374 2377 2376
f 2374 2375 2377
f 2121 2378 2375
f 2121 2124 2378
f 2124 2379 2378
f 2124 2125 2379
f 2375 2380 2377
f 2375 2378 2380
f 2378 2381 2380
f 2378 2379 2381
f 2361 2382 2371
f 2361 2376 2382
f 2376 2383 2382
f 2376 2377 2383
f 2371 2384 2373
f 2371 2382 2384
f 2382 2385 2384
f 2382 2383 2385
f 2377 2386 2383
f 2377 2380 2386
f 2380 2387 2386
f 2380 2381 2387
f 2383 2388 2385
f 2383 2386 2388
f 2386 2389 2388
f 2386 2387 2389
f 2365 2391 2390
f 2365 2366 2391
f 2365 2392 2367
f 2365 2390 2392
f 2390 2394 2393
f 2390 2391 2394
f 2390 2395 2392
f 2390 2393 2395
f 2367 2396 2369
f 2367 2392 2396
f 2392 2397 2396
f 2392 2395 2397
f 2366 2398 2391
f 2366 2372 2398
f 2372 2399 2398
f 2372 2373 2399
f 2391 2400 2394
f 2391 2398 2400
f 2398 2401 2400
f 2398 2399 2401
f 2402 2404 2403
f 2402 2405 2404
f 2393 2405 2402
f 2393 2394 2405
f 2393 2403 2395
f 2393 2402 2403
f 2403 2407 2406
f 2403 2404 2407
f 2395 2406 2397
f 2395 2403 2406
f 2405 2408 2404
f 2405 2409 2408
f 2394 2409 2405
f 2394 2400 2409
f 2409 2410 2408
f 2409 2411 2410
f 2400 2411 2409
f 2400 2401 2411
f 2404 2412 2407
f 2404 2408 2412
f 2408 2413 2412
f 2408 2410 2413
f 2373 2414 2399
f 2373 2384 2414
f 2384 2415 2414
f 2384 2385 2415
f 2399 2416 2401
f 2399 2414 2416
f 2414 2417 2416
f 2414 2415 2417
f 2385 2418 2415
f 2385 2388 2418
f 2388 2419 2418
f 2388 2389 2419
f 2415 2420 2417
f 2415 2418 2420
f 2418 2421 2420
f 2418 2419 2421
f 2411 2422 2410
f 2411 2423 2422
f 2401 2423 2411
f 2401 2416 2423
f 2423 2424 2422
f 2423 2425 2424
f 2416 2425 2423
f 2416 2417 2425
f 2410 2426 2413
f 2410 2422 2426
f 2422 2427 2426
f 2422 2424 2427
f 2425 2428 2424
f 2425 2429 2428
f 2417 2429 2425
f 2417 2420 2429
f 2429 2430 2428
f 2429 2431 2430
f 2420 2431 2429
f 2420 2421 2431
f 2424 2432 2427
f 2424 2428 2432
f 2428 2433 2432
f 2428 2430 2433
f 2105 2434 2147
f 2105 2356 2434
f 2356 2435 2434
f 2356 2357 2435
f 2147 2436 2149
f 2147 2434 2436
f 2434 2437 2436
f 2434 2435 2437
f 2357 2438 2435
f 2357 2368 2438
f 2368 2439 2438
f 2368 2369 2439
f 2435 2440 2437
f 2435 2438 2440
f 2438 2441 2440
f 2438 2439 2441
f 2149 2442 2155
f 2149 2436 2442
f 2436 2443 2442
f 2436 2437 2443
f 2155 2444 2157
f 2155 2442 2444
f 2442 2445 2444
f 2442 2443 2445
f 2437 2446 2443
f 2437 2440 2446
f 2440 2447 2446
f 2440 2441 2447
f 2443 2448 2445
f 2443 2446 2448
f 2446 2449 2448
f 2446 2447 2449
f 2369 2450 2439
f 2369 2396 2450
f 2396 2451 2450
f 2396 2397 2451
f 2439 2452 2441
f 2439 2450 2452
f 2450 2453 2452
f 2450 2451 2453
f 2406 2455 2454
f 2406 2407 2455
f 2397 2454 2451
f 2397 2406 2454
f 2454 2457 2456
f 2454 2455 2457
f 2451 2456 2453
f 2451 2454 2456
f 2407 2458 2455
f 2407 2412 2458
f 2412 2459 2458
f 2412 2413 2459
f 2455 2460 2457
f 2455 2458 2460
f 2458 2461 2460
f 2458 2459 2461
f 2441 2462 2447
f 2441 2452 2462
f 2452 2463 2462
f 2452 2453 2463
f 2447 2464 2449
f 2447 2462 2464
f 2462 2465 2464
f 2462 2463 2465
f 2456 2467 2466
f 2456 2457 2467
f 2453 2466 2463
f 2453 2456 2466
f 2466 2469 2468
f 2466 2467 2469
f 2463 2468 2465
f 2463 2466 2468
f 2457 2470 2467
f 2457 2460 2470
f 2460 2471 2470
f 2460 2461 2471
f 2467 2472 2469
f 2467 2470 2472
f 2470 2473 2472
f 2470 2471 2473
f 2413 2474 2459
f 2413 2426 2474
f 2426 2475 2474
f 2426 2427 2475
f 2459 2476 2461
f 2459 2474 2476
f 2474 2477 2476
f 2474 2475 2477
f 2427 2478 2475
f 2427 2432 2478
f 2432 2479 2478
f 2432 2433 2479
f 2475 2480 2477
f 2475 2478 2480
f 2478 2481 2480
f 2478 2479 2481
f 2461 2482 2471
f 2461 2476 2482
f 2476 2483 2482
f 2476 2477 2483
f 2471 2484 2473
f 2471 2482 2484
f 2482 2485 2484
f 2482 2483 2485
f 2477 2486 2483
f 2477 2480 2486
f 2480 2487 2486
f 2480 2481 2487
f 2483 2488 2485
f 2483 2486 2488
f 2486 2489 2488
f 2486 2487 2489
f 2125 2490 2379
f 2125 2200 2490
f 2200 2491 2490
f 2200 2201 2491
f 2379 2492 2381
f 2379 2490 2492
f 2490 2493 2492
f 2490 2491 2493
f 2201 2494 2491
f 2201 2204 2494
f 2204 2495 2494
f 2204 2205 2495
f 2491 2496 2493
f 2491 2494 2496
f 2494 2497 2496
f 2494 2495 2497
f 2381 2498 2387
f 2381 2492 2498
f 2492 2499 2498
f 2492 2493 2499
f 2387 2500 2389
f 2387 2498 2500
f 2498 2501 2500
f 2498 2499 2501
f 2493 2502 2499
f 2493 2496 2502
f 2496 2503 2502
f 2496 2497 2503
f 2499 2504 2501
f 2499 2502 2504
f 2502 2505 2504
f 2502 2503 2505
f 2205 2506 2495
f 2205 2216 2506
f 2216 2507 2506
f 2216 2217 2507
f 2495 2508 2497
f 2495 2506 2508
f 2506 2509 2508
f 2506 2507 2509
f 2217 2510 2507
f 2217 2220 2510
f 2220 2511 2510
f 2220 2221 2511
f 2507 2512 2509
f 2507 2510 2512
f 2510 2513 2512
f 2510 2511 2513
f 2497 2514 2503
f 2497 2508 2514
f 2508 2515 2514
f 2508 2509 2515
f 2503 2516 2505
f 2503 2514 2516
f 2514 2517 2516
f 2514 2515 2517
f 2509 2518 2515
f 2509 2512 2518
f 2512 2519 2518
f 2512 2513 2519
f 2515 2520 2517
f 2515 2518 2520
f 2518 2521 2520
f 2518 2519 2521
f 2389 2522 2419
f 2389 2500 2522
f 2500 2523 2522
f 2500 2501 2523
f 2419 2524 2421
f 2419 2522 2524
f 2522 2525 2524
f 2522 2523 2525
f 2501 2526 2523
f 2501 2504 2526
f 2504 2527 2526
f 2504 2505 2527
f 2523 2528 2525
f 2523 2526 2528
f 2526 2529 2528
f 2526 2527 2529
f 2431 2530 2430
f 2431 2531 2530
f 2421 2531 2431
f 2421 2524 2531
f 2531 2532 2530
f 2531 2533 2532
f 2524 2533 2531
f 2524 2525 2533
f 2430 2534 2433
f 2430 2530 2534
f 2530 2535 2534
f 2530 2532 2535
f 2533 2536 2532
f 2533 2537 2536
f 2525 2537 2533
f 2525 2528 2537
f 2537 2538 2536
f 2537 2539 2538
f 2528 2539 2537
f 2528 2529 2539
f 2532 2540 2535
f 2532 2536 2540
f 2536 2541 2540
f 2536 2538 2541
f 2505 2542 2527
f 2505 2516 2542
f 2516 2543 2542
f 2516 2517 2543
f 2527 2544 2529
f 2527 2542 2544
f 2542 2545 2544
f 2542 2543 2545
f 2517 2546 2543
f 2517 2520 2546
f 2520 2547 2546
f 2520 2521 2547
f 2543 2548 2545
f 2543 2546 2548
f 2546 2549 2548
f 2546 2547 2549
f 2539 2550 2538
f 2539 2551 2550
f 2529 2551 2539
f 2529 2544 2551
f 2551 2552 2550
f 2551 2553 2552
f 2544 2553 2551
f 2544 2545 2553
f 2538 2554 2541
f 2538 2550 2554
f 2550 2555 2554
f 2550 2552 2555
f 2553 2556 2552
f 2553 2557 2556
f 2545 2557 2553
f 2545 2548 2557
f 2557 2558 2556
f 2557 2559 2558
f 2548 2559 2557
f 2548 2549 2559
f 2552 2560 2555
f 2552 2556 2560
f 2556 2561 2560
f 2556 2558 2561
f 2433 2562 2479
f 2433 2534 2562
f 2534 2563 2562
f 2534 2535 2563
f 2479 2564 2481
f 2479 2562 2564
f 2562 2565 2564
f 2562 2563 2565
f 2535 2566 2563
f 2535 2540 2566
f 2540 2567 2566
f 2540 2541 2567
f 2563 2568 2565
f 2563 2566 2568
f 2566 2569 2568
f 2566 2567 2569
f 2481 2570 2487
f 2481 2564 2570
f 2564 2571 2570
f 2564 2565 2571
f 2487 2572 2489
f 2487 2570 2572
f 2570 2573 2572
f 2570 2571 2573
f 2565 2574 2571
f 2565 2568 2574
f 2568 2575 2574
f 2568 2569 2575
f 2571 2576 2573
f 2571 2574 2576
f 2574 2577 2576
f 2574 2575 2577
f 2541 2578 2567
f 2541 2554 2578
f 2554 2579 2578
f 2554 2555 2579
f 2567 2580 2569
f 2567 2578 2580
f 2578 2581 2580
f 2578 2579 2581
f 2555 2582 2579
f 2555 2560 2582
f 2560 2583 2582
f 2560 2561 2583
f 2579 2584 2581
f 2579 2582 2584
f 2582 2585 2584
f 2582 2583 2585
f 2569 2586 2575
f 2569 2580 2586
f 2580 2587 2586
f 2580 2581 2587
f 2575 2588 2577
f 2575 2586 2588
f 2586 2589 2588
f 2586 2587 2589
f 2581 2590 2587
f 2581 2584 2590
f 2584 2591 2590
f 2584 2585 2591
f 2587 2592 2589
f 2587 2590 2592
f 2590 2593 2592
f 2590 2591 2593
f 2157 2594 2307
f 2157 2444 2594
f 2444 2595 2594
f 2444 2445 2595
f 2307 2596 2309
f 2307 2594 2596
f 2594 2597 2596
f 2594 2595 2597
f 2445 2598 2595
f 2445 2448 2598
f 2448 2599 2598
f 2448 2449 2599
f 2595 2600 2597
f 2595 2598 2600
f 2598 2601 2600
f 2598 2599 2601
f 2309 2602 2315
f 2309 2596 2602
f 2596 2603 2602
f 2596 2597 2603
f 2315 2604 2317
f 2315 2602 2604
f 2602 2605 2604
f 2602 2603 2605
f 2597 2606 2603
f 2597 2600 2606
f 2600 2607 2606
f 2600 2601 2607
f 2603 2608 2605
f 2603 2606 2608
f 2606 2609 2608
f 2606 2607 2609
f 2449 2610 2599
f 2449 2464 2610
f 2464 2611 2610
f 2464 2465 2611
f 2599 2612 2601
f 2599 2610 2612
f 2610 2613 2612
f 2610 2611 2613
f 2468 2615 2614
f 2468 2469 2615
f 2465 2614 2611
f 2465 2468 2614
f 2614 2617 2616
f 2614 2615 2617
f 2611 2616 2613
f 2611 2614 2616
f 2469 2618 2615
f 2469 2472 2618
f 2472 2619 2618
f 2472 2473 2619
f 2615 2620 2617
f 2615 2618 2620
f 2618 2621 2620
f 2618 2619 2621
f 2601 2622 2607
f 2601 2612 2622
f 2612 2623 2622
f 2612 2613 2623
f 2607 2624 2609
f 2607 2622 2624
f 2622 2625 2624
f 2622 2623 2625
f 2616 2627 2626
f 2616 2617 2627
f 2613 2626 2623
f 2613 2616 2626
f 2626 2629 2628
f 2626 2627 2629
f 2623 2628 2625
f 2623 2626 2628
f 2617 2630 2627
f 2617 2620 2630
f 2620 2631 2630
f 2620 2621 2631
f 2627 2632 2629
f 2627 2630 2632
f 2630 2633 2632
f 2630 2631 2633
f 2473 2634 2619
f 2473 2484 2634
f 2484 2635 2634
f 2484 2485 2635
f 2619 2636 2621
f 2619 2634 2636
f 2634 2637 2636
f 2634 2635 2637
f 2485 2638 2635
f 2485 2488 2638
f 2488 2639 2638
f 2488 2489 2639
f 2635 2640 2637
f 2635 2638 2640
f 2638 2641 2640
f 2638 2639 2641
f 2621 2642 2631
f 2621 2636 2642
f 2636 2643 2642
f 2636 2637 2643
f 2631 2644 2633
f 2631 2642 2644
f 2642 2645 2644
f 2642 2643 2645
f 2637 2646 2643
f 2637 2640 2646
f 2640 2647 2646
f 2640 2641 2647
f 2643 2648 2645
f 2643 2646 2648
f 2646 2649 2648
f 2646 2647 2649
f 2317 2650 2339
f 2317 2604 2650
f 2604 2651 2650
f 2604 2605 2651
f 2339 2652 2341
f 2339 2650 2652
f 2650 2653 2652
f 2650 2651 2653
f 2605 2654 2651
f 2605 2608 2654
f 2608 2655 2654
f 2608 2609 2655
f 2651 2656 2653
f 2651 2654 2656
f 2654 2657 2656
f 2654 2655 2657
f 2341 2658 2347
f 2341 2652 2658
f 2652 2659 2658
f 2652 2653 2659
f 2347 2660 2349
f 2347 2658 2660
f 2658 2661 2660
f 2658 2659 2661
f 2653 2662 2659
f 2653 2656 2662
f 2656 2663 2662
f 2656 2657 2663
f 2659 2664 2661
f 2659 2662 2664
f 2662 2665 2664
f 2662 2663 2665
f 2609 2666 2655
f 2609 2624 2666
f 2624 2667 2666
f 2624 2625 2667
f 2655 2668 2657
f 2655 2666 2668
f 2666 2669 2668
f 2666 2667 2669
f 2628 2671 2670
f 2628 2629 2671
f 2625 2670 2667
f 2625 2628 2670
f 2670 2673 2672
f 2670 2671 2673
f 2667 2672 2669
f 2667 2670 2672
f 2629 2674 2671
f 2629 2632 2674
f 2632 2675 2674
f 2632 2633 2675
f 2671 2676 2673
f 2671 2674 2676
f 2674 2677 2676
f 2674 2675 2677
f 2657 2678 2663
f 2657 2668 2678
f 2668 2679 2678
f 2668 2669 2679
f 2663 2680 2665
f 2663 2678 2680
f 2678 2681 2680
f 2678 2679 2681
f 2672 2683 2682
f 2672 2673 2683
f 2669 2682 2679
f 2669 2672 2682
f 2682 2685 2684
f 2682 2683 2685
f 2679 2684 2681
f 2679 2682 2684
f 2673 2686 2683
f 2673 2676 2686
f 2676 2687 2686
f 2676 2677 2687
f 2683 2688 2685
f 2683 2686 2688
f 2686 2689 2688
f 2686 2687 2689
f 2633 2690 2675
f 2633 2644 2690
f 2644 2691 2690
f 2644 2645 2691
f 2675 2692 2677
f 2675 2690 2692
f 2690 2693 2692
f 2690 2691 2693
f 2645 2694 2691
f 2645 2648 2694
f 2648 2695 2694
f 2648 2649 2695
f 2691 2696 2693
f 2691 2694 2696
f 2694 2697 2696
f 2694 2695 2697
f 2677 2698 2687
f 2677 2692 2698
f 2692 2699 2698
f 2692 2693 2699
f 2687 2700 2689
f 2687 2698 2700
f 2698 2701 2700
f 2698 2699 2701
f 2693 2702 2699
f 2693 2696 2702
f 2696 2703 2702
f 2696 2697 2703
f 2699 2704 2701
f 2699 2702 2704
f 2702 2705 2704
f 2702 2703 2705
f 2489 2706 2639
f 2489 2572 2706
f 2572 2707 2706
f 2572 2573 2707
f 2639 2708 2641
f 2639 2706 2708
f 2706 2709 2708
f 2706 2707 2709
f 2573 2710 2707
f 2573 2576 2710
f 2576 2711 2710
f 2576 2577 2711
f 2707 2712 2709
f 2707 2710 2712
f 2710 2713 2712
f 2710 2711 2713
f 2641 2714 2647
f 2641 2708 2714
f 2708 2715 2714
f 2708 2709 2715
f 2647 2716 2649
f 2647 2714 2716
f 2714 2717 2716
f 2714 2715 2717
f 2709 2718 2715
f 2709 2712 2718
f 2712 2719 2718
f 2712 2713 2719
f 2715 2720 2717
f 2715 2718 2720
f 2718 2721 2720
f 2718 2719 2721
f 2577 2722 2711
f 2577 2588 2722
f 2588 2723 2722
f 2588 2589 2723
f 2711 2724 2713
f 2711 2722 2724
f 2722 2725 2724
f 2722 2723 2725
f 2589 2726 2723
f 2589 2592 2726
f 2592 2727 2726
f 2592 2593 2727
f 2723 2728 2725
f 2723 2726 2728
f 2726 2729 2728
f 2726 2727 2729
f 2713 2730 2719
f 2713 2724 2730
f 2724 2731 2730
f 2724 2725 2731
f 2719 2732 2721
f 2719 2730 2732
f 2730 2733 2732
f 2730 2731 2733
f 2725 2734 2731
f 2725 2728 2734
f 2728 2735 2734
f 2728 2729 2735
f 2731 2736 2733
f 2731 2734 2736
f 2734 2737 2736
f 2734 2735 2737
f 2649 2738 2695
f 2649 2716 2738
f 2716 2739 2738
f 2716 2717 2739
f 2695 2740 2697
f 2695 2738 2740
f 2738 2741 2740
f 2738 2739 2741
f 2717 2742 2739
f 2717 2720 2742
f 2720 2743 2742
f 2720 2721 2743
f 2739 2744 2741
f 2739 2742 2744
f 2742 2745 2744
f 2742 2743 2745
f 2697 2746 2703
f 2697 2740 2746
f 2740 2747 2746
f 2740 2741 2747
f 2703 2748 2705
f 2703 2746 2748
f 2746 2749 2748
f 2746 2747 2749
f 2741 2750 2747
f 2741 2744 2750
f 2744 2751 2750
f 2744 2745 2751
f 2747 2752 2749
f 2747 2750 2752
f 2750 2753 2752
f 2750 2751 2753
f 2721 2754 2743
f 2721 2732 2754
f 2732 2755 2754
f 2732 2733 2755
f 2743 2756 2745
f 2743 2754 2756
f 2754 2757 2756
f 2754 2755 2757
f 2733 2758 2755
f 2733 2736 2758
f 2736 2759 2758
f 2736 2737 2759
f 2755 2760 2757
f 2755 2758 2760
f 2758 2761 2760
f 2758 2759 2761
f 2745 2762 2751
f 2745 2756 2762
f 2756 2763 2762
f 2756 2757 2763
f 2751 2764 2753
f 2751 2762 2764
f 2762 2765 2764
f 2762 2763 2765
f 2757 2766 2763
f 2757 2760 2766
f 2760 2767 2766
f 2760 2761 2767
f 2763 2768 2765
f 2763 2766 2768
f 2766 2769 2768
f 2766 2767 2769
f 1455 2770 2003
f 1455 1808 2770
f 1808 2771 2770
f 1808 1809 2771
f 2003 2772 2005
f 2003 2770 2772
f 2770 2773 2772
f 2770 2771 2773
f 1809 2774 2771
f 1809 1812 2774
f 1812 2775 2774
f 1812 1813 2775
f 2771 2776 2773
f 2771 2774 2776
f 2774 2777 2776
f 2774 2775 2777
f 2005 2778 2011
f 2005 2772 2778
f 2772 2779 2778
f 2772 2773 2779
f 2011 2780 2013
f 2011 2778 2780
f 2778 2781 2780
f 2778 2779 2781
f 2773 2782 2779
f 2773 2776 2782
f 2776 2783 2782
f 2776 2777 2783
f 2779 2784 2781
f 2779 2782 2784
f 2782 2785 2784
f 2782 2783 2785
f 1813 2786 2775
f 1813 1824 2786
f 1824 2787 2786
f 1824 1825 2787
f 2775 2788 2777
f 2775 2786 2788
f 2786 2789 2788
f 2786 2787 2789
f 1825 2790 2787
f 1825 1828 2790
f 1828 2791 2790
f 1828 1829 2791
f 2787 2792 2789
f 2787 2790 2792
f 2790 2793 2792
f 2790 2791 2793
f 2777 2794 2783
f 2777 2788 2794
f 2788 2795 2794
f 2788 2789 2795
f 2783 2796 2785
f 2783 2794 2796
f 2794 2797 2796
f 2794 2795 2797
f 2789 2798 2795
f 2789 2792 2798
f 2792 2799 2798
f 2792 2793 2799
f 2795 2800 2797
f 2795 2798 2800
f 2798 2801 2800
f 2798 2799 2801
f 2013 2802 2035
f 2013 2780 2802
f 2780 2803 2802
f 2780 2781 2803
f 2035 2804 2037
f 2035 2802 2804
f 2802 2805 2804
f 2802 2803 2805
f 2781 2806 2803
f 2781 2784 2806
f 2784 2807 2806
f 2784 2785 2807
f 2803 2808 2805
f 2803 2806 2808
f 2806 2809 2808
f 2806 2807 2809
f 2037 2810 2043
f 2037 2804 2810
f 2804 2811 2810
f 2804 2805 2811
f 2043 2812 2045
f 2043 2810 2812
f 2810 2813 2812
f 2810 2811 2813
f 2805 2814 2811
f 2805 2808 2814
f 2808 2815 2814
f 2808 2809 2815
f 2811 2816 2813
f 2811 2814 2816
f 2814 2817 2816
f 2814 2815 2817
f 2785 2818 2807
f 2785 2796 2818
f 2796 2819 2818
f 2796 2797 2819
f 2807 2820 2809
f 2807 2818 2820
f 2818 2821 2820
f 2818 2819 2821
f 2797 2822 2819
f 2797 2800 2822
f 2800 2823 2822
f 2800 2801 2823
f 2819 2824 2821
f 2819 2822 2824
f 2822 2825 2824
f 2822 2823 2825
f 2809 2826 2815
f 2809 2820 2826
f 2820 2827 2826
f 2820 2821 2827
f 2815 2828 2817
f 2815 2826 2828
f 2826 2829 2828
f 2826 2827 2829
f 2821 2830 2827
f 2821 2824 2830
f 2824 2831 2830
f 2824 2825 2831
f 2827 2832 2829
f 2827 2830 2832
f 2830 2833 2832
f 2830 2831 2833
f 1829 2834 2791
f 1829 1860 2834
f 1860 2835 2834
f 1860 1861 2835
f 2791 2836 2793
f 2791 2834 2836
f 2834 2837 2836
f 2834 2835 2837
f 1861 2838 2835
f 1861 1864 2838
f 1864 2839 2838
f 1864 1865 2839
f 2835 2840 2837
f 2835 2838 2840
f 2838 2841 2840
f 2838 2839 2841
f 2793 2842 2799
f 2793 2836 2842
f 2836 2843 2842
f 2836 2837 2843
f 2799 2844 2801
f 2799 2842 2844
f 2842 2845 2844
f 2842 2843 2845
f 2837 2846 2843
f 2837 2840 2846
f 2840 2847 2846
f 2840 2841 2847
f 2843 2848 2845
f 2843 2846 2848
f 2846 2849 2848
f 2846 2847 2849
f 1865 2850 2839
f 1865 1869 2850
f 2839 2851 2841
f 2839 2850 2851
f 2841 2852 2847
f 2841 2851 2852
f 2847 2853 2849
f 2847 2852 2853
f 2801 2854 2823
f 2801 2844 2854
f 2844 2855 2854
f 2844 2845 2855
f 2823 2856 2825
f 2823 2854 2856
f 2854 2857 2856
f 2854 2855 2857
f 2845 2858 2855
f 2845 2848 2858
f 2848 2859 2858
f 2848 2849 2859
f 2855 2860 2857
f 2855 2858 2860
f 2858 2861 2860
f 2858 2859 2861
f 2825 2862 2831
f 2825 2856 2862
f 2856 2863 2862
f 2856 2857 2863
f 2831 2864 2833
f 2831 2862 2864
f 2862 2865 2864
f 2862 2863 2865
f 2857 2866 2863
f 2857 2860 2866
f 2860 2867 2866
f 2860 2861 2867
f 2863 2868 2865
f 2863 2866 2868
f 2866 2869 2868
f 2866 2867 2869
f 2849 2870 2859
f 2849 2853 2870
f 2859 2871 2861
f 2859 2870 2871
f 2861 2872 2867
f 2861 2871 2872
f 2867 2873 2869
f 2867 2872 2873
f 2045 2874 2179
f 2045 2812 2874
f 2812 2875 2874
f 2812 2813 2875
f 2179 2876 2181
f 2179 2874 2876
f 2874 2877 2876
f 2874 2875 2877
f 2813 2878 2875
f 2813 2816 2878
f 2816 2879 2878
f 2816 2817 2879
f 2875 2880 2877
f 2875 2878 2880
f 2878 2881 2880
f 2878 2879 2881
f 2181 2882 2187
f 2181 2876 2882
f 2876 2883 2882
f 2876 2877 2883
f 2187 2884 2189
f 2187 2882 2884
f 2882 2885 2884
f 2882 2883 2885
f 2877 2886 2883
f 2877 2880 2886
f 2880 2887 2886
f 2880 2881 2887
f 2883 2888 2885
f 2883 2886 2888
f 2886 2889 2888
f 2886 2887 2889
f 2817 2890 2879
f 2817 2828 2890
f 2828 2891 2890
f 2828 2829 2891
f 2879 2892 2881
f 2879 2890 2892
f 2890 2893 2892
f 2890 2891 2893
f 2829 2894 2891
f 2829 2832 2894
f 2832 2895 2894
f 2832 2833 2895
f 2891 2896 2893
f 2891 2894 2896
f 2894 2897 2896
f 2894 2895 2897
f 2881 2898 2887
f 2881 2892 2898
f 2892 2899 2898
f 2892 2893 2899
f 2887 2900 2889
f 2887 2898 2900
f 2898 2901 2900
f 2898 2899 2901
f 2893 2902 2899
f 2893 2896 2902
f 2896 2903 2902
f 2896 2897 2903
f 2899 2904 2901
f 2899 2902 2904
f 2902 2905 2904
f 2902 2903 2905
f 2189 2906 2211
f 2189 2884 2906
f 2884 2907 2906
f 2884 2885 2907
f 2211 2908 2213
f 2211 2906 2908
f 2906 2909 2908
f 2906 2907 2909
f 2885 2910 2907
f 2885 2888 2910
f 2888 2911 2910
f 2888 2889 2911
f 2907 2912 2909
f 2907 2910 2912
f 2910 2913 2912
f 2910 2911 2913
f 2213 2914 2219
f 2213 2908 2914
f 2908 2915 2914
f 2908 2909 2915
f 2219 2916 2221
f 2219 2914 2916
f 2914 2917 2916
f 2914 2915 2917
f 2909 2918 2915
f 2909 2912 2918
f 2912 2919 2918
f 2912 2913 2919
f 2915 2920 2917
f 2915 2918 2920
f 2918 2921 2920
f 2918 2919 2921
f 2889 2922 2911
f 2889 2900 2922
f 2900 2923 2922
f 2900 2901 2923
f 2911 2924 2913
f 2911 2922 2924
f 2922 2925 2924
f 2922 2923 2925
f 2901 2926 2923
f 2901 2904 2926
f 2904 2927 2926
f 2904 2905 2927
f 2923 2928 2925
f 2923 2926 2928
f 2926 2929 2928
f 2926 2927 2929
f 2913 2930 2919
f 2913 2924 2930
f 2924 2931 2930
f 2924 2925 2931
f 2919 2932 2921
f 2919 2930 2932
f 2930 2933 2932
f 2930 2931 2933
f 2925 2934 2931
f 2925 2928 2934
f 2928 2935 2934
f 2928 2929 2935
f 2931 2936 2933
f 2931 2934 2936
f 2934 2937 2936
f 2934 2935 2937
f 2833 2938 2895
f 2833 2864 2938
f 2864 2939 2938
f 2864 2865 2939
f 2895 2940 2897
f 2895 2938 2940
f 2938 2941 2940
f 2938 2939 2941
f 2865 2942 2939
f 2865 2868 2942
f 2868 2943 2942
f 2868 2869 2943
f 2939 2944 2941
f 2939 2942 2944
f 2942 2945 2944
f 2942 2943 2945
f 2897 2946 2903
f 2897 2940 2946
f 2940 2947 2946
f 2940 2941 2947
f 2903 2948 2905
f 2903 2946 2948
f 2946 2949 2948
f 2946 2947 2949
f 2941 2950 2947
f 2941 2944 2950
f 2944 2951 2950
f 2944 2945 2951
f 2947 2952 2949
f 2947 2950 2952
f 2950 2953 2952
f 2950 2951 2953
f 2869 2954 2943
f 2869 2873 2954
f 2943 2955 2945
f 2943 2954 2955
f 2945 2956 2951
f 2945 2955 2956
f 2951 2957 2953
f 2951 2956 2957
f 2905 2958 2927
f 2905 2948 2958
f 2948 2959 2958
f 2948 2949 2959
f 2927 2960 2929
f 2927 2958 2960
f 2958 2961 2960
f 2958 2959 2961
f 2949 2962 2959
f 2949 2952 2962
f 2952 2963 2962
f 2952 2953 2963
f 2959 2964 2961
f 2959 2962 2964
f 2962 2965 2964
f 2962 2963 2965
f 2929 2966 2935
f 2929 2960 2966
f 2960 2967 2966
f 2960 2961 2967
f 2935 2968 2937
f 2935 2966 2968
f 2966 2969 2968
f 2966 2967 2969
f 2961 2970 2967
f 2961 2964 2970
f 2964 2971 2970
f 2964 2965 2971
f 2967 2972 2969
f 2967 2970 2972
f 2970 2973 2972
f 2970 2971 2973
f 2953 2974 2963
f 2953 2957 2974
f 2963 2975 2965
f 2963 2974 2975
f 2965 2976 2971
f 2965 2975 2976
f 2971 2977 2973
f 2971 2976 2977
f 2221 2978 2511
f 2221 2916 2978
f 2916 2979 2978
f 2916 2917 2979
f 2511 2980 2513
f 2511 2978 2980
f 2978 2981 2980
f 2978 2979 2981
f 2917 2982 2979
f 2917 2920 2982
f 2920 2983 2982
f 2920 2921 2983
f 2979 2984 2981
f 2979 2982 2984
f 2982 2985 2984
f 2982 2983 2985
f 2513 2986 2519
f 2513 2980 2986
f 2980 2987 2986
f 2980 2981 2987
f 2519 2988 2521
f 2519 2986 2988
f 2986 2989 2988
f 2986 2987 2989
f 2981 2990 2987
f 2981 2984 2990
f 2984 2991 2990
f 2984 2985 2991
f 2987 2992 2989
f 2987 2990 2992
f 2990 2993 2992
f 2990 2991 2993
f 2921 2994 2983
f 2921 2932 2994
f 2932 2995 2994
f 2932 2933 2995
f 2983 2996 2985
f 2983 2994 2996
f 2994 2997 2996
f 2994 2995 2997
f 2933 2998 2995
f 2933 2936 2998
f 2936 2999 2998
f 2936 2937 2999
f 2995 3000 2997
f 2995 2998 3000
f 2998 3001 3000
f 2998 2999 3001
f 2985 3002 2991
f 2985 2996 3002
f 2996 3003 3002
f 2996 2997 3003
f 2991 3004 2993
f 2991 3002 3004
f 3002 3005 3004
f 3002 3003 3005
f 2997 3006 3003
f 2997 3000 3006
f 3000 3007 3006
f 3000 3001 3007
f 3003 3008 3005
f 3003 3006 3008
f 3006 3009 3008
f 3006 3007 3009
f 2521 3010 2547
f 2521 2988 3010
f 2988 3011 3010
f 2988 2989 3011
f 2547 3012 2549
f 2547 3010 3012
f 3010 3013 3012
f 3010 3011 3013
f 2989 3014 3011
f 2989 2992 3014
f 2992 3015 3014
f 2992 2993 3015
f 3011 3016 3013
f 3011 3014 3016
f 3014 3017 3016
f 3014 3015 3017
f 2559 3018 2558
f 2559 3019 3018
f 2549 3019 2559
f 2549 3012 3019
f 3019 3020 3018
f 3019 3021 3020
f 3012 3021 3019
f 3012 3013 3021
f 2558 3022 2561
f 2558 3018 3022
f 3018 3023 3022
f 3018 3020 3023
f 3021 3024 3020
f 3021 3025 3024
f 3013 3025 3021
f 3013 3016 3025
f 3025 3026 3024
f 3025 3027 3026
f 3016 3027 3025
f 3016 3017 3027
f 3020 3028 3023
f 3020 3024 3028
f 3024 3029 3028
f 3024 3026 3029
f 2993 3030 3015
f 2993 3004 3030
f 3004 3031 3030
f 3004 3005 3031
f 3015 3032 3017
f 3015 3030 3032
f 3030 3033 3032
f 3030 3031 3033
f 3005 3034 3031
f 3005 3008 3034
f 3008 3035 3034
f 3008 3009 3035
f 3031 3036 3033
f 3031 3034 3036
f 3034 3037 3036
f 3034 3035 3037
f 3027 3038 3026
f 3027 3039 3038
f 3017 3039 3027
f 3017 3032 3039
f 3039 3040 3038
f 3039 3041 3040
f 3032 3041 3039
f 3032 3033 3041
f 3026 3042 3029
f 3026 3038 3042
f 3038 3043 3042
f 3038 3040 3043
f 3041 3044 3040
f 3041 3045 3044
f 3033 3045 3041
f 3033 3036 3045
f 3045 3046 3044
f 3045 3047 3046
f 3036 3047 3045
f 3036 3037 3047
f 3040 3048 3043
f 3040 3044 3048
f 3044 3049 3048
f 3044 3046 3049
f 2561 3050 2583
f 2561 3022 3050
f 3022 3051 3050
f 3022 3023 3051
f 2583 3052 2585
f 2583 3050 3052
f 3050 3053 3052
f 3050 3051 3053
f 3023 3054 3051
f 3023 3028 3054
f 3028 3055 3054
f 3028 3029 3055
f 3051 3056 3053
f 3051 3054 3056
f 3054 3057 3056
f 3054 3055 3057
f 2585 3058 2591
f 2585 3052 3058
f 3052 3059 3058
f 3052 3053 3059
f 2591 3060 2593
f 2591 3058 3060
f 3058 3061 3060
f 3058 3059 3061
f 3053 3062 3059
f 3053 3056 3062
f 3056 3063 3062
f 3056 3057 3063
f 3059 3064 3061
f 3059 3062 3064
f 3062 3065 3064
f 3062 3063 3065
f 3029 3066 3055
f 3029 3042 3066
f 3042 3067 3066
f 3042 3043 3067
f 3055 3068 3057
f 3055 3066 3068
f 3066 3069 3068
f 3066 3067 3069
f 3043 3070 3067
f 3043 3048 3070
f 3048 3071 3070
f 3048 3049 3071
f 3067 3072 3069
f 3067 3070 3072
f 3070 3073 3072
f 3070 3071 3073
f 3057 3074 3063
f 3057 3068 3074
f 3068 3075 3074
f 3068 3069 3075
f 3063 3076 3065
f 3063 3074 3076
f 3074 3077 3076
f 3074 3075 3077
f 3069 3078 3075
f 3069 3072 3078
f 3072 3079 3078
f 3072 3073 3079
f 3075 3080 3077
f 3075 3078 3080
f 3078 3081 3080
f 3078 3079 3081
f 2937 3082 2999
f 2937 2968 3082
f 2968 3083 3082
f 2968 2969 3083
f 2999 3084 3001
f 2999 3082 3084
f 3082 3085 3084
f 3082 3083 3085
f 2969 3086 3083
f 2969 2972 3086
f 2972 3087 3086
f 2972 2973 3087
f 3083 3088 3085
f 3083 3086 3088
f 3086 3089 3088
f 3086 3087 3089
f 3001 3090 3007
f 3001 3084 3090
f 3084 3091 3090
f 3084 3085 3091
f 3007 3092 3009
f 3007 3090 3092
f 3090 3093 3092
f 3090 3091 3093
f 3085 3094 3091
f 3085 3088 3094
f 3088 3095 3094
f 3088 3089 3095
f 3091 3096 3093
f 3091 3094 3096
f 3094 3097 3096
f 3094 3095 3097
f 2973 3098 3087
f 2973 2977 3098
f 3087 3099 3089
f 3087 3098 3099
f 3089 3100 3095
f 3089 3099 3100
f 3095 3101 3097
f 3095 3100 3101
f 3009 3102 3035
f 3009 3092 3102
f 3092 3103 3102
f 3092 3093 3103
f 3035 3104 3037
f 3035 3102 3104
f 3102 3105 3104
f 3102 3103 3105
f 3093 3106 3103
f 3093 3096 3106
f 3096 3107 3106
f 3096 3097 3107
f 3103 3108 3105
f 3103 3106 3108
f 3106 3109 3108
f 3106 3107 3109
f 3047 3110 3046
f 3047 3111 3110
f 3037 3111 3047
f 3037 3104 3111
f 3111 3112 3110
f 3111 3113 3112
f 3104 3113 3111
f 3104 3105 3113
f 3046 3114 3049
f 3046 3110 3114
f 3110 3115 3114
f 3110 3112 3115
f 3113 3116 3112
f 3113 3117 3116
f 3105 3117 3113
f 3105 3108 3117
f 3117 3118 3116
f 3117 3119 3118
f 3108 3119 3117
f 3108 3109 3119
f 3112 3120 3115
f 3112 3116 3120
f 3116 3121 3120
f 3116 3118 3121
f 3097 3122 3107
f 3097 3101 3122
f 3107 3123 3109
f 3107 3122 3123
f 3119 3124 3118
f 3119 3125 3124
f 3109 3125 3119
f 3109 3123 3125
f 3118 3126 3121
f 3118 3124 3126
f 3049 3127 3071
f 3049 3114 3127
f 3114 3128 3127
f 3114 3115 3128
f 3071 3129 3073
f 3071 3127 3129
f 3127 3130 3129
f 3127 3128 3130
f 3115 3131 3128
f 3115 3120 3131
f 3120 3132 3131
f 3120 3121 3132
f 3128 3133 3130
f 3128 3131 3133
f 3131 3134 3133
f 3131 3132 3134
f 3073 3135 3079
f 3073 3129 3135
f 3129 3136 3135
f 3129 3130 3136
f 3079 3137 3081
f 3079 3135 3137
f 3135 3138 3137
f 3135 3136 3138
f 3130 3139 3136
f 3130 3133 3139
f 3133 3140 3139
f 3133 3134 3140
f 3136 3141 3138
f 3136 3139 3141
f 3139 3142 3141
f 3139 3140 3142
f 3121 3143 3132
f 3121 3126 3143
f 3132 3144 3134
f 3132 3143 3144
f 3134 3145 3140
f 3134 3144 3145
f 3140 3146 3142
f 3140 3145 3146
f 2593 3147 2727
f 2593 3060 3147
f 3060 3148 3147
f 3060 3061 3148
f 2727 3149 2729
f 2727 3147 3149
f 3147 3150 3149
f 3147 3148 3150
f 3061 3151 3148
f 3061 3064 3151
f 3064 3152 3151
f 3064 3065 3152
f 3148 3153 3150
f 3148 3151 3153
f 3151 3154 3153
f 3151 3152 3154
f 2729 3155 2735
f 2729 3149 3155
f 3149 3156 3155
f 3149 3150 3156
f 2735 3157 2737
f 2735 3155 3157
f 3155 3158 3157
f 3155 3156 3158
f 3150 3159 3156
f 3150 3153 3159
f 3153 3160 3159
f 3153 3154 3160
f 3156 3161 3158
f 3156 3159 3161
f 3159 3162 3161
f 3159 3160 3162
f 3065 3163 3152
f 3065 3076 3163
f 3076 3164 3163
f 3076 3077 3164
f 3152 3165 3154
f 3152 3163 3165
f 3163 3166 3165
f 3163 3164 3166
f 3077 3167 3164
f 3077 3080 3167
f 3080 3168 3167
f 3080 3081 3168
f 3164 3169 3166
f 3164 3167 3169
f 3167 3170 3169
f 3167 3168 3170
f 3154 3171 3160
f 3154 3165 3171
f 3165 3172 3171
f 3165 3166 3172
f 3160 3173 3162
f 3160 3171 3173
f 3171 3174 3173
f 3171 3172 3174
f 3166 3175 3172
f 3166 3169 3175
f 3169 3176 3175
f 3169 3170 3176
f 3172 3177 3174
f 3172 3175 3177
f 3175 3178 3177
f 3175 3176 3178
f 2737 3179 2759
f 2737 3157 3179
f 3157 3180 3179
f 3157 3158 3180
f 2759 3181 2761
f 2759 3179 3181
f 3179 3182 3181
f 3179 3180 3182
f 3158 3183 3180
f 3158 3161 3183
f 3161 3184 3183
f 3161 3162 3184
f 3180 3185 3182
f 3180 3183 3185
f 3183 3186 3185
f 3183 3184 3186
f 2761 3187 2767
f 2761 3181 3187
f 3181 3188 3187
f 3181 3182 3188
f 2767 3189 2769
f 2767 3187 3189
f 3187 3190 3189
f 3187 3188 3190
f 3182 3191 3188
f 3182 3185 3191
f 3185 3192 3191
f 3185 3186 3192
f 3188 3193 3190
f 3188 3191 3193
f 3191 3194 3193
f 3191 3192 3194
f 3162 3195 3184
f 3162 3173 3195
f 3173 3196 3195
f 3173 3174 3196
f 3184 3197 3186
f 3184 3195 3197
f 3195 3198 3197
f 3195 3196 3198
f 3174 3199 3196
f 3174 3177 3199
f 3177 3200 3199
f 3177 3178 3200
f 3196 3201 3198
f 3196 3199 3201
f 3199 3202 3201
f 3199 3200 3202
f 3186 3203 3192
f 3186 3197 3203
f 3197 3204 3203
f 3197 3198 3204
f 3192 3205 3194
f 3192 3203 3205
f 3203 3206 3205
f 3203 3204 3206
f 3198 3207 3204
f 3198 3201 3207
f 3201 3208 3207
f 3201 3202 3208
f 3204 3209 3206
f 3204 3207 3209
f 3207 3210 3209
f 3207 3208 3210
f 3081 3211 3168
f 3081 3137 3211
f 3137 3212 3211
f 3137 3138 3212
f 3168 3213 3170
f 3168 3211 3213
f 3211 3214 3213
f 3211 3212 3214
f 3138 3215 3212
f 3138 3141 3215
f 3141 3216 3215
f 3141 3142 3216
f 3212 3217 3214
f 3212 3215 3217
f 3215 3218 3217
f 3215 3216 3218
f 3170 3219 3176
f 3170 3213 3219
f 3213 3220 3219
f 3213 3214 3220
f 3176 3221 3178
f 3176 3219 3221
f 3219 3222 3221
f 3219 3220 3222
f 3214 3223 3220
f 3214 3217 3223
f 3217 3224 3223
f 3217 3218 3224
f 3220 3225 3222
f 3220 3223 3225
f 3223 3226 3225
f 3223 3224 3226
f 3142 3227 3216
f 3142 3146 3227
f 3216 3228 3218
f 3216 3227 3228
f 3218 3229 3224
f 3218 3228 3229
f 3224 3230 3226
f 3224 3229 3230
f 3178 3231 3200
f 3178 3221 3231
f 3221 3232 3231
f 3221 3222 3232
f 3200 3233 3202
f 3200 3231 3233
f 3231 3234 3233
f 3231 3232 3234
f 3222 3235 3232
f 3222 3225 3235
f 3225 3236 3235
f 3225 3226 3236
f 3232 3237 3234
f 3232 3235 3237
f 3235 3238 3237
f 3235 3236 3238
f 3202 3239 3208
f 3202 3233 3239
f 3233 3240 3239
f 3233 3234 3240
f 3208 3241 3210
f 3208 3239 3241
f 3239 3242 3241
f 3239 3240 3242
f 3234 3243 3240
f 3234 3237 3243
f 3237 3244 3243
f 3237 3238 3244
f 3240 3245 3242
f 3240 3243 3245
f 3243 3246 3245
f 3243 3244 3246
f 3226 3247 3236
f 3226 3230 3247
f 3236 3248 3238
f 3236 3247 3248
f 3238 3249 3244
f 3238 3248 3249
f 3244 3250 3246
f 3244 3249 3250
f 185 3251 490
f 185 1086 3251
f 1086 3252 3251
f 1086 1087 3252
f 490 3253 493
f 490 3251 3253
f 3251 3254 3253
f 3251 3252 3254
f 493 3255 500
f 493 3253 3255
f 3253 3256 3255
f 3253 3254 3256
f 500 3257 503
f 500 3255 3257
f 3255 3258 3257
f 3255 3256 3258
f 1087 3259 3252
f 1087 1098 3259
f 1098 3260 3259
f 1098 1099 3260
f 3252 3261 3254
f 3252 3259 3261
f 3259 3262 3261
f 3259 3260 3262
f 1099 3263 3260
f 1099 1102 3263
f 1102 3264 3263
f 1102 1103 3264
f 3260 3265 3262
f 3260 3263 3265
f 3263 3266 3265
f 3263 3264 3266
f 3254 3267 3256
f 3254 3261 3267
f 3261 3268 3267
f 3261 3262 3268
f 3256 3269 3258
f 3256 3267 3269
f 3267 3270 3269
f 3267 3268 3270
f 3262 3271 3268
f 3262 3265 3271
f 3265 3272 3271
f 3265 3266 3272
f 3268 3273 3270
f 3268 3271 3273
f 3271 3274 3273
f 3271 3272 3274
f 503 3275 526
f 503 3257 3275
f 3257 3276 3275
f 3257 3258 3276
f 526 3277 529
f 526 3275 3277
f 3275 3278 3277
f 3275 3276 3278
f 529 3279 536
f 529 3277 3279
f 3277 3280 3279
f 3277 3278 3280
f 536 3281 539
f 536 3279 3281
f 3279 3282 3281
f 3279 3280 3282
f 3258 3283 3276
f 3258 3269 3283
f 3269 3284 3283
f 3269 3270 3284
f 3276 3285 3278
f 3276 3283 3285
f 3283 3286 3285
f 3283 3284 3286
f 3270 3287 3284
f 3270 3273 3287
f 3273 3288 3287
f 3273 3274 3288
f 3284 3289 3286
f 3284 3287 3289
f 3287 3290 3289
f 3287 3288 3290
f 3278 3291 3280
f 3278 3285 3291
f 3285 3292 3291
f 3285 3286 3292
f 3280 3293 3282
f 3280 3291 3293
f 3291 3294 3293
f 3291 3292 3294
f 3286 3295 3292
f 3286 3289 3295
f 3289 3296 3295
f 3289 3290 3296
f 3292 3297 3294
f 3292 3295 3297
f 3295 3298 3297
f 3295 3296 3298
f 539 3299 626
f 539 3281 3299
f 3281 3300 3299
f 3281 3282 3300
f 626 3301 629
f 626 3299 3301
f 3299 3302 3301
f 3299 3300 3302
f 629 3303 636
f 629 3301 3303
f 3301 3304 3303
f 3301 3302 3304
f 636 3305 639
f 636 3303 3305
f 3303 3306 3305
f 3303 3304 3306
f 3282 3307 3300
f 3282 3293 3307
f 3293 3308 3307
f 3293 3294 3308
f 3300 3309 3302
f 3300 3307 3309
f 3307 3310 3309
f 3307 3308 3310
f 3294 3311 3308
f 3294 3297 3311
f 3297 3312 3311
f 3297 3298 3312
f 3308 3313 3310
f 3308 3311 3313
f 3311 3314 3313
f 3311 3312 3314
f 3302 3315 3304
f 3302 3309 3315
f 3309 3316 3315
f 3309 3310 3316
f 3304 3317 3306
f 3304 3315 3317
f 3315 3318 3317
f 3315 3316 3318
f 3310 3319 3316
f 3310 3313 3319
f 3313 3320 3319
f 3313 3314 3320
f 3316 3321 3318
f 3316 3319 3321
f 3319 3322 3321
f 3319 3320 3322
f 663 3323 664
f 663 3324 3323
f 661 3324 663
f 661 662 3324
f 664 3325 667
f 664 3323 3325
f 667 3326 668
f 667 3325 3326
f 639 3327 662
f 639 3305 3327
f 3305 3328 3327
f 3305 3306 3328
f 3324 3329 3323
f 3324 3330 3329
f 662 3330 3324
f 662 3327 3330
f 3330 3331 3329
f 3330 3332 3331
f 3327 3332 3330
f 3327 3328 3332
f 3323 3333 3325
f 3323 3329 3333
f 3325 3334 3326
f 3325 3333 3334
f 3329 3335 3333
f 3329 3331 3335
f 3333 3336 3334
f 3333 3335 3336
f 668 3337 671
f 668 3326 3337
f 671 3338 672
f 671 3337 3338
f 672 3339 675
f 672 3338 3339
f 675 3340 676
f 675 3339 3340
f 3326 3341 3337
f 3326 3334 3341
f 3337 3342 3338
f 3337 3341 3342
f 3334 3343 3341
f 3334 3336 3343
f 3341 3344 3342
f 3341 3343 3344
f 3338 3345 3339
f 3338 3342 3345
f 3339 3346 3340
f 3339 3345 3346
f 3342 3347 3345
f 3342 3344 3347
f 3345 3348 3346
f 3345 3347 3348
f 3306 3349 3328
f 3306 3317 3349
f 3317 3350 3349
f 3317 3318 3350
f 3332 3351 3331
f 3332 3352 3351
f 3328 3352 3332
f 3328 3349 3352
f 3352 3353 3351
f 3352 3354 3353
f 3349 3354 3352
f 3349 3350 3354
f 3331 3355 3335
f 3331 3351 3355
f 3335 3356 3336
f 3335 3355 3356
f 3351 3357 3355
f 3351 3353 3357
f 3355 3358 3356
f 3355 3357 3358
f 3318 3359 3350
f 3318 3321 3359
f 3321 3360 3359
f 3321 3322 3360
f 3354 3361 3353
f 3354 3362 3361
f 3350 3362 3354
f 3350 3359 3362
f 3362 3363 3361
f 3362 3364 3363
f 3359 3364 3362
f 3359 3360 3364
f 3353 3365 3357
f 3353 3361 3365
f 3357 3366 3358
f 3357 3365 3366
f 3361 3367 3365
f 3361 3363 3367
f 3365 3368 3366
f 3365 3367 3368
f 3336 3369 3343
f 3336 3356 3369
f 3343 3370 3344
f 3343 3369 3370
f 3356 3371 3369
f 3356 3358 3371
f 3369 3372 3370
f 3369 3371 3372
f 3344 3373 3347
f 3344 3370 3373
f 3347 3374 3348
f 3347 3373 3374
f 3370 3375 3373
f 3370 3372 3375
f 3373 3376 3374
f 3373 3375 3376
f 3358 3377 3371
f 3358 3366 3377
f 3371 3378 3372
f 3371 3377 3378
f 3366 3379 3377
f 3366 3368 3379
f 3377 3380 3378
f 3377 3379 3380
f 3372 3381 3375
f 3372 3378 3381
f 3375 3382 3376
f 3375 3381 3382
f 3378 3383 3381
f 3378 3380 3383
f 3381 3384 3382
f 3381 3383 3384
f 676 3385 711
f 676 3340 3385
f 711 3386 712
f 711 3385 3386
f 712 3387 715
f 712 3386 3387
f 715 3388 716
f 715 3387 3388
f 3340 3389 3385
f 3340 3346 3389
f 3385 3390 3386
f 3385 3389 3390
f 3346 3391 3389
f 3346 3348 3391
f 3389 3392 3390
f 3389 3391 3392
f 3386 3393 3387
f 3386 3390 3393
f 3387 3394 3388
f 3387 3393 3394
f 3390 3395 3393
f 3390 3392 3395
f 3393 3396 3394
f 3393 3395 3396
f 716 3397 719
f 716 3388 3397
f 719 3398 720
f 719 3397 3398
f 720 3399 723
f 720 3398 3399
f 723 3400 724
f 723 3399 3400
f 3388 3401 3397
f 3388 3394 3401
f 3397 3402 3398
f 3397 3401 3402
f 3394 3403 3401
f 3394 3396 3403
f 3401 3404 3402
f 3401 3403 3404
f 3398 3405 3399
f 3398 3402 3405
f 3399 3406 3400
f 3399 3405 3406
f 3402 3407 3405
f 3402 3404 3407
f 3405 3408 3406
f 3405 3407 3408
f 3348 3409 3391
f 3348 3374 3409
f 3391 3410 3392
f 3391 3409 3410
f 3374 3411 3409
f 3374 3376 3411
f 3409 3412 3410
f 3409 3411 3412
f 3392 3413 3395
f 3392 3410 3413
f 3395 3414 3396
f 3395 3413 3414
f 3410 3415 3413
f 3410 3412 3415
f 3413 3416 3414
f 3413 3415 3416
f 3376 3417 3411
f 3376 3382 3417
f 3411 3418 3412
f 3411 3417 3418
f 3382 3419 3417
f 3382 3384 3419
f 3417 3420 3418
f 3417 3419 3420
f 3412 3421 3415
f 3412 3418 3421
f 3415 3422 3416
f 3415 3421 3422
f 3418 3423 3421
f 3418 3420 3423
f 3421 3424 3422
f 3421 3423 3424
f 3396 3425 3403
f 3396 3414 3425
f 3403 3426 3404
f 3403 3425 3426
f 3414 3427 3425
f 3414 3416 3427
f 3425 3428 3426
f 3425 3427 3428
f 3404 3429 3407
f 3404 3426 3429
f 3407 3430 3408
f 3407 3429 3430
f 3426 3431 3429
f 3426 3428 3431
f 3429 3432 3430
f 3429 3431 3432
f 3416 3433 3427
f 3416 3422 3433
f 3427 3434 3428
f 3427 3433 3434
f 3422 3435 3433
f 3422 3424 3435
f 3433 3436 3434
f 3433 3435 3436
f 3428 3437 3431
f 3428 3434 3437
f 3431 3438 3432
f 3431 3437 3438
f 3434 3439 3437
f 3434 3436 3439
f 3437 3440 3438
f 3437 3439 3440
f 1103 3441 3264
f 1103 1498 3441
f 1498 3442 3441
f 1498 1499 3442
f 3264 3443 3266
f 3264 3441 3443
f 3441 3444 3443
f 3441 3442 3444
f 1499 3445 3442
f 1499 1502 3445
f 1502 3446 3445
f 1502 1503 3446
f 3442 3447 3444
f 3442 3445 3447
f 3445 3448 3447
f 3445 3446 3448
f 3266 3449 3272
f 3266 3443 3449
f 3443 3450 3449
f 3443 3444 3450
f 3272 3451 3274
f 3272 3449 3451
f 3449 3452 3451
f 3449 3450 3452
f 3444 3453 3450
f 3444 3447 3453
f 3447 3454 3453
f 3447 3448 3454
f 3450 3455 3452
f 3450 3453 3455
f 3453 3456 3455
f 3453 3454 3456
f 1503 3457 3446
f 1503 1514 3457
f 1514 3458 3457
f 1514 1515 3458
f 3446 3459 3448
f 3446 3457 3459
f 3457 3460 3459
f 3457 3458 3460
f 1515 3461 3458
f 1515 1518 3461
f 1518 3462 3461
f 1518 1519 3462
f 3458 3463 3460
f 3458 3461 3463
f 3461 3464 3463
f 3461 3462 3464
f 3448 3465 3454
f 3448 3459 3465
f 3459 3466 3465
f 3459 3460 3466
f 3454 3467 3456
f 3454 3465 3467
f 3465 3468 3467
f 3465 3466 3468
f 3460 3469 3466
f 3460 3463 3469
f 3463 3470 3469
f 3463 3464 3470
f 3466 3471 3468
f 3466 3469 3471
f 3469 3472 3471
f 3469 3470 3472
f 3274 3473 3288
f 3274 3451 3473
f 3451 3474 3473
f 3451 3452 3474
f 3288 3475 3290
f 3288 3473 3475
f 3473 3476 3475
f 3473 3474 3476
f 3452 3477 3474
f 3452 3455 3477
f 3455 3478 3477
f 3455 3456 3478
f 3474 3479 3476
f 3474 3477 3479
f 3477 3480 3479
f 3477 3478 3480
f 3290 3481 3296
f 3290 3475 3481
f 3475 3482 3481
f 3475 3476 3482
f 3296 3483 3298
f 3296 3481 3483
f 3481 3484 3483
f 3481 3482 3484
f 3476 3485 3482
f 3476 3479 3485
f 3479 3486 3485
f 3479 3480 3486
f 3482 3487 3484
f 3482 3485 3487
f 3485 3488 3487
f 3485 3486 3488
f 3456 3489 3478
f 3456 3467 3489
f 3467 3490 3489
f 3467 3468 3490
f 3478 3491 3480
f 3478 3489 3491
f 3489 3492 3491
f 3489 3490 3492
f 3468 3493 3490
f 3468 3471 3493
f 3471 3494 3493
f 3471 3472 3494
f 3490 3495 3492
f 3490 3493 3495
f 3493 3496 3495
f 3493 3494 3496
f 3480 3497 3486
f 3480 3491 3497
f 3491 3498 3497
f 3491 3492 3498
f 3486 3499 3488
f 3486 3497 3499
f 3497 3500 3499
f 3497 3498 3500
f 3492 3501 3498
f 3492 3495 3501
f 3495 3502 3501
f 3495 3496 3502
f 3498 3503 3500
f 3498 3501 3503
f 3501 3504 3503
f 3501 3502 3504
f 1519 3505 3462
f 1519 1562 3505
f 1562 3506 3505
f 1562 1563 3506
f 3462 3507 3464
f 3462 3505 3507
f 3505 3508 3507
f 3505 3506 3508
f 1563 3509 3506
f 1563 1566 3509
f 1566 3510 3509
f 1566 1567 3510
f 3506 3511 3508
f 3506 3509 3511
f 3509 3512 3511
f 3509 3510 3512
f 3464 3513 3470
f 3464 3507 3513
f 3507 3514 3513
f 3507 3508 3514
f 3470 3515 3472
f 3470 3513 3515
f 3513 3516 3515
f 3513 3514 3516
f 3508 3517 3514
f 3508 3511 3517
f 3511 3518 3517
f 3511 3512 3518
f 3514 3519 3516
f 3514 3517 3519
f 3517 3520 3519
f 3517 3518 3520
f 1567 3521 3510
f 1567 1578 3521
f 1578 3522 3521
f 1578 1579 3522
f 3510 3523 3512
f 3510 3521 3523
f 3521 3524 3523
f 3521 3522 3524
f 1579 3525 3522
f 1579 1582 3525
f 1582 3526 3525
f 1582 1583 3526
f 3522 3527 3524
f 3522 3525 3527
f 3525 3528 3527
f 3525 3526 3528
f 3512 3529 3518
f 3512 3523 3529
f 3523 3530 3529
f 3523 3524 3530
f 3518 3531 3520
f 3518 3529 3531
f 3529 3532 3531
f 3529 3530 3532
f 3524 3533 3530
f 3524 3527 3533
f 3527 3534 3533
f 3527 3528 3534
f 3530 3535 3532
f 3530 3533 3535
f 3533 3536 3535
f 3533 3534 3536
f 3472 3537 3494
f 3472 3515 3537
f 3515 3538 3537
f 3515 3516 3538
f 3494 3539 3496
f 3494 3537 3539
f 3537 3540 3539
f 3537 3538 3540
f 3516 3541 3538
f 3516 3519 3541
f 3519 3542 3541
f 3519 3520 3542
f 3538 3543 3540
f 3538 3541 3543
f 3541 3544 3543
f 3541 3542 3544
f 3496 3545 3502
f 3496 3539 3545
f 3539 3546 3545
f 3539 3540 3546
f 3502 3547 3504
f 3502 3545 3547
f 3545 3548 3547
f 3545 3546 3548
f 3540 3549 3546
f 3540 3543 3549
f 3543 3550 3549
f 3543 3544 3550
f 3546 3551 3548
f 3546 3549 3551
f 3549 3552 3551
f 3549 3550 3552
f 3520 3553 3542
f 3520 3531 3553
f 3531 3554 3553
f 3531 3532 3554
f 3542 3555 3544
f 3542 3553 3555
f 3553 3556 3555
f 3553 3554 3556
f 3532 3557 3554
f 3532 3535 3557
f 3535 3558 3557
f 3535 3536 3558
f 3554 3559 3556
f 3554 3557 3559
f 3557 3560 3559
f 3557 3558 3560
f 3544 3561 3550
f 3544 3555 3561
f 3555 3562 3561
f 3555 3556 3562
f 3550 3563 3552
f 3550 3561 3563
f 3561 3564 3563
f 3561 3562 3564
f 3556 3565 3562
f 3556 3559 3565
f 3559 3566 3565
f 3559 3560 3566
f 3562 3567 3564
f 3562 3565 3567
f 3565 3568 3567
f 3565 3566 3568
f 3298 3569 3312
f 3298 3483 3569
f 3483 3570 3569
f 3483 3484 3570
f 3312 3571 3314
f 3312 3569 3571
f 3569 3572 3571
f 3569 3570 3572
f 3484 3573 3570
f 3484 3487 3573
f 3487 3574 3573
f 3487 3488 3574
f 3570 3575 3572
f 3570 3573 3575
f 3573 3576 3575
f 3573 3574 3576
f 3314 3577 3320
f 3314 3571 3577
f 3571 3578 3577
f 3571 3572 3578
f 3320 3579 3322
f 3320 3577 3579
f 3577 3580 3579
f 3577 3578 3580
f 3572 3581 3578
f 3572 3575 3581
f 3575 3582 3581
f 3575 3576 3582
f 3578 3583 3580
f 3578 3581 3583
f 3581 3584 3583
f 3581 3582 3584
f 3488 3585 3574
f 3488 3499 3585
f 3499 3586 3585
f 3499 3500 3586
f 3574 3587 3576
f 3574 3585 3587
f 3585 3588 3587
f 3585 3586 3588
f 3500 3589 3586
f 3500 3503 3589
f 3503 3590 3589
f 3503 3504 3590
f 3586 3591 3588
f 3586 3589 3591
f 3589 3592 3591
f 3589 3590 3592
f 3576 3593 3582
f 3576 3587 3593
f 3587 3594 3593
f 3587 3588 3594
f 3582 3595 3584
f 3582 3593 3595
f 3593 3596 3595
f 3593 3594 3596
f 3588 3597 3594
f 3588 3591 3597
f 3591 3598 3597
f 3591 3592 3598
f 3594 3599 3596
f 3594 3597 3599
f 3597 3600 3599
f 3597 3598 3600
f 3322 3601 3360
f 3322 3579 3601
f 3579 3602 3601
f 3579 3580 3602
f 3364 3603 3363
f 3364 3604 3603
f 3360 3604 3364
f 3360 3601 3604
f 3604 3605 3603
f 3604 3606 3605
f 3601 3606 3604
f 3601 3602 3606
f 3363 3607 3367
f 3363 3603 3607
f 3367 3608 3368
f 3367 3607 3608
f 3603 3609 3607
f 3603 3605 3609
f 3607 3610 3608
f 3607 3609 3610
f 3580 3611 3602
f 3580 3583 3611
f 3583 3612 3611
f 3583 3584 3612
f 3606 3613 3605
f 3606 3614 3613
f 3602 3614 3606
f 3602 3611 3614
f 3614 3615 3613
f 3614 3616 3615
f 3611 3616 3614
f 3611 3612 3616
f 3605 3617 3609
f 3605 3613 3617
f 3609 3618 3610
f 3609 3617 3618
f 3613 3619 3617
f 3613 3615 3619
f 3617 3620 3618
f 3617 3619 3620
f 3368 3621 3379
f 3368 3608 3621
f 3379 3622 3380
f 3379 3621 3622
f 3608 3623 3621
f 3608 3610 3623
f 3621 3624 3622
f 3621 3623 3624
f 3380 3625 3383
f 3380 3622 3625
f 3383 3626 3384
f 3383 3625 3626
f 3622 3627 3625
f 3622 3624 3627
f 3625 3628 3626
f 3625 3627 3628
f 3610 3629 3623
f 3610 3618 3629
f 3623 3630 3624
f 3623 3629 3630
f 3618 3631 3629
f 3618 3620 3631
f 3629 3632 3630
f 3629 3631 3632
f 3624 3633 3627
f 3624 3630 3633
f 3627 3634 3628
f 3627 3633 3634
f 3630 3635 3633
f 3630 3632 3635
f 3633 3636 3634
f 3633 3635 3636
f 3584 3637 3612
f 3584 3595 3637
f 3595 3638 3637
f 3595 3596 3638
f 3616 3639 3615
f 3616 3640 3639
f 3612 3640 3616
f 3612 3637 3640
f 3640 3641 3639
f 3640 3642 3641
f 3637 3642 3640
f 3637 3638 3642
f 3615 3643 3619
f 3615 3639 3643
f 3619 3644 3620
f 3619 3643 3644
f 3639 3645 3643
f 3639 3641 3645
f 3643 3646 3644
f 3643 3645 3646
f 3596 3647 3638
f 3596 3599 3647
f 3599 3648 3647
f 3599 3600 3648
f 3642 3649 3641
f 3642 3650 3649
f 3638 3650 3642
f 3638 3647 3650
f 3650 3651 3649
f 3650 3652 3651
f 3647 3652 3650
f 3647 3648 3652
f 3641 3653 3645
f 3641 3649 3653
f 3645 3654 3646
f 3645 3653 3654
f 3649 3655 3653
f 3649 3651 3655
f 3653 3656 3654
f 3653 3655 3656
f 3620 3657 3631
f 3620 3644 3657
f 3631 3658 3632
f 3631 3657 3658
f 3644 3659 3657
f 3644 3646 3659
f 3657 3660 3658
f 3657 3659 3660
f 3632 3661 3635
f 3632 3658 3661
f 3635 3662 3636
f 3635 3661 3662
f 3658 3663 3661
f 3658 3660 3663
f 3661 3664 3662
f 3661 3663 3664
f 3646 3665 3659
f 3646 3654 3665
f 3659 3666 3660
f 3659 3665 3666
f 3654 3667 3665
f 3654 3656 3667
f 3665 3668 3666
f 3665 3667 3668
f 3660 3669 3663
f 3660 3666 3669
f 3663 3670 3664
f 3663 3669 3670
f 3666 3671 3669
f 3666 3668 3671
f 3669 3672 3670
f 3669 3671 3672
f 3384 3673 3419
f 3384 3626 3673
f 3419 3674 3420
f 3419 3673 3674
f 3626 3675 3673
f 3626 3628 3675
f 3673 3676 3674
f 3673 3675 3676
f 3420 3677 3423
f 3420 3674 3677
f 3423 3678 3424
f 3423 3677 3678
f 3674 3679 3677
f 3674 3676 3679
f 3677 3680 3678
f 3677 3679 3680
f 3628 3681 3675
f 3628 3634 3681
f 3675 3682 3676
f 3675 3681 3682
f 3634 3683 3681
f 3634 3636 3683
f 3681 3684 3682
f 3681 3683 3684
f 3676 3685 3679
f 3676 3682 3685
f 3679 3686 3680
f 3679 3685 3686
f 3682 3687 3685
f 3682 3684 3687
f 3685 3688 3686
f 3685 3687 3688
f 3424 3689 3435
f 3424 3678 3689
f 3435 3690 3436
f 3435 3689 3690
f 3678 3691 3689
f 3678 3680 3691
f 3689 3692 3690
f 3689 3691 3692
f 3436 3693 3439
f 3436 3690 3693
f 3439 3694 3440
f 3439 3693 3694
f 3690 3695 3693
f 3690 3692 3695
f 3693 3696 3694
f 3693 3695 3696
f 3680 3697 3691
f 3680 3686 3697
f 3691 3698 3692
f 3691 3697 3698
f 3686 3699 3697
f 3686 3688 3699
f 3697 3700 3698
f 3697 3699 3700
f 3692 3701 3695
f 3692 3698 3701
f 3695 3702 3696
f 3695 3701 3702
f 3698 3703 3701
f 3698 3700 3703
f 3701 3704 3702
f 3701 3703 3704
f 3636 3705 3683
f 3636 3662 3705
f 3683 3706 3684
f 3683 3705 3706
f 3662 3707 3705
f 3662 3664 3707
f 3705 3708 3706
f 3705 3707 3708
f 3684 3709 3687
f 3684 3706 3709
f 3687 3710 3688
f 3687 3709 3710
f 3706 3711 3709
f 3706 3708 3711
f 3709 3712 3710
f 3709 3711 3712
f 3664 3713 3707
f 3664 3670 3713
f 3707 3714 3708
f 3707 3713 3714
f 3670 3715 3713
f 3670 3672 3715
f 3713 3716 3714
f 3713 3715 3716
f 3708 3717 3711
f 3708 3714 3717
f 3711 3718 3712
f 3711 3717 3718
f 3714 3719 3717
f 3714 3716 3719
f 3717 3720 3718
f 3717 3719 3720
f 3688 3721 3699
f 3688 3710 3721
f 3699 3722 3700
f 3699 3721 3722
f 3710 3723 3721
f 3710 3712 3723
f 3721 3724 3722
f 3721 3723 3724
f 3700 3725 3703
f 3700 3722 3725
f 3703 3726 3704
f 3703 3725 3726
f 3722 3727 3725
f 3722 3724 3727
f 3725 3728 3726
f 3725 3727 3728
f 3712 3729 3723
f 3712 3718 3729
f 3723 3730 3724
f 3723 3729 3730
f 3718 3731 3729
f 3718 3720 3731
f 3729 3732 3730
f 3729 3731 3732
f 3724 3733 3727
f 3724 3730 3733
f 3727 3734 3728
f 3727 3733 3734
f 3730 3735 3733
f 3730 3732 3735
f 3733 3736 3734
f 3733 3735 3736
f 3504 3737 3590
f 3504 3547 3737
f 3547 3738 3737
f 3547 3548 3738
f 3590 3739 3592
f 3590 3737 3739
f 3737 3740 3739
f 3737 3738 3740
f 3548 3741 3738
f 3548 3551 3741
f 3551 3742 3741
f 3551 3552 3742
f 3738 3743 3740
f 3738 3741 3743
f 3741 3744 3743
f 3741 3742 3744
f 3592 3745 3598
f 3592 3739 3745
f 3739 3746 3745
f 3739 3740 3746
f 3598 3747 3600
f 3598 3745 3747
f 3745 3748 3747
f 3745 3746 3748
f 3740 3749 3746
f 3740 3743 3749
f 3743 3750 3749
f 3743 3744 3750
f 3746 3751 3748
f 3746 3749 3751
f 3749 3752 3751
f 3749 3750 3752
f 3552 3753 3742
f 3552 3563 3753
f 3563 3754 3753
f 3563 3564 3754
f 3742 3755 3744
f 3742 3753 3755
f 3753 3756 3755
f 3753 3754 3756
f 3564 3757 3754
f 3564 3567 3757
f 3567 3758 3757
f 3567 3568 3758
f 3754 3759 3756
f 3754 3757 3759
f 3757 3760 3759
f 3757 3758 3760
f 3744 3761 3750
f 3744 3755 3761
f 3755 3762 3761
f 3755 3756 3762
f 3750 3763 3752
f 3750 3761 3763
f 3761 3764 3763
f 3761 3762 3764
f 3756 3765 3762
f 3756 3759 3765
f 3759 3766 3765
f 3759 3760 3766
f 3762 3767 3764
f 3762 3765 3767
f 3765 3768 3767
f 3765 3766 3768
f 3600 3769 3648
f 3600 3747 3769
f 3747 3770 3769
f 3747 3748 3770
f 3652 3771 3651
f 3652 3772 3771
f 3648 3772 3652
f 3648 3769 3772
f 3772 3773 3771
f 3772 3774 3773
f 3769 3774 3772
f 3769 3770 3774
f 3651 3775 3655
f 3651 3771 3775
f 3655 3776 3656
f 3655 3775 3776
f 3771 3777 3775
f 3771 3773 3777
f 3775 3778 3776
f 3775 3777 3778
f 3748 3779 3770
f 3748 3751 3779
f 3751 3780 3779
f 3751 3752 3780
f 3774 3781 3773
f 3774 3782 3781
f 3770 3782 3774
f 3770 3779 3782
f 3782 3783 3781
f 3782 3784 3783
f 3779 3784 3782
f 3779 3780 3784
f 3773 3785 3777
f 3773 3781 3785
f 3777 3786 3778
f 3777 3785 3786
f 3781 3787 3785
f 3781 3783 3787
f 3785 3788 3786
f 3785 3787 3788
f 3656 3789 3667
f 3656 3776 3789
f 3667 3790 3668
f 3667 3789 3790
f 3776 3791 3789
f 3776 3778 3791
f 3789 3792 3790
f 3789 3791 3792
f 3668 3793 3671
f 3668 3790 3793
f 3671 3794 3672
f 3671 3793 3794
f 3790 3795 3793
f 3790 3792 3795
f 3793 3796 3794
f 3793 3795 3796
f 3778 3797 3791
f 3778 3786 3797
f 3791 3798 3792
f 3791 3797 3798
f 3786 3799 3797
f 3786 3788 3799
f 3797 3800 3798
f 3797 3799 3800
f 3792 3801 3795
f 3792 3798 3801
f 3795 3802 3796
f 3795 3801 3802
f 3798 3803 3801
f 3798 3800 3803
f 3801 3804 3802
f 3801 3803 3804
f 3752 3805 3780
f 3752 3763 3805
f 3763 3806 3805
f 3763 3764 3806
f 3784 3807 3783
f 3784 3808 3807
f 3780 3808 3784
f 3780 3805 3808
f 3808 3809 3807
f 3808 3810 3809
f 3805 3810 3808
f 3805 3806 3810
f 3783 3811 3787
f 3783 3807 3811
f 3787 3812 3788
f 3787 3811 3812
f 3807 3813 3811
f 3807 3809 3813
f 3811 3814 3812
f 3811 3813 3814
f 3764 3815 3806
f 3764 3767 3815
f 3767 3816 3815
f 3767 3768 3816
f 3810 3817 3809
f 3810 3818 3817
f 3806 3818 3810
f 3806 3815 3818
f 3818 3819 3817
f 3818 3820 3819
f 3815 3820 3818
f 3815 3816 3820
f 3809 3821 3813
f 3809 3817 3821
f 3813 3822 3814
f 3813 3821 3822
f 3817 3823 3821
f 3817 3819 3823
f 3821 3824 3822
f 3821 3823 3824
f 3788 3825 3799
f 3788 3812 3825
f 3799 3826 3800
f 3799 3825 3826
f 3812 3827 3825
f 3812 3814 3827
f 3825 3828 3826
f 3825 3827 3828
f 3800 3829 3803
f 3800 3826 3829
f 3803 3830 3804
f 3803 3829 3830
f 3826 3831 3829
f 3826 3828 3831
f 3829 3832 3830
f 3829 3831 3832
f 3814 3833 3827
f 3814 3822 3833
f 3827 3834 3828
f 3827 3833 3834
f 3822 3835 3833
f 3822 3824 3835
f 3833 3836 3834
f 3833 3835 3836
f 3828 3837 3831
f 3828 3834 3837
f 3831 3838 3832
f 3831 3837 3838
f 3834 3839 3837
f 3834 3836 3839
f 3837 3840 3838
f 3837 3839 3840
f 3672 3841 3715
f 3672 3794 3841
f 3715 3842 3716
f 3715 3841 3842
f 3794 3843 3841
f 3794 3796 3843
f 3841 3844 3842
f 3841 3843 3844
f 3716 3845 3719
f 3716 3842 3845
f 3719 3846 3720
f 3719 3845 3846
f 3842 3847 3845
f 3842 3844 3847
f 3845 3848 3846
f 3845 3847 3848
f 3796 3849 3843
f 3796 3802 3849
f 3843 3850 3844
f 3843 3849 3850
f 3802 3851 3849
f 3802 3804 3851
f 3849 3852 3850
f 3849 3851 3852
f 3844 3853 3847
f 3844 3850 3853
f 3847 3854 3848
f 3847 3853 3854
f 3850 3855 3853
f 3850 3852 3855
f 3853 3856 3854
f 3853 3855 3856
f 3720 3857 3731
f 3720 3846 3857
f 3731 3858 3732
f 3731 3857 3858
f 3846 3859 3857
f 3846 3848 3859
f 3857 3860 3858
f 3857 3859 3860
f 3732 3861 3735
f 3732 3858 3861
f 3735 3862 3736
f 3735 3861 3862
f 3858 3863 3861
f 3858 3860 3863
f 3861 3864 3862
f 3861 3863 3864
f 3848 3865 3859
f 3848 3854 3865
f 3859 3866 3860
f 3859 3865 3866
f 3854 3867 3865
f 3854 3856 3867
f 3865 3868 3866
f 3865 3867 3868
f 3860 3869 3863
f 3860 3866 3869
f 3863 3870 3864
f 3863 3869 3870
f 3866 3871 3869
f 3866 3868 3871
f 3869 3872 3870
f 3869 3871 3872
f 3804 3873 3851
f 3804 3830 3873
f 3851 3874 3852
f 3851 3873 3874
f 3830 3875 3873
f 3830 3832 3875
f 3873 3876 3874
f 3873 3875 3876
f 3852 3877 3855
f 3852 3874 3877
f 3855 3878 3856
f 3855 3877 3878
f 3874 3879 3877
f 3874 3876 3879
f 3877 3880 3878
f 3877 3879 3880
f 3832 3881 3875
f 3832 3838 3881
f 3875 3882 3876
f 3875 3881 3882
f 3838 3883 3881
f 3838 3840 3883
f 3881 3884 3882
f 3881 3883 3884
f 3876 3885 3879
f 3876 3882 3885
f 3879 3886 3880
f 3879 3885 3886
f 3882 3887 3885
f 3882 3884 3887
f 3885 3888 3886
f 3885 3887 3888
f 3856 3889 3867
f 3856 3878 3889
f 3867 3890 3868
f 3867 3889 3890
f 3878 3891 3889
f 3878 3880 3891
f 3889 3892 3890
f 3889 3891 3892
f 3868 3893 3871
f 3868 3890 3893
f 3871 3894 3872
f 3871 3893 3894
f 3890 3895 3893
f 3890 3892 3895
f 3893 3896 3894
f 3893 3895 3896
f 3880 3897 3891
f 3880 3886 3897
f 3891 3898 3892
f 3891 3897 3898
f 3886 3899 3897
f 3886 3888 3899
f 3897 3900 3898
f 3897 3899 3900
f 3892 3901 3895
f 3892 3898 3901
f 3895 3902 3896
f 3895 3901 3902
f 3898 3903 3901
f 3898 3900 3903
f 3901 3904 3902
f 3901 3903 3904
f 724 3905 871
f 724 3400 3905
f 871 3906 872
f 871 3905 3906
f 872 3907 875
f 872 3906 3907
f 875 3908 876
f 875 3907 3908
f 3400 3909 3905
f 3400 3406 3909
f 3905 3910 3906
f 3905 3909 3910
f 3406 3911 3909
f 3406 3408 3911
f 3909 3912 3910
f 3909 3911 3912
f 3906 3913 3907
f 3906 3910 3913
f 3907 3914 3908
f 3907 3913 3914
f 3910 3915 3913
f 3910 3912 3915
f 3913 3916 3914
f 3913 3915 3916
f 876 3917 879
f 876 3908 3917
f 879 3918 880
f 879 3917 3918
f 880 3919 883
f 880 3918 3919
f 883 3920 884
f 883 3919 3920
f 3908 3921 3917
f 3908 3914 3921
f 3917 3922 3918
f 3917 3921 3922
f 3914 3923 3921
f 3914 3916 3923
f 3921 3924 3922
f 3921 3923 3924
f 3918 3925 3919
f 3918 3922 3925
f 3919 3926 3920
f 3919 3925 3926
f 3922 3927 3925
f 3922 3924 3927
f 3925 3928 3926
f 3925 3927 3928
f 3408 3929 3911
f 3408 3430 3929
f 3911 3930 3912
f 3911 3929 3930
f 3430 3931 3929
f 3430 3432 3931
f 3929 3932 3930
f 3929 3931 3932
f 3912 3933 3915
f 3912 3930 3933
f 3915 3934 3916
f 3915 3933 3934
f 3930 3935 3933
f 3930 3932 3935
f 3933 3936 3934
f 3933 3935 3936
f 3432 3937 3931
f 3432 3438 3937
f 3931 3938 3932
f 3931 3937 3938
f 3438 3939 3937
f 3438 3440 3939
f 3937 3940 3938
f 3937 3939 3940
f 3932 3941 3935
f 3932 3938 3941
f 3935 3942 3936
f 3935 3941 3942
f 3938 3943 3941
f 3938 3940 3943
f 3941 3944 3942
f 3941 3943 3944
f 3916 3945 3923
f 3916 3934 3945
f 3923 3946 3924
f 3923 3945 3946
f 3934 3947 3945
f 3934 3936 3947
f 3945 3948 3946
f 3945 3947 3948
f 3924 3949 3927
f 3924 3946 3949
f 3927 3950 3928
f 3927 3949 3950
f 3946 3951 3949
f 3946 3948 3951
f 3949 3952 3950
f 3949 3951 3952
f 3936 3953 3947
f 3936 3942 3953
f 3947 3954 3948
f 3947 3953 3954
f 3942 3955 3953
f 3942 3944 3955
f 3953 3956 3954
f 3953 3955 3956
f 3948 3957 3951
f 3948 3954 3957
f 3951 3958 3952
f 3951 3957 3958
f 3954 3959 3957
f 3954 3956 3959
f 3957 3960 3958
f 3957 3959 3960
f 884 3961 911
f 884 3920 3961
f 911 3962 912
f 911 3961 3962
f 912 3963 915
f 912 3962 3963
f 915 3964 916
f 915 3963 3964
f 3920 3965 3961
f 3920 3926 3965
f 3961 3966 3962
f 3961 3965 3966
f 3926 3967 3965
f 3926 3928 3967
f 3965 3968 3966
f 3965 3967 3968
f 3962 3969 3963
f 3962 3966 3969
f 3963 3970 3964
f 3963 3969 3970
f 3966 3971 3969
f 3966 3968 3971
f 3969 3972 3970
f 3969 3971 3972
f 916 3964 920
f 3964 3973 920
f 3964 3970 3973
f 920 3974 922
f 920 3973 3974
f 3970 3975 3973
f 3970 3972 3975
f 3973 3976 3974
f 3973 3975 3976
f 3928 3977 3967
f 3928 3950 3977
f 3967 3978 3968
f 3967 3977 3978
f 3950 3979 3977
f 3950 3952 3979
f 3977 3980 3978
f 3977 3979 3980
f 3968 3981 3971
f 3968 3978 3981
f 3971 3982 3972
f 3971 3981 3982
f 3978 3983 3981
f 3978 3980 3983
f 3981 3984 3982
f 3981 3983 3984
f 3952 3985 3979
f 3952 3958 3985
f 3979 3986 3980
f 3979 3985 3986
f 3958 3987 3985
f 3958 3960 3987
f 3985 3988 3986
f 3985 3987 3988
f 3980 3989 3983
f 3980 3986 3989
f 3983 3990 3984
f 3983 3989 3990
f 3986 3991 3989
f 3986 3988 3991
f 3989 3992 3990
f 3989 3991 3992
f 3972 3993 3975
f 3972 3982 3993
f 3975 3994 3976
f 3975 3993 3994
f 3982 3995 3993
f 3982 3984 3995
f 3993 3996 3994
f 3993 3995 3996
f 3984 3997 3995
f 3984 3990 3997
f 3995 3998 3996
f 3995 3997 3998
f 3990 3999 3997
f 3990 3992 3999
f 3997 4000 3998
f 3997 3999 4000
f 3440 4001 3939
f 3440 3694 4001
f 3939 4002 3940
f 3939 4001 4002
f 3694 4003 4001
f 3694 3696 4003
f 4001 4004 4002
f 4001 4003 4004
f 3940 4005 3943
f 3940 4002 4005
f 3943 4006 3944
f 3943 4005 4006
f 4002 4007 4005
f 4002 4004 4007
f 4005 4008 4006
f 4005 4007 4008
f 3696 4009 4003
f 3696 3702 4009
f 4003 4010 4004
f 4003 4009 4010
f 3702 4011 4009
f 3702 3704 4011
f 4009 4012 4010
f 4009 4011 4012
f 4004 4013 4007
f 4004 4010 4013
f 4007 4014 4008
f 4007 4013 4014
f 4010 4015 4013
f 4010 4012 4015
f 4013 4016 4014
f 4013 4015 4016
f 3944 4017 3955
f 3944 4006 4017
f 3955 4018 3956
f 3955 4017 4018
f 4006 4019 4017
f 4006 4008 4019
f 4017 4020 4018
f 4017 4019 4020
f 3956 4021 3959
f 3956 4018 4021
f 3959 4022 3960
f 3959 4021 4022
f 4018 4023 4021
f 4018 4020 4023
f 4021 4024 4022
f 4021 4023 4024
f 4008 4025 4019
f 4008 4014 4025
f 4019 4026 4020
f 4019 4025 4026
f 4014 4027 4025
f 4014 4016 4027
f 4025 4028 4026
f 4025 4027 4028
f 4020 4029 4023
f 4020 4026 4029
f 4023 4030 4024
f 4023 4029 4030
f 4026 4031 4029
f 4026 4028 4031
f 4029 4032 4030
f 4029 4031 4032
f 3704 4033 4011
f 3704 3726 4033
f 4011 4034 4012
f 4011 4033 4034
f 3726 4035 4033
f 3726 3728 4035
f 4033 4036 4034
f 4033 4035 4036
f 4012 4037 4015
f 4012 4034 4037
f 4015 4038 4016
f 4015 4037 4038
f 4034 4039 4037
f 4034 4036 4039
f 4037 4040 4038
f 4037 4039 4040
f 3728 4041 4035
f 3728 3734 4041
f 4035 4042 4036
f 4035 4041 4042
f 3734 4043 4041
f 3734 3736 4043
f 4041 4044 4042
f 4041 4043 4044
f 4036 4045 4039
f 4036 4042 4045
f 4039 4046 4040
f 4039 4045 4046
f 4042 4047 4045
f 4042 4044 4047
f 4045 4048 4046
f 4045 4047 4048
f 4016 4049 4027
f 4016 4038 4049
f 4027 4050 4028
f 4027 4049 4050
f 4038 4051 4049
f 4038 4040 4051
f 4049 4052 4050
f 4049 4051 4052
f 4028 4053 4031
f 4028 4050 4053
f 4031 4054 4032
f 4031 4053 4054
f 4050 4055 4053
f 4050 4052 4055
f 4053 4056 4054
f 4053 4055 4056
f 4040 4057 4051
f 4040 4046 4057
f 4051 4058 4052
f 4051 4057 4058
f 4046 4059 4057
f 4046 4048 4059
f 4057 4060 4058
f 4057 4059 4060
f 4052 4061 4055
f 4052 4058 4061
f 4055 4062 4056
f 4055 4061 4062
f 4058 4063 4061
f 4058 4060 4063
f 4061 4064 4062
f 4061 4063 4064
f 3960 4065 3987
f 3960 4022 4065
f 3987 4066 3988
f 3987 4065 4066
f 4022 4067 4065
f 4022 4024 4067
f 4065 4068 4066
f 4065 4067 4068
f 3988 4069 3991
f 3988 4066 4069
f 3991 4070 3992
f 3991 4069 4070
f 4066 4071 4069
f 4066 4068 4071
f 4069 4072 4070
f 4069 4071 4072
f 4024 4073 4067
f 4024 4030 4073
f 4067 4074 4068
f 4067 4073 4074
f 4030 4075 4073
f 4030 4032 4075
f 4073 4076 4074
f 4073 4075 4076
f 4068 4077 4071
f 4068 4074 4077
f 4071 4078 4072
f 4071 4077 4078
f 4074 4079 4077
f 4074 4076 4079
f 4077 4080 4078
f 4077 4079 4080
f 3992 4081 3999
f 3992 4070 4081
f 3999 4082 4000
f 3999 4081 4082
f 4070 4083 4081
f 4070 4072 4083
f 4081 4084 4082
f 4081 4083 4084
f 4072 4085 4083
f 4072 4078 4085
f 4083 4086 4084
f 4083 4085 4086
f 4078 4087 4085
f 4078 4080 4087
f 4085 4088 4086
f 4085 4087 4088
f 4032 4089 4075
f 4032 4054 4089
f 4075 4090 4076
f 4075 4089 4090
f 4054 4091 4089
f 4054 4056 4091
f 4089 4092 4090
f 4089 4091 4092
f 4076 4093 4079
f 4076 4090 4093
f 4079 4094 4080
f 4079 4093 4094
f 4090 4095 4093
f 4090 4092 4095
f 4093 4096 4094
f 4093 4095 4096
f 4056 4097 4091
f 4056 4062 4097
f 4091 4098 4092
f 4091 4097 4098
f 4062 4099 4097
f 4062 4064 4099
f 4097 4100 4098
f 4097 4099 4100
f 4092 4101 4095
f 4092 4098 4101
f 4095 4102 4096
f 4095 4101 4102
f 4098 4103 4101
f 4098 4100 4103
f 4101 4104 4102
f 4101 4103 4104
f 4080 4105 4087
f 4080 4094 4105
f 4087 4106 4088
f 4087 4105 4106
f 4094 4107 4105
f 4094 4096 4107
f 4105 4108 4106
f 4105 4107 4108
f 4096 4109 4107
f 4096 4102 4109
f 4107 4110 4108
f 4107 4109 4110
f 4102 4111 4109
f 4102 4104 4111
f 4109 4112 4110
f 4109 4111 4112
f 3736 4113 4043
f 3736 3862 4113
f 4043 4114 4044
f 4043 4113 4114
f 3862 4115 4113
f 3862 3864 4115
f 4113 4116 4114
f 4113 4115 4116
f 4044 4117 4047
f 4044 4114 4117
f 4047 4118 4048
f 4047 4117 4118
f 4114 4119 4117
f 4114 4116 4119
f 4117 4120 4118
f 4117 4119 4120
f 3864 4121 4115
f 3864 3870 4121
f 4115 4122 4116
f 4115 4121 4122
f 3870 4123 4121
f 3870 3872 4123
f 4121 4124 4122
f 4121 4123 4124
f 4116 4125 4119
f 4116 4122 4125
f 4119 4126 4120
f 4119 4125 4126
f 4122 4127 4125
f 4122 4124 4127
f 4125 4128 4126
f 4125 4127 4128
f 4048 4129 4059
f 4048 4118 4129
f 4059 4130 4060
f 4059 4129 4130
f 4118 4131 4129
f 4118 4120 4131
f 4129 4132 4130
f 4129 4131 4132
f 4060 4133 4063
f 4060 4130 4133
f 4063 4134 4064
f 4063 4133 4134
f 4130 4135 4133
f 4130 4132 4135
f 4133 4136 4134
f 4133 4135 4136
f 4120 4137 4131
f 4120 4126 4137
f 4131 4138 4132
f 4131 4137 4138
f 4126 4139 4137
f 4126 4128 4139
f 4137 4140 4138
f 4137 4139 4140
f 4132 4141 4135
f 4132 4138 4141
f 4135 4142 4136
f 4135 4141 4142
f 4138 4143 4141
f 4138 4140 4143
f 4141 4144 4142
f 4141 4143 4144
f 3872 4145 4123
f 3872 3894 4145
f 4123 4146 4124
f 4123 4145 4146
f 3894 4147 4145
f 3894 3896 4147
f 4145 4148 4146
f 4145 4147 4148
f 4124 4149 4127
f 4124 4146 4149
f 4127 4150 4128
f 4127 4149 4150
f 4146 4151 4149
f 4146 4148 4151
f 4149 4152 4150
f 4149 4151 4152
f 3896 4153 4147
f 3896 3902 4153
f 4147 4154 4148
f 4147 4153 4154
f 3902 4155 4153
f 3902 3904 4155
f 4153 4156 4154
f 4153 4155 4156
f 4148 4157 4151
f 4148 4154 4157
f 4151 4158 4152
f 4151 4157 4158
f 4154 4159 4157
f 4154 4156 4159
f 4157 4160 4158
f 4157 4159 4160
f 4128 4161 4139
f 4128 4150 4161
f 4139 4162 4140
f 4139 4161 4162
f 4150 4163 4161
f 4150 4152 4163
f 4161 4164 4162
f 4161 4163 4164
f 4140 4165 4143
f 4140 4162 4165
f 4143 4166 4144
f 4143 4165 4166
f 4162 4167 4165
f 4162 4164 4167
f 4165 4168 4166
f 4165 4167 4168
f 4152 4169 4163
f 4152 4158 4169
f 4163 4170 4164
f 4163 4169 4170
f 4158 4171 4169
f 4158 4160 4171
f 4169 4172 4170
f 4169 4171 4172
f 4164 4173 4167
f 4164 4170 4173
f 4167 4174 4168
f 4167 4173 4174
f 4170 4175 4173
f 4170 4172 4175
f 4173 4176 4174
f 4173 4175 4176
f 4064 4177 4099
f 4064 4134 4177
f 4099 4178 4100
f 4099 4177 4178
f 4134 4179 4177
f 4134 4136 4179
f 4177 4180 4178
f 4177 4179 4180
f 4100 4181 4103
f 4100 4178 4181
f 4103 4182 4104
f 4103 4181 4182
f 4178 4183 4181
f 4178 4180 4183
f 4181 4184 4182
f 4181 4183 4184
f 4136 4185 4179
f 4136 4142 4185
f 4179 4186 4180
f 4179 4185 4186
f 4142 4187 4185
f 4142 4144 4187
f 4185 4188 4186
f 4185 4187 4188
f 4180 4189 4183
f 4180 4186 4189
f 4183 4190 4184
f 4183 4189 4190
f 4186 4191 4189
f 4186 4188 4191
f 4189 4192 4190
f 4189 4191 4192
f 4104 4193 4111
f 4104 4182 4193
f 4111 4194 4112
f 4111 4193 4194
f 4182 4195 4193
f 4182 4184 4195
f 4193 4196 4194
f 4193 4195 4196
f 4184 4197 4195
f 4184 4190 4197
f 4195 4198 4196
f 4195 4197 4198
f 4190 4199 4197
f 4190 4192 4199
f 4197 4200 4198
f 4197 4199 4200
f 4144 4201 4187
f 4144 4166 4201
f 4187 4202 4188
f 4187 4201 4202
f 4166 4203 4201
f 4166 4168 4203
f 4201 4204 4202
f 4201 4203 4204
f 4188 4205 4191
f 4188 4202 4205
f 4191 4206 4192
f 4191 4205 4206
f 4202 4207 4205
f 4202 4204 4207
f 4205 4208 4206
f 4205 4207 4208
f 4168 4209 4203
f 4168 4174 4209
f 4203 4210 4204
f 4203 4209 4210
f 4174 4211 4209
f 4174 4176 4211
f 4209 4212 4210
f 4209 4211 4212
f 4204 4213 4207
f 4204 4210 4213
f 4207 4214 4208
f 4207 4213 4214
f 4210 4215 4213
f 4210 4212 4215
f 4213 4216 4214
f 4213 4215 4216
f 4192 4217 4199
f 4192 4206 4217
f 4199 4218 4200
f 4199 4217 4218
f 4206 4219 4217
f 4206 4208 4219
f 4217 4220 4218
f 4217 4219 4220
f 4208 4221 4219
f 4208 4214 4221
f 4219 4222 4220
f 4219 4221 4222
f 4214 4223 4221
f 4214 4216 4223
f 4221 4224 4222
f 4221 4223 4224
f 1583 4225 3526
f 1583 2264 4225
f 2264 4226 4225
f 2264 2265 4226
f 3526 4227 3528
f 3526 4225 4227
f 4225 4228 4227
f 4225 4226 4228
f 2265 4229 4226
f 2265 2268 4229
f 2268 4230 4229
f 2268 2269 4230
f 4226 4231 4228
f 4226 4229 4231
f 4229 4232 4231
f 4229 4230 4232
f 3528 4233 3534
f 3528 4227 4233
f 4227 4234 4233
f 4227 4228 4234
f 3534 4235 3536
f 3534 4233 4235
f 4233 4236 4235
f 4233 4234 4236
f 4228 4237 4234
f 4228 4231 4237
f 4231 4238 4237
f 4231 4232 4238
f 4234 4239 4236
f 4234 4237 4239
f 4237 4240 4239
f 4237 4238 4240
f 2269 4241 4230
f 2269 2280 4241
f 2280 4242 4241
f 2280 2281 4242
f 4230 4243 4232
f 4230 4241 4243
f 4241 4244 4243
f 4241 4242 4244
f 2281 4245 4242
f 2281 2284 4245
f 2284 4246 4245
f 2284 2285 4246
f 4242 4247 4244
f 4242 4245 4247
f 4245 4248 4247
f 4245 4246 4248
f 4232 4249 4238
f 4232 4243 4249
f 4243 4250 4249
f 4243 4244 4250
f 4238 4251 4240
f 4238 4249 4251
f 4249 4252 4251
f 4249 4250 4252
f 4244 4253 4250
f 4244 4247 4253
f 4247 4254 4253
f 4247 4248 4254
f 4250 4255 4252
f 4250 4253 4255
f 4253 4256 4255
f 4253 4254 4256
f 3536 4257 3558
f 3536 4235 4257
f 4235 4258 4257
f 4235 4236 4258
f 3558 4259 3560
f 3558 4257 4259
f 4257 4260 4259
f 4257 4258 4260
f 4236 4261 4258
f 4236 4239 4261
f 4239 4262 4261
f 4239 4240 4262
f 4258 4263 4260
f 4258 4261 4263
f 4261 4264 4263
f 4261 4262 4264
f 3560 4265 3566
f 3560 4259 4265
f 4259 4266 4265
f 4259 4260 4266
f 3566 4267 3568
f 3566 4265 4267
f 4265 4268 4267
f 4265 4266 4268
f 4260 4269 4266
f 4260 4263 4269
f 4263 4270 4269
f 4263 4264 4270
f 4266 4271 4268
f 4266 4269 4271
f 4269 4272 4271
f 4269 4270 4272
f 4240 4273 4262
f 4240 4251 4273
f 4251 4274 4273
f 4251 4252 4274
f 4262 4275 4264
f 4262 4273 4275
f 4273 4276 4275
f 4273 4274 4276
f 4252 4277 4274
f 4252 4255 4277
f 4255 4278 4277
f 4255 4256 4278
f 4274 4279 4276
f 4274 4277 4279
f 4277 4280 4279
f 4277 4278 4280
f 4264 4281 4270
f 4264 4275 4281
f 4275 4282 4281
f 4275 4276 4282
f 4270 4283 4272
f 4270 4281 4283
f 4281 4284 4283
f 4281 4282 4284
f 4276 4285 4282
f 4276 4279 4285
f 4279 4286 4285
f 4279 4280 4286
f 4282 4287 4284
f 4282 4285 4287
f 4285 4288 4287
f 4285 4286 4288
f 2285 4289 4246
f 2285 2328 4289
f 2328 4290 4289
f 2328 2329 4290
f 4246 4291 4248
f 4246 4289 4291
f 4289 4292 4291
f 4289 4290 4292
f 2329 4293 4290
f 2329 2332 4293
f 2332 4294 4293
f 2332 2333 4294
f 4290 4295 4292
f 4290 4293 4295
f 4293 4296 4295
f 4293 4294 4296
f 4248 4297 4254
f 4248 4291 4297
f 4291 4298 4297
f 4291 4292 4298
f 4254 4299 4256
f 4254 4297 4299
f 4297 4300 4299
f 4297 4298 4300
f 4292 4301 4298
f 4292 4295 4301
f 4295 4302 4301
f 4295 4296 4302
f 4298 4303 4300
f 4298 4301 4303
f 4301 4304 4303
f 4301 4302 4304
f 2333 4305 4294
f 2333 2344 4305
f 2344 4306 4305
f 2344 2345 4306
f 4294 4307 4296
f 4294 4305 4307
f 4305 4308 4307
f 4305 4306 4308
f 2345 4309 4306
f 2345 2348 4309
f 2348 4310 4309
f 2348 2349 4310
f 4306 4311 4308
f 4306 4309 4311
f 4309 4312 4311
f 4309 4310 4312
f 4296 4313 4302
f 4296 4307 4313
f 4307 4314 4313
f 4307 4308 4314
f 4302 4315 4304
f 4302 4313 4315
f 4313 4316 4315
f 4313 4314 4316
f 4308 4317 4314
f 4308 4311 4317
f 4311 4318 4317
f 4311 4312 4318
f 4314 4319 4316
f 4314 4317 4319
f 4317 4320 4319
f 4317 4318 4320
f 4256 4321 4278
f 4256 4299 4321
f 4299 4322 4321
f 4299 4300 4322
f 4278 4323 4280
f 4278 4321 4323
f 4321 4324 4323
f 4321 4322 4324
f 4300 4325 4322
f 4300 4303 4325
f 4303 4326 4325
f 4303 4304 4326
f 4322 4327 4324
f 4322 4325 4327
f 4325 4328 4327
f 4325 4326 4328
f 4280 4329 4286
f 4280 4323 4329
f 4323 4330 4329
f 4323 4324 4330
f 4286 4331 4288
f 4286 4329 4331
f 4329 4332 4331
f 4329 4330 4332
f 4324 4333 4330
f 4324 4327 4333
f 4327 4334 4333
f 4327 4328 4334
f 4330 4335 4332
f 4330 4333 4335
f 4333 4336 4335
f 4333 4334 4336
f 4304 4337 4326
f 4304 4315 4337
f 4315 4338 4337
f 4315 4316 4338
f 4326 4339 4328
f 4326 4337 4339
f 4337 4340 4339
f 4337 4338 4340
f 4316 4341 4338
f 4316 4319 4341
f 4319 4342 4341
f 4319 4320 4342
f 4338 4343 4340
f 4338 4341 4343
f 4341 4344 4343
f 4341 4342 4344
f 4328 4345 4334
f 4328 4339 4345
f 4339 4346 4345
f 4339 4340 4346
f 4334 4347 4336
f 4334 4345 4347
f 4345 4348 4347
f 4345 4346 4348
f 4340 4349 4346
f 4340 4343 4349
f 4343 4350 4349
f 4343 4344 4350
f 4346 4351 4348
f 4346 4349 4351
f 4349 4352 4351
f 4349 4350 4352
f 3568 4353 3758
f 3568 4267 4353
f 4267 4354 4353
f 4267 4268 4354
f 3758 4355 3760
f 3758 4353 4355
f 4353 4356 4355
f 4353 4354 4356
f 4268 4357 4354
f 4268 4271 4357
f 4271 4358 4357
f 4271 4272 4358
f 4354 4359 4356
f 4354 4357 4359
f 4357 4360 4359
f 4357 4358 4360
f 3760 4361 3766
f 3760 4355 4361
f 4355 4362 4361
f 4355 4356 4362
f 3766 4363 3768
f 3766 4361 4363
f 4361 4364 4363
f 4361 4362 4364
f 4356 4365 4362
f 4356 4359 4365
f 4359 4366 4365
f 4359 4360 4366
f 4362 4367 4364
f 4362 4365 4367
f 4365 4368 4367
f 4365 4366 4368
f 4272 4369 4358
f 4272 4283 4369
f 4283 4370 4369
f 4283 4284 4370
f 4358 4371 4360
f 4358 4369 4371
f 4369 4372 4371
f 4369 4370 4372
f 4284 4373 4370
f 4284 4287 4373
f 4287 4374 4373
f 4287 4288 4374
f 4370 4375 4372
f 4370 4373 4375
f 4373 4376 4375
f 4373 4374 4376
f 4360 4377 4366
f 4360 4371 4377
f 4371 4378 4377
f 4371 4372 4378
f 4366 4379 4368
f 4366 4377 4379
f 4377 4380 4379
f 4377 4378 4380
f 4372 4381 4378
f 4372 4375 4381
f 4375 4382 4381
f 4375 4376 4382
f 4378 4383 4380
f 4378 4381 4383
f 4381 4384 4383
f 4381 4382 4384
f 3768 4385 3816
f 3768 4363 4385
f 4363 4386 4385
f 4363 4364 4386
f 3820 4387 3819
f 3820 4388 4387
f 3816 4388 3820
f 3816 4385 4388
f 4388 4389 4387
f 4388 4390 4389
f 4385 4390 4388
f 4385 4386 4390
f 3819 4391 3823
f 3819 4387 4391
f 3823 4392 3824
f 3823 4391 4392
f 4387 4393 4391
f 4387 4389 4393
f 4391 4394 4392
f 4391 4393 4394
f 4364 4395 4386
f 4364 4367 4395
f 4367 4396 4395
f 4367 4368 4396
f 4390 4397 4389
f 4390 4398 4397
f 4386 4398 4390
f 4386 4395 4398
f 4398 4399 4397
f 4398 4400 4399
f 4395 4400 4398
f 4395 4396 4400
f 4389 4401 4393
f 4389 4397 4401
f 4393 4402 4394
f 4393 4401 4402
f 4397 4403 4401
f 4397 4399 4403
f 4401 4404 4402
f 4401 4403 4404
f 3824 4405 3835
f 3824 4392 4405
f 3835 4406 3836
f 3835 4405 4406
f 4392 4407 4405
f 4392 4394 4407
f 4405 4408 4406
f 4405 4407 4408
f 3836 4409 3839
f 3836 4406 4409
f 3839 4410 3840
f 3839 4409 4410
f 4406 4411 4409
f 4406 4408 4411
f 4409 4412 4410
f 4409 4411 4412
f 4394 4413 4407
f 4394 4402 4413
f 4407 4414 4408
f 4407 4413 4414
f 4402 4415 4413
f 4402 4404 4415
f 4413 4416 4414
f 4413 4415 4416
f 4408 4417 4411
f 4408 4414 4417
f 4411 4418 4412
f 4411 4417 4418
f 4414 4419 4417
f 4414 4416 4419
f 4417 4420 4418
f 4417 4419 4420
f 4368 4421 4396
f 4368 4379 4421
f 4379 4422 4421
f 4379 4380 4422
f 4400 4423 4399
f 4400 4424 4423
f 4396 4424 4400
f 4396 4421 4424
f 4424 4425 4423
f 4424 4426 4425
f 4421 4426 4424
f 4421 4422 4426
f 4399 4427 4403
f 4399 4423 4427
f 4403 4428 4404
f 4403 4427 4428
f 4423 4429 4427
f 4423 4425 4429
f 4427 4430 4428
f 4427 4429 4430
f 4380 4431 4422
f 4380 4383 4431
f 4383 4432 4431
f 4383 4384 4432
f 4426 4433 4425
f 4426 4434 4433
f 4422 4434 4426
f 4422 4431 4434
f 4434 4435 4433
f 4434 4436 4435
f 4431 4436 4434
f 4431 4432 4436
f 4425 4437 4429
f 4425 4433 4437
f 4429 4438 4430
f 4429 4437 4438
f 4433 4439 4437
f 4433 4435 4439
f 4437 4440 4438
f 4437 4439 4440
f 4404 4441 4415
f 4404 4428 4441
f 4415 4442 4416
f 4415 4441 4442
f 4428 4443 4441
f 4428 4430 4443
f 4441 4444 4442
f 4441 4443 4444
f 4416 4445 4419
f 4416 4442 4445
f 4419 4446 4420
f 4419 4445 4446
f 4442 4447 4445
f 4442 4444 4447
f 4445 4448 4446
f 4445 4447 4448
f 4430 4449 4443
f 4430 4438 4449
f 4443 4450 4444
f 4443 4449 4450
f 4438 4451 4449
f 4438 4440 4451
f 4449 4452 4450
f 4449 4451 4452
f 4444 4453 4447
f 4444 4450 4453
f 4447 4454 4448
f 4447 4453 4454
f 4450 4455 4453
f 4450 4452 4455
f 4453 4456 4454
f 4453 4455 4456
f 3840 4457 3883
f 3840 4410 4457
f 3883 4458 3884
f 3883 4457 4458
f 4410 4459 4457
f 4410 4412 4459
f 4457 4460 4458
f 4457 4459 4460
f 3884 4461 3887
f 3884 4458 4461
f 3887 4462 3888
f 3887 4461 4462
f 4458 4463 4461
f 4458 4460 4463
f 4461 4464 4462
f 4461 4463 4464
f 4412 4465 4459
f 4412 4418 4465
f 4459 4466 4460
f 4459 4465 4466
f 4418 4467 4465
f 4418 4420 4467
f 4465 4468 4466
f 4465 4467 4468
f 4460 4469 4463
f 4460 4466 4469
f 4463 4470 4464
f 4463 4469 4470
f 4466 4471 4469
f 4466 4468 4471
f 4469 4472 4470
f 4469 4471 4472
f 3888 4473 3899
f 3888 4462 4473
f 3899 4474 3900
f 3899 4473 4474
f 4462 4475 4473
f 4462 4464 4475
f 4473 4476 4474
f 4473 4475 4476
f 3900 4477 3903
f 3900 4474 4477
f 3903 4478 3904
f 3903 4477 4478
f 4474 4479 4477
f 4474 4476 4479
f 4477 4480 4478
f 4477 4479 4480
f 4464 4481 4475
f 4464 4470 4481
f 4475 4482 4476
f 4475 4481 4482
f 4470 4483 4481
f 4470 4472 4483
f 4481 4484 4482
f 4481 4483 4484
f 4476 4485 4479
f 4476 4482 4485
f 4479 4486 4480
f 4479 4485 4486
f 4482 4487 4485
f 4482 4484 4487
f 4485 4488 4486
f 4485 4487 4488
f 4420 4489 4467
f 4420 4446 4489
f 4467 4490 4468
f 4467 4489 4490
f 4446 4491 4489
f 4446 4448 4491
f 4489 4492 4490
f 4489 4491 4492
f 4468 4493 4471
f 4468 4490 4493
f 4471 4494 4472
f 4471 4493 4494
f 4490 4495 4493
f 4490 4492 4495
f 4493 4496 4494
f 4493 4495 4496
f 4448 4497 4491
f 4448 4454 4497
f 4491 4498 4492
f 4491 4497 4498
f 4454 4499 4497
f 4454 4456 4499
f 4497 4500 4498
f 4497 4499 4500
f 4492 4501 4495
f 4492 4498 4501
f 4495 4502 4496
f 4495 4501 4502
f 4498 4503 4501
f 4498 4500 4503
f 4501 4504 4502
f 4501 4503 4504
f 4472 4505 4483
f 4472 4494 4505
f 4483 4506 4484
f 4483 4505 4506
f 4494 4507 4505
f 4494 4496 4507
f 4505 4508 4506
f 4505 4507 4508
f 4484 4509 4487
f 4484 4506 4509
f 4487 4510 4488
f 4487 4509 4510
f 4506 4511 4509
f 4506 4508 4511
f 4509 4512 4510
f 4509 4511 4512
f 4496 4513 4507
f 4496 4502 4513
f 4507 4514 4508
f 4507 4513 4514
f 4502 4515 4513
f 4502 4504 4515
f 4513 4516 4514
f 4513 4515 4516
f 4508 4517 4511
f 4508 4514 4517
f 4511 4518 4512
f 4511 4517 4518
f 4514 4519 4517
f 4514 4516 4519
f 4517 4520 4518
f 4517 4519 4520
f 4288 4521 4374
f 4288 4331 4521
f 4331 4522 4521
f 4331 4332 4522
f 4374 4523 4376
f 4374 4521 4523
f 4521 4524 4523
f 4521 4522 4524
f 4332 4525 4522
f 4332 4335 4525
f 4335 4526 4525
f 4335 4336 4526
f 4522 4527 4524
f 4522 4525 4527
f 4525 4528 4527
f 4525 4526 4528
f 4376 4529 4382
f 4376 4523 4529
f 4523 4530 4529
f 4523 4524 4530
f 4382 4531 4384
f 4382 4529 4531
f 4529 4532 4531
f 4529 4530 4532
f 4524 4533 4530
f 4524 4527 4533
f 4527 4534 4533
f 4527 4528 4534
f 4530 4535 4532
f 4530 4533 4535
f 4533 4536 4535
f 4533 4534 4536
f 4336 4537 4526
f 4336 4347 4537
f 4347 4538 4537
f 4347 4348 4538
f 4526 4539 4528
f 4526 4537 4539
f 4537 4540 4539
f 4537 4538 4540
f 4348 4541 4538
f 4348 4351 4541
f 4351 4542 4541
f 4351 4352 4542
f 4538 4543 4540
f 4538 4541 4543
f 4541 4544 4543
f 4541 4542 4544
f 4528 4545 4534
f 4528 4539 4545
f 4539 4546 4545
f 4539 4540 4546
f 4534 4547 4536
f 4534 4545 4547
f 4545 4548 4547
f 4545 4546 4548
f 4540 4549 4546
f 4540 4543 4549
f 4543 4550 4549
f 4543 4544 4550
f 4546 4551 4548
f 4546 4549 4551
f 4549 4552 4551
f 4549 4550 4552
f 4384 4553 4432
f 4384 4531 4553
f 4531 4554 4553
f 4531 4532 4554
f 4436 4555 4435
f 4436 4556 4555
f 4432 4556 4436
f 4432 4553 4556
f 4556 4557 4555
f 4556 4558 4557
f 4553 4558 4556
f 4553 4554 4558
f 4435 4559 4439
f 4435 4555 4559
f 4439 4560 4440
f 4439 4559 4560
f 4555 4561 4559
f 4555 4557 4561
f 4559 4562 4560
f 4559 4561 4562
f 4532 4563 4554
f 4532 4535 4563
f 4535 4564 4563
f 4535 4536 4564
f 4558 4565 4557
f 4558 4566 4565
f 4554 4566 4558
f 4554 4563 4566
f 4566 4567 4565
f 4566 4568 4567
f 4563 4568 4566
f 4563 4564 4568
f 4557 4569 4561
f 4557 4565 4569
f 4561 4570 4562
f 4561 4569 4570
f 4565 4571 4569
f 4565 4567 4571
f 4569 4572 4570
f 4569 4571 4572
f 4440 4573 4451
f 4440 4560 4573
f 4451 4574 4452
f 4451 4573 4574
f 4560 4575 4573
f 4560 4562 4575
f 4573 4576 4574
f 4573 4575 4576
f 4452 4577 4455
f 4452 4574 4577
f 4455 4578 4456
f 4455 4577 4578
f 4574 4579 4577
f 4574 4576 4579
f 4577 4580 4578
f 4577 4579 4580
f 4562 4581 4575
f 4562 4570 4581
f 4575 4582 4576
f 4575 4581 4582
f 4570 4583 4581
f 4570 4572 4583
f 4581 4584 4582
f 4581 4583 4584
f 4576 4585 4579
f 4576 4582 4585
f 4579 4586 4580
f 4579 4585 4586
f 4582 4587 4585
f 4582 4584 4587
f 4585 4588 4586
f 4585 4587 4588
f 4536 4589 4564
f 4536 4547 4589
f 4547 4590 4589
f 4547 4548 4590
f 4568 4591 4567
f 4568 4592 4591
f 4564 4592 4568
f 4564 4589 4592
f 4592 4593 4591
f 4592 4594 4593
f 4589 4594 4592
f 4589 4590 4594
f 4567 4595 4571
f 4567 4591 4595
f 4571 4596 4572
f 4571 4595 4596
f 4591 4597 4595
f 4591 4593 4597
f 4595 4598 4596
f 4595 4597 4598
f 4548 4599 4590
f 4548 4551 4599
f 4551 4600 4599
f 4551 4552 4600
f 4594 4601 4593
f 4594 4602 4601
f 4590 4602 4594
f 4590 4599 4602
f 4602 4603 4601
f 4602 4604 4603
f 4599 4604 4602
f 4599 4600 4604
f 4593 4605 4597
f 4593 4601 4605
f 4597 4606 4598
f 4597 4605 4606
f 4601 4607 4605
f 4601 4603 4607
f 4605 4608 4606
f 4605 4607 4608
f 4572 4609 4583
f 4572 4596 4609
f 4583 4610 4584
f 4583 4609 4610
f 4596 4611 4609
f 4596 4598 4611
f 4609 4612 4610
f 4609 4611 4612
f 4584 4613 4587
f 4584 4610 4613
f 4587 4614 4588
f 4587 4613 4614
f 4610 4615 4613
f 4610 4612 4615
f 4613 4616 4614
f 4613 4615 4616
f 4598 4617 4611
f 4598 4606 4617
f 4611 4618 4612
f 4611 4617 4618
f 4606 4619 4617
f 4606 4608 4619
f 4617 4620 4618
f 4617 4619 4620
f 4612 4621 4615
f 4612 4618 4621
f 4615 4622 4616
f 4615 4621 4622
f 4618 4623 4621
f 4618 4620 4623
f 4621 4624 4622
f 4621 4623 4624
f 4456 4625 4499
f 4456 4578 4625
f 4499 4626 4500
f 4499 4625 4626
f 4578 4627 4625
f 4578 4580 4627
f 4625 4628 4626
f 4625 4627 4628
f 4500 4629 4503
f 4500 4626 4629
f 4503 4630 4504
f 4503 4629 4630
f 4626 4631 4629
f 4626 4628 4631
f 4629 4632 4630
f 4629 4631 4632
f 4580 4633 4627
f 4580 4586 4633
f 4627 4634 4628
f 4627 4633 4634
f 4586 4635 4633
f 4586 4588 4635
f 4633 4636 4634
f 4633 4635 4636
f 4628 4637 4631
f 4628 4634 4637
f 4631 4638 4632
f 4631 4637 4638
f 4634 4639 4637
f 4634 4636 4639
f 4637 4640 4638
f 4637 4639 4640
f 4504 4641 4515
f 4504 4630 4641
f 4515 4642 4516
f 4515 4641 4642
f 4630 4643 4641
f 4630 4632 4643
f 4641 4644 4642
f 4641 4643 4644
f 4516 4645 4519
f 4516 4642 4645
f 4519 4646 4520
f 4519 4645 4646
f 4642 4647 4645
f 4642 4644 4647
f 4645 4648 4646
f 4645 4647 4648
f 4632 4649 4643
f 4632 4638 4649
f 4643 4650 4644
f 4643 4649 4650
f 4638 4651 4649
f 4638 4640 4651
f 4649 4652 4650
f 4649 4651 4652
f 4644 4653 4647
f 4644 4650 4653
f 4647 4654 4648
f 4647 4653 4654
f 4650 4655 4653
f 4650 4652 4655
f 4653 4656 4654
f 4653 4655 4656
f 4588 4657 4635
f 4588 4614 4657
f 4635 4658 4636
f 4635 4657 4658
f 4614 4659 4657
f 4614 4616 4659
f 4657 4660 4658
f 4657 4659 4660
f 4636 4661 4639
f 4636 4658 4661
f 4639 4662 4640
f 4639 4661 4662
f 4658 4663 4661
f 4658 4660 4663
f 4661 4664 4662
f 4661 4663 4664
f 4616 4665 4659
f 4616 4622 4665
f 4659 4666 4660
f 4659 4665 4666
f 4622 4667 4665
f 4622 4624 4667
f 4665 4668 4666
f 4665 4667 4668
f 4660 4669 4663
f 4660 4666 4669
f 4663 4670 4664
f 4663 4669 4670
f 4666 4671 4669
f 4666 4668 4671
f 4669 4672 4670
f 4669 4671 4672
f 4640 4673 4651
f 4640 4662 4673
f 4651 4674 4652
f 4651 4673 4674
f 4662 4675 4673
f 4662 4664 4675
f 4673 4676 4674
f 4673 4675 4676
f 4652 4677 4655
f 4652 4674 4677
f 4655 4678 4656
f 4655 4677 4678
f 4674 4679 4677
f 4674 4676 4679
f 4677 4680 4678
f 4677 4679 4680
f 4664 4681 4675
f 4664 4670 4681
f 4675 4682 4676
f 4675 4681 4682
f 4670 4683 4681
f 4670 4672 4683
f 4681 4684 4682
f 4681 4683 4684
f 4676 4685 4679
f 4676 4682 4685
f 4679 4686 4680
f 4679 4685 4686
f 4682 4687 4685
f 4682 4684 4687
f 4685 4688 4686
f 4685 4687 4688
f 2349 4689 4310
f 2349 2660 4689
f 2660 4690 4689
f 2660 2661 4690
f 4310 4691 4312
f 4310 4689 4691
f 4689 4692 4691
f 4689 4690 4692
f 2661 4693 4690
f 2661 2664 4693
f 2664 4694 4693
f 2664 2665 4694
f 4690 4695 4692
f 4690 4693 4695
f 4693 4696 4695
f 4693 4694 4696
f 4312 4697 4318
f 4312 4691 4697
f 4691 4698 4697
f 4691 4692 4698
f 4318 4699 4320
f 4318 4697 4699
f 4697 4700 4699
f 4697 4698 4700
f 4692 4701 4698
f 4692 4695 4701
f 4695 4702 4701
f 4695 4696 4702
f 4698 4703 4700
f 4698 4701 4703
f 4701 4704 4703
f 4701 4702 4704
f 2665 4705 4694
f 2665 2680 4705
f 2680 4706 4705
f 2680 2681 4706
f 4694 4707 4696
f 4694 4705 4707
f 4705 4708 4707
f 4705 4706 4708
f 2684 4710 4709
f 2684 2685 4710
f 2681 4709 4706
f 2681 2684 4709
f 4709 4712 4711
f 4709 4710 4712
f 4706 4711 4708
f 4706 4709 4711
f 2685 4713 4710
f 2685 2688 4713
f 2688 4714 4713
f 2688 2689 4714
f 4710 4715 4712
f 4710 4713 4715
f 4713 4716 4715
f 4713 4714 4716
f 4696 4717 4702
f 4696 4707 4717
f 4707 4718 4717
f 4707 4708 4718
f 4702 4719 4704
f 4702 4717 4719
f 4717 4720 4719
f 4717 4718 4720
f 4711 4722 4721
f 4711 4712 4722
f 4708 4721 4718
f 4708 4711 4721
f 4721 4724 4723
f 4721 4722 4724
f 4718 4723 4720
f 4718 4721 4723
f 4712 4725 4722
f 4712 4715 4725
f 4715 4726 4725
f 4715 4716 4726
f 4722 4727 4724
f 4722 4725 4727
f 4725 4728 4727
f 4725 4726 4728
f 2689 4729 4714
f 2689 2700 4729
f 2700 4730 4729
f 2700 2701 4730
f 4714 4731 4716
f 4714 4729 4731
f 4729 4732 4731
f 4729 4730 4732
f 2701 4733 4730
f 2701 2704 4733
f 2704 4734 4733
f 2704 2705 4734
f 4730 4735 4732
f 4730 4733 4735
f 4733 4736 4735
f 4733 4734 4736
f 4716 4737 4726
f 4716 4731 4737
f 4731 4738 4737
f 4731 4732 4738
f 4726 4739 4728
f 4726 4737 4739
f 4737 4740 4739
f 4737 4738 4740
f 4732 4741 4738
f 4732 4735 4741
f 4735 4742 4741
f 4735 4736 4742
f 4738 4743 4740
f 4738 4741 4743
f 4741 4744 4743
f 4741 4742 4744
f 4320 4745 4342
f 4320 4699 4745
f 4699 4746 4745
f 4699 4700 4746
f 4342 4747 4344
f 4342 4745 4747
f 4745 4748 4747
f 4745 4746 4748
f 4700 4749 4746
f 4700 4703 4749
f 4703 4750 4749
f 4703 4704 4750
f 4746 4751 4748
f 4746 4749 4751
f 4749 4752 4751
f 4749 4750 4752
f 4344 4753 4350
f 4344 4747 4753
f 4747 4754 4753
f 4747 4748 4754
f 4350 4755 4352
f 4350 4753 4755
f 4753 4756 4755
f 4753 4754 4756
f 4748 4757 4754
f 4748 4751 4757
f 4751 4758 4757
f 4751 4752 4758
f 4754 4759 4756
f 4754 4757 4759
f 4757 4760 4759
f 4757 4758 4760
f 4704 4761 4750
f 4704 4719 4761
f 4719 4762 4761
f 4719 4720 4762
f 4750 4763 4752
f 4750 4761 4763
f 4761 4764 4763
f 4761 4762 4764
f 4723 4766 4765
f 4723 4724 4766
f 4720 4765 4762
f 4720 4723 4765
f 4765 4768 4767
f 4765 4766 4768
f 4762 4767 4764
f 4762 4765 4767
f 4724 4769 4766
f 4724 4727 4769
f 4727 4770 4769
f 4727 4728 4770
f 4766 4771 4768
f 4766 4769 4771
f 4769 4772 4771
f 4769 4770 4772
f 4752 4773 4758
f 4752 4763 4773
f 4763 4774 4773
f 4763 4764 4774
f 4758 4775 4760
f 4758 4773 4775
f 4773 4776 4775
f 4773 4774 4776
f 4767 4778 4777
f 4767 4768 4778
f 4764 4777 4774
f 4764 4767 4777
f 4777 4780 4779
f 4777 4778 4780
f 4774 4779 4776
f 4774 4777 4779
f 4768 4781 4778
f 4768 4771 4781
f 4771 4782 4781
f 4771 4772 4782
f 4778 4783 4780
f 4778 4781 4783
f 4781 4784 4783
f 4781 4782 4784
f 4728 4785 4770
f 4728 4739 4785
f 4739 4786 4785
f 4739 4740 4786
f 4770 4787 4772
f 4770 4785 4787
f 4785 4788 4787
f 4785 4786 4788
f 4740 4789 4786
f 4740 4743 4789
f 4743 4790 4789
f 4743 4744 4790
f 4786 4791 4788
f 4786 4789 4791
f 4789 4792 4791
f 4789 4790 4792
f 4772 4793 4782
f 4772 4787 4793
f 4787 4794 4793
f 4787 4788 4794
f 4782 4795 4784
f 4782 4793 4795
f 4793 4796 4795
f 4793 4794 4796
f 4788 4797 4794
f 4788 4791 4797
f 4791 4798 4797
f 4791 4792 4798
f 4794 4799 4796
f 4794 4797 4799
f 4797 4800 4799
f 4797 4798 4800
f 2705 4801 4734
f 2705 2748 4801
f 2748 4802 4801
f 2748 2749 4802
f 4734 4803 4736
f 4734 4801 4803
f 4801 4804 4803
f 4801 4802 4804
f 2749 4805 4802
f 2749 2752 4805
f 2752 4806 4805
f 2752 2753 4806
f 4802 4807 4804
f 4802 4805 4807
f 4805 4808 4807
f 4805 4806 4808
f 4736 4809 4742
f 4736 4803 4809
f 4803 4810 4809
f 4803 4804 4810
f 4742 4811 4744
f 4742 4809 4811
f 4809 4812 4811
f 4809 4810 4812
f 4804 4813 4810
f 4804 4807 4813
f 4807 4814 4813
f 4807 4808 4814
f 4810 4815 4812
f 4810 4813 4815
f 4813 4816 4815
f 4813 4814 4816
f 2753 4817 4806
f 2753 2764 4817
f 2764 4818 4817
f 2764 2765 4818
f 4806 4819 4808
f 4806 4817 4819
f 4817 4820 4819
f 4817 4818 4820
f 2765 4821 4818
f 2765 2768 4821
f 2768 4822 4821
f 2768 2769 4822
f 4818 4823 4820
f 4818 4821 4823
f 4821 4824 4823
f 4821 4822 4824
f 4808 4825 4814
f 4808 4819 4825
f 4819 4826 4825
f 4819 4820 4826
f 4814 4827 4816
f 4814 4825 4827
f 4825 4828 4827
f 4825 4826 4828
f 4820 4829 4826
f 4820 4823 4829
f 4823 4830 4829
f 4823 4824 4830
f 4826 4831 4828
f 4826 4829 4831
f 4829 4832 4831
f 4829 4830 4832
f 4744 4833 4790
f 4744 4811 4833
f 4811 4834 4833
f 4811 4812 4834
f 4790 4835 4792
f 4790 4833 4835
f 4833 4836 4835
f 4833 4834 4836
f 4812 4837 4834
f 4812 4815 4837
f 4815 4838 4837
f 4815 4816 4838
f 4834 4839 4836
f 4834 4837 4839
f 4837 4840 4839
f 4837 4838 4840
f 4792 4841 4798
f 4792 4835 4841
f 4835 4842 4841
f 4835 4836 4842
f 4798 4843 4800
f 4798 4841 4843
f 4841 4844 4843
f 4841 4842 4844
f 4836 4845 4842
f 4836 4839 4845
f 4839 4846 4845
f 4839 4840 4846
f 4842 4847 4844
f 4842 4845 4847
f 4845 4848 4847
f 4845 4846 4848
f 4816 4849 4838
f 4816 4827 4849
f 4827 4850 4849
f 4827 4828 4850
f 4838 4851 4840
f 4838 4849 4851
f 4849 4852 4851
f 4849 4850 4852
f 4828 4853 4850
f 4828 4831 4853
f 4831 4854 4853
f 4831 4832 4854
f 4850 4855 4852
f 4850 4853 4855
f 4853 4856 4855
f 4853 4854 4856
f 4840 4857 4846
f 4840 4851 4857
f 4851 4858 4857
f 4851 4852 4858
f 4846 4859 4848
f 4846 4857 4859
f 4857 4860 4859
f 4857 4858 4860
f 4852 4861 4858
f 4852 4855 4861
f 4855 4862 4861
f 4855 4856 4862
f 4858 4863 4860
f 4858 4861 4863
f 4861 4864 4863
f 4861 4862 4864
f 4352 4865 4542
f 4352 4755 4865
f 4755 4866 4865
f 4755 4756 4866
f 4542 4867 4544
f 4542 4865 4867
f 4865 4868 4867
f 4865 4866 4868
f 4756 4869 4866
f 4756 4759 4869
f 4759 4870 4869
f 4759 4760 4870
f 4866 4871 4868
f 4866 4869 4871
f 4869 4872 4871
f 4869 4870 4872
f 4544 4873 4550
f 4544 4867 4873
f 4867 4874 4873
f 4867 4868 4874
f 4550 4875 4552
f 4550 4873 4875
f 4873 4876 4875
f 4873 4874 4876
f 4868 4877 4874
f 4868 4871 4877
f 4871 4878 4877
f 4871 4872 4878
f 4874 4879 4876
f 4874 4877 4879
f 4877 4880 4879
f 4877 4878 4880
f 4760 4881 4870
f 4760 4775 4881
f 4775 4882 4881
f 4775 4776 4882
f 4870 4883 4872
f 4870 4881 4883
f 4881 4884 4883
f 4881 4882 4884
f 4779 4886 4885
f 4779 4780 4886
f 4776 4885 4882
f 4776 4779 4885
f 4885 4888 4887
f 4885 4886 4888
f 4882 4887 4884
f 4882 4885 4887
f 4780 4889 4886
f 4780 4783 4889
f 4783 4890 4889
f 4783 4784 4890
f 4886 4891 4888
f 4886 4889 4891
f 4889 4892 4891
f 4889 4890 4892
f 4872 4893 4878
f 4872 4883 4893
f 4883 4894 4893
f 4883 4884 4894
f 4878 4895 4880
f 4878 4893 4895
f 4893 4896 4895
f 4893 4894 4896
f 4887 4898 4897
f 4887 4888 4898
f 4884 4897 4894
f 4884 4887 4897
f 4897 4900 4899
f 4897 4898 4900
f 4894 4899 4896
f 4894 4897 4899
f 4888 4901 4898
f 4888 4891 4901
f 4891 4902 4901
f 4891 4892 4902
f 4898 4903 4900
f 4898 4901 4903
f 4901 4904 4903
f 4901 4902 4904
f 4784 4905 4890
f 4784 4795 4905
f 4795 4906 4905
f 4795 4796 4906
f 4890 4907 4892
f 4890 4905 4907
f 4905 4908 4907
f 4905 4906 4908
f 4796 4909 4906
f 4796 4799 4909
f 4799 4910 4909
f 4799 4800 4910
f 4906 4911 4908
f 4906 4909 4911
f 4909 4912 4911
f 4909 4910 4912
f 4892 4913 4902
f 4892 4907 4913
f 4907 4914 4913
f 4907 4908 4914
f 4902 4915 4904
f 4902 4913 4915
f 4913 4916 4915
f 4913 4914 4916
f 4908 4917 4914
f 4908 4911 4917
f 4911 4918 4917
f 4911 4912 4918
f 4914 4919 4916
f 4914 4917 4919
f 4917 4920 4919
f 4917 4918 4920
f 4552 4921 4600
f 4552 4875 4921
f 4875 4922 4921
f 4875 4876 4922
f 4604 4923 4603
f 4604 4924 4923
f 4600 4924 4604
f 4600 4921 4924
f 4924 4925 4923
f 4924 4926 4925
f 4921 4926 4924
f 4921 4922 4926
f 4603 4927 4607
f 4603 4923 4927
f 4607 4928 4608
f 4607 4927 4928
f 4923 4929 4927
f 4923 4925 4929
f 4927 4930 4928
f 4927 4929 4930
f 4876 4931 4922
f 4876 4879 4931
f 4879 4932 4931
f 4879 4880 4932
f 4926 4933 4925
f 4926 4934 4933
f 4922 4934 4926
f 4922 4931 4934
f 4934 4935 4933
f 4934 4936 4935
f 4931 4936 4934
f 4931 4932 4936
f 4925 4937 4929
f 4925 4933 4937
f 4929 4938 4930
f 4929 4937 4938
f 4933 4939 4937
f 4933 4935 4939
f 4937 4940 4938
f 4937 4939 4940
f 4608 4941 4619
f 4608 4928 4941
f 4619 4942 4620
f 4619 4941 4942
f 4928 4943 4941
f 4928 4930 4943
f 4941 4944 4942
f 4941 4943 4944
f 4620 4945 4623
f 4620 4942 4945
f 4623 4946 4624
f 4623 4945 4946
f 4942 4947 4945
f 4942 4944 4947
f 4945 4948 4946
f 4945 4947 4948
f 4930 4949 4943
f 4930 4938 4949
f 4943 4950 4944
f 4943 4949 4950
f 4938 4951 4949
f 4938 4940 4951
f 4949 4952 4950
f 4949 4951 4952
f 4944 4953 4947
f 4944 4950 4953
f 4947 4954 4948
f 4947 4953 4954
f 4950 4955 4953
f 4950 4952 4955
f 4953 4956 4954
f 4953 4955 4956
f 4880 4957 4932
f 4880 4895 4957
f 4895 4958 4957
f 4895 4896 4958
f 4936 4959 4935
f 4936 4960 4959
f 4932 4960 4936
f 4932 4957 4960
f 4960 4961 4959
f 4960 4962 4961
f 4957 4962 4960
f 4957 4958 4962
f 4935 4963 4939
f 4935 4959 4963
f 4939 4964 4940
f 4939 4963 4964
f 4959 4965 4963
f 4959 4961 4965
f 4963 4966 4964
f 4963 4965 4966
f 4899 4968 4967
f 4899 4900 4968
f 4896 4967 4958
f 4896 4899 4967
f 4962 4969 4961
f 4962 4970 4969
f 4967 4969 4970
f 4967 4968 4969
f 4958 4970 4962
f 4958 4967 4970
f 4900 4971 4968
f 4900 4903 4971
f 4903 4972 4971
f 4903 4904 4972
f 4961 4973 4965
f 4961 4969 4973
f 4968 4973 4969
f 4968 4971 4973
f 4965 4974 4966
f 4965 4973 4974
f 4971 4974 4973
f 4971 4972 4974
f 4940 4975 4951
f 4940 4964 4975
f 4951 4976 4952
f 4951 4975 4976
f 4964 4977 4975
f 4964 4966 4977
f 4975 4978 4976
f 4975 4977 4978
f 4952 4979 4955
f 4952 4976 4979
f 4955 4980 4956
f 4955 4979 4980
f 4976 4981 4979
f 4976 4978 4981
f 4979 4982 4980
f 4979 4981 4982
f 4904 4983 4972
f 4904 4915 4983
f 4915 4984 4983
f 4915 4916 4984
f 4966 4985 4977
f 4966 4974 4985
f 4972 4985 4974
f 4972 4983 4985
f 4977 4986 4978
f 4977 4985 4986
f 4983 4986 4985
f 4983 4984 4986
f 4916 4987 4984
f 4916 4919 4987
f 4919 4988 4987
f 4919 4920 4988
f 4978 4989 4981
f 4978 4986 4989
f 4984 4989 4986
f 4984 4987 4989
f 4981 4990 4982
f 4981 4989 4990
f 4987 4990 4989
f 4987 4988 4990
f 4800 4991 4910
f 4800 4843 4991
f 4843 4992 4991
f 4843 4844 4992
f 4910 4993 4912
f 4910 4991 4993
f 4991 4994 4993
f 4991 4992 4994
f 4844 4995 4992
f 4844 4847 4995
f 4847 4996 4995
f 4847 4848 4996
f 4992 4997 4994
f 4992 4995 4997
f 4995 4998 4997
f 4995 4996 4998
f 4912 4999 4918
f 4912 4993 4999
f 4993 5000 4999
f 4993 4994 5000
f 4918 5001 4920
f 4918 4999 5001
f 4999 5002 5001
f 4999 5000 5002
f 4994 5003 5000
f 4994 4997 5003
f 4997 5004 5003
f 4997 4998 5004
f 5000 5005 5002
f 5000 5003 5005
f 5003 5006 5005
f 5003 5004 5006
f 4848 5007 4996
f 4848 4859 5007
f 4859 5008 5007
f 4859 4860 5008
f 4996 5009 4998
f 4996 5007 5009
f 5007 5010 5009
f 5007 5008 5010
f 4860 5011 5008
f 4860 4863 5011
f 4863 5012 5011
f 4863 4864 5012
f 5008 5013 5010
f 5008 5011 5013
f 5011 5014 5013
f 5011 5012 5014
f 4998 5015 5004
f 4998 5009 5015
f 5009 5016 5015
f 5009 5010 5016
f 5004 5017 5006
f 5004 5015 5017
f 5015 5018 5017
f 5015 5016 5018
f 5010 5019 5016
f 5010 5013 5019
f 5013 5020 5019
f 5013 5014 5020
f 5016 5021 5018
f 5016 5019 5021
f 5019 5022 5021
f 5019 5020 5022
f 4624 5023 4667
f 4624 4946 5023
f 4667 5024 4668
f 4667 5023 5024
f 4946 5025 5023
f 4946 4948 5025
f 5023 5026 5024
f 5023 5025 5026
f 4668 5027 4671
f 4668 5024 5027
f 4671 5028 4672
f 4671 5027 5028
f 5024 5029 5027
f 5024 5026 5029
f 5027 5030 5028
f 5027 5029 5030
f 4948 5031 5025
f 4948 4954 5031
f 5025 5032 5026
f 5025 5031 5032
f 4954 5033 5031
f 4954 4956 5033
f 5031 5034 5032
f 5031 5033 5034
f 5026 5035 5029
f 5026 5032 5035
f 5029 5036 5030
f 5029 5035 5036
f 5032 5037 5035
f 5032 5034 5037
f 5035 5038 5036
f 5035 5037 5038
f 4672 5039 4683
f 4672 5028 5039
f 4683 5040 4684
f 4683 5039 5040
f 5028 5041 5039
f 5028 5030 5041
f 5039 5042 5040
f 5039 5041 5042
f 4684 5043 4687
f 4684 5040 5043
f 4687 5044 4688
f 4687 5043 5044
f 5040 5045 5043
f 5040 5042 5045
f 5043 5046 5044
f 5043 5045 5046
f 5030 5047 5041
f 5030 5036 5047
f 5041 5048 5042
f 5041 5047 5048
f 5036 5049 5047
f 5036 5038 5049
f 5047 5050 5048
f 5047 5049 5050
f 5042 5051 5045
f 5042 5048 5051
f 5045 5052 5046
f 5045 5051 5052
f 5048 5053 5051
f 5048 5050 5053
f 5051 5054 5052
f 5051 5053 5054
f 4956 5055 5033
f 4956 4980 5055
f 5033 5056 5034
f 5033 5055 5056
f 4980 5057 5055
f 4980 4982 5057
f 5055 5058 5056
f 5055 5057 5058
f 5034 5059 5037
f 5034 5056 5059
f 5037 5060 5038
f 5037 5059 5060
f 5056 5061 5059
f 5056 5058 5061
f 5059 5062 5060
f 5059 5061 5062
f 4920 5063 4988
f 4920 5001 5063
f 5001 5064 5063
f 5001 5002 5064
f 4982 5065 5057
f 4982 4990 5065
f 4988 5065 4990
f 4988 5063 5065
f 5057 5066 5058
f 5057 5065 5066
f 5063 5066 5065
f 5063 5064 5066
f 5002 5067 5064
f 5002 5005 5067
f 5005 5068 5067
f 5005 5006 5068
f 5058 5069 5061
f 5058 5066 5069
f 5064 5069 5066
f 5064 5067 5069
f 5061 5070 5062
f 5061 5069 5070
f 5067 5070 5069
f 5067 5068 5070
f 5038 5071 5049
f 5038 5060 5071
f 5049 5072 5050
f 5049 5071 5072
f 5060 5073 5071
f 5060 5062 5073
f 5071 5074 5072
f 5071 5073 5074
f 5050 5075 5053
f 5050 5072 5075
f 5053 5076 5054
f 5053 5075 5076
f 5072 5077 5075
f 5072 5074 5077
f 5075 5078 5076
f 5075 5077 5078
f 5006 5079 5068
f 5006 5017 5079
f 5017 5080 5079
f 5017 5018 5080
f 5062 5081 5073
f 5062 5070 5081
f 5068 5081 5070
f 5068 5079 5081
f 5073 5082 5074
f 5073 5081 5082
f 5079 5082 5081
f 5079 5080 5082
f 5018 5083 5080
f 5018 5021 5083
f 5021 5084 5083
f 5021 5022 5084
f 5074 5085 5077
f 5074 5082 5085
f 5080 5085 5082
f 5080 5083 5085
f 5077 5086 5078
f 5077 5085 5086
f 5083 5086 5085
f 5083 5084 5086
f 3904 5087 4155
f 3904 4478 5087
f 4155 5088 4156
f 4155 5087 5088
f 4478 5089 5087
f 4478 4480 5089
f 5087 5090 5088
f 5087 5089 5090
f 4156 5091 4159
f 4156 5088 5091
f 4159 5092 4160
f 4159 5091 5092
f 5088 5093 5091
f 5088 5090 5093
f 5091 5094 5092
f 5091 5093 5094
f 4480 5095 5089
f 4480 4486 5095
f 5089 5096 5090
f 5089 5095 5096
f 4486 5097 5095
f 4486 4488 5097
f 5095 5098 5096
f 5095 5097 5098
f 5090 5099 5093
f 5090 5096 5099
f 5093 5100 5094
f 5093 5099 5100
f 5096 5101 5099
f 5096 5098 5101
f 5099 5102 5100
f 5099 5101 5102
f 4160 5103 4171
f 4160 5092 5103
f 4171 5104 4172
f 4171 5103 5104
f 5092 5105 5103
f 5092 5094 5105
f 5103 5106 5104
f 5103 5105 5106
f 4172 5107 4175
f 4172 5104 5107
f 4175 5108 4176
f 4175 5107 5108
f 5104 5109 5107
f 5104 5106 5109
f 5107 5110 5108
f 5107 5109 5110
f 5094 5111 5105
f 5094 5100 5111
f 5105 5112 5106
f 5105 5111 5112
f 5100 5113 5111
f 5100 5102 5113
f 5111 5114 5112
f 5111 5113 5114
f 5106 5115 5109
f 5106 5112 5115
f 5109 5116 5110
f 5109 5115 5116
f 5112 5117 5115
f 5112 5114 5117
f 5115 5118 5116
f 5115 5117 5118
f 4488 5119 5097
f 4488 4510 5119
f 5097 5120 5098
f 5097 5119 5120
f 4510 5121 5119
f 4510 4512 5121
f 5119 5122 5120
f 5119 5121 5122
f 5098 5123 5101
f 5098 5120 5123
f 5101 5124 5102
f 5101 5123 5124
f 5120 5125 5123
f 5120 5122 5125
f 5123 5126 5124
f 5123 5125 5126
f 4512 5127 5121
f 4512 4518 5127
f 5121 5128 5122
f 5121 5127 5128
f 4518 5129 5127
f 4518 4520 5129
f 5127 5130 5128
f 5127 5129 5130
f 5122 5131 5125
f 5122 5128 5131
f 5125 5132 5126
f 5125 5131 5132
f 5128 5133 5131
f 5128 5130 5133
f 5131 5134 5132
f 5131 5133 5134
f 5102 5135 5113
f 5102 5124 5135
f 5113 5136 5114
f 5113 5135 5136
f 5124 5137 5135
f 5124 5126 5137
f 5135 5138 5136
f 5135 5137 5138
f 5114 5139 5117
f 5114 5136 5139
f 5117 5140 5118
f 5117 5139 5140
f 5136 5141 5139
f 5136 5138 5141
f 5139 5142 5140
f 5139 5141 5142
f 5126 5143 5137
f 5126 5132 5143
f 5137 5144 5138
f 5137 5143 5144
f 5132 5145 5143
f 5132 5134 5145
f 5143 5146 5144
f 5143 5145 5146
f 5138 5147 5141
f 5138 5144 5147
f 5141 5148 5142
f 5141 5147 5148
f 5144 5149 5147
f 5144 5146 5149
f 5147 5150 5148
f 5147 5149 5150
f 4176 5151 4211
f 4176 5108 5151
f 4211 5152 4212
f 4211 5151 5152
f 5108 5153 5151
f 5108 5110 5153
f 5151 5154 5152
f 5151 5153 5154
f 4212 5155 4215
f 4212 5152 5155
f 4215 5156 4216
f 4215 5155 5156
f 5152 5157 5155
f 5152 5154 5157
f 5155 5158 5156
f 5155 5157 5158
f 5110 5159 5153
f 5110 5116 5159
f 5153 5160 5154
f 5153 5159 5160
f 5116 5161 5159
f 5116 5118 5161
f 5159 5162 5160
f 5159 5161 5162
f 5154 5163 5157
f 5154 5160 5163
f 5157 5164 5158
f 5157 5163 5164
f 5160 5165 5163
f 5160 5162 5165
f 5163 5166 5164
f 5163 5165 5166
f 4216 5167 4223
f 4216 5156 5167
f 4223 5168 4224
f 4223 5167 5168
f 5156 5169 5167
f 5156 5158 5169
f 5167 5170 5168
f 5167 5169 5170
f 5158 5171 5169
f 5158 5164 5171
f 5169 5172 5170
f 5169 5171 5172
f 5164 5173 5171
f 5164 5166 5173
f 5171 5174 5172
f 5171 5173 5174
f 5118 5175 5161
f 5118 5140 5175
f 5161 5176 5162
f 5161 5175 5176
f 5140 5177 5175
f 5140 5142 5177
f 5175 5178 5176
f 5175 5177 5178
f 5162 5179 5165
f 5162 5176 5179
f 5165 5180 5166
f 5165 5179 5180
f 5176 5181 5179
f 5176 5178 5181
f 5179 5182 5180
f 5179 5181 5182
f 5142 5183 5177
f 5142 5148 5183
f 5177 5184 5178
f 5177 5183 5184
f 5148 5185 5183
f 5148 5150 5185
f 5183 5186 5184
f 5183 5185 5186
f 5178 5187 5181
f 5178 5184 5187
f 5181 5188 5182
f 5181 5187 5188
f 5184 5189 5187
f 5184 5186 5189
f 5187 5190 5188
f 5187 5189 5190
f 5166 5191 5173
f 5166 5180 5191
f 5173 5192 5174
f 5173 5191 5192
f 5180 5193 5191
f 5180 5182 5193
f 5191 5194 5192
f 5191 5193 5194
f 5182 5195 5193
f 5182 5188 5195
f 5193 5196 5194
f 5193 5195 5196
f 5188 5197 5195
f 5188 5190 5197
f 5195 5198 5196
f 5195 5197 5198
f 4520 5199 5129
f 4520 4646 5199
f 5129 5200 5130
f 5129 5199 5200
f 4646 5201 5199
f 4646 4648 5201
f 5199 5202 5200
f 5199 5201 5202
f 5130 5203 5133
f 5130 5200 5203
f 5133 5204 5134
f 5133 5203 5204
f 5200 5205 5203
f 5200 5202 5205
f 5203 5206 5204
f 5203 5205 5206
f 4648 5207 5201
f 4648 4654 5207
f 5201 5208 5202
f 5201 5207 5208
f 4654 5209 5207
f 4654 4656 5209
f 5207 5210 5208
f 5207 5209 5210
f 5202 5211 5205
f 5202 5208 5211
f 5205 5212 5206
f 5205 5211 5212
f 5208 5213 5211
f 5208 5210 5213
f 5211 5214 5212
f 5211 5213 5214
f 5134 5215 5145
f 5134 5204 5215
f 5145 5216 5146
f 5145 5215 5216
f 5204 5217 5215
f 5204 5206 5217
f 5215 5218 5216
f 5215 5217 5218
f 5146 5219 5149
f 5146 5216 5219
f 5149 5220 5150
f 5149 5219 5220
f 5216 5221 5219
f 5216 5218 5221
f 5219 5222 5220
f 5219 5221 5222
f 5206 5223 5217
f 5206 5212 5223
f 5217 5224 5218
f 5217 5223 5224
f 5212 5225 5223
f 5212 5214 5225
f 5223 5226 5224
f 5223 5225 5226
f 5218 5227 5221
f 5218 5224 5227
f 5221 5228 5222
f 5221 5227 5228
f 5224 5229 5227
f 5224 5226 5229
f 5227 5230 5228
f 5227 5229 5230
f 4656 5231 5209
f 4656 4678 5231
f 5209 5232 5210
f 5209 5231 5232
f 4678 5233 5231
f 4678 4680 5233
f 5231 5234 5232
f 5231 5233 5234
f 5210 5235 5213
f 5210 5232 5235
f 5213 5236 5214
f 5213 5235 5236
f 5232 5237 5235
f 5232 5234 5237
f 5235 5238 5236
f 5235 5237 5238
f 4680 5239 5233
f 4680 4686 5239
f 5233 5240 5234
f 5233 5239 5240
f 4686 5241 5239
f 4686 4688 5241
f 5239 5242 5240
f 5239 5241 5242
f 5234 5243 5237
f 5234 5240 5243
f 5237 5244 5238
f 5237 5243 5244
f 5240 5245 5243
f 5240 5242 5245
f 5243 5246 5244
f 5243 5245 5246
f 5214 5247 5225
f 5214 5236 5247
f 5225 5248 5226
f 5225 5247 5248
f 5236 5249 5247
f 5236 5238 5249
f 5247 5250 5248
f 5247 5249 5250
f 5226 5251 5229
f 5226 5248 5251
f 5229 5252 5230
f 5229 5251 5252
f 5248 5253 5251
f 5248 5250 5253
f 5251 5254 5252
f 5251 5253 5254
f 5238 5255 5249
f 5238 5244 5255
f 5249 5256 5250
f 5249 5255 5256
f 5244 5257 5255
f 5244 5246 5257
f 5255 5258 5256
f 5255 5257 5258
f 5250 5259 5253
f 5250 5256 5259
f 5253 5260 5254
f 5253 5259 5260
f 5256 5261 5259
f 5256 5258 5261
f 5259 5262 5260
f 5259 5261 5262
f 5150 5263 5185
f 5150 5220 5263
f 5185 5264 5186
f 5185 5263 5264
f 5220 5265 5263
f 5220 5222 5265
f 5263 5266 5264
f 5263 5265 5266
f 5186 5267 5189
f 5186 5264 5267
f 5189 5268 5190
f 5189 5267 5268
f 5264 5269 5267
f 5264 5266 5269
f 5267 5270 5268
f 5267 5269 5270
f 5222 5271 5265
f 5222 5228 5271
f 5265 5272 5266
f 5265 5271 5272
f 5228 5273 5271
f 5228 5230 5273
f 5271 5274 5272
f 5271 5273 5274
f 5266 5275 5269
f 5266 5272 5275
f 5269 5276 5270
f 5269 5275 5276
f 5272 5277 5275
f 5272 5274 5277
f 5275 5278 5276
f 5275 5277 5278
f 5190 5279 5197
f 5190 5268 5279
f 5197 5280 5198
f 5197 5279 5280
f 5268 5281 5279
f 5268 5270 5281
f 5279 5282 5280
f 5279 5281 5282
f 5270 5283 5281
f 5270 5276 5283
f 5281 5284 5282
f 5281 5283 5284
f 5276 5285 5283
f 5276 5278 5285
f 5283 5286 5284
f 5283 5285 5286
f 5230 5287 5273
f 5230 5252 5287
f 5273 5288 5274
f 5273 5287 5288
f 5252 5289 5287
f 5252 5254 5289
f 5287 5290 5288
f 5287 5289 5290
f 5274 5291 5277
f 5274 5288 5291
f 5277 5292 5278
f 5277 5291 5292
f 5288 5293 5291
f 5288 5290 5293
f 5291 5294 5292
f 5291 5293 5294
f 5254 5295 5289
f 5254 5260 5295
f 5289 5296 5290
f 5289 5295 5296
f 5260 5297 5295
f 5260 5262 5297
f 5295 5298 5296
f 5295 5297 5298
f 5290 5299 5293
f 5290 5296 5299
f 5293 5300 5294
f 5293 5299 5300
f 5296 5301 5299
f 5296 5298 5301
f 5299 5302 5300
f 5299 5301 5302
f 5278 5303 5285
f 5278 5292 5303
f 5285 5304 5286
f 5285 5303 5304
f 5292 5305 5303
f 5292 5294 5305
f 5303 5306 5304
f 5303 5305 5306
f 5294 5307 5305
f 5294 5300 5307
f 5305 5308 5306
f 5305 5307 5308
f 5300 5309 5307
f 5300 5302 5309
f 5307 5310 5308
f 5307 5309 5310
f 2769 5311 4822
f 2769 3189 5311
f 3189 5312 5311
f 3189 3190 5312
f 4822 5313 4824
f 4822 5311 5313
f 5311 5314 5313
f 5311 5312 5314
f 3190 5315 5312
f 3190 3193 5315
f 3193 5316 5315
f 3193 3194 5316
f 5312 5317 5314
f 5312 5315 5317
f 5315 5318 5317
f 5315 5316 5318
f 4824 5319 4830
f 4824 5313 5319
f 5313 5320 5319
f 5313 5314 5320
f 4830 5321 4832
f 4830 5319 5321
f 5319 5322 5321
f 5319 5320 5322
f 5314 5323 5320
f 5314 5317 5323
f 5317 5324 5323
f 5317 5318 5324
f 5320 5325 5322
f 5320 5323 5325
f 5323 5326 5325
f 5323 5324 5326
f 3194 5327 5316
f 3194 3205 5327
f 3205 5328 5327
f 3205 3206 5328
f 5316 5329 5318
f 5316 5327 5329
f 5327 5330 5329
f 5327 5328 5330
f 3206 5331 5328
f 3206 3209 5331
f 3209 5332 5331
f 3209 3210 5332
f 5328 5333 5330
f 5328 5331 5333
f 5331 5334 5333
f 5331 5332 5334
f 5318 5335 5324
f 5318 5329 5335
f 5329 5336 5335
f 5329 5330 5336
f 5324 5337 5326
f 5324 5335 5337
f 5335 5338 5337
f 5335 5336 5338
f 5330 5339 5336
f 5330 5333 5339
f 5333 5340 5339
f 5333 5334 5340
f 5336 5341 5338
f 5336 5339 5341
f 5339 5342 5341
f 5339 5340 5342
f 4832 5343 4854
f 4832 5321 5343
f 5321 5344 5343
f 5321 5322 5344
f 4854 5345 4856
f 4854 5343 5345
f 5343 5346 5345
f 5343 5344 5346
f 5322 5347 5344
f 5322 5325 5347
f 5325 5348 5347
f 5325 5326 5348
f 5344 5349 5346
f 5344 5347 5349
f 5347 5350 5349
f 5347 5348 5350
f 4856 5351 4862
f 4856 5345 5351
f 5345 5352 5351
f 5345 5346 5352
f 4862 5353 4864
f 4862 5351 5353
f 5351 5354 5353
f 5351 5352 5354
f 5346 5355 5352
f 5346 5349 5355
f 5349 5356 5355
f 5349 5350 5356
f 5352 5357 5354
f 5352 5355 5357
f 5355 5358 5357
f 5355 5356 5358
f 5326 5359 5348
f 5326 5337 5359
f 5337 5360 5359
f 5337 5338 5360
f 5348 5361 5350
f 5348 5359 5361
f 5359 5362 5361
f 5359 5360 5362
f 5338 5363 5360
f 5338 5341 5363
f 5341 5364 5363
f 5341 5342 5364
f 5360 5365 5362
f 5360 5363 5365
f 5363 5366 5365
f 5363 5364 5366
f 5350 5367 5356
f 5350 5361 5367
f 5361 5368 5367
f 5361 5362 5368
f 5356 5369 5358
f 5356 5367 5369
f 5367 5370 5369
f 5367 5368 5370
f 5362 5371 5368
f 5362 5365 5371
f 5365 5372 5371
f 5365 5366 5372
f 5368 5373 5370
f 5368 5371 5373
f 5371 5374 5373
f 5371 5372 5374
f 3210 5375 5332
f 3210 3241 5375
f 3241 5376 5375
f 3241 3242 5376
f 5332 5377 5334
f 5332 5375 5377
f 5375 5378 5377
f 5375 5376 5378
f 3242 5379 5376
f 3242 3245 5379
f 3245 5380 5379
f 3245 3246 5380
f 5376 5381 5378
f 5376 5379 5381
f 5379 5382 5381
f 5379 5380 5382
f 5334 5383 5340
f 5334 5377 5383
f 5377 5384 5383
f 5377 5378 5384
f 5340 5385 5342
f 5340 5383 5385
f 5383 5386 5385
f 5383 5384 5386
f 5378 5387 5384
f 5378 5381 5387
f 5381 5388 5387
f 5381 5382 5388
f 5384 5389 5386
f 5384 5387 5389
f 5387 5390 5389
f 5387 5388 5390
f 3246 5391 5380
f 3246 3250 5391
f 5380 5392 5382
f 5380 5391 5392
f 5382 5393 5388
f 5382 5392 5393
f 5388 5394 5390
f 5388 5393 5394
f 5342 5395 5364
f 5342 5385 5395
f 5385 5396 5395
f 5385 5386 5396
f 5364 5397 5366
f 5364 5395 5397
f 5395 5398 5397
f 5395 5396 5398
f 5386 5399 5396
f 5386 5389 5399
f 5389 5400 5399
f 5389 5390 5400
f 5396 5401 5398
f 5396 5399 5401
f 5399 5402 5401
f 5399 5400 5402
f 5366 5403 5372
f 5366 5397 5403
f 5397 5404 5403
f 5397 5398 5404
f 5372 5405 5374
f 5372 5403 5405
f 5403 5406 5405
f 5403 5404 5406
f 5398 5407 5404
f 5398 5401 5407
f 5401 5408 5407
f 5401 5402 5408
f 5404 5409 5406
f 5404 5407 5409
f 5407 5410 5409
f 5407 5408 5410
f 5390 5411 5400
f 5390 5394 5411
f 5400 5412 5402
f 5400 5411 5412
f 5402 5413 5408
f 5402 5412 5413
f 5408 5414 5410
f 5408 5413 5414
f 4864 5415 5012
f 4864 5353 5415
f 5353 5416 5415
f 5353 5354 5416
f 5012 5417 5014
f 5012 5415 5417
f 5415 5418 5417
f 5415 5416 5418
f 5354 5419 5416
f 5354 5357 5419
f 5357 5420 5419
f 5357 5358 5420
f 5416 5421 5418
f 5416 5419 5421
f 5419 5422 5421
f 5419 5420 5422
f 5014 5423 5020
f 5014 5417 5423
f 5417 5424 5423
f 5417 5418 5424
f 5020 5425 5022
f 5020 5423 5425
f 5423 5426 5425
f 5423 5424 5426
f 5418 5427 5424
f 5418 5421 5427
f 5421 5428 5427
f 5421 5422 5428
f 5424 5429 5426
f 5424 5427 5429
f 5427 5430 5429
f 5427 5428 5430
f 5358 5431 5420
f 5358 5369 5431
f 5369 5432 5431
f 5369 5370 5432
f 5420 5433 5422
f 5420 5431 5433
f 5431 5434 5433
f 5431 5432 5434
f 5370 5435 5432
f 5370 5373 5435
f 5373 5436 5435
f 5373 5374 5436
f 5432 5437 5434
f 5432 5435 5437
f 5435 5438 5437
f 5435 5436 5438
f 5422 5439 5428
f 5422 5433 5439
f 5433 5440 5439
f 5433 5434 5440
f 5428 5441 5430
f 5428 5439 5441
f 5439 5442 5441
f 5439 5440 5442
f 5434 5443 5440
f 5434 5437 5443
f 5437 5444 5443
f 5437 5438 5444
f 5440 5445 5442
f 5440 5443 5445
f 5443 5446 5445
f 5443 5444 5446
f 4688 5447 5241
f 4688 5044 5447
f 5241 5448 5242
f 5241 5447 5448
f 5044 5449 5447
f 5044 5046 5449
f 5447 5450 5448
f 5447 5449 5450
f 5242 5451 5245
f 5242 5448 5451
f 5245 5452 5246
f 5245 5451 5452
f 5448 5453 5451
f 5448 5450 5453
f 5451 5454 5452
f 5451 5453 5454
f 5046 5455 5449
f 5046 5052 5455
f 5449 5456 5450
f 5449 5455 5456
f 5052 5457 5455
f 5052 5054 5457
f 5455 5458 5456
f 5455 5457 5458
f 5450 5459 5453
f 5450 5456 5459
f 5453 5460 5454
f 5453 5459 5460
f 5456 5461 5459
f 5456 5458 5461
f 5459 5462 5460
f 5459 5461 5462
f 5246 5463 5257
f 5246 5452 5463
f 5257 5464 5258
f 5257 5463 5464
f 5452 5465 5463
f 5452 5454 5465
f 5463 5466 5464
f 5463 5465 5466
f 5258 5467 5261
f 5258 5464 5467
f 5261 5468 5262
f 5261 5467 5468
f 5464 5469 5467
f 5464 5466 5469
f 5467 5470 5468
f 5467 5469 5470
f 5454 5471 5465
f 5454 5460 5471
f 5465 5472 5466
f 5465 5471 5472
f 5460 5473 5471
f 5460 5462 5473
f 5471 5474 5472
f 5471 5473 5474
f 5466 5475 5469
f 5466 5472 5475
f 5469 5476 5470
f 5469 5475 5476
f 5472 5477 5475
f 5472 5474 5477
f 5475 5478 5476
f 5475 5477 5478
f 5054 5479 5457
f 5054 5076 5479
f 5457 5480 5458
f 5457 5479 5480
f 5076 5481 5479
f 5076 5078 5481
f 5479 5482 5480
f 5479 5481 5482
f 5458 5483 5461
f 5458 5480 5483
f 5461 5484 5462
f 5461 5483 5484
f 5480 5485 5483
f 5480 5482 5485
f 5483 5486 5484
f 5483 5485 5486
f 5022 5487 5084
f 5022 5425 5487
f 5425 5488 5487
f 5425 5426 5488
f 5078 5489 5481
f 5078 5086 5489
f 5084 5489 5086
f 5084 5487 5489
f 5481 5490 5482
f 5481 5489 5490
f 5487 5490 5489
f 5487 5488 5490
f 5426 5491 5488
f 5426 5429 5491
f 5429 5492 5491
f 5429 5430 5492
f 5482 5493 5485
f 5482 5490 5493
f 5488 5493 5490
f 5488 5491 5493
f 5485 5494 5486
f 5485 5493 5494
f 5491 5494 5493
f 5491 5492 5494
f 5462 5495 5473
f 5462 5484 5495
f 5473 5496 5474
f 5473 5495 5496
f 5484 5497 5495
f 5484 5486 5497
f 5495 5498 5496
f 5495 5497 5498
f 5474 5499 5477
f 5474 5496 5499
f 5477 5500 5478
f 5477 5499 5500
f 5496 5501 5499
f 5496 5498 5501
f 5499 5502 5500
f 5499 5501 5502
f 5430 5503 5492
f 5430 5441 5503
f 5441 5504 5503
f 5441 5442 5504
f 5486 5505 5497
f 5486 5494 5505
f 5492 5505 5494
f 5492 5503 5505
f 5497 5506 5498
f 5497 5505 5506
f 5503 5506 5505
f 5503 5504 5506
f 5442 5507 5504
f 5442 5445 5507
f 5445 5508 5507
f 5445 5446 5508
f 5498 5509 5501
f 5498 5506 5509
f 5504 5509 5506
f 5504 5507 5509
f 5501 5510 5502
f 5501 5509 5510
f 5507 5510 5509
f 5507 5508 5510
f 5374 5511 5436
f 5374 5405 5511
f 5405 5512 5511
f 5405 5406 5512
f 5436 5513 5438
f 5436 5511 5513
f 5511 5514 5513
f 5511 5512 5514
f 5406 5515 5512
f 5406 5409 5515
f 5409 5516 5515
f 5409 5410 5516
f 5512 5517 5514
f 5512 5515 5517
f 5515 5518 5517
f 5515 5516 5518
f 5438 5519 5444
f 5438 5513 5519
f 5513 5520 5519
f 5513 5514 5520
f 5444 5521 5446
f 5444 5519 5521
f 5519 5522 5521
f 5519 5520 5522
f 5514 5523 5520
f 5514 5517 5523
f 5517 5524 5523
f 5517 5518 5524
f 5520 5525 5522
f 5520 5523 5525
f 5523 5526 5525
f 5523 5524 5526
f 5410 5527 5516
f 5410 5414 5527
f 5516 5528 5518
f 5516 5527 5528
f 5518 5529 5524
f 5518 5528 5529
f 5524 5530 5526
f 5524 5529 5530
f 5529 5531 5530
f 5262 5532 5297
f 5262 5468 5532
f 5297 5533 5298
f 5297 5532 5533
f 5468 5534 5532
f 5468 5470 5534
f 5532 5535 5533
f 5532 5534 5535
f 5298 5536 5301
f 5298 5533 5536
f 5301 5537 5302
f 5301 5536 5537
f 5533 5538 5536
f 5533 5535 5538
f 5536 5539 5537
f 5536 5538 5539
f 5470 5540 5534
f 5470 5476 5540
f 5534 5541 5535
f 5534 5540 5541
f 5476 5542 5540
f 5476 5478 5542
f 5540 5543 5541
f 5540 5542 5543
f 5535 5544 5538
f 5535 5541 5544
f 5538 5545 5539
f 5538 5544 5545
f 5541 5546 5544
f 5541 5543 5546
f 5544 5547 5545
f 5544 5546 5547
f 5302 5548 5309
f 5302 5537 5548
f 5309 5549 5310
f 5309 5548 5549
f 5537 5550 5548
f 5537 5539 5550
f 5548 5551 5549
f 5548 5550 5551
f 5539 5552 5550
f 5539 5545 5552
f 5550 5553 5551
f 5550 5552 5553
f 5545 5554 5552
f 5545 5547 5554
f 5552 5555 5553
f 5552 5554 5555
f 5478 5556 5542
f 5478 5500 5556
f 5542 5557 5543
f 5542 5556 5557
f 5500 5558 5556
f 5500 5502 5558
f 5556 5559 5557
f 5556 5558 5559
f 5543 5560 5546
f 5543 5557 5560
f 5546 5561 5547
f 5546 5560 5561
f 5557 5562 5560
f 5557 5559 5562
f 5560 5563 5561
f 5560 5562 5563
f 5446 5564 5508
f 5446 5521 5564
f 5521 5565 5564
f 5521 5522 5565
f 5502 5566 5558
f 5502 5510 5566
f 5508 5566 5510
f 5508 5564 5566
f 5558 5567 5559
f 5558 5566 5567
f 5564 5567 5566
f 5564 5565 5567
f 5522 5568 5565
f 5522 5525 5568
f 5525 5569 5568
f 5525 5526 5569
f 5559 5570 5562
f 5559 5567 5570
f 5565 5570 5567
f 5565 5568 5570
f 5562 5571 5563
f 5562 5570 5571
f 5568 5571 5570
f 5568 5569 5571
f 5547 5572 5554
f 5547 5561 5572
f 5554 5573 5555
f 5554 5572 5573
f 5561 5574 5572
f 5561 5563 5574
f 5572 5575 5573
f 5572 5574 5575
f 5526 5576 5569
f 5526 5530 5576
f 5530 5577 5576
f 5530 5531 5577
f 5563 5578 5574
f 5563 5571 5578
f 5569 5578 5571
f 5569 5576 5578
f 5574 5579 5575
f 5574 5578 5579
f 5576 5579 5578
f 5576 5577 5579

