# https://github.com/mikedh/trimesh
v 0.50000000 0.18016381 0.19768415
v -0.49961514 0.17977895 0.19476370
v 0.49961567 0.17977895 0.19476370
v -0.50000000 0.18016381 0.19768415
v -0.49848768 0.17865202 0.19204205
v 0.49961567 -0.15278520 0.19476370
v 0.49961567 0.17977895 0.20060514
v -0.50000000 -0.10108611 0.19768415
v 0.49848821 0.17865202 0.19204205
v -0.49961514 -0.10108611 0.19476370
v 0.50000000 -0.15316952 0.19768415
v 0.49848821 -0.15165773 0.19204205
v -0.49961514 0.17977895 0.20060514
v 0.49961567 -0.15278520 0.20060514
v -0.49961514 -0.10108611 0.20060514
v -0.49669469 0.17685850 0.18970473
v -0.49848768 -0.10108611 0.19204205
v -0.50000000 -0.15316952 0.19768415
v -0.49961514 -0.15278520 0.19476370
v 0.49848821 0.17865202 0.20332679
v 0.49848821 -0.15165773 0.20332679
v -0.49961514 -0.15278520 0.20060514
v 0.49669469 0.17685850 0.18970473
v 0.49669469 -0.14986421 0.18970473
v -0.49848768 -0.15165773 0.19204205
v -0.49848768 0.17865202 0.20332679
v -0.49848768 -0.10108611 0.20332679
v -0.49848768 -0.15165773 0.20332679
v -0.49435736 0.17452117 0.18791120
v -0.49669469 -0.10108611 0.18970473
v -0.49669469 -0.14986421 0.18970473
v 0.49669469 0.17685850 0.20566358
v 0.49669469 -0.14986421 0.20566358
v -0.49669469 -0.14986421 0.20566358
v 0.49435790 0.17452117 0.18791120
v -0.49435736 -0.10108611 0.18791120
v -0.49435736 -0.14752742 0.18791120
v -0.49669469 0.17685850 0.20566358
v -0.49669469 -0.10108611 0.20566358
v -0.49163572 0.17179953 0.18678427
v -0.49163572 -0.14480577 0.18678427
v 0.49435790 -0.14752742 0.18791120
v -0.49435736 0.17452117 0.20745710
v 0.49435790 -0.14752742 0.20745710
v -0.49435736 -0.14752742 0.20745710
v 0.49163625 0.17179953 0.18678427
v -0.49163572 -0.10108611 0.18678427
v 0.49435790 0.17452117 0.20745710
v -0.49435736 -0.10108611 0.20745710
v -0.48871526 0.16887907 0.18639941
v -0.48871526 -0.14188478 0.18639941
v 0.49163625 -0.14480577 0.18678427
v -0.49163572 0.17179953 0.20858457
v 0.49163625 -0.14480577 0.20858457
v -0.49163572 -0.14480577 0.20858457
v 0.48871526 0.16887907 0.18639941
v -0.48871526 -0.10108611 0.18639941
v 0.49163625 0.17179953 0.20858457
v -0.49163572 -0.10108611 0.20858457
v -0.48871526 0.16887907 0.18678427
v 0.48871526 -0.14188478 0.18639941
v -0.48871526 0.16887907 0.20896889
v 0.48871526 -0.14188478 0.20896889
v -0.48871526 -0.14188478 0.20896889
v 0.48871526 0.16887907 0.18678427
v -0.48871526 -0.14188478 0.18678427
v 0.48871526 -0.14188478 0.18678427
v 0.48871526 0.16887907 0.20896889
v -0.48871526 -0.10108611 0.20896889
v 0.48871526 0.15064987 0.18678427
v 0.48871526 -0.12369971 0.18678427
v 0.48871526 0.16887907 0.20549667
v -0.48871526 -0.10108611 0.20549667
v 0.48871526 -0.12369971 0.20549667
v -0.48871526 -0.14188478 0.20549667
v 0.48871526 0.15064987 0.20549667
v 0.48871526 -0.14188478 0.20549667
v -0.48871526 0.16887907 0.20549667
v -0.48871526 -0.12369971 0.20549667
v -0.48871526 0.15064987 0.20549667
v 0.34461834 -0.14188478 0.20549667
v 0.34461834 -0.12369971 0.20549667
v -0.33691958 -0.11295611 0.20549667
v -0.33402836 -0.11239264 -0.12610055
v -0.33691958 -0.11295611 -0.12610055
v -0.33402836 -0.11239264 0.20549667
v -0.33552846 -0.11710715 -0.12610055
v -0.33956681 -0.11424889 0.20549667
v -0.33557683 -0.13471494 0.20549667
v -0.33108930 -0.11259623 -0.12610055
v -0.33714869 -0.11789813 -0.12610055
v -0.33375833 -0.11676216 -0.12610055
v -0.33956681 -0.11424889 -0.12610055
v -0.33836280 -0.13375758 0.20549667
v -0.33263777 -0.13491907 0.20549667
v -0.33108930 -0.11259623 0.20549667
v -0.33850845 -0.11908194 -0.12610055
v -0.33951631 -0.12057726 -0.12610055
v -0.34178878 -0.11618275 0.20549667
v -0.34080591 -0.13211183 0.20549667
v -0.33836280 -0.13375758 -0.12610055
v -0.33557683 -0.13471494 -0.12610055
v -0.32830333 -0.11355413 -0.12610055
v -0.33196002 -0.11688655 -0.12610055
v -0.34010210 -0.12228254 -0.12610055
v -0.34178878 -0.11618275 -0.12610055
v -0.34080591 -0.13211183 -0.12610055
v -0.32974655 -0.13435560 0.20549667
v -0.33263777 -0.13491907 -0.12610055
v -0.32830333 -0.11355413 0.20549667
v -0.33025473 -0.11747288 -0.12610055
v -0.34022702 -0.12408138 -0.12610055
v -0.34343506 -0.11862639 -0.12610055
v -0.34273976 -0.12988933 0.20549667
v -0.33790724 -0.12883150 -0.12610055
v -0.33470665 -0.13042462 -0.12610055
v -0.32586023 -0.11519987 -0.12610055
v -0.32875942 -0.11848020 -0.12610055
v -0.34273976 -0.12988933 -0.12610055
v -0.34343506 -0.11862639 0.20549667
v -0.33909052 -0.12747121 -0.12610055
v -0.33641140 -0.12983883 -0.12610055
v -0.33988203 -0.12585098 -0.12610055
v -0.32709932 -0.13306228 0.20549667
v -0.32974655 -0.13435560 -0.12610055
v -0.33290781 -0.13054954 -0.12610055
v -0.32586023 -0.11519987 0.20549667
v -0.32757561 -0.11984050 -0.12610055
v -0.34439242 -0.12141182 -0.12610055
v -0.34403255 -0.12724210 -0.12610055
v -0.34403255 -0.12724210 0.20549667
v -0.33113768 -0.13020455 -0.12610055
v -0.32392637 -0.11742238 0.20549667
v -0.32678410 -0.12146073 -0.12610055
v -0.34439242 -0.12141182 0.20549667
v -0.32487735 -0.13112843 0.20549667
v -0.32709932 -0.13306228 -0.12610055
v -0.32951798 -0.12941358 -0.12610055
v -0.32392637 -0.11742238 -0.12610055
v -0.32643911 -0.12323033 -0.12610055
v -0.34459654 -0.12435088 -0.12610055
v -0.34459654 -0.12435088 0.20549667
v -0.32263359 -0.12006907 0.20549667
v -0.32487735 -0.13112843 -0.12610055
v -0.32323107 -0.12868532 0.20549667
v -0.32815768 -0.12822976 -0.12610055
v -0.32263359 -0.12006907 -0.12610055
v -0.32323107 -0.12868532 -0.12610055
v -0.32656403 -0.12502917 -0.12610055
v -0.32715035 -0.12673445 -0.12610055
v -0.32207012 -0.12296082 0.20549667
v -0.32227371 -0.12589935 0.20549667
v -0.32227371 -0.12589935 -0.12610055
v -0.32207012 -0.12296082 -0.12610055
v -0.33546467 0.13956819 0.20549667
v -0.33826021 0.14049738 -0.12610055
v -0.33546467 0.13956819 -0.12610055
v -0.33826021 0.14049738 0.20549667
v -0.33785409 0.14542824 -0.12610055
v -0.33252348 0.13939384 0.20549667
v -0.33702802 0.16131214 0.20549667
v -0.34071979 0.14211868 -0.12610055
v -0.33905172 0.14677631 -0.12610055
v -0.33634868 0.14443580 -0.12610055
v -0.33252348 0.13939384 -0.12610055
v -0.33414265 0.16190538 0.20549667
v -0.33966196 0.15999278 0.20549667
v -0.34071979 0.14211868 0.20549667
v -0.34022224 0.15015445 -0.12610055
v -0.33985918 0.14838803 -0.12610055
v -0.33463755 0.14386702 -0.12610055
v -0.32963811 0.13998707 0.20549667
v -0.33120200 0.16173155 0.20549667
v -0.33702802 0.16131214 -0.12610055
v -0.33414265 0.16190538 -0.12610055
v -0.34267598 0.14432098 0.20549667
v -0.33966196 0.15999278 -0.12610055
v -0.33283764 0.14376070 -0.12610055
v -0.32963811 0.13998707 -0.12610055
v -0.33120200 0.16173155 -0.12610055
v -0.34186427 0.15803660 0.20549667
v -0.34267598 0.14432098 -0.12610055
v -0.34186427 0.15803660 -0.12610055
v -0.34011593 0.15195435 -0.12610055
v -0.33107176 0.14412376 -0.12610055
v -0.32700417 0.14130697 0.20549667
v -0.32840646 0.16080237 0.20549667
v -0.32840646 0.16080237 -0.12610055
v -0.33954714 0.15366548 -0.12610055
v -0.33559491 0.15717598 -0.12610055
v -0.33382849 0.15753905 -0.12610055
v -0.34399587 0.14695492 0.20549667
v -0.34348556 0.15557648 0.20549667
v -0.32945950 0.14493122 -0.12610055
v -0.32700417 0.14130697 -0.12610055
v -0.33031746 0.15686395 -0.12610055
v -0.33855470 0.15517089 -0.12610055
v -0.33720663 0.15636799 -0.12610055
v -0.33202859 0.15743220 -0.12610055
v -0.34399587 0.14695492 -0.12610055
v -0.34348556 0.15557648 -0.12610055
v -0.32480187 0.14326315 0.20549667
v -0.32594634 0.15918107 0.20549667
v -0.32594634 0.15918107 -0.12610055
v -0.32881205 0.15587150 -0.12610055
v -0.34458857 0.14984029 0.20549667
v -0.34441475 0.15278095 0.20549667
v -0.34441475 0.15278095 -0.12610055
v -0.32811144 0.14612885 -0.12610055
v -0.32480187 0.14326315 -0.12610055
v -0.32761442 0.15452344 -0.12610055
v -0.34458857 0.14984029 -0.12610055
v -0.32711899 0.14763427 -0.12610055
v -0.32655021 0.14934540 -0.12610055
v -0.32318058 0.14572273 -0.12610055
v -0.32399016 0.15697877 0.20549667
v -0.32680696 0.15291118 -0.12610055
v -0.32644390 0.15114530 -0.12610055
v -0.32318058 0.14572273 0.20549667
v -0.32399016 0.15697877 -0.12610055
v -0.32225139 0.14851827 -0.12610055
v -0.32267027 0.15434483 -0.12610055
v -0.32267027 0.15434483 0.20549667
v -0.32225139 0.14851827 0.20549667
v -0.32207756 0.15145946 -0.12610055
v -0.32207756 0.15145946 0.20549667
v 0.33629658 -0.11276687 0.20549667
v 0.33901398 -0.11390496 -0.12610055
v 0.33629658 -0.11276687 -0.12610055
v 0.33901398 -0.11390496 0.07680470
v 0.33681008 -0.11768763 -0.12610055
v 0.33337772 -0.11237138 0.20549667
v 0.33901398 -0.11390496 0.20549667
v 0.34134386 -0.11570752 -0.12610055
v 0.33514732 -0.11699127 -0.12610055
v 0.33823629 -0.11879117 -0.12610055
v 0.33337772 -0.11237138 -0.12610055
v 0.34134386 -0.11570752 0.20549667
v 0.33932867 -0.12022589 -0.12610055
v 0.33045514 -0.11274401 0.20549667
v 0.34312834 -0.11805176 0.20549667
v 0.34001227 -0.12189396 -0.12610055
v 0.33336018 -0.11674887 -0.12610055
v 0.33045514 -0.11274401 -0.12610055
v 0.34312834 -0.11805176 -0.12610055
v 0.34024031 -0.12368270 -0.12610055
v 0.33157197 -0.11697745 -0.12610055
v 0.32772924 -0.11386084 0.20549667
v 0.34424518 -0.12077766 0.20549667
v 0.34308422 -0.12933650 -0.12610055
v 0.34128166 -0.13166638 -0.12610055
v 0.32990337 -0.11766052 -0.12610055
v 0.32772924 -0.11386084 -0.12610055
v 0.34424518 -0.12077766 -0.12610055
v 0.34422232 -0.12661910 -0.12610055
v 0.33999792 -0.12546931 -0.12610055
v 0.32846865 -0.11875290 -0.12610055
v 0.32538500 -0.11564533 0.20549667
v 0.34128166 -0.13166638 0.20549667
v 0.34308422 -0.12933650 0.20549667
v 0.33930156 -0.12713260 -0.12610055
v 0.32736511 -0.12017911 -0.12610055
v 0.32538500 -0.11564533 -0.12610055
v 0.34461834 -0.12369971 -0.12610055
v 0.33893743 -0.13345033 -0.12610055
v 0.34422232 -0.12661910 0.20549667
v 0.32666875 -0.12184186 -0.12610055
v 0.32642635 -0.12362901 -0.12610055
v 0.32358298 -0.11797521 -0.12610055
v 0.33893743 -0.13345033 0.20549667
v 0.33819855 -0.12855881 -0.12610055
v 0.32765322 -0.13340674 -0.12610055
v 0.32358298 -0.11797521 0.20549667
v 0.32532281 -0.13160418 -0.12610055
v 0.33621153 -0.13456716 -0.12610055
v 0.33676383 -0.12965066 -0.12610055
v 0.32665493 -0.12541722 -0.12610055
v 0.32244488 -0.12069261 -0.12610055
v 0.32353885 -0.12925995 -0.12610055
v 0.33621153 -0.13456716 0.20549667
v 0.32765322 -0.13340674 0.20549667
v 0.32733853 -0.12708582 -0.12610055
v 0.32244488 -0.12069261 0.20549667
v 0.32353885 -0.12925995 0.20549667
v 0.33328948 -0.13494033 -0.12610055
v 0.33509523 -0.13033426 -0.12610055
v 0.32532281 -0.13160418 0.20549667
v 0.33037009 -0.13454431 0.20549667
v 0.32843038 -0.12852053 -0.12610055
v 0.32204886 -0.12361147 -0.12610055
v 0.32242202 -0.12653405 -0.12610055
v 0.32242202 -0.12653405 0.20549667
v 0.33328948 -0.13494033 0.20549667
v 0.33330649 -0.13056283 -0.12610055
v 0.33037009 -0.13454431 -0.12610055
v 0.32204886 -0.12361147 0.20549667
v 0.33151988 -0.13032044 -0.12610055
v 0.32985659 -0.12962408 -0.12610055
v 0.32761973 0.14091839 0.20549667
v 0.32529570 0.14272892 -0.12610055
v 0.32761973 0.14091839 -0.12610055
v 0.32529570 0.14272892 0.20549667
v 0.32541265 0.15868724 -0.12610055
v 0.33033341 0.13977125 0.20549667
v 0.32541265 0.15868724 0.20549667
v 0.32351972 0.14507900 0.20549667
v 0.32360211 0.15636321 -0.12610055
v 0.32642689 0.15070037 -0.12610055
v 0.33033341 0.13977125 -0.12610055
v 0.32776273 0.16046375 0.20549667
v 0.32360211 0.15636321 0.20549667
v 0.32351972 0.14507900 -0.12610055
v 0.32776273 0.16046375 -0.12610055
v 0.32664908 0.14891057 -0.12610055
v 0.32841390 0.14580141 -0.12610055
v 0.33325121 0.13936513 0.20549667
v 0.33049235 0.16157102 0.20549667
v 0.32241245 0.14780862 0.20549667
v 0.32245498 0.15365007 0.20549667
v 0.32245498 0.15365007 -0.12610055
v 0.32667513 0.15248592 -0.12610055
v 0.32732684 0.14723984 -0.12610055
v 0.32983639 0.14469361 -0.12610055
v 0.33325121 0.13936513 -0.12610055
v 0.33049235 0.16157102 -0.12610055
v 0.32241245 0.14780862 -0.12610055
v 0.32737734 0.15414655 -0.12610055
v 0.33149702 0.14399140 -0.12610055
v 0.33617432 0.13972873 0.20549667
v 0.33341599 0.16193408 0.20549667
v 0.33341599 0.16193408 -0.12610055
v 0.32848513 0.15556904 -0.12610055
v 0.32204886 0.15073227 0.20549667
v 0.32204886 0.15073227 -0.12610055
v 0.33328310 0.14374316 -0.12610055
v 0.33617432 0.13972873 -0.12610055
v 0.33159430 0.15733439 -0.12610055
v 0.32992357 0.15665664 -0.12610055
v 0.33890447 0.14083599 0.20549667
v 0.33633379 0.16152849 0.20549667
v 0.33633379 0.16152849 -0.12610055
v 0.33338410 0.15755659 -0.12610055
v 0.33507237 0.14396536 -0.12610055
v 0.33890447 0.14083599 -0.12610055
v 0.33516965 0.15730834 -0.12610055
v 0.33674310 0.14464311 -0.12610055
v 0.34125455 0.14261197 0.20549667
v 0.33904693 0.16038136 0.20549667
v 0.33904693 0.16038136 -0.12610055
v 0.33683028 0.15660614 -0.12610055
v 0.33818153 0.14573018 -0.12610055
v 0.34125455 0.14261197 -0.12610055
v 0.33928986 0.14715266 -0.12610055
v 0.34306509 0.14493601 -0.12610055
v 0.34137097 0.15857083 0.20549667
v 0.34137097 0.15857083 -0.12610055
v 0.33825277 0.15549781 -0.12610055
v 0.33999207 0.14881329 -0.12610055
v 0.34306509 0.14493601 0.20549667
v 0.33934036 0.15405938 -0.12610055
v 0.34024031 0.15059937 -0.12610055
v 0.34421222 0.14764968 -0.12610055
v 0.34314748 0.15622075 -0.12610055
v 0.34314748 0.15622075 0.20549667
v 0.34001812 0.15238864 -0.12610055
v 0.34421222 0.14764968 0.20549667
v 0.34461781 0.15056748 -0.12610055
v 0.34425474 0.15349059 -0.12610055
v 0.34425474 0.15349059 0.20549667
v 0.34461781 0.15056748 0.20549667
v 0.31708982 0.14148610 -0.17004720
v 0.31509377 0.14590240 -0.13714396
v 0.31708982 0.14148610 -0.13714396
v 0.31509377 0.14590240 -0.16336534
v 0.31649978 0.16004115 -0.13714396
v 0.31958715 0.13843701 -0.17466018
v 0.31253000 0.14512737 -0.16453799
v 0.31435861 0.15038037 -0.15658939
v 0.31478865 0.15550738 -0.13714396
v 0.31932615 0.16397798 -0.13714396
v 0.31958715 0.13843701 -0.13714396
v 0.31481417 0.14007372 -0.17218359
v 0.31166779 0.15038037 -0.15658939
v 0.31430864 0.15068443 -0.13714396
v 0.31480779 0.15555894 -0.15036628
v 0.31666297 0.16026867 -0.14652461
v 0.31968655 0.13542512 -0.17738714
v 0.31693195 0.13748868 -0.17609542
v 0.31253000 0.14512737 -0.13448876
v 0.31163218 0.15059937 -0.13448876
v 0.31430864 0.15068443 -0.15615563
v 0.31163218 0.15059937 -0.15627736
v 0.31439422 0.15154451 -0.15492929
v 0.31478865 0.15550738 -0.15041891
v 0.31537338 0.15705744 -0.14900014
v 0.31649978 0.16004115 -0.14668993
v 0.31788559 0.16197076 -0.14542319
v 0.32307532 0.16704887 -0.13714396
v 0.31969878 0.13504983 -0.17945815
v 0.31969187 0.13526033 -0.17528956
v 0.31971632 0.13452889 -0.18057339
v 0.31481417 0.14007372 -0.13448876
v 0.31451914 0.15279849 -0.15333511
v 0.31465204 0.15413805 -0.15181269
v 0.31212494 0.15555894 -0.15036628
v 0.31253532 0.15705744 -0.14900014
v 0.31596661 0.15862877 -0.14771799
v 0.31374730 0.16026867 -0.14652461
v 0.31461642 0.16197076 -0.14542319
v 0.31914967 0.16373186 -0.14441693
v 0.32307532 0.16704887 -0.14285676
v 0.32005015 0.12439022 -0.13714396
v 0.31971473 0.13456610 -0.17330095
v 0.31958715 0.13427533 -0.18095718
v 0.31693195 0.13748868 -0.13448876
v 0.31253000 0.14512737 -0.13379399
v 0.31172573 0.15154451 -0.15492929
v 0.31185065 0.15279849 -0.15333511
v 0.31218076 0.15611762 -0.14985703
v 0.31312855 0.15862877 -0.14771799
v 0.31413907 0.16130576 -0.14585377
v 0.31588050 0.16373186 -0.14441693
v 0.31932615 0.16397798 -0.14429360
v 0.32123927 0.16554505 -0.14350900
v 0.32386418 0.16740555 -0.14270208
v 0.34660163 0.12439022 -0.13714396
v 0.32000869 0.12565855 -0.16893462
v 0.31975406 0.13338495 -0.17155208
v 0.31693195 0.13427533 -0.18095718
v 0.31693195 0.13738290 -0.13448876
v 0.31481417 0.14007372 -0.13379399
v 0.31163218 0.15059937 -0.13379399
v 0.31218076 0.15611762 -0.13448876
v 0.31198408 0.15413805 -0.15181269
v 0.31413907 0.16130576 -0.13448876
v 0.31737315 0.16581030 -0.13448876
v 0.31718232 0.16554505 -0.14350900
v 0.31932030 0.16740555 -0.14270208
v 0.32749162 0.16904492 -0.14209608
v 0.32749162 0.16904492 -0.13714396
v 0.34879596 0.12472139 -0.13448876
v 0.32007566 0.12362104 -0.16962300
v 0.31993799 0.12779600 -0.16879907
v 0.31972429 0.13427533 -0.18095718
v 0.31980616 0.13179130 -0.17015989
v 0.31958715 0.13300966 -0.18260665
v 0.31828214 0.13573503 -0.13448876
v 0.31693195 0.13748868 -0.13379399
v 0.31487051 0.14010880 -0.13345857
v 0.31249704 0.14511727 -0.13396941
v 0.31413907 0.16130576 -0.13379399
v 0.31159762 0.15059831 -0.13396941
v 0.31259326 0.14514651 -0.13345857
v 0.31218076 0.15611762 -0.13379399
v 0.31737315 0.16581030 -0.14339365
v 0.32164221 0.16930752 -0.14199881
v 0.33227418 0.16982952 -0.13714396
v 0.34675898 0.11968209 -0.17491214
v 0.31693195 0.12472139 -0.13448876
v 0.32013467 0.12182645 -0.17082329
v 0.32006556 0.12392722 -0.17498231
v 0.31998583 0.12634587 -0.17312659
v 0.31986941 0.12988721 -0.16921954
v 0.31976629 0.13300966 -0.18260665
v 0.31693195 0.13300966 -0.18260665
v 0.31832786 0.13578393 -0.13448876
v 0.31830447 0.13575895 -0.13396941
v 0.31698245 0.13753015 -0.13345857
v 0.31478493 0.14005564 -0.13396941
v 0.31737315 0.16581030 -0.13379399
v 0.31214727 0.15612560 -0.13396941
v 0.31169809 0.15060150 -0.13345857
v 0.32909059 0.16930752 -0.14199881
v 0.33227418 0.16982952 -0.14180531
v 0.33709660 0.16935004 -0.13714396
v 0.34879596 0.11968209 -0.17491214
v 0.34675898 0.11968209 -0.17903608
v 0.32020005 0.11984422 -0.17361245
v 0.32800565 0.13052562 -0.13448876
v 0.32018198 0.12040396 -0.17245681
v 0.32008364 0.12337704 -0.17676893
v 0.32007726 0.12356682 -0.17574087
v 0.32006291 0.12401546 -0.17479679
v 0.32001188 0.12555489 -0.17340780
v 0.31997945 0.12653990 -0.17305802
v 0.31991779 0.12840731 -0.17312659
v 0.31985931 0.13019286 -0.17415784
v 0.31981998 0.13137614 -0.17717930
v 0.31958715 0.13135966 -0.18387285
v 0.31693195 0.13262586 -0.17657331
v 0.32280103 0.13249031 -0.13448876
v 0.31690537 0.13746689 -0.13396941
v 0.32281645 0.13251902 -0.13396941
v 0.31693195 0.12965491 -0.17217189
v 0.31832786 0.13578393 -0.13379399
v 0.31837357 0.13583231 -0.13345857
v 0.31501191 0.14019704 -0.13296527
v 0.31711056 0.13763487 -0.13296527
v 0.31246568 0.14510770 -0.13448876
v 0.31156467 0.15059725 -0.13448876
v 0.31419754 0.16127493 -0.13345857
v 0.31410824 0.16132224 -0.13396941
v 0.31742153 0.16576512 -0.13345857
v 0.31211484 0.15613304 -0.13448876
v 0.31275326 0.14519488 -0.13296527
v 0.31224508 0.15610274 -0.13345857
v 0.32166347 0.16932453 -0.13448876
v 0.32166347 0.16932453 -0.14199243
v 0.34163037 0.16763891 -0.13714396
v 0.34676802 0.11941045 -0.17697411
v 0.34879596 0.11968209 -0.17903608
v 0.34673240 0.12047785 -0.18095718
v 0.31963552 0.11973365 -0.17449964
v 0.33354144 0.12997545 -0.13448876
v 0.32017932 0.12047785 -0.18095718
v 0.32007885 0.12352961 -0.17594339
v 0.32008311 0.12339352 -0.18387285
v 0.32004483 0.12456032 -0.17415784
v 0.32001772 0.12538532 -0.17352474
v 0.31995181 0.12737659 -0.17299104
v 0.31994490 0.12758178 -0.17297456
v 0.31988642 0.12936839 -0.17352474
v 0.31985400 0.13034967 -0.17429127
v 0.31982051 0.13135966 -0.18387285
v 0.31982051 0.13135966 -0.17697411
v 0.31693195 0.13135966 -0.18387285
v 0.32283293 0.13254985 -0.13448876
v 0.31688039 0.13744616 -0.13448876
v 0.32283293 0.13254985 -0.13379399
v 0.31693195 0.12435726 -0.17254399
v 0.31848733 0.13595404 -0.13296527
v 0.31475676 0.14003863 -0.13448876
v 0.32166347 0.16932453 -0.13379399
v 0.31734817 0.16583423 -0.13396941
v 0.31186500 0.15060682 -0.13296527
v 0.32671659 0.17160816 -0.14114776
v 0.33218859 0.17250652 -0.14081553
v 0.33709660 0.16935004 -0.14198286
v 0.34614076 0.13820790 -0.13714396
v 0.34879596 0.11941045 -0.17697411
v 0.34879596 0.12047785 -0.18095718
v 0.34668988 0.12174406 -0.18260665
v 0.31958715 0.11968209 -0.17491214
v 0.32020537 0.11968209 -0.17491214
v 0.32801310 0.13055752 -0.13396941
v 0.33903099 0.13087646 -0.13448876
v 0.33354038 0.13000840 -0.13396941
v 0.32802107 0.13059154 -0.13448876
v 0.32013786 0.12174406 -0.18260665
v 0.32008311 0.12339352 -0.17697411
v 0.31958715 0.12840731 -0.17312659
v 0.31988642 0.12936839 -0.18042348
v 0.31958715 0.12936839 -0.17352474
v 0.31983805 0.13082596 -0.17498231
v 0.31982529 0.13122411 -0.17800483
v 0.31982264 0.13129268 -0.17613742
v 0.31693195 0.12943856 -0.18466862
v 0.31294888 0.12965491 -0.17217189
v 0.31693195 0.13029917 -0.18134735
v 0.32802107 0.13059154 -0.13379399
v 0.31693195 0.12203057 -0.17731804
v 0.32294296 0.13275504 -0.13296527
v 0.32164486 0.16935376 -0.13396941
v 0.31520753 0.14031824 -0.13249802
v 0.31728704 0.13777945 -0.13249802
v 0.31864520 0.13612148 -0.13249802
v 0.31434426 0.16119573 -0.13296527
v 0.31754326 0.16565083 -0.13296527
v 0.31407953 0.16133766 -0.13448876
v 0.32169802 0.16926818 -0.13345857
v 0.31297333 0.14526133 -0.13249802
v 0.31240774 0.15606446 -0.13296527
v 0.32671659 0.17160816 -0.13448876
v 0.33770684 0.17195793 -0.14101859
v 0.33721035 0.16930752 -0.14199881
v 0.34556720 0.16481254 -0.13714396
v 0.34657080 0.12531516 -0.18466862
v 0.34879596 0.12174406 -0.18260665
v 0.34663512 0.12339352 -0.18387285
v 0.31693195 0.11968209 -0.17491214
v 0.34410006 0.13316754 -0.13448876
v 0.33902142 0.13090782 -0.13396941
v 0.33901132 0.13094078 -0.13448876
v 0.33353932 0.13004296 -0.13448876
v 0.31958715 0.12174406 -0.18260665
v 0.32007885 0.12352961 -0.17800483
v 0.31958715 0.12456032 -0.17415784
v 0.32001772 0.12538532 -0.18042348
v 0.31958715 0.12737659 -0.17299104
v 0.31991779 0.12840731 -0.18082110
v 0.31958715 0.13019286 -0.17415784
v 0.31985931 0.13019286 -0.17979038
v 0.31983433 0.13094291 -0.17515188
v 0.31983805 0.13082596 -0.17896538
v 0.31982529 0.13122411 -0.17594339
v 0.31958715 0.12943856 -0.18466862
v 0.31294888 0.13262586 -0.17657331
v 0.32286376 0.13260779 -0.13345857
v 0.32671659 0.17160816 -0.13379399
v 0.31693195 0.12047785 -0.18095718
v 0.31294888 0.12203057 -0.17731804
v 0.31294888 0.12435726 -0.17254399
v 0.32305140 0.13295810 -0.13249802
v 0.32670649 0.17164165 -0.13396941
v 0.32162785 0.16938194 -0.13448876
v 0.31732425 0.16585655 -0.13448876
v 0.31209517 0.15061426 -0.13249802
v 0.33770684 0.17195793 -0.13448876
v 0.34163037 0.16763891 -0.14261596
v 0.34863809 0.16106337 -0.13714396
v 0.34650223 0.12737659 -0.18494025
v 0.34879596 0.12340841 -0.17663231
v 0.34879596 0.12339352 -0.18387285
v 0.31693195 0.11968209 -0.17903608
v 0.31693195 0.11941045 -0.17697411
v 0.32021440 0.11941045 -0.17697411
v 0.32020537 0.11968209 -0.17903608
v 0.33353932 0.13004296 -0.13379399
v 0.34840366 0.13669292 -0.13448876
v 0.34408305 0.13319571 -0.13396941
v 0.34406444 0.13322495 -0.13448876
v 0.33901132 0.13094078 -0.13379399
v 0.31958715 0.12047785 -0.18095718
v 0.31958715 0.12339352 -0.18387285
v 0.32001985 0.12531516 -0.18466862
v 0.31693195 0.12353705 -0.17797719
v 0.31958715 0.12538532 -0.17352474
v 0.31693195 0.12453959 -0.17417804
v 0.32004483 0.12456032 -0.17979038
v 0.31693195 0.12840731 -0.17312659
v 0.31693195 0.12737659 -0.17299104
v 0.31958715 0.12936839 -0.18042348
v 0.31693195 0.13019286 -0.17415784
v 0.31958715 0.13019286 -0.17979038
v 0.31988377 0.12943856 -0.18466862
v 0.31984124 0.13073772 -0.17915143
v 0.31958715 0.13082596 -0.17896538
v 0.31693195 0.12737659 -0.18494025
v 0.31294888 0.13029917 -0.18134735
v 0.32803595 0.13065586 -0.13345857
v 0.33218859 0.17250652 -0.13379399
v 0.31693195 0.12174406 -0.18260665
v 0.31294888 0.12500153 -0.18171945
v 0.32807423 0.13081852 -0.13296527
v 0.32812632 0.13104231 -0.13249802
v 0.32669692 0.17167301 -0.13448876
v 0.31545365 0.14047080 -0.13206479
v 0.31750923 0.13796125 -0.13206479
v 0.31884295 0.13633305 -0.13206479
v 0.32318802 0.13321325 -0.13206479
v 0.31454732 0.16108729 -0.13249802
v 0.31771123 0.16549349 -0.13249802
v 0.32178626 0.16912678 -0.13296527
v 0.32673573 0.17154490 -0.13345857
v 0.31325081 0.14534532 -0.13206479
v 0.31263153 0.15601237 -0.13249802
v 0.33218859 0.17250652 -0.13448876
v 0.34289498 0.16999962 -0.13448876
v 0.34385979 0.16930752 -0.14199881
v 0.34195570 0.16740555 -0.14270208
v 0.34922813 0.14250832 -0.13714396
v 0.34863809 0.16106337 -0.14601058
v 0.34879596 0.12531516 -0.18466862
v 0.34643313 0.12943856 -0.18466862
v 0.34879596 0.12737659 -0.18494025
v 0.34879596 0.12363220 -0.17561648
v 0.31958715 0.11941045 -0.17697411
v 0.34879596 0.13723885 -0.13448876
v 0.34837974 0.13671525 -0.13396941
v 0.34835476 0.13673864 -0.13448876
v 0.34406444 0.13322495 -0.13379399
v 0.32006929 0.12381028 -0.17879581
v 0.31693195 0.12352961 -0.17800483
v 0.31958715 0.12339352 -0.17697411
v 0.32006556 0.12392722 -0.17896538
v 0.31958715 0.12352961 -0.17594339
v 0.31693195 0.12456032 -0.17415784
v 0.31693195 0.12392722 -0.17498231
v 0.31958715 0.12538532 -0.18042348
v 0.31998583 0.12634587 -0.18082110
v 0.31693195 0.12936839 -0.17352474
v 0.31693195 0.12731333 -0.17301656
v 0.31958715 0.12634587 -0.17312659
v 0.31995181 0.12737659 -0.18095718
v 0.31958715 0.12840731 -0.18082110
v 0.31958715 0.13082596 -0.17498231
v 0.31989174 0.12919882 -0.18054043
v 0.31693195 0.13122411 -0.17800483
v 0.31693195 0.13082596 -0.17896538
v 0.31958715 0.12737659 -0.18494025
v 0.31693195 0.12531516 -0.18466862
v 0.33219072 0.17244060 -0.13345857
v 0.33218753 0.17254107 -0.13396941
v 0.31693195 0.12339352 -0.18387285
v 0.31693195 0.12500153 -0.18171945
v 0.32819224 0.13132404 -0.13206479
v 0.33218647 0.17257403 -0.13448876
v 0.31238435 0.15062329 -0.13206479
v 0.34289498 0.16999962 -0.14174259
v 0.33770684 0.17195793 -0.13379399
v 0.34454711 0.16554505 -0.14350900
v 0.35063414 0.15664707 -0.13714396
v 0.34922813 0.14250832 -0.16850086
v 0.34789442 0.16197076 -0.14542319
v 0.34899743 0.16026867 -0.14652461
v 0.34636934 0.13135966 -0.18387285
v 0.34879596 0.12943856 -0.18466862
v 0.34879596 0.12345519 -0.17767100
v 0.34912766 0.12363220 -0.17561648
v 0.34879596 0.12411115 -0.17469367
v 0.31958715 0.11968209 -0.17903608
v 0.33899218 0.13100404 -0.13345857
v 0.34879596 0.12481229 -0.17392608
v 0.34879596 0.13735366 -0.13448876
v 0.34835476 0.13673864 -0.13379399
v 0.34402989 0.13328129 -0.13345857
v 0.34289498 0.16999962 -0.13379399
v 0.31958715 0.12531516 -0.18466862
v 0.31958715 0.12352961 -0.17800483
v 0.31693195 0.12393307 -0.17892285
v 0.31693195 0.12339352 -0.17697411
v 0.31693195 0.12352961 -0.17594339
v 0.31693195 0.12535077 -0.17355079
v 0.31693195 0.12456086 -0.17973456
v 0.31958715 0.12456032 -0.17979038
v 0.31958715 0.12634587 -0.18082110
v 0.32005015 0.12440351 -0.17965696
v 0.31995181 0.12737659 -0.18494025
v 0.31693195 0.12634587 -0.17312659
v 0.31693195 0.12936839 -0.18042348
v 0.31693195 0.13019286 -0.17979038
v 0.31693195 0.13082596 -0.17498231
v 0.31958715 0.13122411 -0.17800483
v 0.31958715 0.13122411 -0.17594339
v 0.31958715 0.13135966 -0.17697411
v 0.33353719 0.13010887 -0.13345857
v 0.33353188 0.13027578 -0.13296527
v 0.33769196 0.17189361 -0.13345857
v 0.33771481 0.17199142 -0.13396941
v 0.33352443 0.13050542 -0.13249802
v 0.33351540 0.13079513 -0.13206479
v 0.31574601 0.14065207 -0.13167302
v 0.31777289 0.13817760 -0.13167302
v 0.31907844 0.13658342 -0.13167302
v 0.32827091 0.13165893 -0.13167302
v 0.31480247 0.16095067 -0.13206479
v 0.31792227 0.16529574 -0.13206479
v 0.32190746 0.16893116 -0.13249802
v 0.32678410 0.17138543 -0.13296527
v 0.31357986 0.14544472 -0.13167302
v 0.31291380 0.15594592 -0.13206479
v 0.34740006 0.16676554 -0.13448876
v 0.34650861 0.16740555 -0.14270208
v 0.34556720 0.16481254 -0.14387579
v 0.35063414 0.15664707 -0.14937437
v 0.35093926 0.14704209 -0.13714396
v 0.34614076 0.13820790 -0.17500676
v 0.34645226 0.16373186 -0.14441693
v 0.35114179 0.16197076 -0.14542319
v 0.34973844 0.15862877 -0.14771799
v 0.34879596 0.12601949 -0.18071850
v 0.34631405 0.13300966 -0.18260665
v 0.34879596 0.13135966 -0.18387285
v 0.34879596 0.12807348 -0.18089552
v 0.34879596 0.12343924 -0.17731591
v 0.34912766 0.12340841 -0.17663231
v 0.34912766 0.12411115 -0.17469367
v 0.34879596 0.12376881 -0.17866185
v 0.34879596 0.12568885 -0.17336633
v 0.34879596 0.13735366 -0.17630008
v 0.34830639 0.13678435 -0.13345857
v 0.34740006 0.16676554 -0.13379399
v 0.31958715 0.12392722 -0.17498231
v 0.31693195 0.12538532 -0.17352474
v 0.31693195 0.12456032 -0.17979038
v 0.31693195 0.12634587 -0.18082110
v 0.31999274 0.12614334 -0.18078389
v 0.31958715 0.12737659 -0.18095718
v 0.31693195 0.12734310 -0.18087479
v 0.31693195 0.12629697 -0.17315477
v 0.31693195 0.12840731 -0.18082110
v 0.31693195 0.12978036 -0.18010720
v 0.31992417 0.12821329 -0.18089020
v 0.31693195 0.13135966 -0.17697411
v 0.31693195 0.13122411 -0.17594339
v 0.33219604 0.17227369 -0.13296527
v 0.33772226 0.17202332 -0.13448876
v 0.33350423 0.13113853 -0.13167302
v 0.32335068 0.13351625 -0.13167302
v 0.31272775 0.15063446 -0.13167302
v 0.34291146 0.17002992 -0.13396941
v 0.34839941 0.16554505 -0.14350900
v 0.35044862 0.15705744 -0.14900014
v 0.35081275 0.15555894 -0.15036628
v 0.35141927 0.15186452 -0.13714396
v 0.35158884 0.14124318 -0.17041398
v 0.34627206 0.13427533 -0.18095718
v 0.35093926 0.14704209 -0.16164039
v 0.34988462 0.16373186 -0.14441693
v 0.35191151 0.16026867 -0.14652461
v 0.34879596 0.12509615 -0.18023956
v 0.34879596 0.12703479 -0.18094230
v 0.34879596 0.13300966 -0.18260665
v 0.34879596 0.12994089 -0.18002215
v 0.34879596 0.12906486 -0.18058189
v 0.34912766 0.12343924 -0.17731591
v 0.34912766 0.12481229 -0.17392608
v 0.34879596 0.12432856 -0.17953841
v 0.34912766 0.12345519 -0.17767100
v 0.33894381 0.13116404 -0.13296527
v 0.34394165 0.13342269 -0.13296527
v 0.34879596 0.12667970 -0.17305271
v 0.34879596 0.13427533 -0.18095718
v 0.34879596 0.13735366 -0.13379399
v 0.35091375 0.16247522 -0.13379399
v 0.34818466 0.13689811 -0.13296527
v 0.34286415 0.16994115 -0.13345857
v 0.34742344 0.16679052 -0.13396941
v 0.31693195 0.12392722 -0.17896538
v 0.31693195 0.12537682 -0.18035544
v 0.31958715 0.12392722 -0.17896538
v 0.31693195 0.12538532 -0.18042348
v 0.31693195 0.12737659 -0.18095718
v 0.31693195 0.12632567 -0.18074455
v 0.31693195 0.12833076 -0.17314679
v 0.33887736 0.13138411 -0.13249802
v 0.33765368 0.17173095 -0.13296527
v 0.34292688 0.17005916 -0.13448876
v 0.33879337 0.13166159 -0.13206479
v 0.31395514 0.14555795 -0.13132909
v 0.31607931 0.14085885 -0.13132909
v 0.31807376 0.13842372 -0.13132909
v 0.31934688 0.13686993 -0.13132909
v 0.32353567 0.13386230 -0.13132909
v 0.32836021 0.13204114 -0.13132909
v 0.31510547 0.16078801 -0.13167302
v 0.32206002 0.16868505 -0.13206479
v 0.32685055 0.17116483 -0.13249802
v 0.31312005 0.15064668 -0.13132909
v 0.31324815 0.15586778 -0.13167302
v 0.34740006 0.16676554 -0.14297956
v 0.35325745 0.15705744 -0.14900014
v 0.35104611 0.15413805 -0.15181269
v 0.35126565 0.15279849 -0.15333511
v 0.35127149 0.15038037 -0.15658939
v 0.35354715 0.14643185 -0.16256426
v 0.35091375 0.16247522 -0.14513508
v 0.35265199 0.15862877 -0.14771799
v 0.35091375 0.16247522 -0.13448876
v 0.34912766 0.12601949 -0.18071850
v 0.34912766 0.12703479 -0.18094230
v 0.34879596 0.13064204 -0.17925456
v 0.34912766 0.12807348 -0.18089552
v 0.34912766 0.12906486 -0.18058189
v 0.34912766 0.12376881 -0.17866185
v 0.34912766 0.12568885 -0.17336633
v 0.34879596 0.12771839 -0.17300593
v 0.35158884 0.14124318 -0.13448876
v 0.34735434 0.16671717 -0.13345857
v 0.35094298 0.16249383 -0.13396941
v 0.31995872 0.12717140 -0.18097366
v 0.31693195 0.12835947 -0.18073711
v 0.33220348 0.17204352 -0.13249802
v 0.33869397 0.13199064 -0.13167302
v 0.33349201 0.13153083 -0.13132909
v 0.31817317 0.16506026 -0.13167302
v 0.34744577 0.16681444 -0.13448876
v 0.35373692 0.15413805 -0.15181269
v 0.35350356 0.15555894 -0.15036628
v 0.35141927 0.15186452 -0.15452211
v 0.35138738 0.15154451 -0.15492929
v 0.35393998 0.15038037 -0.15658939
v 0.34912766 0.12509615 -0.18023956
v 0.34879596 0.13134478 -0.17731591
v 0.34912766 0.12994089 -0.18002215
v 0.34879596 0.13112098 -0.17833122
v 0.34912766 0.12432856 -0.17953841
v 0.34382045 0.13361831 -0.13249802
v 0.34801668 0.13705598 -0.13249802
v 0.34912766 0.12667970 -0.17305271
v 0.34879596 0.12873423 -0.17322972
v 0.35158884 0.14124318 -0.13379399
v 0.35085740 0.16244067 -0.13345857
v 0.35323087 0.15743220 -0.13396941
v 0.34278495 0.16979444 -0.13296527
v 0.35097116 0.16251084 -0.13448876
v 0.31693195 0.12927962 -0.17353590
v 0.34366789 0.13386443 -0.13206479
v 0.33760159 0.17150716 -0.13249802
v 0.34348662 0.13415679 -0.13167302
v 0.31437083 0.14568393 -0.13103992
v 0.31355381 0.15066050 -0.13103992
v 0.31644822 0.14108796 -0.13103992
v 0.31840706 0.13869642 -0.13103992
v 0.31964403 0.13718622 -0.13103992
v 0.32374085 0.13424450 -0.13103992
v 0.33858075 0.13236593 -0.13132909
v 0.32845908 0.13246373 -0.13103992
v 0.31363035 0.15577848 -0.13132909
v 0.31545152 0.16060303 -0.13132909
v 0.32224129 0.16839268 -0.13167302
v 0.32693454 0.17088788 -0.13206479
v 0.35319791 0.15742210 -0.14870246
v 0.35395646 0.15279849 -0.15333511
v 0.35319791 0.15742210 -0.13448876
v 0.35409574 0.15195010 -0.15441420
v 0.35354715 0.14643185 -0.13448876
v 0.35409574 0.15195010 -0.13448876
v 0.34879596 0.13129800 -0.17627722
v 0.34912766 0.13064204 -0.17925456
v 0.34912766 0.12771839 -0.17300593
v 0.34879596 0.12965704 -0.17370867
v 0.34874281 0.13739194 -0.13345857
v 0.35161967 0.14122723 -0.13396941
v 0.35319791 0.15742210 -0.13379399
v 0.34724058 0.16659544 -0.13296527
v 0.35326223 0.15744177 -0.13448876
v 0.31693195 0.12930567 -0.18034056
v 0.33221251 0.17175434 -0.13206479
v 0.34327984 0.13449009 -0.13132909
v 0.33845476 0.13278161 -0.13103992
v 0.33347819 0.13196459 -0.13103992
v 0.31845915 0.16479181 -0.13132909
v 0.35405587 0.15154451 -0.15492929
v 0.34879596 0.13098437 -0.17528584
v 0.34912766 0.13134478 -0.17731591
v 0.34912766 0.13112098 -0.17833122
v 0.34780564 0.13725373 -0.13206479
v 0.34912766 0.12873423 -0.17322972
v 0.34879596 0.13042462 -0.17440981
v 0.35354715 0.14643185 -0.13379399
v 0.35153090 0.14127454 -0.13345857
v 0.34882360 0.13733347 -0.13396941
v 0.35358064 0.14642388 -0.13396941
v 0.35071600 0.16235243 -0.13296527
v 0.35313412 0.15740296 -0.13345857
v 0.35413029 0.15195116 -0.13396941
v 0.35416324 0.15195222 -0.13448876
v 0.34267651 0.16959138 -0.13249802
v 0.31693195 0.13009558 -0.17415678
v 0.34755527 0.13748922 -0.13167302
v 0.33753568 0.17122490 -0.13206479
v 0.34726876 0.13775766 -0.13132909
v 0.31481895 0.14581948 -0.13080922
v 0.31402212 0.15067539 -0.13080922
v 0.31405295 0.15567908 -0.13103992
v 0.31684583 0.14133461 -0.13080922
v 0.31876587 0.13899091 -0.13080922
v 0.31996457 0.13752802 -0.13080922
v 0.32396199 0.13465753 -0.13080922
v 0.34305073 0.13485900 -0.13103992
v 0.32856593 0.13291982 -0.13080922
v 0.31583425 0.16039784 -0.13103992
v 0.32244807 0.16805939 -0.13132909
v 0.32703394 0.17055884 -0.13167302
v 0.35409574 0.15195010 -0.13379399
v 0.34912766 0.13129800 -0.17627722
v 0.34912766 0.12965704 -0.17370867
v 0.34860832 0.13748815 -0.13296527
v 0.35164838 0.14121181 -0.13448876
v 0.35361307 0.14641643 -0.13448876
v 0.34708271 0.16642746 -0.13249802
v 0.31693195 0.13011684 -0.17971330
v 0.33222368 0.17141041 -0.13167302
v 0.34695247 0.13805481 -0.13103992
v 0.33831921 0.13322973 -0.13080922
v 0.34280355 0.13525661 -0.13080922
v 0.33346330 0.13243290 -0.13080922
v 0.31877544 0.16449466 -0.13103992
v 0.34912766 0.13098437 -0.17528584
v 0.34912766 0.13042462 -0.17440981
v 0.35348283 0.14644673 -0.13345857
v 0.35138366 0.14135321 -0.13296527
v 0.34885018 0.13731433 -0.13448876
v 0.35052038 0.16223123 -0.13249802
v 0.35297465 0.15735459 -0.13296527
v 0.35402982 0.15194797 -0.13345857
v 0.34253989 0.16933622 -0.13206479
v 0.31693195 0.13072337 -0.17496849
v 0.33745700 0.17089001 -0.13167302
v 0.31529258 0.14596247 -0.13064124
v 0.31451648 0.15069134 -0.13064124
v 0.31450904 0.15557276 -0.13080922
v 0.31726631 0.14159561 -0.13064124
v 0.31914541 0.13930134 -0.13064124
v 0.32030265 0.13788843 -0.13064124
v 0.32419535 0.13509342 -0.13064124
v 0.34661067 0.13837535 -0.13080922
v 0.32867862 0.13340143 -0.13064124
v 0.31624675 0.16017671 -0.13080922
v 0.32267718 0.16769047 -0.13103992
v 0.32714717 0.17018301 -0.13132909
v 0.34912766 0.12988667 -0.17391810
v 0.34842280 0.13762105 -0.13249802
v 0.34688496 0.16621643 -0.13206479
v 0.31693195 0.13073825 -0.17889734
v 0.33223590 0.17101865 -0.13132909
v 0.33817622 0.13370336 -0.13064124
v 0.34254308 0.13567709 -0.13064124
v 0.34625027 0.13871343 -0.13064124
v 0.33344736 0.13292727 -0.13064124
v 0.31911724 0.16417413 -0.13080922
v 0.35332017 0.14648448 -0.13296527
v 0.35118059 0.14146218 -0.13249802
v 0.35027426 0.16207867 -0.13206479
v 0.35275458 0.15728814 -0.13249802
v 0.35386291 0.15194266 -0.13296527
v 0.34664948 0.16596552 -0.13167302
v 0.31693195 0.13111939 -0.17591416
v 0.33736770 0.17050834 -0.13132909
v 0.34237723 0.16903322 -0.13167302
v 0.31578322 0.14611078 -0.13053971
v 0.31502839 0.15070728 -0.13053971
v 0.31499065 0.15545954 -0.13064124
v 0.31770166 0.14186565 -0.13053971
v 0.31953824 0.13962348 -0.13053971
v 0.32065348 0.13826212 -0.13053971
v 0.32443721 0.13554526 -0.13053971
v 0.32879557 0.13390004 -0.13053971
v 0.31668264 0.15994335 -0.13064124
v 0.32292436 0.16729286 -0.13080922
v 0.32727315 0.16976786 -0.13103992
v 0.34818997 0.13778849 -0.13206479
v 0.34998190 0.16189740 -0.13167302
v 0.31693195 0.13112736 -0.17794795
v 0.33224972 0.17058488 -0.13103992
v 0.34219225 0.16868717 -0.13132909
v 0.33802791 0.13419347 -0.13053971
v 0.34227304 0.13611244 -0.13053971
v 0.34587657 0.13906426 -0.13053971
v 0.33343141 0.13343917 -0.13053971
v 0.31947765 0.16383551 -0.13064124
v 0.35309638 0.14653710 -0.13249802
v 0.35092544 0.14159880 -0.13206479
v 0.35247710 0.15720415 -0.13206479
v 0.35363274 0.15193521 -0.13249802
v 0.34638103 0.16567954 -0.13132909
v 0.34964860 0.16169009 -0.13132909
v 0.31693195 0.13125707 -0.17693052
v 0.33726883 0.17008574 -0.13103992
v 0.34198706 0.16830444 -0.13103992
v 0.31628184 0.14626175 -0.13050569
v 0.31554933 0.15072429 -0.13050569
v 0.31548926 0.15534312 -0.13053971
v 0.31814446 0.14214047 -0.13050569
v 0.31993799 0.13995093 -0.13050569
v 0.32101017 0.13864220 -0.13050569
v 0.32468333 0.13600454 -0.13050569
v 0.32891464 0.13440769 -0.13050569
v 0.31713448 0.15970148 -0.13053971
v 0.32318483 0.16687238 -0.13064124
v 0.32740870 0.16931921 -0.13080922
v 0.35062244 0.14176146 -0.13167302
v 0.35214806 0.15710475 -0.13167302
v 0.35177277 0.15699099 -0.13132909
v 0.33226461 0.17011657 -0.13080922
v 0.34608388 0.16536325 -0.13103992
v 0.33787694 0.13469262 -0.13050569
v 0.34199822 0.13655524 -0.13050569
v 0.34549650 0.13942095 -0.13050569
v 0.33341440 0.13396011 -0.13050569
v 0.31985134 0.16348521 -0.13053971
v 0.35281412 0.14660302 -0.13206479
v 0.34791302 0.13798730 -0.13167302
v 0.35334356 0.15192618 -0.13206479
v 0.34927969 0.16146151 -0.13103992
v 0.35135708 0.15686554 -0.13103992
v 0.33716198 0.16962965 -0.13080922
v 0.34176592 0.16789194 -0.13080922
v 0.34576335 0.16502145 -0.13080922
v 0.31759375 0.15945483 -0.13050569
v 0.31599691 0.15522405 -0.13050569
v 0.32023141 0.16312852 -0.13050569
v 0.32372969 0.16599423 -0.13050569
v 0.32785097 0.16785686 -0.13050569
v 0.33231351 0.16858883 -0.13050569
v 0.32345487 0.16643703 -0.13053971
v 0.32755169 0.16884611 -0.13064124
v 0.35027639 0.14194645 -0.13132909
v 0.35247976 0.14668169 -0.13167302
v 0.35260787 0.15190279 -0.13132909
v 0.35300017 0.15191501 -0.13167302
v 0.35217410 0.15188897 -0.13103992
v 0.33228056 0.16962221 -0.13064124
v 0.34888208 0.16121433 -0.13080922
v 0.33681327 0.16814178 -0.13050569
v 0.34104458 0.16654494 -0.13050569
v 0.34471774 0.16390728 -0.13050569
v 0.34759674 0.13821428 -0.13132909
v 0.35209756 0.14677099 -0.13132909
v 0.35090896 0.15672999 -0.13080922
v 0.35170579 0.15187408 -0.13080922
v 0.33704929 0.16914804 -0.13064124
v 0.34153256 0.16745605 -0.13064124
v 0.34542527 0.16466105 -0.13064124
v 0.34846160 0.16095386 -0.13064124
v 0.32770000 0.16835547 -0.13053971
v 0.33229703 0.16911030 -0.13053971
v 0.34758345 0.16040847 -0.13050569
v 0.33693234 0.16864943 -0.13053971
v 0.34989419 0.14215163 -0.13103992
v 0.35167496 0.14686987 -0.13103992
v 0.35043533 0.15658700 -0.13064124
v 0.34129070 0.16700421 -0.13053971
v 0.34563949 0.13961976 -0.13050569
v 0.34507443 0.16428735 -0.13053971
v 0.34724749 0.13846518 -0.13103992
v 0.35121143 0.15185814 -0.13064124
v 0.35121887 0.14697671 -0.13080922
v 0.34802625 0.16068382 -0.13053971
v 0.34994469 0.15643869 -0.13053971
v 0.34813416 0.14309411 -0.13050569
v 0.34948116 0.14237277 -0.13080922
v 0.35069952 0.15184166 -0.13053971
v 0.34605943 0.13931835 -0.13053971
v 0.34944608 0.15628772 -0.13050569
v 0.34687008 0.13873628 -0.13080922
v 0.35073726 0.14708940 -0.13064124
v 0.35017858 0.15182518 -0.13050569
v 0.34859343 0.14284799 -0.13053971
v 0.34973100 0.14732542 -0.13050569
v 0.34904527 0.14260613 -0.13064124
v 0.35023865 0.14720635 -0.13053971
v 0.34647193 0.13902227 -0.13064124
v 0.34912607 0.12434504 -0.17261363
v 0.34912607 0.12511635 -0.18177952
v 0.34912607 0.12208479 -0.17741904
v 0.34912607 0.12963737 -0.17216870
v 0.35310861 0.12208479 -0.17741904
v 0.35310861 0.12434504 -0.17261363
v 0.34912607 0.13040815 -0.18133460
v 0.35310861 0.12511635 -0.18177952
v 0.35310861 0.12963737 -0.17216870
v 0.34912607 0.13266839 -0.17652919
v 0.35310861 0.13040815 -0.18133460
v 0.35310861 0.13266839 -0.17652919
v 0.32856859 0.16730508 -0.12705632
v 0.33286422 0.16830391 -0.12734549
v 0.32845643 0.16772343 -0.12734549
v 0.33286422 0.16787068 -0.12705632
v 0.33286422 0.16869568 -0.12768942
v 0.32456585 0.16564711 -0.12705632
v 0.32868979 0.16685378 -0.12682562
v 0.33715932 0.16730508 -0.12705632
v 0.32835490 0.16810191 -0.12768942
v 0.33727148 0.16772343 -0.12734549
v 0.32434950 0.16602240 -0.12734549
v 0.32479974 0.16524259 -0.12682562
v 0.33286422 0.16740343 -0.12682562
v 0.33703812 0.16685378 -0.12682562
v 0.33286422 0.16903907 -0.12808119
v 0.33737301 0.16810191 -0.12768942
v 0.32112871 0.16300945 -0.12705632
v 0.32145935 0.16267935 -0.12682562
v 0.32881736 0.16637696 -0.12665817
v 0.32504639 0.16481520 -0.12665817
v 0.34116206 0.16564711 -0.12705632
v 0.34092817 0.16524259 -0.12682562
v 0.32826612 0.16843361 -0.12808119
v 0.33746179 0.16843361 -0.12808119
v 0.32415335 0.16636154 -0.12768942
v 0.34137841 0.16602240 -0.12734549
v 0.32082252 0.16331617 -0.12734549
v 0.32180806 0.16233063 -0.12665817
v 0.33286422 0.16691013 -0.12665817
v 0.33691055 0.16637696 -0.12665817
v 0.34068152 0.16481520 -0.12665817
v 0.33286422 0.16932825 -0.12851442
v 0.33753674 0.16871322 -0.12851442
v 0.34157456 0.16636154 -0.12768942
v 0.34174626 0.16665922 -0.12808119
v 0.31849158 0.15957231 -0.12705632
v 0.31889611 0.15933895 -0.12682562
v 0.31932349 0.15909230 -0.12665817
v 0.32894973 0.16588366 -0.12655664
v 0.32530208 0.16437240 -0.12655664
v 0.32216953 0.16196917 -0.12655664
v 0.34459920 0.16300945 -0.12705632
v 0.34426857 0.16267935 -0.12682562
v 0.34391985 0.16233063 -0.12665817
v 0.32819117 0.16871322 -0.12851442
v 0.32398165 0.16665922 -0.12808119
v 0.34189084 0.16690960 -0.12851442
v 0.32054557 0.16359312 -0.12768942
v 0.34490539 0.16331617 -0.12734549
v 0.31811629 0.15978919 -0.12734549
v 0.31976576 0.15883661 -0.12655664
v 0.33286422 0.16639875 -0.12655664
v 0.33677819 0.16588366 -0.12655664
v 0.34042583 0.16437240 -0.12655664
v 0.34355838 0.16196917 -0.12655664
v 0.33286422 0.16955895 -0.12898167
v 0.33759627 0.16893595 -0.12898167
v 0.34200619 0.16710947 -0.12898167
v 0.34518234 0.16359312 -0.12768942
v 0.34562992 0.16404070 -0.12851442
v 0.31683361 0.15557010 -0.12705632
v 0.31728491 0.15544890 -0.12682562
v 0.31776173 0.15532133 -0.12665817
v 0.31825503 0.15518897 -0.12655664
v 0.32908421 0.16538133 -0.12652262
v 0.32556202 0.16392216 -0.12652262
v 0.32253737 0.16160132 -0.12652262
v 0.32021600 0.15857667 -0.12652262
v 0.34723633 0.15957231 -0.12705632
v 0.34683180 0.15933895 -0.12682562
v 0.34640442 0.15909230 -0.12665817
v 0.34596215 0.15883661 -0.12655664
v 0.32813164 0.16893595 -0.12898167
v 0.32383707 0.16690960 -0.12851442
v 0.32030265 0.16383605 -0.12808119
v 0.34579258 0.16420336 -0.12898167
v 0.31777715 0.15998481 -0.12768942
v 0.34761162 0.15978919 -0.12734549
v 0.34542527 0.16383605 -0.12808119
v 0.31641526 0.15568226 -0.12734549
v 0.31875737 0.15505448 -0.12652262
v 0.33286422 0.16587888 -0.12652262
v 0.33664370 0.16538133 -0.12652262
v 0.34016589 0.16392216 -0.12652262
v 0.34319054 0.16160132 -0.12652262
v 0.34551191 0.15857667 -0.12652262
v 0.33286422 0.16972639 -0.12947497
v 0.33763933 0.16909755 -0.12947497
v 0.34208965 0.16725405 -0.12947497
v 0.34591112 0.16432190 -0.12947497
v 0.34795076 0.15998481 -0.12768942
v 0.34849881 0.16030162 -0.12851442
v 0.34869869 0.16041698 -0.12898167
v 0.31626801 0.15127447 -0.12705632
v 0.31673527 0.15127447 -0.12682562
v 0.31722856 0.15127447 -0.12665817
v 0.31773994 0.15127447 -0.12655664
v 0.31825981 0.15127447 -0.12652262
v 0.32910867 0.15503003 -0.12652262
v 0.32755329 0.15127447 -0.12652262
v 0.32556202 0.13862678 -0.12652262
v 0.32253737 0.14094762 -0.12652262
v 0.32021600 0.14397227 -0.12652262
v 0.34889430 0.15557010 -0.12705632
v 0.34844300 0.15544890 -0.12682562
v 0.34796618 0.15532133 -0.12665817
v 0.34747288 0.15518897 -0.12655664
v 0.34697055 0.15505448 -0.12652262
v 0.32808858 0.16909755 -0.12947497
v 0.32372172 0.16710947 -0.12898167
v 0.32009799 0.16404070 -0.12851442
v 0.31747947 0.16015704 -0.12808119
v 0.34884380 0.16050043 -0.12947497
v 0.31603678 0.15578326 -0.12768942
v 0.34931265 0.15568226 -0.12734549
v 0.34824844 0.16015704 -0.12808119
v 0.31583478 0.15127447 -0.12734549
v 0.31875737 0.14749499 -0.12652262
v 0.32826453 0.15393020 -0.12652262
v 0.33020849 0.15587363 -0.12652262
v 0.33423833 0.15640414 -0.12652262
v 0.32773402 0.15264912 -0.12652262
v 0.32908421 0.13716815 -0.12652262
v 0.33746338 0.15393020 -0.12652262
v 0.34319054 0.14094762 -0.12652262
v 0.34551191 0.14397227 -0.12652262
v 0.34697055 0.14749499 -0.12652262
v 0.33286422 0.16982792 -0.12998581
v 0.33766591 0.16919589 -0.12998581
v 0.34214068 0.16734229 -0.12998581
v 0.31722910 0.16030162 -0.12851442
v 0.34598288 0.16439367 -0.12998581
v 0.31570508 0.15587257 -0.12808119
v 0.34893151 0.16055146 -0.12998581
v 0.34969113 0.15578326 -0.12768942
v 0.35002283 0.15587257 -0.12808119
v 0.35030244 0.15594752 -0.12851442
v 0.35052517 0.15600706 -0.12898167
v 0.35068676 0.15605011 -0.12947497
v 0.31641526 0.14686721 -0.12734549
v 0.31683361 0.14697937 -0.12705632
v 0.31728491 0.14710004 -0.12682562
v 0.31776173 0.14722814 -0.12665817
v 0.31825503 0.14735997 -0.12655664
v 0.32910867 0.15503003 -0.10527994
v 0.33148958 0.15640414 -0.12652262
v 0.33286422 0.15658541 -0.12652262
v 0.33551942 0.15587363 -0.12652262
v 0.32773402 0.15264912 -0.10527994
v 0.32773402 0.14990036 -0.12652262
v 0.33661925 0.15503003 -0.12652262
v 0.33799389 0.15264912 -0.12652262
v 0.32530208 0.13817654 -0.12655664
v 0.32894973 0.13666581 -0.12655664
v 0.34016589 0.13862678 -0.12652262
v 0.32216953 0.14058031 -0.12655664
v 0.31976576 0.14371233 -0.12655664
v 0.34945990 0.15127447 -0.12705632
v 0.34899264 0.15127447 -0.12682562
v 0.34849935 0.15127447 -0.12665817
v 0.34798797 0.15127447 -0.12655664
v 0.34746810 0.15127447 -0.12652262
v 0.32806200 0.16919589 -0.12998581
v 0.32363826 0.16725405 -0.12947497
v 0.31993533 0.16420336 -0.12898167
v 0.31702923 0.16041698 -0.12898167
v 0.31542547 0.15594752 -0.12851442
v 0.35078511 0.15607669 -0.12998581
v 0.31509962 0.15127447 -0.12808119
v 0.31544301 0.15127447 -0.12768942
v 0.34989313 0.15127447 -0.12734549
v 0.31603678 0.14676568 -0.12768942
v 0.32826453 0.15393020 -0.10527994
v 0.33020849 0.15587363 -0.10527994
v 0.33286422 0.15658541 -0.10527994
v 0.33423833 0.15640414 -0.10527994
v 0.32755329 0.15127447 -0.10527994
v 0.32826453 0.14861927 -0.12652262
v 0.33746338 0.15393020 -0.10527994
v 0.33799389 0.15264912 -0.10527994
v 0.33817462 0.15127447 -0.12652262
v 0.33286422 0.13615019 -0.12655664
v 0.34042583 0.13817654 -0.12655664
v 0.34355838 0.14058031 -0.12655664
v 0.34596215 0.14371233 -0.12655664
v 0.34747288 0.14735997 -0.12655664
v 0.33286422 0.16986195 -0.13050569
v 0.33767495 0.16922884 -0.13050569
v 0.34215769 0.16737153 -0.13050569
v 0.34600734 0.16441812 -0.13050569
v 0.31520274 0.15600706 -0.12898167
v 0.34896128 0.16056847 -0.13050569
v 0.31481044 0.15127447 -0.12851442
v 0.35081806 0.15608520 -0.13050569
v 0.35028490 0.15127447 -0.12768942
v 0.35062829 0.15127447 -0.12808119
v 0.35091747 0.15127447 -0.12851442
v 0.35114817 0.15127447 -0.12898167
v 0.35131561 0.15127447 -0.12947497
v 0.31811629 0.14276028 -0.12734549
v 0.31777715 0.14256413 -0.12768942
v 0.31849158 0.14297663 -0.12705632
v 0.31889611 0.14321052 -0.12682562
v 0.31932349 0.14345717 -0.12665817
v 0.32910867 0.14751945 -0.10527994
v 0.33020849 0.14667531 -0.10527994
v 0.33148958 0.15640414 -0.10527994
v 0.33551942 0.15587363 -0.10527994
v 0.32773402 0.14990036 -0.10527994
v 0.32826453 0.14861927 -0.10527994
v 0.32910867 0.14751945 -0.12652262
v 0.33661925 0.15503003 -0.10527994
v 0.33817462 0.15127447 -0.10527994
v 0.32504639 0.13773427 -0.12665817
v 0.32881736 0.13617198 -0.12665817
v 0.33286422 0.13667006 -0.12652262
v 0.33286422 0.13563935 -0.12665817
v 0.33799389 0.14990036 -0.12652262
v 0.33677819 0.13666581 -0.12655664
v 0.32180806 0.14021884 -0.12665817
v 0.34931265 0.14686721 -0.12734549
v 0.34889430 0.14697937 -0.12705632
v 0.34844300 0.14710004 -0.12682562
v 0.34796618 0.14722814 -0.12665817
v 0.32805296 0.16922884 -0.13050569
v 0.32358723 0.16734229 -0.12998581
v 0.31981679 0.16432190 -0.12947497
v 0.31688464 0.16050043 -0.12947497
v 0.31504115 0.15605011 -0.12947497
v 0.31457974 0.15127447 -0.12898167
v 0.35141714 0.15127447 -0.12998581
v 0.31570508 0.14667690 -0.12808119
v 0.34969113 0.14676568 -0.12768942
v 0.33148958 0.14614480 -0.10527994
v 0.33423833 0.14614480 -0.10527994
v 0.33286422 0.14596407 -0.10527994
v 0.33551942 0.14667531 -0.10527994
v 0.33746338 0.14861927 -0.10527994
v 0.33799389 0.14990036 -0.10527994
v 0.33691055 0.13617198 -0.12665817
v 0.33746338 0.14861927 -0.12652262
v 0.34068152 0.13773427 -0.12665817
v 0.33664370 0.13716815 -0.12652262
v 0.34391985 0.14021884 -0.12665817
v 0.34640442 0.14345717 -0.12665817
v 0.33286422 0.13268753 -0.13050569
v 0.33767495 0.13332063 -0.13050569
v 0.34215769 0.13517741 -0.13050569
v 0.34600734 0.13813135 -0.13050569
v 0.31441230 0.15127447 -0.12947497
v 0.35081806 0.14646374 -0.13050569
v 0.31542547 0.14660195 -0.12851442
v 0.35145116 0.15127447 -0.13050569
v 0.35002283 0.14667690 -0.12808119
v 0.35030244 0.14660195 -0.12851442
v 0.35052517 0.14654242 -0.12898167
v 0.35068676 0.14649883 -0.12947497
v 0.32082252 0.13923330 -0.12734549
v 0.32054557 0.13895635 -0.12768942
v 0.31747947 0.14239244 -0.12808119
v 0.32112871 0.13953949 -0.12705632
v 0.32145935 0.13987013 -0.12682562
v 0.33020849 0.14667531 -0.12652262
v 0.33661925 0.14751945 -0.10527994
v 0.32479974 0.13730689 -0.12682562
v 0.32868979 0.13569569 -0.12682562
v 0.33286422 0.13514605 -0.12682562
v 0.33703812 0.13569569 -0.12682562
v 0.34761162 0.14276028 -0.12734549
v 0.34795076 0.14256413 -0.12768942
v 0.34723633 0.14297663 -0.12705632
v 0.34683180 0.14321052 -0.12682562
v 0.32805296 0.13332063 -0.13050569
v 0.32357022 0.16737153 -0.13050569
v 0.31974503 0.16439367 -0.12998581
v 0.31679640 0.16055146 -0.12998581
v 0.31494281 0.15607669 -0.12998581
v 0.34896128 0.14198100 -0.13050569
v 0.31431077 0.15127447 -0.12998581
v 0.31520274 0.14654242 -0.12898167
v 0.35078511 0.14647278 -0.12998581
v 0.32030265 0.13871343 -0.12808119
v 0.33148958 0.14614480 -0.12652262
v 0.33286422 0.14596407 -0.12652262
v 0.33423833 0.14614480 -0.12652262
v 0.33551942 0.14667531 -0.12652262
v 0.33661925 0.14751945 -0.12652262
v 0.34092817 0.13730689 -0.12682562
v 0.34426857 0.13987013 -0.12682562
v 0.33286422 0.13272155 -0.12998581
v 0.33766591 0.13335359 -0.12998581
v 0.34214068 0.13520718 -0.12998581
v 0.34598288 0.13815528 -0.12998581
v 0.31504115 0.14649883 -0.12947497
v 0.34893151 0.14199801 -0.12998581
v 0.31722910 0.14224785 -0.12851442
v 0.34824844 0.14239244 -0.12808119
v 0.34849881 0.14224785 -0.12851442
v 0.34869869 0.14213250 -0.12898167
v 0.34884380 0.14204904 -0.12947497
v 0.32434950 0.13652707 -0.12734549
v 0.32415335 0.13618793 -0.12768942
v 0.32398165 0.13589025 -0.12808119
v 0.32456585 0.13690236 -0.12705632
v 0.32856859 0.13524439 -0.12705632
v 0.33286422 0.13467880 -0.12705632
v 0.33715932 0.13524439 -0.12705632
v 0.34490539 0.13923330 -0.12734549
v 0.34518234 0.13895635 -0.12768942
v 0.34459920 0.13953949 -0.12705632
v 0.32357022 0.13517741 -0.13050569
v 0.32806200 0.13335359 -0.12998581
v 0.31972057 0.16441812 -0.13050569
v 0.31676663 0.16056847 -0.13050569
v 0.31490985 0.15608520 -0.13050569
v 0.31494281 0.14647278 -0.12998581
v 0.31702923 0.14213250 -0.12898167
v 0.32009799 0.13850877 -0.12851442
v 0.34116206 0.13690236 -0.12705632
v 0.34542527 0.13871343 -0.12808119
v 0.33286422 0.13282308 -0.12947497
v 0.33763933 0.13345193 -0.12947497
v 0.34208965 0.13529489 -0.12947497
v 0.34591112 0.13822757 -0.12947497
v 0.31427675 0.15127447 -0.13050569
v 0.31688464 0.14204904 -0.12947497
v 0.34562992 0.13850877 -0.12851442
v 0.34579258 0.13834558 -0.12898167
v 0.32845643 0.13482604 -0.12734549
v 0.32835490 0.13444756 -0.12768942
v 0.32383707 0.13563988 -0.12851442
v 0.33286422 0.13424556 -0.12734549
v 0.33727148 0.13482604 -0.12734549
v 0.34137841 0.13652707 -0.12734549
v 0.34157456 0.13618793 -0.12768942
v 0.34174626 0.13589025 -0.12808119
v 0.31972057 0.13813135 -0.13050569
v 0.32358723 0.13520718 -0.12998581
v 0.32808858 0.13345193 -0.12947497
v 0.31676663 0.14198100 -0.13050569
v 0.31490985 0.14646374 -0.13050569
v 0.31679640 0.14199801 -0.12998581
v 0.31993533 0.13834558 -0.12898167
v 0.32826612 0.13411586 -0.12808119
v 0.34189084 0.13563988 -0.12851442
v 0.33286422 0.13299052 -0.12898167
v 0.33759627 0.13361352 -0.12898167
v 0.34200619 0.13544001 -0.12898167
v 0.31981679 0.13822757 -0.12947497
v 0.33286422 0.13385380 -0.12768942
v 0.32372172 0.13544001 -0.12898167
v 0.32819117 0.13383625 -0.12851442
v 0.33737301 0.13444756 -0.12768942
v 0.33746179 0.13411586 -0.12808119
v 0.33753674 0.13383625 -0.12851442
v 0.31974503 0.13815528 -0.12998581
v 0.32363826 0.13529489 -0.12947497
v 0.32813164 0.13361352 -0.12898167
v 0.33286422 0.13351040 -0.12808119
v 0.33286422 0.13322069 -0.12851442
v 0.34614076 0.12065486 -0.17261894
v 0.34082983 0.11721666 -0.17368528
v 0.34614076 0.11975651 -0.17450709
v 0.34082983 0.11841429 -0.17116775
v 0.34082983 0.11671166 -0.17642659
v 0.34614076 0.12024449 -0.18061804
v 0.34614076 0.12201090 -0.17102795
v 0.34082983 0.11887410 -0.16033166
v 0.34614076 0.11937803 -0.17656374
v 0.34614076 0.11954441 -0.17864803
v 0.34614076 0.12143043 -0.18233980
v 0.34082983 0.12022217 -0.16904572
v 0.34082983 0.11485648 -0.16309955
v 0.34082983 0.11693333 -0.17920565
v 0.34082983 0.11786677 -0.18183268
v 0.34082983 0.12251802 -0.16746429
v 0.34614076 0.12302195 -0.18369584
v 0.34082983 0.12347113 -0.15869814
v 0.34348503 0.11765946 -0.15795447
v 0.34082983 0.11721559 -0.19265867
v 0.34082983 0.11944820 -0.18412854
v 0.34614076 0.12373267 -0.16984148
v 0.34614076 0.12337704 -0.17676893
v 0.34348503 0.12291351 -0.15608759
v 0.34348503 0.11306774 -0.16111732
v 0.34082983 0.11350203 -0.18949423
v 0.34082983 0.12162126 -0.19475413
v 0.34082983 0.12514505 -0.16653085
v 0.34082983 0.12157023 -0.18593641
v 0.34614076 0.12346050 -0.17781081
v 0.34348503 0.12847110 -0.15564426
v 0.34348503 0.11401553 -0.15082184
v 0.34082983 0.11169203 -0.16681258
v 0.34348503 0.12123959 -0.14825488
v 0.34348503 0.11576387 -0.19489925
v 0.34614076 0.12356682 -0.17574087
v 0.34614076 0.12570267 -0.16914140
v 0.34082983 0.12833448 -0.15831009
v 0.34614076 0.12491010 -0.18459420
v 0.31958715 0.12337704 -0.17676893
v 0.34348503 0.12888147 -0.14764516
v 0.34348503 0.10945145 -0.16536139
v 0.34082983 0.11073467 -0.18547660
v 0.34348503 0.11151980 -0.19128243
v 0.34348503 0.12079892 -0.19729398
v 0.34082983 0.12408776 -0.18713405
v 0.31958715 0.12356682 -0.17574087
v 0.34614076 0.12401546 -0.17479679
v 0.34082983 0.12792411 -0.16630918
v 0.34614076 0.12381028 -0.17879581
v 0.31958715 0.12346050 -0.17781081
v 0.34082983 0.13313245 -0.15919409
v 0.34348503 0.13395426 -0.15665424
v 0.34348503 0.10770205 -0.15517116
v 0.34182546 0.12107162 -0.14746868
v 0.34082983 0.10959657 -0.17121825
v 0.34182546 0.12892293 -0.14684196
v 0.34348503 0.11833190 -0.20491406
v 0.34348503 0.12628209 -0.19830397
v 0.34082983 0.12641870 -0.19563760
v 0.31958715 0.12401546 -0.17479679
v 0.34614076 0.12469375 -0.17400103
v 0.34614076 0.12778697 -0.16897555
v 0.34082983 0.13066543 -0.16681418
v 0.34614076 0.12696622 -0.18497267
v 0.34614076 0.12440351 -0.17965696
v 0.31958715 0.12302195 -0.18369584
v 0.31958715 0.12373267 -0.16984148
v 0.34348503 0.13642129 -0.14903416
v 0.34348503 0.10705672 -0.17039644
v 0.34182546 0.11364981 -0.15010581
v 0.34182546 0.13666900 -0.14826870
v 0.34082983 0.10910115 -0.18087957
v 0.34348503 0.10835695 -0.18669125
v 0.34348503 0.11140870 -0.20162098
v 0.34348503 0.12587171 -0.20630306
v 0.34082983 0.12682960 -0.18763904
v 0.31958715 0.12469375 -0.17400103
v 0.34614076 0.12555489 -0.17340780
v 0.34614076 0.12653990 -0.17305802
v 0.34614076 0.12519927 -0.18033524
v 0.31958715 0.12381028 -0.17879581
v 0.31958715 0.12491010 -0.18459420
v 0.31958715 0.12201090 -0.17102795
v 0.34082983 0.13753812 -0.16128955
v 0.34082983 0.13318295 -0.16801128
v 0.34348503 0.13898931 -0.15904898
v 0.34348503 0.10604674 -0.17587961
v 0.34182546 0.10716357 -0.15457420
v 0.34010583 0.12093235 -0.14681751
v 0.34010583 0.12895695 -0.14617749
v 0.34082983 0.10871310 -0.17601622
v 0.34010583 0.13687366 -0.14763559
v 0.34182546 0.11097175 -0.20229607
v 0.34182546 0.11808418 -0.20567900
v 0.34082983 0.13128205 -0.19524955
v 0.34348503 0.13351359 -0.20569282
v 0.31958715 0.12570267 -0.16914140
v 0.34614076 0.12758178 -0.17297456
v 0.34614076 0.12984309 -0.16935403
v 0.34614076 0.12905051 -0.18480629
v 0.34614076 0.12614334 -0.18078389
v 0.31958715 0.12519927 -0.18033524
v 0.31958715 0.12440351 -0.17965696
v 0.32489808 0.12408776 -0.18713405
v 0.31958715 0.12143043 -0.18233980
v 0.32489808 0.12022217 -0.16904572
v 0.34348503 0.14334448 -0.15232725
v 0.34182546 0.14378196 -0.15165215
v 0.34348503 0.10272973 -0.16100622
v 0.34010583 0.11334681 -0.14951311
v 0.34182546 0.10205463 -0.16056874
v 0.34010583 0.14414343 -0.15109347
v 0.34348503 0.10649007 -0.18143719
v 0.34182546 0.10497668 -0.19718713
v 0.34182546 0.12583025 -0.20710627
v 0.34348503 0.13184020 -0.19786064
v 0.34082983 0.12960813 -0.18741737
v 0.32489808 0.12251802 -0.16746429
v 0.31958715 0.12555489 -0.17340780
v 0.31958715 0.12653990 -0.17305802
v 0.34614076 0.12860984 -0.17316434
v 0.34614076 0.12717140 -0.18097366
v 0.31958715 0.12614334 -0.18078389
v 0.32489808 0.12157023 -0.18593641
v 0.32489808 0.12682960 -0.18763904
v 0.31958715 0.12065486 -0.17261894
v 0.32489808 0.11841429 -0.17116775
v 0.34082983 0.14125115 -0.16445400
v 0.34082983 0.13530499 -0.16981969
v 0.34614076 0.13173123 -0.17025239
v 0.34348503 0.14323338 -0.16266526
v 0.34348503 0.10557364 -0.19664865
v 0.34010583 0.10671758 -0.15407984
v 0.34010583 0.10149595 -0.16020727
v 0.33833782 0.12082337 -0.14630666
v 0.33833782 0.12898353 -0.14565549
v 0.33833782 0.13703472 -0.14713857
v 0.33833782 0.14442782 -0.15065492
v 0.34010583 0.11060975 -0.20285475
v 0.34010583 0.10448232 -0.19763312
v 0.34010583 0.11787953 -0.20631263
v 0.34082983 0.13587908 -0.19361603
v 0.34182546 0.13368210 -0.20647954
v 0.34348503 0.13709373 -0.19599376
v 0.34082983 0.13223516 -0.18648393
v 0.32489808 0.12514505 -0.16653085
v 0.31958715 0.12758178 -0.17297456
v 0.34614076 0.12955391 -0.17361298
v 0.34614076 0.13102052 -0.18410621
v 0.34614076 0.12821329 -0.18089020
v 0.31958715 0.12717140 -0.18097366
v 0.31958715 0.12696622 -0.18497267
v 0.32489808 0.12162126 -0.19475413
v 0.32489808 0.12641870 -0.19563760
v 0.31958715 0.12024449 -0.18061804
v 0.32489808 0.11944820 -0.18412854
v 0.32489808 0.12347113 -0.15869814
v 0.32489808 0.11887410 -0.16033166
v 0.34082983 0.13781985 -0.17474257
v 0.34082983 0.13688641 -0.17211554
v 0.34614076 0.13034967 -0.17429127
v 0.34348503 0.14639623 -0.16725698
v 0.34182546 0.14977650 -0.15676056
v 0.34010583 0.15027086 -0.15631510
v 0.34348503 0.10122485 -0.19033517
v 0.34182546 0.09867171 -0.16768170
v 0.33833782 0.11310920 -0.14904798
v 0.34010583 0.09803807 -0.16747652
v 0.33833782 0.15065838 -0.15596480
v 0.34182546 0.10050829 -0.19070089
v 0.34010583 0.09991559 -0.19100389
v 0.34010583 0.12579623 -0.20777073
v 0.34348503 0.14073765 -0.20312586
v 0.31958715 0.12778697 -0.16897555
v 0.31958715 0.12860984 -0.17316434
v 0.34614076 0.12919882 -0.18054043
v 0.31958715 0.12821329 -0.18089020
v 0.32489808 0.12960813 -0.18741737
v 0.32489808 0.13128205 -0.19524955
v 0.31958715 0.11975651 -0.17450709
v 0.32489808 0.11786677 -0.18183268
v 0.32489808 0.11721666 -0.17368528
v 0.34082983 0.14401905 -0.16847162
v 0.34082983 0.13804152 -0.17752110
v 0.34614076 0.13332276 -0.17160842
v 0.34614076 0.13094291 -0.17515188
v 0.34348503 0.14917955 -0.15729957
v 0.34348503 0.09943664 -0.16792942
v 0.33833782 0.10636781 -0.15369233
v 0.33833782 0.10105793 -0.15992288
v 0.33833782 0.09754159 -0.16731598
v 0.33653366 0.12074470 -0.14593935
v 0.33653366 0.12900320 -0.14528073
v 0.33653366 0.13715060 -0.14678136
v 0.33653366 0.14463195 -0.15033970
v 0.33653366 0.15093745 -0.15571336
v 0.33833782 0.11032589 -0.20329277
v 0.33833782 0.10409480 -0.19798290
v 0.33833782 0.09945046 -0.19124150
v 0.33833782 0.11771846 -0.20680912
v 0.34082983 0.13989670 -0.19084867
v 0.34082983 0.13453102 -0.18490251
v 0.34010583 0.13382084 -0.20713072
v 0.34182546 0.14110337 -0.20384241
v 0.34348503 0.14168544 -0.19283037
v 0.34614076 0.13274228 -0.18292028
v 0.32489808 0.12833448 -0.15831009
v 0.32489808 0.12792411 -0.16630918
v 0.31958715 0.12955391 -0.17361298
v 0.34614076 0.13005944 -0.17994719
v 0.31958715 0.12919882 -0.18054043
v 0.31958715 0.12905051 -0.18480629
v 0.32224235 0.12628209 -0.19830397
v 0.32224235 0.13184020 -0.19786064
v 0.31958715 0.11954441 -0.17864803
v 0.32489808 0.11693333 -0.17920565
v 0.32224235 0.12291351 -0.15608759
v 0.32489808 0.11671166 -0.17642659
v 0.34082983 0.14306115 -0.18713511
v 0.34614076 0.13450922 -0.17333019
v 0.34614076 0.13537515 -0.17738449
v 0.31958715 0.13094291 -0.17515188
v 0.34614076 0.13129268 -0.17613742
v 0.34082983 0.14565257 -0.17306865
v 0.34348503 0.14826312 -0.17251050
v 0.34182546 0.15424489 -0.16324733
v 0.34010583 0.15483760 -0.16294433
v 0.33833782 0.15530272 -0.16270672
v 0.34348503 0.09865789 -0.18311111
v 0.34182546 0.09787116 -0.18327909
v 0.34182546 0.09724444 -0.17542777
v 0.34010583 0.09657997 -0.17539375
v 0.33653366 0.11293857 -0.14871362
v 0.33833782 0.09605850 -0.17536717
v 0.33653366 0.15563708 -0.16253556
v 0.34010583 0.09721999 -0.18341836
v 0.33833782 0.09670968 -0.18352733
v 0.33833782 0.12576965 -0.20829220
v 0.34082983 0.13633943 -0.18278047
v 0.34348503 0.14705113 -0.19877707
v 0.34614076 0.13118637 -0.17820736
v 0.31958715 0.12984309 -0.16935403
v 0.31958715 0.13034967 -0.17429127
v 0.34614076 0.13073772 -0.17915143
v 0.31958715 0.13005944 -0.17994719
v 0.32489808 0.11721559 -0.19265867
v 0.32224235 0.12079892 -0.19729398
v 0.32489808 0.13223516 -0.18648393
v 0.32489808 0.13587908 -0.19361603
v 0.31958715 0.11937803 -0.17656374
v 0.32224235 0.11765946 -0.15795447
v 0.32489808 0.11485648 -0.16309955
v 0.34082983 0.14515661 -0.18272944
v 0.34614076 0.13520930 -0.17530019
v 0.34614076 0.13499668 -0.17944061
v 0.34082983 0.13753653 -0.18026295
v 0.34614076 0.13137614 -0.17717930
v 0.34614076 0.13409832 -0.18132875
v 0.31958715 0.13129268 -0.17613742
v 0.34348503 0.14870645 -0.17806862
v 0.34348503 0.15352887 -0.16361305
v 0.34348503 0.09804764 -0.17546923
v 0.33653366 0.10611584 -0.15341325
v 0.33653366 0.10074271 -0.15971876
v 0.33653366 0.09718384 -0.16720010
v 0.33653366 0.09568321 -0.17534750
v 0.33470505 0.12069739 -0.14571821
v 0.33470505 0.12901436 -0.14505428
v 0.33470505 0.13722024 -0.14656607
v 0.33470505 0.14475474 -0.15014993
v 0.33470505 0.15110543 -0.15556186
v 0.33470505 0.15583855 -0.16243296
v 0.33653366 0.11012124 -0.20360799
v 0.33653366 0.10381573 -0.19823486
v 0.33653366 0.09911610 -0.19141214
v 0.33653366 0.09634236 -0.18360600
v 0.33653366 0.11760258 -0.20716687
v 0.33833782 0.13393034 -0.20764103
v 0.34010583 0.14140637 -0.20443512
v 0.34182546 0.14759015 -0.19937402
v 0.34348503 0.14530173 -0.18858683
v 0.32224235 0.12847110 -0.15564426
v 0.32489808 0.13066543 -0.16681418
v 0.31958715 0.13102052 -0.18410621
v 0.32224235 0.12587171 -0.20630306
v 0.32224235 0.13351359 -0.20569282
v 0.32224235 0.13709373 -0.19599376
v 0.32224235 0.12123959 -0.14825488
v 0.31958715 0.13173123 -0.17025239
v 0.31958715 0.13137614 -0.17717930
v 0.34082983 0.14604061 -0.17793200
v 0.34348503 0.15202346 -0.19294200
v 0.34182546 0.15688202 -0.17066861
v 0.34010583 0.15753320 -0.17052987
v 0.33833782 0.15804404 -0.17042036
v 0.33653366 0.15841135 -0.17034222
v 0.33470505 0.11283544 -0.14851216
v 0.33470505 0.15863249 -0.17029491
v 0.33653366 0.12575051 -0.20866749
v 0.34182546 0.15269855 -0.19337895
v 0.34348503 0.14769646 -0.18355178
v 0.31958715 0.13073772 -0.17915143
v 0.31958715 0.13118637 -0.17820736
v 0.32224235 0.12888147 -0.14764516
v 0.32489808 0.13313245 -0.15919409
v 0.32224235 0.11576387 -0.19489925
v 0.32224235 0.11833190 -0.20491406
v 0.32489808 0.13453102 -0.18490251
v 0.32489808 0.13989670 -0.19084867
v 0.32224235 0.11306774 -0.16111732
v 0.32224235 0.11401553 -0.15082184
v 0.32489808 0.11350203 -0.18949423
v 0.34348503 0.15531654 -0.18601881
v 0.34348503 0.15609583 -0.17083711
v 0.33470505 0.10596434 -0.15324527
v 0.33470505 0.10055241 -0.15959596
v 0.33470505 0.09696855 -0.16713046
v 0.33470505 0.09545729 -0.17533634
v 0.33286422 0.12068144 -0.14564433
v 0.33286422 0.12901862 -0.14497880
v 0.33286422 0.13724363 -0.14649431
v 0.33286422 0.14479620 -0.15008667
v 0.33286422 0.15116125 -0.15551083
v 0.33286422 0.15590606 -0.16239841
v 0.33286422 0.15870638 -0.17027896
v 0.33470505 0.10999844 -0.20379829
v 0.33470505 0.10364775 -0.19838636
v 0.33470505 0.09891464 -0.19151526
v 0.33470505 0.09612069 -0.18365331
v 0.33470505 0.11753294 -0.20738215
v 0.33653366 0.13400848 -0.20800834
v 0.33833782 0.14164398 -0.20490024
v 0.34010583 0.14803560 -0.19986838
v 0.34010583 0.15325723 -0.19374095
v 0.32224235 0.13395426 -0.15665424
v 0.32489808 0.13318295 -0.16801128
v 0.32390245 0.12583025 -0.20710627
v 0.32390245 0.13368210 -0.20647954
v 0.32224235 0.14073765 -0.20312586
v 0.31958715 0.13274228 -0.18292028
v 0.32489808 0.13633943 -0.18278047
v 0.32224235 0.14168544 -0.19283037
v 0.32489808 0.11169203 -0.16681258
v 0.32390245 0.11364981 -0.15010581
v 0.32390245 0.12107162 -0.14746868
v 0.34182546 0.15608201 -0.18626652
v 0.34348503 0.15670554 -0.17847899
v 0.34182546 0.15750875 -0.17852045
v 0.34010583 0.15817321 -0.17855448
v 0.33833782 0.15869521 -0.17858105
v 0.33653366 0.15906997 -0.17860019
v 0.33286422 0.11280089 -0.14844465
v 0.33470505 0.15929642 -0.17861188
v 0.33470505 0.12573882 -0.20889341
v 0.34010583 0.15671511 -0.18647118
v 0.32224235 0.13642129 -0.14903416
v 0.32489808 0.13753812 -0.16128955
v 0.31958715 0.13332276 -0.17160842
v 0.32224235 0.11151980 -0.19128243
v 0.32390245 0.11808418 -0.20567900
v 0.32390245 0.14110337 -0.20384241
v 0.32489808 0.14306115 -0.18713511
v 0.32489808 0.13753653 -0.18026295
v 0.32224235 0.10945145 -0.16536139
v 0.32390245 0.10716357 -0.15457420
v 0.32390245 0.12892293 -0.14684196
v 0.32489808 0.11073467 -0.18547660
v 0.33286422 0.10591384 -0.15318946
v 0.33286422 0.10048915 -0.15955450
v 0.33286422 0.09689679 -0.16710707
v 0.33286422 0.09538181 -0.17533209
v 0.33102286 0.12069739 -0.14571821
v 0.33102286 0.12901436 -0.14505428
v 0.33102286 0.13722024 -0.14656607
v 0.33102286 0.14475474 -0.15014993
v 0.33102286 0.15110543 -0.15556186
v 0.33102286 0.15583855 -0.16243296
v 0.33286422 0.15937191 -0.17861614
v 0.33286422 0.10995698 -0.20386155
v 0.33286422 0.10359194 -0.19843686
v 0.33286422 0.09884713 -0.19154981
v 0.33286422 0.09604681 -0.18366926
v 0.33286422 0.11751009 -0.20745391
v 0.33470505 0.13405579 -0.20823001
v 0.33653366 0.14181515 -0.20523460
v 0.33833782 0.14838591 -0.20025590
v 0.33833782 0.15369578 -0.19402481
v 0.33833782 0.15721213 -0.18663224
v 0.32224235 0.13898931 -0.15904898
v 0.32489808 0.13530499 -0.16981969
v 0.32224235 0.11140870 -0.20162098
v 0.32562209 0.12579623 -0.20777073
v 0.32562209 0.13382084 -0.20713072
v 0.32562209 0.14140637 -0.20443512
v 0.32224235 0.14705113 -0.19877707
v 0.32390245 0.14759015 -0.19937402
v 0.31958715 0.13409832 -0.18132875
v 0.32224235 0.14530173 -0.18858683
v 0.32489808 0.14125115 -0.16445400
v 0.32489808 0.13804152 -0.17752110
v 0.32489808 0.10959657 -0.17121825
v 0.32224235 0.10770205 -0.15517116
v 0.32562209 0.11334681 -0.14951311
v 0.32562209 0.10671758 -0.15407984
v 0.32562209 0.12093235 -0.14681751
v 0.33653366 0.15756934 -0.18674812
v 0.33102286 0.11283544 -0.14851216
v 0.33102286 0.15863249 -0.17029491
v 0.33470505 0.15778463 -0.18681776
v 0.33102286 0.15929642 -0.17861188
v 0.33286422 0.12573457 -0.20896889
v 0.32390245 0.13666900 -0.14826870
v 0.32224235 0.14334448 -0.15232725
v 0.32489808 0.13688641 -0.17211554
v 0.32224235 0.10835695 -0.18669125
v 0.32562209 0.11787953 -0.20631263
v 0.32390245 0.11097175 -0.20229607
v 0.32562209 0.14803560 -0.19986838
v 0.32489808 0.14515661 -0.18272944
v 0.32489808 0.14401905 -0.16847162
v 0.31958715 0.13499668 -0.17944061
v 0.32224235 0.10705672 -0.17039644
v 0.32390245 0.10205463 -0.16056874
v 0.32562209 0.10149595 -0.16020727
v 0.32562209 0.12895695 -0.14617749
v 0.32489808 0.10910115 -0.18087957
v 0.31958715 0.13450922 -0.17333019
v 0.33102286 0.10596434 -0.15324527
v 0.33102286 0.10055241 -0.15959596
v 0.33102286 0.09696855 -0.16713046
v 0.32919425 0.12074470 -0.14593935
v 0.32919425 0.12900320 -0.14528073
v 0.32919425 0.13715060 -0.14678136
v 0.32919425 0.14463195 -0.15033970
v 0.32919425 0.15093745 -0.15571336
v 0.32919425 0.15563708 -0.16253556
v 0.33286422 0.15785639 -0.18684062
v 0.33102286 0.15778463 -0.18681776
v 0.33102286 0.10999844 -0.20379829
v 0.33102286 0.10364775 -0.19838636
v 0.33102286 0.09891464 -0.19151526
v 0.33102286 0.09612069 -0.18365331
v 0.33102286 0.11753294 -0.20738215
v 0.33286422 0.13407174 -0.20830390
v 0.33470505 0.14191774 -0.20543607
v 0.33653366 0.14863734 -0.20053497
v 0.33653366 0.15401100 -0.19422947
v 0.32224235 0.14323338 -0.16266526
v 0.32489808 0.13781985 -0.17474257
v 0.32224235 0.10649007 -0.18143719
v 0.32739009 0.12576965 -0.20829220
v 0.32739009 0.13393034 -0.20764103
v 0.32224235 0.10557364 -0.19664865
v 0.32739009 0.14164398 -0.20490024
v 0.32739009 0.14838591 -0.20025590
v 0.32224235 0.14769646 -0.18355178
v 0.32390245 0.15269855 -0.19337895
v 0.32562209 0.15325723 -0.19374095
v 0.31958715 0.13537515 -0.17738449
v 0.32489808 0.10871310 -0.17601622
v 0.32224235 0.10604674 -0.17587961
v 0.32739009 0.11310920 -0.14904798
v 0.32739009 0.10636781 -0.15369233
v 0.32224235 0.10272973 -0.16100622
v 0.32739009 0.10105793 -0.15992288
v 0.32739009 0.12082337 -0.14630666
v 0.32919425 0.11293857 -0.14871362
v 0.33102286 0.09545729 -0.17533634
v 0.32919425 0.15906997 -0.17860019
v 0.32919425 0.15841135 -0.17034222
v 0.33470505 0.15420077 -0.19435226
v 0.32919425 0.15756934 -0.18674812
v 0.33102286 0.12573882 -0.20889341
v 0.32562209 0.13687366 -0.14763559
v 0.32390245 0.14378196 -0.15165215
v 0.32224235 0.14639623 -0.16725698
v 0.32739009 0.11771846 -0.20680912
v 0.32562209 0.11060975 -0.20285475
v 0.32390245 0.10497668 -0.19718713
v 0.32739009 0.15369578 -0.19402481
v 0.32224235 0.15202346 -0.19294200
v 0.32489808 0.14604061 -0.17793200
v 0.32489808 0.14565257 -0.17306865
v 0.31958715 0.13520930 -0.17530019
v 0.32390245 0.09867171 -0.16768170
v 0.32562209 0.09803807 -0.16747652
v 0.32739009 0.09754159 -0.16731598
v 0.32739009 0.12898353 -0.14565549
v 0.32919425 0.10611584 -0.15341325
v 0.32919425 0.10074271 -0.15971876
v 0.32919425 0.09718384 -0.16720010
v 0.32739009 0.13703472 -0.14713857
v 0.32739009 0.14442782 -0.15065492
v 0.32739009 0.15065838 -0.15596480
v 0.32739009 0.15530272 -0.16270672
v 0.33286422 0.15426403 -0.19439319
v 0.33102286 0.15420077 -0.19435226
v 0.32919425 0.15401100 -0.19422947
v 0.32919425 0.11012124 -0.20360799
v 0.32919425 0.10381573 -0.19823486
v 0.32919425 0.09911610 -0.19141214
v 0.32919425 0.09634236 -0.18360600
v 0.32919425 0.11760258 -0.20716687
v 0.33102286 0.13405579 -0.20823001
v 0.33286422 0.14195229 -0.20550358
v 0.33470505 0.14878884 -0.20070295
v 0.32224235 0.14917955 -0.15729957
v 0.32919425 0.12575051 -0.20866749
v 0.32919425 0.13400848 -0.20800834
v 0.32919425 0.14181515 -0.20523460
v 0.32390245 0.10050829 -0.19070089
v 0.32919425 0.14863734 -0.20053497
v 0.32224235 0.14870645 -0.17806862
v 0.32390245 0.15608201 -0.18626652
v 0.32562209 0.15671511 -0.18647118
v 0.32739009 0.15721213 -0.18663224
v 0.32224235 0.09943664 -0.16792942
v 0.32919425 0.09568321 -0.17534750
v 0.32739009 0.15869521 -0.17858105
v 0.32739009 0.15804404 -0.17042036
v 0.32562209 0.14414343 -0.15109347
v 0.32390245 0.14977650 -0.15676056
v 0.32224235 0.14826312 -0.17251050
v 0.32739009 0.11032589 -0.20329277
v 0.32562209 0.10448232 -0.19763312
v 0.32224235 0.10122485 -0.19033517
v 0.32562209 0.09991559 -0.19100389
v 0.32224235 0.15531654 -0.18601881
v 0.32390245 0.09724444 -0.17542777
v 0.32562209 0.09657997 -0.17539375
v 0.32739009 0.09605850 -0.17536717
v 0.32562209 0.15027086 -0.15631510
v 0.32562209 0.15483760 -0.16294433
v 0.33286422 0.14883934 -0.20075877
v 0.33102286 0.14878884 -0.20070295
v 0.32739009 0.10409480 -0.19798290
v 0.32739009 0.09945046 -0.19124150
v 0.32739009 0.09670968 -0.18352733
v 0.33102286 0.14191774 -0.20543607
v 0.32390245 0.15424489 -0.16324733
v 0.32390245 0.09787116 -0.18327909
v 0.32562209 0.09721999 -0.18341836
v 0.32224235 0.15352887 -0.16361305
v 0.32390245 0.15750875 -0.17852045
v 0.32562209 0.15817321 -0.17855448
v 0.32224235 0.09865789 -0.18311111
v 0.32224235 0.09804764 -0.17546923
v 0.32562209 0.15753320 -0.17052987
v 0.32224235 0.15609583 -0.17083711
v 0.32224235 0.15670554 -0.17847899
v 0.32390245 0.15688202 -0.17066861
v 0.35016689 -0.14816903 -0.18352680
v 0.34794173 -0.15023046 -0.18325517
v 0.34787262 -0.14816903 -0.18352680
v 0.35016689 -0.15023046 -0.18325517
v 0.34751115 -0.13733719 -0.13573051
v 0.35016689 -0.14610706 -0.18325517
v 0.35016689 -0.14952613 -0.17930505
v 0.34800552 -0.15215210 -0.18245940
v 0.34797256 -0.15115540 -0.13573051
v 0.34780405 -0.14610706 -0.18325517
v 0.35016689 -0.14747214 -0.17948207
v 0.35016689 -0.15044894 -0.17882611
v 0.35016689 -0.14851083 -0.17952885
v 0.35016689 -0.15215210 -0.18245940
v 0.34300130 -0.10790671 -0.13573051
v 0.34773973 -0.14418596 -0.18245940
v 0.34927119 -0.14418596 -0.18245940
v 0.35016689 -0.14648075 -0.17916791
v 0.35016689 -0.15121653 -0.17812497
v 0.35049859 -0.14952613 -0.17930505
v 0.35049859 -0.14851083 -0.17952885
v 0.35016689 -0.15209043 -0.17625755
v 0.34806080 -0.15380156 -0.18119320
v 0.33846699 -0.10619505 -0.13573051
v 0.34693759 -0.11073307 -0.13573051
v 0.34768498 -0.14253596 -0.18119320
v 0.35016689 -0.14418596 -0.18245940
v 0.35049859 -0.14747214 -0.17948207
v 0.35016689 -0.14560472 -0.17860816
v 0.35049859 -0.14648075 -0.17916791
v 0.35016689 -0.15177627 -0.17724840
v 0.35049859 -0.15044894 -0.17882611
v 0.35016689 -0.15213721 -0.17521833
v 0.34927119 -0.15380156 -0.18119320
v 0.34810279 -0.15506777 -0.17954373
v 0.33364457 -0.10571557 -0.13573051
v 0.33846699 -0.10619505 -0.14056941
v 0.34300130 -0.10790671 -0.14120198
v 0.35000901 -0.11448225 -0.13573051
v 0.34764245 -0.14127029 -0.17954373
v 0.34927119 -0.14253596 -0.18119320
v 0.35016689 -0.14253596 -0.18119320
v 0.35049859 -0.14560472 -0.17860816
v 0.35049859 -0.15177627 -0.17724840
v 0.35016689 -0.15210638 -0.17590246
v 0.35016689 -0.15380156 -0.18119320
v 0.35049859 -0.15209043 -0.17625755
v 0.34812937 -0.15586353 -0.17762210
v 0.35016689 -0.15506777 -0.17954373
v 0.32886255 -0.10650070 -0.13573051
v 0.33364457 -0.10571557 -0.14039186
v 0.33858075 -0.10623810 -0.14058536
v 0.34332662 -0.10814007 -0.14128863
v 0.35059905 -0.13303730 -0.13573051
v 0.35000901 -0.11448225 -0.14459713
v 0.34751115 -0.13733719 -0.17359331
v 0.34927119 -0.12216400 -0.17736003
v 0.35016689 -0.13830677 -0.13307531
v 0.35016689 -0.14490305 -0.17784057
v 0.35049859 -0.15121653 -0.17812497
v 0.35049859 -0.15210638 -0.17590246
v 0.35049859 -0.15213721 -0.17521833
v 0.35016689 -0.15082423 -0.13307531
v 0.34927119 -0.15506777 -0.17954373
v 0.34812937 -0.15586353 -0.17349869
v 0.34927119 -0.15586353 -0.17762210
v 0.32444625 -0.10849675 -0.13573051
v 0.33907777 -0.10358769 -0.13960514
v 0.34591750 -0.11000057 -0.14209555
v 0.34523018 -0.10623810 -0.14058536
v 0.35200453 -0.11889855 -0.13573051
v 0.35059905 -0.13303730 -0.16708687
v 0.34926534 -0.11357433 -0.14400974
v 0.35036782 -0.11527695 -0.14511116
v 0.34927119 -0.14127029 -0.17954373
v 0.35016689 -0.14127029 -0.17954373
v 0.35274342 -0.14253596 -0.18119320
v 0.34927119 -0.14511036 -0.18284213
v 0.35016689 -0.14420031 -0.17590246
v 0.35016689 -0.14442410 -0.17691777
v 0.35049859 -0.14490305 -0.17784057
v 0.35049859 -0.15191342 -0.17420303
v 0.35016689 -0.15191342 -0.17420303
v 0.35274342 -0.15506777 -0.17954373
v 0.34927119 -0.16544511 -0.16719213
v 0.34813841 -0.15613463 -0.17556066
v 0.35016689 -0.15586353 -0.17762210
v 0.32142107 -0.15115540 -0.13573051
v 0.32886255 -0.10650070 -0.14068210
v 0.33046152 -0.10623810 -0.14058536
v 0.33355952 -0.10303910 -0.13940208
v 0.34693759 -0.11073307 -0.14246234
v 0.34787900 -0.10814007 -0.14128863
v 0.35200453 -0.11889855 -0.14796092
v 0.35231018 -0.12850299 -0.13573051
v 0.34782319 -0.11181376 -0.14300348
v 0.35251218 -0.11357433 -0.14400974
v 0.35110883 -0.11691632 -0.14630454
v 0.35295977 -0.13430191 -0.16900053
v 0.35016689 -0.13819195 -0.17488610
v 0.34927119 -0.14047399 -0.17762210
v 0.35016689 -0.14424709 -0.17486377
v 0.35016689 -0.15586353 -0.17349869
v 0.35016689 -0.15143447 -0.17328022
v 0.35274342 -0.15380156 -0.18119320
v 0.34927119 -0.17220565 -0.16560432
v 0.34927119 -0.16361066 -0.16762323
v 0.34927119 -0.15613463 -0.17556066
v 0.34927119 -0.15586353 -0.17349869
v 0.35274342 -0.15586353 -0.17762210
v 0.35016689 -0.15613463 -0.17556066
v 0.32095807 -0.13710808 -0.13573051
v 0.32523510 -0.10814007 -0.14128863
v 0.34426591 -0.10554600 -0.14032914
v 0.33907777 -0.10358769 -0.13307531
v 0.34977033 -0.11000057 -0.14209555
v 0.34877045 -0.10878008 -0.13307531
v 0.35181901 -0.11848765 -0.14758669
v 0.35218314 -0.11998668 -0.14895283
v 0.35278966 -0.12368057 -0.13573051
v 0.35231018 -0.12850299 -0.16022694
v 0.35125555 -0.11181376 -0.14300348
v 0.35328190 -0.11527695 -0.14511116
v 0.35491808 -0.12911377 -0.16115081
v 0.35274342 -0.14127029 -0.17954373
v 0.34927119 -0.14020289 -0.17556066
v 0.35016689 -0.14456125 -0.17387239
v 0.35049859 -0.14420031 -0.17590246
v 0.35049859 -0.14442410 -0.17691777
v 0.35016689 -0.13819195 -0.13307531
v 0.35049859 -0.15143447 -0.17328022
v 0.35016689 -0.15073280 -0.17251263
v 0.35049646 -0.15380156 -0.18119320
v 0.35274342 -0.15380156 -0.16992759
v 0.35274342 -0.17220565 -0.16560432
v 0.35274342 -0.16544511 -0.16719213
v 0.31830287 -0.15082423 -0.13307531
v 0.35274342 -0.15613463 -0.17556066
v 0.32069707 -0.11156764 -0.13573051
v 0.32137908 -0.14988707 -0.16752117
v 0.32444625 -0.10849675 -0.14144331
v 0.32301313 -0.10623810 -0.14058536
v 0.32808752 -0.10393693 -0.13973431
v 0.34426591 -0.10554600 -0.13307531
v 0.33355952 -0.10303910 -0.13307531
v 0.34877045 -0.10878008 -0.14156611
v 0.35462837 -0.11848765 -0.14758669
v 0.35241650 -0.12140757 -0.15039924
v 0.35278966 -0.12368057 -0.15310866
v 0.35264189 -0.12516525 -0.15517594
v 0.35228467 -0.11306987 -0.14372163
v 0.35402291 -0.11691632 -0.14630454
v 0.35228467 -0.11306987 -0.13307531
v 0.35295977 -0.13430191 -0.13307531
v 0.34927119 -0.13009771 -0.17549634
v 0.35274342 -0.14047399 -0.17762210
v 0.35016689 -0.14512099 -0.17299636
v 0.35049859 -0.14424709 -0.17486377
v 0.34977459 -0.13885270 -0.13307531
v 0.35274342 -0.15586353 -0.17349869
v 0.35049859 -0.15073280 -0.17251263
v 0.35049646 -0.15506777 -0.17954373
v 0.35274342 -0.15215210 -0.18245940
v 0.35274342 -0.15506777 -0.17157759
v 0.35274342 -0.15346083 -0.17600559
v 0.35462784 -0.17404010 -0.16517322
v 0.34738677 -0.16361066 -0.16762323
v 0.34927119 -0.15380156 -0.16992759
v 0.32157098 -0.15570140 -0.17219847
v 0.32937605 -0.14501946 -0.13307531
v 0.35049646 -0.15586353 -0.17762210
v 0.31846075 -0.13405951 -0.13573051
v 0.32144659 -0.15192458 -0.16820955
v 0.32130891 -0.14774909 -0.16738562
v 0.32069069 -0.10814007 -0.14128863
v 0.32303386 -0.10622109 -0.14057898
v 0.32808752 -0.10393693 -0.13307531
v 0.33355952 -0.10303910 -0.13238054
v 0.33907777 -0.10358769 -0.13238054
v 0.35263657 -0.12274713 -0.15192166
v 0.35510732 -0.12140757 -0.15039924
v 0.35487449 -0.11998668 -0.14895283
v 0.35275777 -0.12400058 -0.15351584
v 0.35531038 -0.12516525 -0.15517594
v 0.35491808 -0.12911377 -0.13307531
v 0.35049646 -0.14127029 -0.17954373
v 0.35274342 -0.14127029 -0.17157759
v 0.34927119 -0.12826325 -0.17592745
v 0.34927119 -0.14047399 -0.17349869
v 0.35274342 -0.14020289 -0.17556066
v 0.35049646 -0.14047399 -0.17762210
v 0.35274342 -0.14067599 -0.17301124
v 0.35016689 -0.14588858 -0.17229468
v 0.35049859 -0.14456125 -0.17387239
v 0.34972515 -0.13880645 -0.13307531
v 0.34927119 -0.15506777 -0.17157759
v 0.35016689 -0.14985677 -0.17195288
v 0.35049646 -0.15380156 -0.16992759
v 0.35049646 -0.15215210 -0.18245940
v 0.35049646 -0.15506777 -0.17157759
v 0.35274342 -0.15215210 -0.16866192
v 0.34738677 -0.17404010 -0.16517322
v 0.32100645 -0.15581197 -0.17308619
v 0.32155237 -0.15514166 -0.17104336
v 0.32417143 -0.14305531 -0.13307531
v 0.33491184 -0.14557017 -0.13307531
v 0.35049646 -0.15613463 -0.17556066
v 0.31787070 -0.11550446 -0.13573051
v 0.32095807 -0.13710808 -0.17324673
v 0.32261020 -0.11000057 -0.14209555
v 0.32150559 -0.15371917 -0.16940984
v 0.32143649 -0.15161840 -0.17356886
v 0.32135675 -0.14919975 -0.17171314
v 0.32123981 -0.14565841 -0.16780556
v 0.31874408 -0.10973478 -0.13307531
v 0.32303386 -0.10622109 -0.13307531
v 0.34426591 -0.10554600 -0.13238054
v 0.32808752 -0.10393693 -0.13238054
v 0.35456830 -0.11812352 -0.14728901
v 0.35532739 -0.12274713 -0.15192166
v 0.35456830 -0.11812352 -0.13307531
v 0.35546666 -0.12359552 -0.15300075
v 0.35542626 -0.12400058 -0.15351584
v 0.35546666 -0.12359552 -0.13307531
v 0.35016689 -0.13819195 -0.13238054
v 0.35295977 -0.13430191 -0.13238054
v 0.35049646 -0.14253596 -0.18119320
v 0.35274342 -0.14253596 -0.16992759
v 0.35274342 -0.12826325 -0.17592745
v 0.34927119 -0.11966827 -0.17794636
v 0.35274342 -0.13009771 -0.17549634
v 0.34927119 -0.14067599 -0.17301124
v 0.35049646 -0.14020289 -0.17556066
v 0.35274342 -0.14047399 -0.17349869
v 0.35016689 -0.14681139 -0.17181574
v 0.35049859 -0.14588858 -0.17229468
v 0.35049859 -0.14512099 -0.17299636
v 0.34547098 -0.14237808 -0.13307531
v 0.34972515 -0.13880645 -0.13238054
v 0.35049859 -0.14985677 -0.17195288
v 0.35016689 -0.14886539 -0.17163872
v 0.35049646 -0.15346083 -0.17600559
v 0.35274342 -0.15023046 -0.18325517
v 0.35274342 -0.15042927 -0.18036607
v 0.35049646 -0.15586353 -0.17349869
v 0.35274342 -0.15120058 -0.17120018
v 0.35049646 -0.15215210 -0.16866192
v 0.35274342 -0.16361066 -0.16762323
v 0.34927119 -0.15215210 -0.16866192
v 0.32095807 -0.15586353 -0.17349869
v 0.32157629 -0.15586353 -0.17349869
v 0.32155024 -0.15506777 -0.17954373
v 0.31965253 -0.13981059 -0.13307531
v 0.32938349 -0.14498757 -0.13255596
v 0.32420332 -0.14299577 -0.13307531
v 0.34040138 -0.14466916 -0.13307531
v 0.33491077 -0.14553721 -0.13255596
v 0.32939146 -0.14495408 -0.13307531
v 0.31646470 -0.12964321 -0.13573051
v 0.31803336 -0.11527695 -0.14511116
v 0.31846075 -0.13405951 -0.16863322
v 0.32105748 -0.14011997 -0.17597369
v 0.32069707 -0.11156764 -0.14288015
v 0.32145456 -0.15216804 -0.17535548
v 0.32144818 -0.15197880 -0.17432742
v 0.32143330 -0.15152962 -0.17338334
v 0.32138280 -0.14999072 -0.17199435
v 0.32135037 -0.14900572 -0.17164457
v 0.32128871 -0.14713778 -0.17171314
v 0.32117708 -0.14375432 -0.16874644
v 0.31874408 -0.10973478 -0.14198020
v 0.32303386 -0.10622109 -0.13238054
v 0.34877045 -0.10878008 -0.13238054
v 0.33906288 -0.10365201 -0.13204512
v 0.33490971 -0.14550266 -0.13238054
v 0.33908574 -0.10355366 -0.13255596
v 0.33355845 -0.10300402 -0.13255596
v 0.32939146 -0.14495408 -0.13238054
v 0.33356164 -0.10310502 -0.13204512
v 0.34038224 -0.14460431 -0.13238054
v 0.34428239 -0.10551516 -0.13255596
v 0.35228467 -0.11306987 -0.13238054
v 0.35456830 -0.11812352 -0.13238054
v 0.35546666 -0.12359552 -0.13238054
v 0.35491808 -0.12911377 -0.13238054
v 0.35049646 -0.14418596 -0.18245940
v 0.35049646 -0.14127029 -0.17157759
v 0.35049646 -0.14047399 -0.17349869
v 0.35274342 -0.14287670 -0.17511520
v 0.35049646 -0.14253596 -0.16992759
v 0.34927119 -0.14253596 -0.16992759
v 0.34927119 -0.14127029 -0.17157759
v 0.35274342 -0.12216400 -0.17736003
v 0.34927119 -0.12150272 -0.17751578
v 0.34738677 -0.11966827 -0.17794636
v 0.35016689 -0.14782669 -0.17159248
v 0.35049859 -0.14681139 -0.17181574
v 0.34543537 -0.14232067 -0.13307531
v 0.34975067 -0.13883037 -0.13255596
v 0.34543537 -0.14232067 -0.13238054
v 0.35049646 -0.15042927 -0.18036607
v 0.35049646 -0.15023046 -0.18325517
v 0.35274342 -0.15023046 -0.16786616
v 0.35049646 -0.15023046 -0.16786616
v 0.35462784 -0.16361066 -0.16762323
v 0.31830287 -0.15586353 -0.17349869
v 0.31830287 -0.13816219 -0.13307531
v 0.32418684 -0.14302607 -0.13255596
v 0.31969878 -0.13976169 -0.13307531
v 0.34038224 -0.14460431 -0.13307531
v 0.34039234 -0.14463779 -0.13255596
v 0.33490971 -0.14550266 -0.13307531
v 0.31615904 -0.12003824 -0.13573051
v 0.31787070 -0.11550446 -0.14527648
v 0.31925598 -0.11357433 -0.14400974
v 0.31618509 -0.13547137 -0.17077014
v 0.32106970 -0.14049525 -0.17804470
v 0.32106279 -0.14028475 -0.17387558
v 0.32052006 -0.11181376 -0.14300348
v 0.31855324 -0.11000057 -0.14209555
v 0.32144925 -0.15201601 -0.17452941
v 0.32145403 -0.15215210 -0.18245940
v 0.32141523 -0.15098530 -0.17274439
v 0.32138812 -0.15016030 -0.17211129
v 0.32132273 -0.14816903 -0.17157759
v 0.32131582 -0.14796384 -0.17156112
v 0.32128180 -0.14693525 -0.17175035
v 0.32122971 -0.14535223 -0.17274439
v 0.32112446 -0.14216067 -0.17013863
v 0.31874408 -0.10973478 -0.13238054
v 0.34423454 -0.10560394 -0.13204512
v 0.34879437 -0.10875510 -0.13255596
v 0.32807742 -0.10390397 -0.13255596
v 0.32420332 -0.14299577 -0.13238054
v 0.32306895 -0.10627691 -0.13204512
v 0.32810612 -0.10400018 -0.13204512
v 0.35011320 -0.13815368 -0.13204512
v 0.35299007 -0.13431839 -0.13255596
v 0.35495157 -0.12912174 -0.13255596
v 0.35290129 -0.13427108 -0.13204512
v 0.35274342 -0.14418596 -0.18245940
v 0.35049646 -0.14287670 -0.17511520
v 0.35274342 -0.14418596 -0.16866192
v 0.35462784 -0.13009771 -0.17549634
v 0.35274342 -0.12150272 -0.17751578
v 0.34738677 -0.13009771 -0.17549634
v 0.35049859 -0.14782669 -0.17159248
v 0.35049859 -0.14565894 -0.17250466
v 0.34545344 -0.14234991 -0.13255596
v 0.34967731 -0.13876127 -0.13204512
v 0.35049859 -0.14886539 -0.17163872
v 0.35049646 -0.15120058 -0.17120018
v 0.35447953 -0.15346083 -0.17600559
v 0.35274342 -0.14816903 -0.18352680
v 0.35274342 -0.14513747 -0.17992115
v 0.35274342 -0.14912745 -0.17102582
v 0.34927119 -0.15023046 -0.16786616
v 0.31830287 -0.15586353 -0.17762210
v 0.31830287 -0.15613463 -0.17556066
v 0.32158533 -0.15613463 -0.17556066
v 0.32157629 -0.15586353 -0.17762210
v 0.32150825 -0.15380156 -0.18119320
v 0.31830287 -0.13805693 -0.13307531
v 0.31967539 -0.13978667 -0.13255596
v 0.31830287 -0.14589071 -0.17075791
v 0.31969878 -0.13976169 -0.13238054
v 0.31567956 -0.12486066 -0.13573051
v 0.31617871 -0.11998668 -0.14895283
v 0.31646470 -0.12964321 -0.16195136
v 0.31733754 -0.11691632 -0.14630454
v 0.31511822 -0.11527695 -0.14511116
v 0.31598734 -0.11357433 -0.14400974
v 0.31830287 -0.13805693 -0.17468197
v 0.31390092 -0.13041825 -0.16312401
v 0.32108671 -0.14101620 -0.17915994
v 0.32108565 -0.14097952 -0.17188750
v 0.32145403 -0.15215210 -0.17556066
v 0.32141097 -0.15085187 -0.17258758
v 0.32125682 -0.14617723 -0.17211129
v 0.32125097 -0.14599118 -0.17219953
v 0.32122439 -0.14519595 -0.17287782
v 0.32113668 -0.14253596 -0.18119320
v 0.31725142 -0.11181376 -0.14300348
v 0.31550946 -0.11423932 -0.13307531
v 0.31879245 -0.10977997 -0.13204512
v 0.32301579 -0.10619132 -0.13255596
v 0.34872526 -0.10882845 -0.13204512
v 0.35231391 -0.11305179 -0.13255596
v 0.33356696 -0.10327193 -0.13155182
v 0.32940688 -0.14488976 -0.13204512
v 0.34036311 -0.14454105 -0.13204512
v 0.33909318 -0.10352177 -0.13307531
v 0.34429780 -0.10548646 -0.13307531
v 0.33355739 -0.10297159 -0.13307531
v 0.32423468 -0.14293730 -0.13204512
v 0.32815449 -0.10416019 -0.13155182
v 0.33902461 -0.10381467 -0.13155182
v 0.34540028 -0.14226433 -0.13204512
v 0.34881669 -0.10873118 -0.13307531
v 0.35222832 -0.11310495 -0.13204512
v 0.35460126 -0.11811342 -0.13255596
v 0.35550121 -0.12359446 -0.13255596
v 0.35450505 -0.11814266 -0.13204512
v 0.35019453 -0.13821215 -0.13255596
v 0.35485376 -0.12909888 -0.13204512
v 0.35049646 -0.14610706 -0.18325517
v 0.35049646 -0.14513747 -0.17992115
v 0.35274342 -0.14511036 -0.18284213
v 0.35274342 -0.14505508 -0.17198265
v 0.35049646 -0.14418596 -0.16866192
v 0.34927119 -0.14418596 -0.16866192
v 0.35274342 -0.11966827 -0.17794636
v 0.35447953 -0.15120058 -0.17120018
v 0.35049646 -0.14590825 -0.17075472
v 0.35049646 -0.14816903 -0.18352680
v 0.35447953 -0.14513747 -0.17992115
v 0.35274342 -0.14816903 -0.16759453
v 0.35049646 -0.14816903 -0.16759453
v 0.34927119 -0.14816903 -0.16759453
v 0.31830287 -0.15506777 -0.17954373
v 0.32095807 -0.15613463 -0.17556066
v 0.32095807 -0.15506777 -0.17954373
v 0.32095807 -0.15380156 -0.18119320
v 0.31827629 -0.13807873 -0.13255596
v 0.31830287 -0.15118836 -0.17113054
v 0.31830287 -0.14291975 -0.17515986
v 0.31830287 -0.13805693 -0.13238054
v 0.31572953 -0.12516525 -0.15517594
v 0.31576515 -0.12400058 -0.15351584
v 0.31615904 -0.12003824 -0.14900546
v 0.31674430 -0.11848765 -0.14758669
v 0.31550946 -0.11423932 -0.14443978
v 0.31618509 -0.13547137 -0.13307531
v 0.31390092 -0.13041825 -0.13307531
v 0.32145190 -0.15208512 -0.17639736
v 0.32120898 -0.14471966 -0.17356886
v 0.32119090 -0.14416948 -0.17576585
v 0.32109522 -0.14127029 -0.17954373
v 0.31550946 -0.11423932 -0.13238054
v 0.31871856 -0.10971139 -0.13255596
v 0.34415587 -0.10575118 -0.13155182
v 0.35234155 -0.11303478 -0.13307531
v 0.32806785 -0.10387261 -0.13307531
v 0.31974396 -0.13971331 -0.13204512
v 0.32315665 -0.10641884 -0.13155182
v 0.31891365 -0.10989425 -0.13155182
v 0.33490758 -0.14543675 -0.13204512
v 0.35540074 -0.12359765 -0.13204512
v 0.34997924 -0.13805747 -0.13155182
v 0.35301930 -0.13433380 -0.13307531
v 0.35498346 -0.12912918 -0.13307531
v 0.35553417 -0.12359339 -0.13307531
v 0.35275405 -0.13419188 -0.13155182
v 0.35274342 -0.14610706 -0.18325517
v 0.35274342 -0.14590825 -0.17075472
v 0.35274342 -0.14610706 -0.16786616
v 0.34955558 -0.13864698 -0.13155182
v 0.35447953 -0.15042927 -0.18036607
v 0.31830287 -0.15351505 -0.17590406
v 0.32095807 -0.15586353 -0.17762210
v 0.31830287 -0.14127029 -0.17954373
v 0.31825078 -0.13809946 -0.13307531
v 0.31431980 -0.14589071 -0.17075791
v 0.31830287 -0.14253596 -0.18119320
v 0.31618509 -0.13547137 -0.13238054
v 0.31567956 -0.12486066 -0.15474218
v 0.31588954 -0.12274713 -0.15192166
v 0.31602296 -0.12140757 -0.15039924
v 0.31390624 -0.11848765 -0.14758669
v 0.31303871 -0.12516525 -0.15517594
v 0.31449947 -0.11691632 -0.14630454
v 0.32095807 -0.14127029 -0.17954373
v 0.31300257 -0.12494571 -0.13307531
v 0.32095807 -0.15215210 -0.18245940
v 0.32139077 -0.15023046 -0.18325517
v 0.32120525 -0.14460271 -0.17373843
v 0.32119143 -0.14418596 -0.18245940
v 0.32119143 -0.14418596 -0.17556066
v 0.31355115 -0.11942800 -0.13307531
v 0.31547916 -0.11422338 -0.13255596
v 0.31556793 -0.11427069 -0.13204512
v 0.32299825 -0.10616368 -0.13307531
v 0.34861098 -0.10895018 -0.13155182
v 0.35463315 -0.11810385 -0.13307531
v 0.33357440 -0.10350157 -0.13108457
v 0.32822147 -0.10438026 -0.13108457
v 0.33490227 -0.14526983 -0.13155182
v 0.32944462 -0.14472710 -0.13155182
v 0.34031473 -0.14438158 -0.13155182
v 0.34531257 -0.14212240 -0.13155182
v 0.32431336 -0.14279058 -0.13155182
v 0.32327838 -0.10661446 -0.13108457
v 0.33897198 -0.10403846 -0.13108457
v 0.35208639 -0.11319319 -0.13155182
v 0.35434557 -0.11819103 -0.13155182
v 0.35022111 -0.13823076 -0.13307531
v 0.35469110 -0.12906061 -0.13155182
v 0.35049646 -0.14610706 -0.16786616
v 0.34927119 -0.14610706 -0.16786616
v 0.35462784 -0.11966827 -0.17794636
v 0.35447953 -0.14287670 -0.17511520
v 0.35447953 -0.14590825 -0.17075472
v 0.31830287 -0.15380156 -0.18119320
v 0.31612768 -0.13550698 -0.13307531
v 0.31431980 -0.15351505 -0.17590406
v 0.31431980 -0.15118836 -0.17113054
v 0.31830287 -0.14418596 -0.18245940
v 0.31431980 -0.14291975 -0.17515986
v 0.31835337 -0.13801547 -0.13204512
v 0.31615532 -0.13548997 -0.13255596
v 0.31300257 -0.12494571 -0.15486338
v 0.31309666 -0.12400058 -0.15351584
v 0.31322158 -0.12274713 -0.15192166
v 0.31349587 -0.11998668 -0.14895283
v 0.31355115 -0.11942800 -0.14844305
v 0.31390092 -0.13041825 -0.13238054
v 0.32144925 -0.15201601 -0.17659138
v 0.32119569 -0.14432151 -0.17452941
v 0.32119569 -0.14432151 -0.17659138
v 0.32119356 -0.14425241 -0.17472344
v 0.31355115 -0.11942800 -0.13238054
v 0.31351766 -0.11942002 -0.13255596
v 0.31869464 -0.10968907 -0.13307531
v 0.31545046 -0.11420796 -0.13307531
v 0.34404743 -0.10595424 -0.13108457
v 0.31908162 -0.11005213 -0.13108457
v 0.31571518 -0.11434936 -0.13155182
v 0.31985825 -0.13959158 -0.13155182
v 0.35523383 -0.12360296 -0.13155182
v 0.34979372 -0.13792404 -0.13108457
v 0.35255152 -0.13408343 -0.13108457
v 0.34938760 -0.13848963 -0.13108457
v 0.31830287 -0.15215210 -0.18245940
v 0.32095807 -0.14253596 -0.18119320
v 0.31431980 -0.15054356 -0.18030600
v 0.31830287 -0.14524591 -0.17993390
v 0.32095807 -0.14418596 -0.18245940
v 0.31431980 -0.14524591 -0.17993390
v 0.31624090 -0.13543682 -0.13204512
v 0.31386797 -0.13042835 -0.13255596
v 0.31335447 -0.12140757 -0.15039924
v 0.31300257 -0.12494571 -0.13238054
v 0.32095807 -0.15023046 -0.18325517
v 0.32144021 -0.15173481 -0.17738236
v 0.32119675 -0.14435872 -0.17679391
v 0.31348577 -0.11941258 -0.13307531
v 0.31361600 -0.11944288 -0.13204512
v 0.34845363 -0.10911763 -0.13108457
v 0.33358344 -0.10379128 -0.13065134
v 0.32830493 -0.10465774 -0.13065134
v 0.32343095 -0.10686057 -0.13065134
v 0.33489536 -0.14503966 -0.13108457
v 0.34024829 -0.14416097 -0.13108457
v 0.32949724 -0.14450331 -0.13108457
v 0.34519137 -0.14192731 -0.13108457
v 0.32442233 -0.14258752 -0.13108457
v 0.31929266 -0.11024988 -0.13065134
v 0.33890607 -0.10432019 -0.13065134
v 0.35189077 -0.11331439 -0.13108457
v 0.35412497 -0.11825748 -0.13108457
v 0.35446677 -0.12900799 -0.13108457
v 0.31830287 -0.15054356 -0.18030600
v 0.31383660 -0.13043791 -0.13307531
v 0.31830287 -0.14610706 -0.18325517
v 0.31848148 -0.13791075 -0.13155182
v 0.31296802 -0.12494731 -0.13255596
v 0.31396418 -0.13039911 -0.13204512
v 0.32132273 -0.14816903 -0.18352680
v 0.32143649 -0.15161840 -0.17755193
v 0.32120898 -0.14471966 -0.17755193
v 0.31306901 -0.12494412 -0.13204512
v 0.34391029 -0.10620940 -0.13065134
v 0.31591771 -0.11445833 -0.13108457
v 0.31377813 -0.11948062 -0.13155182
v 0.32001560 -0.13942361 -0.13108457
v 0.35500366 -0.12361040 -0.13108457
v 0.34956036 -0.13775660 -0.13065134
v 0.35229636 -0.13394682 -0.13065134
v 0.34917657 -0.13829136 -0.13065134
v 0.31830287 -0.15023046 -0.18325517
v 0.31830287 -0.14816903 -0.18352680
v 0.32095807 -0.14610706 -0.18325517
v 0.31638283 -0.13534858 -0.13155182
v 0.31293559 -0.12494837 -0.13307531
v 0.32095807 -0.14816903 -0.18352680
v 0.32138812 -0.15016030 -0.17901003
v 0.32142054 -0.15114211 -0.17824351
v 0.32121163 -0.14480790 -0.17773798
v 0.31323540 -0.12493880 -0.13155182
v 0.34825535 -0.10932919 -0.13065134
v 0.33359407 -0.10413467 -0.13025957
v 0.32840433 -0.10498678 -0.13025957
v 0.32361221 -0.10715294 -0.13025957
v 0.31954356 -0.11048536 -0.13025957
v 0.33488579 -0.14475049 -0.13065134
v 0.34016430 -0.14388403 -0.13065134
v 0.34503828 -0.14168119 -0.13065134
v 0.32956316 -0.14422104 -0.13065134
v 0.32455894 -0.14233237 -0.13065134
v 0.31617286 -0.11459494 -0.13065134
v 0.33882793 -0.10465508 -0.13025957
v 0.35164519 -0.11346695 -0.13065134
v 0.35384802 -0.11834093 -0.13065134
v 0.35418504 -0.12894207 -0.13065134
v 0.31865796 -0.13776616 -0.13108457
v 0.31412418 -0.13035074 -0.13155182
v 0.32125469 -0.14610706 -0.18325517
v 0.32139449 -0.15034635 -0.17892126
v 0.32136313 -0.14940227 -0.17937044
v 0.32141523 -0.15098530 -0.17837693
v 0.32122971 -0.14535223 -0.17837693
v 0.34802040 -0.10957956 -0.13025957
v 0.31400245 -0.11953325 -0.13108457
v 0.31346557 -0.12493136 -0.13108457
v 0.31647639 -0.11475761 -0.13025957
v 0.32021387 -0.13921257 -0.13065134
v 0.34374816 -0.10651239 -0.13025957
v 0.35471448 -0.12361944 -0.13065134
v 0.35199284 -0.13378416 -0.13025957
v 0.34892567 -0.13805640 -0.13025957
v 0.31657845 -0.13522738 -0.13108457
v 0.32129509 -0.14733180 -0.17947675
v 0.32135675 -0.14919975 -0.17940765
v 0.32123396 -0.14548618 -0.17853374
v 0.31434426 -0.13028429 -0.13108457
v 0.35135282 -0.11364822 -0.13025957
v 0.33360683 -0.10452697 -0.12991564
v 0.32851809 -0.10536207 -0.12991564
v 0.32381899 -0.10748623 -0.12991564
v 0.31982955 -0.11075381 -0.12991564
v 0.31682191 -0.11494259 -0.12991564
v 0.33487516 -0.14440656 -0.13025957
v 0.34006489 -0.14355498 -0.13025957
v 0.34485702 -0.14138883 -0.13025957
v 0.32964183 -0.14388615 -0.13025957
v 0.32044936 -0.13896167 -0.13025957
v 0.31428419 -0.11959916 -0.13065134
v 0.34356264 -0.10685845 -0.12991564
v 0.35351898 -0.11844087 -0.13025957
v 0.34928341 -0.13755779 -0.13025957
v 0.35385015 -0.12886393 -0.13025957
v 0.31888016 -0.13758437 -0.13065134
v 0.32132273 -0.14816903 -0.17954373
v 0.32128871 -0.14713778 -0.17940765
v 0.32132964 -0.14837421 -0.17955968
v 0.34775142 -0.10986608 -0.12991564
v 0.35101953 -0.11385500 -0.12991564
v 0.31375474 -0.12492179 -0.13065134
v 0.31462120 -0.13020030 -0.13065134
v 0.33873809 -0.10503728 -0.12991564
v 0.31500128 -0.11976714 -0.12991564
v 0.32472107 -0.14202937 -0.13025957
v 0.31914382 -0.13736802 -0.13025957
v 0.31461908 -0.11967784 -0.13025957
v 0.35437056 -0.12363060 -0.13025957
v 0.35164731 -0.13359917 -0.12991564
v 0.35346848 -0.12877463 -0.12991564
v 0.34863968 -0.13778796 -0.12991564
v 0.32125682 -0.14617723 -0.17901003
v 0.31682457 -0.13507482 -0.13065134
v 0.32126266 -0.14634680 -0.17912645
v 0.35314316 -0.11855409 -0.12991564
v 0.33362065 -0.10496074 -0.12962594
v 0.32864354 -0.10577776 -0.12962594
v 0.32404810 -0.10785514 -0.12962594
v 0.32014636 -0.11105095 -0.12962594
v 0.31720464 -0.11514778 -0.12962594
v 0.31542388 -0.11986601 -0.12962594
v 0.32973114 -0.14350448 -0.12991564
v 0.33995114 -0.14317916 -0.12991564
v 0.34465023 -0.14105553 -0.12991564
v 0.32490659 -0.14168332 -0.12991564
v 0.32071780 -0.13867568 -0.12991564
v 0.31944469 -0.13712137 -0.12991564
v 0.31409867 -0.12491116 -0.13025957
v 0.34335798 -0.10724065 -0.12962594
v 0.34745481 -0.11018237 -0.12962594
v 0.35397826 -0.12364283 -0.12991564
v 0.34896766 -0.13733081 -0.12991564
v 0.31711640 -0.13489355 -0.13025957
v 0.35065062 -0.11408410 -0.12962594
v 0.35272800 -0.11868008 -0.12962594
v 0.31495025 -0.13010090 -0.13025957
v 0.33863922 -0.10545988 -0.12962594
v 0.31449097 -0.12489840 -0.12991564
v 0.31492473 -0.12488511 -0.12962594
v 0.33486240 -0.14401479 -0.12991564
v 0.31744970 -0.13468624 -0.12991564
v 0.35126458 -0.13339399 -0.12962594
v 0.35304535 -0.12867522 -0.12962594
v 0.35354449 -0.12365665 -0.12962594
v 0.34832286 -0.13749081 -0.12962594
v 0.33363553 -0.10542905 -0.12939577
v 0.32877909 -0.10622588 -0.12939577
v 0.32429475 -0.10825276 -0.12939577
v 0.32048763 -0.11137149 -0.12939577
v 0.31761768 -0.11536891 -0.12939577
v 0.31587997 -0.11997286 -0.12939577
v 0.31539305 -0.12487023 -0.12939577
v 0.32983001 -0.14308188 -0.12962594
v 0.32511124 -0.14130059 -0.12962594
v 0.33982569 -0.14276400 -0.12962594
v 0.34442166 -0.14068662 -0.12962594
v 0.32101442 -0.13835940 -0.12962594
v 0.31977745 -0.13684867 -0.12962594
v 0.31781861 -0.13445766 -0.12962594
v 0.34313685 -0.10765368 -0.12939577
v 0.34713427 -0.11052364 -0.12939577
v 0.35025247 -0.11433075 -0.12939577
v 0.34861789 -0.13707991 -0.12962594
v 0.31532607 -0.12998714 -0.12991564
v 0.35227935 -0.11881563 -0.12939577
v 0.35307671 -0.12367154 -0.12939577
v 0.33853237 -0.10591597 -0.12939577
v 0.31574176 -0.12986169 -0.12962594
v 0.33484858 -0.14358103 -0.12962594
v 0.35085155 -0.13317285 -0.12939577
v 0.35258979 -0.12856891 -0.12939577
v 0.34798159 -0.13717027 -0.12939577
v 0.33365095 -0.10592341 -0.12922779
v 0.32892262 -0.10669951 -0.12922779
v 0.32455575 -0.10867323 -0.12922779
v 0.32084857 -0.11170957 -0.12922779
v 0.31805356 -0.11560227 -0.12922779
v 0.31636157 -0.12008555 -0.12922779
v 0.31588688 -0.12485428 -0.12922779
v 0.31618987 -0.12972614 -0.12939577
v 0.32993685 -0.14262580 -0.12939577
v 0.32533291 -0.14088809 -0.12939577
v 0.32133496 -0.13801760 -0.12939577
v 0.33969014 -0.14231536 -0.12939577
v 0.34417448 -0.14028901 -0.12939577
v 0.32013679 -0.13655471 -0.12939577
v 0.31821676 -0.13421048 -0.12939577
v 0.34290296 -0.10808957 -0.12922779
v 0.34679566 -0.11088457 -0.12922779
v 0.34983253 -0.11459176 -0.12922779
v 0.35180625 -0.11895862 -0.12922779
v 0.34824100 -0.13680934 -0.12939577
v 0.35258235 -0.12368748 -0.12922779
v 0.33841968 -0.10639757 -0.12922779
v 0.33483370 -0.14311272 -0.12939577
v 0.35041566 -0.13293949 -0.12922779
v 0.35210819 -0.12845568 -0.12922779
v 0.34762066 -0.13683166 -0.12922779
v 0.33366743 -0.10643532 -0.12912626
v 0.32907092 -0.10718962 -0.12912626
v 0.32482579 -0.10910859 -0.12912626
v 0.32122226 -0.11206041 -0.12912626
v 0.31850487 -0.11584414 -0.12912626
v 0.31686019 -0.12020250 -0.12912626
v 0.31639931 -0.12483780 -0.12912626
v 0.31666350 -0.12958315 -0.12922779
v 0.33004955 -0.14214419 -0.12922779
v 0.32556627 -0.14045220 -0.12922779
v 0.32167357 -0.13765719 -0.12922779
v 0.32051634 -0.13624374 -0.12922779
v 0.33954714 -0.14184226 -0.12922779
v 0.34391347 -0.13986853 -0.12922779
v 0.31863670 -0.13395001 -0.12922779
v 0.34266109 -0.10854140 -0.12912626
v 0.34644535 -0.11125827 -0.12912626
v 0.34939717 -0.11486179 -0.12912626
v 0.35131561 -0.11910693 -0.12912626
v 0.35206991 -0.12370343 -0.12912626
v 0.34784232 -0.13652335 -0.12922779
v 0.33830273 -0.10689619 -0.12912626
v 0.33481828 -0.14261835 -0.12922779
v 0.34996436 -0.13269709 -0.12912626
v 0.35160904 -0.12833927 -0.12912626
v 0.34724749 -0.13648136 -0.12912626
v 0.33368391 -0.10695626 -0.12909224
v 0.32922136 -0.10768876 -0.12909224
v 0.32510061 -0.10955139 -0.12909224
v 0.32160234 -0.11241709 -0.12909224
v 0.31896468 -0.11609026 -0.12909224
v 0.31736784 -0.12032157 -0.12909224
v 0.31692025 -0.12482133 -0.12909224
v 0.31715361 -0.12943484 -0.12912626
v 0.33016649 -0.14164558 -0.12912626
v 0.32580814 -0.14000036 -0.12912626
v 0.32202388 -0.13728350 -0.12912626
v 0.32090917 -0.13592214 -0.12912626
v 0.31907206 -0.13367944 -0.12912626
v 0.33939883 -0.14135162 -0.12912626
v 0.34364344 -0.13943317 -0.12912626
v 0.34241497 -0.10900068 -0.12909224
v 0.34608867 -0.11163834 -0.12909224
v 0.34895384 -0.11513662 -0.12909224
v 0.35081647 -0.11925789 -0.12909224
v 0.35154897 -0.12372044 -0.12909224
v 0.34742982 -0.13622673 -0.12912626
v 0.33818419 -0.10740384 -0.12909224
v 0.33480180 -0.14210645 -0.12912626
v 0.34950455 -0.13245098 -0.12909224
v 0.35110139 -0.12822020 -0.12909224
v 0.34686742 -0.13612467 -0.12909224
v 0.33478532 -0.14158498 -0.12909224
v 0.33028503 -0.14113793 -0.12909224
v 0.32605425 -0.13954108 -0.12909224
v 0.32238056 -0.13690342 -0.12909224
v 0.31951539 -0.13340462 -0.12909224
v 0.31765276 -0.12928387 -0.12909224
v 0.32130891 -0.13559469 -0.12909224
v 0.33924787 -0.14085300 -0.12909224
v 0.34336861 -0.13899037 -0.12909224
v 0.34700988 -0.13592533 -0.12909224
v 0.32993951 -0.10824053 -0.12564287
v 0.33423461 -0.10724171 -0.12593204
v 0.32982735 -0.10782219 -0.12593204
v 0.33423461 -0.10767494 -0.12564287
v 0.33423461 -0.10684994 -0.12627597
v 0.32593678 -0.10989851 -0.12564287
v 0.33006018 -0.10869184 -0.12541217
v 0.33853025 -0.10824053 -0.12564287
v 0.32972582 -0.10744371 -0.12627597
v 0.33864188 -0.10782219 -0.12593204
v 0.32571989 -0.10952322 -0.12593204
v 0.32617014 -0.11030303 -0.12541217
v 0.33423461 -0.10814219 -0.12541217
v 0.33840905 -0.10869184 -0.12541217
v 0.33423461 -0.10650655 -0.12666721
v 0.33874341 -0.10744371 -0.12627597
v 0.32249963 -0.11253564 -0.12564287
v 0.32283027 -0.11286627 -0.12541217
v 0.33018776 -0.10916813 -0.12524472
v 0.32641679 -0.11073042 -0.12524472
v 0.34253245 -0.10989851 -0.12564287
v 0.34229909 -0.11030303 -0.12541217
v 0.32963705 -0.10711201 -0.12666721
v 0.33883218 -0.10711201 -0.12666721
v 0.32552428 -0.10918407 -0.12627597
v 0.34274933 -0.10952322 -0.12593204
v 0.32219345 -0.11222945 -0.12593204
v 0.32317898 -0.11321498 -0.12524472
v 0.33423461 -0.10863549 -0.12524472
v 0.33828147 -0.10916813 -0.12524472
v 0.34205244 -0.11073042 -0.12524472
v 0.33423461 -0.10621684 -0.12710044
v 0.33890713 -0.10683240 -0.12710044
v 0.34294495 -0.10918407 -0.12627597
v 0.34311665 -0.10888639 -0.12666721
v 0.31986250 -0.11597278 -0.12564287
v 0.32026703 -0.11620667 -0.12541217
v 0.32069441 -0.11645332 -0.12524472
v 0.33032012 -0.10966196 -0.12514319
v 0.32667247 -0.11117268 -0.12514319
v 0.32354045 -0.11357645 -0.12514319
v 0.34596960 -0.11253564 -0.12564287
v 0.34563949 -0.11286627 -0.12541217
v 0.34529025 -0.11321498 -0.12524472
v 0.32956210 -0.10683240 -0.12710044
v 0.32535258 -0.10888639 -0.12666721
v 0.34326177 -0.10863602 -0.12710044
v 0.32191650 -0.11195250 -0.12627597
v 0.34627578 -0.11222945 -0.12593204
v 0.31948721 -0.11575643 -0.12593204
v 0.32113668 -0.11670847 -0.12514319
v 0.33423461 -0.10914633 -0.12514319
v 0.33814911 -0.10966196 -0.12514319
v 0.34179676 -0.11117268 -0.12514319
v 0.34492931 -0.11357645 -0.12514319
v 0.33423461 -0.10598667 -0.12756769
v 0.33896720 -0.10660967 -0.12756769
v 0.34337659 -0.10843615 -0.12756769
v 0.34655326 -0.11195250 -0.12627597
v 0.34700084 -0.11150492 -0.12710044
v 0.31820453 -0.11997552 -0.12564287
v 0.31865584 -0.12009618 -0.12541217
v 0.31913212 -0.12022429 -0.12524472
v 0.31962595 -0.12035612 -0.12514319
v 0.33045461 -0.11016429 -0.12510917
v 0.32693241 -0.11162293 -0.12510917
v 0.32390777 -0.11394377 -0.12510917
v 0.32158692 -0.11696841 -0.12510917
v 0.34860725 -0.11597278 -0.12564287
v 0.34820220 -0.11620667 -0.12541217
v 0.34777534 -0.11645332 -0.12524472
v 0.34733255 -0.11670847 -0.12514319
v 0.32950256 -0.10660967 -0.12756769
v 0.32520799 -0.10863602 -0.12710044
v 0.32167357 -0.11170957 -0.12666721
v 0.34716351 -0.11134172 -0.12756769
v 0.31914807 -0.11556028 -0.12627597
v 0.34898201 -0.11575643 -0.12593204
v 0.34679619 -0.11170957 -0.12666721
v 0.31778565 -0.11986335 -0.12593204
v 0.32012776 -0.12049114 -0.12510917
v 0.33423461 -0.10966621 -0.12510917
v 0.33801462 -0.11016429 -0.12510917
v 0.34153682 -0.11162293 -0.12510917
v 0.34456146 -0.11394377 -0.12510917
v 0.34688230 -0.11696841 -0.12510917
v 0.33423461 -0.10581922 -0.12806099
v 0.33901026 -0.10644807 -0.12806099
v 0.34346058 -0.10829103 -0.12806099
v 0.34728205 -0.11122372 -0.12806099
v 0.34932169 -0.11556028 -0.12627597
v 0.34986974 -0.11524399 -0.12710044
v 0.35006908 -0.11512864 -0.12756769
v 0.31763894 -0.12427062 -0.12564287
v 0.31810619 -0.12427062 -0.12541217
v 0.31859949 -0.12427062 -0.12524472
v 0.31911033 -0.12427062 -0.12514319
v 0.31963021 -0.12427062 -0.12510917
v 0.33047959 -0.12051559 -0.12510917
v 0.32892421 -0.12427062 -0.12510917
v 0.32693241 -0.13691831 -0.12510917
v 0.32390777 -0.13459746 -0.12510917
v 0.32158692 -0.13157282 -0.12510917
v 0.35026523 -0.11997552 -0.12564287
v 0.34981392 -0.12009618 -0.12541217
v 0.34933710 -0.12022429 -0.12524472
v 0.34884380 -0.12035612 -0.12514319
v 0.34834147 -0.12049114 -0.12510917
v 0.32945897 -0.10644807 -0.12806099
v 0.32509264 -0.10843615 -0.12756769
v 0.32146891 -0.11150492 -0.12710044
v 0.31885039 -0.11538858 -0.12666721
v 0.35021420 -0.11504519 -0.12806099
v 0.31740770 -0.11976182 -0.12627597
v 0.35068357 -0.11986335 -0.12593204
v 0.34961884 -0.11538858 -0.12666721
v 0.31720571 -0.12427062 -0.12593204
v 0.32012776 -0.12805062 -0.12510917
v 0.32963545 -0.12161542 -0.12510917
v 0.33157941 -0.11967146 -0.12510917
v 0.33560926 -0.11914095 -0.12510917
v 0.32910494 -0.12289650 -0.12510917
v 0.33045461 -0.13837747 -0.12510917
v 0.33883377 -0.12161542 -0.12510917
v 0.34456146 -0.13459746 -0.12510917
v 0.34688230 -0.13157282 -0.12510917
v 0.34834147 -0.12805062 -0.12510917
v 0.33423461 -0.10571769 -0.12857236
v 0.33903683 -0.10634973 -0.12857236
v 0.34351108 -0.10820332 -0.12857236
v 0.31859949 -0.11524399 -0.12710044
v 0.34735381 -0.11115142 -0.12857236
v 0.31707547 -0.11967305 -0.12666721
v 0.35030244 -0.11499416 -0.12857236
v 0.35106205 -0.11976182 -0.12627597
v 0.35139375 -0.11967305 -0.12666721
v 0.35167336 -0.11959810 -0.12710044
v 0.35189556 -0.11953856 -0.12756769
v 0.35205769 -0.11949497 -0.12806099
v 0.31778565 -0.12867841 -0.12593204
v 0.31820453 -0.12856625 -0.12564287
v 0.31865584 -0.12844505 -0.12541217
v 0.31913212 -0.12831747 -0.12524472
v 0.31962595 -0.12818511 -0.12514319
v 0.33047959 -0.12051559 -0.10386649
v 0.33285997 -0.11914095 -0.12510917
v 0.33423461 -0.11896021 -0.12510917
v 0.33688982 -0.11967146 -0.12510917
v 0.32910494 -0.12289650 -0.10386649
v 0.32910494 -0.12564526 -0.12510917
v 0.33798964 -0.12051559 -0.12510917
v 0.33936428 -0.12289650 -0.12510917
v 0.32667247 -0.13736855 -0.12514319
v 0.33032012 -0.13887981 -0.12514319
v 0.34153682 -0.13691831 -0.12510917
v 0.32354045 -0.13496531 -0.12514319
v 0.32113668 -0.13183276 -0.12514319
v 0.35083029 -0.12427062 -0.12564287
v 0.35036304 -0.12427062 -0.12541217
v 0.34986974 -0.12427062 -0.12524472
v 0.34935890 -0.12427062 -0.12514319
v 0.34883902 -0.12427062 -0.12510917
v 0.32943292 -0.10634973 -0.12857236
v 0.32500865 -0.10829103 -0.12806099
v 0.32130572 -0.11134172 -0.12756769
v 0.31840015 -0.11512864 -0.12756769
v 0.31679587 -0.11959810 -0.12710044
v 0.35215550 -0.11946893 -0.12857236
v 0.31647054 -0.12427062 -0.12666721
v 0.31681394 -0.12427062 -0.12627597
v 0.35126352 -0.12427062 -0.12593204
v 0.31740770 -0.12877941 -0.12627597
v 0.32963545 -0.12161542 -0.10386649
v 0.33157941 -0.11967146 -0.10386649
v 0.33423461 -0.11896021 -0.10386649
v 0.33560926 -0.11914095 -0.10386649
v 0.32892421 -0.12427062 -0.10386649
v 0.32963545 -0.12692635 -0.12510917
v 0.33883377 -0.12161542 -0.10386649
v 0.33936428 -0.12289650 -0.10386649
v 0.33954555 -0.12427062 -0.12510917
v 0.33423461 -0.13939490 -0.12514319
v 0.34179676 -0.13736855 -0.12514319
v 0.34492931 -0.13496531 -0.12514319
v 0.34733255 -0.13183276 -0.12514319
v 0.34884380 -0.12818511 -0.12514319
v 0.33423461 -0.10568367 -0.12909224
v 0.33904534 -0.10631678 -0.12909224
v 0.34352809 -0.10817356 -0.12909224
v 0.34737773 -0.11112750 -0.12909224
v 0.31657367 -0.11953856 -0.12756769
v 0.35033167 -0.11497715 -0.12909224
v 0.31618084 -0.12427062 -0.12710044
v 0.35218846 -0.11945989 -0.12909224
v 0.35165529 -0.12427062 -0.12627597
v 0.35199868 -0.12427062 -0.12666721
v 0.35228839 -0.12427062 -0.12710044
v 0.35251856 -0.12427062 -0.12756769
v 0.35268654 -0.12427062 -0.12806099
v 0.31948721 -0.13278534 -0.12593204
v 0.31914807 -0.13298095 -0.12627597
v 0.31986250 -0.13256899 -0.12564287
v 0.32026703 -0.13233509 -0.12541217
v 0.32069441 -0.13208845 -0.12524472
v 0.33047959 -0.12802617 -0.10386649
v 0.33157941 -0.12886978 -0.10386649
v 0.33285997 -0.11914095 -0.10386649
v 0.33688982 -0.11967146 -0.10386649
v 0.32910494 -0.12564526 -0.10386649
v 0.32963545 -0.12692635 -0.10386649
v 0.33047959 -0.12802617 -0.12510917
v 0.33798964 -0.12051559 -0.10386649
v 0.33954555 -0.12427062 -0.10386649
v 0.32641679 -0.13781135 -0.12524472
v 0.33018776 -0.13937311 -0.12524472
v 0.33423461 -0.13887502 -0.12510917
v 0.33423461 -0.13990627 -0.12524472
v 0.33936428 -0.12564526 -0.12510917
v 0.33814911 -0.13887981 -0.12514319
v 0.32317898 -0.13532678 -0.12524472
v 0.35068357 -0.12867841 -0.12593204
v 0.35026523 -0.12856625 -0.12564287
v 0.34981392 -0.12844505 -0.12541217
v 0.34933710 -0.12831747 -0.12524472
v 0.32942389 -0.10631678 -0.12909224
v 0.32495815 -0.10820332 -0.12857236
v 0.32118718 -0.11122372 -0.12806099
v 0.31825503 -0.11504519 -0.12806099
v 0.31641154 -0.11949497 -0.12806099
v 0.31595067 -0.12427062 -0.12756769
v 0.35278807 -0.12427062 -0.12857236
v 0.31707547 -0.12886871 -0.12666721
v 0.35106205 -0.12877941 -0.12627597
v 0.33285997 -0.12940029 -0.10386649
v 0.33560926 -0.12940029 -0.10386649
v 0.33423461 -0.12958155 -0.10386649
v 0.33688982 -0.12886978 -0.10386649
v 0.33883377 -0.12692635 -0.10386649
v 0.33936428 -0.12564526 -0.10386649
v 0.33828147 -0.13937311 -0.12524472
v 0.33883377 -0.12692635 -0.12510917
v 0.34205244 -0.13781135 -0.12524472
v 0.33801462 -0.13837747 -0.12510917
v 0.34529025 -0.13532678 -0.12524472
v 0.34777534 -0.13208845 -0.12524472
v 0.33423461 -0.14285809 -0.12909224
v 0.33904534 -0.14222499 -0.12909224
v 0.34352809 -0.14036768 -0.12909224
v 0.34737773 -0.13741426 -0.12909224
v 0.31578322 -0.12427062 -0.12806099
v 0.35218846 -0.12908134 -0.12909224
v 0.31679587 -0.12894367 -0.12710044
v 0.35282209 -0.12427062 -0.12909224
v 0.35139375 -0.12886871 -0.12666721
v 0.35167336 -0.12894367 -0.12710044
v 0.35189556 -0.12900320 -0.12756769
v 0.35205769 -0.12904626 -0.12806099
v 0.32219345 -0.13631232 -0.12593204
v 0.32191650 -0.13658926 -0.12627597
v 0.31885039 -0.13315318 -0.12666721
v 0.32249963 -0.13600560 -0.12564287
v 0.32283027 -0.13567549 -0.12541217
v 0.33157941 -0.12886978 -0.12510917
v 0.33798964 -0.12802617 -0.10386649
v 0.32617014 -0.13823873 -0.12541217
v 0.33006018 -0.13984993 -0.12541217
v 0.33423461 -0.14039957 -0.12541217
v 0.33840905 -0.13984993 -0.12541217
v 0.34898201 -0.13278534 -0.12593204
v 0.34932169 -0.13298095 -0.12627597
v 0.34860725 -0.13256899 -0.12564287
v 0.34820220 -0.13233509 -0.12541217
v 0.32942389 -0.14222499 -0.12909224
v 0.32494114 -0.10817356 -0.12909224
v 0.32111542 -0.11115142 -0.12857236
v 0.31816679 -0.11499416 -0.12857236
v 0.31631373 -0.11946893 -0.12857236
v 0.35033167 -0.13356462 -0.12909224
v 0.31568116 -0.12427062 -0.12857236
v 0.31657367 -0.12900320 -0.12756769
v 0.35215550 -0.12907284 -0.12857236
v 0.32167357 -0.13683219 -0.12666721
v 0.33285997 -0.12940029 -0.12510917
v 0.33423461 -0.12958155 -0.12510917
v 0.33560926 -0.12940029 -0.12510917
v 0.33688982 -0.12886978 -0.12510917
v 0.33798964 -0.12802617 -0.12510917
v 0.34229909 -0.13823873 -0.12541217
v 0.34563949 -0.13567549 -0.12541217
v 0.33423461 -0.14282407 -0.12857236
v 0.33903683 -0.14219203 -0.12857236
v 0.34351108 -0.14033844 -0.12857236
v 0.34735381 -0.13738981 -0.12857236
v 0.31641154 -0.12904626 -0.12806099
v 0.35030244 -0.13354761 -0.12857236
v 0.31859949 -0.13329777 -0.12710044
v 0.34961884 -0.13315318 -0.12666721
v 0.34986974 -0.13329777 -0.12710044
v 0.35006908 -0.13341312 -0.12756769
v 0.35021420 -0.13349658 -0.12806099
v 0.32571989 -0.13901855 -0.12593204
v 0.32552428 -0.13935769 -0.12627597
v 0.32535258 -0.13965537 -0.12666721
v 0.32593678 -0.13864326 -0.12564287
v 0.32993951 -0.14030123 -0.12564287
v 0.33423461 -0.14086682 -0.12564287
v 0.33853025 -0.14030123 -0.12564287
v 0.34627578 -0.13631232 -0.12593204
v 0.34655326 -0.13658926 -0.12627597
v 0.34596960 -0.13600560 -0.12564287
v 0.32494114 -0.14036768 -0.12909224
v 0.32943292 -0.14219203 -0.12857236
v 0.32109150 -0.11112750 -0.12909224
v 0.31813755 -0.11497715 -0.12909224
v 0.31628077 -0.11945989 -0.12909224
v 0.31631373 -0.12907284 -0.12857236
v 0.31840015 -0.13341312 -0.12756769
v 0.32146891 -0.13703685 -0.12710044
v 0.34253245 -0.13864326 -0.12564287
v 0.34679619 -0.13683219 -0.12666721
v 0.33423461 -0.14272254 -0.12806099
v 0.33901026 -0.14209369 -0.12806099
v 0.34346058 -0.14025020 -0.12806099
v 0.34728205 -0.13731805 -0.12806099
v 0.31564714 -0.12427062 -0.12909224
v 0.31825503 -0.13349658 -0.12806099
v 0.34700084 -0.13703685 -0.12710044
v 0.34716351 -0.13719951 -0.12756769
v 0.32982735 -0.14071958 -0.12593204
v 0.32972582 -0.14109806 -0.12627597
v 0.32520799 -0.13990574 -0.12710044
v 0.33423461 -0.14130005 -0.12593204
v 0.33864188 -0.14071958 -0.12593204
v 0.34274933 -0.13901855 -0.12593204
v 0.34294495 -0.13935769 -0.12627597
v 0.34311665 -0.13965537 -0.12666721
v 0.32109150 -0.13741426 -0.12909224
v 0.32495815 -0.14033844 -0.12857236
v 0.32945897 -0.14209369 -0.12806099
v 0.31813755 -0.13356462 -0.12909224
v 0.31628077 -0.12908134 -0.12909224
v 0.31816679 -0.13354761 -0.12857236
v 0.32130572 -0.13719951 -0.12756769
v 0.32963705 -0.14142976 -0.12666721
v 0.34326177 -0.13990574 -0.12710044
v 0.33423461 -0.14255510 -0.12756769
v 0.33896720 -0.14193209 -0.12756769
v 0.34337659 -0.14010561 -0.12756769
v 0.32118718 -0.13731805 -0.12806099
v 0.33423461 -0.14169182 -0.12627597
v 0.32509264 -0.14010561 -0.12756769
v 0.32956210 -0.14170937 -0.12710044
v 0.33874341 -0.14109806 -0.12627597
v 0.33883218 -0.14142976 -0.12666721
v 0.33890713 -0.14170937 -0.12710044
v 0.32111542 -0.13738981 -0.12857236
v 0.32500865 -0.14025020 -0.12806099
v 0.32950256 -0.14193209 -0.12756769
v 0.33423461 -0.14203522 -0.12666721
v 0.33423461 -0.14232439 -0.12710044
v 0.34751115 -0.15489075 -0.17120549
v 0.34220075 -0.15832896 -0.17227183
v 0.34751115 -0.15578858 -0.17309364
v 0.34220075 -0.15713133 -0.16975430
v 0.34220075 -0.15883395 -0.17501314
v 0.34751115 -0.15530113 -0.17920459
v 0.34751115 -0.15353471 -0.16961450
v 0.34220075 -0.15667152 -0.15891821
v 0.34751115 -0.15616759 -0.17515029
v 0.34751115 -0.15600121 -0.17723458
v 0.34751115 -0.15411519 -0.18092635
v 0.34220075 -0.15532292 -0.16763227
v 0.34220075 -0.16068914 -0.16168610
v 0.34220075 -0.15861229 -0.17779220
v 0.34220075 -0.15767885 -0.18041923
v 0.34220075 -0.15302759 -0.16605084
v 0.34751115 -0.15252366 -0.18228239
v 0.34220075 -0.15207449 -0.15728469
v 0.34485595 -0.15788616 -0.15654102
v 0.34220075 -0.15833002 -0.19124522
v 0.34220075 -0.15609689 -0.18271509
v 0.34751115 -0.15181295 -0.16842803
v 0.34751115 -0.15216804 -0.17535548
v 0.34485595 -0.15263210 -0.15467414
v 0.34485595 -0.16247735 -0.15970387
v 0.34220075 -0.16204359 -0.18808078
v 0.34220075 -0.15392436 -0.19334068
v 0.34220075 -0.15040057 -0.16511740
v 0.34220075 -0.15397539 -0.18452296
v 0.34751115 -0.15208512 -0.17639736
v 0.34485595 -0.14707452 -0.15423028
v 0.34485595 -0.16153009 -0.14940839
v 0.34220075 -0.16385306 -0.16539913
v 0.34485595 -0.15430602 -0.14684143
v 0.34485595 -0.15978175 -0.19348580
v 0.34751115 -0.15197880 -0.17432742
v 0.34751115 -0.14984242 -0.16772795
v 0.34220075 -0.14721113 -0.15689664
v 0.34751115 -0.15063552 -0.18318075
v 0.32095807 -0.15216804 -0.17535548
v 0.34485595 -0.14666362 -0.14623171
v 0.34485595 -0.16609416 -0.16394741
v 0.34220075 -0.16481095 -0.18406315
v 0.34485595 -0.16402529 -0.18986898
v 0.34485595 -0.15474670 -0.19588053
v 0.34220075 -0.15145786 -0.18572060
v 0.32095807 -0.15197880 -0.17432742
v 0.34751115 -0.15152962 -0.17338334
v 0.34220075 -0.14762151 -0.16489573
v 0.34751115 -0.15173481 -0.17738236
v 0.32095807 -0.15208512 -0.17639736
v 0.34220075 -0.14241317 -0.15778064
v 0.34485595 -0.14159082 -0.15524079
v 0.34485595 -0.16784304 -0.15375771
v 0.34319638 -0.15447400 -0.14605523
v 0.34220075 -0.16594851 -0.16980480
v 0.34319638 -0.14662268 -0.14542851
v 0.34485595 -0.15721319 -0.20350061
v 0.34485595 -0.14926353 -0.19689052
v 0.34220075 -0.14912639 -0.19422415
v 0.32095807 -0.15152962 -0.17338334
v 0.34751115 -0.15085187 -0.17258758
v 0.34751115 -0.14775812 -0.16756157
v 0.34220075 -0.14487966 -0.16540073
v 0.34751115 -0.14857940 -0.18355922
v 0.34751115 -0.15114211 -0.17824351
v 0.32095807 -0.15252366 -0.18228239
v 0.32095807 -0.15181295 -0.16842803
v 0.34485595 -0.13912433 -0.14762071
v 0.34485595 -0.16848890 -0.16898246
v 0.34319638 -0.16189581 -0.14869236
v 0.34319638 -0.13887662 -0.14685525
v 0.34220075 -0.16644447 -0.17946612
v 0.34485595 -0.16718867 -0.18527780
v 0.34485595 -0.16413638 -0.20020753
v 0.34485595 -0.14967391 -0.20488908
v 0.34220075 -0.14871601 -0.18622559
v 0.32095807 -0.15085187 -0.17258758
v 0.34751115 -0.14999072 -0.17199435
v 0.34751115 -0.14900572 -0.17164457
v 0.34751115 -0.15034635 -0.17892126
v 0.32095807 -0.15173481 -0.17738236
v 0.32095807 -0.15063552 -0.18318075
v 0.32095807 -0.15353471 -0.16961450
v 0.34220075 -0.13800750 -0.15987610
v 0.34220075 -0.14236214 -0.16659783
v 0.34485595 -0.13655578 -0.15763553
v 0.34485595 -0.16949888 -0.17446616
v 0.34319638 -0.16838205 -0.15316075
v 0.34147675 -0.15461327 -0.14540406
v 0.34147675 -0.14658866 -0.14476404
v 0.34220075 -0.16683252 -0.17460277
v 0.34147675 -0.13867143 -0.14622214
v 0.34319638 -0.16457387 -0.20088262
v 0.34319638 -0.15746090 -0.20426555
v 0.34220075 -0.14426357 -0.19383610
v 0.34485595 -0.14203150 -0.20427937
v 0.32095807 -0.14984242 -0.16772795
v 0.34751115 -0.14796384 -0.17156112
v 0.34751115 -0.14570200 -0.16794058
v 0.34751115 -0.14649511 -0.18339284
v 0.34751115 -0.14940227 -0.17937044
v 0.32095807 -0.15034635 -0.17892126
v 0.32095807 -0.15114211 -0.17824351
v 0.32626848 -0.15145786 -0.18572060
v 0.32095807 -0.15411519 -0.18092635
v 0.32626848 -0.15532292 -0.16763227
v 0.34485595 -0.13220114 -0.15091380
v 0.34319638 -0.13176365 -0.15023870
v 0.34485595 -0.17281589 -0.15959277
v 0.34147675 -0.16219880 -0.14809966
v 0.34319638 -0.17349099 -0.15915529
v 0.34147675 -0.13140165 -0.14968002
v 0.34485595 -0.16905555 -0.18002374
v 0.34319638 -0.17056894 -0.19577368
v 0.34319638 -0.14971484 -0.20569282
v 0.34485595 -0.14370542 -0.19644719
v 0.34220075 -0.14593696 -0.18600392
v 0.32626848 -0.15302759 -0.16605084
v 0.32095807 -0.14999072 -0.17199435
v 0.32095807 -0.14900572 -0.17164457
v 0.34751115 -0.14693525 -0.17175035
v 0.34751115 -0.14837421 -0.17955968
v 0.32095807 -0.14940227 -0.17937044
v 0.32626848 -0.15397539 -0.18452296
v 0.32626848 -0.14871601 -0.18622559
v 0.32095807 -0.15489075 -0.17120549
v 0.32626848 -0.15713133 -0.16975430
v 0.34220075 -0.13429447 -0.16304055
v 0.34220075 -0.14024063 -0.16840624
v 0.34751115 -0.14381386 -0.16883840
v 0.34485595 -0.13231224 -0.16125181
v 0.34485595 -0.16997145 -0.19523520
v 0.34147675 -0.16882804 -0.15266639
v 0.34147675 -0.17404967 -0.15879329
v 0.33970874 -0.15472225 -0.14489322
v 0.33970874 -0.14656155 -0.14424204
v 0.33970874 -0.13851090 -0.14572513
v 0.33970874 -0.13111779 -0.14924147
v 0.34147675 -0.16493587 -0.20144130
v 0.34147675 -0.17106277 -0.19621967
v 0.34147675 -0.15766609 -0.20489918
v 0.34220075 -0.13966653 -0.19220258
v 0.34319638 -0.14186352 -0.20506609
v 0.34485595 -0.13845189 -0.19458031
v 0.34220075 -0.14331046 -0.18507048
v 0.32626848 -0.15040057 -0.16511740
v 0.32095807 -0.14796384 -0.17156112
v 0.34751115 -0.14599118 -0.17219953
v 0.34751115 -0.14452510 -0.18269276
v 0.34751115 -0.14733180 -0.17947675
v 0.32095807 -0.14837421 -0.17955968
v 0.32095807 -0.14857940 -0.18355922
v 0.32626848 -0.15392436 -0.19334068
v 0.32626848 -0.14912639 -0.19422415
v 0.32095807 -0.15530113 -0.17920459
v 0.32626848 -0.15609689 -0.18271509
v 0.32626848 -0.15207449 -0.15728469
v 0.32626848 -0.15667152 -0.15891821
v 0.34220075 -0.13772577 -0.17332912
v 0.34220075 -0.13865921 -0.17070209
v 0.34751115 -0.14519595 -0.17287782
v 0.34485595 -0.12914938 -0.16584353
v 0.34319638 -0.12576859 -0.15534711
v 0.34147675 -0.12527476 -0.15490165
v 0.34485595 -0.17432077 -0.18892172
v 0.34319638 -0.17687391 -0.16626825
v 0.33970874 -0.16243642 -0.14763453
v 0.34147675 -0.17750701 -0.16606307
v 0.33970874 -0.12488724 -0.15455135
v 0.34319638 -0.17503733 -0.18928744
v 0.34147675 -0.17563003 -0.18959044
v 0.34147675 -0.14974939 -0.20635728
v 0.34485595 -0.13480797 -0.20171241
v 0.32095807 -0.14775812 -0.16756157
v 0.32095807 -0.14693525 -0.17175035
v 0.34751115 -0.14634680 -0.17912645
v 0.32095807 -0.14733180 -0.17947675
v 0.32626848 -0.14593696 -0.18600392
v 0.32626848 -0.14426357 -0.19383610
v 0.32095807 -0.15578858 -0.17309364
v 0.32626848 -0.15767885 -0.18041923
v 0.32626848 -0.15832896 -0.17227183
v 0.34220075 -0.13152657 -0.16705817
v 0.34220075 -0.13750357 -0.17610765
v 0.34751115 -0.14222286 -0.17019498
v 0.34751115 -0.14460271 -0.17373843
v 0.34485595 -0.12636607 -0.15588612
v 0.34485595 -0.17610898 -0.16651597
v 0.33970874 -0.16917781 -0.15227888
v 0.33970874 -0.17448768 -0.15850943
v 0.33970874 -0.17800403 -0.16590253
v 0.33790459 -0.15480092 -0.14452590
v 0.33790459 -0.14654242 -0.14386728
v 0.33790459 -0.13839501 -0.14536791
v 0.33790459 -0.13091367 -0.14892625
v 0.33790459 -0.12460817 -0.15429991
v 0.33970874 -0.16521973 -0.20187932
v 0.33970874 -0.17145081 -0.19656945
v 0.33970874 -0.17609516 -0.18982805
v 0.33970874 -0.15782716 -0.20539567
v 0.34220075 -0.13564891 -0.18943522
v 0.34220075 -0.14101460 -0.18348906
v 0.34147675 -0.14172478 -0.20571674
v 0.34319638 -0.13444171 -0.20242896
v 0.34485595 -0.13386017 -0.19141692
v 0.34751115 -0.14280281 -0.18150683
v 0.32626848 -0.14721113 -0.15689664
v 0.32626848 -0.14762151 -0.16489573
v 0.32095807 -0.14599118 -0.17219953
v 0.34751115 -0.14548618 -0.17853374
v 0.32095807 -0.14634680 -0.17912645
v 0.32095807 -0.14649511 -0.18339284
v 0.32361328 -0.14926353 -0.19689052
v 0.32361328 -0.14370542 -0.19644719
v 0.32095807 -0.15600121 -0.17723458
v 0.32626848 -0.15861229 -0.17779220
v 0.32361328 -0.15263210 -0.15467414
v 0.32626848 -0.15883395 -0.17501314
v 0.34220075 -0.13248447 -0.18572166
v 0.34751115 -0.14103640 -0.17191674
v 0.34751115 -0.14016993 -0.17597104
v 0.32095807 -0.14460271 -0.17373843
v 0.34751115 -0.14425241 -0.17472344
v 0.34220075 -0.12989305 -0.17165520
v 0.34485595 -0.12728250 -0.17109705
v 0.34319638 -0.12130072 -0.16183335
v 0.34147675 -0.12070802 -0.16153088
v 0.33970874 -0.12024290 -0.16129327
v 0.34485595 -0.17688773 -0.18169766
v 0.34319638 -0.17767446 -0.18186564
v 0.34319638 -0.17830065 -0.17401432
v 0.34147675 -0.17896565 -0.17398030
v 0.33790459 -0.16260705 -0.14730017
v 0.33970874 -0.17948712 -0.17395372
v 0.33790459 -0.11990854 -0.16112211
v 0.34147675 -0.17832510 -0.18200491
v 0.33970874 -0.17883594 -0.18211388
v 0.33970874 -0.14977597 -0.20687875
v 0.34220075 -0.13920619 -0.18136702
v 0.34485595 -0.12849449 -0.19736308
v 0.34751115 -0.14435872 -0.17679391
v 0.32095807 -0.14570200 -0.16794058
v 0.32095807 -0.14519595 -0.17287782
v 0.34751115 -0.14480790 -0.17773798
v 0.32095807 -0.14548618 -0.17853374
v 0.32626848 -0.15833002 -0.19124522
v 0.32361328 -0.15474670 -0.19588053
v 0.32626848 -0.14331046 -0.18507048
v 0.32626848 -0.13966653 -0.19220258
v 0.32095807 -0.15616759 -0.17515029
v 0.32361328 -0.15788616 -0.15654102
v 0.32626848 -0.16068914 -0.16168610
v 0.34220075 -0.13038901 -0.18131599
v 0.34751115 -0.14033631 -0.17388674
v 0.34751115 -0.14054894 -0.17802716
v 0.34220075 -0.13800909 -0.17884950
v 0.34751115 -0.14416948 -0.17576585
v 0.34751115 -0.14144677 -0.17991530
v 0.32095807 -0.14425241 -0.17472344
v 0.34485595 -0.12683864 -0.17665517
v 0.34485595 -0.12201675 -0.16219960
v 0.34485595 -0.17749744 -0.17405578
v 0.33790459 -0.16942925 -0.15199980
v 0.33790459 -0.17480291 -0.15830531
v 0.33790459 -0.17836125 -0.16578665
v 0.33790459 -0.17986241 -0.17393405
v 0.33607545 -0.15484823 -0.14430477
v 0.33607545 -0.14653072 -0.14364083
v 0.33607545 -0.13832538 -0.14515262
v 0.33607545 -0.13079035 -0.14873648
v 0.33607545 -0.12444019 -0.15414841
v 0.33607545 -0.11970654 -0.16101951
v 0.33790459 -0.16542385 -0.20219454
v 0.33790459 -0.17172936 -0.19682141
v 0.33790459 -0.17642952 -0.18999869
v 0.33790459 -0.17920326 -0.18219255
v 0.33790459 -0.15794251 -0.20575342
v 0.33970874 -0.14161528 -0.20622758
v 0.34147675 -0.13413925 -0.20302167
v 0.34319638 -0.12795547 -0.19796057
v 0.34485595 -0.13024389 -0.18717338
v 0.32361328 -0.14707452 -0.15423028
v 0.32626848 -0.14487966 -0.16540073
v 0.32095807 -0.14452510 -0.18269276
v 0.32361328 -0.14967391 -0.20488908
v 0.32361328 -0.14203150 -0.20427937
v 0.32361328 -0.13845189 -0.19458031
v 0.32361328 -0.15430602 -0.14684143
v 0.32095807 -0.14381386 -0.16883840
v 0.32095807 -0.14416948 -0.17576585
v 0.34220075 -0.12950501 -0.17651802
v 0.34485595 -0.12352163 -0.19152855
v 0.34319638 -0.11866306 -0.16925516
v 0.34147675 -0.11801242 -0.16911642
v 0.33970874 -0.11750158 -0.16900691
v 0.33790459 -0.11713426 -0.16892877
v 0.33607545 -0.16271018 -0.14709871
v 0.33607545 -0.11691313 -0.16888146
v 0.33790459 -0.14979511 -0.20725404
v 0.34319638 -0.12284654 -0.19196550
v 0.34485595 -0.12784863 -0.18213833
v 0.32095807 -0.14480790 -0.17773798
v 0.32095807 -0.14435872 -0.17679391
v 0.32361328 -0.14666362 -0.14623171
v 0.32626848 -0.14241317 -0.15778064
v 0.32361328 -0.15978175 -0.19348580
v 0.32361328 -0.15721319 -0.20350061
v 0.32626848 -0.14101460 -0.18348906
v 0.32626848 -0.13564891 -0.18943522
v 0.32361328 -0.16247735 -0.15970387
v 0.32361328 -0.16153009 -0.14940839
v 0.32626848 -0.16204359 -0.18808078
v 0.34485595 -0.12022908 -0.18460536
v 0.34485595 -0.11944979 -0.16942366
v 0.33607545 -0.16958128 -0.15183182
v 0.33607545 -0.17499321 -0.15818251
v 0.33607545 -0.17857654 -0.16571701
v 0.33607545 -0.18008833 -0.17392236
v 0.33423461 -0.15486364 -0.14423088
v 0.33423461 -0.14652700 -0.14356535
v 0.33423461 -0.13830199 -0.14508086
v 0.33423461 -0.13074942 -0.14867269
v 0.33423461 -0.12438384 -0.15409738
v 0.33423461 -0.11963956 -0.16098496
v 0.33423461 -0.11683924 -0.16886551
v 0.33607545 -0.16554718 -0.20238484
v 0.33607545 -0.17189733 -0.19697291
v 0.33607545 -0.17663098 -0.19010181
v 0.33607545 -0.17942439 -0.18223986
v 0.33607545 -0.15801214 -0.20596870
v 0.33790459 -0.14153714 -0.20659489
v 0.33970874 -0.13390164 -0.20348679
v 0.34147675 -0.12750948 -0.19845440
v 0.34147675 -0.12228839 -0.19232750
v 0.32361328 -0.14159082 -0.15524079
v 0.32626848 -0.14236214 -0.16659783
v 0.32527337 -0.14971484 -0.20569282
v 0.32527337 -0.14186352 -0.20506609
v 0.32361328 -0.13480797 -0.20171241
v 0.32095807 -0.14280281 -0.18150683
v 0.32626848 -0.13920619 -0.18136702
v 0.32361328 -0.13386017 -0.19141692
v 0.32626848 -0.16385306 -0.16539913
v 0.32527337 -0.16189581 -0.14869236
v 0.32527337 -0.15447400 -0.14605523
v 0.34319638 -0.11946361 -0.18485307
v 0.34485595 -0.11884008 -0.17706554
v 0.34319638 -0.11803687 -0.17710700
v 0.34147675 -0.11737188 -0.17714103
v 0.33970874 -0.11685040 -0.17716760
v 0.33790459 -0.11647511 -0.17718674
v 0.33423461 -0.16274473 -0.14703120
v 0.33607545 -0.11624920 -0.17719844
v 0.33607545 -0.14980680 -0.20747996
v 0.34147675 -0.11883051 -0.18505773
v 0.32361328 -0.13912433 -0.14762071
v 0.32626848 -0.13800750 -0.15987610
v 0.32095807 -0.14222286 -0.17019498
v 0.32361328 -0.16402529 -0.18986898
v 0.32527337 -0.15746090 -0.20426555
v 0.32527337 -0.13444171 -0.20242896
v 0.32626848 -0.13248447 -0.18572166
v 0.32626848 -0.13800909 -0.17884950
v 0.32361328 -0.16609416 -0.16394741
v 0.32527337 -0.16838205 -0.15316075
v 0.32527337 -0.14662268 -0.14542851
v 0.32626848 -0.16481095 -0.18406315
v 0.33423461 -0.16963177 -0.15177548
v 0.33423461 -0.17505647 -0.15814105
v 0.33423461 -0.17864883 -0.16569362
v 0.33423461 -0.18016381 -0.17391864
v 0.33239378 -0.15484823 -0.14430477
v 0.33239378 -0.14653072 -0.14364083
v 0.33239378 -0.13832538 -0.14515262
v 0.33239378 -0.13079035 -0.14873648
v 0.33239378 -0.12444019 -0.15414841
v 0.33239378 -0.11970654 -0.16101951
v 0.33423461 -0.11617371 -0.17720216
v 0.33423461 -0.16558811 -0.20244810
v 0.33423461 -0.17195368 -0.19702341
v 0.33423461 -0.17669849 -0.19013636
v 0.33423461 -0.17949881 -0.18225581
v 0.33423461 -0.15803553 -0.20604046
v 0.33607545 -0.14148983 -0.20681656
v 0.33790459 -0.13373047 -0.20382115
v 0.33970874 -0.12715971 -0.19884245
v 0.33970874 -0.12184984 -0.19261136
v 0.33970874 -0.11833349 -0.18521879
v 0.32361328 -0.13655578 -0.15763553
v 0.32626848 -0.14024063 -0.16840624
v 0.32361328 -0.16413638 -0.20020753
v 0.32699248 -0.14974939 -0.20635728
v 0.32699248 -0.14172478 -0.20571674
v 0.32699248 -0.13413925 -0.20302167
v 0.32361328 -0.12849449 -0.19736308
v 0.32527337 -0.12795547 -0.19796057
v 0.32095807 -0.14144677 -0.17991530
v 0.32361328 -0.13024389 -0.18717338
v 0.32626848 -0.13429447 -0.16304055
v 0.32626848 -0.13750357 -0.17610765
v 0.32626848 -0.16594851 -0.16980480
v 0.32361328 -0.16784304 -0.15375771
v 0.32699248 -0.16219880 -0.14809966
v 0.32699248 -0.16882804 -0.15266639
v 0.32699248 -0.15461327 -0.14540406
v 0.33790459 -0.11797627 -0.18533414
v 0.33239378 -0.16271018 -0.14709871
v 0.33239378 -0.11691313 -0.16888146
v 0.33607545 -0.11776099 -0.18540431
v 0.33239378 -0.11624920 -0.17719844
v 0.33423461 -0.14981052 -0.20755544
v 0.32527337 -0.13887662 -0.14685525
v 0.32361328 -0.13220114 -0.15091380
v 0.32626848 -0.13865921 -0.17070209
v 0.32361328 -0.16718867 -0.18527780
v 0.32699248 -0.15766609 -0.20489918
v 0.32527337 -0.16457387 -0.20088262
v 0.32699248 -0.12750948 -0.19845440
v 0.32626848 -0.13038901 -0.18131599
v 0.32626848 -0.13152657 -0.16705817
v 0.32095807 -0.14054894 -0.17802716
v 0.32361328 -0.16848890 -0.16898246
v 0.32527337 -0.17349099 -0.15915529
v 0.32699248 -0.17404967 -0.15879329
v 0.32699248 -0.14658866 -0.14476404
v 0.32626848 -0.16644447 -0.17946612
v 0.32095807 -0.14103640 -0.17191674
v 0.33239378 -0.16958128 -0.15183182
v 0.33239378 -0.17499321 -0.15818251
v 0.33239378 -0.17857654 -0.16571701
v 0.33056464 -0.15480092 -0.14452590
v 0.33056464 -0.14654242 -0.14386728
v 0.33056464 -0.13839501 -0.14536791
v 0.33056464 -0.13091367 -0.14892625
v 0.33056464 -0.12460817 -0.15429991
v 0.33056464 -0.11990854 -0.16112211
v 0.33423461 -0.11768869 -0.18542717
v 0.33239378 -0.11776099 -0.18540431
v 0.33239378 -0.16554718 -0.20238484
v 0.33239378 -0.17189733 -0.19697291
v 0.33239378 -0.17663098 -0.19010181
v 0.33239378 -0.17942439 -0.18223986
v 0.33239378 -0.15801214 -0.20596870
v 0.33423461 -0.14147388 -0.20689045
v 0.33607545 -0.13362735 -0.20402262
v 0.33790459 -0.12690828 -0.19912099
v 0.33790459 -0.12153462 -0.19281549
v 0.32361328 -0.13231224 -0.16125181
v 0.32626848 -0.13772577 -0.17332912
v 0.32361328 -0.16905555 -0.18002374
v 0.32876049 -0.14977597 -0.20687875
v 0.32876049 -0.14161528 -0.20622758
v 0.32361328 -0.16997145 -0.19523520
v 0.32876049 -0.13390164 -0.20348679
v 0.32876049 -0.12715971 -0.19884245
v 0.32361328 -0.12784863 -0.18213833
v 0.32527337 -0.12284654 -0.19196550
v 0.32699248 -0.12228839 -0.19232750
v 0.32095807 -0.14016993 -0.17597104
v 0.32626848 -0.16683252 -0.17460277
v 0.32361328 -0.16949888 -0.17446616
v 0.32876049 -0.16243642 -0.14763453
v 0.32876049 -0.16917781 -0.15227888
v 0.32361328 -0.17281589 -0.15959277
v 0.32876049 -0.17448768 -0.15850943
v 0.32876049 -0.15472225 -0.14489322
v 0.33056464 -0.16260705 -0.14730017
v 0.33239378 -0.18008833 -0.17392236
v 0.33056464 -0.11647511 -0.17718674
v 0.33056464 -0.11713426 -0.16892877
v 0.33607545 -0.12134485 -0.19293881
v 0.33056464 -0.11797627 -0.18533414
v 0.33239378 -0.14980680 -0.20747996
v 0.32699248 -0.13867143 -0.14622214
v 0.32527337 -0.13176365 -0.15023870
v 0.32361328 -0.12914938 -0.16584353
v 0.32876049 -0.15782716 -0.20539567
v 0.32699248 -0.16493587 -0.20144130
v 0.32527337 -0.17056894 -0.19577368
v 0.32876049 -0.12184984 -0.19261136
v 0.32361328 -0.12352163 -0.19152855
v 0.32626848 -0.12950501 -0.17651802
v 0.32626848 -0.12989305 -0.17165520
v 0.32095807 -0.14033631 -0.17388674
v 0.32527337 -0.17687391 -0.16626825
v 0.32699248 -0.17750701 -0.16606307
v 0.32876049 -0.17800403 -0.16590253
v 0.32876049 -0.14656155 -0.14424204
v 0.33056464 -0.16942925 -0.15199980
v 0.33056464 -0.17480291 -0.15830531
v 0.33056464 -0.17836125 -0.16578665
v 0.32876049 -0.13851090 -0.14572513
v 0.32876049 -0.13111779 -0.14924147
v 0.32876049 -0.12488724 -0.15455135
v 0.32876049 -0.12024290 -0.16129327
v 0.33423461 -0.12128106 -0.19297974
v 0.33239378 -0.12134485 -0.19293881
v 0.33056464 -0.12153462 -0.19281549
v 0.33056464 -0.16542385 -0.20219454
v 0.33056464 -0.17172936 -0.19682141
v 0.33056464 -0.17642952 -0.18999869
v 0.33056464 -0.17920326 -0.18219255
v 0.33056464 -0.15794251 -0.20575342
v 0.33239378 -0.14148983 -0.20681656
v 0.33423461 -0.13359333 -0.20409013
v 0.33607545 -0.12675678 -0.19928950
v 0.32361328 -0.12636607 -0.15588612
v 0.33056464 -0.14979511 -0.20725404
v 0.33056464 -0.14153714 -0.20659489
v 0.33056464 -0.13373047 -0.20382115
v 0.32527337 -0.17503733 -0.18928744
v 0.33056464 -0.12690828 -0.19912099
v 0.32361328 -0.12683864 -0.17665517
v 0.32527337 -0.11946361 -0.18485307
v 0.32699248 -0.11883051 -0.18505773
v 0.32876049 -0.11833349 -0.18521879
v 0.32361328 -0.17610898 -0.16651597
v 0.33056464 -0.17986241 -0.17393405
v 0.32876049 -0.11685040 -0.17716760
v 0.32876049 -0.11750158 -0.16900691
v 0.32699248 -0.13140165 -0.14968002
v 0.32527337 -0.12576859 -0.15534711
v 0.32361328 -0.12728250 -0.17109705
v 0.32876049 -0.16521973 -0.20187932
v 0.32699248 -0.17106277 -0.19621967
v 0.32361328 -0.17432077 -0.18892172
v 0.32699248 -0.17563003 -0.18959044
v 0.32361328 -0.12022908 -0.18460536
v 0.32527337 -0.17830065 -0.17401432
v 0.32699248 -0.17896565 -0.17398030
v 0.32876049 -0.17948712 -0.17395372
v 0.32699248 -0.12527476 -0.15490165
v 0.32699248 -0.12070802 -0.16153088
v 0.33423461 -0.12670575 -0.19934532
v 0.33239378 -0.12675678 -0.19928950
v 0.32876049 -0.17145081 -0.19656945
v 0.32876049 -0.17609516 -0.18982805
v 0.32876049 -0.17883594 -0.18211388
v 0.33239378 -0.13362735 -0.20402262
v 0.32527337 -0.12130072 -0.16183335
v 0.32527337 -0.17767446 -0.18186564
v 0.32699248 -0.17832510 -0.18200491
v 0.32361328 -0.12201675 -0.16219960
v 0.32527337 -0.11803687 -0.17710700
v 0.32699248 -0.11737188 -0.17714103
v 0.32361328 -0.17688773 -0.18169766
v 0.32361328 -0.17749744 -0.17405578
v 0.32699248 -0.11801242 -0.16911642
v 0.32361328 -0.11944979 -0.16942366
v 0.32361328 -0.11884008 -0.17706554
v 0.32527337 -0.11866306 -0.16925516
v -0.31724611 -0.14758377 -0.18451765
v -0.31947127 -0.14964573 -0.18424655
v -0.31953984 -0.14758377 -0.18451765
v -0.31724611 -0.14964573 -0.18424655
v -0.31990131 -0.13675246 -0.13672189
v -0.31724611 -0.14552180 -0.18424655
v -0.31724611 -0.14894087 -0.18029644
v -0.31940695 -0.15156683 -0.18345078
v -0.31944044 -0.15057014 -0.13672189
v -0.31960894 -0.14552180 -0.18424655
v -0.31724611 -0.14688688 -0.18047345
v -0.31724611 -0.14986421 -0.17981749
v -0.31724611 -0.14792557 -0.18052023
v -0.31724611 -0.15156683 -0.18345078
v -0.32441170 -0.10732145 -0.13672189
v -0.31967273 -0.14360070 -0.18345078
v -0.31814181 -0.14360070 -0.18345078
v -0.31724611 -0.14589549 -0.18015929
v -0.31724611 -0.15063127 -0.17911582
v -0.31691441 -0.14894087 -0.18029644
v -0.31691441 -0.14792557 -0.18052023
v -0.31724611 -0.15150517 -0.17724840
v -0.31935219 -0.15321630 -0.18218458
v -0.32894547 -0.10561032 -0.13672189
v -0.32047487 -0.11014781 -0.13672189
v -0.31972802 -0.14195070 -0.18218458
v -0.31724611 -0.14360070 -0.18345078
v -0.31691441 -0.14688688 -0.18047345
v -0.31724611 -0.14501946 -0.17959955
v -0.31691441 -0.14589549 -0.18015929
v -0.31724611 -0.15119155 -0.17823978
v -0.31691441 -0.14986421 -0.17981749
v -0.31724611 -0.15155195 -0.17620971
v -0.31814181 -0.15321630 -0.18218458
v -0.31930967 -0.15448251 -0.18053458
v -0.33376842 -0.10513084 -0.13672189
v -0.32894547 -0.10561032 -0.14156079
v -0.32441170 -0.10732145 -0.14219336
v -0.31740398 -0.11389699 -0.13672189
v -0.31977054 -0.14068503 -0.18053458
v -0.31814181 -0.14195070 -0.18218458
v -0.31724611 -0.14195070 -0.18218458
v -0.31691441 -0.14501946 -0.17959955
v -0.31691441 -0.15119155 -0.17823978
v -0.31724611 -0.15152112 -0.17689384
v -0.31724611 -0.15321630 -0.18218458
v -0.31691441 -0.15150517 -0.17724840
v -0.31928309 -0.15527827 -0.17861348
v -0.31724611 -0.15448251 -0.18053458
v -0.33855045 -0.10591544 -0.13672189
v -0.33376842 -0.10513084 -0.14138325
v -0.32883225 -0.10565284 -0.14157674
v -0.32408637 -0.10755481 -0.14228001
v -0.31681394 -0.13245204 -0.13672189
v -0.31740398 -0.11389699 -0.14558851
v -0.31990131 -0.13675246 -0.17458470
v -0.31814181 -0.12157874 -0.17835141
v -0.31724611 -0.13772151 -0.13406669
v -0.31724611 -0.14431779 -0.17883196
v -0.31691441 -0.15063127 -0.17911582
v -0.31691441 -0.15152112 -0.17689384
v -0.31691441 -0.15155195 -0.17620971
v -0.31724611 -0.15023897 -0.13406669
v -0.31814181 -0.15448251 -0.18053458
v -0.31928309 -0.15527827 -0.17449008
v -0.31814181 -0.15527827 -0.17861348
v -0.34296675 -0.10791149 -0.13672189
v -0.32833523 -0.10300242 -0.14059652
v -0.32149549 -0.10941531 -0.14308693
v -0.32218282 -0.10565284 -0.14157674
v -0.31540793 -0.11831329 -0.13672189
v -0.31681394 -0.13245204 -0.16807826
v -0.31814765 -0.11298907 -0.14500112
v -0.31704464 -0.11469169 -0.14610254
v -0.31814181 -0.14068503 -0.18053458
v -0.31724611 -0.14068503 -0.18053458
v -0.31466958 -0.14195070 -0.18218458
v -0.31814181 -0.14452563 -0.18383352
v -0.31724611 -0.14361558 -0.17689384
v -0.31724611 -0.14383937 -0.17790915
v -0.31691441 -0.14431779 -0.17883196
v -0.31691441 -0.15132816 -0.17519441
v -0.31724611 -0.15132816 -0.17519441
v -0.31466958 -0.15448251 -0.18053458
v -0.31814181 -0.16486039 -0.16818351
v -0.31927405 -0.15554990 -0.17655204
v -0.31724611 -0.15527827 -0.17861348
v -0.34599192 -0.15057014 -0.13672189
v -0.33855045 -0.10591544 -0.14167348
v -0.33695148 -0.10565284 -0.14157674
v -0.33385348 -0.10245384 -0.14039346
v -0.32047487 -0.11014781 -0.14345372
v -0.31953346 -0.10755481 -0.14228001
v -0.31540793 -0.11831329 -0.14895177
v -0.31510281 -0.12791826 -0.13672189
v -0.31958981 -0.11122850 -0.14399486
v -0.31490028 -0.11298907 -0.14500112
v -0.31630363 -0.11633159 -0.14729592
v -0.31445323 -0.13371718 -0.16999191
v -0.31724611 -0.13760669 -0.17587748
v -0.31814181 -0.13988926 -0.17861348
v -0.31724611 -0.14366236 -0.17585515
v -0.31724611 -0.15527827 -0.17449008
v -0.31724611 -0.15084921 -0.17427160
v -0.31466958 -0.15321630 -0.18218458
v -0.31814181 -0.17162092 -0.16659517
v -0.31814181 -0.16302593 -0.16861461
v -0.31814181 -0.15554990 -0.17655204
v -0.31814181 -0.15527827 -0.17449008
v -0.31466958 -0.15527827 -0.17861348
v -0.31724611 -0.15554990 -0.17655204
v -0.34645492 -0.13652335 -0.13672189
v -0.34217789 -0.10755481 -0.14228001
v -0.32314709 -0.10496074 -0.14132052
v -0.32833523 -0.10300242 -0.13406669
v -0.31764266 -0.10941531 -0.14308693
v -0.31864255 -0.10819482 -0.13406669
v -0.31559345 -0.11790292 -0.14857754
v -0.31522932 -0.11940142 -0.14994421
v -0.31462333 -0.12309584 -0.13672189
v -0.31510281 -0.12791826 -0.16121832
v -0.31615745 -0.11122850 -0.14399486
v -0.31413110 -0.11469169 -0.14610254
v -0.31249492 -0.12852851 -0.16214219
v -0.31466958 -0.14068503 -0.18053458
v -0.31814181 -0.13961763 -0.17655204
v -0.31724611 -0.14397599 -0.17486377
v -0.31691441 -0.14361558 -0.17689384
v -0.31691441 -0.14383937 -0.17790915
v -0.31724611 -0.13760669 -0.13406669
v -0.31691441 -0.15084921 -0.17427160
v -0.31724611 -0.15014807 -0.17350401
v -0.31691653 -0.15321630 -0.18218458
v -0.31466958 -0.15321630 -0.17091898
v -0.31466958 -0.17162092 -0.16659517
v -0.31466958 -0.16486039 -0.16818351
v -0.34911012 -0.15023897 -0.13406669
v -0.31466958 -0.15554990 -0.17655204
v -0.34671592 -0.11098238 -0.13672189
v -0.34603338 -0.14930181 -0.16851202
v -0.34296675 -0.10791149 -0.14243470
v -0.34439986 -0.10565284 -0.14157674
v -0.33932548 -0.10335167 -0.14072569
v -0.32314709 -0.10496074 -0.13406669
v -0.33385348 -0.10245384 -0.13406669
v -0.31864255 -0.10819482 -0.14255749
v -0.31278462 -0.11790292 -0.14857754
v -0.31499649 -0.12082231 -0.15139062
v -0.31462333 -0.12309584 -0.15410004
v -0.31477058 -0.12457999 -0.15616732
v -0.31512832 -0.11248514 -0.14471248
v -0.31339008 -0.11633159 -0.14729592
v -0.31512832 -0.11248514 -0.13406669
v -0.31445323 -0.13371718 -0.13406669
v -0.31814181 -0.12951245 -0.17648772
v -0.31466958 -0.13988926 -0.17861348
v -0.31724611 -0.14453573 -0.17398774
v -0.31691441 -0.14366236 -0.17585515
v -0.31763841 -0.13826744 -0.13406669
v -0.31466958 -0.15527827 -0.17449008
v -0.31691441 -0.15014807 -0.17350401
v -0.31691653 -0.15448251 -0.18053458
v -0.31466958 -0.15156683 -0.18345078
v -0.31466958 -0.15448251 -0.17256898
v -0.31466958 -0.15287556 -0.17699697
v -0.31278516 -0.17345537 -0.16616460
v -0.32002623 -0.16302593 -0.16861461
v -0.31814181 -0.15321630 -0.17091898
v -0.34584202 -0.15511614 -0.17318985
v -0.33803642 -0.14443473 -0.13406669
v -0.31691653 -0.15527827 -0.17861348
v -0.34895225 -0.13347425 -0.13672189
v -0.34596641 -0.15133932 -0.16920094
v -0.34610408 -0.14716436 -0.16837700
v -0.34672177 -0.10755481 -0.14228001
v -0.34437913 -0.10563583 -0.14157036
v -0.33932548 -0.10335167 -0.13406669
v -0.33385348 -0.10245384 -0.13337193
v -0.32833523 -0.10300242 -0.13337193
v -0.31477642 -0.12216187 -0.15291304
v -0.31230515 -0.12082231 -0.15139062
v -0.31253851 -0.11940142 -0.14994421
v -0.31465469 -0.12341585 -0.15450669
v -0.31210209 -0.12457999 -0.15616732
v -0.31249492 -0.12852851 -0.13406669
v -0.31691653 -0.14068503 -0.18053458
v -0.31466958 -0.14068503 -0.17256898
v -0.31814181 -0.12767799 -0.17691883
v -0.31814181 -0.13988926 -0.17449008
v -0.31466958 -0.13961763 -0.17655204
v -0.31691653 -0.13988926 -0.17861348
v -0.31466958 -0.14009126 -0.17400262
v -0.31724611 -0.14530332 -0.17328607
v -0.31691441 -0.14397599 -0.17486377
v -0.31768731 -0.13822172 -0.13406669
v -0.31814181 -0.15448251 -0.17256898
v -0.31724611 -0.14927151 -0.17294427
v -0.31691653 -0.15321630 -0.17091898
v -0.31691653 -0.15156683 -0.18345078
v -0.31691653 -0.15448251 -0.17256898
v -0.31466958 -0.15156683 -0.16965330
v -0.32002623 -0.17345537 -0.16616460
v -0.34640655 -0.15522671 -0.17407758
v -0.34586009 -0.15455640 -0.17203475
v -0.34324104 -0.14247004 -0.13406669
v -0.33250063 -0.14498491 -0.13406669
v -0.31691653 -0.15554990 -0.17655204
v -0.34954229 -0.11491920 -0.13672189
v -0.34645492 -0.13652335 -0.17423811
v -0.34480279 -0.10941531 -0.14308693
v -0.34590740 -0.15313391 -0.17040123
v -0.34597651 -0.15103314 -0.17456024
v -0.34605624 -0.14861448 -0.17270453
v -0.34617319 -0.14507315 -0.16879694
v -0.34866892 -0.10915005 -0.13406669
v -0.34437913 -0.10563583 -0.13406669
v -0.32314709 -0.10496074 -0.13337193
v -0.33932548 -0.10335167 -0.13337193
v -0.31284469 -0.11753826 -0.14828039
v -0.31208561 -0.12216187 -0.15291304
v -0.31284469 -0.11753826 -0.13406669
v -0.31194633 -0.12301026 -0.15399160
v -0.31198673 -0.12341585 -0.15450669
v -0.31194633 -0.12301026 -0.13406669
v -0.31724611 -0.13760669 -0.13337193
v -0.31445323 -0.13371718 -0.13337193
v -0.31691653 -0.14195070 -0.18218458
v -0.31466958 -0.14195070 -0.17091898
v -0.31466958 -0.12767799 -0.17691883
v -0.31814181 -0.11908301 -0.17893774
v -0.31466958 -0.12951245 -0.17648772
v -0.31814181 -0.14009126 -0.17400262
v -0.31691653 -0.13961763 -0.17655204
v -0.31466958 -0.13988926 -0.17449008
v -0.31724611 -0.14622613 -0.17280712
v -0.31691441 -0.14530332 -0.17328607
v -0.31691441 -0.14453573 -0.17398774
v -0.32194201 -0.14179282 -0.13406669
v -0.31768731 -0.13822172 -0.13337193
v -0.31691441 -0.14927151 -0.17294427
v -0.31724611 -0.14828066 -0.17263011
v -0.31691653 -0.15287556 -0.17699697
v -0.31466958 -0.14964573 -0.18424655
v -0.31466958 -0.14984401 -0.18135745
v -0.31691653 -0.15527827 -0.17449008
v -0.31466958 -0.15061532 -0.17219156
v -0.31691653 -0.15156683 -0.16965330
v -0.31466958 -0.16302593 -0.16861461
v -0.31814181 -0.15156683 -0.16965330
v -0.34645492 -0.15527827 -0.17449008
v -0.34583670 -0.15527827 -0.17449008
v -0.34586275 -0.15448251 -0.18053458
v -0.34775993 -0.13922533 -0.13406669
v -0.33802897 -0.14440231 -0.13354681
v -0.34320967 -0.14241051 -0.13406669
v -0.32701108 -0.14408390 -0.13406669
v -0.33250169 -0.14495195 -0.13354681
v -0.33802100 -0.14436882 -0.13406669
v -0.35094830 -0.12905795 -0.13672189
v -0.34937910 -0.11469169 -0.14610254
v -0.34895225 -0.13347425 -0.16962460
v -0.34635552 -0.13953524 -0.17696508
v -0.34671592 -0.11098238 -0.14387153
v -0.34595843 -0.15158331 -0.17634686
v -0.34596481 -0.15139354 -0.17531827
v -0.34597970 -0.15094490 -0.17437419
v -0.34603019 -0.14940546 -0.17298573
v -0.34606262 -0.14842046 -0.17263542
v -0.34612428 -0.14655305 -0.17270453
v -0.34623591 -0.14316906 -0.16973729
v -0.34866892 -0.10915005 -0.14297158
v -0.34437913 -0.10563583 -0.13337193
v -0.31864255 -0.10819482 -0.13337193
v -0.32835011 -0.10306674 -0.13303597
v -0.33250275 -0.14491740 -0.13337193
v -0.32832725 -0.10296894 -0.13354681
v -0.33385454 -0.10241929 -0.13354681
v -0.33802100 -0.14436882 -0.13337193
v -0.33385135 -0.10251976 -0.13303597
v -0.32703075 -0.14401958 -0.13337193
v -0.32313061 -0.10493044 -0.13354681
v -0.31512832 -0.11248514 -0.13337193
v -0.31284469 -0.11753826 -0.13337193
v -0.31194633 -0.12301026 -0.13337193
v -0.31249492 -0.12852851 -0.13337193
v -0.31691653 -0.14360070 -0.18345078
v -0.31691653 -0.14068503 -0.17256898
v -0.31691653 -0.13988926 -0.17449008
v -0.31466958 -0.14229197 -0.17610659
v -0.31691653 -0.14195070 -0.17091898
v -0.31814181 -0.14195070 -0.17091898
v -0.31814181 -0.14068503 -0.17256898
v -0.31466958 -0.12157874 -0.17835141
v -0.31814181 -0.12091746 -0.17850663
v -0.32002623 -0.11908301 -0.17893774
v -0.31724611 -0.14724197 -0.17258333
v -0.31691441 -0.14622613 -0.17280712
v -0.32197763 -0.14173541 -0.13406669
v -0.31766233 -0.13824511 -0.13354681
v -0.32197763 -0.14173541 -0.13337193
v -0.31691653 -0.14984401 -0.18135745
v -0.31691653 -0.14964573 -0.18424655
v -0.31466958 -0.14964573 -0.16885701
v -0.31691653 -0.14964573 -0.16885701
v -0.31278516 -0.16302593 -0.16861461
v -0.34911012 -0.15527827 -0.17449008
v -0.34911012 -0.13757746 -0.13406669
v -0.34322562 -0.14244134 -0.13354681
v -0.34771421 -0.13917642 -0.13406669
v -0.32703075 -0.14401958 -0.13406669
v -0.32702065 -0.14405253 -0.13354681
v -0.33250275 -0.14491740 -0.13406669
v -0.35125395 -0.11945298 -0.13672189
v -0.34954229 -0.11491920 -0.14626786
v -0.34815701 -0.11298907 -0.14500112
v -0.35122790 -0.13488664 -0.17176152
v -0.34634329 -0.13991053 -0.17903608
v -0.34635020 -0.13970002 -0.17486696
v -0.34689240 -0.11122850 -0.14399486
v -0.34885975 -0.10941531 -0.14308693
v -0.34596322 -0.15143075 -0.17552079
v -0.34595896 -0.15156683 -0.18345078
v -0.34599724 -0.15040003 -0.17373524
v -0.34602435 -0.14957503 -0.17310267
v -0.34609026 -0.14758377 -0.17256898
v -0.34609717 -0.14737858 -0.17255250
v -0.34613066 -0.14635052 -0.17274174
v -0.34618329 -0.14476750 -0.17373524
v -0.34628854 -0.14157541 -0.17113001
v -0.34866892 -0.10915005 -0.13337193
v -0.32317792 -0.10501921 -0.13303597
v -0.31861863 -0.10816984 -0.13354681
v -0.33933558 -0.10331871 -0.13354681
v -0.34320967 -0.14241051 -0.13337193
v -0.34434405 -0.10569218 -0.13303597
v -0.33930634 -0.10341546 -0.13303597
v -0.31729926 -0.13756842 -0.13303597
v -0.31442293 -0.13373313 -0.13354681
v -0.31246143 -0.12853648 -0.13354681
v -0.31451170 -0.13368582 -0.13303597
v -0.31466958 -0.14360070 -0.18345078
v -0.31691653 -0.14229197 -0.17610659
v -0.31466958 -0.14360070 -0.16965330
v -0.31278516 -0.12951245 -0.17648772
v -0.31466958 -0.12091746 -0.17850663
v -0.32002623 -0.12951245 -0.17648772
v -0.31691441 -0.14724197 -0.17258333
v -0.31691441 -0.14507368 -0.17349604
v -0.32195902 -0.14176465 -0.13354681
v -0.31773568 -0.13817601 -0.13303597
v -0.31691441 -0.14828066 -0.17263011
v -0.31691653 -0.15061532 -0.17219156
v -0.31293346 -0.15287556 -0.17699697
v -0.31466958 -0.14758377 -0.18451765
v -0.31466958 -0.14455221 -0.18091200
v -0.31466958 -0.14854272 -0.17201720
v -0.31814181 -0.14964573 -0.16885701
v -0.34911012 -0.15527827 -0.17861348
v -0.34911012 -0.15554990 -0.17655204
v -0.34582767 -0.15554990 -0.17655204
v -0.34583670 -0.15527827 -0.17861348
v -0.34590474 -0.15321630 -0.18218458
v -0.34911012 -0.13747167 -0.13406669
v -0.34773760 -0.13920141 -0.13354681
v -0.34911012 -0.14530545 -0.17174929
v -0.34771421 -0.13917642 -0.13337193
v -0.35173343 -0.12427593 -0.13672189
v -0.35123428 -0.11940142 -0.14994421
v -0.35094830 -0.12905795 -0.16294274
v -0.35007546 -0.11633159 -0.14729592
v -0.35229477 -0.11469169 -0.14610254
v -0.35142565 -0.11298907 -0.14500112
v -0.34911012 -0.13747167 -0.17567336
v -0.35351207 -0.12983299 -0.16411539
v -0.34632628 -0.14043147 -0.18015079
v -0.34632734 -0.14039426 -0.17287888
v -0.34595896 -0.15156683 -0.17655204
v -0.34600202 -0.15026661 -0.17357896
v -0.34615565 -0.14559197 -0.17310267
v -0.34616202 -0.14540645 -0.17319091
v -0.34618807 -0.14461068 -0.17386920
v -0.34627578 -0.14195070 -0.18218458
v -0.35016157 -0.11122850 -0.14399486
v -0.35190300 -0.11365459 -0.13406669
v -0.34862054 -0.10919524 -0.13303597
v -0.34439721 -0.10560660 -0.13354681
v -0.31868773 -0.10824319 -0.13303597
v -0.31509909 -0.11246653 -0.13354681
v -0.33384603 -0.10268667 -0.13254320
v -0.33800612 -0.14430450 -0.13303597
v -0.32704989 -0.14395632 -0.13303597
v -0.32831981 -0.10293704 -0.13406669
v -0.32311519 -0.10490120 -0.13406669
v -0.33385560 -0.10238633 -0.13406669
v -0.34317831 -0.14235257 -0.13303597
v -0.33925797 -0.10357493 -0.13254320
v -0.32838839 -0.10322941 -0.13254320
v -0.32201218 -0.14167907 -0.13303597
v -0.31859630 -0.10814591 -0.13406669
v -0.31518467 -0.11251969 -0.13303597
v -0.31281120 -0.11752816 -0.13354681
v -0.31191178 -0.12300920 -0.13354681
v -0.31290795 -0.11755740 -0.13303597
v -0.31721846 -0.13762689 -0.13354681
v -0.31255924 -0.12851362 -0.13303597
v -0.31691653 -0.14552180 -0.18424655
v -0.31691653 -0.14455221 -0.18091200
v -0.31466958 -0.14452563 -0.18383352
v -0.31466958 -0.14446982 -0.17297403
v -0.31691653 -0.14360070 -0.16965330
v -0.31814181 -0.14360070 -0.16965330
v -0.31466958 -0.11908301 -0.17893774
v -0.31293346 -0.15061532 -0.17219156
v -0.31691653 -0.14532299 -0.17174610
v -0.31691653 -0.14758377 -0.18451765
v -0.31293346 -0.14455221 -0.18091200
v -0.31466958 -0.14758377 -0.16858591
v -0.31691653 -0.14758377 -0.16858591
v -0.31814181 -0.14758377 -0.16858591
v -0.34911012 -0.15448251 -0.18053458
v -0.34645492 -0.15554990 -0.17655204
v -0.34645492 -0.15448251 -0.18053458
v -0.34645492 -0.15321630 -0.18218458
v -0.34913670 -0.13749347 -0.13354681
v -0.34911012 -0.15060309 -0.17212139
v -0.34911012 -0.14233449 -0.17615124
v -0.34911012 -0.13747167 -0.13337193
v -0.35168346 -0.12457999 -0.15616732
v -0.35164785 -0.12341585 -0.15450669
v -0.35125395 -0.11945298 -0.14999684
v -0.35066869 -0.11790292 -0.14857754
v -0.35190300 -0.11365459 -0.14543117
v -0.35122790 -0.13488664 -0.13406669
v -0.35351207 -0.12983299 -0.13406669
v -0.34596109 -0.15149986 -0.17738874
v -0.34620402 -0.14413440 -0.17456024
v -0.34622209 -0.14358422 -0.17675723
v -0.34631777 -0.14068503 -0.18053458
v -0.35190300 -0.11365459 -0.13337193
v -0.34869390 -0.10912613 -0.13354681
v -0.32325712 -0.10516592 -0.13254320
v -0.31507091 -0.11244952 -0.13406669
v -0.33934515 -0.10328735 -0.13406669
v -0.34766850 -0.13912805 -0.13303597
v -0.34425581 -0.10583358 -0.13254320
v -0.34849881 -0.10930953 -0.13254320
v -0.33250488 -0.14485149 -0.13303597
v -0.31201225 -0.12301239 -0.13303597
v -0.31743375 -0.13747221 -0.13254320
v -0.31439369 -0.13374854 -0.13406669
v -0.31242953 -0.12854392 -0.13406669
v -0.31187882 -0.12300813 -0.13406669
v -0.31465841 -0.13360715 -0.13254320
v -0.31466958 -0.14552180 -0.18424655
v -0.31466958 -0.14532299 -0.17174610
v -0.31466958 -0.14552180 -0.16885701
v -0.31785741 -0.13806225 -0.13254320
v -0.31293346 -0.14984401 -0.18135745
v -0.34911012 -0.15292979 -0.17689544
v -0.34645492 -0.15527827 -0.17861348
v -0.34911012 -0.14068503 -0.18053458
v -0.34916168 -0.13751420 -0.13406669
v -0.35309319 -0.14530545 -0.17174929
v -0.34911012 -0.14195070 -0.18218458
v -0.35122790 -0.13488664 -0.13337193
v -0.35173343 -0.12427593 -0.15573356
v -0.35152293 -0.12216187 -0.15291304
v -0.35139003 -0.12082231 -0.15139062
v -0.35350675 -0.11790292 -0.14857754
v -0.35437428 -0.12457999 -0.15616732
v -0.35291352 -0.11633159 -0.14729592
v -0.34645492 -0.14068503 -0.18053458
v -0.35441043 -0.12436098 -0.13406669
v -0.34645492 -0.15156683 -0.18345078
v -0.34602222 -0.14964573 -0.18424655
v -0.34620774 -0.14401745 -0.17472982
v -0.34622156 -0.14360070 -0.18345078
v -0.34622156 -0.14360070 -0.17655204
v -0.35386131 -0.11884274 -0.13406669
v -0.35193383 -0.11363812 -0.13354681
v -0.35184506 -0.11368543 -0.13303597
v -0.34441422 -0.10557842 -0.13406669
v -0.31880202 -0.10836492 -0.13254320
v -0.31277984 -0.11751859 -0.13406669
v -0.33383859 -0.10291684 -0.13207595
v -0.33919152 -0.10379553 -0.13207595
v -0.33251019 -0.14468457 -0.13254320
v -0.33796837 -0.14414184 -0.13254320
v -0.32709826 -0.14379632 -0.13254320
v -0.32210042 -0.14153767 -0.13254320
v -0.34309964 -0.14220532 -0.13254320
v -0.34413461 -0.10602919 -0.13207595
v -0.32844048 -0.10345320 -0.13207595
v -0.31532607 -0.11260793 -0.13254320
v -0.31306742 -0.11760577 -0.13254320
v -0.31719189 -0.13764603 -0.13406669
v -0.31272190 -0.12847535 -0.13254320
v -0.31691653 -0.14552180 -0.16885701
v -0.31814181 -0.14552180 -0.16885701
v -0.31278516 -0.11908301 -0.17893774
v -0.31293346 -0.14229197 -0.17610659
v -0.31293346 -0.14532299 -0.17174610
v -0.34911012 -0.15321630 -0.18218458
v -0.35128531 -0.13492172 -0.13406669
v -0.35309319 -0.15292979 -0.17689544
v -0.35309319 -0.15060309 -0.17212139
v -0.34911012 -0.14360070 -0.18345078
v -0.35309319 -0.14233449 -0.17615124
v -0.34905962 -0.13743021 -0.13303597
v -0.35125714 -0.13490471 -0.13354681
v -0.35441043 -0.12436098 -0.15585476
v -0.35431634 -0.12341585 -0.15450669
v -0.35419142 -0.12216187 -0.15291304
v -0.35391713 -0.11940142 -0.14994421
v -0.35386131 -0.11884274 -0.14943443
v -0.35351207 -0.12983299 -0.13337193
v -0.34596322 -0.15143075 -0.17758276
v -0.34621731 -0.14373625 -0.17552079
v -0.34621731 -0.14373625 -0.17758276
v -0.34621943 -0.14366768 -0.17571482
v -0.35386131 -0.11884274 -0.13337193
v -0.35389533 -0.11883476 -0.13354681
v -0.34871782 -0.10910381 -0.13406669
v -0.35196254 -0.11362270 -0.13406669
v -0.32336556 -0.10536898 -0.13207595
v -0.34833137 -0.10946687 -0.13207595
v -0.35169781 -0.11376463 -0.13254320
v -0.34755474 -0.13900632 -0.13254320
v -0.31217916 -0.12301770 -0.13254320
v -0.31761927 -0.13733878 -0.13207595
v -0.31486148 -0.13349817 -0.13207595
v -0.31802539 -0.13790437 -0.13207595
v -0.34911012 -0.15156683 -0.18345078
v -0.34645492 -0.14195070 -0.18218458
v -0.35309319 -0.14995883 -0.18129739
v -0.34911012 -0.14466118 -0.18092529
v -0.34645492 -0.14360070 -0.18345078
v -0.35309319 -0.14466118 -0.18092529
v -0.35117156 -0.13485156 -0.13303597
v -0.35354503 -0.12984309 -0.13354681
v -0.35405853 -0.12082231 -0.15139062
v -0.35441043 -0.12436098 -0.13337193
v -0.34645492 -0.14964573 -0.18424655
v -0.34597278 -0.15115008 -0.17837374
v -0.34621571 -0.14377346 -0.17778529
v -0.35392723 -0.11882732 -0.13406669
v -0.35379699 -0.11885762 -0.13303597
v -0.31895936 -0.10853290 -0.13207595
v -0.33382956 -0.10320602 -0.13164272
v -0.33910753 -0.10407248 -0.13164272
v -0.34398205 -0.10627531 -0.13164272
v -0.33251764 -0.14445493 -0.13207595
v -0.32716471 -0.14357625 -0.13207595
v -0.33791575 -0.14391805 -0.13207595
v -0.32222162 -0.14134205 -0.13207595
v -0.34299067 -0.14200226 -0.13207595
v -0.34811980 -0.10966462 -0.13164272
v -0.32850693 -0.10373546 -0.13164272
v -0.31552169 -0.11272913 -0.13207595
v -0.31328802 -0.11767221 -0.13207595
v -0.31294569 -0.12842326 -0.13207595
v -0.34911012 -0.14995883 -0.18129739
v -0.35357639 -0.12985265 -0.13406669
v -0.34911012 -0.14552180 -0.18424655
v -0.34893151 -0.13732549 -0.13254320
v -0.35444445 -0.12436205 -0.13354681
v -0.35344881 -0.12981385 -0.13303597
v -0.34609026 -0.14758377 -0.18451765
v -0.34597651 -0.15103314 -0.17854331
v -0.34620402 -0.14413440 -0.17854331
v -0.35434398 -0.12435886 -0.13303597
v -0.32350218 -0.10562414 -0.13164272
v -0.35149475 -0.11387307 -0.13207595
v -0.35363433 -0.11889589 -0.13254320
v -0.34739687 -0.13883835 -0.13207595
v -0.31240933 -0.12302514 -0.13207595
v -0.31785210 -0.13717187 -0.13164272
v -0.31511663 -0.13336156 -0.13164272
v -0.31823643 -0.13770663 -0.13164272
v -0.34911012 -0.14964573 -0.18424655
v -0.34911012 -0.14758377 -0.18451765
v -0.34645492 -0.14552180 -0.18424655
v -0.35103016 -0.13476331 -0.13254320
v -0.35447740 -0.12436311 -0.13406669
v -0.34645492 -0.14758377 -0.18451765
v -0.34602435 -0.14957503 -0.18000141
v -0.34599245 -0.15055685 -0.17923489
v -0.34620083 -0.14422264 -0.17872936
v -0.35417707 -0.12435354 -0.13254320
v -0.31915764 -0.10874393 -0.13164272
v -0.33381839 -0.10354994 -0.13125042
v -0.33900813 -0.10440152 -0.13125042
v -0.34380078 -0.10656768 -0.13125042
v -0.34786943 -0.10990010 -0.13125042
v -0.33252667 -0.14416523 -0.13164272
v -0.32724870 -0.14329877 -0.13164272
v -0.32237418 -0.14109593 -0.13164272
v -0.33784983 -0.14363631 -0.13164272
v -0.34285405 -0.14174711 -0.13164272
v -0.35123960 -0.11400968 -0.13164272
v -0.32858507 -0.10406982 -0.13125042
v -0.31576781 -0.11288169 -0.13164272
v -0.31356497 -0.11775620 -0.13164272
v -0.31322795 -0.12835734 -0.13164272
v -0.34875503 -0.13718090 -0.13207595
v -0.35328881 -0.12976548 -0.13254320
v -0.34615830 -0.14552180 -0.18424655
v -0.34601850 -0.14976109 -0.17991264
v -0.34604986 -0.14881701 -0.18036182
v -0.34599724 -0.15040003 -0.17936831
v -0.34618329 -0.14476750 -0.17936831
v -0.31939259 -0.10899483 -0.13125042
v -0.35341054 -0.11894799 -0.13207595
v -0.35394743 -0.12434610 -0.13207595
v -0.35093660 -0.11417235 -0.13125042
v -0.34719912 -0.13862731 -0.13164272
v -0.32366484 -0.10592713 -0.13125042
v -0.31269851 -0.12303418 -0.13164272
v -0.31541963 -0.13319890 -0.13125042
v -0.31848733 -0.13747114 -0.13125042
v -0.35083454 -0.13464212 -0.13207595
v -0.34611790 -0.14674707 -0.18046813
v -0.34605624 -0.14861448 -0.18039903
v -0.34617850 -0.14490092 -0.17952513
v -0.35306874 -0.12969903 -0.13207595
v -0.31606017 -0.11306295 -0.13125042
v -0.33380617 -0.10394171 -0.13090703
v -0.33889490 -0.10477734 -0.13090703
v -0.34359400 -0.10690097 -0.13090703
v -0.34758292 -0.11016855 -0.13090703
v -0.35059055 -0.11435733 -0.13090703
v -0.33253784 -0.14382183 -0.13125042
v -0.32734810 -0.14296972 -0.13125042
v -0.32255545 -0.14080357 -0.13125042
v -0.33777116 -0.14330142 -0.13125042
v -0.34696363 -0.13837694 -0.13125042
v -0.35312881 -0.11901443 -0.13164272
v -0.32384982 -0.10627319 -0.13090703
v -0.31389401 -0.11785561 -0.13125042
v -0.31812905 -0.13697253 -0.13125042
v -0.31356284 -0.12827867 -0.13125042
v -0.34853283 -0.13699911 -0.13164272
v -0.34609026 -0.14758377 -0.18053458
v -0.34612428 -0.14655305 -0.18039903
v -0.34608335 -0.14778895 -0.18055106
v -0.31966104 -0.10928082 -0.13090703
v -0.31639347 -0.11327027 -0.13090703
v -0.35365772 -0.12433706 -0.13164272
v -0.35279126 -0.12961504 -0.13164272
v -0.32867437 -0.10445202 -0.13090703
v -0.35241172 -0.11918188 -0.13090703
v -0.34269139 -0.14144411 -0.13125042
v -0.34826918 -0.13678276 -0.13125042
v -0.35279392 -0.11909257 -0.13125042
v -0.31304244 -0.12304534 -0.13125042
v -0.31576568 -0.13301391 -0.13090703
v -0.31394451 -0.12818937 -0.13090703
v -0.31877331 -0.13720270 -0.13090703
v -0.34615565 -0.14559197 -0.18000141
v -0.35058842 -0.13448956 -0.13164272
v -0.34615033 -0.14576154 -0.18011783
v -0.31426984 -0.11796936 -0.13090703
v -0.33379235 -0.10437547 -0.13061732
v -0.33876892 -0.10519250 -0.13061732
v -0.34336489 -0.10726988 -0.13061732
v -0.34726663 -0.11046569 -0.13061732
v -0.35020835 -0.11456252 -0.13061732
v -0.35198912 -0.11928128 -0.13061732
v -0.33768186 -0.14291922 -0.13090703
v -0.32746186 -0.14259443 -0.13090703
v -0.32276276 -0.14047027 -0.13090703
v -0.34250640 -0.14109806 -0.13090703
v -0.34669519 -0.13809042 -0.13090703
v -0.34796831 -0.13653664 -0.13090703
v -0.35331432 -0.12432590 -0.13125042
v -0.32405501 -0.10665592 -0.13061732
v -0.31995819 -0.10959711 -0.13061732
v -0.31343420 -0.12305757 -0.13090703
v -0.31844533 -0.13674608 -0.13090703
v -0.35029606 -0.13430829 -0.13125042
v -0.31676238 -0.11349884 -0.13061732
v -0.31468499 -0.11809481 -0.13061732
v -0.35246221 -0.12951564 -0.13125042
v -0.32877378 -0.10487462 -0.13061732
v -0.35292202 -0.12431367 -0.13090703
v -0.35248826 -0.12429985 -0.13061732
v -0.33255006 -0.14342953 -0.13090703
v -0.34996276 -0.13410151 -0.13090703
v -0.31614841 -0.13280873 -0.13061732
v -0.31436711 -0.12809049 -0.13061732
v -0.31386797 -0.12307139 -0.13061732
v -0.31908960 -0.13690555 -0.13061732
v -0.33377746 -0.10484379 -0.13038662
v -0.33863337 -0.10564115 -0.13038662
v -0.34311824 -0.10766750 -0.13038662
v -0.34692536 -0.11078623 -0.13038662
v -0.34979532 -0.11478365 -0.13038662
v -0.35153303 -0.11938760 -0.13038662
v -0.35201995 -0.12428497 -0.13038662
v -0.33758299 -0.14249662 -0.13061732
v -0.34230122 -0.14071586 -0.13061732
v -0.32758731 -0.14217874 -0.13061732
v -0.32299134 -0.14010136 -0.13061732
v -0.34639804 -0.13777414 -0.13061732
v -0.34763554 -0.13626394 -0.13061732
v -0.34959385 -0.13387240 -0.13061732
v -0.32427615 -0.10706842 -0.13038662
v -0.32027872 -0.10993891 -0.13038662
v -0.31715999 -0.11374602 -0.13038662
v -0.31879458 -0.13649464 -0.13061732
v -0.35208692 -0.12940241 -0.13090703
v -0.31513364 -0.11823037 -0.13038662
v -0.31433628 -0.12308627 -0.13038662
v -0.32888009 -0.10533071 -0.13038662
v -0.35167124 -0.12927643 -0.13061732
v -0.33256388 -0.14299577 -0.13061732
v -0.31656091 -0.13258759 -0.13038662
v -0.31482320 -0.12798365 -0.13038662
v -0.31943140 -0.13658501 -0.13038662
v -0.33376151 -0.10533815 -0.13021917
v -0.33849038 -0.10611425 -0.13021917
v -0.34285724 -0.10808797 -0.13021917
v -0.34656442 -0.11112484 -0.13021917
v -0.34935943 -0.11501701 -0.13021917
v -0.35105142 -0.11950082 -0.13021917
v -0.35152558 -0.12426902 -0.13021917
v -0.35122312 -0.12914088 -0.13038662
v -0.33747614 -0.14204053 -0.13038662
v -0.34208008 -0.14030283 -0.13038662
v -0.34607750 -0.13743234 -0.13038662
v -0.32772286 -0.14173063 -0.13038662
v -0.32323852 -0.13970374 -0.13038662
v -0.34727620 -0.13596945 -0.13038662
v -0.34919624 -0.13362575 -0.13038662
v -0.32450951 -0.10750431 -0.13021917
v -0.32061734 -0.11029931 -0.13021917
v -0.31758047 -0.11400649 -0.13021917
v -0.31560674 -0.11837336 -0.13021917
v -0.31917199 -0.13622407 -0.13038662
v -0.31483064 -0.12310222 -0.13021917
v -0.32899331 -0.10581231 -0.13021917
v -0.33257877 -0.14252745 -0.13038662
v -0.31699680 -0.13235423 -0.13021917
v -0.31530481 -0.12787095 -0.13021917
v -0.31979180 -0.13624693 -0.13021917
v -0.33374557 -0.10585006 -0.13011764
v -0.33834207 -0.10660489 -0.13011764
v -0.34258720 -0.10852333 -0.13011764
v -0.34619073 -0.11147515 -0.13011764
v -0.34890759 -0.11525888 -0.13011764
v -0.35055281 -0.11961724 -0.13011764
v -0.35101368 -0.12425308 -0.13011764
v -0.35074949 -0.12899789 -0.13021917
v -0.33736345 -0.14155893 -0.13021917
v -0.34184672 -0.13986694 -0.13021917
v -0.34573942 -0.13707193 -0.13021917
v -0.34689666 -0.13565901 -0.13021917
v -0.32786585 -0.14125700 -0.13021917
v -0.32349899 -0.13928327 -0.13021917
v -0.34877576 -0.13336475 -0.13021917
v -0.32475190 -0.10795614 -0.13011764
v -0.32096764 -0.11067301 -0.13011764
v -0.31801582 -0.11427653 -0.13011764
v -0.31609738 -0.11852167 -0.13011764
v -0.31534255 -0.12311870 -0.13011764
v -0.31957014 -0.13593809 -0.13021917
v -0.32910973 -0.10631093 -0.13011764
v -0.33259471 -0.14203309 -0.13021917
v -0.31744864 -0.13211237 -0.13011764
v -0.31580342 -0.12775401 -0.13011764
v -0.32016550 -0.13589609 -0.13011764
v -0.33372856 -0.10637100 -0.13008362
v -0.33819110 -0.10710350 -0.13008362
v -0.34231238 -0.10896613 -0.13008362
v -0.34581066 -0.11183183 -0.13008362
v -0.34844831 -0.11550553 -0.13008362
v -0.35004516 -0.11973631 -0.13008362
v -0.35049274 -0.12423606 -0.13008362
v -0.35025938 -0.12884958 -0.13011764
v -0.33724650 -0.14106032 -0.13011764
v -0.34160486 -0.13941510 -0.13011764
v -0.34538859 -0.13669824 -0.13011764
v -0.34650382 -0.13533688 -0.13011764
v -0.34834041 -0.13309471 -0.13011764
v -0.32801416 -0.14076636 -0.13011764
v -0.32376903 -0.13884791 -0.13011764
v -0.32499802 -0.10841542 -0.13008362
v -0.32132433 -0.11105308 -0.13008362
v -0.31845862 -0.11455136 -0.13008362
v -0.31659599 -0.11867263 -0.13008362
v -0.31586402 -0.12313518 -0.13008362
v -0.31998317 -0.13564200 -0.13011764
v -0.32922880 -0.10681858 -0.13008362
v -0.33261119 -0.14152119 -0.13011764
v -0.31790791 -0.13186625 -0.13008362
v -0.31631107 -0.12763494 -0.13008362
v -0.32054557 -0.13553941 -0.13008362
v -0.33262767 -0.14100025 -0.13008362
v -0.33712743 -0.14055266 -0.13008362
v -0.34135874 -0.13895582 -0.13008362
v -0.34503190 -0.13631816 -0.13008362
v -0.34789761 -0.13281989 -0.13008362
v -0.34976023 -0.12869861 -0.13008362
v -0.34610408 -0.13500943 -0.13008362
v -0.32816513 -0.14026774 -0.13008362
v -0.32404438 -0.13840511 -0.13008362
v -0.32040258 -0.13534060 -0.13008362
v -0.33747348 -0.10765527 -0.12663425
v -0.33317838 -0.10665645 -0.12692343
v -0.33758564 -0.10723693 -0.12692343
v -0.33317838 -0.10708968 -0.12663425
v -0.33317838 -0.10626468 -0.12726682
v -0.34147622 -0.10931325 -0.12663425
v -0.33735281 -0.10810658 -0.12640355
v -0.32888275 -0.10765527 -0.12663425
v -0.33768717 -0.10685845 -0.12726682
v -0.32877059 -0.10723693 -0.12692343
v -0.34169257 -0.10893796 -0.12692343
v -0.34124233 -0.10971777 -0.12640355
v -0.33317838 -0.10755693 -0.12640355
v -0.32900395 -0.10810658 -0.12640355
v -0.33317838 -0.10592129 -0.12765859
v -0.32866959 -0.10685845 -0.12726682
v -0.34491336 -0.11195091 -0.12663425
v -0.34458272 -0.11228101 -0.12640355
v -0.33722471 -0.10858340 -0.12623610
v -0.34099568 -0.11014516 -0.12623610
v -0.32488001 -0.10931325 -0.12663425
v -0.32511390 -0.10971777 -0.12640355
v -0.33777595 -0.10652675 -0.12765859
v -0.32858028 -0.10652675 -0.12765859
v -0.34188872 -0.10859881 -0.12726682
v -0.32466366 -0.10893796 -0.12692343
v -0.34521955 -0.11164419 -0.12692343
v -0.34423401 -0.11262972 -0.12623610
v -0.33317838 -0.10805023 -0.12623610
v -0.32913152 -0.10858340 -0.12623610
v -0.32536055 -0.11014516 -0.12623610
v -0.33317838 -0.10563211 -0.12809182
v -0.32850533 -0.10624714 -0.12809182
v -0.32446804 -0.10859881 -0.12726682
v -0.32429581 -0.10830113 -0.12765859
v -0.34755049 -0.11538752 -0.12663425
v -0.34714596 -0.11562141 -0.12640355
v -0.34671858 -0.11586806 -0.12623610
v -0.33709288 -0.10907670 -0.12613457
v -0.34074052 -0.11058796 -0.12613457
v -0.34387254 -0.11299119 -0.12613457
v -0.32144340 -0.11195091 -0.12663425
v -0.32177350 -0.11228101 -0.12640355
v -0.32212222 -0.11262972 -0.12623610
v -0.33785090 -0.10624714 -0.12809182
v -0.34206042 -0.10830113 -0.12765859
v -0.32415123 -0.10805076 -0.12809182
v -0.34549650 -0.11136724 -0.12726682
v -0.32113668 -0.11164419 -0.12692343
v -0.34792578 -0.11517117 -0.12692343
v -0.34627631 -0.11612375 -0.12613457
v -0.33317838 -0.10856160 -0.12613457
v -0.32926388 -0.10907670 -0.12613457
v -0.32561624 -0.11058796 -0.12613457
v -0.32248368 -0.11299119 -0.12613457
v -0.33317838 -0.10540141 -0.12855907
v -0.32844580 -0.10602441 -0.12855907
v -0.32403587 -0.10785089 -0.12855907
v -0.32085973 -0.11136724 -0.12726682
v -0.32041215 -0.11091966 -0.12809182
v -0.34920846 -0.11939026 -0.12663425
v -0.34875716 -0.11951145 -0.12640355
v -0.34828087 -0.11963903 -0.12623610
v -0.34778704 -0.11977139 -0.12613457
v -0.33695786 -0.10957903 -0.12610055
v -0.34048058 -0.11103820 -0.12610055
v -0.34350523 -0.11335904 -0.12610055
v -0.34582607 -0.11638368 -0.12610055
v -0.31880574 -0.11538752 -0.12663425
v -0.31921026 -0.11562141 -0.12640355
v -0.31963765 -0.11586806 -0.12623610
v -0.32008045 -0.11612375 -0.12613457
v -0.33791043 -0.10602441 -0.12855907
v -0.34220500 -0.10805076 -0.12809182
v -0.34573942 -0.11112431 -0.12765859
v -0.32024949 -0.11075700 -0.12855907
v -0.34826492 -0.11497555 -0.12726682
v -0.31843045 -0.11517117 -0.12692343
v -0.32061680 -0.11112431 -0.12765859
v -0.34962681 -0.11927809 -0.12692343
v -0.34728470 -0.11990588 -0.12610055
v -0.33317838 -0.10908148 -0.12610055
v -0.32939837 -0.10957903 -0.12610055
v -0.32587618 -0.11103820 -0.12610055
v -0.32285153 -0.11335904 -0.12610055
v -0.32053069 -0.11638368 -0.12610055
v -0.33317838 -0.10523396 -0.12905237
v -0.32840274 -0.10586281 -0.12905237
v -0.32395242 -0.10770630 -0.12905237
v -0.32013095 -0.11063846 -0.12905237
v -0.31809131 -0.11497555 -0.12726682
v -0.31754326 -0.11465873 -0.12809182
v -0.31734338 -0.11454338 -0.12855907
v -0.34977406 -0.12368589 -0.12663425
v -0.34930680 -0.12368589 -0.12640355
v -0.34881350 -0.12368589 -0.12623610
v -0.34830266 -0.12368589 -0.12613457
v -0.34778279 -0.12368589 -0.12610055
v -0.33693340 -0.11993033 -0.12610055
v -0.33848878 -0.12368589 -0.12610055
v -0.34048058 -0.13633358 -0.12610055
v -0.34350523 -0.13401274 -0.12610055
v -0.34582607 -0.13098809 -0.12610055
v -0.31714777 -0.11939026 -0.12663425
v -0.31759907 -0.11951145 -0.12640355
v -0.31807589 -0.11963903 -0.12623610
v -0.31856919 -0.11977139 -0.12613457
v -0.31907152 -0.11990588 -0.12610055
v -0.33795402 -0.10586281 -0.12905237
v -0.34232035 -0.10785089 -0.12855907
v -0.34594408 -0.11091966 -0.12809182
v -0.34856260 -0.11480332 -0.12765859
v -0.31719880 -0.11445993 -0.12905237
v -0.35000529 -0.11917709 -0.12726682
v -0.31672942 -0.11927809 -0.12692343
v -0.31779363 -0.11480332 -0.12765859
v -0.35020729 -0.12368589 -0.12692343
v -0.34728470 -0.12746536 -0.12610055
v -0.33777754 -0.12103015 -0.12610055
v -0.33583358 -0.11908673 -0.12610055
v -0.33180374 -0.11855622 -0.12610055
v -0.33830805 -0.12231124 -0.12610055
v -0.33695786 -0.13779221 -0.12610055
v -0.32857922 -0.12103015 -0.12610055
v -0.32285153 -0.13401274 -0.12610055
v -0.32053069 -0.13098809 -0.12610055
v -0.31907152 -0.12746536 -0.12610055
v -0.33317838 -0.10513243 -0.12956374
v -0.32837616 -0.10576447 -0.12956374
v -0.32390139 -0.10761806 -0.12956374
v -0.34881297 -0.11465873 -0.12809182
v -0.32005919 -0.11056669 -0.12956374
v -0.35033699 -0.11908779 -0.12765859
v -0.31711056 -0.11440889 -0.12956374
v -0.31635094 -0.11917709 -0.12726682
v -0.31601924 -0.11908779 -0.12765859
v -0.31573963 -0.11901284 -0.12809182
v -0.31551690 -0.11895330 -0.12855907
v -0.31535531 -0.11891025 -0.12905237
v -0.34962681 -0.12809315 -0.12692343
v -0.34920846 -0.12798099 -0.12663425
v -0.34875716 -0.12786032 -0.12640355
v -0.34828087 -0.12773221 -0.12623610
v -0.34778704 -0.12759985 -0.12613457
v -0.33693340 -0.11993033 -0.10485788
v -0.33455249 -0.11855622 -0.12610055
v -0.33317838 -0.11837495 -0.12610055
v -0.33052265 -0.11908673 -0.12610055
v -0.33830805 -0.12231124 -0.10485788
v -0.33830805 -0.12506000 -0.12610055
v -0.32942282 -0.11993033 -0.12610055
v -0.32804871 -0.12231124 -0.12610055
v -0.34074052 -0.13678382 -0.12613457
v -0.33709288 -0.13829455 -0.12613457
v -0.32587618 -0.13633358 -0.12610055
v -0.34387254 -0.13438005 -0.12613457
v -0.34627631 -0.13124803 -0.12613457
v -0.31658217 -0.12368589 -0.12663425
v -0.31704943 -0.12368589 -0.12640355
v -0.31754272 -0.12368589 -0.12623610
v -0.31805410 -0.12368589 -0.12613457
v -0.31857397 -0.12368589 -0.12610055
v -0.33798007 -0.10576447 -0.12956374
v -0.34240381 -0.10770630 -0.12905237
v -0.34610727 -0.11075700 -0.12855907
v -0.34901284 -0.11454338 -0.12855907
v -0.35061660 -0.11901284 -0.12809182
v -0.31525696 -0.11888367 -0.12956374
v -0.35094245 -0.12368589 -0.12765859
v -0.35059905 -0.12368589 -0.12726682
v -0.31614894 -0.12368589 -0.12692343
v -0.35000529 -0.12819468 -0.12726682
v -0.33777754 -0.12103015 -0.10485788
v -0.33583358 -0.11908673 -0.10485788
v -0.33317838 -0.11837495 -0.10485788
v -0.33180374 -0.11855622 -0.10485788
v -0.33848878 -0.12368589 -0.10485788
v -0.33777754 -0.12634109 -0.12610055
v -0.32857922 -0.12103015 -0.10485788
v -0.32804871 -0.12231124 -0.10485788
v -0.32786745 -0.12368589 -0.12610055
v -0.33317838 -0.13881017 -0.12613457
v -0.32561624 -0.13678382 -0.12613457
v -0.32248368 -0.13438005 -0.12613457
v -0.32008045 -0.13124803 -0.12613457
v -0.31856919 -0.12759985 -0.12613457
v -0.33317838 -0.10509841 -0.13008362
v -0.32836765 -0.10573151 -0.13008362
v -0.32388438 -0.10758830 -0.13008362
v -0.32003473 -0.11054224 -0.13008362
v -0.35083933 -0.11895330 -0.12855907
v -0.31708132 -0.11439188 -0.13008362
v -0.35123216 -0.12368589 -0.12809182
v -0.31522401 -0.11887516 -0.13008362
v -0.31575717 -0.12368589 -0.12726682
v -0.31541378 -0.12368589 -0.12765859
v -0.31512460 -0.12368589 -0.12809182
v -0.31489390 -0.12368589 -0.12855907
v -0.31472646 -0.12368589 -0.12905237
v -0.34792578 -0.13220008 -0.12692343
v -0.34826492 -0.13239623 -0.12726682
v -0.34755049 -0.13198373 -0.12663425
v -0.34714596 -0.13174983 -0.12640355
v -0.34671858 -0.13150318 -0.12623610
v -0.33693340 -0.12744091 -0.10485788
v -0.33583358 -0.12828505 -0.10485788
v -0.33455249 -0.11855622 -0.10485788
v -0.33052265 -0.11908673 -0.10485788
v -0.33830805 -0.12506000 -0.10485788
v -0.33777754 -0.12634109 -0.10485788
v -0.33693340 -0.12744091 -0.12610055
v -0.32942282 -0.11993033 -0.10485788
v -0.32786745 -0.12368589 -0.10485788
v -0.34099568 -0.13722609 -0.12623610
v -0.33722471 -0.13878838 -0.12623610
v -0.33317838 -0.13829029 -0.12610055
v -0.33317838 -0.13932101 -0.12623610
v -0.32804871 -0.12506000 -0.12610055
v -0.32926388 -0.13829455 -0.12613457
v -0.34423401 -0.13474152 -0.12623610
v -0.31672942 -0.12809315 -0.12692343
v -0.31714777 -0.12798099 -0.12663425
v -0.31759907 -0.12786032 -0.12640355
v -0.31807589 -0.12773221 -0.12623610
v -0.33798911 -0.10573151 -0.13008362
v -0.34245484 -0.10761806 -0.12956374
v -0.34622528 -0.11063846 -0.12905237
v -0.34915796 -0.11445993 -0.12905237
v -0.35100092 -0.11891025 -0.12905237
v -0.35146233 -0.12368589 -0.12855907
v -0.31462493 -0.12368589 -0.12956374
v -0.35033699 -0.12828345 -0.12765859
v -0.31635094 -0.12819468 -0.12726682
v -0.33455249 -0.12881556 -0.10485788
v -0.33180374 -0.12881556 -0.10485788
v -0.33317838 -0.12899629 -0.10485788
v -0.33052265 -0.12828505 -0.10485788
v -0.32857922 -0.12634109 -0.10485788
v -0.32804871 -0.12506000 -0.10485788
v -0.32913152 -0.13878838 -0.12623610
v -0.32857922 -0.12634109 -0.12610055
v -0.32536055 -0.13722609 -0.12623610
v -0.32939837 -0.13779221 -0.12610055
v -0.32212222 -0.13474152 -0.12623610
v -0.31963765 -0.13150318 -0.12623610
v -0.33317838 -0.14227283 -0.13008362
v -0.32836765 -0.14163973 -0.13008362
v -0.32388438 -0.13978295 -0.13008362
v -0.32003473 -0.13682900 -0.13008362
v -0.35162977 -0.12368589 -0.12905237
v -0.31522401 -0.12849661 -0.13008362
v -0.35061660 -0.12835840 -0.12809182
v -0.31459090 -0.12368589 -0.13008362
v -0.31601924 -0.12828345 -0.12765859
v -0.31573963 -0.12835840 -0.12809182
v -0.31551690 -0.12841794 -0.12855907
v -0.31535531 -0.12846153 -0.12905237
v -0.34521955 -0.13572705 -0.12692343
v -0.34549650 -0.13600400 -0.12726682
v -0.34856260 -0.13256792 -0.12765859
v -0.34491336 -0.13542087 -0.12663425
v -0.34458272 -0.13509023 -0.12640355
v -0.33583358 -0.12828505 -0.12610055
v -0.32942282 -0.12744091 -0.10485788
v -0.34124233 -0.13765347 -0.12640355
v -0.33735281 -0.13926467 -0.12640355
v -0.33317838 -0.13981431 -0.12640355
v -0.32900395 -0.13926467 -0.12640355
v -0.31843045 -0.13220008 -0.12692343
v -0.31809131 -0.13239623 -0.12726682
v -0.31880574 -0.13198373 -0.12663425
v -0.31921026 -0.13174983 -0.12640355
v -0.33798911 -0.14163973 -0.13008362
v -0.34247185 -0.10758830 -0.13008362
v -0.34629758 -0.11056669 -0.12956374
v -0.34924567 -0.11440889 -0.12956374
v -0.35109926 -0.11888367 -0.12956374
v -0.31708132 -0.13297936 -0.13008362
v -0.35173130 -0.12368589 -0.12956374
v -0.35083933 -0.12841794 -0.12855907
v -0.31525696 -0.12848758 -0.12956374
v -0.34573942 -0.13624693 -0.12765859
v -0.33455249 -0.12881556 -0.12610055
v -0.33317838 -0.12899629 -0.12610055
v -0.33180374 -0.12881556 -0.12610055
v -0.33052265 -0.12828505 -0.12610055
v -0.32942282 -0.12744091 -0.12610055
v -0.32511390 -0.13765347 -0.12640355
v -0.32177350 -0.13509023 -0.12640355
v -0.33317838 -0.14223881 -0.12956374
v -0.32837616 -0.14160677 -0.12956374
v -0.32390139 -0.13975318 -0.12956374
v -0.32005919 -0.13680508 -0.12956374
v -0.35100092 -0.12846153 -0.12905237
v -0.31711056 -0.13296235 -0.12956374
v -0.34881297 -0.13271251 -0.12809182
v -0.31779363 -0.13256792 -0.12765859
v -0.31754326 -0.13271251 -0.12809182
v -0.31734338 -0.13282786 -0.12855907
v -0.31719880 -0.13291132 -0.12905237
v -0.34169257 -0.13843329 -0.12692343
v -0.34188872 -0.13877243 -0.12726682
v -0.34206042 -0.13907011 -0.12765859
v -0.34147622 -0.13805800 -0.12663425
v -0.33747348 -0.13971597 -0.12663425
v -0.33317838 -0.14028156 -0.12663425
v -0.32888275 -0.13971597 -0.12663425
v -0.32113668 -0.13572705 -0.12692343
v -0.32085973 -0.13600400 -0.12726682
v -0.32144340 -0.13542087 -0.12663425
v -0.34247185 -0.13978295 -0.13008362
v -0.33798007 -0.14160677 -0.12956374
v -0.34632150 -0.11054224 -0.13008362
v -0.34927544 -0.11439188 -0.13008362
v -0.35113222 -0.11887516 -0.13008362
v -0.35109926 -0.12848758 -0.12956374
v -0.34901284 -0.13282786 -0.12855907
v -0.34594408 -0.13645159 -0.12809182
v -0.32488001 -0.13805800 -0.12663425
v -0.32061680 -0.13624693 -0.12765859
v -0.33317838 -0.14213728 -0.12905237
v -0.32840274 -0.14150843 -0.12905237
v -0.32395242 -0.13966547 -0.12905237
v -0.32013095 -0.13673279 -0.12905237
v -0.35176532 -0.12368589 -0.13008362
v -0.34915796 -0.13291132 -0.12905237
v -0.32041215 -0.13645159 -0.12809182
v -0.32024949 -0.13661478 -0.12855907
v -0.33758564 -0.14013432 -0.12692343
v -0.33768717 -0.14051280 -0.12726682
v -0.34220500 -0.13932048 -0.12809182
v -0.33317838 -0.14071479 -0.12692343
v -0.32877059 -0.14013432 -0.12692343
v -0.32466366 -0.13843329 -0.12692343
v -0.32446804 -0.13877243 -0.12726682
v -0.32429581 -0.13907011 -0.12765859
v -0.34632150 -0.13682900 -0.13008362
v -0.34245484 -0.13975318 -0.12956374
v -0.33795402 -0.14150843 -0.12905237
v -0.34927544 -0.13297936 -0.13008362
v -0.35113222 -0.12849661 -0.13008362
v -0.34924567 -0.13296235 -0.12956374
v -0.34610727 -0.13661478 -0.12855907
v -0.33777595 -0.14084450 -0.12765859
v -0.32415123 -0.13932048 -0.12809182
v -0.33317838 -0.14196984 -0.12855907
v -0.32844580 -0.14134683 -0.12855907
v -0.32403587 -0.13952035 -0.12855907
v -0.34622528 -0.13673279 -0.12905237
v -0.33317838 -0.14110656 -0.12726682
v -0.34232035 -0.13952035 -0.12855907
v -0.33785090 -0.14112410 -0.12809182
v -0.32866959 -0.14051280 -0.12726682
v -0.32858028 -0.14084450 -0.12765859
v -0.32850533 -0.14112410 -0.12809182
v -0.34629758 -0.13680508 -0.12956374
v -0.34240381 -0.13966547 -0.12905237
v -0.33791043 -0.14134683 -0.12855907
v -0.33317838 -0.14144996 -0.12765859
v -0.33317838 -0.14173966 -0.12809182
v -0.31990131 -0.15430549 -0.17219688
v -0.32521224 -0.15774370 -0.17326268
v -0.31990131 -0.15520385 -0.17408502
v -0.32521224 -0.15654607 -0.17074515
v -0.32521224 -0.15824869 -0.17600452
v -0.31990131 -0.15471587 -0.18019597
v -0.31990131 -0.15294945 -0.17060588
v -0.32521224 -0.15608626 -0.15990959
v -0.31990131 -0.15558233 -0.17614114
v -0.31990131 -0.15541595 -0.17822543
v -0.31990131 -0.15352993 -0.18191773
v -0.32521224 -0.15473819 -0.16862365
v -0.32521224 -0.16010388 -0.16267749
v -0.32521224 -0.15802703 -0.17878358
v -0.32521224 -0.15709359 -0.18141061
v -0.32521224 -0.15244233 -0.16704222
v -0.31990131 -0.15193840 -0.18327377
v -0.32521224 -0.15148923 -0.15827607
v -0.32255704 -0.15730090 -0.15753240
v -0.32521224 -0.15774476 -0.19223607
v -0.32521224 -0.15551216 -0.18370594
v -0.31990131 -0.15122769 -0.16941941
v -0.31990131 -0.15158331 -0.17634686
v -0.32255704 -0.15204684 -0.15566552
v -0.32255704 -0.16189209 -0.16069525
v -0.32521224 -0.16145833 -0.18907216
v -0.32521224 -0.15333910 -0.19433153
v -0.32521224 -0.14981531 -0.16610878
v -0.32521224 -0.15339013 -0.18551435
v -0.31990131 -0.15149986 -0.17738874
v -0.32255704 -0.14648926 -0.15522166
v -0.32255704 -0.16094483 -0.15039977
v -0.32521224 -0.16326833 -0.16639052
v -0.32255704 -0.15372076 -0.14783281
v -0.32255704 -0.15919649 -0.19447665
v -0.31990131 -0.15139354 -0.17531827
v -0.31990131 -0.14925769 -0.16871933
v -0.32521224 -0.14662587 -0.15788802
v -0.31990131 -0.15005026 -0.18417160
v -0.34645492 -0.15158331 -0.17634686
v -0.32255704 -0.14607889 -0.14722309
v -0.32255704 -0.16550890 -0.16493879
v -0.32521224 -0.16422569 -0.18505454
v -0.32255704 -0.16344003 -0.19086037
v -0.32255704 -0.15416144 -0.19687191
v -0.32521224 -0.15087260 -0.18671198
v -0.34645492 -0.15139354 -0.17531827
v -0.31990131 -0.15094490 -0.17437419
v -0.32521224 -0.14703625 -0.16588658
v -0.31990131 -0.15115008 -0.17837374
v -0.34645492 -0.15149986 -0.17738874
v -0.32521224 -0.14182791 -0.15877203
v -0.32255704 -0.14100556 -0.15623164
v -0.32255704 -0.16725831 -0.15474909
v -0.32421661 -0.15388874 -0.14704608
v -0.32521224 -0.16536378 -0.17079618
v -0.32421661 -0.14603742 -0.14641989
v -0.32255704 -0.15662846 -0.20449200
v -0.32255704 -0.14867827 -0.19788190
v -0.32521224 -0.14854166 -0.19521553
v -0.34645492 -0.15094490 -0.17437419
v -0.31990131 -0.15026661 -0.17357896
v -0.31990131 -0.14717339 -0.16855295
v -0.32521224 -0.14429493 -0.16639211
v -0.31990131 -0.14799414 -0.18455061
v -0.31990131 -0.15055685 -0.17923489
v -0.34645492 -0.15193840 -0.18327377
v -0.34645492 -0.15122769 -0.16941941
v -0.32255704 -0.13853907 -0.14861209
v -0.32255704 -0.16790363 -0.16997384
v -0.32421661 -0.16131055 -0.14968374
v -0.32421661 -0.13829136 -0.14784663
v -0.32521224 -0.16585921 -0.18045750
v -0.32255704 -0.16660341 -0.18626918
v -0.32255704 -0.16355166 -0.20119891
v -0.32255704 -0.14908865 -0.20588046
v -0.32521224 -0.14813075 -0.18721697
v -0.34645492 -0.15026661 -0.17357896
v -0.31990131 -0.14940546 -0.17298573
v -0.31990131 -0.14842046 -0.17263542
v -0.31990131 -0.14976109 -0.17991264
v -0.34645492 -0.15115008 -0.17837374
v -0.34645492 -0.15005026 -0.18417160
v -0.34645492 -0.15294945 -0.17060588
v -0.32521224 -0.13742224 -0.16086748
v -0.32521224 -0.14177741 -0.16758921
v -0.32255704 -0.13597051 -0.15862691
v -0.32255704 -0.16891362 -0.17545754
v -0.32421661 -0.16779679 -0.15415213
v -0.32593624 -0.15402801 -0.14639544
v -0.32593624 -0.14600340 -0.14575489
v -0.32521224 -0.16624726 -0.17559415
v -0.32593624 -0.13808617 -0.14721353
v -0.32421661 -0.16398861 -0.20187400
v -0.32421661 -0.15687618 -0.20525693
v -0.32521224 -0.14367831 -0.19482749
v -0.32255704 -0.14144677 -0.20527075
v -0.34645492 -0.14925769 -0.16871933
v -0.31990131 -0.14737858 -0.17255250
v -0.31990131 -0.14511674 -0.16893196
v -0.31990131 -0.14590985 -0.18438422
v -0.31990131 -0.14881701 -0.18036182
v -0.34645492 -0.14976109 -0.17991264
v -0.34645492 -0.15055685 -0.17923489
v -0.34114399 -0.15087260 -0.18671198
v -0.34645492 -0.15352993 -0.18191773
v -0.34114399 -0.15473819 -0.16862365
v -0.32255704 -0.13161588 -0.15190465
v -0.32421661 -0.13117839 -0.15122955
v -0.32255704 -0.17223063 -0.16058416
v -0.32593624 -0.16161354 -0.14909104
v -0.32421661 -0.17290573 -0.16014667
v -0.32593624 -0.13081693 -0.15067140
v -0.32255704 -0.16847029 -0.18101512
v -0.32421661 -0.16998368 -0.19676507
v -0.32421661 -0.14913011 -0.20668367
v -0.32255704 -0.14312016 -0.19743857
v -0.32521224 -0.14535223 -0.18699531
v -0.34114399 -0.15244233 -0.16704222
v -0.34645492 -0.14940546 -0.17298573
v -0.34645492 -0.14842046 -0.17263542
v -0.31990131 -0.14635052 -0.17274174
v -0.31990131 -0.14778895 -0.18055106
v -0.34645492 -0.14881701 -0.18036182
v -0.34114399 -0.15339013 -0.18551435
v -0.34114399 -0.14813075 -0.18721697
v -0.34645492 -0.15430549 -0.17219688
v -0.34114399 -0.15654607 -0.17074515
v -0.32521224 -0.13370921 -0.16403193
v -0.32521224 -0.13965537 -0.16939762
v -0.31990131 -0.14322860 -0.16982979
v -0.32255704 -0.13172698 -0.16224319
v -0.32255704 -0.16938672 -0.19622605
v -0.32593624 -0.16824278 -0.15365777
v -0.32593624 -0.17346441 -0.15978467
v -0.32770425 -0.15413699 -0.14588460
v -0.32770425 -0.14597682 -0.14523342
v -0.32770425 -0.13792564 -0.14671651
v -0.32770425 -0.13053253 -0.15023286
v -0.32593624 -0.16435061 -0.20243269
v -0.32593624 -0.17047751 -0.19721105
v -0.32593624 -0.15708083 -0.20589003
v -0.32521224 -0.13908127 -0.19319397
v -0.32421661 -0.14127826 -0.20605747
v -0.32255704 -0.13786663 -0.19557169
v -0.32521224 -0.14272520 -0.18606187
v -0.34114399 -0.14981531 -0.16610878
v -0.34645492 -0.14737858 -0.17255250
v -0.31990131 -0.14540645 -0.17319091
v -0.31990131 -0.14393984 -0.18368414
v -0.31990131 -0.14674654 -0.18046813
v -0.34645492 -0.14778895 -0.18055106
v -0.34645492 -0.14799414 -0.18455061
v -0.34114399 -0.15333910 -0.19433153
v -0.34114399 -0.14854166 -0.19521553
v -0.34645492 -0.15471587 -0.18019597
v -0.34114399 -0.15551216 -0.18370594
v -0.34114399 -0.15148923 -0.15827607
v -0.34114399 -0.15608626 -0.15990959
v -0.32521224 -0.13714050 -0.17431997
v -0.32521224 -0.13807394 -0.17169348
v -0.31990131 -0.14461068 -0.17386920
v -0.32255704 -0.12856412 -0.16683491
v -0.32421661 -0.12518386 -0.15633849
v -0.32593624 -0.12468950 -0.15589250
v -0.32255704 -0.17373551 -0.18991310
v -0.32421661 -0.17628865 -0.16725964
v -0.32770425 -0.16185116 -0.14862591
v -0.32593624 -0.17692228 -0.16705445
v -0.32770425 -0.12430198 -0.15554273
v -0.32421661 -0.17445207 -0.19027883
v -0.32593624 -0.17504477 -0.19058182
v -0.32593624 -0.14916413 -0.20734866
v -0.32255704 -0.13422271 -0.20270379
v -0.34645492 -0.14717339 -0.16855295
v -0.34645492 -0.14635052 -0.17274174
v -0.31990131 -0.14576154 -0.18011783
v -0.34645492 -0.14674654 -0.18046813
v -0.34114399 -0.14535223 -0.18699531
v -0.34114399 -0.14367831 -0.19482749
v -0.34645492 -0.15520385 -0.17408502
v -0.34114399 -0.15709359 -0.18141061
v -0.34114399 -0.15774370 -0.17326268
v -0.32521224 -0.13094131 -0.16804955
v -0.32521224 -0.13691884 -0.17709903
v -0.31990131 -0.14163760 -0.17118636
v -0.31990131 -0.14401745 -0.17472982
v -0.32255704 -0.12578081 -0.15687750
v -0.32255704 -0.17552372 -0.16750735
v -0.32770425 -0.16859255 -0.15327026
v -0.32770425 -0.17390242 -0.15950081
v -0.32770425 -0.17741877 -0.16689391
v -0.32950841 -0.15421566 -0.14551728
v -0.32950841 -0.14595716 -0.14485813
v -0.32950841 -0.13780975 -0.14635929
v -0.32950841 -0.13032841 -0.14991763
v -0.32950841 -0.12402290 -0.15529129
v -0.32770425 -0.16463447 -0.20287070
v -0.32770425 -0.17086555 -0.19756083
v -0.32770425 -0.17550990 -0.19081943
v -0.32770425 -0.15724190 -0.20638705
v -0.32521224 -0.13506365 -0.19042607
v -0.32521224 -0.14042934 -0.18447991
v -0.32593624 -0.14113952 -0.20670812
v -0.32421661 -0.13385645 -0.20342035
v -0.32255704 -0.13327491 -0.19240830
v -0.31990131 -0.14221808 -0.18249821
v -0.34114399 -0.14662587 -0.15788802
v -0.34114399 -0.14703625 -0.16588658
v -0.34645492 -0.14540645 -0.17319091
v -0.31990131 -0.14490092 -0.17952513
v -0.34645492 -0.14576154 -0.18011783
v -0.34645492 -0.14590985 -0.18438422
v -0.34379972 -0.14867827 -0.19788190
v -0.34379972 -0.14312016 -0.19743857
v -0.34645492 -0.15541595 -0.17822543
v -0.34114399 -0.15802703 -0.17878358
v -0.34379972 -0.15204684 -0.15566552
v -0.34114399 -0.15824869 -0.17600452
v -0.32521224 -0.13189921 -0.18671304
v -0.31990131 -0.14045113 -0.17290812
v -0.31990131 -0.13958467 -0.17696242
v -0.34645492 -0.14401745 -0.17472982
v -0.31990131 -0.14366768 -0.17571482
v -0.32521224 -0.12930779 -0.17264658
v -0.32255704 -0.12669724 -0.17208843
v -0.32421661 -0.12071546 -0.16282473
v -0.32593624 -0.12012276 -0.16252227
v -0.32770425 -0.11965764 -0.16228465
v -0.32255704 -0.17630247 -0.18268904
v -0.32421661 -0.17708920 -0.18285702
v -0.32421661 -0.17771592 -0.17500570
v -0.32593624 -0.17838039 -0.17497168
v -0.32950841 -0.16202179 -0.14829155
v -0.32770425 -0.17890186 -0.17494457
v -0.32950841 -0.11932328 -0.16211349
v -0.32593624 -0.17773984 -0.18299629
v -0.32770425 -0.17825068 -0.18310526
v -0.32770425 -0.14919071 -0.20787013
v -0.32521224 -0.13862093 -0.18235840
v -0.32255704 -0.12790923 -0.19835447
v -0.31990131 -0.14377346 -0.17778529
v -0.34645492 -0.14511674 -0.16893196
v -0.34645492 -0.14461068 -0.17386920
v -0.31990131 -0.14422264 -0.17872936
v -0.34645492 -0.14490092 -0.17952513
v -0.34114399 -0.15774476 -0.19223607
v -0.34379972 -0.15416144 -0.19687191
v -0.34114399 -0.14272520 -0.18606187
v -0.34114399 -0.13908127 -0.19319397
v -0.34645492 -0.15558233 -0.17614114
v -0.34379972 -0.15730090 -0.15753240
v -0.34114399 -0.16010388 -0.16267749
v -0.32521224 -0.12980375 -0.18230737
v -0.31990131 -0.13975105 -0.17487812
v -0.31990131 -0.13996368 -0.17901854
v -0.32521224 -0.13742383 -0.17984088
v -0.31990131 -0.14358422 -0.17675723
v -0.31990131 -0.14086204 -0.18090668
v -0.34645492 -0.14366768 -0.17571482
v -0.32255704 -0.12625391 -0.17764655
v -0.32255704 -0.12143149 -0.16319098
v -0.32255704 -0.17691272 -0.17504663
v -0.32950841 -0.16884452 -0.15299118
v -0.32950841 -0.17421765 -0.15929669
v -0.32950841 -0.17777652 -0.16677803
v -0.32950841 -0.17927715 -0.17492543
v -0.33133702 -0.15426297 -0.14529615
v -0.33133702 -0.14594599 -0.14463221
v -0.33133702 -0.13774012 -0.14614400
v -0.33133702 -0.13020562 -0.14972786
v -0.33133702 -0.12385493 -0.15513980
v -0.33133702 -0.11912181 -0.16201036
v -0.32950841 -0.16483912 -0.20318592
v -0.32950841 -0.17114463 -0.19781226
v -0.32950841 -0.17584426 -0.19099007
v -0.32950841 -0.17861800 -0.18318394
v -0.32950841 -0.15735725 -0.20674427
v -0.32770425 -0.14103002 -0.20721896
v -0.32593624 -0.13355399 -0.20401305
v -0.32421661 -0.12737021 -0.19895195
v -0.32255704 -0.12965863 -0.18816476
v -0.34379972 -0.14648926 -0.15522166
v -0.34114399 -0.14429493 -0.16639211
v -0.34645492 -0.14393984 -0.18368414
v -0.34379972 -0.14908865 -0.20588046
v -0.34379972 -0.14144677 -0.20527075
v -0.34379972 -0.13786663 -0.19557169
v -0.34379972 -0.15372076 -0.14783281
v -0.34645492 -0.14322860 -0.16982979
v -0.34645492 -0.14358422 -0.17675723
v -0.32521224 -0.12891974 -0.17750940
v -0.32255704 -0.12293690 -0.19251940
v -0.32421661 -0.11807834 -0.17024654
v -0.32593624 -0.11742716 -0.17010780
v -0.32770425 -0.11691632 -0.16999829
v -0.32950841 -0.11654900 -0.16992015
v -0.33133702 -0.16212492 -0.14808956
v -0.33133702 -0.11632787 -0.16987284
v -0.32950841 -0.14920984 -0.20824542
v -0.32421661 -0.12226181 -0.19295688
v -0.32255704 -0.12726390 -0.18312971
v -0.34645492 -0.14422264 -0.17872936
v -0.34645492 -0.14377346 -0.17778529
v -0.34379972 -0.14607889 -0.14722309
v -0.34114399 -0.14182791 -0.15877203
v -0.34379972 -0.15919649 -0.19447665
v -0.34379972 -0.15662846 -0.20449200
v -0.34114399 -0.14042934 -0.18447991
v -0.34114399 -0.13506365 -0.19042607
v -0.34379972 -0.16189209 -0.16069525
v -0.34379972 -0.16094483 -0.15039977
v -0.34114399 -0.16145833 -0.18907216
v -0.32255704 -0.11964381 -0.18559621
v -0.32255704 -0.11886453 -0.17041451
v -0.33133702 -0.16899601 -0.15282321
v -0.33133702 -0.17440795 -0.15917336
v -0.33133702 -0.17799181 -0.16670840
v -0.33133702 -0.17950307 -0.17491374
v -0.33317838 -0.15427891 -0.14522226
v -0.33317838 -0.14594174 -0.14455673
v -0.33317838 -0.13771673 -0.14607171
v -0.33317838 -0.13016415 -0.14966407
v -0.33317838 -0.12379858 -0.15508876
v -0.33317838 -0.11905430 -0.16197634
v -0.33317838 -0.11625398 -0.16985690
v -0.33133702 -0.16496192 -0.20337623
v -0.33133702 -0.17131261 -0.19796429
v -0.33133702 -0.17604572 -0.19109319
v -0.33133702 -0.17883966 -0.18323124
v -0.33133702 -0.15742742 -0.20696008
v -0.32950841 -0.14095188 -0.20758628
v -0.32770425 -0.13331638 -0.20447817
v -0.32593624 -0.12692476 -0.19944578
v -0.32593624 -0.12170312 -0.19331889
v -0.34379972 -0.14100556 -0.15623164
v -0.34114399 -0.14177741 -0.16758921
v -0.34213962 -0.14913011 -0.20668367
v -0.34213962 -0.14127826 -0.20605747
v -0.34379972 -0.13422271 -0.20270379
v -0.34645492 -0.14221808 -0.18249821
v -0.34114399 -0.13862093 -0.18235840
v -0.34379972 -0.13327491 -0.19240830
v -0.34114399 -0.16326833 -0.16639052
v -0.34213962 -0.16131055 -0.14968374
v -0.34213962 -0.15388874 -0.14704608
v -0.32421661 -0.11887835 -0.18584392
v -0.32255704 -0.11825482 -0.17805692
v -0.32421661 -0.11745161 -0.17809785
v -0.32593624 -0.11678715 -0.17813241
v -0.32770425 -0.11626514 -0.17815899
v -0.32950841 -0.11589039 -0.17817812
v -0.33317838 -0.16215947 -0.14802258
v -0.33133702 -0.11566394 -0.17818982
v -0.33133702 -0.14922154 -0.20847134
v -0.32593624 -0.11824525 -0.18604911
v -0.34379972 -0.13853907 -0.14861209
v -0.34114399 -0.13742224 -0.16086748
v -0.34645492 -0.14163760 -0.17118636
v -0.34379972 -0.16344003 -0.19086037
v -0.34213962 -0.15687618 -0.20525693
v -0.34213962 -0.13385645 -0.20342035
v -0.34114399 -0.13189921 -0.18671304
v -0.34114399 -0.13742383 -0.17984088
v -0.34379972 -0.16550890 -0.16493879
v -0.34213962 -0.16779679 -0.15415213
v -0.34213962 -0.14603742 -0.14641989
v -0.34114399 -0.16422569 -0.18505454
v -0.33317838 -0.16904651 -0.15276686
v -0.33317838 -0.17447121 -0.15913243
v -0.33317838 -0.17806357 -0.16668501
v -0.33317838 -0.17957855 -0.17491002
v -0.33501921 -0.15426297 -0.14529615
v -0.33501921 -0.14594599 -0.14463221
v -0.33501921 -0.13774012 -0.14614400
v -0.33501921 -0.13020562 -0.14972786
v -0.33501921 -0.12385493 -0.15513980
v -0.33501921 -0.11912181 -0.16201036
v -0.33317838 -0.11558845 -0.17819354
v -0.33317838 -0.16500285 -0.20343948
v -0.33317838 -0.17136842 -0.19801479
v -0.33317838 -0.17611323 -0.19112775
v -0.33317838 -0.17891355 -0.18324666
v -0.33317838 -0.15745027 -0.20703185
v -0.33133702 -0.14090457 -0.20780741
v -0.32950841 -0.13314521 -0.20481253
v -0.32770425 -0.12657445 -0.19983383
v -0.32770425 -0.12126458 -0.19360274
v -0.32770425 -0.11774823 -0.18621017
v -0.34379972 -0.13597051 -0.15862691
v -0.34114399 -0.13965537 -0.16939762
v -0.34379972 -0.16355166 -0.20119891
v -0.34041998 -0.14916413 -0.20734866
v -0.34041998 -0.14113952 -0.20670812
v -0.34041998 -0.13355399 -0.20401305
v -0.34379972 -0.12790923 -0.19835447
v -0.34213962 -0.12737021 -0.19895195
v -0.34645492 -0.14086204 -0.18090668
v -0.34379972 -0.12965863 -0.18816476
v -0.34114399 -0.13370921 -0.16403193
v -0.34114399 -0.13691884 -0.17709903
v -0.34114399 -0.16536378 -0.17079618
v -0.34379972 -0.16725831 -0.15474909
v -0.34041998 -0.16161354 -0.14909104
v -0.34041998 -0.16824278 -0.15365777
v -0.34041998 -0.15402801 -0.14639544
v -0.32950841 -0.11739101 -0.18632553
v -0.33501921 -0.16212492 -0.14808956
v -0.33501921 -0.11632787 -0.16987284
v -0.33133702 -0.11717573 -0.18639516
v -0.33501921 -0.11566394 -0.17818982
v -0.33317838 -0.14922579 -0.20854683
v -0.34213962 -0.13829136 -0.14784663
v -0.34379972 -0.13161588 -0.15190465
v -0.34114399 -0.13807394 -0.17169348
v -0.34379972 -0.16660341 -0.18626918
v -0.34041998 -0.15708083 -0.20589003
v -0.34213962 -0.16398861 -0.20187400
v -0.34041998 -0.12692476 -0.19944578
v -0.34114399 -0.12980375 -0.18230737
v -0.34114399 -0.13094131 -0.16804955
v -0.34645492 -0.13996368 -0.17901854
v -0.34379972 -0.16790363 -0.16997384
v -0.34213962 -0.17290573 -0.16014667
v -0.34041998 -0.17346441 -0.15978467
v -0.34041998 -0.14600340 -0.14575489
v -0.34114399 -0.16585921 -0.18045750
v -0.34645492 -0.14045113 -0.17290812
v -0.33501921 -0.16899601 -0.15282321
v -0.33501921 -0.17440795 -0.15917336
v -0.33501921 -0.17799181 -0.16670840
v -0.33684782 -0.15421566 -0.14551728
v -0.33684782 -0.14595716 -0.14485813
v -0.33684782 -0.13780975 -0.14635929
v -0.33684782 -0.13032841 -0.14991763
v -0.33684782 -0.12402290 -0.15529129
v -0.33684782 -0.11932328 -0.16211349
v -0.33317838 -0.11710396 -0.18641855
v -0.33501921 -0.11717573 -0.18639516
v -0.33501921 -0.16496192 -0.20337623
v -0.33501921 -0.17131261 -0.19796429
v -0.33501921 -0.17604572 -0.19109319
v -0.33501921 -0.17883966 -0.18323124
v -0.33501921 -0.15742742 -0.20696008
v -0.33317838 -0.14088862 -0.20788183
v -0.33133702 -0.13304262 -0.20501400
v -0.32950841 -0.12632302 -0.20011237
v -0.32950841 -0.12094936 -0.19380687
v -0.34379972 -0.13172698 -0.16224319
v -0.34114399 -0.13714050 -0.17431997
v -0.34379972 -0.16847029 -0.18101512
v -0.33865251 -0.14919071 -0.20787013
v -0.33865251 -0.14103002 -0.20721896
v -0.34379972 -0.16938672 -0.19622605
v -0.33865251 -0.13331638 -0.20447817
v -0.33865251 -0.12657445 -0.19983383
v -0.34379972 -0.12726390 -0.18312971
v -0.34213962 -0.12226181 -0.19295688
v -0.34041998 -0.12170312 -0.19331889
v -0.34645492 -0.13958467 -0.17696242
v -0.34114399 -0.16624726 -0.17559415
v -0.34379972 -0.16891362 -0.17545754
v -0.33865251 -0.16185116 -0.14862591
v -0.33865251 -0.16859255 -0.15327026
v -0.34379972 -0.17223063 -0.16058416
v -0.33865251 -0.17390242 -0.15950081
v -0.33865251 -0.15413699 -0.14588460
v -0.33684782 -0.16202179 -0.14829155
v -0.33501921 -0.17950307 -0.17491374
v -0.33684782 -0.11589039 -0.17817812
v -0.33684782 -0.11654900 -0.16992015
v -0.33133702 -0.12075958 -0.19393019
v -0.33684782 -0.11739101 -0.18632553
v -0.33501921 -0.14922154 -0.20847134
v -0.34041998 -0.13808617 -0.14721353
v -0.34213962 -0.13117839 -0.15122955
v -0.34379972 -0.12856412 -0.16683491
v -0.33865251 -0.15724190 -0.20638705
v -0.34041998 -0.16435061 -0.20243269
v -0.34213962 -0.16998368 -0.19676507
v -0.33865251 -0.12126458 -0.19360274
v -0.34379972 -0.12293690 -0.19251940
v -0.34114399 -0.12891974 -0.17750940
v -0.34114399 -0.12930779 -0.17264658
v -0.34645492 -0.13975105 -0.17487812
v -0.34213962 -0.17628865 -0.16725964
v -0.34041998 -0.17692228 -0.16705445
v -0.33865251 -0.17741877 -0.16689391
v -0.33865251 -0.14597682 -0.14523342
v -0.33684782 -0.16884452 -0.15299118
v -0.33684782 -0.17421765 -0.15929669
v -0.33684782 -0.17777652 -0.16677803
v -0.33865251 -0.13792564 -0.14671651
v -0.33865251 -0.13053253 -0.15023286
v -0.33865251 -0.12430198 -0.15554273
v -0.33865251 -0.11965764 -0.16228465
v -0.33317838 -0.12069633 -0.19397112
v -0.33501921 -0.12075958 -0.19393019
v -0.33684782 -0.12094936 -0.19380687
v -0.33684782 -0.16483912 -0.20318592
v -0.33684782 -0.17114463 -0.19781226
v -0.33684782 -0.17584426 -0.19099007
v -0.33684782 -0.17861800 -0.18318394
v -0.33684782 -0.15735725 -0.20674427
v -0.33501921 -0.14090457 -0.20780741
v -0.33317838 -0.13300806 -0.20508151
v -0.33133702 -0.12617152 -0.20028035
v -0.34379972 -0.12578081 -0.15687750
v -0.33684782 -0.14920984 -0.20824542
v -0.33684782 -0.14095188 -0.20758628
v -0.33684782 -0.13314521 -0.20481253
v -0.34213962 -0.17445207 -0.19027883
v -0.33684782 -0.12632302 -0.20011237
v -0.34379972 -0.12625391 -0.17764655
v -0.34213962 -0.11887835 -0.18584392
v -0.34041998 -0.11824525 -0.18604911
v -0.33865251 -0.11774823 -0.18621017
v -0.34379972 -0.17552372 -0.16750735
v -0.33684782 -0.17927715 -0.17492543
v -0.33865251 -0.11626514 -0.17815899
v -0.33865251 -0.11691632 -0.16999829
v -0.34041998 -0.13081693 -0.15067140
v -0.34213962 -0.12518386 -0.15633849
v -0.34379972 -0.12669724 -0.17208843
v -0.33865251 -0.16463447 -0.20287070
v -0.34041998 -0.17047751 -0.19721105
v -0.34379972 -0.17373551 -0.18991310
v -0.34041998 -0.17504477 -0.19058182
v -0.34379972 -0.11964381 -0.18559621
v -0.34213962 -0.17771592 -0.17500570
v -0.34041998 -0.17838039 -0.17497168
v -0.33865251 -0.17890186 -0.17494457
v -0.34041998 -0.12468950 -0.15589250
v -0.34041998 -0.12012276 -0.16252227
v -0.33317838 -0.12612049 -0.20033670
v -0.33501921 -0.12617152 -0.20028035
v -0.33865251 -0.17086555 -0.19756083
v -0.33865251 -0.17550990 -0.19081943
v -0.33865251 -0.17825068 -0.18310526
v -0.33501921 -0.13304262 -0.20501400
v -0.34213962 -0.12071546 -0.16282473
v -0.34213962 -0.17708920 -0.18285702
v -0.34041998 -0.17773984 -0.18299629
v -0.34379972 -0.12143149 -0.16319098
v -0.34213962 -0.11745161 -0.17809785
v -0.34041998 -0.11678715 -0.17813241
v -0.34379972 -0.17630247 -0.18268904
v -0.34379972 -0.17691272 -0.17504663
v -0.34041998 -0.11742716 -0.17010780
v -0.34379972 -0.11886453 -0.17041451
v -0.34379972 -0.11825482 -0.17805692
v -0.34213962 -0.11807834 -0.17024654
v -0.32052591 0.12065486 -0.17088336
v -0.32583684 0.11721666 -0.17194916
v -0.32052591 0.11975651 -0.17277097
v -0.32583684 0.11841429 -0.16943164
v -0.32583684 0.11671166 -0.17469048
v -0.32052591 0.12024449 -0.17888192
v -0.32052591 0.12201090 -0.16929183
v -0.32583684 0.11887410 -0.15859554
v -0.32052591 0.11937803 -0.17482762
v -0.32052591 0.11954441 -0.17691192
v -0.32052591 0.12143043 -0.18060368
v -0.32583684 0.12022217 -0.16730960
v -0.32583684 0.11485648 -0.16136344
v -0.32583684 0.11693333 -0.17746954
v -0.32583684 0.11786677 -0.18009657
v -0.32583684 0.12251802 -0.16572818
v -0.32052591 0.12302195 -0.18195972
v -0.32583684 0.12347113 -0.15696202
v -0.32318111 0.11765946 -0.15621835
v -0.32583684 0.11721559 -0.19092256
v -0.32583684 0.11944820 -0.18239242
v -0.32052591 0.12373267 -0.16810537
v -0.32052591 0.12337704 -0.17503281
v -0.32318111 0.12291351 -0.15435147
v -0.32318111 0.11306774 -0.15938121
v -0.32583684 0.11350203 -0.18775811
v -0.32583684 0.12162126 -0.19301802
v -0.32583684 0.12514505 -0.16479474
v -0.32583684 0.12157023 -0.18420030
v -0.32052591 0.12346050 -0.17607469
v -0.32318111 0.12847110 -0.15390814
v -0.32318111 0.11401553 -0.14908572
v -0.32583684 0.11169203 -0.16507647
v -0.32318111 0.12123959 -0.14651876
v -0.32318111 0.11576387 -0.19316313
v -0.32052591 0.12356682 -0.17400475
v -0.32052591 0.12570267 -0.16740529
v -0.32583684 0.12833448 -0.15657398
v -0.32052591 0.12491010 -0.18285808
v -0.34707952 0.12337704 -0.17503281
v -0.32318111 0.12888147 -0.14590905
v -0.32318111 0.10945145 -0.16362528
v -0.32583684 0.11073467 -0.18374049
v -0.32318111 0.11151980 -0.18954632
v -0.32318111 0.12079892 -0.19555787
v -0.32583684 0.12408776 -0.18539793
v -0.34707952 0.12356682 -0.17400475
v -0.32052591 0.12401546 -0.17306068
v -0.32583684 0.12792411 -0.16457307
v -0.32052591 0.12381028 -0.17705969
v -0.34707952 0.12346050 -0.17607469
v -0.32583684 0.13313245 -0.15745798
v -0.32318111 0.13395426 -0.15491813
v -0.32318111 0.10770205 -0.15343504
v -0.32484121 0.12107162 -0.14573257
v -0.32583684 0.10959657 -0.16948214
v -0.32484121 0.12892293 -0.14510584
v -0.32318111 0.11833190 -0.20317795
v -0.32318111 0.12628209 -0.19656785
v -0.32583684 0.12641870 -0.19390149
v -0.34707952 0.12401546 -0.17306068
v -0.32052591 0.12469375 -0.17226492
v -0.32052591 0.12778697 -0.16723944
v -0.32583684 0.13066543 -0.16507806
v -0.32052591 0.12696622 -0.18323656
v -0.32052591 0.12440351 -0.17792084
v -0.34707952 0.12302195 -0.18195972
v -0.34707952 0.12373267 -0.16810537
v -0.32318111 0.13642129 -0.14729805
v -0.32318111 0.10705672 -0.16866033
v -0.32484121 0.11364981 -0.14836970
v -0.32484121 0.13666900 -0.14653258
v -0.32583684 0.10910115 -0.17914346
v -0.32318111 0.10835695 -0.18495513
v -0.32318111 0.11140870 -0.19988486
v -0.32318111 0.12587171 -0.20456695
v -0.32583684 0.12682960 -0.18590293
v -0.34707952 0.12469375 -0.17226492
v -0.32052591 0.12555489 -0.17167168
v -0.32052591 0.12653990 -0.17132191
v -0.32052591 0.12519927 -0.17859913
v -0.34707952 0.12381028 -0.17705969
v -0.34707952 0.12491010 -0.18285808
v -0.34707952 0.12201090 -0.16929183
v -0.32583684 0.13753812 -0.15955344
v -0.32583684 0.13318295 -0.16627516
v -0.32318111 0.13898931 -0.15731286
v -0.32318111 0.10604674 -0.17414349
v -0.32484121 0.10716357 -0.15283809
v -0.32656084 0.12093235 -0.14508139
v -0.32656084 0.12895695 -0.14444138
v -0.32583684 0.10871310 -0.17428011
v -0.32656084 0.13687366 -0.14589948
v -0.32484121 0.11097175 -0.20055996
v -0.32484121 0.11808418 -0.20394288
v -0.32583684 0.13128205 -0.19351344
v -0.32318111 0.13351359 -0.20395670
v -0.34707952 0.12570267 -0.16740529
v -0.32052591 0.12758178 -0.17123845
v -0.32052591 0.12984309 -0.16761791
v -0.32052591 0.12905051 -0.18307018
v -0.32052591 0.12614334 -0.17904777
v -0.34707952 0.12519927 -0.17859913
v -0.34707952 0.12440351 -0.17792084
v -0.34176858 0.12408776 -0.18539793
v -0.34707952 0.12143043 -0.18060368
v -0.34176858 0.12022217 -0.16730960
v -0.32318111 0.14334448 -0.15059113
v -0.32484121 0.14378196 -0.14991604
v -0.32318111 0.10272973 -0.15927011
v -0.32656084 0.11334681 -0.14777699
v -0.32484121 0.10205463 -0.15883263
v -0.32656084 0.14414343 -0.14935736
v -0.32318111 0.10649007 -0.17970108
v -0.32484121 0.10497668 -0.19545102
v -0.32484121 0.12583025 -0.20537015
v -0.32318111 0.13184020 -0.19612452
v -0.32583684 0.12960813 -0.18568126
v -0.34176858 0.12251802 -0.16572818
v -0.34707952 0.12555489 -0.17167168
v -0.34707952 0.12653990 -0.17132191
v -0.32052591 0.12860984 -0.17142769
v -0.32052591 0.12717140 -0.17923755
v -0.34707952 0.12614334 -0.17904777
v -0.34176858 0.12157023 -0.18420030
v -0.34176858 0.12682960 -0.18590293
v -0.34707952 0.12065486 -0.17088336
v -0.34176858 0.11841429 -0.16943164
v -0.32583684 0.14125115 -0.16271788
v -0.32583684 0.13530499 -0.16808357
v -0.32052591 0.13173123 -0.16851627
v -0.32318111 0.14323338 -0.16092915
v -0.32318111 0.10557364 -0.19491254
v -0.32656084 0.10671758 -0.15234373
v -0.32656084 0.10149595 -0.15847116
v -0.32832832 0.12082337 -0.14457055
v -0.32832832 0.12898353 -0.14391938
v -0.32832832 0.13703472 -0.14540246
v -0.32832832 0.14442782 -0.14891881
v -0.32656084 0.11060975 -0.20111864
v -0.32656084 0.10448232 -0.19589701
v -0.32656084 0.11787953 -0.20457652
v -0.32583684 0.13587908 -0.19187992
v -0.32484121 0.13368210 -0.20474343
v -0.32318111 0.13709373 -0.19425764
v -0.32583684 0.13223516 -0.18474782
v -0.34176858 0.12514505 -0.16479474
v -0.34707952 0.12758178 -0.17123845
v -0.32052591 0.12955391 -0.17187687
v -0.32052591 0.13102052 -0.18237010
v -0.32052591 0.12821329 -0.17915409
v -0.34707952 0.12717140 -0.17923755
v -0.34707952 0.12696622 -0.18323656
v -0.34176858 0.12162126 -0.19301802
v -0.34176858 0.12641870 -0.19390149
v -0.34707952 0.12024449 -0.17888192
v -0.34176858 0.11944820 -0.18239242
v -0.34176858 0.12347113 -0.15696202
v -0.34176858 0.11887410 -0.15859554
v -0.32583684 0.13781985 -0.17300646
v -0.32583684 0.13688641 -0.17037943
v -0.32052591 0.13034967 -0.17255515
v -0.32318111 0.14639623 -0.16552086
v -0.32484121 0.14977650 -0.15502444
v -0.32656084 0.15027086 -0.15457899
v -0.32318111 0.10122485 -0.18859906
v -0.32484121 0.09867171 -0.16594559
v -0.32832832 0.11310920 -0.14731187
v -0.32656084 0.09803807 -0.16574093
v -0.32832832 0.15065838 -0.15422868
v -0.32484121 0.10050829 -0.18896478
v -0.32656084 0.09991559 -0.18926778
v -0.32656084 0.12579623 -0.20603462
v -0.32318111 0.14073765 -0.20138974
v -0.34707952 0.12778697 -0.16723944
v -0.34707952 0.12860984 -0.17142769
v -0.32052591 0.12919882 -0.17880431
v -0.34707952 0.12821329 -0.17915409
v -0.34176858 0.12960813 -0.18568126
v -0.34176858 0.13128205 -0.19351344
v -0.34707952 0.11975651 -0.17277097
v -0.34176858 0.11786677 -0.18009657
v -0.34176858 0.11721666 -0.17194916
v -0.32583684 0.14401905 -0.16673551
v -0.32583684 0.13804152 -0.17578499
v -0.32052591 0.13332276 -0.16987231
v -0.32052591 0.13094291 -0.17341577
v -0.32318111 0.14917955 -0.15556346
v -0.32318111 0.09943664 -0.16619330
v -0.32832832 0.10636781 -0.15195621
v -0.32832832 0.10105793 -0.15818677
v -0.32832832 0.09754159 -0.16557987
v -0.33013300 0.12074470 -0.14420323
v -0.33013300 0.12900320 -0.14354462
v -0.33013300 0.13715060 -0.14504524
v -0.33013300 0.14463195 -0.14860359
v -0.33013300 0.15093745 -0.15397725
v -0.32832832 0.11032589 -0.20155666
v -0.32832832 0.10409480 -0.19624678
v -0.32832832 0.09945046 -0.18950539
v -0.32832832 0.11771846 -0.20507300
v -0.32583684 0.13989670 -0.18911256
v -0.32583684 0.13453102 -0.18316639
v -0.32656084 0.13382084 -0.20539460
v -0.32484121 0.14110337 -0.20210630
v -0.32318111 0.14168544 -0.19109479
v -0.32052591 0.13274228 -0.18118416
v -0.34176858 0.12833448 -0.15657398
v -0.34176858 0.12792411 -0.16457307
v -0.34707952 0.12955391 -0.17187687
v -0.32052591 0.13005944 -0.17821108
v -0.34707952 0.12919882 -0.17880431
v -0.34707952 0.12905051 -0.18307018
v -0.34442378 0.12628209 -0.19656785
v -0.34442378 0.13184020 -0.19612452
v -0.34707952 0.11954441 -0.17691192
v -0.34176858 0.11693333 -0.17746954
v -0.34442378 0.12291351 -0.15435147
v -0.34176858 0.11671166 -0.17469048
v -0.32583684 0.14306115 -0.18539900
v -0.32052591 0.13450922 -0.17159407
v -0.32052591 0.13537515 -0.17564837
v -0.34707952 0.13094291 -0.17341577
v -0.32052591 0.13129268 -0.17440130
v -0.32583684 0.14565257 -0.17133254
v -0.32318111 0.14826312 -0.17077439
v -0.32484121 0.15424489 -0.16151122
v -0.32656084 0.15483760 -0.16120822
v -0.32832832 0.15530272 -0.16097061
v -0.32318111 0.09865789 -0.18137500
v -0.32484121 0.09787116 -0.18154297
v -0.32484121 0.09724444 -0.17369166
v -0.32656084 0.09657997 -0.17365763
v -0.33013300 0.11293857 -0.14697751
v -0.32832832 0.09605850 -0.17363106
v -0.33013300 0.15563708 -0.16079944
v -0.32656084 0.09721999 -0.18168224
v -0.32832832 0.09670968 -0.18179122
v -0.32832832 0.12576965 -0.20655609
v -0.32583684 0.13633943 -0.18104436
v -0.32318111 0.14705113 -0.19704095
v -0.32052591 0.13118637 -0.17647124
v -0.34707952 0.12984309 -0.16761791
v -0.34707952 0.13034967 -0.17255515
v -0.32052591 0.13073772 -0.17741532
v -0.34707952 0.13005944 -0.17821108
v -0.34176858 0.11721559 -0.19092256
v -0.34442378 0.12079892 -0.19555787
v -0.34176858 0.13223516 -0.18474782
v -0.34176858 0.13587908 -0.19187992
v -0.34707952 0.11937803 -0.17482762
v -0.34442378 0.11765946 -0.15621835
v -0.34176858 0.11485648 -0.16136344
v -0.32583684 0.14515661 -0.18099333
v -0.32052591 0.13520930 -0.17356408
v -0.32052591 0.13499668 -0.17770449
v -0.32583684 0.13753653 -0.17852683
v -0.32052591 0.13137614 -0.17544318
v -0.32052591 0.13409832 -0.17959264
v -0.34707952 0.13129268 -0.17440130
v -0.32318111 0.14870645 -0.17633250
v -0.32318111 0.15352887 -0.16187694
v -0.32318111 0.09804764 -0.17373312
v -0.33013300 0.10611584 -0.15167714
v -0.33013300 0.10074271 -0.15798264
v -0.33013300 0.09718384 -0.16546399
v -0.33013300 0.09568321 -0.17361139
v -0.33196161 0.12069739 -0.14398210
v -0.33196161 0.12901436 -0.14331817
v -0.33196161 0.13722024 -0.14482996
v -0.33196161 0.14475474 -0.14841382
v -0.33196161 0.15110543 -0.15382575
v -0.33196161 0.15583855 -0.16069685
v -0.33013300 0.11012124 -0.20187188
v -0.33013300 0.10381573 -0.19649875
v -0.33013300 0.09911610 -0.18967602
v -0.33013300 0.09634236 -0.18186989
v -0.33013300 0.11760258 -0.20543075
v -0.32832832 0.13393034 -0.20590491
v -0.32656084 0.14140637 -0.20269900
v -0.32484121 0.14759015 -0.19763791
v -0.32318111 0.14530173 -0.18685072
v -0.34442378 0.12847110 -0.15390814
v -0.34176858 0.13066543 -0.16507806
v -0.34707952 0.13102052 -0.18237010
v -0.34442378 0.12587171 -0.20456695
v -0.34442378 0.13351359 -0.20395670
v -0.34442378 0.13709373 -0.19425764
v -0.34442378 0.12123959 -0.14651876
v -0.34707952 0.13173123 -0.16851627
v -0.34707952 0.13137614 -0.17544318
v -0.32583684 0.14604061 -0.17619589
v -0.32318111 0.15202346 -0.19120589
v -0.32484121 0.15688202 -0.16893249
v -0.32656084 0.15753320 -0.16879375
v -0.32832832 0.15804404 -0.16868425
v -0.33013300 0.15841135 -0.16860611
v -0.33196161 0.11283544 -0.14677604
v -0.33196161 0.15863249 -0.16855880
v -0.33013300 0.12575051 -0.20693138
v -0.32484121 0.15269855 -0.19164284
v -0.32318111 0.14769646 -0.18181567
v -0.34707952 0.13073772 -0.17741532
v -0.34707952 0.13118637 -0.17647124
v -0.34442378 0.12888147 -0.14590905
v -0.34176858 0.13313245 -0.15745798
v -0.34442378 0.11576387 -0.19316313
v -0.34442378 0.11833190 -0.20317795
v -0.34176858 0.13453102 -0.18316639
v -0.34176858 0.13989670 -0.18911256
v -0.34442378 0.11306774 -0.15938121
v -0.34442378 0.11401553 -0.14908572
v -0.34176858 0.11350203 -0.18775811
v -0.32318111 0.15531654 -0.18428269
v -0.32318111 0.15609583 -0.16910100
v -0.33196161 0.10596434 -0.15150916
v -0.33196161 0.10055241 -0.15785985
v -0.33196161 0.09696855 -0.16539435
v -0.33196161 0.09545729 -0.17360022
v -0.33380245 0.12068144 -0.14390821
v -0.33380245 0.12901862 -0.14324268
v -0.33380245 0.13724363 -0.14475820
v -0.33380245 0.14479620 -0.14835056
v -0.33380245 0.15116125 -0.15377472
v -0.33380245 0.15590606 -0.16066230
v -0.33380245 0.15870638 -0.16854285
v -0.33196161 0.10999844 -0.20206218
v -0.33196161 0.10364775 -0.19665025
v -0.33196161 0.09891464 -0.18977915
v -0.33196161 0.09612069 -0.18191720
v -0.33196161 0.11753294 -0.20564604
v -0.33013300 0.13400848 -0.20627223
v -0.32832832 0.14164398 -0.20316413
v -0.32656084 0.14803560 -0.19813174
v -0.32656084 0.15325723 -0.19200484
v -0.34442378 0.13395426 -0.15491813
v -0.34176858 0.13318295 -0.16627516
v -0.34276422 0.12583025 -0.20537015
v -0.34276422 0.13368210 -0.20474343
v -0.34442378 0.14073765 -0.20138974
v -0.34707952 0.13274228 -0.18118416
v -0.34176858 0.13633943 -0.18104436
v -0.34442378 0.14168544 -0.19109479
v -0.34176858 0.11169203 -0.16507647
v -0.34276422 0.11364981 -0.14836970
v -0.34276422 0.12107162 -0.14573257
v -0.32484121 0.15608201 -0.18453041
v -0.32318111 0.15670554 -0.17674288
v -0.32484121 0.15750875 -0.17678434
v -0.32656084 0.15817321 -0.17681836
v -0.32832832 0.15869521 -0.17684494
v -0.33013300 0.15906997 -0.17686408
v -0.33380245 0.11280089 -0.14670853
v -0.33196161 0.15929642 -0.17687577
v -0.33196161 0.12573882 -0.20715730
v -0.32656084 0.15671511 -0.18473506
v -0.34442378 0.13642129 -0.14729805
v -0.34176858 0.13753812 -0.15955344
v -0.34707952 0.13332276 -0.16987231
v -0.34442378 0.11151980 -0.18954632
v -0.34276422 0.11808418 -0.20394288
v -0.34276422 0.14110337 -0.20210630
v -0.34176858 0.14306115 -0.18539900
v -0.34176858 0.13753653 -0.17852683
v -0.34442378 0.10945145 -0.16362528
v -0.34276422 0.10716357 -0.15283809
v -0.34276422 0.12892293 -0.14510584
v -0.34176858 0.11073467 -0.18374049
v -0.33380245 0.10591384 -0.15145334
v -0.33380245 0.10048915 -0.15781839
v -0.33380245 0.09689679 -0.16537096
v -0.33380245 0.09538181 -0.17359597
v -0.33564381 0.12069739 -0.14398210
v -0.33564381 0.12901436 -0.14331817
v -0.33564381 0.13722024 -0.14482996
v -0.33564381 0.14475474 -0.14841382
v -0.33564381 0.15110543 -0.15382575
v -0.33564381 0.15583855 -0.16069685
v -0.33380245 0.15937191 -0.17688002
v -0.33380245 0.10995698 -0.20212544
v -0.33380245 0.10359194 -0.19670075
v -0.33380245 0.09884713 -0.18981370
v -0.33380245 0.09604681 -0.18193315
v -0.33380245 0.11751009 -0.20571780
v -0.33196161 0.13405579 -0.20649390
v -0.33013300 0.14181515 -0.20349849
v -0.32832832 0.14838591 -0.19851978
v -0.32832832 0.15369578 -0.19228870
v -0.32832832 0.15721213 -0.18489613
v -0.34442378 0.13898931 -0.15731286
v -0.34176858 0.13530499 -0.16808357
v -0.34442378 0.11140870 -0.19988486
v -0.34104458 0.12579623 -0.20603462
v -0.34104458 0.13382084 -0.20539460
v -0.34104458 0.14140637 -0.20269900
v -0.34442378 0.14705113 -0.19704095
v -0.34276422 0.14759015 -0.19763791
v -0.34707952 0.13409832 -0.17959264
v -0.34442378 0.14530173 -0.18685072
v -0.34176858 0.14125115 -0.16271788
v -0.34176858 0.13804152 -0.17578499
v -0.34176858 0.10959657 -0.16948214
v -0.34442378 0.10770205 -0.15343504
v -0.34104458 0.11334681 -0.14777699
v -0.34104458 0.10671758 -0.15234373
v -0.34104458 0.12093235 -0.14508139
v -0.33013300 0.15756934 -0.18501148
v -0.33564381 0.11283544 -0.14677604
v -0.33564381 0.15863249 -0.16855880
v -0.33196161 0.15778463 -0.18508165
v -0.33564381 0.15929642 -0.17687577
v -0.33380245 0.12573457 -0.20723278
v -0.34276422 0.13666900 -0.14653258
v -0.34442378 0.14334448 -0.15059113
v -0.34176858 0.13688641 -0.17037943
v -0.34442378 0.10835695 -0.18495513
v -0.34104458 0.11787953 -0.20457652
v -0.34276422 0.11097175 -0.20055996
v -0.34104458 0.14803560 -0.19813174
v -0.34176858 0.14515661 -0.18099333
v -0.34176858 0.14401905 -0.16673551
v -0.34707952 0.13499668 -0.17770449
v -0.34442378 0.10705672 -0.16866033
v -0.34276422 0.10205463 -0.15883263
v -0.34104458 0.10149595 -0.15847116
v -0.34104458 0.12895695 -0.14444138
v -0.34176858 0.10910115 -0.17914346
v -0.34707952 0.13450922 -0.17159407
v -0.33564381 0.10596434 -0.15150916
v -0.33564381 0.10055241 -0.15785985
v -0.33564381 0.09696855 -0.16539435
v -0.33747242 0.12074470 -0.14420323
v -0.33747242 0.12900320 -0.14354462
v -0.33747242 0.13715060 -0.14504524
v -0.33747242 0.14463195 -0.14860359
v -0.33747242 0.15093745 -0.15397725
v -0.33747242 0.15563708 -0.16079944
v -0.33380245 0.15785639 -0.18510450
v -0.33564381 0.15778463 -0.18508165
v -0.33564381 0.10999844 -0.20206218
v -0.33564381 0.10364775 -0.19665025
v -0.33564381 0.09891464 -0.18977915
v -0.33564381 0.09612069 -0.18191720
v -0.33564381 0.11753294 -0.20564604
v -0.33380245 0.13407174 -0.20656778
v -0.33196161 0.14191774 -0.20369995
v -0.33013300 0.14863734 -0.19879886
v -0.33013300 0.15401100 -0.19249335
v -0.34442378 0.14323338 -0.16092915
v -0.34176858 0.13781985 -0.17300646
v -0.34442378 0.10649007 -0.17970108
v -0.33927657 0.12576965 -0.20655609
v -0.33927657 0.13393034 -0.20590491
v -0.34442378 0.10557364 -0.19491254
v -0.33927657 0.14164398 -0.20316413
v -0.33927657 0.14838591 -0.19851978
v -0.34442378 0.14769646 -0.18181567
v -0.34276422 0.15269855 -0.19164284
v -0.34104458 0.15325723 -0.19200484
v -0.34707952 0.13537515 -0.17564837
v -0.34176858 0.10871310 -0.17428011
v -0.34442378 0.10604674 -0.17414349
v -0.33927657 0.11310920 -0.14731187
v -0.33927657 0.10636781 -0.15195621
v -0.34442378 0.10272973 -0.15927011
v -0.33927657 0.10105793 -0.15818677
v -0.33927657 0.12082337 -0.14457055
v -0.33747242 0.11293857 -0.14697751
v -0.33564381 0.09545729 -0.17360022
v -0.33747242 0.15906997 -0.17686408
v -0.33747242 0.15841135 -0.16860611
v -0.33196161 0.15420077 -0.19261615
v -0.33747242 0.15756934 -0.18501148
v -0.33564381 0.12573882 -0.20715730
v -0.34104458 0.13687366 -0.14589948
v -0.34276422 0.14378196 -0.14991604
v -0.34442378 0.14639623 -0.16552086
v -0.33927657 0.11771846 -0.20507300
v -0.34104458 0.11060975 -0.20111864
v -0.34276422 0.10497668 -0.19545102
v -0.33927657 0.15369578 -0.19228870
v -0.34442378 0.15202346 -0.19120589
v -0.34176858 0.14604061 -0.17619589
v -0.34176858 0.14565257 -0.17133254
v -0.34707952 0.13520930 -0.17356408
v -0.34276422 0.09867171 -0.16594559
v -0.34104458 0.09803807 -0.16574093
v -0.33927657 0.09754159 -0.16557987
v -0.33927657 0.12898353 -0.14391938
v -0.33747242 0.10611584 -0.15167714
v -0.33747242 0.10074271 -0.15798264
v -0.33747242 0.09718384 -0.16546399
v -0.33927657 0.13703472 -0.14540246
v -0.33927657 0.14442782 -0.14891881
v -0.33927657 0.15065838 -0.15422868
v -0.33927657 0.15530272 -0.16097061
v -0.33380245 0.15426403 -0.19265708
v -0.33564381 0.15420077 -0.19261615
v -0.33747242 0.15401100 -0.19249335
v -0.33747242 0.11012124 -0.20187188
v -0.33747242 0.10381573 -0.19649875
v -0.33747242 0.09911610 -0.18967602
v -0.33747242 0.09634236 -0.18186989
v -0.33747242 0.11760258 -0.20543075
v -0.33564381 0.13405579 -0.20649390
v -0.33380245 0.14195229 -0.20376746
v -0.33196161 0.14878884 -0.19896684
v -0.34442378 0.14917955 -0.15556346
v -0.33747242 0.12575051 -0.20693138
v -0.33747242 0.13400848 -0.20627223
v -0.33747242 0.14181515 -0.20349849
v -0.34276422 0.10050829 -0.18896478
v -0.33747242 0.14863734 -0.19879886
v -0.34442378 0.14870645 -0.17633250
v -0.34276422 0.15608201 -0.18453041
v -0.34104458 0.15671511 -0.18473506
v -0.33927657 0.15721213 -0.18489613
v -0.34442378 0.09943664 -0.16619330
v -0.33747242 0.09568321 -0.17361139
v -0.33927657 0.15869521 -0.17684494
v -0.33927657 0.15804404 -0.16868425
v -0.34104458 0.14414343 -0.14935736
v -0.34276422 0.14977650 -0.15502444
v -0.34442378 0.14826312 -0.17077439
v -0.33927657 0.11032589 -0.20155666
v -0.34104458 0.10448232 -0.19589701
v -0.34442378 0.10122485 -0.18859906
v -0.34104458 0.09991559 -0.18926778
v -0.34442378 0.15531654 -0.18428269
v -0.34276422 0.09724444 -0.17369166
v -0.34104458 0.09657997 -0.17365763
v -0.33927657 0.09605850 -0.17363106
v -0.34104458 0.15027086 -0.15457899
v -0.34104458 0.15483760 -0.16120822
v -0.33380245 0.14883934 -0.19902265
v -0.33564381 0.14878884 -0.19896684
v -0.33927657 0.10409480 -0.19624678
v -0.33927657 0.09945046 -0.18950539
v -0.33927657 0.09670968 -0.18179122
v -0.33564381 0.14191774 -0.20369995
v -0.34276422 0.15424489 -0.16151122
v -0.34276422 0.09787116 -0.18154297
v -0.34104458 0.09721999 -0.18168224
v -0.34442378 0.15352887 -0.16187694
v -0.34276422 0.15750875 -0.17678434
v -0.34104458 0.15817321 -0.17681836
v -0.34442378 0.09865789 -0.18137500
v -0.34442378 0.09804764 -0.17373312
v -0.34104458 0.15753320 -0.16879375
v -0.34442378 0.15609583 -0.16910100
v -0.34442378 0.15670554 -0.17674288
v -0.34276422 0.15688202 -0.16893249
v -0.34957684 0.14148610 -0.16831108
v -0.35157289 0.14590240 -0.13540785
v -0.34957684 0.14148610 -0.13540785
v -0.35157289 0.14590240 -0.16162923
v -0.35016689 0.16004115 -0.13540785
v -0.34707952 0.13843701 -0.17292407
v -0.35413613 0.14512737 -0.16280187
v -0.35230753 0.15038037 -0.15485328
v -0.35187802 0.15550738 -0.13540785
v -0.34734052 0.16397798 -0.13540785
v -0.34707952 0.13843701 -0.13540785
v -0.35185250 0.14007372 -0.17044747
v -0.35499888 0.15038037 -0.15485328
v -0.35235749 0.15068443 -0.13540785
v -0.35185835 0.15555894 -0.14863017
v -0.35000369 0.16026867 -0.14478850
v -0.34698011 0.13542512 -0.17565103
v -0.34973472 0.13748868 -0.17435931
v -0.35413613 0.14512737 -0.13275264
v -0.35503449 0.15059937 -0.13275264
v -0.35235749 0.15068443 -0.15441952
v -0.35503449 0.15059937 -0.15454125
v -0.35227191 0.15154451 -0.15319318
v -0.35187802 0.15550738 -0.14868279
v -0.35129276 0.15705744 -0.14726403
v -0.35016689 0.16004115 -0.14495381
v -0.34878108 0.16197076 -0.14368708
v -0.34359134 0.16704887 -0.13540785
v -0.34696789 0.13504983 -0.17772203
v -0.34697480 0.13526033 -0.17355345
v -0.34695035 0.13452889 -0.17883727
v -0.35185250 0.14007372 -0.13275264
v -0.35214752 0.15279849 -0.15159899
v -0.35201410 0.15413805 -0.15007657
v -0.35454119 0.15555894 -0.14863017
v -0.35413135 0.15705744 -0.14726403
v -0.35070005 0.15862877 -0.14598187
v -0.35291937 0.16026867 -0.14478850
v -0.35205025 0.16197076 -0.14368708
v -0.34751700 0.16373186 -0.14268081
v -0.34359134 0.16704887 -0.14112065
v -0.34661599 0.12439022 -0.13540785
v -0.34695194 0.13456610 -0.17156484
v -0.34707952 0.13427533 -0.17922107
v -0.34973472 0.13748868 -0.13275264
v -0.35413613 0.14512737 -0.13205788
v -0.35494040 0.15154451 -0.15319318
v -0.35481601 0.15279849 -0.15159899
v -0.35448591 0.15611762 -0.14812092
v -0.35353812 0.15862877 -0.14598187
v -0.35252760 0.16130576 -0.14411765
v -0.35078617 0.16373186 -0.14268081
v -0.34734052 0.16397798 -0.14255749
v -0.34542739 0.16554505 -0.14177289
v -0.34280249 0.16740555 -0.14096596
v -0.32006503 0.12439022 -0.13540785
v -0.34665798 0.12565855 -0.16719850
v -0.34691260 0.13338495 -0.16981596
v -0.34973472 0.13427533 -0.17922107
v -0.34973472 0.13738290 -0.13275264
v -0.35185250 0.14007372 -0.13205788
v -0.35503449 0.15059937 -0.13205788
v -0.35448591 0.15611762 -0.13275264
v -0.35468259 0.15413805 -0.15007657
v -0.35252760 0.16130576 -0.13275264
v -0.34929351 0.16581030 -0.13275264
v -0.34948382 0.16554505 -0.14177289
v -0.34734637 0.16740555 -0.14096596
v -0.33917504 0.16904492 -0.14035997
v -0.33917504 0.16904492 -0.13540785
v -0.31787070 0.12472139 -0.13275264
v -0.34659100 0.12362104 -0.16788689
v -0.34672868 0.12779600 -0.16706295
v -0.34694237 0.13427533 -0.17922107
v -0.34685998 0.13179130 -0.16842378
v -0.34707952 0.13300966 -0.18087053
v -0.34838453 0.13573503 -0.13275264
v -0.34973472 0.13748868 -0.13205788
v -0.35179615 0.14010880 -0.13172246
v -0.35416962 0.14511727 -0.13223330
v -0.35252760 0.16130576 -0.13205788
v -0.35506904 0.15059831 -0.13223330
v -0.35407288 0.14514651 -0.13172246
v -0.35448591 0.15611762 -0.13205788
v -0.34929351 0.16581030 -0.14165754
v -0.34502446 0.16930752 -0.14026269
v -0.33439249 0.16982952 -0.13540785
v -0.31990769 0.11968209 -0.17317603
v -0.34973472 0.12472139 -0.13275264
v -0.34653147 0.12182645 -0.16908718
v -0.34660110 0.12392722 -0.17324620
v -0.34668084 0.12634587 -0.17139048
v -0.34679725 0.12988721 -0.16748343
v -0.34690038 0.13300966 -0.18087053
v -0.34973472 0.13300966 -0.18087053
v -0.34833828 0.13578393 -0.13275264
v -0.34836220 0.13575895 -0.13223330
v -0.34968369 0.13753015 -0.13172246
v -0.35188174 0.14005564 -0.13223330
v -0.34929351 0.16581030 -0.13205788
v -0.35451940 0.15612560 -0.13223330
v -0.35496858 0.15060150 -0.13172246
v -0.33757554 0.16930752 -0.14026269
v -0.33439249 0.16982952 -0.14006920
v -0.32957007 0.16935004 -0.13540785
v -0.31787070 0.11968209 -0.17317603
v -0.31990769 0.11968209 -0.17729997
v -0.34646661 0.11984422 -0.17187634
v -0.33866101 0.13052562 -0.13275264
v -0.34648469 0.12040396 -0.17072070
v -0.34658303 0.12337704 -0.17503281
v -0.34658888 0.12356682 -0.17400475
v -0.34660376 0.12401546 -0.17306068
v -0.34665479 0.12555489 -0.17167168
v -0.34668722 0.12653990 -0.17132191
v -0.34674888 0.12840731 -0.17139048
v -0.34680735 0.13019286 -0.17242173
v -0.34684669 0.13137614 -0.17544318
v -0.34707952 0.13135966 -0.18213674
v -0.34973472 0.13262586 -0.17483719
v -0.34386563 0.13249031 -0.13275264
v -0.34976130 0.13746689 -0.13223330
v -0.34385022 0.13251902 -0.13223330
v -0.34973472 0.12965491 -0.17043578
v -0.34833828 0.13578393 -0.13205788
v -0.34829310 0.13583231 -0.13172246
v -0.35165476 0.14019704 -0.13122916
v -0.34955611 0.13763487 -0.13122916
v -0.35420099 0.14510770 -0.13275264
v -0.35510200 0.15059725 -0.13275264
v -0.35246912 0.16127493 -0.13172246
v -0.35255790 0.16132224 -0.13223330
v -0.34924514 0.16576512 -0.13172246
v -0.35455129 0.15613304 -0.13275264
v -0.35391341 0.14519488 -0.13122916
v -0.35442159 0.15610274 -0.13172246
v -0.34500320 0.16932453 -0.13275264
v -0.34500320 0.16932453 -0.14025631
v -0.32503629 0.16763891 -0.13540785
v -0.31989865 0.11941045 -0.17523800
v -0.31787070 0.11968209 -0.17729997
v -0.31993427 0.12047785 -0.17922107
v -0.34703061 0.11973365 -0.17276353
v -0.33312522 0.12997545 -0.13275264
v -0.34648735 0.12047785 -0.17922107
v -0.34658781 0.12352961 -0.17420728
v -0.34658356 0.12339352 -0.18213674
v -0.34662183 0.12456032 -0.17242173
v -0.34664894 0.12538532 -0.17178863
v -0.34671486 0.12737659 -0.17125493
v -0.34672124 0.12758178 -0.17123845
v -0.34678024 0.12936839 -0.17178863
v -0.34681267 0.13034967 -0.17255515
v -0.34684616 0.13135966 -0.18213674
v -0.34684616 0.13135966 -0.17523800
v -0.34973472 0.13135966 -0.18213674
v -0.34383374 0.13254985 -0.13275264
v -0.34978628 0.13744616 -0.13275264
v -0.34383374 0.13254985 -0.13205788
v -0.34973472 0.12435726 -0.17080788
v -0.34817881 0.13595404 -0.13122916
v -0.35190991 0.14003863 -0.13275264
v -0.34500320 0.16932453 -0.13205788
v -0.34931850 0.16583423 -0.13223330
v -0.35480166 0.15060682 -0.13122916
v -0.33995007 0.17160816 -0.13941165
v -0.33447807 0.17250652 -0.13907941
v -0.32957007 0.16935004 -0.14024675
v -0.32052591 0.13820790 -0.13540785
v -0.31787070 0.11941045 -0.17523800
v -0.31787070 0.12047785 -0.17922107
v -0.31997679 0.12174406 -0.18087053
v -0.34707952 0.11968209 -0.17317603
v -0.34646077 0.11968209 -0.17317603
v -0.33865357 0.13055752 -0.13223330
v -0.32763568 0.13087646 -0.13275264
v -0.33312629 0.13000840 -0.13223330
v -0.33864560 0.13059154 -0.13275264
v -0.34652881 0.12174406 -0.18087053
v -0.34658356 0.12339352 -0.17523800
v -0.34707952 0.12840731 -0.17139048
v -0.34678024 0.12936839 -0.17868737
v -0.34707952 0.12936839 -0.17178863
v -0.34682862 0.13082596 -0.17324620
v -0.34684137 0.13122411 -0.17626872
v -0.34684403 0.13129268 -0.17440130
v -0.34973472 0.12943856 -0.18293250
v -0.35371779 0.12965491 -0.17043578
v -0.34973472 0.13029917 -0.17961124
v -0.33864560 0.13059154 -0.13205788
v -0.34973472 0.12203057 -0.17558193
v -0.34372370 0.13275504 -0.13122916
v -0.34502180 0.16935376 -0.13223330
v -0.35145914 0.14031824 -0.13076191
v -0.34937963 0.13777945 -0.13076191
v -0.34802146 0.13612148 -0.13076191
v -0.35232241 0.16119573 -0.13122916
v -0.34912341 0.16565083 -0.13122916
v -0.35258713 0.16133766 -0.13275264
v -0.34496865 0.16926818 -0.13172246
v -0.35369280 0.14526133 -0.13076191
v -0.35425893 0.15606446 -0.13122916
v -0.33995007 0.17160816 -0.13275264
v -0.32895983 0.17195793 -0.13928247
v -0.32945631 0.16930752 -0.14026269
v -0.32109947 0.16481254 -0.13540785
v -0.32009586 0.12531516 -0.18293250
v -0.31787070 0.12174406 -0.18087053
v -0.32003154 0.12339352 -0.18213674
v -0.34973472 0.11968209 -0.17317603
v -0.32256661 0.13316754 -0.13275264
v -0.32764525 0.13090782 -0.13223330
v -0.32765535 0.13094078 -0.13275264
v -0.33312735 0.13004296 -0.13275264
v -0.34707952 0.12174406 -0.18087053
v -0.34658781 0.12352961 -0.17626872
v -0.34707952 0.12456032 -0.17242173
v -0.34664894 0.12538532 -0.17868737
v -0.34707952 0.12737659 -0.17125493
v -0.34674888 0.12840731 -0.17908498
v -0.34707952 0.13019286 -0.17242173
v -0.34680735 0.13019286 -0.17805427
v -0.34683234 0.13094291 -0.17341577
v -0.34682862 0.13082596 -0.17722927
v -0.34684137 0.13122411 -0.17420728
v -0.34707952 0.12943856 -0.18293250
v -0.35371779 0.13262586 -0.17483719
v -0.34380291 0.13260779 -0.13172246
v -0.33995007 0.17160816 -0.13205788
v -0.34973472 0.12047785 -0.17922107
v -0.35371779 0.12203057 -0.17558193
v -0.35371779 0.12435726 -0.17080788
v -0.34361526 0.13295810 -0.13076191
v -0.33996017 0.17164165 -0.13223330
v -0.34503881 0.16938194 -0.13275264
v -0.34934242 0.16585655 -0.13275264
v -0.35457149 0.15061426 -0.13076191
v -0.32895983 0.17195793 -0.13275264
v -0.32503629 0.16763891 -0.14087985
v -0.31802858 0.16106337 -0.13540785
v -0.32016444 0.12737659 -0.18320413
v -0.31787070 0.12340841 -0.17489620
v -0.31787070 0.12339352 -0.18213674
v -0.34973472 0.11968209 -0.17729997
v -0.34973472 0.11941045 -0.17523800
v -0.34645226 0.11941045 -0.17523800
v -0.34646077 0.11968209 -0.17729997
v -0.33312735 0.13004296 -0.13205788
v -0.31826300 0.13669292 -0.13275264
v -0.32258362 0.13319571 -0.13223330
v -0.32260169 0.13322495 -0.13275264
v -0.32765535 0.13094078 -0.13205788
v -0.34707952 0.12047785 -0.17922107
v -0.34707952 0.12339352 -0.18213674
v -0.34664682 0.12531516 -0.18293250
v -0.34973472 0.12353705 -0.17624107
v -0.34707952 0.12538532 -0.17178863
v -0.34973472 0.12453959 -0.17244193
v -0.34662183 0.12456032 -0.17805427
v -0.34973472 0.12840731 -0.17139048
v -0.34973472 0.12737659 -0.17125493
v -0.34707952 0.12936839 -0.17868737
v -0.34973472 0.13019286 -0.17242173
v -0.34707952 0.13019286 -0.17805427
v -0.34678290 0.12943856 -0.18293250
v -0.34682543 0.13073772 -0.17741532
v -0.34707952 0.13082596 -0.17722927
v -0.34973472 0.12737659 -0.18320413
v -0.35371779 0.13029917 -0.17961124
v -0.33863071 0.13065586 -0.13172246
v -0.33447807 0.17250652 -0.13205788
v -0.34973472 0.12174406 -0.18087053
v -0.35371779 0.12500153 -0.17998334
v -0.33859244 0.13081852 -0.13122916
v -0.33853981 0.13104231 -0.13076191
v -0.33996974 0.17167301 -0.13275264
v -0.35121302 0.14047080 -0.13032868
v -0.34915743 0.13796125 -0.13032868
v -0.34782319 0.13633305 -0.13032868
v -0.34347865 0.13321325 -0.13032868
v -0.35211935 0.16108729 -0.13076191
v -0.34895543 0.16549349 -0.13076191
v -0.34488040 0.16912678 -0.13122916
v -0.33993094 0.17154490 -0.13172246
v -0.35341585 0.14534532 -0.13032868
v -0.35403514 0.15601237 -0.13076191
v -0.33447807 0.17250652 -0.13275264
v -0.32377115 0.16999962 -0.13275264
v -0.32280688 0.16930752 -0.14026269
v -0.32471097 0.16740555 -0.14096596
v -0.31743854 0.14250832 -0.13540785
v -0.31802858 0.16106337 -0.14427447
v -0.31787070 0.12531516 -0.18293250
v -0.32023354 0.12943856 -0.18293250
v -0.31787070 0.12737659 -0.18320413
v -0.31787070 0.12363220 -0.17388036
v -0.34707952 0.11941045 -0.17523800
v -0.31787070 0.13723885 -0.13275264
v -0.31828692 0.13671525 -0.13223330
v -0.31831191 0.13673864 -0.13275264
v -0.32260169 0.13322495 -0.13205788
v -0.34659685 0.12381028 -0.17705969
v -0.34973472 0.12352961 -0.17626872
v -0.34707952 0.12339352 -0.17523800
v -0.34660110 0.12392722 -0.17722927
v -0.34707952 0.12352961 -0.17420728
v -0.34973472 0.12456032 -0.17242173
v -0.34973472 0.12392722 -0.17324620
v -0.34707952 0.12538532 -0.17868737
v -0.34668084 0.12634587 -0.17908498
v -0.34973472 0.12936839 -0.17178863
v -0.34973472 0.12731333 -0.17128045
v -0.34707952 0.12634587 -0.17139048
v -0.34671486 0.12737659 -0.17922107
v -0.34707952 0.12840731 -0.17908498
v -0.34707952 0.13082596 -0.17324620
v -0.34677493 0.12919882 -0.17880431
v -0.34973472 0.13122411 -0.17626872
v -0.34973472 0.13082596 -0.17722927
v -0.34707952 0.12737659 -0.18320413
v -0.34973472 0.12531516 -0.18293250
v -0.33447595 0.17244060 -0.13172246
v -0.33447914 0.17254107 -0.13223330
v -0.34973472 0.12339352 -0.18213674
v -0.34973472 0.12500153 -0.17998334
v -0.33847390 0.13132404 -0.13032868
v -0.33448020 0.17257403 -0.13275264
v -0.35428232 0.15062329 -0.13032868
v -0.32377115 0.16999962 -0.14000647
v -0.32895983 0.17195793 -0.13205788
v -0.32211956 0.16554505 -0.14177289
v -0.31603253 0.15664707 -0.13540785
v -0.31743854 0.14250832 -0.16676474
v -0.31877225 0.16197076 -0.14368708
v -0.31766924 0.16026867 -0.14478850
v -0.32029733 0.13135966 -0.18213674
v -0.31787070 0.12943856 -0.18293250
v -0.31787070 0.12345519 -0.17593489
v -0.31753847 0.12363220 -0.17388036
v -0.31787070 0.12411115 -0.17295755
v -0.34707952 0.11968209 -0.17729997
v -0.32767448 0.13100404 -0.13172246
v -0.31787070 0.12481229 -0.17218996
v -0.31787070 0.13735366 -0.13275264
v -0.31831191 0.13673864 -0.13205788
v -0.32263678 0.13328129 -0.13172246
v -0.32377115 0.16999962 -0.13205788
v -0.34707952 0.12531516 -0.18293250
v -0.34707952 0.12352961 -0.17626872
v -0.34973472 0.12393307 -0.17718674
v -0.34973472 0.12339352 -0.17523800
v -0.34973472 0.12352961 -0.17420728
v -0.34973472 0.12535077 -0.17181467
v -0.34973472 0.12456086 -0.17799845
v -0.34707952 0.12456032 -0.17805427
v -0.34707952 0.12634587 -0.17908498
v -0.34661652 0.12440351 -0.17792084
v -0.34671486 0.12737659 -0.18320413
v -0.34973472 0.12634587 -0.17139048
v -0.34973472 0.12936839 -0.17868737
v -0.34973472 0.13019286 -0.17805427
v -0.34973472 0.13082596 -0.17324620
v -0.34707952 0.13122411 -0.17626872
v -0.34707952 0.13122411 -0.17420728
v -0.34707952 0.13135966 -0.17523800
v -0.33312948 0.13010887 -0.13172246
v -0.33313479 0.13027578 -0.13122916
v -0.32897471 0.17189361 -0.13172246
v -0.32895185 0.17199142 -0.13223330
v -0.33314223 0.13050542 -0.13076191
v -0.33315127 0.13079513 -0.13032868
v -0.35092066 0.14065207 -0.12993691
v -0.34889377 0.13817760 -0.12993691
v -0.34758823 0.13658342 -0.12993691
v -0.33839576 0.13165893 -0.12993691
v -0.35186420 0.16095067 -0.13032868
v -0.34874440 0.16529574 -0.13032868
v -0.34475921 0.16893116 -0.13076191
v -0.33988257 0.17138543 -0.13122916
v -0.35308681 0.14544472 -0.12993691
v -0.35375287 0.15594592 -0.13032868
v -0.31926661 0.16676554 -0.13275264
v -0.32015806 0.16740555 -0.14096596
v -0.32109947 0.16481254 -0.14213967
v -0.31603253 0.15664707 -0.14763825
v -0.31572687 0.14704209 -0.13540785
v -0.32052591 0.13820790 -0.17327065
v -0.32021440 0.16373186 -0.14268081
v -0.31552488 0.16197076 -0.14368708
v -0.31692823 0.15862877 -0.14598187
v -0.31787070 0.12601949 -0.17898239
v -0.32035261 0.13300966 -0.18087053
v -0.31787070 0.13135966 -0.18213674
v -0.31787070 0.12807348 -0.17915940
v -0.31787070 0.12343924 -0.17557980
v -0.31753847 0.12340841 -0.17489620
v -0.31753847 0.12411115 -0.17295755
v -0.31787070 0.12376881 -0.17692574
v -0.31787070 0.12568885 -0.17163022
v -0.31787070 0.13735366 -0.17456396
v -0.31836028 0.13678435 -0.13172246
v -0.31926661 0.16676554 -0.13205788
v -0.34707952 0.12392722 -0.17324620
v -0.34973472 0.12538532 -0.17178863
v -0.34973472 0.12456032 -0.17805427
v -0.34973472 0.12634587 -0.17908498
v -0.34667393 0.12614334 -0.17904777
v -0.34707952 0.12737659 -0.17922107
v -0.34973472 0.12734310 -0.17913867
v -0.34973472 0.12629697 -0.17141812
v -0.34973472 0.12840731 -0.17908498
v -0.34973472 0.12978036 -0.17837108
v -0.34674250 0.12821329 -0.17915409
v -0.34973472 0.13135966 -0.17523800
v -0.34973472 0.13122411 -0.17420728
v -0.33447063 0.17227369 -0.13122916
v -0.32894441 0.17202332 -0.13275264
v -0.33316243 0.13113853 -0.12993691
v -0.34331599 0.13351625 -0.12993691
v -0.35393839 0.15063446 -0.12993691
v -0.32375520 0.17002992 -0.13223330
v -0.31826726 0.16554505 -0.14177289
v -0.31621805 0.15705744 -0.14726403
v -0.31585392 0.15555894 -0.14863017
v -0.31524740 0.15186452 -0.13540785
v -0.31507782 0.14124318 -0.16867787
v -0.32039461 0.13427533 -0.17922107
v -0.31572687 0.14704209 -0.15990427
v -0.31678204 0.16373186 -0.14268081
v -0.31475516 0.16026867 -0.14478850
v -0.31787070 0.12509615 -0.17850344
v -0.31787070 0.12703479 -0.17920618
v -0.31787070 0.13300966 -0.18087053
v -0.31787070 0.12994089 -0.17828550
v -0.31787070 0.12906486 -0.17884578
v -0.31753847 0.12343924 -0.17557980
v -0.31753847 0.12481229 -0.17218996
v -0.31787070 0.12432856 -0.17780230
v -0.31753847 0.12345519 -0.17593489
v -0.32772286 0.13116404 -0.13122916
v -0.32272502 0.13342269 -0.13122916
v -0.31787070 0.12667970 -0.17131659
v -0.31787070 0.13427533 -0.17922107
v -0.31787070 0.13735366 -0.13205788
v -0.31575292 0.16247522 -0.13205788
v -0.31848201 0.13689811 -0.13122916
v -0.32380251 0.16994115 -0.13172246
v -0.31924322 0.16679052 -0.13223330
v -0.34973472 0.12392722 -0.17722927
v -0.34973472 0.12537682 -0.17861933
v -0.34707952 0.12392722 -0.17722927
v -0.34973472 0.12538532 -0.17868737
v -0.34973472 0.12737659 -0.17922107
v -0.34973472 0.12632567 -0.17900844
v -0.34973472 0.12833076 -0.17141068
v -0.32778930 0.13138411 -0.13076191
v -0.32901245 0.17173095 -0.13122916
v -0.32373979 0.17005916 -0.13275264
v -0.32787329 0.13166159 -0.13032868
v -0.35271099 0.14555795 -0.12959298
v -0.35058736 0.14085885 -0.12959298
v -0.34859290 0.13842372 -0.12959298
v -0.34731979 0.13686993 -0.12959298
v -0.34313100 0.13386230 -0.12959298
v -0.33830645 0.13204114 -0.12959298
v -0.35156120 0.16078801 -0.12993691
v -0.34460664 0.16868505 -0.13032868
v -0.33981612 0.17116483 -0.13076191
v -0.35354662 0.15064668 -0.12959298
v -0.35341798 0.15586778 -0.12993691
v -0.31926661 0.16676554 -0.14124344
v -0.31340922 0.15705744 -0.14726403
v -0.31562056 0.15413805 -0.15007657
v -0.31540102 0.15279849 -0.15159899
v -0.31539517 0.15038037 -0.15485328
v -0.31311951 0.14643185 -0.16082815
v -0.31575292 0.16247522 -0.14339897
v -0.31401415 0.15862877 -0.14598187
v -0.31575292 0.16247522 -0.13275264
v -0.31753847 0.12601949 -0.17898239
v -0.31753847 0.12703479 -0.17920618
v -0.31787070 0.13064204 -0.17751844
v -0.31753847 0.12807348 -0.17915940
v -0.31753847 0.12906486 -0.17884578
v -0.31753847 0.12376881 -0.17692574
v -0.31753847 0.12568885 -0.17163022
v -0.31787070 0.12771839 -0.17126981
v -0.31507782 0.14124318 -0.13275264
v -0.31931233 0.16671717 -0.13172246
v -0.31572368 0.16249383 -0.13223330
v -0.34670795 0.12717140 -0.17923755
v -0.34973472 0.12835947 -0.17900100
v -0.33446319 0.17204352 -0.13076191
v -0.32797270 0.13199064 -0.12993691
v -0.33317466 0.13153083 -0.12959298
v -0.34849350 0.16506026 -0.12993691
v -0.31922090 0.16681444 -0.13275264
v -0.31292974 0.15413805 -0.15007657
v -0.31316310 0.15555894 -0.14863017
v -0.31524740 0.15186452 -0.15278599
v -0.31527929 0.15154451 -0.15319318
v -0.31272668 0.15038037 -0.15485328
v -0.31753847 0.12509615 -0.17850344
v -0.31787070 0.13134478 -0.17557980
v -0.31753847 0.12994089 -0.17828550
v -0.31787070 0.13112098 -0.17659510
v -0.31753847 0.12432856 -0.17780230
v -0.32284622 0.13361831 -0.13076191
v -0.31864946 0.13705598 -0.13076191
v -0.31753847 0.12667970 -0.17131659
v -0.31787070 0.12873423 -0.17149361
v -0.31507782 0.14124318 -0.13205788
v -0.31580927 0.16244067 -0.13172246
v -0.31343580 0.15743220 -0.13223330
v -0.32388119 0.16979444 -0.13122916
v -0.31569551 0.16251084 -0.13275264
v -0.34973472 0.12927962 -0.17179979
v -0.32299878 0.13386443 -0.13032868
v -0.32906508 0.17150716 -0.13076191
v -0.32318004 0.13415679 -0.12993691
v -0.35229583 0.14568393 -0.12930381
v -0.35311286 0.15066050 -0.12930381
v -0.35021845 0.14108796 -0.12930381
v -0.34825961 0.13869642 -0.12930381
v -0.34702264 0.13718622 -0.12930381
v -0.34292581 0.13424450 -0.12930381
v -0.32808592 0.13236593 -0.12959298
v -0.33820705 0.13246373 -0.12930381
v -0.35303631 0.15577848 -0.12959298
v -0.35121515 0.16060303 -0.12959298
v -0.34442538 0.16839268 -0.12993691
v -0.33973213 0.17088788 -0.13032868
v -0.31346876 0.15742210 -0.14696635
v -0.31271020 0.15279849 -0.15159899
v -0.31346876 0.15742210 -0.13275264
v -0.31257040 0.15195010 -0.15267809
v -0.31311951 0.14643185 -0.13275264
v -0.31257040 0.15195010 -0.13275264
v -0.31787070 0.13129800 -0.17454111
v -0.31753847 0.13064204 -0.17751844
v -0.31753847 0.12771839 -0.17126981
v -0.31787070 0.12965704 -0.17197255
v -0.31792386 0.13739194 -0.13172246
v -0.31504699 0.14122723 -0.13223330
v -0.31346876 0.15742210 -0.13205788
v -0.31942608 0.16659544 -0.13122916
v -0.31340444 0.15744177 -0.13275264
v -0.34973472 0.12930567 -0.17860444
v -0.33445415 0.17175434 -0.13032868
v -0.32338683 0.13449009 -0.12959298
v -0.32821190 0.13278161 -0.12930381
v -0.33318848 0.13196459 -0.12930381
v -0.34820751 0.16479181 -0.12959298
v -0.31261080 0.15154451 -0.15319318
v -0.31787070 0.13098437 -0.17354973
v -0.31753847 0.13134478 -0.17557980
v -0.31753847 0.13112098 -0.17659510
v -0.31886102 0.13725373 -0.13032868
v -0.31753847 0.12873423 -0.17149361
v -0.31787070 0.13042462 -0.17267370
v -0.31311951 0.14643185 -0.13205788
v -0.31513577 0.14127454 -0.13172246
v -0.31784253 0.13733347 -0.13223330
v -0.31308549 0.14642388 -0.13223330
v -0.31595067 0.16235243 -0.13122916
v -0.31353201 0.15740296 -0.13172246
v -0.31253638 0.15195116 -0.13223330
v -0.31250342 0.15195222 -0.13275264
v -0.32399016 0.16959138 -0.13076191
v -0.34973472 0.13009558 -0.17242067
v -0.31911139 0.13748922 -0.12993691
v -0.32913099 0.17122490 -0.13032868
v -0.31939791 0.13775766 -0.12959298
v -0.35184719 0.14581948 -0.12907310
v -0.35264454 0.15067539 -0.12907310
v -0.35261371 0.15567908 -0.12930381
v -0.34982083 0.14133461 -0.12907310
v -0.34790080 0.13899091 -0.12907310
v -0.34670210 0.13752802 -0.12907310
v -0.34270468 0.13465753 -0.12907310
v -0.32361593 0.13485900 -0.12930381
v -0.33810074 0.13291982 -0.12907310
v -0.35083242 0.16039784 -0.12930381
v -0.34421807 0.16805939 -0.12959298
v -0.33963273 0.17055884 -0.12993691
v -0.31257040 0.15195010 -0.13205788
v -0.31753847 0.13129800 -0.17454111
v -0.31753847 0.12965704 -0.17197255
v -0.31805835 0.13748815 -0.13122916
v -0.31501829 0.14121181 -0.13275264
v -0.31305360 0.14641643 -0.13275264
v -0.31958396 0.16642746 -0.13076191
v -0.34973472 0.13011684 -0.17797719
v -0.33444299 0.17141041 -0.12993691
v -0.31971420 0.13805481 -0.12930381
v -0.32834745 0.13322973 -0.12907310
v -0.32386258 0.13525661 -0.12907310
v -0.33320336 0.13243290 -0.12907310
v -0.34789123 0.16449466 -0.12930381
v -0.31753847 0.13098437 -0.17354973
v -0.31753847 0.13042462 -0.17267370
v -0.31318383 0.14644673 -0.13172246
v -0.31528301 0.14135321 -0.13122916
v -0.31781648 0.13731433 -0.13275264
v -0.31614628 0.16223123 -0.13076191
v -0.31369202 0.15735459 -0.13122916
v -0.31263685 0.15194797 -0.13172246
v -0.32412677 0.16933622 -0.13032868
v -0.34973472 0.13072337 -0.17323238
v -0.32920966 0.17089001 -0.12993691
v -0.35137409 0.14596247 -0.12890513
v -0.35215018 0.15069134 -0.12890513
v -0.35215762 0.15557276 -0.12907310
v -0.34940036 0.14159561 -0.12890513
v -0.34752125 0.13930134 -0.12890513
v -0.34636349 0.13788843 -0.12890513
v -0.34247132 0.13509342 -0.12890513
v -0.32005546 0.13837535 -0.12907310
v -0.33798751 0.13340143 -0.12890513
v -0.35041992 0.16017671 -0.12907310
v -0.34398949 0.16769047 -0.12930381
v -0.33951897 0.17018301 -0.12959298
v -0.31753847 0.12988667 -0.17218199
v -0.31824387 0.13762105 -0.13076191
v -0.31978170 0.16621643 -0.13032868
v -0.34973472 0.13073825 -0.17716123
v -0.33443023 0.17101865 -0.12959298
v -0.32849045 0.13370336 -0.12890513
v -0.32412358 0.13567709 -0.12890513
v -0.32041640 0.13871343 -0.12890513
v -0.33321931 0.13292727 -0.12890513
v -0.34754943 0.16417413 -0.12907310
v -0.31334650 0.14648448 -0.13122916
v -0.31548607 0.14146218 -0.13076191
v -0.31639240 0.16207867 -0.13032868
v -0.31391209 0.15728814 -0.13076191
v -0.31280376 0.15194266 -0.13122916
v -0.32001719 0.16596552 -0.12993691
v -0.34973472 0.13111939 -0.17417804
v -0.32929897 0.17050834 -0.12959298
v -0.32428943 0.16903322 -0.12993691
v -0.35088345 0.14611078 -0.12880360
v -0.35163828 0.15070728 -0.12880360
v -0.35167602 0.15545954 -0.12890513
v -0.34896500 0.14186565 -0.12880360
v -0.34712842 0.13962348 -0.12880360
v -0.34601318 0.13826212 -0.12880360
v -0.34222892 0.13554526 -0.12880360
v -0.33787110 0.13390004 -0.12880360
v -0.34998403 0.15994335 -0.12890513
v -0.34374231 0.16729286 -0.12907310
v -0.33939352 0.16976786 -0.12930381
v -0.31847670 0.13778849 -0.13032868
v -0.31668477 0.16189740 -0.12993691
v -0.34973472 0.13112736 -0.17621184
v -0.33441694 0.17058488 -0.12930381
v -0.32447442 0.16868717 -0.12959298
v -0.32863876 0.13419347 -0.12880360
v -0.32439362 0.13611244 -0.12880360
v -0.32079010 0.13906426 -0.12880360
v -0.33323526 0.13343917 -0.12880360
v -0.34718902 0.16383551 -0.12890513
v -0.31357029 0.14653710 -0.13076191
v -0.31574123 0.14159880 -0.13032868
v -0.31418957 0.15720415 -0.13032868
v -0.31303340 0.15193521 -0.13076191
v -0.32028563 0.16567954 -0.12959298
v -0.31701806 0.16169009 -0.12959298
v -0.34973472 0.13125707 -0.17519441
v -0.32939784 0.17008574 -0.12930381
v -0.32467961 0.16830444 -0.12930381
v -0.35038483 0.14626175 -0.12876958
v -0.35111681 0.15072429 -0.12876958
v -0.35117741 0.15534312 -0.12880360
v -0.34852220 0.14214047 -0.12876958
v -0.34672868 0.13995093 -0.12876958
v -0.34565650 0.13864220 -0.12876958
v -0.34198281 0.13600454 -0.12876958
v -0.33775202 0.13440769 -0.12876958
v -0.34953219 0.15970148 -0.12880360
v -0.34348184 0.16687238 -0.12890513
v -0.33925797 0.16931921 -0.12907310
v -0.31604422 0.14176146 -0.12993691
v -0.31451861 0.15710475 -0.12993691
v -0.31489390 0.15699099 -0.12959298
v -0.33440206 0.17011657 -0.12907310
v -0.32058278 0.16536325 -0.12930381
v -0.32878972 0.13469262 -0.12876958
v -0.32466845 0.13655524 -0.12876958
v -0.32117017 0.13942095 -0.12876958
v -0.33325227 0.13396011 -0.12876958
v -0.34681533 0.16348521 -0.12880360
v -0.31385202 0.14660302 -0.13032868
v -0.31875364 0.13798730 -0.12993691
v -0.31332311 0.15192618 -0.13032868
v -0.31738697 0.16146151 -0.12930381
v -0.31530959 0.15686554 -0.12930381
v -0.32950469 0.16962965 -0.12907310
v -0.32490074 0.16789194 -0.12907310
v -0.32090332 0.16502145 -0.12907310
v -0.34907291 0.15945483 -0.12876958
v -0.35066975 0.15522405 -0.12876958
v -0.34643525 0.16312852 -0.12876958
v -0.34293645 0.16599423 -0.12876958
v -0.33881570 0.16785686 -0.12876958
v -0.33435315 0.16858883 -0.12876958
v -0.34321180 0.16643703 -0.12880360
v -0.33911498 0.16884611 -0.12890513
v -0.31639028 0.14194645 -0.12959298
v -0.31418691 0.14668169 -0.12993691
v -0.31405880 0.15190279 -0.12959298
v -0.31366650 0.15191501 -0.12993691
v -0.31449256 0.15188897 -0.12930381
v -0.33438611 0.16962221 -0.12890513
v -0.31778459 0.16121433 -0.12907310
v -0.32985340 0.16814178 -0.12876958
v -0.32562209 0.16654494 -0.12876958
v -0.32194892 0.16390728 -0.12876958
v -0.31906993 0.13821428 -0.12959298
v -0.31456911 0.14677099 -0.12959298
v -0.31575771 0.15672999 -0.12907310
v -0.31496088 0.15187408 -0.12907310
v -0.32961738 0.16914804 -0.12890513
v -0.32513410 0.16745605 -0.12890513
v -0.32124140 0.16466105 -0.12890513
v -0.31820506 0.16095386 -0.12890513
v -0.33896667 0.16835547 -0.12880360
v -0.33436963 0.16911030 -0.12880360
v -0.31908322 0.16040847 -0.12876958
v -0.32973433 0.16864943 -0.12880360
v -0.31677248 0.14215163 -0.12930381
v -0.31499171 0.14686987 -0.12930381
v -0.31623134 0.15658700 -0.12890513
v -0.32537597 0.16700421 -0.12880360
v -0.32102718 0.13961976 -0.12876958
v -0.32159224 0.16428735 -0.12880360
v -0.31941917 0.13846518 -0.12930381
v -0.31545524 0.15185814 -0.12890513
v -0.31544780 0.14697671 -0.12907310
v -0.31864042 0.16068382 -0.12880360
v -0.31672198 0.15643869 -0.12880360
v -0.31853251 0.14309411 -0.12876958
v -0.31718551 0.14237277 -0.12907310
v -0.31596714 0.15184166 -0.12880360
v -0.32060724 0.13931835 -0.12880360
v -0.31722059 0.15628772 -0.12876958
v -0.31979659 0.13873628 -0.12907310
v -0.31592940 0.14708940 -0.12890513
v -0.31648809 0.15182518 -0.12876958
v -0.31807323 0.14284799 -0.12880360
v -0.31693567 0.14732542 -0.12876958
v -0.31762140 0.14260613 -0.12890513
v -0.31642802 0.14720635 -0.12880360
v -0.32019474 0.13902227 -0.12890513
v -0.33809808 0.16730508 -0.12532021
v -0.33380245 0.16830391 -0.12560938
v -0.33821024 0.16772343 -0.12560938
v -0.33380245 0.16787068 -0.12532021
v -0.33380245 0.16869568 -0.12595331
v -0.34210081 0.16564711 -0.12532021
v -0.33797688 0.16685378 -0.12508950
v -0.32950734 0.16730508 -0.12532021
v -0.33831124 0.16810191 -0.12595331
v -0.32939518 0.16772343 -0.12560938
v -0.34231716 0.16602240 -0.12560938
v -0.34186692 0.16524259 -0.12508950
v -0.33380245 0.16740343 -0.12508950
v -0.32962801 0.16685378 -0.12508950
v -0.33380245 0.16903907 -0.12634508
v -0.32929365 0.16810191 -0.12595331
v -0.34553743 0.16300945 -0.12532021
v -0.34520732 0.16267935 -0.12508950
v -0.33784930 0.16637696 -0.12492206
v -0.34162027 0.16481520 -0.12492206
v -0.32550461 0.16564711 -0.12532021
v -0.32573850 0.16524259 -0.12508950
v -0.33840054 0.16843361 -0.12634508
v -0.32920488 0.16843361 -0.12634508
v -0.34251278 0.16636154 -0.12595331
v -0.32528826 0.16602240 -0.12560938
v -0.34584414 0.16331617 -0.12560938
v -0.34485861 0.16233063 -0.12492206
v -0.33380245 0.16691013 -0.12492206
v -0.32975612 0.16637696 -0.12492206
v -0.32598515 0.16481520 -0.12492206
v -0.33380245 0.16932825 -0.12677778
v -0.32912993 0.16871322 -0.12677778
v -0.32509211 0.16636154 -0.12595331
v -0.32492041 0.16665922 -0.12634508
v -0.34817509 0.15957231 -0.12532021
v -0.34777056 0.15933895 -0.12508950
v -0.34734318 0.15909230 -0.12492206
v -0.33771694 0.16588366 -0.12482053
v -0.34136459 0.16437240 -0.12482053
v -0.34449714 0.16196917 -0.12482053
v -0.32206746 0.16300945 -0.12532021
v -0.32239810 0.16267935 -0.12508950
v -0.32274681 0.16233063 -0.12492206
v -0.33847549 0.16871322 -0.12677778
v -0.34268448 0.16665922 -0.12634508
v -0.32477582 0.16690960 -0.12677778
v -0.34612109 0.16359312 -0.12595331
v -0.32176128 0.16331617 -0.12560938
v -0.34855038 0.15978919 -0.12560938
v -0.34690038 0.15883661 -0.12482053
v -0.33380245 0.16639875 -0.12482053
v -0.32988795 0.16588366 -0.12482053
v -0.32624030 0.16437240 -0.12482053
v -0.32310828 0.16196917 -0.12482053
v -0.33380245 0.16955895 -0.12724556
v -0.32907039 0.16893595 -0.12724556
v -0.32466047 0.16710947 -0.12724556
v -0.32148433 0.16359312 -0.12595331
v -0.32103675 0.16404070 -0.12677778
v -0.34983306 0.15557010 -0.12532021
v -0.34938176 0.15544890 -0.12508950
v -0.34890494 0.15532133 -0.12492206
v -0.34841164 0.15518897 -0.12482053
v -0.33758245 0.16538133 -0.12478651
v -0.34110465 0.16392216 -0.12478651
v -0.34412929 0.16160132 -0.12478651
v -0.34645014 0.15857667 -0.12478651
v -0.31943034 0.15957231 -0.12532021
v -0.31983486 0.15933895 -0.12508950
v -0.32026225 0.15909230 -0.12492206
v -0.32070451 0.15883661 -0.12482053
v -0.33853503 0.16893595 -0.12724556
v -0.34282960 0.16690960 -0.12677778
v -0.34636402 0.16383605 -0.12634508
v -0.32087355 0.16420336 -0.12724556
v -0.34888952 0.15998481 -0.12595331
v -0.31905505 0.15978919 -0.12560938
v -0.32124140 0.16383605 -0.12634508
v -0.35025141 0.15568226 -0.12560938
v -0.34790930 0.15505448 -0.12478651
v -0.33380245 0.16587888 -0.12478651
v -0.33002297 0.16538133 -0.12478651
v -0.32650024 0.16392216 -0.12478651
v -0.32347560 0.16160132 -0.12478651
v -0.32115475 0.15857667 -0.12478651
v -0.33380245 0.16972639 -0.12773886
v -0.32902680 0.16909755 -0.12773886
v -0.32457701 0.16725405 -0.12773886
v -0.32075554 0.16432190 -0.12773886
v -0.31871590 0.15998481 -0.12595331
v -0.31816785 0.16030162 -0.12677778
v -0.31796798 0.16041698 -0.12724556
v -0.35039865 0.15127447 -0.12532021
v -0.34993140 0.15127447 -0.12508950
v -0.34943810 0.15127447 -0.12492206
v -0.34892673 0.15127447 -0.12482053
v -0.34840685 0.15127447 -0.12478651
v -0.33755800 0.15503003 -0.12478651
v -0.33911338 0.15127447 -0.12478651
v -0.34110465 0.13862678 -0.12478651
v -0.34412929 0.14094762 -0.12478651
v -0.34645014 0.14397227 -0.12478651
v -0.31777236 0.15557010 -0.12532021
v -0.31822367 0.15544890 -0.12508950
v -0.31869996 0.15532133 -0.12492206
v -0.31919379 0.15518897 -0.12482053
v -0.31969612 0.15505448 -0.12478651
v -0.33857809 0.16909755 -0.12773886
v -0.34294495 0.16710947 -0.12724556
v -0.34656868 0.16404070 -0.12677778
v -0.34918667 0.16015704 -0.12634508
v -0.31782286 0.16050043 -0.12773886
v -0.35062989 0.15578326 -0.12595331
v -0.31735402 0.15568226 -0.12560938
v -0.31841822 0.16015704 -0.12634508
v -0.35083188 0.15127447 -0.12560938
v -0.34790930 0.14749499 -0.12478651
v -0.33840161 0.15393020 -0.12478651
v -0.33645818 0.15587363 -0.12478651
v -0.33242833 0.15640414 -0.12478651
v -0.33893211 0.15264912 -0.12478651
v -0.33758245 0.13716815 -0.12478651
v -0.32920329 0.15393020 -0.12478651
v -0.32347560 0.14094762 -0.12478651
v -0.32115475 0.14397227 -0.12478651
v -0.31969612 0.14749499 -0.12478651
v -0.33380245 0.16982792 -0.12824970
v -0.32900076 0.16919589 -0.12824970
v -0.32452598 0.16734229 -0.12824970
v -0.34943757 0.16030162 -0.12677778
v -0.32068325 0.16439367 -0.12824970
v -0.35096159 0.15587257 -0.12634508
v -0.31773515 0.16055146 -0.12824970
v -0.31697554 0.15578326 -0.12595331
v -0.31664384 0.15587257 -0.12634508
v -0.31636423 0.15594752 -0.12677778
v -0.31614150 0.15600706 -0.12724556
v -0.31597990 0.15605011 -0.12773886
v -0.35025141 0.14686721 -0.12560938
v -0.34983306 0.14697937 -0.12532021
v -0.34938176 0.14710004 -0.12508950
v -0.34890494 0.14722814 -0.12492206
v -0.34841164 0.14735997 -0.12482053
v -0.33755800 0.15503003 -0.10354383
v -0.33517709 0.15640414 -0.12478651
v -0.33380245 0.15658541 -0.12478651
v -0.33114724 0.15587363 -0.12478651
v -0.33893211 0.15264912 -0.10354383
v -0.33893211 0.14990036 -0.12478651
v -0.33004742 0.15503003 -0.12478651
v -0.32867278 0.15264912 -0.12478651
v -0.34136459 0.13817654 -0.12482053
v -0.33771694 0.13666581 -0.12482053
v -0.32650024 0.13862678 -0.12478651
v -0.34449714 0.14058031 -0.12482053
v -0.34690038 0.14371233 -0.12482053
v -0.31720677 0.15127447 -0.12532021
v -0.31767402 0.15127447 -0.12508950
v -0.31816732 0.15127447 -0.12492206
v -0.31867816 0.15127447 -0.12482053
v -0.31919804 0.15127447 -0.12478651
v -0.33860467 0.16919589 -0.12824970
v -0.34302841 0.16725405 -0.12773886
v -0.34673134 0.16420336 -0.12724556
v -0.34963691 0.16041698 -0.12724556
v -0.35124119 0.15594752 -0.12677778
v -0.31588156 0.15607669 -0.12824970
v -0.35156705 0.15127447 -0.12634508
v -0.35122365 0.15127447 -0.12595331
v -0.31677354 0.15127447 -0.12560938
v -0.35062989 0.14676568 -0.12595331
v -0.33840161 0.15393020 -0.10354383
v -0.33645818 0.15587363 -0.10354383
v -0.33380245 0.15658541 -0.10354383
v -0.33242833 0.15640414 -0.10354383
v -0.33911338 0.15127447 -0.10354383
v -0.33840161 0.14861927 -0.12478651
v -0.32920329 0.15393020 -0.10354383
v -0.32867278 0.15264912 -0.10354383
v -0.32849204 0.15127447 -0.12478651
v -0.33380245 0.13615019 -0.12482053
v -0.32624030 0.13817654 -0.12482053
v -0.32310828 0.14058031 -0.12482053
v -0.32070451 0.14371233 -0.12482053
v -0.31919379 0.14735997 -0.12482053
v -0.33380245 0.16986195 -0.12876958
v -0.32899172 0.16922884 -0.12876958
v -0.32450897 0.16737153 -0.12876958
v -0.32065933 0.16441812 -0.12876958
v -0.35146392 0.15600706 -0.12724556
v -0.31770538 0.16056847 -0.12876958
v -0.35185622 0.15127447 -0.12677778
v -0.31584860 0.15608520 -0.12876958
v -0.31638177 0.15127447 -0.12595331
v -0.31603838 0.15127447 -0.12634508
v -0.31574867 0.15127447 -0.12677778
v -0.31551850 0.15127447 -0.12724556
v -0.31535105 0.15127447 -0.12773886
v -0.34855038 0.14276028 -0.12560938
v -0.34888952 0.14256413 -0.12595331
v -0.34817509 0.14297663 -0.12532021
v -0.34777056 0.14321052 -0.12508950
v -0.34734318 0.14345717 -0.12492206
v -0.33755800 0.14751945 -0.10354383
v -0.33645818 0.14667531 -0.10354383
v -0.33517709 0.15640414 -0.10354383
v -0.33114724 0.15587363 -0.10354383
v -0.33893211 0.14990036 -0.10354383
v -0.33840161 0.14861927 -0.10354383
v -0.33755800 0.14751945 -0.12478651
v -0.33004742 0.15503003 -0.10354383
v -0.32849204 0.15127447 -0.10354383
v -0.34162027 0.13773427 -0.12492206
v -0.33784930 0.13617198 -0.12492206
v -0.33380245 0.13667006 -0.12478651
v -0.33380245 0.13563935 -0.12492206
v -0.32867278 0.14990036 -0.12478651
v -0.32988795 0.13666581 -0.12482053
v -0.34485861 0.14021884 -0.12492206
v -0.31735402 0.14686721 -0.12560938
v -0.31777236 0.14697937 -0.12532021
v -0.31822367 0.14710004 -0.12508950
v -0.31869996 0.14722814 -0.12492206
v -0.33861317 0.16922884 -0.12876958
v -0.34307944 0.16734229 -0.12824970
v -0.34684988 0.16432190 -0.12773886
v -0.34978203 0.16050043 -0.12773886
v -0.35162552 0.15605011 -0.12773886
v -0.35208692 0.15127447 -0.12724556
v -0.31524952 0.15127447 -0.12824970
v -0.35096159 0.14667690 -0.12634508
v -0.31697554 0.14676568 -0.12595331
v -0.33517709 0.14614480 -0.10354383
v -0.33242833 0.14614480 -0.10354383
v -0.33380245 0.14596407 -0.10354383
v -0.33114724 0.14667531 -0.10354383
v -0.32920329 0.14861927 -0.10354383
v -0.32867278 0.14990036 -0.10354383
v -0.32975612 0.13617198 -0.12492206
v -0.32920329 0.14861927 -0.12478651
v -0.32598515 0.13773427 -0.12492206
v -0.33002297 0.13716815 -0.12478651
v -0.32274681 0.14021884 -0.12492206
v -0.32026225 0.14345717 -0.12492206
v -0.33380245 0.13268753 -0.12876958
v -0.32899172 0.13332063 -0.12876958
v -0.32450897 0.13517741 -0.12876958
v -0.32065933 0.13813135 -0.12876958
v -0.35225437 0.15127447 -0.12773886
v -0.31584860 0.14646374 -0.12876958
v -0.35124119 0.14660195 -0.12677778
v -0.31521550 0.15127447 -0.12876958
v -0.31664384 0.14667690 -0.12634508
v -0.31636423 0.14660195 -0.12677778
v -0.31614150 0.14654242 -0.12724556
v -0.31597990 0.14649883 -0.12773886
v -0.34584414 0.13923330 -0.12560938
v -0.34612109 0.13895635 -0.12595331
v -0.34918667 0.14239244 -0.12634508
v -0.34553743 0.13953949 -0.12532021
v -0.34520732 0.13987013 -0.12508950
v -0.33645818 0.14667531 -0.12478651
v -0.33004742 0.14751945 -0.10354383
v -0.34186692 0.13730689 -0.12508950
v -0.33797688 0.13569569 -0.12508950
v -0.33380245 0.13514605 -0.12508950
v -0.32962801 0.13569569 -0.12508950
v -0.31905505 0.14276028 -0.12560938
v -0.31871590 0.14256413 -0.12595331
v -0.31943034 0.14297663 -0.12532021
v -0.31983486 0.14321052 -0.12508950
v -0.33861317 0.13332063 -0.12876958
v -0.34309645 0.16737153 -0.12876958
v -0.34692164 0.16439367 -0.12824970
v -0.34987027 0.16055146 -0.12824970
v -0.35172386 0.15607669 -0.12824970
v -0.31770538 0.14198100 -0.12876958
v -0.35235590 0.15127447 -0.12824970
v -0.35146392 0.14654242 -0.12724556
v -0.31588156 0.14647278 -0.12824970
v -0.34636402 0.13871343 -0.12634508
v -0.33517709 0.14614480 -0.12478651
v -0.33380245 0.14596407 -0.12478651
v -0.33242833 0.14614480 -0.12478651
v -0.33114724 0.14667531 -0.12478651
v -0.33004742 0.14751945 -0.12478651
v -0.32573850 0.13730689 -0.12508950
v -0.32239810 0.13987013 -0.12508950
v -0.33380245 0.13272155 -0.12824970
v -0.32900076 0.13335359 -0.12824970
v -0.32452598 0.13520718 -0.12824970
v -0.32068325 0.13815528 -0.12824970
v -0.35162552 0.14649883 -0.12773886
v -0.31773515 0.14199801 -0.12824970
v -0.34943757 0.14224785 -0.12677778
v -0.31841822 0.14239244 -0.12634508
v -0.31816785 0.14224785 -0.12677778
v -0.31796798 0.14213250 -0.12724556
v -0.31782286 0.14204904 -0.12773886
v -0.34231716 0.13652707 -0.12560938
v -0.34251278 0.13618793 -0.12595331
v -0.34268448 0.13589025 -0.12634508
v -0.34210081 0.13690236 -0.12532021
v -0.33809808 0.13524439 -0.12532021
v -0.33380245 0.13467880 -0.12532021
v -0.32950734 0.13524439 -0.12532021
v -0.32176128 0.13923330 -0.12560938
v -0.32148433 0.13895635 -0.12595331
v -0.32206746 0.13953949 -0.12532021
v -0.34309645 0.13517741 -0.12876958
v -0.33860467 0.13335359 -0.12824970
v -0.34694609 0.16441812 -0.12876958
v -0.34989951 0.16056847 -0.12876958
v -0.35175682 0.15608520 -0.12876958
v -0.35172386 0.14647278 -0.12824970
v -0.34963691 0.14213250 -0.12724556
v -0.34656868 0.13850877 -0.12677778
v -0.32550461 0.13690236 -0.12532021
v -0.32124140 0.13871343 -0.12634508
v -0.33380245 0.13282308 -0.12773886
v -0.32902680 0.13345193 -0.12773886
v -0.32457701 0.13529489 -0.12773886
v -0.32075554 0.13822757 -0.12773886
v -0.35238992 0.15127447 -0.12876958
v -0.34978203 0.14204904 -0.12773886
v -0.32103675 0.13850877 -0.12677778
v -0.32087355 0.13834558 -0.12724556
v -0.33821024 0.13482604 -0.12560938
v -0.33831124 0.13444756 -0.12595331
v -0.34282960 0.13563988 -0.12677778
v -0.33380245 0.13424556 -0.12560938
v -0.32939518 0.13482604 -0.12560938
v -0.32528826 0.13652707 -0.12560938
v -0.32509211 0.13618793 -0.12595331
v -0.32492041 0.13589025 -0.12634508
v -0.34694609 0.13813135 -0.12876958
v -0.34307944 0.13520718 -0.12824970
v -0.33857809 0.13345193 -0.12773886
v -0.34989951 0.14198100 -0.12876958
v -0.35175682 0.14646374 -0.12876958
v -0.34987027 0.14199801 -0.12824970
v -0.34673134 0.13834558 -0.12724556
v -0.33840054 0.13411586 -0.12634508
v -0.32477582 0.13563988 -0.12677778
v -0.33380245 0.13299052 -0.12724556
v -0.32907039 0.13361352 -0.12724556
v -0.32466047 0.13544001 -0.12724556
v -0.34684988 0.13822757 -0.12773886
v -0.33380245 0.13385380 -0.12595331
v -0.34294495 0.13544001 -0.12724556
v -0.33847549 0.13383625 -0.12677778
v -0.32929365 0.13444756 -0.12595331
v -0.32920488 0.13411586 -0.12634508
v -0.32912993 0.13383625 -0.12677778
v -0.34692164 0.13815528 -0.12824970
v -0.34302841 0.13529489 -0.12773886
v -0.33853503 0.13361352 -0.12724556
v -0.33380245 0.13351040 -0.12634508
v -0.33380245 0.13322069 -0.12677778
v 0.00000027 0.01247838 0.19832045
v -0.33333307 0.14795321 0.07772379
v -0.33333307 0.14963085 0.07852912
v -0.00083696 0.01080021 0.19692241
v 0.00000027 0.01422566 0.19866916
v 0.00000027 0.01080021 0.19751511
v -0.00258158 0.00930650 0.19447824
v -0.33333307 0.15137813 0.07887730
v 0.33333360 0.14963085 0.07852912
v 0.00000027 0.00930650 0.19630738
v 0.33333360 0.14795321 0.07772379
v -0.33333307 0.14645896 0.07651606
v 0.00000027 0.01592297 0.19853626
v 0.33333360 0.15137813 0.07887730
v 0.33333360 0.14645896 0.07651606
v 0.00000027 0.00809770 0.19478018
v -0.00415025 0.00809770 0.19183952
v -0.33333307 0.15307597 0.07874441
v -0.33333307 0.14525070 0.07498832
v 0.00000027 0.01745549 0.19793187
v 0.33333360 0.15307597 0.07874441
v 0.33333360 0.14525070 0.07498832
v 0.00000027 0.00725729 0.19303662
v -0.00543612 0.00725729 0.18918485
v -0.33333307 0.15460796 0.07814001
v -0.33333307 0.14441028 0.07324476
v -0.33333307 0.15587044 0.07710504
v 0.33333360 0.15460796 0.07814001
v 0.33333360 0.14441028 0.07324476
v 0.00000027 0.00684213 0.19119579
v -0.00635149 0.00684213 0.18669603
v 0.00000027 0.01871798 0.19689690
v -0.33333307 0.14399459 0.07140446
v 0.00000027 0.01962484 0.19550152
v 0.33333360 0.15587044 0.07710504
v 0.33333360 0.14399459 0.07140446
v 0.00000027 0.00688040 0.18938366
v -0.00683415 0.00688040 0.18454157
v -0.33333307 0.15677730 0.07570966
v -0.33333307 0.14403287 0.06959233
v 0.00000027 0.02011388 0.19384142
v 0.33333360 0.15677730 0.07570966
v 0.33333360 0.14403287 0.06959233
v 0.00000027 0.00736945 0.18772356
v -0.00685116 0.00736945 0.18286978
v -0.33333307 0.15726635 0.07404956
v -0.33333307 0.14452191 0.06793223
v 0.00000027 0.02015216 0.19202929
v 0.33333360 0.15726635 0.07404956
v 0.33333360 0.14452191 0.06793223
v 0.00000027 0.00827631 0.18632818
v -0.00640092 0.00827631 0.18179334
v -0.33333307 0.15730462 0.07223743
v -0.33333307 0.14542877 0.06653686
v 0.00000027 0.01973647 0.19018846
v 0.33333360 0.15730462 0.07223743
v 0.33333360 0.14542877 0.06653686
v -0.00551479 0.00953879 0.18138616
v -0.33333307 0.15688946 0.07039713
v 0.33333360 0.14669126 0.06550189
v 0.00000027 0.00953879 0.18529321
v -0.33333307 0.14669126 0.06550189
v 0.00000027 0.01889605 0.18844543
v 0.33333360 0.15688946 0.07039713
v -0.00425231 0.01107078 0.18167587
v -0.33333307 0.14822378 0.06489696
v -0.33333307 0.15604905 0.06865358
v 0.33333360 0.14822378 0.06489696
v 0.00000027 0.01107078 0.18468882
v 0.00000027 0.01768779 0.18691770
v 0.33333360 0.15604905 0.06865358
v -0.00270065 0.01276862 0.18264279
v -0.33333307 0.15484025 0.06712584
v 0.33333360 0.14992109 0.06476460
v 0.00000027 0.01276862 0.18455645
v -0.33333307 0.14992109 0.06476460
v 0.00000027 0.01619354 0.18570996
v 0.33333360 0.15484025 0.06712584
v -0.00096454 0.01451590 0.18422103
v -0.33333307 0.15334601 0.06591811
v 0.33333360 0.15166837 0.06511278
v 0.00000027 0.01451590 0.18490463
v -0.33333307 0.15166837 0.06511278
v 0.33333360 0.15334601 0.06591811
v 0.33816187 -0.12112637 0.07299120
v 0.46754488 0.01349741 0.19103366
v 0.33782804 -0.12204811 0.07443389
v 0.46699683 0.01349741 0.18879840
v 0.46764322 0.01349741 0.19295316
v 0.33171018 -0.11520625 0.07328676
v 0.33827562 -0.12000316 0.07155915
v 0.33816134 0.14810152 0.07299120
v 0.33729753 -0.12270514 0.07578833
v 0.33782751 0.14902326 0.07443336
v 0.33204347 -0.11428451 0.07184407
v 0.33159642 -0.11632946 0.07471881
v 0.46603521 0.01349688 0.18639941
v 0.33827509 0.14697831 0.07155862
v 0.33660596 -0.12305279 0.07696205
v 0.33729700 0.14968029 0.07578780
v 0.45487858 0.01349688 0.18400043
v 0.45584019 0.01349688 0.18639941
v 0.33816187 -0.11875450 0.07023394
v 0.33257451 -0.11362748 0.07048963
v 0.33171018 0.14218087 0.07328676
v 0.33204347 0.14125912 0.07184407
v 0.46728441 0.01349741 0.19442615
v 0.33171018 -0.11757813 0.07604402
v 0.33159642 0.14330461 0.07471881
v 0.33660542 0.15002793 0.07696151
v 0.45433053 0.01349688 0.18176517
v 0.45714892 0.01349688 0.18879840
v 0.46472648 0.01349688 0.18400096
v 0.33816134 0.14572964 0.07023394
v 0.33257451 0.14060210 0.07048963
v 0.33580009 -0.12306767 0.07787529
v 0.33204347 -0.11886666 0.07717042
v 0.33170965 0.14455274 0.07604349
v 0.33782804 -0.11746596 0.06910754
v 0.33326609 -0.11327984 0.06931591
v 0.45423219 0.01349688 0.17984566
v 0.33579956 0.15004282 0.07787475
v 0.46649290 0.01349741 0.19535215
v 0.45871547 0.01349688 0.19103366
v 0.33204347 0.14584181 0.07717042
v 0.46315941 0.01349688 0.18176517
v 0.33782804 0.14444111 0.06910701
v 0.45459100 0.01349688 0.17837268
v 0.33326609 0.14025445 0.06931591
v 0.33493576 -0.12274819 0.07846533
v 0.33257451 -0.12010735 0.07802253
v 0.46043404 0.01349688 0.19295316
v 0.33729753 -0.11622528 0.06825543
v 0.33407142 -0.11326495 0.06840267
v 0.45538251 0.01349688 0.17744668
v 0.33493523 0.14972334 0.07846533
v 0.33257398 0.14708249 0.07802253
v 0.46532291 0.01349741 0.19566790
v 0.46144137 0.01349688 0.17984566
v 0.33729753 0.14319989 0.06825490
v 0.33407142 0.14023957 0.06840267
v 0.46385417 0.01349741 0.19535215
v 0.33326609 -0.12121620 0.07854188
v 0.45968878 0.01349688 0.17837268
v 0.33493576 -0.11358443 0.06781263
v 0.45655250 0.01349688 0.17713093
v 0.33326556 0.14819135 0.07854188
v 0.33407142 -0.12211669 0.07869284
v 0.46218663 0.01349741 0.19442615
v 0.33660596 -0.11511642 0.06773608
v 0.33493576 0.14055904 0.06781263
v 0.33407089 0.14909184 0.07869284
v 0.45802123 0.01349688 0.17744668
v 0.33660596 0.14209157 0.06773608
v 0.33580009 -0.11421593 0.06758512
v 0.33580009 0.14119055 0.06758512
v 0.00000027 0.01080021 0.18570996
v -0.00096454 0.01247838 0.18422103
v -0.33333307 -0.12635225 0.06591811
v 0.00000027 0.01247838 0.18490463
v -0.33333307 -0.12467461 0.06511278
v 0.00000027 0.00930650 0.18691770
v 0.00000027 0.01422566 0.18455645
v 0.33333360 -0.12635225 0.06591811
v -0.00270065 0.01422566 0.18264279
v -0.33333307 -0.12784650 0.06712584
v 0.33333360 -0.12292733 0.06476460
v 0.33333360 -0.12467461 0.06511278
v -0.33333307 -0.12292733 0.06476460
v -0.33333307 -0.12905476 0.06865358
v 0.33333360 -0.12784650 0.06712584
v 0.00000027 0.01592297 0.18468882
v -0.00425231 0.01592297 0.18167587
v 0.00000027 0.00809770 0.18844543
v 0.33333360 -0.12905476 0.06865358
v 0.33333360 -0.12122949 0.06489696
v -0.33333307 -0.12122949 0.06489696
v -0.33333307 -0.12989518 0.07039713
v 0.00000027 0.01745549 0.18529321
v 0.33333360 -0.11969750 0.06550189
v -0.00551479 0.01745549 0.18138616
v 0.00000027 0.00725729 0.19018846
v 0.33333360 -0.12989518 0.07039713
v -0.33333307 -0.11969750 0.06550189
v -0.33333307 -0.13031087 0.07223743
v 0.00000027 0.01871798 0.18632818
v -0.33333307 -0.11843502 0.06653686
v 0.00000027 0.00684213 0.19202929
v 0.33333360 -0.13031087 0.07223743
v -0.00640092 0.01871798 0.18179334
v 0.33333360 -0.11843502 0.06653686
v -0.33333307 -0.13027260 0.07404956
v -0.00685116 0.01962484 0.18286978
v 0.33333360 -0.11752816 0.06793223
v -0.33333307 -0.11752816 0.06793223
v 0.00000027 0.00688040 0.19384142
v 0.33333360 -0.13027260 0.07404956
v 0.00000027 0.01962484 0.18772356
v -0.33333307 -0.12978355 0.07570966
v -0.00683415 0.02011388 0.18454157
v -0.33333307 -0.11703911 0.06959233
v 0.33333360 -0.11703911 0.06959233
v 0.00000027 0.00736945 0.19550152
v 0.33333360 -0.12978355 0.07570966
v 0.00000027 0.02011388 0.18938366
v -0.33333307 -0.12887669 0.07710504
v -0.00635149 0.02015216 0.18669603
v -0.33333307 -0.11700084 0.07140446
v 0.33333360 -0.11700084 0.07140446
v 0.00000027 0.00827631 0.19689690
v 0.33333360 -0.12887669 0.07710504
v 0.00000027 0.02015216 0.19119579
v 0.00000027 0.00953879 0.19793187
v -0.00543612 0.01973647 0.18918485
v -0.33333307 -0.11741600 0.07324476
v 0.33333360 -0.11741600 0.07324476
v -0.33333307 -0.12761420 0.07814001
v 0.33333360 -0.12761420 0.07814001
v 0.00000027 0.01973647 0.19303662
v 0.00000027 0.01107078 0.19853626
v 0.33333360 -0.12608221 0.07874441
v -0.00415025 0.01889605 0.19183952
v -0.33333307 -0.11825694 0.07498832
v 0.33333360 -0.11825694 0.07498832
v -0.33333307 -0.12608221 0.07874441
v 0.00000027 0.01889605 0.19478018
v -0.33333307 -0.12438437 0.07887730
v 0.00000027 0.01276862 0.19866916
v -0.00258158 0.01768779 0.19447824
v -0.33333307 -0.11946521 0.07651606
v 0.33333360 -0.11946521 0.07651606
v 0.33333360 -0.12438437 0.07887730
v 0.00000027 0.01768779 0.19630738
v 0.00000027 0.01451590 0.19832045
v 0.33333360 -0.12263710 0.07852912
v -0.00083696 0.01619354 0.19692241
v 0.00000027 0.01619354 0.19751511
v -0.33333307 -0.12263710 0.07852912
v -0.33333307 -0.12095946 0.07772379
v 0.33333360 -0.12095946 0.07772379
v -0.46236205 0.01349688 0.18400096
v -0.33546361 -0.11746596 0.06910754
v -0.33579743 -0.11875450 0.07023394
v -0.46079551 0.01349688 0.18176517
v -0.33090166 -0.11327984 0.06931591
v -0.46367078 0.01349688 0.18639941
v -0.33546361 0.14444111 0.06910701
v -0.33493310 -0.11622528 0.06825543
v -0.33170699 -0.11326495 0.06840267
v -0.33021008 -0.11362748 0.07048963
v -0.33591119 -0.12000316 0.07155915
v -0.33579743 0.14572964 0.07023394
v -0.33493310 0.14319989 0.06825490
v -0.45907694 0.01349688 0.17984566
v -0.45301808 0.01349688 0.17744668
v -0.45222657 0.01349688 0.17837268
v -0.46463239 0.01349741 0.18879840
v -0.33591119 0.14697831 0.07155862
v -0.33090166 0.14025445 0.06931591
v -0.33170752 0.14023957 0.06840267
v -0.45732434 0.01349688 0.17837268
v -0.33257186 -0.11358443 0.06781263
v -0.45418807 0.01349688 0.17713093
v -0.45186776 0.01349688 0.17984566
v -0.32967957 -0.11428451 0.07184407
v -0.33579743 -0.12112637 0.07299120
v -0.33021008 0.14060210 0.07048963
v -0.33257186 0.14055904 0.06781263
v -0.33424152 -0.11511642 0.06773608
v -0.45196610 0.01349688 0.18176517
v -0.46518044 0.01349741 0.19103366
v -0.33579690 0.14810152 0.07299120
v -0.32967957 0.14125912 0.07184407
v -0.33424152 0.14209157 0.06773608
v -0.45565680 0.01349688 0.17744668
v -0.33343619 -0.11421593 0.06758512
v -0.45251415 0.01349688 0.18400043
v -0.32934575 -0.11520625 0.07328676
v -0.33546361 -0.12204811 0.07443389
v -0.33343619 0.14119055 0.06758512
v -0.46527879 0.01349741 0.19295316
v -0.33546361 0.14902326 0.07443336
v -0.32934575 0.14218087 0.07328676
v -0.45347576 0.01349688 0.18639941
v -0.32923199 -0.11632946 0.07471881
v -0.33493310 -0.12270514 0.07578833
v -0.33424152 -0.12305279 0.07696205
v -0.33493257 0.14968029 0.07578780
v -0.32923199 0.14330461 0.07471881
v -0.45478449 0.01349688 0.18879840
v -0.32934575 -0.11757813 0.07604402
v -0.46491997 0.01349741 0.19442615
v -0.33424099 0.15002793 0.07696151
v -0.33343619 -0.12306767 0.07787529
v -0.32967957 -0.11886666 0.07717042
v -0.32934575 0.14455274 0.07604349
v -0.45635104 0.01349688 0.19103366
v -0.46412846 0.01349741 0.19535215
v -0.33343566 0.15004282 0.07787475
v -0.32967904 0.14584181 0.07717042
v -0.33257186 -0.12274819 0.07846533
v -0.33021008 -0.12010735 0.07802253
v -0.45806961 0.01349688 0.19295316
v -0.46295847 0.01349741 0.19566790
v -0.33257132 0.14972334 0.07846533
v -0.33020955 0.14708249 0.07802253
v -0.46148974 0.01349741 0.19535215
v -0.33090166 -0.12121620 0.07854188
v -0.33170699 -0.12211669 0.07869284
v -0.33090166 0.14819135 0.07854188
v -0.45982220 0.01349741 0.19442615
v -0.33170699 0.14909184 0.07869284
f 1 2 3
f 2 1 4
f 3 2 1
f 4 1 2
f 5 3 2
f 2 3 5
f 6 1 3
f 3 1 6
f 7 4 1
f 1 4 7
f 8 2 4
f 4 2 8
f 3 5 9
f 9 5 3
f 10 5 2
f 2 5 10
f 1 6 11
f 11 6 1
f 3 12 6
f 6 12 3
f 4 7 13
f 13 7 4
f 1 14 7
f 7 14 1
f 8 10 2
f 2 10 8
f 15 8 4
f 4 8 15
f 16 9 5
f 5 9 16
f 12 3 9
f 9 3 12
f 10 17 5
f 5 17 10
f 6 18 11
f 11 18 6
f 14 1 11
f 11 1 14
f 12 19 6
f 6 19 12
f 20 13 7
f 7 13 20
f 15 4 13
f 13 4 15
f 21 7 14
f 14 7 21
f 8 19 10
f 10 19 8
f 22 8 15
f 15 8 22
f 9 16 23
f 23 16 9
f 17 16 5
f 5 16 17
f 9 24 12
f 12 24 9
f 10 25 17
f 17 25 10
f 18 6 19
f 19 6 18
f 22 11 18
f 18 11 22
f 11 22 14
f 14 22 11
f 19 12 25
f 25 12 19
f 13 20 26
f 26 20 13
f 7 21 20
f 20 21 7
f 27 15 13
f 13 15 27
f 14 28 21
f 21 28 14
f 19 8 18
f 18 8 19
f 25 10 19
f 19 10 25
f 8 22 18
f 18 22 8
f 15 28 22
f 22 28 15
f 29 23 16
f 16 23 29
f 24 9 23
f 23 9 24
f 17 30 16
f 16 30 17
f 24 25 12
f 12 25 24
f 31 17 25
f 25 17 31
f 28 14 22
f 22 14 28
f 32 26 20
f 20 26 32
f 27 13 26
f 26 13 27
f 33 20 21
f 21 20 33
f 28 15 27
f 27 15 28
f 34 21 28
f 28 21 34
f 23 29 35
f 35 29 23
f 16 36 29
f 29 36 16
f 35 24 23
f 23 24 35
f 17 31 30
f 30 31 17
f 30 37 16
f 16 37 30
f 25 24 31
f 31 24 25
f 26 32 38
f 38 32 26
f 20 33 32
f 32 33 20
f 39 27 26
f 26 27 39
f 21 34 33
f 33 34 21
f 27 34 28
f 28 34 27
f 40 35 29
f 29 35 40
f 16 37 36
f 36 37 16
f 36 41 29
f 29 41 36
f 24 35 42
f 42 35 24
f 37 30 31
f 31 30 37
f 24 37 31
f 31 37 24
f 32 43 38
f 38 43 32
f 39 26 38
f 38 26 39
f 44 32 33
f 33 32 44
f 34 27 39
f 39 27 34
f 45 33 34
f 34 33 45
f 35 40 46
f 46 40 35
f 29 47 40
f 40 47 29
f 41 36 37
f 37 36 41
f 29 41 47
f 47 41 29
f 46 42 35
f 35 42 46
f 37 24 42
f 42 24 37
f 43 32 48
f 48 32 43
f 43 49 38
f 38 49 43
f 38 34 39
f 39 34 38
f 32 44 48
f 48 44 32
f 33 45 44
f 44 45 33
f 34 38 45
f 45 38 34
f 50 46 40
f 40 46 50
f 47 51 40
f 40 51 47
f 42 41 37
f 37 41 42
f 51 47 41
f 41 47 51
f 42 46 52
f 52 46 42
f 48 53 43
f 43 53 48
f 43 45 49
f 49 45 43
f 45 38 49
f 49 38 45
f 54 48 44
f 44 48 54
f 55 44 45
f 45 44 55
f 46 50 56
f 56 50 46
f 40 57 50
f 50 57 40
f 40 51 57
f 57 51 40
f 41 42 52
f 52 42 41
f 52 51 41
f 41 51 52
f 56 52 46
f 46 52 56
f 53 48 58
f 58 48 53
f 53 59 43
f 43 59 53
f 45 43 55
f 55 43 45
f 48 54 58
f 58 54 48
f 44 55 54
f 54 55 44
f 60 56 50
f 50 56 60
f 57 60 50
f 50 60 57
f 51 60 57
f 57 60 51
f 51 52 61
f 61 52 51
f 52 56 61
f 61 56 52
f 58 62 53
f 53 62 58
f 53 55 59
f 59 55 53
f 55 43 59
f 59 43 55
f 63 58 54
f 54 58 63
f 64 54 55
f 55 54 64
f 56 60 65
f 65 60 56
f 60 51 66
f 66 51 60
f 67 51 61
f 61 51 67
f 56 67 61
f 61 67 56
f 62 58 68
f 68 58 62
f 62 69 53
f 53 69 62
f 55 53 64
f 64 53 55
f 58 63 68
f 68 63 58
f 54 64 63
f 63 64 54
f 67 60 65
f 65 60 67
f 70 56 65
f 65 56 70
f 51 67 66
f 66 67 51
f 60 67 66
f 66 67 60
f 67 56 71
f 71 56 67
f 63 62 68
f 68 62 63
f 72 62 68
f 68 62 72
f 62 64 69
f 69 64 62
f 73 69 62
f 62 69 73
f 64 53 69
f 69 53 64
f 63 74 68
f 68 74 63
f 64 62 63
f 63 62 64
f 75 63 64
f 64 63 75
f 67 65 70
f 70 65 67
f 71 56 70
f 70 56 71
f 65 76 70
f 70 76 65
f 67 70 71
f 71 70 67
f 71 77 67
f 67 77 71
f 62 72 78
f 78 72 62
f 68 76 72
f 72 76 68
f 69 75 64
f 64 75 69
f 79 69 73
f 73 69 79
f 73 62 80
f 80 62 73
f 74 63 77
f 77 63 74
f 68 74 76
f 76 74 68
f 81 63 75
f 75 63 81
f 76 65 72
f 72 65 76
f 77 71 74
f 74 71 77
f 72 80 78
f 78 80 72
f 80 62 78
f 78 62 80
f 80 72 76
f 76 72 80
f 75 69 79
f 79 69 75
f 80 79 73
f 73 79 80
f 63 81 77
f 77 81 63
f 81 74 77
f 77 74 81
f 82 76 74
f 74 76 82
f 75 82 81
f 81 82 75
f 82 80 76
f 76 80 82
f 82 75 79
f 79 75 82
f 79 80 82
f 82 80 79
f 74 81 82
f 82 81 74
f 83 84 85
f 84 83 86
f 85 84 83
f 86 83 84
f 87 85 84
f 84 85 87
f 85 88 83
f 83 88 85
f 89 83 86
f 86 83 89
f 86 90 84
f 84 90 86
f 91 85 87
f 87 85 91
f 87 84 92
f 92 84 87
f 88 85 93
f 93 85 88
f 94 88 83
f 83 88 94
f 94 83 89
f 89 83 94
f 89 86 95
f 95 86 89
f 90 86 96
f 96 86 90
f 92 84 90
f 90 84 92
f 97 85 91
f 91 85 97
f 98 93 85
f 85 93 98
f 93 99 88
f 88 99 93
f 100 88 94
f 94 88 100
f 101 89 94
f 94 89 101
f 95 86 96
f 96 86 95
f 102 95 89
f 89 95 102
f 96 103 90
f 90 103 96
f 92 90 104
f 104 90 92
f 98 85 97
f 97 85 98
f 105 93 98
f 98 93 105
f 99 93 106
f 106 93 99
f 100 99 88
f 88 99 100
f 107 94 100
f 100 94 107
f 89 101 102
f 102 101 89
f 94 107 101
f 101 107 94
f 95 96 108
f 108 96 95
f 95 102 109
f 109 102 95
f 103 96 110
f 110 96 103
f 111 90 103
f 103 90 111
f 104 90 111
f 111 90 104
f 112 93 105
f 105 93 112
f 107 106 93
f 93 106 107
f 113 99 106
f 106 99 113
f 114 99 100
f 100 99 114
f 114 107 100
f 100 107 114
f 101 115 102
f 102 115 101
f 112 101 107
f 107 101 112
f 108 96 110
f 110 96 108
f 109 108 95
f 95 108 109
f 102 116 109
f 109 116 102
f 110 117 103
f 103 117 110
f 111 103 118
f 118 103 111
f 107 93 112
f 112 93 107
f 119 106 107
f 107 106 119
f 99 113 120
f 120 113 99
f 119 113 106
f 106 113 119
f 114 120 99
f 99 120 114
f 107 114 119
f 119 114 107
f 101 121 115
f 115 121 101
f 102 115 122
f 122 115 102
f 101 112 123
f 123 112 101
f 108 110 124
f 124 110 108
f 108 109 125
f 125 109 108
f 102 122 116
f 116 122 102
f 109 116 126
f 126 116 109
f 117 110 127
f 127 110 117
f 128 103 117
f 117 103 128
f 118 103 128
f 128 103 118
f 129 120 113
f 113 120 129
f 130 113 119
f 119 113 130
f 131 120 114
f 114 120 131
f 131 119 114
f 114 119 131
f 101 123 121
f 121 123 101
f 124 110 127
f 127 110 124
f 125 124 108
f 108 124 125
f 109 132 125
f 125 132 109
f 109 126 132
f 132 126 109
f 133 117 127
f 127 117 133
f 128 117 134
f 134 117 128
f 120 129 135
f 135 129 120
f 130 129 113
f 113 129 130
f 119 131 130
f 130 131 119
f 131 135 120
f 120 135 131
f 124 127 136
f 136 127 124
f 124 125 137
f 137 125 124
f 125 132 138
f 138 132 125
f 117 133 139
f 139 133 117
f 136 127 133
f 133 127 136
f 134 117 140
f 140 117 134
f 141 135 129
f 129 135 141
f 129 130 141
f 141 130 129
f 142 130 131
f 131 130 142
f 135 131 142
f 142 131 135
f 137 136 124
f 124 136 137
f 125 138 137
f 137 138 125
f 143 139 133
f 133 139 143
f 144 117 139
f 139 117 144
f 136 133 145
f 145 133 136
f 144 140 117
f 117 140 144
f 135 141 142
f 142 141 135
f 130 142 141
f 141 142 130
f 136 137 144
f 144 137 136
f 137 138 146
f 146 138 137
f 139 143 147
f 147 143 139
f 145 133 143
f 143 133 145
f 144 139 148
f 148 139 144
f 136 148 145
f 145 148 136
f 144 149 140
f 140 149 144
f 137 149 144
f 144 149 137
f 148 136 144
f 144 136 148
f 137 146 150
f 150 146 137
f 151 147 143
f 143 147 151
f 148 139 147
f 147 139 148
f 145 143 152
f 152 143 145
f 153 145 148
f 148 145 153
f 137 150 149
f 149 150 137
f 147 151 154
f 154 151 147
f 152 143 151
f 151 143 152
f 148 147 153
f 153 147 148
f 145 153 152
f 152 153 145
f 152 154 151
f 151 154 152
f 153 147 154
f 154 147 153
f 154 152 153
f 153 152 154
f 155 156 157
f 156 155 158
f 157 156 155
f 158 155 156
f 156 159 157
f 157 159 156
f 157 160 155
f 155 160 157
f 158 161 155
f 155 161 158
f 158 162 156
f 156 162 158
f 156 163 159
f 159 163 156
f 157 159 164
f 164 159 157
f 160 157 165
f 165 157 160
f 155 166 160
f 160 166 155
f 158 167 161
f 161 167 158
f 155 161 166
f 166 161 155
f 162 158 168
f 168 158 162
f 169 156 162
f 162 156 169
f 156 170 163
f 163 170 156
f 157 164 171
f 171 164 157
f 157 171 165
f 165 171 157
f 165 172 160
f 160 172 165
f 160 166 173
f 173 166 160
f 168 167 158
f 158 167 168
f 174 167 161
f 161 167 174
f 175 161 166
f 166 161 175
f 176 162 168
f 168 162 176
f 156 169 170
f 170 169 156
f 162 177 169
f 169 177 162
f 165 171 178
f 178 171 165
f 172 165 179
f 179 165 172
f 160 173 172
f 172 173 160
f 180 166 173
f 173 166 180
f 168 181 167
f 167 181 168
f 167 174 177
f 177 174 167
f 161 175 174
f 174 175 161
f 166 180 175
f 175 180 166
f 162 176 182
f 182 176 162
f 176 181 168
f 168 181 176
f 162 183 177
f 177 183 162
f 169 177 184
f 184 177 169
f 165 178 185
f 185 178 165
f 165 185 179
f 179 185 165
f 179 186 172
f 172 186 179
f 172 173 187
f 187 173 172
f 173 188 180
f 180 188 173
f 177 181 167
f 167 181 177
f 189 177 174
f 174 177 189
f 190 174 175
f 175 174 190
f 191 175 180
f 180 175 191
f 192 182 176
f 176 182 192
f 182 183 162
f 162 183 182
f 176 193 181
f 181 193 176
f 181 177 183
f 183 177 181
f 184 177 189
f 189 177 184
f 179 185 194
f 194 185 179
f 186 179 195
f 195 179 186
f 172 187 186
f 186 187 172
f 188 173 187
f 187 173 188
f 196 180 188
f 188 180 196
f 189 174 197
f 197 174 189
f 198 174 190
f 190 174 198
f 190 175 191
f 191 175 190
f 191 180 199
f 199 180 191
f 182 192 200
f 200 192 182
f 192 193 176
f 176 193 192
f 182 201 183
f 183 201 182
f 181 201 193
f 193 201 181
f 201 181 183
f 183 181 201
f 179 194 195
f 195 194 179
f 195 202 186
f 186 202 195
f 186 187 203
f 203 187 186
f 187 204 188
f 188 204 187
f 199 180 196
f 196 180 199
f 196 188 205
f 205 188 196
f 197 174 198
f 198 174 197
f 206 200 192
f 192 200 206
f 200 201 182
f 182 201 200
f 192 207 193
f 193 207 192
f 208 193 201
f 201 193 208
f 195 194 209
f 209 194 195
f 202 195 210
f 210 195 202
f 186 203 202
f 202 203 186
f 204 187 203
f 203 187 204
f 211 188 204
f 204 188 211
f 205 188 211
f 211 188 205
f 200 206 212
f 212 206 200
f 207 192 206
f 206 192 207
f 200 208 201
f 201 208 200
f 193 208 207
f 207 208 193
f 195 209 213
f 213 209 195
f 195 214 210
f 210 214 195
f 215 202 210
f 210 202 215
f 202 203 216
f 216 203 202
f 216 204 203
f 203 204 216
f 211 204 217
f 217 204 211
f 207 212 206
f 206 212 207
f 208 200 212
f 212 200 208
f 212 207 208
f 208 207 212
f 195 213 214
f 214 213 195
f 210 214 218
f 218 214 210
f 202 215 219
f 219 215 202
f 210 220 215
f 215 220 210
f 202 216 219
f 219 216 202
f 204 216 220
f 220 216 204
f 217 204 218
f 218 204 217
f 210 218 204
f 204 218 210
f 221 219 215
f 215 219 221
f 210 204 220
f 220 204 210
f 215 220 222
f 222 220 215
f 219 216 223
f 223 216 219
f 223 220 216
f 216 220 223
f 219 221 224
f 224 221 219
f 215 222 221
f 221 222 215
f 220 223 222
f 222 223 220
f 219 223 224
f 224 223 219
f 225 224 221
f 221 224 225
f 221 222 225
f 225 222 221
f 226 222 223
f 223 222 226
f 224 223 226
f 226 223 224
f 224 225 226
f 226 225 224
f 222 226 225
f 225 226 222
f 227 228 229
f 228 227 230
f 229 228 227
f 230 227 228
f 231 229 228
f 228 229 231
f 229 232 227
f 227 232 229
f 230 227 233
f 233 227 230
f 230 234 228
f 228 234 230
f 235 229 231
f 231 229 235
f 231 228 236
f 236 228 231
f 232 229 237
f 237 229 232
f 238 230 233
f 233 230 238
f 234 230 238
f 238 230 234
f 239 228 234
f 234 228 239
f 235 237 229
f 229 237 235
f 236 228 239
f 239 228 236
f 237 240 232
f 232 240 237
f 241 234 238
f 238 234 241
f 239 234 242
f 242 234 239
f 243 237 235
f 235 237 243
f 240 237 244
f 244 237 240
f 234 241 245
f 245 241 234
f 242 234 246
f 246 234 242
f 247 237 243
f 243 237 247
f 247 244 237
f 237 244 247
f 244 248 240
f 240 248 244
f 249 245 241
f 241 245 249
f 250 234 245
f 245 234 250
f 246 234 251
f 251 234 246
f 252 244 247
f 247 244 252
f 248 244 253
f 253 244 248
f 245 249 254
f 254 249 245
f 251 234 250
f 250 234 251
f 250 245 255
f 255 245 250
f 251 256 246
f 246 256 251
f 257 244 252
f 252 244 257
f 257 253 244
f 244 253 257
f 253 258 248
f 248 258 253
f 82 254 249
f 249 254 82
f 255 245 254
f 254 245 255
f 250 259 251
f 251 259 250
f 255 260 250
f 250 260 255
f 251 261 256
f 256 261 251
f 262 253 257
f 257 253 262
f 258 253 263
f 263 253 258
f 254 82 264
f 264 82 254
f 255 254 264
f 264 254 255
f 259 250 260
f 260 250 259
f 259 265 251
f 251 265 259
f 260 255 266
f 266 255 260
f 265 261 251
f 251 261 265
f 267 253 262
f 262 253 267
f 253 268 263
f 263 268 253
f 269 258 263
f 263 258 269
f 266 264 82
f 82 264 266
f 264 266 255
f 255 266 264
f 265 259 270
f 270 259 265
f 265 271 261
f 261 271 265
f 268 253 267
f 267 253 268
f 272 263 268
f 268 263 272
f 258 269 273
f 273 269 258
f 274 269 263
f 263 269 274
f 270 275 265
f 265 275 270
f 265 276 271
f 271 276 265
f 274 263 272
f 272 263 274
f 272 268 277
f 277 268 272
f 278 273 269
f 269 273 278
f 279 269 274
f 274 269 279
f 275 270 280
f 280 270 275
f 275 276 265
f 265 276 275
f 281 274 272
f 272 274 281
f 272 277 282
f 282 277 272
f 273 278 283
f 283 278 273
f 279 278 269
f 269 278 279
f 274 284 279
f 279 284 274
f 280 285 275
f 275 285 280
f 275 286 276
f 276 286 275
f 274 281 287
f 287 281 274
f 272 288 281
f 281 288 272
f 272 282 289
f 289 282 272
f 290 283 278
f 278 283 290
f 291 278 279
f 279 278 291
f 284 274 287
f 287 274 284
f 292 279 284
f 284 279 292
f 285 280 293
f 293 280 285
f 285 294 275
f 275 294 285
f 275 294 286
f 286 294 275
f 288 272 295
f 295 272 288
f 272 289 295
f 295 289 272
f 283 290 296
f 296 290 283
f 278 291 290
f 290 291 278
f 279 292 291
f 291 292 279
f 293 295 285
f 285 295 293
f 285 297 294
f 294 297 285
f 295 293 288
f 288 293 295
f 295 289 298
f 298 289 295
f 291 296 290
f 290 296 291
f 296 291 292
f 292 291 296
f 295 297 285
f 285 297 295
f 295 298 297
f 297 298 295
f 299 300 301
f 300 299 302
f 301 300 299
f 302 299 300
f 300 303 301
f 301 303 300
f 301 304 299
f 299 304 301
f 302 305 299
f 299 305 302
f 306 300 302
f 302 300 306
f 300 307 303
f 303 307 300
f 301 303 308
f 308 303 301
f 304 301 309
f 309 301 304
f 299 310 304
f 304 310 299
f 302 311 305
f 305 311 302
f 299 305 310
f 310 305 299
f 300 306 312
f 312 306 300
f 306 311 302
f 302 311 306
f 312 307 300
f 300 307 312
f 307 305 303
f 303 305 307
f 313 308 303
f 303 308 313
f 301 308 314
f 314 308 301
f 301 315 309
f 309 315 301
f 309 316 304
f 304 316 309
f 304 310 317
f 317 310 304
f 305 307 311
f 311 307 305
f 313 305 310
f 310 305 313
f 318 312 306
f 306 312 318
f 306 319 311
f 311 319 306
f 312 320 307
f 307 320 312
f 305 313 303
f 303 313 305
f 308 313 321
f 321 313 308
f 301 314 322
f 322 314 301
f 301 322 315
f 315 322 301
f 309 315 323
f 323 315 309
f 316 309 324
f 324 309 316
f 304 317 316
f 316 317 304
f 325 310 317
f 317 310 325
f 320 311 307
f 307 311 320
f 310 325 313
f 313 325 310
f 312 318 326
f 326 318 312
f 318 319 306
f 306 319 318
f 311 320 319
f 319 320 311
f 326 320 312
f 312 320 326
f 321 313 327
f 327 313 321
f 309 323 328
f 328 323 309
f 309 328 324
f 324 328 309
f 324 329 316
f 316 329 324
f 316 317 330
f 330 317 316
f 317 331 325
f 325 331 317
f 332 313 325
f 325 313 332
f 333 326 318
f 318 326 333
f 319 318 333
f 333 318 319
f 334 319 320
f 320 319 334
f 320 326 334
f 334 326 320
f 327 313 332
f 332 313 327
f 324 328 335
f 335 328 324
f 329 324 336
f 336 324 329
f 316 330 329
f 329 330 316
f 331 317 330
f 330 317 331
f 337 325 331
f 331 325 337
f 332 325 338
f 338 325 332
f 326 333 334
f 334 333 326
f 319 334 333
f 333 334 319
f 324 335 336
f 336 335 324
f 336 339 329
f 329 339 336
f 329 330 340
f 340 330 329
f 330 341 331
f 331 341 330
f 338 325 337
f 337 325 338
f 337 331 342
f 342 331 337
f 336 335 343
f 343 335 336
f 339 336 344
f 344 336 339
f 329 340 339
f 339 340 329
f 341 330 340
f 340 330 341
f 345 331 341
f 341 331 345
f 342 331 345
f 345 331 342
f 336 343 346
f 346 343 336
f 336 346 344
f 344 346 336
f 344 347 339
f 339 347 344
f 339 340 348
f 348 340 339
f 340 349 341
f 341 349 340
f 345 341 350
f 350 341 345
f 344 346 351
f 351 346 344
f 347 344 352
f 352 344 347
f 339 348 347
f 347 348 339
f 349 340 348
f 348 340 349
f 350 341 349
f 349 341 350
f 344 351 353
f 353 351 344
f 344 353 352
f 352 353 344
f 354 347 352
f 352 347 354
f 347 348 355
f 355 348 347
f 348 356 349
f 349 356 348
f 350 349 357
f 357 349 350
f 352 353 358
f 358 353 352
f 347 354 359
f 359 354 347
f 352 356 354
f 354 356 352
f 356 348 355
f 355 348 356
f 347 355 359
f 359 355 347
f 360 349 356
f 356 349 360
f 357 349 360
f 360 349 357
f 352 358 361
f 361 358 352
f 362 359 354
f 354 359 362
f 361 356 352
f 352 356 361
f 354 356 363
f 363 356 354
f 364 356 355
f 355 356 364
f 359 355 364
f 364 355 359
f 360 356 365
f 365 356 360
f 359 362 366
f 366 362 359
f 354 363 362
f 362 363 354
f 365 356 361
f 361 356 365
f 356 364 363
f 363 364 356
f 359 364 366
f 366 364 359
f 367 366 362
f 362 366 367
f 362 363 368
f 368 363 362
f 369 363 364
f 364 363 369
f 366 364 369
f 369 364 366
f 366 367 370
f 370 367 366
f 362 368 367
f 367 368 362
f 363 369 368
f 368 369 363
f 366 369 370
f 370 369 366
f 368 370 367
f 367 370 368
f 370 368 369
f 369 368 370
f 371 372 373
f 372 371 374
f 373 372 371
f 374 371 372
f 372 375 373
f 373 375 372
f 373 376 371
f 371 376 373
f 371 377 374
f 374 377 371
f 378 372 374
f 374 372 378
f 372 379 375
f 375 379 372
f 373 375 380
f 380 375 373
f 376 373 381
f 381 373 376
f 376 382 371
f 371 382 376
f 371 382 377
f 377 382 371
f 374 377 383
f 383 377 374
f 372 378 384
f 384 378 372
f 374 383 378
f 378 383 374
f 379 372 384
f 384 372 379
f 379 385 375
f 375 385 379
f 375 386 380
f 380 386 375
f 373 380 381
f 381 380 373
f 387 376 381
f 381 376 387
f 376 388 382
f 382 388 376
f 382 389 377
f 377 389 382
f 377 390 383
f 383 390 377
f 384 378 391
f 391 378 384
f 392 378 383
f 383 378 392
f 384 393 379
f 379 393 384
f 385 379 394
f 394 379 385
f 375 385 395
f 395 385 375
f 386 375 396
f 396 375 386
f 380 386 397
f 397 386 380
f 381 380 398
f 398 380 381
f 399 376 387
f 387 376 399
f 381 400 387
f 387 400 381
f 401 388 376
f 376 388 401
f 388 402 382
f 382 402 388
f 389 382 402
f 402 382 389
f 390 377 389
f 389 377 390
f 383 390 392
f 392 390 383
f 378 392 391
f 391 392 378
f 393 384 391
f 391 384 393
f 379 393 403
f 403 393 379
f 379 404 394
f 394 404 379
f 394 405 385
f 385 405 394
f 385 406 395
f 395 406 385
f 375 395 407
f 407 395 375
f 375 407 396
f 396 407 375
f 396 408 386
f 386 408 396
f 386 409 397
f 397 409 386
f 380 397 410
f 410 397 380
f 380 411 398
f 398 411 380
f 381 398 412
f 412 398 381
f 376 399 401
f 401 399 376
f 400 399 387
f 387 399 400
f 381 413 400
f 400 413 381
f 414 388 401
f 401 388 414
f 402 388 415
f 415 388 402
f 402 416 389
f 389 416 402
f 416 390 389
f 389 390 416
f 390 417 392
f 392 417 390
f 391 392 417
f 417 392 391
f 391 417 393
f 393 417 391
f 393 418 403
f 403 418 393
f 379 403 404
f 404 403 379
f 404 405 394
f 394 405 404
f 419 385 405
f 405 385 419
f 385 419 406
f 406 419 385
f 420 395 406
f 406 395 420
f 395 420 407
f 407 420 395
f 407 408 396
f 396 408 407
f 421 386 408
f 408 386 421
f 386 421 409
f 409 421 386
f 422 397 409
f 409 397 422
f 397 422 410
f 410 422 397
f 380 410 423
f 423 410 380
f 380 424 411
f 411 424 380
f 425 398 411
f 411 398 425
f 412 398 426
f 426 398 412
f 412 427 381
f 381 427 412
f 413 401 399
f 399 401 413
f 413 399 400
f 400 399 413
f 381 428 413
f 413 428 381
f 388 414 429
f 429 414 388
f 388 430 415
f 415 430 388
f 415 431 402
f 402 431 415
f 416 402 431
f 431 402 416
f 390 416 432
f 432 416 390
f 417 390 433
f 433 390 417
f 418 393 417
f 417 393 418
f 434 403 418
f 418 403 434
f 403 434 404
f 404 434 403
f 405 404 434
f 434 404 405
f 405 433 419
f 419 433 405
f 419 435 406
f 406 435 419
f 406 435 420
f 420 435 406
f 408 407 420
f 420 407 408
f 408 435 421
f 421 435 408
f 421 436 409
f 409 436 421
f 409 436 422
f 422 436 409
f 437 410 422
f 422 410 437
f 410 437 423
f 423 437 410
f 424 380 423
f 423 380 424
f 424 438 411
f 411 438 424
f 398 425 439
f 439 425 398
f 411 438 425
f 425 438 411
f 426 398 440
f 440 398 426
f 426 441 412
f 412 441 426
f 412 442 427
f 427 442 412
f 381 427 443
f 443 427 381
f 413 444 401
f 401 444 413
f 381 445 428
f 428 445 381
f 428 444 413
f 413 444 428
f 446 429 414
f 414 429 446
f 429 430 388
f 388 430 429
f 447 415 430
f 430 415 447
f 431 415 448
f 448 415 431
f 449 416 431
f 431 416 449
f 450 431 416
f 416 431 450
f 451 416 431
f 431 416 451
f 452 416 432
f 432 416 452
f 453 432 416
f 416 432 453
f 416 454 432
f 432 454 416
f 454 390 432
f 432 390 454
f 390 454 433
f 433 454 390
f 417 433 418
f 418 433 417
f 418 433 434
f 434 433 418
f 434 433 405
f 405 433 434
f 435 419 433
f 433 419 435
f 420 435 408
f 408 435 420
f 436 421 435
f 435 421 436
f 422 436 437
f 437 436 422
f 423 437 424
f 424 437 423
f 424 455 438
f 438 455 424
f 425 456 439
f 439 456 425
f 398 439 440
f 440 439 398
f 456 425 438
f 438 425 456
f 426 440 457
f 457 440 426
f 458 441 426
f 426 441 458
f 459 412 441
f 441 412 459
f 412 460 442
f 442 460 412
f 442 461 427
f 427 461 442
f 427 462 443
f 443 462 427
f 381 443 463
f 463 443 381
f 381 463 445
f 445 463 381
f 445 464 428
f 428 464 445
f 428 464 444
f 444 464 428
f 429 446 465
f 465 446 429
f 465 430 429
f 429 430 465
f 415 447 466
f 466 447 415
f 467 430 447
f 447 430 467
f 459 447 430
f 430 447 459
f 448 466 415
f 415 466 448
f 448 468 431
f 431 468 448
f 469 448 431
f 431 448 469
f 470 431 448
f 448 431 470
f 416 449 453
f 453 449 416
f 431 468 449
f 449 468 431
f 431 450 469
f 469 450 431
f 416 452 450
f 450 452 416
f 454 416 451
f 451 416 454
f 451 431 470
f 470 431 451
f 432 471 452
f 452 471 432
f 432 453 472
f 472 453 432
f 471 432 454
f 454 432 471
f 472 454 432
f 432 454 472
f 451 433 454
f 454 433 451
f 433 451 435
f 435 451 433
f 435 470 436
f 436 470 435
f 437 436 455
f 455 436 437
f 455 424 437
f 437 424 455
f 436 438 455
f 455 438 436
f 439 456 473
f 473 456 439
f 473 440 439
f 439 440 473
f 438 436 456
f 456 436 438
f 440 474 457
f 457 474 440
f 426 457 475
f 475 457 426
f 441 458 476
f 476 458 441
f 477 458 426
f 426 458 477
f 459 478 412
f 412 478 459
f 479 459 441
f 441 459 479
f 412 480 460
f 460 480 412
f 481 442 460
f 460 442 481
f 442 482 461
f 461 482 442
f 427 461 483
f 483 461 427
f 427 484 462
f 462 484 427
f 443 462 485
f 485 462 443
f 443 486 463
f 463 486 443
f 463 487 445
f 445 487 463
f 488 464 445
f 445 464 488
f 489 465 446
f 446 465 489
f 490 430 465
f 465 430 490
f 466 447 491
f 491 447 466
f 430 467 492
f 492 467 430
f 447 493 467
f 467 493 447
f 447 459 491
f 491 459 447
f 494 459 430
f 430 459 494
f 466 448 495
f 495 448 466
f 448 496 468
f 468 496 448
f 492 448 469
f 469 448 492
f 470 448 495
f 495 448 470
f 497 453 449
f 449 453 497
f 468 498 449
f 449 498 468
f 499 469 450
f 450 469 499
f 500 450 452
f 452 450 500
f 454 501 451
f 451 501 454
f 451 471 454
f 454 471 451
f 470 435 451
f 451 435 470
f 470 502 451
f 451 502 470
f 451 503 470
f 470 503 451
f 504 452 471
f 471 452 504
f 505 472 453
f 453 472 505
f 454 472 506
f 506 472 454
f 470 507 436
f 436 507 470
f 456 473 508
f 440 473 474
f 474 473 440
f 456 436 508
f 474 475 457
f 457 475 474
f 426 475 509
f 509 475 426
f 510 476 458
f 458 476 510
f 476 511 441
f 441 511 476
f 458 477 510
f 510 477 458
f 477 426 512
f 512 426 477
f 459 513 478
f 478 513 459
f 480 412 478
f 478 412 480
f 491 459 479
f 479 459 491
f 479 441 514
f 514 441 479
f 480 515 460
f 460 515 480
f 442 481 516
f 516 481 442
f 460 517 481
f 481 517 460
f 442 516 482
f 482 516 442
f 427 483 518
f 518 483 427
f 427 519 484
f 484 519 427
f 443 485 520
f 520 485 443
f 443 521 486
f 486 521 443
f 463 486 522
f 522 486 463
f 463 522 487
f 487 522 463
f 445 487 523
f 523 487 445
f 488 524 464
f 464 524 488
f 445 525 488
f 488 525 445
f 465 489 526
f 526 489 465
f 494 430 490
f 490 430 494
f 526 490 465
f 465 490 526
f 493 447 491
f 491 447 493
f 466 491 527
f 527 491 466
f 495 492 467
f 467 492 495
f 430 492 528
f 528 492 430
f 529 467 493
f 493 467 529
f 530 459 494
f 494 459 530
f 496 448 495
f 495 448 496
f 492 495 448
f 448 495 492
f 495 527 466
f 466 527 495
f 531 468 496
f 496 468 531
f 532 492 469
f 469 492 532
f 470 495 533
f 533 495 470
f 453 497 505
f 505 497 453
f 449 498 497
f 497 498 449
f 468 531 498
f 498 531 468
f 469 499 532
f 532 499 469
f 450 500 499
f 499 500 450
f 452 504 500
f 500 504 452
f 501 454 506
f 506 454 501
f 503 451 501
f 501 451 503
f 471 451 502
f 502 451 471
f 502 470 534
f 534 470 502
f 503 533 470
f 470 533 503
f 502 504 471
f 471 504 502
f 472 505 535
f 535 505 472
f 535 506 472
f 472 506 535
f 507 470 533
f 533 470 507
f 508 436 507
f 507 436 508
f 508 473 456
f 473 508 536
f 536 508 473
f 508 436 456
f 473 537 474
f 474 537 473
f 475 474 538
f 538 474 475
f 538 509 475
f 475 509 538
f 426 509 539
f 539 509 426
f 476 510 540
f 540 510 476
f 511 476 540
f 540 476 511
f 441 511 541
f 541 511 441
f 477 540 510
f 510 540 477
f 512 426 542
f 542 426 512
f 512 511 477
f 477 511 512
f 459 543 513
f 513 543 459
f 513 544 478
f 478 544 513
f 478 515 480
f 480 515 478
f 545 491 479
f 479 491 545
f 527 491 479
f 479 491 527
f 514 441 546
f 546 441 514
f 547 479 514
f 514 479 547
f 548 479 514
f 514 479 548
f 460 515 549
f 549 515 460
f 460 549 517
f 517 549 460
f 481 517 550
f 550 517 481
f 427 518 519
f 519 518 427
f 443 520 521
f 521 520 443
f 551 522 486
f 486 522 551
f 486 552 522
f 522 552 486
f 553 487 522
f 522 487 553
f 522 552 487
f 487 552 522
f 445 523 554
f 554 523 445
f 555 524 488
f 488 524 555
f 445 556 525
f 525 556 445
f 489 557 526
f 526 557 489
f 490 558 494
f 494 558 490
f 526 559 490
f 490 559 526
f 491 545 493
f 493 545 491
f 467 529 495
f 495 529 467
f 528 492 532
f 532 492 528
f 493 560 529
f 529 560 493
f 561 459 530
f 530 459 561
f 558 530 494
f 494 530 558
f 529 496 495
f 495 496 529
f 527 495 529
f 529 495 527
f 496 562 531
f 531 562 496
f 533 495 529
f 529 495 533
f 563 470 533
f 533 470 563
f 564 505 497
f 497 505 564
f 498 565 497
f 497 565 498
f 566 498 531
f 531 498 566
f 506 567 501
f 501 567 506
f 501 568 503
f 503 568 501
f 470 563 534
f 534 563 470
f 534 569 502
f 502 569 534
f 533 503 570
f 570 503 533
f 504 502 569
f 569 502 504
f 571 535 505
f 505 535 571
f 506 535 572
f 572 535 506
f 533 573 507
f 507 573 533
f 507 536 508
f 508 536 507
f 473 536 537
f 537 536 473
f 474 537 574
f 574 537 474
f 474 574 538
f 538 574 474
f 575 509 538
f 538 509 575
f 539 509 576
f 576 509 539
f 577 426 539
f 539 426 577
f 540 477 511
f 511 477 540
f 511 512 541
f 541 512 511
f 441 541 578
f 578 541 441
f 542 426 579
f 579 426 542
f 542 541 512
f 512 541 542
f 543 459 580
f 580 459 543
f 544 513 543
f 543 513 544
f 544 515 478
f 478 515 544
f 479 547 545
f 545 547 479
f 527 479 548
f 548 479 527
f 546 441 581
f 581 441 546
f 582 514 546
f 546 514 582
f 583 514 546
f 546 514 583
f 514 582 547
f 547 582 514
f 548 514 584
f 584 514 548
f 515 585 549
f 549 585 515
f 585 517 549
f 549 517 585
f 550 517 586
f 586 517 550
f 587 519 518
f 518 519 587
f 518 588 519
f 519 588 518
f 551 553 522
f 522 553 551
f 589 551 486
f 486 551 589
f 486 590 552
f 552 590 486
f 553 591 487
f 487 591 553
f 487 552 592
f 592 552 487
f 445 554 593
f 593 554 445
f 594 524 555
f 555 524 594
f 445 595 556
f 556 595 445
f 557 489 596
f 596 489 557
f 557 559 526
f 526 559 557
f 558 490 597
f 597 490 558
f 559 597 490
f 490 597 559
f 560 493 545
f 545 493 560
f 527 560 529
f 529 560 527
f 560 598 529
f 529 598 560
f 599 529 560
f 560 529 599
f 600 459 561
f 561 459 600
f 530 601 561
f 561 601 530
f 530 558 602
f 602 558 530
f 496 529 598
f 598 529 496
f 562 496 598
f 598 496 562
f 603 531 562
f 562 531 603
f 533 529 599
f 599 529 533
f 533 604 563
f 563 604 533
f 505 564 571
f 571 564 505
f 497 565 564
f 564 565 497
f 498 566 565
f 565 566 498
f 531 603 566
f 566 603 531
f 567 506 572
f 572 506 567
f 568 501 567
f 567 501 568
f 568 570 503
f 503 570 568
f 605 534 563
f 563 534 605
f 569 534 606
f 606 534 569
f 570 599 533
f 533 599 570
f 535 571 607
f 607 571 535
f 607 572 535
f 535 572 607
f 573 533 599
f 599 533 573
f 536 507 573
f 573 507 536
f 573 537 536
f 536 537 573
f 537 608 574
f 574 608 537
f 538 574 575
f 575 574 538
f 509 575 609
f 609 575 509
f 609 576 509
f 509 576 609
f 610 539 576
f 576 539 610
f 579 426 577
f 577 426 579
f 577 539 611
f 611 539 577
f 541 542 578
f 578 542 541
f 441 578 612
f 612 578 441
f 613 542 579
f 579 542 613
f 614 580 459
f 459 580 614
f 615 543 580
f 580 543 615
f 543 616 544
f 544 616 543
f 544 617 515
f 515 617 544
f 618 545 547
f 547 545 618
f 560 527 548
f 548 527 560
f 581 441 619
f 619 441 581
f 620 546 581
f 581 546 620
f 621 546 581
f 581 546 621
f 546 620 582
f 582 620 546
f 584 514 583
f 583 514 584
f 583 546 621
f 621 546 583
f 622 547 582
f 582 547 622
f 560 584 548
f 548 584 560
f 585 515 623
f 623 515 585
f 517 585 624
f 624 585 517
f 586 517 625
f 625 517 586
f 586 626 550
f 550 626 586
f 586 516 550
f 550 516 586
f 587 627 519
f 519 627 587
f 518 628 587
f 587 628 518
f 518 629 588
f 588 629 518
f 519 588 462
f 462 588 519
f 630 553 551
f 551 553 630
f 631 551 589
f 589 551 631
f 589 486 520
f 520 486 589
f 520 590 486
f 486 590 520
f 632 590 552
f 552 590 632
f 553 633 591
f 591 633 553
f 633 487 591
f 591 487 633
f 634 552 592
f 592 552 634
f 552 635 592
f 592 635 552
f 487 592 594
f 594 592 487
f 445 593 595
f 595 593 445
f 636 524 594
f 594 524 636
f 555 637 594
f 594 637 555
f 595 594 555
f 555 594 595
f 524 596 489
f 489 596 524
f 596 638 557
f 557 638 596
f 638 559 557
f 557 559 638
f 639 558 597
f 597 558 639
f 597 559 639
f 639 559 597
f 545 618 560
f 560 618 545
f 598 560 640
f 640 560 598
f 599 560 641
f 641 560 599
f 614 459 600
f 600 459 614
f 600 561 642
f 642 561 600
f 601 530 602
f 602 530 601
f 643 561 601
f 601 561 643
f 643 602 558
f 558 602 643
f 598 644 562
f 562 644 598
f 562 645 603
f 603 645 562
f 604 533 599
f 599 533 604
f 646 563 604
f 604 563 646
f 647 571 564
f 564 571 647
f 565 648 564
f 564 648 565
f 649 565 566
f 566 565 649
f 650 566 603
f 603 566 650
f 572 651 567
f 567 651 572
f 567 652 568
f 568 652 567
f 570 568 653
f 653 568 570
f 534 605 606
f 606 605 534
f 563 646 605
f 605 646 563
f 599 570 654
f 654 570 599
f 655 607 571
f 571 607 655
f 572 607 656
f 656 607 572
f 599 657 573
f 573 657 599
f 537 573 657
f 657 573 537
f 608 537 657
f 657 537 608
f 658 574 608
f 608 574 658
f 575 574 659
f 659 574 575
f 659 609 575
f 575 609 659
f 660 576 609
f 609 576 660
f 539 610 661
f 661 610 539
f 576 662 610
f 610 662 576
f 663 579 577
f 577 579 663
f 611 539 664
f 664 539 611
f 665 577 611
f 611 577 665
f 542 613 578
f 578 613 542
f 612 578 613
f 613 578 612
f 441 612 666
f 666 612 441
f 579 663 613
f 613 663 579
f 580 614 615
f 615 614 580
f 543 615 667
f 667 615 543
f 616 543 667
f 667 543 616
f 617 544 616
f 616 544 617
f 617 623 515
f 515 623 617
f 547 622 618
f 618 622 547
f 619 441 668
f 668 441 619
f 669 581 619
f 619 581 669
f 670 581 619
f 619 581 670
f 581 669 620
f 620 669 581
f 621 581 670
f 670 581 621
f 671 582 620
f 620 582 671
f 618 583 584
f 584 583 618
f 622 621 583
f 583 621 622
f 582 671 622
f 622 671 582
f 584 560 618
f 618 560 584
f 623 642 585
f 585 642 623
f 642 624 585
f 585 624 642
f 624 625 517
f 517 625 624
f 586 625 672
f 672 625 586
f 586 673 626
f 626 673 586
f 550 626 674
f 674 626 550
f 516 586 675
f 675 586 516
f 516 550 676
f 676 550 516
f 677 627 587
f 587 627 677
f 627 462 519
f 519 462 627
f 518 678 628
f 628 678 518
f 677 587 628
f 628 587 677
f 461 629 518
f 518 629 461
f 679 629 588
f 588 629 679
f 629 625 588
f 588 625 629
f 462 588 680
f 680 588 462
f 553 630 681
f 681 630 553
f 551 631 630
f 630 631 551
f 589 682 631
f 631 682 589
f 683 589 520
f 520 589 683
f 520 684 590
f 590 684 520
f 632 685 590
f 590 685 632
f 634 632 552
f 552 632 634
f 633 553 681
f 681 553 633
f 633 686 487
f 487 686 633
f 594 634 592
f 592 634 594
f 687 635 552
f 552 635 687
f 592 635 524
f 524 635 592
f 487 594 554
f 554 594 487
f 592 524 636
f 636 524 592
f 688 637 555
f 555 637 688
f 689 594 637
f 637 594 689
f 554 594 595
f 595 594 554
f 595 555 525
f 525 555 595
f 596 524 635
f 635 524 596
f 638 596 690
f 690 596 638
f 691 559 638
f 638 559 691
f 643 558 639
f 639 558 643
f 559 643 639
f 639 643 559
f 618 640 560
f 560 640 618
f 641 560 618
f 618 560 641
f 644 598 640
f 640 598 644
f 657 599 641
f 641 599 657
f 599 692 641
f 641 692 599
f 693 599 641
f 641 599 693
f 623 614 600
f 600 614 623
f 561 694 642
f 642 694 561
f 642 623 600
f 600 623 642
f 602 643 601
f 601 643 602
f 561 643 695
f 695 643 561
f 645 562 644
f 644 562 645
f 696 603 645
f 645 603 696
f 599 693 604
f 604 693 599
f 604 697 646
f 646 697 604
f 571 647 655
f 655 647 571
f 564 648 647
f 647 648 564
f 565 649 648
f 648 649 565
f 566 650 649
f 649 650 566
f 603 696 650
f 650 696 603
f 651 572 656
f 656 572 651
f 652 567 651
f 651 567 652
f 652 653 568
f 568 653 652
f 653 654 570
f 570 654 653
f 692 599 654
f 654 599 692
f 607 655 698
f 698 655 607
f 698 656 607
f 607 656 698
f 641 608 657
f 657 608 641
f 574 658 699
f 699 658 574
f 700 658 608
f 608 658 700
f 659 574 699
f 699 574 659
f 609 659 660
f 660 659 609
f 701 576 660
f 660 576 701
f 661 610 702
f 702 610 661
f 703 539 661
f 661 539 703
f 662 576 704
f 704 576 662
f 705 610 662
f 662 610 705
f 577 665 663
f 663 665 577
f 664 539 706
f 706 539 664
f 707 611 664
f 664 611 707
f 611 707 665
f 665 707 611
f 613 708 612
f 612 708 613
f 612 709 666
f 666 709 612
f 441 666 710
f 710 666 441
f 708 613 663
f 663 613 708
f 614 667 615
f 615 667 614
f 667 617 616
f 616 617 667
f 623 617 711
f 711 617 623
f 583 618 622
f 622 618 583
f 712 618 622
f 622 618 712
f 700 618 622
f 622 618 700
f 441 713 668
f 668 713 441
f 714 619 668
f 668 619 714
f 670 619 714
f 714 619 670
f 715 620 669
f 669 620 715
f 671 670 621
f 621 670 671
f 620 715 671
f 671 715 620
f 621 622 671
f 671 622 621
f 716 622 671
f 671 622 716
f 717 622 671
f 671 622 717
f 624 642 694
f 694 642 624
f 625 624 718
f 718 624 625
f 672 625 675
f 675 625 672
f 673 586 719
f 719 586 673
f 626 720 673
f 673 720 626
f 721 674 626
f 626 674 721
f 721 550 674
f 674 550 721
f 586 675 719
f 719 675 586
f 516 675 461
f 461 675 516
f 550 722 676
f 676 722 550
f 722 516 676
f 676 516 722
f 723 627 677
f 677 627 723
f 627 683 462
f 462 683 627
f 461 678 518
f 518 678 461
f 720 678 628
f 628 678 720
f 724 628 677
f 677 628 724
f 461 675 629
f 629 675 461
f 679 725 629
f 629 725 679
f 726 679 588
f 588 679 726
f 727 625 629
f 629 625 727
f 588 625 728
f 728 625 588
f 726 588 680
f 680 588 726
f 462 680 684
f 684 680 462
f 682 589 729
f 729 589 682
f 729 589 683
f 683 589 729
f 683 520 462
f 462 520 683
f 462 684 520
f 520 684 462
f 685 684 590
f 590 684 685
f 730 685 632
f 632 685 730
f 731 632 634
f 634 632 731
f 686 633 732
f 732 633 686
f 487 686 554
f 554 686 487
f 634 594 689
f 689 594 634
f 590 635 687
f 687 635 590
f 637 688 689
f 689 688 637
f 688 555 733
f 733 555 688
f 554 734 595
f 595 734 554
f 525 733 555
f 555 733 525
f 595 735 525
f 525 735 595
f 635 690 596
f 596 690 635
f 690 691 638
f 638 691 690
f 691 695 559
f 559 695 691
f 643 559 695
f 695 559 643
f 640 618 736
f 736 618 640
f 641 618 700
f 700 618 641
f 640 737 644
f 644 737 640
f 738 641 692
f 692 641 738
f 641 739 693
f 693 739 641
f 614 623 711
f 711 623 614
f 694 561 695
f 695 561 694
f 644 740 645
f 645 740 644
f 645 741 696
f 696 741 645
f 697 604 693
f 693 604 697
f 742 655 647
f 647 655 742
f 648 742 647
f 647 742 648
f 743 648 649
f 649 648 743
f 650 744 649
f 649 744 650
f 745 650 696
f 696 650 745
f 656 746 651
f 651 746 656
f 651 747 652
f 652 747 651
f 653 652 748
f 748 652 653
f 654 653 749
f 749 653 654
f 749 692 654
f 654 692 749
f 750 698 655
f 655 698 750
f 656 698 751
f 751 698 656
f 608 641 700
f 700 641 608
f 752 699 658
f 658 699 752
f 658 700 717
f 717 700 658
f 752 659 699
f 699 659 752
f 660 659 753
f 753 659 660
f 576 701 754
f 754 701 576
f 753 701 660
f 660 701 753
f 610 755 702
f 702 755 610
f 661 702 756
f 756 702 661
f 539 703 757
f 757 703 539
f 756 703 661
f 661 703 756
f 704 576 758
f 758 576 704
f 759 662 704
f 704 662 759
f 760 610 705
f 705 610 760
f 662 759 705
f 705 759 662
f 761 663 665
f 665 663 761
f 706 539 762
f 762 539 706
f 763 664 706
f 706 664 763
f 664 763 707
f 707 763 664
f 764 665 707
f 707 665 764
f 612 708 765
f 765 708 612
f 709 612 766
f 766 612 709
f 767 666 709
f 709 666 767
f 666 767 710
f 710 767 666
f 441 710 713
f 713 710 441
f 708 663 768
f 768 663 708
f 667 614 711
f 711 614 667
f 617 667 711
f 711 667 617
f 618 712 736
f 736 712 618
f 622 716 712
f 712 716 622
f 700 622 717
f 717 622 700
f 668 713 769
f 769 713 668
f 668 770 714
f 714 770 668
f 714 715 670
f 670 715 714
f 670 671 715
f 715 671 670
f 771 671 715
f 715 671 771
f 772 671 715
f 715 671 772
f 671 771 716
f 716 771 671
f 717 671 772
f 772 671 717
f 694 718 624
f 624 718 694
f 718 728 625
f 625 728 718
f 675 625 727
f 727 625 675
f 675 673 719
f 719 673 675
f 720 626 678
f 678 626 720
f 722 626 721
f 721 626 722
f 550 721 722
f 722 721 550
f 461 516 773
f 773 516 461
f 516 722 678
f 678 722 516
f 627 723 774
f 774 723 627
f 724 677 723
f 723 677 724
f 774 683 627
f 627 683 774
f 678 461 773
f 773 461 678
f 720 628 724
f 724 628 720
f 629 775 675
f 675 775 629
f 679 775 725
f 725 775 679
f 775 629 725
f 725 629 775
f 776 679 726
f 726 679 776
f 588 728 777
f 777 728 588
f 778 726 680
f 680 726 778
f 778 680 684
f 684 680 778
f 779 729 682
f 682 729 779
f 683 780 729
f 729 780 683
f 685 778 684
f 684 778 685
f 685 730 781
f 781 730 685
f 632 782 730
f 730 782 632
f 782 632 731
f 731 632 782
f 689 731 634
f 634 731 689
f 732 554 686
f 686 554 732
f 783 635 590
f 590 635 783
f 784 688 733
f 733 688 784
f 734 554 732
f 732 554 734
f 785 595 734
f 734 595 785
f 733 525 784
f 784 525 733
f 735 595 785
f 785 595 735
f 784 525 735
f 735 525 784
f 690 635 728
f 728 635 690
f 691 690 718
f 718 690 691
f 694 695 691
f 691 695 694
f 737 640 736
f 736 640 737
f 739 641 700
f 700 641 739
f 641 738 700
f 700 738 641
f 740 644 737
f 737 644 740
f 786 738 692
f 692 738 786
f 787 693 739
f 739 693 787
f 741 645 740
f 740 645 741
f 788 696 741
f 741 696 788
f 693 787 697
f 697 787 693
f 655 742 750
f 750 742 655
f 742 648 743
f 743 648 742
f 743 649 744
f 744 649 743
f 744 650 789
f 789 650 744
f 650 745 789
f 789 745 650
f 696 788 745
f 745 788 696
f 746 656 751
f 751 656 746
f 747 651 746
f 746 651 747
f 747 748 652
f 652 748 747
f 748 749 653
f 653 749 748
f 692 749 786
f 786 749 692
f 698 750 790
f 790 750 698
f 790 751 698
f 698 751 790
f 717 752 658
f 658 752 717
f 738 717 700
f 700 717 738
f 791 700 717
f 717 700 791
f 752 753 659
f 659 753 752
f 792 754 701
f 701 754 792
f 758 576 754
f 754 576 758
f 701 753 792
f 792 753 701
f 755 610 793
f 793 610 755
f 794 702 755
f 755 702 794
f 756 702 795
f 795 702 756
f 796 757 703
f 703 757 796
f 797 539 757
f 757 539 797
f 703 756 798
f 798 756 703
f 799 704 758
f 758 704 799
f 704 799 759
f 759 799 704
f 793 610 760
f 760 610 793
f 800 760 705
f 705 760 800
f 705 759 800
f 800 759 705
f 801 663 761
f 761 663 801
f 761 665 802
f 802 665 761
f 762 539 797
f 797 539 762
f 803 706 762
f 762 706 803
f 706 803 763
f 763 803 706
f 804 707 763
f 763 707 804
f 802 665 764
f 764 665 802
f 764 707 805
f 805 707 764
f 708 806 765
f 765 806 708
f 765 766 612
f 612 766 765
f 807 710 767
f 767 710 807
f 710 807 713
f 713 807 710
f 768 663 808
f 808 663 768
f 768 809 708
f 708 809 768
f 810 736 712
f 712 736 810
f 811 712 716
f 716 712 811
f 807 769 713
f 713 769 807
f 668 769 812
f 812 769 668
f 668 813 770
f 770 813 668
f 796 714 770
f 770 714 796
f 715 714 814
f 814 714 715
f 772 715 815
f 815 715 772
f 816 716 771
f 771 716 816
f 752 717 772
f 772 717 752
f 817 772 717
f 717 772 817
f 818 717 772
f 772 717 818
f 718 694 691
f 691 694 718
f 728 718 690
f 690 718 728
f 675 819 673
f 673 819 675
f 626 722 678
f 678 722 626
f 516 678 773
f 773 678 516
f 820 723 774
f 774 723 820
f 724 723 820
f 820 723 724
f 780 683 774
f 774 683 780
f 675 775 821
f 821 775 675
f 775 679 822
f 822 679 775
f 679 776 822
f 822 776 679
f 726 823 776
f 776 823 726
f 777 728 680
f 680 728 777
f 823 726 778
f 778 726 823
f 824 729 779
f 779 729 824
f 779 682 825
f 825 682 779
f 824 780 729
f 729 780 824
f 685 823 778
f 778 823 685
f 823 685 781
f 781 685 823
f 783 728 635
f 635 728 783
f 732 785 734
f 734 785 732
f 785 784 735
f 735 784 785
f 736 810 737
f 737 810 736
f 700 791 739
f 739 791 700
f 737 826 740
f 740 826 737
f 738 786 827
f 827 786 738
f 739 828 787
f 787 828 739
f 740 829 741
f 741 829 740
f 742 830 750
f 750 830 742
f 743 831 742
f 742 831 743
f 832 743 744
f 744 743 832
f 789 833 744
f 744 833 789
f 745 834 789
f 789 834 745
f 788 835 745
f 745 835 788
f 751 836 746
f 746 836 751
f 836 747 746
f 746 747 836
f 748 747 837
f 837 747 748
f 749 748 838
f 838 748 749
f 838 786 749
f 749 786 838
f 750 839 790
f 790 839 750
f 751 790 840
f 840 790 751
f 717 738 817
f 817 738 717
f 717 818 791
f 791 818 717
f 753 752 841
f 841 752 753
f 754 792 758
f 758 792 754
f 792 753 841
f 841 753 792
f 842 755 793
f 793 755 842
f 843 702 794
f 794 702 843
f 755 842 794
f 794 842 755
f 844 795 702
f 702 795 844
f 845 756 795
f 795 756 845
f 770 757 796
f 796 757 770
f 796 703 846
f 846 703 796
f 757 813 797
f 797 813 757
f 756 845 798
f 798 845 756
f 846 703 798
f 798 703 846
f 758 792 799
f 799 792 758
f 759 799 847
f 847 799 759
f 848 793 760
f 760 793 848
f 760 800 848
f 848 800 760
f 849 800 759
f 759 800 849
f 808 663 801
f 801 663 808
f 850 801 761
f 761 801 850
f 851 761 802
f 802 761 851
f 797 803 762
f 762 803 797
f 668 763 803
f 803 763 668
f 805 707 804
f 804 707 805
f 804 763 852
f 852 763 804
f 853 802 764
f 764 802 853
f 854 764 805
f 805 764 854
f 806 708 809
f 809 708 806
f 766 765 806
f 806 765 766
f 808 855 768
f 768 855 808
f 809 768 855
f 855 768 809
f 712 811 810
f 810 811 712
f 716 816 811
f 811 816 716
f 769 807 856
f 856 807 769
f 856 812 769
f 769 812 856
f 668 812 857
f 857 812 668
f 668 803 813
f 813 803 668
f 813 757 770
f 770 757 813
f 714 796 858
f 858 796 714
f 814 714 858
f 858 714 814
f 815 715 814
f 814 715 815
f 815 752 772
f 772 752 815
f 859 815 772
f 772 815 859
f 860 772 815
f 815 772 860
f 772 817 859
f 859 817 772
f 772 860 818
f 818 860 772
f 819 675 821
f 821 675 819
f 820 774 824
f 824 774 820
f 824 774 780
f 780 774 824
f 819 821 775
f 775 821 819
f 680 728 861
f 861 728 680
f 779 825 862
f 862 825 779
f 684 728 783
f 783 728 684
f 826 737 810
f 810 737 826
f 828 739 791
f 791 739 828
f 829 740 826
f 826 740 829
f 863 827 786
f 786 827 863
f 827 817 738
f 738 817 827
f 864 741 829
f 829 741 864
f 830 742 831
f 831 742 830
f 839 750 830
f 830 750 839
f 831 743 832
f 832 743 831
f 832 744 833
f 833 744 832
f 833 789 834
f 834 789 833
f 834 745 835
f 835 745 834
f 835 788 865
f 865 788 835
f 836 751 840
f 840 751 836
f 747 836 866
f 866 836 747
f 866 837 747
f 747 837 866
f 837 838 748
f 748 838 837
f 786 838 863
f 863 838 786
f 839 840 790
f 790 840 839
f 867 791 818
f 818 791 867
f 752 792 841
f 841 792 752
f 793 848 842
f 842 848 793
f 844 702 843
f 843 702 844
f 794 868 843
f 843 868 794
f 794 842 869
f 869 842 794
f 795 844 870
f 870 844 795
f 845 795 871
f 871 795 845
f 846 858 796
f 796 858 846
f 803 797 813
f 813 797 803
f 872 798 845
f 845 798 872
f 846 798 872
f 872 798 846
f 752 799 792
f 792 799 752
f 799 849 847
f 847 849 799
f 849 759 847
f 847 759 849
f 849 848 800
f 800 848 849
f 801 850 873
f 873 850 801
f 761 851 850
f 850 851 761
f 802 853 851
f 851 853 802
f 668 874 763
f 763 874 668
f 875 805 804
f 804 805 875
f 852 763 876
f 876 763 852
f 852 875 804
f 804 875 852
f 764 854 853
f 853 854 764
f 805 875 854
f 854 875 805
f 855 808 877
f 877 808 855
f 878 810 811
f 811 810 878
f 879 811 816
f 816 811 879
f 812 856 880
f 880 856 812
f 880 857 812
f 812 857 880
f 668 857 881
f 881 857 668
f 814 858 882
f 882 858 814
f 815 814 882
f 882 814 815
f 752 815 849
f 849 815 752
f 815 859 883
f 883 859 815
f 815 884 860
f 860 884 815
f 885 859 817
f 817 859 885
f 886 818 860
f 860 818 886
f 861 728 684
f 684 728 861
f 862 825 887
f 887 825 862
f 810 878 826
f 826 878 810
f 791 867 828
f 828 867 791
f 826 888 829
f 829 888 826
f 827 863 889
f 889 863 827
f 817 827 885
f 885 827 817
f 741 864 788
f 788 864 741
f 829 890 864
f 864 890 829
f 831 891 830
f 830 891 831
f 830 892 839
f 839 892 830
f 832 893 831
f 831 893 832
f 894 832 833
f 833 832 894
f 834 895 833
f 833 895 834
f 835 896 834
f 834 896 835
f 788 897 865
f 865 898 835
f 835 898 865
f 899 836 840
f 840 836 899
f 900 866 836
f 836 866 900
f 837 866 901
f 901 866 837
f 838 837 902
f 902 837 838
f 902 863 838
f 838 863 902
f 840 839 899
f 899 839 840
f 818 886 867
f 867 886 818
f 842 848 903
f 903 848 842
f 843 904 844
f 844 904 843
f 868 794 869
f 869 794 868
f 904 843 868
f 868 843 904
f 905 869 842
f 842 869 905
f 906 870 844
f 844 870 906
f 871 795 870
f 870 795 871
f 871 872 845
f 845 872 871
f 858 846 907
f 907 846 858
f 908 846 872
f 872 846 908
f 849 799 752
f 752 799 849
f 905 848 849
f 849 848 905
f 668 909 874
f 874 909 668
f 876 763 874
f 874 763 876
f 876 910 852
f 852 910 876
f 875 852 910
f 910 852 875
f 811 879 878
f 878 879 811
f 857 880 911
f 911 880 857
f 911 881 857
f 857 881 911
f 668 881 912
f 912 881 668
f 907 882 858
f 858 882 907
f 882 913 814
f 814 913 882
f 814 914 882
f 882 914 814
f 815 882 915
f 915 882 815
f 915 849 815
f 815 849 915
f 916 883 859
f 859 883 916
f 883 915 815
f 815 915 883
f 884 815 915
f 915 815 884
f 917 860 884
f 884 860 917
f 859 885 916
f 916 885 859
f 860 917 886
f 886 917 860
f 862 887 918
f 918 887 862
f 888 826 878
f 878 826 888
f 890 829 888
f 888 829 890
f 919 889 863
f 863 889 919
f 889 885 827
f 827 885 889
f 897 788 864
f 864 788 897
f 920 864 890
f 890 864 920
f 891 831 893
f 893 831 891
f 892 830 891
f 891 830 892
f 892 899 839
f 839 899 892
f 893 832 894
f 894 832 893
f 894 833 895
f 895 833 894
f 895 834 896
f 896 834 895
f 896 835 898
f 898 835 896
f 865 897 788
f 921 865 897
f 897 865 921
f 898 865 922
f 922 865 898
f 836 899 900
f 900 899 836
f 866 900 923
f 923 900 866
f 923 901 866
f 866 901 923
f 901 902 837
f 837 902 901
f 863 902 919
f 919 902 863
f 848 905 903
f 903 905 848
f 905 842 903
f 903 842 905
f 906 844 904
f 904 844 906
f 905 868 869
f 869 868 905
f 905 904 868
f 868 904 905
f 924 870 906
f 906 870 924
f 870 924 871
f 871 924 870
f 872 871 924
f 924 871 872
f 846 908 907
f 907 908 846
f 908 872 924
f 924 872 908
f 849 915 905
f 905 915 849
f 668 925 909
f 909 925 668
f 909 926 874
f 874 926 909
f 874 927 876
f 876 927 874
f 910 876 927
f 927 876 910
f 928 878 879
f 879 878 928
f 881 911 929
f 929 911 881
f 929 912 881
f 881 912 929
f 668 912 930
f 930 912 668
f 882 907 931
f 931 907 882
f 913 882 932
f 932 882 913
f 914 814 933
f 933 814 914
f 934 882 914
f 914 882 934
f 915 882 931
f 931 882 915
f 883 916 935
f 935 916 883
f 915 883 936
f 936 883 915
f 915 937 884
f 884 937 915
f 884 938 917
f 917 938 884
f 939 916 885
f 885 916 939
f 918 887 940
f 940 887 918
f 878 928 888
f 888 928 878
f 888 941 890
f 890 941 888
f 889 919 942
f 942 919 889
f 885 889 939
f 939 889 885
f 864 920 897
f 897 920 864
f 890 943 920
f 920 943 890
f 893 944 891
f 891 944 893
f 891 945 892
f 892 945 891
f 899 892 946
f 946 892 899
f 894 947 893
f 893 947 894
f 948 894 895
f 895 894 948
f 896 949 895
f 895 949 896
f 898 950 896
f 896 950 898
f 865 921 922
f 922 921 865
f 897 951 921
f 921 951 897
f 922 952 898
f 898 952 922
f 946 900 899
f 899 900 946
f 953 923 900
f 900 923 953
f 901 923 954
f 954 923 901
f 902 901 955
f 955 901 902
f 955 919 902
f 902 919 955
f 904 908 906
f 906 908 904
f 908 904 905
f 905 904 908
f 908 924 906
f 906 924 908
f 956 907 908
f 908 907 956
f 956 905 915
f 915 905 956
f 668 930 925
f 925 930 668
f 925 957 909
f 909 957 925
f 926 909 957
f 957 909 926
f 927 874 926
f 926 874 927
f 912 929 958
f 958 929 912
f 958 930 912
f 912 930 958
f 907 956 931
f 931 956 907
f 882 934 931
f 931 934 882
f 931 932 882
f 882 932 931
f 932 959 913
f 913 959 932
f 933 960 914
f 914 960 933
f 914 961 934
f 934 961 914
f 915 931 956
f 956 931 915
f 962 935 916
f 916 935 962
f 935 936 883
f 883 936 935
f 936 956 915
f 915 956 936
f 937 915 956
f 956 915 937
f 938 884 937
f 937 884 938
f 916 939 962
f 962 939 916
f 918 940 963
f 963 940 918
f 941 888 928
f 928 888 941
f 943 890 941
f 941 890 943
f 964 942 919
f 919 942 964
f 942 939 889
f 889 939 942
f 951 897 920
f 920 897 951
f 965 920 943
f 943 920 965
f 944 893 947
f 947 893 944
f 945 891 944
f 944 891 945
f 945 946 892
f 892 946 945
f 947 894 948
f 948 894 947
f 948 895 949
f 949 895 948
f 949 896 950
f 950 896 949
f 950 898 952
f 952 898 950
f 966 922 921
f 921 922 966
f 967 921 951
f 951 921 967
f 952 922 968
f 968 922 952
f 900 946 953
f 953 946 900
f 923 953 969
f 969 953 923
f 969 954 923
f 923 954 969
f 954 955 901
f 901 955 954
f 919 955 964
f 964 955 919
f 905 956 908
f 908 956 905
f 930 970 925
f 925 970 930
f 957 925 970
f 970 925 957
f 930 958 971
f 971 958 930
f 931 937 956
f 956 937 931
f 956 972 931
f 931 972 956
f 937 931 934
f 934 931 937
f 932 931 972
f 972 931 932
f 959 932 973
f 973 932 959
f 960 933 974
f 974 933 960
f 961 914 960
f 960 914 961
f 938 934 961
f 961 934 938
f 935 962 975
f 975 962 935
f 936 935 976
f 976 935 936
f 956 936 977
f 977 936 956
f 934 938 937
f 937 938 934
f 978 962 939
f 939 962 978
f 963 940 979
f 979 940 963
f 942 964 980
f 980 964 942
f 939 942 978
f 978 942 939
f 920 965 951
f 951 965 920
f 947 981 944
f 944 981 947
f 944 982 945
f 945 982 944
f 946 945 983
f 983 945 946
f 948 984 947
f 947 984 948
f 985 948 949
f 949 948 985
f 950 986 949
f 949 986 950
f 952 987 950
f 950 987 952
f 922 966 968
f 968 966 922
f 921 967 966
f 966 967 921
f 951 988 967
f 967 988 951
f 968 989 952
f 952 989 968
f 983 953 946
f 946 953 983
f 990 969 953
f 953 969 990
f 954 969 991
f 991 969 954
f 955 954 992
f 992 954 955
f 992 964 955
f 955 964 992
f 970 930 971
f 971 930 970
f 971 958 993
f 993 958 971
f 972 956 977
f 977 956 972
f 972 973 932
f 932 973 972
f 973 994 959
f 959 994 973
f 995 975 962
f 962 975 995
f 975 976 935
f 935 976 975
f 976 977 936
f 936 977 976
f 962 978 995
f 995 978 962
f 963 979 996
f 996 979 963
f 997 980 964
f 964 980 997
f 980 978 942
f 942 978 980
f 988 951 965
f 965 951 988
f 981 947 984
f 984 947 981
f 982 944 981
f 981 944 982
f 982 983 945
f 945 983 982
f 984 948 985
f 985 948 984
f 985 949 986
f 986 949 985
f 986 950 987
f 987 950 986
f 987 952 989
f 989 952 987
f 998 968 966
f 966 968 998
f 999 966 967
f 967 966 999
f 1000 967 988
f 988 967 1000
f 989 968 1001
f 1001 968 989
f 953 983 990
f 990 983 953
f 969 990 1002
f 1002 990 969
f 1002 991 969
f 969 991 1002
f 991 992 954
f 954 992 991
f 964 992 997
f 997 992 964
f 977 1003 972
f 972 1003 977
f 973 972 1003
f 1003 972 973
f 994 973 1004
f 1004 973 994
f 975 995 1005
f 1005 995 975
f 976 975 1006
f 1006 975 976
f 977 976 1007
f 1007 976 977
f 978 1008 995
f 995 1008 978
f 996 979 1009
f 1009 979 996
f 980 997 1010
f 1010 997 980
f 978 980 1011
f 1011 980 978
f 984 1012 981
f 981 1012 984
f 981 1013 982
f 982 1013 981
f 983 982 1014
f 1014 982 983
f 985 1015 984
f 984 1015 985
f 1016 985 986
f 986 985 1016
f 987 1017 986
f 986 1017 987
f 989 1018 987
f 987 1018 989
f 968 998 1001
f 1001 998 968
f 966 999 998
f 998 999 966
f 967 1000 999
f 999 1000 967
f 1001 1019 989
f 989 1019 1001
f 1014 990 983
f 983 990 1014
f 1020 1002 990
f 990 1002 1020
f 991 1002 1021
f 1021 1002 991
f 992 991 1022
f 1022 991 992
f 1022 997 992
f 992 997 1022
f 1003 977 1007
f 1007 977 1003
f 1003 1004 973
f 973 1004 1003
f 1004 1023 994
f 994 1023 1004
f 995 1024 1005
f 1005 1024 995
f 1005 1006 975
f 975 1006 1005
f 1006 1007 976
f 976 1007 1006
f 1008 978 1011
f 1011 978 1008
f 1024 995 1008
f 1008 995 1024
f 996 1009 1025
f 1025 1009 996
f 1026 1010 997
f 997 1010 1026
f 1027 980 1010
f 1010 980 1027
f 980 1027 1011
f 1011 1027 980
f 1012 984 1015
f 1015 984 1012
f 1013 981 1012
f 1012 981 1013
f 1013 1014 982
f 982 1014 1013
f 1015 985 1016
f 1016 985 1015
f 1016 986 1017
f 1017 986 1016
f 1017 987 1018
f 1018 987 1017
f 1018 989 1019
f 1019 989 1018
f 1028 1001 998
f 998 1001 1028
f 1029 998 999
f 999 998 1029
f 1030 999 1000
f 1000 999 1030
f 1019 1001 1031
f 1031 1001 1019
f 990 1014 1020
f 1020 1014 990
f 1002 1020 1032
f 1032 1020 1002
f 1032 1021 1002
f 1002 1021 1032
f 1021 1022 991
f 991 1022 1021
f 997 1022 1026
f 1026 1022 997
f 1007 1033 1003
f 1003 1033 1007
f 1004 1003 1033
f 1033 1003 1004
f 1023 1004 1034
f 1034 1004 1023
f 1024 1035 1005
f 1005 1035 1024
f 1006 1005 1035
f 1035 1005 1006
f 1007 1006 1036
f 1036 1006 1007
f 1011 1037 1008
f 1008 1037 1011
f 1008 1038 1024
f 1024 1038 1008
f 1025 1009 1039
f 1039 1009 1025
f 1010 1026 1040
f 1040 1026 1010
f 1010 1041 1027
f 1027 1041 1010
f 1037 1011 1027
f 1027 1011 1037
f 1015 1042 1012
f 1012 1042 1015
f 1012 1043 1013
f 1013 1043 1012
f 1014 1013 1044
f 1044 1013 1014
f 1016 1045 1015
f 1015 1045 1016
f 1046 1016 1017
f 1017 1016 1046
f 1018 1047 1017
f 1017 1047 1018
f 1019 1048 1018
f 1018 1048 1019
f 1001 1028 1031
f 1031 1028 1001
f 998 1029 1028
f 1028 1029 998
f 999 1030 1029
f 1029 1030 999
f 1031 1049 1019
f 1019 1049 1031
f 1044 1020 1014
f 1014 1020 1044
f 1050 1032 1020
f 1020 1032 1050
f 1021 1032 1051
f 1051 1032 1021
f 1022 1021 1052
f 1052 1021 1022
f 1052 1026 1022
f 1022 1026 1052
f 1033 1007 1036
f 1036 1007 1033
f 1033 1034 1004
f 1004 1034 1033
f 1053 1023 1034
f 1034 1023 1053
f 1035 1024 1054
f 1054 1024 1035
f 1035 1036 1006
f 1006 1036 1035
f 1038 1008 1037
f 1037 1008 1038
f 1055 1024 1038
f 1038 1024 1055
f 1056 1040 1026
f 1026 1040 1056
f 1041 1010 1040
f 1040 1010 1041
f 1057 1027 1041
f 1041 1027 1057
f 1027 1057 1037
f 1037 1057 1027
f 1042 1015 1045
f 1045 1015 1042
f 1043 1012 1042
f 1042 1012 1043
f 1043 1044 1013
f 1013 1044 1043
f 1045 1016 1046
f 1046 1016 1045
f 1046 1017 1047
f 1047 1017 1046
f 1047 1018 1048
f 1048 1018 1047
f 1048 1019 1049
f 1049 1019 1048
f 1058 1031 1028
f 1028 1031 1058
f 1059 1028 1029
f 1029 1028 1059
f 1060 1029 1030
f 1030 1029 1060
f 1049 1031 1061
f 1061 1031 1049
f 1020 1044 1050
f 1050 1044 1020
f 1032 1050 1062
f 1062 1050 1032
f 1062 1051 1032
f 1032 1051 1062
f 1051 1052 1021
f 1021 1052 1051
f 1026 1052 1056
f 1056 1052 1026
f 1036 1063 1033
f 1033 1063 1036
f 1034 1033 1063
f 1063 1033 1034
f 1023 1053 1064
f 1064 1053 1023
f 1063 1053 1034
f 1034 1053 1063
f 1024 1055 1054
f 1054 1055 1024
f 1054 1065 1035
f 1035 1065 1054
f 1036 1035 1065
f 1065 1035 1036
f 1037 1066 1038
f 1038 1066 1037
f 1038 1067 1055
f 1055 1067 1038
f 1040 1056 1068
f 1068 1056 1040
f 1040 1069 1041
f 1041 1069 1040
f 1041 1070 1057
f 1057 1070 1041
f 1066 1037 1057
f 1057 1037 1066
f 1071 1042 1045
f 1045 1042 1071
f 1042 1072 1043
f 1043 1072 1042
f 1044 1043 1072
f 1072 1043 1044
f 1073 1045 1046
f 1046 1045 1073
f 1073 1046 1047
f 1047 1046 1073
f 1074 1047 1048
f 1048 1047 1074
f 1075 1048 1049
f 1049 1048 1075
f 1031 1058 1061
f 1061 1058 1031
f 1028 1059 1058
f 1058 1059 1028
f 1029 1060 1059
f 1059 1060 1029
f 1076 1049 1061
f 1061 1049 1076
f 1072 1050 1044
f 1044 1050 1072
f 1071 1062 1050
f 1050 1062 1071
f 1051 1062 1077
f 1077 1062 1051
f 1052 1051 1078
f 1078 1051 1052
f 1078 1056 1052
f 1052 1056 1078
f 1063 1036 1065
f 1065 1036 1063
f 1079 1064 1053
f 1053 1064 1079
f 1053 1063 1080
f 1080 1063 1053
f 1081 1054 1055
f 1055 1054 1081
f 1065 1054 1082
f 1082 1054 1065
f 1067 1038 1066
f 1066 1038 1067
f 1083 1055 1067
f 1067 1055 1083
f 1084 1068 1056
f 1056 1068 1084
f 1069 1040 1068
f 1068 1040 1069
f 1070 1041 1069
f 1069 1041 1070
f 1085 1057 1070
f 1070 1057 1085
f 1057 1085 1066
f 1066 1085 1057
f 1072 1042 1071
f 1071 1042 1072
f 1071 1045 1073
f 1073 1045 1071
f 1073 1047 1074
f 1074 1047 1073
f 1074 1048 1075
f 1075 1048 1074
f 1075 1049 1076
f 1076 1049 1075
f 1086 1061 1058
f 1058 1061 1086
f 1087 1058 1059
f 1059 1058 1087
f 1088 1059 1060
f 1060 1059 1088
f 1076 1061 1086
f 1086 1061 1076
f 1050 1072 1071
f 1071 1072 1050
f 1062 1071 1073
f 1073 1071 1062
f 1073 1077 1062
f 1062 1077 1073
f 1077 1078 1051
f 1051 1078 1077
f 1056 1078 1084
f 1084 1078 1056
f 1065 1080 1063
f 1063 1080 1065
f 1064 1079 1089
f 1089 1079 1064
f 1053 1090 1079
f 1079 1090 1053
f 1090 1053 1080
f 1080 1053 1090
f 1054 1081 1082
f 1082 1081 1054
f 1055 1083 1081
f 1081 1083 1055
f 1080 1065 1082
f 1082 1065 1080
f 1066 1091 1067
f 1067 1091 1066
f 1067 1092 1083
f 1083 1092 1067
f 1068 1084 1093
f 1093 1084 1068
f 1068 1094 1069
f 1069 1094 1068
f 1069 1095 1070
f 1070 1095 1069
f 1070 1096 1085
f 1085 1096 1070
f 1091 1066 1085
f 1085 1066 1091
f 1077 1073 1074
f 1074 1073 1077
f 1097 1074 1075
f 1075 1074 1097
f 1098 1075 1076
f 1076 1075 1098
f 1086 1058 1087
f 1087 1058 1086
f 1087 1059 1088
f 1088 1059 1087
f 1088 1060 1099
f 1099 1060 1088
f 1100 1076 1086
f 1086 1076 1100
f 1078 1077 1097
f 1097 1077 1078
f 1097 1084 1078
f 1078 1084 1097
f 1101 1089 1079
f 1079 1089 1101
f 1102 1079 1090
f 1090 1079 1102
f 1080 1081 1090
f 1090 1081 1080
f 1081 1080 1082
f 1082 1080 1081
f 1083 1090 1081
f 1081 1090 1083
f 1092 1067 1091
f 1091 1067 1092
f 1092 1102 1083
f 1083 1102 1092
f 1098 1093 1084
f 1084 1093 1098
f 1094 1068 1093
f 1093 1068 1094
f 1095 1069 1094
f 1094 1069 1095
f 1096 1070 1095
f 1095 1070 1096
f 1103 1085 1096
f 1096 1085 1103
f 1085 1103 1091
f 1091 1103 1085
f 1074 1097 1077
f 1077 1097 1074
f 1075 1098 1097
f 1097 1098 1075
f 1076 1100 1098
f 1098 1100 1076
f 1087 1100 1086
f 1086 1100 1087
f 1088 1104 1087
f 1087 1104 1088
f 1099 1060 1105
f 1105 1060 1099
f 1099 1106 1088
f 1088 1106 1099
f 1084 1097 1098
f 1098 1097 1084
f 1089 1101 1107
f 1107 1101 1089
f 1079 1102 1101
f 1101 1102 1079
f 1090 1083 1102
f 1102 1083 1090
f 1091 1108 1092
f 1092 1108 1091
f 1102 1092 1109
f 1109 1092 1102
f 1093 1098 1100
f 1100 1098 1093
f 1093 1104 1094
f 1094 1104 1093
f 1094 1106 1095
f 1095 1106 1094
f 1095 1110 1096
f 1096 1110 1095
f 1096 1111 1103
f 1103 1111 1096
f 1108 1091 1103
f 1103 1091 1108
f 1100 1087 1104
f 1104 1087 1100
f 1104 1088 1106
f 1106 1088 1104
f 1099 1105 1112
f 1112 1105 1099
f 1106 1099 1110
f 1110 1099 1106
f 1113 1107 1101
f 1101 1107 1113
f 1109 1101 1102
f 1102 1101 1109
f 1108 1109 1092
f 1092 1109 1108
f 1104 1093 1100
f 1100 1093 1104
f 1106 1094 1104
f 1104 1094 1106
f 1110 1095 1106
f 1106 1095 1110
f 1111 1096 1110
f 1110 1096 1111
f 1114 1103 1111
f 1111 1103 1114
f 1103 1114 1108
f 1108 1114 1103
f 1115 1112 1105
f 1105 1112 1115
f 1099 1112 1116
f 1116 1112 1099
f 1116 1110 1099
f 1099 1110 1116
f 1107 1113 1117
f 1117 1113 1107
f 1101 1109 1113
f 1113 1109 1101
f 1109 1108 1118
f 1118 1108 1109
f 1110 1116 1111
f 1111 1116 1110
f 1111 1119 1114
f 1114 1119 1111
f 1114 1118 1108
f 1108 1118 1114
f 1112 1115 1120
f 1120 1115 1112
f 1116 1112 1121
f 1121 1112 1116
f 1122 1117 1113
f 1113 1117 1122
f 1118 1113 1109
f 1109 1113 1118
f 1119 1111 1116
f 1116 1111 1119
f 1119 1123 1114
f 1114 1123 1119
f 1118 1114 1123
f 1123 1114 1118
f 1124 1120 1115
f 1115 1120 1124
f 1120 1121 1112
f 1112 1121 1120
f 1116 1121 1119
f 1119 1121 1116
f 1117 1122 1124
f 1124 1122 1117
f 1113 1118 1122
f 1122 1118 1113
f 1123 1119 1121
f 1121 1119 1123
f 1123 1122 1118
f 1118 1122 1123
f 1120 1124 1122
f 1122 1124 1120
f 1121 1120 1123
f 1123 1120 1121
f 1122 1123 1120
f 1120 1123 1122
f 1125 1126 1127
f 1126 1125 1128
f 1127 1126 1125
f 1128 1125 1126
f 1126 1129 1127
f 1127 1129 1126
f 1127 1130 1125
f 1125 1130 1127
f 1130 1128 1125
f 1125 1128 1130
f 1126 1128 1131
f 1131 1128 1126
f 1129 1126 1132
f 1132 1126 1129
f 1130 1127 1129
f 1129 1127 1130
f 1128 1130 1133
f 1133 1130 1128
f 1131 1128 1134
f 1134 1128 1131
f 1135 1126 1131
f 1131 1126 1135
f 1126 1135 1132
f 1132 1135 1126
f 1132 1130 1129
f 1129 1130 1132
f 1130 1132 1133
f 1133 1132 1130
f 1136 1128 1133
f 1133 1128 1136
f 1128 1136 1134
f 1134 1136 1128
f 1134 1135 1131
f 1131 1135 1134
f 1133 1132 1135
f 1135 1132 1133
f 1133 1135 1136
f 1136 1135 1133
f 1135 1134 1136
f 1136 1134 1135
f 1137 1138 1139
f 1138 1137 1140
f 1139 1138 1137
f 1140 1137 1138
f 1141 1139 1138
f 1138 1139 1141
f 1139 1142 1137
f 1137 1142 1139
f 1143 1140 1137
f 1137 1140 1143
f 1144 1138 1140
f 1140 1138 1144
f 1139 1141 1145
f 1145 1141 1139
f 1146 1141 1138
f 1138 1141 1146
f 1142 1139 1147
f 1147 1139 1142
f 1148 1137 1142
f 1142 1137 1148
f 1140 1143 1149
f 1149 1143 1140
f 1137 1148 1143
f 1143 1148 1137
f 1138 1144 1146
f 1146 1144 1138
f 1140 1150 1144
f 1144 1150 1140
f 1151 1145 1141
f 1141 1145 1151
f 1145 1147 1139
f 1139 1147 1145
f 1141 1146 1152
f 1152 1146 1141
f 1147 1153 1142
f 1142 1153 1147
f 1142 1154 1148
f 1148 1154 1142
f 1155 1149 1143
f 1143 1149 1155
f 1150 1140 1149
f 1149 1140 1150
f 1156 1143 1148
f 1148 1143 1156
f 1157 1146 1144
f 1144 1146 1157
f 1158 1144 1150
f 1150 1144 1158
f 1145 1151 1159
f 1159 1151 1145
f 1141 1160 1151
f 1151 1160 1141
f 1147 1145 1161
f 1161 1145 1147
f 1162 1152 1146
f 1146 1152 1162
f 1160 1141 1152
f 1152 1141 1160
f 1153 1147 1163
f 1163 1147 1153
f 1154 1142 1153
f 1153 1142 1154
f 1164 1148 1154
f 1154 1148 1164
f 1149 1155 1165
f 1165 1155 1149
f 1143 1156 1155
f 1155 1156 1143
f 1149 1166 1150
f 1150 1166 1149
f 1148 1164 1156
f 1156 1164 1148
f 1146 1157 1162
f 1162 1157 1146
f 1144 1158 1157
f 1157 1158 1144
f 1150 1167 1158
f 1158 1167 1150
f 1168 1159 1151
f 1151 1159 1168
f 1159 1161 1145
f 1145 1161 1159
f 1169 1151 1160
f 1160 1151 1169
f 1161 1163 1147
f 1147 1163 1161
f 1152 1162 1170
f 1170 1162 1152
f 1152 1171 1160
f 1160 1171 1152
f 1163 1172 1153
f 1153 1172 1163
f 1153 1173 1154
f 1154 1173 1153
f 1154 1174 1164
f 1164 1174 1154
f 1175 1165 1155
f 1155 1165 1175
f 1166 1149 1165
f 1165 1149 1166
f 1176 1155 1156
f 1156 1155 1176
f 1167 1150 1166
f 1166 1150 1167
f 1177 1156 1164
f 1164 1156 1177
f 1178 1162 1157
f 1157 1162 1178
f 1179 1157 1158
f 1158 1157 1179
f 1180 1158 1167
f 1167 1158 1180
f 1159 1168 1181
f 1181 1168 1159
f 1151 1169 1168
f 1168 1169 1151
f 1161 1159 1182
f 1182 1159 1161
f 1160 1183 1169
f 1169 1183 1160
f 1163 1161 1184
f 1184 1161 1163
f 1185 1170 1162
f 1162 1170 1185
f 1171 1152 1170
f 1170 1152 1171
f 1183 1160 1171
f 1171 1160 1183
f 1172 1163 1186
f 1186 1163 1172
f 1173 1153 1172
f 1172 1153 1173
f 1174 1154 1173
f 1173 1154 1174
f 1187 1164 1174
f 1174 1164 1187
f 1165 1175 1188
f 1188 1175 1165
f 1155 1176 1175
f 1175 1176 1155
f 1165 1189 1166
f 1166 1189 1165
f 1156 1177 1176
f 1176 1177 1156
f 1166 1190 1167
f 1167 1190 1166
f 1164 1187 1177
f 1177 1187 1164
f 1162 1178 1185
f 1185 1178 1162
f 1157 1179 1178
f 1178 1179 1157
f 1158 1180 1179
f 1179 1180 1158
f 1167 1191 1180
f 1180 1191 1167
f 1192 1181 1168
f 1168 1181 1192
f 1181 1182 1159
f 1159 1182 1181
f 1193 1168 1169
f 1169 1168 1193
f 1182 1184 1161
f 1161 1184 1182
f 1194 1169 1183
f 1183 1169 1194
f 1184 1186 1163
f 1163 1186 1184
f 1170 1185 1195
f 1195 1185 1170
f 1195 1171 1170
f 1170 1171 1195
f 1171 1196 1183
f 1183 1196 1171
f 1186 1197 1172
f 1172 1197 1186
f 1172 1198 1173
f 1173 1198 1172
f 1173 1199 1174
f 1174 1199 1173
f 1174 1200 1187
f 1187 1200 1174
f 1201 1188 1175
f 1175 1188 1201
f 1189 1165 1188
f 1188 1165 1189
f 1202 1175 1176
f 1176 1175 1202
f 1190 1166 1189
f 1189 1166 1190
f 1203 1176 1177
f 1177 1176 1203
f 1191 1167 1190
f 1190 1167 1191
f 1204 1177 1187
f 1187 1177 1204
f 1205 1185 1178
f 1178 1185 1205
f 1206 1178 1179
f 1179 1178 1206
f 1207 1179 1180
f 1180 1179 1207
f 1208 1180 1191
f 1191 1180 1208
f 1181 1192 1209
f 1209 1192 1181
f 1168 1193 1192
f 1192 1193 1168
f 1182 1181 1210
f 1210 1181 1182
f 1169 1194 1193
f 1193 1194 1169
f 1184 1182 1211
f 1211 1182 1184
f 1183 1212 1194
f 1194 1212 1183
f 1186 1184 1213
f 1213 1184 1186
f 1214 1195 1185
f 1185 1195 1214
f 1171 1195 1215
f 1215 1195 1171
f 1196 1171 1215
f 1215 1171 1196
f 1212 1183 1196
f 1196 1183 1212
f 1197 1186 1216
f 1216 1186 1197
f 1198 1172 1197
f 1197 1172 1198
f 1199 1173 1198
f 1198 1173 1199
f 1200 1174 1199
f 1199 1174 1200
f 1217 1187 1200
f 1200 1187 1217
f 1188 1201 1218
f 1218 1201 1188
f 1175 1202 1201
f 1201 1202 1175
f 1188 1219 1189
f 1189 1219 1188
f 1176 1203 1202
f 1202 1203 1176
f 1189 1220 1190
f 1190 1220 1189
f 1177 1204 1203
f 1203 1204 1177
f 1190 1221 1191
f 1191 1221 1190
f 1187 1217 1204
f 1204 1217 1187
f 1185 1205 1214
f 1214 1205 1185
f 1178 1206 1205
f 1205 1206 1178
f 1179 1207 1206
f 1206 1207 1179
f 1180 1208 1207
f 1207 1208 1180
f 1191 1222 1208
f 1208 1222 1191
f 1223 1209 1192
f 1192 1209 1223
f 1209 1210 1181
f 1181 1210 1209
f 1224 1192 1193
f 1193 1192 1224
f 1210 1211 1182
f 1182 1211 1210
f 1225 1193 1194
f 1194 1193 1225
f 1211 1213 1184
f 1184 1213 1211
f 1226 1194 1212
f 1212 1194 1226
f 1213 1216 1186
f 1186 1216 1213
f 1195 1214 1227
f 1227 1214 1195
f 1227 1215 1195
f 1195 1215 1227
f 1215 1228 1196
f 1196 1228 1215
f 1196 1229 1212
f 1212 1229 1196
f 1216 1230 1197
f 1197 1230 1216
f 1197 1231 1198
f 1198 1231 1197
f 1198 1232 1199
f 1199 1232 1198
f 1199 1233 1200
f 1200 1233 1199
f 1200 1234 1217
f 1217 1234 1200
f 1201 1235 1218
f 1218 1235 1201
f 1219 1188 1218
f 1218 1188 1219
f 1236 1201 1202
f 1202 1201 1236
f 1220 1189 1219
f 1219 1189 1220
f 1203 1237 1202
f 1202 1237 1203
f 1221 1190 1220
f 1220 1190 1221
f 1204 1238 1203
f 1203 1238 1204
f 1222 1191 1221
f 1221 1191 1222
f 1217 1239 1204
f 1204 1239 1217
f 1240 1214 1205
f 1205 1214 1240
f 1241 1205 1206
f 1206 1205 1241
f 1242 1206 1207
f 1207 1206 1242
f 1243 1207 1208
f 1208 1207 1243
f 1244 1208 1222
f 1222 1208 1244
f 1209 1223 1245
f 1245 1223 1209
f 1192 1224 1223
f 1223 1224 1192
f 1210 1209 1246
f 1246 1209 1210
f 1193 1225 1224
f 1224 1225 1193
f 1211 1210 1247
f 1247 1210 1211
f 1194 1226 1225
f 1225 1226 1194
f 1213 1211 1248
f 1248 1211 1213
f 1212 1249 1226
f 1226 1249 1212
f 1216 1213 1250
f 1250 1213 1216
f 1251 1227 1214
f 1214 1227 1251
f 1215 1227 1252
f 1252 1227 1215
f 1228 1215 1252
f 1252 1215 1228
f 1229 1196 1228
f 1228 1196 1229
f 1249 1212 1229
f 1229 1212 1249
f 1230 1216 1253
f 1253 1216 1230
f 1231 1197 1230
f 1230 1197 1231
f 1232 1198 1231
f 1231 1198 1232
f 1233 1199 1232
f 1232 1199 1233
f 1234 1200 1233
f 1233 1200 1234
f 1254 1217 1234
f 1234 1217 1254
f 1201 1255 1235
f 1235 1255 1201
f 1218 1235 1256
f 1256 1235 1218
f 1218 1257 1219
f 1219 1257 1218
f 1201 1236 1258
f 1258 1236 1201
f 1202 1259 1236
f 1236 1259 1202
f 1219 1260 1220
f 1220 1260 1219
f 1203 1238 1237
f 1237 1238 1203
f 1202 1237 1259
f 1259 1237 1202
f 1220 1261 1221
f 1221 1261 1220
f 1204 1239 1238
f 1238 1239 1204
f 1221 1262 1222
f 1222 1262 1221
f 1217 1254 1239
f 1239 1254 1217
f 1214 1240 1251
f 1251 1240 1214
f 1205 1241 1240
f 1240 1241 1205
f 1206 1242 1241
f 1241 1242 1206
f 1207 1243 1242
f 1242 1243 1207
f 1208 1244 1243
f 1243 1244 1208
f 1222 1263 1244
f 1244 1263 1222
f 1264 1245 1223
f 1223 1245 1264
f 1245 1246 1209
f 1209 1246 1245
f 1265 1223 1224
f 1224 1223 1265
f 1246 1247 1210
f 1210 1247 1246
f 1266 1224 1225
f 1225 1224 1266
f 1267 1211 1247
f 1247 1211 1267
f 1268 1225 1226
f 1226 1225 1268
f 1211 1267 1248
f 1248 1267 1211
f 1269 1213 1248
f 1248 1213 1269
f 1270 1226 1249
f 1249 1226 1270
f 1213 1269 1250
f 1250 1269 1213
f 1250 1253 1216
f 1216 1253 1250
f 1227 1251 1271
f 1271 1251 1227
f 1227 1272 1252
f 1252 1272 1227
f 1252 1273 1228
f 1228 1273 1252
f 1228 1274 1229
f 1229 1274 1228
f 1229 1275 1249
f 1249 1275 1229
f 1276 1230 1253
f 1253 1230 1276
f 1277 1231 1230
f 1230 1231 1277
f 1278 1232 1231
f 1231 1232 1278
f 1279 1233 1232
f 1232 1233 1279
f 1280 1234 1233
f 1233 1234 1280
f 1234 1280 1254
f 1254 1280 1234
f 1201 1258 1255
f 1255 1258 1201
f 1255 1281 1235
f 1235 1281 1255
f 1281 1256 1235
f 1235 1256 1281
f 1218 1256 1282
f 1282 1256 1218
f 1218 1283 1257
f 1257 1283 1218
f 1219 1257 1284
f 1284 1257 1219
f 1236 1285 1258
f 1258 1285 1236
f 1236 1259 1286
f 1286 1259 1236
f 1219 1287 1260
f 1260 1287 1219
f 1220 1260 1288
f 1288 1260 1220
f 1238 1289 1237
f 1237 1289 1238
f 1237 1290 1259
f 1259 1290 1237
f 1220 1291 1261
f 1261 1291 1220
f 1221 1261 1262
f 1262 1261 1221
f 1239 1292 1238
f 1238 1292 1239
f 1222 1262 1263
f 1263 1262 1222
f 1254 1293 1239
f 1239 1293 1254
f 1294 1251 1240
f 1240 1251 1294
f 1295 1240 1241
f 1241 1240 1295
f 1296 1241 1242
f 1242 1241 1296
f 1297 1242 1243
f 1243 1242 1297
f 1298 1243 1244
f 1244 1243 1298
f 1244 1263 1298
f 1298 1263 1244
f 1245 1264 1299
f 1299 1264 1245
f 1223 1265 1264
f 1264 1265 1223
f 1246 1245 1300
f 1300 1245 1246
f 1224 1266 1265
f 1265 1266 1224
f 1247 1246 1301
f 1301 1246 1247
f 1225 1268 1266
f 1266 1268 1225
f 1247 1302 1267
f 1267 1302 1247
f 1226 1270 1268
f 1268 1270 1226
f 1303 1248 1267
f 1267 1248 1303
f 1248 1303 1269
f 1269 1303 1248
f 1249 1304 1270
f 1270 1304 1249
f 1305 1250 1269
f 1269 1250 1305
f 1253 1250 1306
f 1306 1250 1253
f 1307 1271 1251
f 1251 1271 1307
f 1272 1227 1271
f 1271 1227 1272
f 1273 1252 1272
f 1272 1252 1273
f 1274 1228 1273
f 1273 1228 1274
f 1275 1229 1274
f 1274 1229 1275
f 1304 1249 1275
f 1275 1249 1304
f 1230 1276 1277
f 1277 1276 1230
f 1253 1308 1276
f 1276 1308 1253
f 1231 1277 1278
f 1278 1277 1231
f 1232 1278 1279
f 1279 1278 1232
f 1233 1279 1280
f 1280 1279 1233
f 1293 1254 1280
f 1280 1254 1293
f 1258 1309 1255
f 1255 1309 1258
f 1281 1255 1309
f 1309 1255 1281
f 1256 1281 1310
f 1310 1281 1256
f 1310 1282 1256
f 1256 1282 1310
f 1218 1282 1283
f 1283 1282 1218
f 1311 1257 1283
f 1283 1257 1311
f 1312 1284 1257
f 1257 1284 1312
f 1219 1284 1287
f 1287 1284 1219
f 1285 1236 1313
f 1313 1236 1285
f 1309 1258 1285
f 1285 1258 1309
f 1286 1259 1314
f 1314 1259 1286
f 1286 1313 1236
f 1236 1313 1286
f 1287 1315 1260
f 1260 1315 1287
f 1260 1316 1288
f 1288 1316 1260
f 1220 1288 1317
f 1317 1288 1220
f 1289 1238 1292
f 1292 1238 1289
f 1290 1237 1289
f 1289 1237 1290
f 1318 1259 1290
f 1290 1259 1318
f 1220 1317 1291
f 1291 1317 1220
f 1319 1261 1291
f 1291 1261 1319
f 1320 1262 1261
f 1261 1262 1320
f 1292 1239 1293
f 1293 1239 1292
f 1321 1263 1262
f 1262 1263 1321
f 1251 1294 1307
f 1307 1294 1251
f 1240 1295 1294
f 1294 1295 1240
f 1241 1296 1295
f 1295 1296 1241
f 1242 1297 1296
f 1296 1297 1242
f 1243 1298 1297
f 1297 1298 1243
f 1322 1298 1263
f 1263 1298 1322
f 1323 1299 1264
f 1264 1299 1323
f 1299 1300 1245
f 1245 1300 1299
f 1324 1264 1265
f 1265 1264 1324
f 1300 1301 1246
f 1246 1301 1300
f 1325 1265 1266
f 1266 1265 1325
f 1302 1247 1301
f 1301 1247 1302
f 1326 1266 1268
f 1268 1266 1326
f 1327 1267 1302
f 1302 1267 1327
f 1328 1268 1270
f 1270 1268 1328
f 1267 1327 1303
f 1303 1327 1267
f 1329 1269 1303
f 1303 1269 1329
f 1330 1270 1304
f 1304 1270 1330
f 1250 1305 1306
f 1306 1305 1250
f 1269 1329 1305
f 1305 1329 1269
f 1308 1253 1306
f 1306 1253 1308
f 1271 1307 1331
f 1331 1307 1271
f 1331 1272 1271
f 1271 1272 1331
f 1332 1273 1272
f 1272 1273 1332
f 1333 1274 1273
f 1273 1274 1333
f 1334 1275 1274
f 1274 1275 1334
f 1335 1304 1275
f 1275 1304 1335
f 1336 1277 1276
f 1276 1277 1336
f 1337 1276 1308
f 1308 1276 1337
f 1338 1278 1277
f 1277 1278 1338
f 1339 1279 1278
f 1278 1279 1339
f 1340 1280 1279
f 1279 1280 1340
f 1280 1340 1293
f 1293 1340 1280
f 1309 1341 1281
f 1281 1341 1309
f 1281 1342 1310
f 1310 1342 1281
f 1282 1310 1343
f 1343 1310 1282
f 1343 1283 1282
f 1282 1283 1343
f 1257 1311 1312
f 1312 1311 1257
f 1283 1343 1311
f 1311 1343 1283
f 1284 1312 1344
f 1344 1312 1284
f 1344 1287 1284
f 1284 1287 1344
f 1345 1285 1313
f 1313 1285 1345
f 1285 1346 1309
f 1309 1346 1285
f 1314 1259 1347
f 1347 1259 1314
f 1314 1345 1286
f 1286 1345 1314
f 1313 1286 1345
f 1345 1286 1313
f 1315 1287 1348
f 1348 1287 1315
f 1316 1260 1315
f 1315 1260 1316
f 1349 1288 1316
f 1316 1288 1349
f 1288 1349 1317
f 1317 1349 1288
f 1292 1350 1289
f 1289 1350 1292
f 1289 1351 1290
f 1290 1351 1289
f 1259 1318 1352
f 1352 1318 1259
f 1290 1353 1318
f 1318 1353 1290
f 1354 1291 1317
f 1317 1291 1354
f 1261 1319 1320
f 1320 1319 1261
f 1291 1355 1319
f 1319 1355 1291
f 1262 1320 1321
f 1321 1320 1262
f 1293 1356 1292
f 1292 1356 1293
f 1263 1321 1322
f 1322 1321 1263
f 1294 1357 1307
f 1307 1357 1294
f 1295 1358 1294
f 1294 1358 1295
f 1296 1359 1295
f 1295 1359 1296
f 1297 1360 1296
f 1296 1360 1297
f 1298 1322 1297
f 1297 1322 1298
f 1299 1323 1361
f 1361 1323 1299
f 1264 1324 1323
f 1323 1324 1264
f 1300 1299 1362
f 1362 1299 1300
f 1265 1325 1324
f 1324 1325 1265
f 1301 1300 1363
f 1363 1300 1301
f 1266 1326 1325
f 1325 1326 1266
f 1301 1364 1302
f 1302 1364 1301
f 1268 1328 1326
f 1326 1328 1268
f 1302 1365 1327
f 1327 1365 1302
f 1270 1330 1328
f 1328 1330 1270
f 1366 1303 1327
f 1327 1303 1366
f 1303 1366 1329
f 1329 1366 1303
f 1367 1330 1304
f 1304 1330 1367
f 1305 1308 1306
f 1306 1308 1305
f 1329 1368 1305
f 1305 1368 1329
f 1307 1369 1331
f 1331 1369 1307
f 1272 1331 1332
f 1332 1331 1272
f 1273 1332 1333
f 1333 1332 1273
f 1274 1333 1334
f 1334 1333 1274
f 1275 1334 1335
f 1335 1334 1275
f 1304 1335 1367
f 1367 1335 1304
f 1277 1336 1338
f 1338 1336 1277
f 1276 1337 1336
f 1336 1337 1276
f 1368 1337 1308
f 1308 1337 1368
f 1278 1338 1339
f 1339 1338 1278
f 1279 1339 1340
f 1340 1339 1279
f 1356 1293 1340
f 1340 1293 1356
f 1309 1346 1341
f 1341 1346 1309
f 1281 1341 1342
f 1342 1341 1281
f 1310 1342 1370
f 1370 1342 1310
f 1310 1370 1343
f 1343 1370 1310
f 1311 1371 1312
f 1312 1371 1311
f 1343 1372 1311
f 1311 1372 1343
f 1312 1373 1344
f 1344 1373 1312
f 1287 1344 1348
f 1348 1344 1287
f 1285 1345 1346
f 1346 1345 1285
f 1347 1259 1352
f 1352 1259 1347
f 1347 1346 1314
f 1314 1346 1347
f 1345 1314 1346
f 1346 1314 1345
f 1348 1374 1315
f 1315 1374 1348
f 1315 1375 1316
f 1316 1375 1315
f 1316 1375 1349
f 1349 1375 1316
f 1375 1317 1349
f 1349 1317 1375
f 1350 1292 1356
f 1356 1292 1350
f 1351 1289 1350
f 1350 1289 1351
f 1353 1290 1351
f 1351 1290 1353
f 1355 1352 1318
f 1318 1352 1355
f 1376 1318 1353
f 1353 1318 1376
f 1377 1291 1354
f 1354 1291 1377
f 1317 1375 1354
f 1354 1375 1317
f 1378 1320 1319
f 1319 1320 1378
f 1355 1291 1379
f 1379 1291 1355
f 1376 1319 1355
f 1355 1319 1376
f 1380 1321 1320
f 1320 1321 1380
f 1381 1322 1321
f 1321 1322 1381
f 1357 1294 1358
f 1358 1294 1357
f 1369 1307 1357
f 1357 1307 1369
f 1358 1295 1359
f 1359 1295 1358
f 1359 1296 1360
f 1360 1296 1359
f 1360 1297 1322
f 1322 1297 1360
f 1382 1361 1323
f 1323 1361 1382
f 1361 1362 1299
f 1299 1362 1361
f 1383 1323 1324
f 1324 1323 1383
f 1362 1363 1300
f 1300 1363 1362
f 1384 1324 1325
f 1325 1324 1384
f 1364 1301 1363
f 1363 1301 1364
f 1385 1325 1326
f 1326 1325 1385
f 1365 1302 1364
f 1364 1302 1365
f 1385 1326 1328
f 1328 1326 1385
f 1386 1327 1365
f 1365 1327 1386
f 1387 1328 1330
f 1330 1328 1387
f 1327 1386 1366
f 1366 1386 1327
f 1366 1388 1329
f 1329 1388 1366
f 1330 1367 1389
f 1389 1367 1330
f 1308 1305 1368
f 1368 1305 1308
f 1368 1329 1388
f 1388 1329 1368
f 1369 1332 1331
f 1331 1332 1369
f 1390 1333 1332
f 1332 1333 1390
f 1391 1334 1333
f 1333 1334 1391
f 1392 1335 1334
f 1334 1335 1392
f 1393 1367 1335
f 1335 1367 1393
f 1394 1338 1336
f 1336 1338 1394
f 1395 1336 1337
f 1337 1336 1395
f 1337 1368 1396
f 1396 1368 1337
f 1397 1339 1338
f 1338 1339 1397
f 1398 1340 1339
f 1339 1340 1398
f 1340 1398 1356
f 1356 1398 1340
f 1346 1347 1341
f 1341 1347 1346
f 1347 1342 1341
f 1341 1342 1347
f 1399 1370 1342
f 1342 1370 1399
f 1343 1370 1372
f 1372 1370 1343
f 1311 1372 1371
f 1371 1372 1311
f 1312 1371 1373
f 1373 1371 1312
f 1344 1373 1400
f 1400 1373 1344
f 1344 1400 1348
f 1348 1400 1344
f 1347 1352 1399
f 1399 1352 1347
f 1348 1400 1374
f 1374 1400 1348
f 1315 1374 1375
f 1375 1374 1315
f 1356 1401 1350
f 1350 1401 1356
f 1350 1402 1351
f 1351 1402 1350
f 1351 1403 1353
f 1353 1403 1351
f 1352 1355 1379
f 1379 1355 1352
f 1318 1376 1355
f 1355 1376 1318
f 1353 1404 1376
f 1376 1404 1353
f 1377 1379 1291
f 1291 1379 1377
f 1354 1374 1377
f 1377 1374 1354
f 1374 1354 1375
f 1375 1354 1374
f 1320 1378 1380
f 1380 1378 1320
f 1319 1376 1378
f 1378 1376 1319
f 1321 1380 1381
f 1381 1380 1321
f 1322 1381 1360
f 1360 1381 1322
f 1358 1405 1357
f 1357 1405 1358
f 1357 1406 1369
f 1369 1406 1357
f 1359 1407 1358
f 1358 1407 1359
f 1360 1408 1359
f 1359 1408 1360
f 1409 1361 1382
f 1382 1361 1409
f 1382 1323 1383
f 1383 1323 1382
f 1362 1361 1410
f 1410 1361 1362
f 1383 1324 1384
f 1384 1324 1383
f 1363 1362 1411
f 1411 1362 1363
f 1384 1325 1385
f 1385 1325 1384
f 1363 1412 1364
f 1364 1412 1363
f 1364 1413 1365
f 1365 1413 1364
f 1385 1328 1414
f 1414 1328 1385
f 1365 1415 1386
f 1386 1415 1365
f 1414 1328 1387
f 1387 1328 1414
f 1387 1330 1389
f 1389 1330 1387
f 1386 1416 1366
f 1366 1416 1386
f 1388 1366 1416
f 1416 1366 1388
f 1417 1389 1367
f 1367 1389 1417
f 1388 1396 1368
f 1368 1396 1388
f 1332 1369 1390
f 1390 1369 1332
f 1333 1390 1391
f 1391 1390 1333
f 1334 1391 1392
f 1392 1391 1334
f 1335 1392 1393
f 1393 1392 1335
f 1367 1393 1417
f 1417 1393 1367
f 1338 1394 1397
f 1397 1394 1338
f 1336 1395 1394
f 1394 1395 1336
f 1337 1418 1395
f 1395 1418 1337
f 1418 1337 1396
f 1396 1337 1418
f 1339 1397 1398
f 1398 1397 1339
f 1401 1356 1398
f 1398 1356 1401
f 1342 1347 1399
f 1399 1347 1342
f 1370 1399 1419
f 1419 1399 1370
f 1419 1372 1370
f 1370 1372 1419
f 1420 1371 1372
f 1372 1371 1420
f 1421 1373 1371
f 1371 1373 1421
f 1422 1400 1373
f 1373 1400 1422
f 1399 1352 1419
f 1419 1352 1399
f 1400 1377 1374
f 1374 1377 1400
f 1402 1350 1401
f 1401 1350 1402
f 1403 1351 1402
f 1402 1351 1403
f 1404 1353 1403
f 1403 1353 1404
f 1420 1352 1379
f 1379 1352 1420
f 1404 1378 1376
f 1376 1378 1404
f 1423 1379 1377
f 1377 1379 1423
f 1424 1380 1378
f 1378 1380 1424
f 1425 1381 1380
f 1380 1381 1425
f 1408 1360 1381
f 1381 1360 1408
f 1405 1358 1407
f 1407 1358 1405
f 1406 1357 1405
f 1405 1357 1406
f 1406 1390 1369
f 1369 1390 1406
f 1407 1359 1408
f 1408 1359 1407
f 1409 1410 1361
f 1361 1410 1409
f 1426 1409 1382
f 1382 1409 1426
f 1427 1382 1383
f 1383 1382 1427
f 1410 1411 1362
f 1362 1411 1410
f 1428 1383 1384
f 1384 1383 1428
f 1412 1363 1411
f 1411 1363 1412
f 1429 1384 1385
f 1385 1384 1429
f 1413 1364 1412
f 1412 1364 1413
f 1415 1365 1413
f 1413 1365 1415
f 1414 1429 1385
f 1385 1429 1414
f 1415 1430 1386
f 1386 1430 1415
f 1387 1431 1414
f 1414 1431 1387
f 1389 1417 1387
f 1387 1417 1389
f 1416 1386 1430
f 1430 1386 1416
f 1416 1432 1388
f 1388 1432 1416
f 1396 1388 1432
f 1432 1388 1396
f 1433 1391 1390
f 1390 1391 1433
f 1434 1392 1391
f 1391 1392 1434
f 1435 1393 1392
f 1392 1393 1435
f 1436 1417 1393
f 1393 1417 1436
f 1437 1397 1394
f 1394 1397 1437
f 1438 1394 1395
f 1395 1394 1438
f 1439 1395 1418
f 1418 1395 1439
f 1432 1418 1396
f 1396 1418 1432
f 1440 1398 1397
f 1397 1398 1440
f 1398 1440 1401
f 1401 1440 1398
f 1372 1419 1420
f 1420 1419 1372
f 1371 1420 1421
f 1421 1420 1371
f 1373 1421 1422
f 1422 1421 1373
f 1400 1422 1423
f 1423 1422 1400
f 1419 1352 1420
f 1420 1352 1419
f 1377 1400 1423
f 1423 1400 1377
f 1401 1441 1402
f 1402 1441 1401
f 1402 1442 1403
f 1403 1442 1402
f 1403 1443 1404
f 1404 1443 1403
f 1420 1379 1421
f 1421 1379 1420
f 1378 1404 1424
f 1424 1404 1378
f 1422 1379 1423
f 1423 1379 1422
f 1380 1424 1425
f 1425 1424 1380
f 1381 1425 1408
f 1408 1425 1381
f 1407 1444 1405
f 1405 1444 1407
f 1405 1445 1406
f 1406 1445 1405
f 1390 1406 1433
f 1433 1406 1390
f 1408 1446 1407
f 1407 1446 1408
f 1447 1410 1409
f 1409 1410 1447
f 1409 1426 1448
f 1448 1426 1409
f 1382 1427 1426
f 1426 1427 1382
f 1383 1428 1427
f 1427 1428 1383
f 1411 1410 1449
f 1449 1410 1411
f 1384 1429 1428
f 1428 1429 1384
f 1411 1450 1412
f 1412 1450 1411
f 1412 1451 1413
f 1413 1451 1412
f 1451 1415 1413
f 1413 1415 1451
f 1429 1414 1431
f 1431 1414 1429
f 1430 1415 1452
f 1452 1415 1430
f 1431 1387 1417
f 1417 1387 1431
f 1430 1453 1416
f 1416 1453 1430
f 1432 1416 1453
f 1453 1416 1432
f 1391 1433 1434
f 1434 1433 1391
f 1392 1434 1435
f 1435 1434 1392
f 1393 1435 1436
f 1436 1435 1393
f 1417 1436 1431
f 1431 1436 1417
f 1397 1437 1440
f 1440 1437 1397
f 1394 1438 1437
f 1437 1438 1394
f 1395 1439 1438
f 1438 1439 1395
f 1454 1439 1418
f 1418 1439 1454
f 1418 1432 1454
f 1454 1432 1418
f 1441 1401 1440
f 1440 1401 1441
f 1421 1379 1422
f 1422 1379 1421
f 1442 1402 1441
f 1441 1402 1442
f 1443 1403 1442
f 1442 1403 1443
f 1443 1424 1404
f 1404 1424 1443
f 1455 1425 1424
f 1424 1425 1455
f 1446 1408 1425
f 1425 1408 1446
f 1444 1407 1446
f 1446 1407 1444
f 1445 1405 1444
f 1444 1405 1445
f 1456 1406 1445
f 1445 1406 1456
f 1406 1456 1433
f 1433 1456 1406
f 1447 1449 1410
f 1410 1449 1447
f 1448 1447 1409
f 1409 1447 1448
f 1457 1448 1426
f 1426 1448 1457
f 1458 1426 1427
f 1427 1426 1458
f 1459 1427 1428
f 1428 1427 1459
f 1450 1411 1449
f 1449 1411 1450
f 1460 1428 1429
f 1429 1428 1460
f 1451 1412 1450
f 1450 1412 1451
f 1415 1451 1461
f 1461 1451 1415
f 1431 1460 1429
f 1429 1460 1431
f 1461 1452 1415
f 1415 1452 1461
f 1452 1462 1430
f 1430 1462 1452
f 1453 1430 1462
f 1462 1430 1453
f 1453 1454 1432
f 1432 1454 1453
f 1456 1434 1433
f 1433 1434 1456
f 1463 1435 1434
f 1434 1435 1463
f 1464 1436 1435
f 1435 1436 1464
f 1460 1431 1436
f 1436 1431 1460
f 1465 1440 1437
f 1437 1440 1465
f 1466 1437 1438
f 1438 1437 1466
f 1439 1466 1438
f 1438 1466 1439
f 1439 1454 1467
f 1467 1454 1439
f 1440 1465 1441
f 1441 1465 1440
f 1441 1468 1442
f 1442 1468 1441
f 1442 1469 1443
f 1443 1469 1442
f 1424 1443 1455
f 1455 1443 1424
f 1425 1455 1446
f 1446 1455 1425
f 1446 1470 1444
f 1444 1470 1446
f 1444 1471 1445
f 1445 1471 1444
f 1445 1472 1456
f 1456 1472 1445
f 1473 1449 1447
f 1447 1449 1473
f 1447 1448 1474
f 1474 1448 1447
f 1448 1457 1475
f 1475 1457 1448
f 1426 1458 1457
f 1457 1458 1426
f 1427 1459 1458
f 1458 1459 1427
f 1428 1460 1459
f 1459 1460 1428
f 1473 1450 1449
f 1449 1450 1473
f 1476 1451 1450
f 1450 1451 1476
f 1451 1477 1461
f 1461 1477 1451
f 1452 1461 1477
f 1477 1461 1452
f 1462 1452 1478
f 1478 1452 1462
f 1462 1479 1453
f 1453 1479 1462
f 1454 1453 1479
f 1479 1453 1454
f 1434 1456 1463
f 1463 1456 1434
f 1435 1463 1464
f 1464 1463 1435
f 1436 1464 1460
f 1460 1464 1436
f 1437 1466 1465
f 1465 1466 1437
f 1466 1439 1480
f 1480 1439 1466
f 1479 1467 1454
f 1454 1467 1479
f 1467 1480 1439
f 1439 1480 1467
f 1468 1441 1465
f 1465 1441 1468
f 1469 1442 1468
f 1468 1442 1469
f 1469 1455 1443
f 1443 1455 1469
f 1470 1446 1455
f 1455 1446 1470
f 1471 1444 1470
f 1470 1444 1471
f 1472 1445 1471
f 1471 1445 1472
f 1481 1456 1472
f 1472 1456 1481
f 1474 1473 1447
f 1447 1473 1474
f 1475 1474 1448
f 1448 1474 1475
f 1482 1475 1457
f 1457 1475 1482
f 1483 1457 1458
f 1458 1457 1483
f 1484 1458 1459
f 1459 1458 1484
f 1464 1459 1460
f 1460 1459 1464
f 1476 1450 1473
f 1473 1450 1476
f 1477 1451 1476
f 1476 1451 1477
f 1477 1478 1452
f 1452 1478 1477
f 1478 1485 1462
f 1462 1485 1478
f 1479 1462 1485
f 1485 1462 1479
f 1456 1481 1463
f 1463 1481 1456
f 1463 1484 1464
f 1464 1484 1463
f 1486 1465 1466
f 1466 1465 1486
f 1480 1486 1466
f 1466 1486 1480
f 1467 1479 1487
f 1487 1479 1467
f 1480 1467 1488
f 1488 1467 1480
f 1465 1486 1468
f 1468 1486 1465
f 1468 1489 1469
f 1469 1489 1468
f 1455 1469 1470
f 1470 1469 1455
f 1470 1489 1471
f 1471 1489 1470
f 1471 1490 1472
f 1472 1490 1471
f 1472 1491 1481
f 1481 1491 1472
f 1473 1474 1492
f 1492 1474 1473
f 1474 1475 1493
f 1493 1475 1474
f 1475 1482 1494
f 1494 1482 1475
f 1457 1483 1482
f 1482 1483 1457
f 1458 1484 1483
f 1483 1484 1458
f 1459 1464 1484
f 1484 1464 1459
f 1492 1476 1473
f 1473 1476 1492
f 1478 1477 1476
f 1476 1477 1478
f 1485 1478 1492
f 1492 1478 1485
f 1485 1487 1479
f 1479 1487 1485
f 1484 1463 1481
f 1481 1463 1484
f 1486 1480 1495
f 1495 1480 1486
f 1487 1488 1467
f 1467 1488 1487
f 1488 1495 1480
f 1480 1495 1488
f 1489 1468 1486
f 1486 1468 1489
f 1489 1470 1469
f 1469 1470 1489
f 1490 1471 1489
f 1489 1471 1490
f 1491 1472 1490
f 1490 1472 1491
f 1483 1481 1491
f 1491 1481 1483
f 1493 1492 1474
f 1474 1492 1493
f 1494 1493 1475
f 1475 1493 1494
f 1496 1494 1482
f 1482 1494 1496
f 1491 1482 1483
f 1483 1482 1491
f 1481 1483 1484
f 1484 1483 1481
f 1476 1492 1478
f 1478 1492 1476
f 1492 1493 1485
f 1485 1493 1492
f 1487 1485 1493
f 1493 1485 1487
f 1495 1489 1486
f 1486 1489 1495
f 1488 1487 1494
f 1494 1487 1488
f 1495 1488 1496
f 1496 1488 1495
f 1489 1495 1490
f 1490 1495 1489
f 1490 1496 1491
f 1491 1496 1490
f 1493 1494 1487
f 1487 1494 1493
f 1494 1496 1488
f 1488 1496 1494
f 1482 1491 1496
f 1496 1491 1482
f 1496 1490 1495
f 1495 1490 1496
f 1497 1498 1499
f 1498 1497 1500
f 1499 1498 1497
f 1500 1497 1498
f 1501 1499 1498
f 1498 1499 1501
f 1499 1502 1497
f 1497 1502 1499
f 1503 1500 1497
f 1497 1500 1503
f 1504 1498 1500
f 1500 1498 1504
f 1499 1501 1505
f 1505 1501 1499
f 1504 1501 1498
f 1498 1501 1504
f 1499 1506 1502
f 1502 1506 1499
f 1497 1502 1507
f 1507 1502 1497
f 1500 1503 1508
f 1508 1503 1500
f 1497 1507 1503
f 1503 1507 1497
f 1504 1500 1508
f 1508 1500 1504
f 1501 1506 1505
f 1505 1506 1501
f 1506 1499 1505
f 1505 1499 1506
f 1501 1504 1509
f 1509 1504 1501
f 1510 1502 1506
f 1506 1502 1510
f 1511 1507 1502
f 1502 1507 1511
f 1503 1512 1508
f 1508 1512 1503
f 1503 1507 1513
f 1513 1507 1503
f 1504 1508 1514
f 1514 1508 1504
f 1506 1501 1510
f 1510 1501 1506
f 1515 1509 1504
f 1504 1509 1515
f 1509 1516 1501
f 1501 1516 1509
f 1502 1510 1511
f 1511 1510 1502
f 1507 1511 1517
f 1517 1511 1507
f 1512 1503 1518
f 1518 1503 1512
f 1514 1508 1512
f 1512 1508 1514
f 1517 1513 1507
f 1507 1513 1517
f 1503 1513 1519
f 1519 1513 1503
f 1520 1504 1514
f 1514 1504 1520
f 1501 1516 1510
f 1510 1516 1501
f 1509 1515 1521
f 1521 1515 1509
f 1504 1520 1515
f 1515 1520 1504
f 1509 1522 1516
f 1516 1522 1509
f 1510 1516 1511
f 1511 1516 1510
f 1511 1523 1517
f 1517 1523 1511
f 1503 1519 1518
f 1518 1519 1503
f 1518 1524 1512
f 1512 1524 1518
f 1514 1512 1524
f 1524 1512 1514
f 1513 1517 1525
f 1525 1517 1513
f 1513 1526 1519
f 1519 1526 1513
f 1514 1527 1520
f 1520 1527 1514
f 1528 1521 1515
f 1515 1521 1528
f 1521 1529 1509
f 1509 1529 1521
f 1530 1515 1520
f 1520 1515 1530
f 1529 1522 1509
f 1509 1522 1529
f 1522 1531 1516
f 1516 1531 1522
f 1511 1516 1523
f 1523 1516 1511
f 1517 1523 1525
f 1525 1523 1517
f 1518 1519 1532
f 1532 1519 1518
f 1524 1518 1533
f 1533 1518 1524
f 1514 1524 1534
f 1534 1524 1514
f 1525 1535 1513
f 1513 1535 1525
f 1526 1513 1535
f 1535 1513 1526
f 1526 1536 1519
f 1519 1536 1526
f 1527 1514 1534
f 1534 1514 1527
f 1537 1520 1527
f 1527 1520 1537
f 1528 1538 1521
f 1521 1538 1528
f 1528 1515 1530
f 1530 1515 1528
f 1529 1521 1538
f 1538 1521 1529
f 1530 1520 1537
f 1537 1520 1530
f 1529 1539 1522
f 1522 1539 1529
f 1531 1522 1540
f 1540 1522 1531
f 1541 1516 1531
f 1531 1516 1541
f 1516 1541 1523
f 1523 1541 1516
f 1525 1523 1542
f 1542 1523 1525
f 1519 1543 1532
f 1532 1543 1519
f 1518 1532 1544
f 1544 1532 1518
f 1518 1544 1533
f 1533 1544 1518
f 1533 1545 1524
f 1524 1545 1533
f 1534 1524 1545
f 1545 1524 1534
f 1535 1525 1542
f 1542 1525 1535
f 1526 1535 1546
f 1546 1535 1526
f 1536 1526 1547
f 1547 1526 1536
f 1543 1519 1536
f 1536 1519 1543
f 1548 1527 1534
f 1534 1527 1548
f 1537 1527 1549
f 1549 1527 1537
f 1550 1538 1528
f 1528 1538 1550
f 1551 1528 1530
f 1530 1528 1551
f 1538 1552 1529
f 1529 1552 1538
f 1553 1530 1537
f 1537 1530 1553
f 1552 1539 1529
f 1529 1539 1552
f 1539 1540 1522
f 1522 1540 1539
f 1540 1554 1531
f 1531 1554 1540
f 1531 1554 1541
f 1541 1554 1531
f 1555 1523 1541
f 1541 1523 1555
f 1542 1523 1556
f 1556 1523 1542
f 1557 1532 1543
f 1543 1532 1557
f 1532 1557 1544
f 1544 1557 1532
f 1533 1544 1558
f 1558 1544 1533
f 1545 1533 1559
f 1559 1533 1545
f 1534 1545 1560
f 1560 1545 1534
f 1542 1561 1535
f 1535 1561 1542
f 1546 1535 1562
f 1562 1535 1546
f 1546 1547 1526
f 1526 1547 1546
f 1547 1563 1536
f 1536 1563 1547
f 1536 1564 1543
f 1543 1564 1536
f 1527 1548 1549
f 1549 1548 1527
f 1534 1560 1548
f 1548 1560 1534
f 1537 1549 1565
f 1565 1549 1537
f 1550 1566 1538
f 1538 1566 1550
f 1567 1550 1528
f 1528 1550 1567
f 1528 1551 1567
f 1567 1551 1528
f 1530 1553 1551
f 1551 1553 1530
f 1552 1538 1566
f 1566 1538 1552
f 1537 1568 1553
f 1553 1568 1537
f 1552 1569 1539
f 1539 1569 1552
f 1540 1539 1570
f 1570 1539 1540
f 1540 1571 1554
f 1554 1571 1540
f 1541 1554 1572
f 1572 1554 1541
f 1523 1555 1556
f 1556 1555 1523
f 1541 1572 1555
f 1555 1572 1541
f 1542 1556 1573
f 1573 1556 1542
f 1543 1564 1557
f 1557 1564 1543
f 1574 1544 1557
f 1557 1544 1574
f 1544 1574 1558
f 1558 1574 1544
f 1533 1558 1575
f 1575 1558 1533
f 1533 1576 1559
f 1559 1576 1533
f 1559 1560 1545
f 1545 1560 1559
f 1561 1542 1573
f 1573 1542 1561
f 1577 1535 1561
f 1561 1535 1577
f 1562 1535 1577
f 1577 1535 1562
f 1562 1578 1546
f 1546 1578 1562
f 1547 1546 1578
f 1578 1546 1547
f 1563 1547 1579
f 1579 1547 1563
f 1563 1580 1536
f 1536 1580 1563
f 1536 1580 1564
f 1564 1580 1536
f 1581 1549 1548
f 1548 1549 1581
f 1548 1560 1582
f 1582 1560 1548
f 1565 1549 1583
f 1583 1549 1565
f 1568 1537 1565
f 1565 1537 1568
f 1550 1584 1566
f 1566 1584 1550
f 1550 1567 1585
f 1585 1567 1550
f 1586 1567 1551
f 1551 1567 1586
f 1587 1551 1553
f 1553 1551 1587
f 1566 1588 1552
f 1552 1588 1566
f 1589 1553 1568
f 1568 1553 1589
f 1569 1552 1588
f 1588 1552 1569
f 1569 1570 1539
f 1539 1570 1569
f 1570 1571 1540
f 1540 1571 1570
f 1590 1554 1571
f 1571 1554 1590
f 1591 1572 1554
f 1554 1572 1591
f 1555 1592 1556
f 1556 1592 1555
f 1555 1572 1593
f 1593 1572 1555
f 1573 1556 1592
f 1592 1556 1573
f 1557 1564 1594
f 1594 1564 1557
f 1557 1594 1574
f 1574 1594 1557
f 1574 1575 1558
f 1558 1575 1574
f 1533 1575 1576
f 1576 1575 1533
f 1559 1576 1595
f 1595 1576 1559
f 1560 1559 1596
f 1596 1559 1560
f 1573 1597 1561
f 1561 1597 1573
f 1577 1561 1598
f 1598 1561 1577
f 1599 1562 1577
f 1577 1562 1599
f 1578 1562 1600
f 1600 1562 1578
f 1579 1547 1578
f 1578 1547 1579
f 1601 1563 1579
f 1579 1563 1601
f 1602 1580 1563
f 1563 1580 1602
f 1603 1564 1580
f 1580 1564 1603
f 1549 1581 1583
f 1583 1581 1549
f 1548 1582 1581
f 1581 1582 1548
f 1596 1582 1560
f 1560 1582 1596
f 1565 1583 1604
f 1604 1583 1565
f 1565 1605 1568
f 1568 1605 1565
f 1606 1584 1550
f 1550 1584 1606
f 1588 1566 1584
f 1584 1566 1588
f 1607 1585 1567
f 1567 1585 1607
f 1608 1550 1585
f 1585 1550 1608
f 1567 1586 1607
f 1607 1586 1567
f 1551 1587 1586
f 1586 1587 1551
f 1553 1589 1587
f 1587 1589 1553
f 1568 1609 1589
f 1589 1609 1568
f 1584 1569 1588
f 1588 1569 1584
f 1570 1569 1610
f 1610 1569 1570
f 1610 1571 1570
f 1570 1571 1610
f 1554 1590 1591
f 1591 1590 1554
f 1571 1611 1590
f 1590 1611 1571
f 1572 1591 1612
f 1612 1591 1572
f 1592 1555 1613
f 1613 1555 1592
f 1612 1593 1572
f 1572 1593 1612
f 1555 1593 1613
f 1613 1593 1555
f 1573 1592 1614
f 1614 1592 1573
f 1615 1594 1564
f 1564 1594 1615
f 1574 1594 1616
f 1616 1594 1574
f 1575 1574 1616
f 1616 1574 1575
f 1616 1576 1575
f 1575 1576 1616
f 1617 1595 1576
f 1576 1595 1617
f 1559 1595 1618
f 1618 1595 1559
f 1559 1618 1596
f 1596 1618 1559
f 1597 1573 1614
f 1614 1573 1597
f 1619 1561 1597
f 1597 1561 1619
f 1598 1561 1619
f 1619 1561 1598
f 1620 1577 1598
f 1598 1577 1620
f 1562 1599 1600
f 1600 1599 1562
f 1577 1620 1599
f 1599 1620 1577
f 1579 1578 1600
f 1600 1578 1579
f 1563 1601 1621
f 1621 1601 1563
f 1579 1622 1601
f 1601 1622 1579
f 1602 1623 1580
f 1580 1623 1602
f 1621 1602 1563
f 1563 1602 1621
f 1564 1603 1615
f 1615 1603 1564
f 1580 1624 1603
f 1603 1624 1580
f 1625 1583 1581
f 1581 1583 1625
f 1581 1582 1626
f 1626 1582 1581
f 1582 1596 1627
f 1627 1596 1582
f 1604 1583 1628
f 1628 1583 1604
f 1605 1565 1604
f 1604 1565 1605
f 1609 1568 1605
f 1605 1568 1609
f 1606 1629 1584
f 1584 1629 1606
f 1550 1608 1606
f 1606 1608 1550
f 1585 1607 1630
f 1630 1607 1585
f 1585 1631 1608
f 1608 1631 1585
f 1632 1607 1586
f 1586 1607 1632
f 1633 1586 1587
f 1587 1586 1633
f 1634 1587 1589
f 1589 1587 1634
f 1635 1589 1609
f 1609 1589 1635
f 1569 1584 1610
f 1610 1584 1569
f 1610 1629 1571
f 1571 1629 1610
f 1636 1591 1590
f 1590 1591 1636
f 1611 1571 1629
f 1629 1571 1611
f 1637 1590 1611
f 1611 1590 1637
f 1638 1612 1591
f 1591 1612 1638
f 1613 1639 1592
f 1592 1639 1613
f 1593 1612 1640
f 1640 1612 1593
f 1613 1593 1641
f 1641 1593 1613
f 1614 1592 1642
f 1642 1592 1614
f 1594 1615 1643
f 1643 1615 1594
f 1616 1594 1617
f 1617 1594 1616
f 1576 1616 1617
f 1617 1616 1576
f 1595 1617 1644
f 1644 1617 1595
f 1644 1618 1595
f 1595 1618 1644
f 1596 1618 1645
f 1645 1618 1596
f 1614 1646 1597
f 1597 1646 1614
f 1619 1597 1647
f 1647 1597 1619
f 1648 1598 1619
f 1619 1598 1648
f 1598 1648 1620
f 1620 1648 1598
f 1579 1600 1599
f 1599 1600 1579
f 1649 1599 1620
f 1620 1599 1649
f 1650 1621 1601
f 1601 1621 1650
f 1622 1579 1649
f 1649 1579 1622
f 1651 1601 1622
f 1622 1601 1651
f 1652 1623 1602
f 1602 1623 1652
f 1624 1580 1623
f 1623 1580 1624
f 1602 1621 1653
f 1653 1621 1602
f 1603 1654 1615
f 1615 1654 1603
f 1624 1655 1603
f 1603 1655 1624
f 1583 1625 1628
f 1628 1625 1583
f 1581 1656 1625
f 1625 1656 1581
f 1627 1626 1582
f 1582 1626 1627
f 1581 1626 1657
f 1657 1626 1581
f 1596 1658 1627
f 1627 1658 1596
f 1604 1628 1659
f 1659 1628 1604
f 1604 1660 1605
f 1605 1660 1604
f 1605 1661 1609
f 1609 1661 1605
f 1606 1662 1629
f 1629 1662 1606
f 1629 1610 1584
f 1584 1610 1629
f 1663 1606 1608
f 1608 1606 1663
f 1664 1630 1607
f 1607 1630 1664
f 1631 1585 1630
f 1630 1585 1631
f 1665 1608 1631
f 1631 1608 1665
f 1607 1632 1664
f 1664 1632 1607
f 1586 1633 1632
f 1632 1633 1586
f 1587 1634 1633
f 1633 1634 1587
f 1589 1635 1634
f 1634 1635 1589
f 1609 1666 1635
f 1635 1666 1609
f 1591 1636 1638
f 1638 1636 1591
f 1590 1637 1636
f 1636 1637 1590
f 1629 1667 1611
f 1611 1667 1629
f 1611 1668 1637
f 1637 1668 1611
f 1612 1638 1669
f 1669 1638 1612
f 1639 1613 1641
f 1641 1613 1639
f 1642 1592 1639
f 1639 1592 1642
f 1669 1640 1612
f 1612 1640 1669
f 1640 1670 1593
f 1593 1670 1640
f 1641 1593 1670
f 1670 1593 1641
f 1646 1614 1642
f 1642 1614 1646
f 1615 1654 1643
f 1643 1654 1615
f 1643 1671 1594
f 1594 1671 1643
f 1617 1594 1671
f 1671 1594 1617
f 1617 1671 1644
f 1644 1671 1617
f 1618 1644 1672
f 1672 1644 1618
f 1672 1645 1618
f 1618 1645 1672
f 1596 1645 1658
f 1658 1645 1596
f 1673 1597 1646
f 1646 1597 1673
f 1647 1597 1673
f 1673 1597 1647
f 1674 1619 1647
f 1647 1619 1674
f 1619 1674 1648
f 1648 1674 1619
f 1649 1620 1648
f 1648 1620 1649
f 1579 1599 1649
f 1649 1599 1579
f 1650 1653 1621
f 1621 1653 1650
f 1650 1601 1651
f 1651 1601 1650
f 1649 1675 1622
f 1622 1675 1649
f 1651 1622 1676
f 1676 1622 1651
f 1652 1677 1623
f 1623 1677 1652
f 1602 1678 1652
f 1652 1678 1602
f 1623 1679 1624
f 1624 1679 1623
f 1678 1602 1653
f 1653 1602 1678
f 1603 1655 1654
f 1654 1655 1603
f 1679 1655 1624
f 1624 1655 1679
f 1680 1628 1625
f 1625 1628 1680
f 1581 1657 1656
f 1656 1657 1581
f 1625 1656 1681
f 1681 1656 1625
f 1626 1627 1682
f 1682 1627 1626
f 1682 1657 1626
f 1626 1657 1682
f 1627 1658 1683
f 1683 1658 1627
f 1628 1680 1659
f 1659 1680 1628
f 1604 1659 1684
f 1684 1659 1604
f 1660 1604 1684
f 1684 1604 1660
f 1661 1605 1660
f 1660 1605 1661
f 1666 1609 1661
f 1661 1609 1666
f 1685 1662 1606
f 1606 1662 1685
f 1667 1629 1662
f 1662 1629 1667
f 1606 1663 1685
f 1685 1663 1606
f 1608 1665 1663
f 1663 1665 1608
f 1630 1664 1686
f 1686 1664 1630
f 1630 1687 1631
f 1631 1687 1630
f 1631 1688 1665
f 1665 1688 1631
f 1689 1664 1632
f 1632 1664 1689
f 1690 1632 1633
f 1633 1632 1690
f 1691 1633 1634
f 1634 1633 1691
f 1692 1634 1635
f 1635 1634 1692
f 1693 1635 1666
f 1666 1635 1693
f 1694 1638 1636
f 1636 1638 1694
f 1695 1636 1637
f 1637 1636 1695
f 1668 1611 1667
f 1667 1611 1668
f 1696 1637 1668
f 1668 1637 1696
f 1697 1669 1638
f 1638 1669 1697
f 1641 1698 1639
f 1639 1698 1641
f 1642 1639 1699
f 1699 1639 1642
f 1640 1669 1700
f 1700 1669 1640
f 1670 1640 1701
f 1701 1640 1670
f 1641 1670 1702
f 1702 1670 1641
f 1642 1703 1646
f 1646 1703 1642
f 1643 1654 1704
f 1704 1654 1643
f 1671 1643 1705
f 1705 1643 1671
f 1644 1671 1672
f 1672 1671 1644
f 1645 1672 1706
f 1706 1672 1645
f 1706 1658 1645
f 1645 1658 1706
f 1673 1646 1707
f 1707 1646 1673
f 1708 1647 1673
f 1673 1647 1708
f 1647 1708 1674
f 1674 1708 1647
f 1709 1648 1674
f 1674 1648 1709
f 1649 1648 1709
f 1709 1648 1649
f 1650 1678 1653
f 1653 1678 1650
f 1710 1650 1651
f 1651 1650 1710
f 1675 1649 1709
f 1709 1649 1675
f 1676 1622 1675
f 1675 1622 1676
f 1711 1651 1676
f 1676 1651 1711
f 1712 1677 1652
f 1652 1677 1712
f 1679 1623 1677
f 1677 1623 1679
f 1713 1652 1678
f 1678 1652 1713
f 1655 1714 1654
f 1654 1714 1655
f 1715 1655 1679
f 1679 1655 1715
f 1625 1716 1680
f 1680 1716 1625
f 1717 1656 1657
f 1657 1656 1717
f 1656 1718 1681
f 1681 1718 1656
f 1625 1681 1698
f 1698 1681 1625
f 1627 1703 1682
f 1682 1703 1627
f 1657 1682 1717
f 1717 1682 1657
f 1658 1719 1683
f 1683 1719 1658
f 1627 1683 1720
f 1720 1683 1627
f 1721 1659 1680
f 1680 1659 1721
f 1684 1659 1722
f 1722 1659 1684
f 1684 1723 1660
f 1660 1723 1684
f 1660 1724 1661
f 1661 1724 1660
f 1661 1725 1666
f 1666 1725 1661
f 1685 1726 1662
f 1662 1726 1685
f 1662 1727 1667
f 1667 1727 1662
f 1728 1685 1663
f 1663 1685 1728
f 1729 1663 1665
f 1665 1663 1729
f 1730 1686 1664
f 1664 1686 1730
f 1687 1630 1686
f 1686 1630 1687
f 1688 1631 1687
f 1687 1631 1688
f 1731 1665 1688
f 1688 1665 1731
f 1664 1689 1730
f 1730 1689 1664
f 1632 1690 1689
f 1689 1690 1632
f 1633 1691 1690
f 1690 1691 1633
f 1634 1692 1691
f 1691 1692 1634
f 1635 1693 1692
f 1692 1693 1635
f 1666 1732 1693
f 1693 1732 1666
f 1638 1694 1697
f 1697 1694 1638
f 1636 1695 1694
f 1694 1695 1636
f 1637 1696 1695
f 1695 1696 1637
f 1667 1733 1668
f 1668 1733 1667
f 1668 1734 1696
f 1696 1734 1668
f 1669 1697 1735
f 1735 1697 1669
f 1698 1641 1702
f 1702 1641 1698
f 1736 1639 1698
f 1698 1639 1736
f 1699 1639 1736
f 1736 1639 1699
f 1703 1642 1699
f 1699 1642 1703
f 1735 1700 1669
f 1669 1700 1735
f 1700 1701 1640
f 1640 1701 1700
f 1701 1737 1670
f 1670 1737 1701
f 1702 1670 1737
f 1737 1670 1702
f 1738 1646 1703
f 1703 1646 1738
f 1714 1704 1654
f 1654 1704 1714
f 1643 1704 1705
f 1705 1704 1643
f 1705 1739 1671
f 1671 1739 1705
f 1672 1671 1739
f 1739 1671 1672
f 1672 1739 1706
f 1706 1739 1672
f 1658 1706 1740
f 1740 1706 1658
f 1707 1646 1741
f 1741 1646 1707
f 1742 1673 1707
f 1707 1673 1742
f 1673 1742 1708
f 1708 1742 1673
f 1709 1674 1708
f 1708 1674 1709
f 1743 1678 1650
f 1650 1678 1743
f 1650 1710 1744
f 1744 1710 1650
f 1651 1711 1710
f 1710 1711 1651
f 1709 1745 1675
f 1675 1745 1709
f 1676 1675 1745
f 1745 1675 1676
f 1746 1711 1676
f 1676 1711 1746
f 1677 1712 1747
f 1747 1712 1677
f 1652 1713 1712
f 1712 1713 1652
f 1677 1715 1679
f 1679 1715 1677
f 1743 1713 1678
f 1678 1713 1743
f 1714 1655 1748
f 1748 1655 1714
f 1655 1715 1749
f 1749 1715 1655
f 1625 1698 1716
f 1716 1698 1625
f 1680 1716 1750
f 1750 1716 1680
f 1656 1717 1751
f 1751 1717 1656
f 1718 1656 1751
f 1751 1656 1718
f 1752 1681 1718
f 1718 1681 1752
f 1753 1698 1681
f 1681 1698 1753
f 1754 1703 1627
f 1627 1703 1754
f 1682 1703 1755
f 1755 1703 1682
f 1682 1755 1717
f 1717 1755 1682
f 1719 1658 1740
f 1740 1658 1719
f 1756 1683 1719
f 1719 1683 1756
f 1683 1756 1720
f 1720 1756 1683
f 1627 1720 1754
f 1754 1720 1627
f 1659 1721 1722
f 1722 1721 1659
f 1680 1750 1721
f 1721 1750 1680
f 1684 1722 1757
f 1757 1722 1684
f 1723 1684 1758
f 1758 1684 1723
f 1724 1660 1723
f 1723 1660 1724
f 1725 1661 1724
f 1724 1661 1725
f 1732 1666 1725
f 1725 1666 1732
f 1726 1685 1759
f 1759 1685 1726
f 1727 1662 1726
f 1726 1662 1727
f 1733 1667 1727
f 1727 1667 1733
f 1685 1728 1759
f 1759 1728 1685
f 1663 1729 1728
f 1728 1729 1663
f 1665 1731 1729
f 1729 1731 1665
f 1686 1730 1760
f 1760 1730 1686
f 1686 1761 1687
f 1687 1761 1686
f 1687 1762 1688
f 1688 1762 1687
f 1688 1763 1731
f 1731 1763 1688
f 1764 1730 1689
f 1689 1730 1764
f 1765 1689 1690
f 1690 1689 1765
f 1766 1690 1691
f 1691 1690 1766
f 1767 1691 1692
f 1692 1691 1767
f 1768 1692 1693
f 1693 1692 1768
f 1769 1693 1732
f 1732 1693 1769
f 1770 1697 1694
f 1694 1697 1770
f 1771 1694 1695
f 1695 1694 1771
f 1772 1695 1696
f 1696 1695 1772
f 1734 1668 1733
f 1733 1668 1734
f 1773 1696 1734
f 1734 1696 1773
f 1774 1735 1697
f 1697 1735 1774
f 1702 1716 1698
f 1698 1716 1702
f 1736 1698 1753
f 1753 1698 1736
f 1736 1703 1699
f 1699 1703 1736
f 1700 1735 1775
f 1775 1735 1700
f 1701 1700 1776
f 1776 1700 1701
f 1737 1701 1777
f 1777 1701 1737
f 1702 1737 1778
f 1778 1737 1702
f 1741 1646 1738
f 1738 1646 1741
f 1738 1703 1754
f 1754 1703 1738
f 1704 1714 1779
f 1779 1714 1704
f 1705 1704 1780
f 1780 1704 1705
f 1739 1705 1780
f 1780 1705 1739
f 1706 1739 1740
f 1740 1739 1706
f 1741 1742 1707
f 1707 1742 1741
f 1781 1708 1742
f 1742 1708 1781
f 1709 1708 1781
f 1781 1708 1709
f 1744 1743 1650
f 1650 1743 1744
f 1782 1744 1710
f 1710 1744 1782
f 1783 1710 1711
f 1711 1710 1783
f 1745 1709 1781
f 1781 1709 1745
f 1676 1745 1746
f 1746 1745 1676
f 1711 1746 1784
f 1784 1746 1711
f 1712 1715 1747
f 1747 1715 1712
f 1715 1677 1747
f 1747 1677 1715
f 1715 1712 1713
f 1713 1712 1715
f 1743 1715 1713
f 1713 1715 1743
f 1749 1748 1655
f 1655 1748 1749
f 1748 1785 1714
f 1714 1785 1748
f 1743 1749 1715
f 1715 1749 1743
f 1778 1750 1716
f 1716 1750 1778
f 1717 1752 1751
f 1751 1752 1717
f 1751 1752 1718
f 1718 1752 1751
f 1681 1752 1753
f 1753 1752 1681
f 1703 1736 1755
f 1755 1736 1703
f 1717 1755 1752
f 1752 1755 1717
f 1740 1786 1719
f 1719 1786 1740
f 1719 1786 1756
f 1756 1786 1719
f 1787 1720 1756
f 1756 1720 1787
f 1720 1787 1754
f 1754 1787 1720
f 1788 1722 1721
f 1721 1722 1788
f 1721 1750 1788
f 1788 1750 1721
f 1722 1788 1757
f 1757 1788 1722
f 1757 1789 1684
f 1684 1789 1757
f 1684 1789 1758
f 1758 1789 1684
f 1758 1790 1723
f 1723 1790 1758
f 1723 1791 1724
f 1724 1791 1723
f 1724 1792 1725
f 1725 1792 1724
f 1725 1793 1732
f 1732 1793 1725
f 1728 1726 1759
f 1759 1726 1728
f 1726 1728 1727
f 1727 1728 1726
f 1727 1729 1733
f 1733 1729 1727
f 1729 1727 1728
f 1728 1727 1729
f 1731 1733 1729
f 1729 1733 1731
f 1794 1760 1730
f 1730 1760 1794
f 1761 1686 1760
f 1760 1686 1761
f 1762 1687 1761
f 1761 1687 1762
f 1763 1688 1762
f 1762 1688 1763
f 1763 1734 1731
f 1731 1734 1763
f 1730 1764 1794
f 1794 1764 1730
f 1689 1765 1764
f 1764 1765 1689
f 1690 1766 1765
f 1765 1766 1690
f 1691 1767 1766
f 1766 1767 1691
f 1692 1768 1767
f 1767 1768 1692
f 1693 1769 1768
f 1768 1769 1693
f 1732 1795 1769
f 1769 1795 1732
f 1697 1770 1774
f 1774 1770 1697
f 1694 1771 1770
f 1770 1771 1694
f 1695 1772 1771
f 1771 1772 1695
f 1696 1773 1772
f 1772 1773 1696
f 1733 1731 1734
f 1734 1731 1733
f 1734 1763 1773
f 1773 1763 1734
f 1735 1774 1796
f 1796 1774 1735
f 1716 1702 1778
f 1778 1702 1716
f 1753 1755 1736
f 1736 1755 1753
f 1796 1775 1735
f 1735 1775 1796
f 1775 1776 1700
f 1700 1776 1775
f 1776 1777 1701
f 1701 1777 1776
f 1797 1737 1777
f 1777 1737 1797
f 1778 1737 1798
f 1798 1737 1778
f 1738 1799 1741
f 1741 1799 1738
f 1754 1800 1738
f 1738 1800 1754
f 1714 1801 1779
f 1779 1801 1714
f 1779 1802 1704
f 1704 1802 1779
f 1780 1704 1802
f 1802 1704 1780
f 1780 1786 1739
f 1739 1786 1780
f 1740 1739 1786
f 1786 1739 1740
f 1742 1741 1799
f 1799 1741 1742
f 1781 1742 1799
f 1799 1742 1781
f 1743 1744 1803
f 1803 1744 1743
f 1804 1744 1782
f 1782 1744 1804
f 1782 1710 1783
f 1783 1710 1782
f 1783 1711 1784
f 1784 1711 1783
f 1781 1805 1745
f 1745 1805 1781
f 1746 1745 1805
f 1805 1745 1746
f 1806 1784 1746
f 1746 1784 1806
f 1748 1749 1807
f 1807 1749 1748
f 1748 1808 1785
f 1785 1808 1748
f 1714 1785 1801
f 1801 1785 1714
f 1809 1749 1743
f 1743 1749 1809
f 1750 1778 1798
f 1798 1778 1750
f 1755 1753 1752
f 1752 1753 1755
f 1756 1786 1787
f 1787 1786 1756
f 1800 1754 1787
f 1787 1754 1800
f 1798 1788 1750
f 1750 1788 1798
f 1788 1798 1757
f 1757 1798 1788
f 1798 1789 1757
f 1757 1789 1798
f 1758 1789 1810
f 1810 1789 1758
f 1790 1758 1811
f 1811 1758 1790
f 1791 1723 1790
f 1790 1723 1791
f 1792 1724 1791
f 1791 1724 1792
f 1793 1725 1792
f 1792 1725 1793
f 1795 1732 1793
f 1793 1732 1795
f 1760 1794 1812
f 1812 1794 1760
f 1760 1813 1761
f 1761 1813 1760
f 1761 1814 1762
f 1762 1814 1761
f 1762 1815 1763
f 1763 1815 1762
f 1816 1794 1764
f 1764 1794 1816
f 1817 1764 1765
f 1765 1764 1817
f 1818 1765 1766
f 1766 1765 1818
f 1819 1766 1767
f 1767 1766 1819
f 1820 1767 1768
f 1768 1767 1820
f 1821 1768 1769
f 1769 1768 1821
f 1822 1769 1795
f 1795 1769 1822
f 1823 1774 1770
f 1770 1774 1823
f 1824 1770 1771
f 1771 1770 1824
f 1825 1771 1772
f 1772 1771 1825
f 1826 1772 1773
f 1773 1772 1826
f 1815 1773 1763
f 1763 1773 1815
f 1827 1796 1774
f 1774 1796 1827
f 1775 1796 1828
f 1828 1796 1775
f 1776 1775 1829
f 1829 1775 1776
f 1777 1776 1830
f 1830 1776 1777
f 1737 1797 1789
f 1789 1797 1737
f 1777 1831 1797
f 1797 1831 1777
f 1798 1737 1789
f 1789 1737 1798
f 1799 1738 1800
f 1800 1738 1799
f 1779 1801 1832
f 1832 1801 1779
f 1802 1779 1832
f 1832 1779 1802
f 1780 1802 1833
f 1833 1802 1780
f 1786 1780 1833
f 1833 1780 1786
f 1781 1799 1800
f 1800 1799 1781
f 1804 1803 1744
f 1744 1803 1804
f 1803 1809 1743
f 1743 1809 1803
f 1834 1804 1782
f 1782 1804 1834
f 1835 1782 1783
f 1783 1782 1835
f 1783 1784 1836
f 1836 1784 1783
f 1805 1781 1837
f 1837 1781 1805
f 1746 1805 1838
f 1838 1805 1746
f 1784 1806 1839
f 1839 1806 1784
f 1746 1838 1806
f 1806 1838 1746
f 1840 1807 1749
f 1749 1807 1840
f 1807 1808 1748
f 1748 1808 1807
f 1841 1785 1808
f 1808 1785 1841
f 1842 1801 1785
f 1785 1801 1842
f 1809 1840 1749
f 1749 1840 1809
f 1837 1787 1786
f 1786 1787 1837
f 1837 1800 1787
f 1787 1800 1837
f 1789 1843 1810
f 1810 1843 1789
f 1758 1810 1811
f 1811 1810 1758
f 1844 1790 1811
f 1811 1790 1844
f 1845 1791 1790
f 1790 1791 1845
f 1846 1792 1791
f 1791 1792 1846
f 1847 1793 1792
f 1792 1793 1847
f 1848 1795 1793
f 1793 1795 1848
f 1849 1812 1794
f 1794 1812 1849
f 1813 1760 1812
f 1812 1760 1813
f 1814 1761 1813
f 1813 1761 1814
f 1815 1762 1814
f 1814 1762 1815
f 1794 1816 1849
f 1849 1816 1794
f 1764 1817 1816
f 1816 1817 1764
f 1765 1818 1817
f 1817 1818 1765
f 1766 1819 1818
f 1818 1819 1766
f 1767 1820 1819
f 1819 1820 1767
f 1768 1821 1820
f 1820 1821 1768
f 1769 1822 1821
f 1821 1822 1769
f 1850 1822 1795
f 1795 1822 1850
f 1774 1823 1827
f 1827 1823 1774
f 1770 1824 1823
f 1823 1824 1770
f 1771 1825 1824
f 1824 1825 1771
f 1772 1826 1825
f 1825 1826 1772
f 1773 1815 1826
f 1826 1815 1773
f 1796 1827 1851
f 1851 1827 1796
f 1851 1828 1796
f 1796 1828 1851
f 1828 1829 1775
f 1775 1829 1828
f 1829 1830 1776
f 1776 1830 1829
f 1831 1777 1830
f 1830 1777 1831
f 1843 1789 1797
f 1797 1789 1843
f 1852 1797 1831
f 1831 1797 1852
f 1832 1801 1853
f 1853 1801 1832
f 1832 1854 1802
f 1802 1854 1832
f 1833 1802 1854
f 1854 1802 1833
f 1833 1855 1786
f 1786 1855 1833
f 1781 1800 1837
f 1837 1800 1781
f 1804 1856 1803
f 1803 1856 1804
f 1809 1803 1856
f 1856 1803 1809
f 1804 1834 1857
f 1857 1834 1804
f 1782 1835 1834
f 1834 1835 1782
f 1783 1858 1835
f 1835 1858 1783
f 1836 1784 1839
f 1839 1784 1836
f 1858 1783 1836
f 1836 1783 1858
f 1837 1838 1805
f 1805 1838 1837
f 1859 1839 1806
f 1806 1839 1859
f 1806 1838 1860
f 1860 1838 1806
f 1807 1840 1861
f 1861 1840 1807
f 1861 1808 1807
f 1807 1808 1861
f 1785 1841 1842
f 1842 1841 1785
f 1808 1862 1841
f 1841 1862 1808
f 1801 1842 1863
f 1863 1842 1801
f 1864 1840 1809
f 1809 1840 1864
f 1837 1786 1855
f 1855 1786 1837
f 1845 1810 1843
f 1843 1810 1845
f 1811 1810 1844
f 1844 1810 1811
f 1790 1844 1845
f 1845 1844 1790
f 1791 1845 1846
f 1846 1845 1791
f 1792 1846 1847
f 1847 1846 1792
f 1793 1847 1848
f 1848 1847 1793
f 1795 1848 1850
f 1850 1848 1795
f 1812 1849 1865
f 1865 1849 1812
f 1812 1866 1813
f 1813 1866 1812
f 1813 1867 1814
f 1814 1867 1813
f 1814 1868 1815
f 1815 1868 1814
f 1869 1849 1816
f 1816 1849 1869
f 1870 1816 1817
f 1817 1816 1870
f 1871 1817 1818
f 1818 1817 1871
f 1872 1818 1819
f 1819 1818 1872
f 1873 1819 1820
f 1820 1819 1873
f 1821 1873 1820
f 1820 1873 1821
f 1822 1874 1821
f 1821 1874 1822
f 1822 1850 1875
f 1875 1850 1822
f 1876 1827 1823
f 1823 1827 1876
f 1877 1823 1824
f 1824 1823 1877
f 1878 1824 1825
f 1825 1824 1878
f 1879 1825 1826
f 1826 1825 1879
f 1868 1826 1815
f 1815 1826 1868
f 1880 1851 1827
f 1827 1851 1880
f 1828 1851 1881
f 1881 1851 1828
f 1829 1828 1882
f 1882 1828 1829
f 1830 1829 1883
f 1883 1829 1830
f 1830 1884 1831
f 1831 1884 1830
f 1797 1852 1843
f 1843 1852 1797
f 1831 1885 1852
f 1852 1885 1831
f 1863 1853 1801
f 1801 1853 1863
f 1832 1853 1886
f 1886 1853 1832
f 1854 1832 1886
f 1886 1832 1854
f 1833 1854 1887
f 1887 1854 1833
f 1855 1833 1887
f 1887 1833 1855
f 1888 1856 1804
f 1804 1856 1888
f 1856 1864 1809
f 1809 1864 1856
f 1889 1857 1834
f 1834 1857 1889
f 1857 1888 1804
f 1804 1888 1857
f 1890 1834 1835
f 1835 1834 1890
f 1891 1835 1858
f 1858 1835 1891
f 1836 1839 1892
f 1892 1839 1836
f 1836 1893 1858
f 1858 1893 1836
f 1838 1837 1894
f 1894 1837 1838
f 1839 1859 1895
f 1895 1859 1839
f 1806 1896 1859
f 1859 1896 1806
f 1894 1860 1838
f 1838 1860 1894
f 1806 1860 1897
f 1897 1860 1806
f 1898 1861 1840
f 1840 1861 1898
f 1861 1899 1808
f 1808 1899 1861
f 1900 1842 1841
f 1841 1842 1900
f 1862 1808 1899
f 1899 1808 1862
f 1901 1841 1862
f 1862 1841 1901
f 1902 1863 1842
f 1842 1863 1902
f 1864 1898 1840
f 1840 1898 1864
f 1837 1855 1894
f 1894 1855 1837
f 1810 1845 1844
f 1844 1845 1810
f 1843 1846 1845
f 1845 1846 1843
f 1852 1847 1846
f 1846 1847 1852
f 1885 1848 1847
f 1847 1848 1885
f 1903 1850 1848
f 1848 1850 1903
f 1904 1865 1849
f 1849 1865 1904
f 1866 1812 1865
f 1865 1812 1866
f 1867 1813 1866
f 1866 1813 1867
f 1868 1814 1867
f 1867 1814 1868
f 1849 1869 1904
f 1904 1869 1849
f 1816 1870 1869
f 1869 1870 1816
f 1817 1871 1870
f 1870 1871 1817
f 1818 1872 1871
f 1871 1872 1818
f 1819 1873 1872
f 1872 1873 1819
f 1873 1821 1874
f 1874 1821 1873
f 1874 1822 1905
f 1905 1822 1874
f 1906 1875 1850
f 1850 1875 1906
f 1907 1822 1875
f 1875 1822 1907
f 1827 1876 1880
f 1880 1876 1827
f 1823 1877 1876
f 1876 1877 1823
f 1824 1878 1877
f 1877 1878 1824
f 1825 1879 1878
f 1878 1879 1825
f 1826 1868 1879
f 1879 1868 1826
f 1851 1880 1908
f 1908 1880 1851
f 1908 1881 1851
f 1851 1881 1908
f 1881 1882 1828
f 1828 1882 1881
f 1882 1883 1829
f 1829 1883 1882
f 1884 1830 1883
f 1883 1830 1884
f 1885 1831 1884
f 1884 1831 1885
f 1846 1843 1852
f 1852 1843 1846
f 1847 1852 1885
f 1885 1852 1847
f 1853 1863 1909
f 1909 1863 1853
f 1886 1853 1910
f 1910 1853 1886
f 1886 1896 1854
f 1854 1896 1886
f 1887 1854 1911
f 1911 1854 1887
f 1911 1855 1887
f 1887 1855 1911
f 1888 1912 1856
f 1856 1912 1888
f 1864 1856 1912
f 1912 1856 1864
f 1857 1889 1913
f 1913 1889 1857
f 1834 1890 1889
f 1889 1890 1834
f 1888 1857 1914
f 1914 1857 1888
f 1835 1891 1890
f 1890 1891 1835
f 1858 1915 1891
f 1891 1915 1858
f 1892 1839 1895
f 1895 1839 1892
f 1893 1836 1892
f 1892 1836 1893
f 1915 1858 1893
f 1893 1858 1915
f 1916 1895 1859
f 1859 1895 1916
f 1897 1896 1806
f 1806 1896 1897
f 1859 1896 1917
f 1917 1896 1859
f 1860 1894 1918
f 1918 1894 1860
f 1918 1897 1860
f 1860 1897 1918
f 1861 1898 1919
f 1919 1898 1861
f 1919 1899 1861
f 1861 1899 1919
f 1842 1900 1902
f 1902 1900 1842
f 1841 1901 1900
f 1900 1901 1841
f 1899 1920 1862
f 1862 1920 1899
f 1862 1921 1901
f 1901 1921 1862
f 1863 1902 1922
f 1922 1902 1863
f 1923 1898 1864
f 1864 1898 1923
f 1894 1855 1924
f 1924 1855 1894
f 1848 1885 1903
f 1903 1885 1848
f 1850 1903 1906
f 1906 1903 1850
f 1865 1904 1925
f 1925 1904 1865
f 1925 1866 1865
f 1865 1866 1925
f 1926 1867 1866
f 1866 1867 1926
f 1927 1868 1867
f 1867 1868 1927
f 1928 1904 1869
f 1869 1904 1928
f 1929 1869 1870
f 1870 1869 1929
f 1930 1870 1871
f 1871 1870 1930
f 1931 1871 1872
f 1872 1871 1931
f 1932 1872 1873
f 1873 1872 1932
f 1874 1932 1873
f 1873 1932 1874
f 1822 1907 1905
f 1905 1907 1822
f 1905 1933 1874
f 1874 1933 1905
f 1875 1906 1934
f 1934 1906 1875
f 1875 1935 1907
f 1907 1935 1875
f 1936 1880 1876
f 1876 1880 1936
f 1937 1876 1877
f 1877 1876 1937
f 1878 1937 1877
f 1877 1937 1878
f 1879 1938 1878
f 1878 1938 1879
f 1868 1939 1879
f 1879 1939 1868
f 1940 1908 1880
f 1880 1908 1940
f 1881 1908 1941
f 1941 1908 1881
f 1882 1881 1942
f 1942 1881 1882
f 1883 1882 1943
f 1943 1882 1883
f 1883 1944 1884
f 1884 1944 1883
f 1884 1903 1885
f 1885 1903 1884
f 1922 1909 1863
f 1863 1909 1922
f 1909 1910 1853
f 1853 1910 1909
f 1886 1910 1945
f 1945 1910 1886
f 1896 1886 1945
f 1945 1886 1896
f 1946 1854 1896
f 1896 1854 1946
f 1911 1854 1946
f 1946 1854 1911
f 1855 1911 1924
f 1924 1911 1855
f 1888 1947 1912
f 1912 1947 1888
f 1912 1923 1864
f 1864 1923 1912
f 1948 1913 1889
f 1889 1913 1948
f 1913 1914 1857
f 1857 1914 1913
f 1949 1889 1890
f 1890 1889 1949
f 1914 1950 1888
f 1888 1950 1914
f 1951 1890 1891
f 1891 1890 1951
f 1952 1891 1915
f 1915 1891 1952
f 1892 1895 1953
f 1953 1895 1892
f 1892 1954 1893
f 1893 1954 1892
f 1893 1955 1915
f 1915 1955 1893
f 1895 1916 1953
f 1953 1916 1895
f 1859 1917 1916
f 1916 1917 1859
f 1946 1896 1897
f 1897 1896 1946
f 1945 1917 1896
f 1896 1917 1945
f 1894 1924 1918
f 1918 1924 1894
f 1897 1918 1956
f 1956 1918 1897
f 1957 1919 1898
f 1898 1919 1957
f 1958 1899 1919
f 1919 1899 1958
f 1959 1902 1900
f 1900 1902 1959
f 1960 1900 1901
f 1901 1900 1960
f 1920 1899 1961
f 1961 1899 1920
f 1921 1862 1920
f 1920 1862 1921
f 1962 1901 1921
f 1921 1901 1962
f 1963 1922 1902
f 1902 1922 1963
f 1898 1923 1957
f 1957 1923 1898
f 1944 1906 1903
f 1903 1906 1944
f 1964 1925 1904
f 1904 1925 1964
f 1866 1925 1926
f 1926 1925 1866
f 1867 1926 1927
f 1927 1926 1867
f 1868 1927 1965
f 1965 1927 1868
f 1904 1928 1964
f 1964 1928 1904
f 1869 1929 1928
f 1928 1929 1869
f 1870 1930 1929
f 1929 1930 1870
f 1871 1931 1930
f 1930 1931 1871
f 1872 1932 1931
f 1931 1932 1872
f 1932 1874 1933
f 1933 1874 1932
f 1966 1905 1907
f 1907 1905 1966
f 1933 1905 1967
f 1967 1905 1933
f 1968 1934 1906
f 1906 1934 1968
f 1935 1875 1934
f 1934 1875 1935
f 1969 1907 1935
f 1935 1907 1969
f 1880 1936 1940
f 1940 1936 1880
f 1876 1937 1936
f 1936 1937 1876
f 1937 1878 1938
f 1938 1878 1937
f 1938 1879 1939
f 1939 1879 1938
f 1939 1868 1965
f 1965 1868 1939
f 1908 1940 1970
f 1970 1940 1908
f 1970 1941 1908
f 1908 1941 1970
f 1941 1942 1881
f 1881 1942 1941
f 1942 1943 1882
f 1882 1943 1942
f 1944 1883 1943
f 1943 1883 1944
f 1903 1884 1944
f 1944 1884 1903
f 1909 1922 1971
f 1971 1922 1909
f 1910 1909 1972
f 1972 1909 1910
f 1945 1910 1973
f 1973 1910 1945
f 1946 1924 1911
f 1911 1924 1946
f 1950 1947 1888
f 1888 1947 1950
f 1923 1912 1947
f 1947 1912 1923
f 1913 1948 1974
f 1974 1948 1913
f 1889 1949 1948
f 1948 1949 1889
f 1914 1913 1975
f 1975 1913 1914
f 1890 1951 1949
f 1949 1951 1890
f 1950 1914 1976
f 1976 1914 1950
f 1891 1952 1951
f 1951 1952 1891
f 1915 1977 1952
f 1952 1977 1915
f 1892 1953 1978
f 1978 1953 1892
f 1954 1892 1978
f 1978 1892 1954
f 1955 1893 1954
f 1954 1893 1955
f 1977 1915 1955
f 1955 1915 1977
f 1979 1953 1916
f 1916 1953 1979
f 1916 1917 1980
f 1980 1917 1916
f 1956 1946 1897
f 1897 1946 1956
f 1917 1945 1973
f 1973 1945 1917
f 1918 1924 1981
f 1981 1924 1918
f 1918 1981 1956
f 1956 1981 1918
f 1919 1957 1958
f 1958 1957 1919
f 1958 1961 1899
f 1899 1961 1958
f 1902 1959 1963
f 1963 1959 1902
f 1900 1960 1959
f 1959 1960 1900
f 1901 1962 1960
f 1960 1962 1901
f 1961 1982 1920
f 1920 1982 1961
f 1920 1983 1921
f 1921 1983 1920
f 1921 1984 1962
f 1962 1984 1921
f 1922 1963 1985
f 1985 1963 1922
f 1923 1958 1957
f 1957 1958 1923
f 1906 1944 1968
f 1968 1944 1906
f 1925 1964 1986
f 1986 1964 1925
f 1986 1926 1925
f 1925 1926 1986
f 1987 1927 1926
f 1926 1927 1987
f 1988 1965 1927
f 1927 1965 1988
f 1963 1964 1928
f 1928 1964 1963
f 1985 1928 1929
f 1929 1928 1985
f 1989 1929 1930
f 1930 1929 1989
f 1990 1930 1931
f 1931 1930 1990
f 1991 1931 1932
f 1932 1931 1991
f 1933 1991 1932
f 1932 1991 1933
f 1905 1966 1967
f 1967 1966 1905
f 1907 1969 1966
f 1966 1969 1907
f 1967 1992 1933
f 1933 1992 1967
f 1934 1968 1993
f 1993 1968 1934
f 1934 1994 1935
f 1935 1994 1934
f 1935 1995 1969
f 1969 1995 1935
f 1996 1940 1936
f 1936 1940 1996
f 1997 1936 1937
f 1937 1936 1997
f 1938 1997 1937
f 1937 1997 1938
f 1939 1998 1938
f 1938 1998 1939
f 1965 1999 1939
f 1939 1999 1965
f 2000 1970 1940
f 1940 1970 2000
f 1941 1970 2001
f 2001 1970 1941
f 1942 1941 2002
f 2002 1941 1942
f 1943 1942 2003
f 2003 1942 1943
f 1943 1968 1944
f 1944 1968 1943
f 1985 1971 1922
f 1922 1971 1985
f 1971 1972 1909
f 1909 1972 1971
f 1972 2004 1910
f 1910 2004 1972
f 1973 1910 2004
f 2004 1910 1973
f 1924 1946 1981
f 1981 1946 1924
f 1947 1950 1958
f 1958 1950 1947
f 1958 1923 1947
f 1947 1923 1958
f 2005 1974 1948
f 1948 1974 2005
f 1974 1975 1913
f 1913 1975 1974
f 2006 1948 1949
f 1949 1948 2006
f 1975 1976 1914
f 1914 1976 1975
f 2007 1949 1951
f 1951 1949 2007
f 2008 1950 1976
f 1976 1950 2008
f 2009 1951 1952
f 1952 1951 2009
f 1995 1952 1977
f 1977 1952 1995
f 1978 1953 2010
f 2010 1953 1978
f 1978 2011 1954
f 1954 2011 1978
f 1954 2012 1955
f 1955 2012 1954
f 1955 2013 1977
f 1977 2013 1955
f 1953 1979 2010
f 2010 1979 1953
f 1916 1980 1979
f 1979 1980 1916
f 1973 1980 1917
f 1917 1980 1973
f 1946 1956 1981
f 1981 1956 1946
f 1950 1961 1958
f 1958 1961 1950
f 1964 1963 1959
f 1959 1963 1964
f 1986 1959 1960
f 1960 1959 1986
f 1987 1960 1962
f 1962 1960 1987
f 1982 1961 2014
f 2014 1961 1982
f 1983 1920 1982
f 1982 1920 1983
f 1984 1921 1983
f 1983 1921 1984
f 1988 1962 1984
f 1984 1962 1988
f 1928 1985 1963
f 1963 1985 1928
f 1959 1986 1964
f 1964 1986 1959
f 1926 1986 1987
f 1987 1986 1926
f 1927 1987 1988
f 1988 1987 1927
f 1965 1988 2015
f 2015 1988 1965
f 1929 1989 1985
f 1985 1989 1929
f 1930 1990 1989
f 1989 1990 1930
f 1931 1991 1990
f 1990 1991 1931
f 1991 1933 1992
f 1992 1933 1991
f 2016 1967 1966
f 1966 1967 2016
f 2013 1966 1969
f 1969 1966 2013
f 1992 1967 2017
f 2017 1967 1992
f 2003 1993 1968
f 1968 1993 2003
f 1994 1934 1993
f 1993 1934 1994
f 1995 1935 1994
f 1994 1935 1995
f 1977 1969 1995
f 1995 1969 1977
f 1940 1996 2000
f 2000 1996 1940
f 1936 1997 1996
f 1996 1997 1936
f 1997 1938 1998
f 1998 1938 1997
f 1998 1939 1999
f 1999 1939 1998
f 1999 1965 2015
f 2015 1965 1999
f 1970 2000 2005
f 2005 2000 1970
f 2005 2001 1970
f 1970 2001 2005
f 2001 2002 1941
f 1941 2002 2001
f 2002 2003 1942
f 1942 2003 2002
f 1968 1943 2003
f 2003 1943 1968
f 1971 1985 1989
f 1989 1985 1971
f 1972 1971 2018
f 2018 1971 1972
f 2004 1972 2019
f 2019 1972 2004
f 1973 2004 2020
f 2020 2004 1973
f 1974 2005 2000
f 2000 2005 1974
f 1948 2006 2005
f 2005 2006 1948
f 1975 1974 2021
f 2021 1974 1975
f 1949 2007 2006
f 2006 2007 1949
f 1976 1975 2022
f 2022 1975 1976
f 1951 2009 2007
f 2007 2009 1951
f 1950 2008 2023
f 2023 2008 1950
f 1976 2024 2008
f 2008 2024 1976
f 1952 1995 2009
f 2009 1995 1952
f 1978 2010 2004
f 2004 2010 1978
f 2011 1978 2025
f 2025 1978 2011
f 2012 1954 2011
f 2011 1954 2012
f 2013 1955 2012
f 2012 1955 2013
f 1969 1977 2013
f 2013 1977 1969
f 1979 2020 2010
f 2010 2020 1979
f 2020 1979 1980
f 1980 1979 2020
f 1980 1973 2020
f 2020 1973 1980
f 2023 1961 1950
f 1950 1961 2023
f 1960 1987 1986
f 1986 1987 1960
f 1962 1988 1987
f 1987 1988 1962
f 2023 2014 1961
f 1961 2014 2023
f 2014 2026 1982
f 1982 2026 2014
f 1982 2027 1983
f 1983 2027 1982
f 1983 2028 1984
f 1984 2028 1983
f 1984 2015 1988
f 1988 2015 1984
f 2018 1989 1990
f 1990 1989 2018
f 2029 1990 1991
f 1991 1990 2029
f 1992 2029 1991
f 1991 2029 1992
f 1967 2016 2017
f 2017 2016 1967
f 1966 2013 2016
f 2016 2013 1966
f 2017 2030 1992
f 1992 2030 2017
f 1993 2003 2031
f 2031 2003 1993
f 1993 2032 1994
f 1994 2032 1993
f 1994 2009 1995
f 1995 2009 1994
f 2021 2000 1996
f 1996 2000 2021
f 2033 1996 1997
f 1997 1996 2033
f 1998 2033 1997
f 1997 2033 1998
f 1999 2034 1998
f 1998 2034 1999
f 2015 2035 1999
f 1999 2035 2015
f 2001 2005 2006
f 2006 2005 2001
f 2002 2001 2036
f 2036 2001 2002
f 2003 2002 2031
f 2031 2002 2003
f 1989 2018 1971
f 1971 2018 1989
f 2018 2019 1972
f 1972 2019 2018
f 2037 2004 2019
f 2019 2004 2037
f 2020 2004 2010
f 2010 2004 2020
f 2000 2021 1974
f 1974 2021 2000
f 2021 2022 1975
f 1975 2022 2021
f 2036 2006 2007
f 2007 2006 2036
f 2024 1976 2022
f 2022 1976 2024
f 2032 2007 2009
f 2009 2007 2032
f 2038 2023 2008
f 2008 2023 2038
f 2039 2008 2024
f 2024 2008 2039
f 1978 2004 2040
f 2040 2004 1978
f 1978 2040 2025
f 2025 2040 1978
f 2025 2041 2011
f 2011 2041 2025
f 2011 2042 2012
f 2012 2042 2011
f 2012 2016 2013
f 2013 2016 2012
f 2043 2014 2023
f 2023 2014 2043
f 2026 2014 2044
f 2044 2014 2026
f 2027 1982 2026
f 2026 1982 2027
f 2028 1983 2027
f 2027 1983 2028
f 2015 1984 2028
f 2028 1984 2015
f 1990 2029 2018
f 2018 2029 1990
f 2029 1992 2030
f 2030 1992 2029
f 2042 2017 2016
f 2016 2017 2042
f 2030 2017 2045
f 2045 2017 2030
f 2032 1993 2031
f 2031 1993 2032
f 2009 1994 2032
f 2032 1994 2009
f 1996 2033 2021
f 2021 2033 1996
f 2033 1998 2034
f 2034 1998 2033
f 2034 1999 2035
f 2035 1999 2034
f 2035 2015 2028
f 2028 2015 2035
f 2006 2036 2001
f 2001 2036 2006
f 2036 2031 2002
f 2002 2031 2036
f 2019 2018 2029
f 2029 2018 2019
f 2004 2037 2040
f 2040 2037 2004
f 2019 2030 2037
f 2037 2030 2019
f 2022 2021 2033
f 2033 2021 2022
f 2007 2032 2036
f 2036 2032 2007
f 2022 2034 2024
f 2024 2034 2022
f 2023 2038 2043
f 2043 2038 2023
f 2008 2039 2038
f 2038 2039 2008
f 2024 2035 2039
f 2039 2035 2024
f 2025 2040 2046
f 2046 2040 2025
f 2041 2025 2047
f 2047 2025 2041
f 2042 2011 2041
f 2041 2011 2042
f 2016 2012 2042
f 2042 2012 2016
f 2014 2043 2044
f 2044 2043 2014
f 2043 2026 2044
f 2044 2026 2043
f 2038 2027 2026
f 2026 2027 2038
f 2039 2028 2027
f 2027 2028 2039
f 2030 2019 2029
f 2029 2019 2030
f 2017 2042 2045
f 2045 2042 2017
f 2045 2037 2030
f 2030 2037 2045
f 2031 2036 2032
f 2032 2036 2031
f 2034 2022 2033
f 2033 2022 2034
f 2035 2024 2034
f 2034 2024 2035
f 2028 2039 2035
f 2035 2039 2028
f 2048 2040 2037
f 2037 2040 2048
f 2026 2043 2038
f 2038 2043 2026
f 2027 2038 2039
f 2039 2038 2027
f 2040 2048 2046
f 2046 2048 2040
f 2025 2046 2047
f 2047 2046 2025
f 2047 2048 2041
f 2041 2048 2047
f 2041 2045 2042
f 2042 2045 2041
f 2037 2045 2048
f 2048 2045 2037
f 2048 2047 2046
f 2046 2047 2048
f 2045 2041 2048
f 2048 2041 2045
f 2049 2050 2051
f 2050 2049 2052
f 2051 2054 2049
f 2055 2052 2049
f 2052 2056 2050
f 2054 2051 2058
f 2059 2049 2054
f 2060 2052 2055
f 2055 2049 2061
f 2056 2052 2062
f 2057 2063 2053
f 2058 2065 2054
f 2061 2049 2059
f 2059 2054 2066
f 2067 2052 2060
f 2070 2062 2052
f 2062 2071 2056
f 2057 2072 2063
f 2053 2063 2073
f 2065 2058 2064
f 2054 2065 2075
f 2066 2054 2077
f 2079 2052 2067
f 2062 2070 2081
f 2070 2052 2079
f 2071 2062 2082
f 2057 2084 2072
f 2085 2063 2072
f 2086 2073 2063
f 2087 2053 2073
f 2089 2064 2074
f 2064 2089 2065
f 2065 2090 2075
f 2077 2054 2075
f 2081 2070 2093
f 2081 2094 2062
f 2082 2062 2094
f 2094 2071 2082
f 2071 2097 2083
f 2057 2098 2084
f 2099 2072 2084
f 2100 2063 2085
f 2072 2099 2085
f 2101 2073 2086
f 2063 2100 2086
f 2053 2087 2102
f 2073 2103 2087
f 2088 2089 2074
f 2065 2089 2090
f 2065 2105 2089
f 2106 2075 2090
f 2077 2075 2107
f 2111 2094 2081
f 2082 2094 2112
f 2071 2094 2097
f 2096 2083 2114
f 2083 2097 2112
f 2057 2115 2098
f 2098 2099 2084
f 2117 2073 2101
f 2086 2118 2101
f 2118 2086 2100
f 2102 2087 2119
f 2120 2053 2102
f 2103 2073 2121
f 2122 2087 2103
f 2053 2120 2104
f 2124 2089 2088
f 2089 2124 2090
f 2105 2065 2126
f 2089 2105 2123
f 2106 2127 2075
f 2106 2090 2124
f 2107 2075 2128
f 2111 2097 2094
f 2111 2081 2131
f 2112 2094 2132
f 2133 2082 2112
f 2113 2111 2057
f 2083 2135 2114
f 2135 2096 2114
f 2135 2112 2097
f 2097 2112 2132
f 2112 2097 2114
f 2112 2135 2083
f 2136 2115 2057
f 2115 2137 2098
f 2098 2138 2099
f 2073 2117 2140
f 2141 2117 2101
f 2101 2118 2141
f 2087 2142 2119
f 2102 2119 2143
f 2143 2120 2102
f 2121 2073 2144
f 2145 2103 2121
f 2146 2087 2122
f 2103 2145 2122
f 2124 2088 2123
f 2123 2105 2149
f 2106 2150 2127
f 2128 2075 2127
f 2106 2124 2148
f 2151 2097 2111
f 2111 2131 2152
f 2153 2132 2094
f 2082 2133 2154
f 2133 2112 2155
f 2096 2156 2134
f 2157 2111 2113
f 2057 2111 2136
f 2135 2114 2158
f 2114 2135 2156
f 2096 2135 2159
f 2151 2135 2097
f 2132 2114 2097
f 2155 2112 2114
f 2160 2115 2136
f 2115 2161 2137
f 2138 2098 2137
f 2139 2163 2116
f 2164 2140 2117
f 2144 2073 2140
f 2117 2141 2164
f 2165 2141 2118
f 2142 2087 2166
f 2167 2119 2142
f 2143 2119 2168
f 2120 2143 2169
f 2170 2121 2144
f 2121 2170 2145
f 2166 2087 2146
f 2171 2146 2122
f 2122 2145 2171
f 2149 2105 2174
f 2106 2175 2150
f 2106 2148 2178
f 2111 2157 2151
f 2111 2152 2180
f 2132 2181 2153
f 2182 2132 2153
f 2183 2133 2154
f 2154 2133 2183
f 2155 2154 2133
f 2133 2154 2155
f 2184 2155 2133
f 2133 2155 2184
f 2096 2159 2156
f 2185 2136 2111
f 2158 2114 2132
f 2158 2186 2135
f 2156 2135 2186
f 2155 2114 2156
f 2135 2151 2159
f 2160 2187 2115
f 2161 2115 2189
f 2161 2190 2137
f 2137 2190 2138
f 2116 2192 2162
f 2165 2118 2162
f 2163 2139 2193
f 2192 2116 2163
f 2140 2164 2144
f 2164 2141 2194
f 2141 2165 2194
f 2195 2142 2166
f 2196 2119 2167
f 2142 2195 2167
f 2119 2197 2168
f 2198 2143 2168
f 2143 2198 2169
f 2144 2164 2170
f 2145 2170 2199
f 2200 2166 2146
f 2146 2171 2200
f 2201 2171 2145
f 2147 2178 2148
f 2172 2202 2147
f 2174 2105 2203
f 2106 2205 2175
f 2178 2207 2106
f 2151 2157 2186
f 2151 2208 2157
f 2111 2180 2106
f 2181 2132 2210
f 2181 2211 2153
f 2212 2132 2182
f 2182 2153 2213
f 2133 2183 2184
f 2184 2183 2133
f 2154 2214 2183
f 2183 2214 2154
f 2154 2155 2215
f 2215 2155 2154
f 2155 2184 2216
f 2216 2184 2155
f 2159 2156 2186
f 2156 2159 2157
f 2185 2217 2136
f 2218 2185 2111
f 2158 2210 2132
f 2212 2158 2132
f 2186 2219 2158
f 2158 2208 2186
f 2157 2155 2156
f 2220 2187 2160
f 2187 2189 2115
f 2189 2223 2161
f 2190 2161 2223
f 2225 2139 2191
f 2165 2162 2192
f 2139 2225 2193
f 2226 2163 2193
f 2227 2192 2163
f 2165 2164 2194
f 2166 2200 2195
f 2228 2119 2196
f 2167 2229 2196
f 2167 2195 2230
f 2197 2119 2228
f 2231 2168 2197
f 2198 2168 2231
f 2165 2170 2164
f 2170 2201 2199
f 2201 2145 2199
f 2201 2200 2171
f 2178 2147 2202
f 2202 2172 2233
f 2125 2234 2173
f 2235 2125 2173
f 2203 2105 2236
f 2203 2237 2174
f 2173 2239 2204
f 2240 2173 2204
f 2106 2241 2205
f 2243 2207 2178
f 2207 2111 2106
f 2186 2157 2159
f 2151 2186 2208
f 2244 2157 2208
f 2106 2180 2245
f 2211 2181 2247
f 2211 2213 2153
f 2182 2248 2212
f 2182 2216 2212
f 2182 2213 2249
f 2183 2214 2184
f 2184 2214 2183
f 2154 2250 2214
f 2214 2250 2154
f 2250 2154 2215
f 2215 2154 2250
f 2216 2184 2246
f 2246 2184 2216
f 2155 2244 2216
f 2185 2251 2217
f 2253 2185 2218
f 2218 2111 2254
f 2210 2158 2219
f 2208 2158 2212
f 2219 2186 2255
f 2208 2255 2186
f 2244 2155 2157
f 2220 2256 2187
f 2257 2220 2160
f 2187 2258 2189
f 2258 2223 2189
f 2223 2263 2190
f 2190 2263 2224
f 2264 2191 2224
f 2191 2264 2225
f 2265 2165 2192
f 2266 2193 2225
f 2163 2226 2227
f 2193 2266 2226
f 2192 2227 2265
f 2195 2200 2267
f 2196 2268 2228
f 2229 2167 2230
f 2268 2196 2229
f 2269 2230 2195
f 2270 2197 2228
f 2197 2271 2231
f 2231 2232 2198
f 2272 2172 2232
f 2201 2170 2165
f 2269 2200 2201
f 2273 2178 2202
f 2172 2272 2233
f 2233 2274 2202
f 2234 2125 2275
f 2239 2173 2234
f 2276 2125 2235
f 2235 2173 2240
f 2277 2105 2236
f 2236 2105 2277
f 2278 2236 2105
f 2105 2236 2278
f 2279 2236 2203
f 2203 2236 2279
f 2278 2203 2236
f 2236 2203 2278
f 2237 2203 2280
f 2204 2281 2238
f 2282 2204 2238
f 2281 2204 2239
f 2240 2204 2282
f 2106 2283 2241
f 2243 2286 2207
f 2178 2287 2243
f 2286 2111 2207
f 2212 2244 2208
f 2106 2245 2289
f 2247 2291 2211
f 2213 2211 2292
f 2248 2182 2246
f 2293 2212 2248
f 2244 2212 2216
f 2246 2216 2182
f 2249 2213 2294
f 2184 2214 2296
f 2296 2214 2184
f 2246 2184 2182
f 2182 2184 2246
f 2185 2298 2251
f 2301 2185 2253
f 2303 2253 2218
f 2254 2111 2304
f 2306 2218 2254
f 2212 2293 2208
f 2255 2208 2293
f 2307 2256 2220
f 2256 2308 2187
f 2220 2257 2309
f 2258 2187 2311
f 2258 2319 2223
f 2263 2223 2319
f 2224 2263 2264
f 2320 2225 2264
f 2165 2265 2321
f 2225 2320 2266
f 2226 2322 2227
f 2226 2323 2227
f 2266 2326 2226
f 2266 2327 2226
f 2322 2265 2227
f 2227 2328 2265
f 2200 2269 2267
f 2269 2195 2267
f 2270 2228 2268
f 2269 2229 2230
f 2269 2268 2229
f 2271 2197 2270
f 2232 2231 2271
f 2272 2232 2271
f 2165 2330 2201
f 2201 2331 2269
f 2287 2178 2273
f 2273 2202 2274
f 2332 2233 2272
f 2274 2233 2333
f 2125 2334 2275
f 2337 2125 2276
f 2105 2277 2341
f 2341 2277 2105
f 2236 2279 2277
f 2277 2279 2236
f 2278 2105 2342
f 2342 2105 2278
f 2203 2240 2279
f 2279 2240 2203
f 2343 2203 2278
f 2278 2203 2343
f 2240 2203 2280
f 2280 2203 2240
f 2336 2238 2281
f 2238 2336 2282
f 2106 2344 2283
f 2346 2286 2243
f 2243 2348 2287
f 2304 2111 2286
f 2106 2289 2344
f 2291 2247 2350
f 2292 2211 2291
f 2249 2294 2351
f 2296 2214 2353
f 2353 2214 2296
f 2182 2184 2296
f 2296 2184 2182
f 2298 2185 2354
f 2185 2301 2355
f 2357 2301 2253
f 2357 2253 2303
f 2303 2218 2306
f 2358 2254 2304
f 2306 2254 2360
f 2307 2361 2256
f 2309 2307 2220
f 2308 2256 2362
f 2187 2308 2363
f 2187 2367 2311
f 2311 2368 2258
f 2319 2258 2368
f 2368 2263 2319
f 2378 2264 2263
f 2264 2378 2320
f 2379 2321 2265
f 2265 2348 2321
f 2330 2165 2321
f 2320 2382 2266
f 2383 2266 2320
f 2322 2226 2327
f 2226 2326 2323
f 2227 2323 2328
f 2266 2382 2326
f 2327 2266 2384
f 2265 2322 2379
f 2265 2328 2348
f 2268 2272 2270
f 2272 2268 2269
f 2272 2271 2270
f 2331 2201 2330
f 2332 2269 2331
f 2330 2287 2273
f 2274 2385 2273
f 2330 2273 2274
f 2233 2332 2333
f 2269 2332 2272
f 2331 2274 2333
f 2333 2388 2274
f 2334 2125 2389
f 2337 2389 2125
f 2391 2337 2276
f 2277 2392 2341
f 2341 2392 2277
f 2341 2342 2105
f 2105 2342 2341
f 2392 2277 2279
f 2279 2277 2392
f 2393 2278 2342
f 2342 2278 2393
f 2203 2343 2394
f 2394 2343 2203
f 2346 2304 2286
f 2348 2243 2346
f 2398 2348 2287
f 2321 2348 2287
f 2349 2401 2290
f 2350 2402 2291
f 2292 2291 2403
f 2351 2294 2404
f 2406 2354 2185
f 2301 2411 2355
f 2413 2185 2355
f 2411 2301 2357
f 2414 2303 2357
f 2326 2303 2306
f 2360 2254 2358
f 2358 2304 2346
f 2361 2307 2415
f 2361 2416 2256
f 2307 2309 2417
f 2256 2418 2362
f 2362 2419 2308
f 2308 2420 2363
f 2187 2363 2367
f 2367 2368 2311
f 2431 2263 2368
f 2432 2378 2263
f 2433 2320 2378
f 2378 2414 2320
f 2321 2379 2435
f 2435 2330 2321
f 2321 2287 2330
f 2320 2414 2382
f 2266 2383 2384
f 2320 2433 2383
f 2437 2322 2327
f 2323 2438 2326
f 2358 2323 2328
f 2439 2323 2328
f 2326 2443 2382
f 2303 2326 2382
f 2444 2327 2384
f 2445 2379 2322
f 2346 2328 2348
f 2446 2328 2348
f 2448 2331 2330
f 2330 2274 2331
f 2451 2332 2331
f 2331 2333 2332
f 2385 2274 2388
f 2332 2453 2333
f 2388 2333 2453
f 2389 2454 2334
f 2337 2456 2389
f 2391 2457 2337
f 2341 2392 2393
f 2393 2392 2341
f 2342 2341 2393
f 2393 2341 2342
f 2278 2393 2460
f 2460 2393 2278
f 2348 2398 2446
f 2290 2461 2400
f 2292 2401 2349
f 2290 2401 2213
f 2402 2350 2463
f 2403 2291 2402
f 2349 2403 2292
f 2292 2403 2464
f 2351 2404 2465
f 2354 2406 2407
f 2406 2185 2468
f 2421 2355 2411
f 2473 2185 2413
f 2413 2355 2474
f 2475 2357 2411
f 2303 2414 2382
f 2357 2475 2414
f 2323 2358 2360
f 2328 2346 2358
f 2307 2476 2415
f 2415 2477 2361
f 2416 2361 2478
f 2256 2416 2479
f 2476 2307 2417
f 2256 2479 2418
f 2418 2419 2362
f 2480 2308 2419
f 2308 2480 2420
f 2431 2363 2420
f 2363 2431 2367
f 2421 2481 2364
f 2364 2482 2422
f 2368 2367 2431
f 2420 2263 2431
f 2378 2432 2487
f 2263 2480 2432
f 2487 2433 2378
f 2378 2475 2414
f 2489 2435 2379
f 2330 2435 2448
f 2382 2492 2414
f 2493 2384 2383
f 2494 2383 2433
f 2322 2437 2445
f 2327 2444 2437
f 2438 2323 2495
f 2443 2326 2438
f 2323 2439 2495
f 2328 2446 2439
f 2492 2382 2443
f 2384 2493 2444
f 2379 2445 2489
f 2331 2448 2451
f 2332 2451 2496
f 2388 2497 2385
f 2453 2332 2496
f 2453 2501 2388
f 2454 2389 2502
f 2390 2403 2455
f 2403 2456 2337
f 2502 2389 2456
f 2391 2503 2457
f 2393 2392 2460
f 2460 2392 2393
f 2505 2446 2398
f 2213 2461 2290
f 2400 2461 2294
f 2294 2462 2400
f 2401 2292 2506
f 2461 2213 2401
f 2403 2349 2455
f 2463 2502 2402
f 2403 2402 2502
f 2403 2390 2464
f 2292 2464 2506
f 2465 2404 2503
f 2468 2185 2507
f 2509 2355 2421
f 2481 2421 2411
f 2507 2185 2473
f 2474 2355 2512
f 2474 2511 2413
f 2513 2411 2475
f 2492 2475 2414
f 2415 2476 2514
f 2477 2415 2514
f 2361 2477 2515
f 2361 2516 2478
f 2416 2517 2479
f 2479 2519 2418
f 2419 2418 2519
f 2419 2432 2480
f 2480 2263 2420
f 2482 2364 2481
f 2521 2422 2482
f 2527 2487 2432
f 2487 2513 2378
f 2433 2487 2529
f 2378 2513 2475
f 2435 2489 2531
f 2531 2448 2435
f 2383 2494 2493
f 2529 2494 2433
f 2533 2445 2437
f 2534 2437 2444
f 2535 2438 2495
f 2536 2443 2438
f 2537 2495 2439
f 2538 2439 2446
f 2539 2492 2443
f 2540 2444 2493
f 2541 2489 2445
f 2542 2451 2448
f 2543 2496 2451
f 2497 2388 2501
f 2496 2545 2453
f 2501 2453 2545
f 2502 2463 2454
f 2403 2502 2456
f 2504 2503 2391
f 2460 2392 2548
f 2548 2392 2460
f 2446 2505 2538
f 2503 2294 2461
f 2462 2294 2503
f 2506 2461 2401
f 2464 2390 2549
f 2550 2506 2464
f 2465 2503 2504
f 2468 2507 2551
f 2512 2355 2509
f 2411 2513 2481
f 2555 2474 2512
f 2511 2474 2556
f 2475 2557 2513
f 2475 2492 2557
f 2476 2559 2514
f 2514 2560 2477
f 2477 2561 2515
f 2361 2515 2516
f 2516 2562 2478
f 2416 2563 2517
f 2519 2479 2517
f 2422 2521 2518
f 2559 2476 2518
f 2519 2432 2419
f 2481 2564 2482
f 2564 2521 2482
f 2487 2527 2569
f 2432 2563 2527
f 2487 2564 2513
f 2569 2529 2487
f 2573 2531 2489
f 2448 2531 2542
f 2574 2493 2494
f 2494 2529 2575
f 2445 2533 2541
f 2437 2534 2533
f 2444 2540 2534
f 2438 2535 2536
f 2495 2537 2535
f 2443 2536 2539
f 2439 2538 2537
f 2492 2539 2576
f 2493 2574 2540
f 2489 2541 2573
f 2451 2542 2543
f 2496 2543 2577
f 2501 2578 2497
f 2545 2496 2577
f 2545 2579 2501
f 2549 2390 2337
f 2580 2538 2505
f 2503 2461 2550
f 2461 2506 2550
f 2550 2464 2549
f 2507 2581 2551
f 2564 2481 2513
f 2583 2554 2511
f 2555 2584 2474
f 2586 2511 2556
f 2513 2557 2587
f 2576 2557 2492
f 2514 2559 2560
f 2561 2477 2560
f 2589 2515 2561
f 2515 2589 2516
f 2562 2516 2589
f 2478 2562 2416
f 2563 2416 2562
f 2563 2432 2517
f 2517 2432 2519
f 2518 2521 2559
f 2521 2564 2590
f 2521 2569 2527
f 2569 2564 2487
f 2562 2527 2563
f 2587 2564 2513
f 2529 2569 2595
f 2531 2573 2596
f 2596 2542 2531
f 2575 2574 2494
f 2595 2575 2529
f 2597 2541 2533
f 2598 2533 2534
f 2599 2534 2540
f 2600 2536 2535
f 2601 2535 2537
f 2602 2539 2536
f 2603 2537 2538
f 2604 2576 2539
f 2605 2540 2574
f 2606 2573 2541
f 2607 2543 2542
f 2608 2577 2543
f 2578 2501 2579
f 2577 2609 2545
f 2579 2545 2609
f 2538 2580 2603
f 2581 2507 2610
f 2554 2583 2553
f 2583 2511 2586
f 2612 2584 2555
f 2557 2613 2587
f 2557 2576 2613
f 2521 2560 2559
f 2560 2527 2561
f 2561 2527 2589
f 2589 2527 2562
f 2615 2590 2564
f 2564 2569 2590
f 2569 2521 2590
f 2560 2521 2527
f 2564 2587 2615
f 2569 2619 2595
f 2620 2596 2573
f 2542 2596 2607
f 2574 2575 2621
f 2575 2595 2622
f 2541 2597 2606
f 2533 2598 2597
f 2534 2599 2598
f 2540 2605 2599
f 2536 2600 2602
f 2535 2601 2600
f 2537 2603 2601
f 2539 2602 2604
f 2576 2604 2623
f 2621 2605 2574
f 2573 2606 2620
f 2543 2607 2608
f 2577 2608 2624
f 2579 2625 2578
f 2609 2577 2624
f 2609 2626 2579
f 2627 2603 2580
f 2581 2610 2628
f 2629 2584 2612
f 2587 2613 2631
f 2623 2613 2576
f 2590 2615 2619
f 2619 2569 2590
f 2631 2615 2587
f 2637 2595 2619
f 2596 2620 2638
f 2638 2607 2596
f 2622 2621 2575
f 2595 2637 2622
f 2639 2606 2597
f 2640 2597 2598
f 2641 2598 2599
f 2642 2599 2605
f 2643 2602 2600
f 2644 2600 2601
f 2645 2601 2603
f 2646 2604 2602
f 2647 2623 2604
f 2605 2621 2648
f 2649 2620 2606
f 2650 2608 2607
f 2651 2624 2608
f 2625 2579 2626
f 2624 2652 2609
f 2626 2609 2652
f 2603 2627 2645
f 2628 2610 2584
f 2628 2584 2629
f 2613 2653 2631
f 2613 2623 2653
f 2654 2619 2615
f 2615 2631 2654
f 2619 2654 2637
f 2620 2660 2638
f 2607 2638 2650
f 2621 2622 2661
f 2662 2622 2637
f 2606 2639 2649
f 2597 2640 2639
f 2598 2641 2640
f 2599 2642 2641
f 2605 2663 2642
f 2602 2643 2646
f 2600 2644 2643
f 2601 2645 2644
f 2604 2646 2647
f 2623 2647 2664
f 2661 2648 2621
f 2663 2605 2648
f 2620 2649 2665
f 2608 2650 2651
f 2624 2651 2666
f 2667 2625 2626
f 2652 2624 2666
f 2652 2667 2626
f 2668 2645 2627
f 2631 2653 2669
f 2664 2653 2623
f 2669 2654 2631
f 2673 2637 2654
f 2660 2620 2665
f 2674 2638 2660
f 2638 2674 2650
f 2622 2662 2661
f 2637 2673 2662
f 2675 2649 2639
f 2676 2639 2640
f 2677 2640 2641
f 2678 2641 2642
f 2679 2642 2663
f 2680 2646 2643
f 2681 2643 2644
f 2682 2644 2645
f 2683 2647 2646
f 2647 2684 2664
f 2648 2661 2685
f 2685 2663 2648
f 2649 2686 2665
f 2674 2651 2650
f 2687 2666 2651
f 2625 2667 2688
f 2666 2689 2652
f 2667 2652 2689
f 2645 2668 2682
f 2653 2690 2669
f 2653 2664 2690
f 2654 2669 2673
f 2665 2694 2660
f 2660 2695 2674
f 2696 2661 2662
f 2697 2662 2673
f 2649 2675 2698
f 2639 2676 2675
f 2640 2677 2676
f 2641 2678 2677
f 2642 2679 2678
f 2663 2699 2679
f 2646 2680 2683
f 2643 2681 2680
f 2644 2682 2681
f 2647 2683 2700
f 2684 2647 2700
f 2701 2664 2684
f 2661 2696 2685
f 2663 2685 2702
f 2686 2649 2698
f 2694 2665 2686
f 2651 2674 2687
f 2666 2687 2703
f 2704 2688 2667
f 2689 2666 2703
f 2705 2667 2689
f 2706 2682 2668
f 2669 2690 2708
f 2701 2690 2664
f 2708 2673 2669
f 2695 2660 2694
f 2710 2674 2695
f 2662 2697 2696
f 2673 2708 2697
f 2711 2698 2675
f 2712 2675 2676
f 2713 2676 2677
f 2714 2677 2678
f 2715 2678 2679
f 2699 2663 2702
f 2716 2679 2699
f 2680 2717 2683
f 2718 2680 2681
f 2719 2681 2682
f 2683 2720 2700
f 2700 2721 2684
f 2722 2701 2684
f 2723 2685 2696
f 2685 2723 2702
f 2698 2724 2686
f 2686 2725 2694
f 2674 2710 2687
f 2687 2726 2703
f 2688 2704 2727
f 2667 2705 2704
f 2726 2689 2703
f 2689 2726 2705
f 2682 2706 2719
f 2690 2728 2708
f 2728 2690 2701
f 2694 2729 2695
f 2695 2730 2710
f 2731 2696 2697
f 2728 2697 2708
f 2698 2711 2732
f 2675 2712 2711
f 2676 2713 2712
f 2677 2714 2713
f 2678 2715 2714
f 2679 2716 2715
f 2702 2733 2699
f 2699 2734 2716
f 2717 2680 2735
f 2720 2683 2717
f 2680 2718 2735
f 2681 2719 2718
f 2721 2700 2720
f 2722 2684 2721
f 2736 2701 2722
f 2696 2731 2723
f 2733 2702 2723
f 2724 2698 2732
f 2725 2686 2724
f 2729 2694 2725
f 2726 2687 2710
f 2737 2727 2704
f 2738 2704 2705
f 2739 2705 2726
f 2740 2719 2706
f 2701 2736 2728
f 2730 2695 2729
f 2739 2710 2730
f 2697 2728 2731
f 2741 2732 2711
f 2742 2711 2712
f 2743 2712 2713
f 2744 2713 2714
f 2745 2714 2715
f 2746 2715 2716
f 2734 2699 2733
f 2747 2716 2734
f 2735 2748 2717
f 2717 2749 2720
f 2750 2735 2718
f 2751 2718 2719
f 2720 2752 2721
f 2753 2722 2721
f 2722 2754 2736
f 2731 2733 2723
f 2732 2755 2724
f 2724 2756 2725
f 2725 2757 2729
f 2710 2739 2726
f 2727 2737 2758
f 2704 2738 2737
f 2705 2739 2738
f 2719 2740 2751
f 2759 2728 2736
f 2729 2760 2730
f 2730 2761 2739
f 2728 2759 2731
f 2732 2741 2762
f 2711 2742 2741
f 2712 2743 2742
f 2713 2744 2743
f 2714 2745 2744
f 2715 2746 2745
f 2716 2747 2746
f 2759 2734 2733
f 2763 2747 2734
f 2748 2735 2764
f 2749 2717 2748
f 2752 2720 2749
f 2735 2750 2764
f 2718 2751 2750
f 2753 2721 2752
f 2754 2722 2753
f 2763 2736 2754
f 2733 2731 2759
f 2755 2732 2762
f 2756 2724 2755
f 2757 2725 2756
f 2760 2729 2757
f 2765 2758 2737
f 2766 2737 2738
f 2761 2738 2739
f 2767 2751 2740
f 2736 2763 2759
f 2761 2730 2760
f 2768 2762 2741
f 2769 2741 2742
f 2770 2742 2743
f 2771 2743 2744
f 2772 2744 2745
f 2773 2745 2746
f 2774 2746 2747
f 2734 2759 2763
f 2747 2763 2775
f 2764 2776 2748
f 2748 2777 2749
f 2749 2778 2752
f 2779 2764 2750
f 2780 2750 2751
f 2781 2753 2752
f 2753 2782 2754
f 2754 2775 2763
f 2762 2783 2755
f 2755 2784 2756
f 2756 2785 2757
f 2757 2786 2760
f 2758 2765 2787
f 2737 2766 2765
f 2738 2761 2766
f 2751 2767 2780
f 2760 2788 2761
f 2762 2768 2789
f 2741 2769 2768
f 2742 2770 2769
f 2743 2771 2770
f 2744 2772 2771
f 2745 2773 2772
f 2746 2774 2773
f 2775 2774 2747
f 2776 2764 2790
f 2777 2748 2776
f 2778 2749 2777
f 2781 2752 2778
f 2764 2779 2790
f 2750 2780 2779
f 2782 2753 2781
f 2775 2754 2782
f 2783 2762 2789
f 2784 2755 2783
f 2785 2756 2784
f 2786 2757 2785
f 2788 2760 2786
f 2791 2787 2765
f 2792 2765 2766
f 2788 2766 2761
f 2793 2780 2767
f 2794 2789 2768
f 2795 2768 2769
f 2796 2769 2770
f 2797 2770 2771
f 2798 2771 2772
f 2799 2772 2773
f 2800 2773 2774
f 2774 2775 2801
f 2790 2802 2776
f 2776 2803 2777
f 2777 2804 2778
f 2805 2781 2778
f 2806 2790 2779
f 2807 2779 2780
f 2781 2808 2782
f 2782 2801 2775
f 2789 2809 2783
f 2783 2810 2784
f 2784 2811 2785
f 2785 2812 2786
f 2786 2813 2788
f 2787 2791 2814
f 2765 2792 2791
f 2766 2788 2792
f 2780 2793 2807
f 2789 2794 2815
f 2768 2795 2794
f 2769 2796 2795
f 2770 2797 2796
f 2771 2798 2797
f 2772 2799 2798
f 2773 2800 2799
f 2801 2800 2774
f 2802 2790 2816
f 2803 2776 2802
f 2804 2777 2803
f 2805 2778 2804
f 2808 2781 2805
f 2790 2806 2816
f 2779 2807 2806
f 2801 2782 2808
f 2809 2789 2815
f 2810 2783 2809
f 2811 2784 2810
f 2812 2785 2811
f 2813 2786 2812
f 2813 2792 2788
f 2817 2814 2791
f 2818 2791 2792
f 2819 2807 2793
f 2820 2815 2794
f 2821 2794 2795
f 2822 2795 2796
f 2823 2796 2797
f 2824 2797 2798
f 2825 2798 2799
f 2826 2799 2800
f 2800 2801 2827
f 2816 2828 2802
f 2802 2829 2803
f 2803 2830 2804
f 2831 2805 2804
f 2805 2832 2808
f 2833 2816 2806
f 2834 2806 2807
f 2808 2827 2801
f 2815 2835 2809
f 2809 2836 2810
f 2810 2837 2811
f 2811 2838 2812
f 2812 2839 2813
f 2792 2813 2818
f 2814 2817 2840
f 2791 2818 2817
f 2807 2819 2834
f 2815 2820 2841
f 2794 2821 2820
f 2795 2822 2821
f 2796 2823 2822
f 2797 2824 2823
f 2798 2825 2824
f 2799 2826 2825
f 2827 2826 2800
f 2828 2816 2842
f 2829 2802 2828
f 2830 2803 2829
f 2831 2804 2830
f 2832 2805 2831
f 2827 2808 2832
f 2816 2833 2842
f 2806 2834 2833
f 2835 2815 2841
f 2836 2809 2835
f 2837 2810 2836
f 2838 2811 2837
f 2839 2812 2838
f 2839 2818 2813
f 2843 2840 2817
f 2844 2817 2818
f 2845 2834 2819
f 2820 2846 2841
f 2821 2847 2820
f 2822 2848 2821
f 2823 2849 2822
f 2824 2850 2823
f 2825 2851 2824
f 2851 2825 2826
f 2826 2827 2851
f 2842 2847 2828
f 2828 2848 2829
f 2829 2849 2830
f 2852 2831 2830
f 2831 2850 2832
f 2832 2851 2827
f 2853 2842 2833
f 2854 2833 2834
f 2841 2853 2835
f 2835 2854 2836
f 2836 2845 2837
f 2837 2843 2838
f 2838 2844 2839
f 2818 2839 2844
f 2840 2843 2855
f 2817 2844 2843
f 2834 2845 2854
f 2820 2847 2846
f 2841 2846 2853
f 2821 2848 2847
f 2822 2849 2848
f 2823 2852 2849
f 2824 2851 2850
f 2823 2850 2852
f 2847 2842 2846
f 2848 2828 2847
f 2849 2829 2848
f 2852 2830 2849
f 2850 2831 2852
f 2851 2832 2850
f 2842 2853 2846
f 2833 2854 2853
f 2835 2853 2854
f 2836 2854 2845
f 2837 2845 2855
f 2837 2855 2843
f 2838 2843 2844
f 2051 2050 2049
f 2052 2049 2050
f 2050 2053 2051
f 2051 2053 2050
f 2049 2054 2051
f 2049 2052 2055
f 2050 2056 2052
f 2050 2057 2053
f 2053 2057 2050
f 2051 2053 2058
f 2058 2053 2051
f 2058 2051 2054
f 2054 2049 2059
f 2055 2052 2060
f 2061 2049 2055
f 2062 2052 2056
f 2056 2057 2050
f 2050 2057 2056
f 2053 2063 2057
f 2058 2053 2064
f 2064 2053 2058
f 2054 2065 2058
f 2059 2049 2061
f 2066 2054 2059
f 2060 2052 2067
f 2068 2060 2055
f 2055 2060 2068
f 2069 2055 2061
f 2061 2055 2069
f 2052 2062 2070
f 2056 2071 2062
f 2071 2057 2056
f 2056 2057 2071
f 2063 2072 2057
f 2073 2063 2053
f 2064 2053 2074
f 2074 2053 2064
f 2064 2058 2065
f 2075 2065 2054
f 2076 2061 2059
f 2059 2061 2076
f 2077 2054 2066
f 2078 2059 2066
f 2066 2059 2078
f 2067 2052 2079
f 2060 2068 2080
f 2080 2068 2060
f 2055 2069 2068
f 2068 2069 2055
f 2061 2076 2069
f 2069 2076 2061
f 2081 2070 2062
f 2079 2052 2070
f 2082 2062 2071
f 2083 2057 2071
f 2071 2057 2083
f 2072 2084 2057
f 2072 2063 2085
f 2063 2073 2086
f 2073 2053 2087
f 2074 2053 2088
f 2088 2053 2074
f 2074 2064 2089
f 2065 2089 2064
f 2075 2090 2065
f 2075 2054 2077
f 2059 2078 2076
f 2076 2078 2059
f 2091 2066 2077
f 2077 2066 2091
f 2066 2091 2078
f 2078 2091 2066
f 2067 2092 2079
f 2079 2092 2067
f 2093 2070 2081
f 2062 2094 2081
f 2079 2095 2070
f 2070 2095 2079
f 2094 2062 2082
f 2082 2071 2094
f 2096 2057 2083
f 2083 2057 2096
f 2083 2097 2071
f 2084 2098 2057
f 2084 2072 2099
f 2085 2063 2100
f 2085 2099 2072
f 2086 2073 2101
f 2086 2100 2063
f 2102 2087 2053
f 2087 2103 2073
f 2088 2053 2104
f 2104 2053 2088
f 2074 2089 2088
f 2090 2089 2065
f 2089 2105 2065
f 2090 2075 2106
f 2107 2075 2077
f 2107 2091 2077
f 2077 2091 2107
f 2092 2067 2108
f 2108 2067 2092
f 2095 2079 2092
f 2092 2079 2095
f 2070 2109 2093
f 2093 2109 2070
f 2093 2110 2081
f 2081 2110 2093
f 2081 2094 2111
f 2109 2070 2095
f 2095 2070 2109
f 2112 2094 2082
f 2097 2094 2071
f 2096 2113 2057
f 2057 2113 2096
f 2114 2083 2096
f 2112 2097 2083
f 2098 2115 2057
f 2084 2099 2098
f 2085 2116 2100
f 2100 2116 2085
f 2099 2116 2085
f 2085 2116 2099
f 2101 2073 2117
f 2101 2118 2086
f 2100 2086 2118
f 2119 2087 2102
f 2102 2053 2120
f 2121 2073 2103
f 2103 2087 2122
f 2104 2120 2053
f 2104 2123 2088
f 2088 2123 2104
f 2088 2089 2124
f 2090 2124 2089
f 2089 2125 2090
f 2090 2125 2089
f 2126 2065 2105
f 2123 2105 2089
f 2075 2127 2106
f 2124 2090 2106
f 2128 2075 2107
f 2091 2107 2129
f 2129 2107 2091
f 2110 2093 2109
f 2109 2093 2110
f 2130 2081 2110
f 2110 2081 2130
f 2094 2097 2111
f 2131 2081 2111
f 2132 2094 2112
f 2112 2082 2133
f 2113 2096 2134
f 2134 2096 2113
f 2057 2111 2113
f 2114 2135 2083
f 2114 2096 2135
f 2097 2112 2135
f 2132 2112 2097
f 2114 2097 2112
f 2083 2135 2112
f 2057 2115 2136
f 2098 2137 2115
f 2099 2138 2098
f 2100 2116 2118
f 2118 2116 2100
f 2099 2139 2116
f 2116 2139 2099
f 2140 2117 2073
f 2101 2117 2141
f 2141 2118 2101
f 2119 2142 2087
f 2143 2119 2102
f 2102 2120 2143
f 2144 2073 2121
f 2121 2103 2145
f 2122 2087 2146
f 2122 2145 2103
f 2147 2104 2120
f 2120 2104 2147
f 2123 2104 2148
f 2148 2104 2123
f 2123 2088 2124
f 2125 2089 2123
f 2123 2089 2125
f 2149 2105 2123
f 2127 2150 2106
f 2127 2075 2128
f 2148 2124 2106
f 2128 2129 2107
f 2107 2129 2128
f 2081 2130 2131
f 2131 2130 2081
f 2111 2097 2151
f 2152 2131 2111
f 2094 2132 2153
f 2154 2133 2082
f 2155 2112 2133
f 2134 2156 2096
f 2134 2151 2113
f 2113 2151 2134
f 2113 2111 2157
f 2136 2111 2057
f 2158 2114 2135
f 2156 2135 2114
f 2159 2135 2096
f 2097 2135 2151
f 2097 2114 2132
f 2114 2112 2155
f 2136 2115 2160
f 2137 2161 2115
f 2137 2098 2138
f 2138 2139 2099
f 2099 2139 2138
f 2118 2116 2162
f 2162 2116 2118
f 2116 2163 2139
f 2117 2140 2164
f 2140 2073 2144
f 2164 2141 2117
f 2118 2141 2165
f 2166 2087 2142
f 2142 2119 2167
f 2168 2119 2143
f 2169 2143 2120
f 2144 2121 2170
f 2145 2170 2121
f 2146 2087 2166
f 2122 2146 2171
f 2171 2145 2122
f 2148 2104 2147
f 2147 2104 2148
f 2147 2120 2172
f 2172 2120 2147
f 2148 2124 2123
f 2123 2124 2148
f 2123 2173 2124
f 2124 2173 2123
f 2125 2123 2124
f 2124 2123 2125
f 2174 2105 2149
f 2173 2123 2149
f 2149 2123 2173
f 2150 2175 2106
f 2150 2176 2127
f 2127 2176 2150
f 2127 2177 2128
f 2128 2177 2127
f 2178 2148 2106
f 2129 2128 2177
f 2177 2128 2129
f 2179 2131 2130
f 2130 2131 2179
f 2151 2157 2111
f 2131 2179 2152
f 2152 2179 2131
f 2180 2152 2111
f 2153 2181 2132
f 2153 2132 2182
f 2156 2159 2096
f 2156 2151 2134
f 2134 2151 2156
f 2113 2151 2157
f 2157 2151 2113
f 2111 2136 2185
f 2132 2114 2158
f 2135 2186 2158
f 2186 2135 2156
f 2156 2114 2155
f 2159 2151 2135
f 2115 2187 2160
f 2136 2188 2160
f 2160 2188 2136
f 2189 2115 2161
f 2137 2190 2161
f 2138 2190 2137
f 2138 2191 2139
f 2139 2191 2138
f 2162 2192 2116
f 2162 2118 2165
f 2193 2139 2163
f 2163 2116 2192
f 2144 2164 2140
f 2194 2141 2164
f 2194 2165 2141
f 2166 2142 2195
f 2167 2119 2196
f 2167 2195 2142
f 2168 2197 2119
f 2168 2143 2198
f 2169 2198 2143
f 2172 2120 2169
f 2169 2120 2172
f 2170 2164 2144
f 2199 2170 2145
f 2146 2166 2200
f 2200 2171 2146
f 2145 2171 2201
f 2148 2178 2147
f 2147 2202 2172
f 2173 2125 2124
f 2124 2125 2173
f 2203 2105 2174
f 2174 2204 2149
f 2149 2204 2174
f 2173 2149 2204
f 2204 2149 2173
f 2175 2205 2106
f 2175 2206 2150
f 2150 2206 2175
f 2176 2150 2206
f 2206 2150 2176
f 2177 2127 2176
f 2176 2127 2177
f 2106 2207 2178
f 2186 2157 2151
f 2157 2208 2151
f 2209 2152 2179
f 2179 2152 2209
f 2152 2209 2180
f 2180 2209 2152
f 2106 2180 2111
f 2210 2132 2181
f 2153 2211 2181
f 2182 2132 2212
f 2213 2153 2182
f 2151 2156 2159
f 2159 2156 2151
f 2186 2156 2159
f 2157 2159 2156
f 2136 2217 2185
f 2111 2185 2218
f 2132 2210 2158
f 2132 2158 2212
f 2158 2219 2186
f 2186 2208 2158
f 2156 2155 2157
f 2160 2187 2220
f 2115 2189 2187
f 2136 2221 2188
f 2188 2221 2136
f 2160 2188 2222
f 2222 2188 2160
f 2161 2223 2189
f 2223 2161 2190
f 2224 2138 2190
f 2190 2138 2224
f 2138 2224 2191
f 2191 2224 2138
f 2191 2139 2225
f 2192 2162 2165
f 2193 2225 2139
f 2193 2163 2226
f 2163 2192 2227
f 2194 2164 2165
f 2195 2200 2166
f 2196 2119 2228
f 2196 2229 2167
f 2230 2195 2167
f 2228 2119 2197
f 2197 2168 2231
f 2231 2168 2198
f 2232 2169 2198
f 2198 2169 2232
f 2172 2169 2232
f 2232 2169 2172
f 2164 2170 2165
f 2199 2201 2170
f 2199 2145 2201
f 2171 2200 2201
f 2202 2147 2178
f 2233 2172 2202
f 2173 2234 2125
f 2173 2125 2235
f 2236 2105 2203
f 2174 2237 2203
f 2204 2174 2238
f 2238 2174 2204
f 2204 2239 2173
f 2204 2173 2240
f 2205 2241 2106
f 2205 2242 2175
f 2175 2242 2205
f 2206 2175 2242
f 2242 2175 2206
f 2178 2207 2243
f 2106 2111 2207
f 2159 2157 2186
f 2208 2186 2151
f 2208 2157 2244
f 2209 2245 2180
f 2180 2245 2209
f 2245 2180 2106
f 2210 2246 2181
f 2181 2246 2210
f 2247 2181 2211
f 2153 2213 2211
f 2212 2248 2182
f 2212 2216 2182
f 2249 2213 2182
f 2216 2244 2155
f 2217 2251 2185
f 2252 2136 2217
f 2217 2136 2252
f 2218 2185 2253
f 2254 2111 2218
f 2219 2158 2210
f 2212 2158 2208
f 2255 2186 2219
f 2186 2255 2208
f 2157 2155 2244
f 2187 2256 2220
f 2160 2220 2257
f 2189 2258 2187
f 2136 2259 2221
f 2221 2259 2136
f 2221 2260 2188
f 2188 2260 2221
f 2188 2261 2222
f 2222 2261 2188
f 2160 2222 2262
f 2262 2222 2160
f 2189 2223 2258
f 2190 2263 2223
f 2224 2263 2190
f 2224 2191 2264
f 2225 2264 2191
f 2192 2165 2265
f 2225 2193 2266
f 2227 2226 2163
f 2226 2266 2193
f 2265 2227 2192
f 2267 2200 2195
f 2228 2268 2196
f 2230 2167 2229
f 2229 2196 2268
f 2195 2230 2269
f 2228 2197 2270
f 2231 2271 2197
f 2198 2232 2231
f 2232 2172 2272
f 2165 2170 2201
f 2201 2200 2269
f 2202 2178 2273
f 2233 2272 2172
f 2202 2274 2233
f 2275 2125 2234
f 2234 2173 2239
f 2235 2125 2276
f 2240 2173 2235
f 2280 2203 2237
f 2237 2238 2174
f 2174 2238 2237
f 2238 2281 2204
f 2238 2204 2282
f 2239 2204 2281
f 2282 2204 2240
f 2241 2283 2106
f 2284 2205 2241
f 2241 2205 2284
f 2242 2205 2285
f 2285 2205 2242
f 2207 2286 2243
f 2243 2287 2178
f 2207 2111 2286
f 2208 2244 2212
f 2245 2209 2288
f 2288 2209 2245
f 2289 2245 2106
f 2210 2248 2246
f 2246 2248 2210
f 2181 2246 2290
f 2290 2246 2181
f 2290 2247 2181
f 2181 2247 2290
f 2211 2291 2247
f 2292 2211 2213
f 2246 2182 2248
f 2248 2212 2293
f 2216 2212 2244
f 2182 2216 2246
f 2294 2213 2249
f 2295 2182 2249
f 2249 2182 2295
f 2249 2246 2182
f 2182 2246 2249
f 2246 2297 2216
f 2216 2297 2246
f 2251 2298 2185
f 2251 2299 2217
f 2217 2299 2251
f 2136 2252 2259
f 2259 2252 2136
f 2217 2300 2252
f 2252 2300 2217
f 2253 2185 2301
f 2302 2253 2218
f 2218 2253 2302
f 2218 2253 2303
f 2304 2111 2254
f 2305 2218 2254
f 2254 2218 2305
f 2254 2218 2306
f 2219 2248 2210
f 2210 2248 2219
f 2208 2293 2212
f 2293 2219 2255
f 2255 2219 2293
f 2293 2208 2255
f 2220 2256 2307
f 2187 2308 2256
f 2309 2257 2220
f 2310 2257 2160
f 2160 2257 2310
f 2311 2187 2258
f 2312 2221 2259
f 2259 2221 2312
f 2221 2313 2260
f 2260 2313 2221
f 2188 2260 2314
f 2314 2260 2188
f 2188 2315 2261
f 2261 2315 2188
f 2222 2261 2316
f 2316 2261 2222
f 2222 2317 2262
f 2262 2317 2222
f 2160 2262 2318
f 2318 2262 2160
f 2223 2319 2258
f 2319 2223 2263
f 2264 2263 2224
f 2264 2225 2320
f 2321 2265 2165
f 2266 2320 2225
f 2227 2322 2226
f 2227 2323 2226
f 2324 2226 2227
f 2227 2226 2324
f 2325 2266 2226
f 2226 2266 2325
f 2226 2326 2266
f 2226 2327 2266
f 2227 2265 2322
f 2265 2328 2227
f 2329 2227 2265
f 2265 2227 2329
f 2267 2269 2200
f 2267 2195 2269
f 2268 2228 2270
f 2230 2229 2269
f 2229 2268 2269
f 2270 2197 2271
f 2271 2231 2232
f 2271 2232 2272
f 2201 2330 2165
f 2269 2331 2201
f 2273 2178 2287
f 2274 2202 2273
f 2272 2233 2332
f 2333 2233 2274
f 2275 2334 2125
f 2275 2335 2234
f 2234 2335 2275
f 2234 2336 2239
f 2239 2336 2234
f 2276 2125 2337
f 2235 2338 2276
f 2276 2338 2235
f 2235 2339 2276
f 2276 2339 2235
f 2240 2335 2235
f 2235 2335 2240
f 2240 2340 2235
f 2235 2340 2240
f 2280 2336 2237
f 2237 2336 2280
f 2238 2237 2282
f 2282 2237 2238
f 2281 2238 2336
f 2282 2336 2238
f 2239 2336 2281
f 2281 2336 2239
f 2282 2335 2240
f 2240 2335 2282
f 2282 2280 2240
f 2240 2280 2282
f 2283 2344 2106
f 2345 2241 2283
f 2283 2241 2345
f 2205 2284 2285
f 2285 2284 2205
f 2241 2345 2284
f 2284 2345 2241
f 2243 2286 2346
f 2347 2286 2207
f 2207 2286 2347
f 2287 2348 2243
f 2286 2111 2304
f 2288 2289 2245
f 2245 2289 2288
f 2344 2289 2106
f 2290 2246 2295
f 2295 2246 2290
f 2247 2290 2349
f 2349 2290 2247
f 2350 2247 2291
f 2291 2211 2292
f 2182 2295 2246
f 2246 2295 2182
f 2219 2293 2248
f 2248 2293 2219
f 2351 2294 2249
f 2249 2352 2295
f 2295 2352 2249
f 2297 2246 2249
f 2249 2246 2297
f 2354 2185 2298
f 2299 2251 2298
f 2298 2251 2299
f 2299 2300 2217
f 2217 2300 2299
f 2252 2300 2259
f 2259 2300 2252
f 2355 2301 2185
f 2356 2301 2253
f 2253 2301 2356
f 2253 2301 2357
f 2253 2302 2356
f 2356 2302 2253
f 2218 2305 2302
f 2302 2305 2218
f 2303 2253 2357
f 2306 2218 2303
f 2304 2254 2358
f 2359 2254 2304
f 2304 2254 2359
f 2254 2359 2305
f 2305 2359 2254
f 2360 2254 2306
f 2256 2361 2307
f 2220 2307 2309
f 2362 2256 2308
f 2363 2308 2187
f 2257 2364 2309
f 2309 2364 2257
f 2365 2257 2310
f 2310 2257 2365
f 2160 2366 2310
f 2310 2366 2160
f 2311 2367 2187
f 2258 2368 2311
f 2221 2312 2369
f 2369 2312 2221
f 2259 2370 2312
f 2312 2370 2259
f 2221 2369 2313
f 2313 2369 2221
f 2188 2314 2371
f 2371 2314 2188
f 2188 2372 2315
f 2315 2372 2188
f 2222 2316 2373
f 2373 2316 2222
f 2222 2374 2317
f 2317 2374 2222
f 2262 2317 2375
f 2375 2317 2262
f 2262 2376 2318
f 2318 2376 2262
f 2160 2318 2377
f 2377 2318 2160
f 2368 2258 2319
f 2319 2263 2368
f 2263 2264 2378
f 2320 2378 2264
f 2265 2321 2379
f 2321 2348 2265
f 2380 2265 2321
f 2321 2265 2380
f 2321 2165 2330
f 2381 2320 2266
f 2266 2320 2381
f 2266 2382 2320
f 2320 2266 2383
f 2327 2226 2322
f 2323 2326 2226
f 2328 2323 2227
f 2226 2324 2325
f 2325 2324 2226
f 2227 2329 2324
f 2324 2329 2227
f 2266 2325 2381
f 2381 2325 2266
f 2326 2382 2266
f 2384 2266 2327
f 2379 2322 2265
f 2348 2328 2265
f 2265 2380 2329
f 2329 2380 2265
f 2270 2272 2268
f 2269 2268 2272
f 2270 2271 2272
f 2330 2201 2331
f 2331 2269 2332
f 2273 2287 2330
f 2273 2385 2274
f 2273 2386 2274
f 2274 2386 2273
f 2274 2273 2330
f 2333 2332 2233
f 2272 2332 2269
f 2274 2387 2333
f 2333 2387 2274
f 2333 2274 2331
f 2274 2388 2333
f 2389 2125 2334
f 2334 2390 2275
f 2275 2390 2334
f 2275 2338 2335
f 2335 2338 2275
f 2234 2335 2336
f 2336 2335 2234
f 2125 2389 2337
f 2276 2337 2391
f 2338 2235 2335
f 2335 2235 2338
f 2338 2391 2276
f 2276 2391 2338
f 2339 2235 2340
f 2340 2235 2339
f 2339 2391 2276
f 2276 2391 2339
f 2340 2240 2280
f 2280 2240 2340
f 2336 2280 2282
f 2282 2280 2336
f 2282 2237 2336
f 2336 2237 2282
f 2335 2282 2336
f 2336 2282 2335
f 2395 2283 2344
f 2344 2283 2395
f 2283 2395 2345
f 2345 2395 2283
f 2285 2284 2396
f 2396 2284 2285
f 2286 2304 2346
f 2346 2243 2348
f 2286 2347 2397
f 2397 2347 2286
f 2397 2287 2348
f 2348 2287 2397
f 2287 2348 2398
f 2287 2348 2321
f 2397 2304 2286
f 2286 2304 2397
f 2289 2288 2399
f 2399 2288 2289
f 2399 2344 2289
f 2289 2344 2399
f 2290 2295 2400
f 2400 2295 2290
f 2400 2349 2290
f 2290 2349 2400
f 2290 2401 2349
f 2247 2349 2350
f 2350 2349 2247
f 2291 2402 2350
f 2403 2291 2292
f 2404 2294 2351
f 2352 2249 2351
f 2351 2249 2352
f 2405 2249 2351
f 2351 2249 2405
f 2400 2295 2352
f 2352 2295 2400
f 2249 2405 2297
f 2297 2405 2249
f 2185 2354 2406
f 2407 2298 2354
f 2354 2298 2407
f 2298 2408 2299
f 2299 2408 2298
f 2299 2409 2300
f 2300 2409 2299
f 2259 2300 2410
f 2410 2300 2259
f 2355 2411 2301
f 2412 2355 2301
f 2301 2355 2412
f 2355 2185 2413
f 2301 2356 2412
f 2412 2356 2301
f 2357 2301 2411
f 2326 2356 2302
f 2302 2356 2326
f 2323 2302 2305
f 2305 2302 2323
f 2357 2303 2414
f 2306 2303 2326
f 2358 2254 2360
f 2346 2304 2358
f 2304 2397 2359
f 2359 2397 2304
f 2328 2305 2359
f 2359 2305 2328
f 2326 2360 2306
f 2306 2360 2326
f 2415 2307 2361
f 2256 2416 2361
f 2417 2309 2307
f 2362 2418 2256
f 2308 2419 2362
f 2363 2420 2308
f 2367 2363 2187
f 2257 2421 2364
f 2364 2421 2257
f 2309 2364 2422
f 2422 2364 2309
f 2257 2365 2423
f 2423 2365 2257
f 2366 2365 2310
f 2310 2365 2366
f 2160 2424 2366
f 2366 2424 2160
f 2311 2368 2367
f 2259 2410 2370
f 2370 2410 2259
f 2312 2370 2425
f 2425 2370 2312
f 2188 2371 2426
f 2426 2371 2188
f 2188 2426 2372
f 2372 2426 2188
f 2222 2373 2374
f 2374 2373 2222
f 2262 2375 2427
f 2427 2375 2262
f 2262 2428 2376
f 2376 2428 2262
f 2318 2376 2429
f 2429 2376 2318
f 2318 2430 2377
f 2377 2430 2318
f 2160 2377 2424
f 2424 2377 2160
f 2368 2263 2431
f 2263 2378 2432
f 2378 2320 2433
f 2434 2378 2320
f 2320 2378 2434
f 2320 2414 2378
f 2435 2379 2321
f 2321 2436 2380
f 2380 2436 2321
f 2321 2330 2435
f 2436 2321 2330
f 2330 2321 2436
f 2330 2287 2321
f 2320 2381 2434
f 2434 2381 2320
f 2382 2414 2320
f 2384 2383 2266
f 2383 2433 2320
f 2327 2322 2437
f 2326 2438 2323
f 2360 2326 2323
f 2323 2326 2360
f 2302 2323 2326
f 2326 2323 2302
f 2305 2328 2323
f 2323 2328 2305
f 2328 2323 2358
f 2328 2323 2439
f 2440 2325 2324
f 2324 2325 2440
f 2441 2324 2329
f 2329 2324 2441
f 2442 2381 2325
f 2325 2381 2442
f 2356 2326 2382
f 2382 2326 2356
f 2382 2443 2326
f 2382 2326 2303
f 2384 2327 2444
f 2322 2379 2445
f 2348 2328 2346
f 2348 2328 2446
f 2359 2348 2328
f 2328 2348 2359
f 2447 2329 2380
f 2380 2329 2447
f 2330 2331 2448
f 2331 2274 2330
f 2449 2330 2331
f 2331 2330 2449
f 2450 2331 2332
f 2332 2331 2450
f 2331 2332 2451
f 2332 2333 2331
f 2388 2274 2385
f 2386 2273 2452
f 2452 2273 2386
f 2387 2274 2386
f 2386 2274 2387
f 2333 2453 2332
f 2333 2450 2332
f 2332 2450 2333
f 2450 2333 2387
f 2387 2333 2450
f 2453 2333 2388
f 2334 2454 2389
f 2334 2455 2390
f 2390 2455 2334
f 2275 2390 2338
f 2338 2390 2275
f 2389 2456 2337
f 2337 2457 2391
f 2391 2338 2458
f 2458 2338 2391
f 2391 2339 2459
f 2459 2339 2391
f 2344 2399 2395
f 2395 2399 2344
f 2287 2397 2347
f 2347 2397 2287
f 2348 2359 2397
f 2397 2359 2348
f 2446 2398 2348
f 2400 2461 2290
f 2349 2400 2462
f 2462 2400 2349
f 2349 2401 2292
f 2213 2401 2290
f 2350 2349 2455
f 2455 2349 2350
f 2463 2350 2402
f 2402 2291 2403
f 2292 2403 2349
f 2464 2403 2292
f 2465 2404 2351
f 2351 2466 2352
f 2352 2466 2351
f 2351 2467 2405
f 2405 2467 2351
f 2400 2352 2462
f 2462 2352 2400
f 2407 2406 2354
f 2468 2185 2406
f 2298 2407 2469
f 2469 2407 2298
f 2408 2298 2469
f 2469 2298 2408
f 2409 2299 2408
f 2408 2299 2409
f 2409 2470 2300
f 2300 2470 2409
f 2300 2471 2410
f 2410 2471 2300
f 2411 2355 2421
f 2355 2412 2472
f 2472 2412 2355
f 2413 2185 2473
f 2474 2355 2413
f 2382 2412 2356
f 2356 2412 2382
f 2411 2357 2475
f 2382 2414 2303
f 2414 2475 2357
f 2360 2358 2323
f 2358 2346 2328
f 2415 2476 2307
f 2361 2477 2415
f 2478 2361 2416
f 2479 2416 2256
f 2309 2422 2417
f 2417 2422 2309
f 2417 2307 2476
f 2418 2479 2256
f 2362 2419 2418
f 2419 2308 2480
f 2420 2480 2308
f 2420 2363 2431
f 2367 2431 2363
f 2423 2421 2257
f 2257 2421 2423
f 2364 2481 2421
f 2422 2482 2364
f 2424 2423 2365
f 2365 2423 2424
f 2424 2365 2366
f 2366 2365 2424
f 2431 2367 2368
f 2471 2370 2410
f 2410 2370 2471
f 2425 2370 2483
f 2483 2370 2425
f 2262 2427 2428
f 2428 2427 2262
f 2318 2429 2484
f 2484 2429 2318
f 2485 2430 2318
f 2318 2430 2485
f 2377 2430 2486
f 2486 2430 2377
f 2377 2486 2424
f 2424 2486 2377
f 2431 2263 2420
f 2487 2432 2378
f 2432 2480 2263
f 2378 2433 2487
f 2378 2434 2488
f 2488 2434 2378
f 2414 2475 2378
f 2379 2435 2489
f 2490 2380 2436
f 2436 2380 2490
f 2448 2435 2330
f 2330 2449 2436
f 2436 2449 2330
f 2491 2434 2381
f 2381 2434 2491
f 2414 2492 2382
f 2412 2382 2414
f 2414 2382 2412
f 2383 2384 2493
f 2433 2383 2494
f 2445 2437 2322
f 2437 2444 2327
f 2495 2323 2438
f 2438 2326 2443
f 2495 2439 2323
f 2439 2446 2328
f 2325 2440 2442
f 2442 2440 2325
f 2324 2441 2440
f 2440 2441 2324
f 2329 2447 2441
f 2441 2447 2329
f 2381 2442 2491
f 2491 2442 2381
f 2443 2382 2492
f 2444 2493 2384
f 2489 2445 2379
f 2380 2490 2447
f 2447 2490 2380
f 2451 2448 2331
f 2331 2450 2449
f 2449 2450 2331
f 2496 2451 2332
f 2385 2497 2388
f 2452 2498 2386
f 2386 2498 2452
f 2386 2499 2387
f 2387 2499 2386
f 2496 2332 2453
f 2387 2500 2450
f 2450 2500 2387
f 2388 2501 2453
f 2502 2389 2454
f 2454 2455 2334
f 2334 2455 2454
f 2455 2462 2390
f 2390 2462 2455
f 2455 2403 2390
f 2390 2458 2338
f 2338 2458 2390
f 2337 2456 2403
f 2456 2389 2502
f 2457 2503 2391
f 2458 2504 2391
f 2391 2504 2458
f 2459 2504 2391
f 2391 2504 2459
f 2398 2446 2505
f 2290 2461 2213
f 2294 2461 2400
f 2400 2462 2294
f 2349 2462 2455
f 2455 2462 2349
f 2506 2292 2401
f 2401 2213 2461
f 2455 2349 2403
f 2350 2455 2463
f 2463 2455 2350
f 2402 2502 2463
f 2502 2402 2403
f 2464 2390 2403
f 2506 2464 2292
f 2503 2404 2465
f 2466 2351 2465
f 2465 2351 2466
f 2467 2351 2465
f 2465 2351 2467
f 2462 2352 2466
f 2466 2352 2462
f 2406 2469 2407
f 2407 2469 2406
f 2507 2185 2468
f 2470 2406 2468
f 2468 2406 2470
f 2469 2409 2408
f 2408 2409 2469
f 2470 2409 2508
f 2508 2409 2470
f 2471 2300 2470
f 2470 2300 2471
f 2421 2355 2509
f 2411 2421 2481
f 2414 2472 2412
f 2412 2472 2414
f 2355 2472 2510
f 2510 2472 2355
f 2473 2185 2507
f 2511 2473 2413
f 2413 2473 2511
f 2512 2355 2474
f 2413 2511 2474
f 2475 2411 2513
f 2414 2475 2492
f 2472 2414 2475
f 2475 2414 2472
f 2514 2476 2415
f 2514 2415 2477
f 2515 2477 2361
f 2478 2516 2361
f 2417 2422 2518
f 2518 2422 2417
f 2417 2518 2476
f 2476 2518 2417
f 2418 2519 2479
f 2519 2418 2419
f 2480 2432 2419
f 2420 2263 2480
f 2520 2421 2423
f 2423 2421 2520
f 2481 2364 2482
f 2482 2422 2521
f 2424 2486 2423
f 2423 2486 2424
f 2370 2471 2522
f 2522 2471 2370
f 2483 2370 2523
f 2523 2370 2483
f 2318 2484 2524
f 2524 2484 2318
f 2485 2525 2430
f 2430 2525 2485
f 2318 2526 2485
f 2485 2526 2318
f 2432 2487 2527
f 2378 2528 2487
f 2487 2528 2378
f 2378 2513 2487
f 2529 2487 2433
f 2530 2488 2434
f 2434 2488 2530
f 2528 2378 2488
f 2488 2378 2528
f 2475 2513 2378
f 2531 2489 2435
f 2436 2532 2490
f 2490 2532 2436
f 2435 2448 2531
f 2532 2436 2449
f 2449 2436 2532
f 2434 2491 2530
f 2530 2491 2434
f 2493 2494 2383
f 2433 2494 2529
f 2437 2445 2533
f 2444 2437 2534
f 2495 2438 2535
f 2438 2443 2536
f 2439 2495 2537
f 2446 2439 2538
f 2443 2492 2539
f 2493 2444 2540
f 2445 2489 2541
f 2448 2451 2542
f 2500 2449 2450
f 2450 2449 2500
f 2451 2496 2543
f 2501 2388 2497
f 2498 2452 2544
f 2544 2452 2498
f 2499 2386 2498
f 2498 2386 2499
f 2500 2387 2499
f 2499 2387 2500
f 2453 2545 2496
f 2545 2453 2501
f 2454 2463 2502
f 2463 2455 2454
f 2454 2455 2463
f 2462 2337 2390
f 2390 2337 2462
f 2462 2458 2390
f 2390 2458 2462
f 2456 2502 2403
f 2391 2503 2504
f 2504 2458 2546
f 2546 2458 2504
f 2504 2459 2547
f 2547 2459 2504
f 2538 2505 2446
f 2461 2294 2503
f 2503 2294 2462
f 2401 2461 2506
f 2549 2390 2464
f 2464 2506 2550
f 2504 2503 2465
f 2465 2546 2466
f 2466 2546 2465
f 2465 2547 2467
f 2467 2547 2465
f 2462 2466 2546
f 2546 2466 2462
f 2469 2406 2508
f 2508 2406 2469
f 2551 2507 2468
f 2406 2470 2508
f 2508 2470 2406
f 2551 2470 2468
f 2468 2470 2551
f 2409 2469 2508
f 2508 2469 2409
f 2470 2551 2471
f 2471 2551 2470
f 2509 2355 2512
f 2421 2520 2509
f 2509 2520 2421
f 2481 2513 2411
f 2510 2472 2552
f 2552 2472 2510
f 2473 2553 2507
f 2507 2553 2473
f 2473 2511 2554
f 2554 2511 2473
f 2512 2474 2555
f 2556 2474 2511
f 2513 2557 2475
f 2558 2475 2513
f 2513 2475 2558
f 2557 2492 2475
f 2472 2475 2558
f 2558 2475 2472
f 2514 2559 2476
f 2477 2560 2514
f 2515 2561 2477
f 2516 2515 2361
f 2478 2562 2516
f 2517 2563 2416
f 2479 2517 2416
f 2517 2479 2519
f 2518 2521 2422
f 2518 2476 2559
f 2419 2432 2519
f 2482 2564 2481
f 2482 2521 2564
f 2551 2522 2471
f 2471 2522 2551
f 2522 2523 2370
f 2370 2523 2522
f 2483 2523 2565
f 2565 2523 2483
f 2318 2524 2566
f 2566 2524 2318
f 2567 2525 2485
f 2485 2525 2567
f 2318 2568 2526
f 2526 2568 2318
f 2569 2527 2487
f 2527 2563 2432
f 2570 2487 2528
f 2528 2487 2570
f 2513 2564 2487
f 2487 2529 2569
f 2488 2530 2571
f 2571 2530 2488
f 2488 2572 2528
f 2528 2572 2488
f 2489 2531 2573
f 2542 2531 2448
f 2449 2500 2532
f 2532 2500 2449
f 2494 2493 2574
f 2575 2529 2494
f 2541 2533 2445
f 2533 2534 2437
f 2534 2540 2444
f 2536 2535 2438
f 2535 2537 2495
f 2539 2536 2443
f 2537 2538 2439
f 2576 2539 2492
f 2540 2574 2493
f 2573 2541 2489
f 2543 2542 2451
f 2577 2543 2496
f 2497 2578 2501
f 2577 2496 2545
f 2501 2579 2545
f 2337 2462 2549
f 2549 2462 2337
f 2337 2390 2549
f 2462 2546 2458
f 2458 2546 2462
f 2546 2465 2504
f 2504 2465 2546
f 2547 2465 2504
f 2504 2465 2547
f 2505 2538 2580
f 2550 2461 2503
f 2550 2462 2503
f 2503 2462 2550
f 2550 2506 2461
f 2549 2464 2550
f 2551 2581 2507
f 2509 2582 2512
f 2512 2582 2509
f 2582 2509 2520
f 2520 2509 2582
f 2513 2481 2564
f 2552 2472 2558
f 2558 2472 2552
f 2553 2473 2554
f 2554 2473 2553
f 2583 2507 2553
f 2553 2507 2583
f 2511 2554 2583
f 2474 2584 2555
f 2512 2585 2555
f 2555 2585 2512
f 2584 2556 2474
f 2474 2556 2584
f 2556 2511 2586
f 2587 2557 2513
f 2513 2588 2558
f 2558 2588 2513
f 2492 2557 2576
f 2560 2559 2514
f 2560 2477 2561
f 2561 2515 2589
f 2516 2589 2515
f 2589 2516 2562
f 2416 2562 2478
f 2562 2416 2563
f 2517 2432 2563
f 2519 2432 2517
f 2559 2521 2518
f 2590 2564 2521
f 2522 2551 2581
f 2581 2551 2522
f 2523 2522 2591
f 2591 2522 2523
f 2565 2523 2592
f 2318 2566 2568
f 2568 2566 2318
f 2593 2525 2567
f 2567 2525 2593
f 2527 2569 2521
f 2487 2564 2569
f 2487 2570 2569
f 2569 2570 2487
f 2563 2527 2562
f 2528 2594 2570
f 2570 2594 2528
f 2588 2513 2564
f 2564 2513 2588
f 2513 2564 2587
f 2595 2569 2529
f 2572 2488 2571
f 2571 2488 2572
f 2594 2528 2572
f 2572 2528 2594
f 2596 2573 2531
f 2531 2542 2596
f 2494 2574 2575
f 2529 2575 2595
f 2533 2541 2597
f 2534 2533 2598
f 2540 2534 2599
f 2535 2536 2600
f 2537 2535 2601
f 2536 2539 2602
f 2538 2537 2603
f 2539 2576 2604
f 2574 2540 2605
f 2541 2573 2606
f 2542 2543 2607
f 2543 2577 2608
f 2579 2501 2578
f 2545 2609 2577
f 2609 2545 2579
f 2549 2462 2550
f 2550 2462 2549
f 2603 2580 2538
f 2610 2507 2581
f 2585 2512 2582
f 2582 2512 2585
f 2558 2611 2552
f 2552 2611 2558
f 2553 2583 2554
f 2507 2583 2610
f 2610 2583 2507
f 2586 2511 2583
f 2555 2584 2612
f 2585 2612 2555
f 2555 2612 2585
f 2556 2584 2586
f 2586 2584 2556
f 2587 2613 2557
f 2611 2558 2588
f 2588 2558 2611
f 2613 2576 2557
f 2559 2560 2521
f 2561 2527 2560
f 2589 2527 2561
f 2562 2527 2589
f 2614 2564 2590
f 2590 2564 2614
f 2564 2590 2615
f 2590 2569 2564
f 2590 2521 2569
f 2581 2591 2522
f 2522 2591 2581
f 2591 2616 2523
f 2523 2616 2591
f 2592 2523 2617
f 2592 2523 2565
f 2618 2525 2593
f 2593 2525 2618
f 2527 2521 2560
f 2570 2590 2569
f 2569 2590 2570
f 2594 2614 2570
f 2570 2614 2594
f 2564 2614 2588
f 2588 2614 2564
f 2615 2587 2564
f 2595 2619 2569
f 2573 2596 2620
f 2607 2596 2542
f 2621 2575 2574
f 2622 2595 2575
f 2606 2597 2541
f 2597 2598 2533
f 2598 2599 2534
f 2599 2605 2540
f 2602 2600 2536
f 2600 2601 2535
f 2601 2603 2537
f 2604 2602 2539
f 2623 2604 2576
f 2574 2605 2621
f 2620 2606 2573
f 2608 2607 2543
f 2624 2608 2577
f 2578 2625 2579
f 2624 2577 2609
f 2579 2626 2609
f 2580 2603 2627
f 2628 2610 2581
f 2583 2584 2610
f 2610 2584 2583
f 2584 2583 2586
f 2586 2583 2584
f 2612 2584 2629
f 2612 2585 2630
f 2630 2585 2612
f 2631 2613 2587
f 2588 2632 2611
f 2611 2632 2588
f 2576 2613 2623
f 2590 2570 2614
f 2614 2570 2590
f 2619 2615 2590
f 2590 2569 2619
f 2591 2581 2628
f 2628 2581 2591
f 2616 2591 2633
f 2633 2591 2616
f 2634 2523 2616
f 2616 2523 2634
f 2617 2523 2635
f 2617 2523 2592
f 2635 2523 2617
f 2636 2525 2618
f 2618 2525 2636
f 2614 2594 2632
f 2632 2594 2614
f 2632 2588 2614
f 2614 2588 2632
f 2587 2615 2631
f 2619 2595 2637
f 2638 2620 2596
f 2596 2607 2638
f 2575 2621 2622
f 2622 2637 2595
f 2597 2606 2639
f 2598 2597 2640
f 2599 2598 2641
f 2605 2599 2642
f 2600 2602 2643
f 2601 2600 2644
f 2603 2601 2645
f 2602 2604 2646
f 2604 2623 2647
f 2648 2621 2605
f 2606 2620 2649
f 2607 2608 2650
f 2608 2624 2651
f 2626 2579 2625
f 2609 2652 2624
f 2652 2609 2626
f 2645 2627 2603
f 2584 2610 2628
f 2629 2584 2628
f 2630 2629 2612
f 2612 2629 2630
f 2525 2630 2585
f 2585 2630 2525
f 2631 2653 2613
f 2653 2623 2613
f 2615 2619 2654
f 2628 2633 2591
f 2591 2633 2628
f 2633 2655 2616
f 2616 2655 2633
f 2656 2523 2634
f 2634 2523 2656
f 2634 2616 2657
f 2657 2616 2634
f 2635 2523 2658
f 2658 2523 2635
f 2659 2525 2636
f 2636 2525 2659
f 2654 2631 2615
f 2637 2654 2619
f 2638 2660 2620
f 2650 2638 2607
f 2661 2622 2621
f 2637 2622 2662
f 2649 2639 2606
f 2639 2640 2597
f 2640 2641 2598
f 2641 2642 2599
f 2642 2663 2605
f 2646 2643 2602
f 2643 2644 2600
f 2644 2645 2601
f 2647 2646 2604
f 2664 2647 2623
f 2621 2648 2661
f 2648 2605 2663
f 2665 2649 2620
f 2651 2650 2608
f 2666 2651 2624
f 2626 2625 2667
f 2666 2624 2652
f 2626 2667 2652
f 2627 2645 2668
f 2633 2628 2629
f 2629 2628 2633
f 2629 2630 2633
f 2633 2630 2629
f 2630 2525 2655
f 2655 2525 2630
f 2669 2653 2631
f 2623 2653 2664
f 2655 2633 2630
f 2630 2633 2655
f 2670 2616 2655
f 2655 2616 2670
f 2658 2523 2656
f 2656 2523 2658
f 2657 2616 2671
f 2671 2616 2657
f 2672 2525 2659
f 2659 2525 2672
f 2631 2654 2669
f 2654 2637 2673
f 2665 2620 2660
f 2660 2638 2674
f 2650 2674 2638
f 2661 2662 2622
f 2662 2673 2637
f 2639 2649 2675
f 2640 2639 2676
f 2641 2640 2677
f 2642 2641 2678
f 2663 2642 2679
f 2643 2646 2680
f 2644 2643 2681
f 2645 2644 2682
f 2646 2647 2683
f 2664 2684 2647
f 2685 2661 2648
f 2648 2663 2685
f 2665 2686 2649
f 2650 2651 2674
f 2651 2666 2687
f 2688 2667 2625
f 2652 2689 2666
f 2689 2652 2667
f 2682 2668 2645
f 2672 2655 2525
f 2525 2655 2672
f 2669 2690 2653
f 2690 2664 2653
f 2691 2616 2670
f 2670 2616 2691
f 2670 2655 2692
f 2692 2655 2670
f 2671 2616 2693
f 2693 2616 2671
f 2673 2669 2654
f 2660 2694 2665
f 2674 2695 2660
f 2662 2661 2696
f 2673 2662 2697
f 2698 2675 2649
f 2675 2676 2639
f 2676 2677 2640
f 2677 2678 2641
f 2678 2679 2642
f 2679 2699 2663
f 2683 2680 2646
f 2680 2681 2643
f 2681 2682 2644
f 2700 2683 2647
f 2700 2647 2684
f 2684 2664 2701
f 2685 2696 2661
f 2702 2685 2663
f 2698 2649 2686
f 2686 2665 2694
f 2687 2674 2651
f 2703 2687 2666
f 2667 2688 2704
f 2703 2666 2689
f 2689 2667 2705
f 2668 2682 2706
f 2707 2655 2672
f 2672 2655 2707
f 2708 2690 2669
f 2664 2690 2701
f 2693 2616 2691
f 2691 2616 2693
f 2692 2655 2709
f 2709 2655 2692
f 2669 2673 2708
f 2694 2660 2695
f 2695 2674 2710
f 2696 2697 2662
f 2697 2708 2673
f 2675 2698 2711
f 2676 2675 2712
f 2677 2676 2713
f 2678 2677 2714
f 2679 2678 2715
f 2702 2663 2699
f 2699 2679 2716
f 2683 2717 2680
f 2681 2680 2718
f 2682 2681 2719
f 2700 2720 2683
f 2684 2721 2700
f 2684 2701 2722
f 2696 2685 2723
f 2702 2723 2685
f 2686 2724 2698
f 2694 2725 2686
f 2687 2710 2674
f 2703 2726 2687
f 2727 2704 2688
f 2704 2705 2667
f 2703 2689 2726
f 2705 2726 2689
f 2719 2706 2682
f 2709 2655 2707
f 2707 2655 2709
f 2708 2728 2690
f 2701 2690 2728
f 2695 2729 2694
f 2710 2730 2695
f 2697 2696 2731
f 2708 2697 2728
f 2732 2711 2698
f 2711 2712 2675
f 2712 2713 2676
f 2713 2714 2677
f 2714 2715 2678
f 2715 2716 2679
f 2699 2733 2702
f 2716 2734 2699
f 2735 2680 2717
f 2717 2683 2720
f 2735 2718 2680
f 2718 2719 2681
f 2720 2700 2721
f 2721 2684 2722
f 2722 2701 2736
f 2723 2731 2696
f 2723 2702 2733
f 2732 2698 2724
f 2724 2686 2725
f 2725 2694 2729
f 2710 2687 2726
f 2704 2727 2737
f 2705 2704 2738
f 2726 2705 2739
f 2706 2719 2740
f 2728 2736 2701
f 2729 2695 2730
f 2730 2710 2739
f 2731 2728 2697
f 2711 2732 2741
f 2712 2711 2742
f 2713 2712 2743
f 2714 2713 2744
f 2715 2714 2745
f 2716 2715 2746
f 2733 2699 2734
f 2734 2716 2747
f 2717 2748 2735
f 2720 2749 2717
f 2718 2735 2750
f 2719 2718 2751
f 2721 2752 2720
f 2721 2722 2753
f 2736 2754 2722
f 2723 2733 2731
f 2724 2755 2732
f 2725 2756 2724
f 2729 2757 2725
f 2726 2739 2710
f 2758 2737 2727
f 2737 2738 2704
f 2738 2739 2705
f 2751 2740 2719
f 2736 2728 2759
f 2730 2760 2729
f 2739 2761 2730
f 2731 2759 2728
f 2762 2741 2732
f 2741 2742 2711
f 2742 2743 2712
f 2743 2744 2713
f 2744 2745 2714
f 2745 2746 2715
f 2746 2747 2716
f 2733 2734 2759
f 2734 2747 2763
f 2764 2735 2748
f 2748 2717 2749
f 2749 2720 2752
f 2764 2750 2735
f 2750 2751 2718
f 2752 2721 2753
f 2753 2722 2754
f 2754 2736 2763
f 2759 2731 2733
f 2762 2732 2755
f 2755 2724 2756
f 2756 2725 2757
f 2757 2729 2760
f 2737 2758 2765
f 2738 2737 2766
f 2739 2738 2761
f 2740 2751 2767
f 2759 2763 2736
f 2760 2730 2761
f 2741 2762 2768
f 2742 2741 2769
f 2743 2742 2770
f 2744 2743 2771
f 2745 2744 2772
f 2746 2745 2773
f 2747 2746 2774
f 2763 2759 2734
f 2775 2763 2747
f 2748 2776 2764
f 2749 2777 2748
f 2752 2778 2749
f 2750 2764 2779
f 2751 2750 2780
f 2752 2753 2781
f 2754 2782 2753
f 2763 2775 2754
f 2755 2783 2762
f 2756 2784 2755
f 2757 2785 2756
f 2760 2786 2757
f 2787 2765 2758
f 2765 2766 2737
f 2766 2761 2738
f 2780 2767 2751
f 2761 2788 2760
f 2789 2768 2762
f 2768 2769 2741
f 2769 2770 2742
f 2770 2771 2743
f 2771 2772 2744
f 2772 2773 2745
f 2773 2774 2746
f 2747 2774 2775
f 2790 2764 2776
f 2776 2748 2777
f 2777 2749 2778
f 2778 2752 2781
f 2790 2779 2764
f 2779 2780 2750
f 2781 2753 2782
f 2782 2754 2775
f 2789 2762 2783
f 2783 2755 2784
f 2784 2756 2785
f 2785 2757 2786
f 2786 2760 2788
f 2765 2787 2791
f 2766 2765 2792
f 2761 2766 2788
f 2767 2780 2793
f 2768 2789 2794
f 2769 2768 2795
f 2770 2769 2796
f 2771 2770 2797
f 2772 2771 2798
f 2773 2772 2799
f 2774 2773 2800
f 2801 2775 2774
f 2776 2802 2790
f 2777 2803 2776
f 2778 2804 2777
f 2778 2781 2805
f 2779 2790 2806
f 2780 2779 2807
f 2782 2808 2781
f 2775 2801 2782
f 2783 2809 2789
f 2784 2810 2783
f 2785 2811 2784
f 2786 2812 2785
f 2788 2813 2786
f 2814 2791 2787
f 2791 2792 2765
f 2792 2788 2766
f 2807 2793 2780
f 2815 2794 2789
f 2794 2795 2768
f 2795 2796 2769
f 2796 2797 2770
f 2797 2798 2771
f 2798 2799 2772
f 2799 2800 2773
f 2774 2800 2801
f 2816 2790 2802
f 2802 2776 2803
f 2803 2777 2804
f 2804 2778 2805
f 2805 2781 2808
f 2816 2806 2790
f 2806 2807 2779
f 2808 2782 2801
f 2815 2789 2809
f 2809 2783 2810
f 2810 2784 2811
f 2811 2785 2812
f 2812 2786 2813
f 2788 2792 2813
f 2791 2814 2817
f 2792 2791 2818
f 2793 2807 2819
f 2794 2815 2820
f 2795 2794 2821
f 2796 2795 2822
f 2797 2796 2823
f 2798 2797 2824
f 2799 2798 2825
f 2800 2799 2826
f 2827 2801 2800
f 2802 2828 2816
f 2803 2829 2802
f 2804 2830 2803
f 2804 2805 2831
f 2808 2832 2805
f 2806 2816 2833
f 2807 2806 2834
f 2801 2827 2808
f 2809 2835 2815
f 2810 2836 2809
f 2811 2837 2810
f 2812 2838 2811
f 2813 2839 2812
f 2818 2813 2792
f 2840 2817 2814
f 2817 2818 2791
f 2834 2819 2807
f 2841 2820 2815
f 2820 2821 2794
f 2821 2822 2795
f 2822 2823 2796
f 2823 2824 2797
f 2824 2825 2798
f 2825 2826 2799
f 2800 2826 2827
f 2842 2816 2828
f 2828 2802 2829
f 2829 2803 2830
f 2830 2804 2831
f 2831 2805 2832
f 2832 2808 2827
f 2842 2833 2816
f 2833 2834 2806
f 2841 2815 2835
f 2835 2809 2836
f 2836 2810 2837
f 2837 2811 2838
f 2838 2812 2839
f 2813 2818 2839
f 2817 2840 2843
f 2818 2817 2844
f 2819 2834 2845
f 2841 2846 2820
f 2820 2847 2821
f 2821 2848 2822
f 2822 2849 2823
f 2823 2850 2824
f 2824 2851 2825
f 2826 2825 2851
f 2851 2827 2826
f 2828 2847 2842
f 2829 2848 2828
f 2830 2849 2829
f 2830 2831 2852
f 2832 2850 2831
f 2827 2851 2832
f 2833 2842 2853
f 2834 2833 2854
f 2835 2853 2841
f 2836 2854 2835
f 2837 2845 2836
f 2838 2843 2837
f 2839 2844 2838
f 2844 2839 2818
f 2855 2843 2840
f 2843 2844 2817
f 2854 2845 2834
f 2846 2847 2820
f 2853 2846 2841
f 2847 2848 2821
f 2848 2849 2822
f 2849 2852 2823
f 2850 2851 2824
f 2852 2850 2823
f 2846 2842 2847
f 2847 2828 2848
f 2848 2829 2849
f 2849 2830 2852
f 2852 2831 2850
f 2850 2832 2851
f 2846 2853 2842
f 2853 2854 2833
f 2854 2853 2835
f 2845 2854 2836
f 2855 2845 2837
f 2843 2855 2837
f 2844 2843 2838
f 2856 2857 2858
f 2857 2856 2859
f 2858 2857 2856
f 2859 2856 2857
f 2860 2858 2857
f 2857 2858 2860
f 2858 2861 2856
f 2856 2861 2858
f 2862 2859 2856
f 2856 2859 2862
f 2863 2857 2859
f 2859 2857 2863
f 2858 2860 2864
f 2864 2860 2858
f 2865 2860 2857
f 2857 2860 2865
f 2861 2858 2866
f 2866 2858 2861
f 2867 2856 2861
f 2861 2856 2867
f 2859 2862 2868
f 2868 2862 2859
f 2856 2867 2862
f 2862 2867 2856
f 2857 2863 2865
f 2865 2863 2857
f 2859 2869 2863
f 2863 2869 2859
f 2870 2864 2860
f 2860 2864 2870
f 2864 2866 2858
f 2858 2866 2864
f 2860 2865 2871
f 2871 2865 2860
f 2866 2872 2861
f 2861 2872 2866
f 2861 2873 2867
f 2867 2873 2861
f 2874 2868 2862
f 2862 2868 2874
f 2869 2859 2868
f 2868 2859 2869
f 2875 2862 2867
f 2867 2862 2875
f 2876 2865 2863
f 2863 2865 2876
f 2877 2863 2869
f 2869 2863 2877
f 2864 2870 2878
f 2878 2870 2864
f 2860 2879 2870
f 2870 2879 2860
f 2866 2864 2880
f 2880 2864 2866
f 2881 2871 2865
f 2865 2871 2881
f 2879 2860 2871
f 2871 2860 2879
f 2872 2866 2882
f 2882 2866 2872
f 2873 2861 2872
f 2872 2861 2873
f 2883 2867 2873
f 2873 2867 2883
f 2868 2874 2884
f 2884 2874 2868
f 2862 2875 2874
f 2874 2875 2862
f 2868 2885 2869
f 2869 2885 2868
f 2867 2883 2875
f 2875 2883 2867
f 2865 2876 2881
f 2881 2876 2865
f 2863 2877 2876
f 2876 2877 2863
f 2869 2886 2877
f 2877 2886 2869
f 2887 2878 2870
f 2870 2878 2887
f 2878 2880 2864
f 2864 2880 2878
f 2888 2870 2879
f 2879 2870 2888
f 2880 2882 2866
f 2866 2882 2880
f 2871 2881 2889
f 2889 2881 2871
f 2871 2890 2879
f 2879 2890 2871
f 2882 2891 2872
f 2872 2891 2882
f 2872 2892 2873
f 2873 2892 2872
f 2873 2893 2883
f 2883 2893 2873
f 2894 2884 2874
f 2874 2884 2894
f 2885 2868 2884
f 2884 2868 2885
f 2895 2874 2875
f 2875 2874 2895
f 2886 2869 2885
f 2885 2869 2886
f 2896 2875 2883
f 2883 2875 2896
f 2897 2881 2876
f 2876 2881 2897
f 2898 2876 2877
f 2877 2876 2898
f 2899 2877 2886
f 2886 2877 2899
f 2878 2887 2900
f 2900 2887 2878
f 2870 2888 2887
f 2887 2888 2870
f 2880 2878 2901
f 2901 2878 2880
f 2879 2902 2888
f 2888 2902 2879
f 2882 2880 2903
f 2903 2880 2882
f 2904 2889 2881
f 2881 2889 2904
f 2890 2871 2889
f 2889 2871 2890
f 2902 2879 2890
f 2890 2879 2902
f 2891 2882 2905
f 2905 2882 2891
f 2892 2872 2891
f 2891 2872 2892
f 2893 2873 2892
f 2892 2873 2893
f 2906 2883 2893
f 2893 2883 2906
f 2884 2894 2907
f 2907 2894 2884
f 2874 2895 2894
f 2894 2895 2874
f 2884 2908 2885
f 2885 2908 2884
f 2875 2896 2895
f 2895 2896 2875
f 2885 2909 2886
f 2886 2909 2885
f 2883 2906 2896
f 2896 2906 2883
f 2881 2897 2904
f 2904 2897 2881
f 2876 2898 2897
f 2897 2898 2876
f 2877 2899 2898
f 2898 2899 2877
f 2886 2910 2899
f 2899 2910 2886
f 2911 2900 2887
f 2887 2900 2911
f 2900 2901 2878
f 2878 2901 2900
f 2912 2887 2888
f 2888 2887 2912
f 2901 2903 2880
f 2880 2903 2901
f 2913 2888 2902
f 2902 2888 2913
f 2903 2905 2882
f 2882 2905 2903
f 2889 2904 2914
f 2914 2904 2889
f 2914 2890 2889
f 2889 2890 2914
f 2890 2915 2902
f 2902 2915 2890
f 2905 2916 2891
f 2891 2916 2905
f 2891 2917 2892
f 2892 2917 2891
f 2892 2918 2893
f 2893 2918 2892
f 2893 2919 2906
f 2906 2919 2893
f 2920 2907 2894
f 2894 2907 2920
f 2908 2884 2907
f 2907 2884 2908
f 2921 2894 2895
f 2895 2894 2921
f 2909 2885 2908
f 2908 2885 2909
f 2922 2895 2896
f 2896 2895 2922
f 2910 2886 2909
f 2909 2886 2910
f 2923 2896 2906
f 2906 2896 2923
f 2924 2904 2897
f 2897 2904 2924
f 2925 2897 2898
f 2898 2897 2925
f 2926 2898 2899
f 2899 2898 2926
f 2927 2899 2910
f 2910 2899 2927
f 2900 2911 2928
f 2928 2911 2900
f 2887 2912 2911
f 2911 2912 2887
f 2901 2900 2929
f 2929 2900 2901
f 2888 2913 2912
f 2912 2913 2888
f 2903 2901 2930
f 2930 2901 2903
f 2902 2931 2913
f 2913 2931 2902
f 2905 2903 2932
f 2932 2903 2905
f 2933 2914 2904
f 2904 2914 2933
f 2890 2914 2934
f 2934 2914 2890
f 2915 2890 2934
f 2934 2890 2915
f 2931 2902 2915
f 2915 2902 2931
f 2916 2905 2935
f 2935 2905 2916
f 2917 2891 2916
f 2916 2891 2917
f 2918 2892 2917
f 2917 2892 2918
f 2919 2893 2918
f 2918 2893 2919
f 2936 2906 2919
f 2919 2906 2936
f 2907 2920 2937
f 2937 2920 2907
f 2894 2921 2920
f 2920 2921 2894
f 2907 2938 2908
f 2908 2938 2907
f 2895 2922 2921
f 2921 2922 2895
f 2908 2939 2909
f 2909 2939 2908
f 2896 2923 2922
f 2922 2923 2896
f 2909 2940 2910
f 2910 2940 2909
f 2906 2936 2923
f 2923 2936 2906
f 2904 2924 2933
f 2933 2924 2904
f 2897 2925 2924
f 2924 2925 2897
f 2898 2926 2925
f 2925 2926 2898
f 2899 2927 2926
f 2926 2927 2899
f 2910 2941 2927
f 2927 2941 2910
f 2942 2928 2911
f 2911 2928 2942
f 2928 2929 2900
f 2900 2929 2928
f 2943 2911 2912
f 2912 2911 2943
f 2929 2930 2901
f 2901 2930 2929
f 2944 2912 2913
f 2913 2912 2944
f 2930 2932 2903
f 2903 2932 2930
f 2945 2913 2931
f 2931 2913 2945
f 2932 2935 2905
f 2905 2935 2932
f 2914 2933 2946
f 2946 2933 2914
f 2946 2934 2914
f 2914 2934 2946
f 2934 2947 2915
f 2915 2947 2934
f 2915 2948 2931
f 2931 2948 2915
f 2935 2949 2916
f 2916 2949 2935
f 2916 2950 2917
f 2917 2950 2916
f 2917 2951 2918
f 2918 2951 2917
f 2918 2952 2919
f 2919 2952 2918
f 2919 2953 2936
f 2936 2953 2919
f 2920 2954 2937
f 2937 2954 2920
f 2938 2907 2937
f 2937 2907 2938
f 2955 2920 2921
f 2921 2920 2955
f 2939 2908 2938
f 2938 2908 2939
f 2922 2956 2921
f 2921 2956 2922
f 2940 2909 2939
f 2939 2909 2940
f 2923 2957 2922
f 2922 2957 2923
f 2941 2910 2940
f 2940 2910 2941
f 2936 2958 2923
f 2923 2958 2936
f 2959 2933 2924
f 2924 2933 2959
f 2960 2924 2925
f 2925 2924 2960
f 2961 2925 2926
f 2926 2925 2961
f 2962 2926 2927
f 2927 2926 2962
f 2963 2927 2941
f 2941 2927 2963
f 2928 2942 2964
f 2964 2942 2928
f 2911 2943 2942
f 2942 2943 2911
f 2929 2928 2965
f 2965 2928 2929
f 2912 2944 2943
f 2943 2944 2912
f 2930 2929 2966
f 2966 2929 2930
f 2913 2945 2944
f 2944 2945 2913
f 2932 2930 2967
f 2967 2930 2932
f 2931 2968 2945
f 2945 2968 2931
f 2935 2932 2969
f 2969 2932 2935
f 2970 2946 2933
f 2933 2946 2970
f 2934 2946 2971
f 2971 2946 2934
f 2947 2934 2971
f 2971 2934 2947
f 2948 2915 2947
f 2947 2915 2948
f 2968 2931 2948
f 2948 2931 2968
f 2949 2935 2972
f 2972 2935 2949
f 2950 2916 2949
f 2949 2916 2950
f 2951 2917 2950
f 2950 2917 2951
f 2952 2918 2951
f 2951 2918 2952
f 2953 2919 2952
f 2952 2919 2953
f 2973 2936 2953
f 2953 2936 2973
f 2920 2974 2954
f 2954 2974 2920
f 2937 2954 2975
f 2975 2954 2937
f 2937 2976 2938
f 2938 2976 2937
f 2920 2955 2977
f 2977 2955 2920
f 2921 2978 2955
f 2955 2978 2921
f 2938 2979 2939
f 2939 2979 2938
f 2922 2957 2956
f 2956 2957 2922
f 2921 2956 2978
f 2978 2956 2921
f 2939 2980 2940
f 2940 2980 2939
f 2923 2958 2957
f 2957 2958 2923
f 2940 2981 2941
f 2941 2981 2940
f 2936 2973 2958
f 2958 2973 2936
f 2933 2959 2970
f 2970 2959 2933
f 2924 2960 2959
f 2959 2960 2924
f 2925 2961 2960
f 2960 2961 2925
f 2926 2962 2961
f 2961 2962 2926
f 2927 2963 2962
f 2962 2963 2927
f 2941 2982 2963
f 2963 2982 2941
f 2983 2964 2942
f 2942 2964 2983
f 2964 2965 2928
f 2928 2965 2964
f 2984 2942 2943
f 2943 2942 2984
f 2965 2966 2929
f 2929 2966 2965
f 2985 2943 2944
f 2944 2943 2985
f 2986 2930 2966
f 2966 2930 2986
f 2987 2944 2945
f 2945 2944 2987
f 2930 2986 2967
f 2967 2986 2930
f 2988 2932 2967
f 2967 2932 2988
f 2989 2945 2968
f 2968 2945 2989
f 2932 2988 2969
f 2969 2988 2932
f 2969 2972 2935
f 2935 2972 2969
f 2946 2970 2990
f 2990 2970 2946
f 2946 2991 2971
f 2971 2991 2946
f 2971 2992 2947
f 2947 2992 2971
f 2947 2993 2948
f 2948 2993 2947
f 2948 2994 2968
f 2968 2994 2948
f 2995 2949 2972
f 2972 2949 2995
f 2996 2950 2949
f 2949 2950 2996
f 2997 2951 2950
f 2950 2951 2997
f 2998 2952 2951
f 2951 2952 2998
f 2999 2953 2952
f 2952 2953 2999
f 2953 2999 2973
f 2973 2999 2953
f 2920 2977 2974
f 2974 2977 2920
f 2974 3000 2954
f 2954 3000 2974
f 3000 2975 2954
f 2954 2975 3000
f 2937 2975 3001
f 3001 2975 2937
f 2937 3002 2976
f 2976 3002 2937
f 2938 2976 3003
f 3003 2976 2938
f 2955 3004 2977
f 2977 3004 2955
f 2955 2978 3005
f 3005 2978 2955
f 2938 3006 2979
f 2979 3006 2938
f 2939 2979 3007
f 3007 2979 2939
f 2957 3008 2956
f 2956 3008 2957
f 2956 3009 2978
f 2978 3009 2956
f 2939 3010 2980
f 2980 3010 2939
f 2940 2980 2981
f 2981 2980 2940
f 2958 3011 2957
f 2957 3011 2958
f 2941 2981 2982
f 2982 2981 2941
f 2973 3012 2958
f 2958 3012 2973
f 3013 2970 2959
f 2959 2970 3013
f 3014 2959 2960
f 2960 2959 3014
f 3015 2960 2961
f 2961 2960 3015
f 3016 2961 2962
f 2962 2961 3016
f 3017 2962 2963
f 2963 2962 3017
f 2963 2982 3017
f 3017 2982 2963
f 2964 2983 3018
f 3018 2983 2964
f 2942 2984 2983
f 2983 2984 2942
f 2965 2964 3019
f 3019 2964 2965
f 2943 2985 2984
f 2984 2985 2943
f 2966 2965 3020
f 3020 2965 2966
f 2944 2987 2985
f 2985 2987 2944
f 2966 3021 2986
f 2986 3021 2966
f 2945 2989 2987
f 2987 2989 2945
f 3022 2967 2986
f 2986 2967 3022
f 2967 3022 2988
f 2988 3022 2967
f 2968 3023 2989
f 2989 3023 2968
f 3024 2969 2988
f 2988 2969 3024
f 2972 2969 3025
f 3025 2969 2972
f 3026 2990 2970
f 2970 2990 3026
f 2991 2946 2990
f 2990 2946 2991
f 2992 2971 2991
f 2991 2971 2992
f 2993 2947 2992
f 2992 2947 2993
f 2994 2948 2993
f 2993 2948 2994
f 3023 2968 2994
f 2994 2968 3023
f 2949 2995 2996
f 2996 2995 2949
f 2972 3027 2995
f 2995 3027 2972
f 2950 2996 2997
f 2997 2996 2950
f 2951 2997 2998
f 2998 2997 2951
f 2952 2998 2999
f 2999 2998 2952
f 3012 2973 2999
f 2999 2973 3012
f 2977 3028 2974
f 2974 3028 2977
f 3000 2974 3028
f 3028 2974 3000
f 2975 3000 3029
f 3029 3000 2975
f 3029 3001 2975
f 2975 3001 3029
f 2937 3001 3002
f 3002 3001 2937
f 3030 2976 3002
f 3002 2976 3030
f 3031 3003 2976
f 2976 3003 3031
f 2938 3003 3006
f 3006 3003 2938
f 3004 2955 3032
f 3032 2955 3004
f 3028 2977 3004
f 3004 2977 3028
f 3005 2978 3033
f 3033 2978 3005
f 3005 3032 2955
f 2955 3032 3005
f 3006 3034 2979
f 2979 3034 3006
f 2979 3035 3007
f 3007 3035 2979
f 2939 3007 3036
f 3036 3007 2939
f 3008 2957 3011
f 3011 2957 3008
f 3009 2956 3008
f 3008 2956 3009
f 3037 2978 3009
f 3009 2978 3037
f 2939 3036 3010
f 3010 3036 2939
f 3038 2980 3010
f 3010 2980 3038
f 3039 2981 2980
f 2980 2981 3039
f 3011 2958 3012
f 3012 2958 3011
f 3040 2982 2981
f 2981 2982 3040
f 2970 3013 3026
f 3026 3013 2970
f 2959 3014 3013
f 3013 3014 2959
f 2960 3015 3014
f 3014 3015 2960
f 2961 3016 3015
f 3015 3016 2961
f 2962 3017 3016
f 3016 3017 2962
f 3041 3017 2982
f 2982 3017 3041
f 3042 3018 2983
f 2983 3018 3042
f 3018 3019 2964
f 2964 3019 3018
f 3043 2983 2984
f 2984 2983 3043
f 3019 3020 2965
f 2965 3020 3019
f 3044 2984 2985
f 2985 2984 3044
f 3021 2966 3020
f 3020 2966 3021
f 3045 2985 2987
f 2987 2985 3045
f 3046 2986 3021
f 3021 2986 3046
f 3047 2987 2989
f 2989 2987 3047
f 2986 3046 3022
f 3022 3046 2986
f 3048 2988 3022
f 3022 2988 3048
f 3049 2989 3023
f 3023 2989 3049
f 2969 3024 3025
f 3025 3024 2969
f 2988 3048 3024
f 3024 3048 2988
f 3027 2972 3025
f 3025 2972 3027
f 2990 3026 3050
f 3050 3026 2990
f 3050 2991 2990
f 2990 2991 3050
f 3051 2992 2991
f 2991 2992 3051
f 3052 2993 2992
f 2992 2993 3052
f 3053 2994 2993
f 2993 2994 3053
f 3054 3023 2994
f 2994 3023 3054
f 3055 2996 2995
f 2995 2996 3055
f 3056 2995 3027
f 3027 2995 3056
f 3057 2997 2996
f 2996 2997 3057
f 3058 2998 2997
f 2997 2998 3058
f 3059 2999 2998
f 2998 2999 3059
f 2999 3059 3012
f 3012 3059 2999
f 3028 3060 3000
f 3000 3060 3028
f 3000 3061 3029
f 3029 3061 3000
f 3001 3029 3062
f 3062 3029 3001
f 3062 3002 3001
f 3001 3002 3062
f 2976 3030 3031
f 3031 3030 2976
f 3002 3062 3030
f 3030 3062 3002
f 3003 3031 3063
f 3063 3031 3003
f 3063 3006 3003
f 3003 3006 3063
f 3064 3004 3032
f 3032 3004 3064
f 3004 3065 3028
f 3028 3065 3004
f 3033 2978 3066
f 3066 2978 3033
f 3033 3064 3005
f 3005 3064 3033
f 3032 3005 3064
f 3064 3005 3032
f 3034 3006 3067
f 3067 3006 3034
f 3035 2979 3034
f 3034 2979 3035
f 3068 3007 3035
f 3035 3007 3068
f 3007 3068 3036
f 3036 3068 3007
f 3011 3069 3008
f 3008 3069 3011
f 3008 3070 3009
f 3009 3070 3008
f 2978 3037 3071
f 3071 3037 2978
f 3009 3072 3037
f 3037 3072 3009
f 3073 3010 3036
f 3036 3010 3073
f 2980 3038 3039
f 3039 3038 2980
f 3010 3074 3038
f 3038 3074 3010
f 2981 3039 3040
f 3040 3039 2981
f 3012 3075 3011
f 3011 3075 3012
f 2982 3040 3041
f 3041 3040 2982
f 3013 3076 3026
f 3026 3076 3013
f 3014 3077 3013
f 3013 3077 3014
f 3015 3078 3014
f 3014 3078 3015
f 3016 3079 3015
f 3015 3079 3016
f 3017 3041 3016
f 3016 3041 3017
f 3018 3042 3080
f 3080 3042 3018
f 2983 3043 3042
f 3042 3043 2983
f 3019 3018 3081
f 3081 3018 3019
f 2984 3044 3043
f 3043 3044 2984
f 3020 3019 3082
f 3082 3019 3020
f 2985 3045 3044
f 3044 3045 2985
f 3020 3083 3021
f 3021 3083 3020
f 2987 3047 3045
f 3045 3047 2987
f 3021 3084 3046
f 3046 3084 3021
f 2989 3049 3047
f 3047 3049 2989
f 3085 3022 3046
f 3046 3022 3085
f 3022 3085 3048
f 3048 3085 3022
f 3086 3049 3023
f 3023 3049 3086
f 3024 3027 3025
f 3025 3027 3024
f 3048 3087 3024
f 3024 3087 3048
f 3026 3088 3050
f 3050 3088 3026
f 2991 3050 3051
f 3051 3050 2991
f 2992 3051 3052
f 3052 3051 2992
f 2993 3052 3053
f 3053 3052 2993
f 2994 3053 3054
f 3054 3053 2994
f 3023 3054 3086
f 3086 3054 3023
f 2996 3055 3057
f 3057 3055 2996
f 2995 3056 3055
f 3055 3056 2995
f 3087 3056 3027
f 3027 3056 3087
f 2997 3057 3058
f 3058 3057 2997
f 2998 3058 3059
f 3059 3058 2998
f 3075 3012 3059
f 3059 3012 3075
f 3028 3065 3060
f 3060 3065 3028
f 3000 3060 3061
f 3061 3060 3000
f 3029 3061 3089
f 3089 3061 3029
f 3029 3089 3062
f 3062 3089 3029
f 3030 3090 3031
f 3031 3090 3030
f 3062 3091 3030
f 3030 3091 3062
f 3031 3092 3063
f 3063 3092 3031
f 3006 3063 3067
f 3067 3063 3006
f 3004 3064 3065
f 3065 3064 3004
f 3066 2978 3071
f 3071 2978 3066
f 3066 3065 3033
f 3033 3065 3066
f 3064 3033 3065
f 3065 3033 3064
f 3067 3093 3034
f 3034 3093 3067
f 3034 3094 3035
f 3035 3094 3034
f 3035 3094 3068
f 3068 3094 3035
f 3094 3036 3068
f 3068 3036 3094
f 3069 3011 3075
f 3075 3011 3069
f 3070 3008 3069
f 3069 3008 3070
f 3072 3009 3070
f 3070 3009 3072
f 3074 3071 3037
f 3037 3071 3074
f 3095 3037 3072
f 3072 3037 3095
f 3096 3010 3073
f 3073 3010 3096
f 3036 3094 3073
f 3073 3094 3036
f 3097 3039 3038
f 3038 3039 3097
f 3074 3010 3098
f 3098 3010 3074
f 3095 3038 3074
f 3074 3038 3095
f 3099 3040 3039
f 3039 3040 3099
f 3100 3041 3040
f 3040 3041 3100
f 3076 3013 3077
f 3077 3013 3076
f 3088 3026 3076
f 3076 3026 3088
f 3077 3014 3078
f 3078 3014 3077
f 3078 3015 3079
f 3079 3015 3078
f 3079 3016 3041
f 3041 3016 3079
f 3101 3080 3042
f 3042 3080 3101
f 3080 3081 3018
f 3018 3081 3080
f 3102 3042 3043
f 3043 3042 3102
f 3081 3082 3019
f 3019 3082 3081
f 3103 3043 3044
f 3044 3043 3103
f 3083 3020 3082
f 3082 3020 3083
f 3104 3044 3045
f 3045 3044 3104
f 3084 3021 3083
f 3083 3021 3084
f 3104 3045 3047
f 3047 3045 3104
f 3105 3046 3084
f 3084 3046 3105
f 3106 3047 3049
f 3049 3047 3106
f 3046 3105 3085
f 3085 3105 3046
f 3085 3107 3048
f 3048 3107 3085
f 3049 3086 3108
f 3108 3086 3049
f 3027 3024 3087
f 3087 3024 3027
f 3087 3048 3107
f 3107 3048 3087
f 3088 3051 3050
f 3050 3051 3088
f 3109 3052 3051
f 3051 3052 3109
f 3110 3053 3052
f 3052 3053 3110
f 3111 3054 3053
f 3053 3054 3111
f 3112 3086 3054
f 3054 3086 3112
f 3113 3057 3055
f 3055 3057 3113
f 3114 3055 3056
f 3056 3055 3114
f 3056 3087 3115
f 3115 3087 3056
f 3116 3058 3057
f 3057 3058 3116
f 3117 3059 3058
f 3058 3059 3117
f 3059 3117 3075
f 3075 3117 3059
f 3065 3066 3060
f 3060 3066 3065
f 3066 3061 3060
f 3060 3061 3066
f 3118 3089 3061
f 3061 3089 3118
f 3062 3089 3091
f 3091 3089 3062
f 3030 3091 3090
f 3090 3091 3030
f 3031 3090 3092
f 3092 3090 3031
f 3063 3092 3119
f 3119 3092 3063
f 3063 3119 3067
f 3067 3119 3063
f 3066 3071 3118
f 3118 3071 3066
f 3067 3119 3093
f 3093 3119 3067
f 3034 3093 3094
f 3094 3093 3034
f 3075 3120 3069
f 3069 3120 3075
f 3069 3121 3070
f 3070 3121 3069
f 3070 3122 3072
f 3072 3122 3070
f 3071 3074 3098
f 3098 3074 3071
f 3037 3095 3074
f 3074 3095 3037
f 3072 3123 3095
f 3095 3123 3072
f 3096 3098 3010
f 3010 3098 3096
f 3073 3093 3096
f 3096 3093 3073
f 3093 3073 3094
f 3094 3073 3093
f 3039 3097 3099
f 3099 3097 3039
f 3038 3095 3097
f 3097 3095 3038
f 3040 3099 3100
f 3100 3099 3040
f 3041 3100 3079
f 3079 3100 3041
f 3077 3124 3076
f 3076 3124 3077
f 3076 3125 3088
f 3088 3125 3076
f 3078 3126 3077
f 3077 3126 3078
f 3079 3127 3078
f 3078 3127 3079
f 3128 3080 3101
f 3101 3080 3128
f 3101 3042 3102
f 3102 3042 3101
f 3081 3080 3129
f 3129 3080 3081
f 3102 3043 3103
f 3103 3043 3102
f 3082 3081 3130
f 3130 3081 3082
f 3103 3044 3104
f 3104 3044 3103
f 3082 3131 3083
f 3083 3131 3082
f 3083 3132 3084
f 3084 3132 3083
f 3104 3047 3133
f 3133 3047 3104
f 3084 3134 3105
f 3105 3134 3084
f 3133 3047 3106
f 3106 3047 3133
f 3106 3049 3108
f 3108 3049 3106
f 3105 3135 3085
f 3085 3135 3105
f 3107 3085 3135
f 3135 3085 3107
f 3136 3108 3086
f 3086 3108 3136
f 3107 3115 3087
f 3087 3115 3107
f 3051 3088 3109
f 3109 3088 3051
f 3052 3109 3110
f 3110 3109 3052
f 3053 3110 3111
f 3111 3110 3053
f 3054 3111 3112
f 3112 3111 3054
f 3086 3112 3136
f 3136 3112 3086
f 3057 3113 3116
f 3116 3113 3057
f 3055 3114 3113
f 3113 3114 3055
f 3056 3137 3114
f 3114 3137 3056
f 3137 3056 3115
f 3115 3056 3137
f 3058 3116 3117
f 3117 3116 3058
f 3120 3075 3117
f 3117 3075 3120
f 3061 3066 3118
f 3118 3066 3061
f 3089 3118 3138
f 3138 3118 3089
f 3138 3091 3089
f 3089 3091 3138
f 3139 3090 3091
f 3091 3090 3139
f 3140 3092 3090
f 3090 3092 3140
f 3141 3119 3092
f 3092 3119 3141
f 3118 3071 3138
f 3138 3071 3118
f 3119 3096 3093
f 3093 3096 3119
f 3121 3069 3120
f 3120 3069 3121
f 3122 3070 3121
f 3121 3070 3122
f 3123 3072 3122
f 3122 3072 3123
f 3139 3071 3098
f 3098 3071 3139
f 3123 3097 3095
f 3095 3097 3123
f 3142 3098 3096
f 3096 3098 3142
f 3143 3099 3097
f 3097 3099 3143
f 3144 3100 3099
f 3099 3100 3144
f 3127 3079 3100
f 3100 3079 3127
f 3124 3077 3126
f 3126 3077 3124
f 3125 3076 3124
f 3124 3076 3125
f 3125 3109 3088
f 3088 3109 3125
f 3126 3078 3127
f 3127 3078 3126
f 3128 3129 3080
f 3080 3129 3128
f 3145 3128 3101
f 3101 3128 3145
f 3146 3101 3102
f 3102 3101 3146
f 3129 3130 3081
f 3081 3130 3129
f 3147 3102 3103
f 3103 3102 3147
f 3131 3082 3130
f 3130 3082 3131
f 3148 3103 3104
f 3104 3103 3148
f 3132 3083 3131
f 3131 3083 3132
f 3134 3084 3132
f 3132 3084 3134
f 3133 3148 3104
f 3104 3148 3133
f 3134 3149 3105
f 3105 3149 3134
f 3106 3150 3133
f 3133 3150 3106
f 3108 3136 3106
f 3106 3136 3108
f 3135 3105 3149
f 3149 3105 3135
f 3135 3151 3107
f 3107 3151 3135
f 3115 3107 3151
f 3151 3107 3115
f 3152 3110 3109
f 3109 3110 3152
f 3153 3111 3110
f 3110 3111 3153
f 3154 3112 3111
f 3111 3112 3154
f 3155 3136 3112
f 3112 3136 3155
f 3156 3116 3113
f 3113 3116 3156
f 3157 3113 3114
f 3114 3113 3157
f 3158 3114 3137
f 3137 3114 3158
f 3151 3137 3115
f 3115 3137 3151
f 3159 3117 3116
f 3116 3117 3159
f 3117 3159 3120
f 3120 3159 3117
f 3091 3138 3139
f 3139 3138 3091
f 3090 3139 3140
f 3140 3139 3090
f 3092 3140 3141
f 3141 3140 3092
f 3119 3141 3142
f 3142 3141 3119
f 3138 3071 3139
f 3139 3071 3138
f 3096 3119 3142
f 3142 3119 3096
f 3120 3160 3121
f 3121 3160 3120
f 3121 3161 3122
f 3122 3161 3121
f 3122 3162 3123
f 3123 3162 3122
f 3139 3098 3140
f 3140 3098 3139
f 3097 3123 3143
f 3143 3123 3097
f 3141 3098 3142
f 3142 3098 3141
f 3099 3143 3144
f 3144 3143 3099
f 3100 3144 3127
f 3127 3144 3100
f 3126 3163 3124
f 3124 3163 3126
f 3124 3164 3125
f 3125 3164 3124
f 3109 3125 3152
f 3152 3125 3109
f 3127 3165 3126
f 3126 3165 3127
f 3166 3129 3128
f 3128 3129 3166
f 3128 3145 3167
f 3167 3145 3128
f 3101 3146 3145
f 3145 3146 3101
f 3102 3147 3146
f 3146 3147 3102
f 3130 3129 3168
f 3168 3129 3130
f 3103 3148 3147
f 3147 3148 3103
f 3130 3169 3131
f 3131 3169 3130
f 3131 3170 3132
f 3132 3170 3131
f 3170 3134 3132
f 3132 3134 3170
f 3148 3133 3150
f 3150 3133 3148
f 3149 3134 3171
f 3171 3134 3149
f 3150 3106 3136
f 3136 3106 3150
f 3149 3172 3135
f 3135 3172 3149
f 3151 3135 3172
f 3172 3135 3151
f 3110 3152 3153
f 3153 3152 3110
f 3111 3153 3154
f 3154 3153 3111
f 3112 3154 3155
f 3155 3154 3112
f 3136 3155 3150
f 3150 3155 3136
f 3116 3156 3159
f 3159 3156 3116
f 3113 3157 3156
f 3156 3157 3113
f 3114 3158 3157
f 3157 3158 3114
f 3173 3158 3137
f 3137 3158 3173
f 3137 3151 3173
f 3173 3151 3137
f 3160 3120 3159
f 3159 3120 3160
f 3140 3098 3141
f 3141 3098 3140
f 3161 3121 3160
f 3160 3121 3161
f 3162 3122 3161
f 3161 3122 3162
f 3162 3143 3123
f 3123 3143 3162
f 3174 3144 3143
f 3143 3144 3174
f 3165 3127 3144
f 3144 3127 3165
f 3163 3126 3165
f 3165 3126 3163
f 3164 3124 3163
f 3163 3124 3164
f 3175 3125 3164
f 3164 3125 3175
f 3125 3175 3152
f 3152 3175 3125
f 3166 3168 3129
f 3129 3168 3166
f 3167 3166 3128
f 3128 3166 3167
f 3176 3167 3145
f 3145 3167 3176
f 3177 3145 3146
f 3146 3145 3177
f 3178 3146 3147
f 3147 3146 3178
f 3169 3130 3168
f 3168 3130 3169
f 3179 3147 3148
f 3148 3147 3179
f 3170 3131 3169
f 3169 3131 3170
f 3134 3170 3180
f 3180 3170 3134
f 3150 3179 3148
f 3148 3179 3150
f 3180 3171 3134
f 3134 3171 3180
f 3171 3181 3149
f 3149 3181 3171
f 3172 3149 3181
f 3181 3149 3172
f 3172 3173 3151
f 3151 3173 3172
f 3175 3153 3152
f 3152 3153 3175
f 3182 3154 3153
f 3153 3154 3182
f 3183 3155 3154
f 3154 3155 3183
f 3179 3150 3155
f 3155 3150 3179
f 3184 3159 3156
f 3156 3159 3184
f 3185 3156 3157
f 3157 3156 3185
f 3158 3185 3157
f 3157 3185 3158
f 3158 3173 3186
f 3186 3173 3158
f 3159 3184 3160
f 3160 3184 3159
f 3160 3187 3161
f 3161 3187 3160
f 3161 3188 3162
f 3162 3188 3161
f 3143 3162 3174
f 3174 3162 3143
f 3144 3174 3165
f 3165 3174 3144
f 3165 3189 3163
f 3163 3189 3165
f 3163 3190 3164
f 3164 3190 3163
f 3164 3191 3175
f 3175 3191 3164
f 3192 3168 3166
f 3166 3168 3192
f 3166 3167 3193
f 3193 3167 3166
f 3167 3176 3194
f 3194 3176 3167
f 3145 3177 3176
f 3176 3177 3145
f 3146 3178 3177
f 3177 3178 3146
f 3147 3179 3178
f 3178 3179 3147
f 3192 3169 3168
f 3168 3169 3192
f 3195 3170 3169
f 3169 3170 3195
f 3170 3196 3180
f 3180 3196 3170
f 3171 3180 3196
f 3196 3180 3171
f 3181 3171 3197
f 3197 3171 3181
f 3181 3198 3172
f 3172 3198 3181
f 3173 3172 3198
f 3198 3172 3173
f 3153 3175 3182
f 3182 3175 3153
f 3154 3182 3183
f 3183 3182 3154
f 3155 3183 3179
f 3179 3183 3155
f 3156 3185 3184
f 3184 3185 3156
f 3185 3158 3199
f 3199 3158 3185
f 3198 3186 3173
f 3173 3186 3198
f 3186 3199 3158
f 3158 3199 3186
f 3187 3160 3184
f 3184 3160 3187
f 3188 3161 3187
f 3187 3161 3188
f 3188 3174 3162
f 3162 3174 3188
f 3189 3165 3174
f 3174 3165 3189
f 3190 3163 3189
f 3189 3163 3190
f 3191 3164 3190
f 3190 3164 3191
f 3200 3175 3191
f 3191 3175 3200
f 3193 3192 3166
f 3166 3192 3193
f 3194 3193 3167
f 3167 3193 3194
f 3201 3194 3176
f 3176 3194 3201
f 3202 3176 3177
f 3177 3176 3202
f 3203 3177 3178
f 3178 3177 3203
f 3183 3178 3179
f 3179 3178 3183
f 3195 3169 3192
f 3192 3169 3195
f 3196 3170 3195
f 3195 3170 3196
f 3196 3197 3171
f 3171 3197 3196
f 3197 3204 3181
f 3181 3204 3197
f 3198 3181 3204
f 3204 3181 3198
f 3175 3200 3182
f 3182 3200 3175
f 3182 3203 3183
f 3183 3203 3182
f 3205 3184 3185
f 3185 3184 3205
f 3199 3205 3185
f 3185 3205 3199
f 3186 3198 3206
f 3206 3198 3186
f 3199 3186 3207
f 3207 3186 3199
f 3184 3205 3187
f 3187 3205 3184
f 3187 3208 3188
f 3188 3208 3187
f 3174 3188 3189
f 3189 3188 3174
f 3189 3208 3190
f 3190 3208 3189
f 3190 3209 3191
f 3191 3209 3190
f 3191 3210 3200
f 3200 3210 3191
f 3192 3193 3211
f 3211 3193 3192
f 3193 3194 3212
f 3212 3194 3193
f 3194 3201 3213
f 3213 3201 3194
f 3176 3202 3201
f 3201 3202 3176
f 3177 3203 3202
f 3202 3203 3177
f 3178 3183 3203
f 3203 3183 3178
f 3211 3195 3192
f 3192 3195 3211
f 3197 3196 3195
f 3195 3196 3197
f 3204 3197 3211
f 3211 3197 3204
f 3204 3206 3198
f 3198 3206 3204
f 3203 3182 3200
f 3200 3182 3203
f 3205 3199 3214
f 3214 3199 3205
f 3206 3207 3186
f 3186 3207 3206
f 3207 3214 3199
f 3199 3214 3207
f 3208 3187 3205
f 3205 3187 3208
f 3208 3189 3188
f 3188 3189 3208
f 3209 3190 3208
f 3208 3190 3209
f 3210 3191 3209
f 3209 3191 3210
f 3202 3200 3210
f 3210 3200 3202
f 3212 3211 3193
f 3193 3211 3212
f 3213 3212 3194
f 3194 3212 3213
f 3215 3213 3201
f 3201 3213 3215
f 3210 3201 3202
f 3202 3201 3210
f 3200 3202 3203
f 3203 3202 3200
f 3195 3211 3197
f 3197 3211 3195
f 3211 3212 3204
f 3204 3212 3211
f 3206 3204 3212
f 3212 3204 3206
f 3214 3208 3205
f 3205 3208 3214
f 3207 3206 3213
f 3213 3206 3207
f 3214 3207 3215
f 3215 3207 3214
f 3208 3214 3209
f 3209 3214 3208
f 3209 3215 3210
f 3210 3215 3209
f 3212 3213 3206
f 3206 3213 3212
f 3213 3215 3207
f 3207 3215 3213
f 3201 3210 3215
f 3215 3210 3201
f 3215 3209 3214
f 3214 3209 3215
f 3216 3217 3218
f 3217 3216 3219
f 3218 3217 3216
f 3219 3216 3217
f 3220 3218 3217
f 3217 3218 3220
f 3218 3221 3216
f 3216 3221 3218
f 3222 3219 3216
f 3216 3219 3222
f 3223 3217 3219
f 3219 3217 3223
f 3218 3220 3224
f 3224 3220 3218
f 3223 3220 3217
f 3217 3220 3223
f 3218 3225 3221
f 3221 3225 3218
f 3216 3221 3226
f 3226 3221 3216
f 3219 3222 3227
f 3227 3222 3219
f 3216 3226 3222
f 3222 3226 3216
f 3223 3219 3227
f 3227 3219 3223
f 3220 3225 3224
f 3224 3225 3220
f 3225 3218 3224
f 3224 3218 3225
f 3220 3223 3228
f 3228 3223 3220
f 3229 3221 3225
f 3225 3221 3229
f 3230 3226 3221
f 3221 3226 3230
f 3222 3231 3227
f 3227 3231 3222
f 3222 3226 3232
f 3232 3226 3222
f 3223 3227 3233
f 3233 3227 3223
f 3225 3220 3229
f 3229 3220 3225
f 3234 3228 3223
f 3223 3228 3234
f 3228 3235 3220
f 3220 3235 3228
f 3221 3229 3230
f 3230 3229 3221
f 3226 3230 3236
f 3236 3230 3226
f 3231 3222 3237
f 3237 3222 3231
f 3233 3227 3231
f 3231 3227 3233
f 3236 3232 3226
f 3226 3232 3236
f 3222 3232 3238
f 3238 3232 3222
f 3239 3223 3233
f 3233 3223 3239
f 3220 3235 3229
f 3229 3235 3220
f 3228 3234 3240
f 3240 3234 3228
f 3223 3239 3234
f 3234 3239 3223
f 3228 3241 3235
f 3235 3241 3228
f 3229 3235 3230
f 3230 3235 3229
f 3230 3242 3236
f 3236 3242 3230
f 3222 3238 3237
f 3237 3238 3222
f 3237 3243 3231
f 3231 3243 3237
f 3233 3231 3243
f 3243 3231 3233
f 3232 3236 3244
f 3244 3236 3232
f 3232 3245 3238
f 3238 3245 3232
f 3233 3246 3239
f 3239 3246 3233
f 3247 3240 3234
f 3234 3240 3247
f 3240 3248 3228
f 3228 3248 3240
f 3249 3234 3239
f 3239 3234 3249
f 3248 3241 3228
f 3228 3241 3248
f 3241 3250 3235
f 3235 3250 3241
f 3230 3235 3242
f 3242 3235 3230
f 3236 3242 3244
f 3244 3242 3236
f 3237 3238 3251
f 3251 3238 3237
f 3243 3237 3252
f 3252 3237 3243
f 3233 3243 3253
f 3253 3243 3233
f 3244 3254 3232
f 3232 3254 3244
f 3245 3232 3254
f 3254 3232 3245
f 3245 3255 3238
f 3238 3255 3245
f 3246 3233 3253
f 3253 3233 3246
f 3256 3239 3246
f 3246 3239 3256
f 3247 3257 3240
f 3240 3257 3247
f 3247 3234 3249
f 3249 3234 3247
f 3248 3240 3257
f 3257 3240 3248
f 3249 3239 3256
f 3256 3239 3249
f 3248 3258 3241
f 3241 3258 3248
f 3250 3241 3259
f 3259 3241 3250
f 3260 3235 3250
f 3250 3235 3260
f 3235 3260 3242
f 3242 3260 3235
f 3244 3242 3261
f 3261 3242 3244
f 3238 3262 3251
f 3251 3262 3238
f 3237 3251 3263
f 3263 3251 3237
f 3237 3263 3252
f 3252 3263 3237
f 3252 3264 3243
f 3243 3264 3252
f 3253 3243 3264
f 3264 3243 3253
f 3254 3244 3261
f 3261 3244 3254
f 3245 3254 3265
f 3265 3254 3245
f 3255 3245 3266
f 3266 3245 3255
f 3262 3238 3255
f 3255 3238 3262
f 3267 3246 3253
f 3253 3246 3267
f 3256 3246 3268
f 3268 3246 3256
f 3269 3257 3247
f 3247 3257 3269
f 3270 3247 3249
f 3249 3247 3270
f 3257 3271 3248
f 3248 3271 3257
f 3272 3249 3256
f 3256 3249 3272
f 3271 3258 3248
f 3248 3258 3271
f 3258 3259 3241
f 3241 3259 3258
f 3259 3273 3250
f 3250 3273 3259
f 3250 3273 3260
f 3260 3273 3250
f 3274 3242 3260
f 3260 3242 3274
f 3261 3242 3275
f 3275 3242 3261
f 3276 3251 3262
f 3262 3251 3276
f 3251 3276 3263
f 3263 3276 3251
f 3252 3263 3277
f 3277 3263 3252
f 3264 3252 3278
f 3278 3252 3264
f 3253 3264 3279
f 3279 3264 3253
f 3261 3280 3254
f 3254 3280 3261
f 3265 3254 3281
f 3281 3254 3265
f 3265 3266 3245
f 3245 3266 3265
f 3266 3282 3255
f 3255 3282 3266
f 3255 3283 3262
f 3262 3283 3255
f 3246 3267 3268
f 3268 3267 3246
f 3253 3279 3267
f 3267 3279 3253
f 3256 3268 3284
f 3284 3268 3256
f 3269 3285 3257
f 3257 3285 3269
f 3286 3269 3247
f 3247 3269 3286
f 3247 3270 3286
f 3286 3270 3247
f 3249 3272 3270
f 3270 3272 3249
f 3271 3257 3285
f 3285 3257 3271
f 3256 3287 3272
f 3272 3287 3256
f 3271 3288 3258
f 3258 3288 3271
f 3259 3258 3289
f 3289 3258 3259
f 3259 3290 3273
f 3273 3290 3259
f 3260 3273 3291
f 3291 3273 3260
f 3242 3274 3275
f 3275 3274 3242
f 3260 3291 3274
f 3274 3291 3260
f 3261 3275 3292
f 3292 3275 3261
f 3262 3283 3276
f 3276 3283 3262
f 3293 3263 3276
f 3276 3263 3293
f 3263 3293 3277
f 3277 3293 3263
f 3252 3277 3294
f 3294 3277 3252
f 3252 3295 3278
f 3278 3295 3252
f 3278 3279 3264
f 3264 3279 3278
f 3280 3261 3292
f 3292 3261 3280
f 3296 3254 3280
f 3280 3254 3296
f 3281 3254 3296
f 3296 3254 3281
f 3281 3297 3265
f 3265 3297 3281
f 3266 3265 3297
f 3297 3265 3266
f 3282 3266 3298
f 3298 3266 3282
f 3282 3299 3255
f 3255 3299 3282
f 3255 3299 3283
f 3283 3299 3255
f 3300 3268 3267
f 3267 3268 3300
f 3267 3279 3301
f 3301 3279 3267
f 3284 3268 3302
f 3302 3268 3284
f 3287 3256 3284
f 3284 3256 3287
f 3269 3303 3285
f 3285 3303 3269
f 3269 3286 3304
f 3304 3286 3269
f 3305 3286 3270
f 3270 3286 3305
f 3306 3270 3272
f 3272 3270 3306
f 3285 3307 3271
f 3271 3307 3285
f 3308 3272 3287
f 3287 3272 3308
f 3288 3271 3307
f 3307 3271 3288
f 3288 3289 3258
f 3258 3289 3288
f 3289 3290 3259
f 3259 3290 3289
f 3309 3273 3290
f 3290 3273 3309
f 3310 3291 3273
f 3273 3291 3310
f 3274 3311 3275
f 3275 3311 3274
f 3274 3291 3312
f 3312 3291 3274
f 3292 3275 3311
f 3311 3275 3292
f 3276 3283 3313
f 3313 3283 3276
f 3276 3313 3293
f 3293 3313 3276
f 3293 3294 3277
f 3277 3294 3293
f 3252 3294 3295
f 3295 3294 3252
f 3278 3295 3314
f 3314 3295 3278
f 3279 3278 3315
f 3315 3278 3279
f 3292 3316 3280
f 3280 3316 3292
f 3296 3280 3317
f 3317 3280 3296
f 3318 3281 3296
f 3296 3281 3318
f 3297 3281 3319
f 3319 3281 3297
f 3298 3266 3297
f 3297 3266 3298
f 3320 3282 3298
f 3298 3282 3320
f 3321 3299 3282
f 3282 3299 3321
f 3322 3283 3299
f 3299 3283 3322
f 3268 3300 3302
f 3302 3300 3268
f 3267 3301 3300
f 3300 3301 3267
f 3315 3301 3279
f 3279 3301 3315
f 3284 3302 3323
f 3323 3302 3284
f 3284 3324 3287
f 3287 3324 3284
f 3325 3303 3269
f 3269 3303 3325
f 3307 3285 3303
f 3303 3285 3307
f 3326 3304 3286
f 3286 3304 3326
f 3327 3269 3304
f 3304 3269 3327
f 3286 3305 3326
f 3326 3305 3286
f 3270 3306 3305
f 3305 3306 3270
f 3272 3308 3306
f 3306 3308 3272
f 3287 3328 3308
f 3308 3328 3287
f 3303 3288 3307
f 3307 3288 3303
f 3289 3288 3329
f 3329 3288 3289
f 3329 3290 3289
f 3289 3290 3329
f 3273 3309 3310
f 3310 3309 3273
f 3290 3330 3309
f 3309 3330 3290
f 3291 3310 3331
f 3331 3310 3291
f 3311 3274 3332
f 3332 3274 3311
f 3331 3312 3291
f 3291 3312 3331
f 3274 3312 3332
f 3332 3312 3274
f 3292 3311 3333
f 3333 3311 3292
f 3334 3313 3283
f 3283 3313 3334
f 3293 3313 3335
f 3335 3313 3293
f 3294 3293 3335
f 3335 3293 3294
f 3335 3295 3294
f 3294 3295 3335
f 3336 3314 3295
f 3295 3314 3336
f 3278 3314 3337
f 3337 3314 3278
f 3278 3337 3315
f 3315 3337 3278
f 3316 3292 3333
f 3333 3292 3316
f 3338 3280 3316
f 3316 3280 3338
f 3317 3280 3338
f 3338 3280 3317
f 3339 3296 3317
f 3317 3296 3339
f 3281 3318 3319
f 3319 3318 3281
f 3296 3339 3318
f 3318 3339 3296
f 3298 3297 3319
f 3319 3297 3298
f 3282 3320 3340
f 3340 3320 3282
f 3298 3341 3320
f 3320 3341 3298
f 3321 3342 3299
f 3299 3342 3321
f 3340 3321 3282
f 3282 3321 3340
f 3283 3322 3334
f 3334 3322 3283
f 3299 3343 3322
f 3322 3343 3299
f 3344 3302 3300
f 3300 3302 3344
f 3300 3301 3345
f 3345 3301 3300
f 3301 3315 3346
f 3346 3315 3301
f 3323 3302 3347
f 3347 3302 3323
f 3324 3284 3323
f 3323 3284 3324
f 3328 3287 3324
f 3324 3287 3328
f 3325 3348 3303
f 3303 3348 3325
f 3269 3327 3325
f 3325 3327 3269
f 3304 3326 3349
f 3349 3326 3304
f 3304 3350 3327
f 3327 3350 3304
f 3351 3326 3305
f 3305 3326 3351
f 3352 3305 3306
f 3306 3305 3352
f 3353 3306 3308
f 3308 3306 3353
f 3354 3308 3328
f 3328 3308 3354
f 3288 3303 3329
f 3329 3303 3288
f 3329 3348 3290
f 3290 3348 3329
f 3355 3310 3309
f 3309 3310 3355
f 3330 3290 3348
f 3348 3290 3330
f 3356 3309 3330
f 3330 3309 3356
f 3357 3331 3310
f 3310 3331 3357
f 3332 3358 3311
f 3311 3358 3332
f 3312 3331 3359
f 3359 3331 3312
f 3332 3312 3360
f 3360 3312 3332
f 3333 3311 3361
f 3361 3311 3333
f 3313 3334 3362
f 3362 3334 3313
f 3335 3313 3336
f 3336 3313 3335
f 3295 3335 3336
f 3336 3335 3295
f 3314 3336 3363
f 3363 3336 3314
f 3363 3337 3314
f 3314 3337 3363
f 3315 3337 3364
f 3364 3337 3315
f 3333 3365 3316
f 3316 3365 3333
f 3338 3316 3366
f 3366 3316 3338
f 3367 3317 3338
f 3338 3317 3367
f 3317 3367 3339
f 3339 3367 3317
f 3298 3319 3318
f 3318 3319 3298
f 3368 3318 3339
f 3339 3318 3368
f 3369 3340 3320
f 3320 3340 3369
f 3341 3298 3368
f 3368 3298 3341
f 3370 3320 3341
f 3341 3320 3370
f 3371 3342 3321
f 3321 3342 3371
f 3343 3299 3342
f 3342 3299 3343
f 3321 3340 3372
f 3372 3340 3321
f 3322 3373 3334
f 3334 3373 3322
f 3343 3374 3322
f 3322 3374 3343
f 3302 3344 3347
f 3347 3344 3302
f 3300 3375 3344
f 3344 3375 3300
f 3346 3345 3301
f 3301 3345 3346
f 3300 3345 3376
f 3376 3345 3300
f 3315 3377 3346
f 3346 3377 3315
f 3323 3347 3378
f 3378 3347 3323
f 3323 3379 3324
f 3324 3379 3323
f 3324 3380 3328
f 3328 3380 3324
f 3325 3381 3348
f 3348 3381 3325
f 3348 3329 3303
f 3303 3329 3348
f 3382 3325 3327
f 3327 3325 3382
f 3383 3349 3326
f 3326 3349 3383
f 3350 3304 3349
f 3349 3304 3350
f 3384 3327 3350
f 3350 3327 3384
f 3326 3351 3383
f 3383 3351 3326
f 3305 3352 3351
f 3351 3352 3305
f 3306 3353 3352
f 3352 3353 3306
f 3308 3354 3353
f 3353 3354 3308
f 3328 3385 3354
f 3354 3385 3328
f 3310 3355 3357
f 3357 3355 3310
f 3309 3356 3355
f 3355 3356 3309
f 3348 3386 3330
f 3330 3386 3348
f 3330 3387 3356
f 3356 3387 3330
f 3331 3357 3388
f 3388 3357 3331
f 3358 3332 3360
f 3360 3332 3358
f 3361 3311 3358
f 3358 3311 3361
f 3388 3359 3331
f 3331 3359 3388
f 3359 3389 3312
f 3312 3389 3359
f 3360 3312 3389
f 3389 3312 3360
f 3365 3333 3361
f 3361 3333 3365
f 3334 3373 3362
f 3362 3373 3334
f 3362 3390 3313
f 3313 3390 3362
f 3336 3313 3390
f 3390 3313 3336
f 3336 3390 3363
f 3363 3390 3336
f 3337 3363 3391
f 3391 3363 3337
f 3391 3364 3337
f 3337 3364 3391
f 3315 3364 3377
f 3377 3364 3315
f 3392 3316 3365
f 3365 3316 3392
f 3366 3316 3392
f 3392 3316 3366
f 3393 3338 3366
f 3366 3338 3393
f 3338 3393 3367
f 3367 3393 3338
f 3368 3339 3367
f 3367 3339 3368
f 3298 3318 3368
f 3368 3318 3298
f 3369 3372 3340
f 3340 3372 3369
f 3369 3320 3370
f 3370 3320 3369
f 3368 3394 3341
f 3341 3394 3368
f 3370 3341 3395
f 3395 3341 3370
f 3371 3396 3342
f 3342 3396 3371
f 3321 3397 3371
f 3371 3397 3321
f 3342 3398 3343
f 3343 3398 3342
f 3397 3321 3372
f 3372 3321 3397
f 3322 3374 3373
f 3373 3374 3322
f 3398 3374 3343
f 3343 3374 3398
f 3399 3347 3344
f 3344 3347 3399
f 3300 3376 3375
f 3375 3376 3300
f 3344 3375 3400
f 3400 3375 3344
f 3345 3346 3401
f 3401 3346 3345
f 3401 3376 3345
f 3345 3376 3401
f 3346 3377 3402
f 3402 3377 3346
f 3347 3399 3378
f 3378 3399 3347
f 3323 3378 3403
f 3403 3378 3323
f 3379 3323 3403
f 3403 3323 3379
f 3380 3324 3379
f 3379 3324 3380
f 3385 3328 3380
f 3380 3328 3385
f 3404 3381 3325
f 3325 3381 3404
f 3386 3348 3381
f 3381 3348 3386
f 3325 3382 3404
f 3404 3382 3325
f 3327 3384 3382
f 3382 3384 3327
f 3349 3383 3405
f 3405 3383 3349
f 3349 3406 3350
f 3350 3406 3349
f 3350 3407 3384
f 3384 3407 3350
f 3408 3383 3351
f 3351 3383 3408
f 3409 3351 3352
f 3352 3351 3409
f 3410 3352 3353
f 3353 3352 3410
f 3411 3353 3354
f 3354 3353 3411
f 3412 3354 3385
f 3385 3354 3412
f 3413 3357 3355
f 3355 3357 3413
f 3414 3355 3356
f 3356 3355 3414
f 3387 3330 3386
f 3386 3330 3387
f 3415 3356 3387
f 3387 3356 3415
f 3416 3388 3357
f 3357 3388 3416
f 3360 3417 3358
f 3358 3417 3360
f 3361 3358 3418
f 3418 3358 3361
f 3359 3388 3419
f 3419 3388 3359
f 3389 3359 3420
f 3420 3359 3389
f 3360 3389 3421
f 3421 3389 3360
f 3361 3422 3365
f 3365 3422 3361
f 3362 3373 3423
f 3423 3373 3362
f 3390 3362 3424
f 3424 3362 3390
f 3363 3390 3391
f 3391 3390 3363
f 3364 3391 3425
f 3425 3391 3364
f 3425 3377 3364
f 3364 3377 3425
f 3392 3365 3426
f 3426 3365 3392
f 3427 3366 3392
f 3392 3366 3427
f 3366 3427 3393
f 3393 3427 3366
f 3428 3367 3393
f 3393 3367 3428
f 3368 3367 3428
f 3428 3367 3368
f 3369 3397 3372
f 3372 3397 3369
f 3429 3369 3370
f 3370 3369 3429
f 3394 3368 3428
f 3428 3368 3394
f 3395 3341 3394
f 3394 3341 3395
f 3430 3370 3395
f 3395 3370 3430
f 3431 3396 3371
f 3371 3396 3431
f 3398 3342 3396
f 3396 3342 3398
f 3432 3371 3397
f 3397 3371 3432
f 3374 3433 3373
f 3373 3433 3374
f 3434 3374 3398
f 3398 3374 3434
f 3344 3435 3399
f 3399 3435 3344
f 3436 3375 3376
f 3376 3375 3436
f 3375 3437 3400
f 3400 3437 3375
f 3344 3400 3417
f 3417 3400 3344
f 3346 3422 3401
f 3401 3422 3346
f 3376 3401 3436
f 3436 3401 3376
f 3377 3438 3402
f 3402 3438 3377
f 3346 3402 3439
f 3439 3402 3346
f 3440 3378 3399
f 3399 3378 3440
f 3403 3378 3441
f 3441 3378 3403
f 3403 3442 3379
f 3379 3442 3403
f 3379 3443 3380
f 3380 3443 3379
f 3380 3444 3385
f 3385 3444 3380
f 3404 3445 3381
f 3381 3445 3404
f 3381 3446 3386
f 3386 3446 3381
f 3447 3404 3382
f 3382 3404 3447
f 3448 3382 3384
f 3384 3382 3448
f 3449 3405 3383
f 3383 3405 3449
f 3406 3349 3405
f 3405 3349 3406
f 3407 3350 3406
f 3406 3350 3407
f 3450 3384 3407
f 3407 3384 3450
f 3383 3408 3449
f 3449 3408 3383
f 3351 3409 3408
f 3408 3409 3351
f 3352 3410 3409
f 3409 3410 3352
f 3353 3411 3410
f 3410 3411 3353
f 3354 3412 3411
f 3411 3412 3354
f 3385 3451 3412
f 3412 3451 3385
f 3357 3413 3416
f 3416 3413 3357
f 3355 3414 3413
f 3413 3414 3355
f 3356 3415 3414
f 3414 3415 3356
f 3386 3452 3387
f 3387 3452 3386
f 3387 3453 3415
f 3415 3453 3387
f 3388 3416 3454
f 3454 3416 3388
f 3417 3360 3421
f 3421 3360 3417
f 3455 3358 3417
f 3417 3358 3455
f 3418 3358 3455
f 3455 3358 3418
f 3422 3361 3418
f 3418 3361 3422
f 3454 3419 3388
f 3388 3419 3454
f 3419 3420 3359
f 3359 3420 3419
f 3420 3456 3389
f 3389 3456 3420
f 3421 3389 3456
f 3456 3389 3421
f 3457 3365 3422
f 3422 3365 3457
f 3433 3423 3373
f 3373 3423 3433
f 3362 3423 3424
f 3424 3423 3362
f 3424 3458 3390
f 3390 3458 3424
f 3391 3390 3458
f 3458 3390 3391
f 3391 3458 3425
f 3425 3458 3391
f 3377 3425 3459
f 3459 3425 3377
f 3426 3365 3460
f 3460 3365 3426
f 3461 3392 3426
f 3426 3392 3461
f 3392 3461 3427
f 3427 3461 3392
f 3428 3393 3427
f 3427 3393 3428
f 3462 3397 3369
f 3369 3397 3462
f 3369 3429 3463
f 3463 3429 3369
f 3370 3430 3429
f 3429 3430 3370
f 3428 3464 3394
f 3394 3464 3428
f 3395 3394 3464
f 3464 3394 3395
f 3465 3430 3395
f 3395 3430 3465
f 3396 3431 3466
f 3466 3431 3396
f 3371 3432 3431
f 3431 3432 3371
f 3396 3434 3398
f 3398 3434 3396
f 3462 3432 3397
f 3397 3432 3462
f 3433 3374 3467
f 3467 3374 3433
f 3374 3434 3468
f 3468 3434 3374
f 3344 3417 3435
f 3435 3417 3344
f 3399 3435 3469
f 3469 3435 3399
f 3375 3436 3470
f 3470 3436 3375
f 3437 3375 3470
f 3470 3375 3437
f 3471 3400 3437
f 3437 3400 3471
f 3472 3417 3400
f 3400 3417 3472
f 3473 3422 3346
f 3346 3422 3473
f 3401 3422 3474
f 3474 3422 3401
f 3401 3474 3436
f 3436 3474 3401
f 3438 3377 3459
f 3459 3377 3438
f 3475 3402 3438
f 3438 3402 3475
f 3402 3475 3439
f 3439 3475 3402
f 3346 3439 3473
f 3473 3439 3346
f 3378 3440 3441
f 3441 3440 3378
f 3399 3469 3440
f 3440 3469 3399
f 3403 3441 3476
f 3476 3441 3403
f 3442 3403 3477
f 3477 3403 3442
f 3443 3379 3442
f 3442 3379 3443
f 3444 3380 3443
f 3443 3380 3444
f 3451 3385 3444
f 3444 3385 3451
f 3445 3404 3478
f 3478 3404 3445
f 3446 3381 3445
f 3445 3381 3446
f 3452 3386 3446
f 3446 3386 3452
f 3404 3447 3478
f 3478 3447 3404
f 3382 3448 3447
f 3447 3448 3382
f 3384 3450 3448
f 3448 3450 3384
f 3405 3449 3479
f 3479 3449 3405
f 3405 3480 3406
f 3406 3480 3405
f 3406 3481 3407
f 3407 3481 3406
f 3407 3482 3450
f 3450 3482 3407
f 3483 3449 3408
f 3408 3449 3483
f 3484 3408 3409
f 3409 3408 3484
f 3485 3409 3410
f 3410 3409 3485
f 3486 3410 3411
f 3411 3410 3486
f 3487 3411 3412
f 3412 3411 3487
f 3488 3412 3451
f 3451 3412 3488
f 3489 3416 3413
f 3413 3416 3489
f 3490 3413 3414
f 3414 3413 3490
f 3491 3414 3415
f 3415 3414 3491
f 3453 3387 3452
f 3452 3387 3453
f 3492 3415 3453
f 3453 3415 3492
f 3493 3454 3416
f 3416 3454 3493
f 3421 3435 3417
f 3417 3435 3421
f 3455 3417 3472
f 3472 3417 3455
f 3455 3422 3418
f 3418 3422 3455
f 3419 3454 3494
f 3494 3454 3419
f 3420 3419 3495
f 3495 3419 3420
f 3456 3420 3496
f 3496 3420 3456
f 3421 3456 3497
f 3497 3456 3421
f 3460 3365 3457
f 3457 3365 3460
f 3457 3422 3473
f 3473 3422 3457
f 3423 3433 3498
f 3498 3433 3423
f 3424 3423 3499
f 3499 3423 3424
f 3458 3424 3499
f 3499 3424 3458
f 3425 3458 3459
f 3459 3458 3425
f 3460 3461 3426
f 3426 3461 3460
f 3500 3427 3461
f 3461 3427 3500
f 3428 3427 3500
f 3500 3427 3428
f 3463 3462 3369
f 3369 3462 3463
f 3501 3463 3429
f 3429 3463 3501
f 3502 3429 3430
f 3430 3429 3502
f 3464 3428 3500
f 3500 3428 3464
f 3395 3464 3465
f 3465 3464 3395
f 3430 3465 3503
f 3503 3465 3430
f 3431 3434 3466
f 3466 3434 3431
f 3434 3396 3466
f 3466 3396 3434
f 3434 3431 3432
f 3432 3431 3434
f 3462 3434 3432
f 3432 3434 3462
f 3468 3467 3374
f 3374 3467 3468
f 3467 3504 3433
f 3433 3504 3467
f 3462 3468 3434
f 3434 3468 3462
f 3497 3469 3435
f 3435 3469 3497
f 3436 3471 3470
f 3470 3471 3436
f 3470 3471 3437
f 3437 3471 3470
f 3400 3471 3472
f 3472 3471 3400
f 3422 3455 3474
f 3474 3455 3422
f 3436 3474 3471
f 3471 3474 3436
f 3459 3505 3438
f 3438 3505 3459
f 3438 3505 3475
f 3475 3505 3438
f 3506 3439 3475
f 3475 3439 3506
f 3439 3506 3473
f 3473 3506 3439
f 3507 3441 3440
f 3440 3441 3507
f 3440 3469 3507
f 3507 3469 3440
f 3441 3507 3476
f 3476 3507 3441
f 3476 3508 3403
f 3403 3508 3476
f 3403 3508 3477
f 3477 3508 3403
f 3477 3509 3442
f 3442 3509 3477
f 3442 3510 3443
f 3443 3510 3442
f 3443 3511 3444
f 3444 3511 3443
f 3444 3512 3451
f 3451 3512 3444
f 3447 3445 3478
f 3478 3445 3447
f 3445 3447 3446
f 3446 3447 3445
f 3446 3448 3452
f 3452 3448 3446
f 3448 3446 3447
f 3447 3446 3448
f 3450 3452 3448
f 3448 3452 3450
f 3513 3479 3449
f 3449 3479 3513
f 3480 3405 3479
f 3479 3405 3480
f 3481 3406 3480
f 3480 3406 3481
f 3482 3407 3481
f 3481 3407 3482
f 3482 3453 3450
f 3450 3453 3482
f 3449 3483 3513
f 3513 3483 3449
f 3408 3484 3483
f 3483 3484 3408
f 3409 3485 3484
f 3484 3485 3409
f 3410 3486 3485
f 3485 3486 3410
f 3411 3487 3486
f 3486 3487 3411
f 3412 3488 3487
f 3487 3488 3412
f 3451 3514 3488
f 3488 3514 3451
f 3416 3489 3493
f 3493 3489 3416
f 3413 3490 3489
f 3489 3490 3413
f 3414 3491 3490
f 3490 3491 3414
f 3415 3492 3491
f 3491 3492 3415
f 3452 3450 3453
f 3453 3450 3452
f 3453 3482 3492
f 3492 3482 3453
f 3454 3493 3515
f 3515 3493 3454
f 3435 3421 3497
f 3497 3421 3435
f 3472 3474 3455
f 3455 3474 3472
f 3515 3494 3454
f 3454 3494 3515
f 3494 3495 3419
f 3419 3495 3494
f 3495 3496 3420
f 3420 3496 3495
f 3516 3456 3496
f 3496 3456 3516
f 3497 3456 3517
f 3517 3456 3497
f 3457 3518 3460
f 3460 3518 3457
f 3473 3519 3457
f 3457 3519 3473
f 3433 3520 3498
f 3498 3520 3433
f 3498 3521 3423
f 3423 3521 3498
f 3499 3423 3521
f 3521 3423 3499
f 3499 3505 3458
f 3458 3505 3499
f 3459 3458 3505
f 3505 3458 3459
f 3461 3460 3518
f 3518 3460 3461
f 3500 3461 3518
f 3518 3461 3500
f 3462 3463 3522
f 3522 3463 3462
f 3523 3463 3501
f 3501 3463 3523
f 3501 3429 3502
f 3502 3429 3501
f 3502 3430 3503
f 3503 3430 3502
f 3500 3524 3464
f 3464 3524 3500
f 3465 3464 3524
f 3524 3464 3465
f 3525 3503 3465
f 3465 3503 3525
f 3467 3468 3526
f 3526 3468 3467
f 3467 3527 3504
f 3504 3527 3467
f 3433 3504 3520
f 3520 3504 3433
f 3528 3468 3462
f 3462 3468 3528
f 3469 3497 3517
f 3517 3497 3469
f 3474 3472 3471
f 3471 3472 3474
f 3475 3505 3506
f 3506 3505 3475
f 3519 3473 3506
f 3506 3473 3519
f 3517 3507 3469
f 3469 3507 3517
f 3507 3517 3476
f 3476 3517 3507
f 3517 3508 3476
f 3476 3508 3517
f 3477 3508 3529
f 3529 3508 3477
f 3509 3477 3530
f 3530 3477 3509
f 3510 3442 3509
f 3509 3442 3510
f 3511 3443 3510
f 3510 3443 3511
f 3512 3444 3511
f 3511 3444 3512
f 3514 3451 3512
f 3512 3451 3514
f 3479 3513 3531
f 3531 3513 3479
f 3479 3532 3480
f 3480 3532 3479
f 3480 3533 3481
f 3481 3533 3480
f 3481 3534 3482
f 3482 3534 3481
f 3535 3513 3483
f 3483 3513 3535
f 3536 3483 3484
f 3484 3483 3536
f 3537 3484 3485
f 3485 3484 3537
f 3538 3485 3486
f 3486 3485 3538
f 3539 3486 3487
f 3487 3486 3539
f 3540 3487 3488
f 3488 3487 3540
f 3541 3488 3514
f 3514 3488 3541
f 3542 3493 3489
f 3489 3493 3542
f 3543 3489 3490
f 3490 3489 3543
f 3544 3490 3491
f 3491 3490 3544
f 3545 3491 3492
f 3492 3491 3545
f 3534 3492 3482
f 3482 3492 3534
f 3546 3515 3493
f 3493 3515 3546
f 3494 3515 3547
f 3547 3515 3494
f 3495 3494 3548
f 3548 3494 3495
f 3496 3495 3549
f 3549 3495 3496
f 3456 3516 3508
f 3508 3516 3456
f 3496 3550 3516
f 3516 3550 3496
f 3517 3456 3508
f 3508 3456 3517
f 3518 3457 3519
f 3519 3457 3518
f 3498 3520 3551
f 3551 3520 3498
f 3521 3498 3551
f 3551 3498 3521
f 3499 3521 3552
f 3552 3521 3499
f 3505 3499 3552
f 3552 3499 3505
f 3500 3518 3519
f 3519 3518 3500
f 3523 3522 3463
f 3463 3522 3523
f 3522 3528 3462
f 3462 3528 3522
f 3553 3523 3501
f 3501 3523 3553
f 3554 3501 3502
f 3502 3501 3554
f 3502 3503 3555
f 3555 3503 3502
f 3524 3500 3556
f 3556 3500 3524
f 3465 3524 3557
f 3557 3524 3465
f 3503 3525 3558
f 3558 3525 3503
f 3465 3557 3525
f 3525 3557 3465
f 3559 3526 3468
f 3468 3526 3559
f 3526 3527 3467
f 3467 3527 3526
f 3560 3504 3527
f 3527 3504 3560
f 3561 3520 3504
f 3504 3520 3561
f 3528 3559 3468
f 3468 3559 3528
f 3556 3506 3505
f 3505 3506 3556
f 3556 3519 3506
f 3506 3519 3556
f 3508 3562 3529
f 3529 3562 3508
f 3477 3529 3530
f 3530 3529 3477
f 3563 3509 3530
f 3530 3509 3563
f 3564 3510 3509
f 3509 3510 3564
f 3565 3511 3510
f 3510 3511 3565
f 3566 3512 3511
f 3511 3512 3566
f 3567 3514 3512
f 3512 3514 3567
f 3568 3531 3513
f 3513 3531 3568
f 3532 3479 3531
f 3531 3479 3532
f 3533 3480 3532
f 3532 3480 3533
f 3534 3481 3533
f 3533 3481 3534
f 3513 3535 3568
f 3568 3535 3513
f 3483 3536 3535
f 3535 3536 3483
f 3484 3537 3536
f 3536 3537 3484
f 3485 3538 3537
f 3537 3538 3485
f 3486 3539 3538
f 3538 3539 3486
f 3487 3540 3539
f 3539 3540 3487
f 3488 3541 3540
f 3540 3541 3488
f 3569 3541 3514
f 3514 3541 3569
f 3493 3542 3546
f 3546 3542 3493
f 3489 3543 3542
f 3542 3543 3489
f 3490 3544 3543
f 3543 3544 3490
f 3491 3545 3544
f 3544 3545 3491
f 3492 3534 3545
f 3545 3534 3492
f 3515 3546 3570
f 3570 3546 3515
f 3570 3547 3515
f 3515 3547 3570
f 3547 3548 3494
f 3494 3548 3547
f 3548 3549 3495
f 3495 3549 3548
f 3550 3496 3549
f 3549 3496 3550
f 3562 3508 3516
f 3516 3508 3562
f 3571 3516 3550
f 3550 3516 3571
f 3551 3520 3572
f 3572 3520 3551
f 3551 3573 3521
f 3521 3573 3551
f 3552 3521 3573
f 3573 3521 3552
f 3552 3574 3505
f 3505 3574 3552
f 3500 3519 3556
f 3556 3519 3500
f 3523 3575 3522
f 3522 3575 3523
f 3528 3522 3575
f 3575 3522 3528
f 3523 3553 3576
f 3576 3553 3523
f 3501 3554 3553
f 3553 3554 3501
f 3502 3577 3554
f 3554 3577 3502
f 3555 3503 3558
f 3558 3503 3555
f 3577 3502 3555
f 3555 3502 3577
f 3556 3557 3524
f 3524 3557 3556
f 3578 3558 3525
f 3525 3558 3578
f 3525 3557 3579
f 3579 3557 3525
f 3526 3559 3580
f 3580 3559 3526
f 3580 3527 3526
f 3526 3527 3580
f 3504 3560 3561
f 3561 3560 3504
f 3527 3581 3560
f 3560 3581 3527
f 3520 3561 3582
f 3582 3561 3520
f 3583 3559 3528
f 3528 3559 3583
f 3556 3505 3574
f 3574 3505 3556
f 3564 3529 3562
f 3562 3529 3564
f 3530 3529 3563
f 3563 3529 3530
f 3509 3563 3564
f 3564 3563 3509
f 3510 3564 3565
f 3565 3564 3510
f 3511 3565 3566
f 3566 3565 3511
f 3512 3566 3567
f 3567 3566 3512
f 3514 3567 3569
f 3569 3567 3514
f 3531 3568 3584
f 3584 3568 3531
f 3531 3585 3532
f 3532 3585 3531
f 3532 3586 3533
f 3533 3586 3532
f 3533 3587 3534
f 3534 3587 3533
f 3588 3568 3535
f 3535 3568 3588
f 3589 3535 3536
f 3536 3535 3589
f 3590 3536 3537
f 3537 3536 3590
f 3591 3537 3538
f 3538 3537 3591
f 3592 3538 3539
f 3539 3538 3592
f 3540 3592 3539
f 3539 3592 3540
f 3541 3593 3540
f 3540 3593 3541
f 3541 3569 3594
f 3594 3569 3541
f 3595 3546 3542
f 3542 3546 3595
f 3596 3542 3543
f 3543 3542 3596
f 3597 3543 3544
f 3544 3543 3597
f 3598 3544 3545
f 3545 3544 3598
f 3587 3545 3534
f 3534 3545 3587
f 3599 3570 3546
f 3546 3570 3599
f 3547 3570 3600
f 3600 3570 3547
f 3548 3547 3601
f 3601 3547 3548
f 3549 3548 3602
f 3602 3548 3549
f 3549 3603 3550
f 3550 3603 3549
f 3516 3571 3562
f 3562 3571 3516
f 3550 3604 3571
f 3571 3604 3550
f 3582 3572 3520
f 3520 3572 3582
f 3551 3572 3605
f 3605 3572 3551
f 3573 3551 3605
f 3605 3551 3573
f 3552 3573 3606
f 3606 3573 3552
f 3574 3552 3606
f 3606 3552 3574
f 3607 3575 3523
f 3523 3575 3607
f 3575 3583 3528
f 3528 3583 3575
f 3608 3576 3553
f 3553 3576 3608
f 3576 3607 3523
f 3523 3607 3576
f 3609 3553 3554
f 3554 3553 3609
f 3610 3554 3577
f 3577 3554 3610
f 3555 3558 3611
f 3611 3558 3555
f 3555 3612 3577
f 3577 3612 3555
f 3557 3556 3613
f 3613 3556 3557
f 3558 3578 3614
f 3614 3578 3558
f 3525 3615 3578
f 3578 3615 3525
f 3613 3579 3557
f 3557 3579 3613
f 3525 3579 3616
f 3616 3579 3525
f 3617 3580 3559
f 3559 3580 3617
f 3580 3618 3527
f 3527 3618 3580
f 3619 3561 3560
f 3560 3561 3619
f 3581 3527 3618
f 3618 3527 3581
f 3620 3560 3581
f 3581 3560 3620
f 3621 3582 3561
f 3561 3582 3621
f 3583 3617 3559
f 3559 3617 3583
f 3556 3574 3613
f 3613 3574 3556
f 3529 3564 3563
f 3563 3564 3529
f 3562 3565 3564
f 3564 3565 3562
f 3571 3566 3565
f 3565 3566 3571
f 3604 3567 3566
f 3566 3567 3604
f 3622 3569 3567
f 3567 3569 3622
f 3623 3584 3568
f 3568 3584 3623
f 3585 3531 3584
f 3584 3531 3585
f 3586 3532 3585
f 3585 3532 3586
f 3587 3533 3586
f 3586 3533 3587
f 3568 3588 3623
f 3623 3588 3568
f 3535 3589 3588
f 3588 3589 3535
f 3536 3590 3589
f 3589 3590 3536
f 3537 3591 3590
f 3590 3591 3537
f 3538 3592 3591
f 3591 3592 3538
f 3592 3540 3593
f 3593 3540 3592
f 3593 3541 3624
f 3624 3541 3593
f 3625 3594 3569
f 3569 3594 3625
f 3626 3541 3594
f 3594 3541 3626
f 3546 3595 3599
f 3599 3595 3546
f 3542 3596 3595
f 3595 3596 3542
f 3543 3597 3596
f 3596 3597 3543
f 3544 3598 3597
f 3597 3598 3544
f 3545 3587 3598
f 3598 3587 3545
f 3570 3599 3627
f 3627 3599 3570
f 3627 3600 3570
f 3570 3600 3627
f 3600 3601 3547
f 3547 3601 3600
f 3601 3602 3548
f 3548 3602 3601
f 3603 3549 3602
f 3602 3549 3603
f 3604 3550 3603
f 3603 3550 3604
f 3565 3562 3571
f 3571 3562 3565
f 3566 3571 3604
f 3604 3571 3566
f 3572 3582 3628
f 3628 3582 3572
f 3605 3572 3629
f 3629 3572 3605
f 3605 3615 3573
f 3573 3615 3605
f 3606 3573 3630
f 3630 3573 3606
f 3630 3574 3606
f 3606 3574 3630
f 3607 3631 3575
f 3575 3631 3607
f 3583 3575 3631
f 3631 3575 3583
f 3576 3608 3632
f 3632 3608 3576
f 3553 3609 3608
f 3608 3609 3553
f 3607 3576 3633
f 3633 3576 3607
f 3554 3610 3609
f 3609 3610 3554
f 3577 3634 3610
f 3610 3634 3577
f 3611 3558 3614
f 3614 3558 3611
f 3612 3555 3611
f 3611 3555 3612
f 3634 3577 3612
f 3612 3577 3634
f 3635 3614 3578
f 3578 3614 3635
f 3616 3615 3525
f 3525 3615 3616
f 3578 3615 3636
f 3636 3615 3578
f 3579 3613 3637
f 3637 3613 3579
f 3637 3616 3579
f 3579 3616 3637
f 3580 3617 3638
f 3638 3617 3580
f 3638 3618 3580
f 3580 3618 3638
f 3561 3619 3621
f 3621 3619 3561
f 3560 3620 3619
f 3619 3620 3560
f 3618 3639 3581
f 3581 3639 3618
f 3581 3640 3620
f 3620 3640 3581
f 3582 3621 3641
f 3641 3621 3582
f 3642 3617 3583
f 3583 3617 3642
f 3613 3574 3643
f 3643 3574 3613
f 3567 3604 3622
f 3622 3604 3567
f 3569 3622 3625
f 3625 3622 3569
f 3584 3623 3644
f 3644 3623 3584
f 3644 3585 3584
f 3584 3585 3644
f 3645 3586 3585
f 3585 3586 3645
f 3646 3587 3586
f 3586 3587 3646
f 3647 3623 3588
f 3588 3623 3647
f 3648 3588 3589
f 3589 3588 3648
f 3649 3589 3590
f 3590 3589 3649
f 3650 3590 3591
f 3591 3590 3650
f 3651 3591 3592
f 3592 3591 3651
f 3593 3651 3592
f 3592 3651 3593
f 3541 3626 3624
f 3624 3626 3541
f 3624 3652 3593
f 3593 3652 3624
f 3594 3625 3653
f 3653 3625 3594
f 3594 3654 3626
f 3626 3654 3594
f 3655 3599 3595
f 3595 3599 3655
f 3656 3595 3596
f 3596 3595 3656
f 3597 3656 3596
f 3596 3656 3597
f 3598 3657 3597
f 3597 3657 3598
f 3587 3658 3598
f 3598 3658 3587
f 3659 3627 3599
f 3599 3627 3659
f 3600 3627 3660
f 3660 3627 3600
f 3601 3600 3661
f 3661 3600 3601
f 3602 3601 3662
f 3662 3601 3602
f 3602 3663 3603
f 3603 3663 3602
f 3603 3622 3604
f 3604 3622 3603
f 3641 3628 3582
f 3582 3628 3641
f 3628 3629 3572
f 3572 3629 3628
f 3605 3629 3664
f 3664 3629 3605
f 3615 3605 3664
f 3664 3605 3615
f 3665 3573 3615
f 3615 3573 3665
f 3630 3573 3665
f 3665 3573 3630
f 3574 3630 3643
f 3643 3630 3574
f 3607 3666 3631
f 3631 3666 3607
f 3631 3642 3583
f 3583 3642 3631
f 3667 3632 3608
f 3608 3632 3667
f 3632 3633 3576
f 3576 3633 3632
f 3668 3608 3609
f 3609 3608 3668
f 3633 3669 3607
f 3607 3669 3633
f 3670 3609 3610
f 3610 3609 3670
f 3671 3610 3634
f 3634 3610 3671
f 3611 3614 3672
f 3672 3614 3611
f 3611 3673 3612
f 3612 3673 3611
f 3612 3674 3634
f 3634 3674 3612
f 3614 3635 3672
f 3672 3635 3614
f 3578 3636 3635
f 3635 3636 3578
f 3665 3615 3616
f 3616 3615 3665
f 3664 3636 3615
f 3615 3636 3664
f 3613 3643 3637
f 3637 3643 3613
f 3616 3637 3675
f 3675 3637 3616
f 3676 3638 3617
f 3617 3638 3676
f 3677 3618 3638
f 3638 3618 3677
f 3678 3621 3619
f 3619 3621 3678
f 3679 3619 3620
f 3620 3619 3679
f 3639 3618 3680
f 3680 3618 3639
f 3640 3581 3639
f 3639 3581 3640
f 3681 3620 3640
f 3640 3620 3681
f 3682 3641 3621
f 3621 3641 3682
f 3617 3642 3676
f 3676 3642 3617
f 3663 3625 3622
f 3622 3625 3663
f 3683 3644 3623
f 3623 3644 3683
f 3585 3644 3645
f 3645 3644 3585
f 3586 3645 3646
f 3646 3645 3586
f 3587 3646 3684
f 3684 3646 3587
f 3623 3647 3683
f 3683 3647 3623
f 3588 3648 3647
f 3647 3648 3588
f 3589 3649 3648
f 3648 3649 3589
f 3590 3650 3649
f 3649 3650 3590
f 3591 3651 3650
f 3650 3651 3591
f 3651 3593 3652
f 3652 3593 3651
f 3685 3624 3626
f 3626 3624 3685
f 3652 3624 3686
f 3686 3624 3652
f 3687 3653 3625
f 3625 3653 3687
f 3654 3594 3653
f 3653 3594 3654
f 3688 3626 3654
f 3654 3626 3688
f 3599 3655 3659
f 3659 3655 3599
f 3595 3656 3655
f 3655 3656 3595
f 3656 3597 3657
f 3657 3597 3656
f 3657 3598 3658
f 3658 3598 3657
f 3658 3587 3684
f 3684 3587 3658
f 3627 3659 3689
f 3689 3659 3627
f 3689 3660 3627
f 3627 3660 3689
f 3660 3661 3600
f 3600 3661 3660
f 3661 3662 3601
f 3601 3662 3661
f 3663 3602 3662
f 3662 3602 3663
f 3622 3603 3663
f 3663 3603 3622
f 3628 3641 3690
f 3690 3641 3628
f 3629 3628 3691
f 3691 3628 3629
f 3664 3629 3692
f 3692 3629 3664
f 3665 3643 3630
f 3630 3643 3665
f 3669 3666 3607
f 3607 3666 3669
f 3642 3631 3666
f 3666 3631 3642
f 3632 3667 3693
f 3693 3667 3632
f 3608 3668 3667
f 3667 3668 3608
f 3633 3632 3694
f 3694 3632 3633
f 3609 3670 3668
f 3668 3670 3609
f 3669 3633 3695
f 3695 3633 3669
f 3610 3671 3670
f 3670 3671 3610
f 3634 3696 3671
f 3671 3696 3634
f 3611 3672 3697
f 3697 3672 3611
f 3673 3611 3697
f 3697 3611 3673
f 3674 3612 3673
f 3673 3612 3674
f 3696 3634 3674
f 3674 3634 3696
f 3698 3672 3635
f 3635 3672 3698
f 3635 3636 3699
f 3699 3636 3635
f 3675 3665 3616
f 3616 3665 3675
f 3636 3664 3692
f 3692 3664 3636
f 3637 3643 3700
f 3700 3643 3637
f 3637 3700 3675
f 3675 3700 3637
f 3638 3676 3677
f 3677 3676 3638
f 3677 3680 3618
f 3618 3680 3677
f 3621 3678 3682
f 3682 3678 3621
f 3619 3679 3678
f 3678 3679 3619
f 3620 3681 3679
f 3679 3681 3620
f 3680 3701 3639
f 3639 3701 3680
f 3639 3702 3640
f 3640 3702 3639
f 3640 3703 3681
f 3681 3703 3640
f 3641 3682 3704
f 3704 3682 3641
f 3642 3677 3676
f 3676 3677 3642
f 3625 3663 3687
f 3687 3663 3625
f 3644 3683 3705
f 3705 3683 3644
f 3705 3645 3644
f 3644 3645 3705
f 3706 3646 3645
f 3645 3646 3706
f 3707 3684 3646
f 3646 3684 3707
f 3682 3683 3647
f 3647 3683 3682
f 3704 3647 3648
f 3648 3647 3704
f 3708 3648 3649
f 3649 3648 3708
f 3709 3649 3650
f 3650 3649 3709
f 3710 3650 3651
f 3651 3650 3710
f 3652 3710 3651
f 3651 3710 3652
f 3624 3685 3686
f 3686 3685 3624
f 3626 3688 3685
f 3685 3688 3626
f 3686 3711 3652
f 3652 3711 3686
f 3653 3687 3712
f 3712 3687 3653
f 3653 3713 3654
f 3654 3713 3653
f 3654 3714 3688
f 3688 3714 3654
f 3715 3659 3655
f 3655 3659 3715
f 3716 3655 3656
f 3656 3655 3716
f 3657 3716 3656
f 3656 3716 3657
f 3658 3717 3657
f 3657 3717 3658
f 3684 3718 3658
f 3658 3718 3684
f 3719 3689 3659
f 3659 3689 3719
f 3660 3689 3720
f 3720 3689 3660
f 3661 3660 3721
f 3721 3660 3661
f 3662 3661 3722
f 3722 3661 3662
f 3662 3687 3663
f 3663 3687 3662
f 3704 3690 3641
f 3641 3690 3704
f 3690 3691 3628
f 3628 3691 3690
f 3691 3723 3629
f 3629 3723 3691
f 3692 3629 3723
f 3723 3629 3692
f 3643 3665 3700
f 3700 3665 3643
f 3666 3669 3677
f 3677 3669 3666
f 3677 3642 3666
f 3666 3642 3677
f 3724 3693 3667
f 3667 3693 3724
f 3693 3694 3632
f 3632 3694 3693
f 3725 3667 3668
f 3668 3667 3725
f 3694 3695 3633
f 3633 3695 3694
f 3726 3668 3670
f 3670 3668 3726
f 3727 3669 3695
f 3695 3669 3727
f 3728 3670 3671
f 3671 3670 3728
f 3714 3671 3696
f 3696 3671 3714
f 3697 3672 3729
f 3729 3672 3697
f 3697 3730 3673
f 3673 3730 3697
f 3673 3731 3674
f 3674 3731 3673
f 3674 3732 3696
f 3696 3732 3674
f 3672 3698 3729
f 3729 3698 3672
f 3635 3699 3698
f 3698 3699 3635
f 3692 3699 3636
f 3636 3699 3692
f 3665 3675 3700
f 3700 3675 3665
f 3669 3680 3677
f 3677 3680 3669
f 3683 3682 3678
f 3678 3682 3683
f 3705 3678 3679
f 3679 3678 3705
f 3706 3679 3681
f 3681 3679 3706
f 3701 3680 3733
f 3733 3680 3701
f 3702 3639 3701
f 3701 3639 3702
f 3703 3640 3702
f 3702 3640 3703
f 3707 3681 3703
f 3703 3681 3707
f 3647 3704 3682
f 3682 3704 3647
f 3678 3705 3683
f 3683 3705 3678
f 3645 3705 3706
f 3706 3705 3645
f 3646 3706 3707
f 3707 3706 3646
f 3684 3707 3734
f 3734 3707 3684
f 3648 3708 3704
f 3704 3708 3648
f 3649 3709 3708
f 3708 3709 3649
f 3650 3710 3709
f 3709 3710 3650
f 3710 3652 3711
f 3711 3652 3710
f 3735 3686 3685
f 3685 3686 3735
f 3732 3685 3688
f 3688 3685 3732
f 3711 3686 3736
f 3736 3686 3711
f 3722 3712 3687
f 3687 3712 3722
f 3713 3653 3712
f 3712 3653 3713
f 3714 3654 3713
f 3713 3654 3714
f 3696 3688 3714
f 3714 3688 3696
f 3659 3715 3719
f 3719 3715 3659
f 3655 3716 3715
f 3715 3716 3655
f 3716 3657 3717
f 3717 3657 3716
f 3717 3658 3718
f 3718 3658 3717
f 3718 3684 3734
f 3734 3684 3718
f 3689 3719 3724
f 3724 3719 3689
f 3724 3720 3689
f 3689 3720 3724
f 3720 3721 3660
f 3660 3721 3720
f 3721 3722 3661
f 3661 3722 3721
f 3687 3662 3722
f 3722 3662 3687
f 3690 3704 3708
f 3708 3704 3690
f 3691 3690 3737
f 3737 3690 3691
f 3723 3691 3738
f 3738 3691 3723
f 3692 3723 3739
f 3739 3723 3692
f 3693 3724 3719
f 3719 3724 3693
f 3667 3725 3724
f 3724 3725 3667
f 3694 3693 3740
f 3740 3693 3694
f 3668 3726 3725
f 3725 3726 3668
f 3695 3694 3741
f 3741 3694 3695
f 3670 3728 3726
f 3726 3728 3670
f 3669 3727 3742
f 3742 3727 3669
f 3695 3743 3727
f 3727 3743 3695
f 3671 3714 3728
f 3728 3714 3671
f 3697 3729 3723
f 3723 3729 3697
f 3730 3697 3744
f 3744 3697 3730
f 3731 3673 3730
f 3730 3673 3731
f 3732 3674 3731
f 3731 3674 3732
f 3688 3696 3732
f 3732 3696 3688
f 3698 3739 3729
f 3729 3739 3698
f 3739 3698 3699
f 3699 3698 3739
f 3699 3692 3739
f 3739 3692 3699
f 3742 3680 3669
f 3669 3680 3742
f 3679 3706 3705
f 3705 3706 3679
f 3681 3707 3706
f 3706 3707 3681
f 3742 3733 3680
f 3680 3733 3742
f 3733 3745 3701
f 3701 3745 3733
f 3701 3746 3702
f 3702 3746 3701
f 3702 3747 3703
f 3703 3747 3702
f 3703 3734 3707
f 3707 3734 3703
f 3737 3708 3709
f 3709 3708 3737
f 3748 3709 3710
f 3710 3709 3748
f 3711 3748 3710
f 3710 3748 3711
f 3686 3735 3736
f 3736 3735 3686
f 3685 3732 3735
f 3735 3732 3685
f 3736 3749 3711
f 3711 3749 3736
f 3712 3722 3750
f 3750 3722 3712
f 3712 3751 3713
f 3713 3751 3712
f 3713 3728 3714
f 3714 3728 3713
f 3740 3719 3715
f 3715 3719 3740
f 3752 3715 3716
f 3716 3715 3752
f 3717 3752 3716
f 3716 3752 3717
f 3718 3753 3717
f 3717 3753 3718
f 3734 3754 3718
f 3718 3754 3734
f 3720 3724 3725
f 3725 3724 3720
f 3721 3720 3755
f 3755 3720 3721
f 3722 3721 3750
f 3750 3721 3722
f 3708 3737 3690
f 3690 3737 3708
f 3737 3738 3691
f 3691 3738 3737
f 3756 3723 3738
f 3738 3723 3756
f 3739 3723 3729
f 3729 3723 3739
f 3719 3740 3693
f 3693 3740 3719
f 3740 3741 3694
f 3694 3741 3740
f 3755 3725 3726
f 3726 3725 3755
f 3743 3695 3741
f 3741 3695 3743
f 3751 3726 3728
f 3728 3726 3751
f 3757 3742 3727
f 3727 3742 3757
f 3758 3727 3743
f 3743 3727 3758
f 3697 3723 3759
f 3759 3723 3697
f 3697 3759 3744
f 3744 3759 3697
f 3744 3760 3730
f 3730 3760 3744
f 3730 3761 3731
f 3731 3761 3730
f 3731 3735 3732
f 3732 3735 3731
f 3762 3733 3742
f 3742 3733 3762
f 3745 3733 3763
f 3763 3733 3745
f 3746 3701 3745
f 3745 3701 3746
f 3747 3702 3746
f 3746 3702 3747
f 3734 3703 3747
f 3747 3703 3734
f 3709 3748 3737
f 3737 3748 3709
f 3748 3711 3749
f 3749 3711 3748
f 3761 3736 3735
f 3735 3736 3761
f 3749 3736 3764
f 3764 3736 3749
f 3751 3712 3750
f 3750 3712 3751
f 3728 3713 3751
f 3751 3713 3728
f 3715 3752 3740
f 3740 3752 3715
f 3752 3717 3753
f 3753 3717 3752
f 3753 3718 3754
f 3754 3718 3753
f 3754 3734 3747
f 3747 3734 3754
f 3725 3755 3720
f 3720 3755 3725
f 3755 3750 3721
f 3721 3750 3755
f 3738 3737 3748
f 3748 3737 3738
f 3723 3756 3759
f 3759 3756 3723
f 3738 3749 3756
f 3756 3749 3738
f 3741 3740 3752
f 3752 3740 3741
f 3726 3751 3755
f 3755 3751 3726
f 3741 3753 3743
f 3743 3753 3741
f 3742 3757 3762
f 3762 3757 3742
f 3727 3758 3757
f 3757 3758 3727
f 3743 3754 3758
f 3758 3754 3743
f 3744 3759 3765
f 3765 3759 3744
f 3760 3744 3766
f 3766 3744 3760
f 3761 3730 3760
f 3760 3730 3761
f 3735 3731 3761
f 3761 3731 3735
f 3733 3762 3763
f 3763 3762 3733
f 3762 3745 3763
f 3763 3745 3762
f 3757 3746 3745
f 3745 3746 3757
f 3758 3747 3746
f 3746 3747 3758
f 3749 3738 3748
f 3748 3738 3749
f 3736 3761 3764
f 3764 3761 3736
f 3764 3756 3749
f 3749 3756 3764
f 3750 3755 3751
f 3751 3755 3750
f 3753 3741 3752
f 3752 3741 3753
f 3754 3743 3753
f 3753 3743 3754
f 3747 3758 3754
f 3754 3758 3747
f 3767 3759 3756
f 3756 3759 3767
f 3745 3762 3757
f 3757 3762 3745
f 3746 3757 3758
f 3758 3757 3746
f 3759 3767 3765
f 3765 3767 3759
f 3744 3765 3766
f 3766 3765 3744
f 3766 3767 3760
f 3760 3767 3766
f 3760 3764 3761
f 3761 3764 3760
f 3756 3764 3767
f 3767 3764 3756
f 3767 3766 3765
f 3765 3766 3767
f 3764 3760 3767
f 3767 3760 3764
f 3768 3769 3770
f 3769 3768 3771
f 3770 3773 3768
f 3774 3771 3768
f 3771 3775 3769
f 3773 3770 3777
f 3778 3768 3773
f 3779 3771 3774
f 3774 3768 3780
f 3775 3771 3781
f 3776 3782 3772
f 3777 3784 3773
f 3780 3768 3778
f 3778 3773 3785
f 3786 3771 3779
f 3789 3781 3771
f 3781 3790 3775
f 3776 3791 3782
f 3772 3782 3792
f 3784 3777 3783
f 3773 3784 3794
f 3785 3773 3796
f 3798 3771 3786
f 3781 3789 3800
f 3789 3771 3798
f 3790 3781 3801
f 3776 3803 3791
f 3804 3782 3791
f 3805 3792 3782
f 3806 3772 3792
f 3808 3783 3793
f 3783 3808 3784
f 3784 3809 3794
f 3796 3773 3794
f 3800 3789 3812
f 3800 3813 3781
f 3801 3781 3813
f 3813 3790 3801
f 3790 3816 3802
f 3776 3817 3803
f 3818 3791 3803
f 3819 3782 3804
f 3791 3818 3804
f 3820 3792 3805
f 3782 3819 3805
f 3772 3806 3821
f 3792 3822 3806
f 3807 3808 3793
f 3784 3808 3809
f 3784 3824 3808
f 3825 3794 3809
f 3796 3794 3826
f 3830 3813 3800
f 3801 3813 3831
f 3790 3813 3816
f 3815 3802 3833
f 3802 3816 3831
f 3776 3834 3817
f 3817 3818 3803
f 3836 3792 3820
f 3805 3837 3820
f 3837 3805 3819
f 3821 3806 3838
f 3839 3772 3821
f 3822 3792 3840
f 3841 3806 3822
f 3772 3839 3823
f 3843 3808 3807
f 3808 3843 3809
f 3824 3784 3845
f 3808 3824 3842
f 3825 3846 3794
f 3825 3809 3843
f 3826 3794 3847
f 3830 3816 3813
f 3830 3800 3850
f 3831 3813 3851
f 3852 3801 3831
f 3832 3830 3776
f 3802 3854 3833
f 3854 3815 3833
f 3854 3831 3816
f 3816 3831 3851
f 3831 3816 3833
f 3831 3854 3802
f 3855 3834 3776
f 3834 3856 3817
f 3817 3857 3818
f 3792 3836 3859
f 3860 3836 3820
f 3820 3837 3860
f 3806 3861 3838
f 3821 3838 3862
f 3862 3839 3821
f 3840 3792 3863
f 3864 3822 3840
f 3865 3806 3841
f 3822 3864 3841
f 3843 3807 3842
f 3842 3824 3868
f 3825 3869 3846
f 3847 3794 3846
f 3825 3843 3867
f 3870 3816 3830
f 3830 3850 3871
f 3872 3851 3813
f 3801 3852 3873
f 3852 3831 3874
f 3815 3875 3853
f 3876 3830 3832
f 3776 3830 3855
f 3854 3833 3877
f 3833 3854 3875
f 3815 3854 3878
f 3870 3854 3816
f 3851 3833 3816
f 3874 3831 3833
f 3879 3834 3855
f 3834 3880 3856
f 3857 3817 3856
f 3858 3882 3835
f 3883 3859 3836
f 3863 3792 3859
f 3836 3860 3883
f 3884 3860 3837
f 3861 3806 3885
f 3886 3838 3861
f 3862 3838 3887
f 3839 3862 3888
f 3889 3840 3863
f 3840 3889 3864
f 3885 3806 3865
f 3890 3865 3841
f 3841 3864 3890
f 3868 3824 3893
f 3825 3894 3869
f 3825 3867 3897
f 3830 3876 3870
f 3830 3871 3899
f 3851 3900 3872
f 3901 3851 3872
f 3902 3852 3873
f 3873 3852 3902
f 3874 3873 3852
f 3852 3873 3874
f 3903 3874 3852
f 3852 3874 3903
f 3815 3878 3875
f 3904 3855 3830
f 3877 3833 3851
f 3877 3905 3854
f 3875 3854 3905
f 3874 3833 3875
f 3854 3870 3878
f 3879 3906 3834
f 3880 3834 3908
f 3880 3909 3856
f 3856 3909 3857
f 3835 3911 3881
f 3884 3837 3881
f 3882 3858 3912
f 3911 3835 3882
f 3859 3883 3863
f 3883 3860 3913
f 3860 3884 3913
f 3914 3861 3885
f 3915 3838 3886
f 3861 3914 3886
f 3838 3916 3887
f 3917 3862 3887
f 3862 3917 3888
f 3863 3883 3889
f 3864 3889 3918
f 3919 3885 3865
f 3865 3890 3919
f 3920 3890 3864
f 3866 3897 3867
f 3891 3921 3866
f 3893 3824 3922
f 3825 3924 3894
f 3897 3926 3825
f 3870 3876 3905
f 3870 3927 3876
f 3830 3899 3825
f 3900 3851 3929
f 3900 3930 3872
f 3931 3851 3901
f 3901 3872 3932
f 3852 3902 3903
f 3903 3902 3852
f 3873 3933 3902
f 3902 3933 3873
f 3873 3874 3934
f 3934 3874 3873
f 3874 3903 3935
f 3935 3903 3874
f 3878 3875 3905
f 3875 3878 3876
f 3904 3936 3855
f 3937 3904 3830
f 3877 3929 3851
f 3931 3877 3851
f 3905 3938 3877
f 3877 3927 3905
f 3876 3874 3875
f 3939 3906 3879
f 3906 3908 3834
f 3908 3942 3880
f 3909 3880 3942
f 3944 3858 3910
f 3884 3881 3911
f 3858 3944 3912
f 3945 3882 3912
f 3946 3911 3882
f 3884 3883 3913
f 3885 3919 3914
f 3947 3838 3915
f 3886 3948 3915
f 3886 3914 3949
f 3916 3838 3947
f 3950 3887 3916
f 3917 3887 3950
f 3884 3889 3883
f 3889 3920 3918
f 3920 3864 3918
f 3920 3919 3890
f 3897 3866 3921
f 3921 3891 3952
f 3844 3953 3892
f 3954 3844 3892
f 3922 3824 3955
f 3922 3956 3893
f 3892 3958 3923
f 3959 3892 3923
f 3825 3960 3924
f 3962 3926 3897
f 3926 3830 3825
f 3905 3876 3878
f 3870 3905 3927
f 3963 3876 3927
f 3825 3899 3964
f 3930 3900 3966
f 3930 3932 3872
f 3901 3967 3931
f 3901 3935 3931
f 3901 3932 3968
f 3902 3933 3903
f 3903 3933 3902
f 3873 3969 3933
f 3933 3969 3873
f 3969 3873 3934
f 3934 3873 3969
f 3935 3903 3965
f 3965 3903 3935
f 3874 3963 3935
f 3904 3970 3936
f 3972 3904 3937
f 3937 3830 3973
f 3929 3877 3938
f 3927 3877 3931
f 3938 3905 3974
f 3927 3974 3905
f 3963 3874 3876
f 3939 3975 3906
f 3976 3939 3879
f 3906 3977 3908
f 3977 3942 3908
f 3942 3982 3909
f 3909 3982 3943
f 3983 3910 3943
f 3910 3983 3944
f 3984 3884 3911
f 3985 3912 3944
f 3882 3945 3946
f 3912 3985 3945
f 3911 3946 3984
f 3914 3919 3986
f 3915 3987 3947
f 3948 3886 3949
f 3987 3915 3948
f 3988 3949 3914
f 3989 3916 3947
f 3916 3990 3950
f 3950 3951 3917
f 3991 3891 3951
f 3920 3889 3884
f 3988 3919 3920
f 3992 3897 3921
f 3891 3991 3952
f 3952 3993 3921
f 3953 3844 3994
f 3958 3892 3953
f 3995 3844 3954
f 3954 3892 3959
f 3996 3824 3955
f 3955 3824 3996
f 3997 3955 3824
f 3824 3955 3997
f 3998 3955 3922
f 3922 3955 3998
f 3997 3922 3955
f 3955 3922 3997
f 3956 3922 3999
f 3923 4000 3957
f 4001 3923 3957
f 4000 3923 3958
f 3959 3923 4001
f 3825 4002 3960
f 3962 4005 3926
f 3897 4006 3962
f 4005 3830 3926
f 3931 3963 3927
f 3825 3964 4008
f 3966 4010 3930
f 3932 3930 4011
f 3967 3901 3965
f 4012 3931 3967
f 3963 3931 3935
f 3965 3935 3901
f 3968 3932 4013
f 3903 3933 4015
f 4015 3933 3903
f 3965 3903 3901
f 3901 3903 3965
f 3904 4017 3970
f 4020 3904 3972
f 4022 3972 3937
f 3973 3830 4023
f 4025 3937 3973
f 3931 4012 3927
f 3974 3927 4012
f 4026 3975 3939
f 3975 4027 3906
f 3939 3976 4028
f 3977 3906 4030
f 3977 4038 3942
f 3982 3942 4038
f 3943 3982 3983
f 4039 3944 3983
f 3884 3984 4040
f 3944 4039 3985
f 3945 4041 3946
f 3945 4042 3946
f 3985 4045 3945
f 3985 4046 3945
f 4041 3984 3946
f 3946 4047 3984
f 3919 3988 3986
f 3988 3914 3986
f 3989 3947 3987
f 3988 3948 3949
f 3988 3987 3948
f 3990 3916 3989
f 3951 3950 3990
f 3991 3951 3990
f 3884 4049 3920
f 3920 4050 3988
f 4006 3897 3992
f 3992 3921 3993
f 4051 3952 3991
f 3993 3952 4052
f 3844 4053 3994
f 4056 3844 3995
f 3824 3996 4060
f 4060 3996 3824
f 3955 3998 3996
f 3996 3998 3955
f 3997 3824 4061
f 4061 3824 3997
f 3922 3959 3998
f 3998 3959 3922
f 4062 3922 3997
f 3997 3922 4062
f 3959 3922 3999
f 3999 3922 3959
f 4055 3957 4000
f 3957 4055 4001
f 3825 4063 4002
f 4065 4005 3962
f 3962 4067 4006
f 4023 3830 4005
f 3825 4008 4063
f 4010 3966 4069
f 4011 3930 4010
f 3968 4013 4070
f 4015 3933 4072
f 4072 3933 4015
f 3901 3903 4015
f 4015 3903 3901
f 4017 3904 4073
f 3904 4020 4074
f 4076 4020 3972
f 4076 3972 4022
f 4022 3937 4025
f 4077 3973 4023
f 4025 3973 4079
f 4026 4080 3975
f 4028 4026 3939
f 4027 3975 4081
f 3906 4027 4082
f 3906 4086 4030
f 4030 4087 3977
f 4038 3977 4087
f 4087 3982 4038
f 4097 3983 3982
f 3983 4097 4039
f 4098 4040 3984
f 3984 4067 4040
f 4049 3884 4040
f 4039 4101 3985
f 4102 3985 4039
f 4041 3945 4046
f 3945 4045 4042
f 3946 4042 4047
f 3985 4101 4045
f 4046 3985 4103
f 3984 4041 4098
f 3984 4047 4067
f 3987 3991 3989
f 3991 3987 3988
f 3991 3990 3989
f 4050 3920 4049
f 4051 3988 4050
f 4049 4006 3992
f 3993 4104 3992
f 4049 3992 3993
f 3952 4051 4052
f 3988 4051 3991
f 4050 3993 4052
f 4052 4107 3993
f 4053 3844 4108
f 4056 4108 3844
f 4110 4056 3995
f 3996 4111 4060
f 4060 4111 3996
f 4060 4061 3824
f 3824 4061 4060
f 4111 3996 3998
f 3998 3996 4111
f 4112 3997 4061
f 4061 3997 4112
f 3922 4062 4113
f 4113 4062 3922
f 4065 4023 4005
f 4067 3962 4065
f 4117 4067 4006
f 4040 4067 4006
f 4068 4120 4009
f 4069 4121 4010
f 4011 4010 4122
f 4070 4013 4123
f 4125 4073 3904
f 4020 4130 4074
f 4132 3904 4074
f 4130 4020 4076
f 4133 4022 4076
f 4045 4022 4025
f 4079 3973 4077
f 4077 4023 4065
f 4080 4026 4134
f 4080 4135 3975
f 4026 4028 4136
f 3975 4137 4081
f 4081 4138 4027
f 4027 4139 4082
f 3906 4082 4086
f 4086 4087 4030
f 4150 3982 4087
f 4151 4097 3982
f 4152 4039 4097
f 4097 4133 4039
f 4040 4098 4154
f 4154 4049 4040
f 4040 4006 4049
f 4039 4133 4101
f 3985 4102 4103
f 4039 4152 4102
f 4156 4041 4046
f 4042 4157 4045
f 4077 4042 4047
f 4158 4042 4047
f 4045 4162 4101
f 4022 4045 4101
f 4163 4046 4103
f 4164 4098 4041
f 4065 4047 4067
f 4165 4047 4067
f 4167 4050 4049
f 4049 3993 4050
f 4170 4051 4050
f 4050 4052 4051
f 4104 3993 4107
f 4051 4172 4052
f 4107 4052 4172
f 4108 4173 4053
f 4056 4175 4108
f 4110 4176 4056
f 4060 4111 4112
f 4112 4111 4060
f 4061 4060 4112
f 4112 4060 4061
f 3997 4112 4179
f 4179 4112 3997
f 4067 4117 4165
f 4009 4180 4119
f 4011 4120 4068
f 4009 4120 3932
f 4121 4069 4182
f 4122 4010 4121
f 4068 4122 4011
f 4011 4122 4183
f 4070 4123 4184
f 4073 4125 4126
f 4125 3904 4187
f 4140 4074 4130
f 4192 3904 4132
f 4132 4074 4193
f 4194 4076 4130
f 4022 4133 4101
f 4076 4194 4133
f 4042 4077 4079
f 4047 4065 4077
f 4026 4195 4134
f 4134 4196 4080
f 4135 4080 4197
f 3975 4135 4198
f 4195 4026 4136
f 3975 4198 4137
f 4137 4138 4081
f 4199 4027 4138
f 4027 4199 4139
f 4150 4082 4139
f 4082 4150 4086
f 4140 4200 4083
f 4083 4201 4141
f 4087 4086 4150
f 4139 3982 4150
f 4097 4151 4206
f 3982 4199 4151
f 4206 4152 4097
f 4097 4194 4133
f 4208 4154 4098
f 4049 4154 4167
f 4101 4211 4133
f 4212 4103 4102
f 4213 4102 4152
f 4041 4156 4164
f 4046 4163 4156
f 4157 4042 4214
f 4162 4045 4157
f 4042 4158 4214
f 4047 4165 4158
f 4211 4101 4162
f 4103 4212 4163
f 4098 4164 4208
f 4050 4167 4170
f 4051 4170 4215
f 4107 4216 4104
f 4172 4051 4215
f 4172 4220 4107
f 4173 4108 4221
f 4109 4122 4174
f 4122 4175 4056
f 4221 4108 4175
f 4110 4222 4176
f 4112 4111 4179
f 4179 4111 4112
f 4224 4165 4117
f 3932 4180 4009
f 4119 4180 4013
f 4013 4181 4119
f 4120 4011 4225
f 4180 3932 4120
f 4122 4068 4174
f 4182 4221 4121
f 4122 4121 4221
f 4122 4109 4183
f 4011 4183 4225
f 4184 4123 4222
f 4187 3904 4226
f 4228 4074 4140
f 4200 4140 4130
f 4226 3904 4192
f 4193 4074 4231
f 4193 4230 4132
f 4232 4130 4194
f 4211 4194 4133
f 4134 4195 4233
f 4196 4134 4233
f 4080 4196 4234
f 4080 4235 4197
f 4135 4236 4198
f 4198 4238 4137
f 4138 4137 4238
f 4138 4151 4199
f 4199 3982 4139
f 4201 4083 4200
f 4240 4141 4201
f 4246 4206 4151
f 4206 4232 4097
f 4152 4206 4248
f 4097 4232 4194
f 4154 4208 4250
f 4250 4167 4154
f 4102 4213 4212
f 4248 4213 4152
f 4252 4164 4156
f 4253 4156 4163
f 4254 4157 4214
f 4255 4162 4157
f 4256 4214 4158
f 4257 4158 4165
f 4258 4211 4162
f 4259 4163 4212
f 4260 4208 4164
f 4261 4170 4167
f 4262 4215 4170
f 4216 4107 4220
f 4215 4264 4172
f 4220 4172 4264
f 4221 4182 4173
f 4122 4221 4175
f 4223 4222 4110
f 4179 4111 4267
f 4267 4111 4179
f 4165 4224 4257
f 4222 4013 4180
f 4181 4013 4222
f 4225 4180 4120
f 4183 4109 4268
f 4269 4225 4183
f 4184 4222 4223
f 4187 4226 4270
f 4231 4074 4228
f 4130 4232 4200
f 4274 4193 4231
f 4230 4193 4275
f 4194 4276 4232
f 4194 4211 4276
f 4195 4278 4233
f 4233 4279 4196
f 4196 4280 4234
f 4080 4234 4235
f 4235 4281 4197
f 4135 4282 4236
f 4238 4198 4236
f 4141 4240 4237
f 4278 4195 4237
f 4238 4151 4138
f 4200 4283 4201
f 4283 4240 4201
f 4206 4246 4288
f 4151 4282 4246
f 4206 4283 4232
f 4288 4248 4206
f 4292 4250 4208
f 4167 4250 4261
f 4293 4212 4213
f 4213 4248 4294
f 4164 4252 4260
f 4156 4253 4252
f 4163 4259 4253
f 4157 4254 4255
f 4214 4256 4254
f 4162 4255 4258
f 4158 4257 4256
f 4211 4258 4295
f 4212 4293 4259
f 4208 4260 4292
f 4170 4261 4262
f 4215 4262 4296
f 4220 4297 4216
f 4264 4215 4296
f 4264 4298 4220
f 4268 4109 4056
f 4299 4257 4224
f 4222 4180 4269
f 4180 4225 4269
f 4269 4183 4268
f 4226 4300 4270
f 4283 4200 4232
f 4302 4273 4230
f 4274 4303 4193
f 4305 4230 4275
f 4232 4276 4306
f 4295 4276 4211
f 4233 4278 4279
f 4280 4196 4279
f 4308 4234 4280
f 4234 4308 4235
f 4281 4235 4308
f 4197 4281 4135
f 4282 4135 4281
f 4282 4151 4236
f 4236 4151 4238
f 4237 4240 4278
f 4240 4283 4309
f 4240 4288 4246
f 4288 4283 4206
f 4281 4246 4282
f 4306 4283 4232
f 4248 4288 4314
f 4250 4292 4315
f 4315 4261 4250
f 4294 4293 4213
f 4314 4294 4248
f 4316 4260 4252
f 4317 4252 4253
f 4318 4253 4259
f 4319 4255 4254
f 4320 4254 4256
f 4321 4258 4255
f 4322 4256 4257
f 4323 4295 4258
f 4324 4259 4293
f 4325 4292 4260
f 4326 4262 4261
f 4327 4296 4262
f 4297 4220 4298
f 4296 4328 4264
f 4298 4264 4328
f 4257 4299 4322
f 4300 4226 4329
f 4273 4302 4272
f 4302 4230 4305
f 4331 4303 4274
f 4276 4332 4306
f 4276 4295 4332
f 4240 4279 4278
f 4279 4246 4280
f 4280 4246 4308
f 4308 4246 4281
f 4334 4309 4283
f 4283 4288 4309
f 4288 4240 4309
f 4279 4240 4246
f 4283 4306 4334
f 4288 4338 4314
f 4339 4315 4292
f 4261 4315 4326
f 4293 4294 4340
f 4294 4314 4341
f 4260 4316 4325
f 4252 4317 4316
f 4253 4318 4317
f 4259 4324 4318
f 4255 4319 4321
f 4254 4320 4319
f 4256 4322 4320
f 4258 4321 4323
f 4295 4323 4342
f 4340 4324 4293
f 4292 4325 4339
f 4262 4326 4327
f 4296 4327 4343
f 4298 4344 4297
f 4328 4296 4343
f 4328 4345 4298
f 4346 4322 4299
f 4300 4329 4347
f 4348 4303 4331
f 4306 4332 4350
f 4342 4332 4295
f 4309 4334 4338
f 4338 4288 4309
f 4350 4334 4306
f 4356 4314 4338
f 4315 4339 4357
f 4357 4326 4315
f 4341 4340 4294
f 4314 4356 4341
f 4358 4325 4316
f 4359 4316 4317
f 4360 4317 4318
f 4361 4318 4324
f 4362 4321 4319
f 4363 4319 4320
f 4364 4320 4322
f 4365 4323 4321
f 4366 4342 4323
f 4324 4340 4367
f 4368 4339 4325
f 4369 4327 4326
f 4370 4343 4327
f 4344 4298 4345
f 4343 4371 4328
f 4345 4328 4371
f 4322 4346 4364
f 4347 4329 4303
f 4347 4303 4348
f 4332 4372 4350
f 4332 4342 4372
f 4373 4338 4334
f 4334 4350 4373
f 4338 4373 4356
f 4339 4379 4357
f 4326 4357 4369
f 4340 4341 4380
f 4381 4341 4356
f 4325 4358 4368
f 4316 4359 4358
f 4317 4360 4359
f 4318 4361 4360
f 4324 4382 4361
f 4321 4362 4365
f 4319 4363 4362
f 4320 4364 4363
f 4323 4365 4366
f 4342 4366 4383
f 4380 4367 4340
f 4382 4324 4367
f 4339 4368 4384
f 4327 4369 4370
f 4343 4370 4385
f 4386 4344 4345
f 4371 4343 4385
f 4371 4386 4345
f 4387 4364 4346
f 4350 4372 4388
f 4383 4372 4342
f 4388 4373 4350
f 4392 4356 4373
f 4379 4339 4384
f 4393 4357 4379
f 4357 4393 4369
f 4341 4381 4380
f 4356 4392 4381
f 4394 4368 4358
f 4395 4358 4359
f 4396 4359 4360
f 4397 4360 4361
f 4398 4361 4382
f 4399 4365 4362
f 4400 4362 4363
f 4401 4363 4364
f 4402 4366 4365
f 4366 4403 4383
f 4367 4380 4404
f 4404 4382 4367
f 4368 4405 4384
f 4393 4370 4369
f 4406 4385 4370
f 4344 4386 4407
f 4385 4408 4371
f 4386 4371 4408
f 4364 4387 4401
f 4372 4409 4388
f 4372 4383 4409
f 4373 4388 4392
f 4384 4413 4379
f 4379 4414 4393
f 4415 4380 4381
f 4416 4381 4392
f 4368 4394 4417
f 4358 4395 4394
f 4359 4396 4395
f 4360 4397 4396
f 4361 4398 4397
f 4382 4418 4398
f 4365 4399 4402
f 4362 4400 4399
f 4363 4401 4400
f 4366 4402 4419
f 4403 4366 4419
f 4420 4383 4403
f 4380 4415 4404
f 4382 4404 4421
f 4405 4368 4417
f 4413 4384 4405
f 4370 4393 4406
f 4385 4406 4422
f 4423 4407 4386
f 4408 4385 4422
f 4424 4386 4408
f 4425 4401 4387
f 4388 4409 4427
f 4420 4409 4383
f 4427 4392 4388
f 4414 4379 4413
f 4429 4393 4414
f 4381 4416 4415
f 4392 4427 4416
f 4430 4417 4394
f 4431 4394 4395
f 4432 4395 4396
f 4433 4396 4397
f 4434 4397 4398
f 4418 4382 4421
f 4435 4398 4418
f 4399 4436 4402
f 4437 4399 4400
f 4438 4400 4401
f 4402 4439 4419
f 4419 4440 4403
f 4441 4420 4403
f 4442 4404 4415
f 4404 4442 4421
f 4417 4443 4405
f 4405 4444 4413
f 4393 4429 4406
f 4406 4445 4422
f 4407 4423 4446
f 4386 4424 4423
f 4445 4408 4422
f 4408 4445 4424
f 4401 4425 4438
f 4409 4447 4427
f 4447 4409 4420
f 4413 4448 4414
f 4414 4449 4429
f 4450 4415 4416
f 4447 4416 4427
f 4417 4430 4451
f 4394 4431 4430
f 4395 4432 4431
f 4396 4433 4432
f 4397 4434 4433
f 4398 4435 4434
f 4421 4452 4418
f 4418 4453 4435
f 4436 4399 4454
f 4439 4402 4436
f 4399 4437 4454
f 4400 4438 4437
f 4440 4419 4439
f 4441 4403 4440
f 4455 4420 4441
f 4415 4450 4442
f 4452 4421 4442
f 4443 4417 4451
f 4444 4405 4443
f 4448 4413 4444
f 4445 4406 4429
f 4456 4446 4423
f 4457 4423 4424
f 4458 4424 4445
f 4459 4438 4425
f 4420 4455 4447
f 4449 4414 4448
f 4458 4429 4449
f 4416 4447 4450
f 4460 4451 4430
f 4461 4430 4431
f 4462 4431 4432
f 4463 4432 4433
f 4464 4433 4434
f 4465 4434 4435
f 4453 4418 4452
f 4466 4435 4453
f 4454 4467 4436
f 4436 4468 4439
f 4469 4454 4437
f 4470 4437 4438
f 4439 4471 4440
f 4472 4441 4440
f 4441 4473 4455
f 4450 4452 4442
f 4451 4474 4443
f 4443 4475 4444
f 4444 4476 4448
f 4429 4458 4445
f 4446 4456 4477
f 4423 4457 4456
f 4424 4458 4457
f 4438 4459 4470
f 4478 4447 4455
f 4448 4479 4449
f 4449 4480 4458
f 4447 4478 4450
f 4451 4460 4481
f 4430 4461 4460
f 4431 4462 4461
f 4432 4463 4462
f 4433 4464 4463
f 4434 4465 4464
f 4435 4466 4465
f 4478 4453 4452
f 4482 4466 4453
f 4467 4454 4483
f 4468 4436 4467
f 4471 4439 4468
f 4454 4469 4483
f 4437 4470 4469
f 4472 4440 4471
f 4473 4441 4472
f 4482 4455 4473
f 4452 4450 4478
f 4474 4451 4481
f 4475 4443 4474
f 4476 4444 4475
f 4479 4448 4476
f 4484 4477 4456
f 4485 4456 4457
f 4480 4457 4458
f 4486 4470 4459
f 4455 4482 4478
f 4480 4449 4479
f 4487 4481 4460
f 4488 4460 4461
f 4489 4461 4462
f 4490 4462 4463
f 4491 4463 4464
f 4492 4464 4465
f 4493 4465 4466
f 4453 4478 4482
f 4466 4482 4494
f 4483 4495 4467
f 4467 4496 4468
f 4468 4497 4471
f 4498 4483 4469
f 4499 4469 4470
f 4500 4472 4471
f 4472 4501 4473
f 4473 4494 4482
f 4481 4502 4474
f 4474 4503 4475
f 4475 4504 4476
f 4476 4505 4479
f 4477 4484 4506
f 4456 4485 4484
f 4457 4480 4485
f 4470 4486 4499
f 4479 4507 4480
f 4481 4487 4508
f 4460 4488 4487
f 4461 4489 4488
f 4462 4490 4489
f 4463 4491 4490
f 4464 4492 4491
f 4465 4493 4492
f 4494 4493 4466
f 4495 4483 4509
f 4496 4467 4495
f 4497 4468 4496
f 4500 4471 4497
f 4483 4498 4509
f 4469 4499 4498
f 4501 4472 4500
f 4494 4473 4501
f 4502 4481 4508
f 4503 4474 4502
f 4504 4475 4503
f 4505 4476 4504
f 4507 4479 4505
f 4510 4506 4484
f 4511 4484 4485
f 4507 4485 4480
f 4512 4499 4486
f 4513 4508 4487
f 4514 4487 4488
f 4515 4488 4489
f 4516 4489 4490
f 4517 4490 4491
f 4518 4491 4492
f 4519 4492 4493
f 4493 4494 4520
f 4509 4521 4495
f 4495 4522 4496
f 4496 4523 4497
f 4524 4500 4497
f 4525 4509 4498
f 4526 4498 4499
f 4500 4527 4501
f 4501 4520 4494
f 4508 4528 4502
f 4502 4529 4503
f 4503 4530 4504
f 4504 4531 4505
f 4505 4532 4507
f 4506 4510 4533
f 4484 4511 4510
f 4485 4507 4511
f 4499 4512 4526
f 4508 4513 4534
f 4487 4514 4513
f 4488 4515 4514
f 4489 4516 4515
f 4490 4517 4516
f 4491 4518 4517
f 4492 4519 4518
f 4520 4519 4493
f 4521 4509 4535
f 4522 4495 4521
f 4523 4496 4522
f 4524 4497 4523
f 4527 4500 4524
f 4509 4525 4535
f 4498 4526 4525
f 4520 4501 4527
f 4528 4508 4534
f 4529 4502 4528
f 4530 4503 4529
f 4531 4504 4530
f 4532 4505 4531
f 4532 4511 4507
f 4536 4533 4510
f 4537 4510 4511
f 4538 4526 4512
f 4539 4534 4513
f 4540 4513 4514
f 4541 4514 4515
f 4542 4515 4516
f 4543 4516 4517
f 4544 4517 4518
f 4545 4518 4519
f 4519 4520 4546
f 4535 4547 4521
f 4521 4548 4522
f 4522 4549 4523
f 4550 4524 4523
f 4524 4551 4527
f 4552 4535 4525
f 4553 4525 4526
f 4527 4546 4520
f 4534 4554 4528
f 4528 4555 4529
f 4529 4556 4530
f 4530 4557 4531
f 4531 4558 4532
f 4511 4532 4537
f 4533 4536 4559
f 4510 4537 4536
f 4526 4538 4553
f 4534 4539 4560
f 4513 4540 4539
f 4514 4541 4540
f 4515 4542 4541
f 4516 4543 4542
f 4517 4544 4543
f 4518 4545 4544
f 4546 4545 4519
f 4547 4535 4561
f 4548 4521 4547
f 4549 4522 4548
f 4550 4523 4549
f 4551 4524 4550
f 4546 4527 4551
f 4535 4552 4561
f 4525 4553 4552
f 4554 4534 4560
f 4555 4528 4554
f 4556 4529 4555
f 4557 4530 4556
f 4558 4531 4557
f 4558 4537 4532
f 4562 4559 4536
f 4563 4536 4537
f 4564 4553 4538
f 4539 4565 4560
f 4540 4566 4539
f 4541 4567 4540
f 4542 4568 4541
f 4543 4569 4542
f 4544 4570 4543
f 4570 4544 4545
f 4545 4546 4570
f 4561 4566 4547
f 4547 4567 4548
f 4548 4568 4549
f 4571 4550 4549
f 4550 4569 4551
f 4551 4570 4546
f 4572 4561 4552
f 4573 4552 4553
f 4560 4572 4554
f 4554 4573 4555
f 4555 4564 4556
f 4556 4562 4557
f 4557 4563 4558
f 4537 4558 4563
f 4559 4562 4574
f 4536 4563 4562
f 4553 4564 4573
f 4539 4566 4565
f 4560 4565 4572
f 4540 4567 4566
f 4541 4568 4567
f 4542 4571 4568
f 4543 4570 4569
f 4542 4569 4571
f 4566 4561 4565
f 4567 4547 4566
f 4568 4548 4567
f 4571 4549 4568
f 4569 4550 4571
f 4570 4551 4569
f 4561 4572 4565
f 4552 4573 4572
f 4554 4572 4573
f 4555 4573 4564
f 4556 4564 4574
f 4556 4574 4562
f 4557 4562 4563
f 3770 3769 3768
f 3771 3768 3769
f 3769 3772 3770
f 3770 3772 3769
f 3768 3773 3770
f 3768 3771 3774
f 3769 3775 3771
f 3769 3776 3772
f 3772 3776 3769
f 3770 3772 3777
f 3777 3772 3770
f 3777 3770 3773
f 3773 3768 3778
f 3774 3771 3779
f 3780 3768 3774
f 3781 3771 3775
f 3775 3776 3769
f 3769 3776 3775
f 3772 3782 3776
f 3777 3772 3783
f 3783 3772 3777
f 3773 3784 3777
f 3778 3768 3780
f 3785 3773 3778
f 3779 3771 3786
f 3787 3779 3774
f 3774 3779 3787
f 3788 3774 3780
f 3780 3774 3788
f 3771 3781 3789
f 3775 3790 3781
f 3790 3776 3775
f 3775 3776 3790
f 3782 3791 3776
f 3792 3782 3772
f 3783 3772 3793
f 3793 3772 3783
f 3783 3777 3784
f 3794 3784 3773
f 3795 3780 3778
f 3778 3780 3795
f 3796 3773 3785
f 3797 3778 3785
f 3785 3778 3797
f 3786 3771 3798
f 3779 3787 3799
f 3799 3787 3779
f 3774 3788 3787
f 3787 3788 3774
f 3780 3795 3788
f 3788 3795 3780
f 3800 3789 3781
f 3798 3771 3789
f 3801 3781 3790
f 3802 3776 3790
f 3790 3776 3802
f 3791 3803 3776
f 3791 3782 3804
f 3782 3792 3805
f 3792 3772 3806
f 3793 3772 3807
f 3807 3772 3793
f 3793 3783 3808
f 3784 3808 3783
f 3794 3809 3784
f 3794 3773 3796
f 3778 3797 3795
f 3795 3797 3778
f 3810 3785 3796
f 3796 3785 3810
f 3785 3810 3797
f 3797 3810 3785
f 3786 3811 3798
f 3798 3811 3786
f 3812 3789 3800
f 3781 3813 3800
f 3798 3814 3789
f 3789 3814 3798
f 3813 3781 3801
f 3801 3790 3813
f 3815 3776 3802
f 3802 3776 3815
f 3802 3816 3790
f 3803 3817 3776
f 3803 3791 3818
f 3804 3782 3819
f 3804 3818 3791
f 3805 3792 3820
f 3805 3819 3782
f 3821 3806 3772
f 3806 3822 3792
f 3807 3772 3823
f 3823 3772 3807
f 3793 3808 3807
f 3809 3808 3784
f 3808 3824 3784
f 3809 3794 3825
f 3826 3794 3796
f 3826 3810 3796
f 3796 3810 3826
f 3811 3786 3827
f 3827 3786 3811
f 3814 3798 3811
f 3811 3798 3814
f 3789 3828 3812
f 3812 3828 3789
f 3812 3829 3800
f 3800 3829 3812
f 3800 3813 3830
f 3828 3789 3814
f 3814 3789 3828
f 3831 3813 3801
f 3816 3813 3790
f 3815 3832 3776
f 3776 3832 3815
f 3833 3802 3815
f 3831 3816 3802
f 3817 3834 3776
f 3803 3818 3817
f 3804 3835 3819
f 3819 3835 3804
f 3818 3835 3804
f 3804 3835 3818
f 3820 3792 3836
f 3820 3837 3805
f 3819 3805 3837
f 3838 3806 3821
f 3821 3772 3839
f 3840 3792 3822
f 3822 3806 3841
f 3823 3839 3772
f 3823 3842 3807
f 3807 3842 3823
f 3807 3808 3843
f 3809 3843 3808
f 3808 3844 3809
f 3809 3844 3808
f 3845 3784 3824
f 3842 3824 3808
f 3794 3846 3825
f 3843 3809 3825
f 3847 3794 3826
f 3810 3826 3848
f 3848 3826 3810
f 3829 3812 3828
f 3828 3812 3829
f 3849 3800 3829
f 3829 3800 3849
f 3813 3816 3830
f 3850 3800 3830
f 3851 3813 3831
f 3831 3801 3852
f 3832 3815 3853
f 3853 3815 3832
f 3776 3830 3832
f 3833 3854 3802
f 3833 3815 3854
f 3816 3831 3854
f 3851 3831 3816
f 3833 3816 3831
f 3802 3854 3831
f 3776 3834 3855
f 3817 3856 3834
f 3818 3857 3817
f 3819 3835 3837
f 3837 3835 3819
f 3818 3858 3835
f 3835 3858 3818
f 3859 3836 3792
f 3820 3836 3860
f 3860 3837 3820
f 3838 3861 3806
f 3862 3838 3821
f 3821 3839 3862
f 3863 3792 3840
f 3840 3822 3864
f 3841 3806 3865
f 3841 3864 3822
f 3866 3823 3839
f 3839 3823 3866
f 3842 3823 3867
f 3867 3823 3842
f 3842 3807 3843
f 3844 3808 3842
f 3842 3808 3844
f 3868 3824 3842
f 3846 3869 3825
f 3846 3794 3847
f 3867 3843 3825
f 3847 3848 3826
f 3826 3848 3847
f 3800 3849 3850
f 3850 3849 3800
f 3830 3816 3870
f 3871 3850 3830
f 3813 3851 3872
f 3873 3852 3801
f 3874 3831 3852
f 3853 3875 3815
f 3853 3870 3832
f 3832 3870 3853
f 3832 3830 3876
f 3855 3830 3776
f 3877 3833 3854
f 3875 3854 3833
f 3878 3854 3815
f 3816 3854 3870
f 3816 3833 3851
f 3833 3831 3874
f 3855 3834 3879
f 3856 3880 3834
f 3856 3817 3857
f 3857 3858 3818
f 3818 3858 3857
f 3837 3835 3881
f 3881 3835 3837
f 3835 3882 3858
f 3836 3859 3883
f 3859 3792 3863
f 3883 3860 3836
f 3837 3860 3884
f 3885 3806 3861
f 3861 3838 3886
f 3887 3838 3862
f 3888 3862 3839
f 3863 3840 3889
f 3864 3889 3840
f 3865 3806 3885
f 3841 3865 3890
f 3890 3864 3841
f 3867 3823 3866
f 3866 3823 3867
f 3866 3839 3891
f 3891 3839 3866
f 3867 3843 3842
f 3842 3843 3867
f 3842 3892 3843
f 3843 3892 3842
f 3844 3842 3843
f 3843 3842 3844
f 3893 3824 3868
f 3892 3842 3868
f 3868 3842 3892
f 3869 3894 3825
f 3869 3895 3846
f 3846 3895 3869
f 3846 3896 3847
f 3847 3896 3846
f 3897 3867 3825
f 3848 3847 3896
f 3896 3847 3848
f 3898 3850 3849
f 3849 3850 3898
f 3870 3876 3830
f 3850 3898 3871
f 3871 3898 3850
f 3899 3871 3830
f 3872 3900 3851
f 3872 3851 3901
f 3875 3878 3815
f 3875 3870 3853
f 3853 3870 3875
f 3832 3870 3876
f 3876 3870 3832
f 3830 3855 3904
f 3851 3833 3877
f 3854 3905 3877
f 3905 3854 3875
f 3875 3833 3874
f 3878 3870 3854
f 3834 3906 3879
f 3855 3907 3879
f 3879 3907 3855
f 3908 3834 3880
f 3856 3909 3880
f 3857 3909 3856
f 3857 3910 3858
f 3858 3910 3857
f 3881 3911 3835
f 3881 3837 3884
f 3912 3858 3882
f 3882 3835 3911
f 3863 3883 3859
f 3913 3860 3883
f 3913 3884 3860
f 3885 3861 3914
f 3886 3838 3915
f 3886 3914 3861
f 3887 3916 3838
f 3887 3862 3917
f 3888 3917 3862
f 3891 3839 3888
f 3888 3839 3891
f 3889 3883 3863
f 3918 3889 3864
f 3865 3885 3919
f 3919 3890 3865
f 3864 3890 3920
f 3867 3897 3866
f 3866 3921 3891
f 3892 3844 3843
f 3843 3844 3892
f 3922 3824 3893
f 3893 3923 3868
f 3868 3923 3893
f 3892 3868 3923
f 3923 3868 3892
f 3894 3924 3825
f 3894 3925 3869
f 3869 3925 3894
f 3895 3869 3925
f 3925 3869 3895
f 3896 3846 3895
f 3895 3846 3896
f 3825 3926 3897
f 3905 3876 3870
f 3876 3927 3870
f 3928 3871 3898
f 3898 3871 3928
f 3871 3928 3899
f 3899 3928 3871
f 3825 3899 3830
f 3929 3851 3900
f 3872 3930 3900
f 3901 3851 3931
f 3932 3872 3901
f 3870 3875 3878
f 3878 3875 3870
f 3905 3875 3878
f 3876 3878 3875
f 3855 3936 3904
f 3830 3904 3937
f 3851 3929 3877
f 3851 3877 3931
f 3877 3938 3905
f 3905 3927 3877
f 3875 3874 3876
f 3879 3906 3939
f 3834 3908 3906
f 3855 3940 3907
f 3907 3940 3855
f 3879 3907 3941
f 3941 3907 3879
f 3880 3942 3908
f 3942 3880 3909
f 3943 3857 3909
f 3909 3857 3943
f 3857 3943 3910
f 3910 3943 3857
f 3910 3858 3944
f 3911 3881 3884
f 3912 3944 3858
f 3912 3882 3945
f 3882 3911 3946
f 3913 3883 3884
f 3914 3919 3885
f 3915 3838 3947
f 3915 3948 3886
f 3949 3914 3886
f 3947 3838 3916
f 3916 3887 3950
f 3950 3887 3917
f 3951 3888 3917
f 3917 3888 3951
f 3891 3888 3951
f 3951 3888 3891
f 3883 3889 3884
f 3918 3920 3889
f 3918 3864 3920
f 3890 3919 3920
f 3921 3866 3897
f 3952 3891 3921
f 3892 3953 3844
f 3892 3844 3954
f 3955 3824 3922
f 3893 3956 3922
f 3923 3893 3957
f 3957 3893 3923
f 3923 3958 3892
f 3923 3892 3959
f 3924 3960 3825
f 3924 3961 3894
f 3894 3961 3924
f 3925 3894 3961
f 3961 3894 3925
f 3897 3926 3962
f 3825 3830 3926
f 3878 3876 3905
f 3927 3905 3870
f 3927 3876 3963
f 3928 3964 3899
f 3899 3964 3928
f 3964 3899 3825
f 3929 3965 3900
f 3900 3965 3929
f 3966 3900 3930
f 3872 3932 3930
f 3931 3967 3901
f 3931 3935 3901
f 3968 3932 3901
f 3935 3963 3874
f 3936 3970 3904
f 3971 3855 3936
f 3936 3855 3971
f 3937 3904 3972
f 3973 3830 3937
f 3938 3877 3929
f 3931 3877 3927
f 3974 3905 3938
f 3905 3974 3927
f 3876 3874 3963
f 3906 3975 3939
f 3879 3939 3976
f 3908 3977 3906
f 3855 3978 3940
f 3940 3978 3855
f 3940 3979 3907
f 3907 3979 3940
f 3907 3980 3941
f 3941 3980 3907
f 3879 3941 3981
f 3981 3941 3879
f 3908 3942 3977
f 3909 3982 3942
f 3943 3982 3909
f 3943 3910 3983
f 3944 3983 3910
f 3911 3884 3984
f 3944 3912 3985
f 3946 3945 3882
f 3945 3985 3912
f 3984 3946 3911
f 3986 3919 3914
f 3947 3987 3915
f 3949 3886 3948
f 3948 3915 3987
f 3914 3949 3988
f 3947 3916 3989
f 3950 3990 3916
f 3917 3951 3950
f 3951 3891 3991
f 3884 3889 3920
f 3920 3919 3988
f 3921 3897 3992
f 3952 3991 3891
f 3921 3993 3952
f 3994 3844 3953
f 3953 3892 3958
f 3954 3844 3995
f 3959 3892 3954
f 3999 3922 3956
f 3956 3957 3893
f 3893 3957 3956
f 3957 4000 3923
f 3957 3923 4001
f 3958 3923 4000
f 4001 3923 3959
f 3960 4002 3825
f 4003 3924 3960
f 3960 3924 4003
f 3961 3924 4004
f 4004 3924 3961
f 3926 4005 3962
f 3962 4006 3897
f 3926 3830 4005
f 3927 3963 3931
f 3964 3928 4007
f 4007 3928 3964
f 4008 3964 3825
f 3929 3967 3965
f 3965 3967 3929
f 3900 3965 4009
f 4009 3965 3900
f 4009 3966 3900
f 3900 3966 4009
f 3930 4010 3966
f 4011 3930 3932
f 3965 3901 3967
f 3967 3931 4012
f 3935 3931 3963
f 3901 3935 3965
f 4013 3932 3968
f 4014 3901 3968
f 3968 3901 4014
f 3968 3965 3901
f 3901 3965 3968
f 3965 4016 3935
f 3935 4016 3965
f 3970 4017 3904
f 3970 4018 3936
f 3936 4018 3970
f 3855 3971 3978
f 3978 3971 3855
f 3936 4019 3971
f 3971 4019 3936
f 3972 3904 4020
f 4021 3972 3937
f 3937 3972 4021
f 3937 3972 4022
f 4023 3830 3973
f 4024 3937 3973
f 3973 3937 4024
f 3973 3937 4025
f 3938 3967 3929
f 3929 3967 3938
f 3927 4012 3931
f 4012 3938 3974
f 3974 3938 4012
f 4012 3927 3974
f 3939 3975 4026
f 3906 4027 3975
f 4028 3976 3939
f 4029 3976 3879
f 3879 3976 4029
f 4030 3906 3977
f 4031 3940 3978
f 3978 3940 4031
f 3940 4032 3979
f 3979 4032 3940
f 3907 3979 4033
f 4033 3979 3907
f 3907 4034 3980
f 3980 4034 3907
f 3941 3980 4035
f 4035 3980 3941
f 3941 4036 3981
f 3981 4036 3941
f 3879 3981 4037
f 4037 3981 3879
f 3942 4038 3977
f 4038 3942 3982
f 3983 3982 3943
f 3983 3944 4039
f 4040 3984 3884
f 3985 4039 3944
f 3946 4041 3945
f 3946 4042 3945
f 4043 3945 3946
f 3946 3945 4043
f 4044 3985 3945
f 3945 3985 4044
f 3945 4045 3985
f 3945 4046 3985
f 3946 3984 4041
f 3984 4047 3946
f 4048 3946 3984
f 3984 3946 4048
f 3986 3988 3919
f 3986 3914 3988
f 3987 3947 3989
f 3949 3948 3988
f 3948 3987 3988
f 3989 3916 3990
f 3990 3950 3951
f 3990 3951 3991
f 3920 4049 3884
f 3988 4050 3920
f 3992 3897 4006
f 3993 3921 3992
f 3991 3952 4051
f 4052 3952 3993
f 3994 4053 3844
f 3994 4054 3953
f 3953 4054 3994
f 3953 4055 3958
f 3958 4055 3953
f 3995 3844 4056
f 3954 4057 3995
f 3995 4057 3954
f 3954 4058 3995
f 3995 4058 3954
f 3959 4054 3954
f 3954 4054 3959
f 3959 4059 3954
f 3954 4059 3959
f 3999 4055 3956
f 3956 4055 3999
f 3957 3956 4001
f 4001 3956 3957
f 4000 3957 4055
f 4001 4055 3957
f 3958 4055 4000
f 4000 4055 3958
f 4001 4054 3959
f 3959 4054 4001
f 4001 3999 3959
f 3959 3999 4001
f 4002 4063 3825
f 4064 3960 4002
f 4002 3960 4064
f 3924 4003 4004
f 4004 4003 3924
f 3960 4064 4003
f 4003 4064 3960
f 3962 4005 4065
f 4066 4005 3926
f 3926 4005 4066
f 4006 4067 3962
f 4005 3830 4023
f 4007 4008 3964
f 3964 4008 4007
f 4063 4008 3825
f 4009 3965 4014
f 4014 3965 4009
f 3966 4009 4068
f 4068 4009 3966
f 4069 3966 4010
f 4010 3930 4011
f 3901 4014 3965
f 3965 4014 3901
f 3938 4012 3967
f 3967 4012 3938
f 4070 4013 3968
f 3968 4071 4014
f 4014 4071 3968
f 4016 3965 3968
f 3968 3965 4016
f 4073 3904 4017
f 4018 3970 4017
f 4017 3970 4018
f 4018 4019 3936
f 3936 4019 4018
f 3971 4019 3978
f 3978 4019 3971
f 4074 4020 3904
f 4075 4020 3972
f 3972 4020 4075
f 3972 4020 4076
f 3972 4021 4075
f 4075 4021 3972
f 3937 4024 4021
f 4021 4024 3937
f 4022 3972 4076
f 4025 3937 4022
f 4023 3973 4077
f 4078 3973 4023
f 4023 3973 4078
f 3973 4078 4024
f 4024 4078 3973
f 4079 3973 4025
f 3975 4080 4026
f 3939 4026 4028
f 4081 3975 4027
f 4082 4027 3906
f 3976 4083 4028
f 4028 4083 3976
f 4084 3976 4029
f 4029 3976 4084
f 3879 4085 4029
f 4029 4085 3879
f 4030 4086 3906
f 3977 4087 4030
f 3940 4031 4088
f 4088 4031 3940
f 3978 4089 4031
f 4031 4089 3978
f 3940 4088 4032
f 4032 4088 3940
f 3907 4033 4090
f 4090 4033 3907
f 3907 4091 4034
f 4034 4091 3907
f 3941 4035 4092
f 4092 4035 3941
f 3941 4093 4036
f 4036 4093 3941
f 3981 4036 4094
f 4094 4036 3981
f 3981 4095 4037
f 4037 4095 3981
f 3879 4037 4096
f 4096 4037 3879
f 4087 3977 4038
f 4038 3982 4087
f 3982 3983 4097
f 4039 4097 3983
f 3984 4040 4098
f 4040 4067 3984
f 4099 3984 4040
f 4040 3984 4099
f 4040 3884 4049
f 4100 4039 3985
f 3985 4039 4100
f 3985 4101 4039
f 4039 3985 4102
f 4046 3945 4041
f 4042 4045 3945
f 4047 4042 3946
f 3945 4043 4044
f 4044 4043 3945
f 3946 4048 4043
f 4043 4048 3946
f 3985 4044 4100
f 4100 4044 3985
f 4045 4101 3985
f 4103 3985 4046
f 4098 4041 3984
f 4067 4047 3984
f 3984 4099 4048
f 4048 4099 3984
f 3989 3991 3987
f 3988 3987 3991
f 3989 3990 3991
f 4049 3920 4050
f 4050 3988 4051
f 3992 4006 4049
f 3992 4104 3993
f 3992 4105 3993
f 3993 4105 3992
f 3993 3992 4049
f 4052 4051 3952
f 3991 4051 3988
f 3993 4106 4052
f 4052 4106 3993
f 4052 3993 4050
f 3993 4107 4052
f 4108 3844 4053
f 4053 4109 3994
f 3994 4109 4053
f 3994 4057 4054
f 4054 4057 3994
f 3953 4054 4055
f 4055 4054 3953
f 3844 4108 4056
f 3995 4056 4110
f 4057 3954 4054
f 4054 3954 4057
f 4057 4110 3995
f 3995 4110 4057
f 4058 3954 4059
f 4059 3954 4058
f 4058 4110 3995
f 3995 4110 4058
f 4059 3959 3999
f 3999 3959 4059
f 4055 3999 4001
f 4001 3999 4055
f 4001 3956 4055
f 4055 3956 4001
f 4054 4001 4055
f 4055 4001 4054
f 4114 4002 4063
f 4063 4002 4114
f 4002 4114 4064
f 4064 4114 4002
f 4004 4003 4115
f 4115 4003 4004
f 4005 4023 4065
f 4065 3962 4067
f 4005 4066 4116
f 4116 4066 4005
f 4116 4006 4067
f 4067 4006 4116
f 4006 4067 4117
f 4006 4067 4040
f 4116 4023 4005
f 4005 4023 4116
f 4008 4007 4118
f 4118 4007 4008
f 4118 4063 4008
f 4008 4063 4118
f 4009 4014 4119
f 4119 4014 4009
f 4119 4068 4009
f 4009 4068 4119
f 4009 4120 4068
f 3966 4068 4069
f 4069 4068 3966
f 4010 4121 4069
f 4122 4010 4011
f 4123 4013 4070
f 4071 3968 4070
f 4070 3968 4071
f 4124 3968 4070
f 4070 3968 4124
f 4119 4014 4071
f 4071 4014 4119
f 3968 4124 4016
f 4016 4124 3968
f 3904 4073 4125
f 4126 4017 4073
f 4073 4017 4126
f 4017 4127 4018
f 4018 4127 4017
f 4018 4128 4019
f 4019 4128 4018
f 3978 4019 4129
f 4129 4019 3978
f 4074 4130 4020
f 4131 4074 4020
f 4020 4074 4131
f 4074 3904 4132
f 4020 4075 4131
f 4131 4075 4020
f 4076 4020 4130
f 4045 4075 4021
f 4021 4075 4045
f 4042 4021 4024
f 4024 4021 4042
f 4076 4022 4133
f 4025 4022 4045
f 4077 3973 4079
f 4065 4023 4077
f 4023 4116 4078
f 4078 4116 4023
f 4047 4024 4078
f 4078 4024 4047
f 4045 4079 4025
f 4025 4079 4045
f 4134 4026 4080
f 3975 4135 4080
f 4136 4028 4026
f 4081 4137 3975
f 4027 4138 4081
f 4082 4139 4027
f 4086 4082 3906
f 3976 4140 4083
f 4083 4140 3976
f 4028 4083 4141
f 4141 4083 4028
f 3976 4084 4142
f 4142 4084 3976
f 4085 4084 4029
f 4029 4084 4085
f 3879 4143 4085
f 4085 4143 3879
f 4030 4087 4086
f 3978 4129 4089
f 4089 4129 3978
f 4031 4089 4144
f 4144 4089 4031
f 3907 4090 4145
f 4145 4090 3907
f 3907 4145 4091
f 4091 4145 3907
f 3941 4092 4093
f 4093 4092 3941
f 3981 4094 4146
f 4146 4094 3981
f 3981 4147 4095
f 4095 4147 3981
f 4037 4095 4148
f 4148 4095 4037
f 4037 4149 4096
f 4096 4149 4037
f 3879 4096 4143
f 4143 4096 3879
f 4087 3982 4150
f 3982 4097 4151
f 4097 4039 4152
f 4153 4097 4039
f 4039 4097 4153
f 4039 4133 4097
f 4154 4098 4040
f 4040 4155 4099
f 4099 4155 4040
f 4040 4049 4154
f 4155 4040 4049
f 4049 4040 4155
f 4049 4006 4040
f 4039 4100 4153
f 4153 4100 4039
f 4101 4133 4039
f 4103 4102 3985
f 4102 4152 4039
f 4046 4041 4156
f 4045 4157 4042
f 4079 4045 4042
f 4042 4045 4079
f 4021 4042 4045
f 4045 4042 4021
f 4024 4047 4042
f 4042 4047 4024
f 4047 4042 4077
f 4047 4042 4158
f 4159 4044 4043
f 4043 4044 4159
f 4160 4043 4048
f 4048 4043 4160
f 4161 4100 4044
f 4044 4100 4161
f 4075 4045 4101
f 4101 4045 4075
f 4101 4162 4045
f 4101 4045 4022
f 4103 4046 4163
f 4041 4098 4164
f 4067 4047 4065
f 4067 4047 4165
f 4078 4067 4047
f 4047 4067 4078
f 4166 4048 4099
f 4099 4048 4166
f 4049 4050 4167
f 4050 3993 4049
f 4168 4049 4050
f 4050 4049 4168
f 4169 4050 4051
f 4051 4050 4169
f 4050 4051 4170
f 4051 4052 4050
f 4107 3993 4104
f 4105 3992 4171
f 4171 3992 4105
f 4106 3993 4105
f 4105 3993 4106
f 4052 4172 4051
f 4052 4169 4051
f 4051 4169 4052
f 4169 4052 4106
f 4106 4052 4169
f 4172 4052 4107
f 4053 4173 4108
f 4053 4174 4109
f 4109 4174 4053
f 3994 4109 4057
f 4057 4109 3994
f 4108 4175 4056
f 4056 4176 4110
f 4110 4057 4177
f 4177 4057 4110
f 4110 4058 4178
f 4178 4058 4110
f 4063 4118 4114
f 4114 4118 4063
f 4006 4116 4066
f 4066 4116 4006
f 4067 4078 4116
f 4116 4078 4067
f 4165 4117 4067
f 4119 4180 4009
f 4068 4119 4181
f 4181 4119 4068
f 4068 4120 4011
f 3932 4120 4009
f 4069 4068 4174
f 4174 4068 4069
f 4182 4069 4121
f 4121 4010 4122
f 4011 4122 4068
f 4183 4122 4011
f 4184 4123 4070
f 4070 4185 4071
f 4071 4185 4070
f 4070 4186 4124
f 4124 4186 4070
f 4119 4071 4181
f 4181 4071 4119
f 4126 4125 4073
f 4187 3904 4125
f 4017 4126 4188
f 4188 4126 4017
f 4127 4017 4188
f 4188 4017 4127
f 4128 4018 4127
f 4127 4018 4128
f 4128 4189 4019
f 4019 4189 4128
f 4019 4190 4129
f 4129 4190 4019
f 4130 4074 4140
f 4074 4131 4191
f 4191 4131 4074
f 4132 3904 4192
f 4193 4074 4132
f 4101 4131 4075
f 4075 4131 4101
f 4130 4076 4194
f 4101 4133 4022
f 4133 4194 4076
f 4079 4077 4042
f 4077 4065 4047
f 4134 4195 4026
f 4080 4196 4134
f 4197 4080 4135
f 4198 4135 3975
f 4028 4141 4136
f 4136 4141 4028
f 4136 4026 4195
f 4137 4198 3975
f 4081 4138 4137
f 4138 4027 4199
f 4139 4199 4027
f 4139 4082 4150
f 4086 4150 4082
f 4142 4140 3976
f 3976 4140 4142
f 4083 4200 4140
f 4141 4201 4083
f 4143 4142 4084
f 4084 4142 4143
f 4143 4084 4085
f 4085 4084 4143
f 4150 4086 4087
f 4190 4089 4129
f 4129 4089 4190
f 4144 4089 4202
f 4202 4089 4144
f 3981 4146 4147
f 4147 4146 3981
f 4037 4148 4203
f 4203 4148 4037
f 4204 4149 4037
f 4037 4149 4204
f 4096 4149 4205
f 4205 4149 4096
f 4096 4205 4143
f 4143 4205 4096
f 4150 3982 4139
f 4206 4151 4097
f 4151 4199 3982
f 4097 4152 4206
f 4097 4153 4207
f 4207 4153 4097
f 4133 4194 4097
f 4098 4154 4208
f 4209 4099 4155
f 4155 4099 4209
f 4167 4154 4049
f 4049 4168 4155
f 4155 4168 4049
f 4210 4153 4100
f 4100 4153 4210
f 4133 4211 4101
f 4131 4101 4133
f 4133 4101 4131
f 4102 4103 4212
f 4152 4102 4213
f 4164 4156 4041
f 4156 4163 4046
f 4214 4042 4157
f 4157 4045 4162
f 4214 4158 4042
f 4158 4165 4047
f 4044 4159 4161
f 4161 4159 4044
f 4043 4160 4159
f 4159 4160 4043
f 4048 4166 4160
f 4160 4166 4048
f 4100 4161 4210
f 4210 4161 4100
f 4162 4101 4211
f 4163 4212 4103
f 4208 4164 4098
f 4099 4209 4166
f 4166 4209 4099
f 4170 4167 4050
f 4050 4169 4168
f 4168 4169 4050
f 4215 4170 4051
f 4104 4216 4107
f 4171 4217 4105
f 4105 4217 4171
f 4105 4218 4106
f 4106 4218 4105
f 4215 4051 4172
f 4106 4219 4169
f 4169 4219 4106
f 4107 4220 4172
f 4221 4108 4173
f 4173 4174 4053
f 4053 4174 4173
f 4174 4181 4109
f 4109 4181 4174
f 4174 4122 4109
f 4109 4177 4057
f 4057 4177 4109
f 4056 4175 4122
f 4175 4108 4221
f 4176 4222 4110
f 4177 4223 4110
f 4110 4223 4177
f 4178 4223 4110
f 4110 4223 4178
f 4117 4165 4224
f 4009 4180 3932
f 4013 4180 4119
f 4119 4181 4013
f 4068 4181 4174
f 4174 4181 4068
f 4225 4011 4120
f 4120 3932 4180
f 4174 4068 4122
f 4069 4174 4182
f 4182 4174 4069
f 4121 4221 4182
f 4221 4121 4122
f 4183 4109 4122
f 4225 4183 4011
f 4222 4123 4184
f 4185 4070 4184
f 4184 4070 4185
f 4186 4070 4184
f 4184 4070 4186
f 4181 4071 4185
f 4185 4071 4181
f 4125 4188 4126
f 4126 4188 4125
f 4226 3904 4187
f 4189 4125 4187
f 4187 4125 4189
f 4188 4128 4127
f 4127 4128 4188
f 4189 4128 4227
f 4227 4128 4189
f 4190 4019 4189
f 4189 4019 4190
f 4140 4074 4228
f 4130 4140 4200
f 4133 4191 4131
f 4131 4191 4133
f 4074 4191 4229
f 4229 4191 4074
f 4192 3904 4226
f 4230 4192 4132
f 4132 4192 4230
f 4231 4074 4193
f 4132 4230 4193
f 4194 4130 4232
f 4133 4194 4211
f 4191 4133 4194
f 4194 4133 4191
f 4233 4195 4134
f 4233 4134 4196
f 4234 4196 4080
f 4197 4235 4080
f 4136 4141 4237
f 4237 4141 4136
f 4136 4237 4195
f 4195 4237 4136
f 4137 4238 4198
f 4238 4137 4138
f 4199 4151 4138
f 4139 3982 4199
f 4239 4140 4142
f 4142 4140 4239
f 4200 4083 4201
f 4201 4141 4240
f 4143 4205 4142
f 4142 4205 4143
f 4089 4190 4241
f 4241 4190 4089
f 4202 4089 4242
f 4242 4089 4202
f 4037 4203 4243
f 4243 4203 4037
f 4204 4244 4149
f 4149 4244 4204
f 4037 4245 4204
f 4204 4245 4037
f 4151 4206 4246
f 4097 4247 4206
f 4206 4247 4097
f 4097 4232 4206
f 4248 4206 4152
f 4249 4207 4153
f 4153 4207 4249
f 4247 4097 4207
f 4207 4097 4247
f 4194 4232 4097
f 4250 4208 4154
f 4155 4251 4209
f 4209 4251 4155
f 4154 4167 4250
f 4251 4155 4168
f 4168 4155 4251
f 4153 4210 4249
f 4249 4210 4153
f 4212 4213 4102
f 4152 4213 4248
f 4156 4164 4252
f 4163 4156 4253
f 4214 4157 4254
f 4157 4162 4255
f 4158 4214 4256
f 4165 4158 4257
f 4162 4211 4258
f 4212 4163 4259
f 4164 4208 4260
f 4167 4170 4261
f 4219 4168 4169
f 4169 4168 4219
f 4170 4215 4262
f 4220 4107 4216
f 4217 4171 4263
f 4263 4171 4217
f 4218 4105 4217
f 4217 4105 4218
f 4219 4106 4218
f 4218 4106 4219
f 4172 4264 4215
f 4264 4172 4220
f 4173 4182 4221
f 4182 4174 4173
f 4173 4174 4182
f 4181 4056 4109
f 4109 4056 4181
f 4181 4177 4109
f 4109 4177 4181
f 4175 4221 4122
f 4110 4222 4223
f 4223 4177 4265
f 4265 4177 4223
f 4223 4178 4266
f 4266 4178 4223
f 4257 4224 4165
f 4180 4013 4222
f 4222 4013 4181
f 4120 4180 4225
f 4268 4109 4183
f 4183 4225 4269
f 4223 4222 4184
f 4184 4265 4185
f 4185 4265 4184
f 4184 4266 4186
f 4186 4266 4184
f 4181 4185 4265
f 4265 4185 4181
f 4188 4125 4227
f 4227 4125 4188
f 4270 4226 4187
f 4125 4189 4227
f 4227 4189 4125
f 4270 4189 4187
f 4187 4189 4270
f 4128 4188 4227
f 4227 4188 4128
f 4189 4270 4190
f 4190 4270 4189
f 4228 4074 4231
f 4140 4239 4228
f 4228 4239 4140
f 4200 4232 4130
f 4229 4191 4271
f 4271 4191 4229
f 4192 4272 4226
f 4226 4272 4192
f 4192 4230 4273
f 4273 4230 4192
f 4231 4193 4274
f 4275 4193 4230
f 4232 4276 4194
f 4277 4194 4232
f 4232 4194 4277
f 4276 4211 4194
f 4191 4194 4277
f 4277 4194 4191
f 4233 4278 4195
f 4196 4279 4233
f 4234 4280 4196
f 4235 4234 4080
f 4197 4281 4235
f 4236 4282 4135
f 4198 4236 4135
f 4236 4198 4238
f 4237 4240 4141
f 4237 4195 4278
f 4138 4151 4238
f 4201 4283 4200
f 4201 4240 4283
f 4270 4241 4190
f 4190 4241 4270
f 4241 4242 4089
f 4089 4242 4241
f 4202 4242 4284
f 4284 4242 4202
f 4037 4243 4285
f 4285 4243 4037
f 4286 4244 4204
f 4204 4244 4286
f 4037 4287 4245
f 4245 4287 4037
f 4288 4246 4206
f 4246 4282 4151
f 4289 4206 4247
f 4247 4206 4289
f 4232 4283 4206
f 4206 4248 4288
f 4207 4249 4290
f 4290 4249 4207
f 4207 4291 4247
f 4247 4291 4207
f 4208 4250 4292
f 4261 4250 4167
f 4168 4219 4251
f 4251 4219 4168
f 4213 4212 4293
f 4294 4248 4213
f 4260 4252 4164
f 4252 4253 4156
f 4253 4259 4163
f 4255 4254 4157
f 4254 4256 4214
f 4258 4255 4162
f 4256 4257 4158
f 4295 4258 4211
f 4259 4293 4212
f 4292 4260 4208
f 4262 4261 4170
f 4296 4262 4215
f 4216 4297 4220
f 4296 4215 4264
f 4220 4298 4264
f 4056 4181 4268
f 4268 4181 4056
f 4056 4109 4268
f 4181 4265 4177
f 4177 4265 4181
f 4265 4184 4223
f 4223 4184 4265
f 4266 4184 4223
f 4223 4184 4266
f 4224 4257 4299
f 4269 4180 4222
f 4269 4181 4222
f 4222 4181 4269
f 4269 4225 4180
f 4268 4183 4269
f 4270 4300 4226
f 4228 4301 4231
f 4231 4301 4228
f 4301 4228 4239
f 4239 4228 4301
f 4232 4200 4283
f 4271 4191 4277
f 4277 4191 4271
f 4272 4192 4273
f 4273 4192 4272
f 4302 4226 4272
f 4272 4226 4302
f 4230 4273 4302
f 4193 4303 4274
f 4231 4304 4274
f 4274 4304 4231
f 4303 4275 4193
f 4193 4275 4303
f 4275 4230 4305
f 4306 4276 4232
f 4232 4307 4277
f 4277 4307 4232
f 4211 4276 4295
f 4279 4278 4233
f 4279 4196 4280
f 4280 4234 4308
f 4235 4308 4234
f 4308 4235 4281
f 4135 4281 4197
f 4281 4135 4282
f 4236 4151 4282
f 4238 4151 4236
f 4278 4240 4237
f 4309 4283 4240
f 4241 4270 4300
f 4300 4270 4241
f 4242 4241 4310
f 4310 4241 4242
f 4284 4242 4311
f 4037 4285 4287
f 4287 4285 4037
f 4312 4244 4286
f 4286 4244 4312
f 4246 4288 4240
f 4206 4283 4288
f 4206 4289 4288
f 4288 4289 4206
f 4282 4246 4281
f 4247 4313 4289
f 4289 4313 4247
f 4307 4232 4283
f 4283 4232 4307
f 4232 4283 4306
f 4314 4288 4248
f 4291 4207 4290
f 4290 4207 4291
f 4313 4247 4291
f 4291 4247 4313
f 4315 4292 4250
f 4250 4261 4315
f 4213 4293 4294
f 4248 4294 4314
f 4252 4260 4316
f 4253 4252 4317
f 4259 4253 4318
f 4254 4255 4319
f 4256 4254 4320
f 4255 4258 4321
f 4257 4256 4322
f 4258 4295 4323
f 4293 4259 4324
f 4260 4292 4325
f 4261 4262 4326
f 4262 4296 4327
f 4298 4220 4297
f 4264 4328 4296
f 4328 4264 4298
f 4268 4181 4269
f 4269 4181 4268
f 4322 4299 4257
f 4329 4226 4300
f 4304 4231 4301
f 4301 4231 4304
f 4277 4330 4271
f 4271 4330 4277
f 4272 4302 4273
f 4226 4302 4329
f 4329 4302 4226
f 4305 4230 4302
f 4274 4303 4331
f 4304 4331 4274
f 4274 4331 4304
f 4275 4303 4305
f 4305 4303 4275
f 4306 4332 4276
f 4330 4277 4307
f 4307 4277 4330
f 4332 4295 4276
f 4278 4279 4240
f 4280 4246 4279
f 4308 4246 4280
f 4281 4246 4308
f 4333 4283 4309
f 4309 4283 4333
f 4283 4309 4334
f 4309 4288 4283
f 4309 4240 4288
f 4300 4310 4241
f 4241 4310 4300
f 4310 4335 4242
f 4242 4335 4310
f 4311 4242 4336
f 4311 4242 4284
f 4337 4244 4312
f 4312 4244 4337
f 4246 4240 4279
f 4289 4309 4288
f 4288 4309 4289
f 4313 4333 4289
f 4289 4333 4313
f 4283 4333 4307
f 4307 4333 4283
f 4334 4306 4283
f 4314 4338 4288
f 4292 4315 4339
f 4326 4315 4261
f 4340 4294 4293
f 4341 4314 4294
f 4325 4316 4260
f 4316 4317 4252
f 4317 4318 4253
f 4318 4324 4259
f 4321 4319 4255
f 4319 4320 4254
f 4320 4322 4256
f 4323 4321 4258
f 4342 4323 4295
f 4293 4324 4340
f 4339 4325 4292
f 4327 4326 4262
f 4343 4327 4296
f 4297 4344 4298
f 4343 4296 4328
f 4298 4345 4328
f 4299 4322 4346
f 4347 4329 4300
f 4302 4303 4329
f 4329 4303 4302
f 4303 4302 4305
f 4305 4302 4303
f 4331 4303 4348
f 4331 4304 4349
f 4349 4304 4331
f 4350 4332 4306
f 4307 4351 4330
f 4330 4351 4307
f 4295 4332 4342
f 4309 4289 4333
f 4333 4289 4309
f 4338 4334 4309
f 4309 4288 4338
f 4310 4300 4347
f 4347 4300 4310
f 4335 4310 4352
f 4352 4310 4335
f 4353 4242 4335
f 4335 4242 4353
f 4336 4242 4354
f 4336 4242 4311
f 4354 4242 4336
f 4355 4244 4337
f 4337 4244 4355
f 4333 4313 4351
f 4351 4313 4333
f 4351 4307 4333
f 4333 4307 4351
f 4306 4334 4350
f 4338 4314 4356
f 4357 4339 4315
f 4315 4326 4357
f 4294 4340 4341
f 4341 4356 4314
f 4316 4325 4358
f 4317 4316 4359
f 4318 4317 4360
f 4324 4318 4361
f 4319 4321 4362
f 4320 4319 4363
f 4322 4320 4364
f 4321 4323 4365
f 4323 4342 4366
f 4367 4340 4324
f 4325 4339 4368
f 4326 4327 4369
f 4327 4343 4370
f 4345 4298 4344
f 4328 4371 4343
f 4371 4328 4345
f 4364 4346 4322
f 4303 4329 4347
f 4348 4303 4347
f 4349 4348 4331
f 4331 4348 4349
f 4244 4349 4304
f 4304 4349 4244
f 4350 4372 4332
f 4372 4342 4332
f 4334 4338 4373
f 4347 4352 4310
f 4310 4352 4347
f 4352 4374 4335
f 4335 4374 4352
f 4375 4242 4353
f 4353 4242 4375
f 4353 4335 4376
f 4376 4335 4353
f 4354 4242 4377
f 4377 4242 4354
f 4378 4244 4355
f 4355 4244 4378
f 4373 4350 4334
f 4356 4373 4338
f 4357 4379 4339
f 4369 4357 4326
f 4380 4341 4340
f 4356 4341 4381
f 4368 4358 4325
f 4358 4359 4316
f 4359 4360 4317
f 4360 4361 4318
f 4361 4382 4324
f 4365 4362 4321
f 4362 4363 4319
f 4363 4364 4320
f 4366 4365 4323
f 4383 4366 4342
f 4340 4367 4380
f 4367 4324 4382
f 4384 4368 4339
f 4370 4369 4327
f 4385 4370 4343
f 4345 4344 4386
f 4385 4343 4371
f 4345 4386 4371
f 4346 4364 4387
f 4352 4347 4348
f 4348 4347 4352
f 4348 4349 4352
f 4352 4349 4348
f 4349 4244 4374
f 4374 4244 4349
f 4388 4372 4350
f 4342 4372 4383
f 4374 4352 4349
f 4349 4352 4374
f 4389 4335 4374
f 4374 4335 4389
f 4377 4242 4375
f 4375 4242 4377
f 4376 4335 4390
f 4390 4335 4376
f 4391 4244 4378
f 4378 4244 4391
f 4350 4373 4388
f 4373 4356 4392
f 4384 4339 4379
f 4379 4357 4393
f 4369 4393 4357
f 4380 4381 4341
f 4381 4392 4356
f 4358 4368 4394
f 4359 4358 4395
f 4360 4359 4396
f 4361 4360 4397
f 4382 4361 4398
f 4362 4365 4399
f 4363 4362 4400
f 4364 4363 4401
f 4365 4366 4402
f 4383 4403 4366
f 4404 4380 4367
f 4367 4382 4404
f 4384 4405 4368
f 4369 4370 4393
f 4370 4385 4406
f 4407 4386 4344
f 4371 4408 4385
f 4408 4371 4386
f 4401 4387 4364
f 4391 4374 4244
f 4244 4374 4391
f 4388 4409 4372
f 4409 4383 4372
f 4410 4335 4389
f 4389 4335 4410
f 4389 4374 4411
f 4411 4374 4389
f 4390 4335 4412
f 4412 4335 4390
f 4392 4388 4373
f 4379 4413 4384
f 4393 4414 4379
f 4381 4380 4415
f 4392 4381 4416
f 4417 4394 4368
f 4394 4395 4358
f 4395 4396 4359
f 4396 4397 4360
f 4397 4398 4361
f 4398 4418 4382
f 4402 4399 4365
f 4399 4400 4362
f 4400 4401 4363
f 4419 4402 4366
f 4419 4366 4403
f 4403 4383 4420
f 4404 4415 4380
f 4421 4404 4382
f 4417 4368 4405
f 4405 4384 4413
f 4406 4393 4370
f 4422 4406 4385
f 4386 4407 4423
f 4422 4385 4408
f 4408 4386 4424
f 4387 4401 4425
f 4426 4374 4391
f 4391 4374 4426
f 4427 4409 4388
f 4383 4409 4420
f 4412 4335 4410
f 4410 4335 4412
f 4411 4374 4428
f 4428 4374 4411
f 4388 4392 4427
f 4413 4379 4414
f 4414 4393 4429
f 4415 4416 4381
f 4416 4427 4392
f 4394 4417 4430
f 4395 4394 4431
f 4396 4395 4432
f 4397 4396 4433
f 4398 4397 4434
f 4421 4382 4418
f 4418 4398 4435
f 4402 4436 4399
f 4400 4399 4437
f 4401 4400 4438
f 4419 4439 4402
f 4403 4440 4419
f 4403 4420 4441
f 4415 4404 4442
f 4421 4442 4404
f 4405 4443 4417
f 4413 4444 4405
f 4406 4429 4393
f 4422 4445 4406
f 4446 4423 4407
f 4423 4424 4386
f 4422 4408 4445
f 4424 4445 4408
f 4438 4425 4401
f 4428 4374 4426
f 4426 4374 4428
f 4427 4447 4409
f 4420 4409 4447
f 4414 4448 4413
f 4429 4449 4414
f 4416 4415 4450
f 4427 4416 4447
f 4451 4430 4417
f 4430 4431 4394
f 4431 4432 4395
f 4432 4433 4396
f 4433 4434 4397
f 4434 4435 4398
f 4418 4452 4421
f 4435 4453 4418
f 4454 4399 4436
f 4436 4402 4439
f 4454 4437 4399
f 4437 4438 4400
f 4439 4419 4440
f 4440 4403 4441
f 4441 4420 4455
f 4442 4450 4415
f 4442 4421 4452
f 4451 4417 4443
f 4443 4405 4444
f 4444 4413 4448
f 4429 4406 4445
f 4423 4446 4456
f 4424 4423 4457
f 4445 4424 4458
f 4425 4438 4459
f 4447 4455 4420
f 4448 4414 4449
f 4449 4429 4458
f 4450 4447 4416
f 4430 4451 4460
f 4431 4430 4461
f 4432 4431 4462
f 4433 4432 4463
f 4434 4433 4464
f 4435 4434 4465
f 4452 4418 4453
f 4453 4435 4466
f 4436 4467 4454
f 4439 4468 4436
f 4437 4454 4469
f 4438 4437 4470
f 4440 4471 4439
f 4440 4441 4472
f 4455 4473 4441
f 4442 4452 4450
f 4443 4474 4451
f 4444 4475 4443
f 4448 4476 4444
f 4445 4458 4429
f 4477 4456 4446
f 4456 4457 4423
f 4457 4458 4424
f 4470 4459 4438
f 4455 4447 4478
f 4449 4479 4448
f 4458 4480 4449
f 4450 4478 4447
f 4481 4460 4451
f 4460 4461 4430
f 4461 4462 4431
f 4462 4463 4432
f 4463 4464 4433
f 4464 4465 4434
f 4465 4466 4435
f 4452 4453 4478
f 4453 4466 4482
f 4483 4454 4467
f 4467 4436 4468
f 4468 4439 4471
f 4483 4469 4454
f 4469 4470 4437
f 4471 4440 4472
f 4472 4441 4473
f 4473 4455 4482
f 4478 4450 4452
f 4481 4451 4474
f 4474 4443 4475
f 4475 4444 4476
f 4476 4448 4479
f 4456 4477 4484
f 4457 4456 4485
f 4458 4457 4480
f 4459 4470 4486
f 4478 4482 4455
f 4479 4449 4480
f 4460 4481 4487
f 4461 4460 4488
f 4462 4461 4489
f 4463 4462 4490
f 4464 4463 4491
f 4465 4464 4492
f 4466 4465 4493
f 4482 4478 4453
f 4494 4482 4466
f 4467 4495 4483
f 4468 4496 4467
f 4471 4497 4468
f 4469 4483 4498
f 4470 4469 4499
f 4471 4472 4500
f 4473 4501 4472
f 4482 4494 4473
f 4474 4502 4481
f 4475 4503 4474
f 4476 4504 4475
f 4479 4505 4476
f 4506 4484 4477
f 4484 4485 4456
f 4485 4480 4457
f 4499 4486 4470
f 4480 4507 4479
f 4508 4487 4481
f 4487 4488 4460
f 4488 4489 4461
f 4489 4490 4462
f 4490 4491 4463
f 4491 4492 4464
f 4492 4493 4465
f 4466 4493 4494
f 4509 4483 4495
f 4495 4467 4496
f 4496 4468 4497
f 4497 4471 4500
f 4509 4498 4483
f 4498 4499 4469
f 4500 4472 4501
f 4501 4473 4494
f 4508 4481 4502
f 4502 4474 4503
f 4503 4475 4504
f 4504 4476 4505
f 4505 4479 4507
f 4484 4506 4510
f 4485 4484 4511
f 4480 4485 4507
f 4486 4499 4512
f 4487 4508 4513
f 4488 4487 4514
f 4489 4488 4515
f 4490 4489 4516
f 4491 4490 4517
f 4492 4491 4518
f 4493 4492 4519
f 4520 4494 4493
f 4495 4521 4509
f 4496 4522 4495
f 4497 4523 4496
f 4497 4500 4524
f 4498 4509 4525
f 4499 4498 4526
f 4501 4527 4500
f 4494 4520 4501
f 4502 4528 4508
f 4503 4529 4502
f 4504 4530 4503
f 4505 4531 4504
f 4507 4532 4505
f 4533 4510 4506
f 4510 4511 4484
f 4511 4507 4485
f 4526 4512 4499
f 4534 4513 4508
f 4513 4514 4487
f 4514 4515 4488
f 4515 4516 4489
f 4516 4517 4490
f 4517 4518 4491
f 4518 4519 4492
f 4493 4519 4520
f 4535 4509 4521
f 4521 4495 4522
f 4522 4496 4523
f 4523 4497 4524
f 4524 4500 4527
f 4535 4525 4509
f 4525 4526 4498
f 4527 4501 4520
f 4534 4508 4528
f 4528 4502 4529
f 4529 4503 4530
f 4530 4504 4531
f 4531 4505 4532
f 4507 4511 4532
f 4510 4533 4536
f 4511 4510 4537
f 4512 4526 4538
f 4513 4534 4539
f 4514 4513 4540
f 4515 4514 4541
f 4516 4515 4542
f 4517 4516 4543
f 4518 4517 4544
f 4519 4518 4545
f 4546 4520 4519
f 4521 4547 4535
f 4522 4548 4521
f 4523 4549 4522
f 4523 4524 4550
f 4527 4551 4524
f 4525 4535 4552
f 4526 4525 4553
f 4520 4546 4527
f 4528 4554 4534
f 4529 4555 4528
f 4530 4556 4529
f 4531 4557 4530
f 4532 4558 4531
f 4537 4532 4511
f 4559 4536 4533
f 4536 4537 4510
f 4553 4538 4526
f 4560 4539 4534
f 4539 4540 4513
f 4540 4541 4514
f 4541 4542 4515
f 4542 4543 4516
f 4543 4544 4517
f 4544 4545 4518
f 4519 4545 4546
f 4561 4535 4547
f 4547 4521 4548
f 4548 4522 4549
f 4549 4523 4550
f 4550 4524 4551
f 4551 4527 4546
f 4561 4552 4535
f 4552 4553 4525
f 4560 4534 4554
f 4554 4528 4555
f 4555 4529 4556
f 4556 4530 4557
f 4557 4531 4558
f 4532 4537 4558
f 4536 4559 4562
f 4537 4536 4563
f 4538 4553 4564
f 4560 4565 4539
f 4539 4566 4540
f 4540 4567 4541
f 4541 4568 4542
f 4542 4569 4543
f 4543 4570 4544
f 4545 4544 4570
f 4570 4546 4545
f 4547 4566 4561
f 4548 4567 4547
f 4549 4568 4548
f 4549 4550 4571
f 4551 4569 4550
f 4546 4570 4551
f 4552 4561 4572
f 4553 4552 4573
f 4554 4572 4560
f 4555 4573 4554
f 4556 4564 4555
f 4557 4562 4556
f 4558 4563 4557
f 4563 4558 4537
f 4574 4562 4559
f 4562 4563 4536
f 4573 4564 4553
f 4565 4566 4539
f 4572 4565 4560
f 4566 4567 4540
f 4567 4568 4541
f 4568 4571 4542
f 4569 4570 4543
f 4571 4569 4542
f 4565 4561 4566
f 4566 4547 4567
f 4567 4548 4568
f 4568 4549 4571
f 4571 4550 4569
f 4569 4551 4570
f 4565 4572 4561
f 4572 4573 4552
f 4573 4572 4554
f 4564 4573 4555
f 4574 4564 4556
f 4562 4574 4556
f 4563 4562 4557
f 4575 4576 4577
f 4576 4575 4578
f 4577 4576 4575
f 4578 4575 4576
f 4579 4577 4576
f 4576 4577 4579
f 4577 4580 4575
f 4575 4580 4577
f 4581 4578 4575
f 4575 4578 4581
f 4582 4576 4578
f 4578 4576 4582
f 4577 4579 4583
f 4583 4579 4577
f 4584 4579 4576
f 4576 4579 4584
f 4580 4577 4585
f 4585 4577 4580
f 4586 4575 4580
f 4580 4575 4586
f 4578 4581 4587
f 4587 4581 4578
f 4575 4586 4581
f 4581 4586 4575
f 4576 4582 4584
f 4584 4582 4576
f 4578 4588 4582
f 4582 4588 4578
f 4589 4583 4579
f 4579 4583 4589
f 4583 4585 4577
f 4577 4585 4583
f 4579 4584 4590
f 4590 4584 4579
f 4585 4591 4580
f 4580 4591 4585
f 4580 4592 4586
f 4586 4592 4580
f 4593 4587 4581
f 4581 4587 4593
f 4588 4578 4587
f 4587 4578 4588
f 4594 4581 4586
f 4586 4581 4594
f 4595 4584 4582
f 4582 4584 4595
f 4596 4582 4588
f 4588 4582 4596
f 4583 4589 4597
f 4597 4589 4583
f 4579 4598 4589
f 4589 4598 4579
f 4585 4583 4599
f 4599 4583 4585
f 4600 4590 4584
f 4584 4590 4600
f 4598 4579 4590
f 4590 4579 4598
f 4591 4585 4601
f 4601 4585 4591
f 4592 4580 4591
f 4591 4580 4592
f 4602 4586 4592
f 4592 4586 4602
f 4587 4593 4603
f 4603 4593 4587
f 4581 4594 4593
f 4593 4594 4581
f 4587 4604 4588
f 4588 4604 4587
f 4586 4602 4594
f 4594 4602 4586
f 4584 4595 4600
f 4600 4595 4584
f 4582 4596 4595
f 4595 4596 4582
f 4588 4605 4596
f 4596 4605 4588
f 4606 4597 4589
f 4589 4597 4606
f 4597 4599 4583
f 4583 4599 4597
f 4607 4589 4598
f 4598 4589 4607
f 4599 4601 4585
f 4585 4601 4599
f 4590 4600 4608
f 4608 4600 4590
f 4590 4609 4598
f 4598 4609 4590
f 4601 4610 4591
f 4591 4610 4601
f 4591 4611 4592
f 4592 4611 4591
f 4592 4612 4602
f 4602 4612 4592
f 4613 4603 4593
f 4593 4603 4613
f 4604 4587 4603
f 4603 4587 4604
f 4614 4593 4594
f 4594 4593 4614
f 4605 4588 4604
f 4604 4588 4605
f 4615 4594 4602
f 4602 4594 4615
f 4616 4600 4595
f 4595 4600 4616
f 4617 4595 4596
f 4596 4595 4617
f 4618 4596 4605
f 4605 4596 4618
f 4597 4606 4619
f 4619 4606 4597
f 4589 4607 4606
f 4606 4607 4589
f 4599 4597 4620
f 4620 4597 4599
f 4598 4621 4607
f 4607 4621 4598
f 4601 4599 4622
f 4622 4599 4601
f 4623 4608 4600
f 4600 4608 4623
f 4609 4590 4608
f 4608 4590 4609
f 4621 4598 4609
f 4609 4598 4621
f 4610 4601 4624
f 4624 4601 4610
f 4611 4591 4610
f 4610 4591 4611
f 4612 4592 4611
f 4611 4592 4612
f 4625 4602 4612
f 4612 4602 4625
f 4603 4613 4626
f 4626 4613 4603
f 4593 4614 4613
f 4613 4614 4593
f 4603 4627 4604
f 4604 4627 4603
f 4594 4615 4614
f 4614 4615 4594
f 4604 4628 4605
f 4605 4628 4604
f 4602 4625 4615
f 4615 4625 4602
f 4600 4616 4623
f 4623 4616 4600
f 4595 4617 4616
f 4616 4617 4595
f 4596 4618 4617
f 4617 4618 4596
f 4605 4629 4618
f 4618 4629 4605
f 4630 4619 4606
f 4606 4619 4630
f 4619 4620 4597
f 4597 4620 4619
f 4631 4606 4607
f 4607 4606 4631
f 4620 4622 4599
f 4599 4622 4620
f 4632 4607 4621
f 4621 4607 4632
f 4622 4624 4601
f 4601 4624 4622
f 4608 4623 4633
f 4633 4623 4608
f 4633 4609 4608
f 4608 4609 4633
f 4609 4634 4621
f 4621 4634 4609
f 4624 4635 4610
f 4610 4635 4624
f 4610 4636 4611
f 4611 4636 4610
f 4611 4637 4612
f 4612 4637 4611
f 4612 4638 4625
f 4625 4638 4612
f 4639 4626 4613
f 4613 4626 4639
f 4627 4603 4626
f 4626 4603 4627
f 4640 4613 4614
f 4614 4613 4640
f 4628 4604 4627
f 4627 4604 4628
f 4641 4614 4615
f 4615 4614 4641
f 4629 4605 4628
f 4628 4605 4629
f 4642 4615 4625
f 4625 4615 4642
f 4643 4623 4616
f 4616 4623 4643
f 4644 4616 4617
f 4617 4616 4644
f 4645 4617 4618
f 4618 4617 4645
f 4646 4618 4629
f 4629 4618 4646
f 4619 4630 4647
f 4647 4630 4619
f 4606 4631 4630
f 4630 4631 4606
f 4620 4619 4648
f 4648 4619 4620
f 4607 4632 4631
f 4631 4632 4607
f 4622 4620 4649
f 4649 4620 4622
f 4621 4650 4632
f 4632 4650 4621
f 4624 4622 4651
f 4651 4622 4624
f 4652 4633 4623
f 4623 4633 4652
f 4609 4633 4653
f 4653 4633 4609
f 4634 4609 4653
f 4653 4609 4634
f 4650 4621 4634
f 4634 4621 4650
f 4635 4624 4654
f 4654 4624 4635
f 4636 4610 4635
f 4635 4610 4636
f 4637 4611 4636
f 4636 4611 4637
f 4638 4612 4637
f 4637 4612 4638
f 4655 4625 4638
f 4638 4625 4655
f 4626 4639 4656
f 4656 4639 4626
f 4613 4640 4639
f 4639 4640 4613
f 4626 4657 4627
f 4627 4657 4626
f 4614 4641 4640
f 4640 4641 4614
f 4627 4658 4628
f 4628 4658 4627
f 4615 4642 4641
f 4641 4642 4615
f 4628 4659 4629
f 4629 4659 4628
f 4625 4655 4642
f 4642 4655 4625
f 4623 4643 4652
f 4652 4643 4623
f 4616 4644 4643
f 4643 4644 4616
f 4617 4645 4644
f 4644 4645 4617
f 4618 4646 4645
f 4645 4646 4618
f 4629 4660 4646
f 4646 4660 4629
f 4661 4647 4630
f 4630 4647 4661
f 4647 4648 4619
f 4619 4648 4647
f 4662 4630 4631
f 4631 4630 4662
f 4648 4649 4620
f 4620 4649 4648
f 4663 4631 4632
f 4632 4631 4663
f 4649 4651 4622
f 4622 4651 4649
f 4664 4632 4650
f 4650 4632 4664
f 4651 4654 4624
f 4624 4654 4651
f 4633 4652 4665
f 4665 4652 4633
f 4665 4653 4633
f 4633 4653 4665
f 4653 4666 4634
f 4634 4666 4653
f 4634 4667 4650
f 4650 4667 4634
f 4654 4668 4635
f 4635 4668 4654
f 4635 4669 4636
f 4636 4669 4635
f 4636 4670 4637
f 4637 4670 4636
f 4637 4671 4638
f 4638 4671 4637
f 4638 4672 4655
f 4655 4672 4638
f 4639 4673 4656
f 4656 4673 4639
f 4657 4626 4656
f 4656 4626 4657
f 4674 4639 4640
f 4640 4639 4674
f 4658 4627 4657
f 4657 4627 4658
f 4641 4675 4640
f 4640 4675 4641
f 4659 4628 4658
f 4658 4628 4659
f 4642 4676 4641
f 4641 4676 4642
f 4660 4629 4659
f 4659 4629 4660
f 4655 4677 4642
f 4642 4677 4655
f 4678 4652 4643
f 4643 4652 4678
f 4679 4643 4644
f 4644 4643 4679
f 4680 4644 4645
f 4645 4644 4680
f 4681 4645 4646
f 4646 4645 4681
f 4682 4646 4660
f 4660 4646 4682
f 4647 4661 4683
f 4683 4661 4647
f 4630 4662 4661
f 4661 4662 4630
f 4648 4647 4684
f 4684 4647 4648
f 4631 4663 4662
f 4662 4663 4631
f 4649 4648 4685
f 4685 4648 4649
f 4632 4664 4663
f 4663 4664 4632
f 4651 4649 4686
f 4686 4649 4651
f 4650 4687 4664
f 4664 4687 4650
f 4654 4651 4688
f 4688 4651 4654
f 4689 4665 4652
f 4652 4665 4689
f 4653 4665 4690
f 4690 4665 4653
f 4666 4653 4690
f 4690 4653 4666
f 4667 4634 4666
f 4666 4634 4667
f 4687 4650 4667
f 4667 4650 4687
f 4668 4654 4691
f 4691 4654 4668
f 4669 4635 4668
f 4668 4635 4669
f 4670 4636 4669
f 4669 4636 4670
f 4671 4637 4670
f 4670 4637 4671
f 4672 4638 4671
f 4671 4638 4672
f 4692 4655 4672
f 4672 4655 4692
f 4639 4693 4673
f 4673 4693 4639
f 4656 4673 4694
f 4694 4673 4656
f 4656 4695 4657
f 4657 4695 4656
f 4639 4674 4696
f 4696 4674 4639
f 4640 4697 4674
f 4674 4697 4640
f 4657 4698 4658
f 4658 4698 4657
f 4641 4676 4675
f 4675 4676 4641
f 4640 4675 4697
f 4697 4675 4640
f 4658 4699 4659
f 4659 4699 4658
f 4642 4677 4676
f 4676 4677 4642
f 4659 4700 4660
f 4660 4700 4659
f 4655 4692 4677
f 4677 4692 4655
f 4652 4678 4689
f 4689 4678 4652
f 4643 4679 4678
f 4678 4679 4643
f 4644 4680 4679
f 4679 4680 4644
f 4645 4681 4680
f 4680 4681 4645
f 4646 4682 4681
f 4681 4682 4646
f 4660 4701 4682
f 4682 4701 4660
f 4702 4683 4661
f 4661 4683 4702
f 4683 4684 4647
f 4647 4684 4683
f 4703 4661 4662
f 4662 4661 4703
f 4684 4685 4648
f 4648 4685 4684
f 4704 4662 4663
f 4663 4662 4704
f 4705 4649 4685
f 4685 4649 4705
f 4706 4663 4664
f 4664 4663 4706
f 4649 4705 4686
f 4686 4705 4649
f 4707 4651 4686
f 4686 4651 4707
f 4708 4664 4687
f 4687 4664 4708
f 4651 4707 4688
f 4688 4707 4651
f 4688 4691 4654
f 4654 4691 4688
f 4665 4689 4709
f 4709 4689 4665
f 4665 4710 4690
f 4690 4710 4665
f 4690 4711 4666
f 4666 4711 4690
f 4666 4712 4667
f 4667 4712 4666
f 4667 4713 4687
f 4687 4713 4667
f 4714 4668 4691
f 4691 4668 4714
f 4715 4669 4668
f 4668 4669 4715
f 4716 4670 4669
f 4669 4670 4716
f 4717 4671 4670
f 4670 4671 4717
f 4718 4672 4671
f 4671 4672 4718
f 4672 4718 4692
f 4692 4718 4672
f 4639 4696 4693
f 4693 4696 4639
f 4693 4719 4673
f 4673 4719 4693
f 4719 4694 4673
f 4673 4694 4719
f 4656 4694 4720
f 4720 4694 4656
f 4656 4721 4695
f 4695 4721 4656
f 4657 4695 4722
f 4722 4695 4657
f 4674 4723 4696
f 4696 4723 4674
f 4674 4697 4724
f 4724 4697 4674
f 4657 4725 4698
f 4698 4725 4657
f 4658 4698 4726
f 4726 4698 4658
f 4676 4727 4675
f 4675 4727 4676
f 4675 4728 4697
f 4697 4728 4675
f 4658 4729 4699
f 4699 4729 4658
f 4659 4699 4700
f 4700 4699 4659
f 4677 4730 4676
f 4676 4730 4677
f 4660 4700 4701
f 4701 4700 4660
f 4692 4731 4677
f 4677 4731 4692
f 4732 4689 4678
f 4678 4689 4732
f 4733 4678 4679
f 4679 4678 4733
f 4734 4679 4680
f 4680 4679 4734
f 4735 4680 4681
f 4681 4680 4735
f 4736 4681 4682
f 4682 4681 4736
f 4682 4701 4736
f 4736 4701 4682
f 4683 4702 4737
f 4737 4702 4683
f 4661 4703 4702
f 4702 4703 4661
f 4684 4683 4738
f 4738 4683 4684
f 4662 4704 4703
f 4703 4704 4662
f 4685 4684 4739
f 4739 4684 4685
f 4663 4706 4704
f 4704 4706 4663
f 4685 4740 4705
f 4705 4740 4685
f 4664 4708 4706
f 4706 4708 4664
f 4741 4686 4705
f 4705 4686 4741
f 4686 4741 4707
f 4707 4741 4686
f 4687 4742 4708
f 4708 4742 4687
f 4743 4688 4707
f 4707 4688 4743
f 4691 4688 4744
f 4744 4688 4691
f 4745 4709 4689
f 4689 4709 4745
f 4710 4665 4709
f 4709 4665 4710
f 4711 4690 4710
f 4710 4690 4711
f 4712 4666 4711
f 4711 4666 4712
f 4713 4667 4712
f 4712 4667 4713
f 4742 4687 4713
f 4713 4687 4742
f 4668 4714 4715
f 4715 4714 4668
f 4691 4746 4714
f 4714 4746 4691
f 4669 4715 4716
f 4716 4715 4669
f 4670 4716 4717
f 4717 4716 4670
f 4671 4717 4718
f 4718 4717 4671
f 4731 4692 4718
f 4718 4692 4731
f 4696 4747 4693
f 4693 4747 4696
f 4719 4693 4747
f 4747 4693 4719
f 4694 4719 4748
f 4748 4719 4694
f 4748 4720 4694
f 4694 4720 4748
f 4656 4720 4721
f 4721 4720 4656
f 4749 4695 4721
f 4721 4695 4749
f 4750 4722 4695
f 4695 4722 4750
f 4657 4722 4725
f 4725 4722 4657
f 4723 4674 4751
f 4751 4674 4723
f 4747 4696 4723
f 4723 4696 4747
f 4724 4697 4752
f 4752 4697 4724
f 4724 4751 4674
f 4674 4751 4724
f 4725 4753 4698
f 4698 4753 4725
f 4698 4754 4726
f 4726 4754 4698
f 4658 4726 4755
f 4755 4726 4658
f 4727 4676 4730
f 4730 4676 4727
f 4728 4675 4727
f 4727 4675 4728
f 4756 4697 4728
f 4728 4697 4756
f 4658 4755 4729
f 4729 4755 4658
f 4757 4699 4729
f 4729 4699 4757
f 4758 4700 4699
f 4699 4700 4758
f 4730 4677 4731
f 4731 4677 4730
f 4759 4701 4700
f 4700 4701 4759
f 4689 4732 4745
f 4745 4732 4689
f 4678 4733 4732
f 4732 4733 4678
f 4679 4734 4733
f 4733 4734 4679
f 4680 4735 4734
f 4734 4735 4680
f 4681 4736 4735
f 4735 4736 4681
f 4760 4736 4701
f 4701 4736 4760
f 4761 4737 4702
f 4702 4737 4761
f 4737 4738 4683
f 4683 4738 4737
f 4762 4702 4703
f 4703 4702 4762
f 4738 4739 4684
f 4684 4739 4738
f 4763 4703 4704
f 4704 4703 4763
f 4740 4685 4739
f 4739 4685 4740
f 4764 4704 4706
f 4706 4704 4764
f 4765 4705 4740
f 4740 4705 4765
f 4766 4706 4708
f 4708 4706 4766
f 4705 4765 4741
f 4741 4765 4705
f 4767 4707 4741
f 4741 4707 4767
f 4768 4708 4742
f 4742 4708 4768
f 4688 4743 4744
f 4744 4743 4688
f 4707 4767 4743
f 4743 4767 4707
f 4746 4691 4744
f 4744 4691 4746
f 4709 4745 4769
f 4769 4745 4709
f 4769 4710 4709
f 4709 4710 4769
f 4770 4711 4710
f 4710 4711 4770
f 4771 4712 4711
f 4711 4712 4771
f 4772 4713 4712
f 4712 4713 4772
f 4773 4742 4713
f 4713 4742 4773
f 4774 4715 4714
f 4714 4715 4774
f 4775 4714 4746
f 4746 4714 4775
f 4776 4716 4715
f 4715 4716 4776
f 4777 4717 4716
f 4716 4717 4777
f 4778 4718 4717
f 4717 4718 4778
f 4718 4778 4731
f 4731 4778 4718
f 4747 4779 4719
f 4719 4779 4747
f 4719 4780 4748
f 4748 4780 4719
f 4720 4748 4781
f 4781 4748 4720
f 4781 4721 4720
f 4720 4721 4781
f 4695 4749 4750
f 4750 4749 4695
f 4721 4781 4749
f 4749 4781 4721
f 4722 4750 4782
f 4782 4750 4722
f 4782 4725 4722
f 4722 4725 4782
f 4783 4723 4751
f 4751 4723 4783
f 4723 4784 4747
f 4747 4784 4723
f 4752 4697 4785
f 4785 4697 4752
f 4752 4783 4724
f 4724 4783 4752
f 4751 4724 4783
f 4783 4724 4751
f 4753 4725 4786
f 4786 4725 4753
f 4754 4698 4753
f 4753 4698 4754
f 4787 4726 4754
f 4754 4726 4787
f 4726 4787 4755
f 4755 4787 4726
f 4730 4788 4727
f 4727 4788 4730
f 4727 4789 4728
f 4728 4789 4727
f 4697 4756 4790
f 4790 4756 4697
f 4728 4791 4756
f 4756 4791 4728
f 4792 4729 4755
f 4755 4729 4792
f 4699 4757 4758
f 4758 4757 4699
f 4729 4793 4757
f 4757 4793 4729
f 4700 4758 4759
f 4759 4758 4700
f 4731 4794 4730
f 4730 4794 4731
f 4701 4759 4760
f 4760 4759 4701
f 4732 4795 4745
f 4745 4795 4732
f 4733 4796 4732
f 4732 4796 4733
f 4734 4797 4733
f 4733 4797 4734
f 4735 4798 4734
f 4734 4798 4735
f 4736 4760 4735
f 4735 4760 4736
f 4737 4761 4799
f 4799 4761 4737
f 4702 4762 4761
f 4761 4762 4702
f 4738 4737 4800
f 4800 4737 4738
f 4703 4763 4762
f 4762 4763 4703
f 4739 4738 4801
f 4801 4738 4739
f 4704 4764 4763
f 4763 4764 4704
f 4739 4802 4740
f 4740 4802 4739
f 4706 4766 4764
f 4764 4766 4706
f 4740 4803 4765
f 4765 4803 4740
f 4708 4768 4766
f 4766 4768 4708
f 4804 4741 4765
f 4765 4741 4804
f 4741 4804 4767
f 4767 4804 4741
f 4805 4768 4742
f 4742 4768 4805
f 4743 4746 4744
f 4744 4746 4743
f 4767 4806 4743
f 4743 4806 4767
f 4745 4807 4769
f 4769 4807 4745
f 4710 4769 4770
f 4770 4769 4710
f 4711 4770 4771
f 4771 4770 4711
f 4712 4771 4772
f 4772 4771 4712
f 4713 4772 4773
f 4773 4772 4713
f 4742 4773 4805
f 4805 4773 4742
f 4715 4774 4776
f 4776 4774 4715
f 4714 4775 4774
f 4774 4775 4714
f 4806 4775 4746
f 4746 4775 4806
f 4716 4776 4777
f 4777 4776 4716
f 4717 4777 4778
f 4778 4777 4717
f 4794 4731 4778
f 4778 4731 4794
f 4747 4784 4779
f 4779 4784 4747
f 4719 4779 4780
f 4780 4779 4719
f 4748 4780 4808
f 4808 4780 4748
f 4748 4808 4781
f 4781 4808 4748
f 4749 4809 4750
f 4750 4809 4749
f 4781 4810 4749
f 4749 4810 4781
f 4750 4811 4782
f 4782 4811 4750
f 4725 4782 4786
f 4786 4782 4725
f 4723 4783 4784
f 4784 4783 4723
f 4785 4697 4790
f 4790 4697 4785
f 4785 4784 4752
f 4752 4784 4785
f 4783 4752 4784
f 4784 4752 4783
f 4786 4812 4753
f 4753 4812 4786
f 4753 4813 4754
f 4754 4813 4753
f 4754 4813 4787
f 4787 4813 4754
f 4813 4755 4787
f 4787 4755 4813
f 4788 4730 4794
f 4794 4730 4788
f 4789 4727 4788
f 4788 4727 4789
f 4791 4728 4789
f 4789 4728 4791
f 4793 4790 4756
f 4756 4790 4793
f 4814 4756 4791
f 4791 4756 4814
f 4815 4729 4792
f 4792 4729 4815
f 4755 4813 4792
f 4792 4813 4755
f 4816 4758 4757
f 4757 4758 4816
f 4793 4729 4817
f 4817 4729 4793
f 4814 4757 4793
f 4793 4757 4814
f 4818 4759 4758
f 4758 4759 4818
f 4819 4760 4759
f 4759 4760 4819
f 4795 4732 4796
f 4796 4732 4795
f 4807 4745 4795
f 4795 4745 4807
f 4796 4733 4797
f 4797 4733 4796
f 4797 4734 4798
f 4798 4734 4797
f 4798 4735 4760
f 4760 4735 4798
f 4820 4799 4761
f 4761 4799 4820
f 4799 4800 4737
f 4737 4800 4799
f 4821 4761 4762
f 4762 4761 4821
f 4800 4801 4738
f 4738 4801 4800
f 4822 4762 4763
f 4763 4762 4822
f 4802 4739 4801
f 4801 4739 4802
f 4823 4763 4764
f 4764 4763 4823
f 4803 4740 4802
f 4802 4740 4803
f 4823 4764 4766
f 4766 4764 4823
f 4824 4765 4803
f 4803 4765 4824
f 4825 4766 4768
f 4768 4766 4825
f 4765 4824 4804
f 4804 4824 4765
f 4804 4826 4767
f 4767 4826 4804
f 4768 4805 4827
f 4827 4805 4768
f 4746 4743 4806
f 4806 4743 4746
f 4806 4767 4826
f 4826 4767 4806
f 4807 4770 4769
f 4769 4770 4807
f 4828 4771 4770
f 4770 4771 4828
f 4829 4772 4771
f 4771 4772 4829
f 4830 4773 4772
f 4772 4773 4830
f 4831 4805 4773
f 4773 4805 4831
f 4832 4776 4774
f 4774 4776 4832
f 4833 4774 4775
f 4775 4774 4833
f 4775 4806 4834
f 4834 4806 4775
f 4835 4777 4776
f 4776 4777 4835
f 4836 4778 4777
f 4777 4778 4836
f 4778 4836 4794
f 4794 4836 4778
f 4784 4785 4779
f 4779 4785 4784
f 4785 4780 4779
f 4779 4780 4785
f 4837 4808 4780
f 4780 4808 4837
f 4781 4808 4810
f 4810 4808 4781
f 4749 4810 4809
f 4809 4810 4749
f 4750 4809 4811
f 4811 4809 4750
f 4782 4811 4838
f 4838 4811 4782
f 4782 4838 4786
f 4786 4838 4782
f 4785 4790 4837
f 4837 4790 4785
f 4786 4838 4812
f 4812 4838 4786
f 4753 4812 4813
f 4813 4812 4753
f 4794 4839 4788
f 4788 4839 4794
f 4788 4840 4789
f 4789 4840 4788
f 4789 4841 4791
f 4791 4841 4789
f 4790 4793 4817
f 4817 4793 4790
f 4756 4814 4793
f 4793 4814 4756
f 4791 4842 4814
f 4814 4842 4791
f 4815 4817 4729
f 4729 4817 4815
f 4792 4812 4815
f 4815 4812 4792
f 4812 4792 4813
f 4813 4792 4812
f 4758 4816 4818
f 4818 4816 4758
f 4757 4814 4816
f 4816 4814 4757
f 4759 4818 4819
f 4819 4818 4759
f 4760 4819 4798
f 4798 4819 4760
f 4796 4843 4795
f 4795 4843 4796
f 4795 4844 4807
f 4807 4844 4795
f 4797 4845 4796
f 4796 4845 4797
f 4798 4846 4797
f 4797 4846 4798
f 4847 4799 4820
f 4820 4799 4847
f 4820 4761 4821
f 4821 4761 4820
f 4800 4799 4848
f 4848 4799 4800
f 4821 4762 4822
f 4822 4762 4821
f 4801 4800 4849
f 4849 4800 4801
f 4822 4763 4823
f 4823 4763 4822
f 4801 4850 4802
f 4802 4850 4801
f 4802 4851 4803
f 4803 4851 4802
f 4823 4766 4852
f 4852 4766 4823
f 4803 4853 4824
f 4824 4853 4803
f 4852 4766 4825
f 4825 4766 4852
f 4825 4768 4827
f 4827 4768 4825
f 4824 4854 4804
f 4804 4854 4824
f 4826 4804 4854
f 4854 4804 4826
f 4855 4827 4805
f 4805 4827 4855
f 4826 4834 4806
f 4806 4834 4826
f 4770 4807 4828
f 4828 4807 4770
f 4771 4828 4829
f 4829 4828 4771
f 4772 4829 4830
f 4830 4829 4772
f 4773 4830 4831
f 4831 4830 4773
f 4805 4831 4855
f 4855 4831 4805
f 4776 4832 4835
f 4835 4832 4776
f 4774 4833 4832
f 4832 4833 4774
f 4775 4856 4833
f 4833 4856 4775
f 4856 4775 4834
f 4834 4775 4856
f 4777 4835 4836
f 4836 4835 4777
f 4839 4794 4836
f 4836 4794 4839
f 4780 4785 4837
f 4837 4785 4780
f 4808 4837 4857
f 4857 4837 4808
f 4857 4810 4808
f 4808 4810 4857
f 4858 4809 4810
f 4810 4809 4858
f 4859 4811 4809
f 4809 4811 4859
f 4860 4838 4811
f 4811 4838 4860
f 4837 4790 4857
f 4857 4790 4837
f 4838 4815 4812
f 4812 4815 4838
f 4840 4788 4839
f 4839 4788 4840
f 4841 4789 4840
f 4840 4789 4841
f 4842 4791 4841
f 4841 4791 4842
f 4858 4790 4817
f 4817 4790 4858
f 4842 4816 4814
f 4814 4816 4842
f 4861 4817 4815
f 4815 4817 4861
f 4862 4818 4816
f 4816 4818 4862
f 4863 4819 4818
f 4818 4819 4863
f 4846 4798 4819
f 4819 4798 4846
f 4843 4796 4845
f 4845 4796 4843
f 4844 4795 4843
f 4843 4795 4844
f 4844 4828 4807
f 4807 4828 4844
f 4845 4797 4846
f 4846 4797 4845
f 4847 4848 4799
f 4799 4848 4847
f 4864 4847 4820
f 4820 4847 4864
f 4865 4820 4821
f 4821 4820 4865
f 4848 4849 4800
f 4800 4849 4848
f 4866 4821 4822
f 4822 4821 4866
f 4850 4801 4849
f 4849 4801 4850
f 4867 4822 4823
f 4823 4822 4867
f 4851 4802 4850
f 4850 4802 4851
f 4853 4803 4851
f 4851 4803 4853
f 4852 4867 4823
f 4823 4867 4852
f 4853 4868 4824
f 4824 4868 4853
f 4825 4869 4852
f 4852 4869 4825
f 4827 4855 4825
f 4825 4855 4827
f 4854 4824 4868
f 4868 4824 4854
f 4854 4870 4826
f 4826 4870 4854
f 4834 4826 4870
f 4870 4826 4834
f 4871 4829 4828
f 4828 4829 4871
f 4872 4830 4829
f 4829 4830 4872
f 4873 4831 4830
f 4830 4831 4873
f 4874 4855 4831
f 4831 4855 4874
f 4875 4835 4832
f 4832 4835 4875
f 4876 4832 4833
f 4833 4832 4876
f 4877 4833 4856
f 4856 4833 4877
f 4870 4856 4834
f 4834 4856 4870
f 4878 4836 4835
f 4835 4836 4878
f 4836 4878 4839
f 4839 4878 4836
f 4810 4857 4858
f 4858 4857 4810
f 4809 4858 4859
f 4859 4858 4809
f 4811 4859 4860
f 4860 4859 4811
f 4838 4860 4861
f 4861 4860 4838
f 4857 4790 4858
f 4858 4790 4857
f 4815 4838 4861
f 4861 4838 4815
f 4839 4879 4840
f 4840 4879 4839
f 4840 4880 4841
f 4841 4880 4840
f 4841 4881 4842
f 4842 4881 4841
f 4858 4817 4859
f 4859 4817 4858
f 4816 4842 4862
f 4862 4842 4816
f 4860 4817 4861
f 4861 4817 4860
f 4818 4862 4863
f 4863 4862 4818
f 4819 4863 4846
f 4846 4863 4819
f 4845 4882 4843
f 4843 4882 4845
f 4843 4883 4844
f 4844 4883 4843
f 4828 4844 4871
f 4871 4844 4828
f 4846 4884 4845
f 4845 4884 4846
f 4885 4848 4847
f 4847 4848 4885
f 4847 4864 4886
f 4886 4864 4847
f 4820 4865 4864
f 4864 4865 4820
f 4821 4866 4865
f 4865 4866 4821
f 4849 4848 4887
f 4887 4848 4849
f 4822 4867 4866
f 4866 4867 4822
f 4849 4888 4850
f 4850 4888 4849
f 4850 4889 4851
f 4851 4889 4850
f 4889 4853 4851
f 4851 4853 4889
f 4867 4852 4869
f 4869 4852 4867
f 4868 4853 4890
f 4890 4853 4868
f 4869 4825 4855
f 4855 4825 4869
f 4868 4891 4854
f 4854 4891 4868
f 4870 4854 4891
f 4891 4854 4870
f 4829 4871 4872
f 4872 4871 4829
f 4830 4872 4873
f 4873 4872 4830
f 4831 4873 4874
f 4874 4873 4831
f 4855 4874 4869
f 4869 4874 4855
f 4835 4875 4878
f 4878 4875 4835
f 4832 4876 4875
f 4875 4876 4832
f 4833 4877 4876
f 4876 4877 4833
f 4892 4877 4856
f 4856 4877 4892
f 4856 4870 4892
f 4892 4870 4856
f 4879 4839 4878
f 4878 4839 4879
f 4859 4817 4860
f 4860 4817 4859
f 4880 4840 4879
f 4879 4840 4880
f 4881 4841 4880
f 4880 4841 4881
f 4881 4862 4842
f 4842 4862 4881
f 4893 4863 4862
f 4862 4863 4893
f 4884 4846 4863
f 4863 4846 4884
f 4882 4845 4884
f 4884 4845 4882
f 4883 4843 4882
f 4882 4843 4883
f 4894 4844 4883
f 4883 4844 4894
f 4844 4894 4871
f 4871 4894 4844
f 4885 4887 4848
f 4848 4887 4885
f 4886 4885 4847
f 4847 4885 4886
f 4895 4886 4864
f 4864 4886 4895
f 4896 4864 4865
f 4865 4864 4896
f 4897 4865 4866
f 4866 4865 4897
f 4888 4849 4887
f 4887 4849 4888
f 4898 4866 4867
f 4867 4866 4898
f 4889 4850 4888
f 4888 4850 4889
f 4853 4889 4899
f 4899 4889 4853
f 4869 4898 4867
f 4867 4898 4869
f 4899 4890 4853
f 4853 4890 4899
f 4890 4900 4868
f 4868 4900 4890
f 4891 4868 4900
f 4900 4868 4891
f 4891 4892 4870
f 4870 4892 4891
f 4894 4872 4871
f 4871 4872 4894
f 4901 4873 4872
f 4872 4873 4901
f 4902 4874 4873
f 4873 4874 4902
f 4898 4869 4874
f 4874 4869 4898
f 4903 4878 4875
f 4875 4878 4903
f 4904 4875 4876
f 4876 4875 4904
f 4877 4904 4876
f 4876 4904 4877
f 4877 4892 4905
f 4905 4892 4877
f 4878 4903 4879
f 4879 4903 4878
f 4879 4906 4880
f 4880 4906 4879
f 4880 4907 4881
f 4881 4907 4880
f 4862 4881 4893
f 4893 4881 4862
f 4863 4893 4884
f 4884 4893 4863
f 4884 4908 4882
f 4882 4908 4884
f 4882 4909 4883
f 4883 4909 4882
f 4883 4910 4894
f 4894 4910 4883
f 4911 4887 4885
f 4885 4887 4911
f 4885 4886 4912
f 4912 4886 4885
f 4886 4895 4913
f 4913 4895 4886
f 4864 4896 4895
f 4895 4896 4864
f 4865 4897 4896
f 4896 4897 4865
f 4866 4898 4897
f 4897 4898 4866
f 4911 4888 4887
f 4887 4888 4911
f 4914 4889 4888
f 4888 4889 4914
f 4889 4915 4899
f 4899 4915 4889
f 4890 4899 4915
f 4915 4899 4890
f 4900 4890 4916
f 4916 4890 4900
f 4900 4917 4891
f 4891 4917 4900
f 4892 4891 4917
f 4917 4891 4892
f 4872 4894 4901
f 4901 4894 4872
f 4873 4901 4902
f 4902 4901 4873
f 4874 4902 4898
f 4898 4902 4874
f 4875 4904 4903
f 4903 4904 4875
f 4904 4877 4918
f 4918 4877 4904
f 4917 4905 4892
f 4892 4905 4917
f 4905 4918 4877
f 4877 4918 4905
f 4906 4879 4903
f 4903 4879 4906
f 4907 4880 4906
f 4906 4880 4907
f 4907 4893 4881
f 4881 4893 4907
f 4908 4884 4893
f 4893 4884 4908
f 4909 4882 4908
f 4908 4882 4909
f 4910 4883 4909
f 4909 4883 4910
f 4919 4894 4910
f 4910 4894 4919
f 4912 4911 4885
f 4885 4911 4912
f 4913 4912 4886
f 4886 4912 4913
f 4920 4913 4895
f 4895 4913 4920
f 4921 4895 4896
f 4896 4895 4921
f 4922 4896 4897
f 4897 4896 4922
f 4902 4897 4898
f 4898 4897 4902
f 4914 4888 4911
f 4911 4888 4914
f 4915 4889 4914
f 4914 4889 4915
f 4915 4916 4890
f 4890 4916 4915
f 4916 4923 4900
f 4900 4923 4916
f 4917 4900 4923
f 4923 4900 4917
f 4894 4919 4901
f 4901 4919 4894
f 4901 4922 4902
f 4902 4922 4901
f 4924 4903 4904
f 4904 4903 4924
f 4918 4924 4904
f 4904 4924 4918
f 4905 4917 4925
f 4925 4917 4905
f 4918 4905 4926
f 4926 4905 4918
f 4903 4924 4906
f 4906 4924 4903
f 4906 4927 4907
f 4907 4927 4906
f 4893 4907 4908
f 4908 4907 4893
f 4908 4927 4909
f 4909 4927 4908
f 4909 4928 4910
f 4910 4928 4909
f 4910 4929 4919
f 4919 4929 4910
f 4911 4912 4930
f 4930 4912 4911
f 4912 4913 4931
f 4931 4913 4912
f 4913 4920 4932
f 4932 4920 4913
f 4895 4921 4920
f 4920 4921 4895
f 4896 4922 4921
f 4921 4922 4896
f 4897 4902 4922
f 4922 4902 4897
f 4930 4914 4911
f 4911 4914 4930
f 4916 4915 4914
f 4914 4915 4916
f 4923 4916 4930
f 4930 4916 4923
f 4923 4925 4917
f 4917 4925 4923
f 4922 4901 4919
f 4919 4901 4922
f 4924 4918 4933
f 4933 4918 4924
f 4925 4926 4905
f 4905 4926 4925
f 4926 4933 4918
f 4918 4933 4926
f 4927 4906 4924
f 4924 4906 4927
f 4927 4908 4907
f 4907 4908 4927
f 4928 4909 4927
f 4927 4909 4928
f 4929 4910 4928
f 4928 4910 4929
f 4921 4919 4929
f 4929 4919 4921
f 4931 4930 4912
f 4912 4930 4931
f 4932 4931 4913
f 4913 4931 4932
f 4934 4932 4920
f 4920 4932 4934
f 4929 4920 4921
f 4921 4920 4929
f 4919 4921 4922
f 4922 4921 4919
f 4914 4930 4916
f 4916 4930 4914
f 4930 4931 4923
f 4923 4931 4930
f 4925 4923 4931
f 4931 4923 4925
f 4933 4927 4924
f 4924 4927 4933
f 4926 4925 4932
f 4932 4925 4926
f 4933 4926 4934
f 4934 4926 4933
f 4927 4933 4928
f 4928 4933 4927
f 4928 4934 4929
f 4929 4934 4928
f 4931 4932 4925
f 4925 4932 4931
f 4932 4934 4926
f 4926 4934 4932
f 4920 4929 4934
f 4934 4929 4920
f 4934 4928 4933
f 4933 4928 4934
f 4935 4936 4937
f 4936 4935 4938
f 4937 4936 4935
f 4938 4935 4936
f 4939 4937 4936
f 4936 4937 4939
f 4937 4940 4935
f 4935 4940 4937
f 4941 4938 4935
f 4935 4938 4941
f 4942 4936 4938
f 4938 4936 4942
f 4937 4939 4943
f 4943 4939 4937
f 4942 4939 4936
f 4936 4939 4942
f 4937 4944 4940
f 4940 4944 4937
f 4935 4940 4945
f 4945 4940 4935
f 4938 4941 4946
f 4946 4941 4938
f 4935 4945 4941
f 4941 4945 4935
f 4942 4938 4946
f 4946 4938 4942
f 4939 4944 4943
f 4943 4944 4939
f 4944 4937 4943
f 4943 4937 4944
f 4939 4942 4947
f 4947 4942 4939
f 4948 4940 4944
f 4944 4940 4948
f 4949 4945 4940
f 4940 4945 4949
f 4941 4950 4946
f 4946 4950 4941
f 4941 4945 4951
f 4951 4945 4941
f 4942 4946 4952
f 4952 4946 4942
f 4944 4939 4948
f 4948 4939 4944
f 4953 4947 4942
f 4942 4947 4953
f 4947 4954 4939
f 4939 4954 4947
f 4940 4948 4949
f 4949 4948 4940
f 4945 4949 4955
f 4955 4949 4945
f 4950 4941 4956
f 4956 4941 4950
f 4952 4946 4950
f 4950 4946 4952
f 4955 4951 4945
f 4945 4951 4955
f 4941 4951 4957
f 4957 4951 4941
f 4958 4942 4952
f 4952 4942 4958
f 4939 4954 4948
f 4948 4954 4939
f 4947 4953 4959
f 4959 4953 4947
f 4942 4958 4953
f 4953 4958 4942
f 4947 4960 4954
f 4954 4960 4947
f 4948 4954 4949
f 4949 4954 4948
f 4949 4961 4955
f 4955 4961 4949
f 4941 4957 4956
f 4956 4957 4941
f 4956 4962 4950
f 4950 4962 4956
f 4952 4950 4962
f 4962 4950 4952
f 4951 4955 4963
f 4963 4955 4951
f 4951 4964 4957
f 4957 4964 4951
f 4952 4965 4958
f 4958 4965 4952
f 4966 4959 4953
f 4953 4959 4966
f 4959 4967 4947
f 4947 4967 4959
f 4968 4953 4958
f 4958 4953 4968
f 4967 4960 4947
f 4947 4960 4967
f 4960 4969 4954
f 4954 4969 4960
f 4949 4954 4961
f 4961 4954 4949
f 4955 4961 4963
f 4963 4961 4955
f 4956 4957 4970
f 4970 4957 4956
f 4962 4956 4971
f 4971 4956 4962
f 4952 4962 4972
f 4972 4962 4952
f 4963 4973 4951
f 4951 4973 4963
f 4964 4951 4973
f 4973 4951 4964
f 4964 4974 4957
f 4957 4974 4964
f 4965 4952 4972
f 4972 4952 4965
f 4975 4958 4965
f 4965 4958 4975
f 4966 4976 4959
f 4959 4976 4966
f 4966 4953 4968
f 4968 4953 4966
f 4967 4959 4976
f 4976 4959 4967
f 4968 4958 4975
f 4975 4958 4968
f 4967 4977 4960
f 4960 4977 4967
f 4969 4960 4978
f 4978 4960 4969
f 4979 4954 4969
f 4969 4954 4979
f 4954 4979 4961
f 4961 4979 4954
f 4963 4961 4980
f 4980 4961 4963
f 4957 4981 4970
f 4970 4981 4957
f 4956 4970 4982
f 4982 4970 4956
f 4956 4982 4971
f 4971 4982 4956
f 4971 4983 4962
f 4962 4983 4971
f 4972 4962 4983
f 4983 4962 4972
f 4973 4963 4980
f 4980 4963 4973
f 4964 4973 4984
f 4984 4973 4964
f 4974 4964 4985
f 4985 4964 4974
f 4981 4957 4974
f 4974 4957 4981
f 4986 4965 4972
f 4972 4965 4986
f 4975 4965 4987
f 4987 4965 4975
f 4988 4976 4966
f 4966 4976 4988
f 4989 4966 4968
f 4968 4966 4989
f 4976 4990 4967
f 4967 4990 4976
f 4991 4968 4975
f 4975 4968 4991
f 4990 4977 4967
f 4967 4977 4990
f 4977 4978 4960
f 4960 4978 4977
f 4978 4992 4969
f 4969 4992 4978
f 4969 4992 4979
f 4979 4992 4969
f 4993 4961 4979
f 4979 4961 4993
f 4980 4961 4994
f 4994 4961 4980
f 4995 4970 4981
f 4981 4970 4995
f 4970 4995 4982
f 4982 4995 4970
f 4971 4982 4996
f 4996 4982 4971
f 4983 4971 4997
f 4997 4971 4983
f 4972 4983 4998
f 4998 4983 4972
f 4980 4999 4973
f 4973 4999 4980
f 4984 4973 5000
f 5000 4973 4984
f 4984 4985 4964
f 4964 4985 4984
f 4985 5001 4974
f 4974 5001 4985
f 4974 5002 4981
f 4981 5002 4974
f 4965 4986 4987
f 4987 4986 4965
f 4972 4998 4986
f 4986 4998 4972
f 4975 4987 5003
f 5003 4987 4975
f 4988 5004 4976
f 4976 5004 4988
f 5005 4988 4966
f 4966 4988 5005
f 4966 4989 5005
f 5005 4989 4966
f 4968 4991 4989
f 4989 4991 4968
f 4990 4976 5004
f 5004 4976 4990
f 4975 5006 4991
f 4991 5006 4975
f 4990 5007 4977
f 4977 5007 4990
f 4978 4977 5008
f 5008 4977 4978
f 4978 5009 4992
f 4992 5009 4978
f 4979 4992 5010
f 5010 4992 4979
f 4961 4993 4994
f 4994 4993 4961
f 4979 5010 4993
f 4993 5010 4979
f 4980 4994 5011
f 5011 4994 4980
f 4981 5002 4995
f 4995 5002 4981
f 5012 4982 4995
f 4995 4982 5012
f 4982 5012 4996
f 4996 5012 4982
f 4971 4996 5013
f 5013 4996 4971
f 4971 5014 4997
f 4997 5014 4971
f 4997 4998 4983
f 4983 4998 4997
f 4999 4980 5011
f 5011 4980 4999
f 5015 4973 4999
f 4999 4973 5015
f 5000 4973 5015
f 5015 4973 5000
f 5000 5016 4984
f 4984 5016 5000
f 4985 4984 5016
f 5016 4984 4985
f 5001 4985 5017
f 5017 4985 5001
f 5001 5018 4974
f 4974 5018 5001
f 4974 5018 5002
f 5002 5018 4974
f 5019 4987 4986
f 4986 4987 5019
f 4986 4998 5020
f 5020 4998 4986
f 5003 4987 5021
f 5021 4987 5003
f 5006 4975 5003
f 5003 4975 5006
f 4988 5022 5004
f 5004 5022 4988
f 4988 5005 5023
f 5023 5005 4988
f 5024 5005 4989
f 4989 5005 5024
f 5025 4989 4991
f 4991 4989 5025
f 5004 5026 4990
f 4990 5026 5004
f 5027 4991 5006
f 5006 4991 5027
f 5007 4990 5026
f 5026 4990 5007
f 5007 5008 4977
f 4977 5008 5007
f 5008 5009 4978
f 4978 5009 5008
f 5028 4992 5009
f 5009 4992 5028
f 5029 5010 4992
f 4992 5010 5029
f 4993 5030 4994
f 4994 5030 4993
f 4993 5010 5031
f 5031 5010 4993
f 5011 4994 5030
f 5030 4994 5011
f 4995 5002 5032
f 5032 5002 4995
f 4995 5032 5012
f 5012 5032 4995
f 5012 5013 4996
f 4996 5013 5012
f 4971 5013 5014
f 5014 5013 4971
f 4997 5014 5033
f 5033 5014 4997
f 4998 4997 5034
f 5034 4997 4998
f 5011 5035 4999
f 4999 5035 5011
f 5015 4999 5036
f 5036 4999 5015
f 5037 5000 5015
f 5015 5000 5037
f 5016 5000 5038
f 5038 5000 5016
f 5017 4985 5016
f 5016 4985 5017
f 5039 5001 5017
f 5017 5001 5039
f 5040 5018 5001
f 5001 5018 5040
f 5041 5002 5018
f 5018 5002 5041
f 4987 5019 5021
f 5021 5019 4987
f 4986 5020 5019
f 5019 5020 4986
f 5034 5020 4998
f 4998 5020 5034
f 5003 5021 5042
f 5042 5021 5003
f 5003 5043 5006
f 5006 5043 5003
f 5044 5022 4988
f 4988 5022 5044
f 5026 5004 5022
f 5022 5004 5026
f 5045 5023 5005
f 5005 5023 5045
f 5046 4988 5023
f 5023 4988 5046
f 5005 5024 5045
f 5045 5024 5005
f 4989 5025 5024
f 5024 5025 4989
f 4991 5027 5025
f 5025 5027 4991
f 5006 5047 5027
f 5027 5047 5006
f 5022 5007 5026
f 5026 5007 5022
f 5008 5007 5048
f 5048 5007 5008
f 5048 5009 5008
f 5008 5009 5048
f 4992 5028 5029
f 5029 5028 4992
f 5009 5049 5028
f 5028 5049 5009
f 5010 5029 5050
f 5050 5029 5010
f 5030 4993 5051
f 5051 4993 5030
f 5050 5031 5010
f 5010 5031 5050
f 4993 5031 5051
f 5051 5031 4993
f 5011 5030 5052
f 5052 5030 5011
f 5053 5032 5002
f 5002 5032 5053
f 5012 5032 5054
f 5054 5032 5012
f 5013 5012 5054
f 5054 5012 5013
f 5054 5014 5013
f 5013 5014 5054
f 5055 5033 5014
f 5014 5033 5055
f 4997 5033 5056
f 5056 5033 4997
f 4997 5056 5034
f 5034 5056 4997
f 5035 5011 5052
f 5052 5011 5035
f 5057 4999 5035
f 5035 4999 5057
f 5036 4999 5057
f 5057 4999 5036
f 5058 5015 5036
f 5036 5015 5058
f 5000 5037 5038
f 5038 5037 5000
f 5015 5058 5037
f 5037 5058 5015
f 5017 5016 5038
f 5038 5016 5017
f 5001 5039 5059
f 5059 5039 5001
f 5017 5060 5039
f 5039 5060 5017
f 5040 5061 5018
f 5018 5061 5040
f 5059 5040 5001
f 5001 5040 5059
f 5002 5041 5053
f 5053 5041 5002
f 5018 5062 5041
f 5041 5062 5018
f 5063 5021 5019
f 5019 5021 5063
f 5019 5020 5064
f 5064 5020 5019
f 5020 5034 5065
f 5065 5034 5020
f 5042 5021 5066
f 5066 5021 5042
f 5043 5003 5042
f 5042 5003 5043
f 5047 5006 5043
f 5043 5006 5047
f 5044 5067 5022
f 5022 5067 5044
f 4988 5046 5044
f 5044 5046 4988
f 5023 5045 5068
f 5068 5045 5023
f 5023 5069 5046
f 5046 5069 5023
f 5070 5045 5024
f 5024 5045 5070
f 5071 5024 5025
f 5025 5024 5071
f 5072 5025 5027
f 5027 5025 5072
f 5073 5027 5047
f 5047 5027 5073
f 5007 5022 5048
f 5048 5022 5007
f 5048 5067 5009
f 5009 5067 5048
f 5074 5029 5028
f 5028 5029 5074
f 5049 5009 5067
f 5067 5009 5049
f 5075 5028 5049
f 5049 5028 5075
f 5076 5050 5029
f 5029 5050 5076
f 5051 5077 5030
f 5030 5077 5051
f 5031 5050 5078
f 5078 5050 5031
f 5051 5031 5079
f 5079 5031 5051
f 5052 5030 5080
f 5080 5030 5052
f 5032 5053 5081
f 5081 5053 5032
f 5054 5032 5055
f 5055 5032 5054
f 5014 5054 5055
f 5055 5054 5014
f 5033 5055 5082
f 5082 5055 5033
f 5082 5056 5033
f 5033 5056 5082
f 5034 5056 5083
f 5083 5056 5034
f 5052 5084 5035
f 5035 5084 5052
f 5057 5035 5085
f 5085 5035 5057
f 5086 5036 5057
f 5057 5036 5086
f 5036 5086 5058
f 5058 5086 5036
f 5017 5038 5037
f 5037 5038 5017
f 5087 5037 5058
f 5058 5037 5087
f 5088 5059 5039
f 5039 5059 5088
f 5060 5017 5087
f 5087 5017 5060
f 5089 5039 5060
f 5060 5039 5089
f 5090 5061 5040
f 5040 5061 5090
f 5062 5018 5061
f 5061 5018 5062
f 5040 5059 5091
f 5091 5059 5040
f 5041 5092 5053
f 5053 5092 5041
f 5062 5093 5041
f 5041 5093 5062
f 5021 5063 5066
f 5066 5063 5021
f 5019 5094 5063
f 5063 5094 5019
f 5065 5064 5020
f 5020 5064 5065
f 5019 5064 5095
f 5095 5064 5019
f 5034 5096 5065
f 5065 5096 5034
f 5042 5066 5097
f 5097 5066 5042
f 5042 5098 5043
f 5043 5098 5042
f 5043 5099 5047
f 5047 5099 5043
f 5044 5100 5067
f 5067 5100 5044
f 5067 5048 5022
f 5022 5048 5067
f 5101 5044 5046
f 5046 5044 5101
f 5102 5068 5045
f 5045 5068 5102
f 5069 5023 5068
f 5068 5023 5069
f 5103 5046 5069
f 5069 5046 5103
f 5045 5070 5102
f 5102 5070 5045
f 5024 5071 5070
f 5070 5071 5024
f 5025 5072 5071
f 5071 5072 5025
f 5027 5073 5072
f 5072 5073 5027
f 5047 5104 5073
f 5073 5104 5047
f 5029 5074 5076
f 5076 5074 5029
f 5028 5075 5074
f 5074 5075 5028
f 5067 5105 5049
f 5049 5105 5067
f 5049 5106 5075
f 5075 5106 5049
f 5050 5076 5107
f 5107 5076 5050
f 5077 5051 5079
f 5079 5051 5077
f 5080 5030 5077
f 5077 5030 5080
f 5107 5078 5050
f 5050 5078 5107
f 5078 5108 5031
f 5031 5108 5078
f 5079 5031 5108
f 5108 5031 5079
f 5084 5052 5080
f 5080 5052 5084
f 5053 5092 5081
f 5081 5092 5053
f 5081 5109 5032
f 5032 5109 5081
f 5055 5032 5109
f 5109 5032 5055
f 5055 5109 5082
f 5082 5109 5055
f 5056 5082 5110
f 5110 5082 5056
f 5110 5083 5056
f 5056 5083 5110
f 5034 5083 5096
f 5096 5083 5034
f 5111 5035 5084
f 5084 5035 5111
f 5085 5035 5111
f 5111 5035 5085
f 5112 5057 5085
f 5085 5057 5112
f 5057 5112 5086
f 5086 5112 5057
f 5087 5058 5086
f 5086 5058 5087
f 5017 5037 5087
f 5087 5037 5017
f 5088 5091 5059
f 5059 5091 5088
f 5088 5039 5089
f 5089 5039 5088
f 5087 5113 5060
f 5060 5113 5087
f 5089 5060 5114
f 5114 5060 5089
f 5090 5115 5061
f 5061 5115 5090
f 5040 5116 5090
f 5090 5116 5040
f 5061 5117 5062
f 5062 5117 5061
f 5116 5040 5091
f 5091 5040 5116
f 5041 5093 5092
f 5092 5093 5041
f 5117 5093 5062
f 5062 5093 5117
f 5118 5066 5063
f 5063 5066 5118
f 5019 5095 5094
f 5094 5095 5019
f 5063 5094 5119
f 5119 5094 5063
f 5064 5065 5120
f 5120 5065 5064
f 5120 5095 5064
f 5064 5095 5120
f 5065 5096 5121
f 5121 5096 5065
f 5066 5118 5097
f 5097 5118 5066
f 5042 5097 5122
f 5122 5097 5042
f 5098 5042 5122
f 5122 5042 5098
f 5099 5043 5098
f 5098 5043 5099
f 5104 5047 5099
f 5099 5047 5104
f 5123 5100 5044
f 5044 5100 5123
f 5105 5067 5100
f 5100 5067 5105
f 5044 5101 5123
f 5123 5101 5044
f 5046 5103 5101
f 5101 5103 5046
f 5068 5102 5124
f 5124 5102 5068
f 5068 5125 5069
f 5069 5125 5068
f 5069 5126 5103
f 5103 5126 5069
f 5127 5102 5070
f 5070 5102 5127
f 5128 5070 5071
f 5071 5070 5128
f 5129 5071 5072
f 5072 5071 5129
f 5130 5072 5073
f 5073 5072 5130
f 5131 5073 5104
f 5104 5073 5131
f 5132 5076 5074
f 5074 5076 5132
f 5133 5074 5075
f 5075 5074 5133
f 5106 5049 5105
f 5105 5049 5106
f 5134 5075 5106
f 5106 5075 5134
f 5135 5107 5076
f 5076 5107 5135
f 5079 5136 5077
f 5077 5136 5079
f 5080 5077 5137
f 5137 5077 5080
f 5078 5107 5138
f 5138 5107 5078
f 5108 5078 5139
f 5139 5078 5108
f 5079 5108 5140
f 5140 5108 5079
f 5080 5141 5084
f 5084 5141 5080
f 5081 5092 5142
f 5142 5092 5081
f 5109 5081 5143
f 5143 5081 5109
f 5082 5109 5110
f 5110 5109 5082
f 5083 5110 5144
f 5144 5110 5083
f 5144 5096 5083
f 5083 5096 5144
f 5111 5084 5145
f 5145 5084 5111
f 5146 5085 5111
f 5111 5085 5146
f 5085 5146 5112
f 5112 5146 5085
f 5147 5086 5112
f 5112 5086 5147
f 5087 5086 5147
f 5147 5086 5087
f 5088 5116 5091
f 5091 5116 5088
f 5148 5088 5089
f 5089 5088 5148
f 5113 5087 5147
f 5147 5087 5113
f 5114 5060 5113
f 5113 5060 5114
f 5149 5089 5114
f 5114 5089 5149
f 5150 5115 5090
f 5090 5115 5150
f 5117 5061 5115
f 5115 5061 5117
f 5151 5090 5116
f 5116 5090 5151
f 5093 5152 5092
f 5092 5152 5093
f 5153 5093 5117
f 5117 5093 5153
f 5063 5154 5118
f 5118 5154 5063
f 5155 5094 5095
f 5095 5094 5155
f 5094 5156 5119
f 5119 5156 5094
f 5063 5119 5136
f 5136 5119 5063
f 5065 5141 5120
f 5120 5141 5065
f 5095 5120 5155
f 5155 5120 5095
f 5096 5157 5121
f 5121 5157 5096
f 5065 5121 5158
f 5158 5121 5065
f 5159 5097 5118
f 5118 5097 5159
f 5122 5097 5160
f 5160 5097 5122
f 5122 5161 5098
f 5098 5161 5122
f 5098 5162 5099
f 5099 5162 5098
f 5099 5163 5104
f 5104 5163 5099
f 5123 5164 5100
f 5100 5164 5123
f 5100 5165 5105
f 5105 5165 5100
f 5166 5123 5101
f 5101 5123 5166
f 5167 5101 5103
f 5103 5101 5167
f 5168 5124 5102
f 5102 5124 5168
f 5125 5068 5124
f 5124 5068 5125
f 5126 5069 5125
f 5125 5069 5126
f 5169 5103 5126
f 5126 5103 5169
f 5102 5127 5168
f 5168 5127 5102
f 5070 5128 5127
f 5127 5128 5070
f 5071 5129 5128
f 5128 5129 5071
f 5072 5130 5129
f 5129 5130 5072
f 5073 5131 5130
f 5130 5131 5073
f 5104 5170 5131
f 5131 5170 5104
f 5076 5132 5135
f 5135 5132 5076
f 5074 5133 5132
f 5132 5133 5074
f 5075 5134 5133
f 5133 5134 5075
f 5105 5171 5106
f 5106 5171 5105
f 5106 5172 5134
f 5134 5172 5106
f 5107 5135 5173
f 5173 5135 5107
f 5136 5079 5140
f 5140 5079 5136
f 5174 5077 5136
f 5136 5077 5174
f 5137 5077 5174
f 5174 5077 5137
f 5141 5080 5137
f 5137 5080 5141
f 5173 5138 5107
f 5107 5138 5173
f 5138 5139 5078
f 5078 5139 5138
f 5139 5175 5108
f 5108 5175 5139
f 5140 5108 5175
f 5175 5108 5140
f 5176 5084 5141
f 5141 5084 5176
f 5152 5142 5092
f 5092 5142 5152
f 5081 5142 5143
f 5143 5142 5081
f 5143 5177 5109
f 5109 5177 5143
f 5110 5109 5177
f 5177 5109 5110
f 5110 5177 5144
f 5144 5177 5110
f 5096 5144 5178
f 5178 5144 5096
f 5145 5084 5179
f 5179 5084 5145
f 5180 5111 5145
f 5145 5111 5180
f 5111 5180 5146
f 5146 5180 5111
f 5147 5112 5146
f 5146 5112 5147
f 5181 5116 5088
f 5088 5116 5181
f 5088 5148 5182
f 5182 5148 5088
f 5089 5149 5148
f 5148 5149 5089
f 5147 5183 5113
f 5113 5183 5147
f 5114 5113 5183
f 5183 5113 5114
f 5184 5149 5114
f 5114 5149 5184
f 5115 5150 5185
f 5185 5150 5115
f 5090 5151 5150
f 5150 5151 5090
f 5115 5153 5117
f 5117 5153 5115
f 5181 5151 5116
f 5116 5151 5181
f 5152 5093 5186
f 5186 5093 5152
f 5093 5153 5187
f 5187 5153 5093
f 5063 5136 5154
f 5154 5136 5063
f 5118 5154 5188
f 5188 5154 5118
f 5094 5155 5189
f 5189 5155 5094
f 5156 5094 5189
f 5189 5094 5156
f 5190 5119 5156
f 5156 5119 5190
f 5191 5136 5119
f 5119 5136 5191
f 5192 5141 5065
f 5065 5141 5192
f 5120 5141 5193
f 5193 5141 5120
f 5120 5193 5155
f 5155 5193 5120
f 5157 5096 5178
f 5178 5096 5157
f 5194 5121 5157
f 5157 5121 5194
f 5121 5194 5158
f 5158 5194 5121
f 5065 5158 5192
f 5192 5158 5065
f 5097 5159 5160
f 5160 5159 5097
f 5118 5188 5159
f 5159 5188 5118
f 5122 5160 5195
f 5195 5160 5122
f 5161 5122 5196
f 5196 5122 5161
f 5162 5098 5161
f 5161 5098 5162
f 5163 5099 5162
f 5162 5099 5163
f 5170 5104 5163
f 5163 5104 5170
f 5164 5123 5197
f 5197 5123 5164
f 5165 5100 5164
f 5164 5100 5165
f 5171 5105 5165
f 5165 5105 5171
f 5123 5166 5197
f 5197 5166 5123
f 5101 5167 5166
f 5166 5167 5101
f 5103 5169 5167
f 5167 5169 5103
f 5124 5168 5198
f 5198 5168 5124
f 5124 5199 5125
f 5125 5199 5124
f 5125 5200 5126
f 5126 5200 5125
f 5126 5201 5169
f 5169 5201 5126
f 5202 5168 5127
f 5127 5168 5202
f 5203 5127 5128
f 5128 5127 5203
f 5204 5128 5129
f 5129 5128 5204
f 5205 5129 5130
f 5130 5129 5205
f 5206 5130 5131
f 5131 5130 5206
f 5207 5131 5170
f 5170 5131 5207
f 5208 5135 5132
f 5132 5135 5208
f 5209 5132 5133
f 5133 5132 5209
f 5210 5133 5134
f 5134 5133 5210
f 5172 5106 5171
f 5171 5106 5172
f 5211 5134 5172
f 5172 5134 5211
f 5212 5173 5135
f 5135 5173 5212
f 5140 5154 5136
f 5136 5154 5140
f 5174 5136 5191
f 5191 5136 5174
f 5174 5141 5137
f 5137 5141 5174
f 5138 5173 5213
f 5213 5173 5138
f 5139 5138 5214
f 5214 5138 5139
f 5175 5139 5215
f 5215 5139 5175
f 5140 5175 5216
f 5216 5175 5140
f 5179 5084 5176
f 5176 5084 5179
f 5176 5141 5192
f 5192 5141 5176
f 5142 5152 5217
f 5217 5152 5142
f 5143 5142 5218
f 5218 5142 5143
f 5177 5143 5218
f 5218 5143 5177
f 5144 5177 5178
f 5178 5177 5144
f 5179 5180 5145
f 5145 5180 5179
f 5219 5146 5180
f 5180 5146 5219
f 5147 5146 5219
f 5219 5146 5147
f 5182 5181 5088
f 5088 5181 5182
f 5220 5182 5148
f 5148 5182 5220
f 5221 5148 5149
f 5149 5148 5221
f 5183 5147 5219
f 5219 5147 5183
f 5114 5183 5184
f 5184 5183 5114
f 5149 5184 5222
f 5222 5184 5149
f 5150 5153 5185
f 5185 5153 5150
f 5153 5115 5185
f 5185 5115 5153
f 5153 5150 5151
f 5151 5150 5153
f 5181 5153 5151
f 5151 5153 5181
f 5187 5186 5093
f 5093 5186 5187
f 5186 5223 5152
f 5152 5223 5186
f 5181 5187 5153
f 5153 5187 5181
f 5216 5188 5154
f 5154 5188 5216
f 5155 5190 5189
f 5189 5190 5155
f 5189 5190 5156
f 5156 5190 5189
f 5119 5190 5191
f 5191 5190 5119
f 5141 5174 5193
f 5193 5174 5141
f 5155 5193 5190
f 5190 5193 5155
f 5178 5224 5157
f 5157 5224 5178
f 5157 5224 5194
f 5194 5224 5157
f 5225 5158 5194
f 5194 5158 5225
f 5158 5225 5192
f 5192 5225 5158
f 5226 5160 5159
f 5159 5160 5226
f 5159 5188 5226
f 5226 5188 5159
f 5160 5226 5195
f 5195 5226 5160
f 5195 5227 5122
f 5122 5227 5195
f 5122 5227 5196
f 5196 5227 5122
f 5196 5228 5161
f 5161 5228 5196
f 5161 5229 5162
f 5162 5229 5161
f 5162 5230 5163
f 5163 5230 5162
f 5163 5231 5170
f 5170 5231 5163
f 5166 5164 5197
f 5197 5164 5166
f 5164 5166 5165
f 5165 5166 5164
f 5165 5167 5171
f 5171 5167 5165
f 5167 5165 5166
f 5166 5165 5167
f 5169 5171 5167
f 5167 5171 5169
f 5232 5198 5168
f 5168 5198 5232
f 5199 5124 5198
f 5198 5124 5199
f 5200 5125 5199
f 5199 5125 5200
f 5201 5126 5200
f 5200 5126 5201
f 5201 5172 5169
f 5169 5172 5201
f 5168 5202 5232
f 5232 5202 5168
f 5127 5203 5202
f 5202 5203 5127
f 5128 5204 5203
f 5203 5204 5128
f 5129 5205 5204
f 5204 5205 5129
f 5130 5206 5205
f 5205 5206 5130
f 5131 5207 5206
f 5206 5207 5131
f 5170 5233 5207
f 5207 5233 5170
f 5135 5208 5212
f 5212 5208 5135
f 5132 5209 5208
f 5208 5209 5132
f 5133 5210 5209
f 5209 5210 5133
f 5134 5211 5210
f 5210 5211 5134
f 5171 5169 5172
f 5172 5169 5171
f 5172 5201 5211
f 5211 5201 5172
f 5173 5212 5234
f 5234 5212 5173
f 5154 5140 5216
f 5216 5140 5154
f 5191 5193 5174
f 5174 5193 5191
f 5234 5213 5173
f 5173 5213 5234
f 5213 5214 5138
f 5138 5214 5213
f 5214 5215 5139
f 5139 5215 5214
f 5235 5175 5215
f 5215 5175 5235
f 5216 5175 5236
f 5236 5175 5216
f 5176 5237 5179
f 5179 5237 5176
f 5192 5238 5176
f 5176 5238 5192
f 5152 5239 5217
f 5217 5239 5152
f 5217 5240 5142
f 5142 5240 5217
f 5218 5142 5240
f 5240 5142 5218
f 5218 5224 5177
f 5177 5224 5218
f 5178 5177 5224
f 5224 5177 5178
f 5180 5179 5237
f 5237 5179 5180
f 5219 5180 5237
f 5237 5180 5219
f 5181 5182 5241
f 5241 5182 5181
f 5242 5182 5220
f 5220 5182 5242
f 5220 5148 5221
f 5221 5148 5220
f 5221 5149 5222
f 5222 5149 5221
f 5219 5243 5183
f 5183 5243 5219
f 5184 5183 5243
f 5243 5183 5184
f 5244 5222 5184
f 5184 5222 5244
f 5186 5187 5245
f 5245 5187 5186
f 5186 5246 5223
f 5223 5246 5186
f 5152 5223 5239
f 5239 5223 5152
f 5247 5187 5181
f 5181 5187 5247
f 5188 5216 5236
f 5236 5216 5188
f 5193 5191 5190
f 5190 5191 5193
f 5194 5224 5225
f 5225 5224 5194
f 5238 5192 5225
f 5225 5192 5238
f 5236 5226 5188
f 5188 5226 5236
f 5226 5236 5195
f 5195 5236 5226
f 5236 5227 5195
f 5195 5227 5236
f 5196 5227 5248
f 5248 5227 5196
f 5228 5196 5249
f 5249 5196 5228
f 5229 5161 5228
f 5228 5161 5229
f 5230 5162 5229
f 5229 5162 5230
f 5231 5163 5230
f 5230 5163 5231
f 5233 5170 5231
f 5231 5170 5233
f 5198 5232 5250
f 5250 5232 5198
f 5198 5251 5199
f 5199 5251 5198
f 5199 5252 5200
f 5200 5252 5199
f 5200 5253 5201
f 5201 5253 5200
f 5254 5232 5202
f 5202 5232 5254
f 5255 5202 5203
f 5203 5202 5255
f 5256 5203 5204
f 5204 5203 5256
f 5257 5204 5205
f 5205 5204 5257
f 5258 5205 5206
f 5206 5205 5258
f 5259 5206 5207
f 5207 5206 5259
f 5260 5207 5233
f 5233 5207 5260
f 5261 5212 5208
f 5208 5212 5261
f 5262 5208 5209
f 5209 5208 5262
f 5263 5209 5210
f 5210 5209 5263
f 5264 5210 5211
f 5211 5210 5264
f 5253 5211 5201
f 5201 5211 5253
f 5265 5234 5212
f 5212 5234 5265
f 5213 5234 5266
f 5266 5234 5213
f 5214 5213 5267
f 5267 5213 5214
f 5215 5214 5268
f 5268 5214 5215
f 5175 5235 5227
f 5227 5235 5175
f 5215 5269 5235
f 5235 5269 5215
f 5236 5175 5227
f 5227 5175 5236
f 5237 5176 5238
f 5238 5176 5237
f 5217 5239 5270
f 5270 5239 5217
f 5240 5217 5270
f 5270 5217 5240
f 5218 5240 5271
f 5271 5240 5218
f 5224 5218 5271
f 5271 5218 5224
f 5219 5237 5238
f 5238 5237 5219
f 5242 5241 5182
f 5182 5241 5242
f 5241 5247 5181
f 5181 5247 5241
f 5272 5242 5220
f 5220 5242 5272
f 5273 5220 5221
f 5221 5220 5273
f 5221 5222 5274
f 5274 5222 5221
f 5243 5219 5275
f 5275 5219 5243
f 5184 5243 5276
f 5276 5243 5184
f 5222 5244 5277
f 5277 5244 5222
f 5184 5276 5244
f 5244 5276 5184
f 5278 5245 5187
f 5187 5245 5278
f 5245 5246 5186
f 5186 5246 5245
f 5279 5223 5246
f 5246 5223 5279
f 5280 5239 5223
f 5223 5239 5280
f 5247 5278 5187
f 5187 5278 5247
f 5275 5225 5224
f 5224 5225 5275
f 5275 5238 5225
f 5225 5238 5275
f 5227 5281 5248
f 5248 5281 5227
f 5196 5248 5249
f 5249 5248 5196
f 5282 5228 5249
f 5249 5228 5282
f 5283 5229 5228
f 5228 5229 5283
f 5284 5230 5229
f 5229 5230 5284
f 5285 5231 5230
f 5230 5231 5285
f 5286 5233 5231
f 5231 5233 5286
f 5287 5250 5232
f 5232 5250 5287
f 5251 5198 5250
f 5250 5198 5251
f 5252 5199 5251
f 5251 5199 5252
f 5253 5200 5252
f 5252 5200 5253
f 5232 5254 5287
f 5287 5254 5232
f 5202 5255 5254
f 5254 5255 5202
f 5203 5256 5255
f 5255 5256 5203
f 5204 5257 5256
f 5256 5257 5204
f 5205 5258 5257
f 5257 5258 5205
f 5206 5259 5258
f 5258 5259 5206
f 5207 5260 5259
f 5259 5260 5207
f 5288 5260 5233
f 5233 5260 5288
f 5212 5261 5265
f 5265 5261 5212
f 5208 5262 5261
f 5261 5262 5208
f 5209 5263 5262
f 5262 5263 5209
f 5210 5264 5263
f 5263 5264 5210
f 5211 5253 5264
f 5264 5253 5211
f 5234 5265 5289
f 5289 5265 5234
f 5289 5266 5234
f 5234 5266 5289
f 5266 5267 5213
f 5213 5267 5266
f 5267 5268 5214
f 5214 5268 5267
f 5269 5215 5268
f 5268 5215 5269
f 5281 5227 5235
f 5235 5227 5281
f 5290 5235 5269
f 5269 5235 5290
f 5270 5239 5291
f 5291 5239 5270
f 5270 5292 5240
f 5240 5292 5270
f 5271 5240 5292
f 5292 5240 5271
f 5271 5293 5224
f 5224 5293 5271
f 5219 5238 5275
f 5275 5238 5219
f 5242 5294 5241
f 5241 5294 5242
f 5247 5241 5294
f 5294 5241 5247
f 5242 5272 5295
f 5295 5272 5242
f 5220 5273 5272
f 5272 5273 5220
f 5221 5296 5273
f 5273 5296 5221
f 5274 5222 5277
f 5277 5222 5274
f 5296 5221 5274
f 5274 5221 5296
f 5275 5276 5243
f 5243 5276 5275
f 5297 5277 5244
f 5244 5277 5297
f 5244 5276 5298
f 5298 5276 5244
f 5245 5278 5299
f 5299 5278 5245
f 5299 5246 5245
f 5245 5246 5299
f 5223 5279 5280
f 5280 5279 5223
f 5246 5300 5279
f 5279 5300 5246
f 5239 5280 5301
f 5301 5280 5239
f 5302 5278 5247
f 5247 5278 5302
f 5275 5224 5293
f 5293 5224 5275
f 5283 5248 5281
f 5281 5248 5283
f 5249 5248 5282
f 5282 5248 5249
f 5228 5282 5283
f 5283 5282 5228
f 5229 5283 5284
f 5284 5283 5229
f 5230 5284 5285
f 5285 5284 5230
f 5231 5285 5286
f 5286 5285 5231
f 5233 5286 5288
f 5288 5286 5233
f 5250 5287 5303
f 5303 5287 5250
f 5250 5304 5251
f 5251 5304 5250
f 5251 5305 5252
f 5252 5305 5251
f 5252 5306 5253
f 5253 5306 5252
f 5307 5287 5254
f 5254 5287 5307
f 5308 5254 5255
f 5255 5254 5308
f 5309 5255 5256
f 5256 5255 5309
f 5310 5256 5257
f 5257 5256 5310
f 5311 5257 5258
f 5258 5257 5311
f 5259 5311 5258
f 5258 5311 5259
f 5260 5312 5259
f 5259 5312 5260
f 5260 5288 5313
f 5313 5288 5260
f 5314 5265 5261
f 5261 5265 5314
f 5315 5261 5262
f 5262 5261 5315
f 5316 5262 5263
f 5263 5262 5316
f 5317 5263 5264
f 5264 5263 5317
f 5306 5264 5253
f 5253 5264 5306
f 5318 5289 5265
f 5265 5289 5318
f 5266 5289 5319
f 5319 5289 5266
f 5267 5266 5320
f 5320 5266 5267
f 5268 5267 5321
f 5321 5267 5268
f 5268 5322 5269
f 5269 5322 5268
f 5235 5290 5281
f 5281 5290 5235
f 5269 5323 5290
f 5290 5323 5269
f 5301 5291 5239
f 5239 5291 5301
f 5270 5291 5324
f 5324 5291 5270
f 5292 5270 5324
f 5324 5270 5292
f 5271 5292 5325
f 5325 5292 5271
f 5293 5271 5325
f 5325 5271 5293
f 5326 5294 5242
f 5242 5294 5326
f 5294 5302 5247
f 5247 5302 5294
f 5327 5295 5272
f 5272 5295 5327
f 5295 5326 5242
f 5242 5326 5295
f 5328 5272 5273
f 5273 5272 5328
f 5329 5273 5296
f 5296 5273 5329
f 5274 5277 5330
f 5330 5277 5274
f 5274 5331 5296
f 5296 5331 5274
f 5276 5275 5332
f 5332 5275 5276
f 5277 5297 5333
f 5333 5297 5277
f 5244 5334 5297
f 5297 5334 5244
f 5332 5298 5276
f 5276 5298 5332
f 5244 5298 5335
f 5335 5298 5244
f 5336 5299 5278
f 5278 5299 5336
f 5299 5337 5246
f 5246 5337 5299
f 5338 5280 5279
f 5279 5280 5338
f 5300 5246 5337
f 5337 5246 5300
f 5339 5279 5300
f 5300 5279 5339
f 5340 5301 5280
f 5280 5301 5340
f 5302 5336 5278
f 5278 5336 5302
f 5275 5293 5332
f 5332 5293 5275
f 5248 5283 5282
f 5282 5283 5248
f 5281 5284 5283
f 5283 5284 5281
f 5290 5285 5284
f 5284 5285 5290
f 5323 5286 5285
f 5285 5286 5323
f 5341 5288 5286
f 5286 5288 5341
f 5342 5303 5287
f 5287 5303 5342
f 5304 5250 5303
f 5303 5250 5304
f 5305 5251 5304
f 5304 5251 5305
f 5306 5252 5305
f 5305 5252 5306
f 5287 5307 5342
f 5342 5307 5287
f 5254 5308 5307
f 5307 5308 5254
f 5255 5309 5308
f 5308 5309 5255
f 5256 5310 5309
f 5309 5310 5256
f 5257 5311 5310
f 5310 5311 5257
f 5311 5259 5312
f 5312 5259 5311
f 5312 5260 5343
f 5343 5260 5312
f 5344 5313 5288
f 5288 5313 5344
f 5345 5260 5313
f 5313 5260 5345
f 5265 5314 5318
f 5318 5314 5265
f 5261 5315 5314
f 5314 5315 5261
f 5262 5316 5315
f 5315 5316 5262
f 5263 5317 5316
f 5316 5317 5263
f 5264 5306 5317
f 5317 5306 5264
f 5289 5318 5346
f 5346 5318 5289
f 5346 5319 5289
f 5289 5319 5346
f 5319 5320 5266
f 5266 5320 5319
f 5320 5321 5267
f 5267 5321 5320
f 5322 5268 5321
f 5321 5268 5322
f 5323 5269 5322
f 5322 5269 5323
f 5284 5281 5290
f 5290 5281 5284
f 5285 5290 5323
f 5323 5290 5285
f 5291 5301 5347
f 5347 5301 5291
f 5324 5291 5348
f 5348 5291 5324
f 5324 5334 5292
f 5292 5334 5324
f 5325 5292 5349
f 5349 5292 5325
f 5349 5293 5325
f 5325 5293 5349
f 5326 5350 5294
f 5294 5350 5326
f 5302 5294 5350
f 5350 5294 5302
f 5295 5327 5351
f 5351 5327 5295
f 5272 5328 5327
f 5327 5328 5272
f 5326 5295 5352
f 5352 5295 5326
f 5273 5329 5328
f 5328 5329 5273
f 5296 5353 5329
f 5329 5353 5296
f 5330 5277 5333
f 5333 5277 5330
f 5331 5274 5330
f 5330 5274 5331
f 5353 5296 5331
f 5331 5296 5353
f 5354 5333 5297
f 5297 5333 5354
f 5335 5334 5244
f 5244 5334 5335
f 5297 5334 5355
f 5355 5334 5297
f 5298 5332 5356
f 5356 5332 5298
f 5356 5335 5298
f 5298 5335 5356
f 5299 5336 5357
f 5357 5336 5299
f 5357 5337 5299
f 5299 5337 5357
f 5280 5338 5340
f 5340 5338 5280
f 5279 5339 5338
f 5338 5339 5279
f 5337 5358 5300
f 5300 5358 5337
f 5300 5359 5339
f 5339 5359 5300
f 5301 5340 5360
f 5360 5340 5301
f 5361 5336 5302
f 5302 5336 5361
f 5332 5293 5362
f 5362 5293 5332
f 5286 5323 5341
f 5341 5323 5286
f 5288 5341 5344
f 5344 5341 5288
f 5303 5342 5363
f 5363 5342 5303
f 5363 5304 5303
f 5303 5304 5363
f 5364 5305 5304
f 5304 5305 5364
f 5365 5306 5305
f 5305 5306 5365
f 5366 5342 5307
f 5307 5342 5366
f 5367 5307 5308
f 5308 5307 5367
f 5368 5308 5309
f 5309 5308 5368
f 5369 5309 5310
f 5310 5309 5369
f 5370 5310 5311
f 5311 5310 5370
f 5312 5370 5311
f 5311 5370 5312
f 5260 5345 5343
f 5343 5345 5260
f 5343 5371 5312
f 5312 5371 5343
f 5313 5344 5372
f 5372 5344 5313
f 5313 5373 5345
f 5345 5373 5313
f 5374 5318 5314
f 5314 5318 5374
f 5375 5314 5315
f 5315 5314 5375
f 5316 5375 5315
f 5315 5375 5316
f 5317 5376 5316
f 5316 5376 5317
f 5306 5377 5317
f 5317 5377 5306
f 5378 5346 5318
f 5318 5346 5378
f 5319 5346 5379
f 5379 5346 5319
f 5320 5319 5380
f 5380 5319 5320
f 5321 5320 5381
f 5381 5320 5321
f 5321 5382 5322
f 5322 5382 5321
f 5322 5341 5323
f 5323 5341 5322
f 5360 5347 5301
f 5301 5347 5360
f 5347 5348 5291
f 5291 5348 5347
f 5324 5348 5383
f 5383 5348 5324
f 5334 5324 5383
f 5383 5324 5334
f 5384 5292 5334
f 5334 5292 5384
f 5349 5292 5384
f 5384 5292 5349
f 5293 5349 5362
f 5362 5349 5293
f 5326 5385 5350
f 5350 5385 5326
f 5350 5361 5302
f 5302 5361 5350
f 5386 5351 5327
f 5327 5351 5386
f 5351 5352 5295
f 5295 5352 5351
f 5387 5327 5328
f 5328 5327 5387
f 5352 5388 5326
f 5326 5388 5352
f 5389 5328 5329
f 5329 5328 5389
f 5390 5329 5353
f 5353 5329 5390
f 5330 5333 5391
f 5391 5333 5330
f 5330 5392 5331
f 5331 5392 5330
f 5331 5393 5353
f 5353 5393 5331
f 5333 5354 5391
f 5391 5354 5333
f 5297 5355 5354
f 5354 5355 5297
f 5384 5334 5335
f 5335 5334 5384
f 5383 5355 5334
f 5334 5355 5383
f 5332 5362 5356
f 5356 5362 5332
f 5335 5356 5394
f 5394 5356 5335
f 5395 5357 5336
f 5336 5357 5395
f 5396 5337 5357
f 5357 5337 5396
f 5397 5340 5338
f 5338 5340 5397
f 5398 5338 5339
f 5339 5338 5398
f 5358 5337 5399
f 5399 5337 5358
f 5359 5300 5358
f 5358 5300 5359
f 5400 5339 5359
f 5359 5339 5400
f 5401 5360 5340
f 5340 5360 5401
f 5336 5361 5395
f 5395 5361 5336
f 5382 5344 5341
f 5341 5344 5382
f 5402 5363 5342
f 5342 5363 5402
f 5304 5363 5364
f 5364 5363 5304
f 5305 5364 5365
f 5365 5364 5305
f 5306 5365 5403
f 5403 5365 5306
f 5342 5366 5402
f 5402 5366 5342
f 5307 5367 5366
f 5366 5367 5307
f 5308 5368 5367
f 5367 5368 5308
f 5309 5369 5368
f 5368 5369 5309
f 5310 5370 5369
f 5369 5370 5310
f 5370 5312 5371
f 5371 5312 5370
f 5404 5343 5345
f 5345 5343 5404
f 5371 5343 5405
f 5405 5343 5371
f 5406 5372 5344
f 5344 5372 5406
f 5373 5313 5372
f 5372 5313 5373
f 5407 5345 5373
f 5373 5345 5407
f 5318 5374 5378
f 5378 5374 5318
f 5314 5375 5374
f 5374 5375 5314
f 5375 5316 5376
f 5376 5316 5375
f 5376 5317 5377
f 5377 5317 5376
f 5377 5306 5403
f 5403 5306 5377
f 5346 5378 5408
f 5408 5378 5346
f 5408 5379 5346
f 5346 5379 5408
f 5379 5380 5319
f 5319 5380 5379
f 5380 5381 5320
f 5320 5381 5380
f 5382 5321 5381
f 5381 5321 5382
f 5341 5322 5382
f 5382 5322 5341
f 5347 5360 5409
f 5409 5360 5347
f 5348 5347 5410
f 5410 5347 5348
f 5383 5348 5411
f 5411 5348 5383
f 5384 5362 5349
f 5349 5362 5384
f 5388 5385 5326
f 5326 5385 5388
f 5361 5350 5385
f 5385 5350 5361
f 5351 5386 5412
f 5412 5386 5351
f 5327 5387 5386
f 5386 5387 5327
f 5352 5351 5413
f 5413 5351 5352
f 5328 5389 5387
f 5387 5389 5328
f 5388 5352 5414
f 5414 5352 5388
f 5329 5390 5389
f 5389 5390 5329
f 5353 5415 5390
f 5390 5415 5353
f 5330 5391 5416
f 5416 5391 5330
f 5392 5330 5416
f 5416 5330 5392
f 5393 5331 5392
f 5392 5331 5393
f 5415 5353 5393
f 5393 5353 5415
f 5417 5391 5354
f 5354 5391 5417
f 5354 5355 5418
f 5418 5355 5354
f 5394 5384 5335
f 5335 5384 5394
f 5355 5383 5411
f 5411 5383 5355
f 5356 5362 5419
f 5419 5362 5356
f 5356 5419 5394
f 5394 5419 5356
f 5357 5395 5396
f 5396 5395 5357
f 5396 5399 5337
f 5337 5399 5396
f 5340 5397 5401
f 5401 5397 5340
f 5338 5398 5397
f 5397 5398 5338
f 5339 5400 5398
f 5398 5400 5339
f 5399 5420 5358
f 5358 5420 5399
f 5358 5421 5359
f 5359 5421 5358
f 5359 5422 5400
f 5400 5422 5359
f 5360 5401 5423
f 5423 5401 5360
f 5361 5396 5395
f 5395 5396 5361
f 5344 5382 5406
f 5406 5382 5344
f 5363 5402 5424
f 5424 5402 5363
f 5424 5364 5363
f 5363 5364 5424
f 5425 5365 5364
f 5364 5365 5425
f 5426 5403 5365
f 5365 5403 5426
f 5401 5402 5366
f 5366 5402 5401
f 5423 5366 5367
f 5367 5366 5423
f 5427 5367 5368
f 5368 5367 5427
f 5428 5368 5369
f 5369 5368 5428
f 5429 5369 5370
f 5370 5369 5429
f 5371 5429 5370
f 5370 5429 5371
f 5343 5404 5405
f 5405 5404 5343
f 5345 5407 5404
f 5404 5407 5345
f 5405 5430 5371
f 5371 5430 5405
f 5372 5406 5431
f 5431 5406 5372
f 5372 5432 5373
f 5373 5432 5372
f 5373 5433 5407
f 5407 5433 5373
f 5434 5378 5374
f 5374 5378 5434
f 5435 5374 5375
f 5375 5374 5435
f 5376 5435 5375
f 5375 5435 5376
f 5377 5436 5376
f 5376 5436 5377
f 5403 5437 5377
f 5377 5437 5403
f 5438 5408 5378
f 5378 5408 5438
f 5379 5408 5439
f 5439 5408 5379
f 5380 5379 5440
f 5440 5379 5380
f 5381 5380 5441
f 5441 5380 5381
f 5381 5406 5382
f 5382 5406 5381
f 5423 5409 5360
f 5360 5409 5423
f 5409 5410 5347
f 5347 5410 5409
f 5410 5442 5348
f 5348 5442 5410
f 5411 5348 5442
f 5442 5348 5411
f 5362 5384 5419
f 5419 5384 5362
f 5385 5388 5396
f 5396 5388 5385
f 5396 5361 5385
f 5385 5361 5396
f 5443 5412 5386
f 5386 5412 5443
f 5412 5413 5351
f 5351 5413 5412
f 5444 5386 5387
f 5387 5386 5444
f 5413 5414 5352
f 5352 5414 5413
f 5445 5387 5389
f 5389 5387 5445
f 5446 5388 5414
f 5414 5388 5446
f 5447 5389 5390
f 5390 5389 5447
f 5433 5390 5415
f 5415 5390 5433
f 5416 5391 5448
f 5448 5391 5416
f 5416 5449 5392
f 5392 5449 5416
f 5392 5450 5393
f 5393 5450 5392
f 5393 5451 5415
f 5415 5451 5393
f 5391 5417 5448
f 5448 5417 5391
f 5354 5418 5417
f 5417 5418 5354
f 5411 5418 5355
f 5355 5418 5411
f 5384 5394 5419
f 5419 5394 5384
f 5388 5399 5396
f 5396 5399 5388
f 5402 5401 5397
f 5397 5401 5402
f 5424 5397 5398
f 5398 5397 5424
f 5425 5398 5400
f 5400 5398 5425
f 5420 5399 5452
f 5452 5399 5420
f 5421 5358 5420
f 5420 5358 5421
f 5422 5359 5421
f 5421 5359 5422
f 5426 5400 5422
f 5422 5400 5426
f 5366 5423 5401
f 5401 5423 5366
f 5397 5424 5402
f 5402 5424 5397
f 5364 5424 5425
f 5425 5424 5364
f 5365 5425 5426
f 5426 5425 5365
f 5403 5426 5453
f 5453 5426 5403
f 5367 5427 5423
f 5423 5427 5367
f 5368 5428 5427
f 5427 5428 5368
f 5369 5429 5428
f 5428 5429 5369
f 5429 5371 5430
f 5430 5371 5429
f 5454 5405 5404
f 5404 5405 5454
f 5451 5404 5407
f 5407 5404 5451
f 5430 5405 5455
f 5455 5405 5430
f 5441 5431 5406
f 5406 5431 5441
f 5432 5372 5431
f 5431 5372 5432
f 5433 5373 5432
f 5432 5373 5433
f 5415 5407 5433
f 5433 5407 5415
f 5378 5434 5438
f 5438 5434 5378
f 5374 5435 5434
f 5434 5435 5374
f 5435 5376 5436
f 5436 5376 5435
f 5436 5377 5437
f 5437 5377 5436
f 5437 5403 5453
f 5453 5403 5437
f 5408 5438 5443
f 5443 5438 5408
f 5443 5439 5408
f 5408 5439 5443
f 5439 5440 5379
f 5379 5440 5439
f 5440 5441 5380
f 5380 5441 5440
f 5406 5381 5441
f 5441 5381 5406
f 5409 5423 5427
f 5427 5423 5409
f 5410 5409 5456
f 5456 5409 5410
f 5442 5410 5457
f 5457 5410 5442
f 5411 5442 5458
f 5458 5442 5411
f 5412 5443 5438
f 5438 5443 5412
f 5386 5444 5443
f 5443 5444 5386
f 5413 5412 5459
f 5459 5412 5413
f 5387 5445 5444
f 5444 5445 5387
f 5414 5413 5460
f 5460 5413 5414
f 5389 5447 5445
f 5445 5447 5389
f 5388 5446 5461
f 5461 5446 5388
f 5414 5462 5446
f 5446 5462 5414
f 5390 5433 5447
f 5447 5433 5390
f 5416 5448 5442
f 5442 5448 5416
f 5449 5416 5463
f 5463 5416 5449
f 5450 5392 5449
f 5449 5392 5450
f 5451 5393 5450
f 5450 5393 5451
f 5407 5415 5451
f 5451 5415 5407
f 5417 5458 5448
f 5448 5458 5417
f 5458 5417 5418
f 5418 5417 5458
f 5418 5411 5458
f 5458 5411 5418
f 5461 5399 5388
f 5388 5399 5461
f 5398 5425 5424
f 5424 5425 5398
f 5400 5426 5425
f 5425 5426 5400
f 5461 5452 5399
f 5399 5452 5461
f 5452 5464 5420
f 5420 5464 5452
f 5420 5465 5421
f 5421 5465 5420
f 5421 5466 5422
f 5422 5466 5421
f 5422 5453 5426
f 5426 5453 5422
f 5456 5427 5428
f 5428 5427 5456
f 5467 5428 5429
f 5429 5428 5467
f 5430 5467 5429
f 5429 5467 5430
f 5405 5454 5455
f 5455 5454 5405
f 5404 5451 5454
f 5454 5451 5404
f 5455 5468 5430
f 5430 5468 5455
f 5431 5441 5469
f 5469 5441 5431
f 5431 5470 5432
f 5432 5470 5431
f 5432 5447 5433
f 5433 5447 5432
f 5459 5438 5434
f 5434 5438 5459
f 5471 5434 5435
f 5435 5434 5471
f 5436 5471 5435
f 5435 5471 5436
f 5437 5472 5436
f 5436 5472 5437
f 5453 5473 5437
f 5437 5473 5453
f 5439 5443 5444
f 5444 5443 5439
f 5440 5439 5474
f 5474 5439 5440
f 5441 5440 5469
f 5469 5440 5441
f 5427 5456 5409
f 5409 5456 5427
f 5456 5457 5410
f 5410 5457 5456
f 5475 5442 5457
f 5457 5442 5475
f 5458 5442 5448
f 5448 5442 5458
f 5438 5459 5412
f 5412 5459 5438
f 5459 5460 5413
f 5413 5460 5459
f 5474 5444 5445
f 5445 5444 5474
f 5462 5414 5460
f 5460 5414 5462
f 5470 5445 5447
f 5447 5445 5470
f 5476 5461 5446
f 5446 5461 5476
f 5477 5446 5462
f 5462 5446 5477
f 5416 5442 5478
f 5478 5442 5416
f 5416 5478 5463
f 5463 5478 5416
f 5463 5479 5449
f 5449 5479 5463
f 5449 5480 5450
f 5450 5480 5449
f 5450 5454 5451
f 5451 5454 5450
f 5481 5452 5461
f 5461 5452 5481
f 5464 5452 5482
f 5482 5452 5464
f 5465 5420 5464
f 5464 5420 5465
f 5466 5421 5465
f 5465 5421 5466
f 5453 5422 5466
f 5466 5422 5453
f 5428 5467 5456
f 5456 5467 5428
f 5467 5430 5468
f 5468 5430 5467
f 5480 5455 5454
f 5454 5455 5480
f 5468 5455 5483
f 5483 5455 5468
f 5470 5431 5469
f 5469 5431 5470
f 5447 5432 5470
f 5470 5432 5447
f 5434 5471 5459
f 5459 5471 5434
f 5471 5436 5472
f 5472 5436 5471
f 5472 5437 5473
f 5473 5437 5472
f 5473 5453 5466
f 5466 5453 5473
f 5444 5474 5439
f 5439 5474 5444
f 5474 5469 5440
f 5440 5469 5474
f 5457 5456 5467
f 5467 5456 5457
f 5442 5475 5478
f 5478 5475 5442
f 5457 5468 5475
f 5475 5468 5457
f 5460 5459 5471
f 5471 5459 5460
f 5445 5470 5474
f 5474 5470 5445
f 5460 5472 5462
f 5462 5472 5460
f 5461 5476 5481
f 5481 5476 5461
f 5446 5477 5476
f 5476 5477 5446
f 5462 5473 5477
f 5477 5473 5462
f 5463 5478 5484
f 5484 5478 5463
f 5479 5463 5485
f 5485 5463 5479
f 5480 5449 5479
f 5479 5449 5480
f 5454 5450 5480
f 5480 5450 5454
f 5452 5481 5482
f 5482 5481 5452
f 5481 5464 5482
f 5482 5464 5481
f 5476 5465 5464
f 5464 5465 5476
f 5477 5466 5465
f 5465 5466 5477
f 5468 5457 5467
f 5467 5457 5468
f 5455 5480 5483
f 5483 5480 5455
f 5483 5475 5468
f 5468 5475 5483
f 5469 5474 5470
f 5470 5474 5469
f 5472 5460 5471
f 5471 5460 5472
f 5473 5462 5472
f 5472 5462 5473
f 5466 5477 5473
f 5473 5477 5466
f 5486 5478 5475
f 5475 5478 5486
f 5464 5481 5476
f 5476 5481 5464
f 5465 5476 5477
f 5477 5476 5465
f 5478 5486 5484
f 5484 5486 5478
f 5463 5484 5485
f 5485 5484 5463
f 5485 5486 5479
f 5479 5486 5485
f 5479 5483 5480
f 5480 5483 5479
f 5475 5483 5486
f 5486 5483 5475
f 5486 5485 5484
f 5484 5485 5486
f 5483 5479 5486
f 5486 5479 5483
f 5487 5488 5489
f 5488 5487 5490
f 5489 5488 5487
f 5490 5487 5488
f 5491 5489 5488
f 5488 5489 5491
f 5489 5492 5487
f 5487 5492 5489
f 5493 5490 5487
f 5487 5490 5493
f 5494 5488 5490
f 5490 5488 5494
f 5489 5491 5495
f 5495 5491 5489
f 5494 5491 5488
f 5488 5491 5494
f 5489 5496 5492
f 5492 5496 5489
f 5487 5492 5497
f 5497 5492 5487
f 5490 5493 5498
f 5498 5493 5490
f 5487 5497 5493
f 5493 5497 5487
f 5494 5490 5498
f 5498 5490 5494
f 5491 5496 5495
f 5495 5496 5491
f 5496 5489 5495
f 5495 5489 5496
f 5491 5494 5499
f 5499 5494 5491
f 5500 5492 5496
f 5496 5492 5500
f 5501 5497 5492
f 5492 5497 5501
f 5493 5502 5498
f 5498 5502 5493
f 5493 5497 5503
f 5503 5497 5493
f 5494 5498 5504
f 5504 5498 5494
f 5496 5491 5500
f 5500 5491 5496
f 5505 5499 5494
f 5494 5499 5505
f 5499 5506 5491
f 5491 5506 5499
f 5492 5500 5501
f 5501 5500 5492
f 5497 5501 5507
f 5507 5501 5497
f 5502 5493 5508
f 5508 5493 5502
f 5504 5498 5502
f 5502 5498 5504
f 5507 5503 5497
f 5497 5503 5507
f 5493 5503 5509
f 5509 5503 5493
f 5510 5494 5504
f 5504 5494 5510
f 5491 5506 5500
f 5500 5506 5491
f 5499 5505 5511
f 5511 5505 5499
f 5494 5510 5505
f 5505 5510 5494
f 5499 5512 5506
f 5506 5512 5499
f 5500 5506 5501
f 5501 5506 5500
f 5501 5513 5507
f 5507 5513 5501
f 5493 5509 5508
f 5508 5509 5493
f 5508 5514 5502
f 5502 5514 5508
f 5504 5502 5514
f 5514 5502 5504
f 5503 5507 5515
f 5515 5507 5503
f 5503 5516 5509
f 5509 5516 5503
f 5504 5517 5510
f 5510 5517 5504
f 5518 5511 5505
f 5505 5511 5518
f 5511 5519 5499
f 5499 5519 5511
f 5520 5505 5510
f 5510 5505 5520
f 5519 5512 5499
f 5499 5512 5519
f 5512 5521 5506
f 5506 5521 5512
f 5501 5506 5513
f 5513 5506 5501
f 5507 5513 5515
f 5515 5513 5507
f 5508 5509 5522
f 5522 5509 5508
f 5514 5508 5523
f 5523 5508 5514
f 5504 5514 5524
f 5524 5514 5504
f 5515 5525 5503
f 5503 5525 5515
f 5516 5503 5525
f 5525 5503 5516
f 5516 5526 5509
f 5509 5526 5516
f 5517 5504 5524
f 5524 5504 5517
f 5527 5510 5517
f 5517 5510 5527
f 5518 5528 5511
f 5511 5528 5518
f 5518 5505 5520
f 5520 5505 5518
f 5519 5511 5528
f 5528 5511 5519
f 5520 5510 5527
f 5527 5510 5520
f 5519 5529 5512
f 5512 5529 5519
f 5521 5512 5530
f 5530 5512 5521
f 5531 5506 5521
f 5521 5506 5531
f 5506 5531 5513
f 5513 5531 5506
f 5515 5513 5532
f 5532 5513 5515
f 5509 5533 5522
f 5522 5533 5509
f 5508 5522 5534
f 5534 5522 5508
f 5508 5534 5523
f 5523 5534 5508
f 5523 5535 5514
f 5514 5535 5523
f 5524 5514 5535
f 5535 5514 5524
f 5525 5515 5532
f 5532 5515 5525
f 5516 5525 5536
f 5536 5525 5516
f 5526 5516 5537
f 5537 5516 5526
f 5533 5509 5526
f 5526 5509 5533
f 5538 5517 5524
f 5524 5517 5538
f 5527 5517 5539
f 5539 5517 5527
f 5540 5528 5518
f 5518 5528 5540
f 5541 5518 5520
f 5520 5518 5541
f 5528 5542 5519
f 5519 5542 5528
f 5543 5520 5527
f 5527 5520 5543
f 5542 5529 5519
f 5519 5529 5542
f 5529 5530 5512
f 5512 5530 5529
f 5530 5544 5521
f 5521 5544 5530
f 5521 5544 5531
f 5531 5544 5521
f 5545 5513 5531
f 5531 5513 5545
f 5532 5513 5546
f 5546 5513 5532
f 5547 5522 5533
f 5533 5522 5547
f 5522 5547 5534
f 5534 5547 5522
f 5523 5534 5548
f 5548 5534 5523
f 5535 5523 5549
f 5549 5523 5535
f 5524 5535 5550
f 5550 5535 5524
f 5532 5551 5525
f 5525 5551 5532
f 5536 5525 5552
f 5552 5525 5536
f 5536 5537 5516
f 5516 5537 5536
f 5537 5553 5526
f 5526 5553 5537
f 5526 5554 5533
f 5533 5554 5526
f 5517 5538 5539
f 5539 5538 5517
f 5524 5550 5538
f 5538 5550 5524
f 5527 5539 5555
f 5555 5539 5527
f 5540 5556 5528
f 5528 5556 5540
f 5557 5540 5518
f 5518 5540 5557
f 5518 5541 5557
f 5557 5541 5518
f 5520 5543 5541
f 5541 5543 5520
f 5542 5528 5556
f 5556 5528 5542
f 5527 5558 5543
f 5543 5558 5527
f 5542 5559 5529
f 5529 5559 5542
f 5530 5529 5560
f 5560 5529 5530
f 5530 5561 5544
f 5544 5561 5530
f 5531 5544 5562
f 5562 5544 5531
f 5513 5545 5546
f 5546 5545 5513
f 5531 5562 5545
f 5545 5562 5531
f 5532 5546 5563
f 5563 5546 5532
f 5533 5554 5547
f 5547 5554 5533
f 5564 5534 5547
f 5547 5534 5564
f 5534 5564 5548
f 5548 5564 5534
f 5523 5548 5565
f 5565 5548 5523
f 5523 5566 5549
f 5549 5566 5523
f 5549 5550 5535
f 5535 5550 5549
f 5551 5532 5563
f 5563 5532 5551
f 5567 5525 5551
f 5551 5525 5567
f 5552 5525 5567
f 5567 5525 5552
f 5552 5568 5536
f 5536 5568 5552
f 5537 5536 5568
f 5568 5536 5537
f 5553 5537 5569
f 5569 5537 5553
f 5553 5570 5526
f 5526 5570 5553
f 5526 5570 5554
f 5554 5570 5526
f 5571 5539 5538
f 5538 5539 5571
f 5538 5550 5572
f 5572 5550 5538
f 5555 5539 5573
f 5573 5539 5555
f 5558 5527 5555
f 5555 5527 5558
f 5540 5574 5556
f 5556 5574 5540
f 5540 5557 5575
f 5575 5557 5540
f 5576 5557 5541
f 5541 5557 5576
f 5577 5541 5543
f 5543 5541 5577
f 5556 5578 5542
f 5542 5578 5556
f 5579 5543 5558
f 5558 5543 5579
f 5559 5542 5578
f 5578 5542 5559
f 5559 5560 5529
f 5529 5560 5559
f 5560 5561 5530
f 5530 5561 5560
f 5580 5544 5561
f 5561 5544 5580
f 5581 5562 5544
f 5544 5562 5581
f 5545 5582 5546
f 5546 5582 5545
f 5545 5562 5583
f 5583 5562 5545
f 5563 5546 5582
f 5582 5546 5563
f 5547 5554 5584
f 5584 5554 5547
f 5547 5584 5564
f 5564 5584 5547
f 5564 5565 5548
f 5548 5565 5564
f 5523 5565 5566
f 5566 5565 5523
f 5549 5566 5585
f 5585 5566 5549
f 5550 5549 5586
f 5586 5549 5550
f 5563 5587 5551
f 5551 5587 5563
f 5567 5551 5588
f 5588 5551 5567
f 5589 5552 5567
f 5567 5552 5589
f 5568 5552 5590
f 5590 5552 5568
f 5569 5537 5568
f 5568 5537 5569
f 5591 5553 5569
f 5569 5553 5591
f 5592 5570 5553
f 5553 5570 5592
f 5593 5554 5570
f 5570 5554 5593
f 5539 5571 5573
f 5573 5571 5539
f 5538 5572 5571
f 5571 5572 5538
f 5586 5572 5550
f 5550 5572 5586
f 5555 5573 5594
f 5594 5573 5555
f 5555 5595 5558
f 5558 5595 5555
f 5596 5574 5540
f 5540 5574 5596
f 5578 5556 5574
f 5574 5556 5578
f 5597 5575 5557
f 5557 5575 5597
f 5598 5540 5575
f 5575 5540 5598
f 5557 5576 5597
f 5597 5576 5557
f 5541 5577 5576
f 5576 5577 5541
f 5543 5579 5577
f 5577 5579 5543
f 5558 5599 5579
f 5579 5599 5558
f 5574 5559 5578
f 5578 5559 5574
f 5560 5559 5600
f 5600 5559 5560
f 5600 5561 5560
f 5560 5561 5600
f 5544 5580 5581
f 5581 5580 5544
f 5561 5601 5580
f 5580 5601 5561
f 5562 5581 5602
f 5602 5581 5562
f 5582 5545 5603
f 5603 5545 5582
f 5602 5583 5562
f 5562 5583 5602
f 5545 5583 5603
f 5603 5583 5545
f 5563 5582 5604
f 5604 5582 5563
f 5605 5584 5554
f 5554 5584 5605
f 5564 5584 5606
f 5606 5584 5564
f 5565 5564 5606
f 5606 5564 5565
f 5606 5566 5565
f 5565 5566 5606
f 5607 5585 5566
f 5566 5585 5607
f 5549 5585 5608
f 5608 5585 5549
f 5549 5608 5586
f 5586 5608 5549
f 5587 5563 5604
f 5604 5563 5587
f 5609 5551 5587
f 5587 5551 5609
f 5588 5551 5609
f 5609 5551 5588
f 5610 5567 5588
f 5588 5567 5610
f 5552 5589 5590
f 5590 5589 5552
f 5567 5610 5589
f 5589 5610 5567
f 5569 5568 5590
f 5590 5568 5569
f 5553 5591 5611
f 5611 5591 5553
f 5569 5612 5591
f 5591 5612 5569
f 5592 5613 5570
f 5570 5613 5592
f 5611 5592 5553
f 5553 5592 5611
f 5554 5593 5605
f 5605 5593 5554
f 5570 5614 5593
f 5593 5614 5570
f 5615 5573 5571
f 5571 5573 5615
f 5571 5572 5616
f 5616 5572 5571
f 5572 5586 5617
f 5617 5586 5572
f 5594 5573 5618
f 5618 5573 5594
f 5595 5555 5594
f 5594 5555 5595
f 5599 5558 5595
f 5595 5558 5599
f 5596 5619 5574
f 5574 5619 5596
f 5540 5598 5596
f 5596 5598 5540
f 5575 5597 5620
f 5620 5597 5575
f 5575 5621 5598
f 5598 5621 5575
f 5622 5597 5576
f 5576 5597 5622
f 5623 5576 5577
f 5577 5576 5623
f 5624 5577 5579
f 5579 5577 5624
f 5625 5579 5599
f 5599 5579 5625
f 5559 5574 5600
f 5600 5574 5559
f 5600 5619 5561
f 5561 5619 5600
f 5626 5581 5580
f 5580 5581 5626
f 5601 5561 5619
f 5619 5561 5601
f 5627 5580 5601
f 5601 5580 5627
f 5628 5602 5581
f 5581 5602 5628
f 5603 5629 5582
f 5582 5629 5603
f 5583 5602 5630
f 5630 5602 5583
f 5603 5583 5631
f 5631 5583 5603
f 5604 5582 5632
f 5632 5582 5604
f 5584 5605 5633
f 5633 5605 5584
f 5606 5584 5607
f 5607 5584 5606
f 5566 5606 5607
f 5607 5606 5566
f 5585 5607 5634
f 5634 5607 5585
f 5634 5608 5585
f 5585 5608 5634
f 5586 5608 5635
f 5635 5608 5586
f 5604 5636 5587
f 5587 5636 5604
f 5609 5587 5637
f 5637 5587 5609
f 5638 5588 5609
f 5609 5588 5638
f 5588 5638 5610
f 5610 5638 5588
f 5569 5590 5589
f 5589 5590 5569
f 5639 5589 5610
f 5610 5589 5639
f 5640 5611 5591
f 5591 5611 5640
f 5612 5569 5639
f 5639 5569 5612
f 5641 5591 5612
f 5612 5591 5641
f 5642 5613 5592
f 5592 5613 5642
f 5614 5570 5613
f 5613 5570 5614
f 5592 5611 5643
f 5643 5611 5592
f 5593 5644 5605
f 5605 5644 5593
f 5614 5645 5593
f 5593 5645 5614
f 5573 5615 5618
f 5618 5615 5573
f 5571 5646 5615
f 5615 5646 5571
f 5617 5616 5572
f 5572 5616 5617
f 5571 5616 5647
f 5647 5616 5571
f 5586 5648 5617
f 5617 5648 5586
f 5594 5618 5649
f 5649 5618 5594
f 5594 5650 5595
f 5595 5650 5594
f 5595 5651 5599
f 5599 5651 5595
f 5596 5652 5619
f 5619 5652 5596
f 5619 5600 5574
f 5574 5600 5619
f 5653 5596 5598
f 5598 5596 5653
f 5654 5620 5597
f 5597 5620 5654
f 5621 5575 5620
f 5620 5575 5621
f 5655 5598 5621
f 5621 5598 5655
f 5597 5622 5654
f 5654 5622 5597
f 5576 5623 5622
f 5622 5623 5576
f 5577 5624 5623
f 5623 5624 5577
f 5579 5625 5624
f 5624 5625 5579
f 5599 5656 5625
f 5625 5656 5599
f 5581 5626 5628
f 5628 5626 5581
f 5580 5627 5626
f 5626 5627 5580
f 5619 5657 5601
f 5601 5657 5619
f 5601 5658 5627
f 5627 5658 5601
f 5602 5628 5659
f 5659 5628 5602
f 5629 5603 5631
f 5631 5603 5629
f 5632 5582 5629
f 5629 5582 5632
f 5659 5630 5602
f 5602 5630 5659
f 5630 5660 5583
f 5583 5660 5630
f 5631 5583 5660
f 5660 5583 5631
f 5636 5604 5632
f 5632 5604 5636
f 5605 5644 5633
f 5633 5644 5605
f 5633 5661 5584
f 5584 5661 5633
f 5607 5584 5661
f 5661 5584 5607
f 5607 5661 5634
f 5634 5661 5607
f 5608 5634 5662
f 5662 5634 5608
f 5662 5635 5608
f 5608 5635 5662
f 5586 5635 5648
f 5648 5635 5586
f 5663 5587 5636
f 5636 5587 5663
f 5637 5587 5663
f 5663 5587 5637
f 5664 5609 5637
f 5637 5609 5664
f 5609 5664 5638
f 5638 5664 5609
f 5639 5610 5638
f 5638 5610 5639
f 5569 5589 5639
f 5639 5589 5569
f 5640 5643 5611
f 5611 5643 5640
f 5640 5591 5641
f 5641 5591 5640
f 5639 5665 5612
f 5612 5665 5639
f 5641 5612 5666
f 5666 5612 5641
f 5642 5667 5613
f 5613 5667 5642
f 5592 5668 5642
f 5642 5668 5592
f 5613 5669 5614
f 5614 5669 5613
f 5668 5592 5643
f 5643 5592 5668
f 5593 5645 5644
f 5644 5645 5593
f 5669 5645 5614
f 5614 5645 5669
f 5670 5618 5615
f 5615 5618 5670
f 5571 5647 5646
f 5646 5647 5571
f 5615 5646 5671
f 5671 5646 5615
f 5616 5617 5672
f 5672 5617 5616
f 5672 5647 5616
f 5616 5647 5672
f 5617 5648 5673
f 5673 5648 5617
f 5618 5670 5649
f 5649 5670 5618
f 5594 5649 5674
f 5674 5649 5594
f 5650 5594 5674
f 5674 5594 5650
f 5651 5595 5650
f 5650 5595 5651
f 5656 5599 5651
f 5651 5599 5656
f 5675 5652 5596
f 5596 5652 5675
f 5657 5619 5652
f 5652 5619 5657
f 5596 5653 5675
f 5675 5653 5596
f 5598 5655 5653
f 5653 5655 5598
f 5620 5654 5676
f 5676 5654 5620
f 5620 5677 5621
f 5621 5677 5620
f 5621 5678 5655
f 5655 5678 5621
f 5679 5654 5622
f 5622 5654 5679
f 5680 5622 5623
f 5623 5622 5680
f 5681 5623 5624
f 5624 5623 5681
f 5682 5624 5625
f 5625 5624 5682
f 5683 5625 5656
f 5656 5625 5683
f 5684 5628 5626
f 5626 5628 5684
f 5685 5626 5627
f 5627 5626 5685
f 5658 5601 5657
f 5657 5601 5658
f 5686 5627 5658
f 5658 5627 5686
f 5687 5659 5628
f 5628 5659 5687
f 5631 5688 5629
f 5629 5688 5631
f 5632 5629 5689
f 5689 5629 5632
f 5630 5659 5690
f 5690 5659 5630
f 5660 5630 5691
f 5691 5630 5660
f 5631 5660 5692
f 5692 5660 5631
f 5632 5693 5636
f 5636 5693 5632
f 5633 5644 5694
f 5694 5644 5633
f 5661 5633 5695
f 5695 5633 5661
f 5634 5661 5662
f 5662 5661 5634
f 5635 5662 5696
f 5696 5662 5635
f 5696 5648 5635
f 5635 5648 5696
f 5663 5636 5697
f 5697 5636 5663
f 5698 5637 5663
f 5663 5637 5698
f 5637 5698 5664
f 5664 5698 5637
f 5699 5638 5664
f 5664 5638 5699
f 5639 5638 5699
f 5699 5638 5639
f 5640 5668 5643
f 5643 5668 5640
f 5700 5640 5641
f 5641 5640 5700
f 5665 5639 5699
f 5699 5639 5665
f 5666 5612 5665
f 5665 5612 5666
f 5701 5641 5666
f 5666 5641 5701
f 5702 5667 5642
f 5642 5667 5702
f 5669 5613 5667
f 5667 5613 5669
f 5703 5642 5668
f 5668 5642 5703
f 5645 5704 5644
f 5644 5704 5645
f 5705 5645 5669
f 5669 5645 5705
f 5615 5706 5670
f 5670 5706 5615
f 5707 5646 5647
f 5647 5646 5707
f 5646 5708 5671
f 5671 5708 5646
f 5615 5671 5688
f 5688 5671 5615
f 5617 5693 5672
f 5672 5693 5617
f 5647 5672 5707
f 5707 5672 5647
f 5648 5709 5673
f 5673 5709 5648
f 5617 5673 5710
f 5710 5673 5617
f 5711 5649 5670
f 5670 5649 5711
f 5674 5649 5712
f 5712 5649 5674
f 5674 5713 5650
f 5650 5713 5674
f 5650 5714 5651
f 5651 5714 5650
f 5651 5715 5656
f 5656 5715 5651
f 5675 5716 5652
f 5652 5716 5675
f 5652 5717 5657
f 5657 5717 5652
f 5718 5675 5653
f 5653 5675 5718
f 5719 5653 5655
f 5655 5653 5719
f 5720 5676 5654
f 5654 5676 5720
f 5677 5620 5676
f 5676 5620 5677
f 5678 5621 5677
f 5677 5621 5678
f 5721 5655 5678
f 5678 5655 5721
f 5654 5679 5720
f 5720 5679 5654
f 5622 5680 5679
f 5679 5680 5622
f 5623 5681 5680
f 5680 5681 5623
f 5624 5682 5681
f 5681 5682 5624
f 5625 5683 5682
f 5682 5683 5625
f 5656 5722 5683
f 5683 5722 5656
f 5628 5684 5687
f 5687 5684 5628
f 5626 5685 5684
f 5684 5685 5626
f 5627 5686 5685
f 5685 5686 5627
f 5657 5723 5658
f 5658 5723 5657
f 5658 5724 5686
f 5686 5724 5658
f 5659 5687 5725
f 5725 5687 5659
f 5688 5631 5692
f 5692 5631 5688
f 5726 5629 5688
f 5688 5629 5726
f 5689 5629 5726
f 5726 5629 5689
f 5693 5632 5689
f 5689 5632 5693
f 5725 5690 5659
f 5659 5690 5725
f 5690 5691 5630
f 5630 5691 5690
f 5691 5727 5660
f 5660 5727 5691
f 5692 5660 5727
f 5727 5660 5692
f 5728 5636 5693
f 5693 5636 5728
f 5704 5694 5644
f 5644 5694 5704
f 5633 5694 5695
f 5695 5694 5633
f 5695 5729 5661
f 5661 5729 5695
f 5662 5661 5729
f 5729 5661 5662
f 5662 5729 5696
f 5696 5729 5662
f 5648 5696 5730
f 5730 5696 5648
f 5697 5636 5731
f 5731 5636 5697
f 5732 5663 5697
f 5697 5663 5732
f 5663 5732 5698
f 5698 5732 5663
f 5699 5664 5698
f 5698 5664 5699
f 5733 5668 5640
f 5640 5668 5733
f 5640 5700 5734
f 5734 5700 5640
f 5641 5701 5700
f 5700 5701 5641
f 5699 5735 5665
f 5665 5735 5699
f 5666 5665 5735
f 5735 5665 5666
f 5736 5701 5666
f 5666 5701 5736
f 5667 5702 5737
f 5737 5702 5667
f 5642 5703 5702
f 5702 5703 5642
f 5667 5705 5669
f 5669 5705 5667
f 5733 5703 5668
f 5668 5703 5733
f 5704 5645 5738
f 5738 5645 5704
f 5645 5705 5739
f 5739 5705 5645
f 5615 5688 5706
f 5706 5688 5615
f 5670 5706 5740
f 5740 5706 5670
f 5646 5707 5741
f 5741 5707 5646
f 5708 5646 5741
f 5741 5646 5708
f 5742 5671 5708
f 5708 5671 5742
f 5743 5688 5671
f 5671 5688 5743
f 5744 5693 5617
f 5617 5693 5744
f 5672 5693 5745
f 5745 5693 5672
f 5672 5745 5707
f 5707 5745 5672
f 5709 5648 5730
f 5730 5648 5709
f 5746 5673 5709
f 5709 5673 5746
f 5673 5746 5710
f 5710 5746 5673
f 5617 5710 5744
f 5744 5710 5617
f 5649 5711 5712
f 5712 5711 5649
f 5670 5740 5711
f 5711 5740 5670
f 5674 5712 5747
f 5747 5712 5674
f 5713 5674 5748
f 5748 5674 5713
f 5714 5650 5713
f 5713 5650 5714
f 5715 5651 5714
f 5714 5651 5715
f 5722 5656 5715
f 5715 5656 5722
f 5716 5675 5749
f 5749 5675 5716
f 5717 5652 5716
f 5716 5652 5717
f 5723 5657 5717
f 5717 5657 5723
f 5675 5718 5749
f 5749 5718 5675
f 5653 5719 5718
f 5718 5719 5653
f 5655 5721 5719
f 5719 5721 5655
f 5676 5720 5750
f 5750 5720 5676
f 5676 5751 5677
f 5677 5751 5676
f 5677 5752 5678
f 5678 5752 5677
f 5678 5753 5721
f 5721 5753 5678
f 5754 5720 5679
f 5679 5720 5754
f 5755 5679 5680
f 5680 5679 5755
f 5756 5680 5681
f 5681 5680 5756
f 5757 5681 5682
f 5682 5681 5757
f 5758 5682 5683
f 5683 5682 5758
f 5759 5683 5722
f 5722 5683 5759
f 5760 5687 5684
f 5684 5687 5760
f 5761 5684 5685
f 5685 5684 5761
f 5762 5685 5686
f 5686 5685 5762
f 5724 5658 5723
f 5723 5658 5724
f 5763 5686 5724
f 5724 5686 5763
f 5764 5725 5687
f 5687 5725 5764
f 5692 5706 5688
f 5688 5706 5692
f 5726 5688 5743
f 5743 5688 5726
f 5726 5693 5689
f 5689 5693 5726
f 5690 5725 5765
f 5765 5725 5690
f 5691 5690 5766
f 5766 5690 5691
f 5727 5691 5767
f 5767 5691 5727
f 5692 5727 5768
f 5768 5727 5692
f 5731 5636 5728
f 5728 5636 5731
f 5728 5693 5744
f 5744 5693 5728
f 5694 5704 5769
f 5769 5704 5694
f 5695 5694 5770
f 5770 5694 5695
f 5729 5695 5770
f 5770 5695 5729
f 5696 5729 5730
f 5730 5729 5696
f 5731 5732 5697
f 5697 5732 5731
f 5771 5698 5732
f 5732 5698 5771
f 5699 5698 5771
f 5771 5698 5699
f 5734 5733 5640
f 5640 5733 5734
f 5772 5734 5700
f 5700 5734 5772
f 5773 5700 5701
f 5701 5700 5773
f 5735 5699 5771
f 5771 5699 5735
f 5666 5735 5736
f 5736 5735 5666
f 5701 5736 5774
f 5774 5736 5701
f 5702 5705 5737
f 5737 5705 5702
f 5705 5667 5737
f 5737 5667 5705
f 5705 5702 5703
f 5703 5702 5705
f 5733 5705 5703
f 5703 5705 5733
f 5739 5738 5645
f 5645 5738 5739
f 5738 5775 5704
f 5704 5775 5738
f 5733 5739 5705
f 5705 5739 5733
f 5768 5740 5706
f 5706 5740 5768
f 5707 5742 5741
f 5741 5742 5707
f 5741 5742 5708
f 5708 5742 5741
f 5671 5742 5743
f 5743 5742 5671
f 5693 5726 5745
f 5745 5726 5693
f 5707 5745 5742
f 5742 5745 5707
f 5730 5776 5709
f 5709 5776 5730
f 5709 5776 5746
f 5746 5776 5709
f 5777 5710 5746
f 5746 5710 5777
f 5710 5777 5744
f 5744 5777 5710
f 5778 5712 5711
f 5711 5712 5778
f 5711 5740 5778
f 5778 5740 5711
f 5712 5778 5747
f 5747 5778 5712
f 5747 5779 5674
f 5674 5779 5747
f 5674 5779 5748
f 5748 5779 5674
f 5748 5780 5713
f 5713 5780 5748
f 5713 5781 5714
f 5714 5781 5713
f 5714 5782 5715
f 5715 5782 5714
f 5715 5783 5722
f 5722 5783 5715
f 5718 5716 5749
f 5749 5716 5718
f 5716 5718 5717
f 5717 5718 5716
f 5717 5719 5723
f 5723 5719 5717
f 5719 5717 5718
f 5718 5717 5719
f 5721 5723 5719
f 5719 5723 5721
f 5784 5750 5720
f 5720 5750 5784
f 5751 5676 5750
f 5750 5676 5751
f 5752 5677 5751
f 5751 5677 5752
f 5753 5678 5752
f 5752 5678 5753
f 5753 5724 5721
f 5721 5724 5753
f 5720 5754 5784
f 5784 5754 5720
f 5679 5755 5754
f 5754 5755 5679
f 5680 5756 5755
f 5755 5756 5680
f 5681 5757 5756
f 5756 5757 5681
f 5682 5758 5757
f 5757 5758 5682
f 5683 5759 5758
f 5758 5759 5683
f 5722 5785 5759
f 5759 5785 5722
f 5687 5760 5764
f 5764 5760 5687
f 5684 5761 5760
f 5760 5761 5684
f 5685 5762 5761
f 5761 5762 5685
f 5686 5763 5762
f 5762 5763 5686
f 5723 5721 5724
f 5724 5721 5723
f 5724 5753 5763
f 5763 5753 5724
f 5725 5764 5786
f 5786 5764 5725
f 5706 5692 5768
f 5768 5692 5706
f 5743 5745 5726
f 5726 5745 5743
f 5786 5765 5725
f 5725 5765 5786
f 5765 5766 5690
f 5690 5766 5765
f 5766 5767 5691
f 5691 5767 5766
f 5787 5727 5767
f 5767 5727 5787
f 5768 5727 5788
f 5788 5727 5768
f 5728 5789 5731
f 5731 5789 5728
f 5744 5790 5728
f 5728 5790 5744
f 5704 5791 5769
f 5769 5791 5704
f 5769 5792 5694
f 5694 5792 5769
f 5770 5694 5792
f 5792 5694 5770
f 5770 5776 5729
f 5729 5776 5770
f 5730 5729 5776
f 5776 5729 5730
f 5732 5731 5789
f 5789 5731 5732
f 5771 5732 5789
f 5789 5732 5771
f 5733 5734 5793
f 5793 5734 5733
f 5794 5734 5772
f 5772 5734 5794
f 5772 5700 5773
f 5773 5700 5772
f 5773 5701 5774
f 5774 5701 5773
f 5771 5795 5735
f 5735 5795 5771
f 5736 5735 5795
f 5795 5735 5736
f 5796 5774 5736
f 5736 5774 5796
f 5738 5739 5797
f 5797 5739 5738
f 5738 5798 5775
f 5775 5798 5738
f 5704 5775 5791
f 5791 5775 5704
f 5799 5739 5733
f 5733 5739 5799
f 5740 5768 5788
f 5788 5768 5740
f 5745 5743 5742
f 5742 5743 5745
f 5746 5776 5777
f 5777 5776 5746
f 5790 5744 5777
f 5777 5744 5790
f 5788 5778 5740
f 5740 5778 5788
f 5778 5788 5747
f 5747 5788 5778
f 5788 5779 5747
f 5747 5779 5788
f 5748 5779 5800
f 5800 5779 5748
f 5780 5748 5801
f 5801 5748 5780
f 5781 5713 5780
f 5780 5713 5781
f 5782 5714 5781
f 5781 5714 5782
f 5783 5715 5782
f 5782 5715 5783
f 5785 5722 5783
f 5783 5722 5785
f 5750 5784 5802
f 5802 5784 5750
f 5750 5803 5751
f 5751 5803 5750
f 5751 5804 5752
f 5752 5804 5751
f 5752 5805 5753
f 5753 5805 5752
f 5806 5784 5754
f 5754 5784 5806
f 5807 5754 5755
f 5755 5754 5807
f 5808 5755 5756
f 5756 5755 5808
f 5809 5756 5757
f 5757 5756 5809
f 5810 5757 5758
f 5758 5757 5810
f 5811 5758 5759
f 5759 5758 5811
f 5812 5759 5785
f 5785 5759 5812
f 5813 5764 5760
f 5760 5764 5813
f 5814 5760 5761
f 5761 5760 5814
f 5815 5761 5762
f 5762 5761 5815
f 5816 5762 5763
f 5763 5762 5816
f 5805 5763 5753
f 5753 5763 5805
f 5817 5786 5764
f 5764 5786 5817
f 5765 5786 5818
f 5818 5786 5765
f 5766 5765 5819
f 5819 5765 5766
f 5767 5766 5820
f 5820 5766 5767
f 5727 5787 5779
f 5779 5787 5727
f 5767 5821 5787
f 5787 5821 5767
f 5788 5727 5779
f 5779 5727 5788
f 5789 5728 5790
f 5790 5728 5789
f 5769 5791 5822
f 5822 5791 5769
f 5792 5769 5822
f 5822 5769 5792
f 5770 5792 5823
f 5823 5792 5770
f 5776 5770 5823
f 5823 5770 5776
f 5771 5789 5790
f 5790 5789 5771
f 5794 5793 5734
f 5734 5793 5794
f 5793 5799 5733
f 5733 5799 5793
f 5824 5794 5772
f 5772 5794 5824
f 5825 5772 5773
f 5773 5772 5825
f 5773 5774 5826
f 5826 5774 5773
f 5795 5771 5827
f 5827 5771 5795
f 5736 5795 5828
f 5828 5795 5736
f 5774 5796 5829
f 5829 5796 5774
f 5736 5828 5796
f 5796 5828 5736
f 5830 5797 5739
f 5739 5797 5830
f 5797 5798 5738
f 5738 5798 5797
f 5831 5775 5798
f 5798 5775 5831
f 5832 5791 5775
f 5775 5791 5832
f 5799 5830 5739
f 5739 5830 5799
f 5827 5777 5776
f 5776 5777 5827
f 5827 5790 5777
f 5777 5790 5827
f 5779 5833 5800
f 5800 5833 5779
f 5748 5800 5801
f 5801 5800 5748
f 5834 5780 5801
f 5801 5780 5834
f 5835 5781 5780
f 5780 5781 5835
f 5836 5782 5781
f 5781 5782 5836
f 5837 5783 5782
f 5782 5783 5837
f 5838 5785 5783
f 5783 5785 5838
f 5839 5802 5784
f 5784 5802 5839
f 5803 5750 5802
f 5802 5750 5803
f 5804 5751 5803
f 5803 5751 5804
f 5805 5752 5804
f 5804 5752 5805
f 5784 5806 5839
f 5839 5806 5784
f 5754 5807 5806
f 5806 5807 5754
f 5755 5808 5807
f 5807 5808 5755
f 5756 5809 5808
f 5808 5809 5756
f 5757 5810 5809
f 5809 5810 5757
f 5758 5811 5810
f 5810 5811 5758
f 5759 5812 5811
f 5811 5812 5759
f 5840 5812 5785
f 5785 5812 5840
f 5764 5813 5817
f 5817 5813 5764
f 5760 5814 5813
f 5813 5814 5760
f 5761 5815 5814
f 5814 5815 5761
f 5762 5816 5815
f 5815 5816 5762
f 5763 5805 5816
f 5816 5805 5763
f 5786 5817 5841
f 5841 5817 5786
f 5841 5818 5786
f 5786 5818 5841
f 5818 5819 5765
f 5765 5819 5818
f 5819 5820 5766
f 5766 5820 5819
f 5821 5767 5820
f 5820 5767 5821
f 5833 5779 5787
f 5787 5779 5833
f 5842 5787 5821
f 5821 5787 5842
f 5822 5791 5843
f 5843 5791 5822
f 5822 5844 5792
f 5792 5844 5822
f 5823 5792 5844
f 5844 5792 5823
f 5823 5845 5776
f 5776 5845 5823
f 5771 5790 5827
f 5827 5790 5771
f 5794 5846 5793
f 5793 5846 5794
f 5799 5793 5846
f 5846 5793 5799
f 5794 5824 5847
f 5847 5824 5794
f 5772 5825 5824
f 5824 5825 5772
f 5773 5848 5825
f 5825 5848 5773
f 5826 5774 5829
f 5829 5774 5826
f 5848 5773 5826
f 5826 5773 5848
f 5827 5828 5795
f 5795 5828 5827
f 5849 5829 5796
f 5796 5829 5849
f 5796 5828 5850
f 5850 5828 5796
f 5797 5830 5851
f 5851 5830 5797
f 5851 5798 5797
f 5797 5798 5851
f 5775 5831 5832
f 5832 5831 5775
f 5798 5852 5831
f 5831 5852 5798
f 5791 5832 5853
f 5853 5832 5791
f 5854 5830 5799
f 5799 5830 5854
f 5827 5776 5845
f 5845 5776 5827
f 5835 5800 5833
f 5833 5800 5835
f 5801 5800 5834
f 5834 5800 5801
f 5780 5834 5835
f 5835 5834 5780
f 5781 5835 5836
f 5836 5835 5781
f 5782 5836 5837
f 5837 5836 5782
f 5783 5837 5838
f 5838 5837 5783
f 5785 5838 5840
f 5840 5838 5785
f 5802 5839 5855
f 5855 5839 5802
f 5802 5856 5803
f 5803 5856 5802
f 5803 5857 5804
f 5804 5857 5803
f 5804 5858 5805
f 5805 5858 5804
f 5859 5839 5806
f 5806 5839 5859
f 5860 5806 5807
f 5807 5806 5860
f 5861 5807 5808
f 5808 5807 5861
f 5862 5808 5809
f 5809 5808 5862
f 5863 5809 5810
f 5810 5809 5863
f 5811 5863 5810
f 5810 5863 5811
f 5812 5864 5811
f 5811 5864 5812
f 5812 5840 5865
f 5865 5840 5812
f 5866 5817 5813
f 5813 5817 5866
f 5867 5813 5814
f 5814 5813 5867
f 5868 5814 5815
f 5815 5814 5868
f 5869 5815 5816
f 5816 5815 5869
f 5858 5816 5805
f 5805 5816 5858
f 5870 5841 5817
f 5817 5841 5870
f 5818 5841 5871
f 5871 5841 5818
f 5819 5818 5872
f 5872 5818 5819
f 5820 5819 5873
f 5873 5819 5820
f 5820 5874 5821
f 5821 5874 5820
f 5787 5842 5833
f 5833 5842 5787
f 5821 5875 5842
f 5842 5875 5821
f 5853 5843 5791
f 5791 5843 5853
f 5822 5843 5876
f 5876 5843 5822
f 5844 5822 5876
f 5876 5822 5844
f 5823 5844 5877
f 5877 5844 5823
f 5845 5823 5877
f 5877 5823 5845
f 5878 5846 5794
f 5794 5846 5878
f 5846 5854 5799
f 5799 5854 5846
f 5879 5847 5824
f 5824 5847 5879
f 5847 5878 5794
f 5794 5878 5847
f 5880 5824 5825
f 5825 5824 5880
f 5881 5825 5848
f 5848 5825 5881
f 5826 5829 5882
f 5882 5829 5826
f 5826 5883 5848
f 5848 5883 5826
f 5828 5827 5884
f 5884 5827 5828
f 5829 5849 5885
f 5885 5849 5829
f 5796 5886 5849
f 5849 5886 5796
f 5884 5850 5828
f 5828 5850 5884
f 5796 5850 5887
f 5887 5850 5796
f 5888 5851 5830
f 5830 5851 5888
f 5851 5889 5798
f 5798 5889 5851
f 5890 5832 5831
f 5831 5832 5890
f 5852 5798 5889
f 5889 5798 5852
f 5891 5831 5852
f 5852 5831 5891
f 5892 5853 5832
f 5832 5853 5892
f 5854 5888 5830
f 5830 5888 5854
f 5827 5845 5884
f 5884 5845 5827
f 5800 5835 5834
f 5834 5835 5800
f 5833 5836 5835
f 5835 5836 5833
f 5842 5837 5836
f 5836 5837 5842
f 5875 5838 5837
f 5837 5838 5875
f 5893 5840 5838
f 5838 5840 5893
f 5894 5855 5839
f 5839 5855 5894
f 5856 5802 5855
f 5855 5802 5856
f 5857 5803 5856
f 5856 5803 5857
f 5858 5804 5857
f 5857 5804 5858
f 5839 5859 5894
f 5894 5859 5839
f 5806 5860 5859
f 5859 5860 5806
f 5807 5861 5860
f 5860 5861 5807
f 5808 5862 5861
f 5861 5862 5808
f 5809 5863 5862
f 5862 5863 5809
f 5863 5811 5864
f 5864 5811 5863
f 5864 5812 5895
f 5895 5812 5864
f 5896 5865 5840
f 5840 5865 5896
f 5897 5812 5865
f 5865 5812 5897
f 5817 5866 5870
f 5870 5866 5817
f 5813 5867 5866
f 5866 5867 5813
f 5814 5868 5867
f 5867 5868 5814
f 5815 5869 5868
f 5868 5869 5815
f 5816 5858 5869
f 5869 5858 5816
f 5841 5870 5898
f 5898 5870 5841
f 5898 5871 5841
f 5841 5871 5898
f 5871 5872 5818
f 5818 5872 5871
f 5872 5873 5819
f 5819 5873 5872
f 5874 5820 5873
f 5873 5820 5874
f 5875 5821 5874
f 5874 5821 5875
f 5836 5833 5842
f 5842 5833 5836
f 5837 5842 5875
f 5875 5842 5837
f 5843 5853 5899
f 5899 5853 5843
f 5876 5843 5900
f 5900 5843 5876
f 5876 5886 5844
f 5844 5886 5876
f 5877 5844 5901
f 5901 5844 5877
f 5901 5845 5877
f 5877 5845 5901
f 5878 5902 5846
f 5846 5902 5878
f 5854 5846 5902
f 5902 5846 5854
f 5847 5879 5903
f 5903 5879 5847
f 5824 5880 5879
f 5879 5880 5824
f 5878 5847 5904
f 5904 5847 5878
f 5825 5881 5880
f 5880 5881 5825
f 5848 5905 5881
f 5881 5905 5848
f 5882 5829 5885
f 5885 5829 5882
f 5883 5826 5882
f 5882 5826 5883
f 5905 5848 5883
f 5883 5848 5905
f 5906 5885 5849
f 5849 5885 5906
f 5887 5886 5796
f 5796 5886 5887
f 5849 5886 5907
f 5907 5886 5849
f 5850 5884 5908
f 5908 5884 5850
f 5908 5887 5850
f 5850 5887 5908
f 5851 5888 5909
f 5909 5888 5851
f 5909 5889 5851
f 5851 5889 5909
f 5832 5890 5892
f 5892 5890 5832
f 5831 5891 5890
f 5890 5891 5831
f 5889 5910 5852
f 5852 5910 5889
f 5852 5911 5891
f 5891 5911 5852
f 5853 5892 5912
f 5912 5892 5853
f 5913 5888 5854
f 5854 5888 5913
f 5884 5845 5914
f 5914 5845 5884
f 5838 5875 5893
f 5893 5875 5838
f 5840 5893 5896
f 5896 5893 5840
f 5855 5894 5915
f 5915 5894 5855
f 5915 5856 5855
f 5855 5856 5915
f 5916 5857 5856
f 5856 5857 5916
f 5917 5858 5857
f 5857 5858 5917
f 5918 5894 5859
f 5859 5894 5918
f 5919 5859 5860
f 5860 5859 5919
f 5920 5860 5861
f 5861 5860 5920
f 5921 5861 5862
f 5862 5861 5921
f 5922 5862 5863
f 5863 5862 5922
f 5864 5922 5863
f 5863 5922 5864
f 5812 5897 5895
f 5895 5897 5812
f 5895 5923 5864
f 5864 5923 5895
f 5865 5896 5924
f 5924 5896 5865
f 5865 5925 5897
f 5897 5925 5865
f 5926 5870 5866
f 5866 5870 5926
f 5927 5866 5867
f 5867 5866 5927
f 5868 5927 5867
f 5867 5927 5868
f 5869 5928 5868
f 5868 5928 5869
f 5858 5929 5869
f 5869 5929 5858
f 5930 5898 5870
f 5870 5898 5930
f 5871 5898 5931
f 5931 5898 5871
f 5872 5871 5932
f 5932 5871 5872
f 5873 5872 5933
f 5933 5872 5873
f 5873 5934 5874
f 5874 5934 5873
f 5874 5893 5875
f 5875 5893 5874
f 5912 5899 5853
f 5853 5899 5912
f 5899 5900 5843
f 5843 5900 5899
f 5876 5900 5935
f 5935 5900 5876
f 5886 5876 5935
f 5935 5876 5886
f 5936 5844 5886
f 5886 5844 5936
f 5901 5844 5936
f 5936 5844 5901
f 5845 5901 5914
f 5914 5901 5845
f 5878 5937 5902
f 5902 5937 5878
f 5902 5913 5854
f 5854 5913 5902
f 5938 5903 5879
f 5879 5903 5938
f 5903 5904 5847
f 5847 5904 5903
f 5939 5879 5880
f 5880 5879 5939
f 5904 5940 5878
f 5878 5940 5904
f 5941 5880 5881
f 5881 5880 5941
f 5942 5881 5905
f 5905 5881 5942
f 5882 5885 5943
f 5943 5885 5882
f 5882 5944 5883
f 5883 5944 5882
f 5883 5945 5905
f 5905 5945 5883
f 5885 5906 5943
f 5943 5906 5885
f 5849 5907 5906
f 5906 5907 5849
f 5936 5886 5887
f 5887 5886 5936
f 5935 5907 5886
f 5886 5907 5935
f 5884 5914 5908
f 5908 5914 5884
f 5887 5908 5946
f 5946 5908 5887
f 5947 5909 5888
f 5888 5909 5947
f 5948 5889 5909
f 5909 5889 5948
f 5949 5892 5890
f 5890 5892 5949
f 5950 5890 5891
f 5891 5890 5950
f 5910 5889 5951
f 5951 5889 5910
f 5911 5852 5910
f 5910 5852 5911
f 5952 5891 5911
f 5911 5891 5952
f 5953 5912 5892
f 5892 5912 5953
f 5888 5913 5947
f 5947 5913 5888
f 5934 5896 5893
f 5893 5896 5934
f 5954 5915 5894
f 5894 5915 5954
f 5856 5915 5916
f 5916 5915 5856
f 5857 5916 5917
f 5917 5916 5857
f 5858 5917 5955
f 5955 5917 5858
f 5894 5918 5954
f 5954 5918 5894
f 5859 5919 5918
f 5918 5919 5859
f 5860 5920 5919
f 5919 5920 5860
f 5861 5921 5920
f 5920 5921 5861
f 5862 5922 5921
f 5921 5922 5862
f 5922 5864 5923
f 5923 5864 5922
f 5956 5895 5897
f 5897 5895 5956
f 5923 5895 5957
f 5957 5895 5923
f 5958 5924 5896
f 5896 5924 5958
f 5925 5865 5924
f 5924 5865 5925
f 5959 5897 5925
f 5925 5897 5959
f 5870 5926 5930
f 5930 5926 5870
f 5866 5927 5926
f 5926 5927 5866
f 5927 5868 5928
f 5928 5868 5927
f 5928 5869 5929
f 5929 5869 5928
f 5929 5858 5955
f 5955 5858 5929
f 5898 5930 5960
f 5960 5930 5898
f 5960 5931 5898
f 5898 5931 5960
f 5931 5932 5871
f 5871 5932 5931
f 5932 5933 5872
f 5872 5933 5932
f 5934 5873 5933
f 5933 5873 5934
f 5893 5874 5934
f 5934 5874 5893
f 5899 5912 5961
f 5961 5912 5899
f 5900 5899 5962
f 5962 5899 5900
f 5935 5900 5963
f 5963 5900 5935
f 5936 5914 5901
f 5901 5914 5936
f 5940 5937 5878
f 5878 5937 5940
f 5913 5902 5937
f 5937 5902 5913
f 5903 5938 5964
f 5964 5938 5903
f 5879 5939 5938
f 5938 5939 5879
f 5904 5903 5965
f 5965 5903 5904
f 5880 5941 5939
f 5939 5941 5880
f 5940 5904 5966
f 5966 5904 5940
f 5881 5942 5941
f 5941 5942 5881
f 5905 5967 5942
f 5942 5967 5905
f 5882 5943 5968
f 5968 5943 5882
f 5944 5882 5968
f 5968 5882 5944
f 5945 5883 5944
f 5944 5883 5945
f 5967 5905 5945
f 5945 5905 5967
f 5969 5943 5906
f 5906 5943 5969
f 5906 5907 5970
f 5970 5907 5906
f 5946 5936 5887
f 5887 5936 5946
f 5907 5935 5963
f 5963 5935 5907
f 5908 5914 5971
f 5971 5914 5908
f 5908 5971 5946
f 5946 5971 5908
f 5909 5947 5948
f 5948 5947 5909
f 5948 5951 5889
f 5889 5951 5948
f 5892 5949 5953
f 5953 5949 5892
f 5890 5950 5949
f 5949 5950 5890
f 5891 5952 5950
f 5950 5952 5891
f 5951 5972 5910
f 5910 5972 5951
f 5910 5973 5911
f 5911 5973 5910
f 5911 5974 5952
f 5952 5974 5911
f 5912 5953 5975
f 5975 5953 5912
f 5913 5948 5947
f 5947 5948 5913
f 5896 5934 5958
f 5958 5934 5896
f 5915 5954 5976
f 5976 5954 5915
f 5976 5916 5915
f 5915 5916 5976
f 5977 5917 5916
f 5916 5917 5977
f 5978 5955 5917
f 5917 5955 5978
f 5953 5954 5918
f 5918 5954 5953
f 5975 5918 5919
f 5919 5918 5975
f 5979 5919 5920
f 5920 5919 5979
f 5980 5920 5921
f 5921 5920 5980
f 5981 5921 5922
f 5922 5921 5981
f 5923 5981 5922
f 5922 5981 5923
f 5895 5956 5957
f 5957 5956 5895
f 5897 5959 5956
f 5956 5959 5897
f 5957 5982 5923
f 5923 5982 5957
f 5924 5958 5983
f 5983 5958 5924
f 5924 5984 5925
f 5925 5984 5924
f 5925 5985 5959
f 5959 5985 5925
f 5986 5930 5926
f 5926 5930 5986
f 5987 5926 5927
f 5927 5926 5987
f 5928 5987 5927
f 5927 5987 5928
f 5929 5988 5928
f 5928 5988 5929
f 5955 5989 5929
f 5929 5989 5955
f 5990 5960 5930
f 5930 5960 5990
f 5931 5960 5991
f 5991 5960 5931
f 5932 5931 5992
f 5992 5931 5932
f 5933 5932 5993
f 5993 5932 5933
f 5933 5958 5934
f 5934 5958 5933
f 5975 5961 5912
f 5912 5961 5975
f 5961 5962 5899
f 5899 5962 5961
f 5962 5994 5900
f 5900 5994 5962
f 5963 5900 5994
f 5994 5900 5963
f 5914 5936 5971
f 5971 5936 5914
f 5937 5940 5948
f 5948 5940 5937
f 5948 5913 5937
f 5937 5913 5948
f 5995 5964 5938
f 5938 5964 5995
f 5964 5965 5903
f 5903 5965 5964
f 5996 5938 5939
f 5939 5938 5996
f 5965 5966 5904
f 5904 5966 5965
f 5997 5939 5941
f 5941 5939 5997
f 5998 5940 5966
f 5966 5940 5998
f 5999 5941 5942
f 5942 5941 5999
f 5985 5942 5967
f 5967 5942 5985
f 5968 5943 6000
f 6000 5943 5968
f 5968 6001 5944
f 5944 6001 5968
f 5944 6002 5945
f 5945 6002 5944
f 5945 6003 5967
f 5967 6003 5945
f 5943 5969 6000
f 6000 5969 5943
f 5906 5970 5969
f 5969 5970 5906
f 5963 5970 5907
f 5907 5970 5963
f 5936 5946 5971
f 5971 5946 5936
f 5940 5951 5948
f 5948 5951 5940
f 5954 5953 5949
f 5949 5953 5954
f 5976 5949 5950
f 5950 5949 5976
f 5977 5950 5952
f 5952 5950 5977
f 5972 5951 6004
f 6004 5951 5972
f 5973 5910 5972
f 5972 5910 5973
f 5974 5911 5973
f 5973 5911 5974
f 5978 5952 5974
f 5974 5952 5978
f 5918 5975 5953
f 5953 5975 5918
f 5949 5976 5954
f 5954 5976 5949
f 5916 5976 5977
f 5977 5976 5916
f 5917 5977 5978
f 5978 5977 5917
f 5955 5978 6005
f 6005 5978 5955
f 5919 5979 5975
f 5975 5979 5919
f 5920 5980 5979
f 5979 5980 5920
f 5921 5981 5980
f 5980 5981 5921
f 5981 5923 5982
f 5982 5923 5981
f 6006 5957 5956
f 5956 5957 6006
f 6003 5956 5959
f 5959 5956 6003
f 5982 5957 6007
f 6007 5957 5982
f 5993 5983 5958
f 5958 5983 5993
f 5984 5924 5983
f 5983 5924 5984
f 5985 5925 5984
f 5984 5925 5985
f 5967 5959 5985
f 5985 5959 5967
f 5930 5986 5990
f 5990 5986 5930
f 5926 5987 5986
f 5986 5987 5926
f 5987 5928 5988
f 5988 5928 5987
f 5988 5929 5989
f 5989 5929 5988
f 5989 5955 6005
f 6005 5955 5989
f 5960 5990 5995
f 5995 5990 5960
f 5995 5991 5960
f 5960 5991 5995
f 5991 5992 5931
f 5931 5992 5991
f 5992 5993 5932
f 5932 5993 5992
f 5958 5933 5993
f 5993 5933 5958
f 5961 5975 5979
f 5979 5975 5961
f 5962 5961 6008
f 6008 5961 5962
f 5994 5962 6009
f 6009 5962 5994
f 5963 5994 6010
f 6010 5994 5963
f 5964 5995 5990
f 5990 5995 5964
f 5938 5996 5995
f 5995 5996 5938
f 5965 5964 6011
f 6011 5964 5965
f 5939 5997 5996
f 5996 5997 5939
f 5966 5965 6012
f 6012 5965 5966
f 5941 5999 5997
f 5997 5999 5941
f 5940 5998 6013
f 6013 5998 5940
f 5966 6014 5998
f 5998 6014 5966
f 5942 5985 5999
f 5999 5985 5942
f 5968 6000 5994
f 5994 6000 5968
f 6001 5968 6015
f 6015 5968 6001
f 6002 5944 6001
f 6001 5944 6002
f 6003 5945 6002
f 6002 5945 6003
f 5959 5967 6003
f 6003 5967 5959
f 5969 6010 6000
f 6000 6010 5969
f 6010 5969 5970
f 5970 5969 6010
f 5970 5963 6010
f 6010 5963 5970
f 6013 5951 5940
f 5940 5951 6013
f 5950 5977 5976
f 5976 5977 5950
f 5952 5978 5977
f 5977 5978 5952
f 6013 6004 5951
f 5951 6004 6013
f 6004 6016 5972
f 5972 6016 6004
f 5972 6017 5973
f 5973 6017 5972
f 5973 6018 5974
f 5974 6018 5973
f 5974 6005 5978
f 5978 6005 5974
f 6008 5979 5980
f 5980 5979 6008
f 6019 5980 5981
f 5981 5980 6019
f 5982 6019 5981
f 5981 6019 5982
f 5957 6006 6007
f 6007 6006 5957
f 5956 6003 6006
f 6006 6003 5956
f 6007 6020 5982
f 5982 6020 6007
f 5983 5993 6021
f 6021 5993 5983
f 5983 6022 5984
f 5984 6022 5983
f 5984 5999 5985
f 5985 5999 5984
f 6011 5990 5986
f 5986 5990 6011
f 6023 5986 5987
f 5987 5986 6023
f 5988 6023 5987
f 5987 6023 5988
f 5989 6024 5988
f 5988 6024 5989
f 6005 6025 5989
f 5989 6025 6005
f 5991 5995 5996
f 5996 5995 5991
f 5992 5991 6026
f 6026 5991 5992
f 5993 5992 6021
f 6021 5992 5993
f 5979 6008 5961
f 5961 6008 5979
f 6008 6009 5962
f 5962 6009 6008
f 6027 5994 6009
f 6009 5994 6027
f 6010 5994 6000
f 6000 5994 6010
f 5990 6011 5964
f 5964 6011 5990
f 6011 6012 5965
f 5965 6012 6011
f 6026 5996 5997
f 5997 5996 6026
f 6014 5966 6012
f 6012 5966 6014
f 6022 5997 5999
f 5999 5997 6022
f 6028 6013 5998
f 5998 6013 6028
f 6029 5998 6014
f 6014 5998 6029
f 5968 5994 6030
f 6030 5994 5968
f 5968 6030 6015
f 6015 6030 5968
f 6015 6031 6001
f 6001 6031 6015
f 6001 6032 6002
f 6002 6032 6001
f 6002 6006 6003
f 6003 6006 6002
f 6033 6004 6013
f 6013 6004 6033
f 6016 6004 6034
f 6034 6004 6016
f 6017 5972 6016
f 6016 5972 6017
f 6018 5973 6017
f 6017 5973 6018
f 6005 5974 6018
f 6018 5974 6005
f 5980 6019 6008
f 6008 6019 5980
f 6019 5982 6020
f 6020 5982 6019
f 6032 6007 6006
f 6006 6007 6032
f 6020 6007 6035
f 6035 6007 6020
f 6022 5983 6021
f 6021 5983 6022
f 5999 5984 6022
f 6022 5984 5999
f 5986 6023 6011
f 6011 6023 5986
f 6023 5988 6024
f 6024 5988 6023
f 6024 5989 6025
f 6025 5989 6024
f 6025 6005 6018
f 6018 6005 6025
f 5996 6026 5991
f 5991 6026 5996
f 6026 6021 5992
f 5992 6021 6026
f 6009 6008 6019
f 6019 6008 6009
f 5994 6027 6030
f 6030 6027 5994
f 6009 6020 6027
f 6027 6020 6009
f 6012 6011 6023
f 6023 6011 6012
f 5997 6022 6026
f 6026 6022 5997
f 6012 6024 6014
f 6014 6024 6012
f 6013 6028 6033
f 6033 6028 6013
f 5998 6029 6028
f 6028 6029 5998
f 6014 6025 6029
f 6029 6025 6014
f 6015 6030 6036
f 6036 6030 6015
f 6031 6015 6037
f 6037 6015 6031
f 6032 6001 6031
f 6031 6001 6032
f 6006 6002 6032
f 6032 6002 6006
f 6004 6033 6034
f 6034 6033 6004
f 6033 6016 6034
f 6034 6016 6033
f 6028 6017 6016
f 6016 6017 6028
f 6029 6018 6017
f 6017 6018 6029
f 6020 6009 6019
f 6019 6009 6020
f 6007 6032 6035
f 6035 6032 6007
f 6035 6027 6020
f 6020 6027 6035
f 6021 6026 6022
f 6022 6026 6021
f 6024 6012 6023
f 6023 6012 6024
f 6025 6014 6024
f 6024 6014 6025
f 6018 6029 6025
f 6025 6029 6018
f 6038 6030 6027
f 6027 6030 6038
f 6016 6033 6028
f 6028 6033 6016
f 6017 6028 6029
f 6029 6028 6017
f 6030 6038 6036
f 6036 6038 6030
f 6015 6036 6037
f 6037 6036 6015
f 6037 6038 6031
f 6031 6038 6037
f 6031 6035 6032
f 6032 6035 6031
f 6027 6035 6038
f 6038 6035 6027
f 6038 6037 6036
f 6036 6037 6038
f 6035 6031 6038
f 6038 6031 6035
f 6039 6040 6041
f 6040 6039 6042
f 6041 6040 6039
f 6042 6039 6040
f 6040 6043 6041
f 6041 6043 6040
f 6041 6044 6039
f 6039 6044 6041
f 6039 6045 6042
f 6042 6045 6039
f 6046 6040 6042
f 6042 6040 6046
f 6040 6047 6043
f 6043 6047 6040
f 6041 6043 6048
f 6048 6043 6041
f 6044 6041 6049
f 6049 6041 6044
f 6044 6050 6039
f 6039 6050 6044
f 6039 6050 6045
f 6045 6050 6039
f 6042 6045 6051
f 6051 6045 6042
f 6040 6046 6052
f 6052 6046 6040
f 6042 6051 6046
f 6046 6051 6042
f 6047 6040 6052
f 6052 6040 6047
f 6047 6053 6043
f 6043 6053 6047
f 6043 6054 6048
f 6048 6054 6043
f 6041 6048 6049
f 6049 6048 6041
f 6055 6044 6049
f 6049 6044 6055
f 6044 6056 6050
f 6050 6056 6044
f 6050 6057 6045
f 6045 6057 6050
f 6045 6058 6051
f 6051 6058 6045
f 6052 6046 6059
f 6059 6046 6052
f 6060 6046 6051
f 6051 6046 6060
f 6052 6061 6047
f 6047 6061 6052
f 6053 6047 6062
f 6062 6047 6053
f 6043 6053 6063
f 6063 6053 6043
f 6054 6043 6064
f 6064 6043 6054
f 6048 6054 6065
f 6065 6054 6048
f 6049 6048 6066
f 6066 6048 6049
f 6067 6044 6055
f 6055 6044 6067
f 6049 6068 6055
f 6055 6068 6049
f 6069 6056 6044
f 6044 6056 6069
f 6056 6070 6050
f 6050 6070 6056
f 6057 6050 6070
f 6070 6050 6057
f 6058 6045 6057
f 6057 6045 6058
f 6051 6058 6060
f 6060 6058 6051
f 6046 6060 6059
f 6059 6060 6046
f 6061 6052 6059
f 6059 6052 6061
f 6047 6061 6071
f 6071 6061 6047
f 6047 6072 6062
f 6062 6072 6047
f 6062 6073 6053
f 6053 6073 6062
f 6053 6074 6063
f 6063 6074 6053
f 6043 6063 6075
f 6075 6063 6043
f 6043 6075 6064
f 6064 6075 6043
f 6064 6076 6054
f 6054 6076 6064
f 6054 6077 6065
f 6065 6077 6054
f 6048 6065 6078
f 6078 6065 6048
f 6048 6079 6066
f 6066 6079 6048
f 6049 6066 6080
f 6080 6066 6049
f 6044 6067 6069
f 6069 6067 6044
f 6068 6067 6055
f 6055 6067 6068
f 6049 6081 6068
f 6068 6081 6049
f 6082 6056 6069
f 6069 6056 6082
f 6070 6056 6083
f 6083 6056 6070
f 6070 6084 6057
f 6057 6084 6070
f 6084 6058 6057
f 6057 6058 6084
f 6058 6085 6060
f 6060 6085 6058
f 6059 6060 6085
f 6085 6060 6059
f 6059 6085 6061
f 6061 6085 6059
f 6061 6086 6071
f 6071 6086 6061
f 6047 6071 6072
f 6072 6071 6047
f 6072 6073 6062
f 6062 6073 6072
f 6087 6053 6073
f 6073 6053 6087
f 6053 6087 6074
f 6074 6087 6053
f 6088 6063 6074
f 6074 6063 6088
f 6063 6088 6075
f 6075 6088 6063
f 6075 6076 6064
f 6064 6076 6075
f 6089 6054 6076
f 6076 6054 6089
f 6054 6089 6077
f 6077 6089 6054
f 6090 6065 6077
f 6077 6065 6090
f 6065 6090 6078
f 6078 6090 6065
f 6048 6078 6091
f 6091 6078 6048
f 6048 6092 6079
f 6079 6092 6048
f 6093 6066 6079
f 6079 6066 6093
f 6080 6066 6094
f 6094 6066 6080
f 6080 6095 6049
f 6049 6095 6080
f 6081 6069 6067
f 6067 6069 6081
f 6081 6067 6068
f 6068 6067 6081
f 6049 6096 6081
f 6081 6096 6049
f 6056 6082 6097
f 6097 6082 6056
f 6056 6098 6083
f 6083 6098 6056
f 6083 6099 6070
f 6070 6099 6083
f 6084 6070 6099
f 6099 6070 6084
f 6058 6084 6100
f 6100 6084 6058
f 6085 6058 6101
f 6101 6058 6085
f 6086 6061 6085
f 6085 6061 6086
f 6102 6071 6086
f 6086 6071 6102
f 6071 6102 6072
f 6072 6102 6071
f 6073 6072 6102
f 6102 6072 6073
f 6073 6101 6087
f 6087 6101 6073
f 6087 6103 6074
f 6074 6103 6087
f 6074 6103 6088
f 6088 6103 6074
f 6076 6075 6088
f 6088 6075 6076
f 6076 6103 6089
f 6089 6103 6076
f 6089 6104 6077
f 6077 6104 6089
f 6077 6104 6090
f 6090 6104 6077
f 6105 6078 6090
f 6090 6078 6105
f 6078 6105 6091
f 6091 6105 6078
f 6092 6048 6091
f 6091 6048 6092
f 6092 6106 6079
f 6079 6106 6092
f 6066 6093 6107
f 6107 6093 6066
f 6079 6106 6093
f 6093 6106 6079
f 6094 6066 6108
f 6108 6066 6094
f 6094 6109 6080
f 6080 6109 6094
f 6080 6110 6095
f 6095 6110 6080
f 6049 6095 6111
f 6111 6095 6049
f 6081 6112 6069
f 6069 6112 6081
f 6049 6113 6096
f 6096 6113 6049
f 6096 6112 6081
f 6081 6112 6096
f 6114 6097 6082
f 6082 6097 6114
f 6097 6098 6056
f 6056 6098 6097
f 6115 6083 6098
f 6098 6083 6115
f 6099 6083 6116
f 6116 6083 6099
f 6117 6084 6099
f 6099 6084 6117
f 6118 6099 6084
f 6084 6099 6118
f 6119 6084 6099
f 6099 6084 6119
f 6120 6084 6100
f 6100 6084 6120
f 6121 6100 6084
f 6084 6100 6121
f 6084 6122 6100
f 6100 6122 6084
f 6122 6058 6100
f 6100 6058 6122
f 6058 6122 6101
f 6101 6122 6058
f 6085 6101 6086
f 6086 6101 6085
f 6086 6101 6102
f 6102 6101 6086
f 6102 6101 6073
f 6073 6101 6102
f 6103 6087 6101
f 6101 6087 6103
f 6088 6103 6076
f 6076 6103 6088
f 6104 6089 6103
f 6103 6089 6104
f 6090 6104 6105
f 6105 6104 6090
f 6091 6105 6092
f 6092 6105 6091
f 6092 6123 6106
f 6106 6123 6092
f 6093 6124 6107
f 6107 6124 6093
f 6066 6107 6108
f 6108 6107 6066
f 6124 6093 6106
f 6106 6093 6124
f 6094 6108 6125
f 6125 6108 6094
f 6126 6109 6094
f 6094 6109 6126
f 6127 6080 6109
f 6109 6080 6127
f 6080 6128 6110
f 6110 6128 6080
f 6110 6129 6095
f 6095 6129 6110
f 6095 6130 6111
f 6111 6130 6095
f 6049 6111 6131
f 6131 6111 6049
f 6049 6131 6113
f 6113 6131 6049
f 6113 6132 6096
f 6096 6132 6113
f 6096 6132 6112
f 6112 6132 6096
f 6097 6114 6133
f 6133 6114 6097
f 6133 6098 6097
f 6097 6098 6133
f 6083 6115 6134
f 6134 6115 6083
f 6135 6098 6115
f 6115 6098 6135
f 6127 6115 6098
f 6098 6115 6127
f 6116 6134 6083
f 6083 6134 6116
f 6116 6136 6099
f 6099 6136 6116
f 6137 6116 6099
f 6099 6116 6137
f 6138 6099 6116
f 6116 6099 6138
f 6084 6117 6121
f 6121 6117 6084
f 6099 6136 6117
f 6117 6136 6099
f 6099 6118 6137
f 6137 6118 6099
f 6084 6120 6118
f 6118 6120 6084
f 6122 6084 6119
f 6119 6084 6122
f 6119 6099 6138
f 6138 6099 6119
f 6100 6139 6120
f 6120 6139 6100
f 6100 6121 6140
f 6140 6121 6100
f 6139 6100 6122
f 6122 6100 6139
f 6140 6122 6100
f 6100 6122 6140
f 6119 6101 6122
f 6122 6101 6119
f 6101 6119 6103
f 6103 6119 6101
f 6103 6138 6104
f 6104 6138 6103
f 6105 6104 6123
f 6123 6104 6105
f 6123 6092 6105
f 6105 6092 6123
f 6104 6106 6123
f 6123 6106 6104
f 6107 6124 6141
f 6141 6124 6107
f 6141 6108 6107
f 6107 6108 6141
f 6106 6104 6124
f 6124 6104 6106
f 6108 6142 6125
f 6125 6142 6108
f 6094 6125 6143
f 6143 6125 6094
f 6109 6126 6144
f 6144 6126 6109
f 6145 6126 6094
f 6094 6126 6145
f 6127 6146 6080
f 6080 6146 6127
f 6147 6127 6109
f 6109 6127 6147
f 6080 6148 6128
f 6128 6148 6080
f 6149 6110 6128
f 6128 6110 6149
f 6110 6150 6129
f 6129 6150 6110
f 6095 6129 6151
f 6151 6129 6095
f 6095 6152 6130
f 6130 6152 6095
f 6111 6130 6153
f 6153 6130 6111
f 6111 6154 6131
f 6131 6154 6111
f 6131 6155 6113
f 6113 6155 6131
f 6156 6132 6113
f 6113 6132 6156
f 6157 6133 6114
f 6114 6133 6157
f 6158 6098 6133
f 6133 6098 6158
f 6134 6115 6159
f 6159 6115 6134
f 6098 6135 6160
f 6160 6135 6098
f 6115 6161 6135
f 6135 6161 6115
f 6115 6127 6159
f 6159 6127 6115
f 6162 6127 6098
f 6098 6127 6162
f 6134 6116 6163
f 6163 6116 6134
f 6116 6164 6136
f 6136 6164 6116
f 6160 6116 6137
f 6137 6116 6160
f 6138 6116 6163
f 6163 6116 6138
f 6165 6121 6117
f 6117 6121 6165
f 6136 6166 6117
f 6117 6166 6136
f 6167 6137 6118
f 6118 6137 6167
f 6168 6118 6120
f 6120 6118 6168
f 6122 6169 6119
f 6119 6169 6122
f 6119 6139 6122
f 6122 6139 6119
f 6138 6103 6119
f 6119 6103 6138
f 6138 6170 6119
f 6119 6170 6138
f 6119 6171 6138
f 6138 6171 6119
f 6172 6120 6139
f 6139 6120 6172
f 6173 6140 6121
f 6121 6140 6173
f 6122 6140 6174
f 6174 6140 6122
f 6138 6175 6104
f 6104 6175 6138
f 6124 6141 6176
f 6108 6141 6142
f 6142 6141 6108
f 6124 6104 6176
f 6142 6143 6125
f 6125 6143 6142
f 6094 6143 6177
f 6177 6143 6094
f 6178 6144 6126
f 6126 6144 6178
f 6144 6179 6109
f 6109 6179 6144
f 6126 6145 6178
f 6178 6145 6126
f 6145 6094 6180
f 6180 6094 6145
f 6127 6181 6146
f 6146 6181 6127
f 6148 6080 6146
f 6146 6080 6148
f 6159 6127 6147
f 6147 6127 6159
f 6147 6109 6182
f 6182 6109 6147
f 6148 6183 6128
f 6128 6183 6148
f 6110 6149 6184
f 6184 6149 6110
f 6128 6185 6149
f 6149 6185 6128
f 6110 6184 6150
f 6150 6184 6110
f 6095 6151 6186
f 6186 6151 6095
f 6095 6187 6152
f 6152 6187 6095
f 6111 6153 6188
f 6188 6153 6111
f 6111 6189 6154
f 6154 6189 6111
f 6131 6154 6190
f 6190 6154 6131
f 6131 6190 6155
f 6155 6190 6131
f 6113 6155 6191
f 6191 6155 6113
f 6156 6192 6132
f 6132 6192 6156
f 6113 6193 6156
f 6156 6193 6113
f 6133 6157 6194
f 6194 6157 6133
f 6162 6098 6158
f 6158 6098 6162
f 6194 6158 6133
f 6133 6158 6194
f 6161 6115 6159
f 6159 6115 6161
f 6134 6159 6195
f 6195 6159 6134
f 6163 6160 6135
f 6135 6160 6163
f 6098 6160 6196
f 6196 6160 6098
f 6197 6135 6161
f 6161 6135 6197
f 6198 6127 6162
f 6162 6127 6198
f 6164 6116 6163
f 6163 6116 6164
f 6160 6163 6116
f 6116 6163 6160
f 6163 6195 6134
f 6134 6195 6163
f 6199 6136 6164
f 6164 6136 6199
f 6200 6160 6137
f 6137 6160 6200
f 6138 6163 6201
f 6201 6163 6138
f 6121 6165 6173
f 6173 6165 6121
f 6117 6166 6165
f 6165 6166 6117
f 6136 6199 6166
f 6166 6199 6136
f 6137 6167 6200
f 6200 6167 6137
f 6118 6168 6167
f 6167 6168 6118
f 6120 6172 6168
f 6168 6172 6120
f 6169 6122 6174
f 6174 6122 6169
f 6171 6119 6169
f 6169 6119 6171
f 6139 6119 6170
f 6170 6119 6139
f 6170 6138 6202
f 6202 6138 6170
f 6171 6201 6138
f 6138 6201 6171
f 6170 6172 6139
f 6139 6172 6170
f 6140 6173 6203
f 6203 6173 6140
f 6203 6174 6140
f 6140 6174 6203
f 6175 6138 6201
f 6201 6138 6175
f 6176 6104 6175
f 6175 6104 6176
f 6176 6141 6124
f 6141 6176 6204
f 6204 6176 6141
f 6176 6104 6124
f 6141 6205 6142
f 6142 6205 6141
f 6143 6142 6206
f 6206 6142 6143
f 6206 6177 6143
f 6143 6177 6206
f 6094 6177 6207
f 6207 6177 6094
f 6144 6178 6208
f 6208 6178 6144
f 6179 6144 6208
f 6208 6144 6179
f 6109 6179 6209
f 6209 6179 6109
f 6145 6208 6178
f 6178 6208 6145
f 6180 6094 6210
f 6210 6094 6180
f 6180 6179 6145
f 6145 6179 6180
f 6127 6211 6181
f 6181 6211 6127
f 6181 6212 6146
f 6146 6212 6181
f 6146 6183 6148
f 6148 6183 6146
f 6213 6159 6147
f 6147 6159 6213
f 6195 6159 6147
f 6147 6159 6195
f 6182 6109 6214
f 6214 6109 6182
f 6215 6147 6182
f 6182 6147 6215
f 6216 6147 6182
f 6182 6147 6216
f 6128 6183 6217
f 6217 6183 6128
f 6128 6217 6185
f 6185 6217 6128
f 6149 6185 6218
f 6218 6185 6149
f 6095 6186 6187
f 6187 6186 6095
f 6111 6188 6189
f 6189 6188 6111
f 6219 6190 6154
f 6154 6190 6219
f 6154 6220 6190
f 6190 6220 6154
f 6221 6155 6190
f 6190 6155 6221
f 6190 6220 6155
f 6155 6220 6190
f 6113 6191 6222
f 6222 6191 6113
f 6223 6192 6156
f 6156 6192 6223
f 6113 6224 6193
f 6193 6224 6113
f 6157 6225 6194
f 6194 6225 6157
f 6158 6226 6162
f 6162 6226 6158
f 6194 6227 6158
f 6158 6227 6194
f 6159 6213 6161
f 6161 6213 6159
f 6135 6197 6163
f 6163 6197 6135
f 6196 6160 6200
f 6200 6160 6196
f 6161 6228 6197
f 6197 6228 6161
f 6229 6127 6198
f 6198 6127 6229
f 6226 6198 6162
f 6162 6198 6226
f 6197 6164 6163
f 6163 6164 6197
f 6195 6163 6197
f 6197 6163 6195
f 6164 6230 6199
f 6199 6230 6164
f 6201 6163 6197
f 6197 6163 6201
f 6231 6138 6201
f 6201 6138 6231
f 6232 6173 6165
f 6165 6173 6232
f 6166 6233 6165
f 6165 6233 6166
f 6234 6166 6199
f 6199 6166 6234
f 6174 6235 6169
f 6169 6235 6174
f 6169 6236 6171
f 6171 6236 6169
f 6138 6231 6202
f 6202 6231 6138
f 6202 6237 6170
f 6170 6237 6202
f 6201 6171 6238
f 6238 6171 6201
f 6172 6170 6237
f 6237 6170 6172
f 6239 6203 6173
f 6173 6203 6239
f 6174 6203 6240
f 6240 6203 6174
f 6201 6241 6175
f 6175 6241 6201
f 6175 6204 6176
f 6176 6204 6175
f 6141 6204 6205
f 6205 6204 6141
f 6142 6205 6242
f 6242 6205 6142
f 6142 6242 6206
f 6206 6242 6142
f 6243 6177 6206
f 6206 6177 6243
f 6207 6177 6244
f 6244 6177 6207
f 6245 6094 6207
f 6207 6094 6245
f 6208 6145 6179
f 6179 6145 6208
f 6179 6180 6209
f 6209 6180 6179
f 6109 6209 6246
f 6246 6209 6109
f 6210 6094 6247
f 6247 6094 6210
f 6210 6209 6180
f 6180 6209 6210
f 6211 6127 6248
f 6248 6127 6211
f 6212 6181 6211
f 6211 6181 6212
f 6212 6183 6146
f 6146 6183 6212
f 6147 6215 6213
f 6213 6215 6147
f 6195 6147 6216
f 6216 6147 6195
f 6214 6109 6249
f 6249 6109 6214
f 6250 6182 6214
f 6214 6182 6250
f 6251 6182 6214
f 6214 6182 6251
f 6182 6250 6215
f 6215 6250 6182
f 6216 6182 6252
f 6252 6182 6216
f 6183 6253 6217
f 6217 6253 6183
f 6253 6185 6217
f 6217 6185 6253
f 6218 6185 6254
f 6254 6185 6218
f 6255 6187 6186
f 6186 6187 6255
f 6186 6256 6187
f 6187 6256 6186
f 6219 6221 6190
f 6190 6221 6219
f 6257 6219 6154
f 6154 6219 6257
f 6154 6258 6220
f 6220 6258 6154
f 6221 6259 6155
f 6155 6259 6221
f 6155 6220 6260
f 6260 6220 6155
f 6113 6222 6261
f 6261 6222 6113
f 6262 6192 6223
f 6223 6192 6262
f 6113 6263 6224
f 6224 6263 6113
f 6225 6157 6264
f 6264 6157 6225
f 6225 6227 6194
f 6194 6227 6225
f 6226 6158 6265
f 6265 6158 6226
f 6227 6265 6158
f 6158 6265 6227
f 6228 6161 6213
f 6213 6161 6228
f 6195 6228 6197
f 6197 6228 6195
f 6228 6266 6197
f 6197 6266 6228
f 6267 6197 6228
f 6228 6197 6267
f 6268 6127 6229
f 6229 6127 6268
f 6198 6269 6229
f 6229 6269 6198
f 6198 6226 6270
f 6270 6226 6198
f 6164 6197 6266
f 6266 6197 6164
f 6230 6164 6266
f 6266 6164 6230
f 6271 6199 6230
f 6230 6199 6271
f 6201 6197 6267
f 6267 6197 6201
f 6201 6272 6231
f 6231 6272 6201
f 6173 6232 6239
f 6239 6232 6173
f 6165 6233 6232
f 6232 6233 6165
f 6166 6234 6233
f 6233 6234 6166
f 6199 6271 6234
f 6234 6271 6199
f 6235 6174 6240
f 6240 6174 6235
f 6236 6169 6235
f 6235 6169 6236
f 6236 6238 6171
f 6171 6238 6236
f 6273 6202 6231
f 6231 6202 6273
f 6237 6202 6274
f 6274 6202 6237
f 6238 6267 6201
f 6201 6267 6238
f 6203 6239 6275
f 6275 6239 6203
f 6275 6240 6203
f 6203 6240 6275
f 6241 6201 6267
f 6267 6201 6241
f 6204 6175 6241
f 6241 6175 6204
f 6241 6205 6204
f 6204 6205 6241
f 6205 6276 6242
f 6242 6276 6205
f 6206 6242 6243
f 6243 6242 6206
f 6177 6243 6277
f 6277 6243 6177
f 6277 6244 6177
f 6177 6244 6277
f 6278 6207 6244
f 6244 6207 6278
f 6247 6094 6245
f 6245 6094 6247
f 6245 6207 6279
f 6279 6207 6245
f 6209 6210 6246
f 6246 6210 6209
f 6109 6246 6280
f 6280 6246 6109
f 6281 6210 6247
f 6247 6210 6281
f 6282 6248 6127
f 6127 6248 6282
f 6283 6211 6248
f 6248 6211 6283
f 6211 6284 6212
f 6212 6284 6211
f 6212 6285 6183
f 6183 6285 6212
f 6286 6213 6215
f 6215 6213 6286
f 6228 6195 6216
f 6216 6195 6228
f 6249 6109 6287
f 6287 6109 6249
f 6288 6214 6249
f 6249 6214 6288
f 6289 6214 6249
f 6249 6214 6289
f 6214 6288 6250
f 6250 6288 6214
f 6252 6182 6251
f 6251 6182 6252
f 6251 6214 6289
f 6289 6214 6251
f 6290 6215 6250
f 6250 6215 6290
f 6228 6252 6216
f 6216 6252 6228
f 6253 6183 6291
f 6291 6183 6253
f 6185 6253 6292
f 6292 6253 6185
f 6254 6185 6293
f 6293 6185 6254
f 6254 6294 6218
f 6218 6294 6254
f 6254 6184 6218
f 6218 6184 6254
f 6255 6295 6187
f 6187 6295 6255
f 6186 6296 6255
f 6255 6296 6186
f 6186 6297 6256
f 6256 6297 6186
f 6187 6256 6130
f 6130 6256 6187
f 6298 6221 6219
f 6219 6221 6298
f 6299 6219 6257
f 6257 6219 6299
f 6257 6154 6188
f 6188 6154 6257
f 6188 6258 6154
f 6154 6258 6188
f 6300 6258 6220
f 6220 6258 6300
f 6221 6301 6259
f 6259 6301 6221
f 6301 6155 6259
f 6259 6155 6301
f 6302 6220 6260
f 6260 6220 6302
f 6220 6303 6260
f 6260 6303 6220
f 6155 6260 6262
f 6262 6260 6155
f 6113 6261 6263
f 6263 6261 6113
f 6304 6192 6262
f 6262 6192 6304
f 6223 6305 6262
f 6262 6305 6223
f 6263 6262 6223
f 6223 6262 6263
f 6192 6264 6157
f 6157 6264 6192
f 6264 6306 6225
f 6225 6306 6264
f 6306 6227 6225
f 6225 6227 6306
f 6307 6226 6265
f 6265 6226 6307
f 6265 6227 6307
f 6307 6227 6265
f 6213 6286 6228
f 6228 6286 6213
f 6266 6228 6308
f 6308 6228 6266
f 6267 6228 6309
f 6309 6228 6267
f 6282 6127 6268
f 6268 6127 6282
f 6268 6229 6310
f 6310 6229 6268
f 6269 6198 6270
f 6270 6198 6269
f 6311 6229 6269
f 6269 6229 6311
f 6311 6270 6226
f 6226 6270 6311
f 6266 6312 6230
f 6230 6312 6266
f 6230 6313 6271
f 6271 6313 6230
f 6272 6201 6267
f 6267 6201 6272
f 6314 6231 6272
f 6272 6231 6314
f 6315 6239 6232
f 6232 6239 6315
f 6233 6316 6232
f 6232 6316 6233
f 6317 6233 6234
f 6234 6233 6317
f 6318 6234 6271
f 6271 6234 6318
f 6240 6319 6235
f 6235 6319 6240
f 6235 6320 6236
f 6236 6320 6235
f 6238 6236 6321
f 6321 6236 6238
f 6202 6273 6274
f 6274 6273 6202
f 6231 6314 6273
f 6273 6314 6231
f 6267 6238 6322
f 6322 6238 6267
f 6323 6275 6239
f 6239 6275 6323
f 6240 6275 6324
f 6324 6275 6240
f 6267 6325 6241
f 6241 6325 6267
f 6205 6241 6325
f 6325 6241 6205
f 6276 6205 6325
f 6325 6205 6276
f 6326 6242 6276
f 6276 6242 6326
f 6243 6242 6327
f 6327 6242 6243
f 6327 6277 6243
f 6243 6277 6327
f 6328 6244 6277
f 6277 6244 6328
f 6207 6278 6329
f 6329 6278 6207
f 6244 6330 6278
f 6278 6330 6244
f 6331 6247 6245
f 6245 6247 6331
f 6279 6207 6332
f 6332 6207 6279
f 6333 6245 6279
f 6279 6245 6333
f 6210 6281 6246
f 6246 6281 6210
f 6280 6246 6281
f 6281 6246 6280
f 6109 6280 6334
f 6334 6280 6109
f 6247 6331 6281
f 6281 6331 6247
f 6248 6282 6283
f 6283 6282 6248
f 6211 6283 6335
f 6335 6283 6211
f 6284 6211 6335
f 6335 6211 6284
f 6285 6212 6284
f 6284 6212 6285
f 6285 6291 6183
f 6183 6291 6285
f 6215 6290 6286
f 6286 6290 6215
f 6287 6109 6336
f 6336 6109 6287
f 6337 6249 6287
f 6287 6249 6337
f 6338 6249 6287
f 6287 6249 6338
f 6249 6337 6288
f 6288 6337 6249
f 6289 6249 6338
f 6338 6249 6289
f 6339 6250 6288
f 6288 6250 6339
f 6286 6251 6252
f 6252 6251 6286
f 6290 6289 6251
f 6251 6289 6290
f 6250 6339 6290
f 6290 6339 6250
f 6252 6228 6286
f 6286 6228 6252
f 6291 6310 6253
f 6253 6310 6291
f 6310 6292 6253
f 6253 6292 6310
f 6292 6293 6185
f 6185 6293 6292
f 6254 6293 6340
f 6340 6293 6254
f 6254 6341 6294
f 6294 6341 6254
f 6218 6294 6342
f 6342 6294 6218
f 6184 6254 6343
f 6343 6254 6184
f 6184 6218 6344
f 6344 6218 6184
f 6345 6295 6255
f 6255 6295 6345
f 6295 6130 6187
f 6187 6130 6295
f 6186 6346 6296
f 6296 6346 6186
f 6345 6255 6296
f 6296 6255 6345
f 6129 6297 6186
f 6186 6297 6129
f 6347 6297 6256
f 6256 6297 6347
f 6297 6293 6256
f 6256 6293 6297
f 6130 6256 6348
f 6348 6256 6130
f 6221 6298 6349
f 6349 6298 6221
f 6219 6299 6298
f 6298 6299 6219
f 6257 6350 6299
f 6299 6350 6257
f 6351 6257 6188
f 6188 6257 6351
f 6188 6352 6258
f 6258 6352 6188
f 6300 6353 6258
f 6258 6353 6300
f 6302 6300 6220
f 6220 6300 6302
f 6301 6221 6349
f 6349 6221 6301
f 6301 6354 6155
f 6155 6354 6301
f 6262 6302 6260
f 6260 6302 6262
f 6355 6303 6220
f 6220 6303 6355
f 6260 6303 6192
f 6192 6303 6260
f 6155 6262 6222
f 6222 6262 6155
f 6260 6192 6304
f 6304 6192 6260
f 6356 6305 6223
f 6223 6305 6356
f 6357 6262 6305
f 6305 6262 6357
f 6222 6262 6263
f 6263 6262 6222
f 6263 6223 6193
f 6193 6223 6263
f 6264 6192 6303
f 6303 6192 6264
f 6306 6264 6358
f 6358 6264 6306
f 6359 6227 6306
f 6306 6227 6359
f 6311 6226 6307
f 6307 6226 6311
f 6227 6311 6307
f 6307 6311 6227
f 6286 6308 6228
f 6228 6308 6286
f 6309 6228 6286
f 6286 6228 6309
f 6312 6266 6308
f 6308 6266 6312
f 6325 6267 6309
f 6309 6267 6325
f 6267 6360 6309
f 6309 6360 6267
f 6361 6267 6309
f 6309 6267 6361
f 6291 6282 6268
f 6268 6282 6291
f 6229 6362 6310
f 6310 6362 6229
f 6310 6291 6268
f 6268 6291 6310
f 6270 6311 6269
f 6269 6311 6270
f 6229 6311 6363
f 6363 6311 6229
f 6313 6230 6312
f 6312 6230 6313
f 6364 6271 6313
f 6313 6271 6364
f 6267 6361 6272
f 6272 6361 6267
f 6272 6365 6314
f 6314 6365 6272
f 6239 6315 6323
f 6323 6315 6239
f 6232 6316 6315
f 6315 6316 6232
f 6233 6317 6316
f 6316 6317 6233
f 6234 6318 6317
f 6317 6318 6234
f 6271 6364 6318
f 6318 6364 6271
f 6319 6240 6324
f 6324 6240 6319
f 6320 6235 6319
f 6319 6235 6320
f 6320 6321 6236
f 6236 6321 6320
f 6321 6322 6238
f 6238 6322 6321
f 6360 6267 6322
f 6322 6267 6360
f 6275 6323 6366
f 6366 6323 6275
f 6366 6324 6275
f 6275 6324 6366
f 6309 6276 6325
f 6325 6276 6309
f 6242 6326 6367
f 6367 6326 6242
f 6368 6326 6276
f 6276 6326 6368
f 6327 6242 6367
f 6367 6242 6327
f 6277 6327 6328
f 6328 6327 6277
f 6369 6244 6328
f 6328 6244 6369
f 6329 6278 6370
f 6370 6278 6329
f 6371 6207 6329
f 6329 6207 6371
f 6330 6244 6372
f 6372 6244 6330
f 6373 6278 6330
f 6330 6278 6373
f 6245 6333 6331
f 6331 6333 6245
f 6332 6207 6374
f 6374 6207 6332
f 6375 6279 6332
f 6332 6279 6375
f 6279 6375 6333
f 6333 6375 6279
f 6281 6376 6280
f 6280 6376 6281
f 6280 6377 6334
f 6334 6377 6280
f 6109 6334 6378
f 6378 6334 6109
f 6376 6281 6331
f 6331 6281 6376
f 6282 6335 6283
f 6283 6335 6282
f 6335 6285 6284
f 6284 6285 6335
f 6291 6285 6379
f 6379 6285 6291
f 6251 6286 6290
f 6290 6286 6251
f 6380 6286 6290
f 6290 6286 6380
f 6368 6286 6290
f 6290 6286 6368
f 6109 6381 6336
f 6336 6381 6109
f 6382 6287 6336
f 6336 6287 6382
f 6338 6287 6382
f 6382 6287 6338
f 6383 6288 6337
f 6337 6288 6383
f 6339 6338 6289
f 6289 6338 6339
f 6288 6383 6339
f 6339 6383 6288
f 6289 6290 6339
f 6339 6290 6289
f 6384 6290 6339
f 6339 6290 6384
f 6385 6290 6339
f 6339 6290 6385
f 6292 6310 6362
f 6362 6310 6292
f 6293 6292 6386
f 6386 6292 6293
f 6340 6293 6343
f 6343 6293 6340
f 6341 6254 6387
f 6387 6254 6341
f 6294 6388 6341
f 6341 6388 6294
f 6389 6342 6294
f 6294 6342 6389
f 6389 6218 6342
f 6342 6218 6389
f 6254 6343 6387
f 6387 6343 6254
f 6184 6343 6129
f 6129 6343 6184
f 6218 6390 6344
f 6344 6390 6218
f 6390 6184 6344
f 6344 6184 6390
f 6391 6295 6345
f 6345 6295 6391
f 6295 6351 6130
f 6130 6351 6295
f 6129 6346 6186
f 6186 6346 6129
f 6388 6346 6296
f 6296 6346 6388
f 6392 6296 6345
f 6345 6296 6392
f 6129 6343 6297
f 6297 6343 6129
f 6347 6393 6297
f 6297 6393 6347
f 6394 6347 6256
f 6256 6347 6394
f 6395 6293 6297
f 6297 6293 6395
f 6256 6293 6396
f 6396 6293 6256
f 6394 6256 6348
f 6348 6256 6394
f 6130 6348 6352
f 6352 6348 6130
f 6350 6257 6397
f 6397 6257 6350
f 6397 6257 6351
f 6351 6257 6397
f 6351 6188 6130
f 6130 6188 6351
f 6130 6352 6188
f 6188 6352 6130
f 6353 6352 6258
f 6258 6352 6353
f 6398 6353 6300
f 6300 6353 6398
f 6399 6300 6302
f 6302 6300 6399
f 6354 6301 6400
f 6400 6301 6354
f 6155 6354 6222
f 6222 6354 6155
f 6302 6262 6357
f 6357 6262 6302
f 6258 6303 6355
f 6355 6303 6258
f 6305 6356 6357
f 6357 6356 6305
f 6356 6223 6401
f 6401 6223 6356
f 6222 6402 6263
f 6263 6402 6222
f 6193 6401 6223
f 6223 6401 6193
f 6263 6403 6193
f 6193 6403 6263
f 6303 6358 6264
f 6264 6358 6303
f 6358 6359 6306
f 6306 6359 6358
f 6359 6363 6227
f 6227 6363 6359
f 6311 6227 6363
f 6363 6227 6311
f 6308 6286 6404
f 6404 6286 6308
f 6309 6286 6368
f 6368 6286 6309
f 6308 6405 6312
f 6312 6405 6308
f 6406 6309 6360
f 6360 6309 6406
f 6309 6407 6361
f 6361 6407 6309
f 6282 6291 6379
f 6379 6291 6282
f 6362 6229 6363
f 6363 6229 6362
f 6312 6408 6313
f 6313 6408 6312
f 6313 6409 6364
f 6364 6409 6313
f 6365 6272 6361
f 6361 6272 6365
f 6410 6323 6315
f 6315 6323 6410
f 6316 6410 6315
f 6315 6410 6316
f 6411 6316 6317
f 6317 6316 6411
f 6318 6412 6317
f 6317 6412 6318
f 6413 6318 6364
f 6364 6318 6413
f 6324 6414 6319
f 6319 6414 6324
f 6319 6415 6320
f 6320 6415 6319
f 6321 6320 6416
f 6416 6320 6321
f 6322 6321 6417
f 6417 6321 6322
f 6417 6360 6322
f 6322 6360 6417
f 6418 6366 6323
f 6323 6366 6418
f 6324 6366 6419
f 6419 6366 6324
f 6276 6309 6368
f 6368 6309 6276
f 6420 6367 6326
f 6326 6367 6420
f 6326 6368 6385
f 6385 6368 6326
f 6420 6327 6367
f 6367 6327 6420
f 6328 6327 6421
f 6421 6327 6328
f 6244 6369 6422
f 6422 6369 6244
f 6421 6369 6328
f 6328 6369 6421
f 6278 6423 6370
f 6370 6423 6278
f 6329 6370 6424
f 6424 6370 6329
f 6207 6371 6425
f 6425 6371 6207
f 6424 6371 6329
f 6329 6371 6424
f 6372 6244 6426
f 6426 6244 6372
f 6427 6330 6372
f 6372 6330 6427
f 6428 6278 6373
f 6373 6278 6428
f 6330 6427 6373
f 6373 6427 6330
f 6429 6331 6333
f 6333 6331 6429
f 6374 6207 6430
f 6430 6207 6374
f 6431 6332 6374
f 6374 6332 6431
f 6332 6431 6375
f 6375 6431 6332
f 6432 6333 6375
f 6375 6333 6432
f 6280 6376 6433
f 6433 6376 6280
f 6377 6280 6434
f 6434 6280 6377
f 6435 6334 6377
f 6377 6334 6435
f 6334 6435 6378
f 6378 6435 6334
f 6109 6378 6381
f 6381 6378 6109
f 6376 6331 6436
f 6436 6331 6376
f 6335 6282 6379
f 6379 6282 6335
f 6285 6335 6379
f 6379 6335 6285
f 6286 6380 6404
f 6404 6380 6286
f 6290 6384 6380
f 6380 6384 6290
f 6368 6290 6385
f 6385 6290 6368
f 6336 6381 6437
f 6437 6381 6336
f 6336 6438 6382
f 6382 6438 6336
f 6382 6383 6338
f 6338 6383 6382
f 6338 6339 6383
f 6383 6339 6338
f 6439 6339 6383
f 6383 6339 6439
f 6440 6339 6383
f 6383 6339 6440
f 6339 6439 6384
f 6384 6439 6339
f 6385 6339 6440
f 6440 6339 6385
f 6362 6386 6292
f 6292 6386 6362
f 6386 6396 6293
f 6293 6396 6386
f 6343 6293 6395
f 6395 6293 6343
f 6343 6341 6387
f 6387 6341 6343
f 6388 6294 6346
f 6346 6294 6388
f 6390 6294 6389
f 6389 6294 6390
f 6218 6389 6390
f 6390 6389 6218
f 6129 6184 6441
f 6441 6184 6129
f 6184 6390 6346
f 6346 6390 6184
f 6295 6391 6442
f 6442 6391 6295
f 6392 6345 6391
f 6391 6345 6392
f 6442 6351 6295
f 6295 6351 6442
f 6346 6129 6441
f 6441 6129 6346
f 6388 6296 6392
f 6392 6296 6388
f 6297 6443 6343
f 6343 6443 6297
f 6347 6443 6393
f 6393 6443 6347
f 6443 6297 6393
f 6393 6297 6443
f 6444 6347 6394
f 6394 6347 6444
f 6256 6396 6445
f 6445 6396 6256
f 6446 6394 6348
f 6348 6394 6446
f 6446 6348 6352
f 6352 6348 6446
f 6447 6397 6350
f 6350 6397 6447
f 6351 6448 6397
f 6397 6448 6351
f 6353 6446 6352
f 6352 6446 6353
f 6353 6398 6449
f 6449 6398 6353
f 6300 6450 6398
f 6398 6450 6300
f 6450 6300 6399
f 6399 6300 6450
f 6357 6399 6302
f 6302 6399 6357
f 6400 6222 6354
f 6354 6222 6400
f 6451 6303 6258
f 6258 6303 6451
f 6452 6356 6401
f 6401 6356 6452
f 6402 6222 6400
f 6400 6222 6402
f 6453 6263 6402
f 6402 6263 6453
f 6401 6193 6452
f 6452 6193 6401
f 6403 6263 6453
f 6453 6263 6403
f 6452 6193 6403
f 6403 6193 6452
f 6358 6303 6396
f 6396 6303 6358
f 6359 6358 6386
f 6386 6358 6359
f 6362 6363 6359
f 6359 6363 6362
f 6405 6308 6404
f 6404 6308 6405
f 6407 6309 6368
f 6368 6309 6407
f 6309 6406 6368
f 6368 6406 6309
f 6408 6312 6405
f 6405 6312 6408
f 6454 6406 6360
f 6360 6406 6454
f 6455 6361 6407
f 6407 6361 6455
f 6409 6313 6408
f 6408 6313 6409
f 6456 6364 6409
f 6409 6364 6456
f 6361 6455 6365
f 6365 6455 6361
f 6323 6410 6418
f 6418 6410 6323
f 6410 6316 6411
f 6411 6316 6410
f 6411 6317 6412
f 6412 6317 6411
f 6412 6318 6457
f 6457 6318 6412
f 6318 6413 6457
f 6457 6413 6318
f 6364 6456 6413
f 6413 6456 6364
f 6414 6324 6419
f 6419 6324 6414
f 6415 6319 6414
f 6414 6319 6415
f 6415 6416 6320
f 6320 6416 6415
f 6416 6417 6321
f 6321 6417 6416
f 6360 6417 6454
f 6454 6417 6360
f 6366 6418 6458
f 6458 6418 6366
f 6458 6419 6366
f 6366 6419 6458
f 6385 6420 6326
f 6326 6420 6385
f 6406 6385 6368
f 6368 6385 6406
f 6459 6368 6385
f 6385 6368 6459
f 6420 6421 6327
f 6327 6421 6420
f 6460 6422 6369
f 6369 6422 6460
f 6426 6244 6422
f 6422 6244 6426
f 6369 6421 6460
f 6460 6421 6369
f 6423 6278 6461
f 6461 6278 6423
f 6462 6370 6423
f 6423 6370 6462
f 6424 6370 6463
f 6463 6370 6424
f 6464 6425 6371
f 6371 6425 6464
f 6465 6207 6425
f 6425 6207 6465
f 6371 6424 6466
f 6466 6424 6371
f 6467 6372 6426
f 6426 6372 6467
f 6372 6467 6427
f 6427 6467 6372
f 6461 6278 6428
f 6428 6278 6461
f 6468 6428 6373
f 6373 6428 6468
f 6373 6427 6468
f 6468 6427 6373
f 6469 6331 6429
f 6429 6331 6469
f 6429 6333 6470
f 6470 6333 6429
f 6430 6207 6465
f 6465 6207 6430
f 6471 6374 6430
f 6430 6374 6471
f 6374 6471 6431
f 6431 6471 6374
f 6472 6375 6431
f 6431 6375 6472
f 6470 6333 6432
f 6432 6333 6470
f 6432 6375 6473
f 6473 6375 6432
f 6376 6474 6433
f 6433 6474 6376
f 6433 6434 6280
f 6280 6434 6433
f 6475 6378 6435
f 6435 6378 6475
f 6378 6475 6381
f 6381 6475 6378
f 6436 6331 6476
f 6476 6331 6436
f 6436 6477 6376
f 6376 6477 6436
f 6478 6404 6380
f 6380 6404 6478
f 6479 6380 6384
f 6384 6380 6479
f 6475 6437 6381
f 6381 6437 6475
f 6336 6437 6480
f 6480 6437 6336
f 6336 6481 6438
f 6438 6481 6336
f 6464 6382 6438
f 6438 6382 6464
f 6383 6382 6482
f 6482 6382 6383
f 6440 6383 6483
f 6483 6383 6440
f 6484 6384 6439
f 6439 6384 6484
f 6420 6385 6440
f 6440 6385 6420
f 6485 6440 6385
f 6385 6440 6485
f 6486 6385 6440
f 6440 6385 6486
f 6386 6362 6359
f 6359 6362 6386
f 6396 6386 6358
f 6358 6386 6396
f 6343 6487 6341
f 6341 6487 6343
f 6294 6390 6346
f 6346 6390 6294
f 6184 6346 6441
f 6441 6346 6184
f 6488 6391 6442
f 6442 6391 6488
f 6392 6391 6488
f 6488 6391 6392
f 6448 6351 6442
f 6442 6351 6448
f 6343 6443 6489
f 6489 6443 6343
f 6443 6347 6490
f 6490 6347 6443
f 6347 6444 6490
f 6490 6444 6347
f 6394 6491 6444
f 6444 6491 6394
f 6445 6396 6348
f 6348 6396 6445
f 6491 6394 6446
f 6446 6394 6491
f 6492 6397 6447
f 6447 6397 6492
f 6447 6350 6493
f 6493 6350 6447
f 6492 6448 6397
f 6397 6448 6492
f 6353 6491 6446
f 6446 6491 6353
f 6491 6353 6449
f 6449 6353 6491
f 6451 6396 6303
f 6303 6396 6451
f 6400 6453 6402
f 6402 6453 6400
f 6453 6452 6403
f 6403 6452 6453
f 6404 6478 6405
f 6405 6478 6404
f 6368 6459 6407
f 6407 6459 6368
f 6405 6494 6408
f 6408 6494 6405
f 6406 6454 6495
f 6495 6454 6406
f 6407 6496 6455
f 6455 6496 6407
f 6408 6497 6409
f 6409 6497 6408
f 6410 6498 6418
f 6418 6498 6410
f 6411 6499 6410
f 6410 6499 6411
f 6500 6411 6412
f 6412 6411 6500
f 6457 6501 6412
f 6412 6501 6457
f 6413 6502 6457
f 6457 6502 6413
f 6456 6503 6413
f 6413 6503 6456
f 6419 6504 6414
f 6414 6504 6419
f 6504 6415 6414
f 6414 6415 6504
f 6416 6415 6505
f 6505 6415 6416
f 6417 6416 6506
f 6506 6416 6417
f 6506 6454 6417
f 6417 6454 6506
f 6418 6507 6458
f 6458 6507 6418
f 6419 6458 6508
f 6508 6458 6419
f 6385 6406 6485
f 6485 6406 6385
f 6385 6486 6459
f 6459 6486 6385
f 6421 6420 6509
f 6509 6420 6421
f 6422 6460 6426
f 6426 6460 6422
f 6460 6421 6509
f 6509 6421 6460
f 6510 6423 6461
f 6461 6423 6510
f 6511 6370 6462
f 6462 6370 6511
f 6423 6510 6462
f 6462 6510 6423
f 6512 6463 6370
f 6370 6463 6512
f 6513 6424 6463
f 6463 6424 6513
f 6438 6425 6464
f 6464 6425 6438
f 6464 6371 6514
f 6514 6371 6464
f 6425 6481 6465
f 6465 6481 6425
f 6424 6513 6466
f 6466 6513 6424
f 6514 6371 6466
f 6466 6371 6514
f 6426 6460 6467
f 6467 6460 6426
f 6427 6467 6515
f 6515 6467 6427
f 6516 6461 6428
f 6428 6461 6516
f 6428 6468 6516
f 6516 6468 6428
f 6517 6468 6427
f 6427 6468 6517
f 6476 6331 6469
f 6469 6331 6476
f 6518 6469 6429
f 6429 6469 6518
f 6519 6429 6470
f 6470 6429 6519
f 6465 6471 6430
f 6430 6471 6465
f 6336 6431 6471
f 6471 6431 6336
f 6473 6375 6472
f 6472 6375 6473
f 6472 6431 6520
f 6520 6431 6472
f 6521 6470 6432
f 6432 6470 6521
f 6522 6432 6473
f 6473 6432 6522
f 6474 6376 6477
f 6477 6376 6474
f 6434 6433 6474
f 6474 6433 6434
f 6476 6523 6436
f 6436 6523 6476
f 6477 6436 6523
f 6523 6436 6477
f 6380 6479 6478
f 6478 6479 6380
f 6384 6484 6479
f 6479 6484 6384
f 6437 6475 6524
f 6524 6475 6437
f 6524 6480 6437
f 6437 6480 6524
f 6336 6480 6525
f 6525 6480 6336
f 6336 6471 6481
f 6481 6471 6336
f 6481 6425 6438
f 6438 6425 6481
f 6382 6464 6526
f 6526 6464 6382
f 6482 6382 6526
f 6526 6382 6482
f 6483 6383 6482
f 6482 6383 6483
f 6483 6420 6440
f 6440 6420 6483
f 6527 6483 6440
f 6440 6483 6527
f 6528 6440 6483
f 6483 6440 6528
f 6440 6485 6527
f 6527 6485 6440
f 6440 6528 6486
f 6486 6528 6440
f 6487 6343 6489
f 6489 6343 6487
f 6488 6442 6492
f 6492 6442 6488
f 6492 6442 6448
f 6448 6442 6492
f 6487 6489 6443
f 6443 6489 6487
f 6348 6396 6529
f 6529 6396 6348
f 6447 6493 6530
f 6530 6493 6447
f 6352 6396 6451
f 6451 6396 6352
f 6494 6405 6478
f 6478 6405 6494
f 6496 6407 6459
f 6459 6407 6496
f 6497 6408 6494
f 6494 6408 6497
f 6531 6495 6454
f 6454 6495 6531
f 6495 6485 6406
f 6406 6485 6495
f 6532 6409 6497
f 6497 6409 6532
f 6498 6410 6499
f 6499 6410 6498
f 6507 6418 6498
f 6498 6418 6507
f 6499 6411 6500
f 6500 6411 6499
f 6500 6412 6501
f 6501 6412 6500
f 6501 6457 6502
f 6502 6457 6501
f 6502 6413 6503
f 6503 6413 6502
f 6503 6456 6533
f 6533 6456 6503
f 6504 6419 6508
f 6508 6419 6504
f 6415 6504 6534
f 6534 6504 6415
f 6534 6505 6415
f 6415 6505 6534
f 6505 6506 6416
f 6416 6506 6505
f 6454 6506 6531
f 6531 6506 6454
f 6507 6508 6458
f 6458 6508 6507
f 6535 6459 6486
f 6486 6459 6535
f 6420 6460 6509
f 6509 6460 6420
f 6461 6516 6510
f 6510 6516 6461
f 6512 6370 6511
f 6511 6370 6512
f 6462 6536 6511
f 6511 6536 6462
f 6462 6510 6537
f 6537 6510 6462
f 6463 6512 6538
f 6538 6512 6463
f 6513 6463 6539
f 6539 6463 6513
f 6514 6526 6464
f 6464 6526 6514
f 6471 6465 6481
f 6481 6465 6471
f 6540 6466 6513
f 6513 6466 6540
f 6514 6466 6540
f 6540 6466 6514
f 6420 6467 6460
f 6460 6467 6420
f 6467 6517 6515
f 6515 6517 6467
f 6517 6427 6515
f 6515 6427 6517
f 6517 6516 6468
f 6468 6516 6517
f 6469 6518 6541
f 6541 6518 6469
f 6429 6519 6518
f 6518 6519 6429
f 6470 6521 6519
f 6519 6521 6470
f 6336 6542 6431
f 6431 6542 6336
f 6543 6473 6472
f 6472 6473 6543
f 6520 6431 6544
f 6544 6431 6520
f 6520 6543 6472
f 6472 6543 6520
f 6432 6522 6521
f 6521 6522 6432
f 6473 6543 6522
f 6522 6543 6473
f 6523 6476 6545
f 6545 6476 6523
f 6546 6478 6479
f 6479 6478 6546
f 6547 6479 6484
f 6484 6479 6547
f 6480 6524 6548
f 6548 6524 6480
f 6548 6525 6480
f 6480 6525 6548
f 6336 6525 6549
f 6549 6525 6336
f 6482 6526 6550
f 6550 6526 6482
f 6483 6482 6550
f 6550 6482 6483
f 6420 6483 6517
f 6517 6483 6420
f 6483 6527 6551
f 6551 6527 6483
f 6483 6552 6528
f 6528 6552 6483
f 6553 6527 6485
f 6485 6527 6553
f 6554 6486 6528
f 6528 6486 6554
f 6529 6396 6352
f 6352 6396 6529
f 6530 6493 6555
f 6555 6493 6530
f 6478 6546 6494
f 6494 6546 6478
f 6459 6535 6496
f 6496 6535 6459
f 6494 6556 6497
f 6497 6556 6494
f 6495 6531 6557
f 6557 6531 6495
f 6485 6495 6553
f 6553 6495 6485
f 6409 6532 6456
f 6456 6532 6409
f 6497 6558 6532
f 6532 6558 6497
f 6499 6559 6498
f 6498 6559 6499
f 6498 6560 6507
f 6507 6560 6498
f 6500 6561 6499
f 6499 6561 6500
f 6562 6500 6501
f 6501 6500 6562
f 6502 6563 6501
f 6501 6563 6502
f 6503 6564 6502
f 6502 6564 6503
f 6456 6565 6533
f 6533 6566 6503
f 6503 6566 6533
f 6567 6504 6508
f 6508 6504 6567
f 6568 6534 6504
f 6504 6534 6568
f 6505 6534 6569
f 6569 6534 6505
f 6506 6505 6570
f 6570 6505 6506
f 6570 6531 6506
f 6506 6531 6570
f 6508 6507 6567
f 6567 6507 6508
f 6486 6554 6535
f 6535 6554 6486
f 6510 6516 6571
f 6571 6516 6510
f 6511 6572 6512
f 6512 6572 6511
f 6536 6462 6537
f 6537 6462 6536
f 6572 6511 6536
f 6536 6511 6572
f 6573 6537 6510
f 6510 6537 6573
f 6574 6538 6512
f 6512 6538 6574
f 6539 6463 6538
f 6538 6463 6539
f 6539 6540 6513
f 6513 6540 6539
f 6526 6514 6575
f 6575 6514 6526
f 6576 6514 6540
f 6540 6514 6576
f 6517 6467 6420
f 6420 6467 6517
f 6573 6516 6517
f 6517 6516 6573
f 6336 6577 6542
f 6542 6577 6336
f 6544 6431 6542
f 6542 6431 6544
f 6544 6578 6520
f 6520 6578 6544
f 6543 6520 6578
f 6578 6520 6543
f 6479 6547 6546
f 6546 6547 6479
f 6525 6548 6579
f 6579 6548 6525
f 6579 6549 6525
f 6525 6549 6579
f 6336 6549 6580
f 6580 6549 6336
f 6575 6550 6526
f 6526 6550 6575
f 6550 6581 6482
f 6482 6581 6550
f 6482 6582 6550
f 6550 6582 6482
f 6483 6550 6583
f 6583 6550 6483
f 6583 6517 6483
f 6483 6517 6583
f 6584 6551 6527
f 6527 6551 6584
f 6551 6583 6483
f 6483 6583 6551
f 6552 6483 6583
f 6583 6483 6552
f 6585 6528 6552
f 6552 6528 6585
f 6527 6553 6584
f 6584 6553 6527
f 6528 6585 6554
f 6554 6585 6528
f 6530 6555 6586
f 6586 6555 6530
f 6556 6494 6546
f 6546 6494 6556
f 6558 6497 6556
f 6556 6497 6558
f 6587 6557 6531
f 6531 6557 6587
f 6557 6553 6495
f 6495 6553 6557
f 6565 6456 6532
f 6532 6456 6565
f 6588 6532 6558
f 6558 6532 6588
f 6559 6499 6561
f 6561 6499 6559
f 6560 6498 6559
f 6559 6498 6560
f 6560 6567 6507
f 6507 6567 6560
f 6561 6500 6562
f 6562 6500 6561
f 6562 6501 6563
f 6563 6501 6562
f 6563 6502 6564
f 6564 6502 6563
f 6564 6503 6566
f 6566 6503 6564
f 6533 6565 6456
f 6589 6533 6565
f 6565 6533 6589
f 6566 6533 6590
f 6590 6533 6566
f 6504 6567 6568
f 6568 6567 6504
f 6534 6568 6591
f 6591 6568 6534
f 6591 6569 6534
f 6534 6569 6591
f 6569 6570 6505
f 6505 6570 6569
f 6531 6570 6587
f 6587 6570 6531
f 6516 6573 6571
f 6571 6573 6516
f 6573 6510 6571
f 6571 6510 6573
f 6574 6512 6572
f 6572 6512 6574
f 6573 6536 6537
f 6537 6536 6573
f 6573 6572 6536
f 6536 6572 6573
f 6592 6538 6574
f 6574 6538 6592
f 6538 6592 6539
f 6539 6592 6538
f 6540 6539 6592
f 6592 6539 6540
f 6514 6576 6575
f 6575 6576 6514
f 6576 6540 6592
f 6592 6540 6576
f 6517 6583 6573
f 6573 6583 6517
f 6336 6593 6577
f 6577 6593 6336
f 6577 6594 6542
f 6542 6594 6577
f 6542 6595 6544
f 6544 6595 6542
f 6578 6544 6595
f 6595 6544 6578
f 6596 6546 6547
f 6547 6546 6596
f 6549 6579 6597
f 6597 6579 6549
f 6597 6580 6549
f 6549 6580 6597
f 6336 6580 6598
f 6598 6580 6336
f 6550 6575 6599
f 6599 6575 6550
f 6581 6550 6600
f 6600 6550 6581
f 6582 6482 6601
f 6601 6482 6582
f 6602 6550 6582
f 6582 6550 6602
f 6583 6550 6599
f 6599 6550 6583
f 6551 6584 6603
f 6603 6584 6551
f 6583 6551 6604
f 6604 6551 6583
f 6583 6605 6552
f 6552 6605 6583
f 6552 6606 6585
f 6585 6606 6552
f 6607 6584 6553
f 6553 6584 6607
f 6586 6555 6608
f 6608 6555 6586
f 6546 6596 6556
f 6556 6596 6546
f 6556 6609 6558
f 6558 6609 6556
f 6557 6587 6610
f 6610 6587 6557
f 6553 6557 6607
f 6607 6557 6553
f 6532 6588 6565
f 6565 6588 6532
f 6558 6611 6588
f 6588 6611 6558
f 6561 6612 6559
f 6559 6612 6561
f 6559 6613 6560
f 6560 6613 6559
f 6567 6560 6614
f 6614 6560 6567
f 6562 6615 6561
f 6561 6615 6562
f 6616 6562 6563
f 6563 6562 6616
f 6564 6617 6563
f 6563 6617 6564
f 6566 6618 6564
f 6564 6618 6566
f 6533 6589 6590
f 6590 6589 6533
f 6565 6619 6589
f 6589 6619 6565
f 6590 6620 6566
f 6566 6620 6590
f 6614 6568 6567
f 6567 6568 6614
f 6621 6591 6568
f 6568 6591 6621
f 6569 6591 6622
f 6622 6591 6569
f 6570 6569 6623
f 6623 6569 6570
f 6623 6587 6570
f 6570 6587 6623
f 6572 6576 6574
f 6574 6576 6572
f 6576 6572 6573
f 6573 6572 6576
f 6576 6592 6574
f 6574 6592 6576
f 6624 6575 6576
f 6576 6575 6624
f 6624 6573 6583
f 6583 6573 6624
f 6336 6598 6593
f 6593 6598 6336
f 6593 6625 6577
f 6577 6625 6593
f 6594 6577 6625
f 6625 6577 6594
f 6595 6542 6594
f 6594 6542 6595
f 6580 6597 6626
f 6626 6597 6580
f 6626 6598 6580
f 6580 6598 6626
f 6575 6624 6599
f 6599 6624 6575
f 6550 6602 6599
f 6599 6602 6550
f 6599 6600 6550
f 6550 6600 6599
f 6600 6627 6581
f 6581 6627 6600
f 6601 6628 6582
f 6582 6628 6601
f 6582 6629 6602
f 6602 6629 6582
f 6583 6599 6624
f 6624 6599 6583
f 6630 6603 6584
f 6584 6603 6630
f 6603 6604 6551
f 6551 6604 6603
f 6604 6624 6583
f 6583 6624 6604
f 6605 6583 6624
f 6624 6583 6605
f 6606 6552 6605
f 6605 6552 6606
f 6584 6607 6630
f 6630 6607 6584
f 6586 6608 6631
f 6631 6608 6586
f 6609 6556 6596
f 6596 6556 6609
f 6611 6558 6609
f 6609 6558 6611
f 6632 6610 6587
f 6587 6610 6632
f 6610 6607 6557
f 6557 6607 6610
f 6619 6565 6588
f 6588 6565 6619
f 6633 6588 6611
f 6611 6588 6633
f 6612 6561 6615
f 6615 6561 6612
f 6613 6559 6612
f 6612 6559 6613
f 6613 6614 6560
f 6560 6614 6613
f 6615 6562 6616
f 6616 6562 6615
f 6616 6563 6617
f 6617 6563 6616
f 6617 6564 6618
f 6618 6564 6617
f 6618 6566 6620
f 6620 6566 6618
f 6634 6590 6589
f 6589 6590 6634
f 6635 6589 6619
f 6619 6589 6635
f 6620 6590 6636
f 6636 6590 6620
f 6568 6614 6621
f 6621 6614 6568
f 6591 6621 6637
f 6637 6621 6591
f 6637 6622 6591
f 6591 6622 6637
f 6622 6623 6569
f 6569 6623 6622
f 6587 6623 6632
f 6632 6623 6587
f 6573 6624 6576
f 6576 6624 6573
f 6598 6638 6593
f 6593 6638 6598
f 6625 6593 6638
f 6638 6593 6625
f 6598 6626 6639
f 6639 6626 6598
f 6599 6605 6624
f 6624 6605 6599
f 6624 6640 6599
f 6599 6640 6624
f 6605 6599 6602
f 6602 6599 6605
f 6600 6599 6640
f 6640 6599 6600
f 6627 6600 6641
f 6641 6600 6627
f 6628 6601 6642
f 6642 6601 6628
f 6629 6582 6628
f 6628 6582 6629
f 6606 6602 6629
f 6629 6602 6606
f 6603 6630 6643
f 6643 6630 6603
f 6604 6603 6644
f 6644 6603 6604
f 6624 6604 6645
f 6645 6604 6624
f 6602 6606 6605
f 6605 6606 6602
f 6646 6630 6607
f 6607 6630 6646
f 6631 6608 6647
f 6647 6608 6631
f 6610 6632 6648
f 6648 6632 6610
f 6607 6610 6646
f 6646 6610 6607
f 6588 6633 6619
f 6619 6633 6588
f 6615 6649 6612
f 6612 6649 6615
f 6612 6650 6613
f 6613 6650 6612
f 6614 6613 6651
f 6651 6613 6614
f 6616 6652 6615
f 6615 6652 6616
f 6653 6616 6617
f 6617 6616 6653
f 6618 6654 6617
f 6617 6654 6618
f 6620 6655 6618
f 6618 6655 6620
f 6590 6634 6636
f 6636 6634 6590
f 6589 6635 6634
f 6634 6635 6589
f 6619 6656 6635
f 6635 6656 6619
f 6636 6657 6620
f 6620 6657 6636
f 6651 6621 6614
f 6614 6621 6651
f 6658 6637 6621
f 6621 6637 6658
f 6622 6637 6659
f 6659 6637 6622
f 6623 6622 6660
f 6660 6622 6623
f 6660 6632 6623
f 6623 6632 6660
f 6638 6598 6639
f 6639 6598 6638
f 6639 6626 6661
f 6661 6626 6639
f 6640 6624 6645
f 6645 6624 6640
f 6640 6641 6600
f 6600 6641 6640
f 6641 6662 6627
f 6627 6662 6641
f 6663 6643 6630
f 6630 6643 6663
f 6643 6644 6603
f 6603 6644 6643
f 6644 6645 6604
f 6604 6645 6644
f 6630 6646 6663
f 6663 6646 6630
f 6631 6647 6664
f 6664 6647 6631
f 6665 6648 6632
f 6632 6648 6665
f 6648 6646 6610
f 6610 6646 6648
f 6656 6619 6633
f 6633 6619 6656
f 6649 6615 6652
f 6652 6615 6649
f 6650 6612 6649
f 6649 6612 6650
f 6650 6651 6613
f 6613 6651 6650
f 6652 6616 6653
f 6653 6616 6652
f 6653 6617 6654
f 6654 6617 6653
f 6654 6618 6655
f 6655 6618 6654
f 6655 6620 6657
f 6657 6620 6655
f 6666 6636 6634
f 6634 6636 6666
f 6667 6634 6635
f 6635 6634 6667
f 6668 6635 6656
f 6656 6635 6668
f 6657 6636 6669
f 6669 6636 6657
f 6621 6651 6658
f 6658 6651 6621
f 6637 6658 6670
f 6670 6658 6637
f 6670 6659 6637
f 6637 6659 6670
f 6659 6660 6622
f 6622 6660 6659
f 6632 6660 6665
f 6665 6660 6632
f 6645 6671 6640
f 6640 6671 6645
f 6641 6640 6671
f 6671 6640 6641
f 6662 6641 6672
f 6672 6641 6662
f 6643 6663 6673
f 6673 6663 6643
f 6644 6643 6674
f 6674 6643 6644
f 6645 6644 6675
f 6675 6644 6645
f 6646 6676 6663
f 6663 6676 6646
f 6664 6647 6677
f 6677 6647 6664
f 6648 6665 6678
f 6678 6665 6648
f 6646 6648 6679
f 6679 6648 6646
f 6652 6680 6649
f 6649 6680 6652
f 6649 6681 6650
f 6650 6681 6649
f 6651 6650 6682
f 6682 6650 6651
f 6653 6683 6652
f 6652 6683 6653
f 6684 6653 6654
f 6654 6653 6684
f 6655 6685 6654
f 6654 6685 6655
f 6657 6686 6655
f 6655 6686 6657
f 6636 6666 6669
f 6669 6666 6636
f 6634 6667 6666
f 6666 6667 6634
f 6635 6668 6667
f 6667 6668 6635
f 6669 6687 6657
f 6657 6687 6669
f 6682 6658 6651
f 6651 6658 6682
f 6688 6670 6658
f 6658 6670 6688
f 6659 6670 6689
f 6689 6670 6659
f 6660 6659 6690
f 6690 6659 6660
f 6690 6665 6660
f 6660 6665 6690
f 6671 6645 6675
f 6675 6645 6671
f 6671 6672 6641
f 6641 6672 6671
f 6672 6691 6662
f 6662 6691 6672
f 6663 6692 6673
f 6673 6692 6663
f 6673 6674 6643
f 6643 6674 6673
f 6674 6675 6644
f 6644 6675 6674
f 6676 6646 6679
f 6679 6646 6676
f 6692 6663 6676
f 6676 6663 6692
f 6664 6677 6693
f 6693 6677 6664
f 6694 6678 6665
f 6665 6678 6694
f 6695 6648 6678
f 6678 6648 6695
f 6648 6695 6679
f 6679 6695 6648
f 6680 6652 6683
f 6683 6652 6680
f 6681 6649 6680
f 6680 6649 6681
f 6681 6682 6650
f 6650 6682 6681
f 6683 6653 6684
f 6684 6653 6683
f 6684 6654 6685
f 6685 6654 6684
f 6685 6655 6686
f 6686 6655 6685
f 6686 6657 6687
f 6687 6657 6686
f 6696 6669 6666
f 6666 6669 6696
f 6697 6666 6667
f 6667 6666 6697
f 6698 6667 6668
f 6668 6667 6698
f 6687 6669 6699
f 6699 6669 6687
f 6658 6682 6688
f 6688 6682 6658
f 6670 6688 6700
f 6700 6688 6670
f 6700 6689 6670
f 6670 6689 6700
f 6689 6690 6659
f 6659 6690 6689
f 6665 6690 6694
f 6694 6690 6665
f 6675 6701 6671
f 6671 6701 6675
f 6672 6671 6701
f 6701 6671 6672
f 6691 6672 6702
f 6702 6672 6691
f 6692 6703 6673
f 6673 6703 6692
f 6674 6673 6703
f 6703 6673 6674
f 6675 6674 6704
f 6704 6674 6675
f 6679 6705 6676
f 6676 6705 6679
f 6676 6706 6692
f 6692 6706 6676
f 6693 6677 6707
f 6707 6677 6693
f 6678 6694 6708
f 6708 6694 6678
f 6678 6709 6695
f 6695 6709 6678
f 6705 6679 6695
f 6695 6679 6705
f 6683 6710 6680
f 6680 6710 6683
f 6680 6711 6681
f 6681 6711 6680
f 6682 6681 6712
f 6712 6681 6682
f 6684 6713 6683
f 6683 6713 6684
f 6714 6684 6685
f 6685 6684 6714
f 6686 6715 6685
f 6685 6715 6686
f 6687 6716 6686
f 6686 6716 6687
f 6669 6696 6699
f 6699 6696 6669
f 6666 6697 6696
f 6696 6697 6666
f 6667 6698 6697
f 6697 6698 6667
f 6699 6717 6687
f 6687 6717 6699
f 6712 6688 6682
f 6682 6688 6712
f 6718 6700 6688
f 6688 6700 6718
f 6689 6700 6719
f 6719 6700 6689
f 6690 6689 6720
f 6720 6689 6690
f 6720 6694 6690
f 6690 6694 6720
f 6701 6675 6704
f 6704 6675 6701
f 6701 6702 6672
f 6672 6702 6701
f 6721 6691 6702
f 6702 6691 6721
f 6703 6692 6722
f 6722 6692 6703
f 6703 6704 6674
f 6674 6704 6703
f 6706 6676 6705
f 6705 6676 6706
f 6723 6692 6706
f 6706 6692 6723
f 6724 6708 6694
f 6694 6708 6724
f 6709 6678 6708
f 6708 6678 6709
f 6725 6695 6709
f 6709 6695 6725
f 6695 6725 6705
f 6705 6725 6695
f 6710 6683 6713
f 6713 6683 6710
f 6711 6680 6710
f 6710 6680 6711
f 6711 6712 6681
f 6681 6712 6711
f 6713 6684 6714
f 6714 6684 6713
f 6714 6685 6715
f 6715 6685 6714
f 6715 6686 6716
f 6716 6686 6715
f 6716 6687 6717
f 6717 6687 6716
f 6726 6699 6696
f 6696 6699 6726
f 6727 6696 6697
f 6697 6696 6727
f 6728 6697 6698
f 6698 6697 6728
f 6717 6699 6729
f 6729 6699 6717
f 6688 6712 6718
f 6718 6712 6688
f 6700 6718 6730
f 6730 6718 6700
f 6730 6719 6700
f 6700 6719 6730
f 6719 6720 6689
f 6689 6720 6719
f 6694 6720 6724
f 6724 6720 6694
f 6704 6731 6701
f 6701 6731 6704
f 6702 6701 6731
f 6731 6701 6702
f 6691 6721 6732
f 6732 6721 6691
f 6731 6721 6702
f 6702 6721 6731
f 6692 6723 6722
f 6722 6723 6692
f 6722 6733 6703
f 6703 6733 6722
f 6704 6703 6733
f 6733 6703 6704
f 6705 6734 6706
f 6706 6734 6705
f 6706 6735 6723
f 6723 6735 6706
f 6708 6724 6736
f 6736 6724 6708
f 6708 6737 6709
f 6709 6737 6708
f 6709 6738 6725
f 6725 6738 6709
f 6734 6705 6725
f 6725 6705 6734
f 6739 6710 6713
f 6713 6710 6739
f 6710 6740 6711
f 6711 6740 6710
f 6712 6711 6740
f 6740 6711 6712
f 6741 6713 6714
f 6714 6713 6741
f 6741 6714 6715
f 6715 6714 6741
f 6742 6715 6716
f 6716 6715 6742
f 6743 6716 6717
f 6717 6716 6743
f 6699 6726 6729
f 6729 6726 6699
f 6696 6727 6726
f 6726 6727 6696
f 6697 6728 6727
f 6727 6728 6697
f 6744 6717 6729
f 6729 6717 6744
f 6740 6718 6712
f 6712 6718 6740
f 6739 6730 6718
f 6718 6730 6739
f 6719 6730 6745
f 6745 6730 6719
f 6720 6719 6746
f 6746 6719 6720
f 6746 6724 6720
f 6720 6724 6746
f 6731 6704 6733
f 6733 6704 6731
f 6747 6732 6721
f 6721 6732 6747
f 6721 6731 6748
f 6748 6731 6721
f 6749 6722 6723
f 6723 6722 6749
f 6733 6722 6750
f 6750 6722 6733
f 6735 6706 6734
f 6734 6706 6735
f 6751 6723 6735
f 6735 6723 6751
f 6752 6736 6724
f 6724 6736 6752
f 6737 6708 6736
f 6736 6708 6737
f 6738 6709 6737
f 6737 6709 6738
f 6753 6725 6738
f 6738 6725 6753
f 6725 6753 6734
f 6734 6753 6725
f 6740 6710 6739
f 6739 6710 6740
f 6739 6713 6741
f 6741 6713 6739
f 6741 6715 6742
f 6742 6715 6741
f 6742 6716 6743
f 6743 6716 6742
f 6743 6717 6744
f 6744 6717 6743
f 6754 6729 6726
f 6726 6729 6754
f 6755 6726 6727
f 6727 6726 6755
f 6756 6727 6728
f 6728 6727 6756
f 6744 6729 6754
f 6754 6729 6744
f 6718 6740 6739
f 6739 6740 6718
f 6730 6739 6741
f 6741 6739 6730
f 6741 6745 6730
f 6730 6745 6741
f 6745 6746 6719
f 6719 6746 6745
f 6724 6746 6752
f 6752 6746 6724
f 6733 6748 6731
f 6731 6748 6733
f 6732 6747 6757
f 6757 6747 6732
f 6721 6758 6747
f 6747 6758 6721
f 6758 6721 6748
f 6748 6721 6758
f 6722 6749 6750
f 6750 6749 6722
f 6723 6751 6749
f 6749 6751 6723
f 6748 6733 6750
f 6750 6733 6748
f 6734 6759 6735
f 6735 6759 6734
f 6735 6760 6751
f 6751 6760 6735
f 6736 6752 6761
f 6761 6752 6736
f 6736 6762 6737
f 6737 6762 6736
f 6737 6763 6738
f 6738 6763 6737
f 6738 6764 6753
f 6753 6764 6738
f 6759 6734 6753
f 6753 6734 6759
f 6745 6741 6742
f 6742 6741 6745
f 6765 6742 6743
f 6743 6742 6765
f 6766 6743 6744
f 6744 6743 6766
f 6754 6726 6755
f 6755 6726 6754
f 6755 6727 6756
f 6756 6727 6755
f 6756 6728 6767
f 6767 6728 6756
f 6768 6744 6754
f 6754 6744 6768
f 6746 6745 6765
f 6765 6745 6746
f 6765 6752 6746
f 6746 6752 6765
f 6769 6757 6747
f 6747 6757 6769
f 6770 6747 6758
f 6758 6747 6770
f 6748 6749 6758
f 6758 6749 6748
f 6749 6748 6750
f 6750 6748 6749
f 6751 6758 6749
f 6749 6758 6751
f 6760 6735 6759
f 6759 6735 6760
f 6760 6770 6751
f 6751 6770 6760
f 6766 6761 6752
f 6752 6761 6766
f 6762 6736 6761
f 6761 6736 6762
f 6763 6737 6762
f 6762 6737 6763
f 6764 6738 6763
f 6763 6738 6764
f 6771 6753 6764
f 6764 6753 6771
f 6753 6771 6759
f 6759 6771 6753
f 6742 6765 6745
f 6745 6765 6742
f 6743 6766 6765
f 6765 6766 6743
f 6744 6768 6766
f 6766 6768 6744
f 6755 6768 6754
f 6754 6768 6755
f 6756 6772 6755
f 6755 6772 6756
f 6767 6728 6773
f 6773 6728 6767
f 6767 6774 6756
f 6756 6774 6767
f 6752 6765 6766
f 6766 6765 6752
f 6757 6769 6775
f 6775 6769 6757
f 6747 6770 6769
f 6769 6770 6747
f 6758 6751 6770
f 6770 6751 6758
f 6759 6776 6760
f 6760 6776 6759
f 6770 6760 6777
f 6777 6760 6770
f 6761 6766 6768
f 6768 6766 6761
f 6761 6772 6762
f 6762 6772 6761
f 6762 6774 6763
f 6763 6774 6762
f 6763 6778 6764
f 6764 6778 6763
f 6764 6779 6771
f 6771 6779 6764
f 6776 6759 6771
f 6771 6759 6776
f 6768 6755 6772
f 6772 6755 6768
f 6772 6756 6774
f 6774 6756 6772
f 6767 6773 6780
f 6780 6773 6767
f 6774 6767 6778
f 6778 6767 6774
f 6781 6775 6769
f 6769 6775 6781
f 6777 6769 6770
f 6770 6769 6777
f 6776 6777 6760
f 6760 6777 6776
f 6772 6761 6768
f 6768 6761 6772
f 6774 6762 6772
f 6772 6762 6774
f 6778 6763 6774
f 6774 6763 6778
f 6779 6764 6778
f 6778 6764 6779
f 6782 6771 6779
f 6779 6771 6782
f 6771 6782 6776
f 6776 6782 6771
f 6783 6780 6773
f 6773 6780 6783
f 6767 6780 6784
f 6784 6780 6767
f 6784 6778 6767
f 6767 6778 6784
f 6775 6781 6785
f 6785 6781 6775
f 6769 6777 6781
f 6781 6777 6769
f 6777 6776 6786
f 6786 6776 6777
f 6778 6784 6779
f 6779 6784 6778
f 6779 6787 6782
f 6782 6787 6779
f 6782 6786 6776
f 6776 6786 6782
f 6780 6783 6788
f 6788 6783 6780
f 6784 6780 6789
f 6789 6780 6784
f 6790 6785 6781
f 6781 6785 6790
f 6786 6781 6777
f 6777 6781 6786
f 6787 6779 6784
f 6784 6779 6787
f 6787 6791 6782
f 6782 6791 6787
f 6786 6782 6791
f 6791 6782 6786
f 6792 6788 6783
f 6783 6788 6792
f 6788 6789 6780
f 6780 6789 6788
f 6784 6789 6787
f 6787 6789 6784
f 6785 6790 6792
f 6792 6790 6785
f 6781 6786 6790
f 6790 6786 6781
f 6791 6787 6789
f 6789 6787 6791
f 6791 6790 6786
f 6786 6790 6791
f 6788 6792 6790
f 6790 6792 6788
f 6789 6788 6791
f 6791 6788 6789
f 6790 6791 6788
f 6788 6791 6790
f 6793 6794 6795
f 6794 6793 6796
f 6795 6794 6793
f 6796 6793 6794
f 6797 6795 6794
f 6794 6795 6797
f 6795 6798 6793
f 6793 6798 6795
f 6799 6796 6793
f 6793 6796 6799
f 6800 6794 6796
f 6796 6794 6800
f 6795 6797 6801
f 6801 6797 6795
f 6802 6797 6794
f 6794 6797 6802
f 6798 6795 6803
f 6803 6795 6798
f 6804 6793 6798
f 6798 6793 6804
f 6796 6799 6805
f 6805 6799 6796
f 6793 6804 6799
f 6799 6804 6793
f 6794 6800 6802
f 6802 6800 6794
f 6796 6806 6800
f 6800 6806 6796
f 6807 6801 6797
f 6797 6801 6807
f 6801 6803 6795
f 6795 6803 6801
f 6797 6802 6808
f 6808 6802 6797
f 6803 6809 6798
f 6798 6809 6803
f 6798 6810 6804
f 6804 6810 6798
f 6811 6805 6799
f 6799 6805 6811
f 6806 6796 6805
f 6805 6796 6806
f 6812 6799 6804
f 6804 6799 6812
f 6813 6802 6800
f 6800 6802 6813
f 6814 6800 6806
f 6806 6800 6814
f 6801 6807 6815
f 6815 6807 6801
f 6797 6816 6807
f 6807 6816 6797
f 6803 6801 6817
f 6817 6801 6803
f 6818 6808 6802
f 6802 6808 6818
f 6816 6797 6808
f 6808 6797 6816
f 6809 6803 6819
f 6819 6803 6809
f 6810 6798 6809
f 6809 6798 6810
f 6820 6804 6810
f 6810 6804 6820
f 6805 6811 6821
f 6821 6811 6805
f 6799 6812 6811
f 6811 6812 6799
f 6805 6822 6806
f 6806 6822 6805
f 6804 6820 6812
f 6812 6820 6804
f 6802 6813 6818
f 6818 6813 6802
f 6800 6814 6813
f 6813 6814 6800
f 6806 6823 6814
f 6814 6823 6806
f 6824 6815 6807
f 6807 6815 6824
f 6815 6817 6801
f 6801 6817 6815
f 6825 6807 6816
f 6816 6807 6825
f 6817 6819 6803
f 6803 6819 6817
f 6808 6818 6826
f 6826 6818 6808
f 6808 6827 6816
f 6816 6827 6808
f 6819 6828 6809
f 6809 6828 6819
f 6809 6829 6810
f 6810 6829 6809
f 6810 6830 6820
f 6820 6830 6810
f 6831 6821 6811
f 6811 6821 6831
f 6822 6805 6821
f 6821 6805 6822
f 6832 6811 6812
f 6812 6811 6832
f 6823 6806 6822
f 6822 6806 6823
f 6833 6812 6820
f 6820 6812 6833
f 6834 6818 6813
f 6813 6818 6834
f 6835 6813 6814
f 6814 6813 6835
f 6836 6814 6823
f 6823 6814 6836
f 6815 6824 6837
f 6837 6824 6815
f 6807 6825 6824
f 6824 6825 6807
f 6817 6815 6838
f 6838 6815 6817
f 6816 6839 6825
f 6825 6839 6816
f 6819 6817 6840
f 6840 6817 6819
f 6841 6826 6818
f 6818 6826 6841
f 6827 6808 6826
f 6826 6808 6827
f 6839 6816 6827
f 6827 6816 6839
f 6828 6819 6842
f 6842 6819 6828
f 6829 6809 6828
f 6828 6809 6829
f 6830 6810 6829
f 6829 6810 6830
f 6843 6820 6830
f 6830 6820 6843
f 6821 6831 6844
f 6844 6831 6821
f 6811 6832 6831
f 6831 6832 6811
f 6821 6845 6822
f 6822 6845 6821
f 6812 6833 6832
f 6832 6833 6812
f 6822 6846 6823
f 6823 6846 6822
f 6820 6843 6833
f 6833 6843 6820
f 6818 6834 6841
f 6841 6834 6818
f 6813 6835 6834
f 6834 6835 6813
f 6814 6836 6835
f 6835 6836 6814
f 6823 6847 6836
f 6836 6847 6823
f 6848 6837 6824
f 6824 6837 6848
f 6837 6838 6815
f 6815 6838 6837
f 6849 6824 6825
f 6825 6824 6849
f 6838 6840 6817
f 6817 6840 6838
f 6850 6825 6839
f 6839 6825 6850
f 6840 6842 6819
f 6819 6842 6840
f 6826 6841 6851
f 6851 6841 6826
f 6851 6827 6826
f 6826 6827 6851
f 6827 6852 6839
f 6839 6852 6827
f 6842 6853 6828
f 6828 6853 6842
f 6828 6854 6829
f 6829 6854 6828
f 6829 6855 6830
f 6830 6855 6829
f 6830 6856 6843
f 6843 6856 6830
f 6857 6844 6831
f 6831 6844 6857
f 6845 6821 6844
f 6844 6821 6845
f 6858 6831 6832
f 6832 6831 6858
f 6846 6822 6845
f 6845 6822 6846
f 6859 6832 6833
f 6833 6832 6859
f 6847 6823 6846
f 6846 6823 6847
f 6860 6833 6843
f 6843 6833 6860
f 6861 6841 6834
f 6834 6841 6861
f 6862 6834 6835
f 6835 6834 6862
f 6863 6835 6836
f 6836 6835 6863
f 6864 6836 6847
f 6847 6836 6864
f 6837 6848 6865
f 6865 6848 6837
f 6824 6849 6848
f 6848 6849 6824
f 6838 6837 6866
f 6866 6837 6838
f 6825 6850 6849
f 6849 6850 6825
f 6840 6838 6867
f 6867 6838 6840
f 6839 6868 6850
f 6850 6868 6839
f 6842 6840 6869
f 6869 6840 6842
f 6870 6851 6841
f 6841 6851 6870
f 6827 6851 6871
f 6871 6851 6827
f 6852 6827 6871
f 6871 6827 6852
f 6868 6839 6852
f 6852 6839 6868
f 6853 6842 6872
f 6872 6842 6853
f 6854 6828 6853
f 6853 6828 6854
f 6855 6829 6854
f 6854 6829 6855
f 6856 6830 6855
f 6855 6830 6856
f 6873 6843 6856
f 6856 6843 6873
f 6844 6857 6874
f 6874 6857 6844
f 6831 6858 6857
f 6857 6858 6831
f 6844 6875 6845
f 6845 6875 6844
f 6832 6859 6858
f 6858 6859 6832
f 6845 6876 6846
f 6846 6876 6845
f 6833 6860 6859
f 6859 6860 6833
f 6846 6877 6847
f 6847 6877 6846
f 6843 6873 6860
f 6860 6873 6843
f 6841 6861 6870
f 6870 6861 6841
f 6834 6862 6861
f 6861 6862 6834
f 6835 6863 6862
f 6862 6863 6835
f 6836 6864 6863
f 6863 6864 6836
f 6847 6878 6864
f 6864 6878 6847
f 6879 6865 6848
f 6848 6865 6879
f 6865 6866 6837
f 6837 6866 6865
f 6880 6848 6849
f 6849 6848 6880
f 6866 6867 6838
f 6838 6867 6866
f 6881 6849 6850
f 6850 6849 6881
f 6867 6869 6840
f 6840 6869 6867
f 6882 6850 6868
f 6868 6850 6882
f 6869 6872 6842
f 6842 6872 6869
f 6851 6870 6883
f 6883 6870 6851
f 6883 6871 6851
f 6851 6871 6883
f 6871 6884 6852
f 6852 6884 6871
f 6852 6885 6868
f 6868 6885 6852
f 6872 6886 6853
f 6853 6886 6872
f 6853 6887 6854
f 6854 6887 6853
f 6854 6888 6855
f 6855 6888 6854
f 6855 6889 6856
f 6856 6889 6855
f 6856 6890 6873
f 6873 6890 6856
f 6857 6891 6874
f 6874 6891 6857
f 6875 6844 6874
f 6874 6844 6875
f 6892 6857 6858
f 6858 6857 6892
f 6876 6845 6875
f 6875 6845 6876
f 6859 6893 6858
f 6858 6893 6859
f 6877 6846 6876
f 6876 6846 6877
f 6860 6894 6859
f 6859 6894 6860
f 6878 6847 6877
f 6877 6847 6878
f 6873 6895 6860
f 6860 6895 6873
f 6896 6870 6861
f 6861 6870 6896
f 6897 6861 6862
f 6862 6861 6897
f 6898 6862 6863
f 6863 6862 6898
f 6899 6863 6864
f 6864 6863 6899
f 6900 6864 6878
f 6878 6864 6900
f 6865 6879 6901
f 6901 6879 6865
f 6848 6880 6879
f 6879 6880 6848
f 6866 6865 6902
f 6902 6865 6866
f 6849 6881 6880
f 6880 6881 6849
f 6867 6866 6903
f 6903 6866 6867
f 6850 6882 6881
f 6881 6882 6850
f 6869 6867 6904
f 6904 6867 6869
f 6868 6905 6882
f 6882 6905 6868
f 6872 6869 6906
f 6906 6869 6872
f 6907 6883 6870
f 6870 6883 6907
f 6871 6883 6908
f 6908 6883 6871
f 6884 6871 6908
f 6908 6871 6884
f 6885 6852 6884
f 6884 6852 6885
f 6905 6868 6885
f 6885 6868 6905
f 6886 6872 6909
f 6909 6872 6886
f 6887 6853 6886
f 6886 6853 6887
f 6888 6854 6887
f 6887 6854 6888
f 6889 6855 6888
f 6888 6855 6889
f 6890 6856 6889
f 6889 6856 6890
f 6910 6873 6890
f 6890 6873 6910
f 6857 6911 6891
f 6891 6911 6857
f 6874 6891 6912
f 6912 6891 6874
f 6874 6913 6875
f 6875 6913 6874
f 6857 6892 6914
f 6914 6892 6857
f 6858 6915 6892
f 6892 6915 6858
f 6875 6916 6876
f 6876 6916 6875
f 6859 6894 6893
f 6893 6894 6859
f 6858 6893 6915
f 6915 6893 6858
f 6876 6917 6877
f 6877 6917 6876
f 6860 6895 6894
f 6894 6895 6860
f 6877 6918 6878
f 6878 6918 6877
f 6873 6910 6895
f 6895 6910 6873
f 6870 6896 6907
f 6907 6896 6870
f 6861 6897 6896
f 6896 6897 6861
f 6862 6898 6897
f 6897 6898 6862
f 6863 6899 6898
f 6898 6899 6863
f 6864 6900 6899
f 6899 6900 6864
f 6878 6919 6900
f 6900 6919 6878
f 6920 6901 6879
f 6879 6901 6920
f 6901 6902 6865
f 6865 6902 6901
f 6921 6879 6880
f 6880 6879 6921
f 6902 6903 6866
f 6866 6903 6902
f 6922 6880 6881
f 6881 6880 6922
f 6923 6867 6903
f 6903 6867 6923
f 6924 6881 6882
f 6882 6881 6924
f 6867 6923 6904
f 6904 6923 6867
f 6925 6869 6904
f 6904 6869 6925
f 6926 6882 6905
f 6905 6882 6926
f 6869 6925 6906
f 6906 6925 6869
f 6906 6909 6872
f 6872 6909 6906
f 6883 6907 6927
f 6927 6907 6883
f 6883 6928 6908
f 6908 6928 6883
f 6908 6929 6884
f 6884 6929 6908
f 6884 6930 6885
f 6885 6930 6884
f 6885 6931 6905
f 6905 6931 6885
f 6932 6886 6909
f 6909 6886 6932
f 6933 6887 6886
f 6886 6887 6933
f 6934 6888 6887
f 6887 6888 6934
f 6935 6889 6888
f 6888 6889 6935
f 6936 6890 6889
f 6889 6890 6936
f 6890 6936 6910
f 6910 6936 6890
f 6857 6914 6911
f 6911 6914 6857
f 6911 6937 6891
f 6891 6937 6911
f 6937 6912 6891
f 6891 6912 6937
f 6874 6912 6938
f 6938 6912 6874
f 6874 6939 6913
f 6913 6939 6874
f 6875 6913 6940
f 6940 6913 6875
f 6892 6941 6914
f 6914 6941 6892
f 6892 6915 6942
f 6942 6915 6892
f 6875 6943 6916
f 6916 6943 6875
f 6876 6916 6944
f 6944 6916 6876
f 6894 6945 6893
f 6893 6945 6894
f 6893 6946 6915
f 6915 6946 6893
f 6876 6947 6917
f 6917 6947 6876
f 6877 6917 6918
f 6918 6917 6877
f 6895 6948 6894
f 6894 6948 6895
f 6878 6918 6919
f 6919 6918 6878
f 6910 6949 6895
f 6895 6949 6910
f 6950 6907 6896
f 6896 6907 6950
f 6951 6896 6897
f 6897 6896 6951
f 6952 6897 6898
f 6898 6897 6952
f 6953 6898 6899
f 6899 6898 6953
f 6954 6899 6900
f 6900 6899 6954
f 6900 6919 6954
f 6954 6919 6900
f 6901 6920 6955
f 6955 6920 6901
f 6879 6921 6920
f 6920 6921 6879
f 6902 6901 6956
f 6956 6901 6902
f 6880 6922 6921
f 6921 6922 6880
f 6903 6902 6957
f 6957 6902 6903
f 6881 6924 6922
f 6922 6924 6881
f 6903 6958 6923
f 6923 6958 6903
f 6882 6926 6924
f 6924 6926 6882
f 6959 6904 6923
f 6923 6904 6959
f 6904 6959 6925
f 6925 6959 6904
f 6905 6960 6926
f 6926 6960 6905
f 6961 6906 6925
f 6925 6906 6961
f 6909 6906 6962
f 6962 6906 6909
f 6963 6927 6907
f 6907 6927 6963
f 6928 6883 6927
f 6927 6883 6928
f 6929 6908 6928
f 6928 6908 6929
f 6930 6884 6929
f 6929 6884 6930
f 6931 6885 6930
f 6930 6885 6931
f 6960 6905 6931
f 6931 6905 6960
f 6886 6932 6933
f 6933 6932 6886
f 6909 6964 6932
f 6932 6964 6909
f 6887 6933 6934
f 6934 6933 6887
f 6888 6934 6935
f 6935 6934 6888
f 6889 6935 6936
f 6936 6935 6889
f 6949 6910 6936
f 6936 6910 6949
f 6914 6965 6911
f 6911 6965 6914
f 6937 6911 6965
f 6965 6911 6937
f 6912 6937 6966
f 6966 6937 6912
f 6966 6938 6912
f 6912 6938 6966
f 6874 6938 6939
f 6939 6938 6874
f 6967 6913 6939
f 6939 6913 6967
f 6968 6940 6913
f 6913 6940 6968
f 6875 6940 6943
f 6943 6940 6875
f 6941 6892 6969
f 6969 6892 6941
f 6965 6914 6941
f 6941 6914 6965
f 6942 6915 6970
f 6970 6915 6942
f 6942 6969 6892
f 6892 6969 6942
f 6943 6971 6916
f 6916 6971 6943
f 6916 6972 6944
f 6944 6972 6916
f 6876 6944 6973
f 6973 6944 6876
f 6945 6894 6948
f 6948 6894 6945
f 6946 6893 6945
f 6945 6893 6946
f 6974 6915 6946
f 6946 6915 6974
f 6876 6973 6947
f 6947 6973 6876
f 6975 6917 6947
f 6947 6917 6975
f 6976 6918 6917
f 6917 6918 6976
f 6948 6895 6949
f 6949 6895 6948
f 6977 6919 6918
f 6918 6919 6977
f 6907 6950 6963
f 6963 6950 6907
f 6896 6951 6950
f 6950 6951 6896
f 6897 6952 6951
f 6951 6952 6897
f 6898 6953 6952
f 6952 6953 6898
f 6899 6954 6953
f 6953 6954 6899
f 6978 6954 6919
f 6919 6954 6978
f 6979 6955 6920
f 6920 6955 6979
f 6955 6956 6901
f 6901 6956 6955
f 6980 6920 6921
f 6921 6920 6980
f 6956 6957 6902
f 6902 6957 6956
f 6981 6921 6922
f 6922 6921 6981
f 6958 6903 6957
f 6957 6903 6958
f 6982 6922 6924
f 6924 6922 6982
f 6983 6923 6958
f 6958 6923 6983
f 6984 6924 6926
f 6926 6924 6984
f 6923 6983 6959
f 6959 6983 6923
f 6985 6925 6959
f 6959 6925 6985
f 6986 6926 6960
f 6960 6926 6986
f 6906 6961 6962
f 6962 6961 6906
f 6925 6985 6961
f 6961 6985 6925
f 6964 6909 6962
f 6962 6909 6964
f 6927 6963 6987
f 6987 6963 6927
f 6987 6928 6927
f 6927 6928 6987
f 6988 6929 6928
f 6928 6929 6988
f 6989 6930 6929
f 6929 6930 6989
f 6990 6931 6930
f 6930 6931 6990
f 6991 6960 6931
f 6931 6960 6991
f 6992 6933 6932
f 6932 6933 6992
f 6993 6932 6964
f 6964 6932 6993
f 6994 6934 6933
f 6933 6934 6994
f 6995 6935 6934
f 6934 6935 6995
f 6996 6936 6935
f 6935 6936 6996
f 6936 6996 6949
f 6949 6996 6936
f 6965 6997 6937
f 6937 6997 6965
f 6937 6998 6966
f 6966 6998 6937
f 6938 6966 6999
f 6999 6966 6938
f 6999 6939 6938
f 6938 6939 6999
f 6913 6967 6968
f 6968 6967 6913
f 6939 6999 6967
f 6967 6999 6939
f 6940 6968 7000
f 7000 6968 6940
f 7000 6943 6940
f 6940 6943 7000
f 7001 6941 6969
f 6969 6941 7001
f 6941 7002 6965
f 6965 7002 6941
f 6970 6915 7003
f 7003 6915 6970
f 6970 7001 6942
f 6942 7001 6970
f 6969 6942 7001
f 7001 6942 6969
f 6971 6943 7004
f 7004 6943 6971
f 6972 6916 6971
f 6971 6916 6972
f 7005 6944 6972
f 6972 6944 7005
f 6944 7005 6973
f 6973 7005 6944
f 6948 7006 6945
f 6945 7006 6948
f 6945 7007 6946
f 6946 7007 6945
f 6915 6974 7008
f 7008 6974 6915
f 6946 7009 6974
f 6974 7009 6946
f 7010 6947 6973
f 6973 6947 7010
f 6917 6975 6976
f 6976 6975 6917
f 6947 7011 6975
f 6975 7011 6947
f 6918 6976 6977
f 6977 6976 6918
f 6949 7012 6948
f 6948 7012 6949
f 6919 6977 6978
f 6978 6977 6919
f 6950 7013 6963
f 6963 7013 6950
f 6951 7014 6950
f 6950 7014 6951
f 6952 7015 6951
f 6951 7015 6952
f 6953 7016 6952
f 6952 7016 6953
f 6954 6978 6953
f 6953 6978 6954
f 6955 6979 7017
f 7017 6979 6955
f 6920 6980 6979
f 6979 6980 6920
f 6956 6955 7018
f 7018 6955 6956
f 6921 6981 6980
f 6980 6981 6921
f 6957 6956 7019
f 7019 6956 6957
f 6922 6982 6981
f 6981 6982 6922
f 6957 7020 6958
f 6958 7020 6957
f 6924 6984 6982
f 6982 6984 6924
f 6958 7021 6983
f 6983 7021 6958
f 6926 6986 6984
f 6984 6986 6926
f 7022 6959 6983
f 6983 6959 7022
f 6959 7022 6985
f 6985 7022 6959
f 7023 6986 6960
f 6960 6986 7023
f 6961 6964 6962
f 6962 6964 6961
f 6985 7024 6961
f 6961 7024 6985
f 6963 7025 6987
f 6987 7025 6963
f 6928 6987 6988
f 6988 6987 6928
f 6929 6988 6989
f 6989 6988 6929
f 6930 6989 6990
f 6990 6989 6930
f 6931 6990 6991
f 6991 6990 6931
f 6960 6991 7023
f 7023 6991 6960
f 6933 6992 6994
f 6994 6992 6933
f 6932 6993 6992
f 6992 6993 6932
f 7024 6993 6964
f 6964 6993 7024
f 6934 6994 6995
f 6995 6994 6934
f 6935 6995 6996
f 6996 6995 6935
f 7012 6949 6996
f 6996 6949 7012
f 6965 7002 6997
f 6997 7002 6965
f 6937 6997 6998
f 6998 6997 6937
f 6966 6998 7026
f 7026 6998 6966
f 6966 7026 6999
f 6999 7026 6966
f 6967 7027 6968
f 6968 7027 6967
f 6999 7028 6967
f 6967 7028 6999
f 6968 7029 7000
f 7000 7029 6968
f 6943 7000 7004
f 7004 7000 6943
f 6941 7001 7002
f 7002 7001 6941
f 7003 6915 7008
f 7008 6915 7003
f 7003 7002 6970
f 6970 7002 7003
f 7001 6970 7002
f 7002 6970 7001
f 7004 7030 6971
f 6971 7030 7004
f 6971 7031 6972
f 6972 7031 6971
f 6972 7031 7005
f 7005 7031 6972
f 7031 6973 7005
f 7005 6973 7031
f 7006 6948 7012
f 7012 6948 7006
f 7007 6945 7006
f 7006 6945 7007
f 7009 6946 7007
f 7007 6946 7009
f 7011 7008 6974
f 6974 7008 7011
f 7032 6974 7009
f 7009 6974 7032
f 7033 6947 7010
f 7010 6947 7033
f 6973 7031 7010
f 7010 7031 6973
f 7034 6976 6975
f 6975 6976 7034
f 7011 6947 7035
f 7035 6947 7011
f 7032 6975 7011
f 7011 6975 7032
f 7036 6977 6976
f 6976 6977 7036
f 7037 6978 6977
f 6977 6978 7037
f 7013 6950 7014
f 7014 6950 7013
f 7025 6963 7013
f 7013 6963 7025
f 7014 6951 7015
f 7015 6951 7014
f 7015 6952 7016
f 7016 6952 7015
f 7016 6953 6978
f 6978 6953 7016
f 7038 7017 6979
f 6979 7017 7038
f 7017 7018 6955
f 6955 7018 7017
f 7039 6979 6980
f 6980 6979 7039
f 7018 7019 6956
f 6956 7019 7018
f 7040 6980 6981
f 6981 6980 7040
f 7020 6957 7019
f 7019 6957 7020
f 7041 6981 6982
f 6982 6981 7041
f 7021 6958 7020
f 7020 6958 7021
f 7041 6982 6984
f 6984 6982 7041
f 7042 6983 7021
f 7021 6983 7042
f 7043 6984 6986
f 6986 6984 7043
f 6983 7042 7022
f 7022 7042 6983
f 7022 7044 6985
f 6985 7044 7022
f 6986 7023 7045
f 7045 7023 6986
f 6964 6961 7024
f 7024 6961 6964
f 7024 6985 7044
f 7044 6985 7024
f 7025 6988 6987
f 6987 6988 7025
f 7046 6989 6988
f 6988 6989 7046
f 7047 6990 6989
f 6989 6990 7047
f 7048 6991 6990
f 6990 6991 7048
f 7049 7023 6991
f 6991 7023 7049
f 7050 6994 6992
f 6992 6994 7050
f 7051 6992 6993
f 6993 6992 7051
f 6993 7024 7052
f 7052 7024 6993
f 7053 6995 6994
f 6994 6995 7053
f 7054 6996 6995
f 6995 6996 7054
f 6996 7054 7012
f 7012 7054 6996
f 7002 7003 6997
f 6997 7003 7002
f 7003 6998 6997
f 6997 6998 7003
f 7055 7026 6998
f 6998 7026 7055
f 6999 7026 7028
f 7028 7026 6999
f 6967 7028 7027
f 7027 7028 6967
f 6968 7027 7029
f 7029 7027 6968
f 7000 7029 7056
f 7056 7029 7000
f 7000 7056 7004
f 7004 7056 7000
f 7003 7008 7055
f 7055 7008 7003
f 7004 7056 7030
f 7030 7056 7004
f 6971 7030 7031
f 7031 7030 6971
f 7012 7057 7006
f 7006 7057 7012
f 7006 7058 7007
f 7007 7058 7006
f 7007 7059 7009
f 7009 7059 7007
f 7008 7011 7035
f 7035 7011 7008
f 6974 7032 7011
f 7011 7032 6974
f 7009 7060 7032
f 7032 7060 7009
f 7033 7035 6947
f 6947 7035 7033
f 7010 7030 7033
f 7033 7030 7010
f 7030 7010 7031
f 7031 7010 7030
f 6976 7034 7036
f 7036 7034 6976
f 6975 7032 7034
f 7034 7032 6975
f 6977 7036 7037
f 7037 7036 6977
f 6978 7037 7016
f 7016 7037 6978
f 7014 7061 7013
f 7013 7061 7014
f 7013 7062 7025
f 7025 7062 7013
f 7015 7063 7014
f 7014 7063 7015
f 7016 7064 7015
f 7015 7064 7016
f 7065 7017 7038
f 7038 7017 7065
f 7038 6979 7039
f 7039 6979 7038
f 7018 7017 7066
f 7066 7017 7018
f 7039 6980 7040
f 7040 6980 7039
f 7019 7018 7067
f 7067 7018 7019
f 7040 6981 7041
f 7041 6981 7040
f 7019 7068 7020
f 7020 7068 7019
f 7020 7069 7021
f 7021 7069 7020
f 7041 6984 7070
f 7070 6984 7041
f 7021 7071 7042
f 7042 7071 7021
f 7070 6984 7043
f 7043 6984 7070
f 7043 6986 7045
f 7045 6986 7043
f 7042 7072 7022
f 7022 7072 7042
f 7044 7022 7072
f 7072 7022 7044
f 7073 7045 7023
f 7023 7045 7073
f 7044 7052 7024
f 7024 7052 7044
f 6988 7025 7046
f 7046 7025 6988
f 6989 7046 7047
f 7047 7046 6989
f 6990 7047 7048
f 7048 7047 6990
f 6991 7048 7049
f 7049 7048 6991
f 7023 7049 7073
f 7073 7049 7023
f 6994 7050 7053
f 7053 7050 6994
f 6992 7051 7050
f 7050 7051 6992
f 6993 7074 7051
f 7051 7074 6993
f 7074 6993 7052
f 7052 6993 7074
f 6995 7053 7054
f 7054 7053 6995
f 7057 7012 7054
f 7054 7012 7057
f 6998 7003 7055
f 7055 7003 6998
f 7026 7055 7075
f 7075 7055 7026
f 7075 7028 7026
f 7026 7028 7075
f 7076 7027 7028
f 7028 7027 7076
f 7077 7029 7027
f 7027 7029 7077
f 7078 7056 7029
f 7029 7056 7078
f 7055 7008 7075
f 7075 7008 7055
f 7056 7033 7030
f 7030 7033 7056
f 7058 7006 7057
f 7057 7006 7058
f 7059 7007 7058
f 7058 7007 7059
f 7060 7009 7059
f 7059 7009 7060
f 7076 7008 7035
f 7035 7008 7076
f 7060 7034 7032
f 7032 7034 7060
f 7079 7035 7033
f 7033 7035 7079
f 7080 7036 7034
f 7034 7036 7080
f 7081 7037 7036
f 7036 7037 7081
f 7064 7016 7037
f 7037 7016 7064
f 7061 7014 7063
f 7063 7014 7061
f 7062 7013 7061
f 7061 7013 7062
f 7062 7046 7025
f 7025 7046 7062
f 7063 7015 7064
f 7064 7015 7063
f 7065 7066 7017
f 7017 7066 7065
f 7082 7065 7038
f 7038 7065 7082
f 7083 7038 7039
f 7039 7038 7083
f 7066 7067 7018
f 7018 7067 7066
f 7084 7039 7040
f 7040 7039 7084
f 7068 7019 7067
f 7067 7019 7068
f 7085 7040 7041
f 7041 7040 7085
f 7069 7020 7068
f 7068 7020 7069
f 7071 7021 7069
f 7069 7021 7071
f 7070 7085 7041
f 7041 7085 7070
f 7071 7086 7042
f 7042 7086 7071
f 7043 7087 7070
f 7070 7087 7043
f 7045 7073 7043
f 7043 7073 7045
f 7072 7042 7086
f 7086 7042 7072
f 7072 7088 7044
f 7044 7088 7072
f 7052 7044 7088
f 7088 7044 7052
f 7089 7047 7046
f 7046 7047 7089
f 7090 7048 7047
f 7047 7048 7090
f 7091 7049 7048
f 7048 7049 7091
f 7092 7073 7049
f 7049 7073 7092
f 7093 7053 7050
f 7050 7053 7093
f 7094 7050 7051
f 7051 7050 7094
f 7095 7051 7074
f 7074 7051 7095
f 7088 7074 7052
f 7052 7074 7088
f 7096 7054 7053
f 7053 7054 7096
f 7054 7096 7057
f 7057 7096 7054
f 7028 7075 7076
f 7076 7075 7028
f 7027 7076 7077
f 7077 7076 7027
f 7029 7077 7078
f 7078 7077 7029
f 7056 7078 7079
f 7079 7078 7056
f 7075 7008 7076
f 7076 7008 7075
f 7033 7056 7079
f 7079 7056 7033
f 7057 7097 7058
f 7058 7097 7057
f 7058 7098 7059
f 7059 7098 7058
f 7059 7099 7060
f 7060 7099 7059
f 7076 7035 7077
f 7077 7035 7076
f 7034 7060 7080
f 7080 7060 7034
f 7078 7035 7079
f 7079 7035 7078
f 7036 7080 7081
f 7081 7080 7036
f 7037 7081 7064
f 7064 7081 7037
f 7063 7100 7061
f 7061 7100 7063
f 7061 7101 7062
f 7062 7101 7061
f 7046 7062 7089
f 7089 7062 7046
f 7064 7102 7063
f 7063 7102 7064
f 7103 7066 7065
f 7065 7066 7103
f 7065 7082 7104
f 7104 7082 7065
f 7038 7083 7082
f 7082 7083 7038
f 7039 7084 7083
f 7083 7084 7039
f 7067 7066 7105
f 7105 7066 7067
f 7040 7085 7084
f 7084 7085 7040
f 7067 7106 7068
f 7068 7106 7067
f 7068 7107 7069
f 7069 7107 7068
f 7107 7071 7069
f 7069 7071 7107
f 7085 7070 7087
f 7087 7070 7085
f 7086 7071 7108
f 7108 7071 7086
f 7087 7043 7073
f 7073 7043 7087
f 7086 7109 7072
f 7072 7109 7086
f 7088 7072 7109
f 7109 7072 7088
f 7047 7089 7090
f 7090 7089 7047
f 7048 7090 7091
f 7091 7090 7048
f 7049 7091 7092
f 7092 7091 7049
f 7073 7092 7087
f 7087 7092 7073
f 7053 7093 7096
f 7096 7093 7053
f 7050 7094 7093
f 7093 7094 7050
f 7051 7095 7094
f 7094 7095 7051
f 7110 7095 7074
f 7074 7095 7110
f 7074 7088 7110
f 7110 7088 7074
f 7097 7057 7096
f 7096 7057 7097
f 7077 7035 7078
f 7078 7035 7077
f 7098 7058 7097
f 7097 7058 7098
f 7099 7059 7098
f 7098 7059 7099
f 7099 7080 7060
f 7060 7080 7099
f 7111 7081 7080
f 7080 7081 7111
f 7102 7064 7081
f 7081 7064 7102
f 7100 7063 7102
f 7102 7063 7100
f 7101 7061 7100
f 7100 7061 7101
f 7112 7062 7101
f 7101 7062 7112
f 7062 7112 7089
f 7089 7112 7062
f 7103 7105 7066
f 7066 7105 7103
f 7104 7103 7065
f 7065 7103 7104
f 7113 7104 7082
f 7082 7104 7113
f 7114 7082 7083
f 7083 7082 7114
f 7115 7083 7084
f 7084 7083 7115
f 7106 7067 7105
f 7105 7067 7106
f 7116 7084 7085
f 7085 7084 7116
f 7107 7068 7106
f 7106 7068 7107
f 7071 7107 7117
f 7117 7107 7071
f 7087 7116 7085
f 7085 7116 7087
f 7117 7108 7071
f 7071 7108 7117
f 7108 7118 7086
f 7086 7118 7108
f 7109 7086 7118
f 7118 7086 7109
f 7109 7110 7088
f 7088 7110 7109
f 7112 7090 7089
f 7089 7090 7112
f 7119 7091 7090
f 7090 7091 7119
f 7120 7092 7091
f 7091 7092 7120
f 7116 7087 7092
f 7092 7087 7116
f 7121 7096 7093
f 7093 7096 7121
f 7122 7093 7094
f 7094 7093 7122
f 7095 7122 7094
f 7094 7122 7095
f 7095 7110 7123
f 7123 7110 7095
f 7096 7121 7097
f 7097 7121 7096
f 7097 7124 7098
f 7098 7124 7097
f 7098 7125 7099
f 7099 7125 7098
f 7080 7099 7111
f 7111 7099 7080
f 7081 7111 7102
f 7102 7111 7081
f 7102 7126 7100
f 7100 7126 7102
f 7100 7127 7101
f 7101 7127 7100
f 7101 7128 7112
f 7112 7128 7101
f 7129 7105 7103
f 7103 7105 7129
f 7103 7104 7130
f 7130 7104 7103
f 7104 7113 7131
f 7131 7113 7104
f 7082 7114 7113
f 7113 7114 7082
f 7083 7115 7114
f 7114 7115 7083
f 7084 7116 7115
f 7115 7116 7084
f 7129 7106 7105
f 7105 7106 7129
f 7132 7107 7106
f 7106 7107 7132
f 7107 7133 7117
f 7117 7133 7107
f 7108 7117 7133
f 7133 7117 7108
f 7118 7108 7134
f 7134 7108 7118
f 7118 7135 7109
f 7109 7135 7118
f 7110 7109 7135
f 7135 7109 7110
f 7090 7112 7119
f 7119 7112 7090
f 7091 7119 7120
f 7120 7119 7091
f 7092 7120 7116
f 7116 7120 7092
f 7093 7122 7121
f 7121 7122 7093
f 7122 7095 7136
f 7136 7095 7122
f 7135 7123 7110
f 7110 7123 7135
f 7123 7136 7095
f 7095 7136 7123
f 7124 7097 7121
f 7121 7097 7124
f 7125 7098 7124
f 7124 7098 7125
f 7125 7111 7099
f 7099 7111 7125
f 7126 7102 7111
f 7111 7102 7126
f 7127 7100 7126
f 7126 7100 7127
f 7128 7101 7127
f 7127 7101 7128
f 7137 7112 7128
f 7128 7112 7137
f 7130 7129 7103
f 7103 7129 7130
f 7131 7130 7104
f 7104 7130 7131
f 7138 7131 7113
f 7113 7131 7138
f 7139 7113 7114
f 7114 7113 7139
f 7140 7114 7115
f 7115 7114 7140
f 7120 7115 7116
f 7116 7115 7120
f 7132 7106 7129
f 7129 7106 7132
f 7133 7107 7132
f 7132 7107 7133
f 7133 7134 7108
f 7108 7134 7133
f 7134 7141 7118
f 7118 7141 7134
f 7135 7118 7141
f 7141 7118 7135
f 7112 7137 7119
f 7119 7137 7112
f 7119 7140 7120
f 7120 7140 7119
f 7142 7121 7122
f 7122 7121 7142
f 7136 7142 7122
f 7122 7142 7136
f 7123 7135 7143
f 7143 7135 7123
f 7136 7123 7144
f 7144 7123 7136
f 7121 7142 7124
f 7124 7142 7121
f 7124 7145 7125
f 7125 7145 7124
f 7111 7125 7126
f 7126 7125 7111
f 7126 7145 7127
f 7127 7145 7126
f 7127 7146 7128
f 7128 7146 7127
f 7128 7147 7137
f 7137 7147 7128
f 7129 7130 7148
f 7148 7130 7129
f 7130 7131 7149
f 7149 7131 7130
f 7131 7138 7150
f 7150 7138 7131
f 7113 7139 7138
f 7138 7139 7113
f 7114 7140 7139
f 7139 7140 7114
f 7115 7120 7140
f 7140 7120 7115
f 7148 7132 7129
f 7129 7132 7148
f 7134 7133 7132
f 7132 7133 7134
f 7141 7134 7148
f 7148 7134 7141
f 7141 7143 7135
f 7135 7143 7141
f 7140 7119 7137
f 7137 7119 7140
f 7142 7136 7151
f 7151 7136 7142
f 7143 7144 7123
f 7123 7144 7143
f 7144 7151 7136
f 7136 7151 7144
f 7145 7124 7142
f 7142 7124 7145
f 7145 7126 7125
f 7125 7126 7145
f 7146 7127 7145
f 7145 7127 7146
f 7147 7128 7146
f 7146 7128 7147
f 7139 7137 7147
f 7147 7137 7139
f 7149 7148 7130
f 7130 7148 7149
f 7150 7149 7131
f 7131 7149 7150
f 7152 7150 7138
f 7138 7150 7152
f 7147 7138 7139
f 7139 7138 7147
f 7137 7139 7140
f 7140 7139 7137
f 7132 7148 7134
f 7134 7148 7132
f 7148 7149 7141
f 7141 7149 7148
f 7143 7141 7149
f 7149 7141 7143
f 7151 7145 7142
f 7142 7145 7151
f 7144 7143 7150
f 7150 7143 7144
f 7151 7144 7152
f 7152 7144 7151
f 7145 7151 7146
f 7146 7151 7145
f 7146 7152 7147
f 7147 7152 7146
f 7149 7150 7143
f 7143 7150 7149
f 7150 7152 7144
f 7144 7152 7150
f 7138 7147 7152
f 7152 7147 7138
f 7152 7146 7151
f 7151 7146 7152
f 7153 7154 7155
f 7155 7154 7153
f 7153 7156 7154
f 7154 7156 7153
f 7155 7157 7153
f 7153 7157 7155
f 7158 7156 7153
f 7153 7156 7158
f 7156 7159 7154
f 7154 7159 7156
f 7157 7155 7160
f 7160 7155 7157
f 7161 7157 7153
f 7153 7157 7161
f 7162 7156 7158
f 7158 7156 7162
f 7163 7153 7158
f 7158 7153 7163
f 7156 7162 7159
f 7159 7162 7156
f 7159 7164 7154
f 7154 7164 7159
f 7160 7165 7157
f 7157 7165 7160
f 7157 7161 7166
f 7166 7161 7157
f 7153 7163 7161
f 7161 7163 7153
f 7167 7158 7162
f 7162 7158 7167
f 7158 7167 7163
f 7163 7167 7158
f 7168 7159 7162
f 7162 7159 7168
f 7159 7169 7164
f 7164 7169 7159
f 7165 7160 7170
f 7170 7160 7165
f 7166 7165 7157
f 7157 7165 7166
f 7168 7167 7162
f 7162 7167 7168
f 7159 7168 7169
f 7169 7168 7159
f 7169 7171 7164
f 7164 7171 7169
f 7170 7172 7165
f 7165 7172 7170
f 7165 7166 7173
f 7173 7166 7165
f 7167 7168 7174
f 7174 7168 7167
f 7175 7169 7168
f 7168 7169 7175
f 7169 7176 7171
f 7171 7176 7169
f 7172 7170 7177
f 7177 7170 7172
f 7173 7172 7165
f 7165 7172 7173
f 7175 7174 7168
f 7168 7174 7175
f 7169 7175 7176
f 7176 7175 7169
f 7176 7178 7171
f 7171 7178 7176
f 7179 7172 7177
f 7177 7172 7179
f 7172 7173 7180
f 7180 7173 7172
f 7174 7175 7181
f 7181 7175 7174
f 7182 7176 7175
f 7175 7176 7182
f 7176 7183 7178
f 7178 7183 7176
f 7172 7179 7184
f 7184 7179 7172
f 7180 7184 7172
f 7172 7184 7180
f 7182 7181 7175
f 7175 7181 7182
f 7176 7182 7183
f 7183 7182 7176
f 7183 7185 7178
f 7178 7185 7183
f 7179 7186 7184
f 7184 7186 7179
f 7184 7180 7187
f 7187 7180 7184
f 7181 7182 7188
f 7188 7182 7181
f 7189 7183 7182
f 7182 7183 7189
f 7183 7190 7185
f 7185 7190 7183
f 7186 7179 7191
f 7191 7179 7186
f 7187 7186 7184
f 7184 7186 7187
f 7189 7188 7182
f 7182 7188 7189
f 7183 7189 7190
f 7190 7189 7183
f 7190 7192 7185
f 7185 7192 7190
f 7191 7193 7186
f 7186 7193 7191
f 7186 7187 7194
f 7194 7187 7186
f 7188 7189 7195
f 7195 7189 7188
f 7196 7190 7189
f 7189 7190 7196
f 7190 7197 7192
f 7192 7197 7190
f 7193 7191 7198
f 7198 7191 7193
f 7194 7193 7186
f 7186 7193 7194
f 7196 7195 7189
f 7189 7195 7196
f 7190 7196 7197
f 7197 7196 7190
f 7197 7199 7192
f 7192 7199 7197
f 7198 7200 7193
f 7193 7200 7198
f 7193 7194 7201
f 7201 7194 7193
f 7195 7196 7202
f 7202 7196 7195
f 7203 7197 7196
f 7196 7197 7203
f 7197 7204 7199
f 7199 7204 7197
f 7200 7198 7205
f 7205 7198 7200
f 7201 7200 7193
f 7193 7200 7201
f 7203 7202 7196
f 7196 7202 7203
f 7197 7203 7204
f 7204 7203 7197
f 7204 7206 7199
f 7199 7206 7204
f 7205 7207 7200
f 7200 7207 7205
f 7200 7201 7208
f 7208 7201 7200
f 7202 7203 7209
f 7209 7203 7202
f 7203 7210 7204
f 7204 7210 7203
f 7210 7206 7204
f 7204 7206 7210
f 7207 7205 7211
f 7211 7205 7207
f 7208 7207 7200
f 7200 7207 7208
f 7203 7212 7209
f 7209 7212 7203
f 7210 7203 7213
f 7213 7203 7210
f 7210 7214 7206
f 7206 7214 7210
f 7211 7215 7207
f 7207 7215 7211
f 7207 7208 7216
f 7216 7208 7207
f 7212 7203 7213
f 7213 7203 7212
f 7213 7217 7210
f 7210 7217 7213
f 7210 7218 7214
f 7214 7218 7210
f 7215 7211 7219
f 7219 7211 7215
f 7216 7215 7207
f 7207 7215 7216
f 7213 7220 7212
f 7212 7220 7213
f 7217 7213 7221
f 7221 7213 7217
f 7217 7218 7210
f 7210 7218 7217
f 7219 7222 7215
f 7215 7222 7219
f 7215 7216 7223
f 7223 7216 7215
f 7220 7213 7221
f 7221 7213 7220
f 7221 7224 7217
f 7217 7224 7221
f 7224 7218 7217
f 7217 7218 7224
f 7222 7219 7225
f 7225 7219 7222
f 7223 7222 7215
f 7215 7222 7223
f 7221 7226 7220
f 7220 7226 7221
f 7224 7221 7227
f 7227 7221 7224
f 7224 7228 7218
f 7218 7228 7224
f 7225 7229 7222
f 7222 7229 7225
f 7222 7223 7230
f 7230 7223 7222
f 7226 7221 7227
f 7227 7221 7226
f 7227 7231 7224
f 7224 7231 7227
f 7231 7228 7224
f 7224 7228 7231
f 7229 7225 7232
f 7232 7225 7229
f 7230 7229 7222
f 7222 7229 7230
f 7227 7233 7226
f 7226 7233 7227
f 7231 7227 7234
f 7234 7227 7231
f 7231 7235 7228
f 7228 7235 7231
f 7229 7232 7235
f 7235 7232 7229
f 7229 7230 7236
f 7236 7230 7229
f 7233 7227 7234
f 7234 7227 7233
f 7229 7231 7234
f 7234 7231 7229
f 7229 7235 7231
f 7231 7235 7229
f 7236 7234 7229
f 7229 7234 7236
f 7234 7236 7233
f 7233 7236 7234
f 7237 7238 7239
f 7238 7237 7240
f 7241 7239 7238
f 7242 7237 7239
f 7243 7240 7237
f 7244 7238 7240
f 7239 7241 7245
f 7246 7241 7238
f 7247 7237 7242
f 7242 7239 7248
f 7240 7243 7249
f 7247 7243 7237
f 7238 7244 7246
f 7240 7250 7244
f 7241 7251 7245
f 7248 7239 7245
f 7241 7246 7252
f 7253 7247 7242
f 7254 7242 7248
f 7255 7249 7243
f 7250 7240 7249
f 7256 7243 7247
f 7244 7257 7246
f 7250 7258 7244
f 7251 7241 7259
f 7260 7245 7251
f 7248 7245 7260
f 7246 7261 7252
f 7262 7241 7252
f 7247 7253 7263
f 7242 7254 7253
f 7248 7264 7254
f 7249 7255 7265
f 7256 7255 7243
f 7249 7266 7250
f 7263 7256 7247
f 7244 7258 7257
f 7246 7257 7261
f 7250 7267 7258
f 7241 7262 7259
f 7259 7268 7251
f 7260 7251 7269
f 7264 7248 7260
f 7252 7261 7270
f 7252 7270 7262
f 7253 7258 7263
f 7254 7257 7253
f 7264 7261 7254
f 7271 7265 7255
f 7266 7249 7265
f 7272 7255 7256
f 7266 7267 7250
f 7256 7263 7273
f 7258 7253 7257
f 7257 7254 7261
f 7267 7263 7258
f 7274 7259 7262
f 7268 7259 7275
f 7269 7251 7268
f 7276 7260 7269
f 7260 7276 7264
f 7261 7264 7270
f 7262 7270 7277
f 7265 7271 7278
f 7272 7271 7255
f 7265 7279 7266
f 7256 7280 7272
f 7266 7281 7267
f 7263 7267 7273
f 7280 7256 7273
f 7259 7274 7275
f 7262 7277 7274
f 7275 7282 7268
f 7269 7268 7283
f 7269 7284 7276
f 7276 7270 7264
f 7270 7276 7277
f 7285 7278 7271
f 7279 7265 7278
f 7286 7271 7272
f 7279 7281 7266
f 7287 7272 7280
f 7280 7267 7281
f 7267 7280 7273
f 7288 7275 7274
f 7274 7277 7289
f 7282 7275 7290
f 7283 7268 7282
f 7284 7269 7283
f 7284 7277 7276
f 7278 7285 7291
f 7286 7285 7271
f 7278 7292 7279
f 7272 7287 7286
f 7279 7293 7281
f 7281 7287 7280
f 7275 7288 7290
f 7274 7289 7288
f 7277 7284 7289
f 7294 7282 7290
f 7283 7282 7295
f 7295 7284 7283
f 7285 7296 7291
f 7292 7278 7291
f 7297 7285 7286
f 7292 7293 7279
f 7298 7286 7287
f 7287 7281 7293
f 7288 7294 7290
f 7288 7289 7299
f 7284 7299 7289
f 7282 7294 7300
f 7295 7282 7300
f 7284 7295 7301
f 7296 7285 7302
f 7296 7292 7291
f 7297 7302 7285
f 7286 7298 7297
f 7292 7303 7293
f 7293 7298 7287
f 7294 7288 7304
f 7288 7299 7304
f 7299 7284 7301
f 7301 7300 7294
f 7300 7301 7295
f 7302 7305 7296
f 7292 7296 7306
f 7302 7297 7307
f 7298 7307 7297
f 7306 7303 7292
f 7298 7293 7303
f 7304 7301 7294
f 7301 7304 7299
f 7305 7302 7307
f 7305 7306 7296
f 7307 7298 7305
f 7303 7306 7308
f 7308 7298 7303
f 7306 7305 7308
f 7298 7308 7305
f 7239 7238 7237
f 7240 7237 7238
f 7238 7239 7241
f 7239 7237 7242
f 7237 7240 7243
f 7240 7238 7244
f 7245 7241 7239
f 7238 7241 7246
f 7242 7237 7247
f 7248 7239 7242
f 7249 7243 7240
f 7237 7243 7247
f 7246 7244 7238
f 7244 7250 7240
f 7245 7251 7241
f 7245 7239 7248
f 7252 7246 7241
f 7242 7247 7253
f 7248 7242 7254
f 7243 7249 7255
f 7249 7240 7250
f 7247 7243 7256
f 7246 7257 7244
f 7244 7258 7250
f 7259 7241 7251
f 7251 7245 7260
f 7260 7245 7248
f 7252 7261 7246
f 7252 7241 7262
f 7263 7253 7247
f 7253 7254 7242
f 7254 7264 7248
f 7265 7255 7249
f 7243 7255 7256
f 7250 7266 7249
f 7247 7256 7263
f 7257 7258 7244
f 7261 7257 7246
f 7258 7267 7250
f 7259 7262 7241
f 7251 7268 7259
f 7269 7251 7260
f 7260 7248 7264
f 7270 7261 7252
f 7262 7270 7252
f 7263 7258 7253
f 7253 7257 7254
f 7254 7261 7264
f 7255 7265 7271
f 7265 7249 7266
f 7256 7255 7272
f 7250 7267 7266
f 7273 7263 7256
f 7257 7253 7258
f 7261 7254 7257
f 7258 7263 7267
f 7262 7259 7274
f 7275 7259 7268
f 7268 7251 7269
f 7269 7260 7276
f 7264 7276 7260
f 7270 7264 7261
f 7277 7270 7262
f 7278 7271 7265
f 7255 7271 7272
f 7266 7279 7265
f 7272 7280 7256
f 7267 7281 7266
f 7273 7267 7263
f 7273 7256 7280
f 7275 7274 7259
f 7274 7277 7262
f 7268 7282 7275
f 7283 7268 7269
f 7276 7284 7269
f 7264 7270 7276
f 7277 7276 7270
f 7271 7278 7285
f 7278 7265 7279
f 7272 7271 7286
f 7266 7281 7279
f 7280 7272 7287
f 7281 7267 7280
f 7273 7280 7267
f 7274 7275 7288
f 7289 7277 7274
f 7290 7275 7282
f 7282 7268 7283
f 7283 7269 7284
f 7276 7277 7284
f 7291 7285 7278
f 7271 7285 7286
f 7279 7292 7278
f 7286 7287 7272
f 7281 7293 7279
f 7280 7287 7281
f 7290 7288 7275
f 7288 7289 7274
f 7289 7284 7277
f 7290 7282 7294
f 7295 7282 7283
f 7283 7284 7295
f 7291 7296 7285
f 7291 7278 7292
f 7286 7285 7297
f 7279 7293 7292
f 7287 7286 7298
f 7293 7281 7287
f 7290 7294 7288
f 7299 7289 7288
f 7289 7299 7284
f 7300 7294 7282
f 7300 7282 7295
f 7301 7295 7284
f 7302 7285 7296
f 7291 7292 7296
f 7285 7302 7297
f 7297 7298 7286
f 7293 7303 7292
f 7287 7298 7293
f 7304 7288 7294
f 7304 7299 7288
f 7301 7284 7299
f 7294 7300 7301
f 7295 7301 7300
f 7296 7305 7302
f 7306 7296 7292
f 7307 7297 7302
f 7297 7307 7298
f 7292 7303 7306
f 7303 7293 7298
f 7294 7301 7304
f 7299 7304 7301
f 7307 7302 7305
f 7296 7306 7305
f 7305 7298 7307
f 7308 7306 7303
f 7303 7298 7308
f 7308 7305 7306
f 7305 7308 7298
f 7309 7310 7311
f 7311 7310 7309
f 7312 7310 7309
f 7309 7310 7312
f 7310 7313 7311
f 7311 7313 7310
f 7311 7314 7309
f 7309 7314 7311
f 7315 7310 7312
f 7312 7310 7315
f 7316 7312 7309
f 7309 7312 7316
f 7310 7317 7313
f 7313 7317 7310
f 7314 7311 7318
f 7318 7311 7314
f 7314 7316 7309
f 7309 7316 7314
f 7310 7315 7317
f 7317 7315 7310
f 7312 7319 7315
f 7315 7319 7312
f 7312 7316 7320
f 7320 7316 7312
f 7317 7321 7313
f 7313 7321 7317
f 7322 7314 7318
f 7318 7314 7322
f 7316 7314 7323
f 7323 7314 7316
f 7324 7317 7315
f 7315 7317 7324
f 7319 7312 7320
f 7320 7312 7319
f 7319 7324 7315
f 7315 7324 7319
f 7317 7325 7321
f 7321 7325 7317
f 7314 7322 7326
f 7326 7322 7314
f 7314 7327 7323
f 7323 7327 7314
f 7317 7324 7325
f 7325 7324 7317
f 7324 7319 7328
f 7328 7319 7324
f 7325 7329 7321
f 7321 7329 7325
f 7330 7326 7322
f 7322 7326 7330
f 7327 7314 7326
f 7326 7314 7327
f 7331 7325 7324
f 7324 7325 7331
f 7332 7324 7328
f 7328 7324 7332
f 7325 7333 7329
f 7329 7333 7325
f 7326 7330 7334
f 7334 7330 7326
f 7326 7335 7327
f 7327 7335 7326
f 7325 7331 7333
f 7333 7331 7325
f 7324 7332 7331
f 7331 7332 7324
f 7333 7336 7329
f 7329 7336 7333
f 7337 7334 7330
f 7330 7334 7337
f 7335 7326 7334
f 7334 7326 7335
f 7338 7333 7331
f 7331 7333 7338
f 7332 7338 7331
f 7331 7338 7332
f 7333 7339 7336
f 7336 7339 7333
f 7334 7337 7340
f 7340 7337 7334
f 7334 7341 7335
f 7335 7341 7334
f 7333 7338 7342
f 7342 7338 7333
f 7338 7332 7343
f 7343 7332 7338
f 7333 7342 7339
f 7339 7342 7333
f 7344 7340 7337
f 7337 7340 7344
f 7341 7334 7340
f 7340 7334 7341
f 7338 7345 7342
f 7342 7345 7338
f 7346 7338 7343
f 7343 7338 7346
f 7342 7347 7339
f 7339 7347 7342
f 7340 7344 7348
f 7348 7344 7340
f 7340 7349 7341
f 7341 7349 7340
f 7345 7338 7350
f 7350 7338 7345
f 7345 7347 7342
f 7342 7347 7345
f 7338 7346 7350
f 7350 7346 7338
f 7351 7348 7344
f 7344 7348 7351
f 7349 7340 7348
f 7348 7340 7349
f 7350 7352 7345
f 7345 7352 7350
f 7345 7353 7347
f 7347 7353 7345
f 7354 7350 7346
f 7346 7350 7354
f 7348 7351 7355
f 7355 7351 7348
f 7348 7356 7349
f 7349 7356 7348
f 7352 7350 7357
f 7357 7350 7352
f 7352 7353 7345
f 7345 7353 7352
f 7350 7354 7357
f 7357 7354 7350
f 7358 7355 7351
f 7351 7355 7358
f 7356 7348 7355
f 7355 7348 7356
f 7357 7359 7352
f 7352 7359 7357
f 7352 7360 7353
f 7353 7360 7352
f 7361 7357 7354
f 7354 7357 7361
f 7355 7358 7362
f 7362 7358 7355
f 7355 7363 7356
f 7356 7363 7355
f 7359 7357 7364
f 7364 7357 7359
f 7359 7360 7352
f 7352 7360 7359
f 7357 7361 7364
f 7364 7361 7357
f 7358 7365 7362
f 7362 7365 7358
f 7363 7355 7362
f 7362 7355 7363
f 7364 7366 7359
f 7359 7366 7364
f 7359 7367 7360
f 7360 7367 7359
f 7368 7364 7361
f 7361 7364 7368
f 7365 7358 7369
f 7369 7358 7365
f 7370 7362 7365
f 7365 7362 7370
f 7362 7370 7363
f 7363 7370 7362
f 7366 7364 7371
f 7371 7364 7366
f 7366 7367 7359
f 7359 7367 7366
f 7364 7368 7371
f 7371 7368 7364
f 7369 7372 7365
f 7365 7372 7369
f 7365 7373 7370
f 7370 7373 7365
f 7371 7374 7366
f 7366 7374 7371
f 7366 7375 7367
f 7367 7375 7366
f 7376 7371 7368
f 7368 7371 7376
f 7372 7369 7377
f 7377 7369 7372
f 7373 7365 7372
f 7372 7365 7373
f 7374 7371 7378
f 7378 7371 7374
f 7374 7375 7366
f 7366 7375 7374
f 7371 7376 7378
f 7378 7376 7371
f 7379 7372 7377
f 7377 7372 7379
f 7380 7373 7372
f 7372 7373 7380
f 7378 7381 7374
f 7374 7381 7378
f 7374 7382 7375
f 7375 7382 7374
f 7383 7378 7376
f 7376 7378 7383
f 7372 7379 7380
f 7380 7379 7372
f 7373 7380 7384
f 7384 7380 7373
f 7381 7378 7385
f 7385 7378 7381
f 7381 7382 7374
f 7374 7382 7381
f 7378 7383 7385
f 7385 7383 7378
f 7379 7386 7380
f 7380 7386 7379
f 7380 7387 7384
f 7384 7387 7380
f 7385 7388 7381
f 7381 7388 7385
f 7388 7382 7381
f 7381 7382 7388
f 7383 7389 7385
f 7385 7389 7383
f 7386 7379 7390
f 7390 7379 7386
f 7387 7380 7386
f 7386 7380 7387
f 7388 7385 7389
f 7389 7385 7388
f 7388 7391 7382
f 7382 7391 7388
f 7389 7383 7392
f 7392 7383 7389
f 7386 7390 7388
f 7388 7390 7386
f 7386 7392 7387
f 7387 7392 7386
f 7386 7388 7389
f 7389 7388 7386
f 7388 7390 7391
f 7391 7390 7388
f 7392 7386 7389
f 7389 7386 7392
f 7393 7394 7395
f 7394 7393 7396
f 7394 7397 7395
f 7395 7398 7393
f 7393 7399 7396
f 7396 7400 7394
f 7394 7401 7397
f 7395 7397 7402
f 7398 7395 7403
f 7398 7404 7393
f 7399 7393 7404
f 7405 7396 7399
f 7400 7396 7406
f 7400 7401 7394
f 7407 7397 7401
f 7408 7402 7397
f 7395 7402 7403
f 7403 7409 7398
f 7404 7398 7410
f 7411 7399 7404
f 7396 7405 7406
f 7412 7405 7399
f 7413 7400 7406
f 7400 7414 7401
f 7397 7407 7408
f 7401 7415 7407
f 7402 7408 7416
f 7403 7402 7417
f 7409 7403 7418
f 7409 7410 7398
f 7419 7404 7410
f 7412 7399 7411
f 7411 7404 7419
f 7405 7413 7406
f 7420 7405 7412
f 7400 7413 7421
f 7421 7414 7400
f 7415 7401 7414
f 7407 7411 7408
f 7415 7412 7407
f 7408 7419 7416
f 7422 7402 7416
f 7402 7422 7417
f 7403 7417 7418
f 7418 7423 7409
f 7410 7409 7424
f 7419 7410 7425
f 7411 7407 7412
f 7419 7408 7411
f 7413 7405 7426
f 7420 7426 7405
f 7412 7415 7420
f 7427 7421 7413
f 7414 7421 7428
f 7428 7415 7414
f 7419 7422 7416
f 7429 7417 7422
f 7418 7417 7430
f 7423 7418 7431
f 7423 7424 7409
f 7425 7410 7424
f 7422 7419 7425
f 7426 7427 7413
f 7426 7420 7432
f 7415 7432 7420
f 7421 7427 7428
f 7415 7428 7427
f 7417 7429 7430
f 7425 7429 7422
f 7418 7430 7431
f 7431 7433 7423
f 7424 7423 7434
f 7425 7424 7435
f 7427 7426 7432
f 7432 7415 7427
f 7436 7430 7429
f 7429 7425 7435
f 7431 7430 7437
f 7433 7431 7438
f 7433 7434 7423
f 7435 7424 7434
f 7430 7436 7437
f 7435 7436 7429
f 7431 7437 7438
f 7439 7433 7438
f 7434 7433 7440
f 7435 7434 7441
f 7442 7437 7436
f 7436 7435 7441
f 7438 7437 7443
f 7433 7439 7444
f 7438 7443 7439
f 7433 7445 7440
f 7441 7434 7440
f 7437 7442 7443
f 7441 7442 7436
f 7446 7444 7439
f 7445 7433 7444
f 7439 7443 7447
f 7448 7440 7445
f 7441 7440 7448
f 7449 7443 7442
f 7442 7441 7448
f 7444 7446 7450
f 7439 7447 7446
f 7444 7451 7445
f 7443 7449 7447
f 7448 7445 7452
f 7448 7449 7442
f 7453 7450 7446
f 7451 7444 7450
f 7446 7447 7454
f 7452 7445 7451
f 7455 7447 7449
f 7449 7448 7452
f 7450 7453 7456
f 7446 7454 7453
f 7450 7457 7451
f 7447 7455 7454
f 7452 7451 7458
f 7452 7455 7449
f 7453 7459 7456
f 7457 7450 7456
f 7453 7454 7460
f 7458 7451 7457
f 7455 7460 7454
f 7455 7452 7458
f 7459 7453 7461
f 7459 7457 7456
f 7453 7460 7461
f 7458 7457 7462
f 7460 7455 7463
f 7462 7455 7458
f 7461 7463 7459
f 7457 7459 7464
f 7463 7461 7460
f 7462 7457 7464
f 7455 7462 7463
f 7463 7464 7459
f 7464 7463 7462
f 7395 7394 7393
f 7396 7393 7394
f 7395 7397 7394
f 7393 7398 7395
f 7396 7399 7393
f 7394 7400 7396
f 7397 7401 7394
f 7402 7397 7395
f 7403 7395 7398
f 7393 7404 7398
f 7404 7393 7399
f 7399 7396 7405
f 7406 7396 7400
f 7394 7401 7400
f 7401 7397 7407
f 7397 7402 7408
f 7403 7402 7395
f 7398 7409 7403
f 7410 7398 7404
f 7404 7399 7411
f 7406 7405 7396
f 7399 7405 7412
f 7406 7400 7413
f 7401 7414 7400
f 7408 7407 7397
f 7407 7415 7401
f 7416 7408 7402
f 7417 7402 7403
f 7418 7403 7409
f 7398 7410 7409
f 7410 7404 7419
f 7411 7399 7412
f 7419 7404 7411
f 7406 7413 7405
f 7412 7405 7420
f 7421 7413 7400
f 7400 7414 7421
f 7414 7401 7415
f 7408 7411 7407
f 7407 7412 7415
f 7416 7419 7408
f 7416 7402 7422
f 7417 7422 7402
f 7418 7417 7403
f 7409 7423 7418
f 7424 7409 7410
f 7425 7410 7419
f 7412 7407 7411
f 7411 7408 7419
f 7426 7405 7413
f 7405 7426 7420
f 7420 7415 7412
f 7413 7421 7427
f 7428 7421 7414
f 7414 7415 7428
f 7416 7422 7419
f 7422 7417 7429
f 7430 7417 7418
f 7431 7418 7423
f 7409 7424 7423
f 7424 7410 7425
f 7425 7419 7422
f 7413 7427 7426
f 7432 7420 7426
f 7420 7432 7415
f 7428 7427 7421
f 7427 7428 7415
f 7430 7429 7417
f 7422 7429 7425
f 7431 7430 7418
f 7423 7433 7431
f 7434 7423 7424
f 7435 7424 7425
f 7432 7426 7427
f 7427 7415 7432
f 7429 7430 7436
f 7435 7425 7429
f 7437 7430 7431
f 7438 7431 7433
f 7423 7434 7433
f 7434 7424 7435
f 7437 7436 7430
f 7429 7436 7435
f 7438 7437 7431
f 7438 7433 7439
f 7440 7433 7434
f 7441 7434 7435
f 7436 7437 7442
f 7441 7435 7436
f 7443 7437 7438
f 7444 7439 7433
f 7439 7443 7438
f 7440 7445 7433
f 7440 7434 7441
f 7443 7442 7437
f 7436 7442 7441
f 7439 7444 7446
f 7444 7433 7445
f 7447 7443 7439
f 7445 7440 7448
f 7448 7440 7441
f 7442 7443 7449
f 7448 7441 7442
f 7450 7446 7444
f 7446 7447 7439
f 7445 7451 7444
f 7447 7449 7443
f 7452 7445 7448
f 7442 7449 7448
f 7446 7450 7453
f 7450 7444 7451
f 7454 7447 7446
f 7451 7445 7452
f 7449 7447 7455
f 7452 7448 7449
f 7456 7453 7450
f 7453 7454 7446
f 7451 7457 7450
f 7454 7455 7447
f 7458 7451 7452
f 7449 7455 7452
f 7456 7459 7453
f 7456 7450 7457
f 7460 7454 7453
f 7457 7451 7458
f 7454 7460 7455
f 7458 7452 7455
f 7461 7453 7459
f 7456 7457 7459
f 7461 7460 7453
f 7462 7457 7458
f 7463 7455 7460
f 7458 7455 7462
f 7459 7463 7461
f 7464 7459 7457
f 7460 7461 7463
f 7464 7457 7462
f 7463 7462 7455
f 7459 7464 7463
f 7462 7463 7464

