# https://github.com/mikedh/trimesh
v -0.20930194 0.09035640 -0.49082447
v -0.21077534 0.09219472 -0.47454787
v -0.21374540 0.07891382 -0.48077600
v -0.21115994 0.07378404 -0.49363652
v -0.20138098 0.08028764 -0.49954087
v -0.19831969 0.09567102 -0.49656723
v -0.20410299 0.10189318 -0.48706494
v -0.21080635 0.09221082 -0.45461549
v -0.21384856 0.07892157 -0.46147269
v -0.20431467 0.10207624 -0.46835731
v -0.21080277 0.09221440 -0.43400514
v -0.21384856 0.07892813 -0.44085518
v -0.20431109 0.10207982 -0.44774517
v -0.17205841 0.13081147 -0.49093240
v -0.17382518 0.13258481 -0.47456218
v -0.18394521 0.12211416 -0.48706792
v -0.17794904 0.11610308 -0.49655948
v -0.16322694 0.12199252 -0.49957962
v -0.15735002 0.13670211 -0.49656723
v -0.16335156 0.14270722 -0.48706256
v -0.19266518 0.11020649 -0.49093359
v -0.19443732 0.11197326 -0.47456218
v -0.18384921 0.10134818 -0.49957426
v -0.18874108 0.08302635 -0.49975910
v -0.16924338 0.10737298 -0.49969590
v -0.17334876 0.08700531 -0.49315175
v -0.17384784 0.13260746 -0.45463517
v -0.18413483 0.12232048 -0.46834718
v -0.16355429 0.14290101 -0.46835493
v -0.17384784 0.13260746 -0.43401945
v -0.18414199 0.12231392 -0.44774875
v -0.16355429 0.14290101 -0.44773802
v -0.19445998 0.11199533 -0.45463517
v -0.19445700 0.11199890 -0.43402541
v -0.21379191 0.06177977 -0.48084695
v -0.21116471 0.05491780 -0.49370569
v -0.20174650 0.06179527 -0.49967920
v -0.21379251 0.04117717 -0.48084934
v -0.21116531 0.03430626 -0.49370569
v -0.20174948 0.04118254 -0.49967920
v -0.21379251 0.02055967 -0.48084934
v -0.21116531 0.01368935 -0.49370569
v -0.20174948 0.02056563 -0.49967920
v -0.21379251 -0.00005724 -0.48084934
v -0.21116531 -0.00692756 -0.49370569
v -0.20174948 -0.00005188 -0.49967920
v -0.21393681 0.06178454 -0.46148163
v -0.21393740 0.04117956 -0.46148461
v -0.21393681 0.06179229 -0.44085816
v -0.21393681 0.04118135 -0.44085816
v -0.21393740 0.02056265 -0.46148461
v -0.21393740 -0.00005486 -0.46148461
v -0.21393681 0.02056444 -0.44085816
v -0.21393681 -0.00005247 -0.44085816
v -0.19068017 0.06179349 -0.49976387
v -0.19067719 0.04119268 -0.49975851
v -0.18031388 0.06275588 -0.49384999
v -0.17683698 0.06358411 -0.48101570
v -0.17004776 0.08249864 -0.47474763
v -0.18186361 0.04116227 -0.49378678
v -0.18003840 0.04110562 -0.48092805
v -0.19067719 0.02057517 -0.49975851
v -0.19067719 -0.00004174 -0.49975851
v -0.18185824 0.02057040 -0.49378201
v -0.18002647 0.02057278 -0.48092030
v -0.18185824 -0.00004651 -0.49378142
v -0.17992690 -0.00004412 -0.48092030
v -0.17670699 0.06341238 -0.46151383
v -0.16993268 0.08236210 -0.45464471
v -0.17990901 0.04106746 -0.46148223
v -0.17670699 0.06340999 -0.44088201
v -0.16993268 0.08236210 -0.43401587
v -0.18000859 0.04106686 -0.44085936
v -0.17999606 0.02056623 -0.46148104
v -0.17979750 -0.00004591 -0.46147627
v -0.18019463 0.02056801 -0.44086114
v -0.17999606 -0.00003816 -0.44085280
v -0.21080277 0.09221440 -0.41338823
v -0.21384856 0.07892813 -0.42023827
v -0.20431467 0.10207684 -0.42712230
v -0.21080635 0.09221082 -0.39276536
v -0.21384856 0.07892813 -0.39962136
v -0.20431109 0.10207982 -0.40651076
v -0.21080635 0.09221082 -0.37214845
v -0.21384856 0.07892813 -0.37900386
v -0.20431467 0.10207624 -0.38588848
v -0.21080277 0.09221440 -0.35153691
v -0.21384856 0.07892813 -0.35838695
v -0.20431109 0.10207982 -0.36527694
v -0.17384784 0.13260746 -0.41340254
v -0.18413483 0.12232048 -0.42712051
v -0.16355429 0.14290101 -0.42712051
v -0.17384784 0.13260746 -0.39278563
v -0.18414199 0.12231392 -0.40651434
v -0.16355429 0.14290101 -0.40650360
v -0.19445700 0.11199890 -0.41340791
v -0.19445998 0.11199533 -0.39278563
v -0.17384784 0.13260746 -0.37216872
v -0.18413483 0.12232048 -0.38588670
v -0.16355429 0.14290101 -0.38588670
v -0.17384486 0.13261045 -0.35155718
v -0.18414199 0.12231392 -0.36528052
v -0.16355131 0.14290459 -0.36527515
v -0.19445998 0.11199533 -0.37216872
v -0.19445700 0.11199890 -0.35155658
v -0.21393681 0.06179229 -0.42024066
v -0.21393681 0.04118135 -0.42024066
v -0.21393681 0.06179229 -0.39962375
v -0.21393681 0.04118135 -0.39962375
v -0.21393681 0.02056444 -0.42024066
v -0.21393681 -0.00005247 -0.42024066
v -0.21393681 0.02056444 -0.39962375
v -0.21393681 -0.00005247 -0.39962375
v -0.21393681 0.06179229 -0.37900684
v -0.21393681 0.04118135 -0.37900684
v -0.21393681 0.06179229 -0.35838993
v -0.21393681 0.04118135 -0.35838993
v -0.21393681 0.02056444 -0.37900684
v -0.21393681 -0.00005247 -0.37900684
v -0.21393681 0.02056444 -0.35838993
v -0.21393681 -0.00005247 -0.35838993
v -0.17670699 0.06340999 -0.42026511
v -0.16993268 0.08236210 -0.41339837
v -0.18000859 0.04106507 -0.42024543
v -0.17670699 0.06340999 -0.39964760
v -0.16993268 0.08236210 -0.39278146
v -0.18000859 0.04106507 -0.39962852
v -0.18019463 0.02056623 -0.42025258
v -0.17999606 -0.00003816 -0.42024602
v -0.18019463 0.02056623 -0.39963508
v -0.17999606 -0.00003816 -0.39962852
v -0.17670699 0.06340999 -0.37903069
v -0.16992910 0.08236508 -0.37216276
v -0.18000859 0.04106507 -0.37901161
v -0.17660742 0.06340999 -0.35841378
v -0.16999767 0.08243723 -0.35154764
v -0.17990960 0.04106209 -0.35839589
v -0.18019463 0.02056623 -0.37901817
v -0.17999606 -0.00003816 -0.37901161
v -0.18019463 0.02056265 -0.35840305
v -0.17999606 -0.00003816 -0.35839470
v -0.13078703 0.17200713 -0.49098487
v -0.13258719 0.17382220 -0.47455861
v -0.14270722 0.16335156 -0.48706375
v -0.13671463 0.15733571 -0.49656007
v -0.12195376 0.16318818 -0.49963150
v -0.11611322 0.17793414 -0.49657081
v -0.12207898 0.18390347 -0.48711562
v -0.13261045 0.17384486 -0.45462980
v -0.14290101 0.16355429 -0.46834718
v -0.12231988 0.18413543 -0.46835612
v -0.13260746 0.17384784 -0.43401945
v -0.14290101 0.16355429 -0.44773802
v -0.12231690 0.18413841 -0.44774339
v -0.09037369 0.20930253 -0.49080420
v -0.09219949 0.21077236 -0.47454251
v -0.10189676 0.20409941 -0.48707090
v -0.09567937 0.19831313 -0.49655948
v -0.08029420 0.20138515 -0.49953133
v -0.07380372 0.21115755 -0.49362102
v -0.07891978 0.21375256 -0.48076407
v -0.11016714 0.19262881 -0.49098606
v -0.11197923 0.19443076 -0.47456397
v -0.10130943 0.18381105 -0.49962613
v -0.10734734 0.16919270 -0.49974658
v -0.08302933 0.18874406 -0.49976924
v -0.08700293 0.17335055 -0.49315652
v -0.09221380 0.21080277 -0.45462086
v -0.10207624 0.20431467 -0.46834897
v -0.07892396 0.21384856 -0.46147030
v -0.09221440 0.21080277 -0.43400514
v -0.10208340 0.20430811 -0.44775054
v -0.07892813 0.21384856 -0.44085518
v -0.11200188 0.19445342 -0.45463517
v -0.11199890 0.19445700 -0.43402541
v -0.13260746 0.17384784 -0.41340254
v -0.14290101 0.16355429 -0.42712051
v -0.12232048 0.18413543 -0.42712051
v -0.13261045 0.17384486 -0.39278027
v -0.14290101 0.16355429 -0.40650360
v -0.12231690 0.18413841 -0.40650897
v -0.13261045 0.17384486 -0.37216276
v -0.14290101 0.16355429 -0.38588670
v -0.12232048 0.18413483 -0.38588670
v -0.13261045 0.17384486 -0.35155718
v -0.14290459 0.16355131 -0.36527515
v -0.12231690 0.18413841 -0.36527515
v -0.09221440 0.21080277 -0.41338823
v -0.10207624 0.20431467 -0.42712230
v -0.07892813 0.21384856 -0.42023827
v -0.09221440 0.21080277 -0.39277073
v -0.10208340 0.20430811 -0.40651672
v -0.07892813 0.21384856 -0.39962136
v -0.11199890 0.19445700 -0.41340791
v -0.11200188 0.19445342 -0.39278563
v -0.09221440 0.21080277 -0.37215382
v -0.10207684 0.20431467 -0.38588848
v -0.07892813 0.21384856 -0.37900386
v -0.09221440 0.21080277 -0.35153691
v -0.10208340 0.20430811 -0.36528231
v -0.07892813 0.21384856 -0.35838695
v -0.11200188 0.19445342 -0.37216872
v -0.11199890 0.19445700 -0.35155718
v -0.06181734 0.20175127 -0.49966072
v -0.05493271 0.21117365 -0.49368184
v -0.06179349 0.21380563 -0.48082310
v -0.04119566 0.20175783 -0.49966072
v -0.03432176 0.21117425 -0.49368184
v -0.04119029 0.21380622 -0.48082608
v -0.06179110 0.19068793 -0.49978415
v -0.08264652 0.17018192 -0.47473868
v -0.06358530 0.17673919 -0.48102047
v -0.06274634 0.18032282 -0.49386788
v -0.04118075 0.19063486 -0.49972512
v -0.04108713 0.17985713 -0.48095667
v -0.04114736 0.18182723 -0.49375935
v -0.06178752 0.21393681 -0.46147627
v -0.06179229 0.21393681 -0.44085816
v -0.04118135 0.21393740 -0.46147925
v -0.04118135 0.21393681 -0.44085816
v -0.08259047 0.17012886 -0.45463159
v -0.06349824 0.17656448 -0.46149892
v -0.08259226 0.17012587 -0.43401408
v -0.06356920 0.17663485 -0.44086413
v -0.04106209 0.17961206 -0.46148282
v -0.04106686 0.17961147 -0.44084803
v -0.02057875 0.20175783 -0.49966072
v -0.01370426 0.21117425 -0.49368184
v -0.02057278 0.21380622 -0.48082608
v 0.00003816 0.20175783 -0.49966072
v 0.00691265 0.21117425 -0.49368184
v 0.00004412 0.21380622 -0.48082608
v -0.02056265 0.19063307 -0.49972273
v -0.02054893 0.17979094 -0.48089585
v -0.02055311 0.18187315 -0.49380646
v 0.00005307 0.19063247 -0.49972273
v 0.00006678 0.17978975 -0.48089346
v 0.00006261 0.18176701 -0.49369853
v -0.02056444 0.21393740 -0.46147925
v -0.02056444 0.21393681 -0.44085816
v 0.00005247 0.21393740 -0.46147925
v 0.00005247 0.21393681 -0.44085816
v -0.02055430 0.17959954 -0.46148282
v -0.02055609 0.17959954 -0.44084982
v 0.00006440 0.17959954 -0.46148163
v 0.00006082 0.17959954 -0.44084982
v -0.06179229 0.21393681 -0.42024066
v -0.06179229 0.21393681 -0.39962375
v -0.04118135 0.21393681 -0.42024066
v -0.04118135 0.21393681 -0.39962375
v -0.08252071 0.17005432 -0.41339896
v -0.06349884 0.17656448 -0.42025020
v -0.08237879 0.16991420 -0.39277371
v -0.06342609 0.17649472 -0.39963150
v -0.04106567 0.17961147 -0.42023410
v -0.04106269 0.17961206 -0.39961719
v -0.06179229 0.21393681 -0.37900684
v -0.06179229 0.21393681 -0.35838933
v -0.04118135 0.21393681 -0.37900684
v -0.04118135 0.21393681 -0.35838933
v -0.08238237 0.16991121 -0.37214785
v -0.06342550 0.17649532 -0.37900922
v -0.08238416 0.16990943 -0.35153273
v -0.06342550 0.17649532 -0.35839232
v -0.04106149 0.17961206 -0.37899849
v -0.04106149 0.17961206 -0.35838099
v -0.02056444 0.21393681 -0.42024066
v -0.02056444 0.21393681 -0.39962375
v 0.00005247 0.21393681 -0.42024066
v 0.00005247 0.21393681 -0.39962375
v -0.02055609 0.17959954 -0.42023231
v -0.02055609 0.17959954 -0.39961540
v 0.00006082 0.17959954 -0.42023231
v 0.00006082 0.17959954 -0.39961540
v -0.02056444 0.21393681 -0.37900684
v -0.02056444 0.21393681 -0.35838933
v 0.00005247 0.21393681 -0.37900684
v 0.00005247 0.21393681 -0.35838933
v -0.02055609 0.17959954 -0.37899849
v -0.02055609 0.17959954 -0.35838158
v 0.00006082 0.17959954 -0.37899849
v 0.00006082 0.17959954 -0.35838158
v -0.15143733 0.15143733 -0.49093240
v -0.15320470 0.15320529 -0.47455622
v -0.14261003 0.14261003 -0.49957903
v -0.14863303 0.12799406 -0.49970186
v -0.12800778 0.14861932 -0.49970186
v -0.13229382 0.13228428 -0.49317262
v -0.15291371 0.11166022 -0.49317202
v -0.16155974 0.09968695 -0.49538063
v -0.16024793 0.09833460 -0.48740661
v -0.14970156 0.10845522 -0.47478161
v -0.14093985 0.12032354 -0.49539017
v -0.13961731 0.11897536 -0.48741138
v -0.12908167 0.12907571 -0.47478042
v -0.15322735 0.15322735 -0.45462980
v -0.15322735 0.15322735 -0.43401408
v -0.15992117 0.09797444 -0.46844735
v -0.14964671 0.10838665 -0.45465484
v -0.15992058 0.09797385 -0.44778334
v -0.14964611 0.10838605 -0.43402899
v -0.13935137 0.11868318 -0.46844437
v -0.12902145 0.12901191 -0.45465306
v -0.13928041 0.11861222 -0.44778393
v -0.12901906 0.12901370 -0.43402899
v -0.11167989 0.15289284 -0.49317202
v -0.12032294 0.14094045 -0.49539017
v -0.11899682 0.13959584 -0.48740959
v -0.10860489 0.14983334 -0.47477684
v -0.09968517 0.16155915 -0.49538123
v -0.09842344 0.16029921 -0.48739587
v -0.11872909 0.13930546 -0.46844437
v -0.10854466 0.14977013 -0.45465663
v -0.11879528 0.13937820 -0.44778214
v -0.10861622 0.14983871 -0.43403734
v -0.09822309 0.16009290 -0.46843543
v -0.09843656 0.16030040 -0.44777737
v -0.15322735 0.15322735 -0.41339717
v -0.15322735 0.15322735 -0.39278027
v -0.15992058 0.09797385 -0.42716643
v -0.14957634 0.10831629 -0.41341208
v -0.15992058 0.09797385 -0.40654952
v -0.14957634 0.10831629 -0.39279159
v -0.13935018 0.11868258 -0.42716345
v -0.12902264 0.12901012 -0.41341387
v -0.13928041 0.11861222 -0.40654952
v -0.12909479 0.12907869 -0.39279458
v -0.15322735 0.15322735 -0.37216336
v -0.15322795 0.15322795 -0.35155658
v -0.15991759 0.09797742 -0.38593082
v -0.14964611 0.10838665 -0.37217111
v -0.16005951 0.09811576 -0.36531689
v -0.14971349 0.10845999 -0.35155897
v -0.13928339 0.11860924 -0.38592784
v -0.12909479 0.12907869 -0.37217767
v -0.13941934 0.11875473 -0.36531212
v -0.12916455 0.12914905 -0.35156076
v -0.11886743 0.13944677 -0.42717179
v -0.10855122 0.14976298 -0.41342699
v -0.11879528 0.13937820 -0.40655488
v -0.10862278 0.14983155 -0.39280173
v -0.09829464 0.16016147 -0.42717358
v -0.09815869 0.16001598 -0.40654773
v -0.11886743 0.13944677 -0.38593798
v -0.10855301 0.14976179 -0.37218423
v -0.11886922 0.13944498 -0.36531928
v -0.10855599 0.14975821 -0.35156553
v -0.09808833 0.15994562 -0.38592605
v -0.09816048 0.16001419 -0.36530199
v -0.21080277 0.09221440 -0.33091940
v -0.21384856 0.07892813 -0.33777004
v -0.20431467 0.10207684 -0.34465407
v -0.21080635 0.09221082 -0.31029713
v -0.21384856 0.07892813 -0.31715253
v -0.20431109 0.10207982 -0.32404253
v -0.21080635 0.09221082 -0.28968022
v -0.21384856 0.07892813 -0.29653562
v -0.20431467 0.10207624 -0.30342025
v -0.21080277 0.09221440 -0.26906867
v -0.21384856 0.07892813 -0.27591872
v -0.20431109 0.10207982 -0.28280871
v -0.17384486 0.13261045 -0.33093967
v -0.18413483 0.12232048 -0.34465228
v -0.16355429 0.14290101 -0.34465228
v -0.17384784 0.13260746 -0.31031740
v -0.18414199 0.12231392 -0.32404610
v -0.16355131 0.14290459 -0.32404074
v -0.19445700 0.11199890 -0.33093967
v -0.19445998 0.11199533 -0.31031740
v -0.17384784 0.13260746 -0.28969989
v -0.18413483 0.12232048 -0.30341846
v -0.16355429 0.14290101 -0.30341846
v -0.17384784 0.13260746 -0.26908298
v -0.18414199 0.12231392 -0.28281229
v -0.16355429 0.14290101 -0.28280096
v -0.19445998 0.11199533 -0.28970049
v -0.19445700 0.11199890 -0.26908835
v -0.21393681 0.06179229 -0.33777242
v -0.21393681 0.04118135 -0.33777242
v -0.21393681 0.06179229 -0.31715552
v -0.21393681 0.04118135 -0.31715552
v -0.21393681 0.02056444 -0.33777242
v -0.21393681 -0.00005247 -0.33777242
v -0.21393681 0.02056444 -0.31715552
v -0.21393681 -0.00005247 -0.31715552
v -0.21393681 0.06179229 -0.29653861
v -0.21393681 0.04118135 -0.29653861
v -0.21393681 0.06179229 -0.27592110
v -0.21393681 0.04118135 -0.27592110
v -0.21393681 0.02056444 -0.29653861
v -0.21393681 -0.00005247 -0.29653861
v -0.21393681 0.02056444 -0.27592110
v -0.21393681 -0.00005247 -0.27592110
v -0.17650784 0.06341178 -0.33779329
v -0.17000125 0.08243365 -0.33093550
v -0.17990960 0.04105851 -0.33777541
v -0.17650843 0.06341357 -0.31717281
v -0.16993268 0.08236210 -0.31031680
v -0.17981062 0.04105672 -0.31715671
v -0.18009564 0.02056146 -0.33778435
v -0.17999606 -0.00004114 -0.33777898
v -0.17999606 0.02055967 -0.31716506
v -0.17999606 -0.00004591 -0.31716207
v -0.17650843 0.06341357 -0.29655590
v -0.16993268 0.08236210 -0.28969632
v -0.17971104 0.04105851 -0.29653682
v -0.17650784 0.06341536 -0.27593720
v -0.17000543 0.08243126 -0.26907583
v -0.17961147 0.04106030 -0.27591633
v -0.17989708 0.02055609 -0.29654517
v -0.17999606 -0.00005128 -0.29654517
v -0.17989708 0.02055311 -0.27592468
v -0.17989708 -0.00005307 -0.27592647
v -0.21080277 0.09221440 -0.24845117
v -0.21384856 0.07892813 -0.25530181
v -0.20431467 0.10207684 -0.26218584
v -0.21080635 0.09221082 -0.22782889
v -0.21384856 0.07892813 -0.23468430
v -0.20431109 0.10207982 -0.24157429
v -0.21080635 0.09221082 -0.20721198
v -0.21384856 0.07892813 -0.21406739
v -0.20431467 0.10207624 -0.22095202
v -0.21080277 0.09221440 -0.18660044
v -0.21384856 0.07892813 -0.19345048
v -0.20431109 0.10207982 -0.20034047
v -0.17384784 0.13260746 -0.24846607
v -0.18413483 0.12232048 -0.26218405
v -0.16355429 0.14290101 -0.26218405
v -0.17384784 0.13260746 -0.22784917
v -0.18414199 0.12231392 -0.24157787
v -0.16355429 0.14290101 -0.24156714
v -0.19445700 0.11199890 -0.24847144
v -0.19445998 0.11199533 -0.22784917
v -0.17384784 0.13260746 -0.20723166
v -0.18413483 0.12232048 -0.22094963
v -0.16355429 0.14290101 -0.22094963
v -0.17384784 0.13260746 -0.18661475
v -0.18414199 0.12231392 -0.20034346
v -0.16355429 0.14290101 -0.20033272
v -0.19445998 0.11199533 -0.20723166
v -0.19445700 0.11199890 -0.18662012
v -0.21393681 0.06179229 -0.25530419
v -0.21393681 0.04118135 -0.25530419
v -0.21393681 0.06179229 -0.23468728
v -0.21393681 0.04118135 -0.23468728
v -0.21393681 0.02056444 -0.25530419
v -0.21393681 -0.00005247 -0.25530419
v -0.21393681 0.02056444 -0.23468728
v -0.21393681 -0.00005247 -0.23468728
v -0.21393681 0.06179229 -0.21407037
v -0.21393681 0.04118135 -0.21407037
v -0.21393681 0.06179229 -0.19345287
v -0.21393681 0.04118135 -0.19345287
v -0.21393681 0.02056444 -0.21407037
v -0.21393681 -0.00005247 -0.21407037
v -0.21393681 0.02056444 -0.19345287
v -0.21393681 -0.00005247 -0.19345287
v -0.17657820 0.06348453 -0.25532327
v -0.16993685 0.08236031 -0.24846548
v -0.17961147 0.04106388 -0.25529405
v -0.17657820 0.06348572 -0.23470636
v -0.17000423 0.08243186 -0.22784797
v -0.17961087 0.04106507 -0.23467893
v -0.17979810 0.02055132 -0.25530598
v -0.17979750 -0.00005426 -0.25530777
v -0.17979810 0.02055311 -0.23468549
v -0.17979750 -0.00005426 -0.23468549
v -0.17650784 0.06341417 -0.21409244
v -0.16993268 0.08236210 -0.20723106
v -0.17961147 0.04106269 -0.21406322
v -0.17650843 0.06341357 -0.19347016
v -0.16993268 0.08236210 -0.18661058
v -0.17961147 0.04106209 -0.19344452
v -0.17969852 0.02055311 -0.21406858
v -0.17969852 -0.00005784 -0.21406978
v -0.17959894 0.02055490 -0.19344810
v -0.17969852 -0.00006082 -0.19344989
v -0.21080277 0.09221440 -0.16598293
v -0.21384856 0.07892813 -0.17283357
v -0.20431467 0.10207684 -0.17971760
v -0.21080635 0.09221082 -0.14536066
v -0.21384856 0.07892813 -0.15221607
v -0.20431109 0.10207982 -0.15910606
v -0.21080635 0.09221082 -0.12474315
v -0.21384856 0.07892813 -0.13159916
v -0.20431467 0.10207624 -0.13848378
v -0.21080277 0.09221440 -0.10413161
v -0.21384856 0.07892813 -0.11098225
v -0.20431109 0.10207982 -0.11787224
v -0.17384784 0.13260746 -0.16599784
v -0.18413483 0.12232048 -0.17971581
v -0.16355429 0.14290101 -0.17971581
v -0.17384784 0.13260746 -0.14538093
v -0.18414199 0.12231392 -0.15910964
v -0.16355429 0.14290101 -0.15909890
v -0.19445700 0.11199890 -0.16600321
v -0.19445998 0.11199533 -0.14538093
v -0.17384784 0.13260746 -0.12476343
v -0.18413483 0.12232048 -0.13848140
v -0.16355429 0.14290101 -0.13848140
v -0.17384784 0.13260746 -0.10414652
v -0.18414199 0.12231392 -0.11787522
v -0.16355429 0.14290101 -0.11786449
v -0.19445998 0.11199533 -0.12476343
v -0.19445700 0.11199890 -0.10415188
v -0.21393681 0.06179229 -0.17283596
v -0.21393681 0.04118135 -0.17283596
v -0.21393681 0.06179229 -0.15221905
v -0.21393681 0.04118135 -0.15221905
v -0.21393681 0.02056444 -0.17283596
v -0.21393681 -0.00005247 -0.17283596
v -0.21393681 0.02056444 -0.15221905
v -0.21393681 -0.00005247 -0.15221905
v -0.21393681 0.06179229 -0.13160154
v -0.21393681 0.04118135 -0.13160154
v -0.21393681 0.06179229 -0.11098463
v -0.21393681 0.04118135 -0.11098463
v -0.21393681 0.02056444 -0.13160154
v -0.21393681 -0.00005247 -0.13160154
v -0.21393681 0.02056444 -0.11098463
v -0.21393681 -0.00005247 -0.11098463
v -0.17650843 0.06341357 -0.17285325
v -0.17000244 0.08243246 -0.16599367
v -0.17961147 0.04106209 -0.17282761
v -0.17650843 0.06341357 -0.15223634
v -0.17000304 0.08243186 -0.14537974
v -0.17961147 0.04106209 -0.15221070
v -0.17959894 0.02055609 -0.17282761
v -0.17959894 -0.00006261 -0.17283119
v -0.17959894 0.02055609 -0.15221070
v -0.17959894 -0.00006142 -0.15221070
v -0.17650843 0.06341357 -0.13161943
v -0.16993268 0.08236210 -0.12476283
v -0.17961147 0.04106209 -0.13159320
v -0.17650843 0.06341357 -0.11100193
v -0.16992910 0.08236508 -0.10414055
v -0.17961147 0.04106209 -0.11097629
v -0.17959894 0.02055609 -0.13159320
v -0.17959894 -0.00006082 -0.13159320
v -0.17969852 0.02055609 -0.11097629
v -0.17969852 -0.00005784 -0.11097450
v -0.21080277 0.09221440 -0.08351470
v -0.21384856 0.07892813 -0.09036474
v -0.20431467 0.10207684 -0.09724937
v -0.21080635 0.09221082 -0.06289243
v -0.21384856 0.07892813 -0.06974783
v -0.20431109 0.10207982 -0.07663783
v -0.21080635 0.09221082 -0.04227492
v -0.21384856 0.07892813 -0.04913092
v -0.20431467 0.10207624 -0.05601555
v -0.21080277 0.09221440 -0.02166338
v -0.21384856 0.07892813 -0.02851402
v -0.20431109 0.10207982 -0.03540341
v -0.17384784 0.13260746 -0.08352961
v -0.18413483 0.12232048 -0.09724758
v -0.16355429 0.14290101 -0.09724758
v -0.17384784 0.13260746 -0.06291210
v -0.18414199 0.12231392 -0.07664140
v -0.16355429 0.14290101 -0.07663008
v -0.19445700 0.11199890 -0.08353497
v -0.19445998 0.11199533 -0.06291210
v -0.17384784 0.13260746 -0.04229519
v -0.18413483 0.12232048 -0.05601317
v -0.16355429 0.14290101 -0.05601317
v -0.17384486 0.13261045 -0.02168365
v -0.18414199 0.12231392 -0.03540699
v -0.16355131 0.14290459 -0.03540162
v -0.19445998 0.11199533 -0.04229519
v -0.19445700 0.11199890 -0.02168365
v -0.21393681 0.06179229 -0.09036772
v -0.21393681 0.04118135 -0.09036772
v -0.21393681 0.06179229 -0.06975082
v -0.21393681 0.04118135 -0.06975082
v -0.21393681 0.02056444 -0.09036772
v -0.21393681 -0.00005247 -0.09036772
v -0.21393681 0.02056444 -0.06975082
v -0.21393681 -0.00005247 -0.06975082
v -0.21393681 0.06179229 -0.04913331
v -0.21393681 0.04118135 -0.04913331
v -0.21393681 0.06179229 -0.02851640
v -0.21393681 0.04118135 -0.02851640
v -0.21393681 0.02056444 -0.04913331
v -0.21393681 -0.00005247 -0.04913331
v -0.21393681 0.02056444 -0.02851640
v -0.21393681 -0.00005247 -0.02851640
v -0.17650843 0.06341357 -0.09038502
v -0.16992731 0.08236687 -0.08352543
v -0.17961147 0.04106209 -0.09035938
v -0.17650843 0.06341357 -0.06976811
v -0.16993089 0.08236329 -0.06290972
v -0.17961147 0.04106209 -0.06974187
v -0.17979810 0.02055490 -0.09036236
v -0.17969852 -0.00005426 -0.09036117
v -0.17979810 0.02055311 -0.06974903
v -0.17979750 -0.00005307 -0.06974545
v -0.17650843 0.06341357 -0.04915060
v -0.16993268 0.08236210 -0.04229102
v -0.17961147 0.04106209 -0.04912496
v -0.17650843 0.06341357 -0.02853369
v -0.16993268 0.08236210 -0.02167411
v -0.17961147 0.04106209 -0.02850805
v -0.17979810 0.02055311 -0.04913152
v -0.17989708 -0.00005426 -0.04913152
v -0.17979810 0.02055311 -0.02851461
v -0.17999666 -0.00005605 -0.02851819
v -0.13261045 0.17384486 -0.33093967
v -0.14290101 0.16355429 -0.34465228
v -0.12232048 0.18413483 -0.34465228
v -0.13261045 0.17384486 -0.31031203
v -0.14290459 0.16355131 -0.32404074
v -0.12231690 0.18413841 -0.32404074
v -0.13261045 0.17384486 -0.28969453
v -0.14290101 0.16355429 -0.30341846
v -0.12232048 0.18413483 -0.30341846
v -0.13260746 0.17384784 -0.26908298
v -0.14290101 0.16355429 -0.28280096
v -0.12231690 0.18413841 -0.28280632
v -0.09221440 0.21080277 -0.33091940
v -0.10207624 0.20431467 -0.34465407
v -0.07892813 0.21384856 -0.33777004
v -0.09221440 0.21080277 -0.31030249
v -0.10208340 0.20430811 -0.32404849
v -0.07892813 0.21384856 -0.31715253
v -0.11199890 0.19445700 -0.33093967
v -0.11200188 0.19445342 -0.31031740
v -0.09221440 0.21080277 -0.28968558
v -0.10207684 0.20431467 -0.30342025
v -0.07892813 0.21384856 -0.29653562
v -0.09221440 0.21080277 -0.26906867
v -0.10208340 0.20430811 -0.28281407
v -0.07892813 0.21384856 -0.27591872
v -0.11200188 0.19445342 -0.28970049
v -0.11199890 0.19445700 -0.26908835
v -0.13260746 0.17384784 -0.24846607
v -0.14290101 0.16355429 -0.26218405
v -0.12232048 0.18413543 -0.26218405
v -0.13261045 0.17384486 -0.22784380
v -0.14290101 0.16355429 -0.24156714
v -0.12231690 0.18413841 -0.24157250
v -0.13261045 0.17384486 -0.20722629
v -0.14290101 0.16355429 -0.22095023
v -0.12232048 0.18413483 -0.22095023
v -0.13261045 0.17384486 -0.18662012
v -0.14290459 0.16355131 -0.20033809
v -0.12231690 0.18413841 -0.20033809
v -0.09221440 0.21080277 -0.24845117
v -0.10207624 0.20431467 -0.26218584
v -0.07892813 0.21384856 -0.25530181
v -0.09221440 0.21080277 -0.22783426
v -0.10208340 0.20430811 -0.24157966
v -0.07892813 0.21384856 -0.23468430
v -0.11199890 0.19445700 -0.24847144
v -0.11200188 0.19445342 -0.22784917
v -0.09221440 0.21080277 -0.20721735
v -0.10207684 0.20431467 -0.22095202
v -0.07892813 0.21384856 -0.21406739
v -0.09221440 0.21080277 -0.18660044
v -0.10208340 0.20430811 -0.20034584
v -0.07892813 0.21384856 -0.19345048
v -0.11200188 0.19445342 -0.20723226
v -0.11199890 0.19445700 -0.18662012
v -0.06179229 0.21393681 -0.33777242
v -0.06179229 0.21393681 -0.31715552
v -0.04118135 0.21393681 -0.33777242
v -0.04118135 0.21393681 -0.31715552
v -0.08238058 0.16991241 -0.33091702
v -0.06342550 0.17649532 -0.33777541
v -0.08237581 0.16991718 -0.31030011
v -0.06342550 0.17649532 -0.31715790
v -0.04106149 0.17961206 -0.33776408
v -0.04106149 0.17961206 -0.31714717
v -0.06179229 0.21393681 -0.29653861
v -0.06179229 0.21393681 -0.27592110
v -0.04118135 0.21393681 -0.29653861
v -0.04118135 0.21393681 -0.27592110
v -0.08237402 0.16991897 -0.28968141
v -0.06342550 0.17649532 -0.29654099
v -0.08237402 0.16991897 -0.26906450
v -0.06342550 0.17659430 -0.27592408
v -0.04106149 0.17961206 -0.29653026
v -0.04106507 0.17971164 -0.27591156
v -0.02056444 0.21393681 -0.33777242
v -0.02056444 0.21393681 -0.31715552
v 0.00005247 0.21393681 -0.33777242
v 0.00005247 0.21393681 -0.31715552
v -0.02055609 0.17959954 -0.33776408
v -0.02055609 0.17959954 -0.31714717
v 0.00006082 0.17959954 -0.33776408
v 0.00006082 0.17959954 -0.31714717
v -0.02056444 0.21393681 -0.29653861
v -0.02056444 0.21393681 -0.27592110
v 0.00005247 0.21393681 -0.29653861
v 0.00005247 0.21393681 -0.27592110
v -0.02055609 0.17959954 -0.29653026
v -0.02055967 0.17959954 -0.27591156
v 0.00006082 0.17959954 -0.29653026
v 0.00006082 0.17959954 -0.27591275
v -0.06179229 0.21393681 -0.25530419
v -0.06179229 0.21393681 -0.23468728
v -0.04118135 0.21393681 -0.25530419
v -0.04118135 0.21393681 -0.23468728
v -0.08237402 0.16991897 -0.24844759
v -0.06342371 0.17669388 -0.25531015
v -0.08237402 0.16991897 -0.22783008
v -0.06342192 0.17669388 -0.23469623
v -0.04106805 0.17971164 -0.25529763
v -0.04106984 0.17981062 -0.23468192
v -0.06179229 0.21393681 -0.21407037
v -0.06179229 0.21393681 -0.19345287
v -0.04118135 0.21393681 -0.21406978
v -0.04118135 0.21393681 -0.19345287
v -0.08237402 0.16991897 -0.20721318
v -0.06342192 0.17659430 -0.21407932
v -0.08237402 0.16991897 -0.18659627
v -0.06342371 0.17649532 -0.19345883
v -0.04106507 0.17971164 -0.21406978
v -0.04106149 0.17971164 -0.19344929
v -0.02056444 0.21393681 -0.25530419
v -0.02056444 0.21393681 -0.23468728
v 0.00005247 0.21393681 -0.25530419
v 0.00005247 0.21393681 -0.23468728
v -0.02056146 0.17969912 -0.25529584
v -0.02056265 0.17979810 -0.23468072
v 0.00005784 0.17959954 -0.25529405
v 0.00005307 0.17959954 -0.23467715
v -0.02056444 0.21393681 -0.21406978
v -0.02056444 0.21393681 -0.19345287
v 0.00005247 0.21393681 -0.21406978
v 0.00005247 0.21393681 -0.19345287
v -0.02055967 0.17979810 -0.21406978
v -0.02055788 0.17969912 -0.19345108
v 0.00005128 0.17969912 -0.21406202
v 0.00005605 0.17979810 -0.19344989
v -0.15322795 0.15322795 -0.33093967
v -0.15322735 0.15322735 -0.31031203
v -0.15998796 0.09804719 -0.34470296
v -0.14978206 0.10853155 -0.33095041
v -0.15998915 0.09804600 -0.32408605
v -0.14957098 0.10832106 -0.31033350
v -0.13942233 0.11875116 -0.34470177
v -0.12909419 0.12907869 -0.33095339
v -0.13941577 0.11875771 -0.32408307
v -0.12923849 0.12921583 -0.31033171
v -0.15322735 0.15322735 -0.28969453
v -0.15322735 0.15322735 -0.26907762
v -0.15992058 0.09797385 -0.30346736
v -0.14957098 0.10832106 -0.28970645
v -0.15992415 0.09797087 -0.28284508
v -0.14964492 0.10838784 -0.26908716
v -0.13934719 0.11868616 -0.30347093
v -0.12909956 0.12907392 -0.28971957
v -0.13941398 0.11875950 -0.28284389
v -0.12924028 0.12921464 -0.26909551
v -0.11900934 0.13958571 -0.34470833
v -0.10848742 0.14968606 -0.33095339
v -0.11887578 0.13943843 -0.32409142
v -0.10855778 0.14975642 -0.31033350
v -0.09815869 0.16001598 -0.34469163
v -0.09808714 0.15994741 -0.32407294
v -0.11887578 0.13943843 -0.30347630
v -0.10848742 0.14968606 -0.28971599
v -0.11881019 0.13936329 -0.28285045
v -0.10841706 0.14961570 -0.26909551
v -0.09801320 0.15988003 -0.30345424
v -0.09801141 0.15988182 -0.28283196
v -0.15322735 0.15322735 -0.24846071
v -0.15322735 0.15322735 -0.22784380
v -0.15999273 0.09804242 -0.26223175
v -0.14964611 0.10838665 -0.24847562
v -0.15999451 0.09804063 -0.24161424
v -0.14957634 0.10831629 -0.22786169
v -0.13934719 0.11868616 -0.26223712
v -0.12902920 0.12900356 -0.24848516
v -0.13941756 0.11875593 -0.24161186
v -0.12909956 0.12907392 -0.22786169
v -0.15322735 0.15322735 -0.20722629
v -0.15323093 0.15322437 -0.18661475
v -0.15992236 0.09797206 -0.22100091
v -0.14957634 0.10831629 -0.20723762
v -0.15992058 0.09797385 -0.20037864
v -0.14964611 0.10838605 -0.18662071
v -0.13927862 0.11861401 -0.22100091
v -0.12902920 0.12900356 -0.20724478
v -0.13935018 0.11868258 -0.20037566
v -0.12902920 0.12900356 -0.18662429
v -0.11880721 0.13936687 -0.26223712
v -0.10834670 0.14954534 -0.24847562
v -0.11880721 0.13936687 -0.24161484
v -0.10841348 0.14961928 -0.22785632
v -0.09801141 0.15988182 -0.26221505
v -0.09801141 0.15988182 -0.24159814
v -0.11866469 0.13922794 -0.22100091
v -0.10841229 0.14962107 -0.20724120
v -0.11873327 0.13929949 -0.20037566
v -0.10834193 0.14955070 -0.18662429
v -0.09801141 0.15988182 -0.22098064
v -0.09801141 0.15988182 -0.20036373
v -0.13261045 0.17384486 -0.16600321
v -0.14290101 0.16355429 -0.17971581
v -0.12232048 0.18413483 -0.17971581
v -0.13261045 0.17384486 -0.14537557
v -0.14290459 0.16355131 -0.15910427
v -0.12231690 0.18413841 -0.15910427
v -0.13261045 0.17384486 -0.12475806
v -0.14290101 0.16355429 -0.13848140
v -0.12232048 0.18413483 -0.13848140
v -0.13260746 0.17384784 -0.10414652
v -0.14290101 0.16355429 -0.11786449
v -0.12231690 0.18413841 -0.11786986
v -0.09221440 0.21080277 -0.16598293
v -0.10207624 0.20431467 -0.17971760
v -0.07892813 0.21384856 -0.17283298
v -0.09221440 0.21080277 -0.14536603
v -0.10208340 0.20430811 -0.15911143
v -0.07892813 0.21384856 -0.15221607
v -0.11199890 0.19445700 -0.16600321
v -0.11200188 0.19445342 -0.14538093
v -0.09221440 0.21080277 -0.12474912
v -0.10207684 0.20431467 -0.13848378
v -0.07892813 0.21384856 -0.13159916
v -0.09221440 0.21080277 -0.10413161
v -0.10208340 0.20430811 -0.11787761
v -0.07892813 0.21384856 -0.11098225
v -0.11200188 0.19445342 -0.12476402
v -0.11199890 0.19445700 -0.10415188
v -0.13260746 0.17384784 -0.08352961
v -0.14290101 0.16355429 -0.09724758
v -0.12232048 0.18413543 -0.09724758
v -0.13261045 0.17384486 -0.06290674
v -0.14290101 0.16355429 -0.07663008
v -0.12231690 0.18413841 -0.07663604
v -0.13261045 0.17384486 -0.04228983
v -0.14290101 0.16355429 -0.05601317
v -0.12232048 0.18413483 -0.05601317
v -0.13261045 0.17384486 -0.02168365
v -0.14290459 0.16355131 -0.03540162
v -0.12231690 0.18413841 -0.03540162
v -0.09221440 0.21080277 -0.08351470
v -0.10207624 0.20431467 -0.09724937
v -0.07892813 0.21384856 -0.09036474
v -0.09221440 0.21080277 -0.06289779
v -0.10208340 0.20430811 -0.07664319
v -0.07892813 0.21384856 -0.06974783
v -0.11199890 0.19445700 -0.08353497
v -0.11200188 0.19445342 -0.06291210
v -0.09221440 0.21080277 -0.04228029
v -0.10207684 0.20431467 -0.05601555
v -0.07892813 0.21384856 -0.04913092
v -0.09221440 0.21080277 -0.02166338
v -0.10208340 0.20430811 -0.03540937
v -0.07892813 0.21384856 -0.02851402
v -0.11200188 0.19445342 -0.04229519
v -0.11199890 0.19445700 -0.02168365
v -0.06179229 0.21393681 -0.17283596
v -0.06179229 0.21393681 -0.15221905
v -0.04118135 0.21393681 -0.17283596
v -0.04118135 0.21393681 -0.15221905
v -0.08237402 0.16991897 -0.16597876
v -0.06342550 0.17649532 -0.17283834
v -0.08237402 0.16991897 -0.14536185
v -0.06342550 0.17649532 -0.15222143
v -0.04105971 0.17961206 -0.17283059
v -0.04106149 0.17961206 -0.15221070
v -0.06179229 0.21393681 -0.13160154
v -0.06179229 0.21393681 -0.11098463
v -0.04118135 0.21393681 -0.13160154
v -0.04118135 0.21393681 -0.11098463
v -0.08244438 0.16998933 -0.12474494
v -0.06342550 0.17649532 -0.13160452
v -0.08251474 0.17005969 -0.10413101
v -0.06342550 0.17649532 -0.11098762
v -0.04106149 0.17961206 -0.13159320
v -0.04106149 0.17961206 -0.11097629
v -0.02056444 0.21393681 -0.17283596
v -0.02056444 0.21393681 -0.15221905
v 0.00005247 0.21393681 -0.17283596
v 0.00005247 0.21393681 -0.15221905
v -0.02055609 0.17959954 -0.17283238
v -0.02055609 0.17959954 -0.15221070
v 0.00006261 0.17979810 -0.17283596
v 0.00006440 0.17979870 -0.15221726
v -0.02056444 0.21393681 -0.13160154
v -0.02056444 0.21393681 -0.11098463
v 0.00005247 0.21393681 -0.13160154
v 0.00005247 0.21393681 -0.11098463
v -0.02055609 0.17959954 -0.13159320
v -0.02055609 0.17959954 -0.11097629
v 0.00006440 0.17969912 -0.13159975
v 0.00006261 0.17959954 -0.11097986
v -0.06179229 0.21393681 -0.09036772
v -0.06179229 0.21393681 -0.06975082
v -0.04118135 0.21393681 -0.09036772
v -0.04118135 0.21393681 -0.06975082
v -0.08244438 0.16998933 -0.08351709
v -0.06342550 0.17649532 -0.09037011
v -0.08237402 0.16991897 -0.06289720
v -0.06342550 0.17649532 -0.06975320
v -0.04106149 0.17961206 -0.09035938
v -0.04106149 0.17961206 -0.06974187
v -0.06179229 0.21393681 -0.04913331
v -0.06179229 0.21393681 -0.02851640
v -0.04118135 0.21393681 -0.04913331
v -0.04118135 0.21393681 -0.02851640
v -0.08244438 0.16998933 -0.04227671
v -0.06342550 0.17649532 -0.04913629
v -0.08244438 0.16998933 -0.02166278
v -0.06342550 0.17649532 -0.02851938
v -0.04106149 0.17961206 -0.04912496
v -0.04106149 0.17961206 -0.02850805
v -0.02056444 0.21393681 -0.09036772
v -0.02056444 0.21393681 -0.06975082
v 0.00005247 0.21393681 -0.09036772
v 0.00005247 0.21393681 -0.06975082
v -0.02055609 0.17959954 -0.09035938
v -0.02055609 0.17959954 -0.06974247
v 0.00006082 0.17959954 -0.09035938
v 0.00006082 0.17959954 -0.06974247
v -0.02056444 0.21393681 -0.04913331
v -0.02056444 0.21393681 -0.02851640
v 0.00005247 0.21393681 -0.04913331
v 0.00005247 0.21393681 -0.02851640
v -0.02055609 0.17959954 -0.04912496
v -0.02055609 0.17959954 -0.02850805
v 0.00006082 0.17959954 -0.04912496
v 0.00006082 0.17959954 -0.02850805
v -0.15323093 0.15322437 -0.16599784
v -0.15322735 0.15322795 -0.14537497
v -0.15999094 0.09804421 -0.17976173
v -0.14971647 0.10845642 -0.16600679
v -0.15992058 0.09797385 -0.15914780
v -0.14964611 0.10838605 -0.14539345
v -0.13928041 0.11861222 -0.17976173
v -0.12909956 0.12907392 -0.16600679
v -0.13935018 0.11868258 -0.15914184
v -0.12902920 0.12900356 -0.14539345
v -0.15322735 0.15322735 -0.12475806
v -0.15322735 0.15322735 -0.10414115
v -0.15999094 0.09804421 -0.13852731
v -0.14957634 0.10831629 -0.12477297
v -0.15991759 0.09797742 -0.11791219
v -0.14971647 0.10845642 -0.10414950
v -0.13928041 0.11861222 -0.13852791
v -0.12902920 0.12900356 -0.12477297
v -0.13935375 0.11867901 -0.11790563
v -0.12910254 0.12907034 -0.10415427
v -0.11873327 0.13929949 -0.17976173
v -0.10841229 0.14962107 -0.16600380
v -0.11866291 0.13922913 -0.15914482
v -0.10841229 0.14962107 -0.14538988
v -0.09801141 0.15988182 -0.17974682
v -0.09801141 0.15988182 -0.15912991
v -0.11880363 0.13936985 -0.13852433
v -0.10848265 0.14969083 -0.12477297
v -0.11866291 0.13922913 -0.11791398
v -0.10855242 0.14976119 -0.10415904
v -0.09808177 0.15995218 -0.13851241
v -0.09808177 0.15995218 -0.11789907
v -0.15322735 0.15322735 -0.08352424
v -0.15322735 0.15322735 -0.06290674
v -0.15998915 0.09804600 -0.09729469
v -0.14971647 0.10845642 -0.08354213
v -0.15998796 0.09804719 -0.07667778
v -0.14978385 0.10853035 -0.06292641
v -0.13942233 0.11875116 -0.09729528
v -0.12910433 0.12906915 -0.08354213
v -0.13949090 0.11882330 -0.07667658
v -0.12917171 0.12914249 -0.06292343
v -0.15322735 0.15322735 -0.04228983
v -0.15322795 0.15322795 -0.02168365
v -0.15991879 0.09797564 -0.05606385
v -0.14963836 0.10839440 -0.04230950
v -0.15992058 0.09797385 -0.03544217
v -0.14956919 0.10832285 -0.02168902
v -0.13941756 0.11875593 -0.05606802
v -0.12909956 0.12907392 -0.04230772
v -0.13948613 0.11882808 -0.03544575
v -0.12902920 0.12900356 -0.02169438
v -0.11873327 0.13929949 -0.09729051
v -0.10841229 0.14962107 -0.08354511
v -0.11866648 0.13922615 -0.07667480
v -0.10834491 0.14954713 -0.06291985
v -0.09808177 0.15995218 -0.09728157
v -0.09808177 0.15995218 -0.07666466
v -0.11873863 0.13929472 -0.05605610
v -0.10842064 0.14961272 -0.04229937
v -0.11880899 0.13936508 -0.03544277
v -0.10841885 0.14961451 -0.02168902
v -0.09808177 0.15995218 -0.05604775
v -0.09801141 0.15988182 -0.03543084
v -0.21379251 -0.02067415 -0.48084934
v -0.21116531 -0.02754447 -0.49370569
v -0.20174948 -0.02066879 -0.49967920
v -0.21379251 -0.04129166 -0.48084934
v -0.21116531 -0.04816197 -0.49370569
v -0.20174650 -0.04128808 -0.49967920
v -0.21378953 -0.06182270 -0.48084934
v -0.21114980 -0.06869779 -0.49371821
v -0.20172921 -0.06190737 -0.49967980
v -0.21373109 -0.07883929 -0.48085530
v -0.21082245 -0.08536257 -0.49350117
v -0.20136965 -0.08210152 -0.49960944
v -0.21393740 -0.02067177 -0.46148461
v -0.21393740 -0.04128868 -0.46148461
v -0.21393681 -0.02066998 -0.44085816
v -0.21393681 -0.04128689 -0.44085816
v -0.21393383 -0.06181972 -0.46148461
v -0.21388433 -0.07882796 -0.46148282
v -0.21393383 -0.06181793 -0.44085757
v -0.21388433 -0.07882617 -0.44085578
v -0.19067719 -0.02065865 -0.49975851
v -0.19068554 -0.04121235 -0.49976507
v -0.18185824 -0.02066342 -0.49378142
v -0.17982732 -0.02066461 -0.48092149
v -0.18187494 -0.04114497 -0.49378798
v -0.17983745 -0.04114617 -0.48092328
v -0.18917219 -0.06283757 -0.49986107
v -0.18660044 -0.08352484 -0.49999642
v -0.17880768 -0.06367832 -0.49388815
v -0.17674575 -0.06345591 -0.48094594
v -0.16969298 -0.08777392 -0.49518565
v -0.17021949 -0.08252011 -0.48105863
v -0.17969793 -0.02066998 -0.46147448
v -0.17960908 -0.04115272 -0.46147448
v -0.17979750 -0.02066342 -0.44084982
v -0.17960908 -0.04114736 -0.44084803
v -0.17651380 -0.06346008 -0.46148759
v -0.16993864 -0.08236687 -0.46150548
v -0.17651380 -0.06346008 -0.44086055
v -0.16994222 -0.08236388 -0.44087307
v -0.20902467 -0.09425665 -0.49069210
v -0.21073479 -0.09211124 -0.48075393
v -0.20421509 -0.10184250 -0.48082608
v -0.19949734 -0.10090992 -0.49484220
v -0.21084332 -0.09207129 -0.46149415
v -0.20436654 -0.10196831 -0.46148044
v -0.21084272 -0.09207248 -0.44087247
v -0.20436476 -0.10197130 -0.44086830
v -0.18485036 -0.10234993 -0.49987538
v -0.19156088 -0.11406620 -0.49081732
v -0.19438366 -0.11179498 -0.48073008
v -0.18408057 -0.12209806 -0.48071756
v -0.18049276 -0.12111182 -0.49482669
v -0.16707412 -0.10515900 -0.49995349
v -0.16426386 -0.12297459 -0.49987478
v -0.17095112 -0.13467655 -0.49081672
v -0.17377331 -0.13240533 -0.48072889
v -0.16346306 -0.14271497 -0.48071756
v -0.15987884 -0.14172575 -0.49482610
v -0.19451007 -0.11194464 -0.46149952
v -0.18419863 -0.12225548 -0.46147805
v -0.19450530 -0.11194941 -0.44088678
v -0.18419386 -0.12226025 -0.44086532
v -0.17389733 -0.13255678 -0.46149892
v -0.16358172 -0.14287239 -0.46147805
v -0.17389256 -0.13256215 -0.44088678
v -0.16357695 -0.14287776 -0.44086532
v -0.21393681 -0.02066998 -0.42024066
v -0.21393681 -0.04128689 -0.42024066
v -0.21393681 -0.02066998 -0.39962375
v -0.21393681 -0.04128689 -0.39962375
v -0.21393383 -0.06181793 -0.42024066
v -0.21388433 -0.07882617 -0.42023887
v -0.21393383 -0.06181793 -0.39962375
v -0.21388433 -0.07882617 -0.39962196
v -0.21393681 -0.02066998 -0.37900684
v -0.21393681 -0.04128689 -0.37900684
v -0.21393681 -0.02066998 -0.35838993
v -0.21393681 -0.04128689 -0.35838933
v -0.21393383 -0.06181793 -0.37900684
v -0.21388433 -0.07882617 -0.37900505
v -0.21393383 -0.06181793 -0.35838933
v -0.21388433 -0.07882617 -0.35838754
v -0.17979750 -0.02066163 -0.42023887
v -0.17960908 -0.04114617 -0.42023231
v -0.17979750 -0.02066163 -0.39962196
v -0.17960908 -0.04114617 -0.39961540
v -0.17651380 -0.06346008 -0.42024364
v -0.16994222 -0.08236388 -0.42025616
v -0.17651380 -0.06346008 -0.39962613
v -0.16994222 -0.08236388 -0.39963925
v -0.17979750 -0.02066163 -0.37900505
v -0.17960908 -0.04114617 -0.37899849
v -0.17979750 -0.02066163 -0.35838814
v -0.17960908 -0.04114617 -0.35838099
v -0.17651380 -0.06346008 -0.37900922
v -0.16994222 -0.08236388 -0.37902175
v -0.17651380 -0.06346008 -0.35839232
v -0.16994222 -0.08236388 -0.35840484
v -0.21084272 -0.09207248 -0.42025556
v -0.20436476 -0.10197130 -0.42025079
v -0.21084272 -0.09207248 -0.39963866
v -0.20436476 -0.10197130 -0.39963389
v -0.21084272 -0.09207248 -0.37902115
v -0.20436476 -0.10197130 -0.37901698
v -0.21084272 -0.09207248 -0.35840424
v -0.20436476 -0.10197130 -0.35840007
v -0.19450530 -0.11194941 -0.42026928
v -0.18419386 -0.12226025 -0.42024841
v -0.19450530 -0.11194941 -0.39965237
v -0.18419386 -0.12226025 -0.39963090
v -0.17389256 -0.13256155 -0.42026928
v -0.16357695 -0.14287776 -0.42024841
v -0.17389256 -0.13256155 -0.39965237
v -0.16357695 -0.14287776 -0.39963090
v -0.19450530 -0.11194941 -0.37903546
v -0.18419386 -0.12226025 -0.37901399
v -0.19450530 -0.11194941 -0.35841855
v -0.18419386 -0.12226025 -0.35839709
v -0.17389256 -0.13256155 -0.37903546
v -0.16357695 -0.14287776 -0.37901399
v -0.17389256 -0.13256155 -0.35841855
v -0.16357695 -0.14287776 -0.35839709
v -0.15784553 -0.10100294 -0.49100157
v -0.14988343 -0.11117067 -0.49499425
v -0.14978743 -0.10849756 -0.48087140
v -0.16011496 -0.09816406 -0.48085530
v -0.14646198 -0.12578366 -0.49995588
v -0.13723279 -0.12162581 -0.49100574
v -0.12926890 -0.13178997 -0.49499663
v -0.12917052 -0.12911447 -0.48087200
v -0.13948315 -0.11880124 -0.48086603
v -0.14364696 -0.14359210 -0.49987478
v -0.15033421 -0.15529346 -0.49081672
v -0.15315640 -0.15302224 -0.48072889
v -0.14284615 -0.16333188 -0.48071756
v -0.13926193 -0.16234266 -0.49482610
v -0.12584448 -0.14640057 -0.49995588
v -0.12302945 -0.16420901 -0.49987478
v -0.14957396 -0.10831867 -0.46154603
v -0.15992356 -0.09797206 -0.46154245
v -0.14957992 -0.10831152 -0.44089692
v -0.15992892 -0.09796669 -0.44089513
v -0.12895645 -0.12893558 -0.46154603
v -0.13927087 -0.11862176 -0.46155557
v -0.12896301 -0.12892903 -0.44089692
v -0.13927683 -0.11861520 -0.44090646
v -0.15328042 -0.15317369 -0.46149892
v -0.14296481 -0.16348930 -0.46147805
v -0.15327565 -0.15317906 -0.44088678
v -0.14296004 -0.16349467 -0.44086532
v -0.11661588 -0.14224272 -0.49100574
v -0.10865140 -0.15240628 -0.49499603
v -0.10855361 -0.14973138 -0.48087200
v -0.11886624 -0.13941815 -0.48086603
v -0.10521028 -0.16700674 -0.49995588
v -0.09598109 -0.16287513 -0.49100455
v -0.08322670 -0.17207690 -0.49512006
v -0.08260955 -0.17007459 -0.48084218
v -0.09822727 -0.16005772 -0.48086544
v -0.10833954 -0.14955309 -0.46154603
v -0.11865396 -0.13923867 -0.46155557
v -0.10834551 -0.14954593 -0.44089692
v -0.11865992 -0.13923211 -0.44090646
v -0.08238058 -0.16991241 -0.46153291
v -0.09801499 -0.15987824 -0.46155497
v -0.08238654 -0.16990525 -0.44088380
v -0.09802095 -0.15987108 -0.44090587
v -0.14957992 -0.10831152 -0.42028001
v -0.15992892 -0.09796669 -0.42027822
v -0.14957992 -0.10831152 -0.39966310
v -0.15992892 -0.09796669 -0.39966131
v -0.12896301 -0.12892903 -0.42028001
v -0.13927683 -0.11861520 -0.42028955
v -0.12896301 -0.12892903 -0.39966310
v -0.13927683 -0.11861520 -0.39967205
v -0.15327565 -0.15317906 -0.42026928
v -0.14296004 -0.16349467 -0.42024841
v -0.15327565 -0.15317906 -0.39965237
v -0.14296004 -0.16349467 -0.39963090
v -0.14957992 -0.10831152 -0.37904560
v -0.15992892 -0.09796669 -0.37904440
v -0.14957992 -0.10831152 -0.35842869
v -0.15992892 -0.09796669 -0.35842690
v -0.12896301 -0.12892903 -0.37904560
v -0.13927683 -0.11861520 -0.37905514
v -0.12896301 -0.12892903 -0.35842869
v -0.13927683 -0.11861520 -0.35843823
v -0.15327565 -0.15317906 -0.37903546
v -0.14296004 -0.16349467 -0.37901399
v -0.15327565 -0.15317906 -0.35841796
v -0.14296004 -0.16349467 -0.35839709
v -0.10834551 -0.14954593 -0.42028001
v -0.11865992 -0.13923211 -0.42028955
v -0.10834551 -0.14954593 -0.39966310
v -0.11865992 -0.13923211 -0.39967205
v -0.08238654 -0.16990525 -0.42026689
v -0.09802095 -0.15987108 -0.42028896
v -0.08238654 -0.16990525 -0.39964939
v -0.09802095 -0.15987108 -0.39967205
v -0.10834551 -0.14954593 -0.37904560
v -0.11865992 -0.13923211 -0.37905514
v -0.10834551 -0.14954593 -0.35842869
v -0.11865992 -0.13923211 -0.35843823
v -0.08238654 -0.16990525 -0.37903248
v -0.09802095 -0.15987108 -0.37905454
v -0.08238654 -0.16990525 -0.35841557
v -0.09802095 -0.15987108 -0.35843763
v -0.12971671 -0.17591096 -0.49081672
v -0.13253949 -0.17363914 -0.48072889
v -0.12222925 -0.18394939 -0.48071756
v -0.11865098 -0.18294883 -0.49482669
v -0.13266351 -0.17379120 -0.46149892
v -0.12234790 -0.18410681 -0.46147805
v -0.13265874 -0.17379597 -0.44088678
v -0.12234313 -0.18411158 -0.44086532
v -0.10240598 -0.18477762 -0.49987538
v -0.10911411 -0.19650343 -0.49081672
v -0.11192437 -0.19425426 -0.48073008
v -0.10203033 -0.20408808 -0.48072293
v -0.09856655 -0.20184310 -0.49483921
v -0.08353080 -0.18657838 -0.49999940
v -0.08209496 -0.20132135 -0.49961003
v -0.08961641 -0.21118916 -0.49068494
v -0.09210826 -0.21059765 -0.48082310
v -0.07891978 -0.21375971 -0.48073545
v -0.08032342 -0.21080038 -0.49350594
v -0.11204899 -0.19440572 -0.46149892
v -0.10214123 -0.20425683 -0.46148044
v -0.11204422 -0.19441049 -0.44088678
v -0.10213646 -0.20426220 -0.44086770
v -0.09226508 -0.21076163 -0.46148700
v -0.07894125 -0.21383961 -0.46147686
v -0.09225971 -0.21076520 -0.44087247
v -0.07894304 -0.21384140 -0.44085578
v -0.13265874 -0.17379597 -0.42026928
v -0.12234313 -0.18411158 -0.42024841
v -0.13265874 -0.17379597 -0.39965237
v -0.12234313 -0.18411158 -0.39963090
v -0.13265874 -0.17379597 -0.37903546
v -0.12234313 -0.18411158 -0.37901399
v -0.13265874 -0.17379597 -0.35841796
v -0.12234313 -0.18411158 -0.35839709
v -0.11204422 -0.19441049 -0.42026928
v -0.10213646 -0.20426220 -0.42025020
v -0.11204422 -0.19441049 -0.39965237
v -0.10213646 -0.20426220 -0.39963329
v -0.09225971 -0.21076520 -0.42025497
v -0.07894304 -0.21384140 -0.42023827
v -0.09225971 -0.21076520 -0.39963806
v -0.07894304 -0.21374242 -0.39962136
v -0.11204422 -0.19441049 -0.37903546
v -0.10213646 -0.20426220 -0.37901638
v -0.11204422 -0.19441049 -0.35841796
v -0.10213646 -0.20426220 -0.35839947
v -0.09225971 -0.21076520 -0.37902115
v -0.07894185 -0.21364284 -0.37900744
v -0.09225971 -0.21076520 -0.35840364
v -0.07894006 -0.21364284 -0.35839410
v -0.06284234 -0.18905472 -0.49979011
v -0.05594519 -0.18025187 -0.49380765
v -0.06364970 -0.17666764 -0.48096859
v -0.06181614 -0.20172801 -0.49969172
v -0.04116346 -0.19055078 -0.49962554
v -0.03428360 -0.18173958 -0.49364069
v -0.04109548 -0.17971403 -0.48078554
v -0.04118731 -0.20173457 -0.49969053
v -0.06178454 -0.21378118 -0.48086007
v -0.06180780 -0.21115875 -0.49371940
v -0.04117658 -0.21378356 -0.48086067
v -0.04117896 -0.21115338 -0.49371702
v -0.06343265 -0.17648816 -0.46150369
v -0.06343385 -0.17648458 -0.44087128
v -0.04106328 -0.17961147 -0.46147090
v -0.04106149 -0.17961147 -0.44084982
v -0.06178454 -0.21393681 -0.46148163
v -0.06179229 -0.21393681 -0.44085816
v -0.04117956 -0.21393740 -0.46148461
v -0.04118135 -0.21393681 -0.44085816
v -0.02057457 -0.19055257 -0.49962554
v -0.01369770 -0.18173720 -0.49364069
v -0.02056384 -0.17970568 -0.48078256
v -0.02056742 -0.20163738 -0.49969232
v 0.00004234 -0.19055257 -0.49962554
v 0.00691921 -0.18173720 -0.49364069
v 0.00005307 -0.17970568 -0.48078256
v 0.00004770 -0.20153661 -0.49969411
v -0.02055967 -0.21378356 -0.48086126
v -0.02056205 -0.21105201 -0.49371940
v 0.00005545 -0.21368220 -0.48086544
v 0.00005128 -0.21105201 -0.49372119
v -0.02055609 -0.17959894 -0.46146851
v -0.02055609 -0.17959894 -0.44084982
v 0.00006082 -0.17959894 -0.46146851
v 0.00006082 -0.17959894 -0.44084982
v -0.02056265 -0.21393740 -0.46148461
v -0.02056444 -0.21393681 -0.44085816
v 0.00005486 -0.21393740 -0.46148521
v 0.00005247 -0.21393681 -0.44085816
v -0.06343385 -0.17648458 -0.42025378
v -0.06343385 -0.17648458 -0.39963687
v -0.04106149 -0.17961147 -0.42023231
v -0.04106149 -0.17961147 -0.39961540
v -0.06179229 -0.21393681 -0.42024066
v -0.06179527 -0.21383723 -0.39962196
v -0.04118135 -0.21393681 -0.42024066
v -0.04118492 -0.21393681 -0.39962196
v -0.06343385 -0.17648458 -0.37901996
v -0.06343385 -0.17648458 -0.35840305
v -0.04106149 -0.17961147 -0.37899849
v -0.04106149 -0.17961147 -0.35838099
v -0.06179885 -0.21383782 -0.37900863
v -0.06180064 -0.21373825 -0.35839291
v -0.04118612 -0.21383782 -0.37900684
v -0.04118791 -0.21373825 -0.35839112
v -0.02055609 -0.17959894 -0.42023231
v -0.02055609 -0.17959894 -0.39961540
v 0.00006082 -0.17959894 -0.42023231
v 0.00006082 -0.17959894 -0.39961540
v -0.02056444 -0.21393681 -0.42024066
v -0.02056444 -0.21393681 -0.39962375
v 0.00005247 -0.21393681 -0.42024066
v 0.00005247 -0.21393681 -0.39962375
v -0.02055609 -0.17959894 -0.37899849
v -0.02055609 -0.17959894 -0.35838158
v 0.00006082 -0.17959894 -0.37899849
v 0.00006082 -0.17959894 -0.35838158
v -0.02056742 -0.21393681 -0.37900505
v -0.02057278 -0.21393740 -0.35838814
v 0.00005247 -0.21393681 -0.37900684
v 0.00005247 -0.21393681 -0.35838933
v -0.21393681 -0.02066998 -0.33777242
v -0.21393681 -0.04128689 -0.33777242
v -0.21393681 -0.02066998 -0.31715552
v -0.21393681 -0.04128689 -0.31715552
v -0.21393383 -0.06181793 -0.33777242
v -0.21388433 -0.07882617 -0.33777064
v -0.21393383 -0.06181793 -0.31715552
v -0.21388433 -0.07882617 -0.31715373
v -0.21393681 -0.02066998 -0.29653861
v -0.21393681 -0.04128689 -0.29653861
v -0.21393681 -0.02066998 -0.27592110
v -0.21393681 -0.04128689 -0.27592110
v -0.21393383 -0.06181793 -0.29653801
v -0.21388433 -0.07882617 -0.29653622
v -0.21393383 -0.06181793 -0.27592110
v -0.21388433 -0.07882617 -0.27591931
v -0.17979750 -0.02066163 -0.33777064
v -0.17960908 -0.04114617 -0.33776408
v -0.17979750 -0.02066163 -0.31715373
v -0.17960908 -0.04114617 -0.31714717
v -0.17651380 -0.06346008 -0.33777481
v -0.16994222 -0.08236388 -0.33778793
v -0.17651380 -0.06346008 -0.31715790
v -0.16994222 -0.08236388 -0.31717102
v -0.17979750 -0.02066163 -0.29653682
v -0.17960908 -0.04114617 -0.29652966
v -0.17979750 -0.02066521 -0.27592110
v -0.17960908 -0.04114617 -0.27591275
v -0.17651380 -0.06346008 -0.29654099
v -0.16994222 -0.08236388 -0.29655351
v -0.17651380 -0.06346008 -0.27592408
v -0.16994222 -0.08236388 -0.27593660
v -0.21084272 -0.09207248 -0.33778733
v -0.20436476 -0.10197130 -0.33778256
v -0.21084272 -0.09207248 -0.31717042
v -0.20436476 -0.10197130 -0.31716565
v -0.21084272 -0.09207248 -0.29655292
v -0.20436476 -0.10197130 -0.29654874
v -0.21084272 -0.09207248 -0.27593601
v -0.20436476 -0.10197130 -0.27593124
v -0.19450530 -0.11194941 -0.33780105
v -0.18419386 -0.12226025 -0.33777958
v -0.19450530 -0.11194941 -0.31718414
v -0.18419386 -0.12226025 -0.31716267
v -0.17389256 -0.13256155 -0.33780105
v -0.16357695 -0.14287776 -0.33777958
v -0.17389256 -0.13256155 -0.31718414
v -0.16357695 -0.14287776 -0.31716267
v -0.19450530 -0.11194941 -0.29656723
v -0.18419386 -0.12226025 -0.29654576
v -0.19450530 -0.11194941 -0.27594972
v -0.18419386 -0.12226025 -0.27592885
v -0.17389256 -0.13256155 -0.29656723
v -0.16357695 -0.14287776 -0.29654576
v -0.17389256 -0.13256155 -0.27594972
v -0.16357695 -0.14287776 -0.27592885
v -0.21393681 -0.02066998 -0.25530419
v -0.21393681 -0.04128689 -0.25530419
v -0.21393681 -0.02066998 -0.23468728
v -0.21393681 -0.04128689 -0.23468728
v -0.21393383 -0.06181793 -0.25530419
v -0.21388433 -0.07882617 -0.25530240
v -0.21393383 -0.06181793 -0.23468728
v -0.21388433 -0.07882617 -0.23468549
v -0.21393681 -0.02066998 -0.21407037
v -0.21393681 -0.04128689 -0.21406978
v -0.21393681 -0.02066998 -0.19345287
v -0.21393681 -0.04128689 -0.19345287
v -0.21393383 -0.06181793 -0.21406978
v -0.21388433 -0.07882617 -0.21406799
v -0.21393383 -0.06181793 -0.19345287
v -0.21388433 -0.07882617 -0.19345108
v -0.17979750 -0.02066998 -0.25530419
v -0.17960908 -0.04114617 -0.25529584
v -0.17979750 -0.02067177 -0.23468549
v -0.17960908 -0.04114617 -0.23467893
v -0.17651380 -0.06346008 -0.25530658
v -0.16994222 -0.08236388 -0.25531969
v -0.17651380 -0.06346008 -0.23468967
v -0.16994222 -0.08236388 -0.23470219
v -0.17979750 -0.02067475 -0.21406978
v -0.17960908 -0.04114617 -0.21406143
v -0.17969852 -0.02067654 -0.19345108
v -0.17960908 -0.04114915 -0.19344631
v -0.17651380 -0.06346008 -0.21407276
v -0.16994222 -0.08236388 -0.21408528
v -0.17651380 -0.06346008 -0.19345525
v -0.16994222 -0.08236388 -0.19346837
v -0.21084272 -0.09207248 -0.25531910
v -0.20436476 -0.10197130 -0.25531433
v -0.21084272 -0.09207248 -0.23470219
v -0.20436476 -0.10197130 -0.23469742
v -0.21084272 -0.09207248 -0.21408468
v -0.20436476 -0.10197130 -0.21408051
v -0.21084272 -0.09207248 -0.19346777
v -0.20436476 -0.10197130 -0.19346300
v -0.19450530 -0.11194941 -0.25533281
v -0.18419386 -0.12226025 -0.25531135
v -0.19450530 -0.11194941 -0.23471590
v -0.18419386 -0.12226025 -0.23469444
v -0.17389256 -0.13256155 -0.25533281
v -0.16357695 -0.14287776 -0.25531135
v -0.17389256 -0.13256155 -0.23471590
v -0.16357695 -0.14287776 -0.23469444
v -0.19450530 -0.11194941 -0.21409899
v -0.18419386 -0.12226025 -0.21407753
v -0.19450530 -0.11194941 -0.19348149
v -0.18419386 -0.12226025 -0.19346062
v -0.17389256 -0.13256155 -0.21409899
v -0.16357695 -0.14287776 -0.21407753
v -0.17389256 -0.13256155 -0.19348149
v -0.16357695 -0.14287776 -0.19346062
v -0.21393681 -0.02066998 -0.17283596
v -0.21393681 -0.04128689 -0.17283596
v -0.21393681 -0.02066998 -0.15221905
v -0.21393681 -0.04128689 -0.15221905
v -0.21393383 -0.06181793 -0.17283596
v -0.21388433 -0.07882617 -0.17283417
v -0.21393383 -0.06181793 -0.15221905
v -0.21388433 -0.07882617 -0.15221666
v -0.21393681 -0.02066998 -0.13160154
v -0.21393681 -0.04128689 -0.13160154
v -0.21393681 -0.02066998 -0.11098463
v -0.21393681 -0.04128689 -0.11098463
v -0.21393383 -0.06181793 -0.13160154
v -0.21388433 -0.07882617 -0.13159975
v -0.21393383 -0.06181793 -0.11098463
v -0.21388433 -0.07882617 -0.11098285
v -0.17959894 -0.02067833 -0.17283238
v -0.17960908 -0.04115392 -0.17282940
v -0.17959894 -0.02067833 -0.15221070
v -0.17960908 -0.04115571 -0.15221070
v -0.17651380 -0.06346008 -0.17283834
v -0.16994222 -0.08236388 -0.17285146
v -0.17651380 -0.06346008 -0.15222143
v -0.16994222 -0.08236388 -0.15223396
v -0.17959894 -0.02067833 -0.13159320
v -0.17960908 -0.04115571 -0.13159320
v -0.17959894 -0.02067475 -0.11097450
v -0.17960908 -0.04115571 -0.11097629
v -0.17651380 -0.06346008 -0.13160452
v -0.16994222 -0.08236388 -0.13161705
v -0.17651380 -0.06346008 -0.11098702
v -0.16994222 -0.08236388 -0.11100014
v -0.21084272 -0.09207248 -0.17285086
v -0.20436476 -0.10197130 -0.17284609
v -0.21084272 -0.09207248 -0.15223336
v -0.20436476 -0.10197130 -0.15222919
v -0.21084272 -0.09207248 -0.13161645
v -0.20436476 -0.10197130 -0.13161228
v -0.21084272 -0.09207248 -0.11099954
v -0.20436476 -0.10197130 -0.11099477
v -0.19450530 -0.11194941 -0.17286458
v -0.18419386 -0.12226025 -0.17284311
v -0.19450530 -0.11194941 -0.15224767
v -0.18419386 -0.12226025 -0.15222620
v -0.17389256 -0.13256155 -0.17286458
v -0.16357695 -0.14287776 -0.17284311
v -0.17389256 -0.13256155 -0.15224767
v -0.16357695 -0.14287776 -0.15222620
v -0.19450530 -0.11194941 -0.13163016
v -0.18419386 -0.12226025 -0.13160929
v -0.19450530 -0.11194941 -0.11101326
v -0.18419386 -0.12226025 -0.11099179
v -0.17389256 -0.13256155 -0.13163016
v -0.16357695 -0.14287776 -0.13160929
v -0.17389256 -0.13256155 -0.11101326
v -0.16357695 -0.14287776 -0.11099179
v -0.21393681 -0.02066998 -0.09036772
v -0.21393681 -0.04128689 -0.09036772
v -0.21393681 -0.02066998 -0.06975082
v -0.21393681 -0.04128689 -0.06975082
v -0.21393383 -0.06181793 -0.09036772
v -0.21388433 -0.07882617 -0.09036594
v -0.21393383 -0.06181793 -0.06975022
v -0.21388433 -0.07882617 -0.06974843
v -0.21393681 -0.02066998 -0.04913331
v -0.21393681 -0.04128689 -0.04913331
v -0.21393681 -0.02066998 -0.02851640
v -0.21393681 -0.04128689 -0.02851640
v -0.21393383 -0.06181793 -0.04913331
v -0.21388433 -0.07882617 -0.04913152
v -0.21393383 -0.06181793 -0.02851640
v -0.21388433 -0.07882617 -0.02851461
v -0.17969852 -0.02067296 -0.09035938
v -0.17960908 -0.04115272 -0.09035759
v -0.17979750 -0.02067177 -0.06974366
v -0.17960908 -0.04114736 -0.06974068
v -0.17651380 -0.06346008 -0.09037011
v -0.16994222 -0.08236388 -0.09038263
v -0.17651380 -0.06346008 -0.06975320
v -0.16994222 -0.08236388 -0.06976572
v -0.17989708 -0.02066819 -0.04913033
v -0.17960908 -0.04114259 -0.04912317
v -0.17989708 -0.02066521 -0.02851640
v -0.17970806 -0.04114080 -0.02850805
v -0.17651380 -0.06346008 -0.04913629
v -0.16994222 -0.08236388 -0.04914881
v -0.17651380 -0.06345650 -0.02851700
v -0.16994222 -0.08236388 -0.02853190
v -0.21084272 -0.09207248 -0.09038263
v -0.20436476 -0.10197130 -0.09037786
v -0.21084272 -0.09207248 -0.06976513
v -0.20436476 -0.10197130 -0.06976095
v -0.21084272 -0.09207248 -0.04914822
v -0.20436476 -0.10197130 -0.04914345
v -0.21084272 -0.09207248 -0.02853131
v -0.20436476 -0.10197130 -0.02852654
v -0.19450530 -0.11194941 -0.09039635
v -0.18419386 -0.12226025 -0.09037488
v -0.19450530 -0.11194941 -0.06977944
v -0.18419386 -0.12226025 -0.06975797
v -0.17389256 -0.13256155 -0.09039635
v -0.16357695 -0.14287776 -0.09037488
v -0.17389256 -0.13256155 -0.06977944
v -0.16357695 -0.14287776 -0.06975797
v -0.19450530 -0.11194941 -0.04916193
v -0.18419386 -0.12226025 -0.04914106
v -0.19450530 -0.11194941 -0.02854502
v -0.18419386 -0.12226025 -0.02852356
v -0.17389256 -0.13256155 -0.04916193
v -0.16357695 -0.14287776 -0.04914047
v -0.17389256 -0.13256155 -0.02854502
v -0.16357695 -0.14287776 -0.02852356
v -0.14957992 -0.10831152 -0.33781178
v -0.15992892 -0.09796669 -0.33780999
v -0.14957992 -0.10831152 -0.31719487
v -0.15992892 -0.09796669 -0.31719308
v -0.12896301 -0.12892903 -0.33781178
v -0.13927683 -0.11861520 -0.33782072
v -0.12896301 -0.12892903 -0.31719487
v -0.13927683 -0.11861520 -0.31720381
v -0.15327565 -0.15317906 -0.33780105
v -0.14296004 -0.16349467 -0.33777958
v -0.15327565 -0.15317906 -0.31718414
v -0.14296004 -0.16349467 -0.31716267
v -0.14957992 -0.10831152 -0.29657736
v -0.15992892 -0.09796669 -0.29657558
v -0.14957992 -0.10831152 -0.27596045
v -0.15992892 -0.09796669 -0.27595867
v -0.12896301 -0.12892903 -0.29657736
v -0.13927683 -0.11861520 -0.29658690
v -0.12896301 -0.12892903 -0.27596045
v -0.13927683 -0.11861520 -0.27597000
v -0.15327565 -0.15317906 -0.29656723
v -0.14296004 -0.16349467 -0.29654576
v -0.15327565 -0.15317906 -0.27594972
v -0.14296004 -0.16349467 -0.27592885
v -0.10834551 -0.14954593 -0.33781178
v -0.11865992 -0.13923211 -0.33782072
v -0.10834551 -0.14954593 -0.31719487
v -0.11865992 -0.13923211 -0.31720381
v -0.08238654 -0.16990525 -0.33779866
v -0.09802095 -0.15987108 -0.33782072
v -0.08238654 -0.16990525 -0.31718116
v -0.09802095 -0.15987108 -0.31720322
v -0.10834551 -0.14954593 -0.29657736
v -0.11865992 -0.13923211 -0.29658690
v -0.10834551 -0.14954593 -0.27596045
v -0.11865992 -0.13923211 -0.27597000
v -0.08238654 -0.16990525 -0.29656425
v -0.09802095 -0.15987108 -0.29658631
v -0.08238654 -0.16990525 -0.27594734
v -0.09802095 -0.15987108 -0.27596940
v -0.14957992 -0.10831152 -0.25534355
v -0.15992892 -0.09796669 -0.25534176
v -0.14957992 -0.10831152 -0.23472664
v -0.15992892 -0.09796669 -0.23472485
v -0.12896301 -0.12892903 -0.25534355
v -0.13927683 -0.11861520 -0.25535249
v -0.12896301 -0.12892903 -0.23472664
v -0.13927683 -0.11861520 -0.23473558
v -0.15327565 -0.15317906 -0.25533281
v -0.14296004 -0.16349467 -0.25531135
v -0.15327565 -0.15317906 -0.23471590
v -0.14296004 -0.16349467 -0.23469444
v -0.14957992 -0.10831152 -0.21410913
v -0.15992892 -0.09796669 -0.21410734
v -0.14957992 -0.10831152 -0.19349222
v -0.15992892 -0.09796669 -0.19349043
v -0.12896301 -0.12892903 -0.21410913
v -0.13927683 -0.11861520 -0.21411867
v -0.12896301 -0.12892903 -0.19349222
v -0.13927683 -0.11861520 -0.19350176
v -0.15327565 -0.15317906 -0.21409899
v -0.14296004 -0.16349467 -0.21407753
v -0.15327565 -0.15317906 -0.19348149
v -0.14296004 -0.16349467 -0.19346002
v -0.10834551 -0.14954593 -0.25534355
v -0.11865992 -0.13923211 -0.25535249
v -0.10834551 -0.14954593 -0.23472604
v -0.11865992 -0.13923211 -0.23473558
v -0.08238654 -0.16990525 -0.25533043
v -0.09802095 -0.15987108 -0.25535249
v -0.08238654 -0.16990525 -0.23471292
v -0.09802095 -0.15987108 -0.23473498
v -0.10834551 -0.14954593 -0.21410913
v -0.11865992 -0.13923211 -0.21411867
v -0.10834551 -0.14954593 -0.19349222
v -0.11865992 -0.13923211 -0.19350176
v -0.08238654 -0.16990525 -0.21409601
v -0.09802095 -0.15987108 -0.21411807
v -0.08238654 -0.16990525 -0.19347910
v -0.09802095 -0.15987108 -0.19350117
v -0.13265874 -0.17379597 -0.33780105
v -0.12234313 -0.18411158 -0.33777958
v -0.13265874 -0.17379597 -0.31718414
v -0.12234313 -0.18411158 -0.31716267
v -0.13265874 -0.17379597 -0.29656723
v -0.12234313 -0.18411158 -0.29654576
v -0.13265874 -0.17379597 -0.27594972
v -0.12234313 -0.18411158 -0.27592885
v -0.11204422 -0.19441049 -0.33780105
v -0.10213646 -0.20426220 -0.33778196
v -0.11204422 -0.19441049 -0.31718414
v -0.10213646 -0.20426220 -0.31716506
v -0.09225971 -0.21076520 -0.33778674
v -0.07894006 -0.21364284 -0.33777660
v -0.09225971 -0.21076520 -0.31716983
v -0.07894006 -0.21364284 -0.31715969
v -0.11204422 -0.19441049 -0.29656723
v -0.10213646 -0.20426220 -0.29654815
v -0.11204422 -0.19441049 -0.27594972
v -0.10213646 -0.20426220 -0.27593064
v -0.09225971 -0.21076520 -0.29655292
v -0.07894006 -0.21364284 -0.29654278
v -0.09225971 -0.21076520 -0.27593541
v -0.07894006 -0.21364284 -0.27592527
v -0.13265874 -0.17379597 -0.25533281
v -0.12234313 -0.18411158 -0.25531135
v -0.13265874 -0.17379597 -0.23471590
v -0.12234313 -0.18411158 -0.23469444
v -0.13265874 -0.17379597 -0.21409899
v -0.12234313 -0.18411158 -0.21407753
v -0.13265874 -0.17379597 -0.19348149
v -0.12234313 -0.18411158 -0.19346002
v -0.11204422 -0.19441049 -0.25533281
v -0.10213646 -0.20426220 -0.25531373
v -0.11204422 -0.19441049 -0.23471590
v -0.10213646 -0.20426220 -0.23469682
v -0.09225971 -0.21076520 -0.25531850
v -0.07894006 -0.21364284 -0.25530837
v -0.09225971 -0.21076520 -0.23470159
v -0.07894006 -0.21364284 -0.23469146
v -0.11204422 -0.19441049 -0.21409899
v -0.10213646 -0.20426220 -0.21407991
v -0.11204422 -0.19441049 -0.19348149
v -0.10213646 -0.20426220 -0.19346241
v -0.09225971 -0.21076520 -0.21408409
v -0.07894006 -0.21364284 -0.21407455
v -0.09225971 -0.21076520 -0.19346718
v -0.07894006 -0.21374242 -0.19345704
v -0.06343385 -0.17648458 -0.33778554
v -0.06343385 -0.17648458 -0.31716863
v -0.04106149 -0.17961147 -0.33776408
v -0.04106149 -0.17961147 -0.31714717
v -0.06179885 -0.21363867 -0.33777898
v -0.06179706 -0.21353969 -0.31716565
v -0.04119148 -0.21363926 -0.33777779
v -0.04119446 -0.21363926 -0.31716386
v -0.06343385 -0.17648458 -0.29655172
v -0.06343385 -0.17648458 -0.27593422
v -0.04106149 -0.17961147 -0.29653026
v -0.04106149 -0.17961147 -0.27591275
v -0.06179527 -0.21353969 -0.29655172
v -0.06179527 -0.21353969 -0.27593481
v -0.04119625 -0.21353969 -0.29654815
v -0.04119446 -0.21344070 -0.27593481
v -0.02055609 -0.17959894 -0.33776408
v -0.02055609 -0.17959894 -0.31714717
v 0.00006082 -0.17959894 -0.33776408
v 0.00006082 -0.17959894 -0.31714717
v -0.02057755 -0.21393740 -0.33777064
v -0.02057934 -0.21383782 -0.31715552
v 0.00005247 -0.21393681 -0.33777242
v 0.00004949 -0.21393681 -0.31715373
v -0.02055609 -0.17959894 -0.29653026
v -0.02055609 -0.17959894 -0.27591275
v 0.00006082 -0.17959894 -0.29653026
v 0.00006082 -0.17959894 -0.27591275
v -0.02058113 -0.21373884 -0.29653980
v -0.02058411 -0.21363926 -0.27592647
v 0.00004472 -0.21393740 -0.29653682
v 0.00003935 -0.21393740 -0.27591991
v -0.06343385 -0.17648458 -0.25531731
v -0.06343385 -0.17648458 -0.23470040
v -0.04106149 -0.17961147 -0.25529584
v -0.04106149 -0.17961147 -0.23467893
v -0.06179527 -0.21353969 -0.25531731
v -0.06179527 -0.21353969 -0.23470040
v -0.04119327 -0.21334112 -0.25532089
v -0.04119148 -0.21334112 -0.23470696
v -0.06343385 -0.17648458 -0.21408349
v -0.06343385 -0.17648458 -0.19346599
v -0.04106149 -0.17961147 -0.21406143
v -0.04106149 -0.17961147 -0.19344452
v -0.06179527 -0.21353969 -0.21408349
v -0.06179229 -0.21373825 -0.19346777
v -0.04119148 -0.21334112 -0.21409005
v -0.04118492 -0.21354028 -0.19347612
v -0.02055609 -0.17959894 -0.25529584
v -0.02055609 -0.17959894 -0.23467893
v 0.00006082 -0.17959894 -0.25529584
v 0.00006082 -0.17959894 -0.23467893
v -0.02058769 -0.21363926 -0.25531254
v -0.02058888 -0.21354028 -0.23469682
v 0.00003757 -0.21383782 -0.25530419
v 0.00003637 -0.21373884 -0.23468907
v -0.02055609 -0.17959894 -0.21406202
v -0.02055609 -0.17959894 -0.19344452
v 0.00006082 -0.17959894 -0.21406202
v 0.00006082 -0.17959894 -0.19344452
v -0.02058769 -0.21354028 -0.21408349
v -0.02058113 -0.21363926 -0.19346956
v 0.00003637 -0.21373884 -0.21407693
v 0.00003935 -0.21373884 -0.19346122
v -0.14957992 -0.10831152 -0.17287531
v -0.15992892 -0.09796669 -0.17287352
v -0.14957992 -0.10831152 -0.15225781
v -0.15992892 -0.09796669 -0.15225661
v -0.12896301 -0.12892903 -0.17287531
v -0.13927683 -0.11861520 -0.17288426
v -0.12896301 -0.12892903 -0.15225781
v -0.13927683 -0.11861520 -0.15226735
v -0.15327565 -0.15317906 -0.17286458
v -0.14296004 -0.16349467 -0.17284311
v -0.15327565 -0.15317906 -0.15224767
v -0.14296004 -0.16349467 -0.15222620
v -0.14957992 -0.10831152 -0.13164090
v -0.15992892 -0.09796669 -0.13163911
v -0.14957992 -0.10831152 -0.11102399
v -0.15992892 -0.09796669 -0.11102220
v -0.12896301 -0.12892903 -0.13164090
v -0.13927683 -0.11861520 -0.13165044
v -0.12896301 -0.12892903 -0.11102399
v -0.13927683 -0.11861520 -0.11103353
v -0.15327565 -0.15317906 -0.13163016
v -0.14296004 -0.16349467 -0.13160929
v -0.15327565 -0.15317906 -0.11101326
v -0.14296004 -0.16349467 -0.11099179
v -0.10834551 -0.14954593 -0.17287531
v -0.11865992 -0.13923211 -0.17288426
v -0.10834551 -0.14954593 -0.15225781
v -0.11865992 -0.13923211 -0.15226735
v -0.08238654 -0.16990525 -0.17286160
v -0.09802095 -0.15987108 -0.17288366
v -0.08238654 -0.16990525 -0.15224469
v -0.09802095 -0.15987108 -0.15226675
v -0.10834551 -0.14954593 -0.13164090
v -0.11865992 -0.13923211 -0.13165044
v -0.10834551 -0.14954593 -0.11102399
v -0.11865992 -0.13923211 -0.11103293
v -0.08238654 -0.16990525 -0.13162778
v -0.09802095 -0.15987108 -0.13164984
v -0.08238654 -0.16990525 -0.11101027
v -0.09802095 -0.15987108 -0.11103293
v -0.14957992 -0.10831152 -0.09040708
v -0.15992892 -0.09796669 -0.09040529
v -0.14957992 -0.10831152 -0.06978957
v -0.15992892 -0.09796669 -0.06978778
v -0.12896301 -0.12892903 -0.09040708
v -0.13927683 -0.11861520 -0.09041602
v -0.12896301 -0.12892903 -0.06978957
v -0.13927683 -0.11861520 -0.06979911
v -0.15327565 -0.15317906 -0.09039635
v -0.14296004 -0.16349467 -0.09037488
v -0.15327565 -0.15317906 -0.06977944
v -0.14296004 -0.16349467 -0.06975797
v -0.14957992 -0.10831152 -0.04917266
v -0.15992892 -0.09796669 -0.04917088
v -0.14957992 -0.10831152 -0.02855575
v -0.15992892 -0.09796669 -0.02855397
v -0.12896301 -0.12892903 -0.04917266
v -0.13927683 -0.11861520 -0.04918220
v -0.12896301 -0.12892903 -0.02855575
v -0.13927683 -0.11861520 -0.02856470
v -0.15327565 -0.15317906 -0.04916193
v -0.14296004 -0.16349467 -0.04914047
v -0.15327565 -0.15317906 -0.02854502
v -0.14296004 -0.16349467 -0.02852356
v -0.10834551 -0.14954593 -0.09040708
v -0.11865992 -0.13923211 -0.09041602
v -0.10834551 -0.14954593 -0.06978957
v -0.11865992 -0.13923211 -0.06979911
v -0.08238654 -0.16990525 -0.09039336
v -0.09802095 -0.15987108 -0.09041543
v -0.08238654 -0.16990525 -0.06977646
v -0.09802095 -0.15987108 -0.06979852
v -0.10834551 -0.14954593 -0.04917266
v -0.11865992 -0.13923211 -0.04918220
v -0.10834551 -0.14954593 -0.02855575
v -0.11865992 -0.13923211 -0.02856470
v -0.08238654 -0.16990525 -0.04915955
v -0.09802095 -0.15987108 -0.04918161
v -0.08238654 -0.16990525 -0.02854204
v -0.09802095 -0.15987108 -0.02856470
v -0.13265874 -0.17379597 -0.17286458
v -0.12234313 -0.18411158 -0.17284311
v -0.13265874 -0.17379597 -0.15224767
v -0.12234313 -0.18411158 -0.15222620
v -0.13265874 -0.17379597 -0.13163016
v -0.12234313 -0.18411158 -0.13160929
v -0.13265874 -0.17379597 -0.11101326
v -0.12234313 -0.18411158 -0.11099179
v -0.11204422 -0.19441049 -0.17286458
v -0.10213646 -0.20426220 -0.17284550
v -0.11204422 -0.19441049 -0.15224767
v -0.10213646 -0.20426220 -0.15222859
v -0.09225971 -0.21076520 -0.17285027
v -0.07894185 -0.21384200 -0.17283715
v -0.09225971 -0.21076520 -0.15223336
v -0.07894304 -0.21384140 -0.15221666
v -0.11204422 -0.19441049 -0.13163016
v -0.10213646 -0.20426220 -0.13161108
v -0.11204422 -0.19441049 -0.11101326
v -0.10213646 -0.20426220 -0.11099417
v -0.09225971 -0.21076520 -0.13161585
v -0.07894304 -0.21384140 -0.13159916
v -0.09225971 -0.21076520 -0.11099894
v -0.07894304 -0.21384140 -0.11098225
v -0.13265874 -0.17379597 -0.09039635
v -0.12234313 -0.18411158 -0.09037488
v -0.13265874 -0.17379597 -0.06977944
v -0.12234313 -0.18411158 -0.06975797
v -0.13265874 -0.17379597 -0.04916193
v -0.12234313 -0.18411158 -0.04914047
v -0.13265874 -0.17379597 -0.02854502
v -0.12234313 -0.18411158 -0.02852356
v -0.11204422 -0.19441049 -0.09039635
v -0.10213646 -0.20426220 -0.09037727
v -0.11204422 -0.19441049 -0.06977944
v -0.10213646 -0.20426220 -0.06976036
v -0.09225971 -0.21076520 -0.09038204
v -0.07894304 -0.21384140 -0.09036534
v -0.09225971 -0.21076520 -0.06976453
v -0.07894304 -0.21384140 -0.06974843
v -0.11204422 -0.19441049 -0.04916193
v -0.10213646 -0.20426220 -0.04914285
v -0.11204422 -0.19441049 -0.02854502
v -0.10213646 -0.20426220 -0.02852594
v -0.09225971 -0.21076520 -0.04914762
v -0.07894304 -0.21384140 -0.04913092
v -0.09225971 -0.21076520 -0.02853071
v -0.07894304 -0.21384140 -0.02851402
v -0.06343385 -0.17648458 -0.17284908
v -0.06343385 -0.17648458 -0.15223217
v -0.04106149 -0.17961147 -0.17282761
v -0.04106149 -0.17961147 -0.15221070
v -0.06179050 -0.21383782 -0.17284431
v -0.06179050 -0.21393681 -0.15222203
v -0.04118135 -0.21373825 -0.17285086
v -0.04117956 -0.21393740 -0.15222740
v -0.06343385 -0.17648458 -0.13161526
v -0.06343385 -0.17648458 -0.11099775
v -0.04106149 -0.17961147 -0.13159320
v -0.04106149 -0.17961147 -0.11097629
v -0.06179229 -0.21393681 -0.13160154
v -0.06179229 -0.21393681 -0.11098463
v -0.04118135 -0.21393681 -0.13160154
v -0.04118135 -0.21393681 -0.11098463
v -0.02055609 -0.17959894 -0.17282761
v -0.02055609 -0.17959894 -0.15221070
v 0.00006082 -0.17959894 -0.17282761
v 0.00006082 -0.17959894 -0.15221070
v -0.02057278 -0.21373884 -0.17284908
v -0.02056444 -0.21393740 -0.15222859
v 0.00004472 -0.21383782 -0.17284431
v 0.00005128 -0.21393740 -0.15222561
v -0.02055609 -0.17959894 -0.13159320
v -0.02055609 -0.17959894 -0.11097629
v 0.00006082 -0.17959894 -0.13159320
v 0.00006082 -0.17959894 -0.11097629
v -0.02056444 -0.21393681 -0.13160154
v -0.02056444 -0.21393681 -0.11098463
v 0.00005247 -0.21393681 -0.13160154
v 0.00005247 -0.21393681 -0.11098463
v -0.06343385 -0.17648458 -0.09038084
v -0.06343385 -0.17648458 -0.06976393
v -0.04106149 -0.17961147 -0.09035938
v -0.04106149 -0.17961147 -0.06974187
v -0.06179229 -0.21393681 -0.09036772
v -0.06179229 -0.21393681 -0.06975082
v -0.04118135 -0.21393681 -0.09036772
v -0.04118135 -0.21393681 -0.06975082
v -0.06343385 -0.17648458 -0.04914643
v -0.06343385 -0.17648458 -0.02852952
v -0.04106149 -0.17961147 -0.04912496
v -0.04106149 -0.17961147 -0.02850805
v -0.06179229 -0.21393681 -0.04913331
v -0.06179229 -0.21393681 -0.02851640
v -0.04118135 -0.21393681 -0.04913331
v -0.04118135 -0.21393681 -0.02851640
v -0.02055609 -0.17959894 -0.09035938
v -0.02055609 -0.17959894 -0.06974247
v 0.00006082 -0.17959894 -0.09035938
v 0.00006082 -0.17959894 -0.06974247
v -0.02056444 -0.21393681 -0.09036772
v -0.02056444 -0.21393681 -0.06975082
v 0.00005247 -0.21393681 -0.09036772
v 0.00005247 -0.21393681 -0.06975082
v -0.02055609 -0.17959894 -0.04912496
v -0.02055609 -0.17959894 -0.02850805
v 0.00006082 -0.17959894 -0.04912496
v 0.00006082 -0.17959894 -0.02850805
v -0.02056444 -0.21393681 -0.04913331
v -0.02056444 -0.21393681 -0.02851640
v 0.00005247 -0.21393681 -0.04913331
v 0.00005247 -0.21393681 -0.02851640
v -0.21080277 0.09221440 -0.00104647
v -0.21384856 0.07892813 -0.00789651
v -0.20431467 0.10207684 -0.01478114
v -0.21080635 0.09221082 0.01957581
v -0.21384856 0.07892813 0.01272040
v -0.20431109 0.10207982 0.00583041
v -0.21080635 0.09221082 0.04019331
v -0.21384856 0.07892813 0.03333731
v -0.20431467 0.10207624 0.02645328
v -0.21080277 0.09221440 0.06080486
v -0.21384856 0.07892813 0.05395481
v -0.20431109 0.10207982 0.04706482
v -0.17384486 0.13261045 -0.00106674
v -0.18413483 0.12232048 -0.01477935
v -0.16355429 0.14290101 -0.01477935
v -0.17384784 0.13260746 0.01955613
v -0.18414199 0.12231392 0.00582683
v -0.16355131 0.14290459 0.00583220
v -0.19445700 0.11199890 -0.00106674
v -0.19445998 0.11199533 0.01955613
v -0.17384784 0.13260746 0.04017304
v -0.18413483 0.12232048 0.02645507
v -0.16355429 0.14290101 0.02645507
v -0.17384784 0.13260746 0.06078995
v -0.18414199 0.12231392 0.04706124
v -0.16355429 0.14290101 0.04707198
v -0.19445998 0.11199533 0.04017304
v -0.19445700 0.11199890 0.06078458
v -0.21393681 0.06179229 -0.00789949
v -0.21393681 0.04118135 -0.00789949
v -0.21393681 0.06179229 0.01271742
v -0.21393681 0.04118135 0.01271801
v -0.21393681 0.02056444 -0.00789949
v -0.21393681 -0.00005247 -0.00789949
v -0.21393681 0.02056444 0.01271801
v -0.21393681 -0.00005247 0.01271801
v -0.21393681 0.06179229 0.03333492
v -0.21393681 0.04118135 0.03333492
v -0.21393681 0.06179229 0.05395183
v -0.21393681 0.04118135 0.05395183
v -0.21393681 0.02056444 0.03333492
v -0.21393681 -0.00005247 0.03333492
v -0.21393681 0.02056444 0.05395183
v -0.21393681 -0.00005247 0.05395183
v -0.17650843 0.06341357 -0.00791678
v -0.16999946 0.08243544 -0.00105541
v -0.17961147 0.04106209 -0.00789114
v -0.17650843 0.06341357 0.01270013
v -0.17006505 0.08251057 0.01955852
v -0.17961147 0.04106209 0.01272636
v -0.17979810 0.02055311 -0.00789770
v -0.17999606 -0.00005784 -0.00790426
v -0.17979810 0.02055311 0.01271921
v -0.17999606 -0.00005784 0.01271265
v -0.17652752 0.06341298 0.03313457
v -0.17007936 0.08252071 0.03996673
v -0.17963055 0.04106149 0.03316081
v -0.17122481 0.06344995 0.05680502
v -0.16470273 0.07983805 0.06337243
v -0.17436303 0.04106269 0.05676090
v -0.17981778 0.02055251 0.03315425
v -0.18001693 -0.00005784 0.03314769
v -0.17445068 0.02055549 0.05675732
v -0.17454966 -0.00005844 0.05675434
v -0.21080277 0.09221440 0.08142177
v -0.21384856 0.07892813 0.07457172
v -0.20431467 0.10207684 0.06768710
v -0.21079860 0.09222215 0.10199932
v -0.21384498 0.07892813 0.09509681
v -0.20431109 0.10207982 0.08829566
v -0.21024465 0.09167655 0.11784720
v -0.21379728 0.07894483 0.11198996
v -0.20381022 0.10155032 0.10790903
v -0.20856673 0.08901298 0.12669000
v -0.19838707 0.09706273 0.13064750
v -0.20401414 0.07992988 0.13509215
v -0.21081171 0.07897285 0.12547598
v -0.17384784 0.13260746 0.08140745
v -0.18413483 0.12232048 0.06768889
v -0.16355429 0.14290101 0.06768889
v -0.17384784 0.13260687 0.10202377
v -0.18414199 0.12231392 0.08829268
v -0.16355429 0.14290101 0.08830341
v -0.19445700 0.11199890 0.08140149
v -0.19445998 0.11199533 0.10202377
v -0.17278468 0.13155980 0.11872134
v -0.18361070 0.12180470 0.10791917
v -0.16303136 0.14238523 0.10791917
v -0.17092429 0.12971373 0.12760111
v -0.15843346 0.13779806 0.13070951
v -0.16855289 0.12733339 0.13379167
v -0.17904381 0.11718831 0.13070593
v -0.19342007 0.11092620 0.11871419
v -0.19157340 0.10906820 0.12759157
v -0.18920618 0.10668308 0.13378213
v -0.21393681 0.06179229 0.07456874
v -0.21393681 0.04118135 0.07456874
v -0.21393323 0.06179229 0.09509382
v -0.21393323 0.04118135 0.09509382
v -0.21393681 0.02056444 0.07456874
v -0.21393681 -0.00005247 0.07456874
v -0.21393323 0.02056444 0.09509382
v -0.21393323 -0.00005307 0.09509382
v -0.21389030 0.06179349 0.11193391
v -0.21389030 0.04118254 0.11193391
v -0.20459492 0.06183165 0.13596511
v -0.21092381 0.06181734 0.12539131
v -0.20460148 0.04120162 0.13595676
v -0.21092501 0.04120222 0.12538773
v -0.21389030 0.02056503 0.11193391
v -0.21389030 -0.00005188 0.11193391
v -0.20460148 0.02058471 0.13595676
v -0.21092501 0.02058471 0.12538773
v -0.20460148 -0.00003280 0.13595676
v -0.21092501 -0.00003220 0.12538773
v -0.16216974 0.06354952 0.07164877
v -0.15539483 0.07314602 0.07601293
v -0.16256507 0.04109787 0.07338930
v -0.16257699 0.02055907 0.07337380
v -0.16267717 -0.00005963 0.07337082
v -0.19057881 0.08988116 0.14596827
v -0.17974682 0.09744018 0.14912079
v -0.18474005 0.07861449 0.15550394
v -0.19465616 0.07953932 0.14501720
v -0.17108946 0.10925125 0.14659555
v -0.15918179 0.11795691 0.14922037
v -0.16754041 0.10565272 0.15247604
v -0.16943956 0.08780671 0.16545344
v -0.15762908 0.09575092 0.16869123
v -0.16594298 0.08420459 0.17128027
v -0.17086466 0.07749110 0.17007698
v -0.18572272 0.06165455 0.15772985
v -0.19534844 0.06187696 0.14677324
v -0.18574836 0.04121295 0.15784374
v -0.19534605 0.04122010 0.14677920
v -0.17609879 0.06082036 0.16885878
v -0.17601114 0.04121951 0.16912055
v -0.18575313 0.02058113 0.15783897
v -0.19534605 0.02060319 0.14677920
v -0.18575313 -0.00003578 0.15783897
v -0.19534605 -0.00001431 0.14677920
v -0.17601472 0.02059306 0.16911995
v -0.17601472 -0.00002445 0.16911995
v -0.16404920 0.06871270 0.18191310
v -0.15442170 0.07577322 0.18680794
v -0.15665715 0.05879301 0.19087158
v -0.16667223 0.05939525 0.17989529
v -0.15642341 0.04122964 0.19186558
v -0.16628286 0.04120102 0.18039020
v -0.15643175 0.02059246 0.19185663
v -0.16628465 0.02058054 0.18039080
v -0.15643175 -0.00002445 0.19185663
v -0.16628465 -0.00003637 0.18039080
v -0.13261045 0.17384486 -0.00106674
v -0.14290101 0.16355429 -0.01477935
v -0.12232048 0.18413483 -0.01477935
v -0.13261045 0.17384486 0.01956150
v -0.14290459 0.16355131 0.00583220
v -0.12231690 0.18413841 0.00583220
v -0.13261045 0.17384486 0.04017841
v -0.14290101 0.16355429 0.02645507
v -0.12232048 0.18413483 0.02645507
v -0.13260746 0.17384784 0.06078995
v -0.14290101 0.16355429 0.04707198
v -0.12231690 0.18413841 0.04706661
v -0.09221440 0.21080277 -0.00104647
v -0.10207624 0.20431467 -0.01478114
v -0.07892813 0.21384856 -0.00789651
v -0.09221440 0.21080277 0.01957044
v -0.10208340 0.20430811 0.00582504
v -0.07892813 0.21384856 0.01272040
v -0.11199890 0.19445700 -0.00106674
v -0.11200188 0.19445342 0.01955613
v -0.09221440 0.21080277 0.04018795
v -0.10207684 0.20431467 0.02645328
v -0.07892813 0.21384856 0.03333731
v -0.09221440 0.21080277 0.06080486
v -0.10208340 0.20430811 0.04705886
v -0.07892813 0.21384856 0.05395481
v -0.11200188 0.19445342 0.04017304
v -0.11199890 0.19445700 0.06078458
v -0.13260746 0.17384784 0.08140745
v -0.14290101 0.16355429 0.06768889
v -0.12232048 0.18413543 0.06768889
v -0.13261045 0.17384426 0.10202913
v -0.14290101 0.16355429 0.08830341
v -0.12231690 0.18413841 0.08829804
v -0.13154669 0.17279720 0.11872671
v -0.14237688 0.16303851 0.10791976
v -0.12179754 0.18361905 0.10791857
v -0.12969047 0.17094814 0.12760171
v -0.11719427 0.17903785 0.13070951
v -0.12730953 0.16857674 0.13379227
v -0.13780164 0.15842928 0.13070951
v -0.09221440 0.21080277 0.08142177
v -0.10207624 0.20431467 0.06768710
v -0.07892813 0.21384856 0.07457172
v -0.09222513 0.21079561 0.10199455
v -0.10208340 0.20430811 0.08829029
v -0.07892813 0.21384498 0.09509800
v -0.11199890 0.19445700 0.08140149
v -0.11200188 0.19445342 0.10202377
v -0.09167894 0.21024167 0.11784243
v -0.10155032 0.20381022 0.10790903
v -0.07894483 0.21378476 0.11202395
v -0.08898794 0.20857925 0.12667748
v -0.07895139 0.21081231 0.12549685
v -0.07992391 0.20401951 0.13508679
v -0.09705856 0.19838647 0.13063975
v -0.11092501 0.19342246 0.11871359
v -0.10905687 0.19158652 0.12759038
v -0.10668070 0.18921035 0.13378094
v -0.06179229 0.21393681 -0.00789949
v -0.06179229 0.21393681 0.01271801
v -0.04118135 0.21393681 -0.00789949
v -0.04118135 0.21393681 0.01271801
v -0.08237402 0.16991897 -0.00104587
v -0.06342550 0.17649532 -0.00790188
v -0.08237402 0.16991897 0.01957462
v -0.06342550 0.17649532 0.01271503
v -0.04106149 0.17961206 -0.00789114
v -0.04106149 0.17961206 0.01272636
v -0.06179229 0.21393681 0.03333492
v -0.06179229 0.21393681 0.05395183
v -0.04118135 0.21393681 0.03333492
v -0.04118135 0.21393681 0.05395183
v -0.08238297 0.16993328 0.03998521
v -0.06342490 0.17651440 0.03314948
v -0.07977902 0.16461984 0.06338197
v -0.06346247 0.17121050 0.05681635
v -0.04106149 0.17963174 0.03316081
v -0.04106209 0.17436362 0.05676090
v -0.02056444 0.21393681 -0.00789949
v -0.02056444 0.21393681 0.01271801
v 0.00005247 0.21393681 -0.00789949
v 0.00005247 0.21393681 0.01271801
v -0.02055609 0.17959954 -0.00789114
v -0.02055609 0.17959954 0.01272577
v 0.00006082 0.17959954 -0.00789114
v 0.00006082 0.17959954 0.01272577
v -0.02056444 0.21393681 0.03333492
v -0.02056444 0.21393681 0.05395183
v 0.00005247 0.21393681 0.03333492
v 0.00005247 0.21393681 0.05395183
v -0.02055609 0.17961922 0.03316021
v -0.02055728 0.17435050 0.05676090
v 0.00006142 0.17961922 0.03316021
v 0.00006022 0.17435050 0.05676090
v -0.06179229 0.21393681 0.07456874
v -0.06179229 0.21393323 0.09509502
v -0.04118135 0.21393681 0.07456874
v -0.04118135 0.21393323 0.09509382
v -0.07315199 0.15538409 0.07602008
v -0.06356980 0.16215006 0.07165115
v -0.04109727 0.16256507 0.07338930
v -0.06179289 0.21387777 0.11196790
v -0.06180720 0.21093395 0.12538236
v -0.06181018 0.20459611 0.13598478
v -0.04118254 0.21389030 0.11193510
v -0.04119268 0.21092262 0.12541158
v -0.04119208 0.20459909 0.13598001
v -0.02056444 0.21393681 0.07456874
v -0.02056444 0.21393323 0.09509382
v 0.00005247 0.21393681 0.07456874
v 0.00005307 0.21393323 0.09509382
v -0.02055907 0.16257759 0.07337380
v 0.00005784 0.16257759 0.07337380
v -0.02056503 0.21389030 0.11193331
v -0.02057517 0.21093514 0.12537700
v -0.02057457 0.20461161 0.13594662
v 0.00005188 0.21389030 0.11193331
v 0.00004174 0.21093514 0.12537700
v 0.00004234 0.20461161 0.13594602
v -0.15322795 0.15322795 -0.00106674
v -0.15322735 0.15322735 0.01956150
v -0.15998796 0.09804719 -0.01482347
v -0.14978504 0.10852856 -0.00106555
v -0.16005653 0.09811934 0.00578867
v -0.14992755 0.10866750 0.01954301
v -0.13941934 0.11875473 -0.01483063
v -0.12910254 0.12907034 -0.00107211
v -0.13942411 0.11874937 0.00578688
v -0.12910791 0.12906557 0.01954480
v -0.15322735 0.15322735 0.04017841
v -0.15322735 0.15322735 0.06079532
v -0.16019963 0.09826900 0.02632866
v -0.15000865 0.10875277 0.03996732
v -0.15739295 0.09545994 0.04845236
v -0.14449248 0.10323063 0.06336885
v -0.13957199 0.11889426 0.02633343
v -0.12919258 0.12914547 0.03997925
v -0.13683686 0.11615556 0.04845773
v -0.12374498 0.12369549 0.06337720
v -0.11873863 0.13929472 -0.01482884
v -0.10834372 0.14954892 -0.00107211
v -0.11866469 0.13922794 0.00578986
v -0.10834193 0.14955070 0.01955017
v -0.09808177 0.15995218 -0.01481035
v -0.09801141 0.15988182 0.00580357
v -0.11867125 0.13923152 0.02633820
v -0.10835743 0.14955786 0.03998462
v -0.11600410 0.13656437 0.04846846
v -0.10298318 0.14417049 0.06338137
v -0.09801678 0.15988718 0.02634833
v -0.09528165 0.15714550 0.04847442
v -0.15322735 0.15322735 0.08141282
v -0.15322735 0.15322735 0.10202913
v -0.14917266 0.08725396 0.06952184
v -0.13496873 0.09371881 0.07600219
v -0.12865891 0.10797939 0.06952602
v -0.11435539 0.11433095 0.07600756
v -0.12443846 0.08318317 0.08159946
v -0.15216419 0.15217969 0.11872671
v -0.15030619 0.15033004 0.12760290
v -0.14793598 0.14795089 0.13379167
v -0.10788339 0.12843590 0.06953198
v -0.09363056 0.13483933 0.07601054
v -0.08713649 0.14897172 0.06952960
v -0.08313487 0.12434126 0.08160244
v -0.10382453 0.10379769 0.08159946
v -0.10285975 0.08224344 0.08325115
v -0.08224344 0.10285796 0.08325174
v -0.08239668 0.08239668 0.08318436
v -0.14491941 0.06260323 0.08160900
v -0.14386758 0.04113603 0.08331435
v -0.12347547 0.06162593 0.08325174
v -0.12363288 0.04116107 0.08318436
v -0.14390813 0.02056146 0.08329706
v -0.14390753 -0.00005545 0.08329706
v -0.12365316 0.02056265 0.08318257
v -0.12365256 -0.00005486 0.08318257
v -0.10301359 0.06177977 0.08318436
v -0.10303148 0.04118015 0.08318257
v -0.08241457 0.06179766 0.08318257
v -0.08241338 0.04117956 0.08318257
v -0.10303088 0.02056205 0.08318257
v -0.10303088 -0.00005486 0.08318257
v -0.08241338 0.02056205 0.08318257
v -0.08241338 -0.00005486 0.08318257
v -0.06261396 0.14490868 0.08160780
v -0.06162295 0.12347606 0.08325294
v -0.04113543 0.14386758 0.08331435
v -0.04116107 0.12363288 0.08318436
v -0.06177917 0.10301359 0.08318436
v -0.06179766 0.08241457 0.08318257
v -0.04118015 0.10303148 0.08318257
v -0.04117956 0.08241338 0.08318257
v -0.02056146 0.14390813 0.08329706
v -0.02056265 0.12365316 0.08318257
v 0.00005545 0.14390753 0.08329706
v 0.00005486 0.12365256 0.08318257
v -0.02056205 0.10303088 0.08318257
v -0.02056205 0.08241338 0.08318257
v 0.00005486 0.10303088 0.08318257
v 0.00005486 0.08241338 0.08318257
v -0.06179647 0.06179647 0.08318257
v -0.06179647 0.04117956 0.08318257
v -0.04117956 0.06179647 0.08318257
v -0.04117956 0.04117956 0.08318257
v -0.06179647 0.02056205 0.08318257
v -0.06179647 -0.00005486 0.08318257
v -0.04117956 0.02056205 0.08318257
v -0.04117956 -0.00005486 0.08318257
v -0.02056205 0.06179647 0.08318257
v -0.02056205 0.04117956 0.08318257
v 0.00005486 0.06179647 0.08318257
v 0.00005486 0.04117956 0.08318257
v -0.02056205 0.02056205 0.08318257
v -0.02056205 -0.00005486 0.08318257
v 0.00005486 0.02056205 0.08318257
v 0.00005486 -0.00005486 0.08318257
v -0.10922561 0.17110973 0.14659794
v -0.09742229 0.17976232 0.14911840
v -0.10566166 0.16753147 0.15247664
v -0.11793783 0.15919789 0.14922216
v -0.08988057 0.19058000 0.14595992
v -0.07951069 0.19467643 0.14499753
v -0.07861449 0.18474005 0.15549798
v -0.08777511 0.16946997 0.16545463
v -0.07747023 0.17088434 0.17007400
v -0.08420400 0.16594358 0.17128027
v -0.09573184 0.15764399 0.16869302
v -0.06184476 0.19537288 0.14674820
v -0.06164322 0.18573464 0.15771852
v -0.06080843 0.17611131 0.16884686
v -0.04119983 0.19536632 0.14675774
v -0.04120222 0.18575969 0.15783181
v -0.04120937 0.17602247 0.16910982
v -0.06867930 0.16406232 0.18189879
v -0.05936783 0.16668595 0.17988039
v -0.05878705 0.15666251 0.19086562
v -0.07574341 0.15444257 0.18680258
v -0.04119089 0.16629360 0.18037947
v -0.04120281 0.15643712 0.19185067
v -0.02058292 0.19536692 0.14675714
v -0.02057100 0.18576386 0.15782764
v -0.02058233 0.17602545 0.16910862
v 0.00003399 0.19536692 0.14675714
v 0.00004591 0.18576386 0.15782764
v 0.00003458 0.17602545 0.16910862
v -0.02057100 0.16629479 0.18037947
v -0.02058292 0.15644249 0.19184471
v 0.00004651 0.16629479 0.18037947
v 0.00003458 0.15644249 0.19184471
v -0.15049759 0.12984610 0.14659376
v -0.13856428 0.13857382 0.14922096
v -0.14691039 0.12628394 0.15247604
v -0.12984193 0.15049938 0.14659495
v -0.12629288 0.14690144 0.15247545
v -0.12852296 0.12855397 0.16565856
v -0.11637916 0.13700501 0.16869004
v -0.12499299 0.12498465 0.17148897
v -0.13699965 0.11638393 0.16869004
v -0.14916372 0.10792036 0.16565617
v -0.14561050 0.10436774 0.17148837
v -0.14790378 0.08596183 0.18466731
v -0.13564192 0.09441466 0.18779657
v -0.14426828 0.08236150 0.19060624
v -0.12724752 0.10662167 0.18466731
v -0.11501726 0.11503336 0.18780015
v -0.12363706 0.10299093 0.19061041
v -0.12572463 0.08451406 0.20378517
v -0.11610845 0.09549035 0.20136071
v -0.11769455 0.07647743 0.20918387
v -0.13637892 0.07527354 0.20133984
v -0.10792036 0.14916432 0.16565617
v -0.10437608 0.14560156 0.17148837
v -0.10663956 0.12722963 0.18466731
v -0.09441407 0.13564192 0.18779717
v -0.10300882 0.12361857 0.19061041
v -0.08597017 0.14789484 0.18466790
v -0.08236985 0.14425993 0.19060624
v -0.08446636 0.12569243 0.20381081
v -0.07524373 0.13636879 0.20135295
v -0.07647564 0.11769336 0.20918447
v -0.09547127 0.11608639 0.20137442
v -0.10508446 0.10507552 0.20381558
v -0.09708480 0.09708360 0.20918745
v -0.09998986 0.07937534 0.21267449
v -0.07933658 0.09997376 0.21269237
v -0.14357540 0.06713614 0.20277866
v -0.13571944 0.05746987 0.20850948
v -0.14712385 0.05754381 0.20151634
v -0.13572123 0.04096549 0.21023332
v -0.14678099 0.04117658 0.20274109
v -0.11997770 0.05921935 0.21268522
v -0.12114819 0.04100246 0.21384677
v -0.13571646 0.02058173 0.21026791
v -0.14677086 0.02058590 0.20275838
v -0.13571646 -0.00003518 0.21026791
v -0.14677086 -0.00003160 0.20275838
v -0.12116250 0.02057577 0.21385810
v -0.12116310 -0.00004114 0.21385810
v -0.10264151 0.06119780 0.21376150
v -0.10348465 0.04119506 0.21375315
v -0.10348107 0.02057338 0.21375673
v -0.10348346 -0.00003816 0.21375554
v -0.06712540 0.14358912 0.20277746
v -0.05751161 0.14714949 0.20150560
v -0.05746451 0.13572838 0.20850769
v -0.05917523 0.11997054 0.21270191
v -0.04114199 0.14681081 0.20272380
v -0.04095536 0.13573852 0.21023153
v -0.04099173 0.12116489 0.21384558
v -0.06116024 0.10262482 0.21377879
v -0.04119387 0.10348405 0.21375315
v -0.02056861 0.14679769 0.20274467
v -0.02057457 0.13573315 0.21026552
v -0.02056801 0.12117860 0.21375673
v 0.00004889 0.14679769 0.20274467
v 0.00004234 0.13573315 0.21026552
v 0.00004532 0.12117741 0.21375673
v -0.02057159 0.10348346 0.21365536
v 0.00003518 0.10348584 0.21375196
v -0.21393681 -0.02066998 -0.00789949
v -0.21393681 -0.04128689 -0.00789949
v -0.21393681 -0.02066998 0.01271801
v -0.21393681 -0.04128689 0.01271801
v -0.21393383 -0.06181793 -0.00789949
v -0.21388433 -0.07882617 -0.00789770
v -0.21393383 -0.06181793 0.01271801
v -0.21388433 -0.07882617 0.01271980
v -0.21393681 -0.02066998 0.03333492
v -0.21393681 -0.04128689 0.03333492
v -0.21393681 -0.02066998 0.05395183
v -0.21393681 -0.04128689 0.05395183
v -0.21393383 -0.06181793 0.03333492
v -0.21388433 -0.07882617 0.03333671
v -0.21393383 -0.06181793 0.05395183
v -0.21388433 -0.07882617 0.05395362
v -0.17999606 -0.02066342 -0.00790068
v -0.17980764 -0.04113961 -0.00789234
v -0.17999606 -0.02066521 0.01271265
v -0.17980764 -0.04113961 0.01271980
v -0.17651380 -0.06345173 -0.00790009
v -0.16994222 -0.08236388 -0.00791440
v -0.17651380 -0.06344995 0.01271503
v -0.16994222 -0.08236388 0.01270251
v -0.18011532 -0.02066521 0.03314710
v -0.17991736 -0.04115928 0.03318526
v -0.17474822 -0.02067236 0.05675076
v -0.17452760 -0.04121295 0.05679846
v -0.17652275 -0.06346306 0.03325681
v -0.16992731 -0.08239191 0.03323713
v -0.17394563 -0.06357576 0.05518911
v -0.16720709 -0.07978319 0.05522906
v -0.21084272 -0.09207248 -0.00791440
v -0.20436476 -0.10197130 -0.00790963
v -0.21084272 -0.09207248 0.01270311
v -0.20436476 -0.10197130 0.01270728
v -0.21084272 -0.09207248 0.03332002
v -0.20436476 -0.10197130 0.03332479
v -0.21084272 -0.09207248 0.05393693
v -0.20436476 -0.10197130 0.05394170
v -0.19450530 -0.11194941 -0.00792811
v -0.18419386 -0.12226025 -0.00790665
v -0.19450530 -0.11194941 0.01268880
v -0.18419386 -0.12226025 0.01271026
v -0.17389256 -0.13256155 -0.00792811
v -0.16357695 -0.14287776 -0.00790665
v -0.17389256 -0.13256155 0.01268939
v -0.16357695 -0.14287776 0.01271026
v -0.19450530 -0.11194941 0.03330630
v -0.18419386 -0.12226025 0.03332777
v -0.19450530 -0.11194941 0.05392321
v -0.18419386 -0.12226025 0.05394468
v -0.17389256 -0.13256155 0.03330630
v -0.16357695 -0.14287776 0.03332777
v -0.17389256 -0.13256155 0.05392321
v -0.16357695 -0.14287776 0.05394468
v -0.21393681 -0.02066998 0.07456874
v -0.21393681 -0.04128689 0.07456874
v -0.21393323 -0.02066998 0.09509382
v -0.21393323 -0.04128748 0.09509442
v -0.21393383 -0.06181793 0.07456934
v -0.21388433 -0.07882617 0.07457113
v -0.21393144 -0.06182688 0.09510456
v -0.21387062 -0.07886373 0.09514212
v -0.21389030 -0.02066879 0.11193391
v -0.21389030 -0.04128689 0.11193450
v -0.20460148 -0.02064970 0.13595676
v -0.21092501 -0.02064911 0.12538773
v -0.20460029 -0.04126840 0.13595855
v -0.21092501 -0.04126661 0.12538773
v -0.21386287 -0.06186623 0.11201142
v -0.21381099 -0.07887327 0.11202931
v -0.20456272 -0.06189783 0.13599671
v -0.21089758 -0.06187756 0.12545571
v -0.20386090 -0.07972953 0.13442373
v -0.21032098 -0.07987681 0.12454757
v -0.16277734 -0.02067356 0.07336724
v -0.16275886 -0.04126423 0.07338334
v -0.16364731 -0.06264378 0.07188668
v -0.16436583 -0.07316212 0.06876099
v -0.21084272 -0.09207248 0.07455443
v -0.20436476 -0.10197130 0.07455861
v -0.21082901 -0.09210230 0.09515763
v -0.20434210 -0.10199336 0.09515882
v -0.21027983 -0.09153881 0.11287126
v -0.20375834 -0.10150441 0.11287364
v -0.19845087 -0.09769240 0.13029868
v -0.21069544 -0.08895633 0.12183332
v -0.19450530 -0.11194941 0.07454012
v -0.18419386 -0.12226025 0.07456159
v -0.19448204 -0.11197147 0.09514033
v -0.18417120 -0.12228291 0.09516180
v -0.17389256 -0.13256155 0.07454012
v -0.16357695 -0.14287776 0.07456159
v -0.17386990 -0.13258421 0.09514033
v -0.16355370 -0.14289982 0.09516180
v -0.19393526 -0.11144496 0.11285397
v -0.18357910 -0.12179933 0.11285695
v -0.18389393 -0.10668428 0.13823871
v -0.17890965 -0.11801117 0.13103866
v -0.19539554 -0.10786610 0.12309444
v -0.17332312 -0.13205770 0.11285397
v -0.16296219 -0.14241624 0.11285695
v -0.16327762 -0.12732504 0.13821248
v -0.15829333 -0.13863584 0.13102971
v -0.17478758 -0.12849613 0.12307119
v -0.18575313 -0.02065269 0.15783897
v -0.19534605 -0.02063122 0.14677920
v -0.18575253 -0.04125290 0.15784076
v -0.19534426 -0.04124992 0.14678099
v -0.17601472 -0.02064136 0.16911995
v -0.17600219 -0.04124276 0.16913486
v -0.18581156 -0.06079114 0.15762848
v -0.19527867 -0.06169271 0.14671421
v -0.18406685 -0.07843799 0.15523204
v -0.19414097 -0.07928709 0.14455330
v -0.17635281 -0.05938870 0.16870494
v -0.17071440 -0.07727942 0.16947474
v -0.15643175 -0.02064136 0.19185663
v -0.16628465 -0.02065328 0.18039080
v -0.15640134 -0.04121891 0.19188644
v -0.16627034 -0.04124097 0.18040571
v -0.15672810 -0.05772866 0.19070820
v -0.16643670 -0.05880315 0.17948088
v -0.15425236 -0.07556274 0.18644541
v -0.16873714 -0.06867871 0.17644046
v -0.16024734 -0.08386889 0.17626277
v -0.17887685 -0.09778602 0.14939329
v -0.19519758 -0.09019719 0.14077588
v -0.16191870 -0.10536054 0.15732915
v -0.15880077 -0.11789967 0.14954593
v -0.17591096 -0.11014269 0.14191119
v -0.15764935 -0.09592384 0.16846226
v -0.17493128 -0.08790033 0.16081678
v -0.14957992 -0.10831152 -0.00793825
v -0.15992892 -0.09796669 -0.00793706
v -0.14957992 -0.10831152 0.01267866
v -0.15992892 -0.09796669 0.01268045
v -0.12896301 -0.12892903 -0.00793825
v -0.13927683 -0.11861520 -0.00794779
v -0.12896301 -0.12892903 0.01267866
v -0.13927683 -0.11861520 0.01266912
v -0.15327565 -0.15317906 -0.00792811
v -0.14296004 -0.16349467 -0.00790665
v -0.15327565 -0.15317906 0.01268939
v -0.14296004 -0.16349467 0.01271026
v -0.14956502 -0.10833954 0.03321209
v -0.15991402 -0.09799412 0.03321388
v -0.14682691 -0.10574037 0.05521356
v -0.15723673 -0.09531385 0.05531791
v -0.12894751 -0.12895705 0.03321090
v -0.13926193 -0.11864263 0.03320255
v -0.12620582 -0.12636801 0.05510921
v -0.13658166 -0.11597131 0.05530121
v -0.15327565 -0.15317906 0.03330630
v -0.14296004 -0.16349467 0.03332777
v -0.15327565 -0.15317906 0.05392321
v -0.14296004 -0.16349467 0.05394468
v -0.10834551 -0.14954593 -0.00793825
v -0.11865992 -0.13923211 -0.00794779
v -0.10834551 -0.14954593 0.01267866
v -0.11865992 -0.13923211 0.01266912
v -0.08238654 -0.16990525 -0.00792513
v -0.09802095 -0.15987108 -0.00794719
v -0.08238654 -0.16990525 0.01269178
v -0.09802095 -0.15987108 0.01266972
v -0.10833060 -0.14957396 0.03321149
v -0.11864442 -0.13926014 0.03320195
v -0.10559070 -0.14697657 0.05511279
v -0.11596892 -0.13657808 0.05520640
v -0.08239668 -0.16990585 0.03319539
v -0.09800784 -0.15989672 0.03319659
v -0.08239072 -0.16735676 0.05513485
v -0.09533711 -0.15721526 0.05519626
v -0.14390753 -0.02067296 0.08329706
v -0.14390813 -0.04128987 0.08329706
v -0.12365256 -0.02067177 0.08318257
v -0.12365256 -0.04128868 0.08318257
v -0.14381093 -0.06175175 0.08344673
v -0.15056378 -0.08639651 0.07357236
v -0.12365793 -0.06190857 0.08318257
v -0.12349514 -0.08224940 0.08345627
v -0.10303088 -0.02067177 0.08318257
v -0.10303088 -0.04128868 0.08318257
v -0.08241338 -0.02067177 0.08318257
v -0.08241338 -0.04128927 0.08318257
v -0.10303088 -0.06190618 0.08318257
v -0.10303983 -0.08252786 0.08318257
v -0.08241338 -0.06190618 0.08318257
v -0.08241338 -0.08252309 0.08318257
v -0.14408403 -0.09762025 0.06883076
v -0.12346950 -0.11823597 0.06868169
v -0.13001008 -0.10695499 0.07354732
v -0.15327565 -0.15317906 0.07454012
v -0.14296004 -0.16349467 0.07456159
v -0.15325240 -0.15320112 0.09514033
v -0.14293679 -0.16351673 0.09516180
v -0.15270621 -0.15267461 0.11285397
v -0.14234528 -0.16303374 0.11285695
v -0.14255934 -0.14786860 0.13812602
v -0.13760666 -0.15918596 0.13095935
v -0.15417067 -0.14911304 0.12307119
v -0.10287823 -0.10286571 0.08335669
v -0.10938959 -0.12757130 0.07354672
v -0.08241934 -0.10314298 0.08318257
v -0.08225894 -0.12348441 0.08325771
v -0.10284961 -0.13885586 0.06853143
v -0.08232036 -0.15934755 0.06858867
v -0.08882217 -0.14811725 0.07350498
v -0.06179647 -0.02067177 0.08318257
v -0.06179647 -0.04128927 0.08318257
v -0.04117956 -0.02067177 0.08318257
v -0.04117956 -0.04128927 0.08318257
v -0.06179647 -0.06190618 0.08318257
v -0.06179647 -0.08252309 0.08318257
v -0.04117956 -0.06190618 0.08318257
v -0.04117956 -0.08252309 0.08318257
v -0.02056205 -0.02067177 0.08318257
v -0.02056205 -0.04128927 0.08318257
v 0.00005486 -0.02067177 0.08318257
v 0.00005486 -0.04128927 0.08318257
v -0.02056205 -0.06190618 0.08318257
v -0.02056205 -0.08252309 0.08318257
v 0.00005486 -0.06190618 0.08318257
v 0.00005486 -0.08252309 0.08318257
v -0.06179647 -0.10314000 0.08318257
v -0.06179885 -0.12375810 0.08318257
v -0.04117956 -0.10314000 0.08318257
v -0.04117956 -0.12375751 0.08318257
v -0.06170404 -0.14380855 0.08335848
v -0.07027733 -0.16204511 0.07181990
v -0.04117896 -0.14397670 0.08329706
v -0.04798190 -0.16258475 0.07339765
v -0.02056205 -0.10314000 0.08318257
v -0.02056205 -0.12375751 0.08318257
v 0.00005486 -0.10314000 0.08318257
v 0.00005486 -0.12375751 0.08318257
v -0.02056086 -0.14397550 0.08329706
v -0.02743117 -0.16260919 0.07337380
v 0.00004949 -0.14397849 0.08329527
v -0.00682023 -0.16261158 0.07337201
v -0.13265874 -0.17379597 -0.00792811
v -0.12234313 -0.18411158 -0.00790665
v -0.13265874 -0.17379597 0.01268939
v -0.12234313 -0.18411158 0.01271026
v -0.13265874 -0.17379597 0.03330630
v -0.12234313 -0.18411158 0.03332777
v -0.13265874 -0.17379597 0.05392321
v -0.12234313 -0.18411158 0.05394468
v -0.11204422 -0.19441049 -0.00792811
v -0.10213646 -0.20426220 -0.00790903
v -0.11204422 -0.19441049 0.01268939
v -0.10213646 -0.20426220 0.01270788
v -0.09225971 -0.21076520 -0.00791380
v -0.07894304 -0.21384140 -0.00789711
v -0.09225971 -0.21076520 0.01270370
v -0.07894304 -0.21384140 0.01272040
v -0.11204422 -0.19441049 0.03330630
v -0.10213646 -0.20426220 0.03332538
v -0.11204422 -0.19441049 0.05392321
v -0.10213646 -0.20426220 0.05394229
v -0.09225971 -0.21076520 0.03332061
v -0.07894304 -0.21384140 0.03333731
v -0.09225971 -0.21076520 0.05393752
v -0.07894304 -0.21384140 0.05395422
v -0.13265874 -0.17379597 0.07454012
v -0.12234313 -0.18411158 0.07456159
v -0.13263549 -0.17381803 0.09514033
v -0.12231988 -0.18413423 0.09516240
v -0.13208870 -0.17329151 0.11285397
v -0.12172778 -0.18365065 0.11285754
v -0.12187267 -0.16839011 0.13803479
v -0.11700764 -0.17983626 0.13100884
v -0.13355316 -0.16972995 0.12307119
v -0.11204422 -0.19441049 0.07454012
v -0.10213646 -0.20426220 0.07455920
v -0.11202097 -0.19443315 0.09514093
v -0.10211798 -0.20426995 0.09515524
v -0.09225971 -0.21076520 0.07455443
v -0.07894304 -0.21384140 0.07457113
v -0.09224123 -0.21077117 0.09510933
v -0.07894304 -0.21383842 0.09509919
v -0.11144615 -0.19391796 0.11286768
v -0.10153243 -0.20375774 0.11290763
v -0.10136428 -0.18919485 0.13824706
v -0.09779556 -0.19848605 0.13007090
v -0.11289571 -0.19036236 0.12309146
v -0.09228535 -0.21069067 0.11200665
v -0.07893827 -0.21377402 0.11204124
v -0.07480845 -0.20399208 0.13521618
v -0.08504117 -0.21024942 0.12463761
v -0.09375458 -0.20846834 0.12179933
v -0.06343385 -0.17648458 -0.00791261
v -0.06343385 -0.17648458 0.01270430
v -0.04106149 -0.17961147 -0.00789114
v -0.04106149 -0.17961147 0.01272636
v -0.06179229 -0.21393681 -0.00789949
v -0.06179229 -0.21393681 0.01271801
v -0.04118135 -0.21393681 -0.00789949
v -0.04118135 -0.21393681 0.01271801
v -0.06343385 -0.17650426 0.03313875
v -0.06348990 -0.17118009 0.05683186
v -0.04106090 -0.17963114 0.03316081
v -0.04106149 -0.17436362 0.05676030
v -0.06179229 -0.21393681 0.03333492
v -0.06179229 -0.21393681 0.05395183
v -0.04118135 -0.21393681 0.03333492
v -0.04118135 -0.21393681 0.05395183
v -0.02055609 -0.17959894 -0.00789114
v -0.02055609 -0.17959894 0.01272636
v 0.00006082 -0.17959894 -0.00789114
v 0.00006082 -0.17959894 0.01272636
v -0.02056444 -0.21393681 -0.00789949
v -0.02056444 -0.21393681 0.01271801
v 0.00005247 -0.21393681 -0.00789949
v 0.00005247 -0.21393681 0.01271801
v -0.02055609 -0.17961802 0.03316081
v -0.02055669 -0.17435050 0.05676090
v 0.00006142 -0.17961802 0.03316081
v 0.00005367 -0.17435349 0.05675851
v -0.02056444 -0.21393681 0.03333492
v -0.02056444 -0.21393681 0.05395183
v 0.00005247 -0.21393681 0.03333492
v 0.00005247 -0.21393681 0.05395183
v -0.06179229 -0.21393681 0.07456874
v -0.06179229 -0.21393323 0.09509681
v -0.04118135 -0.21393681 0.07456874
v -0.04118075 -0.21393383 0.09509800
v -0.06179170 -0.21387002 0.11198578
v -0.05495060 -0.20448699 0.13596272
v -0.06869898 -0.21090115 0.12543662
v -0.04118254 -0.21387062 0.11198817
v -0.03432057 -0.20448520 0.13596451
v -0.04806478 -0.21088088 0.12548612
v -0.02056444 -0.21393681 0.07456874
v -0.02056503 -0.21393383 0.09509919
v 0.00005247 -0.21393681 0.07456874
v 0.00005247 -0.21393323 0.09509621
v -0.02056503 -0.21385452 0.11202335
v -0.01370426 -0.20454006 0.13607184
v -0.02744727 -0.21089638 0.12545094
v 0.00005128 -0.21387002 0.11198698
v 0.00691265 -0.20455676 0.13603368
v -0.00683096 -0.21089638 0.12545094
v -0.13571646 -0.02065209 0.21026791
v -0.14677086 -0.02064851 0.20275838
v -0.13571705 -0.04101618 0.21025658
v -0.14674939 -0.04101498 0.20277567
v -0.12116310 -0.02065805 0.21385810
v -0.12115594 -0.04126363 0.21385810
v -0.13451019 -0.05941374 0.20915346
v -0.14678636 -0.05722063 0.20102619
v -0.13655542 -0.07500641 0.20239465
v -0.14843924 -0.06743129 0.19737638
v -0.13862570 -0.08201327 0.19551539
v -0.12042968 -0.06088416 0.21382888
v -0.11827354 -0.07808738 0.21157256
v -0.10349002 -0.02065328 0.21375017
v -0.10332962 -0.04138825 0.21379608
v -0.10310065 -0.06198549 0.21387062
v -0.10153661 -0.08094892 0.21387718
v -0.07722158 -0.05896593 0.22023648
v -0.08253323 -0.08271807 0.21384617
v -0.13996852 -0.10404277 0.17638739
v -0.13710042 -0.11629210 0.16844199
v -0.15469718 -0.10823937 0.16081559
v -0.14128033 -0.12599355 0.15733154
v -0.13804612 -0.13839315 0.14939448
v -0.15528511 -0.13076854 0.14191000
v -0.12052031 -0.14644052 0.15713178
v -0.11746260 -0.15903212 0.14944039
v -0.13458770 -0.15130317 0.14181638
v -0.11927707 -0.12459170 0.17627529
v -0.11649126 -0.13691259 0.16842946
v -0.13398964 -0.12876803 0.16073986
v -0.13584287 -0.09438604 0.18759205
v -0.15337642 -0.08626652 0.17990483
v -0.11793485 -0.10259262 0.19538063
v -0.11516454 -0.11495048 0.18750201
v -0.13276369 -0.10693173 0.17985117
v -0.11725986 -0.09398057 0.20281145
v -0.13138927 -0.08484202 0.19904894
v -0.09866195 -0.14519370 0.17628781
v -0.09604370 -0.15734287 0.16833108
v -0.11322783 -0.14922871 0.16052520
v -0.09997197 -0.16713375 0.15724329
v -0.09814200 -0.09816466 0.21150220
v -0.09659823 -0.11455157 0.20277150
v -0.11077355 -0.10548099 0.19902330
v -0.09739486 -0.12328466 0.19548260
v -0.08086723 -0.10150918 0.21381278
v -0.07806233 -0.11828188 0.21157793
v -0.09456373 -0.13560018 0.18754912
v -0.11199234 -0.12738705 0.17965440
v -0.07811839 -0.14285152 0.19523455
v -0.07717805 -0.15296976 0.18600237
v -0.09149946 -0.14816495 0.17987204
v -0.07990006 -0.16450953 0.17574222
v -0.07838254 -0.13330928 0.20216926
v -0.09015485 -0.12606152 0.19905728
v -0.05639001 -0.07967050 0.22022814
v -0.06186563 -0.10318830 0.21387122
v -0.06078100 -0.12035157 0.21376448
v -0.04123680 -0.10339640 0.21369293
v -0.04118731 -0.12112673 0.21385989
v -0.05933920 -0.13444698 0.20907595
v -0.06360200 -0.14596886 0.20025700
v -0.07203337 -0.14465645 0.19809549
v -0.05348793 -0.15633814 0.19129136
v -0.04097205 -0.13567412 0.21026135
v -0.04785489 -0.14671660 0.20278581
v -0.03434919 -0.15639777 0.19189181
v -0.02056563 -0.12103967 0.21369531
v 0.00004353 -0.12104086 0.21359633
v -0.02057100 -0.13556918 0.21021305
v -0.02745145 -0.14670050 0.20279535
v -0.01371976 -0.15639717 0.19189181
v 0.00004174 -0.13564013 0.21027983
v -0.00683812 -0.14662715 0.20272916
v 0.00689536 -0.15632442 0.19182384
v -0.09753081 -0.17903427 0.14918936
v -0.11397199 -0.17190517 0.14182890
v -0.07371368 -0.18472276 0.15632681
v -0.08535839 -0.19357809 0.14373640
v -0.09496026 -0.19126035 0.14137394
v -0.08033952 -0.17098451 0.16765609
v -0.09332884 -0.16963335 0.16051864
v -0.05477827 -0.18562135 0.15770421
v -0.06858807 -0.19519758 0.14665518
v -0.06076312 -0.17602306 0.16881466
v -0.03433011 -0.18558379 0.15772806
v -0.04808982 -0.19531564 0.14681260
v -0.04122607 -0.17600041 0.16913725
v -0.06481184 -0.16650826 0.17926861
v -0.07353599 -0.16548683 0.17792877
v -0.04810056 -0.16624709 0.18043433
v -0.01370187 -0.18558140 0.15772747
v -0.02745562 -0.19516419 0.14668320
v -0.02058113 -0.17585730 0.16899354
v 0.00690848 -0.18550567 0.15766545
v -0.00684468 -0.19516478 0.14668320
v 0.00002981 -0.17571002 0.16886117
v -0.02745264 -0.16625961 0.18041346
v -0.00683692 -0.16611292 0.18027572
v 0.02065507 0.20175783 -0.49966072
v 0.02752956 0.21117425 -0.49368184
v 0.02066103 0.21380622 -0.48082608
v 0.04127496 0.20175544 -0.49966072
v 0.04814707 0.21117425 -0.49368184
v 0.04127854 0.21380622 -0.48082608
v 0.02067057 0.19063366 -0.49972333
v 0.02068608 0.17978975 -0.48089287
v 0.02068011 0.18187136 -0.49380467
v 0.04122309 0.19069389 -0.49978415
v 0.04116107 0.17979929 -0.48089406
v 0.04116107 0.18183558 -0.49375995
v 0.02066998 0.21393740 -0.46147925
v 0.02066998 0.21393681 -0.44085816
v 0.04128689 0.21393740 -0.46147925
v 0.04128689 0.21393681 -0.44085816
v 0.02068131 0.17959954 -0.46148163
v 0.02067833 0.17959954 -0.44084982
v 0.04115869 0.17960968 -0.46148104
v 0.04115571 0.17960968 -0.44084922
v 0.06189366 0.20173815 -0.49966131
v 0.06867751 0.21115755 -0.49369555
v 0.06180958 0.21380324 -0.48082608
v 0.08208304 0.20138038 -0.49959155
v 0.08535482 0.21082722 -0.49348984
v 0.07882259 0.21374361 -0.48083503
v 0.06284234 0.18917398 -0.49987061
v 0.06346903 0.17676245 -0.48095488
v 0.06368369 0.17881722 -0.49388815
v 0.08352245 0.18659507 -0.49999642
v 0.08252786 0.17022605 -0.48107175
v 0.08777690 0.16969954 -0.49518327
v 0.06181793 0.21393383 -0.46147865
v 0.06181793 0.21393383 -0.44085757
v 0.07882676 0.21388433 -0.46147746
v 0.07882617 0.21388433 -0.44085578
v 0.06346306 0.17651380 -0.46149296
v 0.06346008 0.17651440 -0.44086055
v 0.08236567 0.16994162 -0.46149594
v 0.08236448 0.16994222 -0.44087307
v 0.02066998 0.21393681 -0.42024066
v 0.02066998 0.21393681 -0.39962375
v 0.04128689 0.21393681 -0.42024066
v 0.04128689 0.21393681 -0.39962375
v 0.02067833 0.17959954 -0.42023231
v 0.02067833 0.17959954 -0.39961540
v 0.04115571 0.17960968 -0.42023231
v 0.04115571 0.17960968 -0.39961540
v 0.02066998 0.21393681 -0.37900684
v 0.02066998 0.21393681 -0.35838933
v 0.04128689 0.21393681 -0.37900684
v 0.04128689 0.21393681 -0.35838933
v 0.02067833 0.17959954 -0.37899849
v 0.02067833 0.17959954 -0.35838158
v 0.04115571 0.17960968 -0.37899849
v 0.04115571 0.17960968 -0.35838099
v 0.06181793 0.21393383 -0.42024066
v 0.06181793 0.21393383 -0.39962375
v 0.07882617 0.21388433 -0.42023887
v 0.07882617 0.21388433 -0.39962196
v 0.06346008 0.17651440 -0.42024364
v 0.06346008 0.17651440 -0.39962613
v 0.08236448 0.16994222 -0.42025616
v 0.08236448 0.16994222 -0.39963925
v 0.06181793 0.21393383 -0.37900684
v 0.06181793 0.21393383 -0.35838933
v 0.07882617 0.21388433 -0.37900505
v 0.07882617 0.21388433 -0.35838754
v 0.06346008 0.17651440 -0.37900922
v 0.06346008 0.17651440 -0.35839232
v 0.08236448 0.16994222 -0.37902175
v 0.08236448 0.16994222 -0.35840484
v 0.09425128 0.20902288 -0.49069926
v 0.10075608 0.19932680 -0.49486128
v 0.10171967 0.20405886 -0.48084099
v 0.09211303 0.21072764 -0.48076169
v 0.10227242 0.18477643 -0.49987538
v 0.10515602 0.16707114 -0.49995349
v 0.11376627 0.19122637 -0.49084117
v 0.12085781 0.18021490 -0.49487320
v 0.12169796 0.18363694 -0.48075453
v 0.11154692 0.19407121 -0.48078315
v 0.12282552 0.16412195 -0.49987597
v 0.10191823 0.20427770 -0.46150668
v 0.09208202 0.21083318 -0.46150191
v 0.10198441 0.20435343 -0.44088142
v 0.09208322 0.21083258 -0.44088261
v 0.12194005 0.18381284 -0.46152397
v 0.11184149 0.19433297 -0.46155199
v 0.12201101 0.18388320 -0.44089633
v 0.11191006 0.19440512 -0.44092435
v 0.13426035 0.17051823 -0.49084117
v 0.14151109 0.15966000 -0.49488453
v 0.14235900 0.16311424 -0.48075155
v 0.13200343 0.17333087 -0.48078315
v 0.14252774 0.16322455 -0.46149713
v 0.13216324 0.17344953 -0.46152277
v 0.14253192 0.16322097 -0.44087128
v 0.13224195 0.17351094 -0.44091421
v 0.10198262 0.20435462 -0.42026093
v 0.09208322 0.21083258 -0.42026511
v 0.10198262 0.20435462 -0.39964343
v 0.09208322 0.21083258 -0.39964820
v 0.12215054 0.18402392 -0.42028120
v 0.11197446 0.19448204 -0.42029373
v 0.12214577 0.18402869 -0.39964879
v 0.11197267 0.19448324 -0.39967324
v 0.10198262 0.20435462 -0.37902652
v 0.09208322 0.21083258 -0.37903129
v 0.10198262 0.20435462 -0.35840961
v 0.09208322 0.21083258 -0.35841378
v 0.12214398 0.18403048 -0.37903367
v 0.11197267 0.19448324 -0.37905633
v 0.12220957 0.18410561 -0.35841676
v 0.11197267 0.19448324 -0.35843942
v 0.14246633 0.16314584 -0.42025378
v 0.13231469 0.17357892 -0.42029492
v 0.14246990 0.16314227 -0.39963866
v 0.13231350 0.17358071 -0.39966430
v 0.14247348 0.16313928 -0.37903367
v 0.13231529 0.17357892 -0.37906110
v 0.14261778 0.16327524 -0.35842809
v 0.13245780 0.17371666 -0.35846268
v 0.10098923 0.15785924 -0.49097235
v 0.09814736 0.16013345 -0.48081774
v 0.10849219 0.14979339 -0.48086544
v 0.11116352 0.14988999 -0.49497994
v 0.12577889 0.14645662 -0.49995588
v 0.12161150 0.13724651 -0.49097593
v 0.11877739 0.13950819 -0.48082191
v 0.12910910 0.12917648 -0.48086603
v 0.13178281 0.12927487 -0.49498232
v 0.09795894 0.15993846 -0.46151860
v 0.10830377 0.14958946 -0.46152099
v 0.09795536 0.15994145 -0.44088440
v 0.10830079 0.14959244 -0.44088619
v 0.11859612 0.13929890 -0.46151979
v 0.12892127 0.12897255 -0.46152099
v 0.11859255 0.13930128 -0.44088440
v 0.12891770 0.12897553 -0.44088619
v 0.14344184 0.14350027 -0.49987657
v 0.14639639 0.12583911 -0.49995588
v 0.15508118 0.15011657 -0.49084236
v 0.16228601 0.13920230 -0.49487797
v 0.16325914 0.14277460 -0.48076109
v 0.15282546 0.15292922 -0.48079567
v 0.16413149 0.12295193 -0.49987717
v 0.14222901 0.11662960 -0.49097652
v 0.13939430 0.11889128 -0.48082191
v 0.14971885 0.10856613 -0.48084993
v 0.15236752 0.10864186 -0.49497874
v 0.16700436 0.10520610 -0.49995647
v 0.16285188 0.09600494 -0.49095208
v 0.15999690 0.09822309 -0.48083324
v 0.17002749 0.08259166 -0.48083861
v 0.17209001 0.08320643 -0.49517074
v 0.16342431 0.14288909 -0.46149952
v 0.15304847 0.15312539 -0.46152218
v 0.16342848 0.14288610 -0.44087963
v 0.15290656 0.15298586 -0.44089215
v 0.13921303 0.11868139 -0.46151920
v 0.14953818 0.10835564 -0.46152158
v 0.13921005 0.11868437 -0.44088440
v 0.14953520 0.10835803 -0.44088619
v 0.15984425 0.09804898 -0.46150310
v 0.16988975 0.08240205 -0.46149236
v 0.15984843 0.09804480 -0.44088440
v 0.16989333 0.08239847 -0.44087307
v 0.09795536 0.15994145 -0.42026749
v 0.10830079 0.14959244 -0.42026928
v 0.09795536 0.15994145 -0.39964998
v 0.10830079 0.14959244 -0.39965177
v 0.11859255 0.13930128 -0.42026749
v 0.12891770 0.12897553 -0.42026928
v 0.11859255 0.13930128 -0.39964998
v 0.12891770 0.12897553 -0.39965177
v 0.09795536 0.15994145 -0.37903308
v 0.10830079 0.14959244 -0.37903486
v 0.09795536 0.15994145 -0.35841617
v 0.10830079 0.14959244 -0.35841796
v 0.11859255 0.13930128 -0.37903308
v 0.12891770 0.12897553 -0.37903486
v 0.11859255 0.13930128 -0.35841617
v 0.12891770 0.12897553 -0.35841796
v 0.16342848 0.14288610 -0.42026272
v 0.15298050 0.15305324 -0.42028180
v 0.16335812 0.14281574 -0.39964581
v 0.15290835 0.15298467 -0.39966131
v 0.13921005 0.11868437 -0.42026749
v 0.14953520 0.10835803 -0.42026928
v 0.13921005 0.11868437 -0.39964998
v 0.14953520 0.10835803 -0.39965177
v 0.15984843 0.09804480 -0.42026749
v 0.16989333 0.08239847 -0.42025616
v 0.15984843 0.09804480 -0.39964998
v 0.16989333 0.08239847 -0.39963925
v 0.16335991 0.14281396 -0.37903188
v 0.15291073 0.15298288 -0.37904739
v 0.16335991 0.14281396 -0.35841497
v 0.15298765 0.15304668 -0.35844419
v 0.13921005 0.11868437 -0.37903308
v 0.14953520 0.10835803 -0.37903486
v 0.13921005 0.11868437 -0.35841617
v 0.14953520 0.10835803 -0.35841796
v 0.15984843 0.09804480 -0.37903308
v 0.16989333 0.08239847 -0.37902234
v 0.15984843 0.09804480 -0.35841617
v 0.16989333 0.08239847 -0.35840484
v 0.17581079 0.12959686 -0.49084534
v 0.18279440 0.11848164 -0.49486783
v 0.18395118 0.12222507 -0.48074678
v 0.17358667 0.13244885 -0.48078256
v 0.18470368 0.10233145 -0.49987657
v 0.18657659 0.08352901 -0.50000000
v 0.19641160 0.10899068 -0.49084654
v 0.20180076 0.09851229 -0.49486068
v 0.20395809 0.10188006 -0.48075393
v 0.19420954 0.11182717 -0.48078434
v 0.20116334 0.08203534 -0.49959453
v 0.18411992 0.12233479 -0.46150071
v 0.17381624 0.13263907 -0.46153351
v 0.18412410 0.12233121 -0.44087665
v 0.17382041 0.13263549 -0.44090885
v 0.20427352 0.10212513 -0.46150429
v 0.19443434 0.11202156 -0.46153589
v 0.20427472 0.10212394 -0.44087903
v 0.19443494 0.11202097 -0.44090944
v 0.21109196 0.08950551 -0.49067898
v 0.21063283 0.08025068 -0.49350474
v 0.21376269 0.07891799 -0.48073605
v 0.21053146 0.09200809 -0.48084516
v 0.21383723 0.07891680 -0.46148461
v 0.21077415 0.09222513 -0.46151622
v 0.21384081 0.07891501 -0.44086293
v 0.21077594 0.09221976 -0.44089096
v 0.17672309 0.06365328 -0.48102643
v 0.18031448 0.05593565 -0.49389113
v 0.18911852 0.06283757 -0.49985928
v 0.17984163 0.04108236 -0.48093640
v 0.18186599 0.03426929 -0.49379334
v 0.19067600 0.04115213 -0.49976387
v 0.20153959 0.06183045 -0.49967741
v 0.20154555 0.04120281 -0.49967562
v 0.17983209 0.02055072 -0.48093520
v 0.18186301 0.01368279 -0.49379334
v 0.19067779 0.02056265 -0.49976328
v 0.17983209 -0.00006678 -0.48093520
v 0.18186301 -0.00693412 -0.49379334
v 0.19067779 -0.00005426 -0.49976328
v 0.20155092 0.02058233 -0.49967503
v 0.20155092 -0.00003458 -0.49967503
v 0.17647385 0.06344518 -0.46148581
v 0.17961206 0.04105971 -0.46148461
v 0.17647325 0.06344577 -0.44086055
v 0.17961266 0.04106090 -0.44084982
v 0.17959954 0.02055370 -0.46148282
v 0.17959954 -0.00006380 -0.46148282
v 0.17959954 0.02055609 -0.44084982
v 0.17959954 -0.00006082 -0.44084982
v 0.21097271 0.06182330 -0.49370867
v 0.21349496 0.06178454 -0.48085411
v 0.21076699 0.04119864 -0.49370748
v 0.21329879 0.04119625 -0.48085649
v 0.21086657 0.02058710 -0.49370509
v 0.21339837 0.02059008 -0.48085411
v 0.21096615 -0.00003339 -0.49370688
v 0.21349795 -0.00003041 -0.48085113
v 0.21373646 0.06175473 -0.46149594
v 0.21353969 0.04118492 -0.46150012
v 0.21373646 0.06176129 -0.44087188
v 0.21353969 0.04118492 -0.44087128
v 0.21354028 0.02057934 -0.46149654
v 0.21373884 -0.00003816 -0.46149117
v 0.21354028 0.02057755 -0.44087128
v 0.21373884 -0.00003637 -0.44086472
v 0.18412410 0.12233121 -0.42025914
v 0.17382041 0.13263549 -0.42029194
v 0.18412410 0.12233121 -0.39964223
v 0.17382041 0.13263549 -0.39967503
v 0.20427472 0.10212394 -0.42026153
v 0.19443494 0.11202097 -0.42029194
v 0.20427472 0.10212394 -0.39964462
v 0.19443494 0.11202097 -0.39967503
v 0.18412410 0.12233121 -0.37902532
v 0.17382041 0.13263549 -0.37905812
v 0.18412410 0.12233121 -0.35840841
v 0.17382041 0.13263549 -0.35844061
v 0.20427472 0.10212394 -0.37902771
v 0.19443494 0.11202097 -0.37905812
v 0.20427472 0.10212394 -0.35841080
v 0.19443494 0.11202097 -0.35844061
v 0.21384081 0.07891501 -0.42024543
v 0.21077594 0.09221976 -0.42027345
v 0.21384081 0.07891501 -0.39962852
v 0.21077594 0.09221976 -0.39965654
v 0.21384081 0.07891501 -0.37901161
v 0.21077594 0.09221976 -0.37903963
v 0.21384081 0.07891501 -0.35839470
v 0.21077594 0.09221976 -0.35842273
v 0.17647325 0.06344577 -0.42024364
v 0.17961266 0.04106090 -0.42023231
v 0.17647325 0.06344577 -0.39962613
v 0.17961266 0.04106090 -0.39961540
v 0.17959954 0.02055609 -0.42023231
v 0.17959954 -0.00006082 -0.42023231
v 0.17959954 0.02055609 -0.39961540
v 0.17959954 -0.00006082 -0.39961540
v 0.17647325 0.06344577 -0.37900922
v 0.17961266 0.04106090 -0.37899849
v 0.17647325 0.06344577 -0.35839232
v 0.17961266 0.04106090 -0.35838099
v 0.17959954 0.02055609 -0.37899849
v 0.17959954 -0.00006082 -0.37899849
v 0.17959954 0.02055609 -0.35838158
v 0.17959954 -0.00006082 -0.35838158
v 0.21383604 0.06176129 -0.42025497
v 0.21363926 0.04118135 -0.42025556
v 0.21393561 0.06176307 -0.39963448
v 0.21363926 0.04117836 -0.39963508
v 0.21344070 0.02057457 -0.42025556
v 0.21363926 -0.00003280 -0.42024602
v 0.21353969 0.02057100 -0.39964044
v 0.21373884 -0.00003637 -0.39963508
v 0.21393561 0.06176427 -0.37901399
v 0.21373825 0.04117658 -0.37901638
v 0.21393561 0.06176427 -0.35839709
v 0.21383782 0.04117777 -0.35839649
v 0.21373884 0.02056921 -0.37902175
v 0.21363926 -0.00004293 -0.37901638
v 0.21383782 0.02056742 -0.35839768
v 0.21373825 -0.00005128 -0.35840126
v 0.02066998 0.21393681 -0.33777242
v 0.02066998 0.21393681 -0.31715552
v 0.04128689 0.21393681 -0.33777242
v 0.04128689 0.21393681 -0.31715552
v 0.02067833 0.17959954 -0.33776408
v 0.02067833 0.17959954 -0.31714717
v 0.04115571 0.17960968 -0.33776408
v 0.04115571 0.17960968 -0.31714717
v 0.02066998 0.21393681 -0.29653861
v 0.02066998 0.21393681 -0.27592110
v 0.04128689 0.21393681 -0.29653861
v 0.04128689 0.21393681 -0.27592110
v 0.02067833 0.17959954 -0.29653026
v 0.02067833 0.17959954 -0.27591275
v 0.04115571 0.17960968 -0.29652966
v 0.04115571 0.17960968 -0.27591275
v 0.06181793 0.21393383 -0.33777242
v 0.06181793 0.21393383 -0.31715552
v 0.07882617 0.21388433 -0.33777064
v 0.07882617 0.21388433 -0.31715373
v 0.06346008 0.17651440 -0.33777481
v 0.06346008 0.17651440 -0.31715790
v 0.08236448 0.16994222 -0.33778793
v 0.08236448 0.16994222 -0.31717102
v 0.06181793 0.21393383 -0.29653801
v 0.06181793 0.21393383 -0.27592110
v 0.07882617 0.21388433 -0.29653622
v 0.07882617 0.21388433 -0.27591931
v 0.06346008 0.17651440 -0.29654099
v 0.06346008 0.17651440 -0.27592408
v 0.08236448 0.16994222 -0.29655351
v 0.08236448 0.16994222 -0.27593660
v 0.02066998 0.21393681 -0.25530419
v 0.02066998 0.21393681 -0.23468728
v 0.04128689 0.21393681 -0.25530419
v 0.04128689 0.21393681 -0.23468728
v 0.02067833 0.17959954 -0.25529584
v 0.02067833 0.17959954 -0.23467893
v 0.04115571 0.17960968 -0.25529584
v 0.04115571 0.17960968 -0.23467893
v 0.02066998 0.21393681 -0.21406978
v 0.02066998 0.21393681 -0.19345287
v 0.04128689 0.21393681 -0.21406978
v 0.04128689 0.21393681 -0.19345287
v 0.02067475 0.17979870 -0.21406024
v 0.02067296 0.17989768 -0.19344989
v 0.04114915 0.17980943 -0.21405845
v 0.04114617 0.18000859 -0.19344929
v 0.06181793 0.21393383 -0.25530419
v 0.06181793 0.21393383 -0.23468728
v 0.07882617 0.21388433 -0.25530240
v 0.07882617 0.21388433 -0.23468549
v 0.06346008 0.17651440 -0.25530658
v 0.06346008 0.17651440 -0.23468967
v 0.08236448 0.16994222 -0.25531969
v 0.08236448 0.16994222 -0.23470219
v 0.06181793 0.21393383 -0.21406978
v 0.06181793 0.21393383 -0.19345287
v 0.07882617 0.21388433 -0.21406799
v 0.07882617 0.21388433 -0.19345108
v 0.06345650 0.17661457 -0.21407097
v 0.06345352 0.17671355 -0.19345704
v 0.08236448 0.16994222 -0.21408528
v 0.08236090 0.17004240 -0.19346658
v 0.10198262 0.20435462 -0.33779210
v 0.09208322 0.21083258 -0.33779687
v 0.10198262 0.20435462 -0.31717519
v 0.09208322 0.21083258 -0.31717996
v 0.12227456 0.18418074 -0.33779449
v 0.11197267 0.19448324 -0.33782192
v 0.12227277 0.18418253 -0.31717400
v 0.11197267 0.19448324 -0.31720501
v 0.10198262 0.20435462 -0.29655828
v 0.09208322 0.21083258 -0.29656305
v 0.10198262 0.20435462 -0.27594137
v 0.09208322 0.21083258 -0.27594555
v 0.12227277 0.18418253 -0.29655709
v 0.11197267 0.19448324 -0.29658810
v 0.12227277 0.18418253 -0.27593959
v 0.11197267 0.19448324 -0.27597119
v 0.14275731 0.16341775 -0.33780760
v 0.13252399 0.17379120 -0.33784040
v 0.14282469 0.16348990 -0.31718950
v 0.13258779 0.17386812 -0.31720978
v 0.14275135 0.16342311 -0.29656007
v 0.13258659 0.17386931 -0.29658929
v 0.14275313 0.16342132 -0.27594674
v 0.13258659 0.17386931 -0.27597238
v 0.10198262 0.20435462 -0.25532387
v 0.09208322 0.21083258 -0.25532864
v 0.10198262 0.20435462 -0.23470696
v 0.09208322 0.21083258 -0.23471173
v 0.12227277 0.18418253 -0.25532268
v 0.11197267 0.19448324 -0.25535368
v 0.12227277 0.18418253 -0.23470577
v 0.11197267 0.19448324 -0.23473677
v 0.10198262 0.20435462 -0.21409005
v 0.09208322 0.21083258 -0.21409482
v 0.10198262 0.20435462 -0.19347314
v 0.09208322 0.21083258 -0.19347731
v 0.12227277 0.18418253 -0.21408886
v 0.11197267 0.19448324 -0.21411986
v 0.12227277 0.18418253 -0.19347135
v 0.11197267 0.19448324 -0.19350236
v 0.14282350 0.16349168 -0.25532923
v 0.13258659 0.17386931 -0.25535547
v 0.14289207 0.16356383 -0.23470934
v 0.13258659 0.17386931 -0.23473856
v 0.14289028 0.16356503 -0.21408886
v 0.13258659 0.17386931 -0.21412106
v 0.14281992 0.16349467 -0.19347135
v 0.13258659 0.17386931 -0.19350415
v 0.09795536 0.15994145 -0.33779926
v 0.10830079 0.14959244 -0.33780045
v 0.09795536 0.15994145 -0.31718175
v 0.10830079 0.14959244 -0.31718354
v 0.11859255 0.13930128 -0.33779926
v 0.12891770 0.12897553 -0.33780045
v 0.11859255 0.13930128 -0.31718175
v 0.12891770 0.12897553 -0.31718354
v 0.09795536 0.15994145 -0.29656484
v 0.10830079 0.14959244 -0.29656663
v 0.09795536 0.15994145 -0.27594793
v 0.10830079 0.14959244 -0.27594972
v 0.11859255 0.13930128 -0.29656484
v 0.12891770 0.12897553 -0.29656663
v 0.11859255 0.13930128 -0.27594793
v 0.12891770 0.12897553 -0.27594972
v 0.16343385 0.14288133 -0.33779926
v 0.15306338 0.15311108 -0.33784279
v 0.16350719 0.14294812 -0.31717877
v 0.15313612 0.15317906 -0.31722349
v 0.13921005 0.11868437 -0.33779926
v 0.14953520 0.10835803 -0.33780045
v 0.13921005 0.11868437 -0.31718175
v 0.14953520 0.10835803 -0.31718354
v 0.15984843 0.09804480 -0.33779926
v 0.16989333 0.08239847 -0.33778793
v 0.15984843 0.09804480 -0.31718175
v 0.16989333 0.08239847 -0.31717102
v 0.16343683 0.14287776 -0.29655709
v 0.15313493 0.15318085 -0.29659287
v 0.16336826 0.14280620 -0.27594316
v 0.15306457 0.15311048 -0.27597596
v 0.13921005 0.11868437 -0.29656484
v 0.14953520 0.10835803 -0.29656663
v 0.13921005 0.11868437 -0.27594793
v 0.14953520 0.10835803 -0.27594972
v 0.15984843 0.09804480 -0.29656484
v 0.16989333 0.08239847 -0.29655351
v 0.15984843 0.09804480 -0.27594793
v 0.16989333 0.08239847 -0.27593660
v 0.09795536 0.15994145 -0.25533043
v 0.10830079 0.14959244 -0.25533222
v 0.09795536 0.15994145 -0.23471352
v 0.10830079 0.14959244 -0.23471531
v 0.11859255 0.13930128 -0.25533043
v 0.12891770 0.12897553 -0.25533222
v 0.11859255 0.13930128 -0.23471352
v 0.12891770 0.12897553 -0.23471531
v 0.09795536 0.15994145 -0.21409661
v 0.10830079 0.14959244 -0.21409840
v 0.09795536 0.15994145 -0.19347970
v 0.10830079 0.14959244 -0.19348089
v 0.11859255 0.13930128 -0.21409661
v 0.12891770 0.12897553 -0.21409840
v 0.11859255 0.13930128 -0.19347970
v 0.12891770 0.12897553 -0.19348089
v 0.16337004 0.14280441 -0.25532923
v 0.15313672 0.15317906 -0.25536203
v 0.16344040 0.14287478 -0.23471233
v 0.15313493 0.15318085 -0.23474154
v 0.13921005 0.11868437 -0.25533043
v 0.14953520 0.10835803 -0.25533222
v 0.13921005 0.11868437 -0.23471352
v 0.14953520 0.10835803 -0.23471531
v 0.15984843 0.09804480 -0.25533102
v 0.16989333 0.08239847 -0.25531969
v 0.15984843 0.09804480 -0.23471352
v 0.16989333 0.08239847 -0.23470279
v 0.16350898 0.14294633 -0.21409184
v 0.15320529 0.15325121 -0.21412463
v 0.16350719 0.14294812 -0.19347135
v 0.15313314 0.15318204 -0.19350415
v 0.13921005 0.11868437 -0.21409661
v 0.14953520 0.10835803 -0.21409840
v 0.13921005 0.11868437 -0.19347970
v 0.14953520 0.10835803 -0.19348089
v 0.15984843 0.09804480 -0.21409661
v 0.16989333 0.08239847 -0.21408528
v 0.15984843 0.09804480 -0.19347970
v 0.16989333 0.08239847 -0.19346837
v 0.02066998 0.21393681 -0.17283596
v 0.02066998 0.21393681 -0.15221905
v 0.04128689 0.21393681 -0.17283596
v 0.04128689 0.21393681 -0.15221905
v 0.02067296 0.17999666 -0.17283775
v 0.02067475 0.17999666 -0.15222382
v 0.04114438 0.18020715 -0.17283894
v 0.04114617 0.18020655 -0.15223038
v 0.02066998 0.21393681 -0.13160154
v 0.02066998 0.21393681 -0.11098463
v 0.04128689 0.21393681 -0.13160154
v 0.04128689 0.21393681 -0.11098463
v 0.02067833 0.17989768 -0.13160810
v 0.02068131 0.17989768 -0.11098821
v 0.04114915 0.18020655 -0.13161466
v 0.04115094 0.18010757 -0.11099596
v 0.06181793 0.21393383 -0.17283596
v 0.06181793 0.21393383 -0.15221905
v 0.07882617 0.21388433 -0.17283417
v 0.07882617 0.21388433 -0.15221666
v 0.06344696 0.17691271 -0.17284192
v 0.06344696 0.17691271 -0.15223455
v 0.08235792 0.17014257 -0.17285265
v 0.08235792 0.17014197 -0.15224051
v 0.06181793 0.21393383 -0.13160154
v 0.06181793 0.21393383 -0.11098463
v 0.07882617 0.21388433 -0.13159975
v 0.07882617 0.21388433 -0.11098285
v 0.06344696 0.17691271 -0.13161764
v 0.06344995 0.17691271 -0.11100193
v 0.08235792 0.17014197 -0.13162361
v 0.08235792 0.17014197 -0.11100670
v 0.02066998 0.21393681 -0.09036772
v 0.02066998 0.21393681 -0.06975082
v 0.04128689 0.21393681 -0.09036772
v 0.04128689 0.21393681 -0.06975082
v 0.02068310 0.17979870 -0.09036951
v 0.02068131 0.17969912 -0.06974903
v 0.04115272 0.18000799 -0.09037727
v 0.04115571 0.17990841 -0.06975678
v 0.02066998 0.21393681 -0.04913331
v 0.02066998 0.21393681 -0.02851640
v 0.04128689 0.21393681 -0.04913331
v 0.04128689 0.21393681 -0.02851640
v 0.02067952 0.17959954 -0.04912854
v 0.02067833 0.17959954 -0.02850805
v 0.04115928 0.17990722 -0.04913629
v 0.04116107 0.17980764 -0.02851759
v 0.06181793 0.21393383 -0.09036772
v 0.06181793 0.21393383 -0.06975022
v 0.07882617 0.21388433 -0.09036594
v 0.07882617 0.21388433 -0.06974843
v 0.06345531 0.17691271 -0.09038502
v 0.06346008 0.17691211 -0.06976811
v 0.08235792 0.17014197 -0.09038919
v 0.08235792 0.17014197 -0.06977228
v 0.06181793 0.21393383 -0.04913331
v 0.06181793 0.21393383 -0.02851640
v 0.07882617 0.21388433 -0.04913152
v 0.07882617 0.21388433 -0.02851461
v 0.06346187 0.17681254 -0.04914941
v 0.06346306 0.17671236 -0.02853071
v 0.08236090 0.17014138 -0.04915716
v 0.08236567 0.17014078 -0.02853966
v 0.10198262 0.20435462 -0.17285564
v 0.09208322 0.21083258 -0.17286041
v 0.10198262 0.20435462 -0.15223873
v 0.09208322 0.21083258 -0.15224350
v 0.12227277 0.18418253 -0.17285444
v 0.11197267 0.19448324 -0.17288545
v 0.12227277 0.18418253 -0.15223753
v 0.11197267 0.19448324 -0.15226854
v 0.10198262 0.20435462 -0.13162182
v 0.09208322 0.21083258 -0.13162599
v 0.10198262 0.20435462 -0.11100431
v 0.09208322 0.21083258 -0.11100908
v 0.12227277 0.18418253 -0.13162062
v 0.11197267 0.19448324 -0.13165163
v 0.12227277 0.18418253 -0.11100312
v 0.11197267 0.19448324 -0.11103412
v 0.14275313 0.16342132 -0.17285623
v 0.13258659 0.17386931 -0.17288724
v 0.14275969 0.16341536 -0.15224230
v 0.13258659 0.17386931 -0.15227033
v 0.14276268 0.16341178 -0.13162718
v 0.13258659 0.17386931 -0.13165282
v 0.14276268 0.16341178 -0.11100968
v 0.13258659 0.17386931 -0.11103591
v 0.10198262 0.20435462 -0.09038740
v 0.09208322 0.21083258 -0.09039217
v 0.10198262 0.20435462 -0.06977049
v 0.09208322 0.21083258 -0.06977526
v 0.12227277 0.18418253 -0.09038621
v 0.11197267 0.19448324 -0.09041722
v 0.12227277 0.18418253 -0.06976930
v 0.11197267 0.19448324 -0.06980031
v 0.10198262 0.20435462 -0.04915358
v 0.09208322 0.21083258 -0.04915776
v 0.10198262 0.20435462 -0.02853608
v 0.09208322 0.21083258 -0.02854085
v 0.12227277 0.18418253 -0.04915179
v 0.11197267 0.19448324 -0.04918340
v 0.12227277 0.18418253 -0.02853489
v 0.11197267 0.19448324 -0.02856589
v 0.14276268 0.16341178 -0.09039277
v 0.13258659 0.17386931 -0.09041900
v 0.14283304 0.16348214 -0.06977586
v 0.13258659 0.17386931 -0.06980150
v 0.14283125 0.16348393 -0.04915537
v 0.13258659 0.17386931 -0.04918459
v 0.14276089 0.16341357 -0.02853846
v 0.13258659 0.17386931 -0.02856768
v 0.09795536 0.15994145 -0.17286219
v 0.10830079 0.14959244 -0.17286398
v 0.09795536 0.15994145 -0.15224528
v 0.10830079 0.14959244 -0.15224707
v 0.11859255 0.13930128 -0.17286219
v 0.12891770 0.12897553 -0.17286398
v 0.11859255 0.13930128 -0.15224528
v 0.12891770 0.12897553 -0.15224707
v 0.09795536 0.15994145 -0.13162838
v 0.10830079 0.14959244 -0.13163016
v 0.09795536 0.15994145 -0.11101087
v 0.10830079 0.14959244 -0.11101266
v 0.11859255 0.13930128 -0.13162838
v 0.12891770 0.12897553 -0.13163016
v 0.11859255 0.13930128 -0.11101087
v 0.12891770 0.12897553 -0.11101266
v 0.16343683 0.14287776 -0.17285444
v 0.15313672 0.15317906 -0.17288903
v 0.16329253 0.14274121 -0.15222561
v 0.15299540 0.15303893 -0.15226138
v 0.13921005 0.11868437 -0.17286219
v 0.14953520 0.10835803 -0.17286398
v 0.13921005 0.11868437 -0.15224528
v 0.14953520 0.10835803 -0.15224707
v 0.15984843 0.09804480 -0.17286219
v 0.16989333 0.08239847 -0.17285146
v 0.15984843 0.09804480 -0.15224528
v 0.16989333 0.08239847 -0.15223396
v 0.16329551 0.14273823 -0.13161526
v 0.15292564 0.15296797 -0.13163732
v 0.16322276 0.14267025 -0.11098940
v 0.15293041 0.15296380 -0.11102518
v 0.13921005 0.11868437 -0.13162838
v 0.14953520 0.10835803 -0.13163016
v 0.13921005 0.11868437 -0.11101087
v 0.14953520 0.10835803 -0.11101266
v 0.15984843 0.09804480 -0.13162838
v 0.16989333 0.08239847 -0.13161705
v 0.15984843 0.09804480 -0.11101087
v 0.16989333 0.08239847 -0.11100014
v 0.09795536 0.15994145 -0.09039396
v 0.10830079 0.14959244 -0.09039575
v 0.09795536 0.15994145 -0.06977705
v 0.10830079 0.14959244 -0.06977884
v 0.11859255 0.13930128 -0.09039396
v 0.12891770 0.12897553 -0.09039575
v 0.11859255 0.13930128 -0.06977705
v 0.12891770 0.12897553 -0.06977884
v 0.09795536 0.15994145 -0.04916014
v 0.10830079 0.14959244 -0.04916133
v 0.09795536 0.15994145 -0.02854264
v 0.10830079 0.14959244 -0.02854443
v 0.11859255 0.13930128 -0.04916014
v 0.12891770 0.12897553 -0.04916133
v 0.11859255 0.13930128 -0.02854264
v 0.12891770 0.12897553 -0.02854443
v 0.16315360 0.14259870 -0.09037548
v 0.15293041 0.15296380 -0.09040827
v 0.16308502 0.14252655 -0.06976214
v 0.15300077 0.15303416 -0.06979136
v 0.13921005 0.11868437 -0.09039396
v 0.14953520 0.10835803 -0.09039575
v 0.13921005 0.11868437 -0.06977705
v 0.14953520 0.10835803 -0.06977884
v 0.15984843 0.09804480 -0.09039396
v 0.16989333 0.08239847 -0.09038323
v 0.15984843 0.09804480 -0.06977705
v 0.16989333 0.08239847 -0.06976572
v 0.16315896 0.14259393 -0.04914643
v 0.15292862 0.15296559 -0.04917088
v 0.16316194 0.14259095 -0.02852594
v 0.15300077 0.15303416 -0.02855695
v 0.13921005 0.11868437 -0.04916014
v 0.14953520 0.10835803 -0.04916133
v 0.13921005 0.11868437 -0.02854264
v 0.14953520 0.10835803 -0.02854443
v 0.15984843 0.09804480 -0.04916014
v 0.16989333 0.08239847 -0.04914881
v 0.15984843 0.09804480 -0.02854264
v 0.16989333 0.08239847 -0.02853190
v 0.18412410 0.12233121 -0.33779091
v 0.17382041 0.13263549 -0.33782370
v 0.18412410 0.12233121 -0.31717400
v 0.17382041 0.13263549 -0.31720680
v 0.20427472 0.10212394 -0.33779329
v 0.19443494 0.11202097 -0.33782370
v 0.20427472 0.10212394 -0.31717639
v 0.19443494 0.11202097 -0.31720680
v 0.18412410 0.12233121 -0.29655709
v 0.17382041 0.13263549 -0.29658929
v 0.18412410 0.12233121 -0.27594018
v 0.17382041 0.13263549 -0.27597238
v 0.20427472 0.10212394 -0.29655948
v 0.19443494 0.11202097 -0.29658989
v 0.20427472 0.10212394 -0.27594197
v 0.19443494 0.11202097 -0.27597238
v 0.21384081 0.07891501 -0.33777719
v 0.21077594 0.09221976 -0.33780522
v 0.21384081 0.07891501 -0.31716029
v 0.21077594 0.09221976 -0.31718831
v 0.21384081 0.07891501 -0.29654338
v 0.21077594 0.09221976 -0.29657140
v 0.21384081 0.07891501 -0.27592587
v 0.21077594 0.09221976 -0.27595390
v 0.17647325 0.06344577 -0.33777541
v 0.17961266 0.04106090 -0.33776408
v 0.17647325 0.06344577 -0.31715790
v 0.17961266 0.04106090 -0.31714717
v 0.17959954 0.02055609 -0.33776408
v 0.17959954 -0.00006082 -0.33776408
v 0.17959954 0.02055609 -0.31714717
v 0.17959954 -0.00006082 -0.31714717
v 0.17647325 0.06344577 -0.29654099
v 0.17961266 0.04106090 -0.29653026
v 0.17647325 0.06344577 -0.27592408
v 0.17961266 0.04106090 -0.27591275
v 0.17959954 0.02055609 -0.29653026
v 0.17959954 -0.00006082 -0.29653026
v 0.17959954 0.02055609 -0.27591275
v 0.17959954 -0.00006082 -0.27591275
v 0.21393561 0.06176427 -0.33777958
v 0.21393681 0.04117956 -0.33777600
v 0.21393561 0.06176427 -0.31716267
v 0.21393681 0.04118135 -0.31715552
v 0.21373825 0.02056444 -0.33777779
v 0.21373825 -0.00004770 -0.33777779
v 0.21373825 0.02056086 -0.31716207
v 0.21383782 -0.00004591 -0.31716207
v 0.21393561 0.06176427 -0.29654576
v 0.21393681 0.04118135 -0.29653861
v 0.21393561 0.06176427 -0.27592826
v 0.21393681 0.04118135 -0.27592110
v 0.21383782 0.02056086 -0.29654517
v 0.21383782 -0.00004770 -0.29654338
v 0.21393681 0.02056265 -0.27592468
v 0.21383782 -0.00005247 -0.27592647
v 0.18412410 0.12233121 -0.25532268
v 0.17382041 0.13263549 -0.25535547
v 0.18412410 0.12233121 -0.23470577
v 0.17382041 0.13263549 -0.23473856
v 0.20427472 0.10212394 -0.25532506
v 0.19443494 0.11202097 -0.25535547
v 0.20427472 0.10212394 -0.23470815
v 0.19443494 0.11202097 -0.23473856
v 0.18412410 0.12233121 -0.21408886
v 0.17382041 0.13263549 -0.21412106
v 0.18412410 0.12233121 -0.19347135
v 0.17382041 0.13263549 -0.19350415
v 0.20427472 0.10212394 -0.21409124
v 0.19443494 0.11202097 -0.21412106
v 0.20427472 0.10212394 -0.19347374
v 0.19443494 0.11202097 -0.19350415
v 0.21384081 0.07891501 -0.25530896
v 0.21077594 0.09221976 -0.25533699
v 0.21384081 0.07891501 -0.23469205
v 0.21077594 0.09221976 -0.23472008
v 0.21384081 0.07891501 -0.21407514
v 0.21077594 0.09221976 -0.21410317
v 0.21384081 0.07891501 -0.19345764
v 0.21077594 0.09221976 -0.19348566
v 0.17647325 0.06344577 -0.25530658
v 0.17961266 0.04106090 -0.25529584
v 0.17647325 0.06344577 -0.23468967
v 0.17961266 0.04106090 -0.23467893
v 0.17959954 0.02055609 -0.25529584
v 0.17959954 -0.00006082 -0.25529584
v 0.17959954 0.02055609 -0.23467893
v 0.17959954 -0.00006082 -0.23467893
v 0.17647325 0.06344577 -0.21407276
v 0.17961266 0.04106090 -0.21406143
v 0.17647325 0.06344577 -0.19345585
v 0.17961266 0.04106090 -0.19344452
v 0.17959954 0.02055609 -0.21406202
v 0.17959954 -0.00006082 -0.21406202
v 0.17959954 0.02055609 -0.19344452
v 0.17959954 -0.00006082 -0.19344452
v 0.21393561 0.06176427 -0.25531135
v 0.21393681 0.04118135 -0.25530419
v 0.21393561 0.06176427 -0.23469444
v 0.21393681 0.04118135 -0.23468728
v 0.21393681 0.02056444 -0.25530419
v 0.21393681 -0.00005426 -0.25530777
v 0.21393681 0.02056444 -0.23468728
v 0.21393681 -0.00005247 -0.23468728
v 0.21393561 0.06176427 -0.21407753
v 0.21393681 0.04118135 -0.21406978
v 0.21393561 0.06176427 -0.19346002
v 0.21393681 0.04118135 -0.19345287
v 0.21393681 0.02056444 -0.21407037
v 0.21393681 -0.00005247 -0.21407037
v 0.21383782 0.02056444 -0.19345287
v 0.21383782 -0.00004949 -0.19345108
v 0.18412410 0.12233121 -0.17285444
v 0.17382041 0.13263549 -0.17288724
v 0.18412410 0.12233121 -0.15223753
v 0.17381684 0.13263847 -0.15226854
v 0.20427472 0.10212394 -0.17285683
v 0.19443494 0.11202097 -0.17288724
v 0.20427472 0.10212394 -0.15223992
v 0.19443494 0.11202097 -0.15227033
v 0.18412052 0.12233419 -0.13161884
v 0.17374111 0.13257348 -0.13164090
v 0.18411575 0.12233896 -0.11100193
v 0.17366478 0.13250908 -0.11101385
v 0.20427472 0.10212394 -0.13162301
v 0.19443494 0.11202097 -0.13165282
v 0.20427472 0.10212394 -0.11100550
v 0.19443494 0.11202097 -0.11103591
v 0.21384081 0.07891501 -0.17284073
v 0.21077594 0.09221976 -0.17286875
v 0.21384081 0.07891501 -0.15222382
v 0.21077594 0.09221976 -0.15225184
v 0.21384081 0.07891501 -0.13160691
v 0.21077594 0.09221976 -0.13163434
v 0.21384081 0.07891501 -0.11098940
v 0.21077594 0.09221976 -0.11101743
v 0.17647325 0.06344577 -0.17283834
v 0.17961266 0.04106090 -0.17282761
v 0.17647325 0.06344577 -0.15222143
v 0.17961266 0.04106090 -0.15221070
v 0.17959954 0.02055609 -0.17282761
v 0.17959954 -0.00006082 -0.17282761
v 0.17959954 0.02055609 -0.15221070
v 0.17959954 -0.00006082 -0.15221070
v 0.17647325 0.06344577 -0.13160452
v 0.17961266 0.04106090 -0.13159320
v 0.17647325 0.06344577 -0.11098702
v 0.17961266 0.04106090 -0.11097629
v 0.17959954 0.02055609 -0.13159320
v 0.17959954 -0.00006082 -0.13159320
v 0.17959954 0.02055609 -0.11097629
v 0.17959954 -0.00006082 -0.11097629
v 0.21393561 0.06176427 -0.17284311
v 0.21393681 0.04118135 -0.17283596
v 0.21393561 0.06176427 -0.15222620
v 0.21393681 0.04118135 -0.15221905
v 0.21373825 0.02056265 -0.17283894
v 0.21383782 -0.00004591 -0.17283775
v 0.21373825 0.02056086 -0.15222561
v 0.21373825 -0.00004472 -0.15222203
v 0.21393561 0.06176427 -0.13160929
v 0.21393681 0.04118135 -0.13160154
v 0.21393561 0.06176427 -0.11099179
v 0.21393681 0.04118135 -0.11098463
v 0.21373825 0.02056086 -0.13160810
v 0.21363926 -0.00004591 -0.13160810
v 0.21373825 0.02056086 -0.11099119
v 0.21353969 -0.00004770 -0.11099477
v 0.18411396 0.12234075 -0.09038621
v 0.17359442 0.13243931 -0.09040171
v 0.18404360 0.12227039 -0.06976930
v 0.17359621 0.13243752 -0.06978778
v 0.20427472 0.10212394 -0.09038859
v 0.19443494 0.11202097 -0.09041900
v 0.20427472 0.10212394 -0.06977169
v 0.19443494 0.11202097 -0.06980150
v 0.18397503 0.12219824 -0.04915537
v 0.17352764 0.13236597 -0.04916909
v 0.18390109 0.12213205 -0.02852654
v 0.17345847 0.13229442 -0.02854502
v 0.20427472 0.10212394 -0.04915418
v 0.19443494 0.11202097 -0.04918459
v 0.20427472 0.10212394 -0.02853727
v 0.19443136 0.11202395 -0.02856589
v 0.21384081 0.07891501 -0.09037249
v 0.21077594 0.09221976 -0.09040052
v 0.21384081 0.07891501 -0.06975559
v 0.21077594 0.09221976 -0.06978361
v 0.21384081 0.07891501 -0.04913868
v 0.21077594 0.09221976 -0.04916611
v 0.21384081 0.07891501 -0.02852117
v 0.21077594 0.09221976 -0.02854920
v 0.17647325 0.06344577 -0.09037011
v 0.17961266 0.04106090 -0.09035938
v 0.17647325 0.06344577 -0.06975320
v 0.17961266 0.04106090 -0.06974247
v 0.17959954 0.02055609 -0.09035938
v 0.17959954 -0.00006082 -0.09035938
v 0.17959954 0.02055609 -0.06974247
v 0.17959954 -0.00006082 -0.06974247
v 0.17647325 0.06344577 -0.04913629
v 0.17961266 0.04106090 -0.04912496
v 0.17647325 0.06344577 -0.02851879
v 0.17961266 0.04106090 -0.02850805
v 0.17959954 0.02055609 -0.04912496
v 0.17959954 -0.00006082 -0.04912496
v 0.17959954 0.02055609 -0.02850805
v 0.17959954 -0.00006082 -0.02850805
v 0.21393561 0.06176427 -0.09037488
v 0.21393681 0.04118135 -0.09036772
v 0.21393561 0.06176427 -0.06975797
v 0.21393681 0.04118135 -0.06975082
v 0.21373825 0.02056086 -0.09037428
v 0.21353969 -0.00004949 -0.09038084
v 0.21373825 0.02056086 -0.06975737
v 0.21353969 -0.00004949 -0.06976393
v 0.21393561 0.06176427 -0.04914047
v 0.21393681 0.04118135 -0.04913331
v 0.21393561 0.06176427 -0.02852356
v 0.21393681 0.04118135 -0.02851640
v 0.21373825 0.02056086 -0.04913987
v 0.21353969 -0.00004949 -0.04914702
v 0.21373825 0.02056086 -0.02852296
v 0.21353969 -0.00004949 -0.02852952
v 0.09922901 -0.16111790 -0.49105106
v 0.09802751 -0.15991342 -0.47456516
v 0.08261850 -0.17017417 -0.48720149
v 0.08935286 -0.17440655 -0.49662507
v 0.10740697 -0.16926962 -0.49963150
v 0.11263275 -0.15389757 -0.49657379
v 0.10855361 -0.14980651 -0.48715021
v 0.11980537 -0.14048012 -0.49100157
v 0.11862713 -0.13931023 -0.47457113
v 0.12798929 -0.14862170 -0.49957664
v 0.13324548 -0.13327768 -0.49656305
v 0.12912759 -0.12915442 -0.48706911
v 0.12190666 -0.16316135 -0.49960169
v 0.09800247 -0.15988957 -0.45464948
v 0.08240562 -0.16989631 -0.46837580
v 0.10831092 -0.14958171 -0.46840084
v 0.09800247 -0.15988957 -0.43401707
v 0.08240503 -0.16989690 -0.44774577
v 0.10831748 -0.14957456 -0.44776903
v 0.11860447 -0.13928876 -0.45463457
v 0.12892783 -0.12896480 -0.46838534
v 0.11860805 -0.13928518 -0.43402243
v 0.12893081 -0.12896122 -0.44776366
v 0.14038710 -0.11982684 -0.49095148
v 0.13924285 -0.11869212 -0.47456755
v 0.14857221 -0.12796961 -0.49952059
v 0.15386299 -0.11265719 -0.49655948
v 0.14974748 -0.10853274 -0.48707090
v 0.16101653 -0.09918966 -0.49094969
v 0.15988182 -0.09805315 -0.47456815
v 0.16926187 -0.10741352 -0.49951821
v 0.17445724 -0.08936180 -0.49669185
v 0.17019564 -0.08258689 -0.48719731
v 0.16317745 -0.12197046 -0.49954504
v 0.14249018 -0.14251045 -0.49954921
v 0.13806043 -0.15866899 -0.49307542
v 0.15855987 -0.13795966 -0.49306529
v 0.15040040 -0.15039265 -0.49520771
v 0.15270979 -0.15270025 -0.48724382
v 0.16309218 -0.14247467 -0.47467667
v 0.14269768 -0.16328657 -0.47468979
v 0.13922138 -0.11867185 -0.45463457
v 0.14954474 -0.10834789 -0.46838534
v 0.13922496 -0.11866768 -0.43402243
v 0.14955190 -0.10834074 -0.44776903
v 0.15985976 -0.09803288 -0.45463457
v 0.16989750 -0.08240562 -0.46838116
v 0.15985976 -0.09803288 -0.43401707
v 0.16989690 -0.08240562 -0.44774577
v 0.15302522 -0.15300852 -0.46840621
v 0.16325258 -0.14264103 -0.45462205
v 0.14294156 -0.16351375 -0.45462920
v 0.15309677 -0.15307709 -0.44776962
v 0.16325258 -0.14264103 -0.43399500
v 0.14294156 -0.16351375 -0.43400454
v 0.09800247 -0.15988957 -0.41340016
v 0.08240503 -0.16989690 -0.42712827
v 0.10831033 -0.14958231 -0.42714138
v 0.09800247 -0.15988957 -0.39278325
v 0.08240503 -0.16989690 -0.40651136
v 0.10831748 -0.14957456 -0.40653461
v 0.11860805 -0.13928518 -0.41340552
v 0.12892783 -0.12896480 -0.42714138
v 0.11860447 -0.13928876 -0.39278325
v 0.12893081 -0.12896122 -0.40652924
v 0.09800247 -0.15988957 -0.37216574
v 0.08240503 -0.16989690 -0.38589445
v 0.10831033 -0.14958231 -0.38590697
v 0.09799949 -0.15989315 -0.35155599
v 0.08240145 -0.16990048 -0.36528410
v 0.10831748 -0.14957456 -0.36530079
v 0.11860447 -0.13928876 -0.37216574
v 0.12892783 -0.12896480 -0.38590697
v 0.11860805 -0.13928518 -0.35155420
v 0.12893081 -0.12896122 -0.36529543
v 0.13922496 -0.11866827 -0.41340552
v 0.14954474 -0.10834789 -0.42714138
v 0.13922138 -0.11867185 -0.39278325
v 0.14955190 -0.10834074 -0.40653461
v 0.15985976 -0.09803288 -0.41340016
v 0.16989690 -0.08240503 -0.42712827
v 0.15985976 -0.09803288 -0.39278325
v 0.16989690 -0.08240503 -0.40651136
v 0.15302641 -0.15300673 -0.42714914
v 0.16318222 -0.14257067 -0.41337809
v 0.14287120 -0.16344339 -0.41338763
v 0.15302641 -0.15300673 -0.40653580
v 0.16311186 -0.14250031 -0.39276417
v 0.14280084 -0.16337303 -0.39277371
v 0.13922138 -0.11867185 -0.37216574
v 0.14954474 -0.10834789 -0.38590697
v 0.13922496 -0.11866768 -0.35155420
v 0.14955190 -0.10834074 -0.36530079
v 0.15985976 -0.09803288 -0.37216574
v 0.16989690 -0.08240503 -0.38589445
v 0.15986333 -0.09802930 -0.35155599
v 0.16990048 -0.08240205 -0.36528410
v 0.15302641 -0.15300673 -0.38591830
v 0.16318222 -0.14257067 -0.37215024
v 0.14287120 -0.16344339 -0.37216037
v 0.15295664 -0.15293697 -0.36530139
v 0.16317864 -0.14257366 -0.35153154
v 0.14287120 -0.16344339 -0.35153989
v 0.02065924 -0.19055257 -0.49962554
v 0.02753672 -0.18173720 -0.49364069
v 0.02066998 -0.17970568 -0.48078256
v 0.02066223 -0.20163798 -0.49969172
v 0.04127615 -0.19055257 -0.49962554
v 0.04802364 -0.18176403 -0.49366455
v 0.04114736 -0.17971581 -0.48078315
v 0.04128152 -0.20163738 -0.49969232
v 0.02066998 -0.21358202 -0.48086723
v 0.02066640 -0.21105201 -0.49372298
v 0.04128510 -0.21368339 -0.48086484
v 0.04128510 -0.21095124 -0.49372298
v 0.02067833 -0.17959894 -0.46146851
v 0.02067833 -0.17959894 -0.44084982
v 0.04115511 -0.17960908 -0.46146851
v 0.04115511 -0.17960968 -0.44084922
v 0.02066998 -0.21393740 -0.46148759
v 0.02066998 -0.21393681 -0.44085816
v 0.04128569 -0.21393740 -0.46148938
v 0.04128689 -0.21393681 -0.44085816
v 0.06182807 -0.19056450 -0.49964939
v 0.07061244 -0.17872301 -0.49382494
v 0.06349944 -0.17659489 -0.48081177
v 0.06185550 -0.20153780 -0.49969471
v 0.08314799 -0.18880309 -0.49971140
v 0.08031328 -0.20129213 -0.49957426
v 0.06182211 -0.21368041 -0.48086723
v 0.06182270 -0.21104903 -0.49372179
v 0.07894662 -0.21346932 -0.48086603
v 0.07889235 -0.21097807 -0.49372477
v 0.06349705 -0.17647266 -0.46147984
v 0.06349646 -0.17647266 -0.44086055
v 0.06182390 -0.21393442 -0.46148700
v 0.06182390 -0.21393442 -0.44085757
v 0.07894602 -0.21382411 -0.46148581
v 0.07894542 -0.21382411 -0.44085578
v 0.02067833 -0.17959894 -0.42023231
v 0.02067833 -0.17959894 -0.39961540
v 0.04115511 -0.17960968 -0.42023231
v 0.04115511 -0.17960968 -0.39961540
v 0.02066998 -0.21393681 -0.42024066
v 0.02066998 -0.21393681 -0.39962375
v 0.04128689 -0.21393681 -0.42024066
v 0.04128689 -0.21393681 -0.39962375
v 0.02067833 -0.17959894 -0.37899849
v 0.02067833 -0.17959894 -0.35838158
v 0.04115511 -0.17960968 -0.37899790
v 0.04115511 -0.17960968 -0.35838099
v 0.02066998 -0.21393681 -0.37900684
v 0.02066998 -0.21393681 -0.35838933
v 0.04128689 -0.21393681 -0.37900684
v 0.04128689 -0.21393681 -0.35838933
v 0.06349646 -0.17647266 -0.42024304
v 0.06349646 -0.17647266 -0.39962613
v 0.06182390 -0.21393442 -0.42024066
v 0.06182390 -0.21393442 -0.39962375
v 0.07894542 -0.21382411 -0.42023887
v 0.07894542 -0.21382411 -0.39962196
v 0.06349646 -0.17647266 -0.37900922
v 0.06349347 -0.17647624 -0.35839947
v 0.06182390 -0.21393442 -0.37900684
v 0.06182390 -0.21393442 -0.35838933
v 0.07894542 -0.21382411 -0.37900445
v 0.07894542 -0.21382411 -0.35838754
v 0.10136130 -0.18383073 -0.49959930
v 0.09723148 -0.19963210 -0.49307363
v 0.11748883 -0.17934612 -0.49307602
v 0.10937528 -0.19183338 -0.49521129
v 0.11161728 -0.19407001 -0.48724919
v 0.12213205 -0.18399232 -0.47468680
v 0.10202436 -0.20417454 -0.47468203
v 0.08963371 -0.20918149 -0.49512364
v 0.09203850 -0.21044262 -0.48718718
v 0.11199771 -0.19445760 -0.46842112
v 0.12228947 -0.18416584 -0.45462682
v 0.10212573 -0.20426398 -0.45462861
v 0.11199652 -0.19445938 -0.44778274
v 0.12228947 -0.18416584 -0.43400454
v 0.10212573 -0.20426398 -0.43400753
v 0.09221798 -0.21075447 -0.46839249
v 0.09222096 -0.21075328 -0.44775710
v 0.12988188 -0.17111391 -0.49521487
v 0.13215608 -0.17338990 -0.48724979
v 0.13261045 -0.17384486 -0.46842350
v 0.13261045 -0.17384486 -0.44778274
v 0.11199652 -0.19445938 -0.42716583
v 0.12228947 -0.18416584 -0.41338763
v 0.10212573 -0.20426398 -0.41339062
v 0.11199652 -0.19445938 -0.40654892
v 0.12228947 -0.18416584 -0.39277073
v 0.10212573 -0.20426398 -0.39277311
v 0.09222155 -0.21075328 -0.42713959
v 0.09222155 -0.21075328 -0.40652269
v 0.11199652 -0.19445938 -0.38593142
v 0.12228947 -0.18416584 -0.37215322
v 0.10212573 -0.20426398 -0.37215620
v 0.11199652 -0.19445938 -0.36531451
v 0.12228947 -0.18416584 -0.35153631
v 0.10212573 -0.20426398 -0.35153929
v 0.09222155 -0.21075328 -0.38590578
v 0.09222155 -0.21075328 -0.36528827
v 0.13261045 -0.17384486 -0.42716583
v 0.13261045 -0.17384486 -0.40654892
v 0.13261045 -0.17384486 -0.38593142
v 0.13261045 -0.17384486 -0.36531451
v 0.17983209 -0.02068369 -0.48093520
v 0.18186301 -0.02755103 -0.49379334
v 0.19067779 -0.02067177 -0.49976328
v 0.17984222 -0.04116048 -0.48093520
v 0.18188627 -0.04803795 -0.49381183
v 0.19067779 -0.04128868 -0.49976328
v 0.20155092 -0.02065149 -0.49967503
v 0.20155092 -0.04126900 -0.49967503
v 0.17671952 -0.06351017 -0.48096561
v 0.17875163 -0.07058441 -0.49386430
v 0.19068733 -0.06183999 -0.49978236
v 0.18882694 -0.08311997 -0.49972512
v 0.20154973 -0.06183642 -0.49967682
v 0.20129750 -0.08030196 -0.49956591
v 0.17959954 -0.02068071 -0.46148282
v 0.17960968 -0.04115749 -0.46148282
v 0.17959954 -0.02067833 -0.44084982
v 0.17961027 -0.04115511 -0.44084922
v 0.17647266 -0.06349944 -0.46149415
v 0.17647325 -0.06349705 -0.44086055
v 0.21096615 -0.02065388 -0.49370867
v 0.21359693 -0.02065209 -0.48085113
v 0.21096615 -0.04127079 -0.49370867
v 0.21359693 -0.04127258 -0.48085292
v 0.21096019 -0.06180124 -0.49371046
v 0.21359395 -0.06180362 -0.48085292
v 0.21101206 -0.07883273 -0.49371702
v 0.21353611 -0.07882438 -0.48085172
v 0.21393740 -0.02066163 -0.46148998
v 0.21393740 -0.04128689 -0.46149177
v 0.21393740 -0.02065984 -0.44085816
v 0.21393681 -0.04128689 -0.44085816
v 0.21393383 -0.06181793 -0.46149177
v 0.21387837 -0.07884048 -0.46149058
v 0.21393383 -0.06181793 -0.44085757
v 0.21387837 -0.07884048 -0.44085637
v 0.18386770 -0.10140423 -0.49954444
v 0.17918274 -0.11733857 -0.49306052
v 0.19960109 -0.09714204 -0.49306946
v 0.19183457 -0.10938243 -0.49520056
v 0.19400323 -0.11155110 -0.48724084
v 0.20408212 -0.10179182 -0.47468203
v 0.18370551 -0.12186194 -0.47467190
v 0.17112106 -0.12988903 -0.49519758
v 0.17325156 -0.13202490 -0.48723369
v 0.19417019 -0.11172283 -0.46840502
v 0.20416858 -0.10189497 -0.45463576
v 0.18373473 -0.12187744 -0.45462563
v 0.19416840 -0.11172461 -0.44777320
v 0.20416858 -0.10189497 -0.43401468
v 0.18373473 -0.12187804 -0.43400156
v 0.17342150 -0.13219067 -0.46839190
v 0.17342329 -0.13218888 -0.44775650
v 0.20922979 -0.08954367 -0.49511171
v 0.21047541 -0.09197410 -0.48718062
v 0.21080814 -0.09211422 -0.46839428
v 0.21080754 -0.09211542 -0.44775770
v 0.17959954 -0.02067833 -0.42023231
v 0.17961027 -0.04115511 -0.42023231
v 0.17959954 -0.02067833 -0.39961540
v 0.17961027 -0.04115511 -0.39961540
v 0.17647325 -0.06349705 -0.42024304
v 0.17647325 -0.06349705 -0.39962613
v 0.17959954 -0.02067833 -0.37899849
v 0.17961027 -0.04115511 -0.37899790
v 0.17959954 -0.02067833 -0.35838158
v 0.17961027 -0.04115511 -0.35838099
v 0.17647325 -0.06349705 -0.37900922
v 0.17647624 -0.06349347 -0.35839947
v 0.21393740 -0.02065686 -0.42023947
v 0.21393681 -0.04128689 -0.42024066
v 0.21383782 -0.02065805 -0.39962554
v 0.21393681 -0.04128391 -0.39962196
v 0.21393383 -0.06181793 -0.42024066
v 0.21387837 -0.07884048 -0.42023947
v 0.21393383 -0.06181793 -0.39962375
v 0.21387837 -0.07884048 -0.39962196
v 0.21383782 -0.02065805 -0.37900863
v 0.21393740 -0.04128212 -0.37900684
v 0.21393740 -0.02065984 -0.35839470
v 0.21393681 -0.04128510 -0.35839112
v 0.21393383 -0.06181793 -0.37900684
v 0.21387837 -0.07884048 -0.37900505
v 0.21393383 -0.06181793 -0.35838933
v 0.21387837 -0.07884048 -0.35838814
v 0.19423876 -0.11179498 -0.42715569
v 0.20423894 -0.10196533 -0.41339777
v 0.18380509 -0.12194780 -0.41338465
v 0.19423876 -0.11179498 -0.40653580
v 0.20430930 -0.10203569 -0.39277728
v 0.18387485 -0.12201816 -0.39276417
v 0.17342329 -0.13218888 -0.42713959
v 0.17342329 -0.13218888 -0.40652209
v 0.19430912 -0.11186474 -0.38591830
v 0.20430871 -0.10203569 -0.37215680
v 0.18387426 -0.12201816 -0.37215620
v 0.19431151 -0.11186176 -0.36531212
v 0.20431228 -0.10203271 -0.35154168
v 0.18394521 -0.12208793 -0.35155002
v 0.17342329 -0.13218888 -0.38590518
v 0.17341971 -0.13219245 -0.36530199
v 0.21080754 -0.09211542 -0.42714019
v 0.21080754 -0.09211542 -0.40652328
v 0.21080754 -0.09211542 -0.38590637
v 0.21080754 -0.09211542 -0.36528887
v 0.09799949 -0.15989315 -0.33093908
v 0.08240503 -0.16989690 -0.34466003
v 0.10831033 -0.14958231 -0.34467315
v 0.09800247 -0.15988957 -0.31031501
v 0.08240145 -0.16990048 -0.32405028
v 0.10831748 -0.14957456 -0.32406638
v 0.11860805 -0.13928518 -0.33093729
v 0.12892783 -0.12896480 -0.34467315
v 0.11860447 -0.13928876 -0.31031442
v 0.12893081 -0.12896122 -0.32406101
v 0.09800247 -0.15988957 -0.28969751
v 0.08240503 -0.16989690 -0.30342621
v 0.10831033 -0.14958231 -0.30343874
v 0.09800247 -0.15988957 -0.26908060
v 0.08240503 -0.16989690 -0.28280871
v 0.10831748 -0.14957456 -0.28283256
v 0.11860447 -0.13928876 -0.28969751
v 0.12892783 -0.12896480 -0.30343874
v 0.11860805 -0.13928518 -0.26908597
v 0.12893081 -0.12896122 -0.28282719
v 0.13922496 -0.11866827 -0.33093729
v 0.14954474 -0.10834789 -0.34467315
v 0.13922138 -0.11867185 -0.31031442
v 0.14955190 -0.10834074 -0.32406638
v 0.15986333 -0.09802930 -0.33093908
v 0.16989690 -0.08240562 -0.34466003
v 0.15985976 -0.09803288 -0.31031501
v 0.16990048 -0.08240205 -0.32405028
v 0.15309677 -0.15307709 -0.34468746
v 0.16317387 -0.14257902 -0.33091463
v 0.14287120 -0.16344339 -0.33092298
v 0.15302641 -0.15300673 -0.32406399
v 0.16324244 -0.14265058 -0.31029593
v 0.14294156 -0.16351375 -0.31030547
v 0.13922138 -0.11867185 -0.28969751
v 0.14954474 -0.10834789 -0.30343874
v 0.13922496 -0.11866768 -0.26908597
v 0.14955190 -0.10834074 -0.28283256
v 0.15985976 -0.09803288 -0.28969751
v 0.16989690 -0.08240562 -0.30342621
v 0.15985976 -0.09803288 -0.26908060
v 0.16989690 -0.08240503 -0.28280871
v 0.15302641 -0.15300673 -0.30345006
v 0.16324244 -0.14265058 -0.28967545
v 0.14287120 -0.16344339 -0.28968499
v 0.15302641 -0.15300673 -0.28283316
v 0.16324244 -0.14264998 -0.26907046
v 0.14280084 -0.16337303 -0.26907165
v 0.09800247 -0.15988957 -0.24846369
v 0.08240503 -0.16989690 -0.26219180
v 0.10831033 -0.14958231 -0.26220492
v 0.09800247 -0.15988957 -0.22784618
v 0.08240503 -0.16989690 -0.24157489
v 0.10831748 -0.14957456 -0.24159814
v 0.11860805 -0.13928518 -0.24846906
v 0.12892783 -0.12896480 -0.26220492
v 0.11860447 -0.13928876 -0.22784618
v 0.12893081 -0.12896122 -0.24159278
v 0.09800247 -0.15988957 -0.20722927
v 0.08240503 -0.16989690 -0.22095738
v 0.10831033 -0.14958231 -0.22097050
v 0.09799949 -0.15989315 -0.18661952
v 0.08240145 -0.16990048 -0.20034763
v 0.10831748 -0.14957456 -0.20036433
v 0.11860447 -0.13928876 -0.20722927
v 0.12892783 -0.12896480 -0.22097050
v 0.11860805 -0.13928518 -0.18661773
v 0.12893081 -0.12896122 -0.20035896
v 0.13922496 -0.11866827 -0.24846906
v 0.14954474 -0.10834789 -0.26220492
v 0.13922138 -0.11867185 -0.22784618
v 0.14955190 -0.10834074 -0.24159814
v 0.15985976 -0.09803288 -0.24846369
v 0.16989690 -0.08240503 -0.26219180
v 0.15985976 -0.09803288 -0.22784618
v 0.16989690 -0.08240503 -0.24157489
v 0.15295366 -0.15293995 -0.26222996
v 0.16331221 -0.14272094 -0.24846488
v 0.14279786 -0.16337660 -0.24845952
v 0.15302164 -0.15301150 -0.24163452
v 0.16331280 -0.14272094 -0.22784797
v 0.14279309 -0.16338137 -0.22784201
v 0.13922138 -0.11867185 -0.20722927
v 0.14954474 -0.10834789 -0.22097050
v 0.13922496 -0.11866768 -0.18661773
v 0.14955190 -0.10834074 -0.20036433
v 0.15985976 -0.09803288 -0.20722927
v 0.16989690 -0.08240503 -0.22095738
v 0.15985976 -0.09803288 -0.18661237
v 0.16989690 -0.08240503 -0.20034047
v 0.15315878 -0.15315580 -0.22101522
v 0.16345293 -0.14286106 -0.20723583
v 0.14286166 -0.16345352 -0.20722331
v 0.15315759 -0.15315759 -0.20038102
v 0.16352329 -0.14293202 -0.18660342
v 0.14293202 -0.16352388 -0.18660342
v 0.02067833 -0.17959894 -0.33776408
v 0.02067833 -0.17959894 -0.31714717
v 0.04115511 -0.17960968 -0.33776408
v 0.04115511 -0.17960968 -0.31714717
v 0.02066998 -0.21393681 -0.33777242
v 0.02066998 -0.21393681 -0.31715552
v 0.04128689 -0.21393681 -0.33777242
v 0.04128689 -0.21393681 -0.31715552
v 0.02067833 -0.17959894 -0.29653026
v 0.02067833 -0.17959894 -0.27591275
v 0.04115511 -0.17960968 -0.29652966
v 0.04115511 -0.17960968 -0.27591275
v 0.02066998 -0.21393681 -0.29653861
v 0.02066998 -0.21393681 -0.27592110
v 0.04128689 -0.21393681 -0.29653861
v 0.04128689 -0.21393681 -0.27592110
v 0.06349347 -0.17647624 -0.33778196
v 0.06349705 -0.17647266 -0.31715790
v 0.06182390 -0.21393442 -0.33777242
v 0.06182390 -0.21393442 -0.31715552
v 0.07894542 -0.21382411 -0.33777064
v 0.07894542 -0.21382411 -0.31715313
v 0.06349646 -0.17647266 -0.29654099
v 0.06349646 -0.17647266 -0.27592408
v 0.06182390 -0.21393442 -0.29653801
v 0.06182390 -0.21393442 -0.27592110
v 0.07894542 -0.21382411 -0.29653622
v 0.07894542 -0.21382411 -0.27591931
v 0.02067833 -0.17959894 -0.25529584
v 0.02067833 -0.17959894 -0.23467893
v 0.04115511 -0.17960968 -0.25529584
v 0.04115511 -0.17960968 -0.23467893
v 0.02066640 -0.21393681 -0.25530240
v 0.02066163 -0.21393740 -0.23468549
v 0.04128689 -0.21393681 -0.25530419
v 0.04128689 -0.21393681 -0.23468728
v 0.02067833 -0.17959894 -0.21406202
v 0.02067833 -0.17959894 -0.19344452
v 0.04115511 -0.17960968 -0.21406143
v 0.04115511 -0.17960968 -0.19344452
v 0.02065984 -0.21393740 -0.21407037
v 0.02065984 -0.21383782 -0.19345287
v 0.04128689 -0.21393681 -0.21406978
v 0.04128331 -0.21373825 -0.19345108
v 0.06349646 -0.17647266 -0.25530658
v 0.06349646 -0.17647266 -0.23468967
v 0.06182390 -0.21393442 -0.25530419
v 0.06182390 -0.21393442 -0.23468728
v 0.07894542 -0.21382411 -0.25530240
v 0.07894542 -0.21382411 -0.23468490
v 0.06349646 -0.17647266 -0.21407276
v 0.06349347 -0.17647624 -0.19346300
v 0.06182390 -0.21393442 -0.21406978
v 0.06181734 -0.21373526 -0.19344989
v 0.07894542 -0.21382411 -0.21406799
v 0.07893588 -0.21372692 -0.19344750
v 0.11199652 -0.19445938 -0.34469760
v 0.12228947 -0.18416584 -0.33091940
v 0.10212573 -0.20426398 -0.33092238
v 0.11199652 -0.19445938 -0.32408009
v 0.12228947 -0.18416584 -0.31030249
v 0.10212573 -0.20426398 -0.31030488
v 0.09222155 -0.21075328 -0.34467136
v 0.09222155 -0.21075328 -0.32405445
v 0.11199652 -0.19445938 -0.30346318
v 0.12228947 -0.18416584 -0.28968499
v 0.10212573 -0.20426398 -0.28968797
v 0.11199652 -0.19445938 -0.28284627
v 0.12228947 -0.18416584 -0.26906808
v 0.10212573 -0.20426398 -0.26907106
v 0.09222155 -0.21075328 -0.30343754
v 0.09222155 -0.21075328 -0.28282004
v 0.13261045 -0.17384486 -0.34469760
v 0.13261045 -0.17384486 -0.32408009
v 0.13261045 -0.17384486 -0.30346318
v 0.13261045 -0.17384486 -0.28284627
v 0.11199652 -0.19445938 -0.26222936
v 0.12228947 -0.18416584 -0.24845117
v 0.10212573 -0.20426398 -0.24845355
v 0.11199652 -0.19445938 -0.24161186
v 0.12228947 -0.18416584 -0.22783426
v 0.10212573 -0.20426398 -0.22783664
v 0.09222155 -0.21075328 -0.26220313
v 0.09222155 -0.21075328 -0.24158622
v 0.11199652 -0.19445938 -0.22099495
v 0.12228947 -0.18416584 -0.20721675
v 0.10212573 -0.20426398 -0.20721973
v 0.11199652 -0.19445938 -0.20037804
v 0.12228947 -0.18416584 -0.18659984
v 0.10211917 -0.20426697 -0.18660104
v 0.09222155 -0.21075328 -0.22096931
v 0.09221499 -0.21075566 -0.20035002
v 0.13261045 -0.17384486 -0.26222936
v 0.13261045 -0.17384486 -0.24161186
v 0.13261045 -0.17384486 -0.22099495
v 0.13261045 -0.17384486 -0.20037804
v 0.09799949 -0.15989315 -0.16600261
v 0.08240503 -0.16989690 -0.17972357
v 0.10831033 -0.14958231 -0.17973668
v 0.09800247 -0.15988957 -0.14537795
v 0.08240145 -0.16990048 -0.15911381
v 0.10831748 -0.14957456 -0.15912991
v 0.11860805 -0.13928518 -0.16600023
v 0.12892783 -0.12896480 -0.17973668
v 0.11860447 -0.13928876 -0.14537795
v 0.12893081 -0.12896122 -0.15912454
v 0.09800247 -0.15988957 -0.12476104
v 0.08240503 -0.16989690 -0.13848915
v 0.10831033 -0.14958231 -0.13850227
v 0.09800247 -0.15988957 -0.10414413
v 0.08240503 -0.16989690 -0.11787224
v 0.10831748 -0.14957456 -0.11789609
v 0.11860447 -0.13928876 -0.12476104
v 0.12892783 -0.12896480 -0.13850227
v 0.11860805 -0.13928518 -0.10414950
v 0.12893081 -0.12896122 -0.11789073
v 0.13922496 -0.11866827 -0.16600023
v 0.14954474 -0.10834789 -0.17973668
v 0.13922138 -0.11867185 -0.14537795
v 0.14955190 -0.10834074 -0.15912991
v 0.15985976 -0.09803288 -0.16599546
v 0.16989690 -0.08240503 -0.17972357
v 0.15985976 -0.09803288 -0.14537795
v 0.16989690 -0.08240503 -0.15910666
v 0.15322795 -0.15322795 -0.17976411
v 0.16352329 -0.14293202 -0.16598293
v 0.14293202 -0.16352329 -0.16598293
v 0.15322735 -0.15322795 -0.15914363
v 0.16352329 -0.14293202 -0.14536543
v 0.14293202 -0.16352329 -0.14536543
v 0.13922138 -0.11867185 -0.12476104
v 0.14954474 -0.10834789 -0.13850227
v 0.13922496 -0.11866768 -0.10414950
v 0.14955190 -0.10834074 -0.11789609
v 0.15985976 -0.09803288 -0.12476104
v 0.16989690 -0.08240503 -0.13848915
v 0.15985976 -0.09803288 -0.10414413
v 0.16989690 -0.08240503 -0.11787224
v 0.15322735 -0.15322795 -0.13852672
v 0.16352329 -0.14293202 -0.12474852
v 0.14293202 -0.16352329 -0.12474852
v 0.15315759 -0.15315759 -0.11790981
v 0.16345293 -0.14286166 -0.10413161
v 0.14286166 -0.16345352 -0.10413161
v 0.09800247 -0.15988957 -0.08352663
v 0.08240503 -0.16989690 -0.09725533
v 0.10831033 -0.14958231 -0.09726785
v 0.09800247 -0.15988957 -0.06290972
v 0.08240503 -0.16989690 -0.07663842
v 0.10831748 -0.14957456 -0.07666168
v 0.11860805 -0.13928518 -0.08353199
v 0.12892783 -0.12896480 -0.09726785
v 0.11860447 -0.13928876 -0.06290972
v 0.12893081 -0.12896122 -0.07665631
v 0.09800247 -0.15988957 -0.04229281
v 0.08240503 -0.16989690 -0.05602092
v 0.10831033 -0.14958231 -0.05603404
v 0.09799949 -0.15989315 -0.02168305
v 0.08240145 -0.16990048 -0.03541116
v 0.10831748 -0.14957456 -0.03542726
v 0.11860447 -0.13928876 -0.04229281
v 0.12892783 -0.12896480 -0.05603404
v 0.11860805 -0.13928518 -0.02168067
v 0.12893081 -0.12896122 -0.03542190
v 0.13922496 -0.11866827 -0.08353199
v 0.14954474 -0.10834789 -0.09726785
v 0.13922138 -0.11867185 -0.06290972
v 0.14955190 -0.10834074 -0.07666168
v 0.15985976 -0.09803288 -0.08352663
v 0.16989690 -0.08240503 -0.09725533
v 0.15985976 -0.09803288 -0.06290972
v 0.16989690 -0.08240503 -0.07663842
v 0.15322795 -0.15322795 -0.09729588
v 0.16345352 -0.14286166 -0.08351768
v 0.14286166 -0.16345352 -0.08351768
v 0.15315759 -0.15315759 -0.07667539
v 0.16352329 -0.14293202 -0.06290077
v 0.14293202 -0.16352388 -0.06290077
v 0.13922138 -0.11867185 -0.04229281
v 0.14954474 -0.10834789 -0.05603404
v 0.13922496 -0.11866768 -0.02168067
v 0.14955190 -0.10834074 -0.03542726
v 0.15985976 -0.09803288 -0.04229281
v 0.16989690 -0.08240503 -0.05602092
v 0.15986333 -0.09802930 -0.02168305
v 0.16990048 -0.08240205 -0.03541116
v 0.15322795 -0.15322795 -0.05606146
v 0.16352329 -0.14293202 -0.04228029
v 0.14293202 -0.16352329 -0.04228029
v 0.15315401 -0.15316057 -0.03543978
v 0.16344995 -0.14286464 -0.02166159
v 0.14272094 -0.16331280 -0.02164847
v 0.02067833 -0.17959894 -0.17282761
v 0.02067833 -0.17959894 -0.15221070
v 0.04115511 -0.17960968 -0.17282761
v 0.04115511 -0.17960968 -0.15221010
v 0.02066461 -0.21373825 -0.17284073
v 0.02067117 -0.21383782 -0.15222740
v 0.04128212 -0.21363926 -0.17284073
v 0.04128510 -0.21363926 -0.15223038
v 0.02067833 -0.17959894 -0.13159320
v 0.02067833 -0.17959894 -0.11097629
v 0.04115511 -0.17960968 -0.13159320
v 0.04115511 -0.17960968 -0.11097629
v 0.02067117 -0.21393681 -0.13160512
v 0.02066998 -0.21393681 -0.11098463
v 0.04129046 -0.21363926 -0.13161347
v 0.04129166 -0.21373825 -0.11099477
v 0.06349347 -0.17647624 -0.17284550
v 0.06349705 -0.17647266 -0.15222143
v 0.06181376 -0.21353611 -0.17284073
v 0.06181555 -0.21333755 -0.15223217
v 0.07892336 -0.21363151 -0.17283357
v 0.07891322 -0.21343414 -0.15222024
v 0.06349646 -0.17647266 -0.13160393
v 0.06349646 -0.17647266 -0.11098702
v 0.06181913 -0.21343713 -0.13162182
v 0.06182032 -0.21353670 -0.11100252
v 0.07891680 -0.21343414 -0.13161466
v 0.07892157 -0.21343414 -0.11099775
v 0.02067833 -0.17959894 -0.09035938
v 0.02067833 -0.17959894 -0.06974247
v 0.04115511 -0.17960968 -0.09035938
v 0.04115511 -0.17960968 -0.06974187
v 0.02066998 -0.21393681 -0.09036772
v 0.02066998 -0.21393681 -0.06975082
v 0.04129046 -0.21373825 -0.09037428
v 0.04129046 -0.21383782 -0.06975737
v 0.02067833 -0.17959894 -0.04912496
v 0.02067833 -0.17959894 -0.02850805
v 0.04115511 -0.17960968 -0.04912496
v 0.04115511 -0.17960968 -0.02850805
v 0.02066998 -0.21393681 -0.04913331
v 0.02066998 -0.21393681 -0.02851640
v 0.04128868 -0.21393681 -0.04913689
v 0.04128689 -0.21393681 -0.02851640
v 0.06349646 -0.17647266 -0.09037011
v 0.06349646 -0.17647266 -0.06975320
v 0.06182032 -0.21353670 -0.09038084
v 0.06182390 -0.21363628 -0.06976513
v 0.07892336 -0.21343414 -0.09037905
v 0.07892634 -0.21343474 -0.06976334
v 0.06349646 -0.17647266 -0.04913569
v 0.06349347 -0.17647624 -0.02852594
v 0.06182688 -0.21363688 -0.04914524
v 0.06182867 -0.21373586 -0.02852654
v 0.07892813 -0.21353372 -0.04914464
v 0.07892992 -0.21363390 -0.02852594
v 0.11199652 -0.19445938 -0.17976113
v 0.12228947 -0.18416584 -0.16598293
v 0.10210963 -0.20427054 -0.16598353
v 0.11199652 -0.19445938 -0.15914363
v 0.12228947 -0.18416584 -0.14536543
v 0.10210665 -0.20427233 -0.14536841
v 0.09220843 -0.21065728 -0.17973311
v 0.09219889 -0.21056068 -0.15911799
v 0.11199652 -0.19445938 -0.13852672
v 0.12228947 -0.18416584 -0.12474852
v 0.10210665 -0.20427233 -0.12475150
v 0.11199652 -0.19445938 -0.11790981
v 0.12228947 -0.18416584 -0.10413161
v 0.10210665 -0.20427233 -0.10413459
v 0.09219591 -0.21056187 -0.13850764
v 0.09219532 -0.21056187 -0.11789013
v 0.13261045 -0.17384486 -0.17976053
v 0.13261045 -0.17384486 -0.15914363
v 0.13261045 -0.17384486 -0.13852672
v 0.13261045 -0.17384486 -0.11790981
v 0.11199652 -0.19445938 -0.09729230
v 0.12228947 -0.18416584 -0.08351470
v 0.10210665 -0.20427233 -0.08351709
v 0.11199652 -0.19445938 -0.07667539
v 0.12228947 -0.18416584 -0.06289720
v 0.10210665 -0.20427233 -0.06290018
v 0.09219532 -0.21056187 -0.09727322
v 0.09219591 -0.21056187 -0.07665631
v 0.11199652 -0.19445938 -0.05605848
v 0.12228947 -0.18416584 -0.04228029
v 0.10210665 -0.20427174 -0.04228327
v 0.11199652 -0.19445938 -0.03544157
v 0.12222209 -0.18409249 -0.02166159
v 0.10210665 -0.20427174 -0.02166576
v 0.09219889 -0.21056247 -0.05604059
v 0.09220366 -0.21056247 -0.03542369
v 0.13261045 -0.17384486 -0.09729230
v 0.13261045 -0.17384486 -0.07667539
v 0.13261045 -0.17384486 -0.05605848
v 0.13254366 -0.17377152 -0.03543978
v 0.17959954 -0.02067833 -0.33776408
v 0.17961027 -0.04115511 -0.33776408
v 0.17959954 -0.02067833 -0.31714717
v 0.17961027 -0.04115511 -0.31714717
v 0.17647624 -0.06349347 -0.33778196
v 0.17647325 -0.06349705 -0.31715790
v 0.17959954 -0.02067833 -0.29653026
v 0.17961027 -0.04115511 -0.29652966
v 0.17959954 -0.02067833 -0.27591275
v 0.17961027 -0.04115511 -0.27591275
v 0.17647325 -0.06349705 -0.29654099
v 0.17647325 -0.06349705 -0.27592349
v 0.21393740 -0.02065984 -0.33777242
v 0.21393681 -0.04128689 -0.33777242
v 0.21383782 -0.02066342 -0.31715730
v 0.21393681 -0.04128391 -0.31715373
v 0.21393383 -0.06181793 -0.33777242
v 0.21387837 -0.07884048 -0.33777123
v 0.21393383 -0.06181793 -0.31715552
v 0.21387837 -0.07884048 -0.31715373
v 0.21373825 -0.02066640 -0.29654159
v 0.21393740 -0.04127854 -0.29653682
v 0.21383782 -0.02066819 -0.27592826
v 0.21393740 -0.04128033 -0.27592289
v 0.21393383 -0.06181793 -0.29653861
v 0.21387837 -0.07884048 -0.29653682
v 0.21393383 -0.06181793 -0.27592110
v 0.21387837 -0.07884048 -0.27591991
v 0.19438366 -0.11193033 -0.34471370
v 0.20431705 -0.10202735 -0.33092417
v 0.18394521 -0.12208852 -0.33093312
v 0.19445760 -0.11199711 -0.32409381
v 0.20431884 -0.10202615 -0.31030547
v 0.18401498 -0.12215829 -0.31032098
v 0.17348769 -0.13226401 -0.34470356
v 0.17355507 -0.13233735 -0.32408427
v 0.19445938 -0.11199592 -0.30346318
v 0.20431884 -0.10202615 -0.28968856
v 0.18408594 -0.12222865 -0.28969214
v 0.19445938 -0.11199592 -0.28284627
v 0.20431884 -0.10202615 -0.26907165
v 0.18415570 -0.12229901 -0.26907165
v 0.17362424 -0.13240950 -0.30345364
v 0.17362424 -0.13240950 -0.28283316
v 0.21080754 -0.09211542 -0.34467196
v 0.21080754 -0.09211542 -0.32405505
v 0.21080754 -0.09211542 -0.30343814
v 0.21080754 -0.09211542 -0.28282063
v 0.17959954 -0.02067833 -0.25529584
v 0.17961027 -0.04115511 -0.25529584
v 0.17959954 -0.02067833 -0.23467893
v 0.17961027 -0.04115511 -0.23467893
v 0.17647325 -0.06349705 -0.25530658
v 0.17647325 -0.06349705 -0.23468967
v 0.17959954 -0.02067833 -0.21406202
v 0.17961027 -0.04115511 -0.21406143
v 0.17959954 -0.02067833 -0.19344452
v 0.17961027 -0.04115511 -0.19344452
v 0.17647325 -0.06349705 -0.21407276
v 0.17647325 -0.06349705 -0.19345525
v 0.21393740 -0.02066998 -0.25530896
v 0.21393681 -0.04128510 -0.25530598
v 0.21393681 -0.02066998 -0.23468728
v 0.21393681 -0.04128689 -0.23468728
v 0.21393383 -0.06181793 -0.25530419
v 0.21387837 -0.07884048 -0.25530300
v 0.21393383 -0.06181793 -0.23468728
v 0.21387837 -0.07884048 -0.23468549
v 0.21393681 -0.02066998 -0.21407037
v 0.21393681 -0.04128689 -0.21407037
v 0.21393681 -0.02066640 -0.19345167
v 0.21393681 -0.04128689 -0.19345287
v 0.21393383 -0.06181793 -0.21406978
v 0.21387837 -0.07884048 -0.21406858
v 0.21393383 -0.06181793 -0.19345287
v 0.21387837 -0.07884048 -0.19345167
v 0.19445938 -0.11199592 -0.26222936
v 0.20431884 -0.10202615 -0.24845415
v 0.18415928 -0.12229603 -0.24845296
v 0.19445938 -0.11199592 -0.24161186
v 0.20431884 -0.10202615 -0.22783724
v 0.18416405 -0.12229126 -0.22783545
v 0.17369818 -0.13247628 -0.26222996
v 0.17376913 -0.13254426 -0.24162796
v 0.19445938 -0.11199592 -0.22099495
v 0.20431884 -0.10202615 -0.20722033
v 0.18416584 -0.12228947 -0.20721675
v 0.19445938 -0.11199592 -0.20037804
v 0.20431884 -0.10202615 -0.18660342
v 0.18416584 -0.12228947 -0.18659984
v 0.17384248 -0.13261223 -0.22100866
v 0.17384486 -0.13261045 -0.20037804
v 0.21080754 -0.09211542 -0.26220372
v 0.21080754 -0.09211542 -0.24158682
v 0.21080754 -0.09211542 -0.22096931
v 0.21080754 -0.09211542 -0.20035240
v 0.17959954 -0.02067833 -0.17282761
v 0.17961027 -0.04115511 -0.17282761
v 0.17959954 -0.02067833 -0.15221070
v 0.17961027 -0.04115511 -0.15221010
v 0.17647325 -0.06349705 -0.17283834
v 0.17647325 -0.06349705 -0.15222143
v 0.17959954 -0.02067833 -0.13159320
v 0.17961027 -0.04115511 -0.13159320
v 0.17959954 -0.02067833 -0.11097629
v 0.17961027 -0.04115511 -0.11097629
v 0.17647325 -0.06349705 -0.13160393
v 0.17647325 -0.06349705 -0.11098702
v 0.21383782 -0.02066461 -0.17283596
v 0.21393681 -0.04128391 -0.17283417
v 0.21373825 -0.02066342 -0.15222024
v 0.21393740 -0.04127854 -0.15221726
v 0.21393383 -0.06181793 -0.17283596
v 0.21387837 -0.07884048 -0.17283417
v 0.21393383 -0.06181793 -0.15221905
v 0.21387837 -0.07884048 -0.15221726
v 0.21363926 -0.02065984 -0.13160691
v 0.21393740 -0.04127377 -0.13160035
v 0.21363926 -0.02065686 -0.11099298
v 0.21383782 -0.04127198 -0.11098463
v 0.21393383 -0.06181793 -0.13160154
v 0.21387837 -0.07884048 -0.13160035
v 0.21393383 -0.06181435 -0.11098285
v 0.21387837 -0.07884048 -0.11098344
v 0.19445938 -0.11199592 -0.17976113
v 0.20431884 -0.10202615 -0.16598592
v 0.18416584 -0.12228947 -0.16598293
v 0.19445938 -0.11199592 -0.15914363
v 0.20431884 -0.10202615 -0.14536901
v 0.18416584 -0.12228947 -0.14536543
v 0.17384486 -0.13261045 -0.17976053
v 0.17384486 -0.13261045 -0.15914363
v 0.19445938 -0.11199592 -0.13852672
v 0.20431884 -0.10202615 -0.12475210
v 0.18416584 -0.12228947 -0.12474852
v 0.19445938 -0.11199592 -0.11790981
v 0.20431884 -0.10202615 -0.10413459
v 0.18416584 -0.12228947 -0.10413161
v 0.17384486 -0.13261045 -0.13852672
v 0.17384486 -0.13261045 -0.11790981
v 0.21080754 -0.09211542 -0.17973549
v 0.21080754 -0.09211542 -0.15911858
v 0.21080754 -0.09211542 -0.13850108
v 0.21080754 -0.09211542 -0.11788417
v 0.17959954 -0.02067833 -0.09035938
v 0.17961027 -0.04115511 -0.09035938
v 0.17959954 -0.02067833 -0.06974247
v 0.17961027 -0.04115511 -0.06974187
v 0.17647325 -0.06349705 -0.09037011
v 0.17647325 -0.06349705 -0.06975320
v 0.17959954 -0.02067833 -0.04912496
v 0.17961027 -0.04115511 -0.04912496
v 0.17959954 -0.02067833 -0.02850805
v 0.17961027 -0.04115511 -0.02850805
v 0.17647325 -0.06349705 -0.04913569
v 0.17647624 -0.06349347 -0.02852594
v 0.21353969 -0.02065507 -0.09037786
v 0.21373884 -0.04127019 -0.09036951
v 0.21354028 -0.02065686 -0.06976393
v 0.21373884 -0.04127019 -0.06975737
v 0.21393383 -0.06180958 -0.09036594
v 0.21387837 -0.07884048 -0.09036594
v 0.21393383 -0.06180780 -0.06975082
v 0.21387837 -0.07884048 -0.06974903
v 0.21344070 -0.02065686 -0.04914702
v 0.21363926 -0.04126721 -0.04913868
v 0.21334112 -0.02065805 -0.02853310
v 0.21363926 -0.04126363 -0.02852475
v 0.21393383 -0.06180481 -0.04913152
v 0.21387837 -0.07884048 -0.04913212
v 0.21383484 -0.06180303 -0.02851640
v 0.21387837 -0.07883690 -0.02851342
v 0.19445938 -0.11199592 -0.09729230
v 0.20431884 -0.10202615 -0.08351768
v 0.18416584 -0.12228947 -0.08351470
v 0.19445938 -0.11199592 -0.07667539
v 0.20431884 -0.10202615 -0.06290077
v 0.18416584 -0.12228947 -0.06289720
v 0.17384486 -0.13261045 -0.09729230
v 0.17384486 -0.13261045 -0.07667539
v 0.19445938 -0.11199592 -0.05605848
v 0.20431884 -0.10202615 -0.04228386
v 0.18416584 -0.12228947 -0.04228029
v 0.19445938 -0.11199592 -0.03544157
v 0.20431884 -0.10202615 -0.02166636
v 0.18416584 -0.12228947 -0.02166338
v 0.17384486 -0.13261045 -0.05605848
v 0.17384486 -0.13261045 -0.03544098
v 0.21080754 -0.09211542 -0.09726726
v 0.21080754 -0.09211542 -0.07665035
v 0.21080754 -0.09211542 -0.05603284
v 0.21080754 -0.09211542 -0.03541593
v 0.02066998 0.21393681 -0.00789949
v 0.02066998 0.21393681 0.01271801
v 0.04128689 0.21393681 -0.00789949
v 0.04128689 0.21393681 0.01271801
v 0.02067833 0.17959954 -0.00789114
v 0.02067833 0.17959954 0.01272577
v 0.04115928 0.17980764 -0.00789770
v 0.04115928 0.17970866 0.01271980
v 0.02066998 0.21393681 0.03333492
v 0.02066998 0.21393681 0.05395183
v 0.04128689 0.21393681 0.03333492
v 0.04128689 0.21393681 0.05395183
v 0.02067833 0.17961922 0.03316021
v 0.02067713 0.17435050 0.05676090
v 0.04118015 0.17961981 0.03318705
v 0.04122726 0.17432904 0.05680323
v 0.06181793 0.21393383 -0.00789949
v 0.06181793 0.21393383 0.01271801
v 0.07882617 0.21388433 -0.00789770
v 0.07882617 0.21388433 0.01271980
v 0.06346306 0.17671236 -0.00790844
v 0.06346306 0.17661278 0.01270847
v 0.08236746 0.17014018 -0.00792096
v 0.08236746 0.17014018 0.01269595
v 0.06181793 0.21393383 0.03333492
v 0.06181793 0.21393383 0.05395183
v 0.07882617 0.21388433 0.03333671
v 0.07882617 0.21388433 0.05395362
v 0.06347797 0.17662232 0.03325204
v 0.06358769 0.17384605 0.05518553
v 0.08239608 0.17002630 0.03322998
v 0.07978558 0.16720948 0.05512412
v 0.02066998 0.21393681 0.07456874
v 0.02066998 0.21393323 0.09509382
v 0.04128689 0.21393681 0.07456874
v 0.04128689 0.21393323 0.09509382
v 0.02067534 0.16257759 0.07337380
v 0.04127198 0.16255970 0.07338632
v 0.02066879 0.21389030 0.11193331
v 0.02065924 0.21093514 0.12537700
v 0.02065924 0.20461161 0.13594602
v 0.04128629 0.21389030 0.11193331
v 0.04127615 0.21093514 0.12537700
v 0.04127794 0.20461042 0.13594781
v 0.06181793 0.21393383 0.07456934
v 0.06182688 0.21393144 0.09510277
v 0.07882676 0.21388433 0.07457113
v 0.07886493 0.21387062 0.09514093
v 0.06264914 0.16355072 0.07178651
v 0.07316212 0.16437000 0.06861014
v 0.06186623 0.21387599 0.11197684
v 0.06188650 0.21092024 0.12541098
v 0.06190737 0.20457286 0.13598538
v 0.07887268 0.21382351 0.11199533
v 0.07988098 0.21032694 0.12454042
v 0.07973370 0.20387879 0.13438437
v 0.10198262 0.20435462 -0.00791917
v 0.09208322 0.21083258 -0.00792394
v 0.10198262 0.20435462 0.01269774
v 0.09208322 0.21083258 0.01269357
v 0.12227277 0.18418253 -0.00791798
v 0.11197267 0.19448324 -0.00794898
v 0.12227277 0.18418253 0.01269893
v 0.11197267 0.19448324 0.01266793
v 0.10198262 0.20435462 0.03331465
v 0.09208322 0.21083258 0.03331048
v 0.10198262 0.20435462 0.05393216
v 0.09208322 0.21083258 0.05392739
v 0.12227277 0.18418253 0.03331644
v 0.11197267 0.19448324 0.03328543
v 0.12227277 0.18418253 0.05393335
v 0.11197267 0.19448324 0.05390234
v 0.14276268 0.16341178 -0.00792454
v 0.13258659 0.17386931 -0.00795077
v 0.14283304 0.16348214 0.01269237
v 0.13258659 0.17386931 0.01266673
v 0.14283125 0.16348393 0.03331286
v 0.13258659 0.17386931 0.03328364
v 0.14276089 0.16341357 0.05392977
v 0.13258659 0.17386931 0.05390055
v 0.10198262 0.20435462 0.07454906
v 0.09208322 0.21083258 0.07454429
v 0.10200409 0.20433256 0.09515107
v 0.09211303 0.21081887 0.09514809
v 0.12227277 0.18418253 0.07455026
v 0.11197267 0.19448324 0.07451925
v 0.12229484 0.18415987 0.09515226
v 0.11199413 0.19446117 0.09512125
v 0.10143822 0.20368381 0.11287245
v 0.09154418 0.21027506 0.11286470
v 0.09765961 0.19841688 0.13026886
v 0.08895693 0.21071452 0.12178144
v 0.12181066 0.18357493 0.11284860
v 0.11139785 0.19384939 0.11283250
v 0.11791160 0.17879158 0.13096353
v 0.10788399 0.19538839 0.12307715
v 0.10661988 0.18379674 0.13813854
v 0.14283304 0.16348214 0.07454370
v 0.13258659 0.17386931 0.07451806
v 0.14285092 0.16346306 0.09514689
v 0.13260806 0.17384725 0.09511946
v 0.14229579 0.16281193 0.11283727
v 0.13208155 0.17330583 0.11283131
v 0.13853566 0.15817706 0.13094743
v 0.12852534 0.17477923 0.12304018
v 0.12718551 0.16309576 0.13801034
v 0.02067296 0.14390753 0.08329706
v 0.02067177 0.12365256 0.08318257
v 0.04128987 0.14390813 0.08329706
v 0.04128868 0.12365256 0.08318257
v 0.02067177 0.10303088 0.08318257
v 0.02067177 0.08241338 0.08318257
v 0.04128868 0.10303088 0.08318257
v 0.04128868 0.08241338 0.08318257
v 0.06174698 0.14381034 0.08334834
v 0.06190678 0.12365435 0.08318257
v 0.08639711 0.15055961 0.07349723
v 0.08224582 0.12349216 0.08325830
v 0.06190618 0.10303088 0.08318257
v 0.06190618 0.08241338 0.08318257
v 0.08252428 0.10303267 0.08318257
v 0.08252309 0.08241338 0.08318257
v 0.02067177 0.06179647 0.08318257
v 0.02067177 0.04117956 0.08318257
v 0.04128868 0.06179647 0.08318257
v 0.04128868 0.04117956 0.08318257
v 0.02067177 0.02056205 0.08318257
v 0.02067177 -0.00005486 0.08318257
v 0.04128868 0.02056205 0.08318257
v 0.04128868 -0.00005486 0.08318257
v 0.06190618 0.06179647 0.08318257
v 0.06190618 0.04117956 0.08318257
v 0.08252309 0.06179647 0.08318257
v 0.08252309 0.04117956 0.08318257
v 0.06190618 0.02056205 0.08318257
v 0.06190618 -0.00005486 0.08318257
v 0.08252309 0.02056205 0.08318257
v 0.08252309 -0.00005486 0.08318257
v 0.09795536 0.15994145 -0.00792573
v 0.10830079 0.14959244 -0.00792752
v 0.09795536 0.15994145 0.01269118
v 0.10830079 0.14959244 0.01268939
v 0.11859255 0.13930128 -0.00792573
v 0.12891770 0.12897553 -0.00792752
v 0.11859255 0.13930128 0.01269118
v 0.12891770 0.12897553 0.01268939
v 0.09798339 0.15992654 0.03322461
v 0.10832881 0.14957754 0.03322282
v 0.09530550 0.15724567 0.05522548
v 0.10573679 0.14683108 0.05511815
v 0.11862057 0.13928637 0.03322461
v 0.12894572 0.12896003 0.03322282
v 0.11594567 0.13660193 0.05522429
v 0.12635430 0.12621417 0.05511815
v 0.16309516 0.14251761 -0.00791082
v 0.15292862 0.15296559 -0.00793646
v 0.16309695 0.14251582 0.01270311
v 0.15300077 0.15303416 0.01267687
v 0.13921005 0.11868437 -0.00792573
v 0.14953520 0.10835803 -0.00792752
v 0.13921005 0.11868437 0.01269118
v 0.14953520 0.10835803 0.01268939
v 0.15984843 0.09804480 -0.00792573
v 0.16989333 0.08239847 -0.00791440
v 0.15984843 0.09804480 0.01269118
v 0.16989333 0.08239847 0.01270251
v 0.16316731 0.14258618 0.03332002
v 0.15292862 0.15296559 0.03329736
v 0.16316552 0.14258737 0.05394050
v 0.15300077 0.15303416 0.05391129
v 0.13923748 0.11866887 0.03322461
v 0.14956263 0.10834312 0.03322282
v 0.13656317 0.11598502 0.05522429
v 0.14697121 0.10559667 0.05511815
v 0.15987347 0.09803228 0.03321925
v 0.16989392 0.08240861 0.03320672
v 0.15718783 0.09535917 0.05521833
v 0.16734126 0.08240026 0.05514439
v 0.09760952 0.14409416 0.06854156
v 0.10693948 0.13001246 0.07348053
v 0.11823239 0.12347248 0.06854037
v 0.10286690 0.10287048 0.08325771
v 0.10314119 0.08241576 0.08318257
v 0.12755937 0.10939317 0.07347994
v 0.12348381 0.08225357 0.08325771
v 0.16309516 0.14251761 0.07455741
v 0.15299898 0.15303535 0.07453177
v 0.16318758 0.14256531 0.09514987
v 0.15294830 0.15294412 0.09512722
v 0.13884930 0.10285558 0.06854037
v 0.14810652 0.08882813 0.07351273
v 0.15933920 0.08232930 0.06859761
v 0.16277555 0.14205430 0.11283131
v 0.15257026 0.15254164 0.11281998
v 0.15909056 0.13750589 0.13101600
v 0.14904387 0.15405141 0.12303422
v 0.14787457 0.14258081 0.13809620
v 0.10314000 0.06179647 0.08318257
v 0.10314000 0.04117956 0.08318257
v 0.12375810 0.06179885 0.08318257
v 0.12375751 0.04117956 0.08318257
v 0.10314000 0.02056205 0.08318257
v 0.10314000 -0.00005486 0.08318257
v 0.12375751 0.02056205 0.08318257
v 0.12375751 -0.00005486 0.08318257
v 0.14380855 0.06170404 0.08335848
v 0.14397670 0.04117896 0.08329706
v 0.16202961 0.07028687 0.07183063
v 0.16258534 0.04798190 0.07339765
v 0.14397550 0.02056086 0.08329706
v 0.14397849 -0.00004949 0.08329527
v 0.16260919 0.02743117 0.07337380
v 0.16261158 0.00682082 0.07337201
v 0.02065149 0.19536692 0.14675714
v 0.02066342 0.18576386 0.15782764
v 0.02065149 0.17602545 0.16910862
v 0.04126960 0.19536513 0.14675893
v 0.04126304 0.18576327 0.15782883
v 0.04125230 0.17601233 0.16912353
v 0.02066342 0.16629479 0.18037947
v 0.02065149 0.15644249 0.19184530
v 0.04124992 0.16628107 0.18039438
v 0.04122905 0.15641208 0.19187512
v 0.06171239 0.19529954 0.14669215
v 0.06080068 0.18582230 0.15761715
v 0.05937200 0.17637427 0.16869361
v 0.07930200 0.19415588 0.14453660
v 0.07844336 0.18407222 0.15522608
v 0.07727346 0.17073229 0.16945566
v 0.05878109 0.16645280 0.17947492
v 0.05773402 0.15673287 0.19070283
v 0.08386889 0.16024793 0.17626277
v 0.07556035 0.15426547 0.18642573
v 0.06867811 0.16873714 0.17644046
v 0.09772818 0.17880768 0.14931637
v 0.09020434 0.19520592 0.14076753
v 0.10529435 0.16182807 0.15722898
v 0.09591192 0.15761536 0.16840621
v 0.08790808 0.17493903 0.16080843
v 0.11775179 0.15862844 0.14934797
v 0.11007591 0.17582689 0.14180267
v 0.02066580 0.14679709 0.20274526
v 0.02065924 0.13573256 0.21026552
v 0.02066223 0.12117741 0.21385631
v 0.04105851 0.14676489 0.20276196
v 0.04104957 0.13572182 0.21025419
v 0.04127079 0.12117204 0.21385631
v 0.02065149 0.10349180 0.21365000
v 0.04138468 0.10332783 0.21379608
v 0.05726118 0.14679411 0.20101367
v 0.05941851 0.13451854 0.20915168
v 0.06091815 0.12043504 0.21382709
v 0.08201387 0.13862629 0.19551480
v 0.07503503 0.13655304 0.20238511
v 0.06743964 0.14844819 0.19736743
v 0.07809036 0.11824193 0.21149147
v 0.06198608 0.10310124 0.21387062
v 0.08092328 0.10151037 0.21379549
v 0.08271509 0.08253382 0.21384796
v 0.12574729 0.14105911 0.15703042
v 0.11627720 0.13707359 0.16838295
v 0.10808493 0.15453499 0.16061762
v 0.10397479 0.13989100 0.17627827
v 0.09440214 0.13584227 0.18757655
v 0.08628024 0.15338000 0.17988396
v 0.10258904 0.11793306 0.19538421
v 0.09396030 0.11724138 0.20274944
v 0.08485394 0.13138986 0.19903105
v 0.12457858 0.11928602 0.17627946
v 0.11492544 0.11513533 0.18745252
v 0.10687628 0.13268319 0.17973549
v 0.09821594 0.09819686 0.21156899
v 0.10153542 0.08089644 0.21379549
v 0.12328346 0.09739784 0.19548200
v 0.11457840 0.09662268 0.20274765
v 0.10547622 0.11077474 0.19902568
v 0.11824790 0.07807068 0.21149386
v 0.13842237 0.13808726 0.14942429
v 0.13060874 0.15512590 0.14171203
v 0.14651326 0.12060677 0.15723196
v 0.13688576 0.11646026 0.16838653
v 0.12861240 0.13384653 0.16052282
v 0.16857436 0.12204500 0.13819280
v 0.15910725 0.11753594 0.14949764
v 0.15130555 0.13459486 0.14180386
v 0.16721484 0.10005605 0.15733571
v 0.15746868 0.09612956 0.16841992
v 0.14946603 0.11347111 0.16081619
v 0.14527062 0.09874006 0.17638918
v 0.13564192 0.09459951 0.18757595
v 0.12746039 0.11207761 0.17975398
v 0.14285927 0.07811958 0.19522918
v 0.13334089 0.07844693 0.20221756
v 0.12608001 0.09016201 0.19903164
v 0.16461567 0.07993882 0.17583464
v 0.15297692 0.07717209 0.18599343
v 0.14819119 0.09148694 0.17986011
v 0.10318472 0.06186623 0.21387300
v 0.10339878 0.04123978 0.21379430
v 0.12039390 0.06086687 0.21383007
v 0.12105517 0.04118969 0.21379549
v 0.10349240 0.02056682 0.21364284
v 0.10348763 -0.00003995 0.21374600
v 0.12097169 0.02056801 0.21372990
v 0.12097408 -0.00004293 0.21363092
v 0.13450303 0.05939704 0.20913796
v 0.13558528 0.04100067 0.21020112
v 0.15634350 0.05347958 0.19128599
v 0.14596886 0.06362764 0.20024805
v 0.14466122 0.07203695 0.19809131
v 0.15640850 0.03433429 0.19188167
v 0.14671600 0.04787039 0.20277687
v 0.13556977 0.02057517 0.21021842
v 0.13541772 -0.00004353 0.21008664
v 0.15632800 0.01370903 0.19182205
v 0.14663729 0.02744072 0.20271903
v 0.15617655 -0.00690609 0.19169385
v 0.14648882 0.00682261 0.20258904
v 0.18390228 0.12213086 -0.00791261
v 0.17338692 0.13222525 -0.00791798
v 0.18375977 0.12199252 0.01271324
v 0.17339169 0.13222108 0.01269416
v 0.20427114 0.10212692 -0.00791857
v 0.19435563 0.11195895 -0.00793825
v 0.20426637 0.10213169 0.01269834
v 0.19420895 0.11182419 0.01268880
v 0.18369239 0.12191978 0.03332359
v 0.17339169 0.13222108 0.03331107
v 0.18369597 0.12191620 0.05393871
v 0.17339169 0.13222108 0.05392798
v 0.20419422 0.10206312 0.03331405
v 0.19421074 0.11182300 0.03329736
v 0.20412565 0.10199157 0.05392739
v 0.19414157 0.11175145 0.05391606
v 0.21384081 0.07891501 -0.00790426
v 0.21077594 0.09221976 -0.00793229
v 0.21384081 0.07891501 0.01271265
v 0.21077594 0.09221976 0.01268462
v 0.21384081 0.07891501 0.03333015
v 0.21077594 0.09221976 0.03330213
v 0.21384081 0.07891501 0.05394706
v 0.21077594 0.09221976 0.05391904
v 0.17647325 0.06344577 -0.00790188
v 0.17961266 0.04106090 -0.00789114
v 0.17647325 0.06344577 0.01271503
v 0.17961266 0.04106090 0.01272636
v 0.17959954 0.02055609 -0.00789114
v 0.17959954 -0.00006082 -0.00789114
v 0.17959954 0.02055609 0.01272577
v 0.17959954 -0.00006082 0.01272577
v 0.17649293 0.06344518 0.03314948
v 0.17963174 0.04106090 0.03316081
v 0.17116876 0.06350123 0.05684318
v 0.17436422 0.04106149 0.05676030
v 0.17961862 0.02055609 0.03316021
v 0.17961862 -0.00006142 0.03316081
v 0.17435050 0.02055669 0.05676090
v 0.17435349 -0.00005367 0.05675851
v 0.21393561 0.06176427 -0.00790665
v 0.21393681 0.04118135 -0.00789949
v 0.21393561 0.06176427 0.01271026
v 0.21393681 0.04118135 0.01271801
v 0.21373825 0.02056086 -0.00790605
v 0.21353969 -0.00004949 -0.00791261
v 0.21373825 0.02056086 0.01271086
v 0.21353969 -0.00004949 0.01270430
v 0.21393561 0.06176427 0.03332777
v 0.21393681 0.04118135 0.03333492
v 0.21393561 0.06176427 0.05394468
v 0.21393681 0.04118135 0.05395183
v 0.21373825 0.02056086 0.03332836
v 0.21353969 -0.00004949 0.03332181
v 0.21373825 0.02056086 0.05394527
v 0.21353969 -0.00004949 0.05393871
v 0.18370074 0.12191143 0.07455562
v 0.17339169 0.13222108 0.07454549
v 0.18372399 0.12188758 0.09514987
v 0.17341196 0.13220021 0.09514093
v 0.20405111 0.10192777 0.07455682
v 0.19407121 0.11168109 0.07454012
v 0.20406304 0.10191167 0.09514630
v 0.19401933 0.11159224 0.09514630
v 0.18330720 0.12137537 0.11283667
v 0.17295641 0.13172795 0.11283787
v 0.17971999 0.11687467 0.13101182
v 0.16953973 0.13333731 0.12304495
v 0.20355382 0.10129750 0.11293089
v 0.19358882 0.11108600 0.11284323
v 0.19836501 0.09765424 0.13007686
v 0.19017274 0.11267985 0.12306523
v 0.18921214 0.10136130 0.13822977
v 0.21384081 0.07891501 0.07456397
v 0.21077355 0.09222453 0.07453774
v 0.21383425 0.07891919 0.09509502
v 0.21070259 0.09214404 0.09510396
v 0.21376806 0.07893469 0.11204183
v 0.21054816 0.09210170 0.11204422
v 0.21025837 0.08500957 0.12465192
v 0.20837532 0.09365560 0.12178442
v 0.20400639 0.07481202 0.13520068
v 0.21393561 0.06176427 0.07456159
v 0.21393681 0.04118135 0.07456874
v 0.21393204 0.06176427 0.09509263
v 0.21393383 0.04118135 0.09510038
v 0.21373825 0.02056086 0.07456218
v 0.21353969 -0.00004949 0.07455562
v 0.21373467 0.02056086 0.09509323
v 0.21353611 -0.00004949 0.09508667
v 0.21385273 0.06176486 0.11201798
v 0.21385512 0.04118194 0.11202693
v 0.21089519 0.06869481 0.12546048
v 0.20455795 0.05496074 0.13605335
v 0.21089161 0.04807492 0.12547896
v 0.20455855 0.03432952 0.13605276
v 0.21375792 0.02056146 0.11201739
v 0.21366252 -0.00005247 0.11200367
v 0.21089460 0.02745562 0.12547240
v 0.20456153 0.01371082 0.13604560
v 0.21079561 0.00683871 0.12546584
v 0.20448997 -0.00690669 0.13597047
v 0.17915114 0.09762264 0.14928298
v 0.17199819 0.11405308 0.14191298
v 0.18480207 0.07372143 0.15637213
v 0.17098928 0.08032700 0.16764059
v 0.16976155 0.09336820 0.16058543
v 0.19359359 0.08536137 0.14372030
v 0.19127526 0.09495728 0.14135963
v 0.18570125 0.05475919 0.15775728
v 0.17609641 0.06078935 0.16887250
v 0.18573524 0.03433011 0.15785865
v 0.17600398 0.04120937 0.16912890
v 0.19528344 0.06859881 0.14670884
v 0.19532935 0.04809877 0.14679769
v 0.18573584 0.01369889 0.15785865
v 0.17592706 0.02058292 0.16906808
v 0.18566011 -0.00691861 0.15779365
v 0.17592408 -0.00003280 0.16907165
v 0.19533055 0.02746576 0.14679650
v 0.19525542 0.00684885 0.14673150
v 0.16658935 0.06481483 0.17931094
v 0.16560966 0.07357952 0.17799436
v 0.16626438 0.04806597 0.18041048
v 0.16619342 0.02744370 0.18034250
v 0.16626557 0.00682798 0.18041107
v 0.02067177 -0.02067177 0.08318257
v 0.02067177 -0.04128927 0.08318257
v 0.04128868 -0.02067177 0.08318257
v 0.04128868 -0.04128927 0.08318257
v 0.02067177 -0.06190618 0.08318257
v 0.02067177 -0.08252309 0.08318257
v 0.04128868 -0.06190618 0.08318257
v 0.04128868 -0.08252309 0.08318257
v 0.06190618 -0.02067177 0.08318257
v 0.06190618 -0.04128927 0.08318257
v 0.08252309 -0.02067177 0.08318257
v 0.08252309 -0.04128927 0.08318257
v 0.06190618 -0.06190618 0.08318257
v 0.06190618 -0.08252309 0.08318257
v 0.08252309 -0.06190618 0.08318257
v 0.08249984 -0.08249984 0.08318257
v 0.02067177 -0.10314000 0.08318257
v 0.02067177 -0.12375751 0.08318257
v 0.04128868 -0.10314000 0.08318257
v 0.04126542 -0.12373365 0.08318257
v 0.02066640 -0.14397849 0.08329527
v 0.01380324 -0.16260860 0.07337380
v 0.04124097 -0.14394867 0.08330004
v 0.03438795 -0.16260860 0.07337440
v 0.06188233 -0.10311675 0.08318257
v 0.06176486 -0.12361559 0.08320464
v 0.08238237 -0.10299928 0.08320464
v 0.08324161 -0.12447483 0.08158872
v 0.06269029 -0.14499454 0.08161913
v 0.05586946 -0.16369740 0.07170303
v 0.08343599 -0.14530043 0.07496527
v 0.07547508 -0.16025449 0.06851831
v 0.09799949 -0.15989315 -0.00106555
v 0.08240503 -0.16989690 -0.01478710
v 0.10831033 -0.14958231 -0.01479962
v 0.09800247 -0.15988957 0.01955852
v 0.08240145 -0.16990048 0.00582265
v 0.10831748 -0.14957456 0.00580656
v 0.11860805 -0.13928518 -0.00106376
v 0.12892783 -0.12896480 -0.01479962
v 0.11860447 -0.13928876 0.01955852
v 0.12893081 -0.12896122 0.00581192
v 0.09800605 -0.15989255 0.04011282
v 0.08240503 -0.16989690 0.02644493
v 0.10831033 -0.14958231 0.02643420
v 0.09541283 -0.15729874 0.06185550
v 0.08247181 -0.16995116 0.04673866
v 0.10837115 -0.14961689 0.04672912
v 0.11860805 -0.13929174 0.04011580
v 0.12892783 -0.12896480 0.02643420
v 0.11602616 -0.13667945 0.06186623
v 0.12898508 -0.12900356 0.04673448
v 0.13922496 -0.11866827 -0.00106376
v 0.14954474 -0.10834789 -0.01479962
v 0.13922138 -0.11867185 0.01955852
v 0.14955190 -0.10834074 0.00580656
v 0.15986333 -0.09802930 -0.00106555
v 0.16989690 -0.08240562 -0.01478710
v 0.15985976 -0.09803288 0.01955852
v 0.16990048 -0.08240205 0.00582265
v 0.15315222 -0.15316236 -0.01481572
v 0.16344518 -0.14286941 -0.00104766
v 0.14265058 -0.16324244 -0.00104110
v 0.15300852 -0.15302522 0.00581431
v 0.16351375 -0.14294156 0.01956746
v 0.14265058 -0.16324244 0.01958058
v 0.13922496 -0.11867483 0.04011580
v 0.14954474 -0.10834789 0.02643420
v 0.13664307 -0.11606254 0.06186623
v 0.14960556 -0.10838248 0.04672912
v 0.15986274 -0.09803646 0.04011580
v 0.16989690 -0.08240562 0.02644732
v 0.15727370 -0.09543430 0.06186325
v 0.16994401 -0.08247420 0.04674402
v 0.15300673 -0.15302701 0.02642287
v 0.16344339 -0.14287120 0.04018795
v 0.14258021 -0.16317208 0.04019749
v 0.15300673 -0.15302701 0.04704037
v 0.16337303 -0.14280084 0.06080187
v 0.14250985 -0.16310232 0.06081142
v 0.10314000 -0.02067177 0.08318257
v 0.10314000 -0.04128868 0.08318257
v 0.12375751 -0.02067177 0.08318257
v 0.12373365 -0.04126542 0.08318257
v 0.10311675 -0.06188233 0.08318257
v 0.10299928 -0.08238237 0.08320464
v 0.12361678 -0.06176546 0.08320464
v 0.12447602 -0.08324161 0.08158872
v 0.14397849 -0.02066640 0.08329527
v 0.14394867 -0.04124097 0.08330004
v 0.16260860 -0.01380324 0.07337380
v 0.16260860 -0.03438795 0.07337440
v 0.14498739 -0.06269327 0.08162390
v 0.14529328 -0.08343838 0.07497063
v 0.16369025 -0.05587185 0.07170840
v 0.16025568 -0.07547628 0.06852010
v 0.10385911 -0.10385852 0.08158872
v 0.10405648 -0.12467220 0.07497361
v 0.12467339 -0.10405529 0.07497361
v 0.11926574 -0.11928423 0.06847597
v 0.09864764 -0.13990054 0.06847657
v 0.13988265 -0.09866732 0.06847597
v 0.15300673 -0.15302701 0.06765728
v 0.16344339 -0.14287120 0.08141521
v 0.14257723 -0.16317566 0.08142713
v 0.15293637 -0.15295605 0.08824497
v 0.16344279 -0.14287060 0.10197249
v 0.14257187 -0.16317983 0.10197726
v 0.15299719 -0.15301150 0.10697466
v 0.16276900 -0.14218906 0.11776968
v 0.14210438 -0.16269744 0.11779950
v 0.15092632 -0.15091916 0.12396203
v 0.15931893 -0.13871991 0.13020625
v 0.14614417 -0.14614536 0.13663413
v 0.13871574 -0.15932430 0.13021877
v 0.02067833 -0.17959894 -0.00789114
v 0.02067833 -0.17959894 0.01272636
v 0.04115511 -0.17960968 -0.00789114
v 0.04115511 -0.17960968 0.01272636
v 0.02066998 -0.21393681 -0.00789949
v 0.02066998 -0.21393681 0.01271801
v 0.04128689 -0.21393681 -0.00789949
v 0.04128689 -0.21393681 0.01271801
v 0.02067833 -0.17961862 0.03316081
v 0.02067117 -0.17435349 0.05675851
v 0.04117836 -0.17961922 0.03319122
v 0.04122189 -0.17434275 0.05679429
v 0.02066998 -0.21393681 0.03333492
v 0.02066998 -0.21393681 0.05395183
v 0.04128689 -0.21393681 0.03333492
v 0.04128689 -0.21393681 0.05395183
v 0.06349347 -0.17647624 -0.00790903
v 0.06349705 -0.17647266 0.01271503
v 0.06182747 -0.21383544 -0.00790605
v 0.06182568 -0.21393442 0.01271444
v 0.07893648 -0.21373049 -0.00790545
v 0.07894423 -0.21372632 0.01271503
v 0.06351971 -0.17647266 0.03326933
v 0.06358113 -0.17389077 0.05514439
v 0.06182270 -0.21393442 0.03333433
v 0.06181972 -0.21393383 0.05395124
v 0.07894602 -0.21382411 0.03333254
v 0.07889414 -0.21385035 0.05395303
v 0.02066998 -0.21393681 0.07456874
v 0.02066998 -0.21393323 0.09509442
v 0.04128689 -0.21393681 0.07456874
v 0.04128748 -0.21393323 0.09509681
v 0.02066879 -0.21388612 0.11194882
v 0.02753016 -0.20457763 0.13599015
v 0.01378595 -0.21089638 0.12544795
v 0.04128689 -0.21387360 0.11198101
v 0.04814945 -0.20456749 0.13602116
v 0.03440405 -0.21089937 0.12544259
v 0.06181793 -0.21393383 0.07456934
v 0.06182628 -0.21393204 0.09510694
v 0.07884406 -0.21387777 0.07456993
v 0.07884823 -0.21387777 0.09512245
v 0.06184178 -0.21385750 0.11202812
v 0.06871031 -0.20454841 0.13606170
v 0.05499472 -0.21089638 0.12544855
v 0.07884942 -0.21381755 0.11199652
v 0.08472872 -0.20390920 0.13434084
v 0.07379418 -0.21087552 0.12544915
v 0.11199652 -0.19445938 -0.01482407
v 0.12215710 -0.18401736 -0.00104766
v 0.10211321 -0.20426935 -0.00105064
v 0.11199652 -0.19445938 0.00579284
v 0.12215888 -0.18401557 0.01956448
v 0.10212275 -0.20426518 0.01956627
v 0.09221201 -0.21056008 -0.01480678
v 0.09221499 -0.21065787 0.00581192
v 0.11199652 -0.19445938 0.02640975
v 0.12215888 -0.18401557 0.04018139
v 0.10212573 -0.20426398 0.04018497
v 0.11199592 -0.19445938 0.04702726
v 0.12215888 -0.18401557 0.06079830
v 0.10207684 -0.20429082 0.06080128
v 0.09221976 -0.21075447 0.02643062
v 0.09217206 -0.21078011 0.04705230
v 0.13247509 -0.17369937 -0.01481572
v 0.13233795 -0.17355567 0.00581073
v 0.13233914 -0.17355388 0.02641989
v 0.13233914 -0.17355388 0.04703680
v 0.11192914 -0.19438604 0.06764595
v 0.12201816 -0.18387485 0.08143011
v 0.10196056 -0.20424490 0.08142057
v 0.11185997 -0.19431389 0.08823961
v 0.12194721 -0.18380390 0.10197010
v 0.10189318 -0.20416918 0.10196951
v 0.09216729 -0.21078011 0.06766861
v 0.09211720 -0.21080635 0.08825630
v 0.11170732 -0.19416005 0.10698242
v 0.12147436 -0.18333284 0.11779055
v 0.10132076 -0.20364386 0.11779592
v 0.10965970 -0.19216789 0.12398051
v 0.11808929 -0.17994836 0.13021997
v 0.10484357 -0.18742032 0.13666037
v 0.09736624 -0.19989446 0.13004526
v 0.09211601 -0.21078727 0.10697466
v 0.08993960 -0.20881537 0.12302468
v 0.13233616 -0.17355745 0.06765549
v 0.13226401 -0.17348829 0.08825273
v 0.13224016 -0.17347159 0.10701938
v 0.13024501 -0.17146273 0.12395607
v 0.12559285 -0.16681474 0.13666752
v 0.02065567 -0.12112136 0.21376090
v 0.04102393 -0.12106352 0.21378356
v 0.02065805 -0.13557097 0.21020828
v 0.01378177 -0.14663013 0.20272738
v 0.02750929 -0.15617893 0.19168908
v 0.04097384 -0.13551372 0.21012420
v 0.03433786 -0.14655381 0.20265821
v 0.04801887 -0.15609724 0.19162229
v 0.05916390 -0.11987037 0.21266316
v 0.07639872 -0.11761346 0.20926556
v 0.05740428 -0.13558707 0.20850531
v 0.05203420 -0.14693304 0.20198739
v 0.06291985 -0.15675434 0.19008270
v 0.07225578 -0.13309403 0.20582862
v 0.08042598 -0.14241743 0.19368720
v 0.07508094 -0.15469599 0.18674951
v 0.06824044 -0.14515196 0.19947051
v 0.10349061 -0.02065447 0.21364523
v 0.10350433 -0.04124455 0.21373884
v 0.12097408 -0.02065984 0.21363092
v 0.12106710 -0.04101916 0.21378356
v 0.10261826 -0.06116322 0.21377999
v 0.09986882 -0.07926026 0.21266018
v 0.11994550 -0.05916450 0.21272755
v 0.11761167 -0.07640230 0.20926497
v 0.13534378 -0.02065209 0.21002045
v 0.13550597 -0.04095834 0.21013255
v 0.15625168 -0.02751346 0.19175944
v 0.14641249 -0.01378356 0.20252762
v 0.15617655 -0.04802602 0.19168490
v 0.14641488 -0.03434084 0.20251689
v 0.13557753 -0.05741621 0.20850233
v 0.13317870 -0.07226115 0.20588526
v 0.15689745 -0.06294490 0.19020375
v 0.14701473 -0.05205507 0.20204166
v 0.15473415 -0.07505411 0.18673102
v 0.14539465 -0.06823985 0.19965416
v 0.14234409 -0.08041883 0.19360730
v 0.12424228 -0.14488423 0.15566911
v 0.11771005 -0.15891942 0.14951970
v 0.10973305 -0.15093049 0.16259011
v 0.11627362 -0.13688457 0.16874012
v 0.10239107 -0.14363801 0.17473689
v 0.09563167 -0.15741203 0.16868288
v 0.10363551 -0.16549220 0.15566792
v 0.09699535 -0.09700490 0.20927093
v 0.09236406 -0.11295772 0.20583756
v 0.11296785 -0.09235035 0.20584114
v 0.12169021 -0.10108523 0.19360134
v 0.11507570 -0.11506556 0.18759682
v 0.10685422 -0.10683096 0.20083896
v 0.10112339 -0.12174805 0.19367528
v 0.08784129 -0.14967831 0.18169903
v 0.09453452 -0.13572600 0.18764870
v 0.08292140 -0.16333963 0.17401778
v 0.08629515 -0.12750571 0.20089799
v 0.12297698 -0.12296326 0.17435408
v 0.10846178 -0.12908048 0.18167995
v 0.16558462 -0.10376073 0.15549023
v 0.15910725 -0.11785018 0.14940462
v 0.15085357 -0.10957801 0.16247682
v 0.15756468 -0.09572469 0.16848074
v 0.14353128 -0.10231058 0.17428134
v 0.13691319 -0.11626229 0.16842231
v 0.14493134 -0.12430608 0.15542583
v 0.13196706 -0.15257562 0.14316874
v 0.13844741 -0.13841939 0.14932531
v 0.13032193 -0.13032610 0.16260562
v 0.16674796 -0.12551414 0.13666693
v 0.15256549 -0.13194798 0.14319319
v 0.12897494 -0.10835326 0.18155235
v 0.13561449 -0.09433834 0.18744417
v 0.12751644 -0.08628978 0.20089382
v 0.16336170 -0.08288026 0.17401420
v 0.14958946 -0.08772323 0.18156308
v 0.02752241 -0.18550746 0.15766784
v 0.01377223 -0.19523991 0.14674820
v 0.02064016 -0.17563310 0.16879856
v 0.04812679 -0.18558319 0.15773402
v 0.03439093 -0.19531862 0.14680902
v 0.04122130 -0.17570048 0.16887548
v 0.01377343 -0.16603600 0.18021549
v 0.03436887 -0.16588157 0.18009385
v 0.06758633 -0.18567621 0.15749372
v 0.05498816 -0.19531743 0.14680961
v 0.05932311 -0.17610118 0.16840740
v 0.08312474 -0.18393031 0.15424818
v 0.07341852 -0.19519996 0.14590446
v 0.07478996 -0.17501416 0.16642537
v 0.05336211 -0.16607297 0.17970866
v 0.06950336 -0.16564902 0.17852028
v 0.09114169 -0.19245649 0.14270484
v 0.09694825 -0.17967229 0.14930206
v 0.08919842 -0.17128623 0.16246907
v 0.11128933 -0.17314244 0.14310494
v 0.17959954 -0.02067833 -0.00789114
v 0.17961027 -0.04115511 -0.00789114
v 0.17959954 -0.02067833 0.01272577
v 0.17961027 -0.04115511 0.01272636
v 0.17647624 -0.06349347 -0.00790903
v 0.17647325 -0.06349705 0.01271503
v 0.17961922 -0.02067833 0.03316081
v 0.17961981 -0.04117836 0.03319122
v 0.17435349 -0.02067117 0.05675851
v 0.17434335 -0.04122189 0.05679369
v 0.17647325 -0.06351971 0.03327172
v 0.17388362 -0.06358351 0.05515214
v 0.21334112 -0.02065984 -0.00791917
v 0.21354028 -0.04126184 -0.00790903
v 0.21334112 -0.02065984 0.01269774
v 0.21344070 -0.04126363 0.01270430
v 0.21373526 -0.06180124 -0.00790068
v 0.21387837 -0.07883213 -0.00789591
v 0.21363569 -0.06179826 0.01271265
v 0.21387777 -0.07882736 0.01272100
v 0.21334112 -0.02065984 0.03331525
v 0.21334172 -0.04126542 0.03331823
v 0.21334112 -0.02065984 0.05393216
v 0.21334172 -0.04126721 0.05393216
v 0.21363509 -0.06179468 0.03332658
v 0.21377879 -0.07882557 0.03333612
v 0.21353551 -0.06179289 0.05394229
v 0.21367862 -0.07882378 0.05395183
v 0.19445938 -0.11199592 -0.01482407
v 0.20431884 -0.10202615 -0.00104945
v 0.18416584 -0.12228947 -0.00104587
v 0.19445938 -0.11199592 0.00579284
v 0.20431884 -0.10202556 0.01956746
v 0.18416584 -0.12228947 0.01957104
v 0.17384486 -0.13261045 -0.01482407
v 0.17384486 -0.13261045 0.00579284
v 0.19445938 -0.11199592 0.02640975
v 0.20431884 -0.10202556 0.04018497
v 0.18416584 -0.12228947 0.04018795
v 0.19445938 -0.11199592 0.04702726
v 0.20431884 -0.10202556 0.06080187
v 0.18416584 -0.12228947 0.06080486
v 0.17384486 -0.13261045 0.02640975
v 0.17384486 -0.13261045 0.04702726
v 0.21080754 -0.09211542 -0.01479902
v 0.21080754 -0.09211542 0.00581848
v 0.21080694 -0.09211243 0.02643718
v 0.21080694 -0.09210707 0.04705409
v 0.21334112 -0.02065984 0.07454906
v 0.21334172 -0.04126721 0.07454906
v 0.21333755 -0.02065984 0.09508011
v 0.21333755 -0.04126721 0.09508011
v 0.21343653 -0.06179468 0.07455562
v 0.21358202 -0.07881722 0.07456576
v 0.21333516 -0.06180541 0.09509263
v 0.21358560 -0.07881782 0.09511827
v 0.21346455 -0.02066580 0.11199354
v 0.21346455 -0.04127317 0.11199354
v 0.21069902 -0.01377641 0.12545571
v 0.20449176 -0.02751823 0.13596689
v 0.21070021 -0.03438676 0.12545213
v 0.20456332 -0.04813693 0.13603547
v 0.21346396 -0.06183165 0.11200308
v 0.21351643 -0.07882796 0.11201441
v 0.21070021 -0.05497922 0.12545213
v 0.20455855 -0.06870196 0.13604024
v 0.21067636 -0.07377569 0.12545928
v 0.20391695 -0.08471561 0.13434979
v 0.19445938 -0.11199592 0.06764417
v 0.20432182 -0.10201900 0.08142057
v 0.18416584 -0.12228947 0.08142236
v 0.19445879 -0.11199533 0.08823186
v 0.20432480 -0.10200886 0.10197607
v 0.18416524 -0.12228887 0.10197607
v 0.17384486 -0.13261045 0.06764417
v 0.17384426 -0.13261045 0.08823186
v 0.19437412 -0.11191065 0.10697586
v 0.20372316 -0.10136369 0.11783468
v 0.18347892 -0.12160554 0.11779234
v 0.19231755 -0.10978313 0.12399244
v 0.19988969 -0.09735312 0.13007984
v 0.18741674 -0.10484059 0.13667468
v 0.17994955 -0.11808571 0.13021400
v 0.17375959 -0.13252577 0.10697466
v 0.17167083 -0.13043701 0.12398171
v 0.21080933 -0.09209872 0.06767100
v 0.21071094 -0.09209574 0.08825929
v 0.21057976 -0.09210051 0.10700507
v 0.20873965 -0.08991813 0.12300143
v 0.18566071 -0.02753195 0.15779365
v 0.17599802 -0.02064851 0.16913844
v 0.18565832 -0.04813574 0.15779425
v 0.17592647 -0.04123680 0.16906688
v 0.19533055 -0.01376508 0.14679650
v 0.19525184 -0.03438735 0.14673508
v 0.18583601 -0.06758513 0.15761775
v 0.17618644 -0.05933086 0.16846643
v 0.18398218 -0.08318675 0.15430841
v 0.17506842 -0.07484541 0.16648619
v 0.19525184 -0.05497266 0.14673568
v 0.19513258 -0.07340600 0.14583172
v 0.16611650 -0.01378893 0.18027930
v 0.16611531 -0.03438795 0.18028109
v 0.16646115 -0.05338656 0.18001753
v 0.16590005 -0.06952304 0.17869260
v 0.17318061 -0.11133048 0.14320094
v 0.17979452 -0.09704485 0.14942370
v 0.17137687 -0.08919544 0.16252333
v 0.19246066 -0.09113633 0.14269172
v -0.08410740 0.06312199 0.29914673
v -0.08461841 0.06356085 0.31113549
v -0.09380407 0.05257503 0.30694247
v -0.09004335 0.04921083 0.29561378
v -0.07392953 0.07390926 0.30285498
v -0.09960169 0.03821129 0.30683275
v -0.09148694 0.03159916 0.29263895
v -0.10189438 0.02062764 0.30680115
v -0.09263835 0.01374063 0.29265445
v -0.10189616 -0.00003399 0.30679936
v -0.09263954 -0.00689417 0.29265445
v -0.06316731 0.08406507 0.29914494
v -0.06358828 0.08459039 0.31113013
v -0.04927284 0.09000400 0.29559887
v -0.05257443 0.09380646 0.30694604
v -0.03164984 0.09146428 0.29262464
v -0.03820950 0.09960586 0.30682917
v -0.01375494 0.09262941 0.29263895
v -0.02062705 0.10189438 0.30679876
v 0.00688164 0.09263120 0.29263954
v 0.00003518 0.10189616 0.30679638
v -0.08467685 0.06360259 0.32885270
v -0.09397938 0.05266029 0.32203784
v -0.07419905 0.07416327 0.31521046
v -0.09986524 0.03822977 0.32200981
v -0.08468221 0.06360140 0.34943264
v -0.09398713 0.05265851 0.34256531
v -0.07420442 0.07417460 0.33567949
v -0.09987061 0.03822798 0.34257246
v -0.10215972 0.02061393 0.32197165
v -0.10215972 -0.00003697 0.32196808
v -0.10215972 0.02061572 0.34257604
v -0.10215972 -0.00003816 0.34257604
v -0.08468221 0.06360140 0.37004955
v -0.09398713 0.05265851 0.36318222
v -0.07420799 0.07417102 0.35630176
v -0.09987061 0.03822858 0.36318937
v -0.08468221 0.06360140 0.39066706
v -0.09398713 0.05265851 0.38379972
v -0.07420799 0.07417102 0.37691867
v -0.09987061 0.03822858 0.38380628
v -0.10215972 0.02061572 0.36319295
v -0.10215972 -0.00003757 0.36319295
v -0.10215972 0.02061572 0.38381046
v -0.10215972 -0.00003757 0.38381046
v -0.08468341 0.06359663 0.41127681
v -0.09398892 0.05265374 0.40440471
v -0.07420799 0.07417102 0.39753081
v -0.09987120 0.03822858 0.40440471
v -0.08447471 0.06344339 0.43000948
v -0.09379453 0.05262034 0.42380879
v -0.07411617 0.07408635 0.41757112
v -0.09966370 0.03822500 0.42381773
v -0.10215972 0.02061572 0.40440888
v -0.10216032 -0.00003816 0.40440888
v -0.10194983 0.02061393 0.42381654
v -0.10194983 -0.00003995 0.42381654
v -0.08382894 0.06295265 0.43801392
v -0.07207749 0.07206616 0.43585062
v -0.07664617 0.05583607 0.44232262
v -0.08841968 0.05410388 0.43656615
v -0.08249566 0.03975922 0.44243174
v -0.09314280 0.03816060 0.43663890
v -0.09543430 0.02061452 0.43664009
v -0.09542595 -0.00004889 0.43664188
v -0.06363241 0.08464644 0.32885449
v -0.05265910 0.09398057 0.32203426
v -0.06363777 0.08464524 0.34943264
v -0.05265851 0.09398713 0.34256531
v -0.03822798 0.09986643 0.32200326
v -0.03822798 0.09987061 0.34257246
v -0.06363777 0.08464524 0.37004955
v -0.05265851 0.09398713 0.36318222
v -0.06363777 0.08464524 0.39066706
v -0.05265851 0.09398713 0.38379972
v -0.03822858 0.09987061 0.36318937
v -0.03822858 0.09987061 0.38380628
v -0.02061274 0.10215972 0.32196867
v -0.02061572 0.10215972 0.34257604
v 0.00003757 0.10215972 0.32196569
v 0.00003757 0.10215972 0.34257604
v -0.02061572 0.10215972 0.36319295
v -0.02061572 0.10215972 0.38381046
v 0.00003757 0.10215972 0.36319295
v 0.00003757 0.10215972 0.38381046
v -0.06363360 0.08464644 0.41127681
v -0.05265374 0.09398892 0.40440471
v -0.06347320 0.08444430 0.43000948
v -0.05262571 0.09378738 0.42381475
v -0.03822858 0.09987120 0.40440471
v -0.03823514 0.09965058 0.42382966
v -0.06296935 0.08381582 0.43801451
v -0.05410746 0.08841670 0.43657212
v -0.05588437 0.07667062 0.44237271
v -0.03816597 0.09313684 0.43664486
v -0.03979917 0.08252905 0.44248958
v -0.02061572 0.10215972 0.40440888
v -0.02062466 0.10193671 0.42382906
v 0.00003757 0.10216032 0.40440888
v 0.00002922 0.10193671 0.42382906
v -0.02062466 0.09542058 0.43665261
v -0.02055490 0.08499407 0.44241982
v 0.00003876 0.09541283 0.43665440
v -0.00000060 0.08499645 0.44241743
v -0.06241779 0.06241004 0.44245738
v -0.10189616 -0.02064016 0.30679936
v -0.09262464 -0.02634714 0.29265087
v -0.09960109 -0.03824885 0.30680055
v -0.09179760 -0.04381868 0.29546769
v -0.09370450 -0.05261796 0.30677670
v -0.08658673 -0.05992296 0.29861127
v -0.07495096 -0.05209204 0.28326188
v -0.08163523 -0.06586726 0.29916521
v -0.08413722 -0.06389656 0.30708975
v -0.07365286 -0.07438211 0.30702177
v -0.07171436 -0.07544467 0.29837872
v -0.05540317 -0.07407741 0.28535005
v -0.06061584 -0.08678827 0.29912049
v -0.06302063 -0.08491595 0.30706291
v -0.05213140 -0.09426738 0.30703310
v -0.05540377 -0.09027351 0.29859219
v -0.03818326 -0.09953013 0.30675464
v -0.03949686 -0.09497099 0.29831015
v -0.02063420 -0.10185085 0.30675822
v -0.02036528 -0.09462873 0.29550049
v 0.00002803 -0.10188961 0.30679220
v -0.00002325 -0.09253043 0.29264491
v -0.10215972 -0.02064315 0.32196808
v -0.09988253 -0.03819459 0.32196509
v -0.10216032 -0.02064434 0.34257604
v -0.09988253 -0.03819578 0.34257306
v -0.09400502 -0.05258218 0.32197463
v -0.08470606 -0.06353819 0.32199670
v -0.07422230 -0.07414479 0.32202651
v -0.09400264 -0.05259709 0.34256590
v -0.08469891 -0.06355966 0.34256054
v -0.07421575 -0.07416208 0.34255696
v -0.10216032 -0.02064434 0.36319295
v -0.09988253 -0.03819578 0.36318997
v -0.10216032 -0.02064434 0.38381046
v -0.09988253 -0.03819578 0.38380688
v -0.09400264 -0.05259709 0.36318281
v -0.08469891 -0.06355966 0.36317804
v -0.07421575 -0.07416208 0.36317387
v -0.09400264 -0.05259709 0.38380032
v -0.08469891 -0.06355966 0.38379495
v -0.07421575 -0.07416208 0.38379137
v -0.10216032 -0.02064732 0.40441186
v -0.09988253 -0.03819996 0.40441246
v -0.10194506 -0.02064732 0.42382369
v -0.09970305 -0.03824647 0.42374558
v -0.09400025 -0.05260007 0.40441186
v -0.08469593 -0.06356205 0.40440590
v -0.07421276 -0.07416506 0.40439815
v -0.09439379 -0.05219043 0.42229722
v -0.08507576 -0.06310291 0.42230318
v -0.07449838 -0.07379000 0.42259774
v -0.09539971 -0.02065984 0.43664725
v -0.08207648 -0.04143417 0.44258856
v -0.09425784 -0.03976519 0.43656675
v -0.07936043 -0.05898859 0.44233216
v -0.09038859 -0.05535965 0.43499437
v -0.07552279 -0.07165652 0.43592217
v -0.08712278 -0.06092888 0.43331048
v -0.06365149 -0.08462139 0.32202413
v -0.05267222 -0.09396924 0.32202174
v -0.06364254 -0.08464047 0.34255994
v -0.05266149 -0.09398415 0.34256531
v -0.03822977 -0.09986464 0.32200922
v -0.03822798 -0.09987061 0.34257246
v -0.06364254 -0.08463988 0.36317745
v -0.05266149 -0.09398415 0.36318222
v -0.06364254 -0.08463988 0.38379436
v -0.05266149 -0.09398415 0.38379972
v -0.03822798 -0.09987061 0.36318937
v -0.03822798 -0.09987061 0.38380628
v -0.02061393 -0.10215912 0.32197165
v -0.02061572 -0.10215912 0.34257604
v 0.00003697 -0.10215912 0.32196808
v 0.00003757 -0.10215912 0.34257604
v -0.02061572 -0.10215912 0.36319295
v -0.02061572 -0.10215912 0.38381046
v 0.00003757 -0.10206014 0.36319295
v 0.00003935 -0.10206014 0.38380688
v -0.06208626 -0.06221684 0.44284675
v -0.05891942 -0.07943914 0.44232620
v -0.04136083 -0.08215042 0.44258320
v -0.02182318 -0.08265546 0.44157906
v -0.00107390 -0.08395893 0.44149857
v -0.06363539 -0.08464405 0.40440411
v -0.05265612 -0.09398594 0.40440411
v -0.06405934 -0.08418850 0.42258045
v -0.05271873 -0.09380586 0.42373365
v -0.03822798 -0.09987061 0.40440530
v -0.03823394 -0.09966489 0.42381594
v -0.05992296 -0.08668034 0.43528237
v -0.06624232 -0.08190892 0.43330153
v -0.04511440 -0.09311597 0.43656496
v -0.02061572 -0.10215912 0.40441007
v -0.02176892 -0.10093079 0.42291556
v 0.00003935 -0.10215972 0.40440649
v -0.00112935 -0.10092900 0.42291675
v -0.02864281 -0.09437114 0.43574448
v -0.00685600 -0.09540150 0.43664009
v 0.02633641 0.09261689 0.29263656
v 0.02064136 0.10189616 0.30679638
v 0.04390634 0.09184471 0.29555832
v 0.03825064 0.09960109 0.30679399
v 0.05979715 0.08675905 0.29857609
v 0.05271694 0.09375816 0.30688820
v 0.06606284 0.08175330 0.29934827
v 0.07542082 0.07184375 0.29840615
v 0.07426822 0.07382459 0.30699136
v 0.06386615 0.08433339 0.30711002
v 0.08683537 0.06065102 0.29914553
v 0.09031585 0.05540079 0.29861127
v 0.09427752 0.05212484 0.30704324
v 0.08495889 0.06302659 0.30706470
v 0.09283691 0.03857978 0.29542058
v 0.09954623 0.03817909 0.30675046
v 0.09257753 0.01945655 0.29259959
v 0.10186277 0.02063122 0.30676716
v 0.09262464 -0.00002385 0.29263120
v 0.10189497 -0.00003458 0.30679518
v 0.02064434 0.10215972 0.32196569
v 0.02064434 0.10216032 0.34257604
v 0.03819578 0.09988253 0.32196271
v 0.03819578 0.09988253 0.34257306
v 0.02064434 0.10216032 0.36319295
v 0.02064434 0.10216032 0.38381046
v 0.03819578 0.09988253 0.36318997
v 0.03819578 0.09988253 0.38380688
v 0.05258457 0.09400562 0.32196808
v 0.05259709 0.09400264 0.34256590
v 0.07416327 0.07420799 0.32201339
v 0.06355370 0.08469175 0.32198895
v 0.07417460 0.07420442 0.34254563
v 0.06357159 0.08468758 0.34254980
v 0.05259709 0.09400264 0.36318281
v 0.05259709 0.09400264 0.38380032
v 0.07417460 0.07420442 0.36316314
v 0.06357159 0.08468758 0.36316671
v 0.07417520 0.07420442 0.38378004
v 0.06357159 0.08468758 0.38378362
v 0.02064732 0.10216032 0.40441186
v 0.02063599 0.10193134 0.42383621
v 0.03819996 0.09988253 0.40441246
v 0.03824110 0.09969590 0.42375154
v 0.02064851 0.09538481 0.43665977
v 0.02075942 0.08358447 0.44244367
v 0.03976101 0.09425248 0.43657271
v 0.04138706 0.08202758 0.44255100
v 0.05260007 0.09400025 0.40441305
v 0.05218923 0.09439499 0.42230855
v 0.07417699 0.07420203 0.40439099
v 0.06357457 0.08468520 0.40439576
v 0.07374349 0.07451746 0.42235804
v 0.06308204 0.08506025 0.42234552
v 0.05532804 0.09037369 0.43504922
v 0.05895461 0.07934016 0.44237629
v 0.07165533 0.07551026 0.43572958
v 0.06088953 0.08710608 0.43336891
v 0.06218047 0.06205227 0.44279666
v 0.07943079 0.05885920 0.44237748
v 0.08086603 0.04265475 0.44146577
v 0.08083801 0.02283685 0.44002397
v 0.08187017 0.00166898 0.43977174
v 0.09397938 0.05265314 0.32200683
v 0.08464465 0.06362227 0.32199729
v 0.09987359 0.03821129 0.32199133
v 0.09399011 0.05264479 0.34255696
v 0.08465836 0.06361452 0.34254086
v 0.09987657 0.03821188 0.34256411
v 0.10215972 0.02061274 0.32196867
v 0.10215972 -0.00003816 0.32196569
v 0.10215972 0.02061572 0.34257604
v 0.10215972 -0.00003816 0.34257604
v 0.09399011 0.05264479 0.36317387
v 0.08465836 0.06361452 0.36315777
v 0.09987657 0.03821188 0.36318102
v 0.09399011 0.05264479 0.38379137
v 0.08465836 0.06361452 0.38377468
v 0.09987657 0.03821188 0.38379793
v 0.10206014 0.02061572 0.36319295
v 0.10206074 -0.00003458 0.36319474
v 0.10196116 0.02061393 0.38380688
v 0.10196116 -0.00003101 0.38380867
v 0.09399190 0.05263942 0.40439636
v 0.08466134 0.06360856 0.40438861
v 0.09987657 0.03821188 0.40439815
v 0.09382733 0.05266029 0.42374677
v 0.08419565 0.06402476 0.42230199
v 0.09838588 0.03951057 0.42269076
v 0.10196116 0.02061274 0.40440471
v 0.10176260 -0.00003101 0.40440471
v 0.09901137 0.02277663 0.42135749
v 0.09863333 0.00172205 0.42118397
v 0.08662966 0.05993906 0.43504266
v 0.08190594 0.06614274 0.43337487
v 0.09185186 0.04634869 0.43545648
v 0.09383866 0.02836137 0.43530801
v 0.09246245 0.00902526 0.43422934
v 0.07125224 -0.07131485 0.29648434
v 0.02063897 -0.10189438 0.30679697
v 0.02065924 -0.09263776 0.29265862
v 0.03823394 -0.09963329 0.30683454
v 0.03697103 -0.09034626 0.29265982
v 0.05263942 -0.09375757 0.30684468
v 0.05303416 -0.08717227 0.29563167
v 0.06316433 -0.08398397 0.29806567
v 0.06337780 -0.08442462 0.30277389
v 0.07408397 -0.07409649 0.31095661
v 0.09254414 -0.02069741 0.29266459
v 0.10189438 -0.02064195 0.30679399
v 0.09232352 -0.03800140 0.29554521
v 0.09962673 -0.03824170 0.30682142
v 0.08922585 -0.05405797 0.29849976
v 0.09372775 -0.05265910 0.30682440
v 0.08391361 -0.06319474 0.29803765
v 0.08437811 -0.06341357 0.30275421
v 0.02064315 -0.10215912 0.32196808
v 0.02064434 -0.10215972 0.34257604
v 0.03819459 -0.09988194 0.32196509
v 0.03819578 -0.09988253 0.34257306
v 0.02064076 -0.10196056 0.36319474
v 0.02064255 -0.10196056 0.38380390
v 0.03818803 -0.09978415 0.36319295
v 0.03818565 -0.09968636 0.38380330
v 0.05258516 -0.09400204 0.32197463
v 0.05260007 -0.09399965 0.34256590
v 0.06355489 -0.08468877 0.31514248
v 0.07417520 -0.07420084 0.32883720
v 0.06357039 -0.08468877 0.33567651
v 0.07417639 -0.07420203 0.34941773
v 0.05259590 -0.09400085 0.36318460
v 0.05258993 -0.09390186 0.38380211
v 0.06357039 -0.08468877 0.35629342
v 0.07410663 -0.07413107 0.37003166
v 0.06356622 -0.08468997 0.37691211
v 0.07410722 -0.07413048 0.39063486
v 0.02059008 -0.08496843 0.44229162
v 0.03976996 -0.08245571 0.44232918
v 0.08192443 -0.01869928 0.44004484
v 0.08092924 -0.03862928 0.44142642
v 0.06232775 -0.06235160 0.44258320
v 0.05578539 -0.07656091 0.44233097
v 0.07651201 -0.05566255 0.44238762
v 0.07140251 -0.07141205 0.43936687
v 0.02064851 -0.10186158 0.40440351
v 0.02062824 -0.10185741 0.42380580
v 0.03818743 -0.09958738 0.40440769
v 0.03817730 -0.09958499 0.42379925
v 0.01262917 -0.09438187 0.43573912
v 0.03283405 -0.09415171 0.43663592
v 0.05258755 -0.09380348 0.40440709
v 0.05257562 -0.09368601 0.42367045
v 0.06355966 -0.08469175 0.39752604
v 0.07417639 -0.07420203 0.41125475
v 0.06354893 -0.08467625 0.41740893
v 0.07400705 -0.07401599 0.42988247
v 0.05033064 -0.09128420 0.43650354
v 0.06306058 -0.08407997 0.43373324
v 0.10215972 -0.02064434 0.32196569
v 0.09988253 -0.03819578 0.32196271
v 0.10216032 -0.02064434 0.34257604
v 0.09988253 -0.03819578 0.34257306
v 0.09400264 -0.05258695 0.32196867
v 0.08466313 -0.06358113 0.31513771
v 0.09399965 -0.05260007 0.34256590
v 0.08466313 -0.06359544 0.33567651
v 0.10216032 -0.02064076 0.36319474
v 0.09988253 -0.03819578 0.36318997
v 0.10196116 -0.02063599 0.38381165
v 0.09988253 -0.03818863 0.38381046
v 0.09392989 -0.05252911 0.36318043
v 0.08459337 -0.06352508 0.35629103
v 0.09393049 -0.05252852 0.38378303
v 0.08466373 -0.06359484 0.37689661
v 0.10186218 -0.02063361 0.40441067
v 0.09978295 -0.03818565 0.40441604
v 0.09860948 -0.01872850 0.42145587
v 0.09796610 -0.03702529 0.42280644
v 0.09399965 -0.05259709 0.40439695
v 0.08459337 -0.06352448 0.39752187
v 0.09385416 -0.05244086 0.42374379
v 0.08464882 -0.06358292 0.41739760
v 0.09216789 -0.01189038 0.43423590
v 0.09256024 -0.03182097 0.43540639
v 0.08989130 -0.04931279 0.43544933
v 0.08403406 -0.06295086 0.43379346
v -0.08203832 0.08203712 0.21376746
v -0.07868366 0.05793855 0.22357803
v -0.08707269 0.04011937 0.22242304
v -0.08716333 0.02057994 0.22239024
v -0.08715975 -0.00001252 0.22239143
v -0.07431950 0.05371690 0.28500659
v -0.07030893 0.07025229 0.29492329
v -0.08218440 0.04252416 0.28165014
v -0.08348966 0.02508124 0.27887566
v -0.08350456 0.00685779 0.27889295
v -0.05797611 0.07866040 0.22357803
v -0.04015515 0.08705719 0.22242363
v -0.02057934 0.08716512 0.22238845
v 0.00001073 0.08716154 0.22229126
v -0.07074302 0.07072275 0.22030207
v -0.05376997 0.07429147 0.28500182
v -0.04258916 0.08214803 0.28164656
v -0.02516890 0.08344911 0.27886194
v -0.00687389 0.08349562 0.27888043
v -0.06790414 0.04739337 0.24556816
v -0.07604036 0.03722266 0.23783980
v -0.06211190 0.06209222 0.23015617
v -0.06775686 0.04730691 0.26925412
v -0.07140251 0.03299743 0.25976375
v -0.05473952 0.05472401 0.25316534
v -0.04749712 0.06784213 0.24556876
v -0.03726082 0.07602485 0.23784100
v -0.04742438 0.06768292 0.26924636
v -0.03308747 0.07136136 0.25975004
v -0.07773080 0.01937904 0.23778614
v -0.07772603 0.00000358 0.23779329
v -0.07461943 0.01817396 0.25980967
v -0.07461943 0.00000656 0.25980848
v -0.06381904 0.06375166 0.27816609
v -0.01941601 0.07771590 0.23778674
v -0.01826161 0.07458126 0.25979774
v -0.00000298 0.07772842 0.23779210
v -0.00002206 0.07461048 0.25979655
v -0.08716512 -0.01940110 0.22238726
v -0.08541683 -0.03720715 0.22248147
v -0.08350755 -0.01253376 0.27890309
v -0.08492669 -0.03321746 0.28169069
v -0.06106006 -0.06635084 0.22687365
v -0.03316021 -0.08709177 0.22224594
v -0.01371320 -0.08719254 0.22218095
v -0.02057159 -0.10348763 0.21354326
v 0.00687747 -0.08719493 0.22218333
v 0.00003757 -0.10348226 0.21354744
v -0.07772842 -0.01815249 0.23777719
v -0.07445247 -0.03410293 0.23775931
v -0.07462420 -0.01814355 0.25979953
v -0.07437197 -0.03584764 0.26257938
v -0.06925412 -0.04854657 0.23777064
v -0.05917284 -0.05905061 0.23774321
v -0.06783140 -0.04725980 0.26268313
v -0.05762729 -0.05766486 0.26259906
v -0.04876958 -0.06908954 0.23776408
v -0.03721967 -0.07580184 0.23795787
v -0.04841539 -0.06971027 0.26562040
v -0.03395147 -0.07332789 0.26268194
v -0.06627213 -0.06090682 0.27816012
v -0.03728944 -0.08304901 0.28166028
v -0.01940110 -0.07764077 0.23771399
v -0.01826459 -0.07439880 0.25988599
v -0.00002564 -0.07773856 0.23768835
v -0.00005247 -0.07450494 0.25980788
v -0.01918465 -0.08539894 0.28183856
v -0.00004830 -0.08329885 0.27891740
v 0.01939991 0.08716571 0.22228589
v 0.03713620 0.08534647 0.22247193
v 0.05891227 0.07716494 0.22023112
v 0.07960371 0.05637391 0.22021860
v 0.06635919 0.06104933 0.22686710
v 0.01252243 0.08349979 0.27889176
v 0.03320493 0.08491655 0.28168234
v 0.05223813 0.07503921 0.28333463
v 0.01815249 0.07773200 0.23777481
v 0.01813222 0.07461644 0.25978820
v 0.03411008 0.07444233 0.23773009
v 0.03591263 0.07442086 0.26255195
v 0.05899098 0.05909771 0.23775215
v 0.04863601 0.06930003 0.23774023
v 0.05769467 0.05758376 0.26258236
v 0.04719421 0.06774911 0.26266584
v 0.08700829 0.03313934 0.22243377
v 0.07599981 0.03719105 0.23786008
v 0.06910862 0.04872784 0.23769610
v 0.07129637 0.03300220 0.25976435
v 0.06768412 0.04747327 0.26263304
v 0.08719612 0.01370843 0.22228172
v 0.07765925 0.01934803 0.23777362
v 0.08719493 -0.00688403 0.22228291
v 0.07763957 0.00000298 0.23779329
v 0.07450673 0.01817455 0.25977210
v 0.07441788 0.00000000 0.25981623
v 0.06102846 0.06630433 0.27810646
v 0.08326188 0.03723100 0.28159290
v 0.07249668 0.05475323 0.28322014
v 0.08345865 0.01823716 0.27885896
v 0.08339843 -0.00001014 0.27888699
v 0.06522984 -0.06526680 0.22692672
v 0.08331614 -0.06248159 0.21808511
v 0.08196796 -0.08198167 0.21367206
v 0.06253943 -0.08339485 0.21809286
v 0.02629705 -0.08718658 0.22237712
v 0.02064672 -0.10349061 0.21364582
v 0.04407628 -0.08543293 0.22250592
v 0.04124455 -0.10350492 0.21373884
v 0.06115487 -0.10262303 0.21378058
v 0.07924177 -0.09988313 0.21266077
v 0.01821272 -0.07771113 0.23776587
v 0.01820019 -0.07457411 0.25978045
v 0.03419953 -0.07451508 0.23775513
v 0.03604918 -0.07444889 0.26257342
v 0.01945178 -0.08348250 0.27890070
v 0.03864359 -0.08383967 0.28175926
v 0.08707508 -0.02639782 0.22229543
v 0.07746725 -0.01842738 0.23892264
v 0.08524808 -0.04411563 0.22241588
v 0.07442146 -0.03422696 0.23896260
v 0.07654361 -0.01933610 0.26390312
v 0.07631524 -0.03715170 0.26537533
v 0.04994007 -0.07071261 0.22993972
v 0.05604417 -0.05603821 0.24544593
v 0.04742020 -0.06787075 0.25603046
v 0.06070230 -0.06074761 0.27187953
v 0.07059157 -0.05004681 0.22984550
v 0.06760600 -0.04759133 0.25716100
v 0.08547049 -0.02050541 0.28178788
v 0.08356360 -0.03879087 0.28298580
v 0.05139380 -0.07195883 0.27871824
v 0.06850519 -0.06857197 0.28751573
v 0.07345430 -0.05226377 0.28178490
v -0.03394849 0.07252112 0.32487314
v -0.07252112 -0.03394849 0.32487314
v -0.07252112 0.03394849 0.32487314
v -0.03394849 -0.07252053 0.32487314
v -0.07238935 -0.03388648 0.50000000
v -0.03388708 0.07238935 0.50000000
v 0.03394849 0.07252112 0.32487314
v -0.03388708 -0.07238875 0.50000000
v -0.07238935 0.03388708 0.50000000
v 0.03394849 -0.07252053 0.32487314
v 0.03388708 -0.07238875 0.50000000
v 0.03388708 0.07238935 0.50000000
v 0.07252112 0.03394849 0.32487314
v 0.07252112 -0.03394849 0.32487314
v 0.07238935 -0.03388648 0.50000000
v 0.07238935 0.03388708 0.50000000
v -0.07872540 0.18195782 -0.05154943
v 0.07872540 0.18195782 -0.49768704
v -0.07872540 0.18195782 -0.49768704
v 0.07872540 0.18195782 -0.05154943
v -0.07872540 -0.18195722 -0.49768704
v -0.18195722 0.07872540 -0.49768704
v -0.07872540 -0.18195722 -0.05154943
v 0.18195782 0.07872540 -0.05154943
v -0.18195722 -0.07872540 -0.49768704
v 0.07872540 -0.18195722 -0.49768704
v -0.18195722 0.07872540 -0.05154943
v -0.18195722 -0.07872540 -0.05154943
v 0.07872540 -0.18195722 -0.05154943
v 0.18195782 0.07872540 -0.49768704
v 0.18195782 -0.07872540 -0.05154943
v 0.18195782 -0.07872540 -0.49768704
f 1 3 2
f 1 4 3
f 1 5 4
f 1 6 5
f 1 7 6
f 1 2 7
f 2 9 8
f 2 3 9
f 2 10 7
f 2 8 10
f 8 12 11
f 8 9 12
f 8 13 10
f 8 11 13
f 14 16 15
f 14 17 16
f 14 18 17
f 14 19 18
f 14 20 19
f 14 15 20
f 21 7 22
f 21 6 7
f 21 23 6
f 21 17 23
f 21 16 17
f 21 22 16
f 6 24 5
f 6 23 24
f 17 25 23
f 17 18 25
f 23 26 24
f 23 25 26
f 15 28 27
f 15 16 28
f 15 29 20
f 15 27 29
f 27 31 30
f 27 28 31
f 27 32 29
f 27 30 32
f 22 10 33
f 22 7 10
f 22 28 16
f 22 33 28
f 33 13 34
f 33 10 13
f 33 31 28
f 33 34 31
f 4 35 3
f 4 36 35
f 4 37 36
f 4 5 37
f 36 38 35
f 36 39 38
f 36 40 39
f 36 37 40
f 39 41 38
f 39 42 41
f 39 43 42
f 39 40 43
f 42 44 41
f 42 45 44
f 42 46 45
f 42 43 46
f 3 47 9
f 3 35 47
f 35 48 47
f 35 38 48
f 9 49 12
f 9 47 49
f 47 50 49
f 47 48 50
f 38 51 48
f 38 41 51
f 41 52 51
f 41 44 52
f 48 53 50
f 48 51 53
f 51 54 53
f 51 52 54
f 5 55 37
f 5 24 55
f 37 56 40
f 37 55 56
f 26 58 57
f 26 59 58
f 24 57 55
f 24 26 57
f 57 61 60
f 57 58 61
f 55 60 56
f 55 57 60
f 40 62 43
f 40 56 62
f 43 63 46
f 43 62 63
f 60 65 64
f 60 61 65
f 56 64 62
f 56 60 64
f 64 67 66
f 64 65 67
f 62 66 63
f 62 64 66
f 59 68 58
f 59 69 68
f 58 70 61
f 58 68 70
f 69 71 68
f 69 72 71
f 68 73 70
f 68 71 73
f 61 74 65
f 61 70 74
f 65 75 67
f 65 74 75
f 70 76 74
f 70 73 76
f 74 77 75
f 74 76 77
f 11 79 78
f 11 12 79
f 11 80 13
f 11 78 80
f 78 82 81
f 78 79 82
f 78 83 80
f 78 81 83
f 81 85 84
f 81 82 85
f 81 86 83
f 81 84 86
f 84 88 87
f 84 85 88
f 84 89 86
f 84 87 89
f 30 91 90
f 30 31 91
f 30 92 32
f 30 90 92
f 90 94 93
f 90 91 94
f 90 95 92
f 90 93 95
f 34 80 96
f 34 13 80
f 34 91 31
f 34 96 91
f 96 83 97
f 96 80 83
f 96 94 91
f 96 97 94
f 93 99 98
f 93 94 99
f 93 100 95
f 93 98 100
f 98 102 101
f 98 99 102
f 98 103 100
f 98 101 103
f 97 86 104
f 97 83 86
f 97 99 94
f 97 104 99
f 104 89 105
f 104 86 89
f 104 102 99
f 104 105 102
f 12 106 79
f 12 49 106
f 49 107 106
f 49 50 107
f 79 108 82
f 79 106 108
f 106 109 108
f 106 107 109
f 50 110 107
f 50 53 110
f 53 111 110
f 53 54 111
f 107 112 109
f 107 110 112
f 110 113 112
f 110 111 113
f 82 114 85
f 82 108 114
f 108 115 114
f 108 109 115
f 85 116 88
f 85 114 116
f 114 117 116
f 114 115 117
f 109 118 115
f 109 112 118
f 112 119 118
f 112 113 119
f 115 120 117
f 115 118 120
f 118 121 120
f 118 119 121
f 72 122 71
f 72 123 122
f 71 124 73
f 71 122 124
f 123 125 122
f 123 126 125
f 122 127 124
f 122 125 127
f 73 128 76
f 73 124 128
f 76 129 77
f 76 128 129
f 124 130 128
f 124 127 130
f 128 131 129
f 128 130 131
f 126 132 125
f 126 133 132
f 125 134 127
f 125 132 134
f 133 135 132
f 133 136 135
f 132 137 134
f 132 135 137
f 127 138 130
f 127 134 138
f 130 139 131
f 130 138 139
f 134 140 138
f 134 137 140
f 138 141 139
f 138 140 141
f 142 144 143
f 142 145 144
f 142 146 145
f 142 147 146
f 142 148 147
f 142 143 148
f 143 150 149
f 143 144 150
f 143 151 148
f 143 149 151
f 149 153 152
f 149 150 153
f 149 154 151
f 149 152 154
f 155 157 156
f 155 158 157
f 155 159 158
f 155 160 159
f 155 161 160
f 155 156 161
f 162 148 163
f 162 147 148
f 162 164 147
f 162 158 164
f 162 157 158
f 162 163 157
f 147 165 146
f 147 164 165
f 158 166 164
f 158 159 166
f 164 167 165
f 164 166 167
f 156 169 168
f 156 157 169
f 156 170 161
f 156 168 170
f 168 172 171
f 168 169 172
f 168 173 170
f 168 171 173
f 163 151 174
f 163 148 151
f 163 169 157
f 163 174 169
f 174 154 175
f 174 151 154
f 174 172 169
f 174 175 172
f 152 177 176
f 152 153 177
f 152 178 154
f 152 176 178
f 176 180 179
f 176 177 180
f 176 181 178
f 176 179 181
f 179 183 182
f 179 180 183
f 179 184 181
f 179 182 184
f 182 186 185
f 182 183 186
f 182 187 184
f 182 185 187
f 171 189 188
f 171 172 189
f 171 190 173
f 171 188 190
f 188 192 191
f 188 189 192
f 188 193 190
f 188 191 193
f 175 178 194
f 175 154 178
f 175 189 172
f 175 194 189
f 194 181 195
f 194 178 181
f 194 192 189
f 194 195 192
f 191 197 196
f 191 192 197
f 191 198 193
f 191 196 198
f 196 200 199
f 196 197 200
f 196 201 198
f 196 199 201
f 195 184 202
f 195 181 184
f 195 197 192
f 195 202 197
f 202 187 203
f 202 184 187
f 202 200 197
f 202 203 200
f 160 204 159
f 160 205 204
f 160 206 205
f 160 161 206
f 205 207 204
f 205 208 207
f 205 209 208
f 205 206 209
f 159 210 166
f 159 204 210
f 167 212 211
f 167 213 212
f 166 213 167
f 166 210 213
f 204 214 210
f 204 207 214
f 213 215 212
f 213 216 215
f 210 216 213
f 210 214 216
f 161 217 206
f 161 170 217
f 170 218 217
f 170 173 218
f 206 219 209
f 206 217 219
f 217 220 219
f 217 218 220
f 211 222 221
f 211 212 222
f 221 224 223
f 221 222 224
f 212 225 222
f 212 215 225
f 222 226 224
f 222 225 226
f 208 227 207
f 208 228 227
f 208 229 228
f 208 209 229
f 228 230 227
f 228 231 230
f 228 232 231
f 228 229 232
f 207 233 214
f 207 227 233
f 216 234 215
f 216 235 234
f 214 235 216
f 214 233 235
f 227 236 233
f 227 230 236
f 235 237 234
f 235 238 237
f 233 238 235
f 233 236 238
f 209 239 229
f 209 219 239
f 219 240 239
f 219 220 240
f 229 241 232
f 229 239 241
f 239 242 241
f 239 240 242
f 215 243 225
f 215 234 243
f 225 244 226
f 225 243 244
f 234 245 243
f 234 237 245
f 243 246 244
f 243 245 246
f 173 247 218
f 173 190 247
f 190 248 247
f 190 193 248
f 218 249 220
f 218 247 249
f 247 250 249
f 247 248 250
f 223 252 251
f 223 224 252
f 251 254 253
f 251 252 254
f 224 255 252
f 224 226 255
f 252 256 254
f 252 255 256
f 193 257 248
f 193 198 257
f 198 258 257
f 198 201 258
f 248 259 250
f 248 257 259
f 257 260 259
f 257 258 260
f 253 262 261
f 253 254 262
f 261 264 263
f 261 262 264
f 254 265 262
f 254 256 265
f 262 266 264
f 262 265 266
f 220 267 240
f 220 249 267
f 249 268 267
f 249 250 268
f 240 269 242
f 240 267 269
f 267 270 269
f 267 268 270
f 226 271 255
f 226 244 271
f 255 272 256
f 255 271 272
f 244 273 271
f 244 246 273
f 271 274 272
f 271 273 274
f 250 275 268
f 250 259 275
f 259 276 275
f 259 260 276
f 268 277 270
f 268 275 277
f 275 278 277
f 275 276 278
f 256 279 265
f 256 272 279
f 265 280 266
f 265 279 280
f 272 281 279
f 272 274 281
f 279 282 280
f 279 281 282
f 283 20 284
f 283 19 20
f 283 285 19
f 283 145 285
f 283 144 145
f 283 284 144
f 19 286 18
f 19 285 286
f 145 287 285
f 145 146 287
f 285 288 286
f 285 287 288
f 18 289 25
f 18 286 289
f 289 291 290
f 289 292 291
f 26 291 59
f 26 290 291
f 25 290 26
f 25 289 290
f 288 294 293
f 288 295 294
f 289 294 292
f 289 293 294
f 286 293 289
f 286 288 293
f 284 29 296
f 284 20 29
f 284 150 144
f 284 296 150
f 296 32 297
f 296 29 32
f 296 153 150
f 296 297 153
f 292 298 291
f 292 299 298
f 59 298 69
f 59 291 298
f 299 300 298
f 299 301 300
f 69 300 72
f 69 298 300
f 295 302 294
f 295 303 302
f 292 302 299
f 292 294 302
f 303 304 302
f 303 305 304
f 299 304 301
f 299 302 304
f 146 306 287
f 146 165 306
f 306 308 307
f 306 309 308
f 288 308 295
f 288 307 308
f 287 307 288
f 287 306 307
f 167 311 310
f 167 211 311
f 306 311 309
f 306 310 311
f 165 310 306
f 165 167 310
f 309 312 308
f 309 313 312
f 295 312 303
f 295 308 312
f 313 314 312
f 313 315 314
f 303 314 305
f 303 312 314
f 211 316 311
f 211 221 316
f 309 316 313
f 309 311 316
f 221 317 316
f 221 223 317
f 313 317 315
f 313 316 317
f 297 92 318
f 297 32 92
f 297 177 153
f 297 318 177
f 318 95 319
f 318 92 95
f 318 180 177
f 318 319 180
f 301 320 300
f 301 321 320
f 72 320 123
f 72 300 320
f 321 322 320
f 321 323 322
f 123 322 126
f 123 320 322
f 305 324 304
f 305 325 324
f 301 324 321
f 301 304 324
f 325 326 324
f 325 327 326
f 321 326 323
f 321 324 326
f 319 100 328
f 319 95 100
f 319 183 180
f 319 328 183
f 328 103 329
f 328 100 103
f 328 186 183
f 328 329 186
f 323 330 322
f 323 331 330
f 126 330 133
f 126 322 330
f 331 332 330
f 331 333 332
f 133 332 136
f 133 330 332
f 327 334 326
f 327 335 334
f 323 334 331
f 323 326 334
f 335 336 334
f 335 337 336
f 331 336 333
f 331 334 336
f 315 338 314
f 315 339 338
f 305 338 325
f 305 314 338
f 339 340 338
f 339 341 340
f 325 340 327
f 325 338 340
f 223 342 317
f 223 251 342
f 315 342 339
f 315 317 342
f 251 343 342
f 251 253 343
f 339 343 341
f 339 342 343
f 341 344 340
f 341 345 344
f 327 344 335
f 327 340 344
f 345 346 344
f 345 347 346
f 335 346 337
f 335 344 346
f 253 348 343
f 253 261 348
f 341 348 345
f 341 343 348
f 261 349 348
f 261 263 349
f 345 349 347
f 345 348 349
f 87 351 350
f 87 88 351
f 87 352 89
f 87 350 352
f 350 354 353
f 350 351 354
f 350 355 352
f 350 353 355
f 353 357 356
f 353 354 357
f 353 358 355
f 353 356 358
f 356 360 359
f 356 357 360
f 356 361 358
f 356 359 361
f 101 363 362
f 101 102 363
f 101 364 103
f 101 362 364
f 362 366 365
f 362 363 366
f 362 367 364
f 362 365 367
f 105 352 368
f 105 89 352
f 105 363 102
f 105 368 363
f 368 355 369
f 368 352 355
f 368 366 363
f 368 369 366
f 365 371 370
f 365 366 371
f 365 372 367
f 365 370 372
f 370 374 373
f 370 371 374
f 370 375 372
f 370 373 375
f 369 358 376
f 369 355 358
f 369 371 366
f 369 376 371
f 376 361 377
f 376 358 361
f 376 374 371
f 376 377 374
f 88 378 351
f 88 116 378
f 116 379 378
f 116 117 379
f 351 380 354
f 351 378 380
f 378 381 380
f 378 379 381
f 117 382 379
f 117 120 382
f 120 383 382
f 120 121 383
f 379 384 381
f 379 382 384
f 382 385 384
f 382 383 385
f 354 386 357
f 354 380 386
f 380 387 386
f 380 381 387
f 357 388 360
f 357 386 388
f 386 389 388
f 386 387 389
f 381 390 387
f 381 384 390
f 384 391 390
f 384 385 391
f 387 392 389
f 387 390 392
f 390 393 392
f 390 391 393
f 136 394 135
f 136 395 394
f 135 396 137
f 135 394 396
f 395 397 394
f 395 398 397
f 394 399 396
f 394 397 399
f 137 400 140
f 137 396 400
f 140 401 141
f 140 400 401
f 396 402 400
f 396 399 402
f 400 403 401
f 400 402 403
f 398 404 397
f 398 405 404
f 397 406 399
f 397 404 406
f 405 407 404
f 405 408 407
f 404 409 406
f 404 407 409
f 399 410 402
f 399 406 410
f 402 411 403
f 402 410 411
f 406 412 410
f 406 409 412
f 410 413 411
f 410 412 413
f 359 415 414
f 359 360 415
f 359 416 361
f 359 414 416
f 414 418 417
f 414 415 418
f 414 419 416
f 414 417 419
f 417 421 420
f 417 418 421
f 417 422 419
f 417 420 422
f 420 424 423
f 420 421 424
f 420 425 422
f 420 423 425
f 373 427 426
f 373 374 427
f 373 428 375
f 373 426 428
f 426 430 429
f 426 427 430
f 426 431 428
f 426 429 431
f 377 416 432
f 377 361 416
f 377 427 374
f 377 432 427
f 432 419 433
f 432 416 419
f 432 430 427
f 432 433 430
f 429 435 434
f 429 430 435
f 429 436 431
f 429 434 436
f 434 438 437
f 434 435 438
f 434 439 436
f 434 437 439
f 433 422 440
f 433 419 422
f 433 435 430
f 433 440 435
f 440 425 441
f 440 422 425
f 440 438 435
f 440 441 438
f 360 442 415
f 360 388 442
f 388 443 442
f 388 389 443
f 415 444 418
f 415 442 444
f 442 445 444
f 442 443 445
f 389 446 443
f 389 392 446
f 392 447 446
f 392 393 447
f 443 448 445
f 443 446 448
f 446 449 448
f 446 447 449
f 418 450 421
f 418 444 450
f 444 451 450
f 444 445 451
f 421 452 424
f 421 450 452
f 450 453 452
f 450 451 453
f 445 454 451
f 445 448 454
f 448 455 454
f 448 449 455
f 451 456 453
f 451 454 456
f 454 457 456
f 454 455 457
f 408 458 407
f 408 459 458
f 407 460 409
f 407 458 460
f 459 461 458
f 459 462 461
f 458 463 460
f 458 461 463
f 409 464 412
f 409 460 464
f 412 465 413
f 412 464 465
f 460 466 464
f 460 463 466
f 464 467 465
f 464 466 467
f 462 468 461
f 462 469 468
f 461 470 463
f 461 468 470
f 469 471 468
f 469 472 471
f 468 473 470
f 468 471 473
f 463 474 466
f 463 470 474
f 466 475 467
f 466 474 475
f 470 476 474
f 470 473 476
f 474 477 475
f 474 476 477
f 423 479 478
f 423 424 479
f 423 480 425
f 423 478 480
f 478 482 481
f 478 479 482
f 478 483 480
f 478 481 483
f 481 485 484
f 481 482 485
f 481 486 483
f 481 484 486
f 484 488 487
f 484 485 488
f 484 489 486
f 484 487 489
f 437 491 490
f 437 438 491
f 437 492 439
f 437 490 492
f 490 494 493
f 490 491 494
f 490 495 492
f 490 493 495
f 441 480 496
f 441 425 480
f 441 491 438
f 441 496 491
f 496 483 497
f 496 480 483
f 496 494 491
f 496 497 494
f 493 499 498
f 493 494 499
f 493 500 495
f 493 498 500
f 498 502 501
f 498 499 502
f 498 503 500
f 498 501 503
f 497 486 504
f 497 483 486
f 497 499 494
f 497 504 499
f 504 489 505
f 504 486 489
f 504 502 499
f 504 505 502
f 424 506 479
f 424 452 506
f 452 507 506
f 452 453 507
f 479 508 482
f 479 506 508
f 506 509 508
f 506 507 509
f 453 510 507
f 453 456 510
f 456 511 510
f 456 457 511
f 507 512 509
f 507 510 512
f 510 513 512
f 510 511 513
f 482 514 485
f 482 508 514
f 508 515 514
f 508 509 515
f 485 516 488
f 485 514 516
f 514 517 516
f 514 515 517
f 509 518 515
f 509 512 518
f 512 519 518
f 512 513 519
f 515 520 517
f 515 518 520
f 518 521 520
f 518 519 521
f 472 522 471
f 472 523 522
f 471 524 473
f 471 522 524
f 523 525 522
f 523 526 525
f 522 527 524
f 522 525 527
f 473 528 476
f 473 524 528
f 476 529 477
f 476 528 529
f 524 530 528
f 524 527 530
f 528 531 529
f 528 530 531
f 526 532 525
f 526 533 532
f 525 534 527
f 525 532 534
f 533 535 532
f 533 536 535
f 532 537 534
f 532 535 537
f 527 538 530
f 527 534 538
f 530 539 531
f 530 538 539
f 534 540 538
f 534 537 540
f 538 541 539
f 538 540 541
f 487 543 542
f 487 488 543
f 487 544 489
f 487 542 544
f 542 546 545
f 542 543 546
f 542 547 544
f 542 545 547
f 545 549 548
f 545 546 549
f 545 550 547
f 545 548 550
f 548 552 551
f 548 549 552
f 548 553 550
f 548 551 553
f 501 555 554
f 501 502 555
f 501 556 503
f 501 554 556
f 554 558 557
f 554 555 558
f 554 559 556
f 554 557 559
f 505 544 560
f 505 489 544
f 505 555 502
f 505 560 555
f 560 547 561
f 560 544 547
f 560 558 555
f 560 561 558
f 557 563 562
f 557 558 563
f 557 564 559
f 557 562 564
f 562 566 565
f 562 563 566
f 562 567 564
f 562 565 567
f 561 550 568
f 561 547 550
f 561 563 558
f 561 568 563
f 568 553 569
f 568 550 553
f 568 566 563
f 568 569 566
f 488 570 543
f 488 516 570
f 516 571 570
f 516 517 571
f 543 572 546
f 543 570 572
f 570 573 572
f 570 571 573
f 517 574 571
f 517 520 574
f 520 575 574
f 520 521 575
f 571 576 573
f 571 574 576
f 574 577 576
f 574 575 577
f 546 578 549
f 546 572 578
f 572 579 578
f 572 573 579
f 549 580 552
f 549 578 580
f 578 581 580
f 578 579 581
f 573 582 579
f 573 576 582
f 576 583 582
f 576 577 583
f 579 584 581
f 579 582 584
f 582 585 584
f 582 583 585
f 536 586 535
f 536 587 586
f 535 588 537
f 535 586 588
f 587 589 586
f 587 590 589
f 586 591 588
f 586 589 591
f 537 592 540
f 537 588 592
f 540 593 541
f 540 592 593
f 588 594 592
f 588 591 594
f 592 595 593
f 592 594 595
f 590 596 589
f 590 597 596
f 589 598 591
f 589 596 598
f 597 599 596
f 597 600 599
f 596 601 598
f 596 599 601
f 591 602 594
f 591 598 602
f 594 603 595
f 594 602 603
f 598 604 602
f 598 601 604
f 602 605 603
f 602 604 605
f 185 607 606
f 185 186 607
f 185 608 187
f 185 606 608
f 606 610 609
f 606 607 610
f 606 611 608
f 606 609 611
f 609 613 612
f 609 610 613
f 609 614 611
f 609 612 614
f 612 616 615
f 612 613 616
f 612 617 614
f 612 615 617
f 199 619 618
f 199 200 619
f 199 620 201
f 199 618 620
f 618 622 621
f 618 619 622
f 618 623 620
f 618 621 623
f 203 608 624
f 203 187 608
f 203 619 200
f 203 624 619
f 624 611 625
f 624 608 611
f 624 622 619
f 624 625 622
f 621 627 626
f 621 622 627
f 621 628 623
f 621 626 628
f 626 630 629
f 626 627 630
f 626 631 628
f 626 629 631
f 625 614 632
f 625 611 614
f 625 627 622
f 625 632 627
f 632 617 633
f 632 614 617
f 632 630 627
f 632 633 630
f 615 635 634
f 615 616 635
f 615 636 617
f 615 634 636
f 634 638 637
f 634 635 638
f 634 639 636
f 634 637 639
f 637 641 640
f 637 638 641
f 637 642 639
f 637 640 642
f 640 644 643
f 640 641 644
f 640 645 642
f 640 643 645
f 629 647 646
f 629 630 647
f 629 648 631
f 629 646 648
f 646 650 649
f 646 647 650
f 646 651 648
f 646 649 651
f 633 636 652
f 633 617 636
f 633 647 630
f 633 652 647
f 652 639 653
f 652 636 639
f 652 650 647
f 652 653 650
f 649 655 654
f 649 650 655
f 649 656 651
f 649 654 656
f 654 658 657
f 654 655 658
f 654 659 656
f 654 657 659
f 653 642 660
f 653 639 642
f 653 655 650
f 653 660 655
f 660 645 661
f 660 642 645
f 660 658 655
f 660 661 658
f 201 662 258
f 201 620 662
f 620 663 662
f 620 623 663
f 258 664 260
f 258 662 664
f 662 665 664
f 662 663 665
f 263 667 666
f 263 264 667
f 666 669 668
f 666 667 669
f 264 670 667
f 264 266 670
f 667 671 669
f 667 670 671
f 623 672 663
f 623 628 672
f 628 673 672
f 628 631 673
f 663 674 665
f 663 672 674
f 672 675 674
f 672 673 675
f 668 677 676
f 668 669 677
f 676 679 678
f 676 677 679
f 669 680 677
f 669 671 680
f 677 681 679
f 677 680 681
f 260 682 276
f 260 664 682
f 664 683 682
f 664 665 683
f 276 684 278
f 276 682 684
f 682 685 684
f 682 683 685
f 266 686 670
f 266 280 686
f 670 687 671
f 670 686 687
f 280 688 686
f 280 282 688
f 686 689 687
f 686 688 689
f 665 690 683
f 665 674 690
f 674 691 690
f 674 675 691
f 683 692 685
f 683 690 692
f 690 693 692
f 690 691 693
f 671 694 680
f 671 687 694
f 680 695 681
f 680 694 695
f 687 696 694
f 687 689 696
f 694 697 695
f 694 696 697
f 631 698 673
f 631 648 698
f 648 699 698
f 648 651 699
f 673 700 675
f 673 698 700
f 698 701 700
f 698 699 701
f 678 703 702
f 678 679 703
f 702 705 704
f 702 703 705
f 679 706 703
f 679 681 706
f 703 707 705
f 703 706 707
f 651 708 699
f 651 656 708
f 656 709 708
f 656 659 709
f 699 710 701
f 699 708 710
f 708 711 710
f 708 709 711
f 704 713 712
f 704 705 713
f 712 715 714
f 712 713 715
f 705 716 713
f 705 707 716
f 713 717 715
f 713 716 717
f 675 718 691
f 675 700 718
f 700 719 718
f 700 701 719
f 691 720 693
f 691 718 720
f 718 721 720
f 718 719 721
f 681 722 706
f 681 695 722
f 706 723 707
f 706 722 723
f 695 724 722
f 695 697 724
f 722 725 723
f 722 724 725
f 701 726 719
f 701 710 726
f 710 727 726
f 710 711 727
f 719 728 721
f 719 726 728
f 726 729 728
f 726 727 729
f 707 730 716
f 707 723 730
f 716 731 717
f 716 730 731
f 723 732 730
f 723 725 732
f 730 733 731
f 730 732 733
f 329 364 734
f 329 103 364
f 329 607 186
f 329 734 607
f 734 367 735
f 734 364 367
f 734 610 607
f 734 735 610
f 333 736 332
f 333 737 736
f 136 736 395
f 136 332 736
f 737 738 736
f 737 739 738
f 395 738 398
f 395 736 738
f 337 740 336
f 337 741 740
f 333 740 737
f 333 336 740
f 741 742 740
f 741 743 742
f 737 742 739
f 737 740 742
f 735 372 744
f 735 367 372
f 735 613 610
f 735 744 613
f 744 375 745
f 744 372 375
f 744 616 613
f 744 745 616
f 739 746 738
f 739 747 746
f 398 746 405
f 398 738 746
f 747 748 746
f 747 749 748
f 405 748 408
f 405 746 748
f 743 750 742
f 743 751 750
f 739 750 747
f 739 742 750
f 751 752 750
f 751 753 752
f 747 752 749
f 747 750 752
f 347 754 346
f 347 755 754
f 337 754 741
f 337 346 754
f 755 756 754
f 755 757 756
f 741 756 743
f 741 754 756
f 263 758 349
f 263 666 758
f 347 758 755
f 347 349 758
f 666 759 758
f 666 668 759
f 755 759 757
f 755 758 759
f 757 760 756
f 757 761 760
f 743 760 751
f 743 756 760
f 761 762 760
f 761 763 762
f 751 762 753
f 751 760 762
f 668 764 759
f 668 676 764
f 757 764 761
f 757 759 764
f 676 765 764
f 676 678 765
f 761 765 763
f 761 764 765
f 745 428 766
f 745 375 428
f 745 635 616
f 745 766 635
f 766 431 767
f 766 428 431
f 766 638 635
f 766 767 638
f 749 768 748
f 749 769 768
f 408 768 459
f 408 748 768
f 769 770 768
f 769 771 770
f 459 770 462
f 459 768 770
f 753 772 752
f 753 773 772
f 749 772 769
f 749 752 772
f 773 774 772
f 773 775 774
f 769 774 771
f 769 772 774
f 767 436 776
f 767 431 436
f 767 641 638
f 767 776 641
f 776 439 777
f 776 436 439
f 776 644 641
f 776 777 644
f 771 778 770
f 771 779 778
f 462 778 469
f 462 770 778
f 779 780 778
f 779 781 780
f 469 780 472
f 469 778 780
f 775 782 774
f 775 783 782
f 771 782 779
f 771 774 782
f 783 784 782
f 783 785 784
f 779 784 781
f 779 782 784
f 763 786 762
f 763 787 786
f 753 786 773
f 753 762 786
f 787 788 786
f 787 789 788
f 773 788 775
f 773 786 788
f 678 790 765
f 678 702 790
f 763 790 787
f 763 765 790
f 702 791 790
f 702 704 791
f 787 791 789
f 787 790 791
f 789 792 788
f 789 793 792
f 775 792 783
f 775 788 792
f 793 794 792
f 793 795 794
f 783 794 785
f 783 792 794
f 704 796 791
f 704 712 796
f 789 796 793
f 789 791 796
f 712 797 796
f 712 714 797
f 793 797 795
f 793 796 797
f 643 799 798
f 643 644 799
f 643 800 645
f 643 798 800
f 798 802 801
f 798 799 802
f 798 803 800
f 798 801 803
f 801 805 804
f 801 802 805
f 801 806 803
f 801 804 806
f 804 808 807
f 804 805 808
f 804 809 806
f 804 807 809
f 657 811 810
f 657 658 811
f 657 812 659
f 657 810 812
f 810 814 813
f 810 811 814
f 810 815 812
f 810 813 815
f 661 800 816
f 661 645 800
f 661 811 658
f 661 816 811
f 816 803 817
f 816 800 803
f 816 814 811
f 816 817 814
f 813 819 818
f 813 814 819
f 813 820 815
f 813 818 820
f 818 822 821
f 818 819 822
f 818 823 820
f 818 821 823
f 817 806 824
f 817 803 806
f 817 819 814
f 817 824 819
f 824 809 825
f 824 806 809
f 824 822 819
f 824 825 822
f 807 827 826
f 807 808 827
f 807 828 809
f 807 826 828
f 826 830 829
f 826 827 830
f 826 831 828
f 826 829 831
f 829 833 832
f 829 830 833
f 829 834 831
f 829 832 834
f 832 836 835
f 832 833 836
f 832 837 834
f 832 835 837
f 821 839 838
f 821 822 839
f 821 840 823
f 821 838 840
f 838 842 841
f 838 839 842
f 838 843 840
f 838 841 843
f 825 828 844
f 825 809 828
f 825 839 822
f 825 844 839
f 844 831 845
f 844 828 831
f 844 842 839
f 844 845 842
f 841 847 846
f 841 842 847
f 841 848 843
f 841 846 848
f 846 850 849
f 846 847 850
f 846 851 848
f 846 849 851
f 845 834 852
f 845 831 834
f 845 847 842
f 845 852 847
f 852 837 853
f 852 834 837
f 852 850 847
f 852 853 850
f 659 854 709
f 659 812 854
f 812 855 854
f 812 815 855
f 709 856 711
f 709 854 856
f 854 857 856
f 854 855 857
f 714 859 858
f 714 715 859
f 858 861 860
f 858 859 861
f 715 862 859
f 715 717 862
f 859 863 861
f 859 862 863
f 815 864 855
f 815 820 864
f 820 865 864
f 820 823 865
f 855 866 857
f 855 864 866
f 864 867 866
f 864 865 867
f 860 869 868
f 860 861 869
f 868 871 870
f 868 869 871
f 861 872 869
f 861 863 872
f 869 873 871
f 869 872 873
f 711 874 727
f 711 856 874
f 856 875 874
f 856 857 875
f 727 876 729
f 727 874 876
f 874 877 876
f 874 875 877
f 717 878 862
f 717 731 878
f 862 879 863
f 862 878 879
f 731 880 878
f 731 733 880
f 878 881 879
f 878 880 881
f 857 882 875
f 857 866 882
f 866 883 882
f 866 867 883
f 875 884 877
f 875 882 884
f 882 885 884
f 882 883 885
f 863 886 872
f 863 879 886
f 872 887 873
f 872 886 887
f 879 888 886
f 879 881 888
f 886 889 887
f 886 888 889
f 823 890 865
f 823 840 890
f 840 891 890
f 840 843 891
f 865 892 867
f 865 890 892
f 890 893 892
f 890 891 893
f 870 895 894
f 870 871 895
f 894 897 896
f 894 895 897
f 871 898 895
f 871 873 898
f 895 899 897
f 895 898 899
f 843 900 891
f 843 848 900
f 848 901 900
f 848 851 901
f 891 902 893
f 891 900 902
f 900 903 902
f 900 901 903
f 896 905 904
f 896 897 905
f 904 907 906
f 904 905 907
f 897 908 905
f 897 899 908
f 905 909 907
f 905 908 909
f 867 910 883
f 867 892 910
f 892 911 910
f 892 893 911
f 883 912 885
f 883 910 912
f 910 913 912
f 910 911 913
f 873 914 898
f 873 887 914
f 898 915 899
f 898 914 915
f 887 916 914
f 887 889 916
f 914 917 915
f 914 916 917
f 893 918 911
f 893 902 918
f 902 919 918
f 902 903 919
f 911 920 913
f 911 918 920
f 918 921 920
f 918 919 921
f 899 922 908
f 899 915 922
f 908 923 909
f 908 922 923
f 915 924 922
f 915 917 924
f 922 925 923
f 922 924 925
f 777 492 926
f 777 439 492
f 777 799 644
f 777 926 799
f 926 495 927
f 926 492 495
f 926 802 799
f 926 927 802
f 781 928 780
f 781 929 928
f 472 928 523
f 472 780 928
f 929 930 928
f 929 931 930
f 523 930 526
f 523 928 930
f 785 932 784
f 785 933 932
f 781 932 929
f 781 784 932
f 933 934 932
f 933 935 934
f 929 934 931
f 929 932 934
f 927 500 936
f 927 495 500
f 927 805 802
f 927 936 805
f 936 503 937
f 936 500 503
f 936 808 805
f 936 937 808
f 931 938 930
f 931 939 938
f 526 938 533
f 526 930 938
f 939 940 938
f 939 941 940
f 533 940 536
f 533 938 940
f 935 942 934
f 935 943 942
f 931 942 939
f 931 934 942
f 943 944 942
f 943 945 944
f 939 944 941
f 939 942 944
f 795 946 794
f 795 947 946
f 785 946 933
f 785 794 946
f 947 948 946
f 947 949 948
f 933 948 935
f 933 946 948
f 714 950 797
f 714 858 950
f 795 950 947
f 795 797 950
f 858 951 950
f 858 860 951
f 947 951 949
f 947 950 951
f 949 952 948
f 949 953 952
f 935 952 943
f 935 948 952
f 953 954 952
f 953 955 954
f 943 954 945
f 943 952 954
f 860 956 951
f 860 868 956
f 949 956 953
f 949 951 956
f 868 957 956
f 868 870 957
f 953 957 955
f 953 956 957
f 937 556 958
f 937 503 556
f 937 827 808
f 937 958 827
f 958 559 959
f 958 556 559
f 958 830 827
f 958 959 830
f 941 960 940
f 941 961 960
f 536 960 587
f 536 940 960
f 961 962 960
f 961 963 962
f 587 962 590
f 587 960 962
f 945 964 944
f 945 965 964
f 941 964 961
f 941 944 964
f 965 966 964
f 965 967 966
f 961 966 963
f 961 964 966
f 959 564 968
f 959 559 564
f 959 833 830
f 959 968 833
f 968 567 969
f 968 564 567
f 968 836 833
f 968 969 836
f 963 970 962
f 963 971 970
f 590 970 597
f 590 962 970
f 971 972 970
f 971 973 972
f 597 972 600
f 597 970 972
f 967 974 966
f 967 975 974
f 963 974 971
f 963 966 974
f 975 976 974
f 975 977 976
f 971 976 973
f 971 974 976
f 955 978 954
f 955 979 978
f 945 978 965
f 945 954 978
f 979 980 978
f 979 981 980
f 965 980 967
f 965 978 980
f 870 982 957
f 870 894 982
f 955 982 979
f 955 957 982
f 894 983 982
f 894 896 983
f 979 983 981
f 979 982 983
f 981 984 980
f 981 985 984
f 967 984 975
f 967 980 984
f 985 986 984
f 985 987 986
f 975 986 977
f 975 984 986
f 896 988 983
f 896 904 988
f 981 988 985
f 981 983 988
f 904 989 988
f 904 906 989
f 985 989 987
f 985 988 989
f 45 990 44
f 45 991 990
f 45 992 991
f 45 46 992
f 991 993 990
f 991 994 993
f 991 995 994
f 991 992 995
f 994 996 993
f 994 997 996
f 994 998 997
f 994 995 998
f 997 999 996
f 997 1000 999
f 997 1001 1000
f 997 998 1001
f 44 1002 52
f 44 990 1002
f 990 1003 1002
f 990 993 1003
f 52 1004 54
f 52 1002 1004
f 1002 1005 1004
f 1002 1003 1005
f 993 1006 1003
f 993 996 1006
f 996 1007 1006
f 996 999 1007
f 1003 1008 1005
f 1003 1006 1008
f 1006 1009 1008
f 1006 1007 1009
f 46 1010 992
f 46 63 1010
f 992 1011 995
f 992 1010 1011
f 66 1013 1012
f 66 67 1013
f 63 1012 1010
f 63 66 1012
f 1012 1015 1014
f 1012 1013 1015
f 1010 1014 1011
f 1010 1012 1014
f 995 1016 998
f 995 1011 1016
f 998 1017 1001
f 998 1016 1017
f 1014 1019 1018
f 1014 1015 1019
f 1011 1018 1016
f 1011 1014 1018
f 1018 1021 1020
f 1018 1019 1021
f 1016 1020 1017
f 1016 1018 1020
f 67 1022 1013
f 67 75 1022
f 1013 1023 1015
f 1013 1022 1023
f 75 1024 1022
f 75 77 1024
f 1022 1025 1023
f 1022 1024 1025
f 1015 1026 1019
f 1015 1023 1026
f 1019 1027 1021
f 1019 1026 1027
f 1023 1028 1026
f 1023 1025 1028
f 1026 1029 1027
f 1026 1028 1029
f 1030 1032 1031
f 1030 1033 1032
f 1000 1031 999
f 1000 1030 1031
f 1000 1033 1030
f 1000 1001 1033
f 1031 1035 1034
f 1031 1032 1035
f 999 1034 1007
f 999 1031 1034
f 1034 1037 1036
f 1034 1035 1037
f 1007 1036 1009
f 1007 1034 1036
f 1001 1038 1033
f 1001 1017 1038
f 1039 1041 1040
f 1039 1042 1041
f 1033 1040 1032
f 1033 1039 1040
f 1033 1042 1039
f 1033 1038 1042
f 1017 1043 1038
f 1017 1020 1043
f 1038 1044 1042
f 1038 1043 1044
f 1045 1047 1046
f 1045 1048 1047
f 1042 1046 1041
f 1042 1045 1046
f 1042 1048 1045
f 1042 1044 1048
f 1040 1050 1049
f 1040 1041 1050
f 1032 1049 1035
f 1032 1040 1049
f 1049 1052 1051
f 1049 1050 1052
f 1035 1051 1037
f 1035 1049 1051
f 1046 1054 1053
f 1046 1047 1054
f 1041 1053 1050
f 1041 1046 1053
f 1053 1056 1055
f 1053 1054 1056
f 1050 1055 1052
f 1050 1053 1055
f 54 1057 111
f 54 1004 1057
f 1004 1058 1057
f 1004 1005 1058
f 111 1059 113
f 111 1057 1059
f 1057 1060 1059
f 1057 1058 1060
f 1005 1061 1058
f 1005 1008 1061
f 1008 1062 1061
f 1008 1009 1062
f 1058 1063 1060
f 1058 1061 1063
f 1061 1064 1063
f 1061 1062 1064
f 113 1065 119
f 113 1059 1065
f 1059 1066 1065
f 1059 1060 1066
f 119 1067 121
f 119 1065 1067
f 1065 1068 1067
f 1065 1066 1068
f 1060 1069 1066
f 1060 1063 1069
f 1063 1070 1069
f 1063 1064 1070
f 1066 1071 1068
f 1066 1069 1071
f 1069 1072 1071
f 1069 1070 1072
f 77 1073 1024
f 77 129 1073
f 1024 1074 1025
f 1024 1073 1074
f 129 1075 1073
f 129 131 1075
f 1073 1076 1074
f 1073 1075 1076
f 1025 1077 1028
f 1025 1074 1077
f 1028 1078 1029
f 1028 1077 1078
f 1074 1079 1077
f 1074 1076 1079
f 1077 1080 1078
f 1077 1079 1080
f 131 1081 1075
f 131 139 1081
f 1075 1082 1076
f 1075 1081 1082
f 139 1083 1081
f 139 141 1083
f 1081 1084 1082
f 1081 1083 1084
f 1076 1085 1079
f 1076 1082 1085
f 1079 1086 1080
f 1079 1085 1086
f 1082 1087 1085
f 1082 1084 1087
f 1085 1088 1086
f 1085 1087 1088
f 1036 1090 1089
f 1036 1037 1090
f 1009 1089 1062
f 1009 1036 1089
f 1089 1092 1091
f 1089 1090 1092
f 1062 1091 1064
f 1062 1089 1091
f 1091 1094 1093
f 1091 1092 1094
f 1064 1093 1070
f 1064 1091 1093
f 1093 1096 1095
f 1093 1094 1096
f 1070 1095 1072
f 1070 1093 1095
f 1051 1098 1097
f 1051 1052 1098
f 1037 1097 1090
f 1037 1051 1097
f 1097 1100 1099
f 1097 1098 1100
f 1090 1099 1092
f 1090 1097 1099
f 1055 1102 1101
f 1055 1056 1102
f 1052 1101 1098
f 1052 1055 1101
f 1101 1104 1103
f 1101 1102 1104
f 1098 1103 1100
f 1098 1101 1103
f 1099 1106 1105
f 1099 1100 1106
f 1092 1105 1094
f 1092 1099 1105
f 1105 1108 1107
f 1105 1106 1108
f 1094 1107 1096
f 1094 1105 1107
f 1103 1110 1109
f 1103 1104 1110
f 1100 1109 1106
f 1100 1103 1109
f 1109 1112 1111
f 1109 1110 1112
f 1106 1111 1108
f 1106 1109 1111
f 1113 1115 1114
f 1113 1116 1115
f 1020 1114 1043
f 1020 1113 1114
f 1020 1116 1113
f 1020 1021 1116
f 1043 1117 1044
f 1043 1114 1117
f 1118 1120 1119
f 1118 1121 1120
f 1114 1119 1117
f 1114 1118 1119
f 1114 1121 1118
f 1114 1115 1121
f 1044 1122 1048
f 1044 1117 1122
f 1123 1125 1124
f 1123 1126 1125
f 1048 1124 1047
f 1048 1123 1124
f 1048 1126 1123
f 1048 1122 1126
f 1117 1127 1122
f 1117 1119 1127
f 1122 1128 1126
f 1122 1127 1128
f 1116 1129 1115
f 1116 1130 1129
f 1021 1130 1116
f 1021 1027 1130
f 1130 1131 1129
f 1130 1132 1131
f 1027 1132 1130
f 1027 1029 1132
f 1121 1133 1120
f 1121 1134 1133
f 1115 1134 1121
f 1115 1129 1134
f 1134 1135 1133
f 1134 1136 1135
f 1129 1136 1134
f 1129 1131 1136
f 1124 1138 1137
f 1124 1125 1138
f 1047 1137 1054
f 1047 1124 1137
f 1137 1140 1139
f 1137 1138 1140
f 1054 1139 1056
f 1054 1137 1139
f 1141 1143 1142
f 1141 1144 1143
f 1119 1142 1127
f 1119 1141 1142
f 1119 1144 1141
f 1119 1120 1144
f 1127 1145 1128
f 1127 1142 1145
f 1146 1148 1147
f 1146 1149 1148
f 1142 1147 1145
f 1142 1146 1147
f 1142 1149 1146
f 1142 1143 1149
f 1144 1150 1143
f 1144 1151 1150
f 1120 1151 1144
f 1120 1133 1151
f 1151 1152 1150
f 1151 1153 1152
f 1133 1153 1151
f 1133 1135 1153
f 1149 1154 1148
f 1149 1155 1154
f 1143 1155 1149
f 1143 1150 1155
f 1155 1156 1154
f 1155 1157 1156
f 1150 1157 1155
f 1150 1152 1157
f 1132 1158 1131
f 1132 1159 1158
f 1029 1159 1132
f 1029 1078 1159
f 1159 1160 1158
f 1159 1161 1160
f 1078 1161 1159
f 1078 1080 1161
f 1136 1162 1135
f 1136 1163 1162
f 1131 1163 1136
f 1131 1158 1163
f 1163 1164 1162
f 1163 1165 1164
f 1158 1165 1163
f 1158 1160 1165
f 1139 1167 1166
f 1139 1140 1167
f 1056 1166 1102
f 1056 1139 1166
f 1166 1169 1168
f 1166 1167 1169
f 1102 1168 1104
f 1102 1166 1168
f 1161 1170 1160
f 1161 1171 1170
f 1080 1171 1161
f 1080 1086 1171
f 1171 1172 1170
f 1171 1173 1172
f 1086 1173 1171
f 1086 1088 1173
f 1165 1174 1164
f 1165 1175 1174
f 1160 1175 1165
f 1160 1170 1175
f 1175 1176 1174
f 1175 1177 1176
f 1170 1177 1175
f 1170 1172 1177
f 1168 1179 1178
f 1168 1169 1179
f 1104 1178 1110
f 1104 1168 1178
f 1178 1181 1180
f 1178 1179 1181
f 1110 1180 1112
f 1110 1178 1180
f 1153 1182 1152
f 1153 1183 1182
f 1135 1183 1153
f 1135 1162 1183
f 1183 1184 1182
f 1183 1185 1184
f 1162 1185 1183
f 1162 1164 1185
f 1157 1186 1156
f 1157 1187 1186
f 1152 1187 1157
f 1152 1182 1187
f 1187 1188 1186
f 1187 1189 1188
f 1182 1189 1187
f 1182 1184 1189
f 1185 1190 1184
f 1185 1191 1190
f 1164 1191 1185
f 1164 1174 1191
f 1191 1192 1190
f 1191 1193 1192
f 1174 1193 1191
f 1174 1176 1193
f 1189 1194 1188
f 1189 1195 1194
f 1184 1195 1189
f 1184 1190 1195
f 1195 1196 1194
f 1195 1197 1196
f 1190 1197 1195
f 1190 1192 1197
f 1198 1200 1199
f 1198 1201 1200
f 1126 1199 1125
f 1126 1198 1199
f 1126 1201 1198
f 1126 1128 1201
f 1199 1203 1202
f 1199 1200 1203
f 1125 1202 1138
f 1125 1199 1202
f 1202 1205 1204
f 1202 1203 1205
f 1138 1204 1140
f 1138 1202 1204
f 1128 1206 1201
f 1128 1145 1206
f 1207 1209 1208
f 1207 1210 1209
f 1201 1208 1200
f 1201 1207 1208
f 1201 1210 1207
f 1201 1206 1210
f 1145 1211 1206
f 1145 1147 1211
f 1206 1212 1210
f 1206 1211 1212
f 1213 1215 1214
f 1213 1216 1215
f 1210 1214 1209
f 1210 1213 1214
f 1210 1216 1213
f 1210 1212 1216
f 1208 1218 1217
f 1208 1209 1218
f 1200 1217 1203
f 1200 1208 1217
f 1217 1220 1219
f 1217 1218 1220
f 1203 1219 1205
f 1203 1217 1219
f 1214 1222 1221
f 1214 1215 1222
f 1209 1221 1218
f 1209 1214 1221
f 1221 1224 1223
f 1221 1222 1224
f 1218 1223 1220
f 1218 1221 1223
f 1204 1226 1225
f 1204 1205 1226
f 1140 1225 1167
f 1140 1204 1225
f 1225 1228 1227
f 1225 1226 1228
f 1167 1227 1169
f 1167 1225 1227
f 1227 1230 1229
f 1227 1228 1230
f 1169 1229 1179
f 1169 1227 1229
f 1229 1232 1231
f 1229 1230 1232
f 1179 1231 1181
f 1179 1229 1231
f 1219 1234 1233
f 1219 1220 1234
f 1205 1233 1226
f 1205 1219 1233
f 1233 1236 1235
f 1233 1234 1236
f 1226 1235 1228
f 1226 1233 1235
f 1223 1238 1237
f 1223 1224 1238
f 1220 1237 1234
f 1220 1223 1237
f 1237 1240 1239
f 1237 1238 1240
f 1234 1239 1236
f 1234 1237 1239
f 1235 1242 1241
f 1235 1236 1242
f 1228 1241 1230
f 1228 1235 1241
f 1241 1244 1243
f 1241 1242 1244
f 1230 1243 1232
f 1230 1241 1243
f 1239 1246 1245
f 1239 1240 1246
f 1236 1245 1242
f 1236 1239 1245
f 1245 1248 1247
f 1245 1246 1248
f 1242 1247 1244
f 1242 1245 1247
f 1147 1249 1211
f 1147 1250 1249
f 1147 1251 1250
f 1147 1148 1251
f 1211 1252 1212
f 1211 1249 1252
f 1250 1253 1249
f 1250 1254 1253
f 1250 1255 1254
f 1250 1251 1255
f 1249 1256 1252
f 1249 1253 1256
f 1216 1257 1215
f 1216 1258 1257
f 1212 1258 1216
f 1212 1252 1258
f 1258 1259 1257
f 1258 1260 1259
f 1252 1260 1258
f 1252 1256 1260
f 1148 1261 1251
f 1148 1154 1261
f 1154 1262 1261
f 1154 1156 1262
f 1251 1263 1255
f 1251 1261 1263
f 1261 1264 1263
f 1261 1262 1264
f 1215 1265 1222
f 1215 1257 1265
f 1222 1266 1224
f 1222 1265 1266
f 1257 1267 1265
f 1257 1259 1267
f 1265 1268 1266
f 1265 1267 1268
f 1254 1269 1253
f 1254 1270 1269
f 1254 1271 1270
f 1254 1255 1271
f 1253 1272 1256
f 1253 1269 1272
f 1270 1273 1269
f 1270 1274 1273
f 1270 1275 1274
f 1270 1271 1275
f 1269 1276 1272
f 1269 1273 1276
f 1260 1277 1259
f 1260 1278 1277
f 1256 1278 1260
f 1256 1272 1278
f 1278 1279 1277
f 1278 1280 1279
f 1272 1280 1278
f 1272 1276 1280
f 1255 1281 1271
f 1255 1263 1281
f 1263 1282 1281
f 1263 1264 1282
f 1271 1283 1275
f 1271 1281 1283
f 1281 1284 1283
f 1281 1282 1284
f 1259 1285 1267
f 1259 1277 1285
f 1267 1286 1268
f 1267 1285 1286
f 1277 1287 1285
f 1277 1279 1287
f 1285 1288 1286
f 1285 1287 1288
f 1156 1289 1262
f 1156 1186 1289
f 1186 1290 1289
f 1186 1188 1290
f 1262 1291 1264
f 1262 1289 1291
f 1289 1292 1291
f 1289 1290 1292
f 1224 1293 1238
f 1224 1266 1293
f 1238 1294 1240
f 1238 1293 1294
f 1266 1295 1293
f 1266 1268 1295
f 1293 1296 1294
f 1293 1295 1296
f 1188 1297 1290
f 1188 1194 1297
f 1194 1298 1297
f 1194 1196 1298
f 1290 1299 1292
f 1290 1297 1299
f 1297 1300 1299
f 1297 1298 1300
f 1240 1301 1246
f 1240 1294 1301
f 1246 1302 1248
f 1246 1301 1302
f 1294 1303 1301
f 1294 1296 1303
f 1301 1304 1302
f 1301 1303 1304
f 1264 1305 1282
f 1264 1291 1305
f 1291 1306 1305
f 1291 1292 1306
f 1282 1307 1284
f 1282 1305 1307
f 1305 1308 1307
f 1305 1306 1308
f 1268 1309 1295
f 1268 1286 1309
f 1295 1310 1296
f 1295 1309 1310
f 1286 1311 1309
f 1286 1288 1311
f 1309 1312 1310
f 1309 1311 1312
f 1292 1313 1306
f 1292 1299 1313
f 1299 1314 1313
f 1299 1300 1314
f 1306 1315 1308
f 1306 1313 1315
f 1313 1316 1315
f 1313 1314 1316
f 1296 1317 1303
f 1296 1310 1317
f 1303 1318 1304
f 1303 1317 1318
f 1310 1319 1317
f 1310 1312 1319
f 1317 1320 1318
f 1317 1319 1320
f 121 1321 383
f 121 1067 1321
f 1067 1322 1321
f 1067 1068 1322
f 383 1323 385
f 383 1321 1323
f 1321 1324 1323
f 1321 1322 1324
f 1068 1325 1322
f 1068 1071 1325
f 1071 1326 1325
f 1071 1072 1326
f 1322 1327 1324
f 1322 1325 1327
f 1325 1328 1327
f 1325 1326 1328
f 385 1329 391
f 385 1323 1329
f 1323 1330 1329
f 1323 1324 1330
f 391 1331 393
f 391 1329 1331
f 1329 1332 1331
f 1329 1330 1332
f 1324 1333 1330
f 1324 1327 1333
f 1327 1334 1333
f 1327 1328 1334
f 1330 1335 1332
f 1330 1333 1335
f 1333 1336 1335
f 1333 1334 1336
f 141 1337 1083
f 141 401 1337
f 1083 1338 1084
f 1083 1337 1338
f 401 1339 1337
f 401 403 1339
f 1337 1340 1338
f 1337 1339 1340
f 1084 1341 1087
f 1084 1338 1341
f 1087 1342 1088
f 1087 1341 1342
f 1338 1343 1341
f 1338 1340 1343
f 1341 1344 1342
f 1341 1343 1344
f 403 1345 1339
f 403 411 1345
f 1339 1346 1340
f 1339 1345 1346
f 411 1347 1345
f 411 413 1347
f 1345 1348 1346
f 1345 1347 1348
f 1340 1349 1343
f 1340 1346 1349
f 1343 1350 1344
f 1343 1349 1350
f 1346 1351 1349
f 1346 1348 1351
f 1349 1352 1350
f 1349 1351 1352
f 1095 1354 1353
f 1095 1096 1354
f 1072 1353 1326
f 1072 1095 1353
f 1353 1356 1355
f 1353 1354 1356
f 1326 1355 1328
f 1326 1353 1355
f 1355 1358 1357
f 1355 1356 1358
f 1328 1357 1334
f 1328 1355 1357
f 1357 1360 1359
f 1357 1358 1360
f 1334 1359 1336
f 1334 1357 1359
f 1107 1362 1361
f 1107 1108 1362
f 1096 1361 1354
f 1096 1107 1361
f 1361 1364 1363
f 1361 1362 1364
f 1354 1363 1356
f 1354 1361 1363
f 1111 1366 1365
f 1111 1112 1366
f 1108 1365 1362
f 1108 1111 1365
f 1365 1368 1367
f 1365 1366 1368
f 1362 1367 1364
f 1362 1365 1367
f 1363 1370 1369
f 1363 1364 1370
f 1356 1369 1358
f 1356 1363 1369
f 1369 1372 1371
f 1369 1370 1372
f 1358 1371 1360
f 1358 1369 1371
f 1367 1374 1373
f 1367 1368 1374
f 1364 1373 1370
f 1364 1367 1373
f 1373 1376 1375
f 1373 1374 1376
f 1370 1375 1372
f 1370 1373 1375
f 393 1377 447
f 393 1331 1377
f 1331 1378 1377
f 1331 1332 1378
f 447 1379 449
f 447 1377 1379
f 1377 1380 1379
f 1377 1378 1380
f 1332 1381 1378
f 1332 1335 1381
f 1335 1382 1381
f 1335 1336 1382
f 1378 1383 1380
f 1378 1381 1383
f 1381 1384 1383
f 1381 1382 1384
f 449 1385 455
f 449 1379 1385
f 1379 1386 1385
f 1379 1380 1386
f 455 1387 457
f 455 1385 1387
f 1385 1388 1387
f 1385 1386 1388
f 1380 1389 1386
f 1380 1383 1389
f 1383 1390 1389
f 1383 1384 1390
f 1386 1391 1388
f 1386 1389 1391
f 1389 1392 1391
f 1389 1390 1392
f 413 1393 1347
f 413 465 1393
f 1347 1394 1348
f 1347 1393 1394
f 465 1395 1393
f 465 467 1395
f 1393 1396 1394
f 1393 1395 1396
f 1348 1397 1351
f 1348 1394 1397
f 1351 1398 1352
f 1351 1397 1398
f 1394 1399 1397
f 1394 1396 1399
f 1397 1400 1398
f 1397 1399 1400
f 467 1401 1395
f 467 475 1401
f 1395 1402 1396
f 1395 1401 1402
f 475 1403 1401
f 475 477 1403
f 1401 1404 1402
f 1401 1403 1404
f 1396 1405 1399
f 1396 1402 1405
f 1399 1406 1400
f 1399 1405 1406
f 1402 1407 1405
f 1402 1404 1407
f 1405 1408 1406
f 1405 1407 1408
f 1359 1410 1409
f 1359 1360 1410
f 1336 1409 1382
f 1336 1359 1409
f 1409 1412 1411
f 1409 1410 1412
f 1382 1411 1384
f 1382 1409 1411
f 1411 1414 1413
f 1411 1412 1414
f 1384 1413 1390
f 1384 1411 1413
f 1413 1416 1415
f 1413 1414 1416
f 1390 1415 1392
f 1390 1413 1415
f 1371 1418 1417
f 1371 1372 1418
f 1360 1417 1410
f 1360 1371 1417
f 1417 1420 1419
f 1417 1418 1420
f 1410 1419 1412
f 1410 1417 1419
f 1375 1422 1421
f 1375 1376 1422
f 1372 1421 1418
f 1372 1375 1421
f 1421 1424 1423
f 1421 1422 1424
f 1418 1423 1420
f 1418 1421 1423
f 1419 1426 1425
f 1419 1420 1426
f 1412 1425 1414
f 1412 1419 1425
f 1425 1428 1427
f 1425 1426 1428
f 1414 1427 1416
f 1414 1425 1427
f 1423 1430 1429
f 1423 1424 1430
f 1420 1429 1426
f 1420 1423 1429
f 1429 1432 1431
f 1429 1430 1432
f 1426 1431 1428
f 1426 1429 1431
f 457 1433 511
f 457 1387 1433
f 1387 1434 1433
f 1387 1388 1434
f 511 1435 513
f 511 1433 1435
f 1433 1436 1435
f 1433 1434 1436
f 1388 1437 1434
f 1388 1391 1437
f 1391 1438 1437
f 1391 1392 1438
f 1434 1439 1436
f 1434 1437 1439
f 1437 1440 1439
f 1437 1438 1440
f 513 1441 519
f 513 1435 1441
f 1435 1442 1441
f 1435 1436 1442
f 519 1443 521
f 519 1441 1443
f 1441 1444 1443
f 1441 1442 1444
f 1436 1445 1442
f 1436 1439 1445
f 1439 1446 1445
f 1439 1440 1446
f 1442 1447 1444
f 1442 1445 1447
f 1445 1448 1447
f 1445 1446 1448
f 477 1449 1403
f 477 529 1449
f 1403 1450 1404
f 1403 1449 1450
f 529 1451 1449
f 529 531 1451
f 1449 1452 1450
f 1449 1451 1452
f 1404 1453 1407
f 1404 1450 1453
f 1407 1454 1408
f 1407 1453 1454
f 1450 1455 1453
f 1450 1452 1455
f 1453 1456 1454
f 1453 1455 1456
f 531 1457 1451
f 531 539 1457
f 1451 1458 1452
f 1451 1457 1458
f 539 1459 1457
f 539 541 1459
f 1457 1460 1458
f 1457 1459 1460
f 1452 1461 1455
f 1452 1458 1461
f 1455 1462 1456
f 1455 1461 1462
f 1458 1463 1461
f 1458 1460 1463
f 1461 1464 1462
f 1461 1463 1464
f 1415 1466 1465
f 1415 1416 1466
f 1392 1465 1438
f 1392 1415 1465
f 1465 1468 1467
f 1465 1466 1468
f 1438 1467 1440
f 1438 1465 1467
f 1467 1470 1469
f 1467 1468 1470
f 1440 1469 1446
f 1440 1467 1469
f 1469 1472 1471
f 1469 1470 1472
f 1446 1471 1448
f 1446 1469 1471
f 1427 1474 1473
f 1427 1428 1474
f 1416 1473 1466
f 1416 1427 1473
f 1473 1476 1475
f 1473 1474 1476
f 1466 1475 1468
f 1466 1473 1475
f 1431 1478 1477
f 1431 1432 1478
f 1428 1477 1474
f 1428 1431 1477
f 1477 1480 1479
f 1477 1478 1480
f 1474 1479 1476
f 1474 1477 1479
f 1475 1482 1481
f 1475 1476 1482
f 1468 1481 1470
f 1468 1475 1481
f 1481 1484 1483
f 1481 1482 1484
f 1470 1483 1472
f 1470 1481 1483
f 1479 1486 1485
f 1479 1480 1486
f 1476 1485 1482
f 1476 1479 1485
f 1485 1488 1487
f 1485 1486 1488
f 1482 1487 1484
f 1482 1485 1487
f 521 1489 575
f 521 1443 1489
f 1443 1490 1489
f 1443 1444 1490
f 575 1491 577
f 575 1489 1491
f 1489 1492 1491
f 1489 1490 1492
f 1444 1493 1490
f 1444 1447 1493
f 1447 1494 1493
f 1447 1448 1494
f 1490 1495 1492
f 1490 1493 1495
f 1493 1496 1495
f 1493 1494 1496
f 577 1497 583
f 577 1491 1497
f 1491 1498 1497
f 1491 1492 1498
f 583 1499 585
f 583 1497 1499
f 1497 1500 1499
f 1497 1498 1500
f 1492 1501 1498
f 1492 1495 1501
f 1495 1502 1501
f 1495 1496 1502
f 1498 1503 1500
f 1498 1501 1503
f 1501 1504 1503
f 1501 1502 1504
f 541 1505 1459
f 541 593 1505
f 1459 1506 1460
f 1459 1505 1506
f 593 1507 1505
f 593 595 1507
f 1505 1508 1506
f 1505 1507 1508
f 1460 1509 1463
f 1460 1506 1509
f 1463 1510 1464
f 1463 1509 1510
f 1506 1511 1509
f 1506 1508 1511
f 1509 1512 1510
f 1509 1511 1512
f 595 1513 1507
f 595 603 1513
f 1507 1514 1508
f 1507 1513 1514
f 603 1515 1513
f 603 605 1515
f 1513 1516 1514
f 1513 1515 1516
f 1508 1517 1511
f 1508 1514 1517
f 1511 1518 1512
f 1511 1517 1518
f 1514 1519 1517
f 1514 1516 1519
f 1517 1520 1518
f 1517 1519 1520
f 1471 1522 1521
f 1471 1472 1522
f 1448 1521 1494
f 1448 1471 1521
f 1521 1524 1523
f 1521 1522 1524
f 1494 1523 1496
f 1494 1521 1523
f 1523 1526 1525
f 1523 1524 1526
f 1496 1525 1502
f 1496 1523 1525
f 1525 1528 1527
f 1525 1526 1528
f 1502 1527 1504
f 1502 1525 1527
f 1483 1530 1529
f 1483 1484 1530
f 1472 1529 1522
f 1472 1483 1529
f 1529 1532 1531
f 1529 1530 1532
f 1522 1531 1524
f 1522 1529 1531
f 1487 1534 1533
f 1487 1488 1534
f 1484 1533 1530
f 1484 1487 1533
f 1533 1536 1535
f 1533 1534 1536
f 1530 1535 1532
f 1530 1533 1535
f 1531 1538 1537
f 1531 1532 1538
f 1524 1537 1526
f 1524 1531 1537
f 1537 1540 1539
f 1537 1538 1540
f 1526 1539 1528
f 1526 1537 1539
f 1535 1542 1541
f 1535 1536 1542
f 1532 1541 1538
f 1532 1535 1541
f 1541 1544 1543
f 1541 1542 1544
f 1538 1543 1540
f 1538 1541 1543
f 1173 1545 1172
f 1173 1546 1545
f 1088 1546 1173
f 1088 1342 1546
f 1546 1547 1545
f 1546 1548 1547
f 1342 1548 1546
f 1342 1344 1548
f 1177 1549 1176
f 1177 1550 1549
f 1172 1550 1177
f 1172 1545 1550
f 1550 1551 1549
f 1550 1552 1551
f 1545 1552 1550
f 1545 1547 1552
f 1180 1554 1553
f 1180 1181 1554
f 1112 1553 1366
f 1112 1180 1553
f 1553 1556 1555
f 1553 1554 1556
f 1366 1555 1368
f 1366 1553 1555
f 1548 1557 1547
f 1548 1558 1557
f 1344 1558 1548
f 1344 1350 1558
f 1558 1559 1557
f 1558 1560 1559
f 1350 1560 1558
f 1350 1352 1560
f 1552 1561 1551
f 1552 1562 1561
f 1547 1562 1552
f 1547 1557 1562
f 1562 1563 1561
f 1562 1564 1563
f 1557 1564 1562
f 1557 1559 1564
f 1555 1566 1565
f 1555 1556 1566
f 1368 1565 1374
f 1368 1555 1565
f 1565 1568 1567
f 1565 1566 1568
f 1374 1567 1376
f 1374 1565 1567
f 1193 1569 1192
f 1193 1570 1569
f 1176 1570 1193
f 1176 1549 1570
f 1570 1571 1569
f 1570 1572 1571
f 1549 1572 1570
f 1549 1551 1572
f 1197 1573 1196
f 1197 1574 1573
f 1192 1574 1197
f 1192 1569 1574
f 1574 1575 1573
f 1574 1576 1575
f 1569 1576 1574
f 1569 1571 1576
f 1572 1577 1571
f 1572 1578 1577
f 1551 1578 1572
f 1551 1561 1578
f 1578 1579 1577
f 1578 1580 1579
f 1561 1580 1578
f 1561 1563 1580
f 1576 1581 1575
f 1576 1582 1581
f 1571 1582 1576
f 1571 1577 1582
f 1582 1583 1581
f 1582 1584 1583
f 1577 1584 1582
f 1577 1579 1584
f 1560 1585 1559
f 1560 1586 1585
f 1352 1586 1560
f 1352 1398 1586
f 1586 1587 1585
f 1586 1588 1587
f 1398 1588 1586
f 1398 1400 1588
f 1564 1589 1563
f 1564 1590 1589
f 1559 1590 1564
f 1559 1585 1590
f 1590 1591 1589
f 1590 1592 1591
f 1585 1592 1590
f 1585 1587 1592
f 1567 1594 1593
f 1567 1568 1594
f 1376 1593 1422
f 1376 1567 1593
f 1593 1596 1595
f 1593 1594 1596
f 1422 1595 1424
f 1422 1593 1595
f 1588 1597 1587
f 1588 1598 1597
f 1400 1598 1588
f 1400 1406 1598
f 1598 1599 1597
f 1598 1600 1599
f 1406 1600 1598
f 1406 1408 1600
f 1592 1601 1591
f 1592 1602 1601
f 1587 1602 1592
f 1587 1597 1602
f 1602 1603 1601
f 1602 1604 1603
f 1597 1604 1602
f 1597 1599 1604
f 1595 1606 1605
f 1595 1596 1606
f 1424 1605 1430
f 1424 1595 1605
f 1605 1608 1607
f 1605 1606 1608
f 1430 1607 1432
f 1430 1605 1607
f 1580 1609 1579
f 1580 1610 1609
f 1563 1610 1580
f 1563 1589 1610
f 1610 1611 1609
f 1610 1612 1611
f 1589 1612 1610
f 1589 1591 1612
f 1584 1613 1583
f 1584 1614 1613
f 1579 1614 1584
f 1579 1609 1614
f 1614 1615 1613
f 1614 1616 1615
f 1609 1616 1614
f 1609 1611 1616
f 1612 1617 1611
f 1612 1618 1617
f 1591 1618 1612
f 1591 1601 1618
f 1618 1619 1617
f 1618 1620 1619
f 1601 1620 1618
f 1601 1603 1620
f 1616 1621 1615
f 1616 1622 1621
f 1611 1622 1616
f 1611 1617 1622
f 1622 1623 1621
f 1622 1624 1623
f 1617 1624 1622
f 1617 1619 1624
f 1231 1626 1625
f 1231 1232 1626
f 1181 1625 1554
f 1181 1231 1625
f 1625 1628 1627
f 1625 1626 1628
f 1554 1627 1556
f 1554 1625 1627
f 1627 1630 1629
f 1627 1628 1630
f 1556 1629 1566
f 1556 1627 1629
f 1629 1632 1631
f 1629 1630 1632
f 1566 1631 1568
f 1566 1629 1631
f 1243 1634 1633
f 1243 1244 1634
f 1232 1633 1626
f 1232 1243 1633
f 1633 1636 1635
f 1633 1634 1636
f 1626 1635 1628
f 1626 1633 1635
f 1247 1638 1637
f 1247 1248 1638
f 1244 1637 1634
f 1244 1247 1637
f 1637 1640 1639
f 1637 1638 1640
f 1634 1639 1636
f 1634 1637 1639
f 1635 1642 1641
f 1635 1636 1642
f 1628 1641 1630
f 1628 1635 1641
f 1641 1644 1643
f 1641 1642 1644
f 1630 1643 1632
f 1630 1641 1643
f 1639 1646 1645
f 1639 1640 1646
f 1636 1645 1642
f 1636 1639 1645
f 1645 1648 1647
f 1645 1646 1648
f 1642 1647 1644
f 1642 1645 1647
f 1631 1650 1649
f 1631 1632 1650
f 1568 1649 1594
f 1568 1631 1649
f 1649 1652 1651
f 1649 1650 1652
f 1594 1651 1596
f 1594 1649 1651
f 1651 1654 1653
f 1651 1652 1654
f 1596 1653 1606
f 1596 1651 1653
f 1653 1656 1655
f 1653 1654 1656
f 1606 1655 1608
f 1606 1653 1655
f 1643 1658 1657
f 1643 1644 1658
f 1632 1657 1650
f 1632 1643 1657
f 1657 1660 1659
f 1657 1658 1660
f 1650 1659 1652
f 1650 1657 1659
f 1647 1662 1661
f 1647 1648 1662
f 1644 1661 1658
f 1644 1647 1661
f 1661 1664 1663
f 1661 1662 1664
f 1658 1663 1660
f 1658 1661 1663
f 1659 1666 1665
f 1659 1660 1666
f 1652 1665 1654
f 1652 1659 1665
f 1665 1668 1667
f 1665 1666 1668
f 1654 1667 1656
f 1654 1665 1667
f 1663 1670 1669
f 1663 1664 1670
f 1660 1669 1666
f 1660 1663 1669
f 1669 1672 1671
f 1669 1670 1672
f 1666 1671 1668
f 1666 1669 1671
f 1196 1673 1298
f 1196 1573 1673
f 1573 1674 1673
f 1573 1575 1674
f 1298 1675 1300
f 1298 1673 1675
f 1673 1676 1675
f 1673 1674 1676
f 1248 1677 1638
f 1248 1302 1677
f 1638 1678 1640
f 1638 1677 1678
f 1302 1679 1677
f 1302 1304 1679
f 1677 1680 1678
f 1677 1679 1680
f 1575 1681 1674
f 1575 1581 1681
f 1581 1682 1681
f 1581 1583 1682
f 1674 1683 1676
f 1674 1681 1683
f 1681 1684 1683
f 1681 1682 1684
f 1640 1685 1646
f 1640 1678 1685
f 1646 1686 1648
f 1646 1685 1686
f 1678 1687 1685
f 1678 1680 1687
f 1685 1688 1686
f 1685 1687 1688
f 1300 1689 1314
f 1300 1675 1689
f 1675 1690 1689
f 1675 1676 1690
f 1314 1691 1316
f 1314 1689 1691
f 1689 1692 1691
f 1689 1690 1692
f 1304 1693 1679
f 1304 1318 1693
f 1679 1694 1680
f 1679 1693 1694
f 1318 1695 1693
f 1318 1320 1695
f 1693 1696 1694
f 1693 1695 1696
f 1676 1697 1690
f 1676 1683 1697
f 1683 1698 1697
f 1683 1684 1698
f 1690 1699 1692
f 1690 1697 1699
f 1697 1700 1699
f 1697 1698 1700
f 1680 1701 1687
f 1680 1694 1701
f 1687 1702 1688
f 1687 1701 1702
f 1694 1703 1701
f 1694 1696 1703
f 1701 1704 1702
f 1701 1703 1704
f 1583 1705 1682
f 1583 1613 1705
f 1613 1706 1705
f 1613 1615 1706
f 1682 1707 1684
f 1682 1705 1707
f 1705 1708 1707
f 1705 1706 1708
f 1648 1709 1662
f 1648 1686 1709
f 1662 1710 1664
f 1662 1709 1710
f 1686 1711 1709
f 1686 1688 1711
f 1709 1712 1710
f 1709 1711 1712
f 1615 1713 1706
f 1615 1621 1713
f 1621 1714 1713
f 1621 1623 1714
f 1706 1715 1708
f 1706 1713 1715
f 1713 1716 1715
f 1713 1714 1716
f 1664 1717 1670
f 1664 1710 1717
f 1670 1718 1672
f 1670 1717 1718
f 1710 1719 1717
f 1710 1712 1719
f 1717 1720 1718
f 1717 1719 1720
f 1684 1721 1698
f 1684 1707 1721
f 1707 1722 1721
f 1707 1708 1722
f 1698 1723 1700
f 1698 1721 1723
f 1721 1724 1723
f 1721 1722 1724
f 1688 1725 1711
f 1688 1702 1725
f 1711 1726 1712
f 1711 1725 1726
f 1702 1727 1725
f 1702 1704 1727
f 1725 1728 1726
f 1725 1727 1728
f 1708 1729 1722
f 1708 1715 1729
f 1715 1730 1729
f 1715 1716 1730
f 1722 1731 1724
f 1722 1729 1731
f 1729 1732 1731
f 1729 1730 1732
f 1712 1733 1719
f 1712 1726 1733
f 1719 1734 1720
f 1719 1733 1734
f 1726 1735 1733
f 1726 1728 1735
f 1733 1736 1734
f 1733 1735 1736
f 1600 1737 1599
f 1600 1738 1737
f 1408 1738 1600
f 1408 1454 1738
f 1738 1739 1737
f 1738 1740 1739
f 1454 1740 1738
f 1454 1456 1740
f 1604 1741 1603
f 1604 1742 1741
f 1599 1742 1604
f 1599 1737 1742
f 1742 1743 1741
f 1742 1744 1743
f 1737 1744 1742
f 1737 1739 1744
f 1607 1746 1745
f 1607 1608 1746
f 1432 1745 1478
f 1432 1607 1745
f 1745 1748 1747
f 1745 1746 1748
f 1478 1747 1480
f 1478 1745 1747
f 1740 1749 1739
f 1740 1750 1749
f 1456 1750 1740
f 1456 1462 1750
f 1750 1751 1749
f 1750 1752 1751
f 1462 1752 1750
f 1462 1464 1752
f 1744 1753 1743
f 1744 1754 1753
f 1739 1754 1744
f 1739 1749 1754
f 1754 1755 1753
f 1754 1756 1755
f 1749 1756 1754
f 1749 1751 1756
f 1747 1758 1757
f 1747 1748 1758
f 1480 1757 1486
f 1480 1747 1757
f 1757 1760 1759
f 1757 1758 1760
f 1486 1759 1488
f 1486 1757 1759
f 1620 1761 1619
f 1620 1762 1761
f 1603 1762 1620
f 1603 1741 1762
f 1762 1763 1761
f 1762 1764 1763
f 1741 1764 1762
f 1741 1743 1764
f 1624 1765 1623
f 1624 1766 1765
f 1619 1766 1624
f 1619 1761 1766
f 1766 1767 1765
f 1766 1768 1767
f 1761 1768 1766
f 1761 1763 1768
f 1764 1769 1763
f 1764 1770 1769
f 1743 1770 1764
f 1743 1753 1770
f 1770 1771 1769
f 1770 1772 1771
f 1753 1772 1770
f 1753 1755 1772
f 1768 1773 1767
f 1768 1774 1773
f 1763 1774 1768
f 1763 1769 1774
f 1774 1775 1773
f 1774 1776 1775
f 1769 1776 1774
f 1769 1771 1776
f 1752 1777 1751
f 1752 1778 1777
f 1464 1778 1752
f 1464 1510 1778
f 1778 1779 1777
f 1778 1780 1779
f 1510 1780 1778
f 1510 1512 1780
f 1756 1781 1755
f 1756 1782 1781
f 1751 1782 1756
f 1751 1777 1782
f 1782 1783 1781
f 1782 1784 1783
f 1777 1784 1782
f 1777 1779 1784
f 1759 1786 1785
f 1759 1760 1786
f 1488 1785 1534
f 1488 1759 1785
f 1785 1788 1787
f 1785 1786 1788
f 1534 1787 1536
f 1534 1785 1787
f 1780 1789 1779
f 1780 1790 1789
f 1512 1790 1780
f 1512 1518 1790
f 1790 1791 1789
f 1790 1792 1791
f 1518 1792 1790
f 1518 1520 1792
f 1784 1793 1783
f 1784 1794 1793
f 1779 1794 1784
f 1779 1789 1794
f 1794 1795 1793
f 1794 1796 1795
f 1789 1796 1794
f 1789 1791 1796
f 1787 1798 1797
f 1787 1788 1798
f 1536 1797 1542
f 1536 1787 1797
f 1797 1800 1799
f 1797 1798 1800
f 1542 1799 1544
f 1542 1797 1799
f 1772 1801 1771
f 1772 1802 1801
f 1755 1802 1772
f 1755 1781 1802
f 1802 1803 1801
f 1802 1804 1803
f 1781 1804 1802
f 1781 1783 1804
f 1776 1805 1775
f 1776 1806 1805
f 1771 1806 1776
f 1771 1801 1806
f 1806 1807 1805
f 1806 1808 1807
f 1801 1808 1806
f 1801 1803 1808
f 1804 1809 1803
f 1804 1810 1809
f 1783 1810 1804
f 1783 1793 1810
f 1810 1811 1809
f 1810 1812 1811
f 1793 1812 1810
f 1793 1795 1812
f 1808 1813 1807
f 1808 1814 1813
f 1803 1814 1808
f 1803 1809 1814
f 1814 1815 1813
f 1814 1816 1815
f 1809 1816 1814
f 1809 1811 1816
f 1655 1818 1817
f 1655 1656 1818
f 1608 1817 1746
f 1608 1655 1817
f 1817 1820 1819
f 1817 1818 1820
f 1746 1819 1748
f 1746 1817 1819
f 1819 1822 1821
f 1819 1820 1822
f 1748 1821 1758
f 1748 1819 1821
f 1821 1824 1823
f 1821 1822 1824
f 1758 1823 1760
f 1758 1821 1823
f 1667 1826 1825
f 1667 1668 1826
f 1656 1825 1818
f 1656 1667 1825
f 1825 1828 1827
f 1825 1826 1828
f 1818 1827 1820
f 1818 1825 1827
f 1671 1830 1829
f 1671 1672 1830
f 1668 1829 1826
f 1668 1671 1829
f 1829 1832 1831
f 1829 1830 1832
f 1826 1831 1828
f 1826 1829 1831
f 1827 1834 1833
f 1827 1828 1834
f 1820 1833 1822
f 1820 1827 1833
f 1833 1836 1835
f 1833 1834 1836
f 1822 1835 1824
f 1822 1833 1835
f 1831 1838 1837
f 1831 1832 1838
f 1828 1837 1834
f 1828 1831 1837
f 1837 1840 1839
f 1837 1838 1840
f 1834 1839 1836
f 1834 1837 1839
f 1823 1842 1841
f 1823 1824 1842
f 1760 1841 1786
f 1760 1823 1841
f 1841 1844 1843
f 1841 1842 1844
f 1786 1843 1788
f 1786 1841 1843
f 1843 1846 1845
f 1843 1844 1846
f 1788 1845 1798
f 1788 1843 1845
f 1845 1848 1847
f 1845 1846 1848
f 1798 1847 1800
f 1798 1845 1847
f 1835 1850 1849
f 1835 1836 1850
f 1824 1849 1842
f 1824 1835 1849
f 1849 1852 1851
f 1849 1850 1852
f 1842 1851 1844
f 1842 1849 1851
f 1839 1854 1853
f 1839 1840 1854
f 1836 1853 1850
f 1836 1839 1853
f 1853 1856 1855
f 1853 1854 1856
f 1850 1855 1852
f 1850 1853 1855
f 1851 1858 1857
f 1851 1852 1858
f 1844 1857 1846
f 1844 1851 1857
f 1857 1860 1859
f 1857 1858 1860
f 1846 1859 1848
f 1846 1857 1859
f 1855 1862 1861
f 1855 1856 1862
f 1852 1861 1858
f 1852 1855 1861
f 1861 1864 1863
f 1861 1862 1864
f 1858 1863 1860
f 1858 1861 1863
f 1623 1865 1714
f 1623 1765 1865
f 1765 1866 1865
f 1765 1767 1866
f 1714 1867 1716
f 1714 1865 1867
f 1865 1868 1867
f 1865 1866 1868
f 1672 1869 1830
f 1672 1718 1869
f 1830 1870 1832
f 1830 1869 1870
f 1718 1871 1869
f 1718 1720 1871
f 1869 1872 1870
f 1869 1871 1872
f 1767 1873 1866
f 1767 1773 1873
f 1773 1874 1873
f 1773 1775 1874
f 1866 1875 1868
f 1866 1873 1875
f 1873 1876 1875
f 1873 1874 1876
f 1832 1877 1838
f 1832 1870 1877
f 1838 1878 1840
f 1838 1877 1878
f 1870 1879 1877
f 1870 1872 1879
f 1877 1880 1878
f 1877 1879 1880
f 1716 1881 1730
f 1716 1867 1881
f 1867 1882 1881
f 1867 1868 1882
f 1730 1883 1732
f 1730 1881 1883
f 1881 1884 1883
f 1881 1882 1884
f 1720 1885 1871
f 1720 1734 1885
f 1871 1886 1872
f 1871 1885 1886
f 1734 1887 1885
f 1734 1736 1887
f 1885 1888 1886
f 1885 1887 1888
f 1868 1889 1882
f 1868 1875 1889
f 1875 1890 1889
f 1875 1876 1890
f 1882 1891 1884
f 1882 1889 1891
f 1889 1892 1891
f 1889 1890 1892
f 1872 1893 1879
f 1872 1886 1893
f 1879 1894 1880
f 1879 1893 1894
f 1886 1895 1893
f 1886 1888 1895
f 1893 1896 1894
f 1893 1895 1896
f 1775 1897 1874
f 1775 1805 1897
f 1805 1898 1897
f 1805 1807 1898
f 1874 1899 1876
f 1874 1897 1899
f 1897 1900 1899
f 1897 1898 1900
f 1840 1901 1854
f 1840 1878 1901
f 1854 1902 1856
f 1854 1901 1902
f 1878 1903 1901
f 1878 1880 1903
f 1901 1904 1902
f 1901 1903 1904
f 1807 1905 1898
f 1807 1813 1905
f 1813 1906 1905
f 1813 1815 1906
f 1898 1907 1900
f 1898 1905 1907
f 1905 1908 1907
f 1905 1906 1908
f 1856 1909 1862
f 1856 1902 1909
f 1862 1910 1864
f 1862 1909 1910
f 1902 1911 1909
f 1902 1904 1911
f 1909 1912 1910
f 1909 1911 1912
f 1876 1913 1890
f 1876 1899 1913
f 1899 1914 1913
f 1899 1900 1914
f 1890 1915 1892
f 1890 1913 1915
f 1913 1916 1915
f 1913 1914 1916
f 1880 1917 1903
f 1880 1894 1917
f 1903 1918 1904
f 1903 1917 1918
f 1894 1919 1917
f 1894 1896 1919
f 1917 1920 1918
f 1917 1919 1920
f 1900 1921 1914
f 1900 1907 1921
f 1907 1922 1921
f 1907 1908 1922
f 1914 1923 1916
f 1914 1921 1923
f 1921 1924 1923
f 1921 1922 1924
f 1904 1925 1911
f 1904 1918 1925
f 1911 1926 1912
f 1911 1925 1926
f 1918 1927 1925
f 1918 1920 1927
f 1925 1928 1926
f 1925 1927 1928
f 551 1930 1929
f 551 552 1930
f 551 1931 553
f 551 1929 1931
f 1929 1933 1932
f 1929 1930 1933
f 1929 1934 1931
f 1929 1932 1934
f 1932 1936 1935
f 1932 1933 1936
f 1932 1937 1934
f 1932 1935 1937
f 1935 1939 1938
f 1935 1936 1939
f 1935 1940 1937
f 1935 1938 1940
f 565 1942 1941
f 565 566 1942
f 565 1943 567
f 565 1941 1943
f 1941 1945 1944
f 1941 1942 1945
f 1941 1946 1943
f 1941 1944 1946
f 569 1931 1947
f 569 553 1931
f 569 1942 566
f 569 1947 1942
f 1947 1934 1948
f 1947 1931 1934
f 1947 1945 1942
f 1947 1948 1945
f 1944 1950 1949
f 1944 1945 1950
f 1944 1951 1946
f 1944 1949 1951
f 1949 1953 1952
f 1949 1950 1953
f 1949 1954 1951
f 1949 1952 1954
f 1948 1937 1955
f 1948 1934 1937
f 1948 1950 1945
f 1948 1955 1950
f 1955 1940 1956
f 1955 1937 1940
f 1955 1953 1950
f 1955 1956 1953
f 552 1957 1930
f 552 580 1957
f 580 1958 1957
f 580 581 1958
f 1930 1959 1933
f 1930 1957 1959
f 1957 1960 1959
f 1957 1958 1960
f 581 1961 1958
f 581 584 1961
f 584 1962 1961
f 584 585 1962
f 1958 1963 1960
f 1958 1961 1963
f 1961 1964 1963
f 1961 1962 1964
f 1933 1965 1936
f 1933 1959 1965
f 1959 1966 1965
f 1959 1960 1966
f 1936 1967 1939
f 1936 1965 1967
f 1965 1968 1967
f 1965 1966 1968
f 1960 1969 1966
f 1960 1963 1969
f 1963 1970 1969
f 1963 1964 1970
f 1966 1971 1968
f 1966 1969 1971
f 1969 1972 1971
f 1969 1970 1972
f 600 1973 599
f 600 1974 1973
f 599 1975 601
f 599 1973 1975
f 1974 1976 1973
f 1974 1977 1976
f 1973 1978 1975
f 1973 1976 1978
f 601 1979 604
f 601 1975 1979
f 604 1980 605
f 604 1979 1980
f 1975 1981 1979
f 1975 1978 1981
f 1979 1982 1980
f 1979 1981 1982
f 1977 1983 1976
f 1977 1984 1983
f 1976 1985 1978
f 1976 1983 1985
f 1984 1986 1983
f 1984 1987 1986
f 1983 1988 1985
f 1983 1986 1988
f 1978 1989 1981
f 1978 1985 1989
f 1981 1990 1982
f 1981 1989 1990
f 1985 1991 1989
f 1985 1988 1991
f 1989 1992 1990
f 1989 1991 1992
f 1938 1994 1993
f 1938 1939 1994
f 1938 1995 1940
f 1938 1993 1995
f 1993 1997 1996
f 1993 1994 1997
f 1993 1998 1995
f 1993 1996 1998
f 1996 2000 1999
f 1996 1997 2000
f 1996 2001 1998
f 1996 1999 2001
f 2002 2004 2003
f 2002 2005 2004
f 1999 2005 2002
f 1999 2000 2005
f 1999 2003 2001
f 1999 2002 2003
f 1952 2007 2006
f 1952 1953 2007
f 1952 2008 1954
f 1952 2006 2008
f 2006 2010 2009
f 2006 2007 2010
f 2006 2011 2008
f 2006 2009 2011
f 1956 1995 2012
f 1956 1940 1995
f 1956 2007 1953
f 1956 2012 2007
f 2012 1998 2013
f 2012 1995 1998
f 2012 2010 2007
f 2012 2013 2010
f 2009 2015 2014
f 2009 2010 2015
f 2009 2016 2011
f 2009 2014 2016
f 2017 2019 2018
f 2017 2020 2019
f 2014 2020 2017
f 2014 2015 2020
f 2014 2018 2016
f 2014 2017 2018
f 2013 2001 2021
f 2013 1998 2001
f 2013 2015 2010
f 2013 2021 2015
f 2022 2023 2020
f 2022 2003 2023
f 2021 2003 2022
f 2021 2001 2003
f 2021 2020 2015
f 2021 2022 2020
f 1939 2024 1994
f 1939 1967 2024
f 1967 2025 2024
f 1967 1968 2025
f 1994 2026 1997
f 1994 2024 2026
f 2024 2027 2026
f 2024 2025 2027
f 1968 2028 2025
f 1968 1971 2028
f 1971 2029 2028
f 1971 1972 2029
f 2025 2030 2027
f 2025 2028 2030
f 2028 2031 2030
f 2028 2029 2031
f 1997 2032 2000
f 1997 2026 2032
f 2026 2033 2032
f 2026 2027 2033
f 2005 2034 2004
f 2005 2035 2034
f 2000 2035 2005
f 2000 2032 2035
f 2035 2036 2034
f 2035 2037 2036
f 2032 2037 2035
f 2032 2033 2037
f 2027 2038 2033
f 2027 2030 2038
f 2030 2039 2038
f 2030 2031 2039
f 2037 2040 2036
f 2037 2041 2040
f 2033 2041 2037
f 2033 2038 2041
f 2041 2042 2040
f 2041 2043 2042
f 2038 2043 2041
f 2038 2039 2043
f 1987 2044 1986
f 1987 2045 2044
f 1986 2046 1988
f 1986 2044 2046
f 1988 2047 1991
f 1988 2046 2047
f 1991 2048 1992
f 1991 2047 2048
f 2049 2051 2050
f 2049 2052 2051
f 2003 2052 2049
f 2003 2004 2052
f 2003 2050 2023
f 2003 2049 2050
f 2053 2055 2054
f 2053 2050 2055
f 2020 2050 2053
f 2020 2023 2050
f 2020 2054 2019
f 2020 2053 2054
f 2056 2058 2057
f 2056 2059 2058
f 2050 2059 2056
f 2050 2051 2059
f 2050 2057 2055
f 2050 2056 2057
f 2052 2060 2051
f 2052 2061 2060
f 2004 2061 2052
f 2004 2034 2061
f 2061 2062 2060
f 2061 2063 2062
f 2034 2063 2061
f 2034 2036 2063
f 2051 2064 2059
f 2051 2060 2064
f 2060 2065 2064
f 2060 2062 2065
f 2063 2066 2062
f 2063 2067 2066
f 2036 2067 2063
f 2036 2040 2067
f 2067 2068 2066
f 2067 2069 2068
f 2040 2069 2067
f 2040 2042 2069
f 2062 2070 2065
f 2062 2066 2070
f 2066 2071 2070
f 2066 2068 2071
f 2072 2074 2073
f 2072 2075 2074
f 2059 2075 2072
f 2059 2064 2075
f 2059 2073 2058
f 2059 2072 2073
f 2075 2076 2074
f 2075 2077 2076
f 2064 2077 2075
f 2064 2065 2077
f 2077 2078 2076
f 2077 2079 2078
f 2065 2079 2077
f 2065 2070 2079
f 2079 2080 2078
f 2079 2081 2080
f 2070 2081 2079
f 2070 2071 2081
f 835 2083 2082
f 835 836 2083
f 835 2084 837
f 835 2082 2084
f 2082 2086 2085
f 2082 2083 2086
f 2082 2087 2084
f 2082 2085 2087
f 2085 2089 2088
f 2085 2086 2089
f 2085 2090 2087
f 2085 2088 2090
f 2088 2092 2091
f 2088 2089 2092
f 2088 2093 2090
f 2088 2091 2093
f 849 2095 2094
f 849 850 2095
f 849 2096 851
f 849 2094 2096
f 2094 2098 2097
f 2094 2095 2098
f 2094 2099 2096
f 2094 2097 2099
f 853 2084 2100
f 853 837 2084
f 853 2095 850
f 853 2100 2095
f 2100 2087 2101
f 2100 2084 2087
f 2100 2098 2095
f 2100 2101 2098
f 2097 2103 2102
f 2097 2098 2103
f 2097 2104 2099
f 2097 2102 2104
f 2102 2106 2105
f 2102 2103 2106
f 2102 2107 2104
f 2102 2105 2107
f 2101 2090 2108
f 2101 2087 2090
f 2101 2103 2098
f 2101 2108 2103
f 2108 2093 2109
f 2108 2090 2093
f 2108 2106 2103
f 2108 2109 2106
f 2091 2111 2110
f 2091 2092 2111
f 2091 2112 2093
f 2091 2110 2112
f 2110 2114 2113
f 2110 2111 2114
f 2110 2115 2112
f 2110 2113 2115
f 2113 2117 2116
f 2113 2114 2117
f 2113 2118 2115
f 2113 2116 2118
f 2119 2121 2120
f 2119 2122 2121
f 2116 2122 2119
f 2116 2117 2122
f 2116 2120 2118
f 2116 2119 2120
f 2105 2124 2123
f 2105 2106 2124
f 2105 2125 2107
f 2105 2123 2125
f 2123 2127 2126
f 2123 2124 2127
f 2123 2128 2125
f 2123 2126 2128
f 2109 2112 2129
f 2109 2093 2112
f 2109 2124 2106
f 2109 2129 2124
f 2129 2115 2130
f 2129 2112 2115
f 2129 2127 2124
f 2129 2130 2127
f 2126 2132 2131
f 2126 2127 2132
f 2126 2133 2128
f 2126 2131 2133
f 2134 2136 2135
f 2134 2137 2136
f 2131 2137 2134
f 2131 2132 2137
f 2131 2135 2133
f 2131 2134 2135
f 2130 2118 2138
f 2130 2115 2118
f 2130 2132 2127
f 2130 2138 2132
f 2139 2140 2137
f 2139 2120 2140
f 2138 2120 2139
f 2138 2118 2120
f 2138 2137 2132
f 2138 2139 2137
f 851 2141 901
f 851 2096 2141
f 2096 2142 2141
f 2096 2099 2142
f 901 2143 903
f 901 2141 2143
f 2141 2144 2143
f 2141 2142 2144
f 906 2146 2145
f 906 907 2146
f 2145 2148 2147
f 2145 2146 2148
f 907 2149 2146
f 907 909 2149
f 2146 2150 2148
f 2146 2149 2150
f 2099 2151 2142
f 2099 2104 2151
f 2104 2152 2151
f 2104 2107 2152
f 2142 2153 2144
f 2142 2151 2153
f 2151 2154 2153
f 2151 2152 2154
f 2147 2156 2155
f 2147 2148 2156
f 2155 2158 2157
f 2155 2156 2158
f 2148 2159 2156
f 2148 2150 2159
f 2156 2160 2158
f 2156 2159 2160
f 903 2161 919
f 903 2143 2161
f 2143 2162 2161
f 2143 2144 2162
f 919 2163 921
f 919 2161 2163
f 2161 2164 2163
f 2161 2162 2164
f 909 2165 2149
f 909 923 2165
f 2149 2166 2150
f 2149 2165 2166
f 923 2167 2165
f 923 925 2167
f 2165 2168 2166
f 2165 2167 2168
f 2144 2169 2162
f 2144 2153 2169
f 2153 2170 2169
f 2153 2154 2170
f 2162 2171 2164
f 2162 2169 2171
f 2169 2172 2171
f 2169 2170 2172
f 2150 2173 2159
f 2150 2166 2173
f 2159 2174 2160
f 2159 2173 2174
f 2166 2175 2173
f 2166 2168 2175
f 2173 2176 2174
f 2173 2175 2176
f 2107 2177 2152
f 2107 2125 2177
f 2125 2178 2177
f 2125 2128 2178
f 2152 2179 2154
f 2152 2177 2179
f 2177 2180 2179
f 2177 2178 2180
f 2157 2182 2181
f 2157 2158 2182
f 2158 2183 2182
f 2158 2160 2183
f 2128 2184 2178
f 2128 2133 2184
f 2135 2186 2185
f 2135 2136 2186
f 2133 2185 2184
f 2133 2135 2185
f 2178 2187 2180
f 2178 2184 2187
f 2185 2189 2188
f 2185 2186 2189
f 2184 2188 2187
f 2184 2185 2188
f 2154 2190 2170
f 2154 2179 2190
f 2179 2191 2190
f 2179 2180 2191
f 2170 2192 2172
f 2170 2190 2192
f 2190 2193 2192
f 2190 2191 2193
f 2160 2194 2183
f 2160 2174 2194
f 2174 2195 2194
f 2174 2176 2195
f 2180 2196 2191
f 2180 2187 2196
f 2188 2198 2197
f 2188 2189 2198
f 2187 2197 2196
f 2187 2188 2197
f 2191 2199 2193
f 2191 2196 2199
f 2197 2201 2200
f 2197 2198 2201
f 2196 2200 2199
f 2196 2197 2200
f 969 1943 2202
f 969 567 1943
f 969 2083 836
f 969 2202 2083
f 2202 1946 2203
f 2202 1943 1946
f 2202 2086 2083
f 2202 2203 2086
f 973 2204 972
f 973 2205 2204
f 600 2204 1974
f 600 972 2204
f 2205 2206 2204
f 2205 2207 2206
f 1974 2206 1977
f 1974 2204 2206
f 977 2208 976
f 977 2209 2208
f 973 2208 2205
f 973 976 2208
f 2209 2210 2208
f 2209 2211 2210
f 2205 2210 2207
f 2205 2208 2210
f 2203 1951 2212
f 2203 1946 1951
f 2203 2089 2086
f 2203 2212 2089
f 2212 1954 2213
f 2212 1951 1954
f 2212 2092 2089
f 2212 2213 2092
f 2207 2214 2206
f 2207 2215 2214
f 1977 2214 1984
f 1977 2206 2214
f 2215 2216 2214
f 2215 2217 2216
f 1984 2216 1987
f 1984 2214 2216
f 2211 2218 2210
f 2211 2219 2218
f 2207 2218 2215
f 2207 2210 2218
f 2219 2220 2218
f 2219 2221 2220
f 2215 2220 2217
f 2215 2218 2220
f 987 2222 986
f 987 2223 2222
f 977 2222 2209
f 977 986 2222
f 2223 2224 2222
f 2223 2225 2224
f 2209 2224 2211
f 2209 2222 2224
f 906 2226 989
f 906 2145 2226
f 987 2226 2223
f 987 989 2226
f 2145 2227 2226
f 2145 2147 2227
f 2223 2227 2225
f 2223 2226 2227
f 2225 2228 2224
f 2225 2229 2228
f 2211 2228 2219
f 2211 2224 2228
f 2229 2230 2228
f 2229 2231 2230
f 2219 2230 2221
f 2219 2228 2230
f 2147 2232 2227
f 2147 2155 2232
f 2225 2232 2229
f 2225 2227 2232
f 2155 2233 2232
f 2155 2157 2233
f 2229 2233 2231
f 2229 2232 2233
f 2213 2008 2234
f 2213 1954 2008
f 2213 2111 2092
f 2213 2234 2111
f 2234 2011 2235
f 2234 2008 2011
f 2234 2114 2111
f 2234 2235 2114
f 2217 2236 2216
f 2217 2237 2236
f 1987 2236 2045
f 1987 2216 2236
f 2221 2238 2220
f 2221 2239 2238
f 2217 2238 2237
f 2217 2220 2238
f 2237 2240 2236
f 2237 2238 2240
f 2235 2016 2241
f 2235 2011 2016
f 2235 2117 2114
f 2235 2241 2117
f 2242 2243 2122
f 2242 2018 2243
f 2241 2018 2242
f 2241 2016 2018
f 2241 2122 2117
f 2241 2242 2122
f 2231 2244 2230
f 2231 2245 2244
f 2221 2244 2239
f 2221 2230 2244
f 2157 2246 2233
f 2157 2181 2246
f 2231 2246 2245
f 2231 2233 2246
f 2245 2247 2244
f 2245 2246 2247
f 2239 2248 2238
f 2239 2244 2248
f 2238 2249 2240
f 2238 2248 2249
f 2244 2250 2248
f 2244 2247 2250
f 2248 2251 2249
f 2248 2250 2251
f 2045 2252 2044
f 2045 2236 2252
f 2044 2253 2046
f 2044 2252 2253
f 2236 2254 2252
f 2236 2240 2254
f 2252 2255 2253
f 2252 2254 2255
f 2046 2256 2047
f 2046 2253 2256
f 2047 2257 2048
f 2047 2256 2257
f 2253 2258 2256
f 2253 2255 2258
f 2256 2259 2257
f 2256 2258 2259
f 2240 2260 2254
f 2240 2249 2260
f 2254 2261 2255
f 2254 2260 2261
f 2249 2262 2260
f 2249 2251 2262
f 2260 2263 2261
f 2260 2262 2263
f 2255 2264 2258
f 2255 2261 2264
f 2258 2265 2259
f 2258 2264 2265
f 2261 2266 2264
f 2261 2263 2266
f 2264 2267 2265
f 2264 2266 2267
f 2181 2268 2246
f 2181 2182 2268
f 2246 2269 2247
f 2246 2268 2269
f 2182 2270 2268
f 2182 2183 2270
f 2268 2271 2269
f 2268 2270 2271
f 2247 2272 2250
f 2247 2269 2272
f 2250 2273 2251
f 2250 2272 2273
f 2269 2274 2272
f 2269 2271 2274
f 2272 2275 2273
f 2272 2274 2275
f 2183 2276 2270
f 2183 2194 2276
f 2270 2277 2271
f 2270 2276 2277
f 2194 2278 2276
f 2194 2195 2278
f 2276 2279 2277
f 2276 2278 2279
f 2271 2280 2274
f 2271 2277 2280
f 2274 2281 2275
f 2274 2280 2281
f 2277 2282 2280
f 2277 2279 2282
f 2280 2283 2281
f 2280 2282 2283
f 2251 2284 2262
f 2251 2273 2284
f 2262 2285 2263
f 2262 2284 2285
f 2273 2286 2284
f 2273 2275 2286
f 2284 2287 2285
f 2284 2286 2287
f 2263 2288 2266
f 2263 2285 2288
f 2266 2289 2267
f 2266 2288 2289
f 2285 2290 2288
f 2285 2287 2290
f 2288 2291 2289
f 2288 2290 2291
f 2275 2292 2286
f 2275 2281 2292
f 2286 2293 2287
f 2286 2292 2293
f 2281 2294 2292
f 2281 2283 2294
f 2292 2295 2293
f 2292 2294 2295
f 2287 2296 2290
f 2287 2293 2296
f 2290 2297 2291
f 2290 2296 2297
f 2293 2298 2296
f 2293 2295 2298
f 2296 2299 2297
f 2296 2298 2299
f 2300 2302 2301
f 2300 2303 2302
f 2120 2303 2300
f 2120 2121 2303
f 2120 2301 2140
f 2120 2300 2301
f 2304 2306 2305
f 2304 2301 2306
f 2137 2301 2304
f 2137 2140 2301
f 2137 2305 2136
f 2137 2304 2305
f 2307 2309 2308
f 2307 2310 2309
f 2301 2310 2307
f 2301 2302 2310
f 2301 2308 2306
f 2301 2307 2308
f 2305 2312 2311
f 2305 2306 2312
f 2136 2311 2186
f 2136 2305 2311
f 2306 2313 2312
f 2306 2308 2313
f 2311 2315 2314
f 2311 2312 2315
f 2186 2314 2189
f 2186 2311 2314
f 2312 2316 2315
f 2312 2313 2316
f 2317 2319 2318
f 2317 2320 2319
f 2308 2320 2317
f 2308 2309 2320
f 2308 2318 2313
f 2308 2317 2318
f 2318 2322 2321
f 2318 2319 2322
f 2313 2321 2316
f 2313 2318 2321
f 2314 2324 2323
f 2314 2315 2324
f 2189 2323 2198
f 2189 2314 2323
f 2315 2325 2324
f 2315 2316 2325
f 2323 2327 2326
f 2323 2324 2327
f 2198 2326 2201
f 2198 2323 2326
f 2324 2328 2327
f 2324 2325 2328
f 2321 2330 2329
f 2321 2322 2330
f 2316 2329 2325
f 2316 2321 2329
f 2329 2332 2331
f 2329 2330 2332
f 2325 2331 2328
f 2325 2329 2331
f 2333 2335 2334
f 2333 2054 2335
f 2018 2054 2333
f 2018 2019 2054
f 2018 2334 2243
f 2018 2333 2334
f 2336 2337 2303
f 2336 2334 2337
f 2122 2334 2336
f 2122 2243 2334
f 2122 2303 2121
f 2122 2336 2303
f 2338 2340 2339
f 2338 2341 2340
f 2334 2341 2338
f 2334 2335 2341
f 2334 2339 2337
f 2334 2338 2339
f 2342 2343 2341
f 2342 2057 2343
f 2054 2057 2342
f 2054 2055 2057
f 2054 2341 2335
f 2054 2342 2341
f 2344 2346 2345
f 2344 2073 2346
f 2057 2073 2344
f 2057 2058 2073
f 2057 2345 2343
f 2057 2344 2345
f 2347 2349 2348
f 2347 2345 2349
f 2341 2345 2347
f 2341 2343 2345
f 2341 2348 2340
f 2341 2347 2348
f 2350 2352 2351
f 2350 2353 2352
f 2345 2353 2350
f 2345 2346 2353
f 2345 2351 2349
f 2345 2350 2351
f 2354 2355 2310
f 2354 2339 2355
f 2303 2339 2354
f 2303 2337 2339
f 2303 2310 2302
f 2303 2354 2310
f 2356 2358 2357
f 2356 2348 2358
f 2339 2348 2356
f 2339 2340 2348
f 2339 2357 2355
f 2339 2356 2357
f 2359 2360 2320
f 2359 2357 2360
f 2310 2357 2359
f 2310 2355 2357
f 2310 2320 2309
f 2310 2359 2320
f 2361 2363 2362
f 2361 2364 2363
f 2357 2364 2361
f 2357 2358 2364
f 2357 2362 2360
f 2357 2361 2362
f 2365 2366 2364
f 2365 2351 2366
f 2348 2351 2365
f 2348 2349 2351
f 2348 2364 2358
f 2348 2365 2364
f 2351 2367 2366
f 2351 2352 2367
f 2364 2368 2363
f 2364 2366 2368
f 2369 2370 2353
f 2369 2371 2370
f 2073 2371 2369
f 2073 2074 2371
f 2073 2353 2346
f 2073 2369 2353
f 2371 2372 2370
f 2371 2373 2372
f 2074 2373 2371
f 2074 2076 2373
f 2353 2374 2352
f 2353 2370 2374
f 2370 2375 2374
f 2370 2372 2375
f 2373 2376 2372
f 2373 2377 2376
f 2076 2377 2373
f 2076 2078 2377
f 2377 2378 2376
f 2377 2379 2378
f 2078 2379 2377
f 2078 2080 2379
f 2372 2380 2375
f 2372 2376 2380
f 2376 2381 2380
f 2376 2378 2381
f 2352 2382 2367
f 2352 2374 2382
f 2374 2383 2382
f 2374 2375 2383
f 2375 2384 2383
f 2375 2380 2384
f 2380 2385 2384
f 2380 2381 2385
f 2386 2388 2387
f 2386 2362 2388
f 2320 2362 2386
f 2320 2360 2362
f 2320 2387 2319
f 2320 2386 2387
f 2362 2389 2388
f 2362 2363 2389
f 2387 2391 2390
f 2387 2388 2391
f 2319 2390 2322
f 2319 2387 2390
f 2388 2392 2391
f 2388 2389 2392
f 2363 2393 2389
f 2363 2368 2393
f 2389 2394 2392
f 2389 2393 2394
f 2390 2396 2395
f 2390 2391 2396
f 2322 2395 2330
f 2322 2390 2395
f 2391 2397 2396
f 2391 2392 2397
f 2395 2399 2398
f 2395 2396 2399
f 2330 2398 2332
f 2330 2395 2398
f 2396 2400 2399
f 2396 2397 2400
f 2392 2401 2397
f 2392 2394 2401
f 2397 2402 2400
f 2397 2401 2402
f 585 2403 1962
f 585 1499 2403
f 1499 2404 2403
f 1499 1500 2404
f 1962 2405 1964
f 1962 2403 2405
f 2403 2406 2405
f 2403 2404 2406
f 1500 2407 2404
f 1500 1503 2407
f 1503 2408 2407
f 1503 1504 2408
f 2404 2409 2406
f 2404 2407 2409
f 2407 2410 2409
f 2407 2408 2410
f 1964 2411 1970
f 1964 2405 2411
f 2405 2412 2411
f 2405 2406 2412
f 1970 2413 1972
f 1970 2411 2413
f 2411 2414 2413
f 2411 2412 2414
f 2406 2415 2412
f 2406 2409 2415
f 2409 2416 2415
f 2409 2410 2416
f 2412 2417 2414
f 2412 2415 2417
f 2415 2418 2417
f 2415 2416 2418
f 605 2419 1515
f 605 1980 2419
f 1515 2420 1516
f 1515 2419 2420
f 1980 2421 2419
f 1980 1982 2421
f 2419 2422 2420
f 2419 2421 2422
f 1516 2423 1519
f 1516 2420 2423
f 1519 2424 1520
f 1519 2423 2424
f 2420 2425 2423
f 2420 2422 2425
f 2423 2426 2424
f 2423 2425 2426
f 1982 2427 2421
f 1982 1990 2427
f 2421 2428 2422
f 2421 2427 2428
f 1990 2429 2427
f 1990 1992 2429
f 2427 2430 2428
f 2427 2429 2430
f 2422 2431 2425
f 2422 2428 2431
f 2425 2432 2426
f 2425 2431 2432
f 2428 2433 2431
f 2428 2430 2433
f 2431 2434 2432
f 2431 2433 2434
f 1527 2436 2435
f 1527 1528 2436
f 1504 2435 2408
f 1504 1527 2435
f 2435 2438 2437
f 2435 2436 2438
f 2408 2437 2410
f 2408 2435 2437
f 2437 2440 2439
f 2437 2438 2440
f 2410 2439 2416
f 2410 2437 2439
f 2439 2442 2441
f 2439 2440 2442
f 2416 2441 2418
f 2416 2439 2441
f 1539 2444 2443
f 1539 1540 2444
f 1528 2443 2436
f 1528 1539 2443
f 2443 2446 2445
f 2443 2444 2446
f 2436 2445 2438
f 2436 2443 2445
f 1543 2448 2447
f 1543 1544 2448
f 1540 2447 2444
f 1540 1543 2447
f 2447 2450 2449
f 2447 2448 2450
f 2444 2449 2446
f 2444 2447 2449
f 2445 2452 2451
f 2445 2446 2452
f 2438 2451 2440
f 2438 2445 2451
f 2451 2454 2453
f 2451 2452 2454
f 2440 2453 2442
f 2440 2451 2453
f 2449 2456 2455
f 2449 2450 2456
f 2446 2455 2452
f 2446 2449 2455
f 2455 2458 2457
f 2455 2456 2458
f 2452 2457 2454
f 2452 2455 2457
f 1972 2459 2029
f 1972 2413 2459
f 2413 2460 2459
f 2413 2414 2460
f 2029 2461 2031
f 2029 2459 2461
f 2459 2462 2461
f 2459 2460 2462
f 2414 2463 2460
f 2414 2417 2463
f 2417 2464 2463
f 2417 2418 2464
f 2460 2465 2462
f 2460 2463 2465
f 2463 2466 2465
f 2463 2464 2466
f 2031 2467 2039
f 2031 2461 2467
f 2461 2468 2467
f 2461 2462 2468
f 2043 2469 2042
f 2043 2470 2469
f 2039 2470 2043
f 2039 2467 2470
f 2470 2471 2469
f 2470 2472 2471
f 2467 2472 2470
f 2467 2468 2472
f 2462 2473 2468
f 2462 2465 2473
f 2465 2474 2473
f 2465 2466 2474
f 2472 2475 2471
f 2472 2476 2475
f 2468 2476 2472
f 2468 2473 2476
f 2476 2477 2475
f 2476 2478 2477
f 2473 2478 2476
f 2473 2474 2478
f 1992 2479 2429
f 1992 2048 2479
f 2429 2480 2430
f 2429 2479 2480
f 2430 2481 2433
f 2430 2480 2481
f 2433 2482 2434
f 2433 2481 2482
f 2441 2484 2483
f 2441 2442 2484
f 2418 2483 2464
f 2418 2441 2483
f 2483 2486 2485
f 2483 2484 2486
f 2464 2485 2466
f 2464 2483 2485
f 2485 2488 2487
f 2485 2486 2488
f 2466 2487 2474
f 2466 2485 2487
f 2478 2489 2477
f 2478 2490 2489
f 2487 2489 2490
f 2487 2488 2489
f 2474 2490 2478
f 2474 2487 2490
f 2453 2492 2491
f 2453 2454 2492
f 2442 2491 2484
f 2442 2453 2491
f 2491 2494 2493
f 2491 2492 2494
f 2484 2493 2486
f 2484 2491 2493
f 2457 2496 2495
f 2457 2458 2496
f 2454 2495 2492
f 2454 2457 2495
f 2495 2498 2497
f 2495 2496 2498
f 2492 2497 2494
f 2492 2495 2497
f 2493 2500 2499
f 2493 2494 2500
f 2486 2499 2488
f 2486 2493 2499
f 2489 2502 2501
f 2489 2503 2502
f 2499 2502 2503
f 2499 2500 2502
f 2488 2503 2489
f 2488 2499 2503
f 2497 2505 2504
f 2497 2498 2505
f 2494 2504 2500
f 2494 2497 2504
f 2502 2507 2506
f 2502 2508 2507
f 2504 2507 2508
f 2504 2505 2507
f 2500 2508 2502
f 2500 2504 2508
f 2069 2509 2068
f 2069 2510 2509
f 2042 2510 2069
f 2042 2469 2510
f 2510 2511 2509
f 2510 2512 2511
f 2469 2512 2510
f 2469 2471 2512
f 2068 2513 2071
f 2068 2509 2513
f 2509 2514 2513
f 2509 2511 2514
f 2512 2515 2511
f 2512 2516 2515
f 2471 2516 2512
f 2471 2475 2516
f 2516 2517 2515
f 2516 2518 2517
f 2475 2518 2516
f 2475 2477 2518
f 2511 2519 2514
f 2511 2515 2519
f 2515 2520 2519
f 2515 2517 2520
f 2081 2521 2080
f 2081 2522 2521
f 2071 2522 2081
f 2071 2513 2522
f 2522 2523 2521
f 2522 2524 2523
f 2513 2524 2522
f 2513 2514 2524
f 2524 2525 2523
f 2524 2526 2525
f 2514 2526 2524
f 2514 2519 2526
f 2526 2527 2525
f 2526 2528 2527
f 2520 2527 2528
f 2520 2529 2527
f 2519 2528 2526
f 2519 2520 2528
f 2518 2530 2517
f 2518 2531 2530
f 2489 2530 2531
f 2489 2501 2530
f 2477 2531 2518
f 2477 2489 2531
f 2530 2533 2532
f 2530 2534 2533
f 2502 2533 2534
f 2502 2506 2533
f 2501 2534 2530
f 2501 2502 2534
f 2520 2535 2529
f 2520 2536 2535
f 2530 2535 2536
f 2530 2532 2535
f 2517 2536 2520
f 2517 2530 2536
f 1792 2537 1791
f 1792 2538 2537
f 1520 2538 1792
f 1520 2424 2538
f 2538 2539 2537
f 2538 2540 2539
f 2424 2540 2538
f 2424 2426 2540
f 1796 2541 1795
f 1796 2542 2541
f 1791 2542 1796
f 1791 2537 2542
f 2542 2543 2541
f 2542 2544 2543
f 2537 2544 2542
f 2537 2539 2544
f 1799 2546 2545
f 1799 1800 2546
f 1544 2545 2448
f 1544 1799 2545
f 2545 2548 2547
f 2545 2546 2548
f 2448 2547 2450
f 2448 2545 2547
f 2540 2549 2539
f 2540 2550 2549
f 2426 2550 2540
f 2426 2432 2550
f 2550 2551 2549
f 2550 2552 2551
f 2432 2552 2550
f 2432 2434 2552
f 2544 2553 2543
f 2544 2554 2553
f 2539 2554 2544
f 2539 2549 2554
f 2554 2555 2553
f 2554 2556 2555
f 2549 2556 2554
f 2549 2551 2556
f 2547 2558 2557
f 2547 2548 2558
f 2450 2557 2456
f 2450 2547 2557
f 2557 2560 2559
f 2557 2558 2560
f 2456 2559 2458
f 2456 2557 2559
f 1812 2561 1811
f 1812 2562 2561
f 1795 2562 1812
f 1795 2541 2562
f 2562 2563 2561
f 2562 2564 2563
f 2541 2564 2562
f 2541 2543 2564
f 1816 2565 1815
f 1816 2566 2565
f 1811 2566 1816
f 1811 2561 2566
f 2566 2567 2565
f 2566 2568 2567
f 2561 2568 2566
f 2561 2563 2568
f 2564 2569 2563
f 2564 2570 2569
f 2543 2570 2564
f 2543 2553 2570
f 2570 2571 2569
f 2570 2572 2571
f 2553 2572 2570
f 2553 2555 2572
f 2568 2573 2567
f 2568 2574 2573
f 2563 2574 2568
f 2563 2569 2574
f 2574 2575 2573
f 2574 2576 2575
f 2569 2576 2574
f 2569 2571 2576
f 2048 2577 2479
f 2048 2257 2577
f 2479 2578 2480
f 2479 2577 2578
f 2257 2579 2577
f 2257 2259 2579
f 2577 2580 2578
f 2577 2579 2580
f 2480 2581 2481
f 2480 2578 2581
f 2481 2582 2482
f 2481 2581 2582
f 2578 2583 2581
f 2578 2580 2583
f 2581 2584 2582
f 2581 2583 2584
f 2259 2585 2579
f 2259 2265 2585
f 2579 2586 2580
f 2579 2585 2586
f 2265 2587 2585
f 2265 2267 2587
f 2585 2588 2586
f 2585 2587 2588
f 2580 2589 2583
f 2580 2586 2589
f 2583 2590 2584
f 2583 2589 2590
f 2586 2591 2589
f 2586 2588 2591
f 2589 2592 2590
f 2589 2591 2592
f 2552 2593 2551
f 2552 2582 2593
f 2434 2582 2552
f 2434 2482 2582
f 2556 2594 2555
f 2556 2595 2594
f 2551 2595 2556
f 2551 2593 2595
f 2582 2595 2593
f 2582 2584 2595
f 2559 2597 2596
f 2559 2560 2597
f 2458 2596 2496
f 2458 2559 2596
f 2596 2599 2598
f 2596 2597 2599
f 2496 2598 2498
f 2496 2596 2598
f 2598 2601 2600
f 2598 2599 2601
f 2498 2600 2505
f 2498 2598 2600
f 2507 2603 2602
f 2507 2604 2603
f 2600 2603 2604
f 2600 2601 2603
f 2505 2604 2507
f 2505 2600 2604
f 2584 2605 2595
f 2584 2590 2605
f 2595 2606 2594
f 2595 2605 2606
f 2590 2607 2605
f 2590 2592 2607
f 2605 2608 2606
f 2605 2607 2608
f 2572 2609 2571
f 2572 2606 2609
f 2555 2606 2572
f 2555 2594 2606
f 2576 2610 2575
f 2576 2611 2610
f 2571 2611 2576
f 2571 2609 2611
f 2606 2611 2609
f 2606 2608 2611
f 2267 2612 2587
f 2267 2289 2612
f 2587 2613 2588
f 2587 2612 2613
f 2289 2614 2612
f 2289 2291 2614
f 2612 2615 2613
f 2612 2614 2615
f 2588 2616 2591
f 2588 2613 2616
f 2591 2617 2592
f 2591 2616 2617
f 2613 2618 2616
f 2613 2615 2618
f 2616 2619 2617
f 2616 2618 2619
f 2291 2620 2614
f 2291 2297 2620
f 2614 2621 2615
f 2614 2620 2621
f 2297 2622 2620
f 2297 2299 2622
f 2620 2623 2621
f 2620 2622 2623
f 2615 2624 2618
f 2615 2621 2624
f 2618 2625 2619
f 2618 2624 2625
f 2621 2626 2624
f 2621 2623 2626
f 2624 2627 2625
f 2624 2626 2627
f 2592 2628 2607
f 2592 2617 2628
f 2607 2629 2608
f 2607 2628 2629
f 2617 2630 2628
f 2617 2619 2630
f 2628 2631 2629
f 2628 2630 2631
f 2608 2632 2611
f 2608 2629 2632
f 2611 2633 2610
f 2611 2632 2633
f 2629 2634 2632
f 2629 2631 2634
f 2632 2635 2633
f 2632 2634 2635
f 2619 2636 2630
f 2619 2625 2636
f 2630 2637 2631
f 2630 2636 2637
f 2625 2638 2636
f 2625 2627 2638
f 2636 2639 2637
f 2636 2638 2639
f 2631 2640 2634
f 2631 2637 2640
f 2634 2641 2635
f 2634 2640 2641
f 2637 2642 2640
f 2637 2639 2642
f 2640 2643 2641
f 2640 2642 2643
f 1847 2645 2644
f 1847 1848 2645
f 1800 2644 2546
f 1800 1847 2644
f 2644 2647 2646
f 2644 2645 2647
f 2546 2646 2548
f 2546 2644 2646
f 2646 2649 2648
f 2646 2647 2649
f 2548 2648 2558
f 2548 2646 2648
f 2648 2651 2650
f 2648 2649 2651
f 2558 2650 2560
f 2558 2648 2650
f 1859 2653 2652
f 1859 1860 2653
f 1848 2652 2645
f 1848 1859 2652
f 2652 2655 2654
f 2652 2653 2655
f 2645 2654 2647
f 2645 2652 2654
f 1863 2657 2656
f 1863 1864 2657
f 1860 2656 2653
f 1860 1863 2656
f 2656 2659 2658
f 2656 2657 2659
f 2653 2658 2655
f 2653 2656 2658
f 2654 2661 2660
f 2654 2655 2661
f 2647 2660 2649
f 2647 2654 2660
f 2660 2663 2662
f 2660 2661 2663
f 2649 2662 2651
f 2649 2660 2662
f 2658 2665 2664
f 2658 2659 2665
f 2655 2664 2661
f 2655 2658 2664
f 2664 2667 2666
f 2664 2665 2667
f 2661 2666 2663
f 2661 2664 2666
f 2650 2669 2668
f 2650 2651 2669
f 2560 2668 2597
f 2560 2650 2668
f 2668 2671 2670
f 2668 2669 2671
f 2597 2670 2599
f 2597 2668 2670
f 2670 2673 2672
f 2670 2671 2673
f 2599 2672 2601
f 2599 2670 2672
f 2603 2675 2674
f 2603 2676 2675
f 2672 2675 2676
f 2672 2673 2675
f 2601 2676 2603
f 2601 2672 2676
f 2662 2678 2677
f 2662 2663 2678
f 2651 2677 2669
f 2651 2662 2677
f 2677 2680 2679
f 2677 2678 2680
f 2669 2679 2671
f 2669 2677 2679
f 2666 2682 2681
f 2666 2667 2682
f 2663 2681 2678
f 2663 2666 2681
f 2681 2684 2683
f 2681 2682 2684
f 2678 2683 2680
f 2678 2681 2683
f 2679 2686 2685
f 2679 2680 2686
f 2671 2685 2673
f 2671 2679 2685
f 2675 2688 2687
f 2675 2689 2688
f 2685 2688 2689
f 2685 2686 2688
f 2673 2689 2675
f 2673 2685 2689
f 2683 2691 2690
f 2683 2684 2691
f 2680 2690 2686
f 2680 2683 2690
f 2688 2693 2692
f 2688 2694 2693
f 2690 2693 2694
f 2690 2691 2693
f 2686 2694 2688
f 2686 2690 2694
f 1815 2695 1906
f 1815 2565 2695
f 2565 2696 2695
f 2565 2567 2696
f 1906 2697 1908
f 1906 2695 2697
f 2695 2698 2697
f 2695 2696 2698
f 1864 2699 2657
f 1864 1910 2699
f 2657 2700 2659
f 2657 2699 2700
f 1910 2701 2699
f 1910 1912 2701
f 2699 2702 2700
f 2699 2701 2702
f 2567 2703 2696
f 2567 2573 2703
f 2573 2704 2703
f 2573 2575 2704
f 2696 2705 2698
f 2696 2703 2705
f 2703 2706 2705
f 2703 2704 2706
f 2659 2707 2665
f 2659 2700 2707
f 2665 2708 2667
f 2665 2707 2708
f 2700 2709 2707
f 2700 2702 2709
f 2707 2710 2708
f 2707 2709 2710
f 1908 2711 1922
f 1908 2697 2711
f 2697 2712 2711
f 2697 2698 2712
f 1922 2713 1924
f 1922 2711 2713
f 2711 2714 2713
f 2711 2712 2714
f 1912 2715 2701
f 1912 1926 2715
f 2701 2716 2702
f 2701 2715 2716
f 1926 2717 2715
f 1926 1928 2717
f 2715 2718 2716
f 2715 2717 2718
f 2698 2719 2712
f 2698 2705 2719
f 2705 2720 2719
f 2705 2706 2720
f 2712 2721 2714
f 2712 2719 2721
f 2719 2722 2721
f 2719 2720 2722
f 2702 2723 2709
f 2702 2716 2723
f 2709 2724 2710
f 2709 2723 2724
f 2716 2725 2723
f 2716 2718 2725
f 2723 2726 2724
f 2723 2725 2726
f 2575 2633 2704
f 2575 2610 2633
f 2704 2635 2706
f 2704 2633 2635
f 2667 2727 2682
f 2667 2708 2727
f 2682 2728 2684
f 2682 2727 2728
f 2708 2729 2727
f 2708 2710 2729
f 2727 2730 2728
f 2727 2729 2730
f 2684 2731 2691
f 2684 2728 2731
f 2692 2733 2732
f 2692 2693 2733
f 2691 2733 2693
f 2691 2731 2733
f 2728 2734 2731
f 2728 2730 2734
f 2732 2736 2735
f 2732 2733 2736
f 2731 2736 2733
f 2731 2734 2736
f 2706 2641 2720
f 2706 2635 2641
f 2720 2643 2722
f 2720 2641 2643
f 2710 2737 2729
f 2710 2724 2737
f 2729 2738 2730
f 2729 2737 2738
f 2724 2739 2737
f 2724 2726 2739
f 2737 2740 2738
f 2737 2739 2740
f 2730 2741 2734
f 2730 2738 2741
f 2735 2743 2742
f 2735 2736 2743
f 2734 2743 2736
f 2734 2741 2743
f 2738 2744 2741
f 2738 2740 2744
f 2742 2746 2745
f 2742 2743 2746
f 2741 2746 2743
f 2741 2744 2746
f 2379 2747 2378
f 2379 2748 2747
f 2080 2748 2379
f 2080 2521 2748
f 2748 2749 2747
f 2748 2750 2749
f 2521 2750 2748
f 2521 2523 2750
f 2378 2751 2381
f 2378 2747 2751
f 2747 2752 2751
f 2747 2749 2752
f 2750 2753 2749
f 2750 2754 2753
f 2523 2754 2750
f 2523 2525 2754
f 2754 2755 2753
f 2754 2756 2755
f 2527 2755 2756
f 2527 2757 2755
f 2525 2756 2754
f 2525 2527 2756
f 2749 2758 2752
f 2749 2753 2758
f 2753 2759 2758
f 2753 2755 2759
f 2381 2760 2385
f 2381 2751 2760
f 2751 2761 2760
f 2751 2752 2761
f 2752 2762 2761
f 2752 2758 2762
f 2758 2763 2762
f 2758 2759 2763
f 2761 2762 2764
f 2762 2765 2764
f 2762 2763 2765
f 2535 2767 2766
f 2535 2768 2767
f 2533 2767 2768
f 2533 2769 2767
f 2532 2768 2535
f 2532 2533 2768
f 2533 2770 2769
f 2533 2771 2770
f 2507 2770 2771
f 2507 2602 2770
f 2506 2771 2533
f 2506 2507 2771
f 2770 2773 2772
f 2770 2774 2773
f 2603 2773 2774
f 2603 2674 2773
f 2602 2774 2770
f 2602 2603 2774
f 2767 2776 2775
f 2767 2777 2776
f 2770 2776 2777
f 2770 2772 2776
f 2769 2777 2767
f 2769 2770 2777
f 2527 2778 2757
f 2527 2779 2778
f 2535 2778 2779
f 2535 2766 2778
f 2529 2779 2527
f 2529 2535 2779
f 2778 2781 2780
f 2778 2782 2781
f 2767 2781 2782
f 2767 2775 2781
f 2766 2782 2778
f 2766 2767 2782
f 2755 2783 2759
f 2755 2784 2783
f 2778 2783 2784
f 2778 2780 2783
f 2757 2784 2755
f 2757 2778 2784
f 2776 2786 2785
f 2776 2787 2786
f 2773 2786 2787
f 2773 2788 2786
f 2772 2787 2776
f 2772 2773 2787
f 2759 2789 2763
f 2759 2783 2789
f 2783 2790 2789
f 2783 2791 2790
f 2781 2790 2791
f 2781 2792 2790
f 2780 2791 2783
f 2780 2781 2791
f 2763 2793 2765
f 2763 2789 2793
f 2789 2794 2793
f 2789 2790 2794
f 2781 2795 2792
f 2781 2796 2795
f 2776 2795 2796
f 2776 2785 2795
f 2775 2796 2781
f 2775 2776 2796
f 2795 2798 2797
f 2795 2799 2798
f 2786 2798 2799
f 2786 2800 2798
f 2785 2799 2795
f 2785 2786 2799
f 2790 2801 2794
f 2790 2802 2801
f 2795 2801 2802
f 2795 2797 2801
f 2792 2802 2790
f 2792 2795 2802
f 2764 2765 2803
f 2765 2804 2803
f 2765 2793 2804
f 2793 2805 2804
f 2793 2794 2805
f 2804 2807 2806
f 2804 2805 2807
f 2794 2808 2805
f 2794 2801 2808
f 2801 2809 2808
f 2801 2810 2809
f 2798 2809 2810
f 2798 2811 2809
f 2797 2810 2801
f 2797 2798 2810
f 2805 2812 2807
f 2805 2808 2812
f 2808 2813 2812
f 2808 2809 2813
f 2811 2813 2809
f 2811 2814 2813
f 2806 2807 2815
f 2807 2817 2815
f 2807 2812 2817
f 2812 2818 2817
f 2812 2813 2818
f 2814 2818 2813
f 2814 2819 2818
f 2815 2820 2816
f 2815 2817 2820
f 2817 2821 2820
f 2817 2818 2821
f 2819 2821 2818
f 2819 2822 2821
f 2773 2823 2788
f 2773 2824 2823
f 2675 2823 2824
f 2675 2687 2823
f 2674 2824 2773
f 2674 2675 2824
f 2823 2826 2825
f 2823 2827 2826
f 2688 2826 2827
f 2688 2692 2826
f 2687 2827 2823
f 2687 2688 2827
f 2786 2828 2800
f 2786 2829 2828
f 2823 2828 2829
f 2823 2825 2828
f 2788 2829 2786
f 2788 2823 2829
f 2825 2831 2830
f 2825 2826 2831
f 2692 2831 2826
f 2692 2732 2831
f 2825 2832 2828
f 2825 2830 2832
f 2830 2834 2833
f 2830 2831 2834
f 2732 2834 2831
f 2732 2735 2834
f 2830 2835 2832
f 2830 2833 2835
f 2798 2836 2811
f 2798 2837 2836
f 2828 2836 2837
f 2828 2832 2836
f 2800 2837 2798
f 2800 2828 2837
f 2811 2838 2814
f 2811 2836 2838
f 2832 2838 2836
f 2832 2835 2838
f 2833 2840 2839
f 2833 2834 2840
f 2735 2840 2834
f 2735 2742 2840
f 2833 2841 2835
f 2833 2839 2841
f 2839 2843 2842
f 2839 2840 2843
f 2742 2843 2840
f 2742 2745 2843
f 2839 2844 2841
f 2839 2842 2844
f 2814 2845 2819
f 2814 2838 2845
f 2835 2845 2838
f 2835 2841 2845
f 2819 2846 2822
f 2819 2845 2846
f 2841 2846 2845
f 2841 2844 2846
f 231 2847 230
f 231 2848 2847
f 231 2849 2848
f 231 232 2849
f 2848 2850 2847
f 2848 2851 2850
f 2848 2852 2851
f 2848 2849 2852
f 230 2853 236
f 230 2847 2853
f 238 2854 237
f 238 2855 2854
f 236 2855 238
f 236 2853 2855
f 2847 2856 2853
f 2847 2850 2856
f 2855 2857 2854
f 2855 2858 2857
f 2853 2858 2855
f 2853 2856 2858
f 232 2859 2849
f 232 241 2859
f 241 2860 2859
f 241 242 2860
f 2849 2861 2852
f 2849 2859 2861
f 2859 2862 2861
f 2859 2860 2862
f 237 2863 245
f 237 2854 2863
f 245 2864 246
f 245 2863 2864
f 2854 2865 2863
f 2854 2857 2865
f 2863 2866 2864
f 2863 2865 2866
f 2851 2867 2850
f 2851 2868 2867
f 2851 2869 2868
f 2851 2852 2869
f 2868 2870 2867
f 2868 2871 2870
f 2868 2872 2871
f 2868 2869 2872
f 2850 2873 2856
f 2850 2867 2873
f 2858 2874 2857
f 2858 2875 2874
f 2856 2875 2858
f 2856 2873 2875
f 2867 2876 2873
f 2867 2870 2876
f 2875 2877 2874
f 2875 2878 2877
f 2873 2878 2875
f 2873 2876 2878
f 2852 2879 2869
f 2852 2861 2879
f 2861 2880 2879
f 2861 2862 2880
f 2869 2881 2872
f 2869 2879 2881
f 2879 2882 2881
f 2879 2880 2882
f 2857 2883 2865
f 2857 2874 2883
f 2865 2884 2866
f 2865 2883 2884
f 2874 2885 2883
f 2874 2877 2885
f 2883 2886 2884
f 2883 2885 2886
f 242 2887 2860
f 242 269 2887
f 269 2888 2887
f 269 270 2888
f 2860 2889 2862
f 2860 2887 2889
f 2887 2890 2889
f 2887 2888 2890
f 246 2891 273
f 246 2864 2891
f 273 2892 274
f 273 2891 2892
f 2864 2893 2891
f 2864 2866 2893
f 2891 2894 2892
f 2891 2893 2894
f 270 2895 2888
f 270 277 2895
f 277 2896 2895
f 277 278 2896
f 2888 2897 2890
f 2888 2895 2897
f 2895 2898 2897
f 2895 2896 2898
f 274 2899 281
f 274 2892 2899
f 281 2900 282
f 281 2899 2900
f 2892 2901 2899
f 2892 2894 2901
f 2899 2902 2900
f 2899 2901 2902
f 2862 2903 2880
f 2862 2889 2903
f 2889 2904 2903
f 2889 2890 2904
f 2880 2905 2882
f 2880 2903 2905
f 2903 2906 2905
f 2903 2904 2906
f 2866 2907 2893
f 2866 2884 2907
f 2893 2908 2894
f 2893 2907 2908
f 2884 2909 2907
f 2884 2886 2909
f 2907 2910 2908
f 2907 2909 2910
f 2890 2911 2904
f 2890 2897 2911
f 2897 2912 2911
f 2897 2898 2912
f 2904 2913 2906
f 2904 2911 2913
f 2911 2914 2913
f 2911 2912 2914
f 2894 2915 2901
f 2894 2908 2915
f 2901 2916 2902
f 2901 2915 2916
f 2908 2917 2915
f 2908 2910 2917
f 2915 2918 2916
f 2915 2917 2918
f 2919 2921 2920
f 2919 2922 2921
f 2871 2920 2870
f 2871 2919 2920
f 2871 2922 2919
f 2871 2872 2922
f 2870 2923 2876
f 2870 2920 2923
f 2876 2924 2878
f 2876 2923 2924
f 2925 2927 2926
f 2925 2928 2927
f 2920 2926 2923
f 2920 2925 2926
f 2920 2928 2925
f 2920 2921 2928
f 2923 2929 2924
f 2923 2926 2929
f 2922 2930 2921
f 2922 2931 2930
f 2872 2931 2922
f 2872 2881 2931
f 2931 2932 2930
f 2931 2933 2932
f 2881 2933 2931
f 2881 2882 2933
f 2928 2934 2927
f 2928 2935 2934
f 2921 2935 2928
f 2921 2930 2935
f 2935 2936 2934
f 2935 2937 2936
f 2930 2937 2935
f 2930 2932 2937
f 2938 2940 2939
f 2938 2941 2940
f 2926 2939 2929
f 2926 2938 2939
f 2926 2941 2938
f 2926 2927 2941
f 2941 2942 2940
f 2941 2943 2942
f 2927 2943 2941
f 2927 2934 2943
f 2943 2944 2942
f 2943 2945 2944
f 2934 2945 2943
f 2934 2936 2945
f 2933 2946 2932
f 2933 2947 2946
f 2882 2947 2933
f 2882 2905 2947
f 2947 2948 2946
f 2947 2949 2948
f 2905 2949 2947
f 2905 2906 2949
f 2937 2950 2936
f 2937 2951 2950
f 2932 2951 2937
f 2932 2946 2951
f 2951 2952 2950
f 2951 2953 2952
f 2946 2953 2951
f 2946 2948 2953
f 2949 2954 2948
f 2949 2955 2954
f 2906 2955 2949
f 2906 2913 2955
f 2955 2956 2954
f 2955 2957 2956
f 2913 2957 2955
f 2913 2914 2957
f 2953 2958 2952
f 2953 2959 2958
f 2948 2959 2953
f 2948 2954 2959
f 2959 2960 2958
f 2959 2961 2960
f 2954 2961 2959
f 2954 2956 2961
f 2945 2962 2944
f 2945 2963 2962
f 2936 2963 2945
f 2936 2950 2963
f 2963 2964 2962
f 2963 2965 2964
f 2950 2965 2963
f 2950 2952 2965
f 2965 2966 2964
f 2965 2967 2966
f 2952 2967 2965
f 2952 2958 2967
f 2967 2968 2966
f 2967 2969 2968
f 2958 2969 2967
f 2958 2960 2969
f 2970 2972 2971
f 2970 2973 2972
f 2878 2971 2877
f 2878 2970 2971
f 2878 2973 2970
f 2878 2924 2973
f 2924 2974 2973
f 2924 2929 2974
f 2975 2977 2976
f 2975 2978 2977
f 2973 2976 2972
f 2973 2975 2976
f 2973 2978 2975
f 2973 2974 2978
f 2971 2980 2979
f 2971 2972 2980
f 2877 2979 2885
f 2877 2971 2979
f 2979 2982 2981
f 2979 2980 2982
f 2885 2981 2886
f 2885 2979 2981
f 2976 2984 2983
f 2976 2977 2984
f 2972 2983 2980
f 2972 2976 2983
f 2983 2986 2985
f 2983 2984 2986
f 2980 2985 2982
f 2980 2983 2985
f 2929 2987 2974
f 2929 2939 2987
f 2974 2988 2978
f 2974 2987 2988
f 2989 2991 2990
f 2989 2992 2991
f 2939 2990 2987
f 2939 2989 2990
f 2939 2992 2989
f 2939 2940 2992
f 2987 2993 2988
f 2987 2990 2993
f 2994 2996 2995
f 2994 2997 2996
f 2978 2995 2977
f 2978 2994 2995
f 2978 2997 2994
f 2978 2988 2997
f 2988 2998 2997
f 2988 2993 2998
f 2999 3001 3000
f 2999 3002 3001
f 2997 3000 2996
f 2997 2999 3000
f 2997 3002 2999
f 2997 2998 3002
f 2992 3003 2991
f 2992 3004 3003
f 2940 3004 2992
f 2940 2942 3004
f 3004 3005 3003
f 3004 3006 3005
f 2942 3006 3004
f 2942 2944 3006
f 2995 3008 3007
f 2995 2996 3008
f 2977 3007 2984
f 2977 2995 3007
f 3007 3010 3009
f 3007 3008 3010
f 2984 3009 2986
f 2984 3007 3009
f 3000 3012 3011
f 3000 3001 3012
f 2996 3011 3008
f 2996 3000 3011
f 3011 3014 3013
f 3011 3012 3014
f 3008 3013 3010
f 3008 3011 3013
f 2981 3016 3015
f 2981 2982 3016
f 2886 3015 2909
f 2886 2981 3015
f 3015 3018 3017
f 3015 3016 3018
f 2909 3017 2910
f 2909 3015 3017
f 2985 3020 3019
f 2985 2986 3020
f 2982 3019 3016
f 2982 2985 3019
f 3019 3022 3021
f 3019 3020 3022
f 3016 3021 3018
f 3016 3019 3021
f 3017 3024 3023
f 3017 3018 3024
f 2910 3023 2917
f 2910 3017 3023
f 3023 3026 3025
f 3023 3024 3026
f 2917 3025 2918
f 2917 3023 3025
f 3021 3028 3027
f 3021 3022 3028
f 3018 3027 3024
f 3018 3021 3027
f 3027 3030 3029
f 3027 3028 3030
f 3024 3029 3026
f 3024 3027 3029
f 3006 3031 3005
f 3006 3032 3031
f 2944 3032 3006
f 2944 2962 3032
f 3032 3033 3031
f 3032 3034 3033
f 2962 3034 3032
f 2962 2964 3034
f 3009 3036 3035
f 3009 3010 3036
f 2986 3035 3020
f 2986 3009 3035
f 3035 3038 3037
f 3035 3036 3038
f 3020 3037 3022
f 3020 3035 3037
f 3013 3040 3039
f 3013 3014 3040
f 3010 3039 3036
f 3010 3013 3039
f 3039 3042 3041
f 3039 3040 3042
f 3036 3041 3038
f 3036 3039 3041
f 3034 3043 3033
f 3034 3044 3043
f 2964 3044 3034
f 2964 2966 3044
f 3044 3045 3043
f 3044 3046 3045
f 2966 3046 3044
f 2966 2968 3046
f 3037 3048 3047
f 3037 3038 3048
f 3022 3047 3028
f 3022 3037 3047
f 3047 3050 3049
f 3047 3048 3050
f 3028 3049 3030
f 3028 3047 3049
f 3041 3052 3051
f 3041 3042 3052
f 3038 3051 3048
f 3038 3041 3051
f 3051 3054 3053
f 3051 3052 3054
f 3048 3053 3050
f 3048 3051 3053
f 3055 3057 3056
f 3055 3058 3057
f 2990 3056 2993
f 2990 3055 3056
f 2990 3058 3055
f 2990 2991 3058
f 2993 3059 2998
f 2993 3056 3059
f 2998 3060 3002
f 2998 3059 3060
f 3061 3063 3062
f 3061 3064 3063
f 3056 3062 3059
f 3056 3061 3062
f 3056 3064 3061
f 3056 3057 3064
f 3059 3065 3060
f 3059 3062 3065
f 3058 3066 3057
f 3058 3067 3066
f 2991 3067 3058
f 2991 3003 3067
f 3067 3068 3066
f 3067 3069 3068
f 3003 3069 3067
f 3003 3005 3069
f 3064 3070 3063
f 3064 3071 3070
f 3057 3071 3064
f 3057 3066 3071
f 3071 3072 3070
f 3071 3073 3072
f 3066 3073 3071
f 3066 3068 3073
f 3074 3076 3075
f 3074 3077 3076
f 3062 3075 3065
f 3062 3074 3075
f 3062 3077 3074
f 3062 3063 3077
f 3077 3078 3076
f 3077 3079 3078
f 3063 3079 3077
f 3063 3070 3079
f 3079 3080 3078
f 3079 3081 3080
f 3070 3081 3079
f 3070 3072 3081
f 3002 3082 3001
f 3002 3083 3082
f 3002 3084 3083
f 3002 3060 3084
f 3083 3085 3082
f 3083 3086 3085
f 3083 3087 3086
f 3083 3084 3087
f 3060 3088 3084
f 3060 3065 3088
f 3084 3089 3087
f 3084 3088 3089
f 3086 3090 3085
f 3086 3091 3090
f 3086 3092 3091
f 3086 3087 3092
f 3091 3093 3090
f 3091 3094 3093
f 3091 3095 3094
f 3091 3092 3095
f 3087 3096 3092
f 3087 3089 3096
f 3092 3097 3095
f 3092 3096 3097
f 3001 3098 3012
f 3001 3082 3098
f 3082 3099 3098
f 3082 3085 3099
f 3012 3100 3014
f 3012 3098 3100
f 3098 3101 3100
f 3098 3099 3101
f 3085 3102 3099
f 3085 3090 3102
f 3090 3103 3102
f 3090 3093 3103
f 3099 3104 3101
f 3099 3102 3104
f 3102 3105 3104
f 3102 3103 3105
f 3075 3107 3106
f 3075 3076 3107
f 3065 3106 3088
f 3065 3075 3106
f 3106 3109 3108
f 3106 3107 3109
f 3088 3108 3089
f 3088 3106 3108
f 3108 3111 3110
f 3108 3109 3111
f 3089 3110 3096
f 3089 3108 3110
f 3110 3113 3112
f 3110 3111 3113
f 3096 3112 3097
f 3096 3110 3112
f 3076 3114 3107
f 3076 3078 3114
f 3107 3115 3109
f 3107 3114 3115
f 3078 3116 3114
f 3078 3080 3116
f 3114 3117 3115
f 3114 3116 3117
f 3109 3118 3111
f 3109 3115 3118
f 3111 3119 3113
f 3111 3118 3119
f 3115 3120 3118
f 3115 3117 3120
f 3118 3121 3119
f 3118 3120 3121
f 3069 3122 3068
f 3069 3123 3122
f 3005 3123 3069
f 3005 3031 3123
f 3123 3124 3122
f 3123 3125 3124
f 3031 3125 3123
f 3031 3033 3125
f 3073 3126 3072
f 3073 3127 3126
f 3068 3127 3073
f 3068 3122 3127
f 3127 3128 3126
f 3127 3129 3128
f 3122 3129 3127
f 3122 3124 3129
f 3125 3130 3124
f 3125 3131 3130
f 3033 3131 3125
f 3033 3043 3131
f 3131 3132 3130
f 3131 3133 3132
f 3043 3133 3131
f 3043 3045 3133
f 3129 3134 3128
f 3129 3135 3134
f 3124 3135 3129
f 3124 3130 3135
f 3135 3136 3134
f 3135 3137 3136
f 3130 3137 3135
f 3130 3132 3137
f 3081 3138 3080
f 3081 3139 3138
f 3072 3139 3081
f 3072 3126 3139
f 3139 3140 3138
f 3139 3141 3140
f 3126 3141 3139
f 3126 3128 3141
f 3141 3142 3140
f 3141 3143 3142
f 3128 3143 3141
f 3128 3134 3143
f 3143 3144 3142
f 3143 3145 3144
f 3134 3145 3143
f 3134 3136 3145
f 3014 3146 3040
f 3014 3100 3146
f 3100 3147 3146
f 3100 3101 3147
f 3040 3148 3042
f 3040 3146 3148
f 3146 3149 3148
f 3146 3147 3149
f 3101 3150 3147
f 3101 3104 3150
f 3104 3151 3150
f 3104 3105 3151
f 3147 3152 3149
f 3147 3150 3152
f 3150 3153 3152
f 3150 3151 3153
f 3042 3154 3052
f 3042 3148 3154
f 3148 3155 3154
f 3148 3149 3155
f 3052 3156 3054
f 3052 3154 3156
f 3154 3157 3156
f 3154 3155 3157
f 3149 3158 3155
f 3149 3152 3158
f 3152 3159 3158
f 3152 3153 3159
f 3155 3160 3157
f 3155 3158 3160
f 3158 3161 3160
f 3158 3159 3161
f 3080 3162 3116
f 3080 3138 3162
f 3116 3163 3117
f 3116 3162 3163
f 3138 3164 3162
f 3138 3140 3164
f 3162 3165 3163
f 3162 3164 3165
f 3117 3166 3120
f 3117 3163 3166
f 3120 3167 3121
f 3120 3166 3167
f 3163 3168 3166
f 3163 3165 3168
f 3166 3169 3167
f 3166 3168 3169
f 3140 3170 3164
f 3140 3142 3170
f 3164 3171 3165
f 3164 3170 3171
f 3142 3172 3170
f 3142 3144 3172
f 3170 3173 3171
f 3170 3172 3173
f 3165 3174 3168
f 3165 3171 3174
f 3168 3175 3169
f 3168 3174 3175
f 3171 3176 3174
f 3171 3173 3176
f 3174 3177 3175
f 3174 3176 3177
f 278 3178 2896
f 278 684 3178
f 684 3179 3178
f 684 685 3179
f 2896 3180 2898
f 2896 3178 3180
f 3178 3181 3180
f 3178 3179 3181
f 282 3182 688
f 282 2900 3182
f 688 3183 689
f 688 3182 3183
f 2900 3184 3182
f 2900 2902 3184
f 3182 3185 3183
f 3182 3184 3185
f 685 3186 3179
f 685 692 3186
f 692 3187 3186
f 692 693 3187
f 3179 3188 3181
f 3179 3186 3188
f 3186 3189 3188
f 3186 3187 3189
f 689 3190 696
f 689 3183 3190
f 696 3191 697
f 696 3190 3191
f 3183 3192 3190
f 3183 3185 3192
f 3190 3193 3191
f 3190 3192 3193
f 2898 3194 2912
f 2898 3180 3194
f 3180 3195 3194
f 3180 3181 3195
f 2912 3196 2914
f 2912 3194 3196
f 3194 3197 3196
f 3194 3195 3197
f 2902 3198 3184
f 2902 2916 3198
f 3184 3199 3185
f 3184 3198 3199
f 2916 3200 3198
f 2916 2918 3200
f 3198 3201 3199
f 3198 3200 3201
f 3181 3202 3195
f 3181 3188 3202
f 3188 3203 3202
f 3188 3189 3203
f 3195 3204 3197
f 3195 3202 3204
f 3202 3205 3204
f 3202 3203 3205
f 3185 3206 3192
f 3185 3199 3206
f 3192 3207 3193
f 3192 3206 3207
f 3199 3208 3206
f 3199 3201 3208
f 3206 3209 3207
f 3206 3208 3209
f 693 3210 3187
f 693 720 3210
f 720 3211 3210
f 720 721 3211
f 3187 3212 3189
f 3187 3210 3212
f 3210 3213 3212
f 3210 3211 3213
f 697 3214 724
f 697 3191 3214
f 724 3215 725
f 724 3214 3215
f 3191 3216 3214
f 3191 3193 3216
f 3214 3217 3215
f 3214 3216 3217
f 721 3218 3211
f 721 728 3218
f 728 3219 3218
f 728 729 3219
f 3211 3220 3213
f 3211 3218 3220
f 3218 3221 3220
f 3218 3219 3221
f 725 3222 732
f 725 3215 3222
f 732 3223 733
f 732 3222 3223
f 3215 3224 3222
f 3215 3217 3224
f 3222 3225 3223
f 3222 3224 3225
f 3189 3226 3203
f 3189 3212 3226
f 3212 3227 3226
f 3212 3213 3227
f 3203 3228 3205
f 3203 3226 3228
f 3226 3229 3228
f 3226 3227 3229
f 3193 3230 3216
f 3193 3207 3230
f 3216 3231 3217
f 3216 3230 3231
f 3207 3232 3230
f 3207 3209 3232
f 3230 3233 3231
f 3230 3232 3233
f 3213 3234 3227
f 3213 3220 3234
f 3220 3235 3234
f 3220 3221 3235
f 3227 3236 3229
f 3227 3234 3236
f 3234 3237 3236
f 3234 3235 3237
f 3217 3238 3224
f 3217 3231 3238
f 3224 3239 3225
f 3224 3238 3239
f 3231 3240 3238
f 3231 3233 3240
f 3238 3241 3239
f 3238 3240 3241
f 2957 3242 2956
f 2957 3243 3242
f 2914 3243 2957
f 2914 3196 3243
f 3243 3244 3242
f 3243 3245 3244
f 3196 3245 3243
f 3196 3197 3245
f 2961 3246 2960
f 2961 3247 3246
f 2956 3247 2961
f 2956 3242 3247
f 3247 3248 3246
f 3247 3249 3248
f 3242 3249 3247
f 3242 3244 3249
f 3245 3250 3244
f 3245 3251 3250
f 3197 3251 3245
f 3197 3204 3251
f 3251 3252 3250
f 3251 3253 3252
f 3204 3253 3251
f 3204 3205 3253
f 3249 3254 3248
f 3249 3255 3254
f 3244 3255 3249
f 3244 3250 3255
f 3255 3256 3254
f 3255 3257 3256
f 3250 3257 3255
f 3250 3252 3257
f 2969 3258 2968
f 2969 3259 3258
f 2960 3259 2969
f 2960 3246 3259
f 3259 3260 3258
f 3259 3261 3260
f 3246 3261 3259
f 3246 3248 3261
f 3261 3262 3260
f 3261 3263 3262
f 3248 3263 3261
f 3248 3254 3263
f 3263 3264 3262
f 3263 3265 3264
f 3254 3265 3263
f 3254 3256 3265
f 3253 3266 3252
f 3253 3267 3266
f 3205 3267 3253
f 3205 3228 3267
f 3267 3268 3266
f 3267 3269 3268
f 3228 3269 3267
f 3228 3229 3269
f 3257 3270 3256
f 3257 3271 3270
f 3252 3271 3257
f 3252 3266 3271
f 3271 3272 3270
f 3271 3273 3272
f 3266 3273 3271
f 3266 3268 3273
f 3269 3274 3268
f 3269 3275 3274
f 3229 3275 3269
f 3229 3236 3275
f 3275 3276 3274
f 3275 3277 3276
f 3236 3277 3275
f 3236 3237 3277
f 3273 3278 3272
f 3273 3279 3278
f 3268 3279 3273
f 3268 3274 3279
f 3279 3280 3278
f 3279 3281 3280
f 3274 3281 3279
f 3274 3276 3281
f 3265 3282 3264
f 3265 3283 3282
f 3256 3283 3265
f 3256 3270 3283
f 3283 3284 3282
f 3283 3285 3284
f 3270 3285 3283
f 3270 3272 3285
f 3285 3286 3284
f 3285 3287 3286
f 3272 3287 3285
f 3272 3278 3287
f 3287 3288 3286
f 3287 3289 3288
f 3278 3289 3287
f 3278 3280 3289
f 3025 3291 3290
f 3025 3026 3291
f 2918 3290 3200
f 2918 3025 3290
f 3290 3293 3292
f 3290 3291 3293
f 3200 3292 3201
f 3200 3290 3292
f 3029 3295 3294
f 3029 3030 3295
f 3026 3294 3291
f 3026 3029 3294
f 3294 3297 3296
f 3294 3295 3297
f 3291 3296 3293
f 3291 3294 3296
f 3292 3299 3298
f 3292 3293 3299
f 3201 3298 3208
f 3201 3292 3298
f 3298 3301 3300
f 3298 3299 3301
f 3208 3300 3209
f 3208 3298 3300
f 3296 3303 3302
f 3296 3297 3303
f 3293 3302 3299
f 3293 3296 3302
f 3302 3305 3304
f 3302 3303 3305
f 3299 3304 3301
f 3299 3302 3304
f 3046 3306 3045
f 3046 3307 3306
f 2968 3307 3046
f 2968 3258 3307
f 3307 3308 3306
f 3307 3309 3308
f 3258 3309 3307
f 3258 3260 3309
f 3049 3311 3310
f 3049 3050 3311
f 3030 3310 3295
f 3030 3049 3310
f 3310 3313 3312
f 3310 3311 3313
f 3295 3312 3297
f 3295 3310 3312
f 3053 3315 3314
f 3053 3054 3315
f 3050 3314 3311
f 3050 3053 3314
f 3314 3317 3316
f 3314 3315 3317
f 3311 3316 3313
f 3311 3314 3316
f 3309 3318 3308
f 3309 3319 3318
f 3260 3319 3309
f 3260 3262 3319
f 3319 3320 3318
f 3319 3321 3320
f 3262 3321 3319
f 3262 3264 3321
f 3312 3323 3322
f 3312 3313 3323
f 3297 3322 3303
f 3297 3312 3322
f 3322 3325 3324
f 3322 3323 3325
f 3303 3324 3305
f 3303 3322 3324
f 3316 3327 3326
f 3316 3317 3327
f 3313 3326 3323
f 3313 3316 3326
f 3326 3329 3328
f 3326 3327 3329
f 3323 3328 3325
f 3323 3326 3328
f 3300 3331 3330
f 3300 3301 3331
f 3209 3330 3232
f 3209 3300 3330
f 3330 3333 3332
f 3330 3331 3333
f 3232 3332 3233
f 3232 3330 3332
f 3304 3335 3334
f 3304 3305 3335
f 3301 3334 3331
f 3301 3304 3334
f 3334 3337 3336
f 3334 3335 3337
f 3331 3336 3333
f 3331 3334 3336
f 3332 3339 3338
f 3332 3333 3339
f 3233 3338 3240
f 3233 3332 3338
f 3338 3341 3340
f 3338 3339 3341
f 3240 3340 3241
f 3240 3338 3340
f 3336 3343 3342
f 3336 3337 3343
f 3333 3342 3339
f 3333 3336 3342
f 3342 3345 3344
f 3342 3343 3345
f 3339 3344 3341
f 3339 3342 3344
f 3321 3346 3320
f 3321 3347 3346
f 3264 3347 3321
f 3264 3282 3347
f 3347 3348 3346
f 3347 3349 3348
f 3282 3349 3347
f 3282 3284 3349
f 3324 3351 3350
f 3324 3325 3351
f 3305 3350 3335
f 3305 3324 3350
f 3350 3353 3352
f 3350 3351 3353
f 3335 3352 3337
f 3335 3350 3352
f 3328 3355 3354
f 3328 3329 3355
f 3325 3354 3351
f 3325 3328 3354
f 3354 3357 3356
f 3354 3355 3357
f 3351 3356 3353
f 3351 3354 3356
f 3349 3358 3348
f 3349 3359 3358
f 3284 3359 3349
f 3284 3286 3359
f 3359 3360 3358
f 3359 3361 3360
f 3286 3361 3359
f 3286 3288 3361
f 3352 3363 3362
f 3352 3353 3363
f 3337 3362 3343
f 3337 3352 3362
f 3362 3365 3364
f 3362 3363 3365
f 3343 3364 3345
f 3343 3362 3364
f 3356 3367 3366
f 3356 3357 3367
f 3353 3366 3363
f 3353 3356 3366
f 3366 3369 3368
f 3366 3367 3369
f 3363 3368 3365
f 3363 3366 3368
f 729 3370 3219
f 729 876 3370
f 876 3371 3370
f 876 877 3371
f 3219 3372 3221
f 3219 3370 3372
f 3370 3373 3372
f 3370 3371 3373
f 733 3374 880
f 733 3223 3374
f 880 3375 881
f 880 3374 3375
f 3223 3376 3374
f 3223 3225 3376
f 3374 3377 3375
f 3374 3376 3377
f 877 3378 3371
f 877 884 3378
f 884 3379 3378
f 884 885 3379
f 3371 3380 3373
f 3371 3378 3380
f 3378 3381 3380
f 3378 3379 3381
f 881 3382 888
f 881 3375 3382
f 888 3383 889
f 888 3382 3383
f 3375 3384 3382
f 3375 3377 3384
f 3382 3385 3383
f 3382 3384 3385
f 3221 3386 3235
f 3221 3372 3386
f 3372 3387 3386
f 3372 3373 3387
f 3235 3388 3237
f 3235 3386 3388
f 3386 3389 3388
f 3386 3387 3389
f 3225 3390 3376
f 3225 3239 3390
f 3376 3391 3377
f 3376 3390 3391
f 3239 3392 3390
f 3239 3241 3392
f 3390 3393 3391
f 3390 3392 3393
f 3373 3394 3387
f 3373 3380 3394
f 3380 3395 3394
f 3380 3381 3395
f 3387 3396 3389
f 3387 3394 3396
f 3394 3397 3396
f 3394 3395 3397
f 3377 3398 3384
f 3377 3391 3398
f 3384 3399 3385
f 3384 3398 3399
f 3391 3400 3398
f 3391 3393 3400
f 3398 3401 3399
f 3398 3400 3401
f 885 3402 3379
f 885 912 3402
f 912 3403 3402
f 912 913 3403
f 3379 3404 3381
f 3379 3402 3404
f 3402 3405 3404
f 3402 3403 3405
f 889 3406 916
f 889 3383 3406
f 916 3407 917
f 916 3406 3407
f 3383 3408 3406
f 3383 3385 3408
f 3406 3409 3407
f 3406 3408 3409
f 913 3410 3403
f 913 920 3410
f 920 3411 3410
f 920 921 3411
f 3403 3412 3405
f 3403 3410 3412
f 3410 3413 3412
f 3410 3411 3413
f 917 3414 924
f 917 3407 3414
f 924 3415 925
f 924 3414 3415
f 3407 3416 3414
f 3407 3409 3416
f 3414 3417 3415
f 3414 3416 3417
f 3381 3418 3395
f 3381 3404 3418
f 3404 3419 3418
f 3404 3405 3419
f 3395 3420 3397
f 3395 3418 3420
f 3418 3421 3420
f 3418 3419 3421
f 3385 3422 3408
f 3385 3399 3422
f 3408 3423 3409
f 3408 3422 3423
f 3399 3424 3422
f 3399 3401 3424
f 3422 3425 3423
f 3422 3424 3425
f 3405 3426 3419
f 3405 3412 3426
f 3412 3427 3426
f 3412 3413 3427
f 3419 3428 3421
f 3419 3426 3428
f 3426 3429 3428
f 3426 3427 3429
f 3409 3430 3416
f 3409 3423 3430
f 3416 3431 3417
f 3416 3430 3431
f 3423 3432 3430
f 3423 3425 3432
f 3430 3433 3431
f 3430 3432 3433
f 3277 3434 3276
f 3277 3435 3434
f 3237 3435 3277
f 3237 3388 3435
f 3435 3436 3434
f 3435 3437 3436
f 3388 3437 3435
f 3388 3389 3437
f 3281 3438 3280
f 3281 3439 3438
f 3276 3439 3281
f 3276 3434 3439
f 3439 3440 3438
f 3439 3441 3440
f 3434 3441 3439
f 3434 3436 3441
f 3437 3442 3436
f 3437 3443 3442
f 3389 3443 3437
f 3389 3396 3443
f 3443 3444 3442
f 3443 3445 3444
f 3396 3445 3443
f 3396 3397 3445
f 3441 3446 3440
f 3441 3447 3446
f 3436 3447 3441
f 3436 3442 3447
f 3447 3448 3446
f 3447 3449 3448
f 3442 3449 3447
f 3442 3444 3449
f 3289 3450 3288
f 3289 3451 3450
f 3280 3451 3289
f 3280 3438 3451
f 3451 3452 3450
f 3451 3453 3452
f 3438 3453 3451
f 3438 3440 3453
f 3453 3454 3452
f 3453 3455 3454
f 3440 3455 3453
f 3440 3446 3455
f 3455 3456 3454
f 3455 3457 3456
f 3446 3457 3455
f 3446 3448 3457
f 3445 3458 3444
f 3445 3459 3458
f 3397 3459 3445
f 3397 3420 3459
f 3459 3460 3458
f 3459 3461 3460
f 3420 3461 3459
f 3420 3421 3461
f 3449 3462 3448
f 3449 3463 3462
f 3444 3463 3449
f 3444 3458 3463
f 3463 3464 3462
f 3463 3465 3464
f 3458 3465 3463
f 3458 3460 3465
f 3461 3466 3460
f 3461 3467 3466
f 3421 3467 3461
f 3421 3428 3467
f 3467 3468 3466
f 3467 3469 3468
f 3428 3469 3467
f 3428 3429 3469
f 3465 3470 3464
f 3465 3471 3470
f 3460 3471 3465
f 3460 3466 3471
f 3471 3472 3470
f 3471 3473 3472
f 3466 3473 3471
f 3466 3468 3473
f 3457 3474 3456
f 3457 3475 3474
f 3448 3475 3457
f 3448 3462 3475
f 3475 3476 3474
f 3475 3477 3476
f 3462 3477 3475
f 3462 3464 3477
f 3477 3478 3476
f 3477 3479 3478
f 3464 3479 3477
f 3464 3470 3479
f 3479 3480 3478
f 3479 3481 3480
f 3470 3481 3479
f 3470 3472 3481
f 3340 3483 3482
f 3340 3341 3483
f 3241 3482 3392
f 3241 3340 3482
f 3482 3485 3484
f 3482 3483 3485
f 3392 3484 3393
f 3392 3482 3484
f 3344 3487 3486
f 3344 3345 3487
f 3341 3486 3483
f 3341 3344 3486
f 3486 3489 3488
f 3486 3487 3489
f 3483 3488 3485
f 3483 3486 3488
f 3484 3491 3490
f 3484 3485 3491
f 3393 3490 3400
f 3393 3484 3490
f 3490 3493 3492
f 3490 3491 3493
f 3400 3492 3401
f 3400 3490 3492
f 3488 3495 3494
f 3488 3489 3495
f 3485 3494 3491
f 3485 3488 3494
f 3494 3497 3496
f 3494 3495 3497
f 3491 3496 3493
f 3491 3494 3496
f 3361 3498 3360
f 3361 3499 3498
f 3288 3499 3361
f 3288 3450 3499
f 3499 3500 3498
f 3499 3501 3500
f 3450 3501 3499
f 3450 3452 3501
f 3364 3503 3502
f 3364 3365 3503
f 3345 3502 3487
f 3345 3364 3502
f 3502 3505 3504
f 3502 3503 3505
f 3487 3504 3489
f 3487 3502 3504
f 3368 3507 3506
f 3368 3369 3507
f 3365 3506 3503
f 3365 3368 3506
f 3506 3509 3508
f 3506 3507 3509
f 3503 3508 3505
f 3503 3506 3508
f 3501 3510 3500
f 3501 3511 3510
f 3452 3511 3501
f 3452 3454 3511
f 3511 3512 3510
f 3511 3513 3512
f 3454 3513 3511
f 3454 3456 3513
f 3504 3515 3514
f 3504 3505 3515
f 3489 3514 3495
f 3489 3504 3514
f 3514 3517 3516
f 3514 3515 3517
f 3495 3516 3497
f 3495 3514 3516
f 3508 3519 3518
f 3508 3509 3519
f 3505 3518 3515
f 3505 3508 3518
f 3518 3521 3520
f 3518 3519 3521
f 3515 3520 3517
f 3515 3518 3520
f 3492 3523 3522
f 3492 3493 3523
f 3401 3522 3424
f 3401 3492 3522
f 3522 3525 3524
f 3522 3523 3525
f 3424 3524 3425
f 3424 3522 3524
f 3496 3527 3526
f 3496 3497 3527
f 3493 3526 3523
f 3493 3496 3526
f 3526 3529 3528
f 3526 3527 3529
f 3523 3528 3525
f 3523 3526 3528
f 3524 3531 3530
f 3524 3525 3531
f 3425 3530 3432
f 3425 3524 3530
f 3530 3533 3532
f 3530 3531 3533
f 3432 3532 3433
f 3432 3530 3532
f 3528 3535 3534
f 3528 3529 3535
f 3525 3534 3531
f 3525 3528 3534
f 3534 3537 3536
f 3534 3535 3537
f 3531 3536 3533
f 3531 3534 3536
f 3513 3538 3512
f 3513 3539 3538
f 3456 3539 3513
f 3456 3474 3539
f 3539 3540 3538
f 3539 3541 3540
f 3474 3541 3539
f 3474 3476 3541
f 3516 3543 3542
f 3516 3517 3543
f 3497 3542 3527
f 3497 3516 3542
f 3542 3545 3544
f 3542 3543 3545
f 3527 3544 3529
f 3527 3542 3544
f 3520 3547 3546
f 3520 3521 3547
f 3517 3546 3543
f 3517 3520 3546
f 3546 3549 3548
f 3546 3547 3549
f 3543 3548 3545
f 3543 3546 3548
f 3541 3550 3540
f 3541 3551 3550
f 3476 3551 3541
f 3476 3478 3551
f 3551 3552 3550
f 3551 3553 3552
f 3478 3553 3551
f 3478 3480 3553
f 3544 3555 3554
f 3544 3545 3555
f 3529 3554 3535
f 3529 3544 3554
f 3554 3557 3556
f 3554 3555 3557
f 3535 3556 3537
f 3535 3554 3556
f 3548 3559 3558
f 3548 3549 3559
f 3545 3558 3555
f 3545 3548 3558
f 3558 3561 3560
f 3558 3559 3561
f 3555 3560 3557
f 3555 3558 3560
f 3133 3562 3132
f 3133 3563 3562
f 3045 3563 3133
f 3045 3306 3563
f 3563 3564 3562
f 3563 3565 3564
f 3306 3565 3563
f 3306 3308 3565
f 3137 3566 3136
f 3137 3567 3566
f 3132 3567 3137
f 3132 3562 3567
f 3567 3568 3566
f 3567 3569 3568
f 3562 3569 3567
f 3562 3564 3569
f 3565 3570 3564
f 3565 3571 3570
f 3308 3571 3565
f 3308 3318 3571
f 3571 3572 3570
f 3571 3573 3572
f 3318 3573 3571
f 3318 3320 3573
f 3569 3574 3568
f 3569 3575 3574
f 3564 3575 3569
f 3564 3570 3575
f 3575 3576 3574
f 3575 3577 3576
f 3570 3577 3575
f 3570 3572 3577
f 3145 3578 3144
f 3145 3579 3578
f 3136 3579 3145
f 3136 3566 3579
f 3579 3580 3578
f 3579 3581 3580
f 3566 3581 3579
f 3566 3568 3581
f 3581 3582 3580
f 3581 3583 3582
f 3568 3583 3581
f 3568 3574 3583
f 3583 3584 3582
f 3583 3585 3584
f 3574 3585 3583
f 3574 3576 3585
f 3054 3586 3315
f 3054 3156 3586
f 3156 3587 3586
f 3156 3157 3587
f 3315 3588 3317
f 3315 3586 3588
f 3586 3589 3588
f 3586 3587 3589
f 3157 3590 3587
f 3157 3160 3590
f 3160 3591 3590
f 3160 3161 3591
f 3587 3592 3589
f 3587 3590 3592
f 3590 3593 3592
f 3590 3591 3593
f 3317 3594 3327
f 3317 3588 3594
f 3588 3595 3594
f 3588 3589 3595
f 3327 3596 3329
f 3327 3594 3596
f 3594 3597 3596
f 3594 3595 3597
f 3589 3598 3595
f 3589 3592 3598
f 3592 3599 3598
f 3592 3593 3599
f 3595 3600 3597
f 3595 3598 3600
f 3598 3601 3600
f 3598 3599 3601
f 3144 3602 3172
f 3144 3578 3602
f 3172 3603 3173
f 3172 3602 3603
f 3578 3604 3602
f 3578 3580 3604
f 3602 3605 3603
f 3602 3604 3605
f 3173 3606 3176
f 3173 3603 3606
f 3176 3607 3177
f 3176 3606 3607
f 3603 3608 3606
f 3603 3605 3608
f 3606 3609 3607
f 3606 3608 3609
f 3580 3610 3604
f 3580 3582 3610
f 3604 3611 3605
f 3604 3610 3611
f 3582 3612 3610
f 3582 3584 3612
f 3610 3613 3611
f 3610 3612 3613
f 3605 3614 3608
f 3605 3611 3614
f 3608 3615 3609
f 3608 3614 3615
f 3611 3616 3614
f 3611 3613 3616
f 3614 3617 3615
f 3614 3616 3617
f 3573 3618 3572
f 3573 3619 3618
f 3320 3619 3573
f 3320 3346 3619
f 3619 3620 3618
f 3619 3621 3620
f 3346 3621 3619
f 3346 3348 3621
f 3577 3622 3576
f 3577 3623 3622
f 3572 3623 3577
f 3572 3618 3623
f 3623 3624 3622
f 3623 3625 3624
f 3618 3625 3623
f 3618 3620 3625
f 3621 3626 3620
f 3621 3627 3626
f 3348 3627 3621
f 3348 3358 3627
f 3627 3628 3626
f 3627 3629 3628
f 3358 3629 3627
f 3358 3360 3629
f 3625 3630 3624
f 3625 3631 3630
f 3620 3631 3625
f 3620 3626 3631
f 3631 3632 3630
f 3631 3633 3632
f 3626 3633 3631
f 3626 3628 3633
f 3585 3634 3584
f 3585 3635 3634
f 3576 3635 3585
f 3576 3622 3635
f 3635 3636 3634
f 3635 3637 3636
f 3622 3637 3635
f 3622 3624 3637
f 3637 3638 3636
f 3637 3639 3638
f 3624 3639 3637
f 3624 3630 3639
f 3639 3640 3638
f 3639 3641 3640
f 3630 3641 3639
f 3630 3632 3641
f 3329 3642 3355
f 3329 3596 3642
f 3596 3643 3642
f 3596 3597 3643
f 3355 3644 3357
f 3355 3642 3644
f 3642 3645 3644
f 3642 3643 3645
f 3597 3646 3643
f 3597 3600 3646
f 3600 3647 3646
f 3600 3601 3647
f 3643 3648 3645
f 3643 3646 3648
f 3646 3649 3648
f 3646 3647 3649
f 3357 3650 3367
f 3357 3644 3650
f 3644 3651 3650
f 3644 3645 3651
f 3367 3652 3369
f 3367 3650 3652
f 3650 3653 3652
f 3650 3651 3653
f 3645 3654 3651
f 3645 3648 3654
f 3648 3655 3654
f 3648 3649 3655
f 3651 3656 3653
f 3651 3654 3656
f 3654 3657 3656
f 3654 3655 3657
f 3584 3658 3612
f 3584 3634 3658
f 3612 3659 3613
f 3612 3658 3659
f 3634 3660 3658
f 3634 3636 3660
f 3658 3661 3659
f 3658 3660 3661
f 3613 3662 3616
f 3613 3659 3662
f 3616 3663 3617
f 3616 3662 3663
f 3659 3664 3662
f 3659 3661 3664
f 3662 3665 3663
f 3662 3664 3665
f 3636 3666 3660
f 3636 3638 3666
f 3660 3667 3661
f 3660 3666 3667
f 3638 3668 3666
f 3638 3640 3668
f 3666 3669 3667
f 3666 3668 3669
f 3661 3670 3664
f 3661 3667 3670
f 3664 3671 3665
f 3664 3670 3671
f 3667 3672 3670
f 3667 3669 3672
f 3670 3673 3671
f 3670 3672 3673
f 3629 3674 3628
f 3629 3675 3674
f 3360 3675 3629
f 3360 3498 3675
f 3675 3676 3674
f 3675 3677 3676
f 3498 3677 3675
f 3498 3500 3677
f 3633 3678 3632
f 3633 3679 3678
f 3628 3679 3633
f 3628 3674 3679
f 3679 3680 3678
f 3679 3681 3680
f 3674 3681 3679
f 3674 3676 3681
f 3677 3682 3676
f 3677 3683 3682
f 3500 3683 3677
f 3500 3510 3683
f 3683 3684 3682
f 3683 3685 3684
f 3510 3685 3683
f 3510 3512 3685
f 3681 3686 3680
f 3681 3687 3686
f 3676 3687 3681
f 3676 3682 3687
f 3687 3688 3686
f 3687 3689 3688
f 3682 3689 3687
f 3682 3684 3689
f 3641 3690 3640
f 3641 3691 3690
f 3632 3691 3641
f 3632 3678 3691
f 3691 3692 3690
f 3691 3693 3692
f 3678 3693 3691
f 3678 3680 3693
f 3693 3694 3692
f 3693 3695 3694
f 3680 3695 3693
f 3680 3686 3695
f 3695 3696 3694
f 3695 3697 3696
f 3686 3697 3695
f 3686 3688 3697
f 3369 3698 3507
f 3369 3652 3698
f 3652 3699 3698
f 3652 3653 3699
f 3507 3700 3509
f 3507 3698 3700
f 3698 3701 3700
f 3698 3699 3701
f 3653 3702 3699
f 3653 3656 3702
f 3656 3703 3702
f 3656 3657 3703
f 3699 3704 3701
f 3699 3702 3704
f 3702 3705 3704
f 3702 3703 3705
f 3509 3706 3519
f 3509 3700 3706
f 3700 3707 3706
f 3700 3701 3707
f 3519 3708 3521
f 3519 3706 3708
f 3706 3709 3708
f 3706 3707 3709
f 3701 3710 3707
f 3701 3704 3710
f 3704 3711 3710
f 3704 3705 3711
f 3707 3712 3709
f 3707 3710 3712
f 3710 3713 3712
f 3710 3711 3713
f 3640 3714 3668
f 3640 3690 3714
f 3668 3715 3669
f 3668 3714 3715
f 3690 3716 3714
f 3690 3692 3716
f 3714 3717 3715
f 3714 3716 3717
f 3669 3718 3672
f 3669 3715 3718
f 3672 3719 3673
f 3672 3718 3719
f 3715 3720 3718
f 3715 3717 3720
f 3718 3721 3719
f 3718 3720 3721
f 3692 3722 3716
f 3692 3694 3722
f 3716 3723 3717
f 3716 3722 3723
f 3694 3724 3722
f 3694 3696 3724
f 3722 3725 3723
f 3722 3724 3725
f 3717 3726 3720
f 3717 3723 3726
f 3720 3727 3721
f 3720 3726 3727
f 3723 3728 3726
f 3723 3725 3728
f 3726 3729 3727
f 3726 3728 3729
f 3685 3730 3684
f 3685 3731 3730
f 3512 3731 3685
f 3512 3538 3731
f 3731 3732 3730
f 3731 3733 3732
f 3538 3733 3731
f 3538 3540 3733
f 3689 3734 3688
f 3689 3735 3734
f 3684 3735 3689
f 3684 3730 3735
f 3735 3736 3734
f 3735 3737 3736
f 3730 3737 3735
f 3730 3732 3737
f 3733 3738 3732
f 3733 3739 3738
f 3540 3739 3733
f 3540 3550 3739
f 3739 3740 3738
f 3739 3741 3740
f 3550 3741 3739
f 3550 3552 3741
f 3737 3742 3736
f 3737 3743 3742
f 3732 3743 3737
f 3732 3738 3743
f 3743 3744 3742
f 3743 3745 3744
f 3738 3745 3743
f 3738 3740 3745
f 3697 3746 3696
f 3697 3747 3746
f 3688 3747 3697
f 3688 3734 3747
f 3747 3748 3746
f 3747 3749 3748
f 3734 3749 3747
f 3734 3736 3749
f 3749 3750 3748
f 3749 3751 3750
f 3736 3751 3749
f 3736 3742 3751
f 3751 3752 3750
f 3751 3753 3752
f 3742 3753 3751
f 3742 3744 3753
f 3521 3754 3547
f 3521 3708 3754
f 3708 3755 3754
f 3708 3709 3755
f 3547 3756 3549
f 3547 3754 3756
f 3754 3757 3756
f 3754 3755 3757
f 3709 3758 3755
f 3709 3712 3758
f 3712 3759 3758
f 3712 3713 3759
f 3755 3760 3757
f 3755 3758 3760
f 3758 3761 3760
f 3758 3759 3761
f 3549 3762 3559
f 3549 3756 3762
f 3756 3763 3762
f 3756 3757 3763
f 3559 3764 3561
f 3559 3762 3764
f 3762 3765 3764
f 3762 3763 3765
f 3757 3766 3763
f 3757 3760 3766
f 3760 3767 3766
f 3760 3761 3767
f 3763 3768 3765
f 3763 3766 3768
f 3766 3769 3768
f 3766 3767 3769
f 3696 3770 3724
f 3696 3746 3770
f 3724 3771 3725
f 3724 3770 3771
f 3746 3772 3770
f 3746 3748 3772
f 3770 3773 3771
f 3770 3772 3773
f 3725 3774 3728
f 3725 3771 3774
f 3728 3775 3729
f 3728 3774 3775
f 3771 3776 3774
f 3771 3773 3776
f 3774 3777 3775
f 3774 3776 3777
f 3748 3778 3772
f 3748 3750 3778
f 3772 3779 3773
f 3772 3778 3779
f 3750 3780 3778
f 3750 3752 3780
f 3778 3781 3779
f 3778 3780 3781
f 3773 3782 3776
f 3773 3779 3782
f 3776 3783 3777
f 3776 3782 3783
f 3779 3784 3782
f 3779 3781 3784
f 3782 3785 3783
f 3782 3784 3785
f 3786 3788 3787
f 3786 3789 3788
f 3786 3790 3789
f 3786 3791 3790
f 3786 3792 3791
f 3786 3787 3792
f 3793 3792 3794
f 3793 3791 3792
f 3793 3795 3791
f 3793 3796 3795
f 3793 3797 3796
f 3793 3794 3797
f 3791 3798 3790
f 3791 3795 3798
f 3787 3800 3799
f 3787 3788 3800
f 3787 3801 3792
f 3787 3799 3801
f 3799 3803 3802
f 3799 3800 3803
f 3799 3804 3801
f 3799 3802 3804
f 3794 3801 3805
f 3794 3792 3801
f 3794 3806 3797
f 3794 3805 3806
f 3805 3804 3807
f 3805 3801 3804
f 3805 3808 3806
f 3805 3807 3808
f 3809 3797 3810
f 3809 3796 3797
f 3809 3811 3796
f 3809 3812 3811
f 3809 3813 3812
f 3809 3810 3813
f 3814 3813 3815
f 3814 3812 3813
f 3814 3816 3812
f 3814 3817 3816
f 3814 3818 3817
f 3814 3815 3818
f 3812 3819 3811
f 3812 3816 3819
f 3796 3820 3795
f 3796 3811 3820
f 3795 3821 3798
f 3795 3820 3821
f 3811 3822 3820
f 3811 3819 3822
f 3822 3824 3823
f 3822 3825 3824
f 3821 3824 3826
f 3821 3823 3824
f 3820 3823 3821
f 3820 3822 3823
f 3810 3806 3827
f 3810 3797 3806
f 3810 3828 3813
f 3810 3827 3828
f 3827 3808 3829
f 3827 3806 3808
f 3827 3830 3828
f 3827 3829 3830
f 3815 3828 3831
f 3815 3813 3828
f 3815 3832 3818
f 3815 3831 3832
f 3831 3830 3833
f 3831 3828 3830
f 3831 3834 3832
f 3831 3833 3834
f 3825 3835 3824
f 3825 3836 3835
f 3826 3835 3837
f 3826 3824 3835
f 3836 3838 3835
f 3836 3839 3838
f 3837 3838 3840
f 3837 3835 3838
f 3802 3842 3841
f 3802 3803 3842
f 3802 3843 3804
f 3802 3841 3843
f 3841 3845 3844
f 3841 3842 3845
f 3841 3846 3843
f 3841 3844 3846
f 3807 3843 3847
f 3807 3804 3843
f 3807 3848 3808
f 3807 3847 3848
f 3847 3846 3849
f 3847 3843 3846
f 3847 3850 3848
f 3847 3849 3850
f 3844 3852 3851
f 3844 3845 3852
f 3844 3853 3846
f 3844 3851 3853
f 3851 3855 3854
f 3851 3852 3855
f 3851 3856 3853
f 3851 3854 3856
f 3849 3853 3857
f 3849 3846 3853
f 3849 3858 3850
f 3849 3857 3858
f 3857 3856 3859
f 3857 3853 3856
f 3857 3860 3858
f 3857 3859 3860
f 3829 3848 3861
f 3829 3808 3848
f 3829 3862 3830
f 3829 3861 3862
f 3861 3850 3863
f 3861 3848 3850
f 3861 3864 3862
f 3861 3863 3864
f 3833 3862 3865
f 3833 3830 3862
f 3833 3866 3834
f 3833 3865 3866
f 3865 3864 3867
f 3865 3862 3864
f 3865 3868 3866
f 3865 3867 3868
f 3839 3869 3838
f 3839 3870 3869
f 3840 3869 3871
f 3840 3838 3869
f 3870 3872 3869
f 3870 3873 3872
f 3871 3872 3874
f 3871 3869 3872
f 3863 3858 3875
f 3863 3850 3858
f 3863 3876 3864
f 3863 3875 3876
f 3875 3860 3877
f 3875 3858 3860
f 3875 3878 3876
f 3875 3877 3878
f 3867 3876 3879
f 3867 3864 3876
f 3867 3880 3868
f 3867 3879 3880
f 3879 3878 3881
f 3879 3876 3878
f 3879 3882 3880
f 3879 3881 3882
f 3873 3883 3872
f 3873 3884 3883
f 3874 3883 3885
f 3874 3872 3883
f 3884 3886 3883
f 3884 3887 3886
f 3885 3886 3888
f 3885 3883 3886
f 1274 3889 1273
f 1274 3890 3889
f 1274 3891 3890
f 1274 1275 3891
f 1273 3892 1276
f 1273 3889 3892
f 3890 3893 3889
f 3890 3894 3893
f 3890 3895 3894
f 3890 3891 3895
f 3889 3896 3892
f 3889 3893 3896
f 1280 3897 1279
f 1280 3898 3897
f 1276 3898 1280
f 1276 3892 3898
f 3898 3899 3897
f 3898 3900 3899
f 3892 3900 3898
f 3892 3896 3900
f 1275 3901 3891
f 1275 1283 3901
f 1283 3902 3901
f 1283 1284 3902
f 3891 3903 3895
f 3891 3901 3903
f 3901 3904 3903
f 3901 3902 3904
f 1279 3905 1287
f 1279 3897 3905
f 1287 3906 1288
f 1287 3905 3906
f 3897 3907 3905
f 3897 3899 3907
f 3905 3908 3906
f 3905 3907 3908
f 3894 3909 3893
f 3894 3910 3909
f 3894 3911 3910
f 3894 3895 3911
f 3893 3912 3896
f 3893 3909 3912
f 3910 3913 3909
f 3910 3789 3913
f 3910 3788 3789
f 3910 3911 3788
f 3909 3914 3912
f 3909 3913 3914
f 3900 3915 3899
f 3900 3916 3915
f 3896 3916 3900
f 3896 3912 3916
f 3916 3917 3915
f 3916 3918 3917
f 3912 3918 3916
f 3912 3914 3918
f 3895 3919 3911
f 3895 3903 3919
f 3903 3920 3919
f 3903 3904 3920
f 3911 3800 3788
f 3911 3919 3800
f 3919 3803 3800
f 3919 3920 3803
f 3899 3921 3907
f 3899 3915 3921
f 3907 3922 3908
f 3907 3921 3922
f 3915 3923 3921
f 3915 3917 3923
f 3921 3924 3922
f 3921 3923 3924
f 1284 3925 3902
f 1284 1307 3925
f 1307 3926 3925
f 1307 1308 3926
f 3902 3927 3904
f 3902 3925 3927
f 3925 3928 3927
f 3925 3926 3928
f 1288 3929 1311
f 1288 3906 3929
f 1311 3930 1312
f 1311 3929 3930
f 3906 3931 3929
f 3906 3908 3931
f 3929 3932 3930
f 3929 3931 3932
f 1308 3933 3926
f 1308 1315 3933
f 1315 3934 3933
f 1315 1316 3934
f 3926 3935 3928
f 3926 3933 3935
f 3933 3936 3935
f 3933 3934 3936
f 1312 3937 1319
f 1312 3930 3937
f 1319 3938 1320
f 1319 3937 3938
f 3930 3939 3937
f 3930 3932 3939
f 3937 3940 3938
f 3937 3939 3940
f 3904 3941 3920
f 3904 3927 3941
f 3927 3942 3941
f 3927 3928 3942
f 3920 3842 3803
f 3920 3941 3842
f 3941 3845 3842
f 3941 3942 3845
f 3908 3943 3931
f 3908 3922 3943
f 3931 3944 3932
f 3931 3943 3944
f 3922 3945 3943
f 3922 3924 3945
f 3943 3946 3944
f 3943 3945 3946
f 3928 3947 3942
f 3928 3935 3947
f 3935 3948 3947
f 3935 3936 3948
f 3942 3852 3845
f 3942 3947 3852
f 3947 3855 3852
f 3947 3948 3855
f 3932 3949 3939
f 3932 3944 3949
f 3939 3950 3940
f 3939 3949 3950
f 3944 3951 3949
f 3944 3946 3951
f 3949 3952 3950
f 3949 3951 3952
f 3789 3953 3913
f 3789 3790 3953
f 3913 3954 3914
f 3913 3953 3954
f 3790 3955 3953
f 3790 3798 3955
f 3955 3957 3956
f 3955 3958 3957
f 3954 3957 3959
f 3954 3956 3957
f 3953 3956 3954
f 3953 3955 3956
f 3954 3961 3960
f 3954 3959 3961
f 3918 3961 3917
f 3918 3960 3961
f 3914 3960 3918
f 3914 3954 3960
f 3958 3962 3957
f 3958 3963 3962
f 3959 3962 3964
f 3959 3957 3962
f 3963 3965 3962
f 3963 3966 3965
f 3964 3965 3967
f 3964 3962 3965
f 3959 3968 3961
f 3959 3964 3968
f 3917 3968 3923
f 3917 3961 3968
f 3964 3969 3968
f 3964 3967 3969
f 3923 3969 3924
f 3923 3968 3969
f 3821 3971 3970
f 3821 3826 3971
f 3955 3971 3958
f 3955 3970 3971
f 3798 3970 3955
f 3798 3821 3970
f 3826 3972 3971
f 3826 3837 3972
f 3958 3972 3963
f 3958 3971 3972
f 3837 3973 3972
f 3837 3840 3973
f 3963 3973 3966
f 3963 3972 3973
f 3966 3974 3965
f 3966 3975 3974
f 3967 3974 3976
f 3967 3965 3974
f 3975 3977 3974
f 3975 3978 3977
f 3976 3977 3979
f 3976 3974 3977
f 3967 3980 3969
f 3967 3976 3980
f 3924 3980 3945
f 3924 3969 3980
f 3976 3981 3980
f 3976 3979 3981
f 3945 3981 3946
f 3945 3980 3981
f 3978 3982 3977
f 3978 3983 3982
f 3979 3982 3984
f 3979 3977 3982
f 3983 3985 3982
f 3983 3986 3985
f 3984 3985 3987
f 3984 3982 3985
f 3979 3988 3981
f 3979 3984 3988
f 3946 3988 3951
f 3946 3981 3988
f 3984 3989 3988
f 3984 3987 3989
f 3951 3989 3952
f 3951 3988 3989
f 3840 3990 3973
f 3840 3871 3990
f 3966 3990 3975
f 3966 3973 3990
f 3871 3991 3990
f 3871 3874 3991
f 3975 3991 3978
f 3975 3990 3991
f 3874 3992 3991
f 3874 3885 3992
f 3978 3992 3983
f 3978 3991 3992
f 3885 3993 3992
f 3885 3888 3993
f 3983 3993 3986
f 3983 3992 3993
f 3094 3994 3093
f 3094 3995 3994
f 3094 3996 3995
f 3094 3095 3996
f 3995 3997 3994
f 3995 3998 3997
f 3995 3999 3998
f 3995 3996 3999
f 3095 4000 3996
f 3095 3097 4000
f 3996 4001 3999
f 3996 4000 4001
f 3998 4002 3997
f 3998 4003 4002
f 3998 4004 4003
f 3998 3999 4004
f 4003 3818 4002
f 4003 3817 3818
f 4003 4005 3817
f 4003 4004 4005
f 3999 4006 4004
f 3999 4001 4006
f 4004 4007 4005
f 4004 4006 4007
f 3093 4008 3103
f 3093 3994 4008
f 3994 4009 4008
f 3994 3997 4009
f 3103 4010 3105
f 3103 4008 4010
f 4008 4011 4010
f 4008 4009 4011
f 3997 4012 4009
f 3997 4002 4012
f 4002 3832 4012
f 4002 3818 3832
f 4009 4013 4011
f 4009 4012 4013
f 4012 3834 4013
f 4012 3832 3834
f 3112 4015 4014
f 3112 3113 4015
f 3097 4014 4000
f 3097 3112 4014
f 4014 4017 4016
f 4014 4015 4017
f 4000 4016 4001
f 4000 4014 4016
f 4016 4019 4018
f 4016 4017 4019
f 4001 4018 4006
f 4001 4016 4018
f 4018 4021 4020
f 4018 4019 4021
f 4006 4020 4007
f 4006 4018 4020
f 3113 4022 4015
f 3113 3119 4022
f 4015 4023 4017
f 4015 4022 4023
f 3119 4024 4022
f 3119 3121 4024
f 4022 4025 4023
f 4022 4024 4025
f 4017 4026 4019
f 4017 4023 4026
f 4019 4027 4021
f 4019 4026 4027
f 4023 4028 4026
f 4023 4025 4028
f 4026 4029 4027
f 4026 4028 4029
f 3817 4030 3816
f 3817 4005 4030
f 3816 4031 3819
f 3816 4030 4031
f 4005 4032 4030
f 4005 4007 4032
f 4032 4034 4033
f 4032 4035 4034
f 4031 4034 4036
f 4031 4033 4034
f 4030 4033 4031
f 4030 4032 4033
f 4031 4038 4037
f 4031 4036 4038
f 3822 4038 3825
f 3822 4037 4038
f 3819 4037 3822
f 3819 4031 4037
f 4035 4039 4034
f 4035 4040 4039
f 4036 4039 4041
f 4036 4034 4039
f 4040 4042 4039
f 4040 4043 4042
f 4041 4042 4044
f 4041 4039 4042
f 4036 4045 4038
f 4036 4041 4045
f 3825 4045 3836
f 3825 4038 4045
f 4041 4046 4045
f 4041 4044 4046
f 3836 4046 3839
f 3836 4045 4046
f 4020 4048 4047
f 4020 4021 4048
f 4032 4048 4035
f 4032 4047 4048
f 4007 4047 4032
f 4007 4020 4047
f 4021 4049 4048
f 4021 4027 4049
f 4035 4049 4040
f 4035 4048 4049
f 4027 4050 4049
f 4027 4029 4050
f 4040 4050 4043
f 4040 4049 4050
f 3105 4051 3151
f 3105 4010 4051
f 4010 4052 4051
f 4010 4011 4052
f 3151 4053 3153
f 3151 4051 4053
f 4051 4054 4053
f 4051 4052 4054
f 4011 4055 4052
f 4011 4013 4055
f 4013 3866 4055
f 4013 3834 3866
f 4052 4056 4054
f 4052 4055 4056
f 4055 3868 4056
f 4055 3866 3868
f 3153 4057 3159
f 3153 4053 4057
f 4053 4058 4057
f 4053 4054 4058
f 3159 4059 3161
f 3159 4057 4059
f 4057 4060 4059
f 4057 4058 4060
f 4054 4061 4058
f 4054 4056 4061
f 4056 3880 4061
f 4056 3868 3880
f 4058 4062 4060
f 4058 4061 4062
f 4061 3882 4062
f 4061 3880 3882
f 3121 4063 4024
f 3121 3167 4063
f 4024 4064 4025
f 4024 4063 4064
f 3167 4065 4063
f 3167 3169 4065
f 4063 4066 4064
f 4063 4065 4066
f 4025 4067 4028
f 4025 4064 4067
f 4028 4068 4029
f 4028 4067 4068
f 4064 4069 4067
f 4064 4066 4069
f 4067 4070 4068
f 4067 4069 4070
f 3169 4071 4065
f 3169 3175 4071
f 4065 4072 4066
f 4065 4071 4072
f 3175 4073 4071
f 3175 3177 4073
f 4071 4074 4072
f 4071 4073 4074
f 4066 4075 4069
f 4066 4072 4075
f 4069 4076 4070
f 4069 4075 4076
f 4072 4077 4075
f 4072 4074 4077
f 4075 4078 4076
f 4075 4077 4078
f 4043 4079 4042
f 4043 4080 4079
f 4044 4079 4081
f 4044 4042 4079
f 4080 4082 4079
f 4080 4083 4082
f 4081 4082 4084
f 4081 4079 4082
f 4044 4085 4046
f 4044 4081 4085
f 3839 4085 3870
f 3839 4046 4085
f 4081 4086 4085
f 4081 4084 4086
f 3870 4086 3873
f 3870 4085 4086
f 4083 4087 4082
f 4083 4088 4087
f 4084 4087 4089
f 4084 4082 4087
f 4088 4090 4087
f 4088 4091 4090
f 4089 4090 4092
f 4089 4087 4090
f 4084 4093 4086
f 4084 4089 4093
f 3873 4093 3884
f 3873 4086 4093
f 4089 4094 4093
f 4089 4092 4094
f 3884 4094 3887
f 3884 4093 4094
f 4029 4095 4050
f 4029 4068 4095
f 4043 4095 4080
f 4043 4050 4095
f 4068 4096 4095
f 4068 4070 4096
f 4080 4096 4083
f 4080 4095 4096
f 4070 4097 4096
f 4070 4076 4097
f 4083 4097 4088
f 4083 4096 4097
f 4076 4098 4097
f 4076 4078 4098
f 4088 4098 4091
f 4088 4097 4098
f 3854 4100 4099
f 3854 3855 4100
f 3854 4101 3856
f 3854 4099 4101
f 4099 4103 4102
f 4099 4100 4103
f 4099 4104 4101
f 4099 4102 4104
f 3859 4101 4105
f 3859 3856 4101
f 3859 4106 3860
f 3859 4105 4106
f 4105 4104 4107
f 4105 4101 4104
f 4105 4108 4106
f 4105 4107 4108
f 4102 4110 4109
f 4102 4103 4110
f 4102 4111 4104
f 4102 4109 4111
f 4109 4113 4112
f 4109 4110 4113
f 4109 4114 4111
f 4109 4112 4114
f 4107 4111 4115
f 4107 4104 4111
f 4107 4116 4108
f 4107 4115 4116
f 4115 4114 4117
f 4115 4111 4114
f 4115 4118 4116
f 4115 4117 4118
f 3877 4106 4119
f 3877 3860 4106
f 3877 4120 3878
f 3877 4119 4120
f 4119 4108 4121
f 4119 4106 4108
f 4119 4122 4120
f 4119 4121 4122
f 3881 4120 4123
f 3881 3878 4120
f 3881 4124 3882
f 3881 4123 4124
f 4123 4122 4125
f 4123 4120 4122
f 4123 4126 4124
f 4123 4125 4126
f 3887 4127 3886
f 3887 4128 4127
f 3888 4127 4129
f 3888 3886 4127
f 4128 4130 4127
f 4128 4131 4130
f 4129 4130 4132
f 4129 4127 4130
f 4121 4116 4133
f 4121 4108 4116
f 4121 4134 4122
f 4121 4133 4134
f 4133 4118 4135
f 4133 4116 4118
f 4133 4136 4134
f 4133 4135 4136
f 4125 4134 4137
f 4125 4122 4134
f 4125 4138 4126
f 4125 4137 4138
f 4137 4136 4139
f 4137 4134 4136
f 4137 4140 4138
f 4137 4139 4140
f 4131 4141 4130
f 4131 4142 4141
f 4132 4141 4143
f 4132 4130 4141
f 4142 4144 4141
f 4142 4145 4144
f 4143 4144 4146
f 4143 4141 4144
f 4112 4148 4147
f 4112 4113 4148
f 4112 4149 4114
f 4112 4147 4149
f 4147 4151 4150
f 4147 4148 4151
f 4147 4152 4149
f 4147 4150 4152
f 4117 4149 4153
f 4117 4114 4149
f 4117 4154 4118
f 4117 4153 4154
f 4153 4152 4155
f 4153 4149 4152
f 4153 4156 4154
f 4153 4155 4156
f 4150 4158 4157
f 4150 4151 4158
f 4150 4159 4152
f 4150 4157 4159
f 4157 4161 4160
f 4157 4158 4161
f 4157 4162 4159
f 4157 4160 4162
f 4155 4159 4163
f 4155 4152 4159
f 4155 4164 4156
f 4155 4163 4164
f 4163 4162 4165
f 4163 4159 4162
f 4163 4166 4164
f 4163 4165 4166
f 4135 4154 4167
f 4135 4118 4154
f 4135 4168 4136
f 4135 4167 4168
f 4167 4156 4169
f 4167 4154 4156
f 4167 4170 4168
f 4167 4169 4170
f 4139 4168 4171
f 4139 4136 4168
f 4139 4172 4140
f 4139 4171 4172
f 4171 4170 4173
f 4171 4168 4170
f 4171 4174 4172
f 4171 4173 4174
f 4145 4175 4144
f 4145 4176 4175
f 4146 4175 4177
f 4146 4144 4175
f 4176 4178 4175
f 4176 4179 4178
f 4177 4178 4180
f 4177 4175 4178
f 4169 4164 4181
f 4169 4156 4164
f 4169 4182 4170
f 4169 4181 4182
f 4181 4166 4183
f 4181 4164 4166
f 4181 4184 4182
f 4181 4183 4184
f 4173 4182 4185
f 4173 4170 4182
f 4173 4186 4174
f 4173 4185 4186
f 4185 4184 4187
f 4185 4182 4184
f 4185 4188 4186
f 4185 4187 4188
f 4179 4189 4178
f 4179 4190 4189
f 4180 4189 4191
f 4180 4178 4189
f 4190 4192 4189
f 4190 4193 4192
f 4191 4192 4194
f 4191 4189 4192
f 1316 4195 3934
f 1316 1691 4195
f 1691 4196 4195
f 1691 1692 4196
f 3934 4197 3936
f 3934 4195 4197
f 4195 4198 4197
f 4195 4196 4198
f 1320 4199 1695
f 1320 3938 4199
f 1695 4200 1696
f 1695 4199 4200
f 3938 4201 4199
f 3938 3940 4201
f 4199 4202 4200
f 4199 4201 4202
f 1692 4203 4196
f 1692 1699 4203
f 1699 4204 4203
f 1699 1700 4204
f 4196 4205 4198
f 4196 4203 4205
f 4203 4206 4205
f 4203 4204 4206
f 1696 4207 1703
f 1696 4200 4207
f 1703 4208 1704
f 1703 4207 4208
f 4200 4209 4207
f 4200 4202 4209
f 4207 4210 4208
f 4207 4209 4210
f 3936 4211 3948
f 3936 4197 4211
f 4197 4212 4211
f 4197 4198 4212
f 3948 4100 3855
f 3948 4211 4100
f 4211 4103 4100
f 4211 4212 4103
f 3940 4213 4201
f 3940 3950 4213
f 4201 4214 4202
f 4201 4213 4214
f 3950 4215 4213
f 3950 3952 4215
f 4213 4216 4214
f 4213 4215 4216
f 4198 4217 4212
f 4198 4205 4217
f 4205 4218 4217
f 4205 4206 4218
f 4212 4110 4103
f 4212 4217 4110
f 4217 4113 4110
f 4217 4218 4113
f 4202 4219 4209
f 4202 4214 4219
f 4209 4220 4210
f 4209 4219 4220
f 4214 4221 4219
f 4214 4216 4221
f 4219 4222 4220
f 4219 4221 4222
f 1700 4223 4204
f 1700 1723 4223
f 1723 4224 4223
f 1723 1724 4224
f 4204 4225 4206
f 4204 4223 4225
f 4223 4226 4225
f 4223 4224 4226
f 1704 4227 1727
f 1704 4208 4227
f 1727 4228 1728
f 1727 4227 4228
f 4208 4229 4227
f 4208 4210 4229
f 4227 4230 4228
f 4227 4229 4230
f 1724 4231 4224
f 1724 1731 4231
f 1731 4232 4231
f 1731 1732 4232
f 4224 4233 4226
f 4224 4231 4233
f 4231 4234 4233
f 4231 4232 4234
f 1728 4235 1735
f 1728 4228 4235
f 1735 4236 1736
f 1735 4235 4236
f 4228 4237 4235
f 4228 4230 4237
f 4235 4238 4236
f 4235 4237 4238
f 4206 4239 4218
f 4206 4225 4239
f 4225 4240 4239
f 4225 4226 4240
f 4218 4148 4113
f 4218 4239 4148
f 4239 4151 4148
f 4239 4240 4151
f 4210 4241 4229
f 4210 4220 4241
f 4229 4242 4230
f 4229 4241 4242
f 4220 4243 4241
f 4220 4222 4243
f 4241 4244 4242
f 4241 4243 4244
f 4226 4245 4240
f 4226 4233 4245
f 4233 4246 4245
f 4233 4234 4246
f 4240 4158 4151
f 4240 4245 4158
f 4245 4161 4158
f 4245 4246 4161
f 4230 4247 4237
f 4230 4242 4247
f 4237 4248 4238
f 4237 4247 4248
f 4242 4249 4247
f 4242 4244 4249
f 4247 4250 4248
f 4247 4249 4250
f 3986 4251 3985
f 3986 4252 4251
f 3987 4251 4253
f 3987 3985 4251
f 4252 4254 4251
f 4252 4255 4254
f 4253 4254 4256
f 4253 4251 4254
f 3987 4257 3989
f 3987 4253 4257
f 3952 4257 4215
f 3952 3989 4257
f 4253 4258 4257
f 4253 4256 4258
f 4215 4258 4216
f 4215 4257 4258
f 4255 4259 4254
f 4255 4260 4259
f 4256 4259 4261
f 4256 4254 4259
f 4260 4262 4259
f 4260 4263 4262
f 4261 4262 4264
f 4261 4259 4262
f 4256 4265 4258
f 4256 4261 4265
f 4216 4265 4221
f 4216 4258 4265
f 4261 4266 4265
f 4261 4264 4266
f 4221 4266 4222
f 4221 4265 4266
f 3888 4267 3993
f 3888 4129 4267
f 3986 4267 4252
f 3986 3993 4267
f 4129 4268 4267
f 4129 4132 4268
f 4252 4268 4255
f 4252 4267 4268
f 4132 4269 4268
f 4132 4143 4269
f 4255 4269 4260
f 4255 4268 4269
f 4143 4270 4269
f 4143 4146 4270
f 4260 4270 4263
f 4260 4269 4270
f 4263 4271 4262
f 4263 4272 4271
f 4264 4271 4273
f 4264 4262 4271
f 4272 4274 4271
f 4272 4275 4274
f 4273 4274 4276
f 4273 4271 4274
f 4264 4277 4266
f 4264 4273 4277
f 4222 4277 4243
f 4222 4266 4277
f 4273 4278 4277
f 4273 4276 4278
f 4243 4278 4244
f 4243 4277 4278
f 4275 4279 4274
f 4275 4280 4279
f 4276 4279 4281
f 4276 4274 4279
f 4280 4282 4279
f 4280 4283 4282
f 4281 4282 4284
f 4281 4279 4282
f 4276 4285 4278
f 4276 4281 4285
f 4244 4285 4249
f 4244 4278 4285
f 4281 4286 4285
f 4281 4284 4286
f 4249 4286 4250
f 4249 4285 4286
f 4146 4287 4270
f 4146 4177 4287
f 4263 4287 4272
f 4263 4270 4287
f 4177 4288 4287
f 4177 4180 4288
f 4272 4288 4275
f 4272 4287 4288
f 4180 4289 4288
f 4180 4191 4289
f 4275 4289 4280
f 4275 4288 4289
f 4191 4290 4289
f 4191 4194 4290
f 4280 4290 4283
f 4280 4289 4290
f 4160 4292 4291
f 4160 4161 4292
f 4160 4293 4162
f 4160 4291 4293
f 4291 4295 4294
f 4291 4292 4295
f 4291 4296 4293
f 4291 4294 4296
f 4165 4293 4297
f 4165 4162 4293
f 4165 4298 4166
f 4165 4297 4298
f 4297 4296 4299
f 4297 4293 4296
f 4297 4300 4298
f 4297 4299 4300
f 4294 4302 4301
f 4294 4295 4302
f 4294 4303 4296
f 4294 4301 4303
f 4301 4305 4304
f 4301 4302 4305
f 4301 4306 4303
f 4301 4304 4306
f 4299 4303 4307
f 4299 4296 4303
f 4299 4308 4300
f 4299 4307 4308
f 4307 4306 4309
f 4307 4303 4306
f 4307 4310 4308
f 4307 4309 4310
f 4183 4298 4311
f 4183 4166 4298
f 4183 4312 4184
f 4183 4311 4312
f 4311 4300 4313
f 4311 4298 4300
f 4311 4314 4312
f 4311 4313 4314
f 4187 4312 4315
f 4187 4184 4312
f 4187 4316 4188
f 4187 4315 4316
f 4315 4314 4317
f 4315 4312 4314
f 4315 4318 4316
f 4315 4317 4318
f 4193 4319 4192
f 4193 4320 4319
f 4194 4319 4321
f 4194 4192 4319
f 4320 4322 4319
f 4320 4323 4322
f 4321 4322 4324
f 4321 4319 4322
f 4313 4308 4325
f 4313 4300 4308
f 4313 4326 4314
f 4313 4325 4326
f 4325 4310 4327
f 4325 4308 4310
f 4325 4328 4326
f 4325 4327 4328
f 4317 4326 4329
f 4317 4314 4326
f 4317 4330 4318
f 4317 4329 4330
f 4329 4328 4331
f 4329 4326 4328
f 4329 4332 4330
f 4329 4331 4332
f 4323 4333 4322
f 4323 4334 4333
f 4324 4333 4335
f 4324 4322 4333
f 4334 4336 4333
f 4334 4337 4336
f 4335 4336 4338
f 4335 4333 4336
f 4304 4340 4339
f 4304 4305 4340
f 4304 4341 4306
f 4304 4339 4341
f 4339 4343 4342
f 4339 4340 4343
f 4339 4344 4341
f 4339 4342 4344
f 4309 4341 4345
f 4309 4306 4341
f 4309 4346 4310
f 4309 4345 4346
f 4345 4344 4347
f 4345 4341 4344
f 4345 4348 4346
f 4345 4347 4348
f 4342 4350 4349
f 4342 4343 4350
f 4342 4351 4344
f 4342 4349 4351
f 4349 4353 4352
f 4349 4350 4353
f 4349 4354 4351
f 4349 4352 4354
f 4347 4351 4355
f 4347 4344 4351
f 4347 4356 4348
f 4347 4355 4356
f 4355 4354 4357
f 4355 4351 4354
f 4355 4358 4356
f 4355 4357 4358
f 4327 4346 4359
f 4327 4310 4346
f 4327 4360 4328
f 4327 4359 4360
f 4359 4348 4361
f 4359 4346 4348
f 4359 4362 4360
f 4359 4361 4362
f 4331 4360 4363
f 4331 4328 4360
f 4331 4364 4332
f 4331 4363 4364
f 4363 4362 4365
f 4363 4360 4362
f 4363 4366 4364
f 4363 4365 4366
f 4337 4367 4336
f 4337 4368 4367
f 4338 4367 4369
f 4338 4336 4367
f 4368 4370 4367
f 4368 4371 4370
f 4369 4370 4372
f 4369 4367 4370
f 4361 4356 4373
f 4361 4348 4356
f 4361 4374 4362
f 4361 4373 4374
f 4373 4358 4375
f 4373 4356 4358
f 4373 4376 4374
f 4373 4375 4376
f 4365 4374 4377
f 4365 4362 4374
f 4365 4378 4366
f 4365 4377 4378
f 4377 4376 4379
f 4377 4374 4376
f 4377 4380 4378
f 4377 4379 4380
f 4371 4381 4370
f 4371 4382 4381
f 4372 4381 4383
f 4372 4370 4381
f 4382 4384 4381
f 4382 4385 4384
f 4383 4384 4386
f 4383 4381 4384
f 1732 4387 4232
f 1732 1883 4387
f 1883 4388 4387
f 1883 1884 4388
f 4232 4389 4234
f 4232 4387 4389
f 4387 4390 4389
f 4387 4388 4390
f 1736 4391 1887
f 1736 4236 4391
f 1887 4392 1888
f 1887 4391 4392
f 4236 4393 4391
f 4236 4238 4393
f 4391 4394 4392
f 4391 4393 4394
f 1884 4395 4388
f 1884 1891 4395
f 1891 4396 4395
f 1891 1892 4396
f 4388 4397 4390
f 4388 4395 4397
f 4395 4398 4397
f 4395 4396 4398
f 1888 4399 1895
f 1888 4392 4399
f 1895 4400 1896
f 1895 4399 4400
f 4392 4401 4399
f 4392 4394 4401
f 4399 4402 4400
f 4399 4401 4402
f 4234 4403 4246
f 4234 4389 4403
f 4389 4404 4403
f 4389 4390 4404
f 4246 4292 4161
f 4246 4403 4292
f 4403 4295 4292
f 4403 4404 4295
f 4238 4405 4393
f 4238 4248 4405
f 4393 4406 4394
f 4393 4405 4406
f 4248 4407 4405
f 4248 4250 4407
f 4405 4408 4406
f 4405 4407 4408
f 4390 4409 4404
f 4390 4397 4409
f 4397 4410 4409
f 4397 4398 4410
f 4404 4302 4295
f 4404 4409 4302
f 4409 4305 4302
f 4409 4410 4305
f 4394 4411 4401
f 4394 4406 4411
f 4401 4412 4402
f 4401 4411 4412
f 4406 4413 4411
f 4406 4408 4413
f 4411 4414 4412
f 4411 4413 4414
f 1892 4415 4396
f 1892 1915 4415
f 1915 4416 4415
f 1915 1916 4416
f 4396 4417 4398
f 4396 4415 4417
f 4415 4418 4417
f 4415 4416 4418
f 1896 4419 1919
f 1896 4400 4419
f 1919 4420 1920
f 1919 4419 4420
f 4400 4421 4419
f 4400 4402 4421
f 4419 4422 4420
f 4419 4421 4422
f 1916 4423 4416
f 1916 1923 4423
f 1923 4424 4423
f 1923 1924 4424
f 4416 4425 4418
f 4416 4423 4425
f 4423 4426 4425
f 4423 4424 4426
f 1920 4427 1927
f 1920 4420 4427
f 1927 4428 1928
f 1927 4427 4428
f 4420 4429 4427
f 4420 4422 4429
f 4427 4430 4428
f 4427 4429 4430
f 4398 4431 4410
f 4398 4417 4431
f 4417 4432 4431
f 4417 4418 4432
f 4410 4340 4305
f 4410 4431 4340
f 4431 4343 4340
f 4431 4432 4343
f 4402 4433 4421
f 4402 4412 4433
f 4421 4434 4422
f 4421 4433 4434
f 4412 4435 4433
f 4412 4414 4435
f 4433 4436 4434
f 4433 4435 4436
f 4418 4437 4432
f 4418 4425 4437
f 4425 4438 4437
f 4425 4426 4438
f 4432 4350 4343
f 4432 4437 4350
f 4437 4353 4350
f 4437 4438 4353
f 4422 4439 4429
f 4422 4434 4439
f 4429 4440 4430
f 4429 4439 4440
f 4434 4441 4439
f 4434 4436 4441
f 4439 4442 4440
f 4439 4441 4442
f 4283 4443 4282
f 4283 4444 4443
f 4284 4443 4445
f 4284 4282 4443
f 4444 4446 4443
f 4444 4447 4446
f 4445 4446 4448
f 4445 4443 4446
f 4284 4449 4286
f 4284 4445 4449
f 4250 4449 4407
f 4250 4286 4449
f 4445 4450 4449
f 4445 4448 4450
f 4407 4450 4408
f 4407 4449 4450
f 4447 4451 4446
f 4447 4452 4451
f 4448 4451 4453
f 4448 4446 4451
f 4452 4454 4451
f 4452 4455 4454
f 4453 4454 4456
f 4453 4451 4454
f 4448 4457 4450
f 4448 4453 4457
f 4408 4457 4413
f 4408 4450 4457
f 4453 4458 4457
f 4453 4456 4458
f 4413 4458 4414
f 4413 4457 4458
f 4194 4459 4290
f 4194 4321 4459
f 4283 4459 4444
f 4283 4290 4459
f 4321 4460 4459
f 4321 4324 4460
f 4444 4460 4447
f 4444 4459 4460
f 4324 4461 4460
f 4324 4335 4461
f 4447 4461 4452
f 4447 4460 4461
f 4335 4462 4461
f 4335 4338 4462
f 4452 4462 4455
f 4452 4461 4462
f 4455 4463 4454
f 4455 4464 4463
f 4456 4463 4465
f 4456 4454 4463
f 4464 4466 4463
f 4464 4467 4466
f 4465 4466 4468
f 4465 4463 4466
f 4456 4469 4458
f 4456 4465 4469
f 4414 4469 4435
f 4414 4458 4469
f 4465 4470 4469
f 4465 4468 4470
f 4435 4470 4436
f 4435 4469 4470
f 4467 4471 4466
f 4467 4472 4471
f 4468 4471 4473
f 4468 4466 4471
f 4472 4474 4471
f 4472 4475 4474
f 4473 4474 4476
f 4473 4471 4474
f 4468 4477 4470
f 4468 4473 4477
f 4436 4477 4441
f 4436 4470 4477
f 4473 4478 4477
f 4473 4476 4478
f 4441 4478 4442
f 4441 4477 4478
f 4338 4479 4462
f 4338 4369 4479
f 4455 4479 4464
f 4455 4462 4479
f 4369 4480 4479
f 4369 4372 4480
f 4464 4480 4467
f 4464 4479 4480
f 4372 4481 4480
f 4372 4383 4481
f 4467 4481 4472
f 4467 4480 4481
f 4383 4482 4481
f 4383 4386 4482
f 4472 4482 4475
f 4472 4481 4482
f 3161 4483 3591
f 3161 4059 4483
f 4059 4484 4483
f 4059 4060 4484
f 3591 4485 3593
f 3591 4483 4485
f 4483 4486 4485
f 4483 4484 4486
f 4060 4487 4484
f 4060 4062 4487
f 4062 4124 4487
f 4062 3882 4124
f 4484 4488 4486
f 4484 4487 4488
f 4487 4126 4488
f 4487 4124 4126
f 3593 4489 3599
f 3593 4485 4489
f 4485 4490 4489
f 4485 4486 4490
f 3599 4491 3601
f 3599 4489 4491
f 4489 4492 4491
f 4489 4490 4492
f 4486 4493 4490
f 4486 4488 4493
f 4488 4138 4493
f 4488 4126 4138
f 4490 4494 4492
f 4490 4493 4494
f 4493 4140 4494
f 4493 4138 4140
f 3177 4495 4073
f 3177 3607 4495
f 4073 4496 4074
f 4073 4495 4496
f 3607 4497 4495
f 3607 3609 4497
f 4495 4498 4496
f 4495 4497 4498
f 4074 4499 4077
f 4074 4496 4499
f 4077 4500 4078
f 4077 4499 4500
f 4496 4501 4499
f 4496 4498 4501
f 4499 4502 4500
f 4499 4501 4502
f 3609 4503 4497
f 3609 3615 4503
f 4497 4504 4498
f 4497 4503 4504
f 3615 4505 4503
f 3615 3617 4505
f 4503 4506 4504
f 4503 4505 4506
f 4498 4507 4501
f 4498 4504 4507
f 4501 4508 4502
f 4501 4507 4508
f 4504 4509 4507
f 4504 4506 4509
f 4507 4510 4508
f 4507 4509 4510
f 4091 4511 4090
f 4091 4512 4511
f 4092 4511 4513
f 4092 4090 4511
f 4512 4514 4511
f 4512 4515 4514
f 4513 4514 4516
f 4513 4511 4514
f 4092 4517 4094
f 4092 4513 4517
f 3887 4517 4128
f 3887 4094 4517
f 4513 4518 4517
f 4513 4516 4518
f 4128 4518 4131
f 4128 4517 4518
f 4515 4519 4514
f 4515 4520 4519
f 4516 4519 4521
f 4516 4514 4519
f 4520 4522 4519
f 4520 4523 4522
f 4521 4522 4524
f 4521 4519 4522
f 4516 4525 4518
f 4516 4521 4525
f 4131 4525 4142
f 4131 4518 4525
f 4521 4526 4525
f 4521 4524 4526
f 4142 4526 4145
f 4142 4525 4526
f 4078 4527 4098
f 4078 4500 4527
f 4091 4527 4512
f 4091 4098 4527
f 4500 4528 4527
f 4500 4502 4528
f 4512 4528 4515
f 4512 4527 4528
f 4502 4529 4528
f 4502 4508 4529
f 4515 4529 4520
f 4515 4528 4529
f 4508 4530 4529
f 4508 4510 4530
f 4520 4530 4523
f 4520 4529 4530
f 3601 4531 3647
f 3601 4491 4531
f 4491 4532 4531
f 4491 4492 4532
f 3647 4533 3649
f 3647 4531 4533
f 4531 4534 4533
f 4531 4532 4534
f 4492 4535 4532
f 4492 4494 4535
f 4494 4172 4535
f 4494 4140 4172
f 4532 4536 4534
f 4532 4535 4536
f 4535 4174 4536
f 4535 4172 4174
f 3649 4537 3655
f 3649 4533 4537
f 4533 4538 4537
f 4533 4534 4538
f 3655 4539 3657
f 3655 4537 4539
f 4537 4540 4539
f 4537 4538 4540
f 4534 4541 4538
f 4534 4536 4541
f 4536 4186 4541
f 4536 4174 4186
f 4538 4542 4540
f 4538 4541 4542
f 4541 4188 4542
f 4541 4186 4188
f 3617 4543 4505
f 3617 3663 4543
f 4505 4544 4506
f 4505 4543 4544
f 3663 4545 4543
f 3663 3665 4545
f 4543 4546 4544
f 4543 4545 4546
f 4506 4547 4509
f 4506 4544 4547
f 4509 4548 4510
f 4509 4547 4548
f 4544 4549 4547
f 4544 4546 4549
f 4547 4550 4548
f 4547 4549 4550
f 3665 4551 4545
f 3665 3671 4551
f 4545 4552 4546
f 4545 4551 4552
f 3671 4553 4551
f 3671 3673 4553
f 4551 4554 4552
f 4551 4553 4554
f 4546 4555 4549
f 4546 4552 4555
f 4549 4556 4550
f 4549 4555 4556
f 4552 4557 4555
f 4552 4554 4557
f 4555 4558 4556
f 4555 4557 4558
f 4523 4559 4522
f 4523 4560 4559
f 4524 4559 4561
f 4524 4522 4559
f 4560 4562 4559
f 4560 4563 4562
f 4561 4562 4564
f 4561 4559 4562
f 4524 4565 4526
f 4524 4561 4565
f 4145 4565 4176
f 4145 4526 4565
f 4561 4566 4565
f 4561 4564 4566
f 4176 4566 4179
f 4176 4565 4566
f 4563 4567 4562
f 4563 4568 4567
f 4564 4567 4569
f 4564 4562 4567
f 4568 4570 4567
f 4568 4571 4570
f 4569 4570 4572
f 4569 4567 4570
f 4564 4573 4566
f 4564 4569 4573
f 4179 4573 4190
f 4179 4566 4573
f 4569 4574 4573
f 4569 4572 4574
f 4190 4574 4193
f 4190 4573 4574
f 4510 4575 4530
f 4510 4548 4575
f 4523 4575 4560
f 4523 4530 4575
f 4548 4576 4575
f 4548 4550 4576
f 4560 4576 4563
f 4560 4575 4576
f 4550 4577 4576
f 4550 4556 4577
f 4563 4577 4568
f 4563 4576 4577
f 4556 4578 4577
f 4556 4558 4578
f 4568 4578 4571
f 4568 4577 4578
f 3657 4579 3703
f 3657 4539 4579
f 4539 4580 4579
f 4539 4540 4580
f 3703 4581 3705
f 3703 4579 4581
f 4579 4582 4581
f 4579 4580 4582
f 4540 4583 4580
f 4540 4542 4583
f 4542 4316 4583
f 4542 4188 4316
f 4580 4584 4582
f 4580 4583 4584
f 4583 4318 4584
f 4583 4316 4318
f 3705 4585 3711
f 3705 4581 4585
f 4581 4586 4585
f 4581 4582 4586
f 3711 4587 3713
f 3711 4585 4587
f 4585 4588 4587
f 4585 4586 4588
f 4582 4589 4586
f 4582 4584 4589
f 4584 4330 4589
f 4584 4318 4330
f 4586 4590 4588
f 4586 4589 4590
f 4589 4332 4590
f 4589 4330 4332
f 3673 4591 4553
f 3673 3719 4591
f 4553 4592 4554
f 4553 4591 4592
f 3719 4593 4591
f 3719 3721 4593
f 4591 4594 4592
f 4591 4593 4594
f 4554 4595 4557
f 4554 4592 4595
f 4557 4596 4558
f 4557 4595 4596
f 4592 4597 4595
f 4592 4594 4597
f 4595 4598 4596
f 4595 4597 4598
f 3721 4599 4593
f 3721 3727 4599
f 4593 4600 4594
f 4593 4599 4600
f 3727 4601 4599
f 3727 3729 4601
f 4599 4602 4600
f 4599 4601 4602
f 4594 4603 4597
f 4594 4600 4603
f 4597 4604 4598
f 4597 4603 4604
f 4600 4605 4603
f 4600 4602 4605
f 4603 4606 4604
f 4603 4605 4606
f 4571 4607 4570
f 4571 4608 4607
f 4572 4607 4609
f 4572 4570 4607
f 4608 4610 4607
f 4608 4611 4610
f 4609 4610 4612
f 4609 4607 4610
f 4572 4613 4574
f 4572 4609 4613
f 4193 4613 4320
f 4193 4574 4613
f 4609 4614 4613
f 4609 4612 4614
f 4320 4614 4323
f 4320 4613 4614
f 4611 4615 4610
f 4611 4616 4615
f 4612 4615 4617
f 4612 4610 4615
f 4616 4618 4615
f 4616 4619 4618
f 4617 4618 4620
f 4617 4615 4618
f 4612 4621 4614
f 4612 4617 4621
f 4323 4621 4334
f 4323 4614 4621
f 4617 4622 4621
f 4617 4620 4622
f 4334 4622 4337
f 4334 4621 4622
f 4558 4623 4578
f 4558 4596 4623
f 4571 4623 4608
f 4571 4578 4623
f 4596 4624 4623
f 4596 4598 4624
f 4608 4624 4611
f 4608 4623 4624
f 4598 4625 4624
f 4598 4604 4625
f 4611 4625 4616
f 4611 4624 4625
f 4604 4626 4625
f 4604 4606 4626
f 4616 4626 4619
f 4616 4625 4626
f 3713 4627 3759
f 3713 4587 4627
f 4587 4628 4627
f 4587 4588 4628
f 3759 4629 3761
f 3759 4627 4629
f 4627 4630 4629
f 4627 4628 4630
f 4588 4631 4628
f 4588 4590 4631
f 4590 4364 4631
f 4590 4332 4364
f 4628 4632 4630
f 4628 4631 4632
f 4631 4366 4632
f 4631 4364 4366
f 3761 4633 3767
f 3761 4629 4633
f 4629 4634 4633
f 4629 4630 4634
f 3767 4635 3769
f 3767 4633 4635
f 4633 4636 4635
f 4633 4634 4636
f 4630 4637 4634
f 4630 4632 4637
f 4632 4378 4637
f 4632 4366 4378
f 4634 4638 4636
f 4634 4637 4638
f 4637 4380 4638
f 4637 4378 4380
f 3729 4639 4601
f 3729 3775 4639
f 4601 4640 4602
f 4601 4639 4640
f 3775 4641 4639
f 3775 3777 4641
f 4639 4642 4640
f 4639 4641 4642
f 4602 4643 4605
f 4602 4640 4643
f 4605 4644 4606
f 4605 4643 4644
f 4640 4645 4643
f 4640 4642 4645
f 4643 4646 4644
f 4643 4645 4646
f 3777 4647 4641
f 3777 3783 4647
f 4641 4648 4642
f 4641 4647 4648
f 3783 4649 4647
f 3783 3785 4649
f 4647 4650 4648
f 4647 4649 4650
f 4642 4651 4645
f 4642 4648 4651
f 4645 4652 4646
f 4645 4651 4652
f 4648 4653 4651
f 4648 4650 4653
f 4651 4654 4652
f 4651 4653 4654
f 4619 4655 4618
f 4619 4656 4655
f 4620 4655 4657
f 4620 4618 4655
f 4656 4658 4655
f 4656 4659 4658
f 4657 4658 4660
f 4657 4655 4658
f 4620 4661 4622
f 4620 4657 4661
f 4337 4661 4368
f 4337 4622 4661
f 4657 4662 4661
f 4657 4660 4662
f 4368 4662 4371
f 4368 4661 4662
f 4659 4663 4658
f 4659 4664 4663
f 4660 4663 4665
f 4660 4658 4663
f 4664 4666 4663
f 4664 4667 4666
f 4665 4666 4668
f 4665 4663 4666
f 4660 4669 4662
f 4660 4665 4669
f 4371 4669 4382
f 4371 4662 4669
f 4665 4670 4669
f 4665 4668 4670
f 4382 4670 4385
f 4382 4669 4670
f 4606 4671 4626
f 4606 4644 4671
f 4619 4671 4656
f 4619 4626 4671
f 4644 4672 4671
f 4644 4646 4672
f 4656 4672 4659
f 4656 4671 4672
f 4646 4673 4672
f 4646 4652 4673
f 4659 4673 4664
f 4659 4672 4673
f 4652 4674 4673
f 4652 4654 4674
f 4664 4674 4667
f 4664 4673 4674
f 921 4675 3411
f 921 2163 4675
f 2163 4676 4675
f 2163 2164 4676
f 3411 4677 3413
f 3411 4675 4677
f 4675 4678 4677
f 4675 4676 4678
f 925 4679 2167
f 925 3415 4679
f 2167 4680 2168
f 2167 4679 4680
f 3415 4681 4679
f 3415 3417 4681
f 4679 4682 4680
f 4679 4681 4682
f 2164 4683 4676
f 2164 2171 4683
f 2171 4684 4683
f 2171 2172 4684
f 4676 4685 4678
f 4676 4683 4685
f 4683 4686 4685
f 4683 4684 4686
f 2168 4687 2175
f 2168 4680 4687
f 2175 4688 2176
f 2175 4687 4688
f 4680 4689 4687
f 4680 4682 4689
f 4687 4690 4688
f 4687 4689 4690
f 3413 4691 3427
f 3413 4677 4691
f 4677 4692 4691
f 4677 4678 4692
f 3427 4693 3429
f 3427 4691 4693
f 4691 4694 4693
f 4691 4692 4694
f 3417 4695 4681
f 3417 3431 4695
f 4681 4696 4682
f 4681 4695 4696
f 3431 4697 4695
f 3431 3433 4697
f 4695 4698 4696
f 4695 4697 4698
f 4678 4699 4692
f 4678 4685 4699
f 4685 4700 4699
f 4685 4686 4700
f 4692 4701 4694
f 4692 4699 4701
f 4699 4702 4701
f 4699 4700 4702
f 4682 4703 4689
f 4682 4696 4703
f 4689 4704 4690
f 4689 4703 4704
f 4696 4705 4703
f 4696 4698 4705
f 4703 4706 4704
f 4703 4705 4706
f 2172 4707 4684
f 2172 2192 4707
f 2192 4708 4707
f 2192 2193 4708
f 4684 4709 4686
f 4684 4707 4709
f 4707 4710 4709
f 4707 4708 4710
f 2176 4711 2195
f 2176 4688 4711
f 4688 4712 4711
f 4688 4690 4712
f 2193 4713 4708
f 2193 2199 4713
f 2200 4715 4714
f 2200 2201 4715
f 2199 4714 4713
f 2199 2200 4714
f 4708 4716 4710
f 4708 4713 4716
f 4714 4718 4717
f 4714 4715 4718
f 4713 4717 4716
f 4713 4714 4717
f 4686 4719 4700
f 4686 4709 4719
f 4709 4720 4719
f 4709 4710 4720
f 4700 4721 4702
f 4700 4719 4721
f 4719 4722 4721
f 4719 4720 4722
f 4690 4723 4712
f 4690 4704 4723
f 4704 4724 4723
f 4704 4706 4724
f 4710 4725 4720
f 4710 4716 4725
f 4717 4727 4726
f 4717 4718 4727
f 4716 4726 4725
f 4716 4717 4726
f 4720 4728 4722
f 4720 4725 4728
f 4726 4730 4729
f 4726 4727 4730
f 4725 4729 4728
f 4725 4726 4729
f 3469 4731 3468
f 3469 4732 4731
f 3429 4732 3469
f 3429 4693 4732
f 4732 4733 4731
f 4732 4734 4733
f 4693 4734 4732
f 4693 4694 4734
f 3473 4735 3472
f 3473 4736 4735
f 3468 4736 3473
f 3468 4731 4736
f 4736 4737 4735
f 4736 4738 4737
f 4731 4738 4736
f 4731 4733 4738
f 4734 4739 4733
f 4734 4740 4739
f 4694 4740 4734
f 4694 4701 4740
f 4740 4741 4739
f 4740 4742 4741
f 4701 4742 4740
f 4701 4702 4742
f 4738 4743 4737
f 4738 4744 4743
f 4733 4744 4738
f 4733 4739 4744
f 4744 4745 4743
f 4744 4746 4745
f 4739 4746 4744
f 4739 4741 4746
f 3481 4747 3480
f 3481 4748 4747
f 3472 4748 3481
f 3472 4735 4748
f 4748 4749 4747
f 4748 4750 4749
f 4735 4750 4748
f 4735 4737 4750
f 4750 4751 4749
f 4750 4752 4751
f 4737 4752 4750
f 4737 4743 4752
f 4752 4753 4751
f 4752 4754 4753
f 4743 4754 4752
f 4743 4745 4754
f 4742 4755 4741
f 4742 4756 4755
f 4702 4756 4742
f 4702 4721 4756
f 4756 4757 4755
f 4756 4758 4757
f 4721 4758 4756
f 4721 4722 4758
f 4746 4759 4745
f 4746 4760 4759
f 4741 4760 4746
f 4741 4755 4760
f 4760 4761 4759
f 4760 4762 4761
f 4755 4762 4760
f 4755 4757 4762
f 4758 4763 4757
f 4758 4764 4763
f 4722 4764 4758
f 4722 4728 4764
f 4764 4765 4763
f 4764 4766 4765
f 4729 4765 4766
f 4729 4730 4765
f 4728 4766 4764
f 4728 4729 4766
f 4762 4767 4761
f 4762 4768 4767
f 4757 4768 4762
f 4757 4763 4768
f 4768 4769 4767
f 4768 4770 4769
f 4765 4769 4770
f 4765 4771 4769
f 4763 4770 4768
f 4763 4765 4770
f 4754 4772 4753
f 4754 4773 4772
f 4745 4773 4754
f 4745 4759 4773
f 4773 4774 4772
f 4773 4775 4774
f 4759 4775 4773
f 4759 4761 4775
f 4775 4776 4774
f 4775 4777 4776
f 4761 4777 4775
f 4761 4767 4777
f 4777 4778 4776
f 4777 4779 4778
f 4769 4778 4779
f 4769 4780 4778
f 4767 4779 4777
f 4767 4769 4779
f 2195 4781 2278
f 2195 4711 4781
f 2278 4782 2279
f 2278 4781 4782
f 4711 4783 4781
f 4711 4712 4783
f 4781 4784 4782
f 4781 4783 4784
f 2279 4785 2282
f 2279 4782 4785
f 2282 4786 2283
f 2282 4785 4786
f 4782 4787 4785
f 4782 4784 4787
f 4785 4788 4786
f 4785 4787 4788
f 4712 4789 4783
f 4712 4723 4789
f 4783 4790 4784
f 4783 4789 4790
f 4723 4791 4789
f 4723 4724 4791
f 4789 4792 4790
f 4789 4791 4792
f 4784 4793 4787
f 4784 4790 4793
f 4787 4794 4788
f 4787 4793 4794
f 4790 4795 4793
f 4790 4792 4795
f 4793 4796 4794
f 4793 4795 4796
f 2283 4797 2294
f 2283 4786 4797
f 2294 4798 2295
f 2294 4797 4798
f 4786 4799 4797
f 4786 4788 4799
f 4797 4800 4798
f 4797 4799 4800
f 2295 4801 2298
f 2295 4798 4801
f 2298 4802 2299
f 2298 4801 4802
f 4798 4803 4801
f 4798 4800 4803
f 4801 4804 4802
f 4801 4803 4804
f 4788 4805 4799
f 4788 4794 4805
f 4799 4806 4800
f 4799 4805 4806
f 4794 4807 4805
f 4794 4796 4807
f 4805 4808 4806
f 4805 4807 4808
f 4800 4809 4803
f 4800 4806 4809
f 4803 4810 4804
f 4803 4809 4810
f 4806 4811 4809
f 4806 4808 4811
f 4809 4812 4810
f 4809 4811 4812
f 3532 4814 4813
f 3532 3533 4814
f 3433 4813 4697
f 3433 3532 4813
f 4813 4816 4815
f 4813 4814 4816
f 4697 4815 4698
f 4697 4813 4815
f 3536 4818 4817
f 3536 3537 4818
f 3533 4817 4814
f 3533 3536 4817
f 4817 4820 4819
f 4817 4818 4820
f 4814 4819 4816
f 4814 4817 4819
f 4815 4822 4821
f 4815 4816 4822
f 4698 4821 4705
f 4698 4815 4821
f 4821 4824 4823
f 4821 4822 4824
f 4705 4823 4706
f 4705 4821 4823
f 4819 4826 4825
f 4819 4820 4826
f 4816 4825 4822
f 4816 4819 4825
f 4825 4828 4827
f 4825 4826 4828
f 4822 4827 4824
f 4822 4825 4827
f 3553 4829 3552
f 3553 4830 4829
f 3480 4830 3553
f 3480 4747 4830
f 4830 4831 4829
f 4830 4832 4831
f 4747 4832 4830
f 4747 4749 4832
f 3556 4834 4833
f 3556 3557 4834
f 3537 4833 4818
f 3537 3556 4833
f 4833 4836 4835
f 4833 4834 4836
f 4818 4835 4820
f 4818 4833 4835
f 3560 4838 4837
f 3560 3561 4838
f 3557 4837 4834
f 3557 3560 4837
f 4837 4840 4839
f 4837 4838 4840
f 4834 4839 4836
f 4834 4837 4839
f 4832 4841 4831
f 4832 4842 4841
f 4749 4842 4832
f 4749 4751 4842
f 4842 4843 4841
f 4842 4844 4843
f 4751 4844 4842
f 4751 4753 4844
f 4835 4846 4845
f 4835 4836 4846
f 4820 4845 4826
f 4820 4835 4845
f 4845 4848 4847
f 4845 4846 4848
f 4826 4847 4828
f 4826 4845 4847
f 4839 4850 4849
f 4839 4840 4850
f 4836 4849 4846
f 4836 4839 4849
f 4849 4852 4851
f 4849 4850 4852
f 4846 4851 4848
f 4846 4849 4851
f 4823 4853 4791
f 4823 4824 4853
f 4706 4791 4724
f 4706 4823 4791
f 4791 4854 4792
f 4791 4853 4854
f 4827 4855 4854
f 4827 4828 4855
f 4824 4854 4853
f 4824 4827 4854
f 4792 4856 4795
f 4792 4854 4856
f 4795 4857 4796
f 4795 4856 4857
f 4854 4858 4856
f 4854 4855 4858
f 4856 4859 4857
f 4856 4858 4859
f 4844 4860 4843
f 4844 4861 4860
f 4753 4861 4844
f 4753 4772 4861
f 4861 4862 4860
f 4861 4863 4862
f 4772 4863 4861
f 4772 4774 4863
f 4847 4864 4858
f 4847 4848 4864
f 4828 4858 4855
f 4828 4847 4858
f 4858 4865 4859
f 4858 4864 4865
f 4851 4866 4865
f 4851 4852 4866
f 4848 4865 4864
f 4848 4851 4865
f 4863 4867 4862
f 4863 4868 4867
f 4774 4868 4863
f 4774 4776 4868
f 4868 4869 4867
f 4868 4870 4869
f 4778 4869 4870
f 4778 4871 4869
f 4776 4870 4868
f 4776 4778 4870
f 4796 4872 4807
f 4796 4857 4872
f 4807 4873 4808
f 4807 4872 4873
f 4857 4874 4872
f 4857 4859 4874
f 4872 4875 4873
f 4872 4874 4875
f 4808 4876 4811
f 4808 4873 4876
f 4811 4877 4812
f 4811 4876 4877
f 4873 4878 4876
f 4873 4875 4878
f 4876 4879 4877
f 4876 4878 4879
f 4859 4880 4874
f 4859 4865 4880
f 4874 4881 4875
f 4874 4880 4881
f 4865 4882 4880
f 4865 4866 4882
f 4880 4883 4881
f 4880 4882 4883
f 4875 4884 4878
f 4875 4881 4884
f 4878 4885 4879
f 4878 4884 4885
f 4881 4886 4884
f 4881 4883 4886
f 4884 4887 4885
f 4884 4886 4887
f 2326 4889 4888
f 2326 2327 4889
f 2201 4888 4715
f 2201 2326 4888
f 2327 4890 4889
f 2327 2328 4890
f 4888 4892 4891
f 4888 4889 4892
f 4715 4891 4718
f 4715 4888 4891
f 4889 4893 4892
f 4889 4890 4893
f 2331 4895 4894
f 2331 2332 4895
f 2328 4894 4890
f 2328 2331 4894
f 4894 4897 4896
f 4894 4895 4897
f 4890 4896 4893
f 4890 4894 4896
f 4891 4899 4898
f 4891 4892 4899
f 4718 4898 4727
f 4718 4891 4898
f 4892 4900 4899
f 4892 4893 4900
f 4898 4902 4901
f 4898 4899 4902
f 4727 4901 4730
f 4727 4898 4901
f 4899 4903 4902
f 4899 4900 4903
f 4896 4905 4904
f 4896 4897 4905
f 4893 4904 4900
f 4893 4896 4904
f 4903 4907 4906
f 4903 4908 4907
f 4904 4907 4908
f 4904 4905 4907
f 4900 4908 4903
f 4900 4904 4908
f 4765 4909 4771
f 4765 4910 4909
f 4901 4909 4910
f 4901 4902 4909
f 4730 4910 4765
f 4730 4901 4910
f 4909 4912 4911
f 4909 4913 4912
f 4903 4912 4913
f 4903 4906 4912
f 4902 4913 4909
f 4902 4903 4913
f 4769 4914 4780
f 4769 4915 4914
f 4909 4914 4915
f 4909 4911 4914
f 4771 4915 4769
f 4771 4909 4915
f 2398 4917 4916
f 2398 2399 4917
f 2332 4916 4895
f 2332 2398 4916
f 2399 4918 4917
f 2399 2400 4918
f 4916 4920 4919
f 4916 4917 4920
f 4895 4919 4897
f 4895 4916 4919
f 4917 4921 4920
f 4917 4918 4921
f 2400 4922 4918
f 2400 2402 4922
f 4918 4923 4921
f 4918 4922 4923
f 4919 4925 4924
f 4919 4920 4925
f 4897 4924 4905
f 4897 4919 4924
f 4920 4926 4925
f 4920 4921 4926
f 4907 4928 4927
f 4907 4929 4928
f 4924 4928 4929
f 4924 4925 4928
f 4905 4929 4907
f 4905 4924 4929
f 4925 4930 4928
f 4925 4926 4930
f 4921 4931 4926
f 4921 4923 4931
f 4926 4932 4930
f 4926 4931 4932
f 4931 4933 4932
f 4914 4935 4934
f 4914 4936 4935
f 4912 4935 4936
f 4912 4937 4935
f 4911 4936 4914
f 4911 4912 4936
f 4912 4938 4937
f 4912 4939 4938
f 4907 4938 4939
f 4907 4927 4938
f 4906 4939 4912
f 4906 4907 4939
f 4938 4941 4940
f 4938 4942 4941
f 4928 4941 4942
f 4928 4930 4941
f 4927 4942 4938
f 4927 4928 4942
f 4935 4944 4943
f 4935 4945 4944
f 4938 4944 4945
f 4938 4940 4944
f 4937 4945 4935
f 4937 4938 4945
f 4930 4946 4941
f 4930 4932 4946
f 4932 4947 4946
f 4932 4933 4947
f 4944 4949 4948
f 4944 4950 4949
f 4941 4949 4950
f 4941 4946 4949
f 4940 4950 4944
f 4940 4941 4950
f 4946 4951 4949
f 4946 4947 4951
f 4778 4952 4871
f 4778 4953 4952
f 4914 4952 4953
f 4914 4934 4952
f 4780 4953 4778
f 4780 4914 4953
f 4952 4955 4954
f 4952 4956 4955
f 4935 4955 4956
f 4935 4943 4955
f 4934 4956 4952
f 4934 4935 4956
f 4869 4958 4957
f 4869 4959 4958
f 4952 4958 4959
f 4952 4954 4958
f 4871 4959 4869
f 4871 4952 4959
f 4958 4961 4960
f 4958 4962 4961
f 4955 4961 4962
f 4955 4963 4961
f 4954 4962 4958
f 4954 4955 4962
f 4955 4964 4963
f 4955 4965 4964
f 4944 4964 4965
f 4944 4948 4964
f 4943 4965 4955
f 4943 4944 4965
f 4964 4967 4966
f 4964 4968 4967
f 4949 4967 4968
f 4949 4951 4967
f 4948 4968 4964
f 4948 4949 4968
f 4961 4970 4969
f 4961 4971 4970
f 4964 4970 4971
f 4964 4966 4970
f 4963 4971 4961
f 4963 4964 4971
f 4933 4972 4947
f 4947 4974 4951
f 4947 4972 4974
f 4972 4975 4974
f 4972 4973 4975
f 4973 4978 4975
f 4973 4976 4978
f 4976 4979 4978
f 4976 4977 4979
f 4951 4980 4967
f 4951 4974 4980
f 4974 4981 4980
f 4974 4975 4981
f 4970 4983 4982
f 4970 4984 4983
f 4967 4983 4984
f 4967 4980 4983
f 4966 4984 4970
f 4966 4967 4984
f 4982 4986 4985
f 4982 4983 4986
f 4980 4986 4983
f 4980 4981 4986
f 4975 4987 4981
f 4975 4978 4987
f 4978 4988 4987
f 4978 4979 4988
f 4985 4990 4989
f 4985 4986 4990
f 4981 4990 4986
f 4981 4987 4990
f 4989 4992 4991
f 4989 4990 4992
f 4987 4992 4990
f 4987 4988 4992
f 3741 4993 3740
f 3741 4994 4993
f 3552 4994 3741
f 3552 4829 4994
f 4994 4995 4993
f 4994 4996 4995
f 4829 4996 4994
f 4829 4831 4996
f 3745 4997 3744
f 3745 4998 4997
f 3740 4998 3745
f 3740 4993 4998
f 4998 4999 4997
f 4998 5000 4999
f 4993 5000 4998
f 4993 4995 5000
f 4996 5001 4995
f 4996 5002 5001
f 4831 5002 4996
f 4831 4841 5002
f 5002 5003 5001
f 5002 5004 5003
f 4841 5004 5002
f 4841 4843 5004
f 5000 5005 4999
f 5000 5006 5005
f 4995 5006 5000
f 4995 5001 5006
f 5006 5007 5005
f 5006 5008 5007
f 5001 5008 5006
f 5001 5003 5008
f 3753 5009 3752
f 3753 5010 5009
f 3744 5010 3753
f 3744 4997 5010
f 5010 5011 5009
f 5010 5012 5011
f 4997 5012 5010
f 4997 4999 5012
f 5012 5013 5011
f 5012 5014 5013
f 4999 5014 5012
f 4999 5005 5014
f 5014 5015 5013
f 5014 5016 5015
f 5005 5016 5014
f 5005 5007 5016
f 3561 5017 4838
f 3561 3764 5017
f 3764 5018 5017
f 3764 3765 5018
f 4838 5019 4840
f 4838 5017 5019
f 5017 5020 5019
f 5017 5018 5020
f 3765 5021 5018
f 3765 3768 5021
f 3768 5022 5021
f 3768 3769 5022
f 5018 5023 5020
f 5018 5021 5023
f 5021 5024 5023
f 5021 5022 5024
f 4840 5025 4850
f 4840 5019 5025
f 5019 5026 5025
f 5019 5020 5026
f 4850 5027 4852
f 4850 5025 5027
f 5025 5028 5027
f 5025 5026 5028
f 5020 5029 5026
f 5020 5023 5029
f 5023 5030 5029
f 5023 5024 5030
f 5026 5031 5028
f 5026 5029 5031
f 5029 5032 5031
f 5029 5030 5032
f 3752 5033 3780
f 3752 5009 5033
f 3780 5034 3781
f 3780 5033 5034
f 5009 5035 5033
f 5009 5011 5035
f 5033 5036 5034
f 5033 5035 5036
f 3781 5037 3784
f 3781 5034 5037
f 3784 5038 3785
f 3784 5037 5038
f 5034 5039 5037
f 5034 5036 5039
f 5037 5040 5038
f 5037 5039 5040
f 5011 5041 5035
f 5011 5013 5041
f 5035 5042 5036
f 5035 5041 5042
f 5013 5043 5041
f 5013 5015 5043
f 5041 5044 5042
f 5041 5043 5044
f 5036 5045 5039
f 5036 5042 5045
f 5039 5046 5040
f 5039 5045 5046
f 5042 5047 5045
f 5042 5044 5047
f 5045 5048 5046
f 5045 5047 5048
f 5004 5049 5003
f 5004 5050 5049
f 4843 5050 5004
f 4843 4860 5050
f 5050 5051 5049
f 5050 5052 5051
f 4860 5052 5050
f 4860 4862 5052
f 5008 5053 5007
f 5008 5054 5053
f 5003 5054 5008
f 5003 5049 5054
f 5054 5055 5053
f 5054 5056 5055
f 5049 5056 5054
f 5049 5051 5056
f 5052 5057 5051
f 5052 5058 5057
f 4862 5058 5052
f 4862 4867 5058
f 5058 5059 5057
f 5058 5060 5059
f 4869 5059 5060
f 4869 4957 5059
f 4867 5060 5058
f 4867 4869 5060
f 5056 5061 5055
f 5056 5062 5061
f 5051 5062 5056
f 5051 5057 5062
f 5062 5063 5061
f 5062 5064 5063
f 5059 5063 5064
f 5059 5065 5063
f 5057 5064 5062
f 5057 5059 5064
f 5016 5066 5015
f 5016 5067 5066
f 5007 5067 5016
f 5007 5053 5067
f 5067 5068 5066
f 5067 5069 5068
f 5053 5069 5067
f 5053 5055 5069
f 5069 5070 5068
f 5069 5071 5070
f 5055 5071 5069
f 5055 5061 5071
f 5071 5072 5070
f 5071 5073 5072
f 5063 5072 5073
f 5063 5074 5072
f 5061 5073 5071
f 5061 5063 5073
f 4852 4882 4866
f 4852 5027 4882
f 5027 4883 4882
f 5027 5028 4883
f 5028 4886 4883
f 5028 5031 4886
f 5031 4887 4886
f 5031 5032 4887
f 5015 5075 5043
f 5015 5066 5075
f 5043 5076 5044
f 5043 5075 5076
f 5066 5077 5075
f 5066 5068 5077
f 5075 5078 5076
f 5075 5077 5078
f 5044 5079 5047
f 5044 5076 5079
f 5047 5080 5048
f 5047 5079 5080
f 5076 5081 5079
f 5076 5078 5081
f 5079 5082 5080
f 5079 5081 5082
f 5068 5083 5077
f 5068 5070 5083
f 5077 5084 5078
f 5077 5083 5084
f 5070 5085 5083
f 5070 5072 5085
f 5074 5085 5072
f 5074 5086 5085
f 5083 5087 5084
f 5083 5085 5087
f 5086 5087 5085
f 5086 5088 5087
f 5078 5089 5081
f 5078 5084 5089
f 5081 5090 5082
f 5081 5089 5090
f 5084 5091 5089
f 5084 5087 5091
f 5088 5091 5087
f 5088 5092 5091
f 5089 5093 5090
f 5089 5091 5093
f 5092 5093 5091
f 5092 5094 5093
f 5059 5095 5065
f 5059 5096 5095
f 4958 5095 5096
f 4958 4960 5095
f 4957 5096 5059
f 4957 4958 5096
f 5095 5098 5097
f 5095 5099 5098
f 4961 5098 5099
f 4961 4969 5098
f 4960 5099 5095
f 4960 4961 5099
f 5063 5100 5074
f 5063 5101 5100
f 5095 5100 5101
f 5095 5097 5100
f 5065 5101 5063
f 5065 5095 5101
f 5097 5103 5102
f 5097 5098 5103
f 5102 5105 5104
f 5102 5103 5105
f 5074 5106 5086
f 5074 5100 5106
f 5097 5106 5100
f 5097 5102 5106
f 5086 5107 5088
f 5086 5106 5107
f 5102 5107 5106
f 5102 5104 5107
f 5104 5109 5108
f 5104 5105 5109
f 5108 5111 5110
f 5108 5109 5111
f 5088 5112 5092
f 5088 5107 5112
f 5104 5112 5107
f 5104 5108 5112
f 5092 5113 5094
f 5092 5112 5113
f 5108 5113 5112
f 5108 5110 5113
f 5098 5114 5103
f 5098 5115 5114
f 4970 5114 5115
f 4970 4982 5114
f 4969 5115 5098
f 4969 4970 5115
f 5103 5116 5105
f 5103 5114 5116
f 4982 5116 5114
f 4982 4985 5116
f 5105 5117 5109
f 5105 5116 5117
f 4985 5117 5116
f 4985 4989 5117
f 5109 5118 5111
f 5109 5117 5118
f 4989 5118 5117
f 4989 4991 5118
f 2299 5119 2622
f 2299 4802 5119
f 2622 5120 2623
f 2622 5119 5120
f 4802 5121 5119
f 4802 4804 5121
f 5119 5122 5120
f 5119 5121 5122
f 2623 5123 2626
f 2623 5120 5123
f 2626 5124 2627
f 2626 5123 5124
f 5120 5125 5123
f 5120 5122 5125
f 5123 5126 5124
f 5123 5125 5126
f 4804 5127 5121
f 4804 4810 5127
f 5121 5128 5122
f 5121 5127 5128
f 4810 5129 5127
f 4810 4812 5129
f 5127 5130 5128
f 5127 5129 5130
f 5122 5131 5125
f 5122 5128 5131
f 5125 5132 5126
f 5125 5131 5132
f 5128 5133 5131
f 5128 5130 5133
f 5131 5134 5132
f 5131 5133 5134
f 2627 5135 2638
f 2627 5124 5135
f 2638 5136 2639
f 2638 5135 5136
f 5124 5137 5135
f 5124 5126 5137
f 5135 5138 5136
f 5135 5137 5138
f 2639 5139 2642
f 2639 5136 5139
f 2642 5140 2643
f 2642 5139 5140
f 5136 5141 5139
f 5136 5138 5141
f 5139 5142 5140
f 5139 5141 5142
f 5126 5143 5137
f 5126 5132 5143
f 5137 5144 5138
f 5137 5143 5144
f 5132 5145 5143
f 5132 5134 5145
f 5143 5146 5144
f 5143 5145 5146
f 5138 5147 5141
f 5138 5144 5147
f 5141 5148 5142
f 5141 5147 5148
f 5144 5149 5147
f 5144 5146 5149
f 5147 5150 5148
f 5147 5149 5150
f 4352 5152 5151
f 4352 4353 5152
f 4352 5153 4354
f 4352 5151 5153
f 5151 5155 5154
f 5151 5152 5155
f 5151 5156 5153
f 5151 5154 5156
f 4357 5153 5157
f 4357 4354 5153
f 4357 5158 4358
f 4357 5157 5158
f 5157 5156 5159
f 5157 5153 5156
f 5157 5160 5158
f 5157 5159 5160
f 5154 5162 5161
f 5154 5155 5162
f 5154 5163 5156
f 5154 5161 5163
f 5161 5165 5164
f 5161 5162 5165
f 5161 5166 5163
f 5161 5164 5166
f 5159 5163 5167
f 5159 5156 5163
f 5159 5168 5160
f 5159 5167 5168
f 5167 5166 5169
f 5167 5163 5166
f 5167 5170 5168
f 5167 5169 5170
f 4375 5158 5171
f 4375 4358 5158
f 4375 5172 4376
f 4375 5171 5172
f 5171 5160 5173
f 5171 5158 5160
f 5171 5174 5172
f 5171 5173 5174
f 4379 5172 5175
f 4379 4376 5172
f 4379 5176 4380
f 4379 5175 5176
f 5175 5174 5177
f 5175 5172 5174
f 5175 5178 5176
f 5175 5177 5178
f 4385 5179 4384
f 4385 5180 5179
f 4386 5179 5181
f 4386 4384 5179
f 5180 5182 5179
f 5180 5183 5182
f 5181 5182 5184
f 5181 5179 5182
f 5173 5168 5185
f 5173 5160 5168
f 5173 5186 5174
f 5173 5185 5186
f 5185 5170 5187
f 5185 5168 5170
f 5185 5188 5186
f 5185 5187 5188
f 5177 5186 5189
f 5177 5174 5186
f 5177 5190 5178
f 5177 5189 5190
f 5189 5188 5191
f 5189 5186 5188
f 5189 5192 5190
f 5189 5191 5192
f 5183 5193 5182
f 5183 5194 5193
f 5184 5193 5195
f 5184 5182 5193
f 5194 5196 5193
f 5194 5197 5196
f 5195 5196 5198
f 5195 5193 5196
f 4812 5199 5129
f 4812 4877 5199
f 5129 5200 5130
f 5129 5199 5200
f 4877 5201 5199
f 4877 4879 5201
f 5199 5202 5200
f 5199 5201 5202
f 5130 5203 5133
f 5130 5200 5203
f 5133 5204 5134
f 5133 5203 5204
f 5200 5205 5203
f 5200 5202 5205
f 5203 5206 5204
f 5203 5205 5206
f 4879 5207 5201
f 4879 4885 5207
f 5201 5208 5202
f 5201 5207 5208
f 4885 5209 5207
f 4885 4887 5209
f 5207 5210 5208
f 5207 5209 5210
f 5202 5211 5205
f 5202 5208 5211
f 5205 5212 5206
f 5205 5211 5212
f 5208 5213 5211
f 5208 5210 5213
f 5211 5214 5212
f 5211 5213 5214
f 5134 5215 5145
f 5134 5204 5215
f 5145 5216 5146
f 5145 5215 5216
f 5204 5217 5215
f 5204 5206 5217
f 5215 5218 5216
f 5215 5217 5218
f 5164 5150 5149
f 5164 5165 5150
f 5164 5219 5166
f 5164 5149 5219
f 5146 5219 5149
f 5146 5216 5219
f 5169 5219 5216
f 5169 5166 5219
f 5169 5218 5170
f 5169 5216 5218
f 5187 5218 5217
f 5187 5170 5218
f 5187 5220 5188
f 5187 5217 5220
f 5206 5220 5217
f 5206 5212 5220
f 5191 5220 5212
f 5191 5188 5220
f 5191 5214 5192
f 5191 5212 5214
f 5197 5221 5196
f 5197 5222 5221
f 5198 5221 5223
f 5198 5196 5221
f 5222 5224 5221
f 5222 5225 5224
f 5223 5224 5226
f 5223 5221 5224
f 5225 5227 5224
f 5225 5228 5227
f 5226 5227 5229
f 5226 5224 5227
f 5228 5230 5227
f 5228 5231 5230
f 5232 5230 5231
f 5232 5233 5230
f 5229 5230 5233
f 5229 5227 5230
f 1924 5234 4424
f 1924 2713 5234
f 2713 5235 5234
f 2713 2714 5235
f 4424 5236 4426
f 4424 5234 5236
f 5234 5237 5236
f 5234 5235 5237
f 1928 5238 2717
f 1928 4428 5238
f 2717 5239 2718
f 2717 5238 5239
f 4428 5240 5238
f 4428 4430 5240
f 5238 5241 5239
f 5238 5240 5241
f 2714 5242 5235
f 2714 2721 5242
f 2721 5243 5242
f 2721 2722 5243
f 5235 5244 5237
f 5235 5242 5244
f 5242 5245 5244
f 5242 5243 5245
f 2718 5246 2725
f 2718 5239 5246
f 2725 5247 2726
f 2725 5246 5247
f 5239 5248 5246
f 5239 5241 5248
f 5246 5249 5247
f 5246 5248 5249
f 4426 5250 4438
f 4426 5236 5250
f 5236 5251 5250
f 5236 5237 5251
f 4438 5152 4353
f 4438 5250 5152
f 5250 5155 5152
f 5250 5251 5155
f 4430 5252 5240
f 4430 4440 5252
f 5240 5253 5241
f 5240 5252 5253
f 4440 5254 5252
f 4440 4442 5254
f 5252 5255 5253
f 5252 5254 5255
f 5237 5256 5251
f 5237 5244 5256
f 5244 5257 5256
f 5244 5245 5257
f 5251 5162 5155
f 5251 5256 5162
f 5256 5165 5162
f 5256 5257 5165
f 5241 5258 5248
f 5241 5253 5258
f 5248 5259 5249
f 5248 5258 5259
f 5253 5260 5258
f 5253 5255 5260
f 5258 5261 5259
f 5258 5260 5261
f 2722 5140 5243
f 2722 2643 5140
f 5243 5142 5245
f 5243 5140 5142
f 2726 5262 2739
f 2726 5247 5262
f 2739 5263 2740
f 2739 5262 5263
f 5247 5264 5262
f 5247 5249 5264
f 5262 5265 5263
f 5262 5264 5265
f 2740 5266 2744
f 2740 5263 5266
f 2745 5268 5267
f 2745 2746 5268
f 2744 5268 2746
f 2744 5266 5268
f 5263 5269 5266
f 5263 5265 5269
f 5267 5271 5270
f 5267 5268 5271
f 5266 5271 5268
f 5266 5269 5271
f 5245 5148 5257
f 5245 5142 5148
f 5257 5150 5165
f 5257 5148 5150
f 5249 5272 5264
f 5249 5259 5272
f 5264 5273 5265
f 5264 5272 5273
f 5259 5274 5272
f 5259 5261 5274
f 5272 5275 5273
f 5272 5274 5275
f 5265 5276 5269
f 5265 5273 5276
f 5270 5278 5277
f 5270 5271 5278
f 5269 5278 5271
f 5269 5276 5278
f 5273 5279 5276
f 5273 5275 5279
f 5277 5281 5280
f 5277 5278 5281
f 5276 5281 5278
f 5276 5279 5281
f 4475 5282 4474
f 4475 5283 5282
f 4476 5282 5284
f 4476 4474 5282
f 5283 5285 5282
f 5283 5286 5285
f 5284 5285 5287
f 5284 5282 5285
f 4476 5288 4478
f 4476 5284 5288
f 4442 5288 5254
f 4442 4478 5288
f 5284 5289 5288
f 5284 5287 5289
f 5254 5289 5255
f 5254 5288 5289
f 5286 5290 5285
f 5286 5291 5290
f 5287 5290 5292
f 5287 5285 5290
f 5291 5293 5290
f 5291 5294 5293
f 5292 5293 5295
f 5292 5290 5293
f 5287 5296 5289
f 5287 5292 5296
f 5255 5296 5260
f 5255 5289 5296
f 5292 5297 5296
f 5292 5295 5297
f 5260 5297 5261
f 5260 5296 5297
f 4386 5298 4482
f 4386 5181 5298
f 4475 5298 5283
f 4475 4482 5298
f 5181 5299 5298
f 5181 5184 5299
f 5283 5299 5286
f 5283 5298 5299
f 5184 5300 5299
f 5184 5195 5300
f 5286 5300 5291
f 5286 5299 5300
f 5195 5301 5300
f 5195 5198 5301
f 5291 5301 5294
f 5291 5300 5301
f 5294 5302 5293
f 5294 5303 5302
f 5295 5302 5304
f 5295 5293 5302
f 5303 5305 5302
f 5303 5306 5305
f 5304 5305 5307
f 5304 5302 5305
f 5295 5308 5297
f 5295 5304 5308
f 5261 5308 5274
f 5261 5297 5308
f 5304 5309 5308
f 5304 5307 5309
f 5274 5309 5275
f 5274 5308 5309
f 5306 5310 5305
f 5306 5311 5310
f 5307 5310 5312
f 5307 5305 5310
f 5311 5313 5310
f 5311 5314 5313
f 5315 5313 5314
f 5315 5316 5313
f 5312 5313 5316
f 5312 5310 5313
f 5307 5317 5309
f 5307 5312 5317
f 5275 5317 5279
f 5275 5309 5317
f 5312 5318 5317
f 5312 5316 5318
f 5280 5318 5316
f 5280 5281 5318
f 5279 5318 5281
f 5279 5317 5318
f 5198 5319 5301
f 5198 5223 5319
f 5294 5319 5303
f 5294 5301 5319
f 5223 5320 5319
f 5223 5226 5320
f 5303 5320 5306
f 5303 5319 5320
f 5226 5321 5320
f 5226 5229 5321
f 5306 5321 5311
f 5306 5320 5321
f 5229 5322 5321
f 5229 5233 5322
f 5323 5322 5233
f 5323 5314 5322
f 5311 5322 5314
f 5311 5321 5322
f 2816 5326 5324
f 2816 2820 5326
f 2820 5327 5326
f 2820 2821 5327
f 2822 5327 2821
f 2822 5328 5327
f 5324 5329 5325
f 5324 5326 5329
f 5326 5330 5329
f 5326 5327 5330
f 5328 5330 5327
f 5328 5331 5330
f 5325 5334 5332
f 5325 5329 5334
f 5329 5335 5334
f 5329 5330 5335
f 5331 5335 5330
f 5331 5336 5335
f 5332 5337 5333
f 5332 5334 5337
f 5338 5340 5339
f 5338 5337 5340
f 5334 5340 5337
f 5334 5335 5340
f 5336 5340 5335
f 5336 5339 5340
f 4977 5343 4979
f 4977 5341 5343
f 5341 5344 5343
f 5341 5342 5344
f 5342 5347 5344
f 5342 5345 5347
f 5345 5348 5347
f 5345 5346 5348
f 4979 5349 4988
f 4979 5343 5349
f 5343 5350 5349
f 5343 5344 5350
f 4991 5352 5351
f 4991 4992 5352
f 4988 5352 4992
f 4988 5349 5352
f 5351 5354 5353
f 5351 5352 5354
f 5349 5354 5352
f 5349 5350 5354
f 5344 5355 5350
f 5344 5347 5355
f 5347 5356 5355
f 5347 5348 5356
f 5353 5358 5357
f 5353 5354 5358
f 5350 5358 5354
f 5350 5355 5358
f 5357 5360 5359
f 5357 5358 5360
f 5355 5360 5358
f 5355 5356 5360
f 5361 5360 5356
f 5361 5359 5360
f 5362 5364 5363
f 5362 5365 5364
f 5366 5364 5365
f 5366 5367 5364
f 5368 5364 5367
f 5368 5363 5364
f 5346 5371 5348
f 5346 5369 5371
f 5372 5374 5373
f 5372 5371 5374
f 5369 5374 5371
f 5369 5370 5374
f 5375 5374 5370
f 5375 5373 5374
f 5366 5376 5367
f 5366 5377 5376
f 5338 5376 5377
f 5338 5339 5376
f 5378 5376 5339
f 5378 5367 5376
f 5375 5379 5377
f 5375 5370 5379
f 5333 5379 5370
f 5333 5337 5379
f 5338 5379 5337
f 5338 5377 5379
f 5380 5381 5365
f 5380 5373 5381
f 5375 5381 5373
f 5375 5377 5381
f 5366 5381 5377
f 5366 5365 5381
f 5382 5384 5383
f 5382 5385 5384
f 5386 5384 5385
f 5386 5387 5384
f 5388 5384 5387
f 5388 5383 5384
f 5232 5389 5233
f 5232 5390 5389
f 5362 5389 5390
f 5362 5363 5389
f 5323 5389 5363
f 5323 5233 5389
f 5388 5391 5390
f 5388 5387 5391
f 5380 5391 5387
f 5380 5365 5391
f 5362 5391 5365
f 5362 5390 5391
f 5392 5393 5231
f 5392 5383 5393
f 5388 5393 5383
f 5388 5390 5393
f 5232 5393 5390
f 5232 5231 5393
f 5386 5394 5387
f 5386 5395 5394
f 5372 5394 5395
f 5372 5373 5394
f 5380 5394 5373
f 5380 5387 5394
f 5361 5396 5395
f 5361 5356 5396
f 5348 5396 5356
f 5348 5371 5396
f 5372 5396 5371
f 5372 5395 5396
f 5397 5398 5385
f 5397 5359 5398
f 5361 5398 5359
f 5361 5395 5398
f 5386 5398 5395
f 5386 5385 5398
f 2842 5400 5399
f 2842 2843 5400
f 2745 5400 2843
f 2745 5267 5400
f 2842 5401 2844
f 2842 5399 5401
f 5399 5403 5402
f 5399 5400 5403
f 5267 5403 5400
f 5267 5270 5403
f 5399 5404 5401
f 5399 5402 5404
f 2822 5405 5328
f 2822 2846 5405
f 2844 5405 2846
f 2844 5401 5405
f 5328 5406 5331
f 5328 5405 5406
f 5401 5406 5405
f 5401 5404 5406
f 5402 5408 5407
f 5402 5403 5408
f 5270 5408 5403
f 5270 5277 5408
f 5402 5409 5404
f 5402 5407 5409
f 5407 5411 5410
f 5407 5408 5411
f 5277 5411 5408
f 5277 5280 5411
f 5407 5412 5409
f 5407 5410 5412
f 5331 5413 5336
f 5331 5406 5413
f 5404 5413 5406
f 5404 5409 5413
f 5378 5414 5412
f 5378 5339 5414
f 5336 5414 5339
f 5336 5413 5414
f 5409 5414 5413
f 5409 5412 5414
f 5315 5415 5316
f 5315 5416 5415
f 5410 5415 5416
f 5410 5411 5415
f 5280 5415 5411
f 5280 5316 5415
f 5368 5417 5416
f 5368 5367 5417
f 5378 5417 5367
f 5378 5412 5417
f 5410 5417 5412
f 5410 5416 5417
f 5323 5418 5314
f 5323 5363 5418
f 5368 5418 5363
f 5368 5416 5418
f 5315 5418 5416
f 5315 5314 5418
f 3769 5419 5022
f 3769 4635 5419
f 4635 5420 5419
f 4635 4636 5420
f 5022 5421 5024
f 5022 5419 5421
f 5419 5422 5421
f 5419 5420 5422
f 4636 5423 5420
f 4636 4638 5423
f 4638 5176 5423
f 4638 4380 5176
f 5420 5424 5422
f 5420 5423 5424
f 5423 5178 5424
f 5423 5176 5178
f 5024 5425 5030
f 5024 5421 5425
f 5421 5426 5425
f 5421 5422 5426
f 5030 5427 5032
f 5030 5425 5427
f 5425 5428 5427
f 5425 5426 5428
f 5422 5429 5426
f 5422 5424 5429
f 5424 5190 5429
f 5424 5178 5190
f 5426 5430 5428
f 5426 5429 5430
f 5429 5192 5430
f 5429 5190 5192
f 3785 5431 4649
f 3785 5038 5431
f 4649 5432 4650
f 4649 5431 5432
f 5038 5433 5431
f 5038 5040 5433
f 5431 5434 5432
f 5431 5433 5434
f 4650 5435 4653
f 4650 5432 5435
f 4653 5436 4654
f 4653 5435 5436
f 5432 5437 5435
f 5432 5434 5437
f 5435 5438 5436
f 5435 5437 5438
f 5040 5439 5433
f 5040 5046 5439
f 5433 5440 5434
f 5433 5439 5440
f 5046 5441 5439
f 5046 5048 5441
f 5439 5442 5440
f 5439 5441 5442
f 5434 5443 5437
f 5434 5440 5443
f 5437 5444 5438
f 5437 5443 5444
f 5440 5445 5443
f 5440 5442 5445
f 5443 5446 5444
f 5443 5445 5446
f 4667 5447 4666
f 4667 5448 5447
f 4668 5447 5449
f 4668 4666 5447
f 5448 5450 5447
f 5448 5451 5450
f 5449 5450 5452
f 5449 5447 5450
f 4668 5453 4670
f 4668 5449 5453
f 4385 5453 5180
f 4385 4670 5453
f 5449 5454 5453
f 5449 5452 5454
f 5180 5454 5183
f 5180 5453 5454
f 5451 5455 5450
f 5451 5456 5455
f 5452 5455 5457
f 5452 5450 5455
f 5456 5458 5455
f 5456 5459 5458
f 5457 5458 5460
f 5457 5455 5458
f 5452 5461 5454
f 5452 5457 5461
f 5183 5461 5194
f 5183 5454 5461
f 5457 5462 5461
f 5457 5460 5462
f 5194 5462 5197
f 5194 5461 5462
f 4654 5463 4674
f 4654 5436 5463
f 4667 5463 5448
f 4667 4674 5463
f 5436 5464 5463
f 5436 5438 5464
f 5448 5464 5451
f 5448 5463 5464
f 5438 5465 5464
f 5438 5444 5465
f 5451 5465 5456
f 5451 5464 5465
f 5444 5466 5465
f 5444 5446 5466
f 5456 5466 5459
f 5456 5465 5466
f 5032 5209 4887
f 5032 5427 5209
f 5427 5210 5209
f 5427 5428 5210
f 5428 5213 5210
f 5428 5430 5213
f 5430 5214 5213
f 5430 5192 5214
f 5048 5467 5441
f 5048 5080 5467
f 5441 5468 5442
f 5441 5467 5468
f 5080 5469 5467
f 5080 5082 5469
f 5467 5470 5468
f 5467 5469 5470
f 5442 5471 5445
f 5442 5468 5471
f 5445 5472 5446
f 5445 5471 5472
f 5468 5473 5471
f 5468 5470 5473
f 5471 5474 5472
f 5471 5473 5474
f 5082 5475 5469
f 5082 5090 5475
f 5469 5476 5470
f 5469 5475 5476
f 5090 5477 5475
f 5090 5093 5477
f 5094 5477 5093
f 5094 5478 5477
f 5475 5479 5476
f 5475 5477 5479
f 5478 5479 5477
f 5478 5480 5479
f 5470 5481 5473
f 5470 5476 5481
f 5473 5482 5474
f 5473 5481 5482
f 5476 5483 5481
f 5476 5479 5483
f 5480 5483 5479
f 5480 5484 5483
f 5481 5485 5482
f 5481 5483 5485
f 5484 5485 5483
f 5484 5486 5485
f 5459 5487 5458
f 5459 5488 5487
f 5460 5487 5489
f 5460 5458 5487
f 5488 5490 5487
f 5488 5491 5490
f 5489 5490 5492
f 5489 5487 5490
f 5460 5493 5462
f 5460 5489 5493
f 5197 5493 5222
f 5197 5462 5493
f 5489 5494 5493
f 5489 5492 5494
f 5222 5494 5225
f 5222 5493 5494
f 5491 5495 5490
f 5491 5496 5495
f 5492 5495 5497
f 5492 5490 5495
f 5496 5498 5495
f 5496 5499 5498
f 5500 5498 5499
f 5500 5501 5498
f 5497 5498 5501
f 5497 5495 5498
f 5492 5502 5494
f 5492 5497 5502
f 5225 5502 5228
f 5225 5494 5502
f 5497 5503 5502
f 5497 5501 5503
f 5392 5503 5501
f 5392 5231 5503
f 5228 5503 5231
f 5228 5502 5503
f 5446 5504 5466
f 5446 5472 5504
f 5459 5504 5488
f 5459 5466 5504
f 5472 5505 5504
f 5472 5474 5505
f 5488 5505 5491
f 5488 5504 5505
f 5474 5506 5505
f 5474 5482 5506
f 5491 5506 5496
f 5491 5505 5506
f 5482 5507 5506
f 5482 5485 5507
f 5486 5507 5485
f 5486 5499 5507
f 5496 5507 5499
f 5496 5506 5507
f 5110 5509 5508
f 5110 5111 5509
f 5508 5511 5510
f 5508 5509 5511
f 5094 5512 5478
f 5094 5113 5512
f 5110 5512 5113
f 5110 5508 5512
f 5478 5513 5480
f 5478 5512 5513
f 5508 5513 5512
f 5508 5510 5513
f 5510 5515 5514
f 5510 5511 5515
f 5514 5517 5516
f 5514 5515 5517
f 5480 5518 5484
f 5480 5513 5518
f 5510 5518 5513
f 5510 5514 5518
f 5484 5519 5486
f 5484 5518 5519
f 5514 5519 5518
f 5514 5516 5519
f 5111 5520 5509
f 5111 5118 5520
f 4991 5520 5118
f 4991 5351 5520
f 5509 5521 5511
f 5509 5520 5521
f 5351 5521 5520
f 5351 5353 5521
f 5511 5522 5515
f 5511 5521 5522
f 5353 5522 5521
f 5353 5357 5522
f 5515 5523 5517
f 5515 5522 5523
f 5357 5523 5522
f 5357 5359 5523
f 5397 5523 5359
f 5397 5517 5523
f 5500 5524 5501
f 5500 5525 5524
f 5382 5524 5525
f 5382 5383 5524
f 5392 5524 5383
f 5392 5501 5524
f 5516 5526 5525
f 5516 5517 5526
f 5397 5526 5517
f 5397 5385 5526
f 5382 5526 5385
f 5382 5525 5526
f 5486 5527 5499
f 5486 5519 5527
f 5516 5527 5519
f 5516 5525 5527
f 5500 5527 5525
f 5500 5499 5527
f 5528 5530 5529
f 5528 5531 5530
f 5528 5529 5532
f 5531 5533 5530
f 5531 5534 5533
f 5534 5535 5533
f 5534 5536 5535
f 5536 5537 5535
f 5536 5538 5537
f 5539 5532 5540
f 5539 5542 5541
f 5539 5540 5542
f 5541 5544 5543
f 5541 5542 5544
f 5543 5546 5545
f 5543 5544 5546
f 5545 5548 5547
f 5545 5546 5548
f 5529 5550 5549
f 5529 5530 5550
f 5529 5551 5532
f 5529 5549 5551
f 5530 5552 5550
f 5530 5533 5552
f 5549 5554 5553
f 5549 5550 5554
f 5549 5555 5551
f 5549 5553 5555
f 5550 5556 5554
f 5550 5552 5556
f 5533 5557 5552
f 5533 5535 5557
f 5535 5558 5557
f 5535 5537 5558
f 5552 5559 5556
f 5552 5557 5559
f 5557 5560 5559
f 5557 5558 5560
f 5553 5562 5561
f 5553 5554 5562
f 5553 5563 5555
f 5553 5561 5563
f 5554 5564 5562
f 5554 5556 5564
f 5561 5566 5565
f 5561 5562 5566
f 5561 5567 5563
f 5561 5565 5567
f 5562 5568 5566
f 5562 5564 5568
f 5556 5569 5564
f 5556 5559 5569
f 5559 5570 5569
f 5559 5560 5570
f 5564 5571 5568
f 5564 5569 5571
f 5569 5572 5571
f 5569 5570 5572
f 5565 5574 5573
f 5565 5566 5574
f 5565 5575 5567
f 5565 5573 5575
f 5566 5576 5574
f 5566 5568 5576
f 5573 5578 5577
f 5573 5574 5578
f 5573 5579 5575
f 5573 5577 5579
f 5574 5580 5578
f 5574 5576 5580
f 5568 5581 5576
f 5568 5571 5581
f 5571 5582 5581
f 5571 5572 5582
f 5576 5583 5580
f 5576 5581 5583
f 5581 5584 5583
f 5581 5582 5584
f 5585 5587 5586
f 5585 5588 5587
f 5577 5588 5585
f 5577 5578 5588
f 5577 5586 5579
f 5577 5585 5586
f 5588 5589 5587
f 5588 5590 5589
f 5578 5590 5588
f 5578 5580 5590
f 5580 5591 5590
f 5580 5583 5591
f 5583 5592 5591
f 5583 5584 5592
f 5540 5551 5593
f 5540 5532 5551
f 5540 5594 5542
f 5540 5593 5594
f 5593 5555 5595
f 5593 5551 5555
f 5593 5596 5594
f 5593 5595 5596
f 5542 5597 5544
f 5542 5594 5597
f 5594 5598 5597
f 5594 5596 5598
f 5595 5563 5599
f 5595 5555 5563
f 5595 5600 5596
f 5595 5599 5600
f 5599 5567 5601
f 5599 5563 5567
f 5599 5602 5600
f 5599 5601 5602
f 5596 5603 5598
f 5596 5600 5603
f 5600 5604 5603
f 5600 5602 5604
f 5544 5605 5546
f 5544 5597 5605
f 5597 5606 5605
f 5597 5598 5606
f 5546 5607 5548
f 5546 5605 5607
f 5605 5608 5607
f 5605 5606 5608
f 5598 5609 5606
f 5598 5603 5609
f 5603 5610 5609
f 5603 5604 5610
f 5606 5611 5608
f 5606 5609 5611
f 5609 5612 5611
f 5609 5610 5612
f 5601 5575 5613
f 5601 5567 5575
f 5601 5614 5602
f 5601 5613 5614
f 5613 5579 5615
f 5613 5575 5579
f 5613 5616 5614
f 5613 5615 5616
f 5602 5617 5604
f 5602 5614 5617
f 5614 5618 5617
f 5614 5616 5618
f 5619 5621 5620
f 5619 5586 5621
f 5615 5586 5619
f 5615 5579 5586
f 5615 5620 5616
f 5615 5619 5620
f 5620 5623 5622
f 5620 5621 5623
f 5616 5622 5618
f 5616 5620 5622
f 5604 5624 5610
f 5604 5617 5624
f 5617 5625 5624
f 5617 5618 5625
f 5610 5626 5612
f 5610 5624 5626
f 5624 5627 5626
f 5624 5625 5627
f 5622 5629 5628
f 5622 5623 5629
f 5618 5628 5625
f 5618 5622 5628
f 5628 5631 5630
f 5628 5629 5631
f 5625 5630 5627
f 5625 5628 5630
f 5586 5632 5621
f 5586 5587 5632
f 5538 5633 5537
f 5538 5634 5633
f 5634 5635 5633
f 5634 5636 5635
f 5636 5637 5635
f 5636 5638 5637
f 5636 5639 5638
f 5640 5642 5641
f 5640 5643 5642
f 5638 5641 5637
f 5638 5640 5641
f 5638 5643 5640
f 5638 5639 5643
f 5639 5644 5643
f 5645 5647 5646
f 5645 5648 5647
f 5643 5646 5642
f 5643 5645 5646
f 5643 5648 5645
f 5643 5644 5648
f 5648 5649 5647
f 5648 5650 5649
f 5644 5650 5648
f 5650 5651 5649
f 5650 5652 5651
f 5652 5653 5651
f 5652 5654 5653
f 5537 5655 5558
f 5537 5633 5655
f 5633 5656 5655
f 5633 5635 5656
f 5558 5657 5560
f 5558 5655 5657
f 5655 5658 5657
f 5655 5656 5658
f 5635 5659 5656
f 5635 5637 5659
f 5641 5661 5660
f 5641 5642 5661
f 5637 5660 5659
f 5637 5641 5660
f 5656 5662 5658
f 5656 5659 5662
f 5660 5664 5663
f 5660 5661 5664
f 5659 5663 5662
f 5659 5660 5663
f 5560 5665 5570
f 5560 5657 5665
f 5657 5666 5665
f 5657 5658 5666
f 5570 5667 5572
f 5570 5665 5667
f 5665 5668 5667
f 5665 5666 5668
f 5658 5669 5666
f 5658 5662 5669
f 5663 5671 5670
f 5663 5664 5671
f 5662 5670 5669
f 5662 5663 5670
f 5666 5672 5668
f 5666 5669 5672
f 5670 5674 5673
f 5670 5671 5674
f 5669 5673 5672
f 5669 5670 5673
f 5572 5675 5582
f 5572 5667 5675
f 5667 5676 5675
f 5667 5668 5676
f 5582 5677 5584
f 5582 5675 5677
f 5675 5678 5677
f 5675 5676 5678
f 5668 5679 5676
f 5668 5672 5679
f 5673 5681 5680
f 5673 5674 5681
f 5672 5680 5679
f 5672 5673 5680
f 5676 5682 5678
f 5676 5679 5682
f 5680 5684 5683
f 5680 5681 5684
f 5679 5683 5682
f 5679 5680 5683
f 5584 5685 5592
f 5584 5677 5685
f 5685 5687 5686
f 5677 5687 5685
f 5677 5678 5687
f 5687 5688 5686
f 5687 5689 5688
f 5678 5689 5687
f 5678 5682 5689
f 5689 5690 5688
f 5689 5691 5690
f 5683 5690 5691
f 5683 5684 5690
f 5682 5691 5689
f 5682 5683 5691
f 5646 5693 5692
f 5646 5647 5693
f 5642 5692 5661
f 5642 5646 5692
f 5692 5695 5694
f 5692 5693 5695
f 5661 5694 5664
f 5661 5692 5694
f 5647 5696 5693
f 5647 5649 5696
f 5693 5697 5695
f 5693 5696 5697
f 5694 5699 5698
f 5694 5695 5699
f 5664 5698 5671
f 5664 5694 5698
f 5698 5701 5700
f 5698 5699 5701
f 5671 5700 5674
f 5671 5698 5700
f 5695 5702 5699
f 5695 5697 5702
f 5699 5703 5701
f 5699 5702 5703
f 5649 5704 5696
f 5649 5651 5704
f 5696 5705 5697
f 5696 5704 5705
f 5651 5706 5704
f 5651 5653 5706
f 5704 5707 5705
f 5704 5706 5707
f 5697 5708 5702
f 5697 5705 5708
f 5702 5709 5703
f 5702 5708 5709
f 5705 5710 5708
f 5705 5707 5710
f 5708 5711 5709
f 5708 5710 5711
f 5686 5688 5712
f 5688 5713 5712
f 5688 5690 5713
f 5712 5713 5714
f 5700 5718 5717
f 5700 5701 5718
f 5674 5717 5681
f 5674 5700 5717
f 5717 5720 5719
f 5717 5718 5720
f 5681 5719 5684
f 5681 5717 5719
f 5701 5721 5718
f 5701 5703 5721
f 5718 5722 5720
f 5718 5721 5722
f 5690 5723 5713
f 5690 5724 5723
f 5719 5723 5724
f 5719 5720 5723
f 5684 5724 5690
f 5684 5719 5724
f 5713 5725 5714
f 5713 5723 5725
f 5720 5725 5723
f 5720 5722 5725
f 5703 5726 5721
f 5703 5709 5726
f 5721 5727 5722
f 5721 5726 5727
f 5709 5728 5726
f 5709 5711 5728
f 5726 5729 5727
f 5726 5728 5729
f 5714 5730 5715
f 5714 5725 5730
f 5722 5730 5725
f 5722 5727 5730
f 5715 5731 5716
f 5715 5730 5731
f 5727 5731 5730
f 5727 5729 5731
f 5547 5733 5732
f 5547 5548 5733
f 5732 5735 5734
f 5732 5733 5735
f 5734 5737 5736
f 5734 5735 5737
f 5738 5740 5739
f 5738 5741 5740
f 5736 5738 5739
f 5736 5741 5738
f 5736 5737 5741
f 5742 5744 5743
f 5742 5745 5744
f 5739 5742 5743
f 5739 5745 5742
f 5739 5740 5745
f 5743 5747 5746
f 5743 5744 5747
f 5746 5749 5748
f 5746 5747 5749
f 5748 5751 5750
f 5748 5749 5751
f 5548 5752 5733
f 5548 5607 5752
f 5607 5753 5752
f 5607 5608 5753
f 5733 5754 5735
f 5733 5752 5754
f 5752 5755 5754
f 5752 5753 5755
f 5608 5756 5753
f 5608 5611 5756
f 5611 5757 5756
f 5611 5612 5757
f 5753 5758 5755
f 5753 5756 5758
f 5756 5759 5758
f 5756 5757 5759
f 5735 5760 5737
f 5735 5754 5760
f 5754 5761 5760
f 5754 5755 5761
f 5741 5762 5740
f 5741 5763 5762
f 5737 5763 5741
f 5737 5760 5763
f 5763 5764 5762
f 5763 5765 5764
f 5760 5765 5763
f 5760 5761 5765
f 5755 5766 5761
f 5755 5758 5766
f 5758 5767 5766
f 5758 5759 5767
f 5765 5768 5764
f 5765 5769 5768
f 5761 5769 5765
f 5761 5766 5769
f 5769 5770 5768
f 5769 5771 5770
f 5766 5771 5769
f 5766 5767 5771
f 5612 5772 5757
f 5612 5626 5772
f 5626 5773 5772
f 5626 5627 5773
f 5757 5774 5759
f 5757 5772 5774
f 5772 5775 5774
f 5772 5773 5775
f 5630 5777 5776
f 5630 5631 5777
f 5627 5776 5773
f 5627 5630 5776
f 5776 5779 5778
f 5776 5777 5779
f 5773 5778 5775
f 5773 5776 5778
f 5759 5780 5767
f 5759 5774 5780
f 5774 5781 5780
f 5774 5775 5781
f 5771 5782 5770
f 5771 5783 5782
f 5767 5783 5771
f 5767 5780 5783
f 5783 5784 5782
f 5783 5785 5784
f 5780 5785 5783
f 5780 5781 5785
f 5778 5787 5786
f 5778 5779 5787
f 5775 5786 5781
f 5775 5778 5786
f 5785 5788 5784
f 5785 5789 5788
f 5786 5788 5789
f 5786 5787 5788
f 5781 5789 5785
f 5781 5786 5789
f 5779 5790 5787
f 5787 5791 5788
f 5787 5790 5791
f 5790 5792 5791
f 5745 5795 5744
f 5745 5796 5795
f 5740 5796 5745
f 5740 5762 5796
f 5744 5797 5747
f 5744 5795 5797
f 5796 5798 5795
f 5796 5799 5798
f 5762 5799 5796
f 5762 5764 5799
f 5795 5800 5797
f 5795 5798 5800
f 5747 5801 5749
f 5747 5797 5801
f 5749 5802 5751
f 5749 5801 5802
f 5797 5803 5801
f 5797 5800 5803
f 5801 5804 5802
f 5801 5803 5804
f 5799 5805 5798
f 5799 5806 5805
f 5764 5806 5799
f 5764 5768 5806
f 5798 5807 5800
f 5798 5805 5807
f 5806 5808 5805
f 5806 5809 5808
f 5768 5809 5806
f 5768 5770 5809
f 5805 5810 5807
f 5805 5808 5810
f 5800 5811 5803
f 5800 5807 5811
f 5803 5812 5804
f 5803 5811 5812
f 5807 5813 5811
f 5807 5810 5813
f 5811 5814 5812
f 5811 5813 5814
f 5809 5815 5808
f 5809 5816 5815
f 5770 5816 5809
f 5770 5782 5816
f 5808 5817 5810
f 5808 5815 5817
f 5816 5818 5815
f 5816 5819 5818
f 5782 5819 5816
f 5782 5784 5819
f 5815 5820 5817
f 5815 5818 5820
f 5810 5821 5813
f 5810 5817 5821
f 5813 5822 5814
f 5813 5821 5822
f 5817 5823 5821
f 5817 5820 5823
f 5821 5824 5822
f 5821 5823 5824
f 5819 5825 5818
f 5819 5826 5825
f 5788 5825 5826
f 5788 5791 5825
f 5784 5826 5819
f 5784 5788 5826
f 5818 5827 5820
f 5818 5825 5827
f 5791 5827 5825
f 5791 5792 5827
f 5820 5828 5823
f 5820 5827 5828
f 5792 5828 5827
f 5792 5793 5828
f 5823 5829 5824
f 5823 5828 5829
f 5793 5829 5828
f 5793 5794 5829
f 5654 5831 5653
f 5654 5832 5831
f 5832 5833 5831
f 5832 5834 5833
f 5834 5835 5833
f 5834 5836 5835
f 5830 5838 5837
f 5830 5839 5838
f 5836 5838 5835
f 5836 5837 5838
f 5750 5841 5840
f 5750 5751 5841
f 5840 5843 5842
f 5840 5841 5843
f 5842 5845 5844
f 5842 5843 5845
f 5844 5847 5846
f 5844 5845 5847
f 5830 5847 5839
f 5830 5846 5847
f 5653 5848 5706
f 5653 5831 5848
f 5706 5849 5707
f 5706 5848 5849
f 5831 5850 5848
f 5831 5833 5850
f 5848 5851 5849
f 5848 5850 5851
f 5707 5852 5710
f 5707 5849 5852
f 5710 5853 5711
f 5710 5852 5853
f 5849 5854 5852
f 5849 5851 5854
f 5852 5855 5853
f 5852 5854 5855
f 5833 5856 5850
f 5833 5835 5856
f 5850 5857 5851
f 5850 5856 5857
f 5839 5858 5838
f 5839 5859 5858
f 5835 5858 5856
f 5835 5838 5858
f 5859 5860 5858
f 5859 5861 5860
f 5856 5860 5857
f 5856 5858 5860
f 5851 5862 5854
f 5851 5857 5862
f 5854 5863 5855
f 5854 5862 5863
f 5861 5864 5860
f 5861 5865 5864
f 5857 5864 5862
f 5857 5860 5864
f 5865 5866 5864
f 5865 5867 5866
f 5862 5866 5863
f 5862 5864 5866
f 5872 5875 5874
f 5872 5873 5875
f 5711 5876 5728
f 5711 5853 5876
f 5728 5877 5729
f 5728 5876 5877
f 5853 5878 5876
f 5853 5855 5878
f 5876 5879 5877
f 5876 5878 5879
f 5716 5880 5868
f 5716 5731 5880
f 5729 5880 5731
f 5729 5877 5880
f 5868 5881 5869
f 5868 5880 5881
f 5877 5881 5880
f 5877 5879 5881
f 5855 5882 5878
f 5855 5863 5882
f 5878 5883 5879
f 5878 5882 5883
f 5867 5884 5866
f 5867 5885 5884
f 5863 5884 5882
f 5863 5866 5884
f 5885 5886 5884
f 5885 5887 5886
f 5882 5886 5883
f 5882 5884 5886
f 5869 5888 5873
f 5869 5881 5888
f 5879 5888 5881
f 5879 5883 5888
f 5887 5889 5886
f 5887 5875 5889
f 5873 5889 5875
f 5873 5888 5889
f 5883 5889 5888
f 5883 5886 5889
f 5751 5890 5841
f 5751 5802 5890
f 5841 5891 5843
f 5841 5890 5891
f 5802 5892 5890
f 5802 5804 5892
f 5890 5893 5891
f 5890 5892 5893
f 5843 5894 5845
f 5843 5891 5894
f 5845 5895 5847
f 5845 5894 5895
f 5839 5895 5859
f 5839 5847 5895
f 5891 5896 5894
f 5891 5893 5896
f 5894 5897 5895
f 5894 5896 5897
f 5859 5897 5861
f 5859 5895 5897
f 5804 5898 5892
f 5804 5812 5898
f 5892 5899 5893
f 5892 5898 5899
f 5812 5900 5898
f 5812 5814 5900
f 5898 5901 5899
f 5898 5900 5901
f 5893 5902 5896
f 5893 5899 5902
f 5896 5903 5897
f 5896 5902 5903
f 5861 5903 5865
f 5861 5897 5903
f 5899 5904 5902
f 5899 5901 5904
f 5902 5905 5903
f 5902 5904 5905
f 5865 5905 5867
f 5865 5903 5905
f 5814 5906 5900
f 5814 5822 5906
f 5900 5907 5901
f 5900 5906 5907
f 5822 5908 5906
f 5822 5824 5908
f 5906 5909 5907
f 5906 5908 5909
f 5901 5910 5904
f 5901 5907 5910
f 5904 5911 5905
f 5904 5910 5911
f 5867 5911 5885
f 5867 5905 5911
f 5907 5912 5910
f 5907 5909 5912
f 5910 5913 5911
f 5910 5912 5913
f 5885 5913 5887
f 5885 5911 5913
f 5824 5914 5908
f 5824 5829 5914
f 5794 5914 5829
f 5794 5870 5914
f 5908 5915 5909
f 5908 5914 5915
f 5870 5915 5914
f 5870 5871 5915
f 5909 5916 5912
f 5909 5915 5916
f 5871 5916 5915
f 5871 5874 5916
f 5912 5917 5913
f 5912 5916 5917
f 5874 5917 5916
f 5874 5875 5917
f 5887 5917 5875
f 5887 5913 5917
f 2366 5918 2368
f 2366 2367 5918
f 2367 5919 5918
f 2367 2382 5919
f 2382 5920 5919
f 2382 2383 5920
f 2383 5921 5920
f 2383 2384 5921
f 2384 5922 5921
f 2384 2385 5922
f 5528 5923 5531
f 5528 5924 5923
f 5528 5532 5924
f 5531 5925 5534
f 5531 5923 5925
f 5534 5926 5536
f 5534 5925 5926
f 5536 5927 5538
f 5536 5926 5927
f 2368 5928 2393
f 2368 5918 5928
f 2393 5929 2394
f 2393 5928 5929
f 2394 5930 2401
f 2394 5929 5930
f 2401 5931 2402
f 2401 5930 5931
f 5918 5932 5928
f 5918 5919 5932
f 5539 5924 5532
f 5539 5933 5924
f 5539 5541 5933
f 5541 5934 5933
f 5541 5543 5934
f 5543 5935 5934
f 5543 5545 5935
f 5545 5936 5935
f 5545 5547 5936
f 5919 5938 5937
f 5919 5920 5938
f 5919 5939 5932
f 5919 5937 5939
f 5937 5941 5940
f 5937 5938 5941
f 5937 5942 5939
f 5937 5940 5942
f 5928 5939 5943
f 5928 5932 5939
f 5928 5944 5929
f 5928 5943 5944
f 5943 5942 5945
f 5943 5939 5942
f 5943 5946 5944
f 5943 5945 5946
f 5920 5947 5938
f 5920 5921 5947
f 5921 5948 5947
f 5921 5922 5948
f 5938 5949 5941
f 5938 5947 5949
f 5947 5950 5949
f 5947 5948 5950
f 5940 5925 5923
f 5940 5941 5925
f 5940 5951 5942
f 5940 5923 5951
f 5924 5951 5923
f 5924 5933 5951
f 5945 5951 5933
f 5945 5942 5951
f 5945 5934 5946
f 5945 5933 5934
f 5941 5926 5925
f 5941 5949 5926
f 5949 5927 5926
f 5949 5950 5927
f 5929 5952 5930
f 5929 5944 5952
f 5944 5953 5952
f 5944 5946 5953
f 5930 5954 5931
f 5930 5952 5954
f 5952 5955 5954
f 5952 5953 5955
f 5946 5935 5953
f 5946 5934 5935
f 5953 5936 5955
f 5953 5935 5936
f 2385 5956 5922
f 2385 2760 5956
f 2760 5957 5956
f 2760 2761 5957
f 2761 2764 5957
f 5538 5958 5634
f 5538 5927 5958
f 5634 5959 5636
f 5634 5958 5959
f 5636 5959 5639
f 2764 2803 5960
f 2803 2806 5961
f 2803 2804 2806
f 5961 5963 5962
f 5961 2806 5963
f 2806 2815 5963
f 5962 5965 5964
f 5962 5963 5965
f 5963 2816 5965
f 5963 2815 2816
f 5922 5966 5948
f 5922 5956 5966
f 5956 5967 5966
f 5956 5957 5967
f 5948 5968 5950
f 5948 5966 5968
f 5966 5969 5968
f 5966 5967 5969
f 2764 5971 5970
f 2764 5960 5971
f 5957 5970 5967
f 5957 2764 5970
f 5970 5973 5972
f 5970 5971 5973
f 5967 5972 5969
f 5967 5970 5972
f 2803 5975 5974
f 2803 5961 5975
f 5960 5974 5971
f 5960 2803 5974
f 5974 5977 5976
f 5974 5975 5977
f 5971 5976 5973
f 5971 5974 5976
f 5950 5958 5927
f 5950 5968 5958
f 5968 5959 5958
f 5968 5969 5959
f 5972 5978 5639
f 5972 5973 5978
f 5969 5639 5959
f 5969 5972 5639
f 5639 5978 5644
f 5976 5979 5644
f 5976 5977 5979
f 5973 5644 5978
f 5973 5976 5644
f 5961 5980 5975
f 5961 5962 5980
f 5975 5981 5977
f 5975 5980 5981
f 5962 5982 5980
f 5962 5964 5982
f 5980 5983 5981
f 5980 5982 5983
f 5977 5984 5979
f 5977 5981 5984
f 5981 5985 5984
f 5981 5983 5985
f 5644 5979 5650
f 5979 5652 5650
f 5979 5984 5652
f 5984 5654 5652
f 5984 5985 5654
f 2402 5986 4922
f 2402 5931 5986
f 4922 5987 4923
f 4922 5986 5987
f 4923 5988 4931
f 4923 5987 5988
f 4931 5988 4933
f 5988 5989 4933
f 5988 5990 5989
f 5547 5991 5936
f 5547 5732 5991
f 5732 5992 5991
f 5732 5734 5992
f 5734 5993 5992
f 5734 5736 5993
f 5736 5739 5993
f 5931 5994 5986
f 5931 5954 5994
f 5954 5995 5994
f 5954 5955 5995
f 5986 5996 5987
f 5986 5994 5996
f 5994 5997 5996
f 5994 5995 5997
f 5955 5991 5995
f 5955 5936 5991
f 5995 5992 5997
f 5995 5991 5992
f 5988 5998 5990
f 5988 5999 5998
f 5987 5999 5988
f 5987 5996 5999
f 5999 6000 5998
f 5999 6001 6000
f 5996 6001 5999
f 5996 5997 6001
f 5989 6003 6002
f 5989 6004 6003
f 5990 6004 5989
f 5990 5998 6004
f 6004 6005 6003
f 6004 6006 6005
f 5998 6006 6004
f 5998 6000 6006
f 6002 6008 6007
f 6002 6003 6008
f 6007 6010 6009
f 6007 6008 6010
f 6003 6011 6008
f 6003 6005 6011
f 6008 6012 6010
f 6008 6011 6012
f 6001 6013 6000
f 6001 5993 6013
f 5997 5993 6001
f 5997 5992 5993
f 6006 6014 6005
f 6006 6015 6014
f 6000 6015 6006
f 6000 6013 6015
f 5993 6015 6013
f 5993 5739 6015
f 6005 6016 6011
f 6005 6014 6016
f 6011 6017 6012
f 6011 6016 6017
f 4933 5989 4972
f 5989 4973 4972
f 5989 6002 4973
f 6002 4976 4973
f 6002 6007 4976
f 6007 4977 4976
f 6007 6009 4977
f 5739 5743 6015
f 6015 5746 6014
f 6015 5743 5746
f 6014 5748 6016
f 6014 5746 5748
f 6016 5750 6017
f 6016 5748 5750
f 6018 6020 6019
f 6018 6021 6020
f 5964 6023 6022
f 5964 5965 6023
f 5965 5324 6023
f 5965 2816 5324
f 6022 6025 6024
f 6022 6023 6025
f 6023 5325 6025
f 6023 5324 5325
f 6024 6026 6021
f 6024 6025 6026
f 6025 5332 6026
f 6025 5325 5332
f 6021 6027 6020
f 6021 6026 6027
f 6026 5333 6027
f 6026 5332 5333
f 5964 6028 5982
f 5964 6022 6028
f 5982 6029 5983
f 5982 6028 6029
f 6022 6030 6028
f 6022 6024 6030
f 6028 6031 6029
f 6028 6030 6031
f 5983 6032 5985
f 5983 6029 6032
f 6029 6033 6032
f 6029 6031 6033
f 6009 6035 6034
f 6009 6010 6035
f 6034 6037 6036
f 6034 6035 6037
f 6010 6038 6035
f 6010 6012 6038
f 6035 6039 6037
f 6035 6038 6039
f 6018 6040 6021
f 6018 6041 6040
f 6024 6040 6030
f 6024 6021 6040
f 6041 6042 6040
f 6041 6043 6042
f 6030 6042 6031
f 6030 6040 6042
f 6036 6044 6019
f 6036 6037 6044
f 6018 6044 6041
f 6018 6019 6044
f 6037 6045 6044
f 6037 6039 6045
f 6041 6045 6043
f 6041 6044 6045
f 6012 6046 6038
f 6012 6017 6046
f 6038 6047 6039
f 6038 6046 6047
f 6043 6048 6042
f 6043 6049 6048
f 6031 6048 6033
f 6031 6042 6048
f 6039 6050 6045
f 6039 6047 6050
f 6043 6050 6049
f 6043 6045 6050
f 6049 5830 6048
f 6049 6050 5830
f 5985 5832 5654
f 5985 6032 5832
f 6032 5834 5832
f 6032 6033 5834
f 6033 5836 5834
f 6033 6048 5836
f 6048 5837 5836
f 6048 5830 5837
f 6009 5341 4977
f 6009 6034 5341
f 6034 5342 5341
f 6034 6036 5342
f 6036 5345 5342
f 6036 6019 5345
f 6019 5346 5345
f 6019 6020 5346
f 6020 5369 5346
f 6020 6027 5369
f 6027 5370 5369
f 6027 5333 5370
f 6017 5840 6046
f 6017 5750 5840
f 6046 5842 6047
f 6046 5840 5842
f 6047 5844 6050
f 6047 5842 5844
f 6050 5846 5830
f 6050 5844 5846
f 6051 6052 6053
f 6052 6051 6054
f 6055 6053 6052
f 6053 6056 6051
f 6054 6051 6057
f 6058 6052 6054
f 6053 6055 6059
f 6052 6058 6055
f 6056 6053 6059
f 6056 6057 6051
f 6054 6057 6060
f 6054 6061 6058
f 6055 6056 6059
f 6056 6055 6058
f 6057 6056 6062
f 6060 6057 6063
f 6061 6054 6060
f 6062 6058 6061
f 6056 6058 6062
f 6062 6063 6057
f 6060 6063 6064
f 6060 6065 6061
f 6062 6061 6065
f 6063 6062 6066
f 6063 6065 6064
f 6065 6060 6064
f 6062 6065 6066
f 6065 6063 6066
f 6053 6052 6051
f 6054 6051 6052
f 6052 6053 6055
f 6051 6056 6053
f 6057 6051 6054
f 6054 6052 6058
f 6059 6055 6053
f 6055 6058 6052
f 6059 6053 6056
f 6051 6057 6056
f 6060 6057 6054
f 6058 6061 6054
f 6059 6056 6055
f 6058 6055 6056
f 6062 6056 6057
f 6063 6057 6060
f 6060 6054 6061
f 6061 6058 6062
f 6062 6058 6056
f 6057 6063 6062
f 6064 6063 6060
f 6061 6065 6060
f 6065 6061 6062
f 6066 6062 6063
f 6064 6065 6063
f 6064 6060 6065
f 6066 6065 6062
f 6066 6063 6065
f 6067 6068 6069
f 6068 6067 6070
f 6071 6069 6068
f 6072 6067 6069
f 6067 6073 6070
f 6074 6068 6070
f 6075 6069 6071
f 6071 6068 6076
f 6067 6072 6077
f 6069 6075 6072
f 6067 6078 6073
f 6070 6073 6079
f 6068 6074 6080
f 6070 6081 6074
f 6073 6075 6071
f 6076 6068 6080
f 6079 6071 6076
f 6075 6077 6072
f 6078 6067 6077
f 6075 6073 6078
f 6071 6079 6073
f 6070 6079 6081
f 6081 6080 6074
f 6076 6080 6082
f 6082 6079 6076
f 6077 6075 6078
f 6079 6082 6081
f 6080 6081 6082
f 6069 6068 6067
f 6070 6067 6068
f 6068 6069 6071
f 6069 6067 6072
f 6070 6073 6067
f 6070 6068 6074
f 6071 6069 6075
f 6076 6068 6071
f 6077 6072 6067
f 6072 6075 6069
f 6073 6078 6067
f 6079 6073 6070
f 6080 6074 6068
f 6074 6081 6070
f 6071 6075 6073
f 6080 6068 6076
f 6076 6071 6079
f 6072 6077 6075
f 6077 6067 6078
f 6078 6073 6075
f 6073 6079 6071
f 6081 6079 6070
f 6074 6080 6081
f 6082 6080 6076
f 6076 6079 6082
f 6078 6075 6077
f 6081 6082 6079
f 6082 6081 6080

