# https://github.com/mikedh/trimesh
v -0.07264300 -0.01676377 0.06146716
v -0.07264300 -0.01676377 0.07264300
v -0.07264300 -0.00558792 0.06146716
v -0.07264300 -0.00558792 0.07264300
v -0.06146716 -0.01676377 0.06146716
v -0.06146716 -0.01676377 0.07264300
v -0.06146716 -0.00558792 0.06146716
v -0.06146716 -0.00558792 0.07264300
v -0.07264300 -0.00558792 0.00558792
v -0.07264300 -0.00558792 0.01676377
v -0.07264300 0.00558792 0.00558792
v -0.07264300 0.00558792 0.01676377
v -0.06146716 -0.00558792 0.00558792
v -0.06146716 -0.00558792 0.01676377
v -0.06146716 0.00558792 0.00558792
v -0.07264300 -0.00558792 0.02793962
v -0.07264300 0.00558792 0.02793962
v -0.06146716 -0.00558792 0.02793962
v -0.07264300 -0.00558792 0.03911546
v -0.07264300 0.00558792 0.03911546
v -0.06146716 -0.00558792 0.03911546
v -0.07264300 -0.00558792 0.05029131
v -0.07264300 0.00558792 0.05029131
v -0.06146716 -0.00558792 0.05029131
v -0.07264300 0.00558792 0.06146716
v -0.07264300 0.00558792 0.07264300
v -0.06146716 0.00558792 0.06146716
v -0.06146716 0.00558792 0.07264300
v -0.07264300 -0.00558792 0.08381885
v -0.07264300 0.00558792 0.08381885
v -0.06146716 -0.00558792 0.08381885
v -0.06146716 0.00558792 0.08381885
v -0.07264300 0.01676377 0.00558792
v -0.07264300 0.01676377 0.01676377
v -0.06146716 0.01676377 0.00558792
v -0.06146716 0.01676377 0.01676377
v -0.07264300 0.01676377 0.02793962
v -0.07264300 0.01676377 0.03911546
v -0.07264300 0.01676377 0.05029131
v -0.07264300 0.01676377 0.06146716
v -0.06146716 0.01676377 0.05029131
v -0.06146716 0.01676377 0.06146716
v -0.07264300 0.01676377 0.07264300
v -0.06146716 0.01676377 0.07264300
v -0.07264300 0.01676377 0.08381885
v -0.06146716 0.01676377 0.08381885
v -0.07264300 0.02793962 0.01676377
v -0.07264300 0.02793962 0.02793962
v -0.06146716 0.02793962 0.01676377
v -0.06146716 0.02793962 0.02793962
v -0.07264300 0.02793962 0.03911546
v -0.06146716 0.02793962 0.03911546
v -0.07264300 0.02793962 0.05029131
v -0.06146716 0.02793962 0.05029131
v -0.07264300 0.02793962 0.06146716
v -0.07264300 0.02793962 0.07264300
v -0.06146716 0.02793962 0.06146716
v -0.06146716 0.02793962 0.07264300
v -0.07264300 0.03911546 -0.08381885
v -0.07264300 0.03911546 -0.07264300
v -0.07264300 0.05029131 -0.08381885
v -0.07264300 0.05029131 -0.07264300
v -0.06146716 0.03911546 -0.08381885
v -0.06146716 0.03911546 -0.07264300
v -0.06146716 0.05029131 -0.08381885
v -0.06146716 0.05029131 -0.07264300
v -0.07264300 0.06146716 -0.08381885
v -0.07264300 0.06146716 -0.07264300
v -0.06146716 0.06146716 -0.08381885
v -0.06146716 0.06146716 -0.07264300
v -0.07264300 0.05029131 -0.06146716
v -0.07264300 0.06146716 -0.06146716
v -0.06146716 0.05029131 -0.06146716
v -0.06146716 0.06146716 -0.06146716
v -0.06146716 -0.03911546 0.01676377
v -0.06146716 -0.03911546 0.02793962
v -0.06146716 -0.02793962 0.01676377
v -0.06146716 -0.02793962 0.02793962
v -0.05029131 -0.03911546 0.01676377
v -0.05029131 -0.03911546 0.02793962
v -0.05029131 -0.02793962 0.01676377
v -0.06146716 -0.03911546 0.03911546
v -0.06146716 -0.02793962 0.03911546
v -0.05029131 -0.03911546 0.03911546
v -0.06146716 -0.03911546 0.05029131
v -0.06146716 -0.02793962 0.05029131
v -0.05029131 -0.03911546 0.05029131
v -0.06146716 -0.03911546 0.06146716
v -0.06146716 -0.02793962 0.06146716
v -0.05029131 -0.03911546 0.06146716
v -0.06146716 -0.03911546 0.07264300
v -0.06146716 -0.02793962 0.07264300
v -0.05029131 -0.03911546 0.07264300
v -0.05029131 -0.02793962 0.07264300
v -0.06146716 -0.02793962 0.00558792
v -0.06146716 -0.01676377 0.00558792
v -0.06146716 -0.01676377 0.01676377
v -0.05029131 -0.02793962 0.00558792
v -0.05029131 -0.01676377 0.00558792
v -0.06146716 -0.01676377 0.02793962
v -0.05029131 -0.02793962 0.02793962
v -0.05029131 -0.01676377 0.01676377
v -0.05029131 -0.01676377 0.02793962
v -0.06146716 -0.01676377 0.03911546
v -0.05029131 -0.02793962 0.03911546
v -0.05029131 -0.01676377 0.03911546
v -0.06146716 -0.01676377 0.05029131
v -0.05029131 -0.02793962 0.05029131
v -0.05029131 -0.01676377 0.05029131
v -0.05029131 -0.02793962 0.06146716
v -0.05029131 -0.01676377 0.06146716
v -0.06146716 -0.02793962 0.08381885
v -0.06146716 -0.01676377 0.08381885
v -0.05029131 -0.02793962 0.08381885
v -0.06146716 -0.02793962 0.09499470
v -0.06146716 -0.01676377 0.09499470
v -0.05029131 -0.02793962 0.09499470
v -0.06146716 -0.02793962 0.10617054
v -0.06146716 -0.01676377 0.10617054
v -0.05029131 -0.02793962 0.10617054
v -0.05029131 -0.01676377 0.10617054
v -0.06146716 -0.01676377 -0.00558792
v -0.06146716 -0.00558792 -0.00558792
v -0.05029131 -0.01676377 -0.00558792
v -0.05029131 -0.00558792 -0.00558792
v -0.05029131 -0.00558792 0.00558792
v -0.05029131 -0.00558792 0.01676377
v -0.05029131 -0.00558792 0.02793962
v -0.05029131 -0.00558792 0.03911546
v -0.05029131 -0.00558792 0.05029131
v -0.05029131 -0.00558792 0.06146716
v -0.05029131 -0.01676377 0.07264300
v -0.05029131 -0.00558792 0.07264300
v -0.06146716 -0.00558792 0.09499470
v -0.06146716 -0.00558792 0.10617054
v -0.05029131 -0.00558792 0.10617054
v -0.06146716 0.00558792 -0.00558792
v -0.05029131 0.00558792 -0.00558792
v -0.05029131 0.00558792 0.00558792
v -0.05029131 0.00558792 0.01676377
v -0.05029131 0.00558792 0.02793962
v -0.05029131 0.00558792 0.03911546
v -0.05029131 0.00558792 0.05029131
v -0.05029131 0.00558792 0.06146716
v -0.05029131 -0.00558792 0.08381885
v -0.05029131 0.00558792 0.07264300
v -0.05029131 0.00558792 0.08381885
v -0.06146716 0.00558792 0.09499470
v -0.05029131 -0.00558792 0.09499470
v -0.05029131 0.00558792 0.09499470
v -0.06146716 0.00558792 0.10617054
v -0.05029131 0.00558792 0.10617054
v -0.06146716 -0.00558792 0.11734639
v -0.06146716 0.00558792 0.11734639
v -0.05029131 -0.00558792 0.11734639
v -0.05029131 0.00558792 0.11734639
v -0.05029131 0.01676377 0.00558792
v -0.05029131 0.01676377 0.01676377
v -0.05029131 0.01676377 0.02793962
v -0.05029131 0.01676377 0.03911546
v -0.05029131 0.01676377 0.05029131
v -0.05029131 0.01676377 0.06146716
v -0.05029131 0.01676377 0.07264300
v -0.05029131 0.01676377 0.08381885
v -0.06146716 0.01676377 0.09499470
v -0.05029131 0.01676377 0.09499470
v -0.06146716 0.01676377 0.10617054
v -0.05029131 0.01676377 0.10617054
v -0.06146716 0.01676377 0.11734639
v -0.05029131 0.01676377 0.11734639
v -0.06146716 0.01676377 -0.10617054
v -0.06146716 0.01676377 -0.09499470
v -0.06146716 0.02793962 -0.10617054
v -0.06146716 0.02793962 -0.09499470
v -0.05029131 0.01676377 -0.10617054
v -0.05029131 0.01676377 -0.09499470
v -0.05029131 0.02793962 -0.10617054
v -0.06146716 0.01676377 -0.08381885
v -0.06146716 0.02793962 -0.08381885
v -0.05029131 0.01676377 -0.08381885
v -0.06146716 0.01676377 -0.07264300
v -0.06146716 0.02793962 -0.07264300
v -0.05029131 0.01676377 -0.07264300
v -0.05029131 0.02793962 -0.07264300
v -0.06146716 0.02793962 0.00558792
v -0.05029131 0.02793962 0.00558792
v -0.05029131 0.02793962 0.01676377
v -0.05029131 0.02793962 0.02793962
v -0.05029131 0.02793962 0.03911546
v -0.05029131 0.02793962 0.05029131
v -0.05029131 0.02793962 0.06146716
v -0.05029131 0.02793962 0.07264300
v -0.06146716 0.02793962 0.08381885
v -0.05029131 0.02793962 0.08381885
v -0.06146716 0.02793962 0.09499470
v -0.05029131 0.02793962 0.09499470
v -0.06146716 0.02793962 0.10617054
v -0.05029131 0.02793962 0.10617054
v -0.06146716 0.02793962 -0.13969808
v -0.06146716 0.02793962 -0.12852224
v -0.06146716 0.03911546 -0.13969808
v -0.06146716 0.03911546 -0.12852224
v -0.05029131 0.02793962 -0.13969808
v -0.05029131 0.02793962 -0.12852224
v -0.05029131 0.03911546 -0.13969808
v -0.05029131 0.03911546 -0.12852224
v -0.06146716 0.02793962 -0.11734639
v -0.06146716 0.03911546 -0.11734639
v -0.05029131 0.02793962 -0.11734639
v -0.05029131 0.03911546 -0.11734639
v -0.06146716 0.03911546 -0.10617054
v -0.05029131 0.03911546 -0.10617054
v -0.06146716 0.03911546 -0.09499470
v -0.05029131 0.02793962 -0.09499470
v -0.05029131 0.02793962 -0.08381885
v -0.05029131 0.03911546 -0.09499470
v -0.05029131 0.03911546 -0.08381885
v -0.05029131 0.03911546 -0.07264300
v -0.06146716 0.02793962 -0.06146716
v -0.06146716 0.03911546 -0.06146716
v -0.05029131 0.02793962 -0.06146716
v -0.05029131 0.03911546 -0.06146716
v -0.06146716 0.03911546 0.01676377
v -0.06146716 0.03911546 0.02793962
v -0.05029131 0.03911546 0.01676377
v -0.05029131 0.03911546 0.02793962
v -0.06146716 0.03911546 0.03911546
v -0.06146716 0.03911546 0.05029131
v -0.05029131 0.03911546 0.03911546
v -0.05029131 0.03911546 0.05029131
v -0.06146716 0.03911546 0.06146716
v -0.05029131 0.03911546 0.06146716
v -0.06146716 0.03911546 0.07264300
v -0.05029131 0.03911546 0.07264300
v -0.06146716 0.03911546 0.08381885
v -0.05029131 0.03911546 0.08381885
v -0.06146716 0.03911546 0.09499470
v -0.05029131 0.03911546 0.09499470
v -0.06146716 0.03911546 0.10617054
v -0.05029131 0.03911546 0.10617054
v -0.06146716 0.05029131 -0.10617054
v -0.06146716 0.05029131 -0.09499470
v -0.05029131 0.05029131 -0.10617054
v -0.05029131 0.05029131 -0.09499470
v -0.05029131 0.05029131 -0.08381885
v -0.05029131 0.05029131 -0.07264300
v -0.05029131 0.05029131 -0.06146716
v -0.06146716 0.05029131 0.02793962
v -0.06146716 0.05029131 0.03911546
v -0.05029131 0.05029131 0.02793962
v -0.05029131 0.05029131 0.03911546
v -0.06146716 0.05029131 0.05029131
v -0.05029131 0.05029131 0.05029131
v -0.06146716 0.05029131 0.06146716
v -0.05029131 0.05029131 0.06146716
v -0.06146716 0.05029131 0.07264300
v -0.05029131 0.05029131 0.07264300
v -0.06146716 0.05029131 0.08381885
v -0.05029131 0.05029131 0.08381885
v -0.06146716 0.05029131 0.09499470
v -0.05029131 0.05029131 0.09499470
v -0.05029131 0.06146716 -0.07264300
v -0.05029131 0.06146716 -0.06146716
v -0.06146716 0.06146716 0.05029131
v -0.06146716 0.06146716 0.06146716
v -0.05029131 0.06146716 0.05029131
v -0.05029131 0.06146716 0.06146716
v -0.06146716 0.06146716 0.07264300
v -0.05029131 0.06146716 0.07264300
v -0.06146716 0.06146716 0.08381885
v -0.05029131 0.06146716 0.08381885
v -0.06146716 0.07264300 -0.07264300
v -0.06146716 0.07264300 -0.06146716
v -0.05029131 0.07264300 -0.07264300
v -0.05029131 0.07264300 -0.06146716
v -0.06146716 0.08381885 -0.07264300
v -0.06146716 0.08381885 -0.06146716
v -0.05029131 0.08381885 -0.07264300
v -0.05029131 0.08381885 -0.06146716
v -0.05029131 -0.05029131 -0.00558792
v -0.05029131 -0.05029131 0.00558792
v -0.05029131 -0.03911546 -0.00558792
v -0.05029131 -0.03911546 0.00558792
v -0.03911546 -0.05029131 -0.00558792
v -0.03911546 -0.05029131 0.00558792
v -0.03911546 -0.03911546 -0.00558792
v -0.05029131 -0.05029131 0.01676377
v -0.03911546 -0.05029131 0.01676377
v -0.05029131 -0.05029131 0.02793962
v -0.03911546 -0.05029131 0.02793962
v -0.05029131 -0.05029131 0.03911546
v -0.03911546 -0.05029131 0.03911546
v -0.05029131 -0.05029131 0.05029131
v -0.03911546 -0.05029131 0.05029131
v -0.05029131 -0.05029131 0.06146716
v -0.03911546 -0.05029131 0.06146716
v -0.05029131 -0.05029131 0.07264300
v -0.03911546 -0.05029131 0.07264300
v -0.05029131 -0.05029131 0.08381885
v -0.05029131 -0.03911546 0.08381885
v -0.03911546 -0.05029131 0.08381885
v -0.05029131 -0.05029131 0.09499470
v -0.05029131 -0.03911546 0.09499470
v -0.03911546 -0.05029131 0.09499470
v -0.05029131 -0.05029131 0.10617054
v -0.05029131 -0.03911546 0.10617054
v -0.03911546 -0.05029131 0.10617054
v -0.03911546 -0.03911546 0.10617054
v -0.05029131 -0.03911546 -0.01676377
v -0.05029131 -0.02793962 -0.01676377
v -0.05029131 -0.02793962 -0.00558792
v -0.03911546 -0.03911546 -0.01676377
v -0.03911546 -0.02793962 -0.01676377
v -0.03911546 -0.03911546 0.00558792
v -0.03911546 -0.02793962 -0.00558792
v -0.03911546 -0.02793962 0.00558792
v -0.03911546 -0.03911546 0.01676377
v -0.03911546 -0.02793962 0.01676377
v -0.03911546 -0.03911546 0.02793962
v -0.03911546 -0.02793962 0.02793962
v -0.03911546 -0.03911546 0.03911546
v -0.03911546 -0.02793962 0.03911546
v -0.03911546 -0.03911546 0.05029131
v -0.03911546 -0.02793962 0.05029131
v -0.03911546 -0.03911546 0.06146716
v -0.03911546 -0.02793962 0.06146716
v -0.03911546 -0.03911546 0.07264300
v -0.03911546 -0.02793962 0.07264300
v -0.03911546 -0.03911546 0.08381885
v -0.03911546 -0.02793962 0.08381885
v -0.03911546 -0.03911546 0.09499470
v -0.03911546 -0.02793962 0.09499470
v -0.05029131 -0.03911546 0.11734639
v -0.05029131 -0.02793962 0.11734639
v -0.03911546 -0.03911546 0.11734639
v -0.03911546 -0.02793962 0.11734639
v -0.05029131 -0.02793962 -0.02793962
v -0.05029131 -0.01676377 -0.02793962
v -0.05029131 -0.01676377 -0.01676377
v -0.03911546 -0.02793962 -0.02793962
v -0.03911546 -0.01676377 -0.02793962
v -0.03911546 -0.01676377 -0.01676377
v -0.03911546 -0.01676377 -0.00558792
v -0.03911546 -0.01676377 0.00558792
v -0.03911546 -0.01676377 0.01676377
v -0.03911546 -0.01676377 0.06146716
v -0.03911546 -0.01676377 0.07264300
v -0.03911546 -0.01676377 0.08381885
v -0.03911546 -0.01676377 0.09499470
v -0.03911546 -0.02793962 0.10617054
v -0.03911546 -0.01676377 0.10617054
v -0.05029131 -0.01676377 0.11734639
v -0.03911546 -0.01676377 0.11734639
v -0.05029131 -0.00558792 -0.02793962
v -0.05029131 -0.00558792 -0.01676377
v -0.03911546 -0.00558792 -0.02793962
v -0.03911546 -0.00558792 -0.01676377
v -0.03911546 -0.00558792 -0.00558792
v -0.03911546 -0.00558792 0.00558792
v -0.03911546 -0.00558792 0.07264300
v -0.03911546 -0.00558792 0.08381885
v -0.03911546 -0.00558792 0.09499470
v -0.03911546 -0.00558792 0.10617054
v -0.05029131 -0.01676377 0.12852224
v -0.05029131 -0.00558792 0.12852224
v -0.03911546 -0.01676377 0.12852224
v -0.03911546 -0.00558792 0.12852224
v -0.05029131 0.00558792 -0.02793962
v -0.05029131 0.00558792 -0.01676377
v -0.03911546 0.00558792 -0.02793962
v -0.03911546 0.00558792 -0.01676377
v -0.03911546 0.00558792 -0.00558792
v -0.03911546 0.00558792 0.00558792
v -0.03911546 -0.00558792 0.01676377
v -0.03911546 0.00558792 0.01676377
v -0.03911546 -0.00558792 0.11734639
v -0.03911546 0.00558792 0.10617054
v -0.03911546 0.00558792 0.11734639
v -0.05029131 0.00558792 0.12852224
v -0.03911546 0.00558792 0.12852224
v -0.05029131 0.01676377 -0.02793962
v -0.05029131 0.01676377 -0.01676377
v -0.03911546 0.01676377 -0.02793962
v -0.05029131 0.01676377 -0.00558792
v -0.03911546 0.01676377 -0.01676377
v -0.03911546 0.01676377 -0.00558792
v -0.03911546 0.01676377 0.00558792
v -0.03911546 0.01676377 0.01676377
v -0.03911546 0.01676377 0.10617054
v -0.03911546 0.01676377 0.11734639
v -0.05029131 0.01676377 0.12852224
v -0.03911546 0.01676377 0.12852224
v -0.05029131 0.01676377 -0.11734639
v -0.03911546 0.01676377 -0.11734639
v -0.03911546 0.01676377 -0.10617054
v -0.03911546 0.02793962 -0.11734639
v -0.03911546 0.02793962 -0.10617054
v -0.03911546 0.01676377 -0.09499470
v -0.03911546 0.01676377 -0.08381885
v -0.03911546 0.02793962 -0.09499470
v -0.03911546 0.02793962 -0.08381885
v -0.03911546 0.01676377 -0.07264300
v -0.03911546 0.02793962 -0.07264300
v -0.05029131 0.01676377 -0.06146716
v -0.03911546 0.01676377 -0.06146716
v -0.05029131 0.01676377 -0.05029131
v -0.05029131 0.02793962 -0.05029131
v -0.03911546 0.01676377 -0.05029131
v -0.05029131 0.01676377 -0.03911546
v -0.05029131 0.02793962 -0.03911546
v -0.03911546 0.01676377 -0.03911546
v -0.05029131 0.02793962 -0.02793962
v -0.05029131 0.02793962 -0.01676377
v -0.05029131 0.02793962 -0.00558792
v -0.03911546 0.02793962 -0.01676377
v -0.03911546 0.02793962 -0.00558792
v -0.03911546 0.02793962 0.00558792
v -0.03911546 0.02793962 0.01676377
v -0.03911546 0.01676377 0.02793962
v -0.03911546 0.02793962 0.02793962
v -0.03911546 0.01676377 0.09499470
v -0.03911546 0.02793962 0.09499470
v -0.03911546 0.02793962 0.10617054
v -0.05029131 0.02793962 0.11734639
v -0.03911546 0.02793962 0.11734639
v -0.05029131 0.02793962 -0.15087393
v -0.05029131 0.03911546 -0.15087393
v -0.03911546 0.02793962 -0.15087393
v -0.03911546 0.02793962 -0.13969808
v -0.03911546 0.03911546 -0.15087393
v -0.03911546 0.03911546 -0.13969808
v -0.03911546 0.02793962 -0.12852224
v -0.03911546 0.03911546 -0.12852224
v -0.03911546 0.03911546 -0.11734639
v -0.03911546 0.03911546 -0.10617054
v -0.03911546 0.03911546 -0.09499470
v -0.03911546 0.02793962 -0.06146716
v -0.03911546 0.03911546 -0.07264300
v -0.03911546 0.03911546 -0.06146716
v -0.05029131 0.03911546 -0.05029131
v -0.03911546 0.02793962 -0.05029131
v -0.03911546 0.03911546 -0.05029131
v -0.05029131 0.03911546 -0.03911546
v -0.03911546 0.02793962 -0.03911546
v -0.03911546 0.03911546 -0.03911546
v -0.05029131 0.03911546 -0.02793962
v -0.05029131 0.03911546 -0.01676377
v -0.03911546 0.02793962 -0.02793962
v -0.03911546 0.03911546 -0.02793962
v -0.03911546 0.03911546 -0.01676377
v -0.05029131 0.03911546 -0.00558792
v -0.03911546 0.03911546 -0.00558792
v -0.05029131 0.03911546 0.00558792
v -0.03911546 0.03911546 0.00558792
v -0.03911546 0.03911546 0.01676377
v -0.03911546 0.03911546 0.02793962
v -0.03911546 0.02793962 0.03911546
v -0.03911546 0.03911546 0.03911546
v -0.03911546 0.03911546 0.09499470
v -0.03911546 0.03911546 0.10617054
v -0.05029131 0.03911546 0.11734639
v -0.03911546 0.03911546 0.11734639
v -0.03911546 0.05029131 -0.07264300
v -0.03911546 0.05029131 -0.06146716
v -0.05029131 0.05029131 -0.05029131
v -0.03911546 0.05029131 -0.05029131
v -0.05029131 0.05029131 -0.03911546
v -0.03911546 0.05029131 -0.03911546
v -0.05029131 0.05029131 -0.02793962
v -0.05029131 0.05029131 -0.01676377
v -0.03911546 0.05029131 -0.02793962
v -0.03911546 0.05029131 -0.01676377
v -0.05029131 0.05029131 -0.00558792
v -0.03911546 0.05029131 -0.00558792
v -0.05029131 0.05029131 0.00558792
v -0.03911546 0.05029131 0.00558792
v -0.05029131 0.05029131 0.01676377
v -0.03911546 0.05029131 0.01676377
v -0.03911546 0.05029131 0.02793962
v -0.03911546 0.05029131 0.03911546
v -0.03911546 0.03911546 0.05029131
v -0.03911546 0.05029131 0.05029131
v -0.03911546 0.03911546 0.08381885
v -0.03911546 0.05029131 0.08381885
v -0.03911546 0.05029131 0.09499470
v -0.05029131 0.05029131 0.10617054
v -0.03911546 0.05029131 0.10617054
v -0.05029131 0.05029131 0.11734639
v -0.03911546 0.05029131 0.11734639
v -0.03911546 0.06146716 -0.07264300
v -0.03911546 0.06146716 -0.06146716
v -0.05029131 0.06146716 -0.05029131
v -0.05029131 0.06146716 -0.03911546
v -0.03911546 0.06146716 -0.05029131
v -0.03911546 0.06146716 -0.03911546
v -0.05029131 0.06146716 -0.02793962
v -0.03911546 0.06146716 -0.02793962
v -0.05029131 0.06146716 -0.01676377
v -0.03911546 0.06146716 -0.01676377
v -0.05029131 0.06146716 -0.00558792
v -0.03911546 0.06146716 -0.00558792
v -0.05029131 0.06146716 0.01676377
v -0.05029131 0.06146716 0.02793962
v -0.03911546 0.06146716 0.01676377
v -0.03911546 0.06146716 0.02793962
v -0.05029131 0.06146716 0.03911546
v -0.03911546 0.06146716 0.03911546
v -0.03911546 0.06146716 0.05029131
v -0.03911546 0.05029131 0.06146716
v -0.03911546 0.06146716 0.06146716
v -0.03911546 0.05029131 0.07264300
v -0.03911546 0.06146716 0.07264300
v -0.03911546 0.06146716 0.08381885
v -0.05029131 0.06146716 0.09499470
v -0.03911546 0.06146716 0.09499470
v -0.03911546 0.07264300 -0.07264300
v -0.03911546 0.07264300 -0.06146716
v -0.05029131 0.07264300 -0.05029131
v -0.03911546 0.07264300 -0.05029131
v -0.05029131 0.07264300 0.02793962
v -0.05029131 0.07264300 0.03911546
v -0.03911546 0.07264300 0.02793962
v -0.03911546 0.07264300 0.03911546
v -0.05029131 0.07264300 0.05029131
v -0.03911546 0.07264300 0.05029131
v -0.05029131 0.07264300 0.06146716
v -0.03911546 0.07264300 0.06146716
v -0.05029131 0.07264300 0.07264300
v -0.03911546 0.07264300 0.07264300
v -0.05029131 0.07264300 0.08381885
v -0.03911546 0.07264300 0.08381885
v -0.05029131 0.07264300 0.09499470
v -0.03911546 0.07264300 0.09499470
v -0.03911546 0.08381885 -0.07264300
v -0.03911546 0.08381885 -0.06146716
v -0.05029131 0.08381885 -0.05029131
v -0.03911546 0.08381885 -0.05029131
v -0.05029131 0.09499470 -0.07264300
v -0.05029131 0.09499470 -0.06146716
v -0.03911546 0.09499470 -0.07264300
v -0.03911546 0.09499470 -0.06146716
v -0.05029131 0.09499470 -0.05029131
v -0.03911546 0.09499470 -0.05029131
v -0.05029131 0.10617054 -0.06146716
v -0.05029131 0.10617054 -0.05029131
v -0.03911546 0.10617054 -0.06146716
v -0.03911546 0.10617054 -0.05029131
v -0.03911546 -0.06146716 0.00558792
v -0.03911546 -0.06146716 0.01676377
v -0.02793962 -0.06146716 0.00558792
v -0.02793962 -0.06146716 0.01676377
v -0.02793962 -0.05029131 0.00558792
v -0.03911546 -0.06146716 0.02793962
v -0.02793962 -0.06146716 0.02793962
v -0.02793962 -0.05029131 0.02793962
v -0.03911546 -0.06146716 0.03911546
v -0.03911546 -0.06146716 0.05029131
v -0.02793962 -0.06146716 0.03911546
v -0.02793962 -0.06146716 0.05029131
v -0.02793962 -0.05029131 0.03911546
v -0.03911546 -0.06146716 0.06146716
v -0.02793962 -0.06146716 0.06146716
v -0.03911546 -0.06146716 0.07264300
v -0.02793962 -0.06146716 0.07264300
v -0.03911546 -0.06146716 0.08381885
v -0.02793962 -0.06146716 0.08381885
v -0.02793962 -0.05029131 0.08381885
v -0.03911546 -0.05029131 -0.02793962
v -0.03911546 -0.05029131 -0.01676377
v -0.03911546 -0.03911546 -0.02793962
v -0.02793962 -0.05029131 -0.02793962
v -0.02793962 -0.05029131 -0.01676377
v -0.02793962 -0.03911546 -0.02793962
v -0.02793962 -0.05029131 -0.00558792
v -0.02793962 -0.03911546 -0.00558792
v -0.02793962 -0.03911546 0.00558792
v -0.02793962 -0.03911546 0.01676377
v -0.02793962 -0.05029131 0.01676377
v -0.02793962 -0.03911546 0.02793962
v -0.02793962 -0.03911546 0.03911546
v -0.02793962 -0.03911546 0.05029131
v -0.02793962 -0.05029131 0.05029131
v -0.02793962 -0.05029131 0.06146716
v -0.02793962 -0.03911546 0.06146716
v -0.02793962 -0.05029131 0.07264300
v -0.02793962 -0.03911546 0.07264300
v -0.02793962 -0.03911546 0.08381885
v -0.02793962 -0.05029131 0.09499470
v -0.02793962 -0.03911546 0.09499470
v -0.02793962 -0.05029131 0.10617054
v -0.03911546 -0.05029131 0.11734639
v -0.02793962 -0.05029131 0.11734639
v -0.02793962 -0.03911546 0.11734639
v -0.03911546 -0.03911546 -0.03911546
v -0.03911546 -0.02793962 -0.03911546
v -0.02793962 -0.03911546 -0.03911546
v -0.02793962 -0.02793962 -0.03911546
v -0.02793962 -0.03911546 -0.01676377
v -0.02793962 -0.02793962 -0.01676377
v -0.02793962 -0.02793962 -0.00558792
v -0.02793962 -0.03911546 0.10617054
v -0.02793962 -0.02793962 0.09499470
v -0.02793962 -0.02793962 0.10617054
v -0.02793962 -0.02793962 0.11734639
v -0.03911546 -0.01676377 -0.03911546
v -0.02793962 -0.01676377 -0.03911546
v -0.02793962 -0.02793962 -0.02793962
v -0.02793962 -0.01676377 -0.02793962
v -0.02793962 -0.01676377 -0.01676377
v -0.02793962 -0.01676377 0.10617054
v -0.02793962 -0.01676377 0.11734639
v -0.03911546 -0.02793962 0.12852224
v -0.02793962 -0.02793962 0.12852224
v -0.02793962 -0.01676377 0.12852224
v -0.03911546 -0.00558792 -0.03911546
v -0.02793962 -0.00558792 -0.03911546
v -0.02793962 -0.00558792 -0.02793962
v -0.02793962 -0.00558792 -0.01676377
v -0.02793962 -0.00558792 0.10617054
v -0.02793962 -0.00558792 0.11734639
v -0.02793962 -0.00558792 0.12852224
v -0.03911546 -0.00558792 -0.05029131
v -0.03911546 0.00558792 -0.05029131
v -0.03911546 0.00558792 -0.03911546
v -0.02793962 -0.00558792 -0.05029131
v -0.02793962 0.00558792 -0.05029131
v -0.02793962 0.00558792 -0.03911546
v -0.02793962 0.00558792 -0.02793962
v -0.02793962 0.00558792 -0.01676377
v -0.02793962 0.00558792 0.11734639
v -0.02793962 0.00558792 0.12852224
v -0.03911546 0.00558792 -0.07264300
v -0.03911546 0.00558792 -0.06146716
v -0.02793962 0.00558792 -0.07264300
v -0.02793962 0.00558792 -0.06146716
v -0.02793962 0.01676377 -0.07264300
v -0.02793962 0.01676377 -0.05029131
v -0.02793962 0.01676377 -0.03911546
v -0.02793962 0.01676377 -0.02793962
v -0.02793962 0.01676377 -0.01676377
v -0.02793962 0.01676377 0.11734639
v -0.02793962 0.01676377 0.12852224
v -0.02793962 0.01676377 -0.10617054
v -0.02793962 0.01676377 -0.09499470
v -0.02793962 0.02793962 -0.10617054
v -0.02793962 0.01676377 -0.08381885
v -0.02793962 0.02793962 -0.09499470
v -0.02793962 0.02793962 -0.08381885
v -0.02793962 0.02793962 -0.07264300
v -0.02793962 0.02793962 -0.06146716
v -0.02793962 0.01676377 -0.06146716
v -0.02793962 0.02793962 -0.05029131
v -0.02793962 0.02793962 -0.03911546
v -0.02793962 0.02793962 -0.02793962
v -0.02793962 0.02793962 -0.01676377
v -0.02793962 0.01676377 0.10617054
v -0.02793962 0.02793962 0.10617054
v -0.02793962 0.02793962 0.11734639
v -0.03911546 0.02793962 0.12852224
v -0.02793962 0.02793962 0.12852224
v -0.02793962 0.02793962 -0.15087393
v -0.02793962 0.02793962 -0.13969808
v -0.02793962 0.03911546 -0.15087393
v -0.02793962 0.02793962 -0.12852224
v -0.02793962 0.03911546 -0.13969808
v -0.02793962 0.03911546 -0.12852224
v -0.02793962 0.02793962 -0.11734639
v -0.02793962 0.03911546 -0.11734639
v -0.02793962 0.03911546 -0.10617054
v -0.02793962 0.03911546 -0.09499470
v -0.02793962 0.03911546 -0.03911546
v -0.02793962 0.03911546 -0.02793962
v -0.02793962 0.03911546 0.10617054
v -0.03911546 0.03911546 0.12852224
v -0.02793962 0.03911546 0.11734639
v -0.02793962 0.03911546 0.12852224
v -0.03911546 0.05029131 -0.15087393
v -0.03911546 0.05029131 -0.13969808
v -0.02793962 0.05029131 -0.15087393
v -0.02793962 0.05029131 -0.13969808
v -0.02793962 0.05029131 -0.03911546
v -0.02793962 0.05029131 -0.02793962
v -0.02793962 0.03911546 -0.00558792
v -0.02793962 0.03911546 0.00558792
v -0.02793962 0.05029131 -0.00558792
v -0.02793962 0.05029131 0.00558792
v -0.02793962 0.03911546 0.01676377
v -0.02793962 0.05029131 0.01676377
v -0.02793962 0.03911546 0.02793962
v -0.02793962 0.05029131 0.02793962
v -0.02793962 0.03911546 0.09499470
v -0.02793962 0.05029131 0.09499470
v -0.02793962 0.05029131 0.10617054
v -0.02793962 0.05029131 0.11734639
v -0.02793962 0.05029131 -0.06146716
v -0.02793962 0.05029131 -0.05029131
v -0.02793962 0.06146716 -0.06146716
v -0.02793962 0.06146716 -0.05029131
v -0.02793962 0.06146716 -0.03911546
v -0.02793962 0.06146716 -0.02793962
v -0.02793962 0.05029131 -0.01676377
v -0.02793962 0.06146716 -0.01676377
v -0.02793962 0.06146716 -0.00558792
v -0.03911546 0.06146716 0.00558792
v -0.02793962 0.06146716 0.00558792
v -0.02793962 0.06146716 0.01676377
v -0.02793962 0.05029131 0.03911546
v -0.02793962 0.06146716 0.02793962
v -0.02793962 0.06146716 0.03911546
v -0.02793962 0.05029131 0.08381885
v -0.02793962 0.06146716 0.08381885
v -0.02793962 0.06146716 0.09499470
v -0.03911546 0.06146716 0.10617054
v -0.02793962 0.06146716 0.10617054
v -0.02793962 0.07264300 -0.06146716
v -0.02793962 0.07264300 -0.05029131
v -0.03911546 0.07264300 -0.03911546
v -0.03911546 0.07264300 -0.02793962
v -0.02793962 0.07264300 -0.03911546
v -0.02793962 0.07264300 -0.02793962
v -0.03911546 0.07264300 -0.01676377
v -0.02793962 0.07264300 -0.01676377
v -0.03911546 0.07264300 -0.00558792
v -0.02793962 0.07264300 -0.00558792
v -0.03911546 0.07264300 0.01676377
v -0.02793962 0.07264300 0.01676377
v -0.02793962 0.07264300 0.02793962
v -0.02793962 0.07264300 0.03911546
v -0.02793962 0.06146716 0.05029131
v -0.02793962 0.07264300 0.05029131
v -0.02793962 0.06146716 0.06146716
v -0.02793962 0.07264300 0.06146716
v -0.02793962 0.06146716 0.07264300
v -0.02793962 0.07264300 0.07264300
v -0.02793962 0.07264300 0.08381885
v -0.02793962 0.07264300 0.09499470
v -0.03911546 0.07264300 0.10617054
v -0.02793962 0.07264300 0.10617054
v -0.02793962 0.08381885 -0.06146716
v -0.02793962 0.08381885 -0.05029131
v -0.03911546 0.08381885 -0.03911546
v -0.02793962 0.08381885 -0.03911546
v -0.03911546 0.08381885 0.03911546
v -0.03911546 0.08381885 0.05029131
v -0.02793962 0.08381885 0.03911546
v -0.02793962 0.08381885 0.05029131
v -0.03911546 0.08381885 0.06146716
v -0.02793962 0.08381885 0.06146716
v -0.03911546 0.08381885 0.07264300
v -0.02793962 0.08381885 0.07264300
v -0.03911546 0.08381885 0.08381885
v -0.02793962 0.08381885 0.08381885
v -0.02793962 0.09499470 -0.06146716
v -0.02793962 0.09499470 -0.05029131
v -0.02793962 0.10617054 -0.06146716
v -0.02793962 0.10617054 -0.05029131
v -0.02793962 -0.06146716 -0.01676377
v -0.02793962 -0.06146716 -0.00558792
v -0.01676377 -0.06146716 -0.01676377
v -0.01676377 -0.06146716 -0.00558792
v -0.01676377 -0.05029131 -0.01676377
v -0.01676377 -0.06146716 0.00558792
v -0.01676377 -0.06146716 0.01676377
v -0.01676377 -0.06146716 0.02793962
v -0.01676377 -0.05029131 0.01676377
v -0.01676377 -0.05029131 0.02793962
v -0.01676377 -0.06146716 0.03911546
v -0.01676377 -0.06146716 0.05029131
v -0.01676377 -0.06146716 0.06146716
v -0.01676377 -0.05029131 0.05029131
v -0.01676377 -0.05029131 0.06146716
v -0.01676377 -0.06146716 0.07264300
v -0.01676377 -0.05029131 0.07264300
v -0.01676377 -0.06146716 0.08381885
v -0.01676377 -0.05029131 0.08381885
v -0.02793962 -0.06146716 0.09499470
v -0.01676377 -0.06146716 0.09499470
v -0.02793962 -0.06146716 0.10617054
v -0.01676377 -0.06146716 0.10617054
v -0.02793962 -0.06146716 0.11734639
v -0.01676377 -0.06146716 0.11734639
v -0.01676377 -0.05029131 0.11734639
v -0.02793962 -0.05029131 -0.05029131
v -0.02793962 -0.05029131 -0.03911546
v -0.02793962 -0.03911546 -0.05029131
v -0.01676377 -0.05029131 -0.05029131
v -0.01676377 -0.05029131 -0.03911546
v -0.01676377 -0.03911546 -0.05029131
v -0.01676377 -0.05029131 -0.02793962
v -0.01676377 -0.03911546 -0.01676377
v -0.01676377 -0.03911546 -0.00558792
v -0.01676377 -0.05029131 -0.00558792
v -0.01676377 -0.05029131 0.00558792
v -0.01676377 -0.03911546 0.00558792
v -0.01676377 -0.03911546 0.01676377
v -0.01676377 -0.05029131 0.03911546
v -0.01676377 -0.03911546 0.02793962
v -0.01676377 -0.03911546 0.03911546
v -0.01676377 -0.03911546 0.05029131
v -0.01676377 -0.05029131 0.09499470
v -0.01676377 -0.03911546 0.08381885
v -0.01676377 -0.03911546 0.09499470
v -0.01676377 -0.05029131 0.10617054
v -0.01676377 -0.03911546 0.10617054
v -0.01676377 -0.03911546 0.11734639
v -0.02793962 -0.02793962 -0.05029131
v -0.01676377 -0.02793962 -0.05029131
v -0.01676377 -0.03911546 -0.03911546
v -0.01676377 -0.03911546 -0.02793962
v -0.01676377 -0.02793962 -0.03911546
v -0.01676377 -0.02793962 -0.02793962
v -0.01676377 -0.02793962 -0.01676377
v -0.01676377 -0.02793962 0.10617054
v -0.01676377 -0.02793962 0.11734639
v -0.02793962 -0.03911546 0.12852224
v -0.01676377 -0.03911546 0.12852224
v -0.01676377 -0.02793962 0.12852224
v -0.02793962 -0.01676377 -0.05029131
v -0.01676377 -0.01676377 -0.05029131
v -0.01676377 -0.01676377 -0.03911546
v -0.01676377 -0.01676377 -0.02793962
v -0.01676377 -0.01676377 0.11734639
v -0.01676377 -0.01676377 0.12852224
v -0.01676377 -0.00558792 -0.05029131
v -0.01676377 -0.00558792 -0.03911546
v -0.01676377 -0.00558792 -0.02793962
v -0.01676377 -0.00558792 0.11734639
v -0.01676377 -0.00558792 0.12852224
v -0.02793962 -0.00558792 -0.06146716
v -0.01676377 -0.00558792 -0.06146716
v -0.01676377 0.00558792 -0.06146716
v -0.01676377 0.00558792 -0.05029131
v -0.01676377 0.00558792 -0.03911546
v -0.01676377 0.00558792 0.11734639
v -0.01676377 0.00558792 0.12852224
v -0.02793962 0.00558792 -0.08381885
v -0.01676377 0.00558792 -0.08381885
v -0.01676377 0.00558792 -0.07264300
v -0.01676377 0.01676377 -0.08381885
v -0.01676377 0.01676377 -0.06146716
v -0.01676377 0.01676377 -0.05029131
v -0.01676377 0.01676377 0.11734639
v -0.01676377 0.01676377 0.12852224
v -0.01676377 0.01676377 -0.10617054
v -0.01676377 0.01676377 -0.09499470
v -0.01676377 0.02793962 -0.10617054
v -0.01676377 0.02793962 -0.09499470
v -0.01676377 0.02793962 -0.08381885
v -0.01676377 0.02793962 -0.07264300
v -0.01676377 0.01676377 -0.07264300
v -0.01676377 0.02793962 -0.06146716
v -0.01676377 0.02793962 0.11734639
v -0.01676377 0.02793962 0.12852224
v -0.01676377 0.02793962 -0.15087393
v -0.01676377 0.02793962 -0.13969808
v -0.01676377 0.03911546 -0.15087393
v -0.01676377 0.03911546 -0.13969808
v -0.01676377 0.02793962 -0.12852224
v -0.01676377 0.02793962 -0.11734639
v -0.01676377 0.03911546 -0.12852224
v -0.01676377 0.03911546 -0.11734639
v -0.01676377 0.03911546 -0.10617054
v -0.01676377 0.03911546 -0.09499470
v -0.01676377 0.02793962 0.10617054
v -0.01676377 0.03911546 0.10617054
v -0.01676377 0.03911546 0.11734639
v -0.01676377 0.03911546 0.12852224
v -0.01676377 0.05029131 -0.15087393
v -0.01676377 0.05029131 -0.13969808
v -0.02793962 0.05029131 -0.12852224
v -0.01676377 0.05029131 -0.12852224
v -0.01676377 0.05029131 0.10617054
v -0.02793962 0.05029131 0.12852224
v -0.01676377 0.05029131 0.11734639
v -0.01676377 0.05029131 0.12852224
v -0.01676377 0.05029131 -0.00558792
v -0.01676377 0.05029131 0.00558792
v -0.01676377 0.06146716 -0.00558792
v -0.01676377 0.06146716 0.00558792
v -0.01676377 0.05029131 0.01676377
v -0.01676377 0.05029131 0.02793962
v -0.01676377 0.06146716 0.02793962
v -0.01676377 0.05029131 0.09499470
v -0.01676377 0.06146716 0.09499470
v -0.02793962 0.06146716 0.11734639
v -0.01676377 0.06146716 0.10617054
v -0.01676377 0.06146716 0.11734639
v -0.01676377 0.06146716 -0.05029131
v -0.01676377 0.06146716 -0.03911546
v -0.01676377 0.07264300 -0.05029131
v -0.01676377 0.07264300 -0.03911546
v -0.01676377 0.06146716 -0.02793962
v -0.01676377 0.07264300 -0.02793962
v -0.01676377 0.06146716 -0.01676377
v -0.01676377 0.07264300 -0.01676377
v -0.01676377 0.07264300 -0.00558792
v -0.02793962 0.07264300 0.00558792
v -0.01676377 0.07264300 0.00558792
v -0.01676377 0.07264300 0.01676377
v -0.01676377 0.06146716 0.03911546
v -0.01676377 0.07264300 0.02793962
v -0.01676377 0.07264300 0.03911546
v -0.01676377 0.06146716 0.08381885
v -0.01676377 0.07264300 0.08381885
v -0.01676377 0.07264300 0.09499470
v -0.01676377 0.07264300 0.10617054
v -0.01676377 0.08381885 -0.05029131
v -0.02793962 0.08381885 -0.02793962
v -0.01676377 0.08381885 -0.03911546
v -0.01676377 0.08381885 -0.02793962
v -0.02793962 0.08381885 0.01676377
v -0.02793962 0.08381885 0.02793962
v -0.01676377 0.08381885 0.01676377
v -0.01676377 0.08381885 0.02793962
v -0.01676377 0.08381885 0.03911546
v -0.01676377 0.07264300 0.05029131
v -0.01676377 0.08381885 0.05029131
v -0.01676377 0.07264300 0.06146716
v -0.01676377 0.08381885 0.06146716
v -0.01676377 0.07264300 0.07264300
v -0.01676377 0.08381885 0.07264300
v -0.01676377 0.08381885 0.08381885
v -0.02793962 0.08381885 0.09499470
v -0.01676377 0.08381885 0.09499470
v -0.01676377 0.08381885 -0.06146716
v -0.01676377 0.09499470 -0.06146716
v -0.01676377 0.09499470 -0.05029131
v -0.02793962 0.09499470 -0.03911546
v -0.01676377 0.09499470 -0.03911546
v -0.01676377 0.10617054 -0.06146716
v -0.01676377 0.10617054 -0.05029131
v -0.01676377 -0.08381885 0.00558792
v -0.01676377 -0.08381885 0.01676377
v -0.01676377 -0.07264300 0.00558792
v -0.01676377 -0.07264300 0.01676377
v -0.00558792 -0.08381885 0.00558792
v -0.00558792 -0.08381885 0.01676377
v -0.00558792 -0.07264300 0.00558792
v -0.01676377 -0.08381885 0.02793962
v -0.01676377 -0.07264300 0.02793962
v -0.00558792 -0.08381885 0.02793962
v -0.00558792 -0.07264300 0.02793962
v -0.00558792 -0.06146716 0.00558792
v -0.01676377 -0.07264300 0.03911546
v -0.00558792 -0.07264300 0.03911546
v -0.00558792 -0.06146716 0.03911546
v -0.01676377 -0.06146716 -0.03911546
v -0.01676377 -0.06146716 -0.02793962
v -0.00558792 -0.06146716 -0.03911546
v -0.00558792 -0.06146716 -0.02793962
v -0.00558792 -0.05029131 -0.03911546
v -0.00558792 -0.06146716 -0.01676377
v -0.00558792 -0.06146716 -0.00558792
v -0.00558792 -0.05029131 -0.00558792
v -0.00558792 -0.05029131 0.00558792
v -0.00558792 -0.05029131 0.01676377
v -0.00558792 -0.06146716 0.01676377
v -0.00558792 -0.06146716 0.02793962
v -0.00558792 -0.05029131 0.02793962
v -0.00558792 -0.05029131 0.03911546
v -0.00558792 -0.06146716 0.05029131
v -0.00558792 -0.06146716 0.06146716
v -0.00558792 -0.05029131 0.05029131
v -0.00558792 -0.05029131 0.06146716
v -0.00558792 -0.06146716 0.07264300
v -0.00558792 -0.05029131 0.07264300
v -0.00558792 -0.06146716 0.08381885
v -0.00558792 -0.05029131 0.08381885
v -0.00558792 -0.06146716 0.09499470
v -0.00558792 -0.05029131 0.09499470
v -0.00558792 -0.06146716 0.10617054
v -0.00558792 -0.05029131 0.10617054
v -0.00558792 -0.06146716 0.11734639
v -0.00558792 -0.05029131 0.11734639
v -0.00558792 -0.05029131 -0.05029131
v -0.00558792 -0.03911546 -0.05029131
v -0.00558792 -0.05029131 -0.02793962
v -0.00558792 -0.03911546 -0.03911546
v -0.00558792 -0.03911546 -0.02793962
v -0.00558792 -0.05029131 -0.01676377
v -0.00558792 -0.03911546 -0.01676377
v -0.00558792 -0.03911546 -0.00558792
v -0.00558792 -0.03911546 0.03911546
v -0.00558792 -0.03911546 0.05029131
v -0.00558792 -0.03911546 0.10617054
v -0.00558792 -0.03911546 0.11734639
v -0.00558792 -0.02793962 -0.05029131
v -0.00558792 -0.02793962 -0.03911546
v -0.00558792 -0.03911546 0.12852224
v -0.00558792 -0.02793962 0.11734639
v -0.00558792 -0.02793962 0.12852224
v -0.00558792 -0.01676377 -0.05029131
v -0.00558792 -0.01676377 -0.03911546
v -0.00558792 -0.01676377 0.11734639
v -0.00558792 -0.01676377 0.12852224
v -0.01676377 -0.01676377 -0.06146716
v -0.00558792 -0.01676377 -0.06146716
v -0.00558792 -0.00558792 -0.06146716
v -0.00558792 -0.00558792 -0.05029131
v -0.00558792 -0.00558792 -0.03911546
v -0.00558792 -0.00558792 0.11734639
v -0.00558792 -0.00558792 0.12852224
v -0.01676377 -0.00558792 -0.07264300
v -0.00558792 -0.00558792 -0.07264300
v -0.00558792 0.00558792 -0.07264300
v -0.00558792 0.00558792 -0.06146716
v -0.00558792 0.00558792 -0.05029131
v -0.00558792 0.00558792 0.11734639
v -0.00558792 0.00558792 0.12852224
v -0.00558792 0.00558792 -0.08381885
v -0.00558792 0.01676377 -0.08381885
v -0.00558792 0.01676377 -0.07264300
v -0.00558792 0.01676377 -0.06146716
v -0.00558792 0.01676377 0.11734639
v -0.00558792 0.01676377 0.12852224
v -0.00558792 0.01676377 -0.10617054
v -0.00558792 0.01676377 -0.09499470
v -0.00558792 0.02793962 -0.10617054
v -0.00558792 0.02793962 -0.09499470
v -0.00558792 0.02793962 -0.08381885
v -0.00558792 0.02793962 -0.07264300
v -0.00558792 0.02793962 0.11734639
v -0.00558792 0.02793962 0.12852224
v -0.00558792 0.02793962 -0.13969808
v -0.00558792 0.02793962 -0.12852224
v -0.00558792 0.03911546 -0.13969808
v -0.00558792 0.03911546 -0.12852224
v -0.00558792 0.02793962 -0.11734639
v -0.00558792 0.03911546 -0.11734639
v -0.00558792 0.03911546 -0.10617054
v -0.00558792 0.03911546 -0.09499470
v -0.00558792 0.03911546 0.11734639
v -0.00558792 0.03911546 0.12852224
v -0.00558792 0.03911546 -0.15087393
v -0.00558792 0.05029131 -0.15087393
v -0.00558792 0.05029131 -0.13969808
v -0.00558792 0.05029131 -0.12852224
v -0.01676377 0.05029131 -0.11734639
v -0.00558792 0.05029131 -0.11734639
v -0.00558792 0.03911546 0.10617054
v -0.00558792 0.05029131 0.10617054
v -0.00558792 0.05029131 0.11734639
v -0.00558792 0.05029131 0.12852224
v -0.00558792 0.05029131 0.00558792
v -0.00558792 0.05029131 0.01676377
v -0.00558792 0.06146716 0.00558792
v -0.00558792 0.06146716 0.01676377
v -0.00558792 0.05029131 0.02793962
v -0.00558792 0.06146716 0.02793962
v -0.00558792 0.05029131 0.09499470
v -0.00558792 0.06146716 0.09499470
v -0.00558792 0.06146716 0.10617054
v -0.00558792 0.06146716 0.11734639
v -0.00558792 0.06146716 -0.02793962
v -0.00558792 0.06146716 -0.01676377
v -0.00558792 0.07264300 -0.02793962
v -0.00558792 0.07264300 -0.01676377
v -0.00558792 0.06146716 -0.00558792
v -0.00558792 0.07264300 -0.00558792
v -0.00558792 0.07264300 0.00558792
v -0.00558792 0.07264300 0.01676377
v -0.00558792 0.07264300 0.02793962
v -0.00558792 0.06146716 0.08381885
v -0.00558792 0.07264300 0.08381885
v -0.00558792 0.07264300 0.09499470
v -0.00558792 0.07264300 0.10617054
v -0.00558792 0.07264300 -0.05029131
v -0.00558792 0.07264300 -0.03911546
v -0.00558792 0.08381885 -0.05029131
v -0.00558792 0.08381885 -0.03911546
v -0.00558792 0.08381885 -0.02793962
v -0.01676377 0.08381885 -0.01676377
v -0.00558792 0.08381885 -0.01676377
v -0.01676377 0.08381885 -0.00558792
v -0.00558792 0.08381885 -0.00558792
v -0.00558792 0.08381885 0.01676377
v -0.00558792 0.08381885 0.02793962
v -0.00558792 0.07264300 0.03911546
v -0.00558792 0.08381885 0.03911546
v -0.00558792 0.07264300 0.05029131
v -0.00558792 0.08381885 0.05029131
v -0.00558792 0.07264300 0.06146716
v -0.00558792 0.08381885 0.06146716
v -0.00558792 0.07264300 0.07264300
v -0.00558792 0.08381885 0.07264300
v -0.00558792 0.08381885 0.08381885
v -0.00558792 0.08381885 0.09499470
v -0.00558792 0.09499470 -0.05029131
v -0.00558792 0.09499470 -0.03911546
v -0.00558792 0.09499470 -0.06146716
v -0.00558792 0.10617054 -0.06146716
v -0.01676377 0.10617054 -0.03911546
v -0.00558792 0.10617054 -0.05029131
v -0.00558792 0.10617054 -0.03911546
v -0.01676377 0.11734639 -0.06146716
v -0.01676377 0.11734639 -0.05029131
v -0.00558792 0.11734639 -0.06146716
v -0.00558792 0.11734639 -0.05029131
v 0.00558792 -0.08381885 0.00558792
v 0.00558792 -0.08381885 0.01676377
v 0.00558792 -0.07264300 0.00558792
v 0.00558792 -0.08381885 0.02793962
v 0.00558792 -0.07264300 0.02793962
v -0.00558792 -0.07264300 -0.00558792
v 0.00558792 -0.07264300 -0.00558792
v 0.00558792 -0.06146716 -0.00558792
v 0.00558792 -0.06146716 0.00558792
v 0.00558792 -0.06146716 0.01676377
v 0.00558792 -0.06146716 0.02793962
v 0.00558792 -0.07264300 0.03911546
v 0.00558792 -0.06146716 0.03911546
v -0.00558792 -0.07264300 0.05029131
v 0.00558792 -0.07264300 0.05029131
v -0.00558792 -0.07264300 0.06146716
v 0.00558792 -0.07264300 0.06146716
v 0.00558792 -0.06146716 0.05029131
v 0.00558792 -0.06146716 0.06146716
v 0.00558792 -0.06146716 -0.03911546
v 0.00558792 -0.06146716 -0.02793962
v 0.00558792 -0.05029131 -0.03911546
v 0.00558792 -0.05029131 -0.02793962
v 0.00558792 -0.06146716 -0.01676377
v 0.00558792 -0.05029131 -0.01676377
v 0.00558792 -0.05029131 -0.00558792
v 0.00558792 -0.05029131 0.00558792
v 0.00558792 -0.05029131 0.01676377
v 0.00558792 -0.05029131 0.03911546
v 0.00558792 -0.05029131 0.05029131
v 0.00558792 -0.05029131 0.06146716
v 0.00558792 -0.06146716 0.07264300
v 0.00558792 -0.05029131 0.07264300
v 0.00558792 -0.06146716 0.08381885
v 0.00558792 -0.05029131 0.08381885
v 0.00558792 -0.06146716 0.09499470
v 0.00558792 -0.05029131 0.09499470
v 0.00558792 -0.06146716 0.10617054
v 0.00558792 -0.05029131 0.10617054
v 0.00558792 -0.06146716 0.11734639
v 0.00558792 -0.05029131 0.11734639
v 0.00558792 -0.05029131 -0.05029131
v 0.00558792 -0.03911546 -0.05029131
v 0.00558792 -0.03911546 -0.03911546
v 0.00558792 -0.03911546 0.10617054
v 0.00558792 -0.03911546 0.11734639
v -0.00558792 -0.05029131 0.12852224
v 0.00558792 -0.05029131 0.12852224
v 0.00558792 -0.03911546 0.12852224
v 0.00558792 -0.02793962 -0.05029131
v 0.00558792 -0.02793962 -0.03911546
v 0.00558792 -0.02793962 0.11734639
v 0.00558792 -0.02793962 0.12852224
v 0.00558792 -0.01676377 -0.05029131
v 0.00558792 -0.01676377 -0.03911546
v 0.00558792 -0.01676377 0.11734639
v 0.00558792 -0.01676377 0.12852224
v 0.00558792 -0.01676377 -0.06146716
v 0.00558792 -0.00558792 -0.06146716
v 0.00558792 -0.00558792 -0.05029131
v 0.00558792 -0.00558792 -0.03911546
v 0.00558792 -0.00558792 0.11734639
v 0.00558792 -0.00558792 0.12852224
v 0.00558792 -0.00558792 -0.07264300
v 0.00558792 0.00558792 -0.07264300
v 0.00558792 0.00558792 -0.06146716
v 0.00558792 0.00558792 -0.05029131
v 0.00558792 0.00558792 0.11734639
v 0.00558792 0.00558792 0.12852224
v 0.00558792 0.00558792 -0.08381885
v 0.00558792 0.01676377 -0.08381885
v 0.00558792 0.01676377 -0.07264300
v 0.00558792 0.01676377 -0.06146716
v 0.00558792 0.01676377 0.11734639
v -0.00558792 0.00558792 0.13969808
v -0.00558792 0.01676377 0.13969808
v 0.00558792 0.00558792 0.13969808
v 0.00558792 0.01676377 0.12852224
v 0.00558792 0.01676377 0.13969808
v 0.00558792 0.01676377 -0.09499470
v 0.00558792 0.02793962 -0.09499470
v 0.00558792 0.02793962 -0.08381885
v 0.00558792 0.02793962 -0.07264300
v 0.00558792 0.02793962 0.11734639
v 0.00558792 0.02793962 0.12852224
v 0.00558792 0.02793962 -0.12852224
v 0.00558792 0.02793962 -0.11734639
v 0.00558792 0.03911546 -0.12852224
v 0.00558792 0.03911546 -0.11734639
v 0.00558792 0.02793962 -0.10617054
v 0.00558792 0.03911546 -0.10617054
v 0.00558792 0.03911546 -0.09499470
v -0.00558792 0.03911546 -0.08381885
v 0.00558792 0.03911546 -0.08381885
v 0.00558792 0.03911546 0.11734639
v 0.00558792 0.03911546 0.12852224
v 0.00558792 0.03911546 -0.15087393
v 0.00558792 0.03911546 -0.13969808
v 0.00558792 0.05029131 -0.15087393
v 0.00558792 0.05029131 -0.13969808
v 0.00558792 0.05029131 -0.12852224
v 0.00558792 0.05029131 -0.11734639
v -0.00558792 0.05029131 -0.10617054
v 0.00558792 0.05029131 -0.10617054
v 0.00558792 0.03911546 0.10617054
v 0.00558792 0.05029131 0.10617054
v 0.00558792 0.05029131 0.11734639
v 0.00558792 0.05029131 0.12852224
v -0.00558792 0.06146716 -0.15087393
v -0.00558792 0.06146716 -0.13969808
v 0.00558792 0.06146716 -0.15087393
v 0.00558792 0.06146716 -0.13969808
v 0.00558792 0.06146716 0.10617054
v 0.00558792 0.06146716 0.11734639
v 0.00558792 0.06146716 -0.01676377
v 0.00558792 0.06146716 -0.00558792
v 0.00558792 0.07264300 -0.01676377
v 0.00558792 0.06146716 0.00558792
v 0.00558792 0.07264300 -0.00558792
v 0.00558792 0.07264300 0.00558792
v 0.00558792 0.06146716 0.01676377
v 0.00558792 0.07264300 0.01676377
v 0.00558792 0.06146716 0.02793962
v 0.00558792 0.07264300 0.02793962
v 0.00558792 0.06146716 0.09499470
v 0.00558792 0.07264300 0.09499470
v -0.00558792 0.07264300 0.11734639
v 0.00558792 0.07264300 0.10617054
v 0.00558792 0.07264300 0.11734639
v 0.00558792 0.07264300 -0.05029131
v 0.00558792 0.07264300 -0.03911546
v 0.00558792 0.08381885 -0.05029131
v 0.00558792 0.07264300 -0.02793962
v 0.00558792 0.08381885 -0.03911546
v 0.00558792 0.08381885 -0.02793962
v 0.00558792 0.08381885 -0.01676377
v 0.00558792 0.08381885 -0.00558792
v 0.00558792 0.08381885 0.01676377
v 0.00558792 0.08381885 0.02793962
v 0.00558792 0.07264300 0.03911546
v 0.00558792 0.08381885 0.03911546
v 0.00558792 0.07264300 0.05029131
v 0.00558792 0.08381885 0.05029131
v 0.00558792 0.07264300 0.07264300
v 0.00558792 0.07264300 0.08381885
v 0.00558792 0.08381885 0.07264300
v 0.00558792 0.08381885 0.08381885
v 0.00558792 0.08381885 0.09499470
v -0.00558792 0.08381885 0.10617054
v 0.00558792 0.08381885 0.10617054
v 0.00558792 0.09499470 -0.05029131
v 0.00558792 0.09499470 -0.03911546
v -0.00558792 0.09499470 0.03911546
v -0.00558792 0.09499470 0.05029131
v 0.00558792 0.09499470 0.03911546
v 0.00558792 0.09499470 0.05029131
v -0.00558792 0.09499470 0.06146716
v 0.00558792 0.08381885 0.06146716
v 0.00558792 0.09499470 0.06146716
v -0.00558792 0.09499470 0.07264300
v 0.00558792 0.09499470 0.07264300
v 0.00558792 0.09499470 -0.06146716
v 0.00558792 0.10617054 -0.06146716
v 0.00558792 0.10617054 -0.05029131
v 0.00558792 0.10617054 -0.03911546
v 0.00558792 0.11734639 -0.06146716
v 0.00558792 0.11734639 -0.05029131
v 0.01676377 -0.08381885 0.00558792
v 0.01676377 -0.08381885 0.01676377
v 0.01676377 -0.07264300 0.00558792
v 0.01676377 -0.07264300 0.01676377
v 0.01676377 -0.08381885 0.02793962
v 0.01676377 -0.07264300 0.02793962
v 0.01676377 -0.06146716 0.00558792
v 0.01676377 -0.06146716 0.01676377
v 0.01676377 -0.06146716 0.02793962
v 0.01676377 -0.07264300 0.03911546
v 0.01676377 -0.06146716 0.03911546
v 0.01676377 -0.07264300 0.05029131
v 0.01676377 -0.06146716 0.05029131
v 0.00558792 -0.06146716 -0.05029131
v 0.01676377 -0.06146716 -0.05029131
v 0.01676377 -0.06146716 -0.03911546
v 0.01676377 -0.05029131 -0.05029131
v 0.01676377 -0.05029131 -0.03911546
v 0.01676377 -0.06146716 -0.02793962
v 0.01676377 -0.05029131 -0.02793962
v 0.01676377 -0.06146716 -0.01676377
v 0.01676377 -0.05029131 -0.01676377
v 0.01676377 -0.06146716 -0.00558792
v 0.01676377 -0.05029131 -0.00558792
v 0.01676377 -0.05029131 0.00558792
v 0.01676377 -0.05029131 0.01676377
v 0.00558792 -0.05029131 0.02793962
v 0.01676377 -0.05029131 0.02793962
v 0.01676377 -0.05029131 0.03911546
v 0.01676377 -0.05029131 0.05029131
v 0.01676377 -0.06146716 0.06146716
v 0.01676377 -0.05029131 0.06146716
v 0.01676377 -0.06146716 0.07264300
v 0.01676377 -0.05029131 0.07264300
v 0.01676377 -0.06146716 0.08381885
v 0.01676377 -0.05029131 0.08381885
v 0.01676377 -0.06146716 0.09499470
v 0.01676377 -0.05029131 0.09499470
v 0.01676377 -0.06146716 0.10617054
v 0.01676377 -0.05029131 0.10617054
v 0.01676377 -0.06146716 0.11734639
v 0.01676377 -0.05029131 0.11734639
v 0.01676377 -0.03911546 -0.05029131
v 0.00558792 -0.03911546 -0.02793962
v 0.01676377 -0.03911546 -0.03911546
v 0.01676377 -0.03911546 -0.02793962
v 0.00558792 -0.03911546 -0.01676377
v 0.01676377 -0.03911546 -0.01676377
v 0.00558792 -0.03911546 -0.00558792
v 0.01676377 -0.03911546 -0.00558792
v 0.01676377 -0.03911546 0.10617054
v 0.01676377 -0.03911546 0.11734639
v 0.01676377 -0.05029131 0.12852224
v 0.01676377 -0.03911546 0.12852224
v 0.01676377 -0.02793962 -0.05029131
v 0.01676377 -0.02793962 -0.03911546
v 0.01676377 -0.02793962 0.11734639
v 0.01676377 -0.02793962 0.12852224
v 0.01676377 -0.01676377 -0.05029131
v 0.01676377 -0.01676377 -0.03911546
v 0.01676377 -0.01676377 0.11734639
v 0.01676377 -0.01676377 0.12852224
v 0.01676377 -0.01676377 -0.06146716
v 0.01676377 -0.00558792 -0.06146716
v 0.01676377 -0.00558792 -0.05029131
v 0.01676377 -0.00558792 -0.03911546
v 0.01676377 -0.00558792 0.11734639
v 0.01676377 -0.00558792 0.12852224
v 0.01676377 -0.00558792 -0.07264300
v 0.01676377 0.00558792 -0.07264300
v 0.01676377 0.00558792 -0.06146716
v 0.01676377 0.00558792 -0.05029131
v 0.01676377 0.00558792 0.11734639
v 0.01676377 0.00558792 0.12852224
v 0.01676377 0.00558792 -0.08381885
v 0.01676377 0.01676377 -0.08381885
v 0.01676377 0.01676377 -0.07264300
v 0.01676377 0.01676377 -0.06146716
v 0.01676377 0.01676377 0.11734639
v 0.01676377 0.00558792 0.13969808
v 0.01676377 0.01676377 0.12852224
v 0.01676377 0.01676377 0.13969808
v 0.01676377 0.01676377 -0.09499470
v 0.01676377 0.02793962 -0.09499470
v 0.01676377 0.02793962 -0.08381885
v 0.01676377 0.02793962 -0.07264300
v 0.01676377 0.02793962 0.11734639
v 0.01676377 0.02793962 0.12852224
v 0.01676377 0.02793962 -0.11734639
v 0.01676377 0.02793962 -0.10617054
v 0.01676377 0.03911546 -0.11734639
v 0.01676377 0.03911546 -0.10617054
v 0.01676377 0.03911546 -0.09499470
v 0.01676377 0.03911546 -0.08381885
v 0.01676377 0.03911546 0.11734639
v 0.01676377 0.03911546 0.12852224
v 0.01676377 0.03911546 -0.15087393
v 0.01676377 0.03911546 -0.13969808
v 0.01676377 0.05029131 -0.15087393
v 0.01676377 0.05029131 -0.13969808
v 0.01676377 0.03911546 -0.12852224
v 0.01676377 0.05029131 -0.12852224
v 0.01676377 0.05029131 -0.11734639
v 0.01676377 0.05029131 -0.10617054
v 0.00558792 0.05029131 -0.09499470
v 0.01676377 0.05029131 -0.09499470
v 0.01676377 0.03911546 0.10617054
v 0.01676377 0.05029131 0.10617054
v 0.01676377 0.05029131 0.11734639
v 0.01676377 0.05029131 0.12852224
v 0.01676377 0.06146716 -0.15087393
v 0.01676377 0.06146716 -0.13969808
v 0.00558792 0.06146716 -0.12852224
v 0.01676377 0.06146716 -0.12852224
v 0.01676377 0.06146716 0.10617054
v 0.01676377 0.06146716 0.11734639
v 0.01676377 0.06146716 -0.01676377
v 0.01676377 0.06146716 -0.00558792
v 0.01676377 0.07264300 -0.01676377
v 0.01676377 0.06146716 0.00558792
v 0.01676377 0.07264300 -0.00558792
v 0.01676377 0.07264300 0.00558792
v 0.01676377 0.06146716 0.01676377
v 0.01676377 0.07264300 0.01676377
v 0.01676377 0.06146716 0.02793962
v 0.01676377 0.07264300 0.02793962
v 0.01676377 0.06146716 0.09499470
v 0.01676377 0.07264300 0.09499470
v 0.01676377 0.07264300 0.10617054
v 0.01676377 0.07264300 0.11734639
v 0.00558792 0.07264300 -0.06146716
v 0.00558792 0.08381885 -0.06146716
v 0.01676377 0.07264300 -0.06146716
v 0.01676377 0.07264300 -0.05029131
v 0.01676377 0.08381885 -0.06146716
v 0.01676377 0.07264300 -0.03911546
v 0.01676377 0.07264300 -0.02793962
v 0.01676377 0.08381885 -0.03911546
v 0.01676377 0.08381885 -0.02793962
v 0.01676377 0.08381885 -0.01676377
v 0.01676377 0.08381885 -0.00558792
v 0.01676377 0.08381885 0.01676377
v 0.01676377 0.08381885 0.02793962
v 0.01676377 0.07264300 0.03911546
v 0.01676377 0.08381885 0.03911546
v 0.01676377 0.07264300 0.05029131
v 0.00558792 0.07264300 0.06146716
v 0.01676377 0.07264300 0.06146716
v 0.01676377 0.07264300 0.07264300
v 0.01676377 0.07264300 0.08381885
v 0.01676377 0.08381885 0.07264300
v 0.01676377 0.08381885 0.08381885
v 0.01676377 0.08381885 0.09499470
v 0.01676377 0.08381885 0.10617054
v 0.01676377 0.09499470 -0.06146716
v 0.01676377 0.08381885 -0.05029131
v 0.01676377 0.09499470 -0.05029131
v 0.01676377 0.09499470 -0.03911546
v 0.01676377 0.08381885 0.05029131
v 0.01676377 0.09499470 0.03911546
v 0.01676377 0.09499470 0.05029131
v 0.01676377 0.08381885 0.06146716
v 0.01676377 0.09499470 0.06146716
v 0.01676377 0.09499470 0.07264300
v 0.01676377 0.10617054 -0.06146716
v 0.01676377 0.10617054 -0.05029131
v 0.01676377 0.10617054 -0.03911546
v 0.01676377 0.11734639 -0.06146716
v 0.01676377 0.11734639 -0.05029131
v 0.02793962 -0.06146716 -0.01676377
v 0.02793962 -0.06146716 -0.00558792
v 0.02793962 -0.05029131 -0.01676377
v 0.02793962 -0.05029131 -0.00558792
v 0.02793962 -0.06146716 0.00558792
v 0.02793962 -0.05029131 0.00558792
v 0.02793962 -0.06146716 0.01676377
v 0.02793962 -0.06146716 0.02793962
v 0.02793962 -0.05029131 0.01676377
v 0.02793962 -0.05029131 0.02793962
v 0.02793962 -0.06146716 0.03911546
v 0.02793962 -0.05029131 0.03911546
v 0.02793962 -0.06146716 0.05029131
v 0.02793962 -0.06146716 0.06146716
v 0.02793962 -0.05029131 0.05029131
v 0.02793962 -0.05029131 0.06146716
v 0.02793962 -0.06146716 0.07264300
v 0.02793962 -0.05029131 0.07264300
v 0.02793962 -0.06146716 0.08381885
v 0.02793962 -0.05029131 0.08381885
v 0.02793962 -0.06146716 0.09499470
v 0.02793962 -0.05029131 0.09499470
v 0.02793962 -0.06146716 0.10617054
v 0.02793962 -0.05029131 0.10617054
v 0.02793962 -0.06146716 0.11734639
v 0.02793962 -0.05029131 0.11734639
v 0.02793962 -0.05029131 -0.05029131
v 0.02793962 -0.05029131 -0.03911546
v 0.02793962 -0.03911546 -0.05029131
v 0.02793962 -0.03911546 -0.03911546
v 0.02793962 -0.05029131 -0.02793962
v 0.02793962 -0.03911546 -0.02793962
v 0.02793962 -0.03911546 -0.01676377
v 0.02793962 -0.03911546 -0.00558792
v 0.01676377 -0.03911546 0.00558792
v 0.02793962 -0.03911546 0.00558792
v 0.01676377 -0.03911546 0.01676377
v 0.02793962 -0.03911546 0.01676377
v 0.01676377 -0.03911546 0.03911546
v 0.01676377 -0.03911546 0.05029131
v 0.02793962 -0.03911546 0.03911546
v 0.02793962 -0.03911546 0.05029131
v 0.01676377 -0.03911546 0.09499470
v 0.02793962 -0.03911546 0.09499470
v 0.02793962 -0.03911546 0.10617054
v 0.02793962 -0.03911546 0.11734639
v 0.02793962 -0.02793962 -0.05029131
v 0.02793962 -0.02793962 -0.03911546
v 0.01676377 -0.02793962 -0.02793962
v 0.02793962 -0.02793962 -0.02793962
v 0.01676377 -0.02793962 0.10617054
v 0.02793962 -0.02793962 0.10617054
v 0.02793962 -0.02793962 0.11734639
v 0.02793962 -0.03911546 0.12852224
v 0.02793962 -0.02793962 0.12852224
v 0.02793962 -0.01676377 -0.05029131
v 0.02793962 -0.01676377 -0.03911546
v 0.01676377 -0.01676377 -0.02793962
v 0.02793962 -0.01676377 -0.02793962
v 0.02793962 -0.01676377 0.11734639
v 0.02793962 -0.01676377 0.12852224
v 0.02793962 -0.01676377 -0.06146716
v 0.02793962 -0.00558792 -0.06146716
v 0.02793962 -0.00558792 -0.05029131
v 0.01676377 -0.00558792 -0.02793962
v 0.02793962 -0.00558792 -0.03911546
v 0.02793962 -0.00558792 -0.02793962
v 0.02793962 -0.00558792 0.11734639
v 0.02793962 -0.00558792 0.12852224
v 0.02793962 -0.00558792 -0.07264300
v 0.02793962 0.00558792 -0.07264300
v 0.02793962 0.00558792 -0.06146716
v 0.01676377 0.00558792 -0.03911546
v 0.02793962 0.00558792 -0.05029131
v 0.02793962 0.00558792 -0.03911546
v 0.02793962 0.00558792 0.11734639
v 0.02793962 0.00558792 0.12852224
v 0.02793962 0.00558792 -0.08381885
v 0.02793962 0.01676377 -0.08381885
v 0.02793962 0.01676377 -0.07264300
v 0.01676377 0.01676377 -0.05029131
v 0.02793962 0.01676377 -0.06146716
v 0.02793962 0.01676377 -0.05029131
v 0.02793962 0.01676377 0.11734639
v 0.02793962 0.01676377 0.12852224
v 0.02793962 0.02793962 -0.08381885
v 0.02793962 0.02793962 -0.07264300
v 0.01676377 0.02793962 -0.06146716
v 0.02793962 0.02793962 -0.06146716
v 0.02793962 0.02793962 0.11734639
v 0.02793962 0.02793962 0.12852224
v 0.02793962 0.02793962 -0.10617054
v 0.02793962 0.02793962 -0.09499470
v 0.02793962 0.03911546 -0.10617054
v 0.02793962 0.03911546 -0.09499470
v 0.02793962 0.03911546 -0.08381885
v 0.01676377 0.03911546 -0.07264300
v 0.01676377 0.03911546 -0.06146716
v 0.02793962 0.03911546 -0.07264300
v 0.02793962 0.03911546 -0.06146716
v 0.02793962 0.03911546 0.11734639
v 0.02793962 0.03911546 0.12852224
v 0.02793962 0.03911546 -0.13969808
v 0.02793962 0.03911546 -0.12852224
v 0.02793962 0.05029131 -0.13969808
v 0.02793962 0.05029131 -0.12852224
v 0.02793962 0.03911546 -0.11734639
v 0.02793962 0.05029131 -0.11734639
v 0.02793962 0.05029131 -0.10617054
v 0.02793962 0.05029131 -0.09499470
v 0.01676377 0.05029131 -0.08381885
v 0.02793962 0.05029131 -0.08381885
v 0.01676377 0.05029131 -0.07264300
v 0.02793962 0.05029131 -0.07264300
v 0.02793962 0.03911546 0.10617054
v 0.02793962 0.05029131 0.10617054
v 0.02793962 0.05029131 0.11734639
v 0.02793962 0.05029131 0.12852224
v 0.02793962 0.05029131 -0.15087393
v 0.02793962 0.06146716 -0.15087393
v 0.02793962 0.06146716 -0.13969808
v 0.02793962 0.06146716 -0.12852224
v 0.01676377 0.06146716 -0.11734639
v 0.02793962 0.06146716 -0.11734639
v 0.01676377 0.06146716 -0.10617054
v 0.02793962 0.06146716 -0.10617054
v 0.01676377 0.05029131 0.00558792
v 0.01676377 0.05029131 0.01676377
v 0.02793962 0.05029131 0.00558792
v 0.02793962 0.05029131 0.01676377
v 0.02793962 0.06146716 0.00558792
v 0.01676377 0.05029131 0.02793962
v 0.02793962 0.05029131 0.02793962
v 0.02793962 0.06146716 0.02793962
v 0.01676377 0.05029131 0.09499470
v 0.02793962 0.05029131 0.09499470
v 0.02793962 0.06146716 0.09499470
v 0.02793962 0.06146716 0.10617054
v 0.02793962 0.06146716 0.11734639
v 0.01676377 0.06146716 -0.05029131
v 0.01676377 0.06146716 -0.03911546
v 0.02793962 0.06146716 -0.05029131
v 0.02793962 0.06146716 -0.03911546
v 0.02793962 0.07264300 -0.05029131
v 0.01676377 0.06146716 -0.02793962
v 0.02793962 0.06146716 -0.02793962
v 0.02793962 0.06146716 -0.01676377
v 0.02793962 0.06146716 -0.00558792
v 0.02793962 0.07264300 -0.01676377
v 0.02793962 0.07264300 -0.00558792
v 0.02793962 0.07264300 0.00558792
v 0.02793962 0.06146716 0.01676377
v 0.02793962 0.07264300 0.01676377
v 0.01676377 0.06146716 0.03911546
v 0.02793962 0.06146716 0.03911546
v 0.02793962 0.07264300 0.03911546
v 0.01676377 0.06146716 0.08381885
v 0.02793962 0.06146716 0.08381885
v 0.02793962 0.07264300 0.08381885
v 0.02793962 0.07264300 0.09499470
v 0.02793962 0.07264300 0.10617054
v 0.02793962 0.07264300 -0.06146716
v 0.02793962 0.08381885 -0.06146716
v 0.02793962 0.07264300 -0.03911546
v 0.02793962 0.08381885 -0.05029131
v 0.02793962 0.08381885 -0.03911546
v 0.02793962 0.07264300 -0.02793962
v 0.02793962 0.08381885 -0.02793962
v 0.02793962 0.08381885 -0.01676377
v 0.02793962 0.07264300 0.02793962
v 0.02793962 0.08381885 0.01676377
v 0.02793962 0.08381885 0.02793962
v 0.02793962 0.08381885 0.03911546
v 0.02793962 0.07264300 0.05029131
v 0.02793962 0.08381885 0.05029131
v 0.02793962 0.07264300 0.06146716
v 0.02793962 0.08381885 0.06146716
v 0.02793962 0.07264300 0.07264300
v 0.02793962 0.08381885 0.07264300
v 0.02793962 0.08381885 0.08381885
v 0.02793962 0.08381885 0.09499470
v 0.02793962 0.09499470 -0.06146716
v 0.02793962 0.09499470 -0.05029131
v 0.02793962 0.10617054 -0.06146716
v 0.02793962 0.10617054 -0.05029131
v 0.01676377 0.10617054 -0.07264300
v 0.01676377 0.11734639 -0.07264300
v 0.02793962 0.10617054 -0.07264300
v 0.02793962 0.11734639 -0.07264300
v 0.02793962 0.11734639 -0.06146716
v 0.02793962 0.11734639 -0.05029131
v 0.01676377 0.12852224 -0.07264300
v 0.01676377 0.12852224 -0.06146716
v 0.02793962 0.12852224 -0.07264300
v 0.02793962 0.12852224 -0.06146716
v 0.03911546 -0.06146716 0.00558792
v 0.03911546 -0.06146716 0.01676377
v 0.03911546 -0.05029131 0.00558792
v 0.03911546 -0.05029131 0.01676377
v 0.03911546 -0.06146716 0.02793962
v 0.03911546 -0.05029131 0.02793962
v 0.03911546 -0.06146716 0.03911546
v 0.03911546 -0.05029131 0.03911546
v 0.03911546 -0.06146716 0.05029131
v 0.03911546 -0.05029131 0.05029131
v 0.03911546 -0.06146716 0.06146716
v 0.03911546 -0.05029131 0.06146716
v 0.03911546 -0.06146716 0.07264300
v 0.03911546 -0.05029131 0.07264300
v 0.03911546 -0.06146716 0.08381885
v 0.03911546 -0.05029131 0.08381885
v 0.03911546 -0.06146716 0.09499470
v 0.03911546 -0.05029131 0.09499470
v 0.03911546 -0.05029131 -0.02793962
v 0.03911546 -0.05029131 -0.01676377
v 0.03911546 -0.03911546 -0.02793962
v 0.03911546 -0.03911546 -0.01676377
v 0.03911546 -0.05029131 -0.00558792
v 0.03911546 -0.03911546 -0.00558792
v 0.03911546 -0.03911546 0.00558792
v 0.03911546 -0.03911546 0.01676377
v 0.02793962 -0.03911546 0.02793962
v 0.03911546 -0.03911546 0.02793962
v 0.03911546 -0.03911546 0.03911546
v 0.03911546 -0.03911546 0.05029131
v 0.02793962 -0.03911546 0.06146716
v 0.03911546 -0.03911546 0.06146716
v 0.02793962 -0.03911546 0.07264300
v 0.03911546 -0.03911546 0.07264300
v 0.02793962 -0.03911546 0.08381885
v 0.03911546 -0.03911546 0.08381885
v 0.03911546 -0.03911546 0.09499470
v 0.03911546 -0.05029131 0.10617054
v 0.03911546 -0.03911546 0.10617054
v 0.03911546 -0.05029131 0.11734639
v 0.03911546 -0.03911546 0.11734639
v 0.03911546 -0.03911546 -0.03911546
v 0.03911546 -0.02793962 -0.03911546
v 0.03911546 -0.02793962 -0.02793962
v 0.02793962 -0.02793962 -0.01676377
v 0.02793962 -0.02793962 -0.00558792
v 0.03911546 -0.02793962 -0.01676377
v 0.03911546 -0.02793962 -0.00558792
v 0.03911546 -0.02793962 0.10617054
v 0.03911546 -0.03911546 0.12852224
v 0.03911546 -0.02793962 0.11734639
v 0.03911546 -0.02793962 0.12852224
v 0.03911546 -0.01676377 -0.03911546
v 0.02793962 -0.01676377 -0.01676377
v 0.03911546 -0.01676377 -0.02793962
v 0.03911546 -0.01676377 -0.01676377
v 0.02793962 -0.01676377 0.10617054
v 0.03911546 -0.01676377 0.10617054
v 0.03911546 -0.01676377 0.11734639
v 0.03911546 -0.01676377 0.12852224
v 0.03911546 -0.01676377 -0.05029131
v 0.03911546 -0.00558792 -0.05029131
v 0.03911546 -0.00558792 -0.03911546
v 0.03911546 -0.00558792 -0.02793962
v 0.03911546 -0.00558792 0.11734639
v 0.03911546 -0.00558792 0.12852224
v 0.03911546 -0.00558792 -0.06146716
v 0.03911546 0.00558792 -0.06146716
v 0.03911546 0.00558792 -0.05029131
v 0.03911546 0.00558792 -0.03911546
v 0.02793962 0.00558792 -0.02793962
v 0.03911546 0.00558792 -0.02793962
v 0.03911546 0.00558792 0.11734639
v 0.03911546 0.00558792 0.12852224
v 0.03911546 0.00558792 -0.07264300
v 0.03911546 0.01676377 -0.07264300
v 0.03911546 0.01676377 -0.06146716
v 0.03911546 0.01676377 -0.05029131
v 0.02793962 0.01676377 -0.03911546
v 0.03911546 0.01676377 -0.03911546
v 0.02793962 0.01676377 -0.02793962
v 0.03911546 0.01676377 -0.02793962
v 0.03911546 0.01676377 0.11734639
v 0.03911546 0.01676377 0.12852224
v 0.03911546 0.02793962 -0.07264300
v 0.03911546 0.02793962 -0.06146716
v 0.02793962 0.02793962 -0.05029131
v 0.03911546 0.02793962 -0.05029131
v 0.02793962 0.02793962 -0.03911546
v 0.03911546 0.02793962 -0.03911546
v 0.02793962 0.01676377 0.10617054
v 0.02793962 0.02793962 0.10617054
v 0.03911546 0.01676377 0.10617054
v 0.03911546 0.02793962 0.10617054
v 0.03911546 0.02793962 0.12852224
v 0.03911546 0.02793962 -0.08381885
v 0.03911546 0.03911546 -0.08381885
v 0.03911546 0.03911546 -0.07264300
v 0.03911546 0.03911546 -0.06146716
v 0.02793962 0.03911546 -0.05029131
v 0.02793962 0.03911546 -0.03911546
v 0.03911546 0.03911546 -0.05029131
v 0.03911546 0.03911546 -0.03911546
v 0.03911546 0.03911546 0.10617054
v 0.03911546 0.02793962 0.11734639
v 0.03911546 0.03911546 0.11734639
v 0.03911546 0.03911546 0.12852224
v 0.03911546 0.03911546 -0.11734639
v 0.03911546 0.03911546 -0.10617054
v 0.03911546 0.05029131 -0.11734639
v 0.03911546 0.05029131 -0.10617054
v 0.03911546 0.03911546 -0.09499470
v 0.03911546 0.05029131 -0.09499470
v 0.03911546 0.05029131 -0.08381885
v 0.03911546 0.05029131 -0.07264300
v 0.02793962 0.05029131 -0.06146716
v 0.02793962 0.05029131 -0.05029131
v 0.03911546 0.05029131 -0.05029131
v 0.02793962 0.03911546 0.00558792
v 0.02793962 0.03911546 0.01676377
v 0.03911546 0.03911546 0.00558792
v 0.03911546 0.03911546 0.01676377
v 0.03911546 0.05029131 0.00558792
v 0.02793962 0.03911546 0.02793962
v 0.03911546 0.03911546 0.02793962
v 0.03911546 0.05029131 0.02793962
v 0.02793962 0.03911546 0.09499470
v 0.03911546 0.03911546 0.09499470
v 0.03911546 0.05029131 0.09499470
v 0.03911546 0.05029131 0.11734639
v 0.03911546 0.05029131 -0.13969808
v 0.03911546 0.05029131 -0.12852224
v 0.03911546 0.06146716 -0.13969808
v 0.03911546 0.06146716 -0.12852224
v 0.03911546 0.06146716 -0.11734639
v 0.03911546 0.06146716 -0.10617054
v 0.02793962 0.06146716 -0.09499470
v 0.03911546 0.06146716 -0.09499470
v 0.02793962 0.06146716 -0.08381885
v 0.03911546 0.06146716 -0.08381885
v 0.02793962 0.06146716 -0.07264300
v 0.03911546 0.06146716 -0.07264300
v 0.02793962 0.06146716 -0.06146716
v 0.03911546 0.06146716 -0.06146716
v 0.02793962 0.05029131 -0.03911546
v 0.03911546 0.05029131 -0.03911546
v 0.02793962 0.05029131 -0.02793962
v 0.03911546 0.05029131 -0.02793962
v 0.02793962 0.05029131 -0.01676377
v 0.03911546 0.05029131 -0.01676377
v 0.03911546 0.06146716 -0.02793962
v 0.03911546 0.06146716 -0.01676377
v 0.02793962 0.05029131 -0.00558792
v 0.03911546 0.05029131 -0.00558792
v 0.03911546 0.06146716 0.00558792
v 0.03911546 0.06146716 0.01676377
v 0.03911546 0.06146716 0.02793962
v 0.02793962 0.05029131 0.08381885
v 0.03911546 0.05029131 0.08381885
v 0.03911546 0.06146716 0.08381885
v 0.03911546 0.05029131 0.10617054
v 0.03911546 0.06146716 0.10617054
v 0.03911546 0.06146716 0.11734639
v 0.02793962 0.07264300 -0.13969808
v 0.02793962 0.07264300 -0.12852224
v 0.03911546 0.07264300 -0.13969808
v 0.03911546 0.07264300 -0.12852224
v 0.03911546 0.07264300 -0.06146716
v 0.03911546 0.06146716 -0.05029131
v 0.03911546 0.06146716 -0.03911546
v 0.03911546 0.07264300 -0.05029131
v 0.03911546 0.07264300 -0.03911546
v 0.03911546 0.07264300 -0.02793962
v 0.03911546 0.07264300 -0.01676377
v 0.03911546 0.06146716 -0.00558792
v 0.03911546 0.07264300 -0.00558792
v 0.03911546 0.07264300 0.00558792
v 0.03911546 0.07264300 0.01676377
v 0.03911546 0.07264300 0.02793962
v 0.03911546 0.06146716 0.03911546
v 0.02793962 0.06146716 0.05029131
v 0.03911546 0.06146716 0.05029131
v 0.03911546 0.07264300 0.05029131
v 0.02793962 0.06146716 0.07264300
v 0.03911546 0.06146716 0.07264300
v 0.03911546 0.07264300 0.07264300
v 0.03911546 0.06146716 0.09499470
v 0.03911546 0.07264300 0.09499470
v 0.03911546 0.07264300 0.10617054
v 0.02793962 0.07264300 -0.07264300
v 0.02793962 0.08381885 -0.07264300
v 0.03911546 0.07264300 -0.07264300
v 0.03911546 0.08381885 -0.07264300
v 0.03911546 0.08381885 -0.06146716
v 0.03911546 0.08381885 -0.05029131
v 0.03911546 0.07264300 0.03911546
v 0.03911546 0.08381885 0.02793962
v 0.03911546 0.08381885 0.03911546
v 0.03911546 0.08381885 0.05029131
v 0.03911546 0.07264300 0.06146716
v 0.03911546 0.08381885 0.06146716
v 0.03911546 0.08381885 0.07264300
v 0.03911546 0.07264300 0.08381885
v 0.03911546 0.08381885 0.08381885
v 0.03911546 0.08381885 0.09499470
v 0.02793962 0.09499470 -0.07264300
v 0.03911546 0.09499470 -0.07264300
v 0.03911546 0.09499470 -0.06146716
v 0.03911546 0.09499470 -0.05029131
v 0.03911546 0.10617054 -0.07264300
v 0.03911546 0.10617054 -0.06146716
v 0.03911546 0.10617054 -0.05029131
v 0.03911546 0.11734639 -0.07264300
v 0.03911546 0.11734639 -0.06146716
v 0.05029131 -0.05029131 -0.01676377
v 0.05029131 -0.05029131 -0.00558792
v 0.05029131 -0.03911546 -0.01676377
v 0.05029131 -0.03911546 -0.00558792
v 0.05029131 -0.05029131 0.00558792
v 0.05029131 -0.03911546 0.00558792
v 0.05029131 -0.05029131 0.01676377
v 0.05029131 -0.03911546 0.01676377
v 0.05029131 -0.05029131 0.02793962
v 0.05029131 -0.03911546 0.02793962
v 0.05029131 -0.05029131 0.03911546
v 0.05029131 -0.05029131 0.05029131
v 0.05029131 -0.03911546 0.03911546
v 0.05029131 -0.03911546 0.05029131
v 0.05029131 -0.05029131 0.06146716
v 0.05029131 -0.03911546 0.06146716
v 0.05029131 -0.05029131 0.07264300
v 0.05029131 -0.03911546 0.07264300
v 0.05029131 -0.05029131 0.08381885
v 0.05029131 -0.03911546 0.08381885
v 0.05029131 -0.05029131 0.09499470
v 0.05029131 -0.03911546 0.09499470
v 0.05029131 -0.05029131 0.10617054
v 0.05029131 -0.03911546 0.10617054
v 0.05029131 -0.03911546 -0.02793962
v 0.05029131 -0.02793962 -0.02793962
v 0.05029131 -0.02793962 -0.01676377
v 0.05029131 -0.02793962 -0.00558792
v 0.03911546 -0.02793962 0.00558792
v 0.03911546 -0.02793962 0.01676377
v 0.05029131 -0.02793962 0.00558792
v 0.05029131 -0.02793962 0.01676377
v 0.03911546 -0.02793962 0.02793962
v 0.05029131 -0.02793962 0.02793962
v 0.03911546 -0.02793962 0.03911546
v 0.05029131 -0.02793962 0.03911546
v 0.03911546 -0.02793962 0.05029131
v 0.03911546 -0.02793962 0.06146716
v 0.05029131 -0.02793962 0.05029131
v 0.05029131 -0.02793962 0.06146716
v 0.03911546 -0.02793962 0.07264300
v 0.05029131 -0.02793962 0.07264300
v 0.03911546 -0.02793962 0.08381885
v 0.03911546 -0.02793962 0.09499470
v 0.05029131 -0.02793962 0.08381885
v 0.05029131 -0.02793962 0.09499470
v 0.05029131 -0.02793962 0.10617054
v 0.05029131 -0.03911546 0.11734639
v 0.05029131 -0.02793962 0.11734639
v 0.05029131 -0.02793962 -0.03911546
v 0.05029131 -0.01676377 -0.03911546
v 0.05029131 -0.01676377 -0.02793962
v 0.05029131 -0.01676377 -0.01676377
v 0.03911546 -0.01676377 -0.00558792
v 0.03911546 -0.01676377 0.00558792
v 0.05029131 -0.01676377 -0.00558792
v 0.05029131 -0.01676377 0.00558792
v 0.03911546 -0.01676377 0.07264300
v 0.03911546 -0.01676377 0.08381885
v 0.05029131 -0.01676377 0.07264300
v 0.05029131 -0.01676377 0.08381885
v 0.03911546 -0.01676377 0.09499470
v 0.05029131 -0.01676377 0.09499470
v 0.05029131 -0.01676377 0.10617054
v 0.05029131 -0.01676377 0.11734639
v 0.05029131 -0.00558792 -0.03911546
v 0.05029131 -0.00558792 -0.02793962
v 0.03911546 -0.00558792 -0.01676377
v 0.05029131 -0.00558792 -0.01676377
v 0.03911546 -0.00558792 -0.00558792
v 0.05029131 -0.00558792 -0.00558792
v 0.03911546 -0.00558792 0.10617054
v 0.05029131 -0.00558792 0.10617054
v 0.05029131 -0.01676377 0.12852224
v 0.05029131 -0.00558792 0.11734639
v 0.05029131 -0.00558792 0.12852224
v 0.05029131 0.00558792 -0.03911546
v 0.05029131 0.00558792 -0.02793962
v 0.03911546 0.00558792 -0.01676377
v 0.05029131 0.00558792 -0.01676377
v 0.03911546 0.00558792 -0.00558792
v 0.05029131 0.00558792 -0.00558792
v 0.03911546 0.00558792 0.10617054
v 0.05029131 0.00558792 0.10617054
v 0.05029131 0.00558792 0.11734639
v 0.05029131 0.00558792 0.12852224
v 0.05029131 0.01676377 -0.03911546
v 0.05029131 0.01676377 -0.02793962
v 0.03911546 0.01676377 -0.01676377
v 0.05029131 0.01676377 -0.01676377
v 0.03911546 0.01676377 -0.00558792
v 0.05029131 0.01676377 -0.00558792
v 0.03911546 0.00558792 0.00558792
v 0.03911546 0.01676377 0.00558792
v 0.05029131 0.00558792 0.00558792
v 0.05029131 0.01676377 0.00558792
v 0.05029131 0.01676377 0.10617054
v 0.05029131 0.01676377 0.11734639
v 0.05029131 0.01676377 0.12852224
v 0.05029131 0.01676377 -0.05029131
v 0.05029131 0.02793962 -0.05029131
v 0.05029131 0.02793962 -0.03911546
v 0.03911546 0.02793962 -0.02793962
v 0.05029131 0.02793962 -0.02793962
v 0.03911546 0.02793962 -0.01676377
v 0.05029131 0.02793962 -0.01676377
v 0.03911546 0.02793962 -0.00558792
v 0.05029131 0.02793962 -0.00558792
v 0.03911546 0.02793962 0.00558792
v 0.05029131 0.02793962 0.00558792
v 0.03911546 0.01676377 0.01676377
v 0.03911546 0.02793962 0.01676377
v 0.05029131 0.01676377 0.01676377
v 0.05029131 0.02793962 0.01676377
v 0.05029131 0.02793962 0.10617054
v 0.05029131 0.02793962 0.11734639
v 0.05029131 0.02793962 0.12852224
v 0.05029131 0.02793962 -0.06146716
v 0.05029131 0.03911546 -0.06146716
v 0.05029131 0.03911546 -0.05029131
v 0.05029131 0.03911546 -0.03911546
v 0.03911546 0.03911546 -0.02793962
v 0.05029131 0.03911546 -0.02793962
v 0.03911546 0.03911546 -0.01676377
v 0.05029131 0.03911546 -0.01676377
v 0.03911546 0.03911546 -0.00558792
v 0.05029131 0.03911546 -0.00558792
v 0.05029131 0.03911546 0.00558792
v 0.03911546 0.02793962 0.02793962
v 0.05029131 0.02793962 0.02793962
v 0.05029131 0.03911546 0.02793962
v 0.03911546 0.02793962 0.09499470
v 0.05029131 0.02793962 0.09499470
v 0.05029131 0.03911546 0.09499470
v 0.05029131 0.03911546 0.10617054
v 0.05029131 0.03911546 0.11734639
v 0.05029131 0.03911546 -0.07264300
v 0.05029131 0.05029131 -0.07264300
v 0.05029131 0.05029131 -0.06146716
v 0.05029131 0.05029131 -0.05029131
v 0.05029131 0.05029131 -0.03911546
v 0.05029131 0.05029131 -0.02793962
v 0.05029131 0.05029131 -0.01676377
v 0.05029131 0.05029131 -0.00558792
v 0.05029131 0.05029131 0.00558792
v 0.05029131 0.03911546 0.01676377
v 0.05029131 0.05029131 0.01676377
v 0.03911546 0.03911546 0.03911546
v 0.03911546 0.05029131 0.03911546
v 0.05029131 0.03911546 0.03911546
v 0.05029131 0.05029131 0.03911546
v 0.03911546 0.03911546 0.08381885
v 0.05029131 0.03911546 0.08381885
v 0.05029131 0.05029131 0.08381885
v 0.05029131 0.05029131 0.10617054
v 0.05029131 0.05029131 0.11734639
v 0.05029131 0.05029131 -0.12852224
v 0.05029131 0.05029131 -0.11734639
v 0.05029131 0.06146716 -0.12852224
v 0.05029131 0.06146716 -0.11734639
v 0.05029131 0.05029131 -0.10617054
v 0.05029131 0.06146716 -0.10617054
v 0.05029131 0.05029131 -0.09499470
v 0.05029131 0.06146716 -0.09499470
v 0.05029131 0.05029131 -0.08381885
v 0.05029131 0.06146716 -0.08381885
v 0.05029131 0.06146716 -0.07264300
v 0.05029131 0.06146716 -0.06146716
v 0.05029131 0.06146716 -0.05029131
v 0.05029131 0.06146716 -0.03911546
v 0.05029131 0.06146716 -0.02793962
v 0.05029131 0.06146716 -0.01676377
v 0.05029131 0.06146716 -0.00558792
v 0.05029131 0.06146716 0.00558792
v 0.05029131 0.06146716 0.01676377
v 0.05029131 0.05029131 0.02793962
v 0.05029131 0.06146716 0.02793962
v 0.03911546 0.05029131 0.05029131
v 0.05029131 0.05029131 0.05029131
v 0.05029131 0.06146716 0.05029131
v 0.03911546 0.05029131 0.07264300
v 0.05029131 0.05029131 0.07264300
v 0.05029131 0.06146716 0.07264300
v 0.05029131 0.05029131 0.09499470
v 0.05029131 0.06146716 0.09499470
v 0.05029131 0.06146716 0.10617054
v 0.05029131 0.06146716 -0.13969808
v 0.05029131 0.07264300 -0.13969808
v 0.05029131 0.07264300 -0.12852224
v 0.03911546 0.07264300 -0.11734639
v 0.05029131 0.07264300 -0.11734639
v 0.03911546 0.07264300 -0.10617054
v 0.05029131 0.07264300 -0.10617054
v 0.03911546 0.07264300 -0.09499470
v 0.05029131 0.07264300 -0.09499470
v 0.03911546 0.07264300 -0.08381885
v 0.05029131 0.07264300 -0.08381885
v 0.05029131 0.07264300 -0.07264300
v 0.05029131 0.07264300 -0.06146716
v 0.05029131 0.07264300 -0.05029131
v 0.05029131 0.06146716 0.03911546
v 0.05029131 0.07264300 0.02793962
v 0.05029131 0.07264300 0.03911546
v 0.05029131 0.07264300 0.05029131
v 0.03911546 0.06146716 0.06146716
v 0.05029131 0.06146716 0.06146716
v 0.05029131 0.07264300 0.07264300
v 0.05029131 0.07264300 0.08381885
v 0.05029131 0.06146716 0.08381885
v 0.05029131 0.07264300 0.09499470
v 0.03911546 0.08381885 -0.08381885
v 0.05029131 0.08381885 -0.08381885
v 0.05029131 0.08381885 -0.07264300
v 0.05029131 0.08381885 -0.06146716
v 0.05029131 0.07264300 0.06146716
v 0.05029131 0.08381885 0.05029131
v 0.05029131 0.08381885 0.06146716
v 0.05029131 0.08381885 0.07264300
v 0.03911546 0.09499470 -0.08381885
v 0.05029131 0.09499470 -0.08381885
v 0.05029131 0.09499470 -0.07264300
v 0.05029131 0.09499470 -0.06146716
v 0.05029131 0.10617054 -0.07264300
v 0.05029131 0.10617054 -0.06146716
v 0.06146716 -0.05029131 0.02793962
v 0.06146716 -0.05029131 0.03911546
v 0.06146716 -0.03911546 0.02793962
v 0.06146716 -0.03911546 0.03911546
v 0.06146716 -0.05029131 0.05029131
v 0.06146716 -0.03911546 0.05029131
v 0.06146716 -0.03911546 -0.00558792
v 0.06146716 -0.03911546 0.00558792
v 0.06146716 -0.02793962 -0.00558792
v 0.06146716 -0.02793962 0.00558792
v 0.06146716 -0.03911546 0.01676377
v 0.06146716 -0.02793962 0.01676377
v 0.06146716 -0.02793962 0.02793962
v 0.06146716 -0.02793962 0.03911546
v 0.06146716 -0.02793962 0.05029131
v 0.06146716 -0.03911546 0.06146716
v 0.06146716 -0.02793962 0.06146716
v 0.06146716 -0.03911546 0.07264300
v 0.06146716 -0.02793962 0.07264300
v 0.06146716 -0.03911546 0.08381885
v 0.06146716 -0.02793962 0.08381885
v 0.06146716 -0.02793962 -0.01676377
v 0.06146716 -0.01676377 -0.01676377
v 0.06146716 -0.01676377 -0.00558792
v 0.06146716 -0.01676377 0.00558792
v 0.05029131 -0.01676377 0.01676377
v 0.06146716 -0.01676377 0.01676377
v 0.05029131 -0.01676377 0.02793962
v 0.06146716 -0.01676377 0.02793962
v 0.05029131 -0.01676377 0.03911546
v 0.06146716 -0.01676377 0.03911546
v 0.05029131 -0.01676377 0.05029131
v 0.05029131 -0.01676377 0.06146716
v 0.06146716 -0.01676377 0.05029131
v 0.06146716 -0.01676377 0.06146716
v 0.06146716 -0.01676377 0.07264300
v 0.06146716 -0.01676377 0.08381885
v 0.06146716 -0.02793962 0.09499470
v 0.06146716 -0.01676377 0.09499470
v 0.06146716 -0.02793962 0.10617054
v 0.06146716 -0.01676377 0.10617054
v 0.06146716 -0.00558792 -0.01676377
v 0.06146716 -0.00558792 -0.00558792
v 0.05029131 -0.00558792 0.00558792
v 0.06146716 -0.00558792 0.00558792
v 0.05029131 -0.00558792 0.01676377
v 0.05029131 -0.00558792 0.02793962
v 0.06146716 -0.00558792 0.01676377
v 0.06146716 -0.00558792 0.02793962
v 0.05029131 -0.00558792 0.03911546
v 0.05029131 -0.00558792 0.05029131
v 0.06146716 -0.00558792 0.05029131
v 0.05029131 -0.00558792 0.06146716
v 0.05029131 -0.00558792 0.07264300
v 0.06146716 -0.00558792 0.06146716
v 0.06146716 -0.00558792 0.07264300
v 0.05029131 -0.00558792 0.08381885
v 0.06146716 -0.00558792 0.08381885
v 0.05029131 -0.00558792 0.09499470
v 0.06146716 -0.00558792 0.09499470
v 0.06146716 -0.00558792 0.10617054
v 0.06146716 -0.01676377 0.11734639
v 0.06146716 -0.00558792 0.11734639
v 0.06146716 0.00558792 -0.01676377
v 0.06146716 0.00558792 -0.00558792
v 0.06146716 0.00558792 0.00558792
v 0.05029131 0.00558792 0.01676377
v 0.05029131 0.00558792 0.02793962
v 0.05029131 0.00558792 0.03911546
v 0.05029131 0.00558792 0.05029131
v 0.06146716 0.00558792 0.05029131
v 0.05029131 0.00558792 0.09499470
v 0.06146716 0.00558792 0.09499470
v 0.06146716 0.00558792 0.10617054
v 0.06146716 0.00558792 0.11734639
v 0.06146716 0.01676377 -0.00558792
v 0.06146716 0.01676377 0.00558792
v 0.05029131 0.01676377 0.02793962
v 0.05029131 0.01676377 0.03911546
v 0.05029131 0.01676377 0.05029131
v 0.06146716 0.01676377 0.05029131
v 0.05029131 0.00558792 0.08381885
v 0.05029131 0.01676377 0.08381885
v 0.05029131 0.01676377 0.09499470
v 0.06146716 0.00558792 0.08381885
v 0.06146716 0.01676377 0.08381885
v 0.06146716 0.01676377 0.09499470
v 0.06146716 0.01676377 0.10617054
v 0.06146716 0.01676377 0.11734639
v 0.06146716 0.01676377 0.01676377
v 0.06146716 0.02793962 0.00558792
v 0.06146716 0.02793962 0.01676377
v 0.05029131 0.02793962 0.03911546
v 0.05029131 0.02793962 0.05029131
v 0.06146716 0.02793962 0.05029131
v 0.05029131 0.01676377 0.07264300
v 0.05029131 0.02793962 0.07264300
v 0.05029131 0.02793962 0.08381885
v 0.06146716 0.01676377 0.07264300
v 0.06146716 0.02793962 0.07264300
v 0.06146716 0.02793962 0.09499470
v 0.06146716 0.02793962 0.10617054
v 0.06146716 0.02793962 0.11734639
v 0.06146716 0.03911546 0.00558792
v 0.06146716 0.03911546 0.01676377
v 0.06146716 0.02793962 0.02793962
v 0.06146716 0.03911546 0.02793962
v 0.06146716 0.02793962 0.03911546
v 0.06146716 0.03911546 0.03911546
v 0.05029131 0.03911546 0.05029131
v 0.05029131 0.02793962 0.06146716
v 0.05029131 0.03911546 0.06146716
v 0.06146716 0.02793962 0.06146716
v 0.05029131 0.03911546 0.07264300
v 0.06146716 0.02793962 0.08381885
v 0.06146716 0.03911546 0.08381885
v 0.06146716 0.03911546 0.09499470
v 0.06146716 0.03911546 0.10617054
v 0.06146716 0.05029131 0.01676377
v 0.06146716 0.05029131 0.02793962
v 0.06146716 0.05029131 0.03911546
v 0.06146716 0.03911546 0.05029131
v 0.06146716 0.05029131 0.05029131
v 0.05029131 0.05029131 0.06146716
v 0.06146716 0.03911546 0.06146716
v 0.06146716 0.05029131 0.06146716
v 0.06146716 0.03911546 0.07264300
v 0.06146716 0.05029131 0.07264300
v 0.06146716 0.05029131 0.08381885
v 0.06146716 0.05029131 0.09499470
v 0.06146716 0.05029131 0.10617054
v 0.06146716 0.06146716 0.02793962
v 0.06146716 0.06146716 0.03911546
v 0.06146716 0.06146716 0.05029131
v 0.06146716 0.06146716 0.06146716
v 0.06146716 0.06146716 0.07264300
v 0.06146716 0.06146716 0.08381885
v 0.06146716 0.06146716 0.09499470
v 0.06146716 0.06146716 -0.10617054
v 0.06146716 0.06146716 -0.09499470
v 0.06146716 0.07264300 -0.10617054
v 0.06146716 0.07264300 -0.09499470
v 0.06146716 0.06146716 -0.08381885
v 0.06146716 0.07264300 -0.08381885
v 0.06146716 0.07264300 0.05029131
v 0.06146716 0.07264300 0.06146716
v 0.06146716 0.07264300 0.07264300
v 0.06146716 0.07264300 0.08381885
v 0.05029131 0.08381885 -0.09499470
v 0.06146716 0.08381885 -0.09499470
v 0.06146716 0.08381885 -0.08381885
v 0.06146716 0.07264300 -0.07264300
v 0.06146716 0.08381885 -0.07264300
v 0.07264300 -0.02793962 0.03911546
v 0.07264300 -0.02793962 0.05029131
v 0.07264300 -0.01676377 0.03911546
v 0.07264300 -0.01676377 0.05029131
v 0.07264300 -0.02793962 0.06146716
v 0.07264300 -0.01676377 0.06146716
v 0.07264300 -0.01676377 0.00558792
v 0.07264300 -0.01676377 0.01676377
v 0.07264300 -0.00558792 0.00558792
v 0.07264300 -0.00558792 0.01676377
v 0.07264300 -0.01676377 0.02793962
v 0.07264300 -0.00558792 0.02793962
v 0.07264300 -0.00558792 0.03911546
v 0.07264300 -0.00558792 0.05029131
v 0.07264300 -0.00558792 0.06146716
v 0.07264300 -0.01676377 0.07264300
v 0.07264300 -0.00558792 0.07264300
v 0.07264300 -0.01676377 0.08381885
v 0.07264300 -0.00558792 0.08381885
v 0.07264300 -0.01676377 0.09499470
v 0.07264300 -0.00558792 0.09499470
v 0.07264300 0.00558792 0.00558792
v 0.07264300 0.00558792 0.01676377
v 0.07264300 0.00558792 0.02793962
v 0.07264300 0.00558792 0.03911546
v 0.06146716 0.00558792 0.06146716
v 0.07264300 0.00558792 0.05029131
v 0.07264300 0.00558792 0.06146716
v 0.06146716 0.00558792 0.07264300
v 0.07264300 0.00558792 0.07264300
v 0.07264300 0.00558792 0.08381885
v 0.07264300 0.00558792 0.09499470
v 0.07264300 -0.00558792 0.10617054
v 0.07264300 0.00558792 0.10617054
v 0.07264300 0.01676377 0.00558792
v 0.07264300 0.01676377 0.01676377
v 0.07264300 0.01676377 0.02793962
v 0.06146716 0.01676377 0.06146716
v 0.07264300 0.01676377 0.05029131
v 0.07264300 0.01676377 0.06146716
v 0.07264300 0.01676377 0.07264300
v 0.07264300 0.01676377 0.08381885
v 0.07264300 0.01676377 0.09499470
v 0.07264300 0.02793962 0.01676377
v 0.07264300 0.02793962 0.02793962
v 0.07264300 0.01676377 0.03911546
v 0.07264300 0.02793962 0.03911546
v 0.07264300 0.02793962 0.05029131
v 0.07264300 0.02793962 0.06146716
v 0.07264300 0.02793962 0.07264300
v 0.07264300 0.02793962 0.08381885
v 0.07264300 0.02793962 0.09499470
v 0.07264300 0.03911546 0.03911546
v 0.07264300 0.03911546 0.05029131
v 0.07264300 0.03911546 0.06146716
v 0.07264300 0.03911546 0.07264300
v 0.07264300 0.03911546 0.08381885
v 0.08381885 -0.00558792 0.03911546
v 0.08381885 -0.00558792 0.05029131
v 0.08381885 0.00558792 0.03911546
v 0.08381885 0.00558792 0.05029131
v 0.08381885 0.00558792 0.02793962
v 0.08381885 0.01676377 0.02793962
v 0.08381885 0.01676377 0.03911546
v 0.08381885 0.01676377 0.05029131
f 2 4 1
f 5 2 1
f 1 4 3
f 3 5 1
f 2 8 4
f 6 2 5
f 6 8 2
f 7 5 3
f 10 12 9
f 13 10 9
f 9 12 11
f 11 13 9
f 14 10 13
f 15 13 11
f 16 17 10
f 14 16 10
f 10 17 12
f 18 16 14
f 19 20 16
f 18 19 16
f 16 20 17
f 21 19 18
f 22 23 19
f 21 22 19
f 19 23 20
f 24 22 21
f 3 25 22
f 24 3 22
f 22 25 23
f 7 3 24
f 4 26 3
f 3 26 25
f 27 8 7
f 28 8 27
f 29 30 4
f 8 29 4
f 4 30 26
f 29 32 30
f 31 29 8
f 31 32 29
f 12 34 11
f 11 34 33
f 33 15 11
f 34 36 33
f 35 15 33
f 33 36 35
f 17 37 12
f 12 37 34
f 20 38 17
f 17 38 37
f 23 39 20
f 20 39 38
f 25 40 23
f 23 40 39
f 40 42 39
f 39 42 41
f 26 43 25
f 25 43 40
f 42 28 27
f 44 28 42
f 30 45 26
f 26 45 43
f 30 46 45
f 32 46 30
f 45 46 43
f 43 46 44
f 37 48 34
f 34 48 47
f 47 36 34
f 48 50 47
f 49 36 47
f 47 50 49
f 38 51 37
f 37 51 48
f 51 52 48
f 48 52 50
f 39 53 38
f 38 53 51
f 39 54 53
f 41 54 39
f 53 54 51
f 51 54 52
f 43 56 40
f 40 56 55
f 55 42 40
f 43 58 56
f 44 58 43
f 56 58 55
f 57 42 55
f 55 58 57
f 60 62 59
f 63 60 59
f 59 62 61
f 61 63 59
f 60 66 62
f 64 60 63
f 64 66 60
f 65 63 61
f 62 68 61
f 61 68 67
f 67 65 61
f 68 70 67
f 69 65 67
f 67 70 69
f 69 66 65
f 70 66 69
f 71 72 62
f 66 71 62
f 62 72 68
f 71 74 72
f 73 71 66
f 73 74 71
f 72 74 68
f 68 74 70
f 76 78 75
f 79 76 75
f 75 78 77
f 77 79 75
f 80 76 79
f 81 79 77
f 82 83 76
f 80 82 76
f 76 83 78
f 84 82 80
f 85 86 82
f 84 85 82
f 82 86 83
f 87 85 84
f 88 89 85
f 87 88 85
f 85 89 86
f 90 88 87
f 91 92 88
f 90 91 88
f 88 92 89
f 91 94 92
f 93 91 90
f 93 94 91
f 77 97 95
f 98 77 95
f 95 97 96
f 96 98 95
f 81 77 98
f 99 98 96
f 78 100 77
f 77 100 97
f 102 101 81
f 103 101 102
f 83 104 78
f 78 104 100
f 103 105 101
f 106 105 103
f 86 107 83
f 83 107 104
f 106 108 105
f 109 108 106
f 89 5 86
f 86 5 107
f 109 110 108
f 111 110 109
f 92 6 89
f 89 6 5
f 112 113 92
f 94 112 92
f 92 113 6
f 114 112 94
f 115 116 112
f 114 115 112
f 112 116 113
f 117 115 114
f 118 119 115
f 117 118 115
f 115 119 116
f 118 121 119
f 120 118 117
f 120 121 118
f 96 13 122
f 124 96 122
f 122 13 123
f 123 124 122
f 99 96 124
f 125 124 123
f 97 14 96
f 96 14 13
f 126 102 99
f 127 102 126
f 100 18 97
f 97 18 14
f 127 103 102
f 128 103 127
f 104 21 100
f 100 21 18
f 128 106 103
f 129 106 128
f 107 24 104
f 104 24 21
f 129 109 106
f 130 109 129
f 5 7 107
f 107 7 24
f 130 111 109
f 131 111 130
f 8 133 7
f 7 133 131
f 131 132 111
f 133 132 131
f 113 31 6
f 6 31 8
f 116 134 113
f 113 134 31
f 119 135 116
f 116 135 134
f 119 136 135
f 121 136 119
f 13 15 123
f 123 15 137
f 137 125 123
f 15 139 137
f 138 125 137
f 137 139 138
f 140 128 127
f 141 128 140
f 141 129 128
f 142 129 141
f 142 130 129
f 143 130 142
f 7 144 27
f 131 144 7
f 143 131 130
f 144 131 143
f 28 133 8
f 146 133 28
f 146 145 133
f 147 145 146
f 134 148 31
f 31 148 32
f 147 149 145
f 150 149 147
f 135 151 134
f 134 151 148
f 150 136 149
f 152 136 150
f 153 154 135
f 136 153 135
f 135 154 151
f 153 156 154
f 155 153 136
f 155 156 153
f 35 139 15
f 157 139 35
f 158 141 140
f 159 141 158
f 159 142 141
f 160 142 159
f 160 143 142
f 161 143 160
f 27 162 42
f 144 162 27
f 161 144 143
f 162 144 161
f 44 146 28
f 163 146 44
f 163 147 146
f 164 147 163
f 148 165 32
f 32 165 46
f 164 150 147
f 166 150 164
f 151 167 148
f 148 167 165
f 166 152 150
f 168 152 166
f 154 169 151
f 151 169 167
f 154 170 169
f 156 170 154
f 169 170 167
f 167 170 168
f 172 174 171
f 175 172 171
f 171 174 173
f 173 175 171
f 176 172 175
f 177 175 173
f 178 179 172
f 176 178 172
f 172 179 174
f 180 178 176
f 181 182 178
f 180 181 178
f 178 182 179
f 181 184 182
f 183 181 180
f 183 184 181
f 36 49 35
f 35 49 185
f 185 157 35
f 49 187 185
f 186 157 185
f 185 187 186
f 188 160 159
f 189 160 188
f 189 161 160
f 190 161 189
f 42 57 41
f 41 57 54
f 190 162 161
f 191 162 190
f 162 44 42
f 163 44 162
f 191 163 162
f 192 163 191
f 46 193 44
f 44 193 58
f 192 164 163
f 194 164 192
f 165 195 46
f 46 195 193
f 194 166 164
f 196 166 194
f 167 197 165
f 165 197 195
f 167 198 197
f 168 198 167
f 200 202 199
f 203 200 199
f 199 202 201
f 201 203 199
f 204 200 203
f 202 206 201
f 205 203 201
f 201 206 205
f 207 208 200
f 204 207 200
f 200 208 202
f 209 207 204
f 208 210 202
f 202 210 206
f 173 211 207
f 209 173 207
f 207 211 208
f 177 173 209
f 211 212 208
f 208 212 210
f 174 213 173
f 173 213 211
f 179 63 174
f 174 63 213
f 216 215 214
f 217 215 216
f 182 64 179
f 179 64 63
f 217 184 215
f 218 184 217
f 219 220 182
f 184 219 182
f 182 220 64
f 219 222 220
f 221 219 184
f 221 222 219
f 50 224 49
f 49 224 223
f 223 187 49
f 224 226 223
f 225 187 223
f 223 226 225
f 52 227 50
f 50 227 224
f 54 228 52
f 52 228 227
f 229 190 189
f 230 190 229
f 57 231 54
f 54 231 228
f 230 191 190
f 232 191 230
f 58 233 57
f 57 233 231
f 232 192 191
f 234 192 232
f 193 235 58
f 58 235 233
f 234 194 192
f 236 194 234
f 195 237 193
f 193 237 235
f 236 196 194
f 238 196 236
f 197 239 195
f 195 239 237
f 197 240 239
f 198 240 197
f 239 240 237
f 237 240 238
f 213 242 211
f 211 242 241
f 241 212 211
f 242 244 241
f 243 212 241
f 241 244 243
f 243 216 212
f 244 216 243
f 63 65 213
f 213 65 242
f 65 245 242
f 242 245 244
f 244 217 216
f 245 217 244
f 66 246 65
f 65 246 245
f 245 218 217
f 246 218 245
f 220 73 64
f 64 73 66
f 220 247 73
f 222 247 220
f 227 249 224
f 224 249 248
f 248 226 224
f 249 251 248
f 250 226 248
f 248 251 250
f 228 252 227
f 227 252 249
f 252 253 249
f 249 253 251
f 231 254 228
f 228 254 252
f 253 232 230
f 255 232 253
f 233 256 231
f 231 256 254
f 255 234 232
f 257 234 255
f 235 258 233
f 233 258 256
f 257 236 234
f 259 236 257
f 237 260 235
f 235 260 258
f 237 261 260
f 238 261 237
f 260 261 258
f 258 261 259
f 70 246 66
f 73 263 74
f 247 263 73
f 262 246 70
f 254 265 252
f 252 265 264
f 264 253 252
f 265 267 264
f 266 253 264
f 264 267 266
f 256 268 254
f 254 268 265
f 268 269 265
f 265 269 267
f 258 270 256
f 256 270 268
f 258 271 270
f 259 271 258
f 270 271 268
f 268 271 269
f 74 273 70
f 70 273 272
f 272 262 70
f 74 275 273
f 263 275 74
f 274 262 272
f 273 277 272
f 272 277 276
f 276 274 272
f 273 279 277
f 275 279 273
f 277 279 276
f 278 274 276
f 276 279 278
f 281 283 280
f 284 281 280
f 280 283 282
f 282 284 280
f 285 281 284
f 286 284 282
f 287 79 281
f 285 287 281
f 281 79 283
f 288 287 285
f 289 80 287
f 288 289 287
f 287 80 79
f 290 289 288
f 291 84 289
f 290 291 289
f 289 84 80
f 292 291 290
f 293 87 291
f 292 293 291
f 291 87 84
f 294 293 292
f 295 90 293
f 294 295 293
f 293 90 87
f 296 295 294
f 297 93 295
f 296 297 295
f 295 93 90
f 298 297 296
f 299 300 297
f 298 299 297
f 297 300 93
f 301 299 298
f 302 303 299
f 301 302 299
f 299 303 300
f 304 302 301
f 305 306 302
f 304 305 302
f 302 306 303
f 305 308 306
f 307 305 304
f 307 308 305
f 282 311 309
f 312 282 309
f 309 311 310
f 310 312 309
f 286 282 312
f 313 312 310
f 283 98 282
f 282 98 311
f 315 314 286
f 316 314 315
f 79 81 283
f 283 81 98
f 316 317 314
f 318 317 316
f 101 320 81
f 81 320 318
f 318 319 317
f 320 319 318
f 105 322 101
f 101 322 320
f 320 321 319
f 322 321 320
f 108 324 105
f 105 324 322
f 322 323 321
f 324 323 322
f 110 326 108
f 108 326 324
f 324 325 323
f 326 325 324
f 326 327 325
f 328 327 326
f 300 114 93
f 93 114 94
f 328 329 327
f 330 329 328
f 303 117 300
f 300 117 114
f 330 331 329
f 332 331 330
f 306 120 303
f 303 120 117
f 333 334 306
f 308 333 306
f 306 334 120
f 333 336 334
f 335 333 308
f 335 336 333
f 310 339 337
f 340 310 337
f 337 339 338
f 338 340 337
f 313 310 340
f 341 340 338
f 311 124 310
f 310 124 339
f 342 315 313
f 343 315 342
f 98 99 311
f 311 99 124
f 343 316 315
f 344 316 343
f 81 345 102
f 318 345 81
f 102 345 99
f 99 345 344
f 344 318 316
f 345 318 344
f 111 326 110
f 132 347 111
f 346 326 111
f 111 347 346
f 346 328 326
f 347 328 346
f 347 330 328
f 348 330 347
f 348 332 330
f 349 332 348
f 349 350 332
f 351 350 349
f 334 352 120
f 120 352 121
f 334 353 352
f 336 353 334
f 339 355 338
f 338 355 354
f 354 341 338
f 356 341 354
f 124 125 339
f 339 125 355
f 357 343 342
f 358 343 357
f 99 359 126
f 344 359 99
f 358 344 343
f 359 344 358
f 133 347 132
f 145 361 133
f 360 347 133
f 133 361 360
f 360 348 347
f 361 348 360
f 149 362 145
f 145 362 361
f 361 349 348
f 362 349 361
f 136 363 149
f 149 363 362
f 362 351 349
f 363 351 362
f 352 155 121
f 121 155 136
f 364 365 352
f 353 364 352
f 352 365 155
f 364 367 365
f 366 364 353
f 366 367 364
f 355 369 354
f 354 369 368
f 368 356 354
f 370 356 368
f 125 138 355
f 355 138 369
f 371 358 357
f 372 358 371
f 372 359 358
f 373 359 372
f 359 127 126
f 127 375 140
f 374 127 359
f 374 375 127
f 373 374 359
f 375 374 373
f 152 363 136
f 377 363 152
f 377 376 363
f 378 376 377
f 365 379 155
f 155 379 156
f 365 380 379
f 367 380 365
f 369 382 368
f 368 382 381
f 381 370 368
f 383 370 381
f 138 384 369
f 369 384 382
f 385 372 371
f 386 372 385
f 139 157 138
f 138 157 384
f 386 373 372
f 387 373 386
f 140 388 158
f 375 388 140
f 387 375 373
f 388 375 387
f 168 377 152
f 389 377 168
f 389 378 377
f 390 378 389
f 379 391 156
f 156 391 170
f 379 392 391
f 380 392 379
f 391 392 170
f 170 392 390
f 175 177 393
f 394 175 393
f 393 177 209
f 209 394 393
f 395 175 394
f 396 394 209
f 396 395 394
f 397 395 396
f 395 176 175
f 398 176 395
f 398 180 176
f 399 180 398
f 215 401 214
f 214 401 400
f 399 183 180
f 402 183 399
f 184 403 215
f 215 403 401
f 404 221 183
f 402 404 183
f 183 221 184
f 405 404 402
f 406 407 404
f 405 406 404
f 404 407 221
f 408 406 405
f 409 410 406
f 408 409 406
f 406 410 407
f 411 409 408
f 381 412 409
f 411 381 409
f 409 412 410
f 383 381 411
f 382 413 381
f 381 413 412
f 384 414 382
f 382 414 413
f 415 386 385
f 416 386 415
f 157 186 384
f 384 186 414
f 416 387 386
f 417 387 416
f 417 388 387
f 418 388 417
f 388 159 158
f 159 420 188
f 419 159 388
f 419 420 159
f 418 419 388
f 420 419 418
f 421 168 166
f 196 421 166
f 389 168 421
f 422 421 196
f 422 389 421
f 423 389 422
f 170 424 168
f 168 424 198
f 170 425 424
f 390 425 170
f 203 205 426
f 428 203 426
f 426 205 427
f 427 428 426
f 429 203 428
f 205 431 427
f 430 428 427
f 427 431 430
f 429 204 203
f 432 204 429
f 206 433 205
f 205 433 431
f 432 209 204
f 396 209 432
f 210 434 206
f 206 434 433
f 212 435 210
f 210 435 434
f 214 436 216
f 400 436 214
f 216 436 212
f 212 436 435
f 218 403 184
f 438 403 218
f 438 437 403
f 439 437 438
f 407 440 221
f 221 440 222
f 439 441 437
f 442 441 439
f 410 443 407
f 407 443 440
f 442 444 441
f 445 444 442
f 412 446 410
f 410 446 443
f 413 447 412
f 412 447 446
f 449 415 448
f 450 415 449
f 414 451 413
f 413 451 447
f 450 416 415
f 452 416 450
f 186 453 414
f 414 453 451
f 452 417 416
f 454 417 452
f 187 225 186
f 186 225 453
f 454 418 417
f 455 418 454
f 455 420 418
f 456 420 455
f 420 189 188
f 189 458 229
f 457 189 420
f 457 458 189
f 456 457 420
f 458 457 456
f 238 422 196
f 459 422 238
f 459 423 422
f 460 423 459
f 424 461 198
f 198 461 240
f 424 462 461
f 425 462 424
f 246 438 218
f 463 438 246
f 463 439 438
f 464 439 463
f 440 465 222
f 222 465 247
f 464 442 439
f 466 442 464
f 443 467 440
f 440 467 465
f 466 445 442
f 468 445 466
f 446 469 443
f 443 469 467
f 447 470 446
f 446 470 469
f 471 450 449
f 472 450 471
f 451 473 447
f 447 473 470
f 472 452 450
f 474 452 472
f 453 475 451
f 451 475 473
f 475 476 473
f 473 476 474
f 225 477 453
f 453 477 475
f 477 478 475
f 475 478 476
f 226 250 225
f 225 250 477
f 479 458 456
f 480 458 479
f 458 230 229
f 230 482 253
f 481 230 458
f 481 482 230
f 480 481 458
f 482 481 480
f 483 238 236
f 259 483 236
f 459 238 483
f 484 483 259
f 484 459 483
f 485 459 484
f 240 486 238
f 238 486 261
f 486 487 261
f 261 487 485
f 461 488 240
f 240 488 486
f 461 489 488
f 462 489 461
f 488 489 486
f 486 489 487
f 262 463 246
f 490 463 262
f 490 464 463
f 491 464 490
f 465 492 247
f 247 492 263
f 467 493 465
f 465 493 492
f 493 495 492
f 492 495 494
f 469 496 467
f 467 496 493
f 496 497 493
f 493 497 495
f 470 498 469
f 469 498 496
f 498 499 496
f 496 499 497
f 473 500 470
f 470 500 498
f 473 501 500
f 474 501 473
f 500 501 498
f 498 501 499
f 250 503 477
f 477 503 502
f 502 478 477
f 503 505 502
f 504 478 502
f 502 505 504
f 251 506 250
f 250 506 503
f 253 266 251
f 251 266 506
f 507 482 480
f 508 482 507
f 482 255 253
f 509 255 482
f 508 509 482
f 510 509 508
f 509 257 255
f 511 257 509
f 510 511 509
f 512 511 510
f 511 259 257
f 484 259 511
f 512 484 511
f 513 484 512
f 261 514 259
f 259 514 271
f 261 515 514
f 485 515 261
f 274 490 262
f 516 490 274
f 516 491 490
f 517 491 516
f 492 518 263
f 263 518 275
f 492 519 518
f 494 519 492
f 506 521 503
f 503 521 520
f 520 505 503
f 521 523 520
f 522 505 520
f 520 523 522
f 266 524 506
f 506 524 521
f 524 525 521
f 521 525 523
f 267 526 266
f 266 526 524
f 526 527 524
f 524 527 525
f 269 528 267
f 267 528 526
f 528 529 526
f 526 529 527
f 271 530 269
f 269 530 528
f 530 531 528
f 528 531 529
f 514 532 271
f 271 532 530
f 514 533 532
f 515 533 514
f 532 533 530
f 530 533 531
f 278 516 274
f 534 516 278
f 534 517 516
f 535 517 534
f 518 536 275
f 275 536 279
f 518 537 536
f 519 537 518
f 279 539 278
f 278 539 538
f 538 534 278
f 539 541 538
f 540 534 538
f 538 541 540
f 540 535 534
f 541 535 540
f 536 542 279
f 279 542 539
f 536 543 542
f 537 543 536
f 542 545 539
f 539 545 544
f 544 541 539
f 542 547 545
f 543 547 542
f 545 547 544
f 546 541 544
f 544 547 546
f 549 288 548
f 550 549 548
f 548 288 285
f 285 550 548
f 551 549 550
f 552 550 285
f 553 290 549
f 551 553 549
f 549 290 288
f 553 555 290
f 554 553 551
f 554 555 553
f 557 294 556
f 558 557 556
f 556 294 292
f 292 558 556
f 559 557 558
f 560 558 292
f 561 296 557
f 559 561 557
f 557 296 294
f 562 561 559
f 563 298 561
f 562 563 561
f 561 298 296
f 564 563 562
f 565 301 563
f 564 565 563
f 563 301 298
f 565 567 301
f 566 565 564
f 566 567 565
f 569 312 568
f 571 569 568
f 568 312 570
f 570 571 568
f 572 569 571
f 573 571 570
f 284 286 569
f 572 284 569
f 569 286 312
f 574 284 572
f 574 285 284
f 552 285 574
f 314 576 286
f 286 576 575
f 317 577 314
f 314 577 576
f 319 579 317
f 317 579 577
f 577 555 578
f 579 555 577
f 555 292 290
f 560 292 555
f 321 580 319
f 319 580 579
f 323 581 321
f 321 581 580
f 325 584 323
f 323 584 581
f 581 583 582
f 584 583 581
f 327 586 325
f 325 586 584
f 584 585 583
f 586 585 584
f 329 587 327
f 327 587 586
f 586 567 585
f 587 567 586
f 567 304 301
f 588 304 567
f 331 589 329
f 329 589 587
f 588 307 304
f 590 307 588
f 591 335 307
f 590 591 307
f 307 335 308
f 591 593 335
f 592 591 590
f 592 593 591
f 570 340 594
f 596 570 594
f 594 340 595
f 595 596 594
f 573 570 596
f 597 596 595
f 312 313 570
f 570 313 340
f 286 600 315
f 575 600 286
f 315 600 313
f 313 600 599
f 599 575 598
f 600 575 599
f 332 589 331
f 350 603 332
f 602 589 332
f 332 603 602
f 602 601 589
f 603 601 602
f 335 604 336
f 593 604 335
f 340 341 595
f 595 341 605
f 605 597 595
f 606 597 605
f 313 609 342
f 599 609 313
f 608 599 607
f 609 599 608
f 351 603 350
f 610 603 351
f 610 604 603
f 611 604 610
f 612 366 336
f 604 612 336
f 336 366 353
f 612 614 366
f 613 612 604
f 613 614 612
f 341 356 605
f 605 356 615
f 615 606 605
f 616 606 615
f 342 618 357
f 609 618 342
f 617 609 608
f 618 609 617
f 363 610 351
f 376 620 363
f 619 610 363
f 363 620 619
f 619 611 610
f 620 611 619
f 366 621 367
f 614 621 366
f 615 624 622
f 625 615 622
f 622 624 623
f 623 625 622
f 616 615 625
f 626 625 623
f 356 370 615
f 615 370 624
f 627 617 616
f 628 617 627
f 357 629 371
f 618 629 357
f 628 618 617
f 629 618 628
f 378 620 376
f 367 631 380
f 621 631 367
f 630 620 378
f 633 405 632
f 634 633 632
f 632 405 402
f 402 634 632
f 635 633 634
f 636 634 402
f 623 408 633
f 635 623 633
f 633 408 405
f 626 623 635
f 624 411 623
f 623 411 408
f 637 627 626
f 638 627 637
f 370 383 624
f 624 383 411
f 638 628 627
f 639 628 638
f 371 640 385
f 629 640 371
f 639 629 628
f 640 629 639
f 390 630 378
f 380 642 392
f 631 642 380
f 641 630 390
f 643 398 395
f 397 643 395
f 644 398 643
f 645 643 397
f 644 399 398
f 646 399 644
f 401 648 400
f 400 648 647
f 646 402 399
f 636 402 646
f 403 649 401
f 401 649 648
f 437 650 403
f 403 650 649
f 441 652 437
f 437 652 650
f 650 637 651
f 652 637 650
f 444 653 441
f 441 653 652
f 652 638 637
f 653 638 652
f 653 639 638
f 654 639 653
f 385 655 415
f 640 655 385
f 415 655 448
f 448 655 654
f 654 640 639
f 655 640 654
f 656 390 389
f 423 656 389
f 641 390 656
f 657 656 423
f 657 641 656
f 658 641 657
f 392 659 390
f 390 659 425
f 392 660 659
f 642 660 392
f 661 429 428
f 430 661 428
f 662 429 661
f 663 661 430
f 662 432 429
f 664 432 662
f 433 666 431
f 431 666 665
f 664 396 432
f 667 396 664
f 434 668 433
f 433 668 666
f 667 397 396
f 645 397 667
f 435 669 434
f 434 669 668
f 400 670 436
f 647 670 400
f 436 670 435
f 435 670 669
f 445 653 444
f 448 672 449
f 654 672 448
f 671 653 445
f 671 654 653
f 672 654 671
f 460 657 423
f 673 657 460
f 659 674 425
f 425 674 462
f 659 676 674
f 660 676 659
f 674 676 462
f 462 676 675
f 431 678 430
f 430 678 677
f 677 663 430
f 431 680 678
f 665 680 431
f 678 680 677
f 679 663 677
f 677 680 679
f 468 671 445
f 449 682 471
f 672 682 449
f 681 671 468
f 681 672 671
f 682 672 681
f 683 454 452
f 474 683 452
f 684 454 683
f 685 683 474
f 685 684 683
f 686 684 685
f 684 455 454
f 687 455 684
f 686 687 684
f 688 687 686
f 687 456 455
f 456 690 479
f 689 456 687
f 689 690 456
f 688 689 687
f 690 689 688
f 691 460 459
f 485 691 459
f 673 460 691
f 692 691 485
f 692 673 691
f 693 673 692
f 462 694 489
f 675 694 462
f 489 694 487
f 487 694 693
f 695 466 464
f 491 695 464
f 696 466 695
f 697 695 491
f 697 696 695
f 698 696 697
f 696 468 466
f 681 468 696
f 698 681 696
f 699 681 698
f 699 682 681
f 700 682 699
f 682 472 471
f 701 472 682
f 700 701 682
f 702 701 700
f 701 474 472
f 685 474 701
f 702 685 701
f 703 685 702
f 476 704 474
f 474 704 501
f 704 705 501
f 501 705 703
f 478 504 476
f 476 504 704
f 504 706 704
f 704 706 705
f 690 480 479
f 480 709 507
f 707 480 690
f 707 709 480
f 708 707 690
f 709 707 708
f 710 485 484
f 513 710 484
f 692 485 710
f 711 710 513
f 711 692 710
f 712 692 711
f 487 713 485
f 485 713 515
f 487 714 713
f 693 714 487
f 517 697 491
f 715 697 517
f 715 698 697
f 716 698 715
f 495 717 494
f 494 717 519
f 497 718 495
f 495 718 717
f 718 720 717
f 717 720 719
f 499 721 497
f 497 721 718
f 721 722 718
f 718 722 720
f 501 723 499
f 499 723 721
f 501 724 723
f 703 724 501
f 723 724 721
f 721 724 722
f 505 522 504
f 504 522 725
f 725 706 504
f 522 727 725
f 726 706 725
f 725 727 726
f 523 728 522
f 522 728 727
f 709 508 507
f 729 508 709
f 728 729 709
f 730 729 728
f 729 510 508
f 731 510 729
f 730 731 729
f 732 731 730
f 731 512 510
f 733 512 731
f 732 733 731
f 734 733 732
f 733 513 512
f 711 513 733
f 734 711 733
f 735 711 734
f 533 736 531
f 531 736 735
f 713 737 515
f 515 737 533
f 713 738 737
f 714 738 713
f 737 738 533
f 533 738 736
f 535 715 517
f 739 715 535
f 739 716 715
f 740 716 739
f 717 741 519
f 519 741 537
f 717 742 741
f 719 742 717
f 741 742 537
f 537 742 740
f 525 744 523
f 523 744 743
f 743 728 523
f 744 746 743
f 745 728 743
f 743 746 745
f 527 747 525
f 525 747 744
f 747 748 744
f 744 748 746
f 529 749 527
f 527 749 747
f 749 750 747
f 747 750 748
f 531 751 529
f 529 751 749
f 531 752 751
f 735 752 531
f 751 752 749
f 749 752 750
f 541 739 535
f 537 754 543
f 740 754 537
f 753 739 541
f 546 753 541
f 543 756 547
f 754 756 543
f 547 756 546
f 755 753 546
f 546 756 755
f 758 574 757
f 759 758 757
f 757 574 572
f 572 759 757
f 760 758 759
f 761 759 572
f 550 552 758
f 760 550 758
f 758 552 574
f 762 550 760
f 762 551 550
f 763 551 762
f 763 554 551
f 764 554 763
f 555 766 578
f 578 766 765
f 558 560 554
f 764 558 554
f 554 560 555
f 767 558 764
f 767 559 558
f 768 559 767
f 768 562 559
f 769 562 768
f 583 771 582
f 582 771 770
f 769 564 562
f 772 564 769
f 585 773 583
f 583 773 771
f 772 566 564
f 774 566 772
f 567 775 585
f 585 775 773
f 776 588 566
f 774 776 566
f 566 588 567
f 777 776 774
f 778 590 776
f 777 778 776
f 776 590 588
f 779 778 777
f 780 592 778
f 779 780 778
f 778 592 590
f 780 782 592
f 781 780 779
f 781 782 780
f 784 596 783
f 786 784 783
f 783 596 785
f 785 786 783
f 787 784 786
f 788 786 785
f 571 573 784
f 787 571 784
f 784 573 596
f 789 571 787
f 789 572 571
f 761 572 789
f 575 791 598
f 598 791 790
f 576 794 575
f 575 794 791
f 791 793 792
f 794 793 791
f 578 795 577
f 765 795 578
f 577 795 576
f 576 795 794
f 794 765 793
f 795 765 794
f 579 766 555
f 580 798 579
f 797 766 579
f 579 798 797
f 797 796 766
f 798 796 797
f 582 799 581
f 770 799 582
f 581 799 580
f 580 799 798
f 587 775 567
f 589 802 587
f 801 775 587
f 587 802 801
f 801 800 775
f 802 800 801
f 601 804 589
f 589 804 802
f 802 803 800
f 804 803 802
f 592 805 593
f 782 805 592
f 596 597 785
f 785 597 806
f 806 788 785
f 807 788 806
f 810 809 808
f 811 809 810
f 598 812 599
f 790 812 598
f 599 812 607
f 607 812 811
f 811 790 809
f 812 790 811
f 603 804 601
f 604 814 603
f 813 804 603
f 603 814 813
f 813 805 804
f 814 805 813
f 815 613 593
f 805 815 593
f 593 613 604
f 815 817 613
f 816 815 805
f 816 817 815
f 597 606 806
f 806 606 818
f 818 807 806
f 819 807 818
f 607 821 608
f 811 821 607
f 820 811 810
f 821 811 820
f 611 814 604
f 613 823 614
f 817 823 613
f 822 814 611
f 606 616 818
f 818 616 625
f 625 819 818
f 824 819 625
f 608 826 617
f 821 826 608
f 617 826 616
f 616 826 825
f 825 821 820
f 826 821 825
f 620 822 611
f 614 828 621
f 823 828 614
f 827 822 620
f 625 626 829
f 830 625 829
f 829 626 635
f 635 830 829
f 824 625 830
f 831 830 635
f 616 833 627
f 825 833 616
f 627 833 626
f 626 833 832
f 832 825 824
f 833 825 832
f 630 827 620
f 621 835 631
f 828 835 621
f 834 827 630
f 634 636 836
f 837 634 836
f 836 636 646
f 646 837 836
f 838 634 837
f 839 837 646
f 838 635 634
f 831 635 838
f 626 841 637
f 832 841 626
f 637 841 651
f 651 841 840
f 840 832 831
f 841 832 840
f 641 834 630
f 631 843 642
f 835 843 631
f 842 834 641
f 844 644 643
f 645 844 643
f 845 644 844
f 846 844 645
f 845 646 644
f 839 646 845
f 648 848 647
f 647 848 847
f 649 849 648
f 648 849 848
f 651 851 650
f 840 851 651
f 650 851 649
f 649 851 849
f 849 840 850
f 851 840 849
f 658 842 641
f 642 853 660
f 843 853 642
f 852 842 658
f 854 662 661
f 663 854 661
f 855 662 854
f 856 854 663
f 856 855 854
f 857 855 856
f 855 664 662
f 858 664 855
f 858 667 664
f 859 667 858
f 668 861 666
f 666 861 860
f 859 645 667
f 846 645 859
f 669 862 668
f 668 862 861
f 647 863 670
f 847 863 647
f 670 863 669
f 669 863 862
f 864 658 657
f 673 864 657
f 852 658 864
f 865 864 673
f 865 852 864
f 866 852 865
f 660 867 676
f 853 867 660
f 679 856 663
f 680 869 679
f 868 856 679
f 679 869 868
f 666 870 665
f 665 870 680
f 666 871 870
f 860 871 666
f 870 871 680
f 680 871 869
f 693 865 673
f 872 865 693
f 676 873 675
f 675 873 694
f 676 875 873
f 867 875 676
f 873 875 694
f 694 875 874
f 876 686 685
f 703 876 685
f 877 686 876
f 878 876 703
f 878 877 876
f 879 877 878
f 877 688 686
f 880 688 877
f 880 690 688
f 690 882 708
f 881 690 880
f 881 882 690
f 883 693 692
f 712 883 692
f 872 693 883
f 884 883 712
f 694 885 693
f 693 885 714
f 694 887 885
f 874 887 694
f 885 887 714
f 714 887 886
f 888 699 698
f 716 888 698
f 889 699 888
f 890 888 716
f 890 889 888
f 891 889 890
f 889 700 699
f 892 700 889
f 891 892 889
f 893 892 891
f 892 702 700
f 894 702 892
f 722 895 720
f 720 895 893
f 894 703 702
f 878 703 894
f 724 896 722
f 722 896 895
f 705 897 703
f 703 897 724
f 897 898 724
f 724 898 896
f 706 726 705
f 705 726 897
f 726 899 897
f 897 899 898
f 882 709 708
f 709 902 728
f 900 709 882
f 900 902 709
f 901 900 882
f 902 900 901
f 903 712 711
f 735 903 711
f 884 712 903
f 904 903 735
f 714 906 738
f 886 906 714
f 738 906 736
f 736 906 905
f 740 890 716
f 907 890 740
f 720 908 719
f 719 908 742
f 720 910 908
f 893 910 720
f 908 910 742
f 742 910 909
f 727 912 726
f 726 912 911
f 911 899 726
f 912 914 911
f 913 899 911
f 911 914 913
f 728 745 727
f 727 745 912
f 745 915 912
f 912 915 914
f 902 730 728
f 916 730 902
f 746 917 745
f 745 917 915
f 916 732 730
f 918 732 916
f 748 919 746
f 746 919 917
f 918 734 732
f 920 734 918
f 750 921 748
f 748 921 919
f 920 735 734
f 904 735 920
f 752 922 750
f 750 922 921
f 736 923 735
f 735 923 752
f 736 924 923
f 905 924 736
f 923 924 752
f 752 924 922
f 925 740 739
f 753 925 739
f 907 740 925
f 926 925 753
f 926 907 925
f 927 907 926
f 742 928 740
f 740 928 754
f 742 929 928
f 909 929 742
f 928 929 754
f 754 929 927
f 755 926 753
f 754 931 756
f 927 931 754
f 756 931 755
f 930 926 755
f 755 931 930
f 933 935 932
f 936 933 932
f 932 935 934
f 934 936 932
f 937 933 936
f 938 936 934
f 939 940 933
f 937 939 933
f 933 940 935
f 939 942 940
f 941 939 937
f 941 942 939
f 935 763 934
f 934 763 762
f 762 938 934
f 943 938 762
f 940 764 935
f 935 764 763
f 944 767 940
f 942 944 940
f 940 767 764
f 944 946 767
f 945 944 942
f 945 946 944
f 948 789 947
f 949 948 947
f 947 789 787
f 787 949 947
f 950 948 949
f 951 949 787
f 759 761 948
f 950 759 948
f 948 761 789
f 952 759 950
f 952 760 759
f 953 760 952
f 953 762 760
f 943 762 953
f 793 955 792
f 792 955 954
f 765 956 793
f 793 956 955
f 766 959 765
f 765 959 956
f 956 958 957
f 959 958 956
f 796 960 766
f 766 960 959
f 959 946 958
f 960 946 959
f 946 768 767
f 961 768 946
f 961 769 768
f 962 769 961
f 771 964 770
f 770 964 963
f 962 772 769
f 965 772 962
f 773 966 771
f 771 966 964
f 965 774 772
f 967 774 965
f 775 968 773
f 773 968 966
f 967 777 774
f 969 777 967
f 800 970 775
f 775 970 968
f 969 779 777
f 971 779 969
f 803 972 800
f 800 972 970
f 971 781 779
f 781 974 782
f 973 781 971
f 973 974 781
f 975 787 786
f 788 975 786
f 951 787 975
f 976 975 788
f 809 979 808
f 808 979 978
f 978 977 951
f 979 977 978
f 790 981 809
f 809 981 979
f 979 980 977
f 981 980 979
f 792 982 791
f 954 982 792
f 791 982 790
f 790 982 981
f 981 954 980
f 982 954 981
f 798 960 796
f 770 984 799
f 963 984 770
f 799 984 798
f 983 960 798
f 798 984 983
f 983 963 960
f 984 963 983
f 804 972 803
f 782 986 805
f 974 986 782
f 805 986 804
f 985 972 804
f 804 986 985
f 807 976 788
f 808 988 810
f 978 988 808
f 987 976 807
f 986 816 805
f 814 986 805
f 816 991 817
f 989 816 986
f 989 991 816
f 990 986 814
f 819 987 807
f 810 993 820
f 988 993 810
f 992 987 819
f 822 990 814
f 817 995 823
f 991 995 817
f 994 990 822
f 819 824 996
f 997 819 996
f 996 824 830
f 830 997 996
f 992 819 997
f 998 997 830
f 820 1000 825
f 993 1000 820
f 825 1000 824
f 824 1000 999
f 827 994 822
f 823 1002 828
f 995 1002 823
f 1001 994 827
f 830 831 1003
f 1004 830 1003
f 1003 831 838
f 838 1004 1003
f 998 830 1004
f 1005 1004 838
f 824 1007 832
f 999 1007 824
f 832 1007 831
f 831 1007 1006
f 834 1001 827
f 828 1009 835
f 1002 1009 828
f 1008 1001 834
f 1010 838 837
f 839 1010 837
f 1005 838 1010
f 1011 1010 839
f 831 1013 840
f 1006 1013 831
f 840 1013 850
f 850 1013 1012
f 842 1008 834
f 835 1015 843
f 1009 1015 835
f 1014 1008 842
f 1016 845 844
f 846 1016 844
f 1017 845 1016
f 1018 1016 846
f 1018 1017 1016
f 1019 1017 1018
f 1017 839 845
f 1011 839 1017
f 848 1020 847
f 847 1020 1019
f 850 1021 849
f 1012 1021 850
f 849 1021 848
f 848 1021 1020
f 852 1014 842
f 843 1023 853
f 1015 1023 843
f 1022 1014 852
f 1024 858 855
f 857 1024 855
f 1025 858 1024
f 1026 1024 857
f 1026 1025 1024
f 1027 1025 1026
f 1025 859 858
f 1028 859 1025
f 1028 846 859
f 1018 846 1028
f 862 1030 861
f 861 1030 1029
f 847 1031 863
f 1019 1031 847
f 863 1031 862
f 862 1031 1030
f 866 1022 852
f 853 1033 867
f 1023 1033 853
f 1032 1022 866
f 1034 857 856
f 868 1034 856
f 1026 857 1034
f 869 1036 868
f 1035 1034 868
f 868 1036 1035
f 871 1037 869
f 869 1037 1036
f 861 1038 860
f 860 1038 871
f 861 1039 1038
f 1029 1039 861
f 1038 1039 871
f 871 1039 1037
f 1040 866 865
f 872 1040 865
f 1032 866 1040
f 1041 1040 872
f 867 1043 875
f 1033 1043 867
f 875 1043 874
f 874 1043 1042
f 1044 880 877
f 879 1044 877
f 1045 880 1044
f 1046 1044 879
f 1046 1045 1044
f 1047 1045 1046
f 1045 881 880
f 881 1049 882
f 1048 881 1045
f 1048 1049 881
f 1047 1048 1045
f 1049 1048 1047
f 1050 872 883
f 884 1050 883
f 1041 872 1050
f 1051 1050 884
f 1051 1041 1050
f 1052 1041 1051
f 874 1053 887
f 1042 1053 874
f 887 1053 886
f 886 1053 1052
f 1054 894 892
f 893 1054 892
f 1055 894 1054
f 1056 1054 893
f 1056 1055 1054
f 1057 1055 1056
f 1055 878 894
f 1058 878 1055
f 1058 879 878
f 1046 879 1058
f 898 1060 896
f 896 1060 1059
f 899 1061 898
f 898 1061 1060
f 882 1062 901
f 1049 1062 882
f 1063 884 903
f 904 1063 903
f 1051 884 1063
f 1064 1063 904
f 1064 1051 1063
f 1065 1051 1064
f 886 1066 906
f 1052 1066 886
f 906 1066 905
f 905 1066 1065
f 1067 891 890
f 907 1067 890
f 1068 891 1067
f 1069 1067 907
f 1068 893 891
f 1056 893 1068
f 910 1071 909
f 909 1071 1070
f 895 1072 893
f 893 1072 910
f 1072 1073 910
f 910 1073 1071
f 896 1074 895
f 895 1074 1072
f 896 1075 1074
f 1059 1075 896
f 1074 1075 1072
f 1072 1075 1073
f 913 1061 899
f 914 1077 913
f 1076 1061 913
f 913 1077 1076
f 1062 902 901
f 1078 902 1062
f 915 1079 914
f 914 1079 1077
f 1078 916 902
f 1080 916 1078
f 917 1081 915
f 915 1081 1079
f 1080 918 916
f 1082 918 1080
f 919 1083 917
f 917 1083 1081
f 1081 1082 1080
f 1083 1082 1081
f 1082 920 918
f 1084 920 1082
f 921 1085 919
f 919 1085 1083
f 1083 1084 1082
f 1085 1084 1083
f 1084 904 920
f 1064 904 1084
f 922 1086 921
f 921 1086 1085
f 905 1087 924
f 1065 1087 905
f 924 1087 922
f 922 1087 1086
f 927 1069 907
f 909 1089 929
f 1070 1089 909
f 1088 1069 927
f 1090 927 926
f 930 1090 926
f 1088 927 1090
f 1091 1090 930
f 929 1092 927
f 927 1092 931
f 929 1094 1092
f 1089 1094 929
f 1092 1094 931
f 931 1094 1093
f 931 1096 930
f 930 1096 1095
f 1095 1091 930
f 931 1098 1096
f 1093 1098 931
f 1096 1098 1095
f 1097 1091 1095
f 1095 1098 1097
f 1099 937 936
f 938 1099 936
f 1100 937 1099
f 1101 1099 938
f 1100 941 937
f 941 1103 942
f 1102 941 1100
f 1102 1103 941
f 938 943 1104
f 1105 938 1104
f 1104 943 953
f 953 1105 1104
f 1101 938 1105
f 1106 1105 953
f 1106 1101 1105
f 1107 1101 1106
f 958 1109 957
f 957 1109 1108
f 1103 945 942
f 1110 945 1103
f 946 1111 958
f 958 1111 1109
f 1112 961 945
f 1110 1112 945
f 945 961 946
f 1113 1112 1110
f 1114 962 1112
f 1113 1114 1112
f 1112 962 961
f 1114 1117 962
f 1115 1114 1113
f 1115 1117 1114
f 1116 1115 1113
f 1117 1115 1116
f 1118 950 949
f 951 1118 949
f 1119 950 1118
f 977 1121 951
f 1120 1118 951
f 951 1121 1120
f 1119 952 950
f 1122 952 1119
f 980 1123 977
f 977 1123 1121
f 1122 953 952
f 1106 953 1122
f 954 1124 980
f 980 1124 1123
f 955 1125 954
f 954 1125 1124
f 957 1126 956
f 1108 1126 957
f 956 1126 955
f 955 1126 1125
f 960 1111 946
f 963 1128 960
f 1127 1111 960
f 960 1128 1127
f 964 1129 963
f 963 1129 1128
f 1117 965 962
f 1130 965 1117
f 966 1131 964
f 964 1131 1129
f 1130 967 965
f 1132 967 1130
f 968 1133 966
f 966 1133 1131
f 1132 969 967
f 1134 969 1132
f 970 1135 968
f 968 1135 1133
f 1134 971 969
f 1136 971 1134
f 972 1137 970
f 970 1137 1135
f 1136 973 971
f 973 1139 974
f 1138 973 1136
f 1138 1139 973
f 1140 951 975
f 976 1140 975
f 951 1142 978
f 1120 951 1140
f 1120 1142 951
f 1141 1140 976
f 985 1137 972
f 986 1144 985
f 1143 1137 985
f 985 1144 1143
f 1145 989 974
f 1139 1145 974
f 974 989 986
f 1145 1147 989
f 1146 1145 1139
f 1146 1147 1145
f 987 1141 976
f 978 1149 988
f 1142 1149 978
f 1148 1141 987
f 990 1144 986
f 989 1151 991
f 1147 1151 989
f 1150 1144 990
f 992 1148 987
f 988 1153 993
f 1149 1153 988
f 1152 1148 992
f 994 1150 990
f 991 1155 995
f 1151 1155 991
f 1154 1150 994
f 1156 992 997
f 998 1156 997
f 1152 992 1156
f 1157 1156 998
f 993 1159 1000
f 1153 1159 993
f 1000 1159 999
f 999 1159 1158
f 1001 1154 994
f 995 1161 1002
f 1155 1161 995
f 1160 1154 1001
f 1162 998 1004
f 1005 1162 1004
f 1157 998 1162
f 1163 1162 1005
f 999 1165 1007
f 1158 1165 999
f 1007 1165 1006
f 1006 1165 1164
f 1008 1160 1001
f 1002 1167 1009
f 1161 1167 1002
f 1166 1160 1008
f 1168 1005 1010
f 1011 1168 1010
f 1163 1005 1168
f 1169 1168 1011
f 1006 1171 1013
f 1164 1171 1006
f 1013 1171 1012
f 1012 1171 1170
f 1014 1166 1008
f 1172 1166 1014
f 1173 1174 1009
f 1167 1173 1009
f 1009 1174 1015
f 1173 1177 1174
f 1175 1173 1167
f 1175 1177 1173
f 1174 1177 1015
f 1015 1177 1176
f 1178 1011 1017
f 1019 1178 1017
f 1169 1011 1178
f 1179 1178 1019
f 1012 1181 1021
f 1170 1181 1012
f 1021 1181 1020
f 1020 1181 1180
f 1022 1172 1014
f 1015 1183 1023
f 1176 1183 1015
f 1182 1172 1022
f 1184 1028 1025
f 1027 1184 1025
f 1185 1028 1184
f 1186 1184 1027
f 1186 1185 1184
f 1187 1185 1186
f 1185 1018 1028
f 1188 1018 1185
f 1188 1019 1018
f 1179 1019 1188
f 1031 1190 1030
f 1030 1190 1189
f 1020 1191 1019
f 1019 1191 1031
f 1020 1192 1191
f 1180 1192 1020
f 1191 1192 1031
f 1031 1192 1190
f 1032 1182 1022
f 1023 1194 1033
f 1183 1194 1023
f 1193 1182 1032
f 1195 1026 1034
f 1035 1195 1034
f 1196 1026 1195
f 1197 1195 1035
f 1196 1027 1026
f 1186 1027 1196
f 1037 1199 1036
f 1036 1199 1198
f 1039 1200 1037
f 1037 1200 1199
f 1030 1201 1029
f 1029 1201 1039
f 1030 1202 1201
f 1189 1202 1030
f 1201 1202 1039
f 1039 1202 1200
f 1203 1032 1040
f 1041 1203 1040
f 1193 1032 1203
f 1204 1203 1041
f 1033 1206 1043
f 1194 1206 1033
f 1043 1206 1042
f 1042 1206 1205
f 1036 1208 1035
f 1035 1208 1207
f 1207 1197 1035
f 1036 1210 1208
f 1198 1210 1036
f 1208 1210 1207
f 1209 1197 1207
f 1207 1210 1209
f 1052 1204 1041
f 1042 1212 1053
f 1205 1212 1042
f 1211 1204 1052
f 1213 1058 1055
f 1057 1213 1055
f 1214 1058 1213
f 1215 1213 1057
f 1214 1046 1058
f 1216 1046 1214
f 1060 1218 1059
f 1059 1218 1217
f 1216 1047 1046
f 1219 1047 1216
f 1061 1220 1060
f 1060 1220 1218
f 1219 1049 1047
f 1049 1222 1062
f 1221 1049 1219
f 1221 1222 1049
f 1223 1052 1051
f 1065 1223 1051
f 1211 1052 1223
f 1224 1223 1065
f 1053 1225 1052
f 1052 1225 1066
f 1053 1227 1225
f 1212 1227 1053
f 1225 1227 1066
f 1066 1227 1226
f 1228 1068 1067
f 1069 1228 1067
f 1229 1068 1228
f 1230 1228 1069
f 1229 1056 1068
f 1231 1056 1229
f 1071 1233 1070
f 1070 1233 1232
f 1231 1057 1056
f 1215 1057 1231
f 1073 1234 1071
f 1071 1234 1233
f 1059 1235 1075
f 1217 1235 1059
f 1075 1235 1073
f 1073 1235 1234
f 1076 1220 1061
f 1077 1237 1076
f 1236 1220 1076
f 1076 1237 1236
f 1222 1078 1062
f 1238 1078 1222
f 1079 1239 1077
f 1077 1239 1237
f 1238 1080 1078
f 1080 1241 1081
f 1240 1080 1238
f 1240 1241 1080
f 1242 1064 1084
f 1085 1242 1084
f 1243 1064 1242
f 1086 1245 1085
f 1244 1242 1085
f 1085 1245 1244
f 1243 1065 1064
f 1224 1065 1243
f 1087 1246 1086
f 1086 1246 1245
f 1066 1247 1065
f 1065 1247 1087
f 1066 1248 1247
f 1226 1248 1066
f 1247 1248 1087
f 1087 1248 1246
f 1088 1230 1069
f 1070 1250 1089
f 1232 1250 1070
f 1249 1230 1088
f 1081 1252 1079
f 1079 1252 1251
f 1251 1239 1079
f 1252 1254 1251
f 1253 1239 1251
f 1251 1254 1253
f 1083 1255 1081
f 1241 1083 1081
f 1081 1255 1252
f 1256 1083 1241
f 1255 1257 1252
f 1252 1257 1254
f 1085 1258 1083
f 1256 1085 1083
f 1083 1258 1255
f 1085 1259 1258
f 1244 1085 1256
f 1244 1259 1085
f 1258 1259 1255
f 1255 1259 1257
f 1260 1088 1090
f 1091 1260 1090
f 1249 1088 1260
f 1261 1260 1091
f 1089 1263 1094
f 1250 1263 1089
f 1094 1263 1093
f 1093 1263 1262
f 1097 1261 1091
f 1093 1265 1098
f 1262 1265 1093
f 1098 1265 1097
f 1264 1261 1097
f 1097 1265 1264
f 1266 1100 1099
f 1101 1266 1099
f 1267 1100 1266
f 1268 1266 1101
f 1268 1267 1266
f 1269 1267 1268
f 1267 1102 1100
f 1102 1271 1103
f 1270 1102 1267
f 1270 1271 1102
f 1269 1270 1267
f 1271 1270 1269
f 1107 1268 1101
f 1272 1268 1107
f 1272 1269 1268
f 1273 1269 1272
f 1273 1271 1269
f 1274 1271 1273
f 1271 1110 1103
f 1275 1110 1271
f 1274 1275 1271
f 1276 1275 1274
f 1275 1113 1110
f 1113 1278 1116
f 1277 1113 1275
f 1277 1278 1113
f 1276 1277 1275
f 1278 1277 1276
f 1118 1120 1279
f 1280 1118 1279
f 1279 1120 1140
f 1140 1280 1279
f 1281 1118 1280
f 1282 1280 1140
f 1282 1281 1280
f 1283 1281 1282
f 1281 1119 1118
f 1284 1119 1281
f 1283 1284 1281
f 1285 1284 1283
f 1284 1122 1119
f 1286 1122 1284
f 1285 1286 1284
f 1287 1286 1285
f 1286 1106 1122
f 1288 1106 1286
f 1288 1107 1106
f 1272 1107 1288
f 1125 1290 1124
f 1124 1290 1289
f 1126 1291 1125
f 1125 1291 1290
f 1109 1292 1108
f 1108 1292 1126
f 1292 1293 1126
f 1126 1293 1291
f 1111 1127 1109
f 1109 1127 1292
f 1127 1294 1292
f 1292 1294 1293
f 1128 1295 1127
f 1127 1295 1294
f 1278 1117 1116
f 1296 1117 1278
f 1129 1297 1128
f 1128 1297 1295
f 1296 1130 1117
f 1298 1130 1296
f 1131 1299 1129
f 1129 1299 1297
f 1298 1132 1130
f 1300 1132 1298
f 1133 1301 1131
f 1131 1301 1299
f 1300 1134 1132
f 1302 1134 1300
f 1135 1303 1133
f 1133 1303 1301
f 1302 1136 1134
f 1304 1136 1302
f 1137 1305 1135
f 1135 1305 1303
f 1304 1138 1136
f 1138 1307 1139
f 1306 1138 1304
f 1306 1307 1138
f 1141 1282 1140
f 1308 1282 1141
f 1121 1309 1120
f 1120 1309 1142
f 1309 1311 1142
f 1142 1311 1310
f 1123 1312 1121
f 1121 1312 1309
f 1312 1313 1309
f 1309 1313 1311
f 1124 1314 1123
f 1123 1314 1312
f 1124 1315 1314
f 1289 1315 1124
f 1314 1315 1312
f 1312 1315 1313
f 1143 1305 1137
f 1144 1317 1143
f 1316 1305 1143
f 1143 1317 1316
f 1307 1146 1139
f 1146 1319 1147
f 1318 1146 1307
f 1318 1319 1146
f 1317 1318 1307
f 1319 1318 1317
f 1148 1308 1141
f 1142 1321 1149
f 1310 1321 1142
f 1320 1308 1148
f 1150 1317 1144
f 1147 1323 1151
f 1319 1323 1147
f 1322 1317 1150
f 1152 1320 1148
f 1149 1325 1153
f 1321 1325 1149
f 1324 1320 1152
f 1154 1322 1150
f 1151 1327 1155
f 1323 1327 1151
f 1326 1322 1154
f 1328 1152 1156
f 1157 1328 1156
f 1324 1152 1328
f 1329 1328 1157
f 1153 1331 1159
f 1325 1331 1153
f 1159 1331 1158
f 1158 1331 1330
f 1160 1326 1154
f 1155 1333 1161
f 1327 1333 1155
f 1332 1326 1160
f 1334 1157 1162
f 1163 1334 1162
f 1329 1157 1334
f 1335 1334 1163
f 1158 1337 1165
f 1330 1337 1158
f 1165 1337 1164
f 1164 1337 1336
f 1166 1332 1160
f 1161 1339 1167
f 1333 1339 1161
f 1338 1332 1166
f 1340 1163 1168
f 1169 1340 1168
f 1335 1163 1340
f 1341 1340 1169
f 1164 1343 1171
f 1336 1343 1164
f 1171 1343 1170
f 1170 1343 1342
f 1172 1338 1166
f 1344 1338 1172
f 1339 1175 1167
f 1175 1347 1177
f 1345 1175 1339
f 1345 1347 1175
f 1177 1347 1176
f 1176 1347 1346
f 1346 1345 1339
f 1347 1345 1346
f 1348 1169 1178
f 1179 1348 1178
f 1341 1169 1348
f 1349 1348 1179
f 1349 1341 1348
f 1350 1341 1349
f 1170 1351 1181
f 1342 1351 1170
f 1181 1351 1180
f 1180 1351 1350
f 1182 1344 1172
f 1176 1353 1183
f 1346 1353 1176
f 1352 1344 1182
f 1354 1188 1185
f 1187 1354 1185
f 1355 1188 1354
f 1356 1354 1187
f 1356 1355 1354
f 1357 1355 1356
f 1355 1179 1188
f 1349 1179 1355
f 1180 1359 1192
f 1350 1359 1180
f 1192 1359 1190
f 1190 1359 1358
f 1193 1352 1182
f 1183 1361 1194
f 1353 1361 1183
f 1360 1352 1193
f 1362 1196 1195
f 1197 1362 1195
f 1363 1196 1362
f 1364 1362 1197
f 1364 1363 1362
f 1365 1363 1364
f 1363 1186 1196
f 1366 1186 1363
f 1366 1187 1186
f 1356 1187 1366
f 1200 1368 1199
f 1199 1368 1367
f 1202 1369 1200
f 1200 1369 1368
f 1190 1370 1189
f 1189 1370 1202
f 1190 1371 1370
f 1358 1371 1190
f 1370 1371 1202
f 1202 1371 1369
f 1372 1193 1203
f 1204 1372 1203
f 1360 1193 1372
f 1373 1372 1204
f 1194 1375 1206
f 1361 1375 1194
f 1206 1375 1205
f 1205 1375 1374
f 1209 1364 1197
f 1210 1377 1209
f 1376 1364 1209
f 1209 1377 1376
f 1199 1378 1198
f 1198 1378 1210
f 1199 1379 1378
f 1367 1379 1199
f 1378 1379 1210
f 1210 1379 1377
f 1211 1373 1204
f 1205 1381 1212
f 1374 1381 1205
f 1380 1373 1211
f 1382 1214 1213
f 1215 1382 1213
f 1383 1214 1382
f 1384 1382 1215
f 1383 1216 1214
f 1385 1216 1383
f 1218 1387 1217
f 1217 1387 1386
f 1385 1219 1216
f 1388 1219 1385
f 1220 1389 1218
f 1218 1389 1387
f 1388 1221 1219
f 1221 1391 1222
f 1390 1221 1388
f 1390 1391 1221
f 1392 1211 1223
f 1224 1392 1223
f 1380 1211 1392
f 1393 1392 1224
f 1212 1395 1227
f 1381 1395 1212
f 1227 1395 1226
f 1226 1395 1394
f 1394 1381 1380
f 1395 1381 1394
f 1228 1230 1396
f 1398 1228 1396
f 1396 1230 1397
f 1397 1398 1396
f 1399 1228 1398
f 1400 1398 1397
f 1399 1229 1228
f 1401 1229 1399
f 1401 1231 1229
f 1402 1231 1401
f 1233 1404 1232
f 1232 1404 1403
f 1402 1215 1231
f 1384 1215 1402
f 1234 1405 1233
f 1233 1405 1404
f 1217 1406 1235
f 1386 1406 1217
f 1235 1406 1234
f 1234 1406 1405
f 1405 1386 1384
f 1406 1386 1405
f 1236 1389 1220
f 1237 1408 1236
f 1407 1389 1236
f 1236 1408 1407
f 1391 1238 1222
f 1409 1238 1391
f 1239 1410 1237
f 1237 1410 1408
f 1409 1240 1238
f 1411 1240 1409
f 1412 1256 1240
f 1411 1412 1240
f 1240 1256 1241
f 1413 1412 1411
f 1242 1244 1412
f 1413 1242 1412
f 1412 1244 1256
f 1414 1242 1413
f 1414 1243 1242
f 1415 1243 1414
f 1245 1417 1244
f 1244 1417 1416
f 1415 1224 1243
f 1393 1224 1415
f 1246 1418 1245
f 1245 1418 1417
f 1226 1419 1248
f 1394 1419 1226
f 1248 1419 1246
f 1246 1419 1418
f 1418 1394 1393
f 1419 1394 1418
f 1230 1249 1397
f 1397 1249 1260
f 1260 1400 1397
f 1420 1400 1260
f 1232 1423 1250
f 1403 1423 1232
f 1422 1403 1421
f 1423 1403 1422
f 1253 1410 1239
f 1254 1426 1253
f 1425 1410 1253
f 1253 1426 1425
f 1425 1424 1410
f 1426 1424 1425
f 1257 1428 1254
f 1254 1428 1426
f 1426 1427 1424
f 1428 1427 1426
f 1244 1429 1259
f 1416 1429 1244
f 1259 1429 1257
f 1257 1429 1428
f 1428 1416 1427
f 1429 1416 1428
f 1261 1420 1260
f 1430 1420 1261
f 1250 1432 1263
f 1423 1432 1250
f 1263 1432 1262
f 1262 1432 1431
f 1431 1423 1422
f 1432 1423 1431
f 1264 1430 1261
f 1262 1434 1265
f 1431 1434 1262
f 1265 1434 1264
f 1433 1430 1264
f 1264 1434 1433
f 1435 1288 1286
f 1287 1435 1286
f 1436 1288 1435
f 1437 1435 1287
f 1437 1436 1435
f 1438 1436 1437
f 1436 1272 1288
f 1439 1272 1436
f 1438 1439 1436
f 1440 1439 1438
f 1439 1273 1272
f 1441 1273 1439
f 1441 1274 1273
f 1442 1274 1441
f 1293 1444 1291
f 1291 1444 1443
f 1442 1276 1274
f 1445 1276 1442
f 1294 1446 1293
f 1293 1446 1444
f 1445 1278 1276
f 1447 1278 1445
f 1447 1296 1278
f 1448 1296 1447
f 1297 1450 1295
f 1295 1450 1449
f 1448 1298 1296
f 1451 1298 1448
f 1299 1452 1297
f 1297 1452 1450
f 1451 1300 1298
f 1453 1300 1451
f 1301 1454 1299
f 1299 1454 1452
f 1453 1302 1300
f 1455 1302 1453
f 1303 1456 1301
f 1301 1456 1454
f 1455 1304 1302
f 1457 1304 1455
f 1456 1457 1455
f 1458 1457 1456
f 1457 1306 1304
f 1306 1460 1307
f 1459 1306 1457
f 1459 1460 1306
f 1458 1459 1457
f 1460 1459 1458
f 1461 1283 1282
f 1308 1461 1282
f 1462 1283 1461
f 1463 1461 1308
f 1463 1462 1461
f 1464 1462 1463
f 1462 1285 1283
f 1465 1285 1462
f 1464 1465 1462
f 1466 1465 1464
f 1465 1287 1285
f 1437 1287 1465
f 1313 1467 1311
f 1311 1467 1466
f 1315 1468 1313
f 1313 1468 1467
f 1290 1469 1289
f 1289 1469 1315
f 1469 1470 1315
f 1315 1470 1468
f 1291 1471 1290
f 1290 1471 1469
f 1291 1472 1471
f 1443 1472 1291
f 1471 1472 1469
f 1469 1472 1470
f 1295 1474 1294
f 1294 1474 1473
f 1473 1446 1294
f 1295 1476 1474
f 1449 1476 1295
f 1474 1476 1473
f 1475 1446 1473
f 1473 1476 1475
f 1305 1316 1303
f 1303 1316 1477
f 1477 1456 1303
f 1316 1479 1477
f 1478 1456 1477
f 1477 1479 1478
f 1307 1480 1317
f 1460 1480 1307
f 1320 1463 1308
f 1481 1463 1320
f 1481 1464 1463
f 1482 1464 1481
f 1311 1483 1310
f 1310 1483 1321
f 1311 1484 1483
f 1466 1484 1311
f 1317 1322 1316
f 1316 1322 1485
f 1485 1479 1316
f 1322 1487 1485
f 1486 1479 1485
f 1485 1487 1486
f 1480 1319 1317
f 1319 1489 1323
f 1488 1319 1480
f 1488 1489 1319
f 1324 1481 1320
f 1490 1481 1324
f 1490 1482 1481
f 1491 1482 1490
f 1483 1492 1321
f 1321 1492 1325
f 1483 1493 1492
f 1484 1493 1483
f 1326 1487 1322
f 1323 1495 1327
f 1489 1495 1323
f 1494 1487 1326
f 1496 1324 1328
f 1329 1496 1328
f 1490 1324 1496
f 1497 1496 1329
f 1497 1490 1496
f 1498 1490 1497
f 1492 1499 1325
f 1325 1499 1331
f 1492 1501 1499
f 1493 1501 1492
f 1499 1501 1331
f 1331 1501 1500
f 1332 1494 1326
f 1327 1503 1333
f 1495 1503 1327
f 1502 1494 1332
f 1504 1329 1334
f 1335 1504 1334
f 1497 1329 1504
f 1505 1504 1335
f 1505 1497 1504
f 1506 1497 1505
f 1331 1507 1330
f 1330 1507 1337
f 1331 1509 1507
f 1500 1509 1331
f 1507 1509 1337
f 1337 1509 1508
f 1338 1502 1332
f 1333 1511 1339
f 1503 1511 1333
f 1510 1502 1338
f 1512 1335 1340
f 1341 1512 1340
f 1505 1335 1512
f 1513 1512 1341
f 1513 1505 1512
f 1514 1505 1513
f 1337 1515 1336
f 1336 1515 1343
f 1337 1517 1515
f 1508 1517 1337
f 1515 1517 1343
f 1343 1517 1516
f 1344 1510 1338
f 1339 1519 1346
f 1511 1519 1339
f 1518 1510 1344
f 1350 1513 1341
f 1520 1513 1350
f 1520 1514 1513
f 1521 1514 1520
f 1343 1522 1342
f 1342 1522 1351
f 1343 1523 1522
f 1516 1523 1343
f 1352 1518 1344
f 1346 1525 1353
f 1519 1525 1346
f 1524 1518 1352
f 1526 1349 1355
f 1357 1526 1355
f 1527 1349 1526
f 1528 1526 1357
f 1528 1527 1526
f 1529 1527 1528
f 1527 1350 1349
f 1520 1350 1527
f 1529 1520 1527
f 1530 1520 1529
f 1351 1531 1350
f 1350 1531 1359
f 1522 1532 1351
f 1351 1532 1531
f 1522 1534 1532
f 1523 1534 1522
f 1532 1534 1531
f 1531 1534 1533
f 1360 1524 1352
f 1353 1536 1361
f 1525 1536 1353
f 1535 1524 1360
f 1537 1366 1363
f 1365 1537 1363
f 1538 1366 1537
f 1539 1537 1365
f 1539 1538 1537
f 1540 1538 1539
f 1538 1356 1366
f 1541 1356 1538
f 1540 1541 1538
f 1542 1541 1540
f 1541 1357 1356
f 1528 1357 1541
f 1371 1544 1369
f 1369 1544 1543
f 1359 1545 1358
f 1358 1545 1371
f 1545 1546 1371
f 1371 1546 1544
f 1531 1547 1359
f 1359 1547 1545
f 1531 1548 1547
f 1533 1548 1531
f 1547 1548 1545
f 1545 1548 1546
f 1549 1360 1372
f 1373 1549 1372
f 1535 1360 1549
f 1550 1549 1373
f 1361 1552 1375
f 1536 1552 1361
f 1375 1552 1374
f 1374 1552 1551
f 1551 1536 1535
f 1552 1536 1551
f 1553 1365 1364
f 1376 1553 1364
f 1539 1365 1553
f 1377 1555 1376
f 1554 1553 1376
f 1376 1555 1554
f 1554 1539 1553
f 1555 1539 1554
f 1379 1556 1377
f 1377 1556 1555
f 1368 1557 1367
f 1367 1557 1379
f 1557 1558 1379
f 1379 1558 1556
f 1369 1559 1368
f 1368 1559 1557
f 1369 1560 1559
f 1543 1560 1369
f 1559 1560 1557
f 1557 1560 1558
f 1562 1388 1561
f 1563 1562 1561
f 1561 1388 1385
f 1385 1563 1561
f 1564 1562 1563
f 1565 1563 1385
f 1566 1390 1562
f 1564 1566 1562
f 1562 1390 1388
f 1566 1568 1390
f 1567 1566 1564
f 1567 1568 1566
f 1373 1380 1569
f 1570 1373 1569
f 1569 1380 1392
f 1392 1570 1569
f 1550 1373 1570
f 1571 1570 1392
f 1374 1573 1381
f 1551 1573 1374
f 1381 1573 1380
f 1380 1573 1572
f 1575 1401 1574
f 1576 1575 1574
f 1574 1401 1399
f 1399 1576 1574
f 1577 1575 1576
f 1578 1576 1399
f 1579 1402 1575
f 1577 1579 1575
f 1575 1402 1401
f 1580 1579 1577
f 1382 1384 1579
f 1580 1382 1579
f 1579 1384 1402
f 1581 1382 1580
f 1581 1383 1382
f 1582 1383 1581
f 1386 1584 1384
f 1384 1584 1583
f 1582 1385 1383
f 1565 1385 1582
f 1387 1585 1386
f 1386 1585 1584
f 1389 1587 1387
f 1387 1587 1585
f 1585 1586 1565
f 1587 1586 1585
f 1588 1409 1390
f 1568 1588 1390
f 1390 1409 1391
f 1588 1590 1409
f 1589 1588 1568
f 1589 1590 1588
f 1392 1393 1591
f 1592 1392 1591
f 1591 1393 1415
f 1415 1592 1591
f 1571 1392 1592
f 1593 1592 1415
f 1380 1595 1394
f 1572 1595 1380
f 1394 1595 1393
f 1393 1595 1594
f 1596 1399 1398
f 1400 1596 1398
f 1578 1399 1596
f 1597 1596 1400
f 1403 1600 1421
f 1421 1600 1599
f 1599 1598 1578
f 1600 1598 1599
f 1404 1602 1403
f 1403 1602 1600
f 1600 1601 1598
f 1602 1601 1600
f 1384 1603 1405
f 1583 1603 1384
f 1405 1603 1404
f 1404 1603 1602
f 1602 1583 1601
f 1603 1583 1602
f 1407 1587 1389
f 1408 1606 1407
f 1605 1587 1407
f 1407 1606 1605
f 1605 1604 1587
f 1606 1604 1605
f 1410 1607 1408
f 1408 1607 1606
f 1590 1411 1409
f 1608 1411 1590
f 1424 1609 1410
f 1410 1609 1607
f 1608 1413 1411
f 1610 1413 1608
f 1427 1611 1424
f 1424 1611 1609
f 1610 1414 1413
f 1612 1414 1610
f 1416 1613 1427
f 1427 1613 1611
f 1612 1415 1414
f 1593 1415 1612
f 1417 1614 1416
f 1416 1614 1613
f 1393 1615 1418
f 1594 1615 1393
f 1418 1615 1417
f 1417 1615 1614
f 1420 1597 1400
f 1421 1617 1422
f 1599 1617 1421
f 1616 1597 1420
f 1430 1616 1420
f 1422 1619 1431
f 1617 1619 1422
f 1618 1616 1430
f 1430 1433 1620
f 1622 1430 1620
f 1620 1433 1621
f 1621 1622 1620
f 1618 1430 1622
f 1623 1622 1621
f 1431 1625 1434
f 1619 1625 1431
f 1434 1625 1433
f 1433 1625 1624
f 1624 1619 1618
f 1625 1619 1624
f 1433 1627 1621
f 1621 1627 1626
f 1626 1623 1621
f 1433 1629 1627
f 1624 1629 1433
f 1627 1629 1626
f 1628 1623 1626
f 1626 1629 1628
f 1628 1624 1623
f 1629 1624 1628
f 1630 1441 1439
f 1440 1630 1439
f 1631 1441 1630
f 1632 1630 1440
f 1632 1631 1630
f 1633 1631 1632
f 1631 1442 1441
f 1634 1442 1631
f 1633 1634 1631
f 1635 1634 1633
f 1634 1445 1442
f 1636 1445 1634
f 1635 1636 1634
f 1637 1636 1635
f 1636 1447 1445
f 1638 1447 1636
f 1637 1638 1636
f 1639 1638 1637
f 1638 1448 1447
f 1640 1448 1638
f 1639 1640 1638
f 1641 1640 1639
f 1640 1451 1448
f 1642 1451 1640
f 1641 1642 1640
f 1643 1642 1641
f 1642 1453 1451
f 1644 1453 1642
f 1643 1644 1642
f 1645 1644 1643
f 1644 1455 1453
f 1455 1647 1456
f 1646 1455 1644
f 1646 1647 1455
f 1645 1646 1644
f 1647 1646 1645
f 1648 1437 1465
f 1466 1648 1465
f 1649 1437 1648
f 1650 1648 1466
f 1650 1649 1648
f 1651 1649 1650
f 1649 1438 1437
f 1652 1438 1649
f 1652 1440 1438
f 1632 1440 1652
f 1470 1654 1468
f 1468 1654 1653
f 1472 1655 1470
f 1470 1655 1654
f 1444 1656 1443
f 1443 1656 1472
f 1656 1657 1472
f 1472 1657 1655
f 1446 1475 1444
f 1444 1475 1656
f 1475 1658 1656
f 1656 1658 1657
f 1476 1659 1475
f 1475 1659 1658
f 1450 1660 1449
f 1449 1660 1476
f 1660 1661 1476
f 1476 1661 1659
f 1452 1662 1450
f 1450 1662 1660
f 1662 1663 1660
f 1660 1663 1661
f 1454 1664 1452
f 1452 1664 1662
f 1664 1665 1662
f 1662 1665 1663
f 1456 1478 1454
f 1454 1478 1664
f 1478 1666 1664
f 1664 1666 1665
f 1647 1458 1456
f 1667 1458 1647
f 1479 1668 1478
f 1478 1668 1666
f 1667 1460 1458
f 1460 1670 1480
f 1669 1460 1667
f 1669 1670 1460
f 1668 1669 1667
f 1670 1669 1668
f 1671 1466 1464
f 1482 1671 1464
f 1650 1466 1671
f 1672 1671 1482
f 1672 1650 1671
f 1673 1650 1672
f 1467 1674 1466
f 1466 1674 1484
f 1468 1675 1467
f 1467 1675 1674
f 1468 1677 1675
f 1653 1677 1468
f 1675 1677 1674
f 1674 1677 1676
f 1486 1668 1479
f 1678 1668 1486
f 1670 1488 1480
f 1488 1681 1489
f 1679 1488 1670
f 1679 1681 1488
f 1680 1679 1670
f 1681 1679 1680
f 1491 1672 1482
f 1682 1672 1491
f 1674 1683 1484
f 1484 1683 1493
f 1674 1685 1683
f 1676 1685 1674
f 1683 1685 1493
f 1493 1685 1684
f 1487 1494 1486
f 1486 1494 1686
f 1686 1678 1486
f 1494 1688 1686
f 1687 1678 1686
f 1686 1688 1687
f 1489 1689 1495
f 1681 1689 1489
f 1688 1681 1680
f 1689 1681 1688
f 1690 1491 1490
f 1498 1690 1490
f 1682 1491 1690
f 1691 1690 1498
f 1691 1682 1690
f 1692 1682 1691
f 1493 1693 1501
f 1684 1693 1493
f 1502 1688 1494
f 1495 1695 1503
f 1689 1695 1495
f 1694 1688 1502
f 1696 1498 1497
f 1506 1696 1497
f 1691 1498 1696
f 1697 1696 1506
f 1697 1691 1696
f 1698 1691 1697
f 1698 1692 1691
f 1699 1692 1698
f 1501 1700 1500
f 1500 1700 1509
f 1501 1701 1700
f 1693 1701 1501
f 1510 1694 1502
f 1503 1703 1511
f 1695 1703 1503
f 1702 1694 1510
f 1704 1506 1505
f 1514 1704 1505
f 1697 1506 1704
f 1705 1704 1514
f 1705 1697 1704
f 1706 1697 1705
f 1706 1698 1697
f 1707 1698 1706
f 1509 1708 1508
f 1508 1708 1517
f 1707 1699 1698
f 1709 1699 1707
f 1700 1710 1509
f 1509 1710 1708
f 1700 1711 1710
f 1701 1711 1700
f 1710 1711 1708
f 1708 1711 1709
f 1518 1702 1510
f 1511 1713 1519
f 1703 1713 1511
f 1712 1702 1518
f 1521 1705 1514
f 1714 1705 1521
f 1714 1706 1705
f 1715 1706 1714
f 1517 1716 1516
f 1516 1716 1523
f 1715 1707 1706
f 1717 1707 1715
f 1708 1718 1517
f 1517 1718 1716
f 1708 1719 1718
f 1709 1719 1708
f 1518 1524 1720
f 1722 1518 1720
f 1720 1524 1721
f 1721 1722 1720
f 1712 1518 1722
f 1723 1722 1721
f 1519 1724 1525
f 1713 1724 1519
f 1725 1521 1520
f 1530 1725 1520
f 1714 1521 1725
f 1726 1725 1530
f 1726 1714 1725
f 1727 1714 1726
f 1727 1715 1714
f 1728 1715 1727
f 1716 1729 1523
f 1523 1729 1534
f 1718 1730 1716
f 1716 1730 1729
f 1718 1732 1730
f 1719 1732 1718
f 1730 1732 1729
f 1729 1732 1731
f 1524 1535 1721
f 1721 1535 1549
f 1549 1723 1721
f 1733 1723 1549
f 1525 1736 1536
f 1724 1736 1525
f 1536 1736 1535
f 1535 1736 1735
f 1735 1724 1734
f 1736 1724 1735
f 1737 1528 1541
f 1542 1737 1541
f 1738 1528 1737
f 1739 1737 1542
f 1739 1738 1737
f 1740 1738 1739
f 1738 1529 1528
f 1741 1529 1738
f 1740 1741 1738
f 1742 1741 1740
f 1741 1530 1529
f 1726 1530 1741
f 1742 1726 1741
f 1743 1726 1742
f 1743 1727 1726
f 1744 1727 1743
f 1534 1745 1533
f 1533 1745 1548
f 1729 1746 1534
f 1534 1746 1745
f 1729 1747 1746
f 1731 1747 1729
f 1749 1564 1748
f 1750 1749 1748
f 1748 1564 1563
f 1563 1750 1748
f 1751 1749 1750
f 1752 1750 1563
f 1753 1567 1749
f 1751 1753 1749
f 1749 1567 1564
f 1753 1755 1567
f 1754 1753 1751
f 1754 1755 1753
f 1549 1550 1756
f 1757 1549 1756
f 1756 1550 1570
f 1570 1757 1756
f 1733 1549 1757
f 1758 1757 1570
f 1535 1759 1551
f 1735 1759 1535
f 1760 1540 1539
f 1555 1760 1539
f 1761 1540 1760
f 1762 1760 1555
f 1762 1761 1760
f 1763 1761 1762
f 1761 1542 1540
f 1739 1542 1761
f 1558 1764 1556
f 1556 1764 1763
f 1560 1765 1558
f 1558 1765 1764
f 1544 1766 1543
f 1543 1766 1560
f 1766 1767 1560
f 1560 1767 1765
f 1546 1768 1544
f 1544 1768 1766
f 1768 1769 1766
f 1766 1769 1767
f 1548 1770 1546
f 1546 1770 1768
f 1770 1771 1768
f 1768 1771 1769
f 1745 1772 1548
f 1548 1772 1770
f 1772 1773 1770
f 1770 1773 1771
f 1746 1576 1745
f 1745 1576 1772
f 1774 1577 1746
f 1747 1774 1746
f 1746 1577 1576
f 1775 1774 1747
f 1776 1580 1774
f 1775 1776 1774
f 1774 1580 1577
f 1777 1776 1775
f 1778 1581 1776
f 1777 1778 1776
f 1776 1581 1580
f 1779 1778 1777
f 1780 1779 1777
f 1781 1779 1780
f 1782 1582 1778
f 1779 1782 1778
f 1778 1582 1581
f 1783 1782 1779
f 1563 1565 1782
f 1783 1563 1782
f 1782 1565 1582
f 1752 1563 1783
f 1586 1785 1565
f 1565 1785 1784
f 1567 1786 1568
f 1755 1786 1567
f 1570 1571 1787
f 1788 1570 1787
f 1787 1571 1592
f 1592 1788 1787
f 1758 1570 1788
f 1789 1788 1592
f 1551 1792 1573
f 1759 1792 1551
f 1573 1792 1572
f 1572 1792 1791
f 1791 1759 1790
f 1792 1759 1791
f 1556 1794 1555
f 1555 1794 1793
f 1793 1762 1555
f 1556 1796 1794
f 1763 1796 1556
f 1794 1796 1793
f 1795 1762 1793
f 1793 1796 1795
f 1576 1578 1772
f 1772 1578 1596
f 1596 1773 1772
f 1797 1773 1596
f 1598 1801 1578
f 1578 1801 1800
f 1800 1799 1798
f 1801 1799 1800
f 1601 1802 1598
f 1598 1802 1801
f 1801 1780 1799
f 1802 1780 1801
f 1583 1803 1601
f 1601 1803 1802
f 1802 1781 1780
f 1803 1781 1802
f 1584 1805 1583
f 1583 1805 1803
f 1803 1804 1781
f 1805 1804 1803
f 1565 1806 1585
f 1784 1806 1565
f 1585 1806 1584
f 1584 1806 1805
f 1805 1784 1804
f 1806 1784 1805
f 1587 1785 1586
f 1604 1808 1587
f 1807 1785 1587
f 1587 1808 1807
f 1807 1786 1785
f 1808 1786 1807
f 1786 1589 1568
f 1809 1589 1786
f 1810 1608 1589
f 1809 1810 1589
f 1589 1608 1590
f 1810 1812 1608
f 1811 1810 1809
f 1811 1812 1810
f 1592 1593 1813
f 1814 1592 1813
f 1813 1593 1612
f 1612 1814 1813
f 1789 1592 1814
f 1815 1814 1612
f 1572 1818 1595
f 1791 1818 1572
f 1595 1818 1594
f 1594 1818 1817
f 1817 1791 1816
f 1818 1791 1817
f 1596 1597 1819
f 1821 1596 1819
f 1819 1597 1820
f 1820 1821 1819
f 1797 1596 1821
f 1822 1821 1820
f 1578 1824 1599
f 1800 1824 1578
f 1823 1800 1797
f 1824 1800 1823
f 1606 1808 1604
f 1607 1827 1606
f 1826 1808 1606
f 1606 1827 1826
f 1826 1825 1808
f 1827 1825 1826
f 1609 1828 1607
f 1607 1828 1827
f 1827 1812 1825
f 1828 1812 1827
f 1812 1610 1608
f 1829 1610 1812
f 1611 1830 1609
f 1609 1830 1828
f 1829 1612 1610
f 1815 1612 1829
f 1613 1831 1611
f 1611 1831 1830
f 1614 1833 1613
f 1613 1833 1831
f 1831 1832 1815
f 1833 1832 1831
f 1594 1834 1615
f 1817 1834 1594
f 1615 1834 1614
f 1614 1834 1833
f 1833 1817 1832
f 1834 1817 1833
f 1597 1616 1820
f 1820 1616 1835
f 1835 1822 1820
f 1836 1822 1835
f 1599 1838 1617
f 1824 1838 1599
f 1837 1824 1823
f 1838 1824 1837
f 1616 1618 1835
f 1835 1618 1622
f 1622 1836 1835
f 1839 1836 1622
f 1617 1841 1619
f 1838 1841 1617
f 1619 1841 1618
f 1618 1841 1840
f 1840 1838 1837
f 1841 1838 1840
f 1623 1839 1622
f 1618 1843 1624
f 1840 1843 1618
f 1624 1843 1623
f 1842 1839 1623
f 1623 1843 1842
f 1842 1840 1839
f 1843 1840 1842
f 1844 1652 1649
f 1651 1844 1649
f 1845 1652 1844
f 1846 1844 1651
f 1846 1845 1844
f 1847 1845 1846
f 1845 1632 1652
f 1848 1632 1845
f 1847 1848 1845
f 1849 1848 1847
f 1848 1633 1632
f 1850 1633 1848
f 1849 1850 1848
f 1851 1850 1849
f 1850 1635 1633
f 1852 1635 1850
f 1851 1852 1850
f 1853 1852 1851
f 1852 1637 1635
f 1854 1637 1852
f 1854 1639 1637
f 1855 1639 1854
f 1659 1857 1658
f 1658 1857 1856
f 1855 1641 1639
f 1858 1641 1855
f 1857 1858 1855
f 1859 1858 1857
f 1858 1643 1641
f 1860 1643 1858
f 1859 1860 1858
f 1861 1860 1859
f 1860 1645 1643
f 1862 1645 1860
f 1861 1862 1860
f 1863 1862 1861
f 1862 1647 1645
f 1864 1647 1862
f 1863 1864 1862
f 1865 1864 1863
f 1864 1667 1647
f 1667 1867 1668
f 1866 1667 1864
f 1866 1867 1667
f 1865 1866 1864
f 1867 1866 1865
f 1868 1651 1650
f 1673 1868 1650
f 1846 1651 1868
f 1869 1868 1673
f 1869 1846 1868
f 1870 1846 1869
f 1870 1847 1846
f 1871 1847 1870
f 1654 1872 1653
f 1653 1872 1677
f 1655 1873 1654
f 1654 1873 1872
f 1873 1875 1872
f 1872 1875 1874
f 1657 1876 1655
f 1655 1876 1873
f 1876 1877 1873
f 1873 1877 1875
f 1658 1878 1657
f 1657 1878 1876
f 1658 1879 1878
f 1856 1879 1658
f 1878 1879 1876
f 1876 1879 1877
f 1661 1881 1659
f 1659 1881 1880
f 1880 1857 1659
f 1881 1883 1880
f 1882 1857 1880
f 1880 1883 1882
f 1663 1884 1661
f 1661 1884 1881
f 1884 1885 1881
f 1881 1885 1883
f 1665 1886 1663
f 1663 1886 1884
f 1666 1887 1665
f 1665 1887 1886
f 1888 1865 1863
f 1889 1865 1888
f 1668 1678 1666
f 1666 1678 1887
f 1889 1867 1865
f 1890 1867 1889
f 1867 1670 1668
f 1670 1892 1680
f 1891 1670 1867
f 1891 1892 1670
f 1890 1891 1867
f 1892 1891 1890
f 1893 1673 1672
f 1682 1893 1672
f 1869 1673 1893
f 1894 1893 1682
f 1894 1869 1893
f 1895 1869 1894
f 1895 1870 1869
f 1896 1870 1895
f 1677 1897 1676
f 1676 1897 1685
f 1872 1898 1677
f 1677 1898 1897
f 1872 1900 1898
f 1874 1900 1872
f 1898 1900 1897
f 1897 1900 1899
f 1886 1902 1884
f 1884 1902 1901
f 1901 1885 1884
f 1902 1904 1901
f 1903 1885 1901
f 1901 1904 1903
f 1887 1905 1886
f 1886 1905 1902
f 1905 1906 1902
f 1902 1906 1904
f 1678 1687 1887
f 1887 1687 1905
f 1687 1907 1905
f 1905 1907 1906
f 1680 1908 1688
f 1892 1908 1680
f 1907 1892 1890
f 1908 1892 1907
f 1692 1894 1682
f 1909 1894 1692
f 1909 1895 1894
f 1910 1895 1909
f 1685 1911 1684
f 1684 1911 1693
f 1910 1896 1895
f 1912 1896 1910
f 1897 1913 1685
f 1685 1913 1911
f 1897 1914 1913
f 1899 1914 1897
f 1688 1694 1687
f 1687 1694 1915
f 1915 1907 1687
f 1916 1907 1915
f 1908 1689 1688
f 1689 1919 1695
f 1917 1689 1908
f 1917 1919 1689
f 1918 1917 1908
f 1919 1917 1918
f 1699 1909 1692
f 1920 1909 1699
f 1920 1910 1909
f 1921 1910 1920
f 1911 1922 1693
f 1693 1922 1701
f 1921 1912 1910
f 1923 1912 1921
f 1913 1924 1911
f 1911 1924 1922
f 1913 1925 1924
f 1914 1925 1913
f 1694 1702 1915
f 1915 1702 1926
f 1926 1916 1915
f 1927 1916 1926
f 1695 1929 1703
f 1919 1929 1695
f 1928 1919 1918
f 1929 1919 1928
f 1709 1920 1699
f 1930 1920 1709
f 1930 1921 1920
f 1931 1921 1930
f 1922 1932 1701
f 1701 1932 1711
f 1931 1923 1921
f 1933 1923 1931
f 1924 1934 1922
f 1922 1934 1932
f 1933 1925 1923
f 1935 1925 1933
f 1936 1937 1924
f 1925 1936 1924
f 1924 1937 1934
f 1936 1939 1937
f 1938 1936 1925
f 1938 1939 1936
f 1702 1712 1926
f 1926 1712 1722
f 1722 1927 1926
f 1940 1927 1722
f 1703 1942 1713
f 1929 1942 1703
f 1941 1929 1928
f 1942 1929 1941
f 1943 1709 1707
f 1717 1943 1707
f 1930 1709 1943
f 1944 1943 1717
f 1944 1930 1943
f 1945 1930 1944
f 1711 1946 1709
f 1709 1946 1719
f 1945 1931 1930
f 1947 1931 1945
f 1932 1948 1711
f 1711 1948 1946
f 1947 1933 1931
f 1949 1933 1947
f 1934 1950 1932
f 1932 1950 1948
f 1949 1935 1933
f 1951 1935 1949
f 1937 1952 1934
f 1934 1952 1950
f 1951 1939 1935
f 1953 1939 1951
f 1954 1955 1937
f 1939 1954 1937
f 1937 1955 1952
f 1954 1957 1955
f 1956 1954 1939
f 1956 1957 1954
f 1723 1940 1722
f 1958 1940 1723
f 1713 1960 1724
f 1942 1960 1713
f 1724 1960 1734
f 1734 1960 1959
f 1959 1942 1941
f 1960 1942 1959
f 1961 1717 1715
f 1728 1961 1715
f 1944 1717 1961
f 1962 1961 1728
f 1962 1944 1961
f 1963 1944 1962
f 1963 1945 1944
f 1964 1945 1963
f 1946 1965 1719
f 1719 1965 1732
f 1964 1947 1945
f 1966 1947 1964
f 1948 1967 1946
f 1946 1967 1965
f 1966 1949 1947
f 1968 1949 1966
f 1950 1969 1948
f 1948 1969 1967
f 1968 1951 1949
f 1970 1951 1968
f 1952 1750 1950
f 1950 1750 1969
f 1970 1953 1951
f 1971 1953 1970
f 1955 1751 1952
f 1952 1751 1750
f 1972 1754 1955
f 1957 1972 1955
f 1955 1754 1751
f 1972 1974 1754
f 1973 1972 1957
f 1973 1974 1972
f 1723 1733 1975
f 1976 1723 1975
f 1975 1733 1757
f 1757 1976 1975
f 1958 1723 1976
f 1977 1976 1757
f 1734 1979 1735
f 1959 1979 1734
f 1978 1959 1958
f 1979 1959 1978
f 1980 1728 1727
f 1744 1980 1727
f 1962 1728 1980
f 1981 1980 1744
f 1981 1962 1980
f 1982 1962 1981
f 1982 1963 1962
f 1983 1963 1982
f 1732 1775 1731
f 1731 1775 1747
f 1983 1964 1963
f 1984 1964 1983
f 1965 1777 1732
f 1732 1777 1775
f 1984 1966 1964
f 1985 1966 1984
f 1967 1779 1965
f 1965 1779 1777
f 1779 1986 1777
f 1777 1986 1985
f 1985 1968 1966
f 1986 1968 1985
f 1969 1783 1967
f 1967 1783 1779
f 1986 1970 1968
f 1987 1970 1986
f 1750 1752 1969
f 1969 1752 1783
f 1987 1971 1970
f 1988 1971 1987
f 1988 1989 1971
f 1990 1989 1988
f 1991 1992 1754
f 1974 1991 1754
f 1754 1992 1755
f 1991 1994 1992
f 1993 1991 1974
f 1993 1994 1991
f 1757 1758 1995
f 1996 1757 1995
f 1995 1758 1788
f 1788 1996 1995
f 1977 1757 1996
f 1997 1996 1788
f 1735 1999 1759
f 1979 1999 1735
f 1759 1999 1790
f 1790 1999 1998
f 1998 1979 1978
f 1999 1979 1998
f 2000 1739 1761
f 1763 2000 1761
f 2001 1739 2000
f 2002 2000 1763
f 2002 2001 2000
f 2003 2001 2002
f 2001 1740 1739
f 2004 1740 2001
f 2003 2004 2001
f 2005 2004 2003
f 2004 1742 1740
f 2006 1742 2004
f 2005 2006 2004
f 2007 2006 2005
f 2006 1743 1742
f 2008 1743 2006
f 2007 2008 2006
f 2009 2008 2007
f 2008 1744 1743
f 1981 1744 2008
f 2009 1981 2008
f 2010 1981 2009
f 2010 1982 1981
f 2011 1982 2010
f 2011 1983 1982
f 2012 1983 2011
f 1799 2013 1798
f 1798 2013 2012
f 2012 1984 1983
f 2013 1984 2012
f 1777 2014 1780
f 1985 2014 1777
f 1780 2014 1799
f 1799 2014 2013
f 2013 1985 1984
f 2014 1985 2013
f 1781 1986 1779
f 1804 2016 1781
f 2015 1986 1781
f 1781 2016 2015
f 2015 1987 1986
f 2016 1987 2015
f 1784 2017 1804
f 1804 2017 2016
f 2016 1988 1987
f 2017 1988 2016
f 1785 2018 1784
f 1784 2018 2017
f 2017 1990 1988
f 2018 1990 2017
f 1786 2020 1785
f 1785 2020 2018
f 2018 2019 1990
f 2020 2019 2018
f 1992 1809 1755
f 1755 1809 1786
f 2021 1811 1992
f 1994 2021 1992
f 1992 1811 1809
f 2021 2023 1811
f 2022 2021 1994
f 2022 2023 2021
f 1788 1789 2024
f 2025 1788 2024
f 2024 1789 1814
f 1814 2025 2024
f 1997 1788 2025
f 2026 2025 1814
f 1790 2029 1791
f 1998 2029 1790
f 1791 2029 1816
f 1816 2029 2028
f 2028 1998 2027
f 2029 1998 2028
f 2030 1763 1762
f 1795 2030 1762
f 2002 1763 2030
f 1796 2032 1795
f 2031 2030 1795
f 1795 2032 2031
f 2031 2002 2030
f 2032 2002 2031
f 1764 2033 1763
f 1763 2033 1796
f 2033 2034 1796
f 1796 2034 2032
f 2032 2003 2002
f 2034 2003 2032
f 1765 2035 1764
f 1764 2035 2033
f 2035 2036 2033
f 2033 2036 2034
f 2034 2005 2003
f 2036 2005 2034
f 1767 2037 1765
f 1765 2037 2035
f 2037 2038 2035
f 2035 2038 2036
f 1769 2039 1767
f 1767 2039 2037
f 2039 2040 2037
f 2037 2040 2038
f 1771 1821 1769
f 1769 1821 2039
f 2040 2010 2009
f 2041 2010 2040
f 1773 1797 1771
f 1771 1797 1821
f 2041 2011 2010
f 2042 2011 2041
f 1798 2043 1800
f 2012 2043 1798
f 1800 2043 1797
f 1797 2043 2042
f 2042 2012 2011
f 2043 2012 2042
f 1808 2020 1786
f 1825 2046 1808
f 2045 2020 1808
f 1808 2046 2045
f 2045 2044 2020
f 2046 2044 2045
f 1812 2047 1825
f 1825 2047 2046
f 2046 2023 2044
f 2047 2023 2046
f 2048 1829 1811
f 2023 2048 1811
f 1811 1829 1812
f 2049 2048 2023
f 1814 1815 2048
f 2049 1814 2048
f 2048 1815 1829
f 2026 1814 2049
f 1832 2051 1815
f 1815 2051 2050
f 1816 2053 1817
f 2028 2053 1816
f 1817 2053 1832
f 1832 2053 2051
f 2051 2028 2052
f 2053 2028 2051
f 1821 1822 2039
f 2039 1822 2054
f 2054 2040 2039
f 2055 2040 2054
f 1797 2057 1823
f 2042 2057 1797
f 2056 2042 2041
f 2057 2042 2056
f 1828 2047 1812
f 1830 2060 1828
f 2059 2047 1828
f 1828 2060 2059
f 2059 2058 2047
f 2060 2058 2059
f 1815 2061 1831
f 2050 2061 1815
f 1831 2061 1830
f 1830 2061 2060
f 2060 2050 2058
f 2061 2050 2060
f 1822 1836 2054
f 2054 1836 2062
f 2062 2055 2054
f 1836 2064 2062
f 2063 2055 2062
f 2062 2064 2063
f 2063 2056 2055
f 2064 2056 2063
f 1823 2065 1837
f 2057 2065 1823
f 2064 2057 2056
f 2065 2057 2064
f 1839 2064 1836
f 1837 2067 1840
f 2065 2067 1837
f 1840 2067 1839
f 2066 2064 1839
f 1839 2067 2066
f 2066 2065 2064
f 2067 2065 2066
f 2068 1854 1852
f 1853 2068 1852
f 2069 1854 2068
f 2070 2068 1853
f 2070 2069 2068
f 2071 2069 2070
f 2069 1855 1854
f 1855 2073 1857
f 2072 1855 2069
f 2072 2073 1855
f 2071 2072 2069
f 2073 2072 2071
f 2074 1849 1847
f 1871 2074 1847
f 2075 1849 2074
f 2076 2074 1871
f 2076 2075 2074
f 2077 2075 2076
f 2075 1851 1849
f 2078 1851 2075
f 2077 2078 2075
f 2079 2078 2077
f 2078 1853 1851
f 2070 1853 2078
f 2079 2070 2078
f 2080 2070 2079
f 2080 2071 2070
f 2081 2071 2080
f 1857 1882 1856
f 1856 1882 1879
f 2081 2073 2071
f 2082 2073 2081
f 2073 1859 1857
f 2083 1859 2073
f 2082 2083 2073
f 2084 2083 2082
f 2083 1861 1859
f 2085 1861 2083
f 2084 2085 2083
f 2086 2085 2084
f 2085 1863 1861
f 1863 2088 1888
f 2087 1863 2085
f 2087 2088 1863
f 2086 2087 2085
f 2088 2087 2086
f 2089 1871 1870
f 1896 2089 1870
f 2076 1871 2089
f 2090 2089 1896
f 2090 2076 2089
f 2091 2076 2090
f 2091 2077 2076
f 2092 2077 2091
f 1875 2093 1874
f 1874 2093 1900
f 2092 2079 2077
f 2094 2079 2092
f 1877 2095 1875
f 1875 2095 2093
f 2094 2080 2079
f 2096 2080 2094
f 1879 2097 1877
f 1877 2097 2095
f 2096 2081 2080
f 2098 2081 2096
f 1882 2099 1879
f 1879 2099 2097
f 1883 2100 1882
f 1882 2100 2099
f 2100 2102 2099
f 2099 2102 2101
f 1885 1903 1883
f 1883 1903 2100
f 2102 2086 2084
f 2103 2086 2102
f 2103 2088 2086
f 2104 2088 2103
f 2088 1889 1888
f 2105 1889 2088
f 2104 2105 2088
f 2106 2105 2104
f 2105 1890 1889
f 1890 2108 1907
f 2107 1890 2105
f 2107 2108 1890
f 2106 2107 2105
f 2108 2107 2106
f 1912 2090 1896
f 2109 2090 1912
f 2109 2091 2090
f 2110 2091 2109
f 1900 2111 1899
f 1899 2111 1914
f 2110 2092 2091
f 2112 2092 2110
f 2093 2113 1900
f 1900 2113 2111
f 2095 2114 2093
f 2093 2114 2113
f 2115 2096 2094
f 2116 2096 2115
f 2097 2117 2095
f 2095 2117 2114
f 2099 2118 2097
f 2097 2118 2117
f 2099 2119 2118
f 2101 2119 2099
f 1903 2121 2100
f 2100 2121 2120
f 2120 2102 2100
f 2121 2123 2120
f 2122 2102 2120
f 2120 2123 2122
f 1904 2124 1903
f 1903 2124 2121
f 2124 2125 2121
f 2121 2125 2123
f 1906 2126 1904
f 1904 2126 2124
f 2126 2127 2124
f 2124 2127 2125
f 1907 1916 1906
f 1906 1916 2126
f 2127 2108 2106
f 2128 2108 2127
f 2108 1908 1907
f 1908 2130 1918
f 2129 1908 2108
f 2129 2130 1908
f 2128 2129 2108
f 2130 2129 2128
f 1923 2109 1912
f 1925 2132 1923
f 2131 2109 1923
f 1923 2132 2131
f 2131 2110 2109
f 2132 2110 2131
f 2111 1938 1914
f 1914 1938 1925
f 2132 2112 2110
f 2133 2112 2132
f 2113 2134 2111
f 2111 2134 1938
f 2114 2135 2113
f 2113 2135 2134
f 2117 2136 2114
f 2114 2136 2135
f 2118 2137 2117
f 2117 2137 2136
f 2118 2138 2137
f 2119 2138 2118
f 1916 1927 2126
f 2126 1927 2139
f 2139 2127 2126
f 2140 2127 2139
f 1918 2142 1928
f 2130 2142 1918
f 2141 2130 2128
f 2142 2130 2141
f 1935 2132 1925
f 1939 2144 1935
f 2143 2132 1935
f 1935 2144 2143
f 2143 2133 2132
f 2144 2133 2143
f 2134 1956 1938
f 1938 1956 1939
f 2135 2145 2134
f 2134 2145 1956
f 2136 2146 2135
f 2135 2146 2145
f 2137 2147 2136
f 2136 2147 2146
f 2137 2148 2147
f 2138 2148 2137
f 2139 2151 2149
f 2152 2139 2149
f 2149 2151 2150
f 2150 2152 2149
f 2140 2139 2152
f 2153 2152 2150
f 1927 1940 2139
f 2139 1940 2151
f 2154 2141 2140
f 2155 2141 2154
f 1928 2156 1941
f 2142 2156 1928
f 2155 2142 2141
f 2156 2142 2155
f 1953 2144 1939
f 2158 2144 1953
f 2158 2157 2144
f 2159 2157 2158
f 2145 1973 1956
f 1956 1973 1957
f 2146 2160 2145
f 2145 2160 1973
f 2147 2161 2146
f 2146 2161 2160
f 2147 2162 2161
f 2148 2162 2147
f 2150 2165 2163
f 2166 2150 2163
f 2163 2165 2164
f 2164 2166 2163
f 2153 2150 2166
f 2167 2166 2164
f 2151 1976 2150
f 2150 1976 2165
f 1940 1958 2151
f 2151 1958 1976
f 2168 2155 2154
f 2169 2155 2168
f 1941 2170 1959
f 2156 2170 1941
f 1959 2170 1958
f 1958 2170 2169
f 2169 2156 2155
f 2170 2156 2169
f 1971 2158 1953
f 1989 2172 1971
f 2171 2158 1971
f 1971 2172 2171
f 2171 2159 2158
f 2172 2159 2171
f 2172 2173 2159
f 2174 2173 2172
f 2160 1993 1973
f 1973 1993 1974
f 2174 2175 2173
f 2176 2175 2174
f 2161 2177 2160
f 2160 2177 1993
f 2178 2179 2161
f 2162 2178 2161
f 2161 2179 2177
f 2180 2178 2162
f 2164 2181 2178
f 2180 2164 2178
f 2178 2181 2179
f 2167 2164 2180
f 2165 1996 2164
f 2164 1996 2181
f 1976 1977 2165
f 2165 1977 1996
f 2183 2168 2182
f 2184 2168 2183
f 1958 2185 1978
f 2169 2185 1958
f 2184 2169 2168
f 2185 2169 2184
f 1990 2172 1989
f 2019 2187 1990
f 2186 2172 1990
f 1990 2187 2186
f 2186 2174 2172
f 2187 2174 2186
f 2187 2176 2174
f 2188 2176 2187
f 2177 2022 1993
f 1993 2022 1994
f 2188 2189 2176
f 2190 2189 2188
f 2179 2191 2177
f 2177 2191 2022
f 2190 2192 2189
f 2193 2192 2190
f 2181 2025 2179
f 2179 2025 2191
f 2193 2194 2192
f 2195 2194 2193
f 1996 1997 2181
f 2181 1997 2025
f 2195 2183 2194
f 2196 2183 2195
f 2196 2184 2183
f 2197 2184 2196
f 1978 2198 1998
f 2185 2198 1978
f 1998 2198 2027
f 2027 2198 2197
f 2197 2185 2184
f 2198 2185 2197
f 2020 2187 2019
f 2044 2200 2020
f 2199 2187 2020
f 2020 2200 2199
f 2199 2188 2187
f 2200 2188 2199
f 2023 2201 2044
f 2044 2201 2200
f 2200 2190 2188
f 2201 2190 2200
f 2191 2049 2022
f 2022 2049 2023
f 2201 2193 2190
f 2202 2193 2201
f 2025 2026 2191
f 2191 2026 2049
f 2202 2195 2193
f 2203 2195 2202
f 2203 2196 2195
f 2204 2196 2203
f 2027 2205 2028
f 2197 2205 2027
f 2028 2205 2052
f 2052 2205 2204
f 2204 2197 2196
f 2205 2197 2204
f 2206 2007 2005
f 2036 2206 2005
f 2207 2007 2206
f 2038 2209 2036
f 2208 2206 2036
f 2036 2209 2208
f 2208 2207 2206
f 2209 2207 2208
f 2207 2009 2007
f 2009 2211 2040
f 2210 2009 2207
f 2210 2211 2009
f 2209 2210 2207
f 2211 2210 2209
f 2047 2201 2023
f 2058 2213 2047
f 2212 2201 2047
f 2047 2213 2212
f 2212 2202 2201
f 2213 2202 2212
f 2050 2214 2058
f 2058 2214 2213
f 2213 2203 2202
f 2214 2203 2213
f 2052 2215 2051
f 2204 2215 2052
f 2051 2215 2050
f 2050 2215 2214
f 2214 2204 2203
f 2215 2204 2214
f 2040 2055 2038
f 2038 2055 2216
f 2216 2209 2038
f 2055 2218 2216
f 2217 2209 2216
f 2216 2218 2217
f 2217 2211 2209
f 2218 2211 2217
f 2211 2041 2040
f 2041 2220 2056
f 2219 2041 2211
f 2219 2220 2041
f 2056 2220 2055
f 2055 2220 2218
f 2218 2219 2211
f 2220 2219 2218
f 2221 2082 2081
f 2098 2221 2081
f 2222 2082 2221
f 2223 2221 2098
f 2223 2222 2221
f 2224 2222 2223
f 2222 2084 2082
f 2084 2226 2102
f 2225 2084 2222
f 2225 2226 2084
f 2224 2225 2222
f 2226 2225 2224
f 2227 2094 2092
f 2112 2227 2092
f 2094 2230 2115
f 2228 2094 2227
f 2228 2230 2094
f 2229 2227 2112
f 2229 2228 2227
f 2230 2228 2229
f 2231 2098 2096
f 2116 2231 2096
f 2223 2098 2231
f 2232 2231 2116
f 2232 2223 2231
f 2233 2223 2232
f 2233 2224 2223
f 2234 2224 2233
f 2102 2122 2101
f 2101 2122 2119
f 2234 2226 2224
f 2235 2226 2234
f 2226 2103 2102
f 2236 2103 2226
f 2235 2236 2226
f 2237 2236 2235
f 2236 2104 2103
f 2238 2104 2236
f 2237 2238 2236
f 2239 2238 2237
f 2238 2106 2104
f 2106 2241 2127
f 2240 2106 2238
f 2240 2241 2106
f 2239 2240 2238
f 2241 2240 2239
f 2133 2229 2112
f 2242 2229 2133
f 2242 2230 2229
f 2243 2230 2242
f 2230 2116 2115
f 2232 2116 2230
f 2243 2232 2230
f 2244 2232 2243
f 2244 2233 2232
f 2245 2233 2244
f 2122 2246 2119
f 2119 2246 2138
f 2247 2235 2234
f 2248 2235 2247
f 2123 2249 2122
f 2122 2249 2246
f 2248 2237 2235
f 2250 2237 2248
f 2125 2152 2123
f 2123 2152 2249
f 2250 2239 2237
f 2251 2239 2250
f 2127 2140 2125
f 2125 2140 2152
f 2251 2241 2239
f 2252 2241 2251
f 2241 2128 2127
f 2128 2254 2141
f 2253 2128 2241
f 2253 2254 2128
f 2141 2254 2140
f 2140 2254 2252
f 2252 2253 2241
f 2254 2253 2252
f 2144 2242 2133
f 2157 2256 2144
f 2255 2242 2144
f 2144 2256 2255
f 2255 2243 2242
f 2256 2243 2255
f 2256 2244 2243
f 2257 2244 2256
f 2246 2258 2138
f 2138 2258 2148
f 2259 2248 2247
f 2260 2248 2259
f 2249 2166 2246
f 2246 2166 2258
f 2260 2250 2248
f 2261 2250 2260
f 2152 2153 2249
f 2249 2153 2166
f 2261 2251 2250
f 2262 2251 2261
f 2140 2263 2154
f 2252 2263 2140
f 2262 2252 2251
f 2263 2252 2262
f 2159 2256 2157
f 2173 2265 2159
f 2264 2256 2159
f 2159 2265 2264
f 2264 2257 2256
f 2265 2257 2264
f 2175 2267 2173
f 2173 2267 2265
f 2265 2266 2257
f 2267 2266 2265
f 2267 2259 2266
f 2268 2259 2267
f 2258 2180 2148
f 2148 2180 2162
f 2268 2260 2259
f 2269 2260 2268
f 2166 2167 2258
f 2258 2167 2180
f 2269 2261 2260
f 2270 2261 2269
f 2270 2262 2261
f 2271 2262 2270
f 2154 2272 2168
f 2263 2272 2154
f 2168 2272 2182
f 2182 2272 2271
f 2271 2263 2262
f 2272 2263 2271
f 2176 2267 2175
f 2189 2274 2176
f 2273 2267 2176
f 2176 2274 2273
f 2273 2268 2267
f 2274 2268 2273
f 2192 2275 2189
f 2189 2275 2274
f 2274 2269 2268
f 2275 2269 2274
f 2194 2276 2192
f 2192 2276 2275
f 2275 2270 2269
f 2276 2270 2275
f 2182 2277 2183
f 2271 2277 2182
f 2183 2277 2194
f 2194 2277 2276
f 2276 2271 2270
f 2277 2271 2276
f 2278 2234 2233
f 2245 2278 2233
f 2234 2281 2247
f 2279 2234 2278
f 2279 2281 2234
f 2280 2278 2245
f 2280 2279 2278
f 2281 2279 2280
f 2282 2245 2244
f 2257 2282 2244
f 2280 2245 2282
f 2266 2284 2257
f 2283 2282 2257
f 2257 2284 2283
f 2283 2280 2282
f 2284 2280 2283
f 2247 2285 2259
f 2281 2285 2247
f 2259 2285 2266
f 2266 2285 2284
f 2284 2281 2280
f 2285 2281 2284

